datetime,wdLoad,temp,rh,year,month
2025-10-01 00:00:00+05:30,361.0,24.3,99.9,2025,10
2025-10-01 00:15:00+05:30,356.0,24.25,99.9,2025,10
2025-10-01 00:30:00+05:30,347.0,24.25,99.9,2025,10
2025-10-01 00:45:00+05:30,344.0,24.25,99.9,2025,10
2025-10-01 01:00:00+05:30,337.0,24.35,99.9,2025,10
2025-10-01 01:15:00+05:30,334.0,24.35,99.9,2025,10
2025-10-01 01:30:00+05:30,327.0,24.35,99.9,2025,10
2025-10-01 01:45:00+05:30,324.0,24.3,99.9,2025,10
2025-10-01 02:00:00+05:30,317.0,24.3,99.9,2025,10
2025-10-01 02:15:00+05:30,313.0,24.3,99.9,2025,10
2025-10-01 02:30:00+05:30,314.0,24.3,99.9,2025,10
2025-10-01 02:45:00+05:30,312.0,24.3,99.9,2025,10
2025-10-01 03:00:00+05:30,313.0,24.4,99.6,2025,10
2025-10-01 03:15:00+05:30,311.0,24.4,99.5,2025,10
2025-10-01 03:30:00+05:30,307.0,24.4,99.5,2025,10
2025-10-01 03:45:00+05:30,305.0,24.4,99.5,2025,10
2025-10-01 04:00:00+05:30,303.0,24.35,99.5,2025,10
2025-10-01 04:15:00+05:30,303.0,24.3,99.5,2025,10
2025-10-01 04:30:00+05:30,305.0,24.4,99.5,2025,10
2025-10-01 04:45:00+05:30,302.0,24.4,99.5,2025,10
2025-10-01 05:00:00+05:30,304.0,24.4,99.5,2025,10
2025-10-01 05:15:00+05:30,309.0,24.35,99.5,2025,10
2025-10-01 05:30:00+05:30,315.0,24.35,99.5,2025,10
2025-10-01 05:45:00+05:30,324.0,24.35,99.9,2025,10
2025-10-01 06:00:00+05:30,335.0,24.35,99.9,2025,10
2025-10-01 06:15:00+05:30,345.0,24.4,99.9,2025,10
2025-10-01 06:30:00+05:30,354.0,24.4,99.9,2025,10
2025-10-01 06:45:00+05:30,367.0,24.5,99.9,2025,10
2025-10-01 07:00:00+05:30,383.0,24.75,99.9,2025,10
2025-10-01 07:15:00+05:30,399.0,24.95,99.9,2025,10
2025-10-01 07:30:00+05:30,416.0,25.0,99.7,2025,10
2025-10-01 07:45:00+05:30,431.0,25.3,98.7,2025,10
2025-10-01 08:00:00+05:30,451.0,25.85,97.4,2025,10
2025-10-01 08:15:00+05:30,472.0,25.950000000000003,95.7,2025,10
2025-10-01 08:30:00+05:30,489.0,26.9,92.1,2025,10
2025-10-01 08:45:00+05:30,503.0,27.450000000000003,84.7,2025,10
2025-10-01 09:00:00+05:30,515.0,27.0,86.6,2025,10
2025-10-01 09:15:00+05:30,529.0,27.45,84.7,2025,10
2025-10-01 09:30:00+05:30,538.0,27.35,84.0,2025,10
2025-10-01 09:45:00+05:30,551.0,27.6,82.4,2025,10
2025-10-01 10:00:00+05:30,554.0,28.25,80.3,2025,10
2025-10-01 10:15:00+05:30,560.0,27.85,83.3,2025,10
2025-10-01 10:30:00+05:30,561.0,27.9,86.3,2025,10
2025-10-01 10:45:00+05:30,564.0,28.15,82.1,2025,10
2025-10-01 11:00:00+05:30,564.0,28.8,79.1,2025,10
2025-10-01 11:15:00+05:30,561.0,28.75,80.5,2025,10
2025-10-01 11:30:00+05:30,558.0,29.15,79.9,2025,10
2025-10-01 11:45:00+05:30,558.0,29.3,79.9,2025,10
2025-10-01 12:00:00+05:30,559.0,29.75,79.1,2025,10
2025-10-01 12:15:00+05:30,556.0,29.9,77.6,2025,10
2025-10-01 12:30:00+05:30,552.0,29.6,78.9,2025,10
2025-10-01 12:45:00+05:30,551.0,29.7,79.1,2025,10
2025-10-01 13:00:00+05:30,550.0,29.700000000000003,78.4,2025,10
2025-10-01 13:15:00+05:30,549.0,29.75,77.2,2025,10
2025-10-01 13:30:00+05:30,550.0,29.95,76.0,2025,10
2025-10-01 13:45:00+05:30,549.0,30.0,77.7,2025,10
2025-10-01 14:00:00+05:30,554.0,28.4,94.7,2025,10
2025-10-01 14:15:00+05:30,557.0,27.9,93.1,2025,10
2025-10-01 14:30:00+05:30,550.0,27.55,87.7,2025,10
2025-10-01 14:45:00+05:30,550.0,27.6,86.5,2025,10
2025-10-01 15:00:00+05:30,550.0,27.55,86.2,2025,10
2025-10-01 15:15:00+05:30,551.0,27.3,88.2,2025,10
2025-10-01 15:30:00+05:30,549.0,27.15,88.9,2025,10
2025-10-01 15:45:00+05:30,547.0,26.9,90.0,2025,10
2025-10-01 16:00:00+05:30,543.0,26.9,88.7,2025,10
2025-10-01 16:15:00+05:30,540.0,26.8,88.8,2025,10
2025-10-01 16:30:00+05:30,535.0,26.8,89.5,2025,10
2025-10-01 16:45:00+05:30,530.0,26.950000000000003,88.9,2025,10
2025-10-01 17:00:00+05:30,530.0,26.950000000000003,88.2,2025,10
2025-10-01 17:15:00+05:30,524.0,26.85,88.7,2025,10
2025-10-01 17:30:00+05:30,521.0,26.8,90.3,2025,10
2025-10-01 17:45:00+05:30,516.0,26.65,90.9,2025,10
2025-10-01 18:00:00+05:30,518.0,26.55,92.1,2025,10
2025-10-01 18:15:00+05:30,515.0,26.5,92.2,2025,10
2025-10-01 18:30:00+05:30,511.0,26.45,92.2,2025,10
2025-10-01 18:45:00+05:30,503.0,26.45,92.1,2025,10
2025-10-01 19:00:00+05:30,496.0,25.55,97.0,2025,10
2025-10-01 19:15:00+05:30,485.0,25.0,97.0,2025,10
2025-10-01 19:30:00+05:30,472.0,24.35,99.0,2025,10
2025-10-01 19:45:00+05:30,461.0,24.200000000000003,98.8,2025,10
2025-10-01 20:00:00+05:30,451.0,24.3,98.8,2025,10
2025-10-01 20:15:00+05:30,443.0,24.25,98.8,2025,10
2025-10-01 20:30:00+05:30,436.0,24.4,98.8,2025,10
2025-10-01 20:45:00+05:30,427.0,24.5,98.8,2025,10
2025-10-01 21:00:00+05:30,422.0,24.5,98.8,2025,10
2025-10-01 21:15:00+05:30,417.0,24.55,98.8,2025,10
2025-10-01 21:30:00+05:30,411.0,24.45,98.8,2025,10
2025-10-01 21:45:00+05:30,403.0,24.4,98.8,2025,10
2025-10-01 22:00:00+05:30,395.0,24.35,98.8,2025,10
2025-10-01 22:15:00+05:30,387.0,24.4,98.8,2025,10
2025-10-01 22:30:00+05:30,382.0,24.35,98.8,2025,10
2025-10-01 22:45:00+05:30,377.0,24.45,98.8,2025,10
2025-10-01 23:00:00+05:30,373.0,24.4,98.8,2025,10
2025-10-01 23:15:00+05:30,366.0,24.45,98.8,2025,10
2025-10-01 23:30:00+05:30,361.0,24.35,98.8,2025,10
2025-10-01 23:45:00+05:30,357.0,24.3,98.8,2025,10
2025-10-02 00:00:00+05:30,351.30487319017266,24.3,99.9,2025,10
2025-10-02 00:15:00+05:30,347.299976818283,24.3,99.9,2025,10
2025-10-02 00:30:00+05:30,341.77592180108707,24.35,99.9,2025,10
2025-10-02 00:45:00+05:30,337.4579993543037,24.35,99.9,2025,10
2025-10-02 01:00:00+05:30,333.8428461434456,24.35,99.9,2025,10
2025-10-02 01:15:00+05:30,333.090247730354,24.35,99.9,2025,10
2025-10-02 01:30:00+05:30,328.4086713400756,24.45,99.9,2025,10
2025-10-02 01:45:00+05:30,324.1977798153271,24.45,99.9,2025,10
2025-10-02 02:00:00+05:30,321.05012724929645,24.450000000000003,99.9,2025,10
2025-10-02 02:15:00+05:30,318.0202016057593,24.4,99.9,2025,10
2025-10-02 02:30:00+05:30,315.9500930353292,24.4,99.9,2025,10
2025-10-02 02:45:00+05:30,313.01521508764176,24.4,99.9,2025,10
2025-10-02 03:00:00+05:30,310.46974965243885,24.4,99.9,2025,10
2025-10-02 03:15:00+05:30,305.79354655099496,24.4,99.9,2025,10
2025-10-02 03:30:00+05:30,302.38484849957763,24.3,99.9,2025,10
2025-10-02 03:45:00+05:30,298.8417618369285,24.1,99.9,2025,10
2025-10-02 04:00:00+05:30,295.0544798065597,24.0,99.9,2025,10
2025-10-02 04:15:00+05:30,293.47829728882226,23.9,99.9,2025,10
2025-10-02 04:30:00+05:30,294.3012531114939,23.85,99.9,2025,10
2025-10-02 04:45:00+05:30,294.37382471299634,23.9,99.9,2025,10
2025-10-02 05:00:00+05:30,294.48336320089703,24.0,99.9,2025,10
2025-10-02 05:15:00+05:30,297.8653099651842,24.1,99.9,2025,10
2025-10-02 05:30:00+05:30,300.07579006815644,24.1,99.9,2025,10
2025-10-02 05:45:00+05:30,302.46295730092737,24.15,99.9,2025,10
2025-10-02 06:00:00+05:30,309.9693015185356,24.15,99.9,2025,10
2025-10-02 06:15:00+05:30,310.56824285892566,24.2,99.9,2025,10
2025-10-02 06:30:00+05:30,311.87087370284974,24.3,99.9,2025,10
2025-10-02 06:45:00+05:30,316.4392580276996,24.5,99.9,2025,10
2025-10-02 07:00:00+05:30,322.7763388911853,24.65,99.9,2025,10
2025-10-02 07:15:00+05:30,327.26281147524577,24.700000000000003,99.5,2025,10
2025-10-02 07:30:00+05:30,333.3067284990896,24.95,98.3,2025,10
2025-10-02 07:45:00+05:30,339.200542949846,25.200000000000003,96.2,2025,10
2025-10-02 08:00:00+05:30,349.27051654954363,25.45,95.0,2025,10
2025-10-02 08:15:00+05:30,356.9091107170448,25.65,93.7,2025,10
2025-10-02 08:30:00+05:30,359.89952466219466,26.1,90.1,2025,10
2025-10-02 08:45:00+05:30,367.76624575726953,26.3,89.3,2025,10
2025-10-02 09:00:00+05:30,373.6369427362304,26.4,88.4,2025,10
2025-10-02 09:15:00+05:30,377.2706601241202,26.6,88.7,2025,10
2025-10-02 09:30:00+05:30,382.1618894566941,26.95,85.8,2025,10
2025-10-02 09:45:00+05:30,389.0843239834558,27.2,83.8,2025,10
2025-10-02 10:00:00+05:30,391.67722294245993,27.9,80.6,2025,10
2025-10-02 10:15:00+05:30,396.504346588973,28.65,77.1,2025,10
2025-10-02 10:30:00+05:30,393.50687661996056,28.9,77.5,2025,10
2025-10-02 10:45:00+05:30,400.6041736348581,29.6,72.1,2025,10
2025-10-02 11:00:00+05:30,405.64088198618174,29.7,71.8,2025,10
2025-10-02 11:15:00+05:30,404.4766312536659,29.55,72.5,2025,10
2025-10-02 11:30:00+05:30,404.8625008773441,29.5,73.2,2025,10
2025-10-02 11:45:00+05:30,405.20942663877577,29.8,73.5,2025,10
2025-10-02 12:00:00+05:30,403.9476404615023,29.65,73.8,2025,10
2025-10-02 12:15:00+05:30,404.2865530129175,29.9,73.8,2025,10
2025-10-02 12:30:00+05:30,402.8113719038279,30.2,73.8,2025,10
2025-10-02 12:45:00+05:30,401.9277150189671,29.55,73.8,2025,10
2025-10-02 13:00:00+05:30,402.029762591866,29.8,74.1,2025,10
2025-10-02 13:15:00+05:30,400.28055973149856,29.45,74.0,2025,10
2025-10-02 13:30:00+05:30,401.4370929058059,30.15,73.0,2025,10
2025-10-02 13:45:00+05:30,397.3346461314137,29.2,76.2,2025,10
2025-10-02 14:00:00+05:30,398.9892313207593,30.200000000000003,77.1,2025,10
2025-10-02 14:15:00+05:30,399.3601245599913,29.8,79.2,2025,10
2025-10-02 14:30:00+05:30,394.4874341649626,29.9,76.5,2025,10
2025-10-02 14:45:00+05:30,394.6964880573147,30.05,76.0,2025,10
2025-10-02 15:00:00+05:30,395.0675196264539,28.9,87.6,2025,10
2025-10-02 15:15:00+05:30,396.0307165721297,27.9,97.7,2025,10
2025-10-02 15:30:00+05:30,394.4711443334455,27.450000000000003,97.7,2025,10
2025-10-02 15:45:00+05:30,390.03146629593255,27.8,99.5,2025,10
2025-10-02 16:00:00+05:30,385.563532761204,27.7,96.8,2025,10
2025-10-02 16:15:00+05:30,386.1468297406787,27.6,95.2,2025,10
2025-10-02 16:30:00+05:30,384.7403302150743,27.7,92.2,2025,10
2025-10-02 16:45:00+05:30,385.3136916884523,27.700000000000003,90.0,2025,10
2025-10-02 17:00:00+05:30,386.30639928954434,27.3,93.2,2025,10
2025-10-02 17:15:00+05:30,387.1427634399916,26.65,97.0,2025,10
2025-10-02 17:30:00+05:30,386.51451629909405,26.1,97.0,2025,10
2025-10-02 17:45:00+05:30,389.6857941745377,25.8,97.0,2025,10
2025-10-02 18:00:00+05:30,393.2132307965835,25.15,97.0,2025,10
2025-10-02 18:15:00+05:30,395.09418926294416,24.4,97.0,2025,10
2025-10-02 18:30:00+05:30,399.84246066070415,24.05,97.0,2025,10
2025-10-02 18:45:00+05:30,401.45077716320816,24.05,97.0,2025,10
2025-10-02 19:00:00+05:30,401.2353092106228,24.05,97.0,2025,10
2025-10-02 19:15:00+05:30,399.5910121383794,24.1,97.0,2025,10
2025-10-02 19:30:00+05:30,395.548187478486,24.25,97.0,2025,10
2025-10-02 19:45:00+05:30,392.5411039025307,24.25,97.0,2025,10
2025-10-02 20:00:00+05:30,390.30769153524193,24.4,97.0,2025,10
2025-10-02 20:15:00+05:30,387.14395926639327,24.45,97.0,2025,10
2025-10-02 20:30:00+05:30,384.4386882597679,24.450000000000003,97.0,2025,10
2025-10-02 20:45:00+05:30,382.546112088481,24.5,97.0,2025,10
2025-10-02 21:00:00+05:30,380.3653537562476,24.700000000000003,97.0,2025,10
2025-10-02 21:15:00+05:30,378.8444573719211,24.700000000000003,97.0,2025,10
2025-10-02 21:30:00+05:30,375.7523883057961,24.8,97.0,2025,10
2025-10-02 21:45:00+05:30,374.6596145235639,24.85,97.0,2025,10
2025-10-02 22:00:00+05:30,367.4318125027333,24.8,97.0,2025,10
2025-10-02 22:15:00+05:30,363.21116994671627,24.85,97.0,2025,10
2025-10-02 22:30:00+05:30,359.0745556343197,24.65,97.0,2025,10
2025-10-02 22:45:00+05:30,357.8956854825718,24.6,97.0,2025,10
2025-10-02 23:00:00+05:30,351.3727224550532,24.8,97.0,2025,10
2025-10-02 23:15:00+05:30,346.24614614529673,24.8,97.0,2025,10
2025-10-02 23:30:00+05:30,341.93907131263614,24.8,97.0,2025,10
2025-10-02 23:45:00+05:30,336.7590477098102,24.85,97.0,2025,10
2025-10-03 00:00:00+05:30,331.3735374486633,24.85,97.0,2025,10
2025-10-03 00:15:00+05:30,325.72607968228266,24.85,97.0,2025,10
2025-10-03 00:30:00+05:30,320.5667239855035,24.85,97.0,2025,10
2025-10-03 00:45:00+05:30,317.2957449831657,24.8,97.0,2025,10
2025-10-03 01:00:00+05:30,313.6846860954841,24.85,97.0,2025,10
2025-10-03 01:15:00+05:30,311.3855589039537,24.85,97.0,2025,10
2025-10-03 01:30:00+05:30,307.9896284706141,24.75,97.0,2025,10
2025-10-03 01:45:00+05:30,304.652306539249,24.75,97.0,2025,10
2025-10-03 02:00:00+05:30,302.2887974342024,24.7,97.0,2025,10
2025-10-03 02:15:00+05:30,300.07864387266693,24.75,97.0,2025,10
2025-10-03 02:30:00+05:30,298.79022991548874,24.75,97.0,2025,10
2025-10-03 02:45:00+05:30,296.3619459461964,24.7,97.0,2025,10
2025-10-03 03:00:00+05:30,294.71634970249846,24.7,97.0,2025,10
2025-10-03 03:15:00+05:30,290.3642918430112,24.7,97.0,2025,10
2025-10-03 03:30:00+05:30,288.5010594655913,24.65,97.0,2025,10
2025-10-03 03:45:00+05:30,287.5138275926083,24.65,97.0,2025,10
2025-10-03 04:00:00+05:30,287.257508560943,24.6,97.0,2025,10
2025-10-03 04:15:00+05:30,289.2303573258933,24.65,97.0,2025,10
2025-10-03 04:30:00+05:30,291.2558428600763,24.6,97.0,2025,10
2025-10-03 04:45:00+05:30,294.85983172635565,24.65,97.0,2025,10
2025-10-03 05:00:00+05:30,297.6396140201167,24.65,97.0,2025,10
2025-10-03 05:15:00+05:30,299.79023063109685,24.7,97.0,2025,10
2025-10-03 05:30:00+05:30,306.25487553853327,24.75,97.0,2025,10
2025-10-03 05:45:00+05:30,311.7466135330273,24.75,97.0,2025,10
2025-10-03 06:00:00+05:30,320.01971630716844,24.7,97.0,2025,10
2025-10-03 06:15:00+05:30,332.4430075019782,24.65,97.0,2025,10
2025-10-03 06:30:00+05:30,343.1015711130177,24.7,97.0,2025,10
2025-10-03 06:45:00+05:30,357.72954756100773,24.7,97.0,2025,10
2025-10-03 07:00:00+05:30,373.026298812056,24.75,97.0,2025,10
2025-10-03 07:15:00+05:30,390.09425789769614,25.0,97.0,2025,10
2025-10-03 07:30:00+05:30,409.9183531617669,25.35,99.5,2025,10
2025-10-03 07:45:00+05:30,427.2888712006838,25.6,98.8,2025,10
2025-10-03 08:00:00+05:30,448.5206670791434,25.700000000000003,97.9,2025,10
2025-10-03 08:15:00+05:30,468.6462105493927,25.95,96.4,2025,10
2025-10-03 08:30:00+05:30,486.0105918540392,26.25,92.2,2025,10
2025-10-03 08:45:00+05:30,503.5734703273101,27.45,84.5,2025,10
2025-10-03 09:00:00+05:30,520.0743370777358,27.700000000000003,80.7,2025,10
2025-10-03 09:15:00+05:30,532.5514803969792,28.200000000000003,78.9,2025,10
2025-10-03 09:30:00+05:30,543.890688395164,28.85,76.8,2025,10
2025-10-03 09:45:00+05:30,556.5669388811751,29.0,73.7,2025,10
2025-10-03 10:00:00+05:30,564.5831238970396,28.85,73.8,2025,10
2025-10-03 10:15:00+05:30,570.8527045031992,28.95,73.7,2025,10
2025-10-03 10:30:00+05:30,571.9517616388418,29.05,74.6,2025,10
2025-10-03 10:45:00+05:30,573.7388927957244,29.15,73.4,2025,10
2025-10-03 11:00:00+05:30,577.6408644746872,29.25,74.4,2025,10
2025-10-03 11:15:00+05:30,575.1907935105734,29.55,75.0,2025,10
2025-10-03 11:30:00+05:30,574.2512141938371,29.5,75.5,2025,10
2025-10-03 11:45:00+05:30,573.4090244011846,30.1,72.8,2025,10
2025-10-03 12:00:00+05:30,568.6705453995805,30.05,71.8,2025,10
2025-10-03 12:15:00+05:30,569.9495716135658,29.700000000000003,75.6,2025,10
2025-10-03 12:30:00+05:30,566.1777066236966,29.35,75.4,2025,10
2025-10-03 12:45:00+05:30,559.1747338282657,29.6,73.8,2025,10
2025-10-03 13:00:00+05:30,559.508360285707,29.6,77.2,2025,10
2025-10-03 13:15:00+05:30,557.1730326792631,29.3,78.3,2025,10
2025-10-03 13:30:00+05:30,552.9294242587976,29.700000000000003,77.6,2025,10
2025-10-03 13:45:00+05:30,547.8642496787214,30.200000000000003,76.2,2025,10
2025-10-03 14:00:00+05:30,550.5424803363354,30.6,74.5,2025,10
2025-10-03 14:15:00+05:30,554.0653254153891,31.05,75.0,2025,10
2025-10-03 14:30:00+05:30,556.3568149728424,30.65,72.8,2025,10
2025-10-03 14:45:00+05:30,554.0616996084999,30.7,72.3,2025,10
2025-10-03 15:00:00+05:30,552.2913226584621,30.9,71.0,2025,10
2025-10-03 15:15:00+05:30,555.7993244286525,30.3,72.3,2025,10
2025-10-03 15:30:00+05:30,550.5872964689257,29.9,74.8,2025,10
2025-10-03 15:45:00+05:30,550.8726158843381,30.15,72.7,2025,10
2025-10-03 16:00:00+05:30,547.9028549180281,30.15,73.8,2025,10
2025-10-03 16:15:00+05:30,547.3123505104356,30.1,74.3,2025,10
2025-10-03 16:30:00+05:30,544.0345447771399,30.75,70.4,2025,10
2025-10-03 16:45:00+05:30,540.1297295861783,29.75,73.9,2025,10
2025-10-03 17:00:00+05:30,538.0655412058022,29.25,78.0,2025,10
2025-10-03 17:15:00+05:30,533.3383203413171,29.0,79.1,2025,10
2025-10-03 17:30:00+05:30,529.1457539751898,29.0,78.3,2025,10
2025-10-03 17:45:00+05:30,526.7857737581202,28.55,80.2,2025,10
2025-10-03 18:00:00+05:30,521.2965252341245,28.3,83.1,2025,10
2025-10-03 18:15:00+05:30,518.9335003284224,27.95,85.8,2025,10
2025-10-03 18:30:00+05:30,515.3053146459184,27.7,87.7,2025,10
2025-10-03 18:45:00+05:30,512.5982489223112,27.45,88.4,2025,10
2025-10-03 19:00:00+05:30,505.1350776654167,27.4,88.9,2025,10
2025-10-03 19:15:00+05:30,495.60100626468505,27.35,88.8,2025,10
2025-10-03 19:30:00+05:30,486.1079419203428,27.3,89.3,2025,10
2025-10-03 19:45:00+05:30,477.1791013542215,27.3,89.3,2025,10
2025-10-03 20:00:00+05:30,466.893764031014,27.25,90.3,2025,10
2025-10-03 20:15:00+05:30,459.6593333531022,27.25,90.9,2025,10
2025-10-03 20:30:00+05:30,454.38688957778345,27.200000000000003,90.9,2025,10
2025-10-03 20:45:00+05:30,449.7741547839937,27.200000000000003,91.3,2025,10
2025-10-03 21:00:00+05:30,442.7635552409326,27.15,91.5,2025,10
2025-10-03 21:15:00+05:30,434.0747977479315,27.15,91.5,2025,10
2025-10-03 21:30:00+05:30,430.1624449615416,27.1,91.5,2025,10
2025-10-03 21:45:00+05:30,422.94880879787286,27.1,91.7,2025,10
2025-10-03 22:00:00+05:30,416.39793420265846,27.15,91.8,2025,10
2025-10-03 22:15:00+05:30,408.8390287749877,27.15,91.8,2025,10
2025-10-03 22:30:00+05:30,402.9090942263728,27.15,91.5,2025,10
2025-10-03 22:45:00+05:30,397.1593209233807,27.05,89.5,2025,10
2025-10-03 23:00:00+05:30,389.49274794738926,26.95,89.0,2025,10
2025-10-03 23:15:00+05:30,369.876875263357,26.9,89.8,2025,10
2025-10-03 23:30:00+05:30,372.0738620392913,26.85,91.5,2025,10
2025-10-03 23:45:00+05:30,368.1394004697016,26.55,91.9,2025,10
2025-10-04 00:00:00+05:30,362.5822349321111,26.4,95.2,2025,10
2025-10-04 00:15:00+05:30,356.9313878891499,26.25,94.3,2025,10
2025-10-04 00:30:00+05:30,351.38272918587256,26.1,95.1,2025,10
2025-10-04 00:45:00+05:30,348.3497161332139,26.0,95.9,2025,10
2025-10-04 01:00:00+05:30,342.69145348795394,26.05,95.3,2025,10
2025-10-04 01:15:00+05:30,338.5193723051501,26.05,95.1,2025,10
2025-10-04 01:30:00+05:30,334.7091434996767,26.1,95.1,2025,10
2025-10-04 01:45:00+05:30,330.7766285517385,26.1,96.3,2025,10
2025-10-04 02:00:00+05:30,328.1375929696636,25.85,94.0,2025,10
2025-10-04 02:15:00+05:30,326.58215284075885,25.8,97.3,2025,10
2025-10-04 02:30:00+05:30,323.36010478619346,25.85,98.9,2025,10
2025-10-04 02:45:00+05:30,321.5714361849349,25.75,99.3,2025,10
2025-10-04 03:00:00+05:30,320.21271746243235,25.75,99.6,2025,10
2025-10-04 03:15:00+05:30,315.94828874742234,25.7,99.9,2025,10
2025-10-04 03:30:00+05:30,312.0153922830147,25.55,99.9,2025,10
2025-10-04 03:45:00+05:30,309.83792992782463,25.55,99.7,2025,10
2025-10-04 04:00:00+05:30,307.9347566032547,25.5,99.6,2025,10
2025-10-04 04:15:00+05:30,307.9445554613848,25.45,99.7,2025,10
2025-10-04 04:30:00+05:30,309.1886369201424,25.45,99.4,2025,10
2025-10-04 04:45:00+05:30,309.63966184195186,25.45,99.5,2025,10
2025-10-04 05:00:00+05:30,309.98025858544185,25.45,99.5,2025,10
2025-10-04 05:15:00+05:30,314.12695317870174,25.45,99.5,2025,10
2025-10-04 05:30:00+05:30,318.94874975514773,25.45,99.5,2025,10
2025-10-04 05:45:00+05:30,319.1375596314608,25.45,99.5,2025,10
2025-10-04 06:00:00+05:30,326.36400095227515,25.4,99.5,2025,10
2025-10-04 06:15:00+05:30,333.56800822114366,25.4,99.4,2025,10
2025-10-04 06:30:00+05:30,338.8557406321059,25.45,99.4,2025,10
2025-10-04 06:45:00+05:30,343.76813772041083,25.55,99.4,2025,10
2025-10-04 07:00:00+05:30,351.02692584010384,25.75,99.4,2025,10
2025-10-04 07:15:00+05:30,361.9264973490333,25.95,98.5,2025,10
2025-10-04 07:30:00+05:30,373.1861269509368,26.15,97.0,2025,10
2025-10-04 07:45:00+05:30,385.7835358461727,26.45,96.1,2025,10
2025-10-04 08:00:00+05:30,401.4419372379364,26.7,99.5,2025,10
2025-10-04 08:15:00+05:30,416.1015359705186,27.25,99.5,2025,10
2025-10-04 08:30:00+05:30,430.7227685148063,28.05,99.5,2025,10
2025-10-04 08:45:00+05:30,442.7161729446415,28.35,99.4,2025,10
2025-10-04 09:00:00+05:30,458.518379569994,28.85,99.4,2025,10
2025-10-04 09:15:00+05:30,471.0104641222759,29.45,99.4,2025,10
2025-10-04 09:30:00+05:30,483.2197553974581,29.55,99.4,2025,10
2025-10-04 09:45:00+05:30,488.9437556336812,29.45,98.5,2025,10
2025-10-04 10:00:00+05:30,490.060199049888,29.0,97.0,2025,10
2025-10-04 10:15:00+05:30,500.8868735006487,29.3,96.1,2025,10
2025-10-04 10:30:00+05:30,505.8966129432557,30.05,97.75,2025,10
2025-10-04 10:45:00+05:30,509.973222082693,30.5,99.4,2025,10
2025-10-04 11:00:00+05:30,507.5802583397103,30.9,99.4,2025,10
2025-10-04 11:15:00+05:30,507.2516259121261,31.3,99.4,2025,10
2025-10-04 11:30:00+05:30,504.4612563581816,31.45,99.4,2025,10
2025-10-04 11:45:00+05:30,504.622121906672,31.45,98.5,2025,10
2025-10-04 12:00:00+05:30,505.1145478278101,31.95,97.0,2025,10
2025-10-04 12:15:00+05:30,501.9604198999576,32.1,96.1,2025,10
2025-10-04 12:30:00+05:30,498.6393469927867,32.25,99.5,2025,10
2025-10-04 12:45:00+05:30,496.50585687313713,32.25,99.5,2025,10
2025-10-04 13:00:00+05:30,491.7652302901584,32.05,99.5,2025,10
2025-10-04 13:15:00+05:30,487.86500995907375,31.9,99.4,2025,10
2025-10-04 13:30:00+05:30,487.8506545784669,31.95,99.4,2025,10
2025-10-04 13:45:00+05:30,487.61110079507154,32.2,99.4,2025,10
2025-10-04 14:00:00+05:30,490.1813206776099,32.2,99.4,2025,10
2025-10-04 14:15:00+05:30,492.5848524330719,32.4,98.5,2025,10
2025-10-04 14:30:00+05:30,492.6731802487139,31.75,97.0,2025,10
2025-10-04 14:45:00+05:30,496.1024515974655,31.6,96.1,2025,10
2025-10-04 15:00:00+05:30,492.2493740353079,31.65,99.4,2025,10
2025-10-04 15:15:00+05:30,491.58970232722186,32.05,99.4,2025,10
2025-10-04 15:30:00+05:30,490.0666840968331,32.4,99.4,2025,10
2025-10-04 15:45:00+05:30,493.00993913839983,32.7,99.4,2025,10
2025-10-04 16:00:00+05:30,490.14336958578673,32.75,98.5,2025,10
2025-10-04 16:15:00+05:30,489.797269163989,32.55,97.0,2025,10
2025-10-04 16:30:00+05:30,488.4051557411282,32.5,96.1,2025,10
2025-10-04 16:45:00+05:30,485.76235452297294,30.85,99.5,2025,10
2025-10-04 17:00:00+05:30,481.0484302392981,30.1,99.5,2025,10
2025-10-04 17:15:00+05:30,479.7760970731103,29.25,99.5,2025,10
2025-10-04 17:30:00+05:30,474.77128994868247,28.6,99.4,2025,10
2025-10-04 17:45:00+05:30,471.80225996255007,28.1,99.4,2025,10
2025-10-04 18:00:00+05:30,474.65017250312894,27.85,99.4,2025,10
2025-10-04 18:15:00+05:30,468.21727757383553,27.65,99.4,2025,10
2025-10-04 18:30:00+05:30,467.13648338486536,27.4,98.5,2025,10
2025-10-04 18:45:00+05:30,465.2666531201546,27.15,97.0,2025,10
2025-10-04 19:00:00+05:30,459.4590549372476,26.8,96.1,2025,10
2025-10-04 19:15:00+05:30,453.084466723286,26.8,99.4,2025,10
2025-10-04 19:30:00+05:30,442.4754668361599,26.75,99.4,2025,10
2025-10-04 19:45:00+05:30,437.06153115020265,26.65,99.4,2025,10
2025-10-04 20:00:00+05:30,428.7103199586072,26.7,99.4,2025,10
2025-10-04 20:15:00+05:30,422.8508428047976,26.75,98.5,2025,10
2025-10-04 20:30:00+05:30,417.4665590480916,26.75,97.0,2025,10
2025-10-04 20:45:00+05:30,411.1304034552857,26.65,96.1,2025,10
2025-10-04 21:00:00+05:30,407.7671273654025,26.6,99.5,2025,10
2025-10-04 21:15:00+05:30,404.2529157135715,26.45,99.5,2025,10
2025-10-04 21:30:00+05:30,399.5510863868016,26.5,99.5,2025,10
2025-10-04 21:45:00+05:30,394.9892931417695,26.35,99.4,2025,10
2025-10-04 22:00:00+05:30,390.2359039000037,26.45,99.4,2025,10
2025-10-04 22:15:00+05:30,385.368433476222,26.45,99.4,2025,10
2025-10-04 22:30:00+05:30,381.0233902976613,26.35,99.4,2025,10
2025-10-04 22:45:00+05:30,379.2289034240861,26.35,98.5,2025,10
2025-10-04 23:00:00+05:30,374.4184835868202,26.25,97.0,2025,10
2025-10-04 23:15:00+05:30,366.3510509128932,26.2,96.1,2025,10
2025-10-04 23:30:00+05:30,360.3971017184578,26.2,95.65,2025,10
2025-10-04 23:45:00+05:30,356.3598989269011,26.15,95.42499999999998,2025,10
2025-10-05 00:00:00+05:30,353.56951261322934,26.1,86.4,2025,10
2025-10-05 00:15:00+05:30,349.0868633394835,25.95,87.1,2025,10
2025-10-05 00:30:00+05:30,344.657659466012,25.95,87.1,2025,10
2025-10-05 00:45:00+05:30,340.5114849427148,25.9,89.2,2025,10
2025-10-05 01:00:00+05:30,334.6124814466016,25.9,90.9,2025,10
2025-10-05 01:15:00+05:30,330.7532267473546,25.8,90.9,2025,10
2025-10-05 01:30:00+05:30,325.61247879268456,25.85,91.0,2025,10
2025-10-05 01:45:00+05:30,320.8011628914757,25.85,91.4,2025,10
2025-10-05 02:00:00+05:30,320.35593591228405,25.75,91.6,2025,10
2025-10-05 02:15:00+05:30,319.2371264835999,25.8,92.0,2025,10
2025-10-05 02:30:00+05:30,318.4878503193947,25.8,92.9,2025,10
2025-10-05 02:45:00+05:30,315.561595164673,25.85,93.1,2025,10
2025-10-05 03:00:00+05:30,314.1432830508217,25.85,92.6,2025,10
2025-10-05 03:15:00+05:30,310.64764325851604,25.65,97.7,2025,10
2025-10-05 03:30:00+05:30,308.9594684851236,25.6,99.8,2025,10
2025-10-05 03:45:00+05:30,304.5108920284705,25.6,99.8,2025,10
2025-10-05 04:00:00+05:30,302.7238501993064,25.55,99.8,2025,10
2025-10-05 04:15:00+05:30,301.1397657254214,25.55,99.8,2025,10
2025-10-05 04:30:00+05:30,303.36938500976413,25.45,99.8,2025,10
2025-10-05 04:45:00+05:30,304.0702964758942,25.5,99.8,2025,10
2025-10-05 05:00:00+05:30,302.7167103653632,25.5,99.8,2025,10
2025-10-05 05:15:00+05:30,302.97027646728503,25.5,99.8,2025,10
2025-10-05 05:30:00+05:30,305.92290168938536,25.45,99.5,2025,10
2025-10-05 05:45:00+05:30,307.8431580128828,25.5,98.5,2025,10
2025-10-05 06:00:00+05:30,310.3172500806619,25.45,99.4,2025,10
2025-10-05 06:15:00+05:30,314.11840338941613,25.5,98.5,2025,10
2025-10-05 06:30:00+05:30,316.9145078154032,25.55,97.8,2025,10
2025-10-05 06:45:00+05:30,322.37532528080703,25.65,96.8,2025,10
2025-10-05 07:00:00+05:30,324.6835339982334,25.8,95.7,2025,10
2025-10-05 07:15:00+05:30,329.9833189349552,26.0,94.0,2025,10
2025-10-05 07:30:00+05:30,336.17946802672066,26.2,94.5,2025,10
2025-10-05 07:45:00+05:30,343.6814530149301,25.9,93.2,2025,10
2025-10-05 08:00:00+05:30,352.442951835217,26.0,92.4,2025,10
2025-10-05 08:15:00+05:30,360.3114746615191,26.05,90.4,2025,10
2025-10-05 08:30:00+05:30,367.51693373078575,26.7,85.6,2025,10
2025-10-05 08:45:00+05:30,377.2771522221144,26.75,86.1,2025,10
2025-10-05 09:00:00+05:30,383.03477459064095,28.1,77.6,2025,10
2025-10-05 09:15:00+05:30,387.03759307790335,28.55,74.9,2025,10
2025-10-05 09:30:00+05:30,391.6403941487097,28.5,76.2,2025,10
2025-10-05 09:45:00+05:30,395.9029567778813,28.700000000000003,76.5,2025,10
2025-10-05 10:00:00+05:30,402.2214667949608,28.75,74.5,2025,10
2025-10-05 10:15:00+05:30,409.92041021939696,28.6,75.9,2025,10
2025-10-05 10:30:00+05:30,416.3009081786637,28.6,76.2,2025,10
2025-10-05 10:45:00+05:30,419.0372148456876,27.45,80.3,2025,10
2025-10-05 11:00:00+05:30,420.93085027030753,26.9,83.0,2025,10
2025-10-05 11:15:00+05:30,420.3747642282999,26.45,81.9,2025,10
2025-10-05 11:30:00+05:30,419.56711635953934,26.4,81.4,2025,10
2025-10-05 11:45:00+05:30,419.0408618008742,27.05,74.2,2025,10
2025-10-05 12:00:00+05:30,414.90171221600144,27.6,74.3,2025,10
2025-10-05 12:15:00+05:30,413.6948649362993,27.9,70.5,2025,10
2025-10-05 12:30:00+05:30,411.86928671624383,28.5,69.7,2025,10
2025-10-05 12:45:00+05:30,411.4273342495967,28.5,70.7,2025,10
2025-10-05 13:00:00+05:30,407.2731221322959,28.3,71.1,2025,10
2025-10-05 13:15:00+05:30,405.5796056818308,29.35,68.0,2025,10
2025-10-05 13:30:00+05:30,401.5318001112192,29.5,65.4,2025,10
2025-10-05 13:45:00+05:30,401.4502260897218,29.25,66.2,2025,10
2025-10-05 14:00:00+05:30,402.705847760939,28.7,68.7,2025,10
2025-10-05 14:15:00+05:30,404.0022039167509,28.4,69.0,2025,10
2025-10-05 14:30:00+05:30,400.73202388533866,28.2,73.1,2025,10
2025-10-05 14:45:00+05:30,401.0847652386661,27.700000000000003,74.7,2025,10
2025-10-05 15:00:00+05:30,401.1588549194039,28.15,70.2,2025,10
2025-10-05 15:15:00+05:30,400.9030540742171,28.45,67.4,2025,10
2025-10-05 15:30:00+05:30,397.2966205868088,28.200000000000003,69.5,2025,10
2025-10-05 15:45:00+05:30,400.45901542197976,28.0,70.4,2025,10
2025-10-05 16:00:00+05:30,396.58194879996086,28.05,70.8,2025,10
2025-10-05 16:15:00+05:30,395.2061474368973,29.0,64.6,2025,10
2025-10-05 16:30:00+05:30,393.83638257049336,28.4,67.7,2025,10
2025-10-05 16:45:00+05:30,395.5275745756908,27.65,73.2,2025,10
2025-10-05 17:00:00+05:30,394.9984600186928,27.5,75.4,2025,10
2025-10-05 17:15:00+05:30,395.4093082257265,27.4,76.4,2025,10
2025-10-05 17:30:00+05:30,395.6169867438118,27.3,76.6,2025,10
2025-10-05 17:45:00+05:30,398.28745157467006,27.1,77.9,2025,10
2025-10-05 18:00:00+05:30,403.3548788369653,27.05,79.1,2025,10
2025-10-05 18:15:00+05:30,407.5523885718348,26.8,80.7,2025,10
2025-10-05 18:30:00+05:30,410.6780519012773,26.8,80.3,2025,10
2025-10-05 18:45:00+05:30,413.166570877523,26.75,79.7,2025,10
2025-10-05 19:00:00+05:30,413.8339040198025,26.700000000000003,79.6,2025,10
2025-10-05 19:15:00+05:30,412.6949751169857,26.65,80.6,2025,10
2025-10-05 19:30:00+05:30,410.6464037497903,26.75,79.6,2025,10
2025-10-05 19:45:00+05:30,408.9459136612138,26.6,80.6,2025,10
2025-10-05 20:00:00+05:30,404.59436341824966,26.6,81.3,2025,10
2025-10-05 20:15:00+05:30,403.4076472576339,26.700000000000003,80.7,2025,10
2025-10-05 20:30:00+05:30,399.4318639428251,26.65,80.9,2025,10
2025-10-05 20:45:00+05:30,397.6358591264909,26.55,81.2,2025,10
2025-10-05 21:00:00+05:30,396.4651183348283,26.35,85.7,2025,10
2025-10-05 21:15:00+05:30,395.9570335610845,26.2,87.6,2025,10
2025-10-05 21:30:00+05:30,393.4758786156421,26.1,87.3,2025,10
2025-10-05 21:45:00+05:30,389.02248703513806,25.9,88.6,2025,10
2025-10-05 22:00:00+05:30,385.3076355870146,25.9,88.9,2025,10
2025-10-05 22:15:00+05:30,380.6790448563435,25.950000000000003,88.7,2025,10
2025-10-05 22:30:00+05:30,376.9596740588071,25.95,87.2,2025,10
2025-10-05 22:45:00+05:30,373.2059356642284,25.9,87.0,2025,10
2025-10-05 23:00:00+05:30,370.5259375106074,25.8,88.1,2025,10
2025-10-05 23:15:00+05:30,363.9865853054616,25.8,88.8,2025,10
2025-10-05 23:30:00+05:30,357.95550609097813,25.700000000000003,89.3,2025,10
2025-10-05 23:45:00+05:30,352.3140329397066,25.65,90.3,2025,10
2025-10-06 00:00:00+05:30,346.19833721488186,25.55,91.4,2025,10
2025-10-06 00:15:00+05:30,339.8093262227272,25.5,91.8,2025,10
2025-10-06 00:30:00+05:30,334.62364162800617,25.4,92.1,2025,10
2025-10-06 00:45:00+05:30,329.683489152919,25.4,92.5,2025,10
2025-10-06 01:00:00+05:30,324.32161213054906,25.35,92.7,2025,10
2025-10-06 01:15:00+05:30,320.65947108493646,25.3,93.0,2025,10
2025-10-06 01:30:00+05:30,314.895115432846,25.25,93.8,2025,10
2025-10-06 01:45:00+05:30,312.07409003729447,25.2,93.8,2025,10
2025-10-06 02:00:00+05:30,310.4656605089233,25.15,94.1,2025,10
2025-10-06 02:15:00+05:30,307.4826572979577,25.1,94.5,2025,10
2025-10-06 02:30:00+05:30,306.3673964214986,25.0,95.0,2025,10
2025-10-06 02:45:00+05:30,303.9304377818469,25.0,95.1,2025,10
2025-10-06 03:00:00+05:30,302.6411980127769,25.05,94.7,2025,10
2025-10-06 03:15:00+05:30,298.9920432117998,25.1,95.2,2025,10
2025-10-06 03:30:00+05:30,297.6588540373159,25.05,96.1,2025,10
2025-10-06 03:45:00+05:30,295.86662965833034,25.1,96.4,2025,10
2025-10-06 04:00:00+05:30,295.10928847759226,25.05,96.5,2025,10
2025-10-06 04:15:00+05:30,296.6592873289768,25.05,96.7,2025,10
2025-10-06 04:30:00+05:30,300.6908444712414,25.05,96.9,2025,10
2025-10-06 04:45:00+05:30,302.00426209311127,24.9,96.7,2025,10
2025-10-06 05:00:00+05:30,304.0984867131528,24.85,97.2,2025,10
2025-10-06 05:15:00+05:30,307.1792639281272,24.9,97.2,2025,10
2025-10-06 05:30:00+05:30,313.20586443537354,24.85,98.0,2025,10
2025-10-06 05:45:00+05:30,317.3582270419309,24.8,98.4,2025,10
2025-10-06 06:00:00+05:30,330.0680157065814,24.8,98.9,2025,10
2025-10-06 06:15:00+05:30,347.5085991391367,24.85,99.1,2025,10
2025-10-06 06:30:00+05:30,360.1168062204767,24.85,98.9,2025,10
2025-10-06 06:45:00+05:30,374.9935157072952,25.0,98.1,2025,10
2025-10-06 07:00:00+05:30,389.79270057688336,25.05,97.0,2025,10
2025-10-06 07:15:00+05:30,406.0406338469152,25.25,95.9,2025,10
2025-10-06 07:30:00+05:30,423.50659209762944,25.65,94.6,2025,10
2025-10-06 07:45:00+05:30,441.0560857607737,26.0,92.1,2025,10
2025-10-06 08:00:00+05:30,463.6144370276808,26.15,90.3,2025,10
2025-10-06 08:15:00+05:30,482.8470725600383,26.15,90.2,2025,10
2025-10-06 08:30:00+05:30,500.413643767354,26.1,90.3,2025,10
2025-10-06 08:45:00+05:30,516.3088219100424,26.45,87.8,2025,10
2025-10-06 09:00:00+05:30,531.4040553613116,26.9,86.7,2025,10
2025-10-06 09:15:00+05:30,542.1238491964917,28.1,78.5,2025,10
2025-10-06 09:30:00+05:30,555.2208917103876,28.200000000000003,77.1,2025,10
2025-10-06 09:45:00+05:30,566.3510894127259,27.35,80.3,2025,10
2025-10-06 10:00:00+05:30,575.1975210386613,27.15,83.1,2025,10
2025-10-06 10:15:00+05:30,577.5846222709627,26.9,85.5,2025,10
2025-10-06 10:30:00+05:30,580.0869024146958,26.6,90.3,2025,10
2025-10-06 10:45:00+05:30,581.9311233015828,27.75,89.9,2025,10
2025-10-06 11:00:00+05:30,583.3863759622959,28.2,80.4,2025,10
2025-10-06 11:15:00+05:30,580.6897348590566,28.85,76.5,2025,10
2025-10-06 11:30:00+05:30,578.9637168661988,28.9,73.7,2025,10
2025-10-06 11:45:00+05:30,576.1480531087971,29.0,79.2,2025,10
2025-10-06 12:00:00+05:30,576.9191281079383,29.25,78.6,2025,10
2025-10-06 12:15:00+05:30,571.2800052883525,29.450000000000003,76.4,2025,10
2025-10-06 12:30:00+05:30,571.1548760567857,29.55,73.2,2025,10
2025-10-06 12:45:00+05:30,568.4895472155081,29.75,72.3,2025,10
2025-10-06 13:00:00+05:30,564.6179273658746,29.5,73.1,2025,10
2025-10-06 13:15:00+05:30,563.444398977118,30.0,73.3,2025,10
2025-10-06 13:30:00+05:30,559.4316546654268,30.45,69.6,2025,10
2025-10-06 13:45:00+05:30,558.3367359706839,31.35,64.8,2025,10
2025-10-06 14:00:00+05:30,560.379303220171,31.35,63.7,2025,10
2025-10-06 14:15:00+05:30,560.766725580857,31.6,62.5,2025,10
2025-10-06 14:30:00+05:30,563.2870772269791,31.55,63.6,2025,10
2025-10-06 14:45:00+05:30,562.5214017371338,31.5,64.1,2025,10
2025-10-06 15:00:00+05:30,562.8401140086693,31.4,63.6,2025,10
2025-10-06 15:15:00+05:30,566.3978741768597,31.55,63.6,2025,10
2025-10-06 15:30:00+05:30,563.2757054270088,31.4,64.2,2025,10
2025-10-06 15:45:00+05:30,563.7842232435219,31.85,61.3,2025,10
2025-10-06 16:00:00+05:30,563.4958878420861,32.55,57.9,2025,10
2025-10-06 16:15:00+05:30,559.3001949927597,32.65,55.7,2025,10
2025-10-06 16:30:00+05:30,557.001877498568,32.75,56.1,2025,10
2025-10-06 16:45:00+05:30,555.863477790713,32.5,61.5,2025,10
2025-10-06 17:00:00+05:30,549.7659511937416,31.9,60.0,2025,10
2025-10-06 17:15:00+05:30,547.8638577969211,30.25,65.9,2025,10
2025-10-06 17:30:00+05:30,540.704153469883,29.15,71.6,2025,10
2025-10-06 17:45:00+05:30,535.2165414332608,28.6,74.2,2025,10
2025-10-06 18:00:00+05:30,529.837015855997,28.25,75.9,2025,10
2025-10-06 18:15:00+05:30,525.920447441912,27.9,75.7,2025,10
2025-10-06 18:30:00+05:30,525.3029629211132,27.75,76.8,2025,10
2025-10-06 18:45:00+05:30,521.7075290168036,27.6,78.5,2025,10
2025-10-06 19:00:00+05:30,510.2195315149573,27.5,80.0,2025,10
2025-10-06 19:15:00+05:30,503.0766371726996,27.4,79.7,2025,10
2025-10-06 19:30:00+05:30,493.03455920736747,27.25,79.9,2025,10
2025-10-06 19:45:00+05:30,483.3459450675789,27.25,79.1,2025,10
2025-10-06 20:00:00+05:30,473.4554281130921,27.2,79.1,2025,10
2025-10-06 20:15:00+05:30,467.5388727823096,27.0,79.2,2025,10
2025-10-06 20:30:00+05:30,461.2741147645565,26.85,78.5,2025,10
2025-10-06 20:45:00+05:30,451.4889758585492,26.8,79.6,2025,10
2025-10-06 21:00:00+05:30,445.50268545907886,26.7,79.7,2025,10
2025-10-06 21:15:00+05:30,439.87509859146974,26.75,80.2,2025,10
2025-10-06 21:30:00+05:30,435.5449210415193,26.75,80.9,2025,10
2025-10-06 21:45:00+05:30,427.129956653572,26.7,79.8,2025,10
2025-10-06 22:00:00+05:30,419.41597721772615,26.6,79.6,2025,10
2025-10-06 22:15:00+05:30,410.852097694228,26.450000000000003,80.7,2025,10
2025-10-06 22:30:00+05:30,404.74130707052296,26.35,81.1,2025,10
2025-10-06 22:45:00+05:30,398.942006491032,26.35,83.4,2025,10
2025-10-06 23:00:00+05:30,393.7731585721,26.35,84.3,2025,10
2025-10-06 23:15:00+05:30,387.01105069732125,26.200000000000003,84.4,2025,10
2025-10-06 23:30:00+05:30,382.68293535572167,26.200000000000003,84.1,2025,10
2025-10-06 23:45:00+05:30,375.17011302876256,26.15,84.1,2025,10
2025-10-07 00:00:00+05:30,369.8201168173196,26.15,84.1,2025,10
2025-10-07 00:15:00+05:30,361.9459362338718,26.2,84.3,2025,10
2025-10-07 00:30:00+05:30,355.9715252936897,26.25,85.4,2025,10
2025-10-07 00:45:00+05:30,352.5393975954632,26.25,84.9,2025,10
2025-10-07 01:00:00+05:30,346.0236399573086,25.9,84.8,2025,10
2025-10-07 01:15:00+05:30,342.4684587411504,25.9,84.7,2025,10
2025-10-07 01:30:00+05:30,340.79112528947434,25.7,84.7,2025,10
2025-10-07 01:45:00+05:30,337.264674292263,25.55,85.4,2025,10
2025-10-07 02:00:00+05:30,332.44924094324097,25.4,86.0,2025,10
2025-10-07 02:15:00+05:30,328.39652401529577,25.3,87.2,2025,10
2025-10-07 02:30:00+05:30,328.17592998458383,25.15,89.4,2025,10
2025-10-07 02:45:00+05:30,325.8301257328982,25.15,90.5,2025,10
2025-10-07 03:00:00+05:30,325.11194376830497,25.15,91.0,2025,10
2025-10-07 03:15:00+05:30,320.39623185697855,25.3,91.8,2025,10
2025-10-07 03:30:00+05:30,318.52888880282745,25.200000000000003,92.4,2025,10
2025-10-07 03:45:00+05:30,316.081315171692,25.05,92.7,2025,10
2025-10-07 04:00:00+05:30,313.55095124810543,25.05,93.0,2025,10
2025-10-07 04:15:00+05:30,311.1356845238749,24.9,93.0,2025,10
2025-10-07 04:30:00+05:30,313.6985902497032,24.9,93.1,2025,10
2025-10-07 04:45:00+05:30,315.7845705832275,24.9,93.1,2025,10
2025-10-07 05:00:00+05:30,317.4912242294102,24.85,93.0,2025,10
2025-10-07 05:15:00+05:30,320.3416534029677,24.85,93.1,2025,10
2025-10-07 05:30:00+05:30,328.6763254458095,24.8,93.2,2025,10
2025-10-07 05:45:00+05:30,335.20919055235635,24.8,93.5,2025,10
2025-10-07 06:00:00+05:30,344.62290844815163,24.75,93.2,2025,10
2025-10-07 06:15:00+05:30,354.95206625940364,24.8,94.1,2025,10
2025-10-07 06:30:00+05:30,365.3216791433204,24.950000000000003,93.6,2025,10
2025-10-07 06:45:00+05:30,379.04478899417205,25.2,92.7,2025,10
2025-10-07 07:00:00+05:30,394.2593341053702,25.3,92.1,2025,10
2025-10-07 07:15:00+05:30,407.72409945830367,25.4,91.1,2025,10
2025-10-07 07:30:00+05:30,425.01011940067,25.4,90.5,2025,10
2025-10-07 07:45:00+05:30,443.9935096828677,25.75,90.3,2025,10
2025-10-07 08:00:00+05:30,467.69226082275935,25.75,88.6,2025,10
2025-10-07 08:15:00+05:30,486.5358545244773,26.05,88.5,2025,10
2025-10-07 08:30:00+05:30,505.50930347344615,27.1,84.0,2025,10
2025-10-07 08:45:00+05:30,521.3477356761967,27.9,76.6,2025,10
2025-10-07 09:00:00+05:30,537.1381199418316,28.4,73.3,2025,10
2025-10-07 09:15:00+05:30,551.6309043697433,28.35,72.9,2025,10
2025-10-07 09:30:00+05:30,560.9031992403354,28.7,70.5,2025,10
2025-10-07 09:45:00+05:30,568.2357980875403,29.200000000000003,69.6,2025,10
2025-10-07 10:00:00+05:30,579.7203397178042,28.450000000000003,73.5,2025,10
2025-10-07 10:15:00+05:30,582.210750701627,29.450000000000003,68.6,2025,10
2025-10-07 10:30:00+05:30,580.4043839332605,29.65,65.4,2025,10
2025-10-07 10:45:00+05:30,583.29323729887,29.65,66.4,2025,10
2025-10-07 11:00:00+05:30,581.0463024501252,29.950000000000003,63.9,2025,10
2025-10-07 11:15:00+05:30,576.7191524926961,30.05,64.8,2025,10
2025-10-07 11:30:00+05:30,574.4777496246419,30.0,64.2,2025,10
2025-10-07 11:45:00+05:30,573.6853552575699,30.200000000000003,63.2,2025,10
2025-10-07 12:00:00+05:30,574.8108822406759,30.15,63.2,2025,10
2025-10-07 12:15:00+05:30,573.4003030508396,30.8,61.9,2025,10
2025-10-07 12:30:00+05:30,573.2253115774561,30.85,62.4,2025,10
2025-10-07 12:45:00+05:30,566.4035123359482,30.35,63.3,2025,10
2025-10-07 13:00:00+05:30,564.2516330816238,30.6,64.2,2025,10
2025-10-07 13:15:00+05:30,563.0964510818078,30.700000000000003,63.1,2025,10
2025-10-07 13:30:00+05:30,561.7985308274598,30.450000000000003,65.6,2025,10
2025-10-07 13:45:00+05:30,561.3830608911461,30.85,63.7,2025,10
2025-10-07 14:00:00+05:30,566.9464372945515,31.05,63.3,2025,10
2025-10-07 14:15:00+05:30,569.2441006580968,31.05,63.0,2025,10
2025-10-07 14:30:00+05:30,570.3798784505259,31.1,60.7,2025,10
2025-10-07 14:45:00+05:30,572.0070283136184,31.05,61.4,2025,10
2025-10-07 15:00:00+05:30,575.8206686182891,30.95,62.6,2025,10
2025-10-07 15:15:00+05:30,574.4097170427829,31.05,61.2,2025,10
2025-10-07 15:30:00+05:30,571.7152864658684,31.1,61.1,2025,10
2025-10-07 15:45:00+05:30,570.4351973945203,30.9,63.0,2025,10
2025-10-07 16:00:00+05:30,569.0779311474184,32.05,57.6,2025,10
2025-10-07 16:15:00+05:30,568.0455357211442,32.2,56.3,2025,10
2025-10-07 16:30:00+05:30,565.296878355383,32.2,57.8,2025,10
2025-10-07 16:45:00+05:30,562.9176126887671,33.1,59.8,2025,10
2025-10-07 17:00:00+05:30,558.4387995950484,31.55,63.5,2025,10
2025-10-07 17:15:00+05:30,553.6034099439314,30.15,68.6,2025,10
2025-10-07 17:30:00+05:30,548.1372795387285,29.25,73.6,2025,10
2025-10-07 17:45:00+05:30,543.1368687457478,28.65,76.0,2025,10
2025-10-07 18:00:00+05:30,539.8103544065773,28.25,78.2,2025,10
2025-10-07 18:15:00+05:30,534.3823748100853,28.0,79.7,2025,10
2025-10-07 18:30:00+05:30,530.878023716345,27.85,78.5,2025,10
2025-10-07 18:45:00+05:30,524.0601518837171,27.75,78.7,2025,10
2025-10-07 19:00:00+05:30,515.9927106700032,27.7,80.0,2025,10
2025-10-07 19:15:00+05:30,505.80387182950994,27.6,81.7,2025,10
2025-10-07 19:30:00+05:30,495.48214814105256,27.55,82.2,2025,10
2025-10-07 19:45:00+05:30,489.0696602759227,27.450000000000003,82.5,2025,10
2025-10-07 20:00:00+05:30,479.06757292954615,27.4,81.6,2025,10
2025-10-07 20:15:00+05:30,471.6077521678677,27.35,81.3,2025,10
2025-10-07 20:30:00+05:30,463.86523762960405,27.25,81.1,2025,10
2025-10-07 20:45:00+05:30,458.5724612339076,27.25,81.6,2025,10
2025-10-07 21:00:00+05:30,452.5306022598604,27.2,80.9,2025,10
2025-10-07 21:15:00+05:30,448.1561586113079,27.05,81.7,2025,10
2025-10-07 21:30:00+05:30,444.0392702113217,27.0,81.9,2025,10
2025-10-07 21:45:00+05:30,438.0241947962152,26.950000000000003,82.7,2025,10
2025-10-07 22:00:00+05:30,431.7066201023896,26.85,83.4,2025,10
2025-10-07 22:15:00+05:30,422.7936788992452,26.85,83.4,2025,10
2025-10-07 22:30:00+05:30,418.920705145134,26.8,84.3,2025,10
2025-10-07 22:45:00+05:30,413.0639572274399,26.75,84.1,2025,10
2025-10-07 23:00:00+05:30,405.97946317443234,26.75,84.8,2025,10
2025-10-07 23:15:00+05:30,397.2833128971068,26.700000000000003,85.5,2025,10
2025-10-07 23:30:00+05:30,389.7585841740348,26.700000000000003,85.7,2025,10
2025-10-07 23:45:00+05:30,383.8939400165411,26.65,85.5,2025,10
2025-10-08 00:00:00+05:30,377.0,26.6,84.6,2025,10
2025-10-08 00:15:00+05:30,373.0,26.6,84.3,2025,10
2025-10-08 00:30:00+05:30,365.0,26.6,84.7,2025,10
2025-10-08 00:45:00+05:30,360.0,26.5,85.2,2025,10
2025-10-08 01:00:00+05:30,354.0,26.35,86.1,2025,10
2025-10-08 01:15:00+05:30,350.0,26.35,87.5,2025,10
2025-10-08 01:30:00+05:30,346.0,26.3,88.4,2025,10
2025-10-08 01:45:00+05:30,343.0,26.3,89.1,2025,10
2025-10-08 02:00:00+05:30,340.0,26.15,90.9,2025,10
2025-10-08 02:15:00+05:30,337.0,26.05,93.6,2025,10
2025-10-08 02:30:00+05:30,333.0,25.9,93.8,2025,10
2025-10-08 02:45:00+05:30,330.0,25.8,94.5,2025,10
2025-10-08 03:00:00+05:30,330.0,25.75,94.5,2025,10
2025-10-08 03:15:00+05:30,327.0,25.75,94.2,2025,10
2025-10-08 03:30:00+05:30,324.0,25.75,94.2,2025,10
2025-10-08 03:45:00+05:30,321.0,25.7,94.6,2025,10
2025-10-08 04:00:00+05:30,319.0,25.75,94.7,2025,10
2025-10-08 04:15:00+05:30,320.0,25.75,94.7,2025,10
2025-10-08 04:30:00+05:30,319.0,25.75,94.8,2025,10
2025-10-08 04:45:00+05:30,323.0,25.7,95.1,2025,10
2025-10-08 05:00:00+05:30,324.0,25.65,95.0,2025,10
2025-10-08 05:15:00+05:30,326.0,25.55,95.1,2025,10
2025-10-08 05:30:00+05:30,332.0,25.5,95.2,2025,10
2025-10-08 05:45:00+05:30,339.0,25.5,95.4,2025,10
2025-10-08 06:00:00+05:30,350.0,25.45,95.7,2025,10
2025-10-08 06:15:00+05:30,359.0,25.35,95.9,2025,10
2025-10-08 06:30:00+05:30,369.0,25.4,95.6,2025,10
2025-10-08 06:45:00+05:30,383.0,25.55,94.7,2025,10
2025-10-08 07:00:00+05:30,398.0,25.75,93.7,2025,10
2025-10-08 07:15:00+05:30,415.0,26.0,92.6,2025,10
2025-10-08 07:30:00+05:30,433.0,26.3,91.5,2025,10
2025-10-08 07:45:00+05:30,451.0,26.75,89.4,2025,10
2025-10-08 08:00:00+05:30,472.0,27.5,86.1,2025,10
2025-10-08 08:15:00+05:30,492.0,28.75,77.6,2025,10
2025-10-08 08:30:00+05:30,511.0,29.35,74.1,2025,10
2025-10-08 08:45:00+05:30,527.0,29.9,70.9,2025,10
2025-10-08 09:00:00+05:30,542.0,30.45,68.0,2025,10
2025-10-08 09:15:00+05:30,554.0,30.9,66.8,2025,10
2025-10-08 09:30:00+05:30,563.0,30.95,65.6,2025,10
2025-10-08 09:45:00+05:30,573.0,30.75,67.0,2025,10
2025-10-08 10:00:00+05:30,578.0,31.5,65.4,2025,10
2025-10-08 10:15:00+05:30,580.0,32.0,64.7,2025,10
2025-10-08 10:30:00+05:30,583.0,31.4,67.4,2025,10
2025-10-08 10:45:00+05:30,589.0,31.1,71.1,2025,10
2025-10-08 11:00:00+05:30,590.0,31.05,72.8,2025,10
2025-10-08 11:15:00+05:30,588.0,31.45,70.8,2025,10
2025-10-08 11:30:00+05:30,589.0,31.75,70.0,2025,10
2025-10-08 11:45:00+05:30,585.0,31.65,71.0,2025,10
2025-10-08 12:00:00+05:30,583.0,32.1,69.7,2025,10
2025-10-08 12:15:00+05:30,581.0,32.3,68.6,2025,10
2025-10-08 12:30:00+05:30,580.0,31.9,67.4,2025,10
2025-10-08 12:45:00+05:30,580.0,32.25,66.8,2025,10
2025-10-08 13:00:00+05:30,575.0,32.55,66.8,2025,10
2025-10-08 13:15:00+05:30,575.0,32.4,66.0,2025,10
2025-10-08 13:30:00+05:30,572.0,32.75,64.7,2025,10
2025-10-08 13:45:00+05:30,574.0,33.2,63.2,2025,10
2025-10-08 14:00:00+05:30,577.0,33.65,64.4,2025,10
2025-10-08 14:15:00+05:30,583.0,32.6,65.2,2025,10
2025-10-08 14:30:00+05:30,585.0,32.650000000000006,64.4,2025,10
2025-10-08 14:45:00+05:30,582.0,32.3,65.7,2025,10
2025-10-08 15:00:00+05:30,582.0,32.15,64.9,2025,10
2025-10-08 15:15:00+05:30,585.0,31.9,65.7,2025,10
2025-10-08 15:30:00+05:30,586.0,31.950000000000003,64.2,2025,10
2025-10-08 15:45:00+05:30,592.0,32.400000000000006,61.5,2025,10
2025-10-08 16:00:00+05:30,587.0,32.4,61.0,2025,10
2025-10-08 16:15:00+05:30,584.0,32.5,61.0,2025,10
2025-10-08 16:30:00+05:30,578.0,32.25,60.6,2025,10
2025-10-08 16:45:00+05:30,574.0,32.5,60.0,2025,10
2025-10-08 17:00:00+05:30,570.0,31.95,62.2,2025,10
2025-10-08 17:15:00+05:30,565.0,30.8,67.2,2025,10
2025-10-08 17:30:00+05:30,560.0,30.1,71.1,2025,10
2025-10-08 17:45:00+05:30,556.0,29.5,73.8,2025,10
2025-10-08 18:00:00+05:30,551.0,29.1,75.3,2025,10
2025-10-08 18:15:00+05:30,545.0,28.85,77.0,2025,10
2025-10-08 18:30:00+05:30,543.0,28.65,77.7,2025,10
2025-10-08 18:45:00+05:30,538.0,28.5,77.7,2025,10
2025-10-08 19:00:00+05:30,528.0,28.35,78.0,2025,10
2025-10-08 19:15:00+05:30,518.0,28.25,78.1,2025,10
2025-10-08 19:30:00+05:30,510.0,28.200000000000003,79.1,2025,10
2025-10-08 19:45:00+05:30,503.0,28.15,80.1,2025,10
2025-10-08 20:00:00+05:30,490.0,28.05,80.3,2025,10
2025-10-08 20:15:00+05:30,483.0,28.0,80.9,2025,10
2025-10-08 20:30:00+05:30,476.0,27.9,82.2,2025,10
2025-10-08 20:45:00+05:30,469.0,27.8,83.0,2025,10
2025-10-08 21:00:00+05:30,465.0,27.8,83.8,2025,10
2025-10-08 21:15:00+05:30,459.0,27.7,82.1,2025,10
2025-10-08 21:30:00+05:30,453.0,27.65,81.1,2025,10
2025-10-08 21:45:00+05:30,449.0,27.55,81.4,2025,10
2025-10-08 22:00:00+05:30,442.0,27.5,81.7,2025,10
2025-10-08 22:15:00+05:30,432.0,27.4,81.3,2025,10
2025-10-08 22:30:00+05:30,427.0,27.3,82.2,2025,10
2025-10-08 22:45:00+05:30,424.0,27.25,81.1,2025,10
2025-10-08 23:00:00+05:30,416.0,27.2,79.6,2025,10
2025-10-08 23:15:00+05:30,407.0,27.2,79.6,2025,10
2025-10-08 23:30:00+05:30,400.0,27.05,80.2,2025,10
2025-10-08 23:45:00+05:30,392.0,27.0,80.7,2025,10
2025-10-09 00:00:00+05:30,385.3982222620616,26.9,81.3,2025,10
2025-10-09 00:15:00+05:30,378.4642360163525,26.75,82.8,2025,10
2025-10-09 00:30:00+05:30,374.7586770702468,26.65,83.4,2025,10
2025-10-09 00:45:00+05:30,368.5609099791652,26.6,84.3,2025,10
2025-10-09 01:00:00+05:30,362.302750905408,26.5,85.2,2025,10
2025-10-09 01:15:00+05:30,359.3819672777748,26.4,85.7,2025,10
2025-10-09 01:30:00+05:30,356.8823923842272,26.45,86.5,2025,10
2025-10-09 01:45:00+05:30,352.7239546972613,26.35,86.5,2025,10
2025-10-09 02:00:00+05:30,349.1272050238542,26.35,86.7,2025,10
2025-10-09 02:15:00+05:30,347.521948616686,26.25,87.0,2025,10
2025-10-09 02:30:00+05:30,346.007621212374,26.2,87.3,2025,10
2025-10-09 02:45:00+05:30,343.05167410235856,26.25,87.7,2025,10
2025-10-09 03:00:00+05:30,339.18863218942425,26.25,88.1,2025,10
2025-10-09 03:15:00+05:30,334.5679574272806,26.200000000000003,88.1,2025,10
2025-10-09 03:30:00+05:30,331.1872093240272,26.200000000000003,88.1,2025,10
2025-10-09 03:45:00+05:30,328.28927482250924,26.200000000000003,87.1,2025,10
2025-10-09 04:00:00+05:30,328.15954620379046,26.15,86.6,2025,10
2025-10-09 04:15:00+05:30,326.2000964712606,26.1,86.5,2025,10
2025-10-09 04:30:00+05:30,328.5374209044851,26.05,87.1,2025,10
2025-10-09 04:45:00+05:30,331.51409280112875,26.0,87.9,2025,10
2025-10-09 05:00:00+05:30,331.61453418721726,25.95,88.6,2025,10
2025-10-09 05:15:00+05:30,333.2929881238131,25.85,88.7,2025,10
2025-10-09 05:30:00+05:30,339.5109332393254,25.9,88.3,2025,10
2025-10-09 05:45:00+05:30,346.38435159474204,25.9,88.3,2025,10
2025-10-09 06:00:00+05:30,357.0770397428481,25.85,88.9,2025,10
2025-10-09 06:15:00+05:30,366.5102141655124,25.8,88.9,2025,10
2025-10-09 06:30:00+05:30,380.5948303198318,25.85,88.9,2025,10
2025-10-09 06:45:00+05:30,392.6597968573801,25.95,87.1,2025,10
2025-10-09 07:00:00+05:30,408.6883430632474,26.1,84.6,2025,10
2025-10-09 07:15:00+05:30,424.190146741129,26.5,82.3,2025,10
2025-10-09 07:30:00+05:30,440.7612310485322,26.9,80.9,2025,10
2025-10-09 07:45:00+05:30,458.2226746681206,27.3,80.1,2025,10
2025-10-09 08:00:00+05:30,479.8779635115957,28.15,76.8,2025,10
2025-10-09 08:15:00+05:30,497.8269789387475,29.0,72.1,2025,10
2025-10-09 08:30:00+05:30,514.6346362735152,29.6,70.4,2025,10
2025-10-09 08:45:00+05:30,529.5536246714103,30.3,66.8,2025,10
2025-10-09 09:00:00+05:30,544.1227881137744,30.75,65.6,2025,10
2025-10-09 09:15:00+05:30,558.8403472183684,31.0,64.6,2025,10
2025-10-09 09:30:00+05:30,569.0236916386618,31.6,63.0,2025,10
2025-10-09 09:45:00+05:30,578.9552934333702,32.15,59.4,2025,10
2025-10-09 10:00:00+05:30,585.8197099562013,32.45,60.5,2025,10
2025-10-09 10:15:00+05:30,589.4643038046963,32.7,60.3,2025,10
2025-10-09 10:30:00+05:30,594.9719439123578,32.8,62.0,2025,10
2025-10-09 10:45:00+05:30,597.9829314355642,32.85,62.1,2025,10
2025-10-09 11:00:00+05:30,596.6989495876296,32.95,62.7,2025,10
2025-10-09 11:15:00+05:30,596.2735288786245,33.150000000000006,62.5,2025,10
2025-10-09 11:30:00+05:30,596.7145366841291,33.5,59.8,2025,10
2025-10-09 11:45:00+05:30,593.8314190145885,33.8,59.0,2025,10
2025-10-09 12:00:00+05:30,593.5664044143558,34.05,57.9,2025,10
2025-10-09 12:15:00+05:30,595.2805728774807,33.650000000000006,60.3,2025,10
2025-10-09 12:30:00+05:30,591.4851358529974,33.349999999999994,59.5,2025,10
2025-10-09 12:45:00+05:30,587.9724758793658,32.55,61.4,2025,10
2025-10-09 13:00:00+05:30,582.9456671825145,32.5,59.9,2025,10
2025-10-09 13:15:00+05:30,581.5286096453691,33.05,56.8,2025,10
2025-10-09 13:30:00+05:30,578.2464579950988,33.75,54.5,2025,10
2025-10-09 13:45:00+05:30,575.4922189711164,34.2,55.3,2025,10
2025-10-09 14:00:00+05:30,579.1193811232246,34.4,54.2,2025,10
2025-10-09 14:15:00+05:30,584.6948482036316,33.75,55.6,2025,10
2025-10-09 14:30:00+05:30,586.6938693172972,33.4,55.7,2025,10
2025-10-09 14:45:00+05:30,585.5700735862066,33.4,54.5,2025,10
2025-10-09 15:00:00+05:30,584.45666351018,33.5,54.1,2025,10
2025-10-09 15:15:00+05:30,585.5629957204877,33.45,53.1,2025,10
2025-10-09 15:30:00+05:30,581.2939534845153,33.7,51.9,2025,10
2025-10-09 15:45:00+05:30,581.5159556186563,33.9,49.6,2025,10
2025-10-09 16:00:00+05:30,580.6885785381908,34.2,49.2,2025,10
2025-10-09 16:15:00+05:30,580.618234334238,34.45,47.1,2025,10
2025-10-09 16:30:00+05:30,574.6447254742255,33.65,49.6,2025,10
2025-10-09 16:45:00+05:30,572.7954462279619,33.400000000000006,51.4,2025,10
2025-10-09 17:00:00+05:30,571.1530763055225,32.75,53.9,2025,10
2025-10-09 17:15:00+05:30,564.1203177083546,31.55,58.2,2025,10
2025-10-09 17:30:00+05:30,555.9381686363115,30.9,59.4,2025,10
2025-10-09 17:45:00+05:30,553.2190056723672,30.25,63.1,2025,10
2025-10-09 18:00:00+05:30,550.9399146913677,29.85,66.6,2025,10
2025-10-09 18:15:00+05:30,547.2923791243273,29.55,68.0,2025,10
2025-10-09 18:30:00+05:30,541.7256090295631,29.3,71.1,2025,10
2025-10-09 18:45:00+05:30,535.4183421489416,29.15,70.1,2025,10
2025-10-09 19:00:00+05:30,527.0694321965931,29.0,72.5,2025,10
2025-10-09 19:15:00+05:30,520.3664462525445,28.8,71.8,2025,10
2025-10-09 19:30:00+05:30,510.22420450325257,28.7,71.5,2025,10
2025-10-09 19:45:00+05:30,502.7105029407173,28.7,72.2,2025,10
2025-10-09 20:00:00+05:30,492.268562424042,28.55,73.0,2025,10
2025-10-09 20:15:00+05:30,486.7578821816455,28.45,73.2,2025,10
2025-10-09 20:30:00+05:30,477.89305395278944,28.35,73.7,2025,10
2025-10-09 20:45:00+05:30,472.00066087901695,28.2,73.8,2025,10
2025-10-09 21:00:00+05:30,464.8414582434818,28.15,74.8,2025,10
2025-10-09 21:15:00+05:30,458.5272909044328,27.950000000000003,75.9,2025,10
2025-10-09 21:30:00+05:30,453.78915790325294,27.85,76.6,2025,10
2025-10-09 21:45:00+05:30,449.3229115893383,27.8,77.0,2025,10
2025-10-09 22:00:00+05:30,442.073214505758,27.7,78.0,2025,10
2025-10-09 22:15:00+05:30,435.3835041939807,27.55,79.1,2025,10
2025-10-09 22:30:00+05:30,428.6165102952886,27.450000000000003,79.7,2025,10
2025-10-09 22:45:00+05:30,419.4566010265209,27.35,81.3,2025,10
2025-10-09 23:00:00+05:30,414.7503459657777,27.3,81.3,2025,10
2025-10-09 23:15:00+05:30,407.51019572520113,27.25,79.1,2025,10
2025-10-09 23:30:00+05:30,398.92128666855086,27.25,78.4,2025,10
2025-10-09 23:45:00+05:30,393.0353146560354,27.200000000000003,78.5,2025,10
2025-10-10 00:00:00+05:30,386.0446830590813,27.15,78.4,2025,10
2025-10-10 00:15:00+05:30,378.36756255399575,27.0,79.0,2025,10
2025-10-10 00:30:00+05:30,370.1029800520645,26.85,80.2,2025,10
2025-10-10 00:45:00+05:30,364.5431254347373,26.75,78.6,2025,10
2025-10-10 01:00:00+05:30,356.2957873924516,26.8,74.7,2025,10
2025-10-10 01:15:00+05:30,350.308476908701,26.75,74.1,2025,10
2025-10-10 01:30:00+05:30,346.4835814372525,26.6,74.9,2025,10
2025-10-10 01:45:00+05:30,343.9726447332434,26.5,74.8,2025,10
2025-10-10 02:00:00+05:30,341.32659274417983,26.4,74.7,2025,10
2025-10-10 02:15:00+05:30,338.11969117365004,26.4,74.1,2025,10
2025-10-10 02:30:00+05:30,335.9454105434652,26.4,74.7,2025,10
2025-10-10 02:45:00+05:30,332.6423976700665,26.3,75.5,2025,10
2025-10-10 03:00:00+05:30,330.2950799957017,26.25,76.2,2025,10
2025-10-10 03:15:00+05:30,326.9875346138006,26.200000000000003,76.4,2025,10
2025-10-10 03:30:00+05:30,323.48595222795194,26.1,77.0,2025,10
2025-10-10 03:45:00+05:30,321.5853892460586,26.05,76.4,2025,10
2025-10-10 04:00:00+05:30,319.0779020686788,26.05,75.0,2025,10
2025-10-10 04:15:00+05:30,319.4490459285097,25.95,74.2,2025,10
2025-10-10 04:30:00+05:30,320.88179036046006,25.9,75.7,2025,10
2025-10-10 04:45:00+05:30,323.3300012480615,25.85,76.3,2025,10
2025-10-10 05:00:00+05:30,325.24730360548995,25.8,76.6,2025,10
2025-10-10 05:15:00+05:30,327.3958071493994,25.75,77.0,2025,10
2025-10-10 05:30:00+05:30,333.9457801990002,25.700000000000003,77.7,2025,10
2025-10-10 05:45:00+05:30,339.4117526378411,25.65,77.5,2025,10
2025-10-10 06:00:00+05:30,347.4866025124274,25.6,76.8,2025,10
2025-10-10 06:15:00+05:30,357.2404333647814,25.6,76.5,2025,10
2025-10-10 06:30:00+05:30,370.0187340237801,25.65,76.7,2025,10
2025-10-10 06:45:00+05:30,387.1735255838518,25.700000000000003,77.7,2025,10
2025-10-10 07:00:00+05:30,404.5841897857196,25.950000000000003,77.9,2025,10
2025-10-10 07:15:00+05:30,420.57380945205887,26.3,77.3,2025,10
2025-10-10 07:30:00+05:30,434.97318076134144,26.65,76.5,2025,10
2025-10-10 07:45:00+05:30,455.1534510228574,27.1,75.5,2025,10
2025-10-10 08:00:00+05:30,477.4296338719748,28.15,71.7,2025,10
2025-10-10 08:15:00+05:30,496.1098977056496,28.85,67.5,2025,10
2025-10-10 08:30:00+05:30,511.053180649564,29.75,65.3,2025,10
2025-10-10 08:45:00+05:30,527.8511736922364,30.3,64.2,2025,10
2025-10-10 09:00:00+05:30,544.9149558317652,30.6,64.0,2025,10
2025-10-10 09:15:00+05:30,553.7942011426725,31.05,62.6,2025,10
2025-10-10 09:30:00+05:30,566.6851149479965,31.6,59.5,2025,10
2025-10-10 09:45:00+05:30,577.3879826054989,32.25,57.8,2025,10
2025-10-10 10:00:00+05:30,582.7505340263496,32.65,55.7,2025,10
2025-10-10 10:15:00+05:30,587.5098004365213,33.0,52.5,2025,10
2025-10-10 10:30:00+05:30,593.834063819939,33.35,53.0,2025,10
2025-10-10 10:45:00+05:30,600.5877123605015,33.95,50.3,2025,10
2025-10-10 11:00:00+05:30,598.1646062486076,34.599999999999994,47.5,2025,10
2025-10-10 11:15:00+05:30,597.6113762159556,34.55,52.9,2025,10
2025-10-10 11:30:00+05:30,589.8384324819867,34.3,55.1,2025,10
2025-10-10 11:45:00+05:30,587.7233966902259,34.3,55.2,2025,10
2025-10-10 12:00:00+05:30,591.2578615489108,34.15,56.2,2025,10
2025-10-10 12:15:00+05:30,593.6929963395413,34.55,54.6,2025,10
2025-10-10 12:30:00+05:30,595.029786238551,34.75,56.2,2025,10
2025-10-10 12:45:00+05:30,595.3395651066062,34.65,55.1,2025,10
2025-10-10 13:00:00+05:30,588.7242970824828,34.7,55.5,2025,10
2025-10-10 13:15:00+05:30,586.9124497032451,34.599999999999994,55.7,2025,10
2025-10-10 13:30:00+05:30,584.7184817046037,34.8,56.1,2025,10
2025-10-10 13:45:00+05:30,585.5496737523664,35.150000000000006,54.6,2025,10
2025-10-10 14:00:00+05:30,590.2021627804528,34.55,55.6,2025,10
2025-10-10 14:15:00+05:30,593.1052052451107,34.05,56.1,2025,10
2025-10-10 14:30:00+05:30,592.2995844908356,34.05,56.1,2025,10
2025-10-10 14:45:00+05:30,595.1206032570374,34.150000000000006,53.4,2025,10
2025-10-10 15:00:00+05:30,596.6427403163676,34.099999999999994,52.5,2025,10
2025-10-10 15:15:00+05:30,595.6371390721418,34.400000000000006,51.9,2025,10
2025-10-10 15:30:00+05:30,589.9806300508195,34.35,50.8,2025,10
2025-10-10 15:45:00+05:30,590.5120700389499,34.6,47.7,2025,10
2025-10-10 16:00:00+05:30,591.3355859125674,34.6,46.8,2025,10
2025-10-10 16:15:00+05:30,587.8641529782633,34.6,47.2,2025,10
2025-10-10 16:30:00+05:30,583.7268755708238,34.2,48.8,2025,10
2025-10-10 16:45:00+05:30,580.4680288341681,33.75,49.6,2025,10
2025-10-10 17:00:00+05:30,575.8827602607652,32.9,52.4,2025,10
2025-10-10 17:15:00+05:30,570.1304589267414,31.65,57.9,2025,10
2025-10-10 17:30:00+05:30,563.1906724148023,31.1,60.8,2025,10
2025-10-10 17:45:00+05:30,556.8774336798942,30.5,64.5,2025,10
2025-10-10 18:00:00+05:30,552.6321007037258,29.95,64.2,2025,10
2025-10-10 18:15:00+05:30,548.6077288405795,29.6,65.0,2025,10
2025-10-10 18:30:00+05:30,544.4700523202201,29.4,64.8,2025,10
2025-10-10 18:45:00+05:30,538.5882228401218,29.25,65.5,2025,10
2025-10-10 19:00:00+05:30,529.1534129197576,29.1,67.2,2025,10
2025-10-10 19:15:00+05:30,518.7624141093734,29.05,65.5,2025,10
2025-10-10 19:30:00+05:30,511.3782377379279,28.950000000000003,63.7,2025,10
2025-10-10 19:45:00+05:30,500.95252941539457,28.85,65.5,2025,10
2025-10-10 20:00:00+05:30,491.130603247837,28.7,66.6,2025,10
2025-10-10 20:15:00+05:30,487.3749222084924,28.55,69.3,2025,10
2025-10-10 20:30:00+05:30,478.34221996665445,28.5,68.9,2025,10
2025-10-10 20:45:00+05:30,472.2522956800823,28.45,68.0,2025,10
2025-10-10 21:00:00+05:30,466.5742034088868,28.35,67.2,2025,10
2025-10-10 21:15:00+05:30,458.5519990120729,28.200000000000003,68.3,2025,10
2025-10-10 21:30:00+05:30,454.2737334507431,28.05,69.3,2025,10
2025-10-10 21:45:00+05:30,447.5580663430491,27.95,69.5,2025,10
2025-10-10 22:00:00+05:30,441.7632214051846,27.85,70.7,2025,10
2025-10-10 22:15:00+05:30,433.7264905627986,27.8,69.9,2025,10
2025-10-10 22:30:00+05:30,428.9517627229892,27.65,69.6,2025,10
2025-10-10 22:45:00+05:30,422.1399265897984,27.65,70.5,2025,10
2025-10-10 23:00:00+05:30,416.2228041937139,27.55,69.9,2025,10
2025-10-10 23:15:00+05:30,407.8484411406431,27.450000000000003,71.1,2025,10
2025-10-10 23:30:00+05:30,400.6325833997568,27.35,72.5,2025,10
2025-10-10 23:45:00+05:30,393.0438416667794,27.3,72.1,2025,10
2025-10-11 00:00:00+05:30,382.9278889398794,27.2,72.1,2025,10
2025-10-11 00:15:00+05:30,375.8073151245483,27.15,71.8,2025,10
2025-10-11 00:30:00+05:30,370.28767000459294,27.05,71.9,2025,10
2025-10-11 00:45:00+05:30,365.78585668881146,26.95,70.6,2025,10
2025-10-11 01:00:00+05:30,357.8223709134313,26.85,70.5,2025,10
2025-10-11 01:15:00+05:30,354.6130770680876,26.8,70.5,2025,10
2025-10-11 01:30:00+05:30,348.2993005894806,26.7,70.1,2025,10
2025-10-11 01:45:00+05:30,346.13477384046234,26.7,69.3,2025,10
2025-10-11 02:00:00+05:30,343.4743558176608,26.55,68.7,2025,10
2025-10-11 02:15:00+05:30,339.7525318117381,26.5,68.2,2025,10
2025-10-11 02:30:00+05:30,336.7232253632495,26.35,68.7,2025,10
2025-10-11 02:45:00+05:30,330.89406640434885,26.3,70.3,2025,10
2025-10-11 03:00:00+05:30,329.4150166748232,26.2,71.6,2025,10
2025-10-11 03:15:00+05:30,325.32157598087366,26.15,72.8,2025,10
2025-10-11 03:30:00+05:30,320.8089655101211,26.1,75.4,2025,10
2025-10-11 03:45:00+05:30,319.4904539507392,26.05,77.7,2025,10
2025-10-11 04:00:00+05:30,316.9939132932903,26.05,78.0,2025,10
2025-10-11 04:15:00+05:30,317.85514110091674,25.95,78.5,2025,10
2025-10-11 04:30:00+05:30,318.5597549305421,25.95,78.1,2025,10
2025-10-11 04:45:00+05:30,319.9433953647491,25.85,77.6,2025,10
2025-10-11 05:00:00+05:30,321.54244842202775,25.8,74.8,2025,10
2025-10-11 05:15:00+05:30,322.873232983244,25.8,72.6,2025,10
2025-10-11 05:30:00+05:30,327.8331906127417,25.75,73.3,2025,10
2025-10-11 05:45:00+05:30,331.9192797468791,25.7,74.4,2025,10
2025-10-11 06:00:00+05:30,337.70581929465817,25.65,75.2,2025,10
2025-10-11 06:15:00+05:30,339.5274698360441,25.6,76.0,2025,10
2025-10-11 06:30:00+05:30,349.43444694644165,25.65,76.7,2025,10
2025-10-11 06:45:00+05:30,356.2424163554251,25.75,76.0,2025,10
2025-10-11 07:00:00+05:30,363.4229830806726,25.95,75.4,2025,10
2025-10-11 07:15:00+05:30,371.6959137150995,26.15,74.8,2025,10
2025-10-11 07:30:00+05:30,380.499410454711,26.55,74.9,2025,10
2025-10-11 07:45:00+05:30,391.2648588274396,27.05,74.9,2025,10
2025-10-11 08:00:00+05:30,405.7083030583682,28.1,71.0,2025,10
2025-10-11 08:15:00+05:30,419.64350915956686,28.8,68.1,2025,10
2025-10-11 08:30:00+05:30,429.5656315742199,29.45,66.2,2025,10
2025-10-11 08:45:00+05:30,442.1477571481266,29.8,64.5,2025,10
2025-10-11 09:00:00+05:30,455.3855465587191,30.6,61.1,2025,10
2025-10-11 09:15:00+05:30,466.7968847852471,31.15,61.1,2025,10
2025-10-11 09:30:00+05:30,475.748966853569,31.8,59.5,2025,10
2025-10-11 09:45:00+05:30,488.5919527710695,32.5,56.8,2025,10
2025-10-11 10:00:00+05:30,493.3373723946047,32.9,53.1,2025,10
2025-10-11 10:15:00+05:30,500.1249466145137,33.2,53.9,2025,10
2025-10-11 10:30:00+05:30,504.08689558619534,33.4,51.7,2025,10
2025-10-11 10:45:00+05:30,508.165272664673,33.9,48.5,2025,10
2025-10-11 11:00:00+05:30,509.18888858355456,34.2,48.5,2025,10
2025-10-11 11:15:00+05:30,511.0786365282816,34.8,45.1,2025,10
2025-10-11 11:30:00+05:30,509.3388438742089,35.15,43.1,2025,10
2025-10-11 11:45:00+05:30,511.78650332095,35.6,43.5,2025,10
2025-10-11 12:00:00+05:30,514.5891269642048,35.15,49.4,2025,10
2025-10-11 12:15:00+05:30,514.6304136032039,34.5,53.9,2025,10
2025-10-11 12:30:00+05:30,513.9972207147057,34.8,53.4,2025,10
2025-10-11 12:45:00+05:30,513.6083006786006,35.0,53.1,2025,10
2025-10-11 13:00:00+05:30,508.5694875288042,34.95,53.4,2025,10
2025-10-11 13:15:00+05:30,508.4448534823079,34.95,53.4,2025,10
2025-10-11 13:30:00+05:30,510.2099999888656,34.8,53.3,2025,10
2025-10-11 13:45:00+05:30,508.59734618432987,35.0,52.0,2025,10
2025-10-11 14:00:00+05:30,510.7015528135543,35.1,50.8,2025,10
2025-10-11 14:15:00+05:30,515.5780080317093,34.65,50.6,2025,10
2025-10-11 14:30:00+05:30,512.9784831618304,34.25,51.7,2025,10
2025-10-11 14:45:00+05:30,513.4443098936633,34.4,50.2,2025,10
2025-10-11 15:00:00+05:30,511.2796213758925,34.1,51.5,2025,10
2025-10-11 15:15:00+05:30,510.79881732952384,34.15,50.3,2025,10
2025-10-11 15:30:00+05:30,509.49370751522406,34.25,49.9,2025,10
2025-10-11 15:45:00+05:30,507.2135896493691,34.4,48.3,2025,10
2025-10-11 16:00:00+05:30,507.452415406059,34.2,48.3,2025,10
2025-10-11 16:15:00+05:30,498.8882454994306,34.25,45.5,2025,10
2025-10-11 16:30:00+05:30,496.449892384488,34.25,45.0,2025,10
2025-10-11 16:45:00+05:30,492.911837384373,33.9,46.3,2025,10
2025-10-11 17:00:00+05:30,489.8345377501244,32.5,51.4,2025,10
2025-10-11 17:15:00+05:30,486.9949192610869,31.85,54.3,2025,10
2025-10-11 17:30:00+05:30,482.2945785378935,31.2,56.2,2025,10
2025-10-11 17:45:00+05:30,480.6419061802269,30.5,58.4,2025,10
2025-10-11 18:00:00+05:30,481.46365437424646,30.0,63.1,2025,10
2025-10-11 18:15:00+05:30,482.1538288935641,29.6,65.5,2025,10
2025-10-11 18:30:00+05:30,483.89977779664576,29.3,65.6,2025,10
2025-10-11 18:45:00+05:30,481.2797806303099,29.1,67.0,2025,10
2025-10-11 19:00:00+05:30,478.56181494182135,28.95,66.4,2025,10
2025-10-11 19:15:00+05:30,474.267074082376,28.85,67.2,2025,10
2025-10-11 19:30:00+05:30,468.5191271814664,28.65,68.3,2025,10
2025-10-11 19:45:00+05:30,461.889580966098,28.55,68.8,2025,10
2025-10-11 20:00:00+05:30,456.0853764884559,28.4,68.7,2025,10
2025-10-11 20:15:00+05:30,453.9058891057185,28.35,69.1,2025,10
2025-10-11 20:30:00+05:30,448.2907608149458,28.3,68.4,2025,10
2025-10-11 20:45:00+05:30,446.4267136601911,28.15,68.9,2025,10
2025-10-11 21:00:00+05:30,440.8267473455055,28.0,70.7,2025,10
2025-10-11 21:15:00+05:30,439.404518592882,27.9,70.4,2025,10
2025-10-11 21:30:00+05:30,432.63136262741904,27.9,67.4,2025,10
2025-10-11 21:45:00+05:30,427.598499580645,27.85,66.3,2025,10
2025-10-11 22:00:00+05:30,420.8805805393849,27.7,67.7,2025,10
2025-10-11 22:15:00+05:30,414.4555067521428,27.6,68.3,2025,10
2025-10-11 22:30:00+05:30,410.4792865553482,27.5,69.0,2025,10
2025-10-11 22:45:00+05:30,405.7168353797759,27.4,69.4,2025,10
2025-10-11 23:00:00+05:30,403.0250640861663,27.3,70.0,2025,10
2025-10-11 23:15:00+05:30,394.7563190588058,27.1,71.0,2025,10
2025-10-11 23:30:00+05:30,388.0385348976386,27.0,71.7,2025,10
2025-10-11 23:45:00+05:30,383.66158733884765,26.95,72.6,2025,10
2025-10-12 00:00:00+05:30,376.0,26.8,73.6,2025,10
2025-10-12 00:15:00+05:30,372.0,26.7,74.9,2025,10
2025-10-12 00:30:00+05:30,367.0,26.7,75.9,2025,10
2025-10-12 00:45:00+05:30,364.0,26.6,76.5,2025,10
2025-10-12 01:00:00+05:30,357.0,26.45,77.0,2025,10
2025-10-12 01:15:00+05:30,354.0,26.4,77.8,2025,10
2025-10-12 01:30:00+05:30,346.0,26.3,78.3,2025,10
2025-10-12 01:45:00+05:30,341.0,26.25,78.2,2025,10
2025-10-12 02:00:00+05:30,339.0,26.200000000000003,78.0,2025,10
2025-10-12 02:15:00+05:30,337.0,26.2,76.2,2025,10
2025-10-12 02:30:00+05:30,334.0,26.15,75.2,2025,10
2025-10-12 02:45:00+05:30,331.0,26.15,74.3,2025,10
2025-10-12 03:00:00+05:30,326.0,25.950000000000003,77.9,2025,10
2025-10-12 03:15:00+05:30,324.0,25.9,76.9,2025,10
2025-10-12 03:30:00+05:30,321.0,25.85,76.3,2025,10
2025-10-12 03:45:00+05:30,319.0,25.8,76.8,2025,10
2025-10-12 04:00:00+05:30,316.0,25.75,76.8,2025,10
2025-10-12 04:15:00+05:30,317.0,25.65,76.7,2025,10
2025-10-12 04:30:00+05:30,318.0,25.6,74.8,2025,10
2025-10-12 04:45:00+05:30,318.0,25.55,74.2,2025,10
2025-10-12 05:00:00+05:30,318.0,25.55,73.6,2025,10
2025-10-12 05:15:00+05:30,319.0,25.55,74.2,2025,10
2025-10-12 05:30:00+05:30,321.0,25.5,75.4,2025,10
2025-10-12 05:45:00+05:30,323.0,25.5,76.5,2025,10
2025-10-12 06:00:00+05:30,327.0,25.45,76.7,2025,10
2025-10-12 06:15:00+05:30,327.0,25.45,77.1,2025,10
2025-10-12 06:30:00+05:30,330.0,25.45,78.5,2025,10
2025-10-12 06:45:00+05:30,334.0,25.6,79.4,2025,10
2025-10-12 07:00:00+05:30,336.0,25.75,79.8,2025,10
2025-10-12 07:15:00+05:30,341.0,26.05,79.5,2025,10
2025-10-12 07:30:00+05:30,345.0,26.4,78.5,2025,10
2025-10-12 07:45:00+05:30,352.0,27.05,75.5,2025,10
2025-10-12 08:00:00+05:30,361.0,28.15,69.9,2025,10
2025-10-12 08:15:00+05:30,368.0,28.9,67.2,2025,10
2025-10-12 08:30:00+05:30,373.0,29.450000000000003,65.3,2025,10
2025-10-12 08:45:00+05:30,381.0,30.15,63.6,2025,10
2025-10-12 09:00:00+05:30,388.0,30.7,60.5,2025,10
2025-10-12 09:15:00+05:30,391.0,31.55,57.1,2025,10
2025-10-12 09:30:00+05:30,399.0,32.0,55.7,2025,10
2025-10-12 09:45:00+05:30,404.0,32.7,52.3,2025,10
2025-10-12 10:00:00+05:30,409.0,33.2,49.3,2025,10
2025-10-12 10:15:00+05:30,415.0,33.65,45.8,2025,10
2025-10-12 10:30:00+05:30,420.0,34.0,43.9,2025,10
2025-10-12 10:45:00+05:30,422.0,34.349999999999994,44.5,2025,10
2025-10-12 11:00:00+05:30,425.0,34.650000000000006,44.0,2025,10
2025-10-12 11:15:00+05:30,425.0,34.900000000000006,43.7,2025,10
2025-10-12 11:30:00+05:30,425.0,35.2,40.8,2025,10
2025-10-12 11:45:00+05:30,427.0,35.650000000000006,40.6,2025,10
2025-10-12 12:00:00+05:30,429.0,35.8,38.4,2025,10
2025-10-12 12:15:00+05:30,428.0,35.8,39.1,2025,10
2025-10-12 12:30:00+05:30,429.0,36.25,37.1,2025,10
2025-10-12 12:45:00+05:30,429.0,36.05,46.1,2025,10
2025-10-12 13:00:00+05:30,427.0,35.4,49.1,2025,10
2025-10-12 13:15:00+05:30,427.0,35.0,51.3,2025,10
2025-10-12 13:30:00+05:30,430.0,35.25,50.2,2025,10
2025-10-12 13:45:00+05:30,429.0,35.75,52.3,2025,10
2025-10-12 14:00:00+05:30,430.0,35.400000000000006,52.0,2025,10
2025-10-12 14:15:00+05:30,429.0,35.0,51.3,2025,10
2025-10-12 14:30:00+05:30,430.0,35.1,50.8,2025,10
2025-10-12 14:45:00+05:30,430.0,35.150000000000006,49.4,2025,10
2025-10-12 15:00:00+05:30,432.0,35.150000000000006,50.2,2025,10
2025-10-12 15:15:00+05:30,431.0,34.9,50.1,2025,10
2025-10-12 15:30:00+05:30,431.0,35.1,48.8,2025,10
2025-10-12 15:45:00+05:30,429.0,35.05,48.3,2025,10
2025-10-12 16:00:00+05:30,432.0,35.150000000000006,48.3,2025,10
2025-10-12 16:15:00+05:30,430.0,34.85,48.7,2025,10
2025-10-12 16:30:00+05:30,429.0,34.349999999999994,51.3,2025,10
2025-10-12 16:45:00+05:30,428.0,33.95,53.3,2025,10
2025-10-12 17:00:00+05:30,428.0,32.85,56.8,2025,10
2025-10-12 17:15:00+05:30,428.0,31.8,60.7,2025,10
2025-10-12 17:30:00+05:30,426.0,31.25,62.5,2025,10
2025-10-12 17:45:00+05:30,425.0,30.65,64.2,2025,10
2025-10-12 18:00:00+05:30,430.0,30.15,67.3,2025,10
2025-10-12 18:15:00+05:30,433.0,29.75,69.5,2025,10
2025-10-12 18:30:00+05:30,436.0,29.55,67.8,2025,10
2025-10-12 18:45:00+05:30,438.0,29.4,68.3,2025,10
2025-10-12 19:00:00+05:30,437.0,29.3,68.0,2025,10
2025-10-12 19:15:00+05:30,433.0,29.15,65.0,2025,10
2025-10-12 19:30:00+05:30,431.0,29.15,63.1,2025,10
2025-10-12 19:45:00+05:30,431.0,29.0,64.0,2025,10
2025-10-12 20:00:00+05:30,429.0,28.85,64.9,2025,10
2025-10-12 20:15:00+05:30,428.0,28.7,63.6,2025,10
2025-10-12 20:30:00+05:30,425.0,28.7,61.9,2025,10
2025-10-12 20:45:00+05:30,424.0,28.6,62.4,2025,10
2025-10-12 21:00:00+05:30,420.0,28.55,64.1,2025,10
2025-10-12 21:15:00+05:30,419.0,28.35,66.2,2025,10
2025-10-12 21:30:00+05:30,417.0,28.15,69.3,2025,10
2025-10-12 21:45:00+05:30,415.0,27.95,69.9,2025,10
2025-10-12 22:00:00+05:30,410.0,27.85,68.4,2025,10
2025-10-12 22:15:00+05:30,407.0,27.8,68.9,2025,10
2025-10-12 22:30:00+05:30,404.0,27.6,70.0,2025,10
2025-10-12 22:45:00+05:30,398.0,27.5,68.7,2025,10
2025-10-12 23:00:00+05:30,394.0,27.4,68.3,2025,10
2025-10-12 23:15:00+05:30,389.0,27.35,70.3,2025,10
2025-10-12 23:30:00+05:30,383.0,27.2,70.4,2025,10
2025-10-12 23:45:00+05:30,376.0,27.15,69.4,2025,10
2025-10-13 00:00:00+05:30,369.0408799465388,27.0,70.9,2025,10
2025-10-13 00:15:00+05:30,364.7344853685002,26.85,72.0,2025,10
2025-10-13 00:30:00+05:30,358.33226094974435,26.7,74.9,2025,10
2025-10-13 00:45:00+05:30,353.7150928059089,26.7,76.8,2025,10
2025-10-13 01:00:00+05:30,347.11050312439266,26.65,76.9,2025,10
2025-10-13 01:15:00+05:30,345.46223413096686,26.55,78.0,2025,10
2025-10-13 01:30:00+05:30,337.76334046551284,26.450000000000003,78.6,2025,10
2025-10-13 01:45:00+05:30,333.6084453752917,26.35,79.0,2025,10
2025-10-13 02:00:00+05:30,331.4121129785559,26.25,79.2,2025,10
2025-10-13 02:15:00+05:30,327.3711470135408,26.200000000000003,79.6,2025,10
2025-10-13 02:30:00+05:30,325.23382182580707,26.2,78.6,2025,10
2025-10-13 02:45:00+05:30,322.3663252922575,26.2,78.5,2025,10
2025-10-13 03:00:00+05:30,321.5967828656381,26.1,78.0,2025,10
2025-10-13 03:15:00+05:30,317.7873322504538,26.0,77.3,2025,10
2025-10-13 03:30:00+05:30,314.4483176000557,26.0,75.8,2025,10
2025-10-13 03:45:00+05:30,313.2977382341175,25.85,76.0,2025,10
2025-10-13 04:00:00+05:30,311.8173437839275,25.85,74.8,2025,10
2025-10-13 04:15:00+05:30,314.24638757512406,25.8,75.4,2025,10
2025-10-13 04:30:00+05:30,315.66678995426776,25.75,74.8,2025,10
2025-10-13 04:45:00+05:30,316.2893635630431,25.7,75.4,2025,10
2025-10-13 05:00:00+05:30,318.40348677767247,25.6,76.0,2025,10
2025-10-13 05:15:00+05:30,320.08925490994005,25.6,74.8,2025,10
2025-10-13 05:30:00+05:30,324.5897006545325,25.6,74.6,2025,10
2025-10-13 05:45:00+05:30,332.89335178823313,25.6,75.2,2025,10
2025-10-13 06:00:00+05:30,347.4786401732309,25.55,75.2,2025,10
2025-10-13 06:15:00+05:30,356.6177575109048,25.55,74.8,2025,10
2025-10-13 06:30:00+05:30,370.332203503882,25.5,75.4,2025,10
2025-10-13 06:45:00+05:30,383.9628628031684,25.6,75.7,2025,10
2025-10-13 07:00:00+05:30,397.8024371675278,25.85,75.4,2025,10
2025-10-13 07:15:00+05:30,417.28714632388414,26.200000000000003,75.4,2025,10
2025-10-13 07:30:00+05:30,433.53420609958505,26.65,75.9,2025,10
2025-10-13 07:45:00+05:30,450.4380107395652,27.55,74.2,2025,10
2025-10-13 08:00:00+05:30,474.0632733109183,28.65,69.5,2025,10
2025-10-13 08:15:00+05:30,496.895142502805,29.15,68.3,2025,10
2025-10-13 08:30:00+05:30,515.205095167694,30.0,64.0,2025,10
2025-10-13 08:45:00+05:30,534.3657150308255,30.75,61.6,2025,10
2025-10-13 09:00:00+05:30,549.6488029925479,31.450000000000003,58.4,2025,10
2025-10-13 09:15:00+05:30,559.8552947059775,31.9,53.6,2025,10
2025-10-13 09:30:00+05:30,569.6984303179376,32.4,50.6,2025,10
2025-10-13 09:45:00+05:30,581.8056445676178,33.2,50.1,2025,10
2025-10-13 10:00:00+05:30,589.8055957163054,33.8,43.7,2025,10
2025-10-13 10:15:00+05:30,591.0967595102583,34.05,39.9,2025,10
2025-10-13 10:30:00+05:30,594.5426032813555,34.5,40.4,2025,10
2025-10-13 10:45:00+05:30,600.2802012466551,34.2,53.6,2025,10
2025-10-13 11:00:00+05:30,600.3798562488337,34.0,53.3,2025,10
2025-10-13 11:15:00+05:30,601.4056851444,33.85,54.2,2025,10
2025-10-13 11:30:00+05:30,597.7330546515951,34.55,51.9,2025,10
2025-10-13 11:45:00+05:30,595.1715284461937,34.25,54.5,2025,10
2025-10-13 12:00:00+05:30,601.6710759281984,34.5,54.2,2025,10
2025-10-13 12:15:00+05:30,598.1704975536164,34.599999999999994,52.4,2025,10
2025-10-13 12:30:00+05:30,596.5644704835513,34.8,51.5,2025,10
2025-10-13 12:45:00+05:30,592.7038239578444,35.099999999999994,49.9,2025,10
2025-10-13 13:00:00+05:30,586.2309313978042,35.2,49.8,2025,10
2025-10-13 13:15:00+05:30,587.211500370702,35.1,49.3,2025,10
2025-10-13 13:30:00+05:30,586.6915723186878,34.95,48.7,2025,10
2025-10-13 13:45:00+05:30,589.0310186628726,35.5,47.7,2025,10
2025-10-13 14:00:00+05:30,592.2032732944655,35.5,47.4,2025,10
2025-10-13 14:15:00+05:30,595.1260391530869,34.65,47.1,2025,10
2025-10-13 14:30:00+05:30,596.4623935949295,34.7,47.0,2025,10
2025-10-13 14:45:00+05:30,597.7063233038725,34.55,47.1,2025,10
2025-10-13 15:00:00+05:30,596.8145473044948,34.650000000000006,45.8,2025,10
2025-10-13 15:15:00+05:30,598.3144770585839,35.0,43.5,2025,10
2025-10-13 15:30:00+05:30,595.7423060512708,35.05,42.2,2025,10
2025-10-13 15:45:00+05:30,596.6230346488479,35.15,41.7,2025,10
2025-10-13 16:00:00+05:30,597.9254861480417,35.05,41.8,2025,10
2025-10-13 16:15:00+05:30,590.1669497773739,35.150000000000006,42.6,2025,10
2025-10-13 16:30:00+05:30,589.2364897693715,35.1,41.5,2025,10
2025-10-13 16:45:00+05:30,586.0813722052219,35.05,44.2,2025,10
2025-10-13 17:00:00+05:30,582.2556207670441,33.55,48.7,2025,10
2025-10-13 17:15:00+05:30,574.9223455492663,32.45,53.3,2025,10
2025-10-13 17:30:00+05:30,566.8233846202858,31.5,56.8,2025,10
2025-10-13 17:45:00+05:30,560.3890123066976,30.85,60.3,2025,10
2025-10-13 18:00:00+05:30,556.2764183258832,30.35,60.8,2025,10
2025-10-13 18:15:00+05:30,551.1061330001721,29.9,61.3,2025,10
2025-10-13 18:30:00+05:30,550.0663121607753,29.7,60.9,2025,10
2025-10-13 18:45:00+05:30,545.3615690752422,29.45,60.9,2025,10
2025-10-13 19:00:00+05:30,536.5669792410104,29.25,61.8,2025,10
2025-10-13 19:15:00+05:30,524.952905359158,29.05,65.3,2025,10
2025-10-13 19:30:00+05:30,515.0959458890768,28.9,66.6,2025,10
2025-10-13 19:45:00+05:30,504.4244120504001,28.75,67.8,2025,10
2025-10-13 20:00:00+05:30,494.05866467526175,28.55,70.0,2025,10
2025-10-13 20:15:00+05:30,487.08694834296256,28.4,69.4,2025,10
2025-10-13 20:30:00+05:30,480.9154541004153,28.3,69.8,2025,10
2025-10-13 20:45:00+05:30,478.7637401163464,28.2,67.5,2025,10
2025-10-13 21:00:00+05:30,473.45226473342007,28.1,69.9,2025,10
2025-10-13 21:15:00+05:30,466.7840020603951,27.9,70.1,2025,10
2025-10-13 21:30:00+05:30,460.7915921047803,27.85,70.1,2025,10
2025-10-13 21:45:00+05:30,454.3872650211954,27.7,70.5,2025,10
2025-10-13 22:00:00+05:30,447.2120231495103,27.55,70.6,2025,10
2025-10-13 22:15:00+05:30,437.58838165358,27.450000000000003,70.4,2025,10
2025-10-13 22:30:00+05:30,434.6611152523782,27.2,71.0,2025,10
2025-10-13 22:45:00+05:30,428.3416207544841,27.1,73.1,2025,10
2025-10-13 23:00:00+05:30,422.1306901029172,27.0,74.8,2025,10
2025-10-13 23:15:00+05:30,414.51170273900976,26.9,76.2,2025,10
2025-10-13 23:30:00+05:30,409.02348245958007,26.65,77.5,2025,10
2025-10-13 23:45:00+05:30,401.1331551843759,26.6,77.3,2025,10
2025-10-14 00:00:00+05:30,392.94677380316506,26.55,74.9,2025,10
2025-10-14 00:15:00+05:30,385.32280073024936,26.55,74.9,2025,10
2025-10-14 00:30:00+05:30,376.5518642224622,26.450000000000003,75.4,2025,10
2025-10-14 00:45:00+05:30,373.2321669501512,26.3,76.5,2025,10
2025-10-14 01:00:00+05:30,366.64678367911375,26.25,76.0,2025,10
2025-10-14 01:15:00+05:30,361.8164462050824,26.15,77.7,2025,10
2025-10-14 01:30:00+05:30,355.67571789205766,26.1,76.7,2025,10
2025-10-14 01:45:00+05:30,350.44682599753133,26.1,76.2,2025,10
2025-10-14 02:00:00+05:30,345.5183238805533,26.1,73.6,2025,10
2025-10-14 02:15:00+05:30,342.14952155771766,26.1,74.3,2025,10
2025-10-14 02:30:00+05:30,340.67198873851726,25.950000000000003,75.3,2025,10
2025-10-14 02:45:00+05:30,336.5429226556905,25.8,76.0,2025,10
2025-10-14 03:00:00+05:30,335.22741971527887,25.65,76.7,2025,10
2025-10-14 03:15:00+05:30,330.64088481025334,25.55,76.4,2025,10
2025-10-14 03:30:00+05:30,326.8681803289705,25.55,74.8,2025,10
2025-10-14 03:45:00+05:30,322.99315868744713,25.5,73.5,2025,10
2025-10-14 04:00:00+05:30,321.332851917651,25.5,71.0,2025,10
2025-10-14 04:15:00+05:30,321.3731200867339,25.5,69.9,2025,10
2025-10-14 04:30:00+05:30,323.9630626980075,25.4,69.3,2025,10
2025-10-14 04:45:00+05:30,324.5361355242879,25.35,67.3,2025,10
2025-10-14 05:00:00+05:30,327.6538840205069,25.35,66.1,2025,10
2025-10-14 05:15:00+05:30,327.3014867561224,25.3,66.3,2025,10
2025-10-14 05:30:00+05:30,333.57753116029176,25.25,68.2,2025,10
2025-10-14 05:45:00+05:30,341.3155417712316,25.2,69.8,2025,10
2025-10-14 06:00:00+05:30,355.43199276062506,25.1,71.0,2025,10
2025-10-14 06:15:00+05:30,365.30197488577727,25.05,71.9,2025,10
2025-10-14 06:30:00+05:30,376.2633544325502,25.1,73.2,2025,10
2025-10-14 06:45:00+05:30,389.2756245326567,25.2,74.9,2025,10
2025-10-14 07:00:00+05:30,403.31893178293257,25.35,76.6,2025,10
2025-10-14 07:15:00+05:30,419.932235264612,25.6,76.3,2025,10
2025-10-14 07:30:00+05:30,435.41133806741817,25.95,75.2,2025,10
2025-10-14 07:45:00+05:30,453.9148320782264,26.9,68.2,2025,10
2025-10-14 08:00:00+05:30,477.09508348290274,27.700000000000003,62.9,2025,10
2025-10-14 08:15:00+05:30,496.8145729192402,28.55,60.2,2025,10
2025-10-14 08:30:00+05:30,513.3764977328334,29.25,58.3,2025,10
2025-10-14 08:45:00+05:30,530.6360586234603,29.8,56.5,2025,10
2025-10-14 09:00:00+05:30,544.8558024541175,30.4,54.6,2025,10
2025-10-14 09:15:00+05:30,556.1111631234212,30.95,54.0,2025,10
2025-10-14 09:30:00+05:30,567.934538370671,31.8,51.9,2025,10
2025-10-14 09:45:00+05:30,574.5179538142953,32.15,50.6,2025,10
2025-10-14 10:00:00+05:30,583.7126955914318,32.9,47.1,2025,10
2025-10-14 10:15:00+05:30,589.4919279543415,33.55,42.7,2025,10
2025-10-14 10:30:00+05:30,595.561469801509,34.1,40.4,2025,10
2025-10-14 10:45:00+05:30,596.7711459777288,34.2,39.6,2025,10
2025-10-14 11:00:00+05:30,598.7066837869322,34.25,42.1,2025,10
2025-10-14 11:15:00+05:30,597.0216549813662,35.0,40.6,2025,10
2025-10-14 11:30:00+05:30,594.7140579904269,35.1,39.6,2025,10
2025-10-14 11:45:00+05:30,594.9483467160097,35.55,40.2,2025,10
2025-10-14 12:00:00+05:30,596.1686429068708,35.7,39.5,2025,10
2025-10-14 12:15:00+05:30,597.985661673858,35.8,38.9,2025,10
2025-10-14 12:30:00+05:30,595.6797420112501,35.849999999999994,44.8,2025,10
2025-10-14 12:45:00+05:30,594.0422197896635,35.3,49.7,2025,10
2025-10-14 13:00:00+05:30,591.143335584838,34.95,48.8,2025,10
2025-10-14 13:15:00+05:30,588.8857521785591,35.2,50.1,2025,10
2025-10-14 13:30:00+05:30,588.7616157963604,35.150000000000006,47.1,2025,10
2025-10-14 13:45:00+05:30,588.9799759998236,35.599999999999994,48.1,2025,10
2025-10-14 14:00:00+05:30,593.3189824279527,35.75,50.4,2025,10
2025-10-14 14:15:00+05:30,597.284255680986,35.55,48.0,2025,10
2025-10-14 14:30:00+05:30,599.9290507586518,35.35,48.0,2025,10
2025-10-14 14:45:00+05:30,606.6610417054683,35.3,45.4,2025,10
2025-10-14 15:00:00+05:30,607.9553934801756,35.3,44.9,2025,10
2025-10-14 15:15:00+05:30,608.4970403279486,34.900000000000006,46.0,2025,10
2025-10-14 15:30:00+05:30,608.3022231114255,34.95,44.4,2025,10
2025-10-14 15:45:00+05:30,607.6916296392959,35.3,44.8,2025,10
2025-10-14 16:00:00+05:30,607.3143683335699,35.3,45.6,2025,10
2025-10-14 16:15:00+05:30,602.272421408015,34.849999999999994,46.8,2025,10
2025-10-14 16:30:00+05:30,599.303666346988,34.7,47.7,2025,10
2025-10-14 16:45:00+05:30,594.7750190471935,34.0,49.6,2025,10
2025-10-14 17:00:00+05:30,592.4760623144168,32.6,54.5,2025,10
2025-10-14 17:15:00+05:30,586.7503518107677,31.6,58.6,2025,10
2025-10-14 17:30:00+05:30,576.5747003469521,31.1,58.4,2025,10
2025-10-14 17:45:00+05:30,574.0728220416958,30.6,61.9,2025,10
2025-10-14 18:00:00+05:30,569.5624907216041,30.05,64.5,2025,10
2025-10-14 18:15:00+05:30,565.224292005138,29.8,66.1,2025,10
2025-10-14 18:30:00+05:30,560.6350233912262,29.45,69.0,2025,10
2025-10-14 18:45:00+05:30,552.7966682319329,29.25,70.4,2025,10
2025-10-14 19:00:00+05:30,543.7309932407262,29.05,70.5,2025,10
2025-10-14 19:15:00+05:30,533.0080198484558,28.9,69.1,2025,10
2025-10-14 19:30:00+05:30,524.4139786866465,28.75,67.4,2025,10
2025-10-14 19:45:00+05:30,514.2183256842753,28.65,66.0,2025,10
2025-10-14 20:00:00+05:30,503.6991083097876,28.5,65.8,2025,10
2025-10-14 20:15:00+05:30,496.2985001862866,28.45,66.2,2025,10
2025-10-14 20:30:00+05:30,486.8148633988426,28.35,67.1,2025,10
2025-10-14 20:45:00+05:30,482.9925586775282,28.3,68.0,2025,10
2025-10-14 21:00:00+05:30,476.6469338320893,28.25,68.0,2025,10
2025-10-14 21:15:00+05:30,470.8158977938949,28.15,68.3,2025,10
2025-10-14 21:30:00+05:30,464.0507464915304,28.1,67.2,2025,10
2025-10-14 21:45:00+05:30,458.41252379868826,28.0,66.4,2025,10
2025-10-14 22:00:00+05:30,451.0691925496509,27.9,66.6,2025,10
2025-10-14 22:15:00+05:30,440.7556791467864,27.8,68.3,2025,10
2025-10-14 22:30:00+05:30,435.9726170159881,27.65,69.4,2025,10
2025-10-14 22:45:00+05:30,430.3712880462174,27.55,70.4,2025,10
2025-10-14 23:00:00+05:30,425.45508725018135,27.3,70.6,2025,10
2025-10-14 23:15:00+05:30,418.8743577859559,27.25,71.8,2025,10
2025-10-14 23:30:00+05:30,406.0585210599456,26.95,72.1,2025,10
2025-10-14 23:45:00+05:30,397.63781104458747,26.95,71.9,2025,10
2025-10-15 00:00:00+05:30,392.6759748805797,26.85,73.0,2025,10
2025-10-15 00:15:00+05:30,384.0713423761712,26.7,74.8,2025,10
2025-10-15 00:30:00+05:30,377.4849934821692,26.7,76.0,2025,10
2025-10-15 00:45:00+05:30,373.9405774255206,26.6,77.1,2025,10
2025-10-15 01:00:00+05:30,367.71213209779336,26.5,78.0,2025,10
2025-10-15 01:15:00+05:30,365.5205335169457,26.450000000000003,78.6,2025,10
2025-10-15 01:30:00+05:30,358.0823795234458,26.4,79.0,2025,10
2025-10-15 01:45:00+05:30,356.1508735380412,26.35,78.5,2025,10
2025-10-15 02:00:00+05:30,352.949374146814,26.25,79.2,2025,10
2025-10-15 02:15:00+05:30,347.9857653212332,26.05,80.3,2025,10
2025-10-15 02:30:00+05:30,344.62128650890907,25.95,81.1,2025,10
2025-10-15 02:45:00+05:30,341.3148109909925,25.85,81.6,2025,10
2025-10-15 03:00:00+05:30,340.4079627568573,25.75,81.7,2025,10
2025-10-15 03:15:00+05:30,336.9738215399683,25.8,81.4,2025,10
2025-10-15 03:30:00+05:30,333.4549841343069,25.8,82.1,2025,10
2025-10-15 03:45:00+05:30,329.56230697646504,25.8,82.2,2025,10
2025-10-15 04:00:00+05:30,327.5231849461006,25.8,78.6,2025,10
2025-10-15 04:15:00+05:30,327.04396223320487,25.75,76.0,2025,10
2025-10-15 04:30:00+05:30,326.5765750879955,25.7,74.8,2025,10
2025-10-15 04:45:00+05:30,325.48010156493746,25.6,74.4,2025,10
2025-10-15 05:00:00+05:30,326.88548892019014,25.6,74.4,2025,10
2025-10-15 05:15:00+05:30,328.5639238439386,25.450000000000003,74.8,2025,10
2025-10-15 05:30:00+05:30,335.8658166297104,25.35,75.2,2025,10
2025-10-15 05:45:00+05:30,339.53586507233695,25.3,73.6,2025,10
2025-10-15 06:00:00+05:30,353.5493132877616,25.2,73.1,2025,10
2025-10-15 06:15:00+05:30,361.602349309981,25.2,72.4,2025,10
2025-10-15 06:30:00+05:30,372.29980351879567,25.15,72.5,2025,10
2025-10-15 06:45:00+05:30,384.1235374276087,25.25,72.2,2025,10
2025-10-15 07:00:00+05:30,398.4376823512496,25.55,71.6,2025,10
2025-10-15 07:15:00+05:30,415.4922868853794,25.85,71.0,2025,10
2025-10-15 07:30:00+05:30,432.5767093119989,26.25,71.0,2025,10
2025-10-15 07:45:00+05:30,451.72462730484233,27.3,67.1,2025,10
2025-10-15 08:00:00+05:30,474.3103511851476,28.0,64.0,2025,10
2025-10-15 08:15:00+05:30,493.5592618050954,28.55,61.9,2025,10
2025-10-15 08:30:00+05:30,509.9011567953528,29.15,58.4,2025,10
2025-10-15 08:45:00+05:30,525.8632728076125,29.8,56.2,2025,10
2025-10-15 09:00:00+05:30,544.0896931593538,30.4,54.3,2025,10
2025-10-15 09:15:00+05:30,552.8060536369027,30.95,54.0,2025,10
2025-10-15 09:30:00+05:30,565.3313046606394,31.85,50.7,2025,10
2025-10-15 09:45:00+05:30,575.8006434599201,32.55,48.1,2025,10
2025-10-15 10:00:00+05:30,582.2430607393794,32.8,48.7,2025,10
2025-10-15 10:15:00+05:30,590.5765884700423,33.25,47.9,2025,10
2025-10-15 10:30:00+05:30,593.0548613639521,33.9,46.5,2025,10
2025-10-15 10:45:00+05:30,588.5006153043687,34.4,42.4,2025,10
2025-10-15 11:00:00+05:30,600.9115759039735,34.7,42.8,2025,10
2025-10-15 11:15:00+05:30,603.3241304351161,35.15,40.4,2025,10
2025-10-15 11:30:00+05:30,600.4782644566278,34.8,48.3,2025,10
2025-10-15 11:45:00+05:30,603.7521961465012,34.5,52.0,2025,10
2025-10-15 12:00:00+05:30,606.9803369057302,34.400000000000006,50.4,2025,10
2025-10-15 12:15:00+05:30,603.5590433855214,34.05,54.4,2025,10
2025-10-15 12:30:00+05:30,608.6442331445068,33.650000000000006,55.7,2025,10
2025-10-15 12:45:00+05:30,606.5005566529699,33.2,57.7,2025,10
2025-10-15 13:00:00+05:30,607.0767931313292,33.150000000000006,58.2,2025,10
2025-10-15 13:15:00+05:30,603.2870830097984,32.95,57.3,2025,10
2025-10-15 13:30:00+05:30,601.4380449889261,33.150000000000006,57.0,2025,10
2025-10-15 13:45:00+05:30,603.056606900701,32.8,57.6,2025,10
2025-10-15 14:00:00+05:30,604.6344893634327,32.95,57.0,2025,10
2025-10-15 14:15:00+05:30,607.6571742122231,32.8,60.8,2025,10
2025-10-15 14:30:00+05:30,606.1355271228504,32.75,61.9,2025,10
2025-10-15 14:45:00+05:30,606.7958104686671,32.599999999999994,62.0,2025,10
2025-10-15 15:00:00+05:30,606.5377073879945,32.099999999999994,62.5,2025,10
2025-10-15 15:15:00+05:30,606.9620243827565,31.85,61.3,2025,10
2025-10-15 15:30:00+05:30,602.6847904809366,31.950000000000003,62.2,2025,10
2025-10-15 15:45:00+05:30,604.5802678607005,31.950000000000003,57.7,2025,10
2025-10-15 16:00:00+05:30,603.0868640710354,31.950000000000003,56.9,2025,10
2025-10-15 16:15:00+05:30,597.7931283898517,31.7,58.1,2025,10
2025-10-15 16:30:00+05:30,593.3317548503745,31.55,60.4,2025,10
2025-10-15 16:45:00+05:30,588.8589632066512,32.05,59.3,2025,10
2025-10-15 17:00:00+05:30,586.7039013414691,31.6,61.5,2025,10
2025-10-15 17:15:00+05:30,585.0222663907709,30.9,64.2,2025,10
2025-10-15 17:30:00+05:30,578.0839368701786,30.4,65.0,2025,10
2025-10-15 17:45:00+05:30,573.3704667117665,30.05,65.5,2025,10
2025-10-15 18:00:00+05:30,571.8148056605415,29.85,65.2,2025,10
2025-10-15 18:15:00+05:30,566.461874567067,29.6,65.8,2025,10
2025-10-15 18:30:00+05:30,565.4065467780233,29.5,66.8,2025,10
2025-10-15 18:45:00+05:30,557.4352903066488,29.450000000000003,67.8,2025,10
2025-10-15 19:00:00+05:30,546.3294803710949,29.450000000000003,67.4,2025,10
2025-10-15 19:15:00+05:30,538.4511495392751,29.4,66.8,2025,10
2025-10-15 19:30:00+05:30,527.2358093490756,29.35,68.3,2025,10
2025-10-15 19:45:00+05:30,519.9909988818808,29.4,70.6,2025,10
2025-10-15 20:00:00+05:30,507.2593787658941,29.05,78.0,2025,10
2025-10-15 20:15:00+05:30,503.6553916991388,28.75,76.2,2025,10
2025-10-15 20:30:00+05:30,498.9042105934818,28.6,77.3,2025,10
2025-10-15 20:45:00+05:30,494.4027876952441,28.15,78.6,2025,10
2025-10-15 21:00:00+05:30,488.83630261757855,27.75,80.7,2025,10
2025-10-15 21:15:00+05:30,480.87741087311474,27.8,80.9,2025,10
2025-10-15 21:30:00+05:30,474.2872400309338,27.6,80.9,2025,10
2025-10-15 21:45:00+05:30,465.6748124759844,27.5,80.9,2025,10
2025-10-15 22:00:00+05:30,460.1242179708871,27.45,80.6,2025,10
2025-10-15 22:15:00+05:30,452.6245453038949,27.5,80.6,2025,10
2025-10-15 22:30:00+05:30,448.3800134701986,27.5,80.6,2025,10
2025-10-15 22:45:00+05:30,441.555255188669,27.45,80.9,2025,10
2025-10-15 23:00:00+05:30,438.1382521949152,27.45,81.9,2025,10
2025-10-15 23:15:00+05:30,428.1619443369853,27.4,81.8,2025,10
2025-10-15 23:30:00+05:30,418.0444978906946,27.3,82.5,2025,10
2025-10-15 23:45:00+05:30,413.03090378302886,27.25,82.8,2025,10
2025-10-16 00:00:00+05:30,404.4283098507186,27.15,81.6,2025,10
2025-10-16 00:15:00+05:30,397.60958857365057,27.15,81.0,2025,10
2025-10-16 00:30:00+05:30,392.4460075883728,27.1,81.6,2025,10
2025-10-16 00:45:00+05:30,388.404100648963,27.05,81.6,2025,10
2025-10-16 01:00:00+05:30,381.6475418822316,26.95,82.4,2025,10
2025-10-16 01:15:00+05:30,378.2783678152553,26.95,84.0,2025,10
2025-10-16 01:30:00+05:30,369.8714298059206,26.9,84.6,2025,10
2025-10-16 01:45:00+05:30,363.7980628787559,26.85,84.6,2025,10
2025-10-16 02:00:00+05:30,359.13665427681195,26.85,85.0,2025,10
2025-10-16 02:15:00+05:30,357.8291842140499,26.8,83.8,2025,10
2025-10-16 02:30:00+05:30,355.6720028196967,26.8,83.8,2025,10
2025-10-16 02:45:00+05:30,352.4164379701593,26.8,83.0,2025,10
2025-10-16 03:00:00+05:30,349.59145165322235,26.700000000000003,83.2,2025,10
2025-10-16 03:15:00+05:30,345.8679035066432,26.75,83.2,2025,10
2025-10-16 03:30:00+05:30,342.3078556515146,26.700000000000003,84.0,2025,10
2025-10-16 03:45:00+05:30,337.9170651082222,26.65,84.5,2025,10
2025-10-16 04:00:00+05:30,336.83989713078086,26.7,85.0,2025,10
2025-10-16 04:15:00+05:30,337.4598934243621,26.75,84.1,2025,10
2025-10-16 04:30:00+05:30,338.6471790660671,26.7,84.8,2025,10
2025-10-16 04:45:00+05:30,337.0749356343832,26.65,84.8,2025,10
2025-10-16 05:00:00+05:30,339.4114298772385,26.65,84.6,2025,10
2025-10-16 05:15:00+05:30,342.7764236810641,26.6,85.3,2025,10
2025-10-16 05:30:00+05:30,347.42848075974496,26.65,85.5,2025,10
2025-10-16 05:45:00+05:30,351.091523067039,26.6,85.9,2025,10
2025-10-16 06:00:00+05:30,363.5532718799389,26.6,86.1,2025,10
2025-10-16 06:15:00+05:30,372.1065066806028,26.55,86.6,2025,10
2025-10-16 06:30:00+05:30,383.4287533029221,26.65,85.7,2025,10
2025-10-16 06:45:00+05:30,397.384267072293,26.75,86.1,2025,10
2025-10-16 07:00:00+05:30,411.467294130446,26.9,85.3,2025,10
2025-10-16 07:15:00+05:30,427.7549833204138,27.1,84.3,2025,10
2025-10-16 07:30:00+05:30,446.68147291651786,27.5,82.5,2025,10
2025-10-16 07:45:00+05:30,467.8907338162579,28.1,81.1,2025,10
2025-10-16 08:00:00+05:30,493.1364282705956,29.05,76.8,2025,10
2025-10-16 08:15:00+05:30,514.5995533124195,29.85,71.8,2025,10
2025-10-16 08:30:00+05:30,531.343248344886,29.85,72.9,2025,10
2025-10-16 08:45:00+05:30,549.3465693896185,29.9,73.2,2025,10
2025-10-16 09:00:00+05:30,568.1445177609477,30.5,70.6,2025,10
2025-10-16 09:15:00+05:30,582.1776869578244,32.099999999999994,63.4,2025,10
2025-10-16 09:30:00+05:30,593.1727651882943,33.15,58.2,2025,10
2025-10-16 09:45:00+05:30,601.5931784544478,33.7,55.0,2025,10
2025-10-16 10:00:00+05:30,606.3504277598742,33.45,57.9,2025,10
2025-10-16 10:15:00+05:30,614.5412492593704,34.400000000000006,53.9,2025,10
2025-10-16 10:30:00+05:30,617.986448623813,34.75,53.9,2025,10
2025-10-16 10:45:00+05:30,628.9428561625157,35.2,52.5,2025,10
2025-10-16 11:00:00+05:30,627.0140736655536,35.4,50.7,2025,10
2025-10-16 11:15:00+05:30,627.3433011108226,35.6,50.2,2025,10
2025-10-16 11:30:00+05:30,624.1050803262889,36.05,48.7,2025,10
2025-10-16 11:45:00+05:30,623.1902734599619,36.1,47.6,2025,10
2025-10-16 12:00:00+05:30,624.4326330297156,36.6,47.3,2025,10
2025-10-16 12:15:00+05:30,626.8420240902159,36.75,45.7,2025,10
2025-10-16 12:30:00+05:30,625.6865503870488,36.9,44.5,2025,10
2025-10-16 12:45:00+05:30,625.9399376695287,36.95,43.8,2025,10
2025-10-16 13:00:00+05:30,621.6096413881666,37.3,41.5,2025,10
2025-10-16 13:15:00+05:30,619.8319441535225,37.15,48.6,2025,10
2025-10-16 13:30:00+05:30,615.1528158485751,36.9,48.2,2025,10
2025-10-16 13:45:00+05:30,618.915067963615,37.45,45.3,2025,10
2025-10-16 14:00:00+05:30,622.6887551202482,36.75,47.3,2025,10
2025-10-16 14:15:00+05:30,629.5991938325013,36.8,43.2,2025,10
2025-10-16 14:30:00+05:30,628.0424185713642,36.7,45.0,2025,10
2025-10-16 14:45:00+05:30,631.45807745013,35.900000000000006,48.5,2025,10
2025-10-16 15:00:00+05:30,632.3601863624947,35.45,54.7,2025,10
2025-10-16 15:15:00+05:30,632.5273299927125,35.55,55.1,2025,10
2025-10-16 15:30:00+05:30,632.7930806413306,35.8,54.5,2025,10
2025-10-16 15:45:00+05:30,632.5699068320001,35.9,52.5,2025,10
2025-10-16 16:00:00+05:30,630.7829537954703,35.35,54.9,2025,10
2025-10-16 16:15:00+05:30,626.148983174068,35.05,54.5,2025,10
2025-10-16 16:30:00+05:30,620.3919474404923,34.0,60.3,2025,10
2025-10-16 16:45:00+05:30,612.1065582234354,33.55,62.9,2025,10
2025-10-16 17:00:00+05:30,606.8536673392013,32.7,66.8,2025,10
2025-10-16 17:15:00+05:30,604.8590836733947,32.1,70.4,2025,10
2025-10-16 17:30:00+05:30,598.3570999993303,31.75,70.7,2025,10
2025-10-16 17:45:00+05:30,593.8155971104372,31.5,70.9,2025,10
2025-10-16 18:00:00+05:30,588.8859949658639,30.4,72.2,2025,10
2025-10-16 18:15:00+05:30,576.650699126631,28.200000000000003,64.8,2025,10
2025-10-16 18:30:00+05:30,571.2761306983095,26.700000000000003,79.4,2025,10
2025-10-16 18:45:00+05:30,562.6695590479175,25.8,87.0,2025,10
2025-10-16 19:00:00+05:30,547.6437069286399,25.45,90.9,2025,10
2025-10-16 19:15:00+05:30,541.9405641473404,25.7,92.6,2025,10
2025-10-16 19:30:00+05:30,531.5233159817749,25.95,89.8,2025,10
2025-10-16 19:45:00+05:30,522.1680900919378,26.200000000000003,88.3,2025,10
2025-10-16 20:00:00+05:30,513.4161555705313,26.4,90.3,2025,10
2025-10-16 20:15:00+05:30,504.9887375329878,26.6,90.3,2025,10
2025-10-16 20:30:00+05:30,499.79751154121067,26.55,87.2,2025,10
2025-10-16 20:45:00+05:30,493.5768549769842,26.65,82.6,2025,10
2025-10-16 21:00:00+05:30,490.4052416186527,26.5,83.7,2025,10
2025-10-16 21:15:00+05:30,482.757097548564,26.3,84.3,2025,10
2025-10-16 21:30:00+05:30,474.75959940285617,26.25,84.0,2025,10
2025-10-16 21:45:00+05:30,470.3514274664056,26.3,81.2,2025,10
2025-10-16 22:00:00+05:30,462.1909275750276,26.35,79.9,2025,10
2025-10-16 22:15:00+05:30,454.7442781336824,26.200000000000003,79.8,2025,10
2025-10-16 22:30:00+05:30,449.0296377742316,26.1,79.8,2025,10
2025-10-16 22:45:00+05:30,442.3242974498443,26.2,79.0,2025,10
2025-10-16 23:00:00+05:30,437.6242383511911,26.15,80.5,2025,10
2025-10-16 23:15:00+05:30,432.3197311321701,26.1,80.3,2025,10
2025-10-16 23:30:00+05:30,424.9938371762175,26.1,79.9,2025,10
2025-10-16 23:45:00+05:30,416.06456252322647,26.25,79.1,2025,10
2025-10-17 00:00:00+05:30,408.9215748805798,26.25,78.9,2025,10
2025-10-17 00:15:00+05:30,402.3497423761712,26.1,79.5,2025,10
2025-10-17 00:30:00+05:30,395.76339348216914,26.15,80.0,2025,10
2025-10-17 00:45:00+05:30,391.28457742552064,26.15,80.7,2025,10
2025-10-17 01:00:00+05:30,387.0233320977933,26.15,80.5,2025,10
2025-10-17 01:15:00+05:30,384.8317335169456,26.15,80.0,2025,10
2025-10-17 01:30:00+05:30,378.3935795234458,26.200000000000003,79.6,2025,10
2025-10-17 01:45:00+05:30,375.49487353804113,26.25,79.5,2025,10
2025-10-17 02:00:00+05:30,373.26057414681406,26.2,78.9,2025,10
2025-10-17 02:15:00+05:30,369.2641653212331,26.2,79.0,2025,10
2025-10-17 02:30:00+05:30,365.866886508909,26.2,79.1,2025,10
2025-10-17 02:45:00+05:30,363.5276109909925,26.2,79.5,2025,10
2025-10-17 03:00:00+05:30,361.6535627568573,26.15,78.2,2025,10
2025-10-17 03:15:00+05:30,358.21942153996827,26.15,78.0,2025,10
2025-10-17 03:30:00+05:30,353.7661841343069,26.1,78.2,2025,10
2025-10-17 03:45:00+05:30,350.807906976465,26.1,78.6,2025,10
2025-10-17 04:00:00+05:30,350.73598494610064,26.1,80.2,2025,10
2025-10-17 04:15:00+05:30,350.2567622332048,26.05,81.1,2025,10
2025-10-17 04:30:00+05:30,351.7237750879955,25.95,81.1,2025,10
2025-10-17 04:45:00+05:30,352.5945015649375,25.9,82.1,2025,10
2025-10-17 05:00:00+05:30,353.9998889201901,25.85,82.7,2025,10
2025-10-17 05:15:00+05:30,353.74392384393855,25.85,83.3,2025,10
2025-10-17 05:30:00+05:30,360.07861662971044,25.9,82.7,2025,10
2025-10-17 05:45:00+05:30,364.7486650723369,25.8,82.5,2025,10
2025-10-17 06:00:00+05:30,371.9589132877616,25.85,82.3,2025,10
2025-10-17 06:15:00+05:30,379.979149309981,25.8,82.8,2025,10
2025-10-17 06:30:00+05:30,392.6766035187957,25.9,83.2,2025,10
2025-10-17 06:45:00+05:30,406.4019374276087,26.0,83.4,2025,10
2025-10-17 07:00:00+05:30,419.7816823512495,26.25,83.9,2025,10
2025-10-17 07:15:00+05:30,435.8690868853794,26.45,84.9,2025,10
2025-10-17 07:30:00+05:30,451.0519093119989,26.85,83.4,2025,10
2025-10-17 07:45:00+05:30,468.2654273048423,27.8,78.5,2025,10
2025-10-17 08:00:00+05:30,489.9167511851476,28.55,74.4,2025,10
2025-10-17 08:15:00+05:30,509.1656618050954,29.0,71.4,2025,10
2025-10-17 08:30:00+05:30,527.4419567953528,29.55,68.8,2025,10
2025-10-17 08:45:00+05:30,545.3056728076126,30.0,66.8,2025,10
2025-10-17 09:00:00+05:30,561.5976931593539,30.55,64.2,2025,10
2025-10-17 09:15:00+05:30,574.2484536369027,30.9,63.4,2025,10
2025-10-17 09:30:00+05:30,583.8721046606394,31.35,61.5,2025,10
2025-10-17 09:45:00+05:30,596.24304345992,31.45,62.4,2025,10
2025-10-17 10:00:00+05:30,604.6198607393796,32.1,59.5,2025,10
2025-10-17 10:15:00+05:30,611.9533884700425,31.950000000000003,59.5,2025,10
2025-10-17 10:30:00+05:30,615.431661363952,32.75,57.3,2025,10
2025-10-17 10:45:00+05:30,617.6806153043688,34.099999999999994,54.5,2025,10
2025-10-17 11:00:00+05:30,619.4523759039735,34.85,50.7,2025,10
2025-10-17 11:15:00+05:30,618.9633304351162,35.2,51.5,2025,10
2025-10-17 11:30:00+05:30,619.019064456628,35.85,49.4,2025,10
2025-10-17 11:45:00+05:30,618.3913961465012,36.3,47.6,2025,10
2025-10-17 12:00:00+05:30,619.6523369057302,36.65,45.7,2025,10
2025-10-17 12:15:00+05:30,620.1326433855215,36.65,45.5,2025,10
2025-10-17 12:30:00+05:30,621.3818331445069,36.95,44.5,2025,10
2025-10-17 12:45:00+05:30,618.2709566529697,37.25,44.0,2025,10
2025-10-17 13:00:00+05:30,615.9783931313292,37.05,46.5,2025,10
2025-10-17 13:15:00+05:30,613.1230830097983,37.45,42.9,2025,10
2025-10-17 13:30:00+05:30,611.3068449889261,37.05,49.7,2025,10
2025-10-17 13:45:00+05:30,615.794206900701,37.05,50.8,2025,10
2025-10-17 14:00:00+05:30,620.3392893634327,37.2,53.1,2025,10
2025-10-17 14:15:00+05:30,624.3291742122232,36.6,51.8,2025,10
2025-10-17 14:30:00+05:30,624.7747271228503,36.65,53.9,2025,10
2025-10-17 14:45:00+05:30,629.303810468667,36.35,54.2,2025,10
2025-10-17 15:00:00+05:30,630.0129073879945,36.15,52.5,2025,10
2025-10-17 15:15:00+05:30,633.3388243827563,35.95,52.5,2025,10
2025-10-17 15:30:00+05:30,631.8975904809366,36.75,48.5,2025,10
2025-10-17 15:45:00+05:30,629.8914678607005,36.650000000000006,47.8,2025,10
2025-10-17 16:00:00+05:30,629.3324640710354,36.75,45.1,2025,10
2025-10-17 16:15:00+05:30,627.9075283898517,36.2,46.3,2025,10
2025-10-17 16:30:00+05:30,624.4461548503746,36.150000000000006,47.1,2025,10
2025-10-17 16:45:00+05:30,620.9733632066514,35.2,51.7,2025,10
2025-10-17 17:00:00+05:30,618.8511013414691,33.6,55.0,2025,10
2025-10-17 17:15:00+05:30,613.235066390771,32.85,58.1,2025,10
2025-10-17 17:30:00+05:30,605.3295368701788,32.2,62.5,2025,10
2025-10-17 17:45:00+05:30,598.6816667117666,31.6,66.8,2025,10
2025-10-17 18:00:00+05:30,596.1588056605416,31.200000000000003,70.9,2025,10
2025-10-17 18:15:00+05:30,590.838674567067,30.85,72.2,2025,10
2025-10-17 18:30:00+05:30,588.8817467780233,30.700000000000003,74.2,2025,10
2025-10-17 18:45:00+05:30,581.8448903066487,30.6,70.4,2025,10
2025-10-17 19:00:00+05:30,569.7718803710949,30.700000000000003,68.3,2025,10
2025-10-17 19:15:00+05:30,559.926349539275,30.8,66.6,2025,10
2025-10-17 19:30:00+05:30,548.7110093490757,30.8,67.1,2025,10
2025-10-17 19:45:00+05:30,543.4005988818809,30.75,68.0,2025,10
2025-10-17 20:00:00+05:30,530.7017787658941,30.75,66.3,2025,10
2025-10-17 20:15:00+05:30,523.1961916991388,30.65,66.3,2025,10
2025-10-17 20:30:00+05:30,515.5434105934817,30.4,66.3,2025,10
2025-10-17 20:45:00+05:30,511.0091876952441,30.3,67.1,2025,10
2025-10-17 21:00:00+05:30,505.4755026175785,30.25,67.3,2025,10
2025-10-17 21:15:00+05:30,500.4510108731149,30.15,67.4,2025,10
2025-10-17 21:30:00+05:30,495.7952400309339,30.0,67.5,2025,10
2025-10-17 21:45:00+05:30,490.0844124759845,29.85,68.6,2025,10
2025-10-17 22:00:00+05:30,483.53381797088696,29.8,70.9,2025,10
2025-10-17 22:15:00+05:30,477.9357453038949,29.6,72.1,2025,10
2025-10-17 22:30:00+05:30,473.72401347019866,29.5,73.0,2025,10
2025-10-17 22:45:00+05:30,469.8336551886689,29.3,73.8,2025,10
2025-10-17 23:00:00+05:30,459.6134521949151,29.25,74.2,2025,10
2025-10-17 23:15:00+05:30,451.6043443369854,29.25,74.8,2025,10
2025-10-17 23:30:00+05:30,444.32289789069455,29.2,74.9,2025,10
2025-10-17 23:45:00+05:30,438.3749037830288,29.1,76.3,2025,10
2025-10-18 00:00:00+05:30,431.4661918444281,29.0,76.0,2025,10
2025-10-18 00:15:00+05:30,426.5879911737245,28.9,75.4,2025,10
2025-10-18 00:30:00+05:30,421.3467072018477,28.85,75.2,2025,10
2025-10-18 00:45:00+05:30,414.2483258735167,28.7,73.6,2025,10
2025-10-18 01:00:00+05:30,404.9261096659497,28.55,72.2,2025,10
2025-10-18 01:15:00+05:30,400.49604787832,28.4,71.4,2025,10
2025-10-18 01:30:00+05:30,393.531080371812,28.25,71.5,2025,10
2025-10-18 01:45:00+05:30,389.4182893557659,28.1,71.0,2025,10
2025-10-18 02:00:00+05:30,387.6854034452673,28.05,70.5,2025,10
2025-10-18 02:15:00+05:30,383.6051373486535,27.95,71.5,2025,10
2025-10-18 02:30:00+05:30,381.3116002789996,27.85,72.1,2025,10
2025-10-18 02:45:00+05:30,377.62159844186857,27.75,72.8,2025,10
2025-10-18 03:00:00+05:30,375.7272604716388,27.700000000000003,74.1,2025,10
2025-10-18 03:15:00+05:30,370.92426599758926,27.55,74.8,2025,10
2025-10-18 03:30:00+05:30,365.2079368110672,27.55,73.6,2025,10
2025-10-18 03:45:00+05:30,360.30342020835167,27.5,74.3,2025,10
2025-10-18 04:00:00+05:30,356.73520787172345,27.45,74.6,2025,10
2025-10-18 04:15:00+05:30,358.0857805959702,27.35,75.3,2025,10
2025-10-18 04:30:00+05:30,355.9789251748647,27.3,75.1,2025,10
2025-10-18 04:45:00+05:30,357.4684878856154,27.25,74.4,2025,10
2025-10-18 05:00:00+05:30,357.60679291706407,27.1,75.3,2025,10
2025-10-18 05:15:00+05:30,357.013628867725,27.1,75.4,2025,10
2025-10-18 05:30:00+05:30,361.18570394046617,27.05,74.9,2025,10
2025-10-18 05:45:00+05:30,364.4602466149744,27.0,76.0,2025,10
2025-10-18 06:00:00+05:30,368.5853181519106,26.95,76.8,2025,10
2025-10-18 06:15:00+05:30,372.7157917521527,26.9,78.0,2025,10
2025-10-18 06:30:00+05:30,375.53906000665273,26.95,77.9,2025,10
2025-10-18 06:45:00+05:30,381.36516398428574,27.05,77.8,2025,10
2025-10-18 07:00:00+05:30,389.29972492380926,27.15,76.5,2025,10
2025-10-18 07:15:00+05:30,397.94954697285,27.450000000000003,75.3,2025,10
2025-10-18 07:30:00+05:30,405.7516690065114,28.1,73.8,2025,10
2025-10-18 07:45:00+05:30,417.5481460693023,28.95,72.3,2025,10
2025-10-18 08:00:00+05:30,434.1134081751015,29.55,70.5,2025,10
2025-10-18 08:15:00+05:30,448.6876847231176,30.0,69.1,2025,10
2025-10-18 08:30:00+05:30,457.9970313729223,30.6,65.7,2025,10
2025-10-18 08:45:00+05:30,469.16116950610166,30.75,63.4,2025,10
2025-10-18 09:00:00+05:30,484.33627852569913,31.35,59.4,2025,10
2025-10-18 09:15:00+05:30,493.6657080955105,32.1,58.1,2025,10
2025-10-18 09:30:00+05:30,505.71109264442487,32.95,54.9,2025,10
2025-10-18 09:45:00+05:30,516.7348761390481,33.6,52.0,2025,10
2025-10-18 10:00:00+05:30,522.3947454284175,34.1,50.9,2025,10
2025-10-18 10:15:00+05:30,529.1679988717638,34.5,49.5,2025,10
2025-10-18 10:30:00+05:30,533.9751665337927,34.8,48.6,2025,10
2025-10-18 10:45:00+05:30,535.8257596981954,35.25,48.6,2025,10
2025-10-18 11:00:00+05:30,542.581110857761,35.45,48.0,2025,10
2025-10-18 11:15:00+05:30,545.551978951393,35.65,46.5,2025,10
2025-10-18 11:30:00+05:30,544.1423023309278,36.1,46.7,2025,10
2025-10-18 11:45:00+05:30,545.6094773465252,36.35,45.6,2025,10
2025-10-18 12:00:00+05:30,545.7053202682717,36.75,44.3,2025,10
2025-10-18 12:15:00+05:30,545.0222943975855,36.95,45.0,2025,10
2025-10-18 12:30:00+05:30,547.0221900667165,37.0,45.6,2025,10
2025-10-18 12:45:00+05:30,541.7018927322345,37.25,42.8,2025,10
2025-10-18 13:00:00+05:30,536.4830603729109,37.05,44.9,2025,10
2025-10-18 13:15:00+05:30,534.1176660402252,36.95,43.9,2025,10
2025-10-18 13:30:00+05:30,533.7931500570664,37.0,41.8,2025,10
2025-10-18 13:45:00+05:30,537.1583668551433,36.35,43.0,2025,10
2025-10-18 14:00:00+05:30,537.2777441892057,35.1,47.5,2025,10
2025-10-18 14:15:00+05:30,537.1940307741554,35.05,51.5,2025,10
2025-10-18 14:30:00+05:30,535.4613410854201,35.1,51.5,2025,10
2025-10-18 14:45:00+05:30,536.7413097375704,35.3,51.3,2025,10
2025-10-18 15:00:00+05:30,535.7688244838314,35.15,53.0,2025,10
2025-10-18 15:15:00+05:30,535.2603846332244,34.95,55.2,2025,10
2025-10-18 15:30:00+05:30,531.8611121005808,35.05,52.2,2025,10
2025-10-18 15:45:00+05:30,530.3993142352155,34.75,53.9,2025,10
2025-10-18 16:00:00+05:30,529.598627715699,34.35,54.6,2025,10
2025-10-18 16:15:00+05:30,524.1046956958508,33.900000000000006,56.6,2025,10
2025-10-18 16:30:00+05:30,519.2580462950856,33.5,58.6,2025,10
2025-10-18 16:45:00+05:30,513.6789989270119,33.0,61.8,2025,10
2025-10-18 17:00:00+05:30,506.992854261495,32.15,64.6,2025,10
2025-10-18 17:15:00+05:30,506.6017681645092,31.65,66.4,2025,10
2025-10-18 17:30:00+05:30,503.23412006412286,31.3,69.3,2025,10
2025-10-18 17:45:00+05:30,500.87398748231726,31.05,70.5,2025,10
2025-10-18 18:00:00+05:30,503.83983677949055,30.700000000000003,70.6,2025,10
2025-10-18 18:15:00+05:30,504.4931122208668,30.5,71.1,2025,10
2025-10-18 18:30:00+05:30,502.317515978581,30.4,71.0,2025,10
2025-10-18 18:45:00+05:30,503.450310746689,30.25,72.3,2025,10
2025-10-18 19:00:00+05:30,502.274187433464,30.05,72.7,2025,10
2025-10-18 19:15:00+05:30,497.29836530606514,30.05,71.6,2025,10
2025-10-18 19:30:00+05:30,493.67231032083225,29.95,69.6,2025,10
2025-10-18 19:45:00+05:30,488.0022769599979,29.95,67.2,2025,10
2025-10-18 20:00:00+05:30,483.4618700526595,29.7,65.7,2025,10
2025-10-18 20:15:00+05:30,478.6762433359535,29.65,63.6,2025,10
2025-10-18 20:30:00+05:30,472.4961067268245,29.55,63.6,2025,10
2025-10-18 20:45:00+05:30,472.9816393887532,29.450000000000003,62.9,2025,10
2025-10-18 21:00:00+05:30,467.4194566066599,29.3,64.1,2025,10
2025-10-18 21:15:00+05:30,462.2344096560933,29.15,64.7,2025,10
2025-10-18 21:30:00+05:30,458.64925339882,29.1,63.6,2025,10
2025-10-18 21:45:00+05:30,456.0479828359712,29.05,63.4,2025,10
2025-10-18 22:00:00+05:30,449.7672292715416,28.95,63.1,2025,10
2025-10-18 22:15:00+05:30,444.4151274074428,28.9,62.8,2025,10
2025-10-18 22:30:00+05:30,441.16654446447245,28.95,63.9,2025,10
2025-10-18 22:45:00+05:30,437.87746497753454,28.9,63.7,2025,10
2025-10-18 23:00:00+05:30,434.3493820528168,28.75,66.2,2025,10
2025-10-18 23:15:00+05:30,425.9307394893016,28.6,66.8,2025,10
2025-10-18 23:30:00+05:30,419.48154591517,28.6,67.8,2025,10
2025-10-18 23:45:00+05:30,414.2878843579125,28.5,67.7,2025,10
2025-10-19 00:00:00+05:30,410.0,28.4,69.1,2025,10
2025-10-19 00:15:00+05:30,404.0,28.3,68.8,2025,10
2025-10-19 00:30:00+05:30,397.0,28.25,68.4,2025,10
2025-10-19 00:45:00+05:30,394.0,28.25,68.0,2025,10
2025-10-19 01:00:00+05:30,388.0,28.15,67.4,2025,10
2025-10-19 01:15:00+05:30,386.0,28.0,70.5,2025,10
2025-10-19 01:30:00+05:30,380.0,27.95,74.1,2025,10
2025-10-19 01:45:00+05:30,376.0,27.85,74.4,2025,10
2025-10-19 02:00:00+05:30,373.0,27.8,74.8,2025,10
2025-10-19 02:15:00+05:30,369.0,27.8,74.8,2025,10
2025-10-19 02:30:00+05:30,367.0,27.8,75.1,2025,10
2025-10-19 02:45:00+05:30,362.0,27.700000000000003,75.0,2025,10
2025-10-19 03:00:00+05:30,360.0,27.6,75.8,2025,10
2025-10-19 03:15:00+05:30,352.0,27.55,74.2,2025,10
2025-10-19 03:30:00+05:30,347.0,27.55,73.9,2025,10
2025-10-19 03:45:00+05:30,342.0,27.5,73.6,2025,10
2025-10-19 04:00:00+05:30,340.0,27.35,74.0,2025,10
2025-10-19 04:15:00+05:30,340.0,27.35,74.9,2025,10
2025-10-19 04:30:00+05:30,341.0,27.2,75.6,2025,10
2025-10-19 04:45:00+05:30,345.0,27.05,75.3,2025,10
2025-10-19 05:00:00+05:30,347.0,27.05,76.2,2025,10
2025-10-19 05:15:00+05:30,350.0,26.95,77.8,2025,10
2025-10-19 05:30:00+05:30,349.0,26.9,78.5,2025,10
2025-10-19 05:45:00+05:30,351.0,26.85,79.0,2025,10
2025-10-19 06:00:00+05:30,352.0,26.75,79.0,2025,10
2025-10-19 06:15:00+05:30,356.0,26.700000000000003,79.8,2025,10
2025-10-19 06:30:00+05:30,358.0,26.700000000000003,80.1,2025,10
2025-10-19 06:45:00+05:30,358.0,26.85,81.0,2025,10
2025-10-19 07:00:00+05:30,360.0,27.05,81.1,2025,10
2025-10-19 07:15:00+05:30,364.0,27.3,80.9,2025,10
2025-10-19 07:30:00+05:30,367.0,27.8,79.1,2025,10
2025-10-19 07:45:00+05:30,373.0,28.35,77.1,2025,10
2025-10-19 08:00:00+05:30,380.0,28.9,74.1,2025,10
2025-10-19 08:15:00+05:30,388.0,29.5,71.7,2025,10
2025-10-19 08:30:00+05:30,396.0,30.0,70.5,2025,10
2025-10-19 08:45:00+05:30,401.0,30.55,68.6,2025,10
2025-10-19 09:00:00+05:30,408.0,31.3,65.5,2025,10
2025-10-19 09:15:00+05:30,413.0,31.8,62.0,2025,10
2025-10-19 09:30:00+05:30,415.0,32.400000000000006,60.2,2025,10
2025-10-19 09:45:00+05:30,420.0,33.15,57.6,2025,10
2025-10-19 10:00:00+05:30,422.0,33.55,55.5,2025,10
2025-10-19 10:15:00+05:30,428.0,33.7,54.9,2025,10
2025-10-19 10:30:00+05:30,436.0,33.75,53.4,2025,10
2025-10-19 10:45:00+05:30,439.0,34.45,50.3,2025,10
2025-10-19 11:00:00+05:30,446.0,34.8,49.1,2025,10
2025-10-19 11:15:00+05:30,442.0,35.2,47.6,2025,10
2025-10-19 11:30:00+05:30,444.0,35.35,46.4,2025,10
2025-10-19 11:45:00+05:30,444.0,35.8,45.0,2025,10
2025-10-19 12:00:00+05:30,443.0,36.3,44.3,2025,10
2025-10-19 12:15:00+05:30,448.0,36.4,44.2,2025,10
2025-10-19 12:30:00+05:30,447.0,36.6,43.4,2025,10
2025-10-19 12:45:00+05:30,446.0,36.75,43.0,2025,10
2025-10-19 13:00:00+05:30,444.0,36.8,47.6,2025,10
2025-10-19 13:15:00+05:30,441.0,36.45,48.9,2025,10
2025-10-19 13:30:00+05:30,440.0,36.35,51.2,2025,10
2025-10-19 13:45:00+05:30,441.0,36.5,50.3,2025,10
2025-10-19 14:00:00+05:30,443.0,36.75,51.8,2025,10
2025-10-19 14:15:00+05:30,446.0,36.05,51.0,2025,10
2025-10-19 14:30:00+05:30,451.0,36.2,51.4,2025,10
2025-10-19 14:45:00+05:30,450.0,35.8,51.0,2025,10
2025-10-19 15:00:00+05:30,448.0,35.7,49.9,2025,10
2025-10-19 15:15:00+05:30,452.0,35.55,49.1,2025,10
2025-10-19 15:30:00+05:30,452.0,35.349999999999994,48.3,2025,10
2025-10-19 15:45:00+05:30,448.0,35.2,47.7,2025,10
2025-10-19 16:00:00+05:30,447.0,34.849999999999994,49.2,2025,10
2025-10-19 16:15:00+05:30,443.0,34.6,48.6,2025,10
2025-10-19 16:30:00+05:30,441.0,34.1,49.5,2025,10
2025-10-19 16:45:00+05:30,438.0,33.6,54.0,2025,10
2025-10-19 17:00:00+05:30,435.0,32.55,61.5,2025,10
2025-10-19 17:15:00+05:30,435.0,32.05,64.0,2025,10
2025-10-19 17:30:00+05:30,433.0,31.6,66.2,2025,10
2025-10-19 17:45:00+05:30,432.0,31.25,65.6,2025,10
2025-10-19 18:00:00+05:30,440.0,30.950000000000003,63.6,2025,10
2025-10-19 18:15:00+05:30,444.0,30.75,67.1,2025,10
2025-10-19 18:30:00+05:30,447.0,30.4,67.2,2025,10
2025-10-19 18:45:00+05:30,452.0,30.3,66.9,2025,10
2025-10-19 19:00:00+05:30,450.0,30.15,67.5,2025,10
2025-10-19 19:15:00+05:30,448.0,29.95,67.3,2025,10
2025-10-19 19:30:00+05:30,447.0,29.85,67.4,2025,10
2025-10-19 19:45:00+05:30,447.0,29.85,66.0,2025,10
2025-10-19 20:00:00+05:30,447.0,29.8,63.1,2025,10
2025-10-19 20:15:00+05:30,446.0,29.75,61.5,2025,10
2025-10-19 20:30:00+05:30,443.0,29.65,58.7,2025,10
2025-10-19 20:45:00+05:30,443.0,29.6,60.3,2025,10
2025-10-19 21:00:00+05:30,444.0,29.55,61.5,2025,10
2025-10-19 21:15:00+05:30,443.0,29.45,63.7,2025,10
2025-10-19 21:30:00+05:30,441.0,29.3,63.9,2025,10
2025-10-19 21:45:00+05:30,438.0,29.200000000000003,64.8,2025,10
2025-10-19 22:00:00+05:30,430.0,29.15,66.6,2025,10
2025-10-19 22:15:00+05:30,425.0,29.15,66.3,2025,10
2025-10-19 22:30:00+05:30,424.0,29.1,65.0,2025,10
2025-10-19 22:45:00+05:30,421.0,29.0,66.3,2025,10
2025-10-19 23:00:00+05:30,417.0,28.9,66.8,2025,10
2025-10-19 23:15:00+05:30,410.0,28.85,66.8,2025,10
2025-10-19 23:30:00+05:30,405.0,28.75,68.0,2025,10
2025-10-19 23:45:00+05:30,402.0,28.65,68.8,2025,10
2025-10-20 00:00:00+05:30,398.2044961940584,28.55,69.4,2025,10
2025-10-20 00:15:00+05:30,392.6062165942121,28.450000000000003,69.5,2025,10
2025-10-20 00:30:00+05:30,387.1653891174791,28.450000000000003,69.4,2025,10
2025-10-20 00:45:00+05:30,382.8521272323479,28.4,70.1,2025,10
2025-10-20 01:00:00+05:30,377.72320413930765,28.3,70.7,2025,10
2025-10-20 01:15:00+05:30,372.44836045134446,28.25,70.8,2025,10
2025-10-20 01:30:00+05:30,367.5024467932391,28.1,71.5,2025,10
2025-10-20 01:45:00+05:30,364.4419178740096,28.15,74.8,2025,10
2025-10-20 02:00:00+05:30,359.67588511549667,27.950000000000003,79.1,2025,10
2025-10-20 02:15:00+05:30,356.6407385989857,27.85,79.5,2025,10
2025-10-20 02:30:00+05:30,354.2035650026009,27.75,80.3,2025,10
2025-10-20 02:45:00+05:30,351.12223534141833,27.75,81.0,2025,10
2025-10-20 03:00:00+05:30,349.7058444229062,27.6,82.2,2025,10
2025-10-20 03:15:00+05:30,347.02129222208225,27.6,81.1,2025,10
2025-10-20 03:30:00+05:30,346.23169687183247,27.6,81.1,2025,10
2025-10-20 03:45:00+05:30,343.0927542194872,27.55,80.6,2025,10
2025-10-20 04:00:00+05:30,340.65315909160194,27.450000000000003,81.1,2025,10
2025-10-20 04:15:00+05:30,340.8231034732032,27.4,81.3,2025,10
2025-10-20 04:30:00+05:30,344.74317451163927,27.3,82.1,2025,10
2025-10-20 04:45:00+05:30,343.39751227577324,27.35,82.5,2025,10
2025-10-20 05:00:00+05:30,345.001595779409,27.25,83.2,2025,10
2025-10-20 05:15:00+05:30,345.8096253124296,27.25,84.1,2025,10
2025-10-20 05:30:00+05:30,349.69581386981434,27.15,84.1,2025,10
2025-10-20 05:45:00+05:30,355.0836327131972,27.1,84.1,2025,10
2025-10-20 06:00:00+05:30,359.59558891469806,27.0,85.0,2025,10
2025-10-20 06:15:00+05:30,366.0433336437032,27.0,83.4,2025,10
2025-10-20 06:30:00+05:30,369.8644291713664,26.950000000000003,81.6,2025,10
2025-10-20 06:45:00+05:30,377.704294557691,27.05,81.3,2025,10
2025-10-20 07:00:00+05:30,386.5676071813663,27.25,80.8,2025,10
2025-10-20 07:15:00+05:30,395.3548134009584,27.5,81.1,2025,10
2025-10-20 07:30:00+05:30,405.6213309605702,27.9,80.6,2025,10
2025-10-20 07:45:00+05:30,419.5786936335723,28.450000000000003,78.5,2025,10
2025-10-20 08:00:00+05:30,438.0336438651609,29.1,76.5,2025,10
2025-10-20 08:15:00+05:30,449.4554138129605,29.75,74.2,2025,10
2025-10-20 08:30:00+05:30,457.25777994816656,30.450000000000003,68.4,2025,10
2025-10-20 08:45:00+05:30,468.7479954955808,30.9,66.2,2025,10
2025-10-20 09:00:00+05:30,476.8244952714749,31.4,61.6,2025,10
2025-10-20 09:15:00+05:30,486.3398517128467,31.65,59.1,2025,10
2025-10-20 09:30:00+05:30,491.44989432362127,32.25,55.5,2025,10
2025-10-20 09:45:00+05:30,494.81637072207417,32.9,53.0,2025,10
2025-10-20 10:00:00+05:30,497.9111710288493,33.349999999999994,51.3,2025,10
2025-10-20 10:15:00+05:30,502.32846401726,33.7,49.5,2025,10
2025-10-20 10:30:00+05:30,506.36775533116446,34.35,47.7,2025,10
2025-10-20 10:45:00+05:30,509.342647635568,34.349999999999994,46.9,2025,10
2025-10-20 11:00:00+05:30,510.4838825762001,34.8,46.9,2025,10
2025-10-20 11:15:00+05:30,509.71927103841375,35.4,45.2,2025,10
2025-10-20 11:30:00+05:30,510.29166557370985,35.5,44.4,2025,10
2025-10-20 11:45:00+05:30,511.7640121703666,35.900000000000006,44.0,2025,10
2025-10-20 12:00:00+05:30,512.7642237706206,36.55,42.3,2025,10
2025-10-20 12:15:00+05:30,515.9823627232677,36.6,41.0,2025,10
2025-10-20 12:30:00+05:30,512.5396988126898,37.0,39.2,2025,10
2025-10-20 12:45:00+05:30,512.485922181917,37.1,39.0,2025,10
2025-10-20 13:00:00+05:30,510.50841002975966,37.3,38.6,2025,10
2025-10-20 13:15:00+05:30,507.84579023007007,37.1,37.3,2025,10
2025-10-20 13:30:00+05:30,508.45245030077865,37.25,37.6,2025,10
2025-10-20 13:45:00+05:30,509.84739761482666,37.400000000000006,36.5,2025,10
2025-10-20 14:00:00+05:30,510.9530543675952,36.85,47.1,2025,10
2025-10-20 14:15:00+05:30,512.113085483429,36.2,50.8,2025,10
2025-10-20 14:30:00+05:30,515.2922786476112,36.0,50.8,2025,10
2025-10-20 14:45:00+05:30,514.0176514865743,35.9,49.0,2025,10
2025-10-20 15:00:00+05:30,511.2154734085129,35.8,47.2,2025,10
2025-10-20 15:15:00+05:30,515.7598483351808,35.7,45.8,2025,10
2025-10-20 15:30:00+05:30,513.3656202254512,35.75,50.7,2025,10
2025-10-20 15:45:00+05:30,512.1073019820279,35.7,49.1,2025,10
2025-10-20 16:00:00+05:30,505.82671710259785,35.15,52.5,2025,10
2025-10-20 16:15:00+05:30,506.7317493593329,34.650000000000006,57.2,2025,10
2025-10-20 16:30:00+05:30,502.3720798291369,34.35,56.0,2025,10
2025-10-20 16:45:00+05:30,499.5813194835894,33.7,58.1,2025,10
2025-10-20 17:00:00+05:30,494.0455673297416,32.400000000000006,61.3,2025,10
2025-10-20 17:15:00+05:30,492.83133826280925,31.950000000000003,62.3,2025,10
2025-10-20 17:30:00+05:30,489.9104171395216,31.55,63.6,2025,10
2025-10-20 17:45:00+05:30,489.7598086167385,31.35,62.9,2025,10
2025-10-20 18:00:00+05:30,496.2443994479409,31.200000000000003,62.5,2025,10
2025-10-20 18:15:00+05:30,499.0285986713071,30.9,63.9,2025,10
2025-10-20 18:30:00+05:30,500.268468291422,30.75,65.7,2025,10
2025-10-20 18:45:00+05:30,501.35403762515193,30.55,66.2,2025,10
2025-10-20 19:00:00+05:30,496.47710951229,30.6,67.2,2025,10
2025-10-20 19:15:00+05:30,492.36889424152514,30.55,68.0,2025,10
2025-10-20 19:30:00+05:30,487.9252184395564,30.45,67.3,2025,10
2025-10-20 19:45:00+05:30,485.4431214503023,30.4,66.7,2025,10
2025-10-20 20:00:00+05:30,481.7735763380897,30.35,66.0,2025,10
2025-10-20 20:15:00+05:30,476.3864498525593,30.25,65.9,2025,10
2025-10-20 20:30:00+05:30,469.9654958994371,30.1,66.3,2025,10
2025-10-20 20:45:00+05:30,466.8037926565345,29.95,67.2,2025,10
2025-10-20 21:00:00+05:30,461.9851046067636,29.8,67.3,2025,10
2025-10-20 21:15:00+05:30,457.77756074534005,29.65,67.4,2025,10
2025-10-20 21:30:00+05:30,454.2353309267178,29.6,67.8,2025,10
2025-10-20 21:45:00+05:30,449.96738819859394,29.55,68.4,2025,10
2025-10-20 22:00:00+05:30,445.1838636928844,29.45,69.0,2025,10
2025-10-20 22:15:00+05:30,439.25975705060097,29.4,70.1,2025,10
2025-10-20 22:30:00+05:30,437.2822922046648,29.3,69.9,2025,10
2025-10-20 22:45:00+05:30,433.0460565128508,29.3,70.7,2025,10
2025-10-20 23:00:00+05:30,428.2327286706361,29.2,73.0,2025,10
2025-10-20 23:15:00+05:30,421.1043012487052,29.05,73.9,2025,10
2025-10-20 23:30:00+05:30,413.2661952551263,28.95,74.8,2025,10
2025-10-20 23:45:00+05:30,409.2620810939618,28.85,74.4,2025,10
2025-10-21 00:00:00+05:30,404.60973375551066,28.75,74.9,2025,10
2025-10-21 00:15:00+05:30,398.8305639940571,28.6,74.2,2025,10
2025-10-21 00:30:00+05:30,393.1217928499036,28.6,73.6,2025,10
2025-10-21 00:45:00+05:30,389.2581016314506,28.55,73.0,2025,10
2025-10-21 01:00:00+05:30,382.779040478975,28.5,72.8,2025,10
2025-10-21 01:15:00+05:30,379.7347950309559,28.45,73.7,2025,10
2025-10-21 01:30:00+05:30,374.9484790483828,28.3,75.3,2025,10
2025-10-21 01:45:00+05:30,372.2133611154193,28.25,75.5,2025,10
2025-10-21 02:00:00+05:30,368.5746768986196,28.15,76.2,2025,10
2025-10-21 02:15:00+05:30,365.9968970933453,28.05,76.7,2025,10
2025-10-21 02:30:00+05:30,363.2046098592456,27.950000000000003,75.8,2025,10
2025-10-21 02:45:00+05:30,360.4729008483004,27.85,76.0,2025,10
2025-10-21 03:00:00+05:30,357.4173792544668,27.8,76.3,2025,10
2025-10-21 03:15:00+05:30,353.55606977993824,27.75,76.0,2025,10
2025-10-21 03:30:00+05:30,351.60664144637246,27.65,77.0,2025,10
2025-10-21 03:45:00+05:30,347.11518824710345,27.55,78.5,2025,10
2025-10-21 04:00:00+05:30,345.70774918508585,27.55,78.9,2025,10
2025-10-21 04:15:00+05:30,347.70612483123625,27.450000000000003,79.5,2025,10
2025-10-21 04:30:00+05:30,346.7151525212786,27.4,77.3,2025,10
2025-10-21 04:45:00+05:30,345.6439413088649,27.4,75.7,2025,10
2025-10-21 05:00:00+05:30,344.1341195162684,27.4,75.1,2025,10
2025-10-21 05:15:00+05:30,346.464633780824,27.3,74.3,2025,10
2025-10-21 05:30:00+05:30,348.13158607735926,27.35,75.4,2025,10
2025-10-21 05:45:00+05:30,347.9886903967228,27.25,77.8,2025,10
2025-10-21 06:00:00+05:30,350.0205269251237,27.15,79.1,2025,10
2025-10-21 06:15:00+05:30,354.33281376226904,27.15,80.2,2025,10
2025-10-21 06:30:00+05:30,356.58152763452813,27.0,82.1,2025,10
2025-10-21 06:45:00+05:30,356.75450594805363,27.1,81.7,2025,10
2025-10-21 07:00:00+05:30,361.1346884683911,27.3,81.1,2025,10
2025-10-21 07:15:00+05:30,365.0842817603202,27.6,79.4,2025,10
2025-10-21 07:30:00+05:30,368.7983510136235,27.950000000000003,77.0,2025,10
2025-10-21 07:45:00+05:30,376.1004318898687,28.200000000000003,74.9,2025,10
2025-10-21 08:00:00+05:30,384.9834912095286,29.0,70.5,2025,10
2025-10-21 08:15:00+05:30,392.688638949578,30.0,66.3,2025,10
2025-10-21 08:30:00+05:30,400.8337516712835,30.4,64.8,2025,10
2025-10-21 08:45:00+05:30,408.0132023822837,30.95,63.4,2025,10
2025-10-21 09:00:00+05:30,412.46588828882057,31.75,59.5,2025,10
2025-10-21 09:15:00+05:30,417.8166529398464,32.3,58.1,2025,10
2025-10-21 09:30:00+05:30,422.28014192666313,33.25,52.7,2025,10
2025-10-21 09:45:00+05:30,428.25279549823193,33.7,50.7,2025,10
2025-10-21 10:00:00+05:30,430.26693275866177,33.9,50.9,2025,10
2025-10-21 10:15:00+05:30,440.4766320753356,34.5,49.1,2025,10
2025-10-21 10:30:00+05:30,446.3794904355425,34.650000000000006,49.9,2025,10
2025-10-21 10:45:00+05:30,450.780254397127,34.05,53.3,2025,10
2025-10-21 11:00:00+05:30,453.1752315641195,34.099999999999994,53.3,2025,10
2025-10-21 11:15:00+05:30,456.67068732779205,34.3,51.4,2025,10
2025-10-21 11:30:00+05:30,461.1885293296425,34.65,49.6,2025,10
2025-10-21 11:45:00+05:30,461.6928766817196,35.05,49.2,2025,10
2025-10-21 12:00:00+05:30,459.6034228368684,35.75,47.6,2025,10
2025-10-21 12:15:00+05:30,461.9136470627078,36.05,45.5,2025,10
2025-10-21 12:30:00+05:30,461.50706701254353,35.9,45.3,2025,10
2025-10-21 12:45:00+05:30,460.1225420534005,36.65,43.4,2025,10
2025-10-21 13:00:00+05:30,462.2090013562753,36.95,43.3,2025,10
2025-10-21 13:15:00+05:30,460.7607255759138,36.5,50.1,2025,10
2025-10-21 13:30:00+05:30,461.9806997533547,36.45,50.5,2025,10
2025-10-21 13:45:00+05:30,462.6974269065016,36.05,50.1,2025,10
2025-10-21 14:00:00+05:30,462.0670457982126,36.1,47.1,2025,10
2025-10-21 14:15:00+05:30,465.0345004288576,36.0,46.4,2025,10
2025-10-21 14:30:00+05:30,461.8205022557335,35.95,45.6,2025,10
2025-10-21 14:45:00+05:30,458.4053659220996,35.6,46.7,2025,10
2025-10-21 15:00:00+05:30,457.54592311955713,35.35,47.1,2025,10
2025-10-21 15:15:00+05:30,460.4236863140951,35.349999999999994,46.5,2025,10
2025-10-21 15:30:00+05:30,460.06883956343785,35.2,46.8,2025,10
2025-10-21 15:45:00+05:30,457.17336989793455,34.95,46.3,2025,10
2025-10-21 16:00:00+05:30,454.1134402894395,35.05,43.9,2025,10
2025-10-21 16:15:00+05:30,449.8391704341929,34.8,45.4,2025,10
2025-10-21 16:30:00+05:30,446.638666941377,34.0,48.4,2025,10
2025-10-21 16:45:00+05:30,442.26270905107685,33.8,49.5,2025,10
2025-10-21 17:00:00+05:30,435.4674990073101,32.400000000000006,56.2,2025,10
2025-10-21 17:15:00+05:30,434.0108385590775,31.75,58.0,2025,10
2025-10-21 17:30:00+05:30,435.1713167538568,30.85,61.6,2025,10
2025-10-21 17:45:00+05:30,432.3147246348501,29.75,66.1,2025,10
2025-10-21 18:00:00+05:30,438.7623109521074,27.200000000000003,69.8,2025,10
2025-10-21 18:15:00+05:30,443.7872697111401,27.3,69.8,2025,10
2025-10-21 18:30:00+05:30,442.0816690916243,26.8,73.0,2025,10
2025-10-21 18:45:00+05:30,441.8252790882237,26.1,76.7,2025,10
2025-10-21 19:00:00+05:30,437.3903042547902,26.0,76.2,2025,10
2025-10-21 19:15:00+05:30,436.4143274930851,26.3,76.5,2025,10
2025-10-21 19:30:00+05:30,434.4591969718872,26.05,77.6,2025,10
2025-10-21 19:45:00+05:30,433.1282992298324,26.35,79.0,2025,10
2025-10-21 20:00:00+05:30,431.9479851880816,26.15,78.0,2025,10
2025-10-21 20:15:00+05:30,429.4212786817212,25.950000000000003,74.1,2025,10
2025-10-21 20:30:00+05:30,421.9929223490239,26.0,73.1,2025,10
2025-10-21 20:45:00+05:30,419.51712419620856,26.0,74.7,2025,10
2025-10-21 21:00:00+05:30,419.2043831497157,25.950000000000003,75.6,2025,10
2025-10-21 21:15:00+05:30,417.1195234637715,25.950000000000003,76.5,2025,10
2025-10-21 21:30:00+05:30,414.4468168593996,25.8,75.2,2025,10
2025-10-21 21:45:00+05:30,412.1504100558366,25.9,76.4,2025,10
2025-10-21 22:00:00+05:30,408.8568365400291,25.85,76.7,2025,10
2025-10-21 22:15:00+05:30,405.9705061630821,25.85,78.0,2025,10
2025-10-21 22:30:00+05:30,403.0104378061778,25.85,79.1,2025,10
2025-10-21 22:45:00+05:30,398.2091958686403,25.75,79.4,2025,10
2025-10-21 23:00:00+05:30,394.5326072470976,25.8,79.7,2025,10
2025-10-21 23:15:00+05:30,390.5858277914795,25.75,80.8,2025,10
2025-10-21 23:30:00+05:30,383.4682030985679,25.75,82.2,2025,10
2025-10-21 23:45:00+05:30,380.9245332826006,25.7,82.1,2025,10
2025-10-22 00:00:00+05:30,377.42995127178415,25.7,83.2,2025,10
2025-10-22 00:15:00+05:30,374.5533681496322,25.75,83.3,2025,10
2025-10-22 00:30:00+05:30,366.883397015837,25.7,83.7,2025,10
2025-10-22 00:45:00+05:30,362.8857051183877,25.75,83.2,2025,10
2025-10-22 01:00:00+05:30,358.6496500041477,25.75,83.2,2025,10
2025-10-22 01:15:00+05:30,357.232466599162,25.7,82.2,2025,10
2025-10-22 01:30:00+05:30,355.0240670727598,25.65,81.6,2025,10
2025-10-22 01:45:00+05:30,352.3681470143448,25.7,82.3,2025,10
2025-10-22 02:00:00+05:30,350.30514892658294,25.65,82.2,2025,10
2025-10-22 02:15:00+05:30,347.05407039931544,25.55,82.8,2025,10
2025-10-22 02:30:00+05:30,342.8185416974462,25.55,82.8,2025,10
2025-10-22 02:45:00+05:30,340.27935989918814,25.55,82.7,2025,10
2025-10-22 03:00:00+05:30,337.5092482132976,25.55,82.2,2025,10
2025-10-22 03:15:00+05:30,333.57006464239765,25.55,82.7,2025,10
2025-10-22 03:30:00+05:30,334.21741539442814,25.5,82.8,2025,10
2025-10-22 03:45:00+05:30,330.59729346364054,25.5,82.3,2025,10
2025-10-22 04:00:00+05:30,328.95342824498914,25.55,82.3,2025,10
2025-10-22 04:15:00+05:30,329.50879640611123,25.6,82.4,2025,10
2025-10-22 04:30:00+05:30,330.7082356755124,25.5,82.8,2025,10
2025-10-22 04:45:00+05:30,329.4790954457332,25.6,83.2,2025,10
2025-10-22 05:00:00+05:30,330.6923199476439,25.6,83.4,2025,10
2025-10-22 05:15:00+05:30,332.24448690054294,25.65,83.3,2025,10
2025-10-22 05:30:00+05:30,333.1733601206673,25.65,83.2,2025,10
2025-10-22 05:45:00+05:30,336.9659244350566,25.65,83.7,2025,10
2025-10-22 06:00:00+05:30,342.75984388633253,25.7,84.5,2025,10
2025-10-22 06:15:00+05:30,347.07836771089745,25.7,85.0,2025,10
2025-10-22 06:30:00+05:30,348.5970359664689,25.7,85.9,2025,10
2025-10-22 06:45:00+05:30,353.45555435682445,25.75,86.5,2025,10
2025-10-22 07:00:00+05:30,360.6796306444938,25.95,86.2,2025,10
2025-10-22 07:15:00+05:30,366.9219030367619,26.3,85.5,2025,10
2025-10-22 07:30:00+05:30,374.1022450084913,26.85,83.0,2025,10
2025-10-22 07:45:00+05:30,384.5145087375427,27.3,80.3,2025,10
2025-10-22 08:00:00+05:30,399.0807430925447,28.05,75.7,2025,10
2025-10-22 08:15:00+05:30,411.15817394892144,28.35,73.6,2025,10
2025-10-22 08:30:00+05:30,423.3119284542447,28.75,71.1,2025,10
2025-10-22 08:45:00+05:30,433.66366469568186,29.85,66.4,2025,10
2025-10-22 09:00:00+05:30,442.2513296733962,30.5,63.6,2025,10
2025-10-22 09:15:00+05:30,448.9987205791206,30.85,60.3,2025,10
2025-10-22 09:30:00+05:30,457.14678070304456,31.8,58.1,2025,10
2025-10-22 09:45:00+05:30,462.2288558210661,31.95,58.2,2025,10
2025-10-22 10:00:00+05:30,467.2925290260552,32.6,55.2,2025,10
2025-10-22 10:15:00+05:30,473.5125363310146,32.85,53.0,2025,10
2025-10-22 10:30:00+05:30,475.6890917503939,32.4,53.6,2025,10
2025-10-22 10:45:00+05:30,477.3227092641256,33.0,52.5,2025,10
2025-10-22 11:00:00+05:30,481.008089620068,33.1,53.0,2025,10
2025-10-22 11:15:00+05:30,481.9827360182729,33.5,51.9,2025,10
2025-10-22 11:30:00+05:30,484.3160574867085,33.7,51.3,2025,10
2025-10-22 11:45:00+05:30,484.37385363972646,33.85,50.4,2025,10
2025-10-22 12:00:00+05:30,486.34632650302825,34.65,49.7,2025,10
2025-10-22 12:15:00+05:30,487.7120656368709,34.4,51.9,2025,10
2025-10-22 12:30:00+05:30,485.9314588605126,35.2,47.7,2025,10
2025-10-22 12:45:00+05:30,484.911606103828,35.95,46.9,2025,10
2025-10-22 13:00:00+05:30,485.7176415858189,35.85,47.2,2025,10
2025-10-22 13:15:00+05:30,483.5101776880022,36.2,44.2,2025,10
2025-10-22 13:30:00+05:30,484.4784536817754,36.55,43.9,2025,10
2025-10-22 13:45:00+05:30,487.6472866675336,36.65,43.8,2025,10
2025-10-22 14:00:00+05:30,491.3916616967061,37.1,44.9,2025,10
2025-10-22 14:15:00+05:30,493.1930007526444,36.8,46.9,2025,10
2025-10-22 14:30:00+05:30,493.0337140483381,36.05,51.3,2025,10
2025-10-22 14:45:00+05:30,495.7980913854032,35.95,53.0,2025,10
2025-10-22 15:00:00+05:30,493.829382272804,35.75,51.8,2025,10
2025-10-22 15:15:00+05:30,496.9632689920803,35.55,53.3,2025,10
2025-10-22 15:30:00+05:30,496.7922499993345,35.9,50.6,2025,10
2025-10-22 15:45:00+05:30,494.3331625130445,36.0,48.6,2025,10
2025-10-22 16:00:00+05:30,494.2154914185885,36.1,46.9,2025,10
2025-10-22 16:15:00+05:30,491.5409121582473,35.65,49.1,2025,10
2025-10-22 16:30:00+05:30,488.8617294719977,34.8,52.6,2025,10
2025-10-22 16:45:00+05:30,486.30869608089984,34.25,53.8,2025,10
2025-10-22 17:00:00+05:30,480.8915053782876,33.35,58.1,2025,10
2025-10-22 17:15:00+05:30,478.9961157975295,32.55,60.5,2025,10
2025-10-22 17:30:00+05:30,477.4900521435932,32.1,62.7,2025,10
2025-10-22 17:45:00+05:30,471.7174512862482,31.45,65.0,2025,10
2025-10-22 18:00:00+05:30,473.2724840943501,30.95,65.8,2025,10
2025-10-22 18:15:00+05:30,472.8394163691612,30.7,65.6,2025,10
2025-10-22 18:30:00+05:30,473.7621712562248,30.5,66.7,2025,10
2025-10-22 18:45:00+05:30,473.03286385079326,30.35,65.6,2025,10
2025-10-22 19:00:00+05:30,468.3172732360512,30.25,65.6,2025,10
2025-10-22 19:15:00+05:30,464.53265894652026,30.35,66.6,2025,10
2025-10-22 19:30:00+05:30,460.1254553604074,30.3,66.7,2025,10
2025-10-22 19:45:00+05:30,458.47744322160935,30.15,64.8,2025,10
2025-10-22 20:00:00+05:30,455.0630711591455,30.0,63.6,2025,10
2025-10-22 20:15:00+05:30,450.8599669659222,29.95,62.9,2025,10
2025-10-22 20:30:00+05:30,446.554599351037,29.85,63.4,2025,10
2025-10-22 20:45:00+05:30,444.8125104338186,29.8,63.2,2025,10
2025-10-22 21:00:00+05:30,442.2328407602695,29.65,65.6,2025,10
2025-10-22 21:15:00+05:30,440.00361731174434,29.5,68.7,2025,10
2025-10-22 21:30:00+05:30,437.0079562300082,29.35,69.5,2025,10
2025-10-22 21:45:00+05:30,431.5885155339356,29.3,71.6,2025,10
2025-10-22 22:00:00+05:30,425.40531475954384,29.15,72.3,2025,10
2025-10-22 22:15:00+05:30,420.5886408363038,29.1,71.6,2025,10
2025-10-22 22:30:00+05:30,416.81032538941935,28.95,73.3,2025,10
2025-10-22 22:45:00+05:30,414.9811853431431,28.95,73.9,2025,10
2025-10-22 23:00:00+05:30,410.0463729393783,28.85,73.9,2025,10
2025-10-22 23:15:00+05:30,405.3710749614893,28.8,73.9,2025,10
2025-10-22 23:30:00+05:30,398.1107366471184,28.75,74.3,2025,10
2025-10-22 23:45:00+05:30,393.6493310960569,28.65,74.8,2025,10
2025-10-23 00:00:00+05:30,389.36171875136085,28.6,75.4,2025,10
2025-10-23 00:15:00+05:30,383.8938197534577,28.5,75.2,2025,10
2025-10-23 00:30:00+05:30,379.9076473896952,28.4,74.4,2025,10
2025-10-23 00:45:00+05:30,376.2110563319443,28.35,75.2,2025,10
2025-10-23 01:00:00+05:30,370.798713549233,28.25,75.3,2025,10
2025-10-23 01:15:00+05:30,367.1212130396677,28.200000000000003,76.2,2025,10
2025-10-23 01:30:00+05:30,362.3190856566305,28.1,76.7,2025,10
2025-10-23 01:45:00+05:30,360.1922577521475,28.05,77.1,2025,10
2025-10-23 02:00:00+05:30,357.69963385097435,28.0,78.0,2025,10
2025-10-23 02:15:00+05:30,354.0738356994192,27.950000000000003,78.4,2025,10
2025-10-23 02:30:00+05:30,351.3711354342497,27.9,78.1,2025,10
2025-10-23 02:45:00+05:30,348.05395898947785,27.9,77.6,2025,10
2025-10-23 03:00:00+05:30,345.03135702295384,27.8,76.9,2025,10
2025-10-23 03:15:00+05:30,341.4142557706916,27.8,76.6,2025,10
2025-10-23 03:30:00+05:30,340.49581836804686,27.75,76.6,2025,10
2025-10-23 03:45:00+05:30,335.66725635029474,27.65,76.6,2025,10
2025-10-23 04:00:00+05:30,333.17104471284364,27.65,77.0,2025,10
2025-10-23 04:15:00+05:30,332.77966427799805,27.6,77.0,2025,10
2025-10-23 04:30:00+05:30,334.3192286420143,27.5,78.0,2025,10
2025-10-23 04:45:00+05:30,335.06912256148826,27.45,78.5,2025,10
2025-10-23 05:00:00+05:30,336.2232323516139,27.45,79.1,2025,10
2025-10-23 05:15:00+05:30,337.2525734408069,27.45,78.7,2025,10
2025-10-23 05:30:00+05:30,341.13236199101675,27.4,78.5,2025,10
2025-10-23 05:45:00+05:30,344.1490830794594,27.35,77.9,2025,10
2025-10-23 06:00:00+05:30,350.95993864014747,27.35,77.3,2025,10
2025-10-23 06:15:00+05:30,357.68121586741034,27.3,78.0,2025,10
2025-10-23 06:30:00+05:30,361.2180849703256,27.3,78.4,2025,10
2025-10-23 06:45:00+05:30,369.3744881061157,27.45,77.6,2025,10
2025-10-23 07:00:00+05:30,378.3935057501973,27.55,78.7,2025,10
2025-10-23 07:15:00+05:30,389.06342591566926,27.65,80.6,2025,10
2025-10-23 07:30:00+05:30,403.0835726970354,28.1,79.7,2025,10
2025-10-23 07:45:00+05:30,416.5861572378026,29.200000000000003,73.9,2025,10
2025-10-23 08:00:00+05:30,434.9193392675541,30.3,68.4,2025,10
2025-10-23 08:15:00+05:30,446.1167339195978,30.95,65.3,2025,10
2025-10-23 08:30:00+05:30,460.4166902546359,31.4,63.6,2025,10
2025-10-23 08:45:00+05:30,474.2026669899479,32.1,60.2,2025,10
2025-10-23 09:00:00+05:30,484.241078794852,32.95,56.8,2025,10
2025-10-23 09:15:00+05:30,494.3625218367028,33.5,53.9,2025,10
2025-10-23 09:30:00+05:30,502.1569926443788,34.3,51.7,2025,10
2025-10-23 09:45:00+05:30,510.11218905382674,34.15,52.0,2025,10
2025-10-23 10:00:00+05:30,514.6602781235196,34.75,50.6,2025,10
2025-10-23 10:15:00+05:30,518.7562674714908,35.3,49.2,2025,10
2025-10-23 10:30:00+05:30,524.6489906440712,35.95,46.1,2025,10
2025-10-23 10:45:00+05:30,525.9212594416742,36.35,45.5,2025,10
2025-10-23 11:00:00+05:30,526.3412469669596,36.1,46.4,2025,10
2025-10-23 11:15:00+05:30,527.1085848509446,35.85,47.2,2025,10
2025-10-23 11:30:00+05:30,526.4913870684643,36.1,47.1,2025,10
2025-10-23 11:45:00+05:30,528.1877691320497,36.05,46.4,2025,10
2025-10-23 12:00:00+05:30,529.6334569229119,36.3,45.1,2025,10
2025-10-23 12:15:00+05:30,531.5247290711111,36.45,44.7,2025,10
2025-10-23 12:30:00+05:30,529.9203969748776,36.7,43.8,2025,10
2025-10-23 12:45:00+05:30,527.216122617945,36.85,43.4,2025,10
2025-10-23 13:00:00+05:30,525.2292661516408,36.9,46.9,2025,10
2025-10-23 13:15:00+05:30,526.7005960522312,36.55,52.3,2025,10
2025-10-23 13:30:00+05:30,526.100451719403,35.85,54.6,2025,10
2025-10-23 13:45:00+05:30,529.6259822223485,36.3,50.9,2025,10
2025-10-23 14:00:00+05:30,532.5174714535543,36.5,53.0,2025,10
2025-10-23 14:15:00+05:30,541.9564764586529,35.95,53.3,2025,10
2025-10-23 14:30:00+05:30,537.2688333327318,35.8,52.5,2025,10
2025-10-23 14:45:00+05:30,540.0810992189332,35.9,52.1,2025,10
2025-10-23 15:00:00+05:30,540.1253988277576,35.849999999999994,51.9,2025,10
2025-10-23 15:15:00+05:30,541.7809416982909,36.15,50.1,2025,10
2025-10-23 15:30:00+05:30,537.9948929502856,36.55,48.2,2025,10
2025-10-23 15:45:00+05:30,537.3890132039918,37.3,44.4,2025,10
2025-10-23 16:00:00+05:30,535.1459554715497,36.55,47.7,2025,10
2025-10-23 16:15:00+05:30,533.2661696871472,35.9,51.8,2025,10
2025-10-23 16:30:00+05:30,532.1984033575213,35.25,53.8,2025,10
2025-10-23 16:45:00+05:30,531.306902342418,34.55,55.5,2025,10
2025-10-23 17:00:00+05:30,525.7954339385814,33.3,59.7,2025,10
2025-10-23 17:15:00+05:30,523.3515573825287,32.65,62.6,2025,10
2025-10-23 17:30:00+05:30,514.9318061162573,32.099999999999994,64.5,2025,10
2025-10-23 17:45:00+05:30,509.6182219107866,31.85,64.2,2025,10
2025-10-23 18:00:00+05:30,511.88171937656335,31.5,65.6,2025,10
2025-10-23 18:15:00+05:30,507.5224009247149,31.2,67.9,2025,10
2025-10-23 18:30:00+05:30,504.638524980704,31.2,67.4,2025,10
2025-10-23 18:45:00+05:30,500.7459095521846,29.8,69.8,2025,10
2025-10-23 19:00:00+05:30,494.6016845706378,27.85,85.9,2025,10
2025-10-23 19:15:00+05:30,488.8485158315616,27.15,90.3,2025,10
2025-10-23 19:30:00+05:30,482.477387441358,27.1,90.9,2025,10
2025-10-23 19:45:00+05:30,479.7076480725332,26.8,85.1,2025,10
2025-10-23 20:00:00+05:30,475.1382557149624,26.75,88.3,2025,10
2025-10-23 20:15:00+05:30,468.5502673511595,26.8,83.3,2025,10
2025-10-23 20:30:00+05:30,463.71482031235416,26.8,84.4,2025,10
2025-10-23 20:45:00+05:30,460.8584706071429,27.1,84.3,2025,10
2025-10-23 21:00:00+05:30,455.34886888933,27.3,84.1,2025,10
2025-10-23 21:15:00+05:30,452.6620977458695,27.4,85.9,2025,10
2025-10-23 21:30:00+05:30,448.05091965568346,27.4,83.4,2025,10
2025-10-23 21:45:00+05:30,444.2967347203905,27.200000000000003,81.3,2025,10
2025-10-23 22:00:00+05:30,435.7868922830168,27.3,80.8,2025,10
2025-10-23 22:15:00+05:30,431.1650726520833,27.2,80.7,2025,10
2025-10-23 22:30:00+05:30,427.5258085730303,27.2,81.4,2025,10
2025-10-23 22:45:00+05:30,424.6210895880894,27.25,80.7,2025,10
2025-10-23 23:00:00+05:30,419.6990261276383,27.25,81.7,2025,10
2025-10-23 23:15:00+05:30,415.849301796997,27.35,80.3,2025,10
2025-10-23 23:30:00+05:30,406.81493932010767,27.3,79.7,2025,10
2025-10-23 23:45:00+05:30,403.17705904997206,27.4,80.7,2025,10
2025-10-24 00:00:00+05:30,396.85986532303104,27.4,82.2,2025,10
2025-10-24 00:15:00+05:30,391.9411822860117,27.45,80.9,2025,10
2025-10-24 00:30:00+05:30,384.09535140563713,27.4,79.5,2025,10
2025-10-24 00:45:00+05:30,381.1057388098529,27.4,79.1,2025,10
2025-10-24 01:00:00+05:30,378.6736117546594,27.35,79.0,2025,10
2025-10-24 01:15:00+05:30,374.0564844859495,27.45,79.1,2025,10
2025-10-24 01:30:00+05:30,370.2775343602016,27.55,78.0,2025,10
2025-10-24 01:45:00+05:30,367.1660993454026,27.55,77.9,2025,10
2025-10-24 02:00:00+05:30,365.43490656384574,27.55,78.7,2025,10
2025-10-24 02:15:00+05:30,360.5989531760311,27.55,82.5,2025,10
2025-10-24 02:30:00+05:30,358.371052191855,27.55,85.5,2025,10
2025-10-24 02:45:00+05:30,355.9630232891693,27.5,87.7,2025,10
2025-10-24 03:00:00+05:30,352.88847158265014,27.5,88.4,2025,10
2025-10-24 03:15:00+05:30,349.3815581336352,27.5,88.3,2025,10
2025-10-24 03:30:00+05:30,349.4453966079706,27.3,87.0,2025,10
2025-10-24 03:45:00+05:30,346.7522867818044,27.35,86.6,2025,10
2025-10-24 04:00:00+05:30,344.319630559378,27.25,86.4,2025,10
2025-10-24 04:15:00+05:30,343.8341923741631,27.25,85.7,2025,10
2025-10-24 04:30:00+05:30,345.38992020651904,27.2,86.0,2025,10
2025-10-24 04:45:00+05:30,347.3022722439276,27.1,87.1,2025,10
2025-10-24 05:00:00+05:30,347.47572906252884,27.0,89.1,2025,10
2025-10-24 05:15:00+05:30,349.8996236114665,26.95,90.3,2025,10
2025-10-24 05:30:00+05:30,352.57573987511336,26.95,90.9,2025,10
2025-10-24 05:45:00+05:30,352.5902142859977,27.0,90.4,2025,10
2025-10-24 06:00:00+05:30,360.4291769301629,27.05,90.4,2025,10
2025-10-24 06:15:00+05:30,369.3946519307122,27.1,89.5,2025,10
2025-10-24 06:30:00+05:30,378.67093249509713,27.15,89.8,2025,10
2025-10-24 06:45:00+05:30,388.858982482648,27.2,88.0,2025,10
2025-10-24 07:00:00+05:30,402.6236851915076,27.35,87.0,2025,10
2025-10-24 07:15:00+05:30,418.6794554055672,27.6,85.1,2025,10
2025-10-24 07:30:00+05:30,436.8524494578739,27.8,82.7,2025,10
2025-10-24 07:45:00+05:30,455.8730610672232,28.05,80.9,2025,10
2025-10-24 08:00:00+05:30,473.1910738774191,28.35,81.4,2025,10
2025-10-24 08:15:00+05:30,491.5010057338792,28.95,78.5,2025,10
2025-10-24 08:30:00+05:30,510.3284209231026,29.85,75.4,2025,10
2025-10-24 08:45:00+05:30,525.1401916608364,30.85,70.6,2025,10
2025-10-24 09:00:00+05:30,539.8044845965813,31.15,68.8,2025,10
2025-10-24 09:15:00+05:30,552.8956476157098,31.35,68.5,2025,10
2025-10-24 09:30:00+05:30,566.9084188117235,31.35,67.9,2025,10
2025-10-24 09:45:00+05:30,576.6233052337193,31.75,67.0,2025,10
2025-10-24 10:00:00+05:30,581.2644278774978,32.05,65.3,2025,10
2025-10-24 10:15:00+05:30,589.846719751175,32.3,63.0,2025,10
2025-10-24 10:30:00+05:30,595.7227756683076,32.4,62.6,2025,10
2025-10-24 10:45:00+05:30,596.4670210691883,32.15,64.0,2025,10
2025-10-24 11:00:00+05:30,600.3082945840206,31.95,65.6,2025,10
2025-10-24 11:15:00+05:30,603.7581843484027,31.9,66.3,2025,10
2025-10-24 11:30:00+05:30,602.8188090652377,32.05,66.4,2025,10
2025-10-24 11:45:00+05:30,598.2922077054583,32.45,64.8,2025,10
2025-10-24 12:00:00+05:30,596.2611180607026,32.95,62.0,2025,10
2025-10-24 12:15:00+05:30,595.8080370121705,33.2,59.4,2025,10
2025-10-24 12:30:00+05:30,594.2107496039293,33.15,59.4,2025,10
2025-10-24 12:45:00+05:30,589.4943480827593,33.1,59.0,2025,10
2025-10-24 13:00:00+05:30,595.8789352726985,33.3,60.0,2025,10
2025-10-24 13:15:00+05:30,592.7828304237537,34.1,57.5,2025,10
2025-10-24 13:30:00+05:30,591.7373772563868,34.4,56.2,2025,10
2025-10-24 13:45:00+05:30,591.1502849509417,34.5,55.4,2025,10
2025-10-24 14:00:00+05:30,593.3598613088848,34.95,54.4,2025,10
2025-10-24 14:15:00+05:30,599.7025159380236,34.65,52.6,2025,10
2025-10-24 14:30:00+05:30,603.1041198939558,34.6,52.5,2025,10
2025-10-24 14:45:00+05:30,606.1469021819008,34.65,52.2,2025,10
2025-10-24 15:00:00+05:30,595.2471747907802,35.4,48.0,2025,10
2025-10-24 15:15:00+05:30,587.789564208032,36.3,44.3,2025,10
2025-10-24 15:30:00+05:30,586.2667578297685,37.05,42.3,2025,10
2025-10-24 15:45:00+05:30,588.7257429978125,37.15,41.6,2025,10
2025-10-24 16:00:00+05:30,591.3265059286085,36.55,48.8,2025,10
2025-10-24 16:15:00+05:30,586.7638073045634,37.2,48.1,2025,10
2025-10-24 16:30:00+05:30,580.4631078222262,36.45,50.3,2025,10
2025-10-24 16:45:00+05:30,573.1752362335743,34.95,57.1,2025,10
2025-10-24 17:00:00+05:30,575.9098944234634,33.45,61.3,2025,10
2025-10-24 17:15:00+05:30,576.0851795278362,32.6,64.2,2025,10
2025-10-24 17:30:00+05:30,569.2387867468518,31.8,66.8,2025,10
2025-10-24 17:45:00+05:30,563.4569409961744,31.4,68.8,2025,10
2025-10-24 18:00:00+05:30,562.4283659374901,31.15,70.5,2025,10
2025-10-24 18:15:00+05:30,558.7018781796327,30.95,71.4,2025,10
2025-10-24 18:30:00+05:30,555.6522459579683,30.75,73.0,2025,10
2025-10-24 18:45:00+05:30,550.8091686539165,30.5,75.2,2025,10
2025-10-24 19:00:00+05:30,542.6740518749631,30.3,75.9,2025,10
2025-10-24 19:15:00+05:30,532.90011685537,30.3,77.3,2025,10
2025-10-24 19:30:00+05:30,522.684014233892,30.0,76.6,2025,10
2025-10-24 19:45:00+05:30,512.1193121751423,27.6,80.1,2025,10
2025-10-24 20:00:00+05:30,499.64294699608695,27.5,78.0,2025,10
2025-10-24 20:15:00+05:30,489.1387136065783,27.15,81.0,2025,10
2025-10-24 20:30:00+05:30,478.75742526403593,26.6,87.6,2025,10
2025-10-24 20:45:00+05:30,475.5758478181394,26.15,89.6,2025,10
2025-10-24 21:00:00+05:30,469.9037067130816,25.9,89.2,2025,10
2025-10-24 21:15:00+05:30,469.0090587986217,25.85,89.0,2025,10
2025-10-24 21:30:00+05:30,461.8375984643942,25.85,90.7,2025,10
2025-10-24 21:45:00+05:30,457.2083702264084,25.9,90.9,2025,10
2025-10-24 22:00:00+05:30,448.2908414348554,25.8,90.7,2025,10
2025-10-24 22:15:00+05:30,442.5945483554701,25.85,91.4,2025,10
2025-10-24 22:30:00+05:30,436.2829414573599,25.85,92.7,2025,10
2025-10-24 22:45:00+05:30,433.6457866691517,25.95,92.6,2025,10
2025-10-24 23:00:00+05:30,425.6029575318353,26.05,92.3,2025,10
2025-10-24 23:15:00+05:30,420.9424747752218,26.0,93.9,2025,10
2025-10-24 23:30:00+05:30,413.0472028278016,26.0,93.4,2025,10
2025-10-24 23:45:00+05:30,407.3907446210873,26.0,93.6,2025,10
2025-10-25 00:00:00+05:30,403.2701255862357,26.0,92.1,2025,10
2025-10-25 00:15:00+05:30,397.4493815840992,26.1,92.6,2025,10
2025-10-25 00:30:00+05:30,390.4906684102476,26.05,92.1,2025,10
2025-10-25 00:45:00+05:30,386.0885404063832,26.1,92.6,2025,10
2025-10-25 01:00:00+05:30,383.1938093452554,26.1,93.7,2025,10
2025-10-25 01:15:00+05:30,377.0593274195549,26.1,92.3,2025,10
2025-10-25 01:30:00+05:30,373.0999392919488,26.15,92.6,2025,10
2025-10-25 01:45:00+05:30,370.3322843111729,26.15,91.0,2025,10
2025-10-25 02:00:00+05:30,368.8772685070256,26.15,90.4,2025,10
2025-10-25 02:15:00+05:30,364.11847528685854,26.15,90.9,2025,10
2025-10-25 02:30:00+05:30,362.540382984556,26.1,90.9,2025,10
2025-10-25 02:45:00+05:30,359.7970559433457,26.15,90.8,2025,10
2025-10-25 03:00:00+05:30,356.21998788308355,26.25,91.2,2025,10
2025-10-25 03:15:00+05:30,352.2831522072172,26.2,91.7,2025,10
2025-10-25 03:30:00+05:30,350.617802364668,26.2,91.4,2025,10
2025-10-25 03:45:00+05:30,348.54306871136134,26.2,91.2,2025,10
2025-10-25 04:00:00+05:30,345.7373350510766,26.200000000000003,91.5,2025,10
2025-10-25 04:15:00+05:30,345.892469390181,26.15,92.1,2025,10
2025-10-25 04:30:00+05:30,346.43009319293765,26.2,92.3,2025,10
2025-10-25 04:45:00+05:30,348.3277760722925,26.25,92.9,2025,10
2025-10-25 05:00:00+05:30,350.17309962258645,26.25,92.5,2025,10
2025-10-25 05:15:00+05:30,351.68265599284047,26.25,92.4,2025,10
2025-10-25 05:30:00+05:30,353.5455795098961,26.3,91.0,2025,10
2025-10-25 05:45:00+05:30,354.21239744653184,26.25,90.8,2025,10
2025-10-25 06:00:00+05:30,359.8825172926863,26.25,91.0,2025,10
2025-10-25 06:15:00+05:30,365.25118453087714,26.35,90.9,2025,10
2025-10-25 06:30:00+05:30,368.89940096286665,26.35,89.4,2025,10
2025-10-25 06:45:00+05:30,373.93028620338623,26.4,90.3,2025,10
2025-10-25 07:00:00+05:30,380.41172740090326,26.6,90.3,2025,10
2025-10-25 07:15:00+05:30,386.73803981883685,26.85,90.3,2025,10
2025-10-25 07:30:00+05:30,395.7410646625028,27.55,88.7,2025,10
2025-10-25 07:45:00+05:30,403.4883393148085,27.95,83.0,2025,10
2025-10-25 08:00:00+05:30,416.2963187612623,28.65,78.7,2025,10
2025-10-25 08:15:00+05:30,426.05953745235365,29.45,70.9,2025,10
2025-10-25 08:30:00+05:30,440.7144477662233,29.9,68.5,2025,10
2025-10-25 08:45:00+05:30,449.21284021786016,30.1,66.2,2025,10
2025-10-25 09:00:00+05:30,463.8486651896039,30.3,65.6,2025,10
2025-10-25 09:15:00+05:30,473.6244945580361,29.15,72.3,2025,10
2025-10-25 09:30:00+05:30,482.7798497351598,29.05,74.2,2025,10
2025-10-25 09:45:00+05:30,490.5804772780886,29.200000000000003,72.7,2025,10
2025-10-25 10:00:00+05:30,499.1885552282344,29.95,68.0,2025,10
2025-10-25 10:15:00+05:30,505.1270657068477,30.950000000000003,63.6,2025,10
2025-10-25 10:30:00+05:30,510.5658535296725,31.55,61.1,2025,10
2025-10-25 10:45:00+05:30,512.6524835844479,31.05,65.7,2025,10
2025-10-25 11:00:00+05:30,513.5584704634576,30.4,68.5,2025,10
2025-10-25 11:15:00+05:30,517.9922582951294,30.4,64.2,2025,10
2025-10-25 11:30:00+05:30,518.2170409924848,29.45,66.9,2025,10
2025-10-25 11:45:00+05:30,518.9183817587369,28.950000000000003,68.4,2025,10
2025-10-25 12:00:00+05:30,517.7434516510234,29.15,66.9,2025,10
2025-10-25 12:15:00+05:30,516.9476002712483,29.6,62.6,2025,10
2025-10-25 12:30:00+05:30,509.7443997240988,29.35,63.5,2025,10
2025-10-25 12:45:00+05:30,504.336016883681,29.15,65.8,2025,10
2025-10-25 13:00:00+05:30,495.2446109967206,29.05,68.6,2025,10
2025-10-25 13:15:00+05:30,493.4585931698419,29.15,72.0,2025,10
2025-10-25 13:30:00+05:30,500.8669240466316,28.65,73.0,2025,10
2025-10-25 13:45:00+05:30,503.74726481814776,28.85,72.5,2025,10
2025-10-25 14:00:00+05:30,502.992423676033,29.0,72.0,2025,10
2025-10-25 14:15:00+05:30,505.7038895708448,30.0,68.0,2025,10
2025-10-25 14:30:00+05:30,502.6070737055463,30.55,67.0,2025,10
2025-10-25 14:45:00+05:30,502.25708343863016,30.85,65.7,2025,10
2025-10-25 15:00:00+05:30,503.1151644989205,30.6,68.9,2025,10
2025-10-25 15:15:00+05:30,505.18201844027146,30.8,65.3,2025,10
2025-10-25 15:30:00+05:30,506.5707600314938,31.450000000000003,62.5,2025,10
2025-10-25 15:45:00+05:30,505.2785999390056,30.3,68.1,2025,10
2025-10-25 16:00:00+05:30,505.3036856199478,29.45,73.9,2025,10
2025-10-25 16:15:00+05:30,503.3460865395183,28.9,78.0,2025,10
2025-10-25 16:30:00+05:30,500.70114827219805,28.5,78.4,2025,10
2025-10-25 16:45:00+05:30,496.35205656125066,28.25,76.9,2025,10
2025-10-25 17:00:00+05:30,490.1690726710031,28.1,77.3,2025,10
2025-10-25 17:15:00+05:30,488.6726241727432,28.15,77.9,2025,10
2025-10-25 17:30:00+05:30,484.61746924751,27.75,79.1,2025,10
2025-10-25 17:45:00+05:30,482.114199254334,27.65,80.2,2025,10
2025-10-25 18:00:00+05:30,484.7962157799847,27.700000000000003,80.9,2025,10
2025-10-25 18:15:00+05:30,486.9719402888207,27.700000000000003,80.8,2025,10
2025-10-25 18:30:00+05:30,485.7560635422998,27.6,80.0,2025,10
2025-10-25 18:45:00+05:30,483.4839758675117,27.65,79.3,2025,10
2025-10-25 19:00:00+05:30,482.3710173818631,27.55,80.3,2025,10
2025-10-25 19:15:00+05:30,479.0764464084642,27.5,82.5,2025,10
2025-10-25 19:30:00+05:30,471.01241762807217,27.55,81.9,2025,10
2025-10-25 19:45:00+05:30,465.6271288061876,27.6,81.3,2025,10
2025-10-25 20:00:00+05:30,465.3464569104979,27.55,80.8,2025,10
2025-10-25 20:15:00+05:30,460.6219461231856,27.55,80.2,2025,10
2025-10-25 20:30:00+05:30,457.5965188351861,27.55,80.0,2025,10
2025-10-25 20:45:00+05:30,455.4494868863799,27.65,78.4,2025,10
2025-10-25 21:00:00+05:30,451.33112223584425,27.65,79.0,2025,10
2025-10-25 21:15:00+05:30,449.6542501267508,27.6,79.8,2025,10
2025-10-25 21:30:00+05:30,444.7342303987877,27.65,80.5,2025,10
2025-10-25 21:45:00+05:30,440.2391412476647,27.65,80.2,2025,10
2025-10-25 22:00:00+05:30,431.316100994736,27.55,78.2,2025,10
2025-10-25 22:15:00+05:30,428.51092665637,27.55,78.4,2025,10
2025-10-25 22:30:00+05:30,425.6460294128777,27.55,77.8,2025,10
2025-10-25 22:45:00+05:30,421.677478441824,27.450000000000003,79.0,2025,10
2025-10-25 23:00:00+05:30,415.8693752332953,27.450000000000003,79.8,2025,10
2025-10-25 23:15:00+05:30,410.4864626170936,27.4,78.9,2025,10
2025-10-25 23:30:00+05:30,404.5350645809698,27.4,78.9,2025,10
2025-10-25 23:45:00+05:30,400.49394202848686,27.4,78.7,2025,10
2025-10-26 00:00:00+05:30,396.1744463063331,27.4,79.1,2025,10
2025-10-26 00:15:00+05:30,391.237600749253,27.35,79.0,2025,10
2025-10-26 00:30:00+05:30,384.67045455466666,27.25,79.5,2025,10
2025-10-26 00:45:00+05:30,381.26204025341264,27.2,80.1,2025,10
2025-10-26 01:00:00+05:30,375.2496790628769,27.15,79.0,2025,10
2025-10-26 01:15:00+05:30,370.3199820809819,27.15,79.8,2025,10
2025-10-26 01:30:00+05:30,367.1465810898219,27.15,79.2,2025,10
2025-10-26 01:45:00+05:30,363.80115202040895,27.1,79.0,2025,10
2025-10-26 02:00:00+05:30,361.2933831722573,27.05,77.9,2025,10
2025-10-26 02:15:00+05:30,357.4520939932322,26.95,78.0,2025,10
2025-10-26 02:30:00+05:30,355.97313369986216,26.85,78.5,2025,10
2025-10-26 02:45:00+05:30,351.19006463938416,26.75,78.5,2025,10
2025-10-26 03:00:00+05:30,347.8789430601145,26.7,78.2,2025,10
2025-10-26 03:15:00+05:30,344.736314710335,26.7,79.1,2025,10
2025-10-26 03:30:00+05:30,343.5656948392387,26.65,80.5,2025,10
2025-10-26 03:45:00+05:30,341.4806777002513,26.6,81.7,2025,10
2025-10-26 04:00:00+05:30,340.0911181385277,26.65,82.4,2025,10
2025-10-26 04:15:00+05:30,338.90658673874066,26.6,82.7,2025,10
2025-10-26 04:30:00+05:30,339.06838485570125,26.6,82.4,2025,10
2025-10-26 04:45:00+05:30,338.8158608850817,26.6,82.4,2025,10
2025-10-26 05:00:00+05:30,339.6872740645868,26.6,82.8,2025,10
2025-10-26 05:15:00+05:30,339.45540172356465,26.65,82.3,2025,10
2025-10-26 05:30:00+05:30,340.6720368993056,26.65,82.2,2025,10
2025-10-26 05:45:00+05:30,343.17906173131314,26.65,82.2,2025,10
2025-10-26 06:00:00+05:30,347.78644185938026,26.65,82.2,2025,10
2025-10-26 06:15:00+05:30,349.2400555851268,26.65,81.6,2025,10
2025-10-26 06:30:00+05:30,349.1384549229583,26.75,81.6,2025,10
2025-10-26 06:45:00+05:30,349.7247322738546,26.85,81.6,2025,10
2025-10-26 07:00:00+05:30,354.26941925203903,26.95,81.8,2025,10
2025-10-26 07:15:00+05:30,356.51234351729966,27.0,81.7,2025,10
2025-10-26 07:30:00+05:30,359.2554911216542,27.05,80.1,2025,10
2025-10-26 07:45:00+05:30,365.1955118434177,27.3,80.6,2025,10
2025-10-26 08:00:00+05:30,369.96133888323374,27.65,78.5,2025,10
2025-10-26 08:15:00+05:30,374.8014280844933,28.0,77.8,2025,10
2025-10-26 08:30:00+05:30,382.3382117494739,28.55,74.4,2025,10
2025-10-26 08:45:00+05:30,390.9764871736385,29.85,68.5,2025,10
2025-10-26 09:00:00+05:30,395.50685075788925,30.25,69.6,2025,10
2025-10-26 09:15:00+05:30,400.4184036688044,29.9,71.7,2025,10
2025-10-26 09:30:00+05:30,402.85797040766016,30.15,71.6,2025,10
2025-10-26 09:45:00+05:30,408.978847011593,29.95,73.2,2025,10
2025-10-26 10:00:00+05:30,415.6399038025472,29.6,74.3,2025,10
2025-10-26 10:15:00+05:30,422.345429325401,29.95,74.2,2025,10
2025-10-26 10:30:00+05:30,432.61394543791215,29.7,73.6,2025,10
2025-10-26 10:45:00+05:30,440.1380912203639,29.5,74.9,2025,10
2025-10-26 11:00:00+05:30,440.4020012635947,29.1,77.5,2025,10
2025-10-26 11:15:00+05:30,441.6654576966569,28.9,73.6,2025,10
2025-10-26 11:30:00+05:30,438.58349270776745,28.95,71.5,2025,10
2025-10-26 11:45:00+05:30,435.4555741272093,29.1,69.9,2025,10
2025-10-26 12:00:00+05:30,435.5585793214419,29.65,66.8,2025,10
2025-10-26 12:15:00+05:30,439.7655675249848,30.45,62.5,2025,10
2025-10-26 12:30:00+05:30,439.74228250280106,30.1,64.3,2025,10
2025-10-26 12:45:00+05:30,440.93908965131766,29.7,67.1,2025,10
2025-10-26 13:00:00+05:30,441.10412116829593,29.75,66.4,2025,10
2025-10-26 13:15:00+05:30,438.801457852972,29.85,68.3,2025,10
2025-10-26 13:30:00+05:30,438.9815026593598,28.95,72.7,2025,10
2025-10-26 13:45:00+05:30,441.2707213008167,27.2,85.4,2025,10
2025-10-26 14:00:00+05:30,440.13365846337496,27.2,85.1,2025,10
2025-10-26 14:15:00+05:30,434.01081310328766,27.1,81.9,2025,10
2025-10-26 14:30:00+05:30,430.8880556909575,26.65,85.4,2025,10
2025-10-26 14:45:00+05:30,429.1453576911071,26.2,92.5,2025,10
2025-10-26 15:00:00+05:30,427.1999432718793,25.9,95.2,2025,10
2025-10-26 15:15:00+05:30,426.3182581577906,25.75,96.2,2025,10
2025-10-26 15:30:00+05:30,423.5276874529867,25.6,95.1,2025,10
2025-10-26 15:45:00+05:30,422.6003728032632,25.45,93.9,2025,10
2025-10-26 16:00:00+05:30,419.708517537029,25.8,93.9,2025,10
2025-10-26 16:15:00+05:30,414.86132049598257,26.05,93.1,2025,10
2025-10-26 16:30:00+05:30,413.3877989651138,26.2,92.5,2025,10
2025-10-26 16:45:00+05:30,412.1514506145139,26.05,95.2,2025,10
2025-10-26 17:00:00+05:30,410.6373206099913,25.7,96.2,2025,10
2025-10-26 17:15:00+05:30,416.1328784698275,25.45,95.1,2025,10
2025-10-26 17:30:00+05:30,417.474408566035,25.05,93.9,2025,10
2025-10-26 17:45:00+05:30,417.7556152392607,24.75,93.9,2025,10
2025-10-26 18:00:00+05:30,424.6957607086565,24.7,93.1,2025,10
2025-10-26 18:15:00+05:30,428.48672338141455,24.7,92.5,2025,10
2025-10-26 18:30:00+05:30,430.0751993209885,24.8,93.1,2025,10
2025-10-26 18:45:00+05:30,430.5193444039032,24.85,92.5,2025,10
2025-10-26 19:00:00+05:30,428.5748518549559,24.85,95.2,2025,10
2025-10-26 19:15:00+05:30,424.5764813190692,24.9,96.2,2025,10
2025-10-26 19:30:00+05:30,423.1596637734841,24.95,95.1,2025,10
2025-10-26 19:45:00+05:30,424.8115968400869,25.0,93.9,2025,10
2025-10-26 20:00:00+05:30,425.4174560190263,25.05,93.9,2025,10
2025-10-26 20:15:00+05:30,421.8218821783808,25.15,93.1,2025,10
2025-10-26 20:30:00+05:30,419.9862384267282,25.2,92.5,2025,10
2025-10-26 20:45:00+05:30,418.6660023828047,25.25,95.2,2025,10
2025-10-26 21:00:00+05:30,417.0399437491641,25.25,96.2,2025,10
2025-10-26 21:15:00+05:30,418.1378326630829,25.35,95.1,2025,10
2025-10-26 21:30:00+05:30,415.7773844314538,25.3,93.9,2025,10
2025-10-26 21:45:00+05:30,410.8415340420081,25.3,92.5,2025,10
2025-10-26 22:00:00+05:30,407.8274568213138,25.2,95.2,2025,10
2025-10-26 22:15:00+05:30,403.231265661728,25.25,96.2,2025,10
2025-10-26 22:30:00+05:30,400.7363390052055,25.25,95.1,2025,10
2025-10-26 22:45:00+05:30,395.3425257830438,25.25,93.9,2025,10
2025-10-26 23:00:00+05:30,387.3690958828931,25.3,93.9,2025,10
2025-10-26 23:15:00+05:30,385.16298882986047,25.2,93.1,2025,10
2025-10-26 23:30:00+05:30,380.0127646605314,25.2,92.5,2025,10
2025-10-26 23:45:00+05:30,376.6946401593385,25.25,95.2,2025,10
2025-10-27 00:00:00+05:30,372.2335748805796,25.15,99.8,2025,10
2025-10-27 00:15:00+05:30,365.5961423761712,25.1,99.8,2025,10
2025-10-27 00:30:00+05:30,358.00979348216924,25.1,99.5,2025,10
2025-10-27 00:45:00+05:30,355.4981774255207,25.15,99.8,2025,10
2025-10-27 01:00:00+05:30,353.2369320977933,25.15,99.5,2025,10
2025-10-27 01:15:00+05:30,350.0781335169456,25.15,99.5,2025,10
2025-10-27 01:30:00+05:30,347.4759795234458,25.1,99.5,2025,10
2025-10-27 01:45:00+05:30,343.57727353804114,25.15,99.3,2025,10
2025-10-27 02:00:00+05:30,342.27737414681405,25.25,99.5,2025,10
2025-10-27 02:15:00+05:30,339.3137653212332,25.25,98.9,2025,10
2025-10-27 02:30:00+05:30,336.883686508909,25.25,98.9,2025,10
2025-10-27 02:45:00+05:30,335.57721099099257,25.25,98.9,2025,10
2025-10-27 03:00:00+05:30,332.7031627568572,25.25,98.9,2025,10
2025-10-27 03:15:00+05:30,331.17062153996824,25.3,98.7,2025,10
2025-10-27 03:30:00+05:30,328.6189841343069,25.3,98.2,2025,10
2025-10-27 03:45:00+05:30,326.6935069764651,25.35,97.7,2025,10
2025-10-27 04:00:00+05:30,325.58878494610065,25.35,97.9,2025,10
2025-10-27 04:15:00+05:30,325.1751622332048,25.4,97.7,2025,10
2025-10-27 04:30:00+05:30,327.5765750879955,25.4,96.8,2025,10
2025-10-27 04:45:00+05:30,329.3817015649375,25.450000000000003,97.1,2025,10
2025-10-27 05:00:00+05:30,331.7542889201901,25.450000000000003,95.7,2025,10
2025-10-27 05:15:00+05:30,333.43272384393856,25.5,96.2,2025,10
2025-10-27 05:30:00+05:30,338.8002166297104,25.450000000000003,96.2,2025,10
2025-10-27 05:45:00+05:30,344.43746507233686,25.450000000000003,95.6,2025,10
2025-10-27 06:00:00+05:30,356.51651328776154,25.5,94.7,2025,10
2025-10-27 06:15:00+05:30,366.50394930998107,25.55,94.7,2025,10
2025-10-27 06:30:00+05:30,379.1358035187956,25.6,94.1,2025,10
2025-10-27 06:45:00+05:30,389.05793742760864,25.95,92.5,2025,10
2025-10-27 07:00:00+05:30,405.3064823512496,26.1,91.6,2025,10
2025-10-27 07:15:00+05:30,424.2954868853794,26.3,91.3,2025,10
2025-10-27 07:30:00+05:30,441.3471093119989,26.55,89.9,2025,10
2025-10-27 07:45:00+05:30,459.52782730484216,26.65,88.2,2025,10
2025-10-27 08:00:00+05:30,480.1791511851476,26.8,87.2,2025,10
2025-10-27 08:15:00+05:30,504.2968618050953,27.1,84.9,2025,10
2025-10-27 08:30:00+05:30,523.5403567953527,26.9,86.4,2025,10
2025-10-27 08:45:00+05:30,541.4040728076127,27.2,84.8,2025,10
2025-10-27 09:00:00+05:30,556.7616931593539,28.05,78.9,2025,10
2025-10-27 09:15:00+05:30,567.4780536369028,29.15,72.3,2025,10
2025-10-27 09:30:00+05:30,574.2329046606394,28.950000000000003,73.4,2025,10
2025-10-27 09:45:00+05:30,586.6038434599201,29.25,72.9,2025,10
2025-10-27 10:00:00+05:30,590.2102607393795,30.3,67.7,2025,10
2025-10-27 10:15:00+05:30,598.5765884700423,31.0,63.0,2025,10
2025-10-27 10:30:00+05:30,601.9892613639521,29.85,68.6,2025,10
2025-10-27 10:45:00+05:30,604.2382153043687,29.2,70.7,2025,10
2025-10-27 11:00:00+05:30,606.9443759039734,28.85,69.5,2025,10
2025-10-27 11:15:00+05:30,607.4225304351162,29.35,68.1,2025,10
2025-10-27 11:30:00+05:30,602.642264456628,30.05,65.3,2025,10
2025-10-27 11:45:00+05:30,600.1457961465012,30.2,64.0,2025,10
2025-10-27 12:00:00+05:30,600.4395369057302,30.05,66.7,2025,10
2025-10-27 12:15:00+05:30,599.9198433855213,30.2,69.6,2025,10
2025-10-27 12:30:00+05:30,598.2018331445068,30.7,67.0,2025,10
2025-10-27 12:45:00+05:30,597.0909566529698,30.55,65.7,2025,10
2025-10-27 13:00:00+05:30,595.7327931313292,30.3,68.0,2025,10
2025-10-27 13:15:00+05:30,594.8118830097984,31.0,64.2,2025,10
2025-10-27 13:30:00+05:30,590.094044988926,31.2,65.8,2025,10
2025-10-27 13:45:00+05:30,595.483006900701,31.4,64.4,2025,10
2025-10-27 14:00:00+05:30,600.0280893634327,31.45,66.0,2025,10
2025-10-27 14:15:00+05:30,603.9851742122231,30.8,68.2,2025,10
2025-10-27 14:30:00+05:30,606.3651271228503,30.55,70.6,2025,10
2025-10-27 14:45:00+05:30,605.0582104686671,30.55,72.3,2025,10
2025-10-27 15:00:00+05:30,605.8329073879944,29.700000000000003,74.9,2025,10
2025-10-27 15:15:00+05:30,603.3228243827564,30.6,69.4,2025,10
2025-10-27 15:30:00+05:30,600.0127904809367,31.15,64.7,2025,10
2025-10-27 15:45:00+05:30,594.1378678607005,29.45,74.8,2025,10
2025-10-27 16:00:00+05:30,593.6116640710353,29.200000000000003,75.9,2025,10
2025-10-27 16:15:00+05:30,585.4163283898515,28.05,78.0,2025,10
2025-10-27 16:30:00+05:30,583.8565548503746,27.3,78.4,2025,10
2025-10-27 16:45:00+05:30,587.1541632066512,26.85,82.8,2025,10
2025-10-27 17:00:00+05:30,573.3927013414692,26.4,83.6,2025,10
2025-10-27 17:15:00+05:30,567.8094663907709,26.25,83.2,2025,10
2025-10-27 17:30:00+05:30,559.9695368701789,26.35,83.8,2025,10
2025-10-27 17:45:00+05:30,553.2232667117665,25.6,92.8,2025,10
2025-10-27 18:00:00+05:30,553.5692056605415,25.15,94.6,2025,10
2025-10-27 18:15:00+05:30,546.347474567067,24.9,95.1,2025,10
2025-10-27 18:30:00+05:30,537.6201467780232,24.950000000000003,93.7,2025,10
2025-10-27 18:45:00+05:30,532.5176903066488,24.85,93.0,2025,10
2025-10-27 19:00:00+05:30,522.4118803710949,24.85,93.7,2025,10
2025-10-27 19:15:00+05:30,511.6975495392751,25.0,91.5,2025,10
2025-10-27 19:30:00+05:30,498.4822093490756,25.0,89.6,2025,10
2025-10-27 19:45:00+05:30,492.1717988818809,25.1,90.8,2025,10
2025-10-27 20:00:00+05:30,481.37457876589406,25.05,92.7,2025,10
2025-10-27 20:15:00+05:30,474.8361916991388,25.1,93.7,2025,10
2025-10-27 20:30:00+05:30,466.2162105934817,25.200000000000003,92.7,2025,10
2025-10-27 20:45:00+05:30,463.6819876952442,25.3,92.4,2025,10
2025-10-27 21:00:00+05:30,460.0499026175785,25.35,92.1,2025,10
2025-10-27 21:15:00+05:30,452.0910108731148,25.3,89.6,2025,10
2025-10-27 21:30:00+05:30,448.4024400309339,25.200000000000003,88.9,2025,10
2025-10-27 21:45:00+05:30,442.7244124759844,24.9,91.6,2025,10
2025-10-27 22:00:00+05:30,434.206617970887,25.05,92.7,2025,10
2025-10-27 22:15:00+05:30,425.7069453038948,25.0,93.1,2025,10
2025-10-27 22:30:00+05:30,420.5608134701986,24.95,92.7,2025,10
2025-10-27 22:45:00+05:30,414.703255188669,24.95,92.7,2025,10
2025-10-27 23:00:00+05:30,408.3518521949152,24.9,93.0,2025,10
2025-10-27 23:15:00+05:30,402.2771443369853,24.95,92.4,2025,10
2025-10-27 23:30:00+05:30,394.0612978906945,24.9,91.3,2025,10
2025-10-27 23:45:00+05:30,390.0149037830288,24.9,91.4,2025,10
2025-10-28 00:00:00+05:30,386.8890483215689,24.85,91.0,2025,10
2025-10-28 00:15:00+05:30,380.134854279252,24.8,89.9,2025,10
2025-10-28 00:30:00+05:30,373.8670183618806,24.9,88.9,2025,10
2025-10-28 00:45:00+05:30,369.23181269640247,24.950000000000003,88.1,2025,10
2025-10-28 01:00:00+05:30,365.5141526888201,24.950000000000003,87.2,2025,10
2025-10-28 01:15:00+05:30,362.3745329749729,24.950000000000003,87.2,2025,10
2025-10-28 01:30:00+05:30,358.9923005472315,24.950000000000003,86.0,2025,10
2025-10-28 01:45:00+05:30,356.25513218113946,25.05,85.9,2025,10
2025-10-28 02:00:00+05:30,355.4305131815929,25.1,85.8,2025,10
2025-10-28 02:15:00+05:30,351.1085996591683,25.1,85.4,2025,10
2025-10-28 02:30:00+05:30,347.90891531950115,25.15,86.2,2025,10
2025-10-28 02:45:00+05:30,346.7636776101704,25.05,86.5,2025,10
2025-10-28 03:00:00+05:30,344.8590792156309,25.0,86.4,2025,10
2025-10-28 03:15:00+05:30,342.280597887152,25.0,86.4,2025,10
2025-10-28 03:30:00+05:30,339.3874337581772,25.0,86.6,2025,10
2025-10-28 03:45:00+05:30,337.2076095611116,24.950000000000003,87.1,2025,10
2025-10-28 04:00:00+05:30,334.9099778851675,24.950000000000003,87.7,2025,10
2025-10-28 04:15:00+05:30,334.01351667636027,24.95,86.9,2025,10
2025-10-28 04:30:00+05:30,336.7979237191149,24.9,87.1,2025,10
2025-10-28 04:45:00+05:30,338.64616320166334,24.85,87.5,2025,10
2025-10-28 05:00:00+05:30,341.6227913754298,24.85,88.2,2025,10
2025-10-28 05:15:00+05:30,343.7527443419443,24.85,88.4,2025,10
2025-10-28 05:30:00+05:30,348.3808859259244,24.85,88.8,2025,10
2025-10-28 05:45:00+05:30,352.21553654078133,24.85,88.9,2025,10
2025-10-28 06:00:00+05:30,362.0252234816244,24.85,88.8,2025,10
2025-10-28 06:15:00+05:30,367.6270986879606,24.95,88.3,2025,10
2025-10-28 06:30:00+05:30,381.1819446883093,25.0,88.5,2025,10
2025-10-28 06:45:00+05:30,393.79554719429046,25.1,88.3,2025,10
2025-10-28 07:00:00+05:30,409.2253421966061,25.3,88.0,2025,10
2025-10-28 07:15:00+05:30,424.59283161986383,25.6,87.7,2025,10
2025-10-28 07:30:00+05:30,444.0485007814058,25.75,86.0,2025,10
2025-10-28 07:45:00+05:30,460.6239942913599,26.25,83.4,2025,10
2025-10-28 08:00:00+05:30,479.66581038660047,26.7,79.8,2025,10
2025-10-28 08:15:00+05:30,500.542189127128,27.05,77.6,2025,10
2025-10-28 08:30:00+05:30,516.2857579421247,27.8,74.3,2025,10
2025-10-28 08:45:00+05:30,533.2702108112891,28.35,72.0,2025,10
2025-10-28 09:00:00+05:30,547.6936504701562,28.6,69.9,2025,10
2025-10-28 09:15:00+05:30,559.8361796667523,29.05,66.9,2025,10
2025-10-28 09:30:00+05:30,570.3390468291536,29.200000000000003,66.7,2025,10
2025-10-28 09:45:00+05:30,582.5724037649028,29.35,65.3,2025,10
2025-10-28 10:00:00+05:30,587.2822642969733,29.85,63.7,2025,10
2025-10-28 10:15:00+05:30,594.2600290775656,29.85,64.0,2025,10
2025-10-28 10:30:00+05:30,596.1290341477716,29.85,64.5,2025,10
2025-10-28 10:45:00+05:30,596.5447940882141,30.2,63.9,2025,10
2025-10-28 11:00:00+05:30,596.5939223387528,30.3,63.7,2025,10
2025-10-28 11:15:00+05:30,598.9127764964833,30.9,62.4,2025,10
2025-10-28 11:30:00+05:30,595.3350050704157,31.1,61.9,2025,10
2025-10-28 11:45:00+05:30,594.8608593564516,31.6,60.0,2025,10
2025-10-28 12:00:00+05:30,596.2304478129985,31.95,60.3,2025,10
2025-10-28 12:15:00+05:30,594.6738030849696,31.7,60.45,2025,10
2025-10-28 12:30:00+05:30,594.0345514875171,31.950000000000003,60.525000000000006,2025,10
2025-10-28 12:45:00+05:30,593.9895401547752,32.45,60.5625,2025,10
2025-10-28 13:00:00+05:30,592.5645411787058,32.2,60.58125,2025,10
2025-10-28 13:15:00+05:30,592.5650564658231,32.0,60.590625,2025,10
2025-10-28 13:30:00+05:30,592.3757110259318,31.6,60.6,2025,10
2025-10-28 13:45:00+05:30,591.4048943373739,31.85,60.4,2025,10
2025-10-28 14:00:00+05:30,591.1555484995826,31.3,63.2,2025,10
2025-10-28 14:15:00+05:30,591.7906964819954,30.3,74.8,2025,10
2025-10-28 14:30:00+05:30,593.2673959284484,29.85,78.2,2025,10
2025-10-28 14:45:00+05:30,596.8808775196744,29.700000000000003,79.1,2025,10
2025-10-28 15:00:00+05:30,594.6213111578487,29.6,79.7,2025,10
2025-10-28 15:15:00+05:30,590.6177007484495,29.75,79.3,2025,10
2025-10-28 15:30:00+05:30,588.5390281862022,29.4,80.9,2025,10
2025-10-28 15:45:00+05:30,590.7355731089158,29.45,79.1,2025,10
2025-10-28 16:00:00+05:30,591.0797961147186,28.9,83.1,2025,10
2025-10-28 16:15:00+05:30,583.0237432233719,28.25,83.0,2025,10
2025-10-28 16:30:00+05:30,581.1634894319128,27.25,93.1,2025,10
2025-10-28 16:45:00+05:30,575.588950580656,26.45,97.5,2025,10
2025-10-28 17:00:00+05:30,574.9151594408434,25.95,98.3,2025,10
2025-10-28 17:15:00+05:30,568.4945655545259,26.1,99.8,2025,10
2025-10-28 17:30:00+05:30,559.3892907698486,26.45,100.6,2025,10
2025-10-28 17:45:00+05:30,557.5891208593606,26.65,99.1,2025,10
2025-10-28 18:00:00+05:30,552.5708098634747,26.5,96.4,2025,10
2025-10-28 18:15:00+05:30,547.2720219522583,26.45,94.8,2025,10
2025-10-28 18:30:00+05:30,541.1334056102424,26.35,91.5,2025,10
2025-10-28 18:45:00+05:30,534.0969170659832,26.05,91.3,2025,10
2025-10-28 19:00:00+05:30,525.8583996025685,25.7,93.0,2025,10
2025-10-28 19:15:00+05:30,515.797711546804,25.7,92.1,2025,10
2025-10-28 19:30:00+05:30,506.8319320844693,25.700000000000003,91.4,2025,10
2025-10-28 19:45:00+05:30,499.0877944672062,25.7,90.5,2025,10
2025-10-28 20:00:00+05:30,492.91672425193,25.7,91.1,2025,10
2025-10-28 20:15:00+05:30,487.4104531380608,25.7,90.5,2025,10
2025-10-28 20:30:00+05:30,480.9802202724632,25.85,88.1,2025,10
2025-10-28 20:45:00+05:30,476.8574955689903,26.05,87.2,2025,10
2025-10-28 21:00:00+05:30,472.3816491641534,26.05,88.6,2025,10
2025-10-28 21:15:00+05:30,465.1873363205106,26.1,89.3,2025,10
2025-10-28 21:30:00+05:30,458.64521095018176,26.15,87.1,2025,10
2025-10-28 21:45:00+05:30,453.30109088923433,26.25,85.7,2025,10
2025-10-28 22:00:00+05:30,445.9323026686216,26.25,84.8,2025,10
2025-10-28 22:15:00+05:30,439.9477468214243,26.3,84.6,2025,10
2025-10-28 22:30:00+05:30,433.0509951991524,26.200000000000003,85.7,2025,10
2025-10-28 22:45:00+05:30,426.6234379242094,26.15,85.1,2025,10
2025-10-28 23:00:00+05:30,422.7088756805708,26.05,85.1,2025,10
2025-10-28 23:15:00+05:30,415.4143979433833,26.2,85.1,2025,10
2025-10-28 23:30:00+05:30,403.5786461425253,26.200000000000003,85.9,2025,10
2025-10-28 23:45:00+05:30,397.0306941985001,26.200000000000003,85.8,2025,10
2025-10-29 00:00:00+05:30,391.3807748805796,26.2,84.0,2025,10
2025-10-29 00:15:00+05:30,387.6449423761712,26.2,85.4,2025,10
2025-10-29 00:30:00+05:30,380.1241934821692,26.0,84.9,2025,10
2025-10-29 00:45:00+05:30,376.6125774255207,26.0,84.8,2025,10
2025-10-29 01:00:00+05:30,373.31853209779337,26.0,84.3,2025,10
2025-10-29 01:15:00+05:30,369.1597335169457,25.8,84.1,2025,10
2025-10-29 01:30:00+05:30,366.5575795234458,25.9,84.8,2025,10
2025-10-29 01:45:00+05:30,363.6588735380412,25.9,83.4,2025,10
2025-10-29 02:00:00+05:30,361.42457414681394,25.8,83.9,2025,10
2025-10-29 02:15:00+05:30,357.4281653212332,25.7,83.4,2025,10
2025-10-29 02:30:00+05:30,356.030886508909,25.7,83.4,2025,10
2025-10-29 02:45:00+05:30,351.7572109909925,25.7,82.2,2025,10
2025-10-29 03:00:00+05:30,349.88316275685725,25.7,81.3,2025,10
2025-10-29 03:15:00+05:30,350.31782153996824,25.8,80.8,2025,10
2025-10-29 03:30:00+05:30,344.89738413430683,25.7,81.3,2025,10
2025-10-29 03:45:00+05:30,341.93910697646504,25.7,81.1,2025,10
2025-10-29 04:00:00+05:30,339.86718494610056,25.7,81.4,2025,10
2025-10-29 04:15:00+05:30,339.42076223320487,25.7,80.9,2025,10
2025-10-29 04:30:00+05:30,342.8221750879956,25.6,81.6,2025,10
2025-10-29 04:45:00+05:30,343.6601015649375,25.6,81.6,2025,10
2025-10-29 05:00:00+05:30,344.09828892019004,25.5,81.6,2025,10
2025-10-29 05:15:00+05:30,344.80952384393856,25.3,82.7,2025,10
2025-10-29 05:30:00+05:30,351.14421662971046,25.4,81.6,2025,10
2025-10-29 05:45:00+05:30,353.84706507233693,25.4,80.3,2025,10
2025-10-29 06:00:00+05:30,362.9917132877616,25.4,79.7,2025,10
2025-10-29 06:15:00+05:30,370.1103493099811,25.4,79.1,2025,10
2025-10-29 06:30:00+05:30,381.8078035187956,25.4,80.6,2025,10
2025-10-29 06:45:00+05:30,393.6315374276086,25.5,79.7,2025,10
2025-10-29 07:00:00+05:30,406.9784823512496,25.7,79.4,2025,10
2025-10-29 07:15:00+05:30,422.13148688537945,25.9,79.8,2025,10
2025-10-29 07:30:00+05:30,437.2487093119989,26.4,79.1,2025,10
2025-10-29 07:45:00+05:30,458.3310273048422,26.9,78.9,2025,10
2025-10-29 08:00:00+05:30,476.0807511851476,27.8,73.4,2025,10
2025-10-29 08:15:00+05:30,494.36246180509534,27.9,73.6,2025,10
2025-10-29 08:30:00+05:30,509.7043567953526,27.8,75.4,2025,10
2025-10-29 08:45:00+05:30,525.6336728076126,28.0,74.5,2025,10
2025-10-29 09:00:00+05:30,541.0240931593539,28.3,73.4,2025,10
2025-10-29 09:15:00+05:30,551.7404536369027,28.3,72.9,2025,10
2025-10-29 09:30:00+05:30,559.3969046606394,29.6,70.5,2025,10
2025-10-29 09:45:00+05:30,566.9646434599201,30.8,66.2,2025,10
2025-10-29 10:00:00+05:30,569.6038607393796,32.0,62.0,2025,10
2025-10-29 10:15:00+05:30,576.0029884700423,32.9,59.0,2025,10
2025-10-29 10:30:00+05:30,582.350061363952,33.7,55.8,2025,10
2025-10-29 10:45:00+05:30,581.6646153043687,34.0,52.0,2025,10
2025-10-29 11:00:00+05:30,590.2395759039734,34.0,50.7,2025,10
2025-10-29 11:15:00+05:30,596.520930435116,34.4,49.4,2025,10
2025-10-29 11:30:00+05:30,593.7078644566279,34.2,53.1,2025,10
2025-10-29 11:45:00+05:30,590.2113961465012,34.1,54.4,2025,10
2025-10-29 12:00:00+05:30,591.5707369057302,33.9,54.7,2025,10
2025-10-29 12:15:00+05:30,592.9526433855215,33.5,56.8,2025,10
2025-10-29 12:30:00+05:30,591.2674331445069,33.8,57.1,2025,10
2025-10-29 12:45:00+05:30,591.0909566529698,33.8,56.2,2025,10
2025-10-29 13:00:00+05:30,590.7327931313292,34.0,56.3,2025,10
2025-10-29 13:15:00+05:30,588.8118830097984,34.2,56.2,2025,10
2025-10-29 13:30:00+05:30,587.930044988926,33.7,58.2,2025,10
2025-10-29 13:45:00+05:30,590.483006900701,33.4,60.3,2025,10
2025-10-29 14:00:00+05:30,596.9624893634328,33.9,58.3,2025,10
2025-10-29 14:15:00+05:30,598.0507742122231,34.0,58.5,2025,10
2025-10-29 14:30:00+05:30,597.4963271228503,33.5,59.4,2025,10
2025-10-29 14:45:00+05:30,600.091010468667,33.3,61.4,2025,10
2025-10-29 15:00:00+05:30,599.8329073879944,33.0,60.6,2025,10
2025-10-29 15:15:00+05:30,598.3228243827564,32.5,61.5,2025,10
2025-10-29 15:30:00+05:30,596.9471904809367,33.0,61.7,2025,10
2025-10-29 15:45:00+05:30,596.8754678607005,32.0,67.4,2025,10
2025-10-29 16:00:00+05:30,596.3492640710353,30.9,70.7,2025,10
2025-10-29 16:15:00+05:30,590.0227283898516,30.2,72.7,2025,10
2025-10-29 16:30:00+05:30,587.4957548503745,29.9,74.9,2025,10
2025-10-29 16:45:00+05:30,584.0557632066514,29.5,75.9,2025,10
2025-10-29 17:00:00+05:30,579.9663013414691,29.4,78.0,2025,10
2025-10-29 17:15:00+05:30,576.2518663907708,29.1,79.3,2025,10
2025-10-29 17:30:00+05:30,569.3135368701787,29.0,79.9,2025,10
2025-10-29 17:45:00+05:30,566.5344667117666,28.8,79.5,2025,10
2025-10-29 18:00:00+05:30,566.9132056605416,28.6,78.7,2025,10
2025-10-29 18:15:00+05:30,557.7242745670669,28.6,79.1,2025,10
2025-10-29 18:30:00+05:30,552.8329467780234,28.5,79.5,2025,10
2025-10-29 18:45:00+05:30,549.6976903066488,28.4,80.1,2025,10
2025-10-29 19:00:00+05:30,537.6574803710948,28.4,79.7,2025,10
2025-10-29 19:15:00+05:30,531.7135495392749,28.3,80.3,2025,10
2025-10-29 19:30:00+05:30,520.4982093490756,28.3,80.3,2025,10
2025-10-29 19:45:00+05:30,511.28619888188086,28.3,80.9,2025,10
2025-10-29 20:00:00+05:30,504.423378765894,28.3,81.6,2025,10
2025-10-29 20:15:00+05:30,498.8193916991389,28.1,82.5,2025,10
2025-10-29 20:30:00+05:30,494.0682105934816,28.0,83.2,2025,10
2025-10-29 20:45:00+05:30,487.59958769524405,28.1,81.9,2025,10
2025-10-29 21:00:00+05:30,480.0987026175785,28.1,81.4,2025,10
2025-10-29 21:15:00+05:30,475.04141087311496,28.1,81.9,2025,10
2025-10-29 21:30:00+05:30,468.451240030934,27.9,82.0,2025,10
2025-10-29 21:45:00+05:30,460.8060124759845,27.9,81.8,2025,10
2025-10-29 22:00:00+05:30,454.25541797088704,27.9,81.9,2025,10
2025-10-29 22:15:00+05:30,450.6573453038949,27.8,81.9,2025,10
2025-10-29 22:30:00+05:30,444.5112134701986,27.7,82.9,2025,10
2025-10-29 22:45:00+05:30,439.620855188669,27.6,83.0,2025,10
2025-10-29 23:00:00+05:30,432.3350521949151,27.6,82.9,2025,10
2025-10-29 23:15:00+05:30,426.2603443369852,27.5,83.4,2025,10
2025-10-29 23:30:00+05:30,420.94609789069455,27.5,83.4,2025,10
2025-10-29 23:45:00+05:30,414.96530378302873,27.5,83.4,2025,10
2025-10-30 00:00:00+05:30,407.80855242672953,27.35,84.5,2025,10
2025-10-30 00:15:00+05:30,397.8156700620325,27.2,87.5,2025,10
2025-10-30 00:30:00+05:30,391.7377830335846,26.95,89.9,2025,10
2025-10-30 00:45:00+05:30,386.73003702615233,26.8,92.6,2025,10
2025-10-30 01:00:00+05:30,380.9797779488208,26.6,95.0,2025,10
2025-10-30 01:15:00+05:30,374.14962481744186,26.4,96.6,2025,10
2025-10-30 01:30:00+05:30,368.4007214953812,26.1,97.0,2025,10
2025-10-30 01:45:00+05:30,362.7825089814373,25.85,97.5,2025,10
2025-10-30 02:00:00+05:30,360.25270937086816,25.3,97.3,2025,10
2025-10-30 02:15:00+05:30,356.84487180280445,25.35,97.0,2025,10
2025-10-30 02:30:00+05:30,354.09346814695886,25.4,95.4,2025,10
2025-10-30 02:45:00+05:30,350.7253027025452,25.35,93.6,2025,10
2025-10-30 03:00:00+05:30,349.31208243749745,25.200000000000003,93.1,2025,10
2025-10-30 03:15:00+05:30,346.3554028795969,25.3,93.8,2025,10
2025-10-30 03:30:00+05:30,342.8046154047566,25.3,93.8,2025,10
2025-10-30 03:45:00+05:30,339.75239203374014,25.3,93.5,2025,10
2025-10-30 04:00:00+05:30,337.3282309201408,25.25,92.7,2025,10
2025-10-30 04:15:00+05:30,335.6126553453452,25.25,92.1,2025,10
2025-10-30 04:30:00+05:30,339.18901549413675,25.3,90.4,2025,10
2025-10-30 04:45:00+05:30,341.0800164433171,25.35,91.3,2025,10
2025-10-30 05:00:00+05:30,342.7903469483311,25.35,91.9,2025,10
2025-10-30 05:15:00+05:30,344.8268990065878,25.25,91.6,2025,10
2025-10-30 05:30:00+05:30,348.84609952067285,25.25,91.8,2025,10
2025-10-30 05:45:00+05:30,352.74970406287053,25.15,91.4,2025,10
2025-10-30 06:00:00+05:30,363.0214781592282,24.95,91.0,2025,10
2025-10-30 06:15:00+05:30,371.2940460089273,24.9,90.9,2025,10
2025-10-30 06:30:00+05:30,383.3484802558373,24.8,91.0,2025,10
2025-10-30 06:45:00+05:30,394.4038391374528,24.95,90.7,2025,10
2025-10-30 07:00:00+05:30,406.2570910941887,24.75,88.6,2025,10
2025-10-30 07:15:00+05:30,419.313905978394,24.7,87.1,2025,10
2025-10-30 07:30:00+05:30,435.2275011729793,24.9,87.5,2025,10
2025-10-30 07:45:00+05:30,454.2577949563923,25.05,86.6,2025,10
2025-10-30 08:00:00+05:30,472.10223375112,25.1,86.0,2025,10
2025-10-30 08:15:00+05:30,492.2877457241293,25.2,85.1,2025,10
2025-10-30 08:30:00+05:30,505.8480728038601,25.35,85.4,2025,10
2025-10-30 08:45:00+05:30,520.7877271937642,25.1,86.4,2025,10
2025-10-30 09:00:00+05:30,532.9676432579723,25.1,84.3,2025,10
2025-10-30 09:15:00+05:30,547.2163013092531,24.6,87.0,2025,10
2025-10-30 09:30:00+05:30,555.1045034779487,24.15,93.2,2025,10
2025-10-30 09:45:00+05:30,562.7193546983913,24.1,96.3,2025,10
2025-10-30 10:00:00+05:30,562.8896085415307,24.4,96.1,2025,10
2025-10-30 10:15:00+05:30,566.1286908637456,24.45,95.1,2025,10
2025-10-30 10:30:00+05:30,568.3057378844843,24.75,94.2,2025,10
2025-10-30 10:45:00+05:30,566.6256010183781,25.25,91.6,2025,10
2025-10-30 11:00:00+05:30,563.4779625230747,25.700000000000003,89.1,2025,10
2025-10-30 11:15:00+05:30,565.5720416030316,25.950000000000003,85.6,2025,10
2025-10-30 11:30:00+05:30,564.6409909114195,25.9,85.9,2025,10
2025-10-30 11:45:00+05:30,566.8283294501218,26.1,85.1,2025,10
2025-10-30 12:00:00+05:30,565.7559962302633,26.6,82.9,2025,10
2025-10-30 12:15:00+05:30,559.9473814120674,27.2,80.3,2025,10
2025-10-30 12:30:00+05:30,562.7166672350453,27.3,80.1,2025,10
2025-10-30 12:45:00+05:30,559.209752793858,27.450000000000003,79.1,2025,10
2025-10-30 13:00:00+05:30,557.1240576371657,28.15,76.1,2025,10
2025-10-30 13:15:00+05:30,556.237308037942,28.65,72.3,2025,10
2025-10-30 13:30:00+05:30,556.9519893266072,29.2,69.6,2025,10
2025-10-30 13:45:00+05:30,560.803408541975,29.3,71.3,2025,10
2025-10-30 14:00:00+05:30,564.796252867751,29.1,69.7,2025,10
2025-10-30 14:15:00+05:30,566.9250156908619,29.2,69.1,2025,10
2025-10-30 14:30:00+05:30,566.3099059968088,29.5,68.7,2025,10
2025-10-30 14:45:00+05:30,565.4682888264639,29.05,70.2,2025,10
2025-10-30 15:00:00+05:30,567.0159256526606,28.95,70.6,2025,10
2025-10-30 15:15:00+05:30,566.4083113907276,29.4,67.4,2025,10
2025-10-30 15:30:00+05:30,570.7802768436118,28.9,68.3,2025,10
2025-10-30 15:45:00+05:30,567.3501401046424,28.75,67.4,2025,10
2025-10-30 16:00:00+05:30,565.7332052589211,29.05,66.2,2025,10
2025-10-30 16:15:00+05:30,561.2611152792834,28.5,69.5,2025,10
2025-10-30 16:30:00+05:30,559.6005493171963,27.9,69.9,2025,10
2025-10-30 16:45:00+05:30,553.5408554026981,27.55,71.0,2025,10
2025-10-30 17:00:00+05:30,550.1234867484186,27.5,72.2,2025,10
2025-10-30 17:15:00+05:30,546.0877344060559,27.25,73.2,2025,10
2025-10-30 17:30:00+05:30,539.9305888766715,27.0,76.1,2025,10
2025-10-30 17:45:00+05:30,536.8446312524151,26.8,76.5,2025,10
2025-10-30 18:00:00+05:30,536.2817226454669,26.65,78.2,2025,10
2025-10-30 18:15:00+05:30,532.2889720149255,26.65,79.8,2025,10
2025-10-30 18:30:00+05:30,529.3713932830361,26.55,80.3,2025,10
2025-10-30 18:45:00+05:30,524.101353706127,26.6,81.5,2025,10
2025-10-30 19:00:00+05:30,517.1985582531163,26.6,82.9,2025,10
2025-10-30 19:15:00+05:30,507.53174930091177,26.85,82.9,2025,10
2025-10-30 19:30:00+05:30,496.99768355881946,26.85,82.7,2025,10
2025-10-30 19:45:00+05:30,492.7563168804822,26.6,85.0,2025,10
2025-10-30 20:00:00+05:30,482.61047982261226,26.5,84.4,2025,10
2025-10-30 20:15:00+05:30,475.9811782830141,26.2,84.6,2025,10
2025-10-30 20:30:00+05:30,469.3236773756334,25.95,84.3,2025,10
2025-10-30 20:45:00+05:30,464.8357977907637,26.0,84.5,2025,10
2025-10-30 21:00:00+05:30,459.3605577478021,25.95,84.0,2025,10
2025-10-30 21:15:00+05:30,456.4808402080529,25.95,84.1,2025,10
2025-10-30 21:30:00+05:30,448.6309508728885,25.9,83.6,2025,10
2025-10-30 21:45:00+05:30,442.4437042177472,25.8,84.0,2025,10
2025-10-30 22:00:00+05:30,436.3228071352514,25.700000000000003,84.1,2025,10
2025-10-30 22:15:00+05:30,428.9597824993631,25.65,84.1,2025,10
2025-10-30 22:30:00+05:30,425.74821523672273,25.6,84.4,2025,10
2025-10-30 22:45:00+05:30,422.3316378425227,25.5,84.9,2025,10
2025-10-30 23:00:00+05:30,416.843642966388,25.4,84.8,2025,10
2025-10-30 23:15:00+05:30,410.2794270049224,25.4,83.8,2025,10
2025-10-30 23:30:00+05:30,402.7233382035119,25.45,83.4,2025,10
2025-10-30 23:45:00+05:30,397.5514863527538,25.3,83.9,2025,10
2025-10-31 00:00:00+05:30,392.5568553629796,25.2,83.9,2025,10
2025-10-31 00:15:00+05:30,385.6616743025711,25.15,83.8,2025,10
2025-10-31 00:30:00+05:30,376.6576788133692,25.2,83.9,2025,10
2025-10-31 00:45:00+05:30,370.4237591839207,25.1,83.4,2025,10
2025-10-31 01:00:00+05:30,364.32515396419336,25.15,83.4,2025,10
2025-10-31 01:15:00+05:30,360.5801335361457,25.1,83.2,2025,10
2025-10-31 01:30:00+05:30,355.49934277384574,25.1,82.8,2025,10
2025-10-31 01:45:00+05:30,351.71622219244114,25.15,81.6,2025,10
2025-10-31 02:00:00+05:30,350.63473061881393,25.15,80.6,2025,10
2025-10-31 02:15:00+05:30,345.99609926683326,25.1,81.4,2025,10
2025-10-31 02:30:00+05:30,344.64618847370906,24.95,81.0,2025,10
2025-10-31 02:45:00+05:30,341.33530361659246,24.9,81.6,2025,10
2025-10-31 03:00:00+05:30,339.8975358936572,24.85,81.8,2025,10
2025-10-31 03:15:00+05:30,337.0602980663682,25.0,81.8,2025,10
2025-10-31 03:30:00+05:30,334.52997257510685,25.0,82.9,2025,10
2025-10-31 03:45:00+05:30,332.4815051644649,24.950000000000003,82.8,2025,10
2025-10-31 04:00:00+05:30,330.21252316930065,24.700000000000003,87.2,2025,10
2025-10-31 04:15:00+05:30,329.93921976760487,24.75,87.1,2025,10
2025-10-31 04:30:00+05:30,333.1792753407955,24.85,86.7,2025,10
2025-10-31 04:45:00+05:30,335.28043709693753,24.85,87.0,2025,10
2025-10-31 05:00:00+05:30,335.80328241699016,24.95,86.2,2025,10
2025-10-31 05:15:00+05:30,340.38517816953856,25.05,86.1,2025,10
2025-10-31 05:30:00+05:30,346.12376544651045,25.0,85.9,2025,10
2025-10-31 05:45:00+05:30,348.1097347883369,24.85,88.9,2025,10
2025-10-31 06:00:00+05:30,357.6478441557617,24.9,88.5,2025,10
2025-10-31 06:15:00+05:30,365.995684203581,25.0,87.3,2025,10
2025-10-31 06:30:00+05:30,376.6519273515957,25.1,86.5,2025,10
2025-10-31 06:45:00+05:30,390.65739349320864,25.1,88.1,2025,10
2025-10-31 07:00:00+05:30,405.32609478404953,24.95,90.5,2025,10
2025-10-31 07:15:00+05:30,418.7821148597796,25.0,90.3,2025,10
2025-10-31 07:30:00+05:30,433.787738935999,24.950000000000003,91.5,2025,10
2025-10-31 07:45:00+05:30,452.7661282216423,24.9,91.5,2025,10
2025-10-31 08:00:00+05:30,471.6179896979476,24.8,92.0,2025,10
2025-10-31 08:15:00+05:30,489.2524863314953,25.0,92.0,2025,10
2025-10-31 08:30:00+05:30,504.2157184177527,25.15,91.0,2025,10
2025-10-31 08:45:00+05:30,516.2773247812127,25.3,90.7,2025,10
2025-10-31 09:00:00+05:30,534.000462508154,25.6,89.9,2025,10
2025-10-31 09:15:00+05:30,544.2996581769027,26.0,84.8,2025,10
2025-10-31 09:30:00+05:30,551.2452247070395,26.2,85.4,2025,10
2025-10-31 09:45:00+05:30,559.8205379279201,26.55,83.8,2025,10
2025-10-31 10:00:00+05:30,564.7391565049794,26.700000000000003,84.1,2025,10
2025-10-31 10:15:00+05:30,572.6639960228424,26.75,83.4,2025,10
2025-10-31 10:30:00+05:30,577.452748653552,27.0,80.9,2025,10
2025-10-31 10:45:00+05:30,579.5909972835688,27.0,80.3,2025,10
2025-10-31 11:00:00+05:30,581.3890116887733,26.95,80.6,2025,10
2025-10-31 11:15:00+05:30,586.1447627703161,26.700000000000003,82.3,2025,10
2025-10-31 11:30:00+05:30,580.3391002502281,26.6,84.1,2025,10
2025-10-31 11:45:00+05:30,579.7404775481012,26.65,85.0,2025,10
2025-10-31 12:00:00+05:30,579.2645275777304,26.95,83.4,2025,10
2025-10-31 12:15:00+05:30,573.8245075327211,27.65,80.9,2025,10
2025-10-31 12:30:00+05:30,574.2862808933069,27.575,77.5,2025,10
2025-10-31 12:45:00+05:30,573.1821542969698,27.5375,74.8,2025,10
2025-10-31 13:00:00+05:30,566.1968629201292,27.51875,73.4,2025,10
2025-10-31 13:15:00+05:30,564.0439781785983,27.509375,72.1,2025,10
2025-10-31 13:30:00+05:30,563.4366324177261,27.5046875,71.35,2025,10
2025-10-31 13:45:00+05:30,565.640264050301,27.50234375,70.6,2025,10
2025-10-31 14:00:00+05:30,568.7288610842329,27.501171875,73.0,2025,10
2025-10-31 14:15:00+05:30,573.7507207978232,27.5005859375,75.4,2025,10
2025-10-31 14:30:00+05:30,573.3438416780502,27.50029296875,78.7,2025,10
2025-10-31 14:45:00+05:30,576.1691492070671,27.5,84.5,2025,10
2025-10-31 15:00:00+05:30,571.7908166143945,26.85,90.0,2025,10
2025-10-31 15:15:00+05:30,565.9572992467565,26.6,92.9,2025,10
2025-10-31 15:30:00+05:30,562.6872247857366,26.2,94.9,2025,10
2025-10-31 15:45:00+05:30,558.0840435239004,26.1,96.8,2025,10
2025-10-31 16:00:00+05:30,553.9160864782352,26.0,98.5,2025,10
2025-10-31 16:15:00+05:30,549.1821293506516,26.0,98.9,2025,10
2025-10-31 16:30:00+05:30,549.2792514007747,25.9,98.8,2025,10
2025-10-31 16:45:00+05:30,542.3565274778513,25.9,98.1,2025,10
2025-10-31 17:00:00+05:30,539.6645662174691,26.05,97.9,2025,10
2025-10-31 17:15:00+05:30,537.437443489171,26.1,98.0,2025,10
2025-10-31 17:30:00+05:30,532.7271169709786,26.2,95.6,2025,10
2025-10-31 17:45:00+05:30,535.6077167269665,26.25,94.2,2025,10
2025-10-31 18:00:00+05:30,534.6779359477416,26.25,93.8,2025,10
2025-10-31 18:15:00+05:30,531.5783510014669,26.25,93.2,2025,10
2025-10-31 18:30:00+05:30,526.4380326100234,26.25,92.9,2025,10
2025-10-31 18:45:00+05:30,520.8232245002489,26.25,92.4,2025,10
2025-10-31 19:00:00+05:30,515.0478252230947,26.25,91.9,2025,10
2025-10-31 19:15:00+05:30,505.51138031287513,26.3,91.5,2025,10
2025-10-31 19:30:00+05:30,497.1839482402757,26.25,91.3,2025,10
2025-10-31 19:45:00+05:30,489.8093516610808,26.3,90.8,2025,10
2025-10-31 20:00:00+05:30,481.8689797850941,26.3,90.4,2025,10
2025-10-31 20:15:00+05:30,477.3192362447387,26.25,90.3,2025,10
2025-10-31 20:30:00+05:30,469.4035920054819,26.25,90.2,2025,10
2025-10-31 20:45:00+05:30,463.8433508792441,26.200000000000003,90.4,2025,10
2025-10-31 21:00:00+05:30,458.6458947599786,26.200000000000003,90.3,2025,10
2025-10-31 21:15:00+05:30,454.8259852539149,26.25,90.9,2025,10
2025-10-31 21:30:00+05:30,448.934548466134,26.2,91.7,2025,10
2025-10-31 21:45:00+05:30,444.1672472223844,26.15,91.5,2025,10
2025-10-31 22:00:00+05:30,436.489361393287,26.15,91.0,2025,10
2025-10-31 22:15:00+05:30,430.69078061109497,26.1,91.0,2025,10
2025-10-31 22:30:00+05:30,425.1396643453986,26.1,91.3,2025,10
2025-10-31 22:45:00+05:30,417.90400014786906,26.05,91.5,2025,10
2025-10-31 23:00:00+05:30,410.1946229757151,26.0,91.9,2025,10
2025-10-31 23:15:00+05:30,402.8544733233853,26.0,91.9,2025,10
2025-10-31 23:30:00+05:30,397.5903087730945,26.0,91.6,2025,10
2025-10-31 23:45:00+05:30,391.0114495638287,25.950000000000003,92.2,2025,10
2025-11-01 00:00:00+05:30,386.36058612719575,25.95,93.2,2025,11
2025-11-01 00:15:00+05:30,380.9507562186929,25.95,93.7,2025,11
2025-11-01 00:30:00+05:30,374.2000354493666,25.95,93.7,2025,11
2025-11-01 00:45:00+05:30,369.2364440857752,25.85,93.6,2025,11
2025-11-01 01:00:00+05:30,365.4764677589858,25.8,93.7,2025,11
2025-11-01 01:15:00+05:30,360.13877766425907,25.85,93.7,2025,11
2025-11-01 01:30:00+05:30,354.8404333483846,25.8,93.7,2025,11
2025-11-01 01:45:00+05:30,354.9818621707264,25.8,93.7,2025,11
2025-11-01 02:00:00+05:30,353.372596182159,25.85,93.6,2025,11
2025-11-01 02:15:00+05:30,349.767570362746,25.85,94.5,2025,11
2025-11-01 02:30:00+05:30,347.01347644745664,25.65,97.0,2025,11
2025-11-01 02:45:00+05:30,343.76363376389617,25.65,97.9,2025,11
2025-11-01 03:00:00+05:30,343.14951629760645,25.55,98.5,2025,11
2025-11-01 03:15:00+05:30,340.3920283639336,25.55,99.6,2025,11
2025-11-01 03:30:00+05:30,337.0379097797149,25.5,100.0,2025,11
2025-11-01 03:45:00+05:30,333.3654069283495,25.5,100.6,2025,11
2025-11-01 04:00:00+05:30,331.9643206175114,25.5,100.6,2025,11
2025-11-01 04:15:00+05:30,330.7086428930174,25.55,100.6,2025,11
2025-11-01 04:30:00+05:30,333.76790948378647,25.4,100.6,2025,11
2025-11-01 04:45:00+05:30,336.2107451904123,25.4,100.6,2025,11
2025-11-01 05:00:00+05:30,337.7267786723663,25.4,100.6,2025,11
2025-11-01 05:15:00+05:30,337.564768326899,25.4,100.6,2025,11
2025-11-01 05:30:00+05:30,339.32921972111785,25.45,100.6,2025,11
2025-11-01 05:45:00+05:30,341.73178431208424,25.45,100.6,2025,11
2025-11-01 06:00:00+05:30,348.853719217678,25.55,100.2,2025,11
2025-11-01 06:15:00+05:30,353.2871698388578,25.5,100.1,2025,11
2025-11-01 06:30:00+05:30,359.6515031321184,25.55,100.2,2025,11
2025-11-01 06:45:00+05:30,369.5980573276916,25.55,100.1,2025,11
2025-11-01 07:00:00+05:30,377.0138860772103,25.55,99.8,2025,11
2025-11-01 07:15:00+05:30,384.86348427653337,25.7,99.9,2025,11
2025-11-01 07:30:00+05:30,394.4970042808313,25.8,100.1,2025,11
2025-11-01 07:45:00+05:30,405.34951457325775,25.85,99.9,2025,11
2025-11-01 08:00:00+05:30,415.5681378515727,25.95,99.9,2025,11
2025-11-01 08:15:00+05:30,431.5792073890046,25.85,100.4,2025,11
2025-11-01 08:30:00+05:30,444.9151783606937,25.9,100.5,2025,11
2025-11-01 08:45:00+05:30,456.6831401679439,26.1,100.4,2025,11
2025-11-01 09:00:00+05:30,471.2135952400772,26.1,99.5,2025,11
2025-11-01 09:15:00+05:30,481.41376187842553,26.45,98.9,2025,11
2025-11-01 09:30:00+05:30,488.06959658413865,27.7,92.5,2025,11
2025-11-01 09:45:00+05:30,495.3253302520992,28.7,80.9,2025,11
2025-11-01 10:00:00+05:30,500.1638406447398,28.65,82.0,2025,11
2025-11-01 10:15:00+05:30,506.23087101450153,28.9,81.0,2025,11
2025-11-01 10:30:00+05:30,511.3472540007637,28.05,85.8,2025,11
2025-11-01 10:45:00+05:30,513.2652342940627,28.2,85.1,2025,11
2025-11-01 11:00:00+05:30,515.7127983968006,29.3,78.3,2025,11
2025-11-01 11:15:00+05:30,515.288123100849,29.4,78.2,2025,11
2025-11-01 11:30:00+05:30,513.7602894515089,29.75,76.4,2025,11
2025-11-01 11:45:00+05:30,512.675716347644,30.05,75.1,2025,11
2025-11-01 12:00:00+05:30,517.688343929677,30.35,75.5,2025,11
2025-11-01 12:15:00+05:30,514.2331362486134,30.9,73.5,2025,11
2025-11-01 12:30:00+05:30,513.2074217446115,30.75,72.5,2025,11
2025-11-01 12:45:00+05:30,512.9965137549851,30.95,71.0,2025,11
2025-11-01 13:00:00+05:30,507.7938797590253,30.6,72.2,2025,11
2025-11-01 13:15:00+05:30,508.0200383022298,30.35,73.9,2025,11
2025-11-01 13:30:00+05:30,505.5445801976504,30.6,71.9,2025,11
2025-11-01 13:45:00+05:30,508.7754904099046,30.6,70.8,2025,11
2025-11-01 14:00:00+05:30,509.6037269282877,30.65,70.8,2025,11
2025-11-01 14:15:00+05:30,510.0686507292474,30.35,71.9,2025,11
2025-11-01 14:30:00+05:30,506.6151956195207,30.35,69.4,2025,11
2025-11-01 14:45:00+05:30,508.52879927453415,30.25,69.7,2025,11
2025-11-01 15:00:00+05:30,505.6526475037044,30.3,69.7,2025,11
2025-11-01 15:15:00+05:30,501.9367151599925,30.25,69.7,2025,11
2025-11-01 15:30:00+05:30,504.1699398563704,31.2,64.4,2025,11
2025-11-01 15:45:00+05:30,503.5910578915143,30.1,69.2,2025,11
2025-11-01 16:00:00+05:30,502.6929077116629,29.2,74.1,2025,11
2025-11-01 16:15:00+05:30,498.1296200928847,30.1,70.6,2025,11
2025-11-01 16:30:00+05:30,495.9530277143965,30.15,68.4,2025,11
2025-11-01 16:45:00+05:30,490.5034665610913,28.85,74.7,2025,11
2025-11-01 17:00:00+05:30,488.016503405988,28.3,79.0,2025,11
2025-11-01 17:15:00+05:30,487.8931297502058,28.0,79.8,2025,11
2025-11-01 17:30:00+05:30,484.9812319123505,27.9,81.3,2025,11
2025-11-01 17:45:00+05:30,482.2473745693152,27.8,82.2,2025,11
2025-11-01 18:00:00+05:30,485.5754070914268,27.65,84.3,2025,11
2025-11-01 18:15:00+05:30,487.4147367938905,27.6,84.5,2025,11
2025-11-01 18:30:00+05:30,483.2484129066249,27.55,84.8,2025,11
2025-11-01 18:45:00+05:30,481.4358548279886,27.55,84.7,2025,11
2025-11-01 19:00:00+05:30,478.0811157501186,27.35,85.9,2025,11
2025-11-01 19:15:00+05:30,473.71204433444433,27.3,86.1,2025,11
2025-11-01 19:30:00+05:30,467.69792287761726,27.3,86.9,2025,11
2025-11-01 19:45:00+05:30,460.7134366796008,27.3,87.0,2025,11
2025-11-01 20:00:00+05:30,454.9978422457017,27.25,87.7,2025,11
2025-11-01 20:15:00+05:30,449.8446420453161,27.15,89.5,2025,11
2025-11-01 20:30:00+05:30,445.1474686129839,27.1,89.5,2025,11
2025-11-01 20:45:00+05:30,442.6869939455536,26.8,89.4,2025,11
2025-11-01 21:00:00+05:30,440.4330016127474,26.75,90.0,2025,11
2025-11-01 21:15:00+05:30,438.0616281337522,26.6,90.3,2025,11
2025-11-01 21:30:00+05:30,431.5645600604541,26.6,90.9,2025,11
2025-11-01 21:45:00+05:30,428.8539676199324,26.55,91.3,2025,11
2025-11-01 22:00:00+05:30,419.1117669854205,26.4,91.5,2025,11
2025-11-01 22:15:00+05:30,417.20192537811744,26.3,92.0,2025,11
2025-11-01 22:30:00+05:30,408.6116342496547,26.15,92.0,2025,11
2025-11-01 22:45:00+05:30,404.6850226964528,26.15,92.6,2025,11
2025-11-01 23:00:00+05:30,396.164143723863,26.1,92.6,2025,11
2025-11-01 23:15:00+05:30,391.7812566298232,26.1,93.2,2025,11
2025-11-01 23:30:00+05:30,382.4753063774526,26.1,93.7,2025,11
2025-11-01 23:45:00+05:30,376.2444457672714,26.15,93.6,2025,11
2025-11-02 00:00:00+05:30,372.7743748805796,26.2,93.2,2025,11
2025-11-02 00:15:00+05:30,368.0713423761712,26.1,93.5,2025,11
2025-11-02 00:30:00+05:30,361.4849934821692,26.1,93.6,2025,11
2025-11-02 00:45:00+05:30,356.97337742552065,26.1,93.4,2025,11
2025-11-02 01:00:00+05:30,351.7449320977933,26.0,93.8,2025,11
2025-11-02 01:15:00+05:30,347.61893351694573,25.9,94.5,2025,11
2025-11-02 01:30:00+05:30,341.1479795234457,26.0,93.8,2025,11
2025-11-02 01:45:00+05:30,338.2492735380412,25.9,94.5,2025,11
2025-11-02 02:00:00+05:30,336.98217414681403,25.9,94.5,2025,11
2025-11-02 02:15:00+05:30,334.95296532123325,25.8,94.2,2025,11
2025-11-02 02:30:00+05:30,335.4572865089091,25.8,94.3,2025,11
2025-11-02 02:45:00+05:30,331.18361099099246,25.8,94.3,2025,11
2025-11-02 03:00:00+05:30,327.3751627568572,25.8,94.5,2025,11
2025-11-02 03:15:00+05:30,322.9738215399683,25.7,94.6,2025,11
2025-11-02 03:30:00+05:30,319.4877841343069,25.7,94.8,2025,11
2025-11-02 03:45:00+05:30,315.595106976465,25.7,94.6,2025,11
2025-11-02 04:00:00+05:30,313.5231849461006,25.6,94.3,2025,11
2025-11-02 04:15:00+05:30,310.1751622332048,25.6,94.0,2025,11
2025-11-02 04:30:00+05:30,313.5765750879955,25.6,95.4,2025,11
2025-11-02 04:45:00+05:30,314.41450156493755,25.6,97.0,2025,11
2025-11-02 05:00:00+05:30,312.9182889201901,25.6,97.3,2025,11
2025-11-02 05:15:00+05:30,312.66232384393857,25.5,99.0,2025,11
2025-11-02 05:30:00+05:30,315.0954166297104,25.5,99.7,2025,11
2025-11-02 05:45:00+05:30,316.83106507233686,25.4,100.0,2025,11
2025-11-02 06:00:00+05:30,322.1725132877616,25.5,99.1,2025,11
2025-11-02 06:15:00+05:30,325.38954930998113,25.6,98.8,2025,11
2025-11-02 06:30:00+05:30,323.54620351879566,25.6,98.3,2025,11
2025-11-02 06:45:00+05:30,324.7307374276087,25.6,96.8,2025,11
2025-11-02 07:00:00+05:30,329.40568235124954,25.7,95.6,2025,11
2025-11-02 07:15:00+05:30,333.9194868853794,25.7,94.0,2025,11
2025-11-02 07:30:00+05:30,337.4631093119989,25.9,92.7,2025,11
2025-11-02 07:45:00+05:30,345.0046273048423,26.4,89.0,2025,11
2025-11-02 08:00:00+05:30,350.18075118514764,26.8,86.8,2025,11
2025-11-02 08:15:00+05:30,355.8888618050953,26.9,88.0,2025,11
2025-11-02 08:30:00+05:30,367.4603567953527,26.4,89.2,2025,11
2025-11-02 08:45:00+05:30,372.7832728076126,26.3,94.0,2025,11
2025-11-02 09:00:00+05:30,378.3704931593539,26.4,94.7,2025,11
2025-11-02 09:15:00+05:30,384.2180536369028,26.3,94.8,2025,11
2025-11-02 09:30:00+05:30,390.00570466063937,26.3,94.4,2025,11
2025-11-02 09:45:00+05:30,395.60624345992017,26.4,92.7,2025,11
2025-11-02 10:00:00+05:30,399.21266073937954,27.0,90.9,2025,11
2025-11-02 10:15:00+05:30,411.4149884700423,27.4,89.0,2025,11
2025-11-02 10:30:00+05:30,416.7292613639521,26.6,95.9,2025,11
2025-11-02 10:45:00+05:30,420.97821530436863,26.7,97.0,2025,11
2025-11-02 11:00:00+05:30,420.7827759039733,26.9,95.3,2025,11
2025-11-02 11:15:00+05:30,416.424930435116,27.0,92.6,2025,11
2025-11-02 11:30:00+05:30,416.546264456628,26.9,94.3,2025,11
2025-11-02 11:45:00+05:30,414.9513961465011,27.2,95.9,2025,11
2025-11-02 12:00:00+05:30,412.3763369057302,26.9,96.4,2025,11
2025-11-02 12:15:00+05:30,412.8566433855215,26.3,97.3,2025,11
2025-11-02 12:30:00+05:30,406.3354331445069,26.7,97.0,2025,11
2025-11-02 12:45:00+05:30,403.2245566529698,26.9,95.6,2025,11
2025-11-02 13:00:00+05:30,401.8991931313292,26.8,94.4,2025,11
2025-11-02 13:15:00+05:30,405.8142830097983,26.8,93.7,2025,11
2025-11-02 13:30:00+05:30,405.899644988926,26.9,90.0,2025,11
2025-11-02 13:45:00+05:30,403.61660690070096,27.2,87.7,2025,11
2025-11-02 14:00:00+05:30,403.2928893634328,26.9,89.9,2025,11
2025-11-02 14:15:00+05:30,405.3811742122231,27.0,92.1,2025,11
2025-11-02 14:30:00+05:30,405.82672712285023,26.1,97.9,2025,11
2025-11-02 14:45:00+05:30,402.5526104686671,25.6,100.6,2025,11
2025-11-02 15:00:00+05:30,403.22890738799447,26.1,100.6,2025,11
2025-11-02 15:15:00+05:30,402.7516243827563,26.5,100.6,2025,11
2025-11-02 15:30:00+05:30,398.5071904809368,26.6,100.6,2025,11
2025-11-02 15:45:00+05:30,396.4682678607005,26.2,100.6,2025,11
2025-11-02 16:00:00+05:30,397.8436640710354,25.9,100.6,2025,11
2025-11-02 16:15:00+05:30,396.3531283898517,25.5,100.6,2025,11
2025-11-02 16:30:00+05:30,394.76055485037466,25.4,100.6,2025,11
2025-11-02 16:45:00+05:30,394.2221632066514,25.3,100.6,2025,11
2025-11-02 17:00:00+05:30,394.0343013414693,25.3,100.6,2025,11
2025-11-02 17:15:00+05:30,395.1230663907709,25.3,100.6,2025,11
2025-11-02 17:30:00+05:30,396.9223368701787,25.3,100.6,2025,11
2025-11-02 17:45:00+05:30,399.9136667117666,25.1,100.6,2025,11
2025-11-02 18:00:00+05:30,409.9644056605415,24.9,100.6,2025,11
2025-11-02 18:15:00+05:30,409.480274567067,24.8,100.6,2025,11
2025-11-02 18:30:00+05:30,414.26094677802325,24.8,100.6,2025,11
2025-11-02 18:45:00+05:30,414.02729030664887,24.8,100.6,2025,11
2025-11-02 19:00:00+05:30,413.5606803710948,24.9,100.6,2025,11
2025-11-02 19:15:00+05:30,412.41994953927497,25.0,100.6,2025,11
2025-11-02 19:30:00+05:30,410.8766093490756,25.0,100.6,2025,11
2025-11-02 19:45:00+05:30,413.3365988818808,25.0,100.0,2025,11
2025-11-02 20:00:00+05:30,410.3425787658941,25.0,98.9,2025,11
2025-11-02 20:15:00+05:30,408.6073916991389,25.0,98.9,2025,11
2025-11-02 20:30:00+05:30,405.7906105934817,25.0,99.5,2025,11
2025-11-02 20:45:00+05:30,406.092387695244,24.9,99.5,2025,11
2025-11-02 21:00:00+05:30,402.4603026175786,24.9,99.5,2025,11
2025-11-02 21:15:00+05:30,401.3046108731148,25.0,99.5,2025,11
2025-11-02 21:30:00+05:30,399.5832400309339,25.0,99.5,2025,11
2025-11-02 21:45:00+05:30,397.7412124759844,25.0,98.9,2025,11
2025-11-02 22:00:00+05:30,390.223417970887,25.1,98.9,2025,11
2025-11-02 22:15:00+05:30,384.6253453038949,25.1,99.2,2025,11
2025-11-02 22:30:00+05:30,380.4136134701986,25.1,99.5,2025,11
2025-11-02 22:45:00+05:30,371.654455188669,25.1,99.5,2025,11
2025-11-02 23:00:00+05:30,365.30305219491504,25.1,99.5,2025,11
2025-11-02 23:15:00+05:30,361.16274433698527,25.1,100.0,2025,11
2025-11-02 23:30:00+05:30,353.91409789069456,25.1,99.5,2025,11
2025-11-02 23:45:00+05:30,349.8677037830288,25.1,99.5,2025,11
2025-11-03 00:00:00+05:30,344.4977245459113,25.0,99.3,2025,11
2025-11-03 00:15:00+05:30,342.7903433649037,24.9,99.5,2025,11
2025-11-03 00:30:00+05:30,335.98265266194346,24.85,99.3,2025,11
2025-11-03 00:45:00+05:30,331.76547639572726,24.85,99.3,2025,11
2025-11-03 01:00:00+05:30,327.54500833266445,24.85,99.1,2025,11
2025-11-03 01:15:00+05:30,322.405849820499,24.75,98.9,2025,11
2025-11-03 01:30:00+05:30,317.93513704828155,24.75,98.9,2025,11
2025-11-03 01:45:00+05:30,313.08874630663365,24.8,98.6,2025,11
2025-11-03 02:00:00+05:30,310.49397416105387,24.8,98.9,2025,11
2025-11-03 02:15:00+05:30,307.2319914525773,24.75,98.6,2025,11
2025-11-03 02:30:00+05:30,306.558492133088,24.75,98.9,2025,11
2025-11-03 02:45:00+05:30,305.35175110496215,24.8,98.9,2025,11
2025-11-03 03:00:00+05:30,302.63115496255665,24.75,98.9,2025,11
2025-11-03 03:15:00+05:30,301.7769035946786,24.8,98.9,2025,11
2025-11-03 03:30:00+05:30,299.30601429161175,24.8,98.9,2025,11
2025-11-03 03:45:00+05:30,297.1340457578195,24.75,98.9,2025,11
2025-11-03 04:00:00+05:30,296.164399211432,24.85,98.9,2025,11
2025-11-03 04:15:00+05:30,295.04622817184566,24.85,98.9,2025,11
2025-11-03 04:30:00+05:30,296.5577000870606,24.95,98.6,2025,11
2025-11-03 04:45:00+05:30,300.05115401298275,24.9,99.3,2025,11
2025-11-03 05:00:00+05:30,301.2218404716889,24.85,99.7,2025,11
2025-11-03 05:15:00+05:30,306.3551349230371,24.75,99.7,2025,11
2025-11-03 05:30:00+05:30,312.2599584272602,24.7,99.8,2025,11
2025-11-03 05:45:00+05:30,317.95470343663345,24.7,99.5,2025,11
2025-11-03 06:00:00+05:30,333.28848937623906,24.75,99.3,2025,11
2025-11-03 06:15:00+05:30,341.32316965745594,24.75,99.3,2025,11
2025-11-03 06:30:00+05:30,357.56916274912675,24.65,100.1,2025,11
2025-11-03 06:45:00+05:30,372.6913464475396,24.65,100.2,2025,11
2025-11-03 07:00:00+05:30,387.451455625686,24.85,99.7,2025,11
2025-11-03 07:15:00+05:30,401.4954176244596,24.9,99.5,2025,11
2025-11-03 07:30:00+05:30,421.3240907858076,24.95,100.6,2025,11
2025-11-03 07:45:00+05:30,440.48732331065617,25.0,100.6,2025,11
2025-11-03 08:00:00+05:30,460.5882472464252,25.75,100.1,2025,11
2025-11-03 08:15:00+05:30,481.9776316841404,26.15,94.3,2025,11
2025-11-03 08:30:00+05:30,500.0077814723574,27.1,87.4,2025,11
2025-11-03 08:45:00+05:30,516.0316163934649,27.65,80.3,2025,11
2025-11-03 09:00:00+05:30,531.668937576209,28.05,77.1,2025,11
2025-11-03 09:15:00+05:30,541.3140287492283,28.05,77.1,2025,11
2025-11-03 09:30:00+05:30,550.135122436693,28.05,79.8,2025,11
2025-11-03 09:45:00+05:30,561.180533235856,29.5,71.3,2025,11
2025-11-03 10:00:00+05:30,568.5623607256581,30.2,68.0,2025,11
2025-11-03 10:15:00+05:30,579.5701931717073,30.55,65.4,2025,11
2025-11-03 10:30:00+05:30,584.3045962921641,30.3,68.0,2025,11
2025-11-03 10:45:00+05:30,584.80228058305,30.5,67.0,2025,11
2025-11-03 11:00:00+05:30,587.0169660134546,30.55,65.4,2025,11
2025-11-03 11:15:00+05:30,585.2492973051684,29.7,68.6,2025,11
2025-11-03 11:30:00+05:30,585.2858990481307,29.6,69.3,2025,11
2025-11-03 11:45:00+05:30,581.7907616295572,29.8,67.6,2025,11
2025-11-03 12:00:00+05:30,584.215476732451,29.85,69.3,2025,11
2025-11-03 12:15:00+05:30,579.1955088572607,30.05,68.6,2025,11
2025-11-03 12:30:00+05:30,576.33139380235,30.15,68.0,2025,11
2025-11-03 12:45:00+05:30,579.4270542352613,30.25,66.6,2025,11
2025-11-03 13:00:00+05:30,575.329058755911,30.15,68.7,2025,11
2025-11-03 13:15:00+05:30,572.5108923747167,30.55,66.1,2025,11
2025-11-03 13:30:00+05:30,570.3832973544054,30.3,66.3,2025,11
2025-11-03 13:45:00+05:30,571.6589092974237,30.7,66.6,2025,11
2025-11-03 14:00:00+05:30,576.0759845926583,31.0,64.9,2025,11
2025-11-03 14:15:00+05:30,578.7107312119374,31.1,64.3,2025,11
2025-11-03 14:30:00+05:30,578.7347375925784,31.2,64.6,2025,11
2025-11-03 14:45:00+05:30,579.4351577131473,31.05,64.1,2025,11
2025-11-03 15:00:00+05:30,581.2112932033717,30.3,68.9,2025,11
2025-11-03 15:15:00+05:30,581.9908808678895,30.4,68.7,2025,11
2025-11-03 15:30:00+05:30,582.4236426933791,30.75,66.5,2025,11
2025-11-03 15:45:00+05:30,579.8914548002039,31.7,59.7,2025,11
2025-11-03 16:00:00+05:30,578.8778166044407,31.35,60.6,2025,11
2025-11-03 16:15:00+05:30,572.0551605208005,31.05,60.0,2025,11
2025-11-03 16:30:00+05:30,567.5833221987958,30.15,64.9,2025,11
2025-11-03 16:45:00+05:30,564.2261862066653,29.2,70.4,2025,11
2025-11-03 17:00:00+05:30,559.034825411022,28.65,71.1,2025,11
2025-11-03 17:15:00+05:30,551.933156148713,28.3,74.5,2025,11
2025-11-03 17:30:00+05:30,545.2111351889887,28.1,76.1,2025,11
2025-11-03 17:45:00+05:30,544.3679928610568,27.75,79.1,2025,11
2025-11-03 18:00:00+05:30,543.6813200850958,27.7,79.7,2025,11
2025-11-03 18:15:00+05:30,536.5392661177627,27.55,81.2,2025,11
2025-11-03 18:30:00+05:30,532.3254220803947,27.4,81.7,2025,11
2025-11-03 18:45:00+05:30,525.31037591979,27.35,82.3,2025,11
2025-11-03 19:00:00+05:30,514.3975760451567,27.3,80.8,2025,11
2025-11-03 19:15:00+05:30,506.62833532788574,27.1,80.0,2025,11
2025-11-03 19:30:00+05:30,497.1883527917445,27.1,80.8,2025,11
2025-11-03 19:45:00+05:30,490.13173385752566,27.0,81.9,2025,11
2025-11-03 20:00:00+05:30,482.02846803240095,26.95,82.5,2025,11
2025-11-03 20:15:00+05:30,476.01739317082576,26.9,83.9,2025,11
2025-11-03 20:30:00+05:30,468.47777682170295,26.8,84.6,2025,11
2025-11-03 20:45:00+05:30,465.3531267271261,26.8,84.9,2025,11
2025-11-03 21:00:00+05:30,458.8403400924393,26.75,85.2,2025,11
2025-11-03 21:15:00+05:30,455.0446346615823,26.75,85.7,2025,11
2025-11-03 21:30:00+05:30,447.6287344432712,26.7,85.5,2025,11
2025-11-03 21:45:00+05:30,441.581887003056,26.75,85.7,2025,11
2025-11-03 22:00:00+05:30,433.563139687164,26.75,84.7,2025,11
2025-11-03 22:15:00+05:30,426.3121674489958,26.65,85.2,2025,11
2025-11-03 22:30:00+05:30,421.2079572851605,26.6,86.0,2025,11
2025-11-03 22:45:00+05:30,414.3392723641263,26.45,87.0,2025,11
2025-11-03 23:00:00+05:30,407.9117516667819,26.45,87.0,2025,11
2025-11-03 23:15:00+05:30,399.6414222673551,26.4,86.5,2025,11
2025-11-03 23:30:00+05:30,391.9666328877739,26.35,86.5,2025,11
2025-11-03 23:45:00+05:30,384.3793242991324,26.35,86.5,2025,11
2025-11-04 00:00:00+05:30,376.8045499890735,26.35,87.5,2025,11
2025-11-04 00:15:00+05:30,370.96338888924686,26.35,87.7,2025,11
2025-11-04 00:30:00+05:30,363.01920978870686,26.3,87.7,2025,11
2025-11-04 00:45:00+05:30,360.8626846394195,26.25,87.1,2025,11
2025-11-04 01:00:00+05:30,355.2377098027274,26.25,86.8,2025,11
2025-11-04 01:15:00+05:30,352.31085046125185,26.2,86.5,2025,11
2025-11-04 01:30:00+05:30,347.0094596428941,26.1,87.3,2025,11
2025-11-04 01:45:00+05:30,341.470481349118,26.1,87.2,2025,11
2025-11-04 02:00:00+05:30,337.2146940505167,26.1,88.1,2025,11
2025-11-04 02:15:00+05:30,335.39621103680406,26.05,87.1,2025,11
2025-11-04 02:30:00+05:30,332.790705710586,25.95,87.7,2025,11
2025-11-04 02:45:00+05:30,329.60790699732416,25.8,88.9,2025,11
2025-11-04 03:00:00+05:30,328.16841229107257,25.8,91.4,2025,11
2025-11-04 03:15:00+05:30,323.661419349863,25.8,91.1,2025,11
2025-11-04 03:30:00+05:30,318.4839595681264,25.8,91.1,2025,11
2025-11-04 03:45:00+05:30,315.190088178401,25.8,89.9,2025,11
2025-11-04 04:00:00+05:30,314.58410266848426,25.8,88.3,2025,11
2025-11-04 04:15:00+05:30,313.61686535235333,25.700000000000003,90.3,2025,11
2025-11-04 04:30:00+05:30,317.91745351649536,25.700000000000003,89.9,2025,11
2025-11-04 04:45:00+05:30,318.27850099984914,25.8,89.3,2025,11
2025-11-04 05:00:00+05:30,320.0090643925077,25.8,88.9,2025,11
2025-11-04 05:15:00+05:30,321.8481146983066,25.65,90.5,2025,11
2025-11-04 05:30:00+05:30,327.34260998106674,25.6,91.1,2025,11
2025-11-04 05:45:00+05:30,334.5564178128248,25.55,92.0,2025,11
2025-11-04 06:00:00+05:30,346.3517989144836,25.6,90.6,2025,11
2025-11-04 06:15:00+05:30,359.5630411239308,25.6,91.1,2025,11
2025-11-04 06:30:00+05:30,371.98065727890486,25.6,93.1,2025,11
2025-11-04 06:45:00+05:30,381.9507747584801,25.75,94.3,2025,11
2025-11-04 07:00:00+05:30,397.2550333972233,25.950000000000003,94.5,2025,11
2025-11-04 07:15:00+05:30,414.9273760610814,26.1,93.6,2025,11
2025-11-04 07:30:00+05:30,432.6001160594892,26.25,92.7,2025,11
2025-11-04 07:45:00+05:30,449.4490370834106,26.85,89.4,2025,11
2025-11-04 08:00:00+05:30,472.4733504367056,27.15,86.3,2025,11
2025-11-04 08:15:00+05:30,491.9619056411087,27.35,84.2,2025,11
2025-11-04 08:30:00+05:30,510.4970779550699,27.55,84.7,2025,11
2025-11-04 08:45:00+05:30,529.7437320320531,27.65,82.8,2025,11
2025-11-04 09:00:00+05:30,541.96575351577,28.3,78.6,2025,11
2025-11-04 09:15:00+05:30,553.8278345264124,28.5,76.3,2025,11
2025-11-04 09:30:00+05:30,561.2343368641378,29.4,70.5,2025,11
2025-11-04 09:45:00+05:30,569.3866303107116,28.35,74.2,2025,11
2025-11-04 10:00:00+05:30,574.6261835291416,29.3,70.7,2025,11
2025-11-04 10:15:00+05:30,582.8341774801088,30.25,64.2,2025,11
2025-11-04 10:30:00+05:30,586.0186379482285,30.4,60.6,2025,11
2025-11-04 10:45:00+05:30,588.67297363072,30.5,61.0,2025,11
2025-11-04 11:00:00+05:30,587.5917937345716,30.5,61.4,2025,11
2025-11-04 11:15:00+05:30,584.7272651357704,30.85,61.4,2025,11
2025-11-04 11:30:00+05:30,582.5856966363325,30.65,61.8,2025,11
2025-11-04 11:45:00+05:30,583.6024630452483,29.8,65.3,2025,11
2025-11-04 12:00:00+05:30,579.4142010087558,30.5,63.0,2025,11
2025-11-04 12:15:00+05:30,579.5184263691712,30.5,62.7,2025,11
2025-11-04 12:30:00+05:30,577.5293442045077,30.3,61.8,2025,11
2025-11-04 12:45:00+05:30,577.3275219726135,30.3,65.2,2025,11
2025-11-04 13:00:00+05:30,576.1471797417012,30.2,64.9,2025,11
2025-11-04 13:15:00+05:30,572.1007884858952,30.0,67.9,2025,11
2025-11-04 13:30:00+05:30,571.2141379471658,30.15,68.0,2025,11
2025-11-04 13:45:00+05:30,570.5086733751989,30.2,67.1,2025,11
2025-11-04 14:00:00+05:30,572.4963533542686,28.950000000000003,75.8,2025,11
2025-11-04 14:15:00+05:30,575.0200059061247,28.25,82.8,2025,11
2025-11-04 14:30:00+05:30,571.3752265800756,28.6,78.0,2025,11
2025-11-04 14:45:00+05:30,570.0605827000559,28.4,77.5,2025,11
2025-11-04 15:00:00+05:30,568.053804523845,28.5,76.7,2025,11
2025-11-04 15:15:00+05:30,567.9067408109385,28.75,76.5,2025,11
2025-11-04 15:30:00+05:30,565.4922433387904,28.55,77.0,2025,11
2025-11-04 15:45:00+05:30,560.1759003893617,28.5,76.5,2025,11
2025-11-04 16:00:00+05:30,559.86425460248,28.45,77.1,2025,11
2025-11-04 16:15:00+05:30,557.1321981596009,28.450000000000003,76.6,2025,11
2025-11-04 16:30:00+05:30,553.6670224329158,28.45,76.8,2025,11
2025-11-04 16:45:00+05:30,550.178056401306,28.3,77.0,2025,11
2025-11-04 17:00:00+05:30,547.1506055400258,28.200000000000003,78.7,2025,11
2025-11-04 17:15:00+05:30,545.1035578860723,28.05,79.1,2025,11
2025-11-04 17:30:00+05:30,539.4011981266652,27.8,80.0,2025,11
2025-11-04 17:45:00+05:30,536.3722539183796,27.55,80.4,2025,11
2025-11-04 18:00:00+05:30,537.4817693667891,27.4,80.3,2025,11
2025-11-04 18:15:00+05:30,534.9351402240104,27.25,80.6,2025,11
2025-11-04 18:30:00+05:30,530.9938797524384,27.2,79.7,2025,11
2025-11-04 18:45:00+05:30,524.1414389493177,27.05,79.5,2025,11
2025-11-04 19:00:00+05:30,515.952311032808,27.05,80.2,2025,11
2025-11-04 19:15:00+05:30,507.4943281809989,27.0,79.7,2025,11
2025-11-04 19:30:00+05:30,493.6567709288784,26.950000000000003,79.2,2025,11
2025-11-04 19:45:00+05:30,484.6394342712966,26.9,78.6,2025,11
2025-11-04 20:00:00+05:30,475.9928257481933,26.8,79.3,2025,11
2025-11-04 20:15:00+05:30,471.0090872708925,26.7,79.6,2025,11
2025-11-04 20:30:00+05:30,464.8784739385261,26.6,79.7,2025,11
2025-11-04 20:45:00+05:30,459.2621624323799,26.6,79.1,2025,11
2025-11-04 21:00:00+05:30,452.3775336850776,26.5,78.4,2025,11
2025-11-04 21:15:00+05:30,446.330424885022,26.4,78.0,2025,11
2025-11-04 21:30:00+05:30,440.594585670611,26.3,78.5,2025,11
2025-11-04 21:45:00+05:30,434.25863894099496,26.25,78.9,2025,11
2025-11-04 22:00:00+05:30,423.61848989179816,26.15,79.1,2025,11
2025-11-04 22:15:00+05:30,418.793795101181,26.1,80.9,2025,11
2025-11-04 22:30:00+05:30,414.4825159968751,26.0,80.3,2025,11
2025-11-04 22:45:00+05:30,406.3904366984307,25.95,81.1,2025,11
2025-11-04 23:00:00+05:30,399.0453897184888,25.9,80.5,2025,11
2025-11-04 23:15:00+05:30,390.6287642846652,25.9,79.8,2025,11
2025-11-04 23:30:00+05:30,384.72204039137335,25.85,80.1,2025,11
2025-11-04 23:45:00+05:30,378.0924257762152,25.8,80.2,2025,11
2025-11-05 00:00:00+05:30,370.0337372367583,25.75,80.7,2025,11
2025-11-05 00:15:00+05:30,363.1407421409784,25.75,79.8,2025,11
2025-11-05 00:30:00+05:30,357.56636364354193,25.65,79.6,2025,11
2025-11-05 00:45:00+05:30,354.2631782705768,25.6,80.3,2025,11
2025-11-05 01:00:00+05:30,348.07435238131444,25.6,79.3,2025,11
2025-11-05 01:15:00+05:30,344.90639970308735,25.55,80.3,2025,11
2025-11-05 01:30:00+05:30,341.312786193814,25.450000000000003,79.4,2025,11
2025-11-05 01:45:00+05:30,337.44207780259694,25.450000000000003,78.9,2025,11
2025-11-05 02:00:00+05:30,334.5865484952883,25.450000000000003,77.5,2025,11
2025-11-05 02:15:00+05:30,333.3670425840913,25.35,78.9,2025,11
2025-11-05 02:30:00+05:30,331.42353544829746,25.45,77.5,2025,11
2025-11-05 02:45:00+05:30,329.1504884604109,25.4,76.5,2025,11
2025-11-05 03:00:00+05:30,326.58567845486465,25.5,76.2,2025,11
2025-11-05 03:15:00+05:30,321.84992780965416,25.4,75.5,2025,11
2025-11-05 03:30:00+05:30,315.85979910963505,25.25,74.4,2025,11
2025-11-05 03:45:00+05:30,313.167477226775,25.15,76.6,2025,11
2025-11-05 04:00:00+05:30,311.47950114302586,24.950000000000003,78.6,2025,11
2025-11-05 04:15:00+05:30,310.4283629248243,24.85,78.5,2025,11
2025-11-05 04:30:00+05:30,313.493356945026,24.85,78.1,2025,11
2025-11-05 04:45:00+05:30,315.10871338540824,24.8,78.5,2025,11
2025-11-05 05:00:00+05:30,316.2419977607238,24.65,79.2,2025,11
2025-11-05 05:15:00+05:30,315.7389538736306,24.6,80.2,2025,11
2025-11-05 05:30:00+05:30,321.2872407941856,24.5,81.0,2025,11
2025-11-05 05:45:00+05:30,324.9714052244736,24.45,82.7,2025,11
2025-11-05 06:00:00+05:30,334.8196425029902,24.35,84.1,2025,11
2025-11-05 06:15:00+05:30,340.7878035262099,24.3,84.6,2025,11
2025-11-05 06:30:00+05:30,350.8179838144637,24.3,85.0,2025,11
2025-11-05 06:45:00+05:30,362.4428317755698,24.4,85.3,2025,11
2025-11-05 07:00:00+05:30,376.19010823500025,24.6,85.0,2025,11
2025-11-05 07:15:00+05:30,389.39701581636746,24.9,84.5,2025,11
2025-11-05 07:30:00+05:30,402.40411713010815,25.3,81.6,2025,11
2025-11-05 07:45:00+05:30,416.8712640606536,26.0,77.1,2025,11
2025-11-05 08:00:00+05:30,436.3451094571833,26.7,73.6,2025,11
2025-11-05 08:15:00+05:30,452.32369270175593,27.700000000000003,73.4,2025,11
2025-11-05 08:30:00+05:30,464.5692041419202,28.35,71.1,2025,11
2025-11-05 08:45:00+05:30,475.0797655981005,27.9,72.0,2025,11
2025-11-05 09:00:00+05:30,487.8726247944042,28.3,71.4,2025,11
2025-11-05 09:15:00+05:30,502.5894119916707,29.3,69.9,2025,11
2025-11-05 09:30:00+05:30,509.87970882346303,29.8,65.8,2025,11
2025-11-05 09:45:00+05:30,517.8002169006447,30.1,64.5,2025,11
2025-11-05 10:00:00+05:30,523.233072005924,30.65,62.0,2025,11
2025-11-05 10:15:00+05:30,528.8019746813437,31.25,59.9,2025,11
2025-11-05 10:30:00+05:30,533.1608840605448,31.75,56.3,2025,11
2025-11-05 10:45:00+05:30,531.1073485669647,32.5,55.1,2025,11
2025-11-05 11:00:00+05:30,532.0221537047532,32.6,54.5,2025,11
2025-11-05 11:15:00+05:30,531.936898402796,32.3,55.7,2025,11
2025-11-05 11:30:00+05:30,533.1034899127337,31.6,55.7,2025,11
2025-11-05 11:45:00+05:30,531.6432632358187,32.2,56.6,2025,11
2025-11-05 12:00:00+05:30,526.624444080191,31.950000000000003,59.3,2025,11
2025-11-05 12:15:00+05:30,521.036746618431,31.55,62.0,2025,11
2025-11-05 12:30:00+05:30,524.738664165999,31.25,61.9,2025,11
2025-11-05 12:45:00+05:30,522.8322798584458,31.25,59.3,2025,11
2025-11-05 13:00:00+05:30,517.3343477721683,31.3,53.7,2025,11
2025-11-05 13:15:00+05:30,517.4757702228303,31.200000000000003,54.5,2025,11
2025-11-05 13:30:00+05:30,516.1461441645481,31.3,53.1,2025,11
2025-11-05 13:45:00+05:30,518.097535476774,31.65,53.4,2025,11
2025-11-05 14:00:00+05:30,517.0516346057553,32.05,53.0,2025,11
2025-11-05 14:15:00+05:30,521.2217545921444,31.95,52.6,2025,11
2025-11-05 14:30:00+05:30,517.8506289402803,31.65,52.0,2025,11
2025-11-05 14:45:00+05:30,515.7068252537533,32.05,50.3,2025,11
2025-11-05 15:00:00+05:30,519.3834159158473,32.349999999999994,49.3,2025,11
2025-11-05 15:15:00+05:30,518.9458560926907,32.3,48.7,2025,11
2025-11-05 15:30:00+05:30,519.0393881970505,32.85,46.0,2025,11
2025-11-05 15:45:00+05:30,518.0386170056406,32.8,45.0,2025,11
2025-11-05 16:00:00+05:30,518.8048626929389,32.400000000000006,47.2,2025,11
2025-11-05 16:15:00+05:30,516.2872317514954,31.65,49.3,2025,11
2025-11-05 16:30:00+05:30,515.1061502711816,30.450000000000003,54.6,2025,11
2025-11-05 16:45:00+05:30,510.9577983050137,29.45,57.9,2025,11
2025-11-05 17:00:00+05:30,508.6340469433319,28.75,61.5,2025,11
2025-11-05 17:15:00+05:30,506.26485930676296,28.25,62.9,2025,11
2025-11-05 17:30:00+05:30,500.1832086397205,27.8,64.8,2025,11
2025-11-05 17:45:00+05:30,500.77115251899295,27.450000000000003,66.3,2025,11
2025-11-05 18:00:00+05:30,502.4418930359276,27.35,66.7,2025,11
2025-11-05 18:15:00+05:30,502.5938507730017,27.25,68.0,2025,11
2025-11-05 18:30:00+05:30,500.1852414698861,27.1,67.9,2025,11
2025-11-05 18:45:00+05:30,494.1788289543993,27.05,68.6,2025,11
2025-11-05 19:00:00+05:30,485.1510933248385,26.9,67.8,2025,11
2025-11-05 19:15:00+05:30,479.10945638936914,26.75,68.2,2025,11
2025-11-05 19:30:00+05:30,473.19945965597975,26.7,68.7,2025,11
2025-11-05 19:45:00+05:30,466.7696268840853,26.65,69.3,2025,11
2025-11-05 20:00:00+05:30,459.26402356958647,26.6,70.5,2025,11
2025-11-05 20:15:00+05:30,452.812932249912,26.450000000000003,70.0,2025,11
2025-11-05 20:30:00+05:30,446.085508918282,26.35,71.0,2025,11
2025-11-05 20:45:00+05:30,443.88813458311125,26.2,70.7,2025,11
2025-11-05 21:00:00+05:30,435.7713100423661,26.15,71.0,2025,11
2025-11-05 21:15:00+05:30,432.3669119251146,26.1,70.6,2025,11
2025-11-05 21:30:00+05:30,427.3690616870132,26.0,70.4,2025,11
2025-11-05 21:45:00+05:30,422.85003595199294,25.9,72.0,2025,11
2025-11-05 22:00:00+05:30,415.6989341013318,25.85,71.0,2025,11
2025-11-05 22:15:00+05:30,408.2218827392017,25.75,72.3,2025,11
2025-11-05 22:30:00+05:30,402.82259616315895,25.700000000000003,72.7,2025,11
2025-11-05 22:45:00+05:30,396.08695014408033,25.7,72.3,2025,11
2025-11-05 23:00:00+05:30,389.73406478188167,25.75,72.6,2025,11
2025-11-05 23:15:00+05:30,382.2882174750398,25.8,72.3,2025,11
2025-11-05 23:30:00+05:30,373.92292772356166,25.8,72.7,2025,11
2025-11-05 23:45:00+05:30,368.6536215251596,25.8,73.6,2025,11
2025-11-06 00:00:00+05:30,362.7898020378991,25.8,74.5,2025,11
2025-11-06 00:15:00+05:30,357.8497175727937,25.75,75.2,2025,11
2025-11-06 00:30:00+05:30,351.85515823585854,25.6,75.9,2025,11
2025-11-06 00:45:00+05:30,348.1944422657983,25.45,76.3,2025,11
2025-11-06 01:00:00+05:30,341.65835310074795,25.25,76.6,2025,11
2025-11-06 01:15:00+05:30,336.29202126116365,25.15,77.3,2025,11
2025-11-06 01:30:00+05:30,329.95863113697675,24.95,77.0,2025,11
2025-11-06 01:45:00+05:30,327.01546432405803,24.95,76.6,2025,11
2025-11-06 02:00:00+05:30,322.87110472777056,24.85,77.0,2025,11
2025-11-06 02:15:00+05:30,320.33642434739056,24.8,78.1,2025,11
2025-11-06 02:30:00+05:30,318.5338689179141,24.85,79.2,2025,11
2025-11-06 02:45:00+05:30,316.56109506425673,24.85,79.3,2025,11
2025-11-06 03:00:00+05:30,315.5609590933199,24.8,79.6,2025,11
2025-11-06 03:15:00+05:30,313.3017659790348,24.7,80.5,2025,11
2025-11-06 03:30:00+05:30,311.01560653728745,24.6,81.1,2025,11
2025-11-06 03:45:00+05:30,307.8267216175521,24.5,80.9,2025,11
2025-11-06 04:00:00+05:30,306.3391425417398,24.35,80.9,2025,11
2025-11-06 04:15:00+05:30,306.5145251334152,24.35,80.8,2025,11
2025-11-06 04:30:00+05:30,309.712382538057,24.25,80.5,2025,11
2025-11-06 04:45:00+05:30,309.8991453846568,24.2,81.2,2025,11
2025-11-06 05:00:00+05:30,312.66399074744714,24.2,81.3,2025,11
2025-11-06 05:15:00+05:30,317.7397595383106,24.15,81.8,2025,11
2025-11-06 05:30:00+05:30,323.8006294744143,24.15,82.3,2025,11
2025-11-06 05:45:00+05:30,330.2231393699,24.1,82.7,2025,11
2025-11-06 06:00:00+05:30,342.6391773370844,24.1,83.3,2025,11
2025-11-06 06:15:00+05:30,352.8393973156629,24.05,84.1,2025,11
2025-11-06 06:30:00+05:30,363.0677733791101,24.0,83.8,2025,11
2025-11-06 06:45:00+05:30,375.4701501361382,24.15,83.0,2025,11
2025-11-06 07:00:00+05:30,390.0816933766541,24.35,82.2,2025,11
2025-11-06 07:15:00+05:30,407.0297216447088,24.7,81.7,2025,11
2025-11-06 07:30:00+05:30,423.2055441349384,25.0,79.8,2025,11
2025-11-06 07:45:00+05:30,441.8452390000464,25.4,78.1,2025,11
2025-11-06 08:00:00+05:30,460.0031166669114,26.2,74.2,2025,11
2025-11-06 08:15:00+05:30,478.0804335026715,27.15,69.7,2025,11
2025-11-06 08:30:00+05:30,495.57908706095,27.55,67.2,2025,11
2025-11-06 08:45:00+05:30,510.6721427612442,28.15,65.4,2025,11
2025-11-06 09:00:00+05:30,524.0682883082324,28.85,62.9,2025,11
2025-11-06 09:15:00+05:30,534.146305042702,29.3,61.6,2025,11
2025-11-06 09:30:00+05:30,542.8787231668766,29.75,60.3,2025,11
2025-11-06 09:45:00+05:30,552.7072925010989,30.45,58.6,2025,11
2025-11-06 10:00:00+05:30,558.1826201378153,30.4,58.4,2025,11
2025-11-06 10:15:00+05:30,565.5986466376125,30.95,57.7,2025,11
2025-11-06 10:30:00+05:30,569.2641200373945,31.45,55.1,2025,11
2025-11-06 10:45:00+05:30,571.1933283258422,31.7,54.2,2025,11
2025-11-06 11:00:00+05:30,570.1003318914806,32.3,53.1,2025,11
2025-11-06 11:15:00+05:30,571.337136086035,32.05,54.2,2025,11
2025-11-06 11:30:00+05:30,569.2629863262518,32.1,55.5,2025,11
2025-11-06 11:45:00+05:30,569.6371904109669,31.9,56.9,2025,11
2025-11-06 12:00:00+05:30,567.7372273688445,32.3,56.1,2025,11
2025-11-06 12:15:00+05:30,568.3883124461832,32.25,56.2,2025,11
2025-11-06 12:30:00+05:30,568.983071831198,32.35,57.1,2025,11
2025-11-06 12:45:00+05:30,568.4633381266614,32.35,57.8,2025,11
2025-11-06 13:00:00+05:30,563.2107379801424,32.55,56.1,2025,11
2025-11-06 13:15:00+05:30,564.6132674875929,32.6,54.8,2025,11
2025-11-06 13:30:00+05:30,562.407815789031,32.5,54.5,2025,11
2025-11-06 13:45:00+05:30,560.7311844927002,32.45,54.5,2025,11
2025-11-06 14:00:00+05:30,565.6971034901651,32.6,53.9,2025,11
2025-11-06 14:15:00+05:30,567.0943050082478,32.3,54.5,2025,11
2025-11-06 14:30:00+05:30,567.0085569433659,32.2,54.5,2025,11
2025-11-06 14:45:00+05:30,570.997673486009,32.45,53.9,2025,11
2025-11-06 15:00:00+05:30,572.2475842623917,31.9,55.1,2025,11
2025-11-06 15:15:00+05:30,573.1868491110071,32.05,54.5,2025,11
2025-11-06 15:30:00+05:30,570.9018517753718,31.6,56.0,2025,11
2025-11-06 15:45:00+05:30,568.7780661058146,31.55,55.7,2025,11
2025-11-06 16:00:00+05:30,572.3207265680529,31.35,57.2,2025,11
2025-11-06 16:15:00+05:30,562.2492219427303,30.9,58.7,2025,11
2025-11-06 16:30:00+05:30,559.1707478817505,30.15,61.5,2025,11
2025-11-06 16:45:00+05:30,552.5571469870546,29.5,64.2,2025,11
2025-11-06 17:00:00+05:30,546.0476577482519,29.2,65.0,2025,11
2025-11-06 17:15:00+05:30,547.620819074454,28.95,66.4,2025,11
2025-11-06 17:30:00+05:30,538.8582799744642,28.6,67.7,2025,11
2025-11-06 17:45:00+05:30,539.2469797795347,28.25,68.0,2025,11
2025-11-06 18:00:00+05:30,538.3973634880255,28.0,68.3,2025,11
2025-11-06 18:15:00+05:30,535.9559368763597,28.05,68.6,2025,11
2025-11-06 18:30:00+05:30,528.3188372675787,27.95,70.3,2025,11
2025-11-06 18:45:00+05:30,518.5303343996862,27.9,70.4,2025,11
2025-11-06 19:00:00+05:30,508.5696054270392,27.8,70.5,2025,11
2025-11-06 19:15:00+05:30,499.5418459462886,27.7,71.7,2025,11
2025-11-06 19:30:00+05:30,490.75090888641694,27.7,73.0,2025,11
2025-11-06 19:45:00+05:30,484.0663775004727,27.65,73.2,2025,11
2025-11-06 20:00:00+05:30,474.3974341718053,27.55,73.0,2025,11
2025-11-06 20:15:00+05:30,468.4916926520278,27.5,73.9,2025,11
2025-11-06 20:30:00+05:30,460.8668041993794,27.5,74.2,2025,11
2025-11-06 20:45:00+05:30,455.93463995530135,27.35,74.7,2025,11
2025-11-06 21:00:00+05:30,449.8312922394652,27.3,74.9,2025,11
2025-11-06 21:15:00+05:30,443.03095910129525,27.35,74.8,2025,11
2025-11-06 21:30:00+05:30,437.87553256313936,27.25,73.0,2025,11
2025-11-06 21:45:00+05:30,432.0029109687377,27.2,71.7,2025,11
2025-11-06 22:00:00+05:30,424.6415088492685,27.1,72.3,2025,11
2025-11-06 22:15:00+05:30,418.1309953165492,27.0,73.3,2025,11
2025-11-06 22:30:00+05:30,413.2491499950596,26.9,74.1,2025,11
2025-11-06 22:45:00+05:30,407.9473876823959,26.8,74.9,2025,11
2025-11-06 23:00:00+05:30,402.10823961039534,26.75,75.4,2025,11
2025-11-06 23:15:00+05:30,394.689973787884,26.7,75.5,2025,11
2025-11-06 23:30:00+05:30,384.00307250857946,26.65,75.9,2025,11
2025-11-06 23:45:00+05:30,376.83165030699377,26.6,76.6,2025,11
2025-11-07 00:00:00+05:30,371.751196039288,26.55,78.0,2025,11
2025-11-07 00:15:00+05:30,364.2613376185911,26.55,77.0,2025,11
2025-11-07 00:30:00+05:30,356.6912529882051,26.450000000000003,76.4,2025,11
2025-11-07 00:45:00+05:30,349.5233543573381,26.35,76.4,2025,11
2025-11-07 01:00:00+05:30,344.50695001237426,26.25,77.6,2025,11
2025-11-07 01:15:00+05:30,342.0609162091736,26.05,78.5,2025,11
2025-11-07 01:30:00+05:30,339.1449877605718,25.95,79.2,2025,11
2025-11-07 01:45:00+05:30,334.7385525874143,26.0,79.6,2025,11
2025-11-07 02:00:00+05:30,330.7591630712486,26.0,81.4,2025,11
2025-11-07 02:15:00+05:30,329.0977337564471,26.05,82.2,2025,11
2025-11-07 02:30:00+05:30,325.6527436708716,26.05,82.7,2025,11
2025-11-07 02:45:00+05:30,323.7947734532546,26.0,82.8,2025,11
2025-11-07 03:00:00+05:30,321.4380541393035,25.95,82.2,2025,11
2025-11-07 03:15:00+05:30,319.3662965375638,25.95,81.3,2025,11
2025-11-07 03:30:00+05:30,316.23549027937787,25.95,80.2,2025,11
2025-11-07 03:45:00+05:30,313.8428836182119,25.95,80.2,2025,11
2025-11-07 04:00:00+05:30,312.7007688011627,25.950000000000003,79.7,2025,11
2025-11-07 04:15:00+05:30,312.10827814537674,25.950000000000003,80.0,2025,11
2025-11-07 04:30:00+05:30,314.08199084609737,25.9,80.3,2025,11
2025-11-07 04:45:00+05:30,318.5749544427514,25.75,81.1,2025,11
2025-11-07 05:00:00+05:30,322.7373337598558,25.7,81.7,2025,11
2025-11-07 05:15:00+05:30,326.19392845033923,25.7,82.3,2025,11
2025-11-07 05:30:00+05:30,332.91452215584246,25.65,82.5,2025,11
2025-11-07 05:45:00+05:30,338.96779215136047,25.6,82.8,2025,11
2025-11-07 06:00:00+05:30,349.5769104580881,25.5,84.1,2025,11
2025-11-07 06:15:00+05:30,357.9253879625251,25.45,84.3,2025,11
2025-11-07 06:30:00+05:30,372.2719321607584,25.35,85.2,2025,11
2025-11-07 06:45:00+05:30,387.4219119663831,25.45,85.9,2025,11
2025-11-07 07:00:00+05:30,400.6076661127285,25.6,86.2,2025,11
2025-11-07 07:15:00+05:30,411.866714419283,25.65,86.5,2025,11
2025-11-07 07:30:00+05:30,428.6135794977055,25.85,85.5,2025,11
2025-11-07 07:45:00+05:30,448.22371055561086,26.05,85.4,2025,11
2025-11-07 08:00:00+05:30,467.2434724314099,26.2,86.0,2025,11
2025-11-07 08:15:00+05:30,486.2721444782018,26.5,85.4,2025,11
2025-11-07 08:30:00+05:30,503.959306397808,26.85,84.7,2025,11
2025-11-07 08:45:00+05:30,518.1877065967886,27.35,83.4,2025,11
2025-11-07 09:00:00+05:30,536.0341628623452,27.700000000000003,81.2,2025,11
2025-11-07 09:15:00+05:30,546.5283251343031,28.25,78.2,2025,11
2025-11-07 09:30:00+05:30,554.968372764974,29.450000000000003,69.3,2025,11
2025-11-07 09:45:00+05:30,563.7717789943084,30.85,62.2,2025,11
2025-11-07 10:00:00+05:30,567.8568196334118,31.7,54.7,2025,11
2025-11-07 10:15:00+05:30,574.3095899967121,32.1,50.6,2025,11
2025-11-07 10:30:00+05:30,573.7327846640296,32.3,48.4,2025,11
2025-11-07 10:45:00+05:30,575.5822775718874,32.75,43.2,2025,11
2025-11-07 11:00:00+05:30,579.29445042439,33.55,39.7,2025,11
2025-11-07 11:15:00+05:30,576.5143783297461,34.15,39.4,2025,11
2025-11-07 11:30:00+05:30,570.7081211756455,34.35,39.4,2025,11
2025-11-07 11:45:00+05:30,567.6194970154847,34.25,38.6,2025,11
2025-11-07 12:00:00+05:30,569.6157827746932,34.35,37.8,2025,11
2025-11-07 12:15:00+05:30,566.2736525676443,34.5,38.0,2025,11
2025-11-07 12:30:00+05:30,567.8665186287897,34.849999999999994,36.4,2025,11
2025-11-07 12:45:00+05:30,566.5608890229332,35.0,34.6,2025,11
2025-11-07 13:00:00+05:30,564.6951758685725,35.2,38.4,2025,11
2025-11-07 13:15:00+05:30,563.5675354330109,34.9,39.8,2025,11
2025-11-07 13:30:00+05:30,563.3011837813838,35.0,39.2,2025,11
2025-11-07 13:45:00+05:30,566.1926181250714,34.65,40.8,2025,11
2025-11-07 14:00:00+05:30,568.5037126140658,34.25,40.2,2025,11
2025-11-07 14:15:00+05:30,573.5075911163912,34.1,41.7,2025,11
2025-11-07 14:30:00+05:30,570.9086156371135,33.849999999999994,41.6,2025,11
2025-11-07 14:45:00+05:30,573.359137360757,34.1,41.0,2025,11
2025-11-07 15:00:00+05:30,574.7954748384457,34.05,41.1,2025,11
2025-11-07 15:15:00+05:30,571.7325131742246,34.3,41.0,2025,11
2025-11-07 15:30:00+05:30,574.2233998290184,33.95,42.1,2025,11
2025-11-07 15:45:00+05:30,569.6509836876836,33.8,44.2,2025,11
2025-11-07 16:00:00+05:30,570.726675970758,33.15,43.5,2025,11
2025-11-07 16:15:00+05:30,564.0482683057056,32.5,48.5,2025,11
2025-11-07 16:30:00+05:30,567.8526938708973,31.55,55.0,2025,11
2025-11-07 16:45:00+05:30,555.5874589580064,30.75,57.5,2025,11
2025-11-07 17:00:00+05:30,550.53104826454,30.3,57.6,2025,11
2025-11-07 17:15:00+05:30,548.4775649978646,29.95,60.2,2025,11
2025-11-07 17:30:00+05:30,540.5002539912141,29.65,59.4,2025,11
2025-11-07 17:45:00+05:30,537.4507747917464,29.15,56.8,2025,11
2025-11-07 18:00:00+05:30,533.1333006263873,28.9,57.5,2025,11
2025-11-07 18:15:00+05:30,532.3653615982167,28.700000000000003,59.9,2025,11
2025-11-07 18:30:00+05:30,522.5542806640337,28.5,59.6,2025,11
2025-11-07 18:45:00+05:30,514.0099222935396,28.35,59.9,2025,11
2025-11-07 19:00:00+05:30,503.1714064003447,28.200000000000003,58.8,2025,11
2025-11-07 19:15:00+05:30,496.7446741977525,28.0,60.5,2025,11
2025-11-07 19:30:00+05:30,486.929238695499,27.95,62.4,2025,11
2025-11-07 19:45:00+05:30,478.6552477955821,27.85,63.2,2025,11
2025-11-07 20:00:00+05:30,470.4777892517285,27.8,63.1,2025,11
2025-11-07 20:15:00+05:30,464.19320848901134,27.75,64.8,2025,11
2025-11-07 20:30:00+05:30,456.6252905257846,27.55,65.7,2025,11
2025-11-07 20:45:00+05:30,451.11953527656624,27.4,64.6,2025,11
2025-11-07 21:00:00+05:30,442.88064462317607,27.15,63.1,2025,11
2025-11-07 21:15:00+05:30,435.85565706657087,26.95,63.7,2025,11
2025-11-07 21:30:00+05:30,432.10186384594607,26.8,63.9,2025,11
2025-11-07 21:45:00+05:30,425.3038353927938,26.6,63.0,2025,11
2025-11-07 22:00:00+05:30,415.9916906408328,26.5,62.5,2025,11
2025-11-07 22:15:00+05:30,409.1260187067997,26.45,62.5,2025,11
2025-11-07 22:30:00+05:30,403.88933176100215,26.35,64.4,2025,11
2025-11-07 22:45:00+05:30,397.2668848004703,26.25,66.0,2025,11
2025-11-07 23:00:00+05:30,391.802027158792,26.2,66.9,2025,11
2025-11-07 23:15:00+05:30,384.7330510831633,26.25,67.5,2025,11
2025-11-07 23:30:00+05:30,378.95411795247566,26.2,68.8,2025,11
2025-11-07 23:45:00+05:30,373.16784730289135,26.3,70.9,2025,11
2025-11-08 00:00:00+05:30,368.8890342502872,26.25,69.6,2025,11
2025-11-08 00:15:00+05:30,365.7974435410918,26.25,69.3,2025,11
2025-11-08 00:30:00+05:30,358.5456885359173,26.15,68.2,2025,11
2025-11-08 00:45:00+05:30,351.5623398832517,26.15,69.1,2025,11
2025-11-08 01:00:00+05:30,345.5740149042903,26.1,70.5,2025,11
2025-11-08 01:15:00+05:30,343.1005259404182,26.0,69.8,2025,11
2025-11-08 01:30:00+05:30,337.09844257878376,25.9,64.0,2025,11
2025-11-08 01:45:00+05:30,334.6235071511488,25.85,61.7,2025,11
2025-11-08 02:00:00+05:30,329.79439418374284,25.75,63.7,2025,11
2025-11-08 02:15:00+05:30,326.57188178645384,25.65,65.8,2025,11
2025-11-08 02:30:00+05:30,324.1547401682027,25.55,63.7,2025,11
2025-11-08 02:45:00+05:30,321.5555100233665,25.5,62.5,2025,11
2025-11-08 03:00:00+05:30,317.59996403971303,25.450000000000003,63.0,2025,11
2025-11-08 03:15:00+05:30,314.4432660156067,25.3,63.0,2025,11
2025-11-08 03:30:00+05:30,310.04257388971644,25.25,64.6,2025,11
2025-11-08 03:45:00+05:30,306.24280475819336,25.05,66.6,2025,11
2025-11-08 04:00:00+05:30,304.57174653366764,25.0,67.3,2025,11
2025-11-08 04:15:00+05:30,305.7437117517065,24.85,67.6,2025,11
2025-11-08 04:30:00+05:30,307.63584441309627,24.85,68.7,2025,11
2025-11-08 04:45:00+05:30,310.51098913849177,24.65,69.9,2025,11
2025-11-08 05:00:00+05:30,313.8467958098552,24.5,71.4,2025,11
2025-11-08 05:15:00+05:30,314.5286408198805,24.35,72.1,2025,11
2025-11-08 05:30:00+05:30,316.12861387846266,24.35,73.0,2025,11
2025-11-08 05:45:00+05:30,320.63880283637866,24.25,74.4,2025,11
2025-11-08 06:00:00+05:30,327.3214545538223,24.2,74.8,2025,11
2025-11-08 06:15:00+05:30,331.79943066775513,24.1,75.2,2025,11
2025-11-08 06:30:00+05:30,340.5333809351556,24.05,75.2,2025,11
2025-11-08 06:45:00+05:30,344.3038178176506,24.0,75.1,2025,11
2025-11-08 07:00:00+05:30,348.0365043826598,24.1,75.2,2025,11
2025-11-08 07:15:00+05:30,356.53922477389847,24.3,75.8,2025,11
2025-11-08 07:30:00+05:30,362.31420908539815,24.55,77.3,2025,11
2025-11-08 07:45:00+05:30,371.0712104527345,25.05,75.4,2025,11
2025-11-08 08:00:00+05:30,388.16280882594697,26.450000000000003,68.5,2025,11
2025-11-08 08:15:00+05:30,400.7663239298432,27.4,65.5,2025,11
2025-11-08 08:30:00+05:30,412.3883485920968,28.3,62.4,2025,11
2025-11-08 08:45:00+05:30,423.48996176197113,29.1,57.5,2025,11
2025-11-08 09:00:00+05:30,434.9333625309217,29.55,56.9,2025,11
2025-11-08 09:15:00+05:30,447.0062469941344,30.1,55.7,2025,11
2025-11-08 09:30:00+05:30,455.0446314407107,30.8,52.2,2025,11
2025-11-08 09:45:00+05:30,462.5724728153888,31.45,48.4,2025,11
2025-11-08 10:00:00+05:30,470.649453527492,32.25,45.7,2025,11
2025-11-08 10:15:00+05:30,476.3394247938122,32.7,44.0,2025,11
2025-11-08 10:30:00+05:30,477.33693470611394,33.15,44.3,2025,11
2025-11-08 10:45:00+05:30,484.9136414438356,33.55,41.8,2025,11
2025-11-08 11:00:00+05:30,484.27046749801127,33.900000000000006,38.8,2025,11
2025-11-08 11:15:00+05:30,486.2771720840705,34.0,37.0,2025,11
2025-11-08 11:30:00+05:30,484.4436502670265,33.95,38.1,2025,11
2025-11-08 11:45:00+05:30,484.8488078689338,34.7,36.3,2025,11
2025-11-08 12:00:00+05:30,481.85135298265874,34.65,42.1,2025,11
2025-11-08 12:15:00+05:30,480.5474185508161,34.3,45.8,2025,11
2025-11-08 12:30:00+05:30,479.02345048307455,34.1,45.6,2025,11
2025-11-08 12:45:00+05:30,477.6745529088848,34.25,44.0,2025,11
2025-11-08 13:00:00+05:30,475.1602408576274,34.3,45.4,2025,11
2025-11-08 13:15:00+05:30,472.8807275508155,34.3,45.6,2025,11
2025-11-08 13:30:00+05:30,473.05616891591865,34.3,45.9,2025,11
2025-11-08 13:45:00+05:30,474.1684411674118,34.099999999999994,45.1,2025,11
2025-11-08 14:00:00+05:30,474.9065279381617,34.05,45.9,2025,11
2025-11-08 14:15:00+05:30,478.84213178093626,34.0,48.0,2025,11
2025-11-08 14:30:00+05:30,478.6138322064048,34.1,47.4,2025,11
2025-11-08 14:45:00+05:30,476.2177079909111,34.099999999999994,46.3,2025,11
2025-11-08 15:00:00+05:30,475.132542298586,34.35,44.7,2025,11
2025-11-08 15:15:00+05:30,473.73646623113103,34.75,43.9,2025,11
2025-11-08 15:30:00+05:30,474.8607785658536,34.7,44.2,2025,11
2025-11-08 15:45:00+05:30,476.2893427454251,34.95,43.9,2025,11
2025-11-08 16:00:00+05:30,478.23115821552506,34.6,43.7,2025,11
2025-11-08 16:15:00+05:30,476.2464703074164,33.45,47.7,2025,11
2025-11-08 16:30:00+05:30,475.7956062091774,32.05,52.5,2025,11
2025-11-08 16:45:00+05:30,473.2846101835167,31.15,56.6,2025,11
2025-11-08 17:00:00+05:30,471.32951419952633,30.6,59.2,2025,11
2025-11-08 17:15:00+05:30,465.86316548377016,29.950000000000003,60.5,2025,11
2025-11-08 17:30:00+05:30,465.5350500102674,29.450000000000003,61.8,2025,11
2025-11-08 17:45:00+05:30,466.3755622855784,28.950000000000003,62.4,2025,11
2025-11-08 18:00:00+05:30,469.3352434217316,28.5,64.2,2025,11
2025-11-08 18:15:00+05:30,470.91258651719886,28.200000000000003,65.0,2025,11
2025-11-08 18:30:00+05:30,467.5199614308035,28.05,66.4,2025,11
2025-11-08 18:45:00+05:30,460.7884762585368,27.85,68.4,2025,11
2025-11-08 19:00:00+05:30,455.78797957822826,27.75,69.1,2025,11
2025-11-08 19:15:00+05:30,450.39807985628096,27.6,69.8,2025,11
2025-11-08 19:30:00+05:30,446.9465724090423,27.4,70.5,2025,11
2025-11-08 19:45:00+05:30,438.15525656583736,27.200000000000003,70.9,2025,11
2025-11-08 20:00:00+05:30,433.6933530512962,27.200000000000003,71.8,2025,11
2025-11-08 20:15:00+05:30,429.8739215280998,27.0,69.8,2025,11
2025-11-08 20:30:00+05:30,423.96512434152913,26.8,69.3,2025,11
2025-11-08 20:45:00+05:30,422.8240744957316,26.65,70.3,2025,11
2025-11-08 21:00:00+05:30,419.1399401090798,26.55,72.3,2025,11
2025-11-08 21:15:00+05:30,415.9158295887509,26.45,72.7,2025,11
2025-11-08 21:30:00+05:30,411.1842149095506,26.35,73.3,2025,11
2025-11-08 21:45:00+05:30,404.302376021288,26.25,77.5,2025,11
2025-11-08 22:00:00+05:30,396.35934784801657,26.05,78.6,2025,11
2025-11-08 22:15:00+05:30,393.0500504789104,25.95,76.2,2025,11
2025-11-08 22:30:00+05:30,386.3336876668887,25.85,71.6,2025,11
2025-11-08 22:45:00+05:30,381.3888063908591,25.75,68.5,2025,11
2025-11-08 23:00:00+05:30,373.3078676185229,25.6,70.1,2025,11
2025-11-08 23:15:00+05:30,365.5458826250828,25.6,70.7,2025,11
2025-11-08 23:30:00+05:30,360.5559972902113,25.55,69.4,2025,11
2025-11-08 23:45:00+05:30,355.47176508891664,25.4,68.8,2025,11
2025-11-09 00:00:00+05:30,349.8499058467692,25.15,66.8,2025,11
2025-11-09 00:15:00+05:30,344.6642773747634,25.0,67.6,2025,11
2025-11-09 00:30:00+05:30,339.26800726475904,24.9,66.8,2025,11
2025-11-09 00:45:00+05:30,334.5397870042874,24.75,66.8,2025,11
2025-11-09 01:00:00+05:30,329.03650782406453,24.7,67.1,2025,11
2025-11-09 01:15:00+05:30,324.21451343389407,24.5,65.6,2025,11
2025-11-09 01:30:00+05:30,321.15279056098564,24.35,69.6,2025,11
2025-11-09 01:45:00+05:30,318.9458059120723,24.25,71.7,2025,11
2025-11-09 02:00:00+05:30,316.4252955228762,24.25,72.8,2025,11
2025-11-09 02:15:00+05:30,314.59256771332707,24.1,73.2,2025,11
2025-11-09 02:30:00+05:30,314.05601190647764,23.95,74.4,2025,11
2025-11-09 02:45:00+05:30,310.6231649241189,24.0,74.6,2025,11
2025-11-09 03:00:00+05:30,307.2656133058331,24.0,74.6,2025,11
2025-11-09 03:15:00+05:30,303.53889104280137,23.9,74.4,2025,11
2025-11-09 03:30:00+05:30,301.30787224217494,23.85,73.6,2025,11
2025-11-09 03:45:00+05:30,296.9039982877776,23.700000000000003,72.7,2025,11
2025-11-09 04:00:00+05:30,294.296454741056,23.6,72.6,2025,11
2025-11-09 04:15:00+05:30,295.00280919127124,23.450000000000003,73.0,2025,11
2025-11-09 04:30:00+05:30,296.3971949754853,23.4,73.9,2025,11
2025-11-09 04:45:00+05:30,296.1875179505075,23.3,74.0,2025,11
2025-11-09 05:00:00+05:30,298.2857681977406,23.3,74.4,2025,11
2025-11-09 05:15:00+05:30,301.9530429827734,23.200000000000003,75.4,2025,11
2025-11-09 05:30:00+05:30,302.7938267490702,23.05,75.4,2025,11
2025-11-09 05:45:00+05:30,304.38519093716934,23.0,75.6,2025,11
2025-11-09 06:00:00+05:30,308.8203147706349,23.05,75.7,2025,11
2025-11-09 06:15:00+05:30,311.6844154354805,23.0,74.1,2025,11
2025-11-09 06:30:00+05:30,311.33883669724327,23.05,71.0,2025,11
2025-11-09 06:45:00+05:30,314.33988005508525,23.05,69.4,2025,11
2025-11-09 07:00:00+05:30,318.56680740862214,23.25,68.5,2025,11
2025-11-09 07:15:00+05:30,322.6060806810195,23.6,71.7,2025,11
2025-11-09 07:30:00+05:30,327.85702487879814,23.85,73.0,2025,11
2025-11-09 07:45:00+05:30,333.0206653091503,24.4,69.5,2025,11
2025-11-09 08:00:00+05:30,339.24463477855244,25.950000000000003,61.3,2025,11
2025-11-09 08:15:00+05:30,347.14634062538926,26.95,56.5,2025,11
2025-11-09 08:30:00+05:30,353.9544843163873,28.0,53.7,2025,11
2025-11-09 08:45:00+05:30,359.1128168784902,28.65,49.6,2025,11
2025-11-09 09:00:00+05:30,362.2446471708615,29.1,49.4,2025,11
2025-11-09 09:15:00+05:30,366.8512546745516,29.95,45.5,2025,11
2025-11-09 09:30:00+05:30,371.8618211760758,30.8,44.2,2025,11
2025-11-09 09:45:00+05:30,375.32664861323406,31.35,43.1,2025,11
2025-11-09 10:00:00+05:30,379.8784716804535,31.75,41.2,2025,11
2025-11-09 10:15:00+05:30,384.1311688906528,32.15,41.0,2025,11
2025-11-09 10:30:00+05:30,389.8904887840718,32.3,41.1,2025,11
2025-11-09 10:45:00+05:30,392.84936142944906,33.15,39.6,2025,11
2025-11-09 11:00:00+05:30,393.59168376611393,33.45,40.4,2025,11
2025-11-09 11:15:00+05:30,395.78944393059646,33.2,41.1,2025,11
2025-11-09 11:30:00+05:30,398.8242544176228,33.0,40.2,2025,11
2025-11-09 11:45:00+05:30,398.54504107302216,32.75,42.3,2025,11
2025-11-09 12:00:00+05:30,398.2159336682032,33.0,43.3,2025,11
2025-11-09 12:15:00+05:30,399.4199675595766,32.85,44.3,2025,11
2025-11-09 12:30:00+05:30,396.4898351600274,33.0,41.5,2025,11
2025-11-09 12:45:00+05:30,393.414935068204,33.35,36.9,2025,11
2025-11-09 13:00:00+05:30,390.0774398977925,33.75,35.4,2025,11
2025-11-09 13:15:00+05:30,386.69422895840137,33.7,34.8,2025,11
2025-11-09 13:30:00+05:30,386.2261360808594,34.3,33.2,2025,11
2025-11-09 13:45:00+05:30,385.3033871244012,33.95,28.4,2025,11
2025-11-09 14:00:00+05:30,384.5801237389509,33.9,29.4,2025,11
2025-11-09 14:15:00+05:30,384.380416209163,34.0,29.3,2025,11
2025-11-09 14:30:00+05:30,383.5557789747018,34.0,28.8,2025,11
2025-11-09 14:45:00+05:30,383.8002517312621,34.2,26.7,2025,11
2025-11-09 15:00:00+05:30,384.1088563762809,34.900000000000006,23.4,2025,11
2025-11-09 15:15:00+05:30,384.54069856373553,35.150000000000006,22.4,2025,11
2025-11-09 15:30:00+05:30,384.1734765226456,35.45,23.5,2025,11
2025-11-09 15:45:00+05:30,383.55230655949,35.5,24.4,2025,11
2025-11-09 16:00:00+05:30,381.8285068097836,34.95,24.1,2025,11
2025-11-09 16:15:00+05:30,381.5518690205454,33.8,26.6,2025,11
2025-11-09 16:30:00+05:30,381.6972996025081,31.85,31.3,2025,11
2025-11-09 16:45:00+05:30,379.6157185816903,30.85,34.0,2025,11
2025-11-09 17:00:00+05:30,379.2886197866998,29.8,38.4,2025,11
2025-11-09 17:15:00+05:30,382.10291526613247,29.0,41.5,2025,11
2025-11-09 17:30:00+05:30,382.1834859616362,28.4,42.4,2025,11
2025-11-09 17:45:00+05:30,383.2334907520688,27.75,48.5,2025,11
2025-11-09 18:00:00+05:30,392.61834669337895,27.4,48.9,2025,11
2025-11-09 18:15:00+05:30,393.7527507335207,27.2,51.2,2025,11
2025-11-09 18:30:00+05:30,393.0362300796251,27.05,53.8,2025,11
2025-11-09 18:45:00+05:30,393.6644034918285,26.85,52.4,2025,11
2025-11-09 19:00:00+05:30,392.2978461284538,26.700000000000003,53.4,2025,11
2025-11-09 19:15:00+05:30,389.8538715225562,26.55,55.5,2025,11
2025-11-09 19:30:00+05:30,388.782022773366,26.450000000000003,56.9,2025,11
2025-11-09 19:45:00+05:30,389.1082194631533,26.35,56.9,2025,11
2025-11-09 20:00:00+05:30,386.9411538164396,26.200000000000003,57.8,2025,11
2025-11-09 20:15:00+05:30,385.47378322166907,26.1,58.1,2025,11
2025-11-09 20:30:00+05:30,380.51347630396936,25.950000000000003,59.1,2025,11
2025-11-09 20:45:00+05:30,381.2764315535872,25.8,58.7,2025,11
2025-11-09 21:00:00+05:30,378.8937417557353,25.65,57.8,2025,11
2025-11-09 21:15:00+05:30,378.991213326424,25.6,59.4,2025,11
2025-11-09 21:30:00+05:30,378.9390555716077,25.4,59.4,2025,11
2025-11-09 21:45:00+05:30,376.4342129942761,25.25,60.5,2025,11
2025-11-09 22:00:00+05:30,369.4954437800935,25.1,61.7,2025,11
2025-11-09 22:15:00+05:30,365.3926895420855,24.95,62.5,2025,11
2025-11-09 22:30:00+05:30,359.0071274560996,24.75,63.3,2025,11
2025-11-09 22:45:00+05:30,355.8436584080232,24.65,64.2,2025,11
2025-11-09 23:00:00+05:30,350.7954553162361,24.55,64.9,2025,11
2025-11-09 23:15:00+05:30,346.0388509334427,24.4,65.3,2025,11
2025-11-09 23:30:00+05:30,340.3803434596747,24.4,64.9,2025,11
2025-11-09 23:45:00+05:30,336.1679736392705,24.3,65.6,2025,11
2025-11-10 00:00:00+05:30,331.6255397959244,24.200000000000003,66.3,2025,11
2025-11-10 00:15:00+05:30,326.209420751408,24.05,67.8,2025,11
2025-11-10 00:30:00+05:30,317.7270951004525,23.9,68.8,2025,11
2025-11-10 00:45:00+05:30,313.31388473766685,23.85,70.4,2025,11
2025-11-10 01:00:00+05:30,310.2527241618248,23.75,71.7,2025,11
2025-11-10 01:15:00+05:30,308.65704529897783,23.7,71.7,2025,11
2025-11-10 01:30:00+05:30,305.11183223364026,23.6,72.4,2025,11
2025-11-10 01:45:00+05:30,302.30784967985164,23.55,73.6,2025,11
2025-11-10 02:00:00+05:30,298.5951561935965,23.4,74.0,2025,11
2025-11-10 02:15:00+05:30,294.92271031091127,23.4,74.2,2025,11
2025-11-10 02:30:00+05:30,292.84138792907555,23.35,73.5,2025,11
2025-11-10 02:45:00+05:30,289.959294035121,23.25,73.2,2025,11
2025-11-10 03:00:00+05:30,288.89192542124914,23.15,72.8,2025,11
2025-11-10 03:15:00+05:30,286.3968093762563,23.0,73.0,2025,11
2025-11-10 03:30:00+05:30,283.323410730395,23.0,73.2,2025,11
2025-11-10 03:45:00+05:30,281.78098851231897,22.95,71.7,2025,11
2025-11-10 04:00:00+05:30,281.85397856843235,22.85,71.5,2025,11
2025-11-10 04:15:00+05:30,283.7414897493357,22.75,73.5,2025,11
2025-11-10 04:30:00+05:30,286.4962899859452,22.75,73.1,2025,11
2025-11-10 04:45:00+05:30,287.47578207534167,22.7,72.4,2025,11
2025-11-10 05:00:00+05:30,290.1184864464218,22.6,72.2,2025,11
2025-11-10 05:15:00+05:30,294.081156254262,22.5,72.8,2025,11
2025-11-10 05:30:00+05:30,300.34288346948296,22.4,74.1,2025,11
2025-11-10 05:45:00+05:30,308.45698978207565,22.4,74.1,2025,11
2025-11-10 06:00:00+05:30,318.971115930294,22.35,74.3,2025,11
2025-11-10 06:15:00+05:30,327.16805985681424,22.25,75.1,2025,11
2025-11-10 06:30:00+05:30,344.05215254368966,22.200000000000003,73.6,2025,11
2025-11-10 06:45:00+05:30,356.4159865561383,22.200000000000003,72.1,2025,11
2025-11-10 07:00:00+05:30,372.3882965343048,22.3,71.0,2025,11
2025-11-10 07:15:00+05:30,385.5689912222272,22.6,73.0,2025,11
2025-11-10 07:30:00+05:30,399.8911083276824,22.85,74.7,2025,11
2025-11-10 07:45:00+05:30,418.4161107544104,23.15,72.7,2025,11
2025-11-10 08:00:00+05:30,435.2840472991563,24.450000000000003,66.3,2025,11
2025-11-10 08:15:00+05:30,456.1026478722532,25.35,60.5,2025,11
2025-11-10 08:30:00+05:30,473.5290085519623,26.5,54.8,2025,11
2025-11-10 08:45:00+05:30,485.4650936256169,27.3,52.4,2025,11
2025-11-10 09:00:00+05:30,496.9678536494092,28.05,50.6,2025,11
2025-11-10 09:15:00+05:30,509.05166443616537,28.3,48.4,2025,11
2025-11-10 09:30:00+05:30,514.6105177185312,28.65,46.2,2025,11
2025-11-10 09:45:00+05:30,521.5172677801093,29.4,43.5,2025,11
2025-11-10 10:00:00+05:30,529.9199907305097,30.35,41.0,2025,11
2025-11-10 10:15:00+05:30,536.5280096811499,30.4,39.4,2025,11
2025-11-10 10:30:00+05:30,538.3393119952616,31.0,38.4,2025,11
2025-11-10 10:45:00+05:30,542.9008846467073,31.65,36.4,2025,11
2025-11-10 11:00:00+05:30,541.3930224775969,31.6,38.0,2025,11
2025-11-10 11:15:00+05:30,538.766696948411,32.05,37.2,2025,11
2025-11-10 11:30:00+05:30,536.7035167358928,32.2,37.2,2025,11
2025-11-10 11:45:00+05:30,533.3516727267261,32.15,37.5,2025,11
2025-11-10 12:00:00+05:30,534.7266580716341,32.3,38.4,2025,11
2025-11-10 12:15:00+05:30,535.6215861773793,32.6,39.9,2025,11
2025-11-10 12:30:00+05:30,533.294335351346,32.75,38.6,2025,11
2025-11-10 12:45:00+05:30,532.1856276169235,33.15,36.0,2025,11
2025-11-10 13:00:00+05:30,523.7196366073891,33.7,32.6,2025,11
2025-11-10 13:15:00+05:30,525.1770607268548,33.85,30.2,2025,11
2025-11-10 13:30:00+05:30,522.6706837487105,33.55,27.2,2025,11
2025-11-10 13:45:00+05:30,528.0532784167374,33.6,26.8,2025,11
2025-11-10 14:00:00+05:30,529.1080830090151,33.7,28.7,2025,11
2025-11-10 14:15:00+05:30,526.696221449829,33.4,37.2,2025,11
2025-11-10 14:30:00+05:30,528.2867961059385,33.2,37.5,2025,11
2025-11-10 14:45:00+05:30,532.542817769448,33.65,35.1,2025,11
2025-11-10 15:00:00+05:30,532.5127603942852,33.95,35.2,2025,11
2025-11-10 15:15:00+05:30,531.1495513345309,34.45,33.6,2025,11
2025-11-10 15:30:00+05:30,529.6703044515635,34.4,33.0,2025,11
2025-11-10 15:45:00+05:30,532.8303545686035,34.45,34.0,2025,11
2025-11-10 16:00:00+05:30,533.3354760460786,33.849999999999994,35.3,2025,11
2025-11-10 16:15:00+05:30,529.6446967973214,32.9,35.4,2025,11
2025-11-10 16:30:00+05:30,526.6832467186396,31.2,40.7,2025,11
2025-11-10 16:45:00+05:30,522.8046060073578,30.1,41.7,2025,11
2025-11-10 17:00:00+05:30,519.9579776506707,29.450000000000003,44.2,2025,11
2025-11-10 17:15:00+05:30,513.4825266162894,28.9,46.8,2025,11
2025-11-10 17:30:00+05:30,507.461913816818,28.5,47.0,2025,11
2025-11-10 17:45:00+05:30,509.0987931981476,27.950000000000003,47.3,2025,11
2025-11-10 18:00:00+05:30,511.2258430987705,27.55,48.9,2025,11
2025-11-10 18:15:00+05:30,509.6117709721199,27.15,50.7,2025,11
2025-11-10 18:30:00+05:30,503.8223487793525,26.95,50.6,2025,11
2025-11-10 18:45:00+05:30,497.86223388317137,26.75,50.9,2025,11
2025-11-10 19:00:00+05:30,488.7467960637011,26.55,52.7,2025,11
2025-11-10 19:15:00+05:30,477.9484146313145,26.5,54.3,2025,11
2025-11-10 19:30:00+05:30,468.4536998577862,26.35,55.3,2025,11
2025-11-10 19:45:00+05:30,459.3370667620011,25.95,58.5,2025,11
2025-11-10 20:00:00+05:30,449.6432130743441,25.8,59.9,2025,11
2025-11-10 20:15:00+05:30,445.0140397116068,25.65,60.7,2025,11
2025-11-10 20:30:00+05:30,438.16017711667774,25.45,61.3,2025,11
2025-11-10 20:45:00+05:30,437.91366565574754,25.3,61.9,2025,11
2025-11-10 21:00:00+05:30,431.730938739821,25.15,62.5,2025,11
2025-11-10 21:15:00+05:30,426.13016329063,25.1,63.0,2025,11
2025-11-10 21:30:00+05:30,421.7277593629635,25.0,64.5,2025,11
2025-11-10 21:45:00+05:30,411.7430599665432,24.85,64.9,2025,11
2025-11-10 22:00:00+05:30,404.8263198900896,24.700000000000003,65.2,2025,11
2025-11-10 22:15:00+05:30,397.49384531752287,24.6,64.8,2025,11
2025-11-10 22:30:00+05:30,394.40985429826,24.6,66.8,2025,11
2025-11-10 22:45:00+05:30,386.5750928971353,24.6,69.6,2025,11
2025-11-10 23:00:00+05:30,378.5167256591623,24.55,70.5,2025,11
2025-11-10 23:15:00+05:30,369.3802842409598,24.55,71.0,2025,11
2025-11-10 23:30:00+05:30,362.6862822018689,24.35,71.5,2025,11
2025-11-10 23:45:00+05:30,355.17585519106626,24.35,71.1,2025,11
2025-11-11 00:00:00+05:30,345.192490680318,24.35,71.6,2025,11
2025-11-11 00:15:00+05:30,338.19727225284856,24.35,72.2,2025,11
2025-11-11 00:30:00+05:30,332.6556057528808,24.3,73.1,2025,11
2025-11-11 00:45:00+05:30,328.8756083989388,24.25,73.1,2025,11
2025-11-11 01:00:00+05:30,323.52015810331613,24.15,73.2,2025,11
2025-11-11 01:15:00+05:30,319.86244455326846,24.05,74.4,2025,11
2025-11-11 01:30:00+05:30,318.4402401182588,23.95,74.8,2025,11
2025-11-11 01:45:00+05:30,316.4245597146175,23.75,75.4,2025,11
2025-11-11 02:00:00+05:30,313.8760208401586,23.6,75.8,2025,11
2025-11-11 02:15:00+05:30,310.1405577258224,23.5,75.2,2025,11
2025-11-11 02:30:00+05:30,305.93457252740666,23.4,73.6,2025,11
2025-11-11 02:45:00+05:30,304.58122032352384,23.4,71.9,2025,11
2025-11-11 03:00:00+05:30,302.47445958223443,23.35,71.5,2025,11
2025-11-11 03:15:00+05:30,301.44358797315374,23.25,74.3,2025,11
2025-11-11 03:30:00+05:30,293.94599063018507,23.200000000000003,75.5,2025,11
2025-11-11 03:45:00+05:30,292.47718153707115,23.15,75.5,2025,11
2025-11-11 04:00:00+05:30,293.0928853763379,23.15,75.7,2025,11
2025-11-11 04:15:00+05:30,293.82427032832885,23.15,76.7,2025,11
2025-11-11 04:30:00+05:30,295.54446747166617,23.1,75.4,2025,11
2025-11-11 04:45:00+05:30,298.0154890164943,23.1,75.4,2025,11
2025-11-11 05:00:00+05:30,299.3919710003885,23.1,75.9,2025,11
2025-11-11 05:15:00+05:30,301.7332045307493,23.0,76.6,2025,11
2025-11-11 05:30:00+05:30,309.5419460491412,22.85,77.3,2025,11
2025-11-11 05:45:00+05:30,316.48295340509884,22.7,76.2,2025,11
2025-11-11 06:00:00+05:30,328.7347398065004,22.6,76.0,2025,11
2025-11-11 06:15:00+05:30,336.56283556531287,22.5,76.2,2025,11
2025-11-11 06:30:00+05:30,348.4407443390032,22.55,75.2,2025,11
2025-11-11 06:45:00+05:30,362.6915550727499,22.6,75.3,2025,11
2025-11-11 07:00:00+05:30,378.166342250855,22.65,75.4,2025,11
2025-11-11 07:15:00+05:30,390.2352090246212,22.9,74.9,2025,11
2025-11-11 07:30:00+05:30,405.008954659806,23.2,74.2,2025,11
2025-11-11 07:45:00+05:30,421.0575735243315,23.55,74.2,2025,11
2025-11-11 08:00:00+05:30,436.9101671778913,24.5,72.3,2025,11
2025-11-11 08:15:00+05:30,453.57199733202,25.15,70.6,2025,11
2025-11-11 08:30:00+05:30,471.2212451029423,25.9,67.4,2025,11
2025-11-11 08:45:00+05:30,485.1689278621704,26.7,64.6,2025,11
2025-11-11 09:00:00+05:30,497.8073962580122,27.3,62.5,2025,11
2025-11-11 09:15:00+05:30,505.1108096870436,27.950000000000003,60.0,2025,11
2025-11-11 09:30:00+05:30,509.8547296348802,28.7,57.1,2025,11
2025-11-11 09:45:00+05:30,521.364644164985,29.3,54.6,2025,11
2025-11-11 10:00:00+05:30,524.2698699867489,29.8,53.9,2025,11
2025-11-11 10:15:00+05:30,533.2136131320138,30.1,52.9,2025,11
2025-11-11 10:30:00+05:30,536.0913479160065,30.55,51.4,2025,11
2025-11-11 10:45:00+05:30,540.4738079578739,31.25,48.3,2025,11
2025-11-11 11:00:00+05:30,543.5393988958729,31.65,45.8,2025,11
2025-11-11 11:15:00+05:30,543.2583769641999,31.95,43.9,2025,11
2025-11-11 11:30:00+05:30,539.6208927854115,32.25,39.6,2025,11
2025-11-11 11:45:00+05:30,538.2478612655736,32.4,40.7,2025,11
2025-11-11 12:00:00+05:30,537.1664840579822,32.599999999999994,41.1,2025,11
2025-11-11 12:15:00+05:30,535.1099077617777,32.65,40.2,2025,11
2025-11-11 12:30:00+05:30,535.2440058427126,33.25,38.5,2025,11
2025-11-11 12:45:00+05:30,532.4707082027052,33.4,38.4,2025,11
2025-11-11 13:00:00+05:30,528.8873621750486,33.75,36.5,2025,11
2025-11-11 13:15:00+05:30,526.6306054336897,33.45,40.7,2025,11
2025-11-11 13:30:00+05:30,526.2705394615326,33.0,44.0,2025,11
2025-11-11 13:45:00+05:30,525.130895572427,32.95,42.7,2025,11
2025-11-11 14:00:00+05:30,529.4503889848048,33.15,43.8,2025,11
2025-11-11 14:15:00+05:30,532.0212163586788,32.95,43.8,2025,11
2025-11-11 14:30:00+05:30,529.8198132037762,32.95,41.6,2025,11
2025-11-11 14:45:00+05:30,536.8302751273261,33.35,40.1,2025,11
2025-11-11 15:00:00+05:30,536.8120208118884,33.25,41.3,2025,11
2025-11-11 15:15:00+05:30,538.3240907866415,33.4,38.5,2025,11
2025-11-11 15:30:00+05:30,539.1812122459778,32.900000000000006,42.7,2025,11
2025-11-11 15:45:00+05:30,535.8629206716596,32.55,43.8,2025,11
2025-11-11 16:00:00+05:30,535.0183280296662,31.85,45.3,2025,11
2025-11-11 16:15:00+05:30,532.1599229297071,30.85,49.5,2025,11
2025-11-11 16:30:00+05:30,532.2586322893707,29.9,53.0,2025,11
2025-11-11 16:45:00+05:30,525.3525839576865,29.3,53.4,2025,11
2025-11-11 17:00:00+05:30,524.2397763305249,28.9,54.4,2025,11
2025-11-11 17:15:00+05:30,521.135093992354,28.6,56.8,2025,11
2025-11-11 17:30:00+05:30,515.9676770921129,28.15,57.1,2025,11
2025-11-11 17:45:00+05:30,515.2224862883459,27.9,58.0,2025,11
2025-11-11 18:00:00+05:30,514.9902949001848,27.6,59.8,2025,11
2025-11-11 18:15:00+05:30,509.6366459835602,27.4,60.7,2025,11
2025-11-11 18:30:00+05:30,508.04158180243866,27.3,60.7,2025,11
2025-11-11 18:45:00+05:30,501.22786107970126,27.2,61.3,2025,11
2025-11-11 19:00:00+05:30,494.5557995187152,26.95,62.0,2025,11
2025-11-11 19:15:00+05:30,486.9498161301388,26.8,63.1,2025,11
2025-11-11 19:30:00+05:30,476.9536816986176,26.7,63.9,2025,11
2025-11-11 19:45:00+05:30,469.5967257611624,26.6,64.5,2025,11
2025-11-11 20:00:00+05:30,458.9871120263298,26.5,65.2,2025,11
2025-11-11 20:15:00+05:30,456.1603089083998,26.3,64.8,2025,11
2025-11-11 20:30:00+05:30,446.68908161772526,26.25,62.9,2025,11
2025-11-11 20:45:00+05:30,440.94831590634703,26.1,63.1,2025,11
2025-11-11 21:00:00+05:30,433.5294946927667,25.95,64.5,2025,11
2025-11-11 21:15:00+05:30,428.153011685809,25.8,62.0,2025,11
2025-11-11 21:30:00+05:30,423.099984293328,25.75,58.4,2025,11
2025-11-11 21:45:00+05:30,417.3807895667104,25.6,61.7,2025,11
2025-11-11 22:00:00+05:30,407.635549323586,25.35,63.1,2025,11
2025-11-11 22:15:00+05:30,399.56555566287415,25.25,63.4,2025,11
2025-11-11 22:30:00+05:30,393.6852082919863,25.15,66.2,2025,11
2025-11-11 22:45:00+05:30,387.5457256964479,25.05,66.2,2025,11
2025-11-11 23:00:00+05:30,379.2235270885403,25.0,68.2,2025,11
2025-11-11 23:15:00+05:30,367.1046572081912,24.8,66.9,2025,11
2025-11-11 23:30:00+05:30,359.6635829848932,24.75,60.8,2025,11
2025-11-11 23:45:00+05:30,353.43855150682174,24.6,58.2,2025,11
2025-11-12 00:00:00+05:30,346.76742074906934,24.5,56.2,2025,11
2025-11-12 00:15:00+05:30,341.6633942613761,24.4,56.7,2025,11
2025-11-12 00:30:00+05:30,336.47750513969584,24.3,56.0,2025,11
2025-11-12 00:45:00+05:30,331.61123720242955,24.15,55.0,2025,11
2025-11-12 01:00:00+05:30,326.2550762637155,23.9,55.1,2025,11
2025-11-12 01:15:00+05:30,322.0839317382087,23.8,56.6,2025,11
2025-11-12 01:30:00+05:30,318.26963350704165,23.65,57.5,2025,11
2025-11-12 01:45:00+05:30,314.78574915326016,23.5,57.7,2025,11
2025-11-12 02:00:00+05:30,311.25017730661625,23.4,56.9,2025,11
2025-11-12 02:15:00+05:30,307.71244341560305,23.25,55.9,2025,11
2025-11-12 02:30:00+05:30,306.156002292813,23.25,54.7,2025,11
2025-11-12 02:45:00+05:30,302.92753412844684,23.3,53.9,2025,11
2025-11-12 03:00:00+05:30,301.6689261212331,23.3,54.0,2025,11
2025-11-12 03:15:00+05:30,299.77382426938584,23.1,54.4,2025,11
2025-11-12 03:30:00+05:30,295.2610598352648,22.950000000000003,54.7,2025,11
2025-11-12 03:45:00+05:30,293.00288783646727,22.9,55.1,2025,11
2025-11-12 04:00:00+05:30,293.1287323964423,22.8,55.8,2025,11
2025-11-12 04:15:00+05:30,293.5588932696445,22.7,57.1,2025,11
2025-11-12 04:30:00+05:30,296.30965611356663,22.65,58.2,2025,11
2025-11-12 04:45:00+05:30,297.6372141251422,22.65,59.7,2025,11
2025-11-12 05:00:00+05:30,298.42872527397907,22.6,59.4,2025,11
2025-11-12 05:15:00+05:30,301.1715685126485,22.6,59.7,2025,11
2025-11-12 05:30:00+05:30,306.1256065475,22.55,60.2,2025,11
2025-11-12 05:45:00+05:30,313.0735583140723,22.45,60.8,2025,11
2025-11-12 06:00:00+05:30,326.2684168251273,22.4,61.9,2025,11
2025-11-12 06:15:00+05:30,337.72626799429565,22.35,62.5,2025,11
2025-11-12 06:30:00+05:30,348.44788737065073,22.3,63.6,2025,11
2025-11-12 06:45:00+05:30,361.5296715416506,22.35,63.6,2025,11
2025-11-12 07:00:00+05:30,373.5991855044591,22.4,64.2,2025,11
2025-11-12 07:15:00+05:30,383.2578470894351,22.65,65.3,2025,11
2025-11-12 07:30:00+05:30,396.5025417380928,22.95,65.5,2025,11
2025-11-12 07:45:00+05:30,415.4239953317661,23.3,65.6,2025,11
2025-11-12 08:00:00+05:30,433.45170308339806,24.15,62.8,2025,11
2025-11-12 08:15:00+05:30,449.6738625185764,24.85,60.8,2025,11
2025-11-12 08:30:00+05:30,462.3253287968266,25.5,58.7,2025,11
2025-11-12 08:45:00+05:30,475.931444343413,28.8,55.0,2025,11
2025-11-12 09:00:00+05:30,489.0150064256526,27.05,53.5,2025,11
2025-11-12 09:15:00+05:30,499.4517933612531,27.75,50.7,2025,11
2025-11-12 09:30:00+05:30,507.404530386684,28.25,50.1,2025,11
2025-11-12 09:45:00+05:30,516.3844193980758,29.05,47.9,2025,11
2025-11-12 10:00:00+05:30,521.188166922161,29.7,45.4,2025,11
2025-11-12 10:15:00+05:30,529.749797197143,30.4,44.2,2025,11
2025-11-12 10:30:00+05:30,533.4373232756877,30.55,42.5,2025,11
2025-11-12 10:45:00+05:30,536.1761030070899,31.15,39.8,2025,11
2025-11-12 11:00:00+05:30,535.9044169744953,31.55,36.8,2025,11
2025-11-12 11:15:00+05:30,536.019767041041,31.75,36.6,2025,11
2025-11-12 11:30:00+05:30,532.5276383238129,32.05,37.8,2025,11
2025-11-12 11:45:00+05:30,534.913306114666,32.25,37.0,2025,11
2025-11-12 12:00:00+05:30,533.54908287683,32.55,36.5,2025,11
2025-11-12 12:15:00+05:30,531.2831336396465,32.95,35.3,2025,11
2025-11-12 12:30:00+05:30,530.2513056755687,32.900000000000006,34.9,2025,11
2025-11-12 12:45:00+05:30,526.4484223563593,33.05,33.2,2025,11
2025-11-12 13:00:00+05:30,522.5296550513798,33.400000000000006,31.8,2025,11
2025-11-12 13:15:00+05:30,522.3786999015675,33.6,32.2,2025,11
2025-11-12 13:30:00+05:30,521.6987648340548,33.75,31.4,2025,11
2025-11-12 13:45:00+05:30,524.158412056234,34.0,34.7,2025,11
2025-11-12 14:00:00+05:30,528.8398645496914,33.45,38.4,2025,11
2025-11-12 14:15:00+05:30,531.0336429118104,33.45,38.1,2025,11
2025-11-12 14:30:00+05:30,529.8803299924427,33.95,36.3,2025,11
2025-11-12 14:45:00+05:30,534.1061493060153,34.3,34.0,2025,11
2025-11-12 15:00:00+05:30,536.6547982116869,34.55,34.5,2025,11
2025-11-12 15:15:00+05:30,535.1496031543599,34.3,37.0,2025,11
2025-11-12 15:30:00+05:30,533.9637289689641,34.099999999999994,36.4,2025,11
2025-11-12 15:45:00+05:30,536.7780030788967,33.65,36.9,2025,11
2025-11-12 16:00:00+05:30,537.6568345832075,33.0,37.8,2025,11
2025-11-12 16:15:00+05:30,534.0997721060553,32.2,39.9,2025,11
2025-11-12 16:30:00+05:30,528.8548634916185,31.05,44.2,2025,11
2025-11-12 16:45:00+05:30,526.0646042247537,30.5,46.5,2025,11
2025-11-12 17:00:00+05:30,523.2706141765908,30.0,50.1,2025,11
2025-11-12 17:15:00+05:30,518.4059058955002,29.5,52.5,2025,11
2025-11-12 17:30:00+05:30,513.3289894616169,28.85,54.1,2025,11
2025-11-12 17:45:00+05:30,513.8941349371164,28.3,55.3,2025,11
2025-11-12 18:00:00+05:30,514.5446688870036,27.85,57.0,2025,11
2025-11-12 18:15:00+05:30,510.1758417764685,27.55,56.0,2025,11
2025-11-12 18:30:00+05:30,503.8583101770667,27.3,52.6,2025,11
2025-11-12 18:45:00+05:30,496.41106647115527,27.0,53.2,2025,11
2025-11-12 19:00:00+05:30,487.210306887309,26.9,53.3,2025,11
2025-11-12 19:15:00+05:30,477.336660199146,26.7,51.6,2025,11
2025-11-12 19:30:00+05:30,471.8724171856577,26.5,51.4,2025,11
2025-11-12 19:45:00+05:30,462.8202049517757,26.35,51.4,2025,11
2025-11-12 20:00:00+05:30,453.1294603761231,26.15,52.4,2025,11
2025-11-12 20:15:00+05:30,448.06698626832906,26.0,52.7,2025,11
2025-11-12 20:30:00+05:30,441.04217073480856,25.950000000000003,51.4,2025,11
2025-11-12 20:45:00+05:30,437.9246021344746,25.85,53.9,2025,11
2025-11-12 21:00:00+05:30,433.1631807576933,25.7,55.4,2025,11
2025-11-12 21:15:00+05:30,426.8703167302251,25.65,53.9,2025,11
2025-11-12 21:30:00+05:30,420.93091754637607,25.65,53.9,2025,11
2025-11-12 21:45:00+05:30,415.1877983058035,25.6,52.4,2025,11
2025-11-12 22:00:00+05:30,406.13243101677097,25.55,51.7,2025,11
2025-11-12 22:15:00+05:30,396.8463551808615,25.45,50.6,2025,11
2025-11-12 22:30:00+05:30,391.806452706482,25.3,51.2,2025,11
2025-11-12 22:45:00+05:30,385.8650515670545,25.15,51.3,2025,11
2025-11-12 23:00:00+05:30,377.27535562954,25.05,52.3,2025,11
2025-11-12 23:15:00+05:30,368.8348458728848,24.95,54.4,2025,11
2025-11-12 23:30:00+05:30,364.77926475950864,24.700000000000003,56.4,2025,11
2025-11-12 23:45:00+05:30,357.51571872013363,24.65,56.4,2025,11
2025-11-13 00:00:00+05:30,347.31087624889886,24.55,56.1,2025,11
2025-11-13 00:15:00+05:30,339.3402496301129,24.5,56.3,2025,11
2025-11-13 00:30:00+05:30,335.026800013557,24.45,56.0,2025,11
2025-11-13 00:45:00+05:30,332.6699990294042,24.25,55.1,2025,11
2025-11-13 01:00:00+05:30,328.7903077694864,24.2,54.3,2025,11
2025-11-13 01:15:00+05:30,326.7823556303768,24.05,54.4,2025,11
2025-11-13 01:30:00+05:30,322.43287770043304,24.0,54.9,2025,11
2025-11-13 01:45:00+05:30,320.1270669270245,23.9,55.8,2025,11
2025-11-13 02:00:00+05:30,316.49096649666444,23.8,56.0,2025,11
2025-11-13 02:15:00+05:30,313.2885358887866,23.65,56.0,2025,11
2025-11-13 02:30:00+05:30,312.26268525126505,23.6,56.5,2025,11
2025-11-13 02:45:00+05:30,311.26140227508824,23.6,56.6,2025,11
2025-11-13 03:00:00+05:30,307.5762050834128,23.5,57.5,2025,11
2025-11-13 03:15:00+05:30,306.06430316493044,23.5,58.5,2025,11
2025-11-13 03:30:00+05:30,302.07790641495615,23.4,59.1,2025,11
2025-11-13 03:45:00+05:30,300.38516359851496,23.35,58.7,2025,11
2025-11-13 04:00:00+05:30,296.91203354561253,23.25,58.7,2025,11
2025-11-13 04:15:00+05:30,297.4310285226797,23.15,59.9,2025,11
2025-11-13 04:30:00+05:30,300.03973746345906,23.15,61.2,2025,11
2025-11-13 04:45:00+05:30,302.83629979054587,23.15,61.3,2025,11
2025-11-13 05:00:00+05:30,304.20358022497726,23.1,60.3,2025,11
2025-11-13 05:15:00+05:30,307.37838273685344,23.0,60.4,2025,11
2025-11-13 05:30:00+05:30,312.97919405525715,22.9,60.7,2025,11
2025-11-13 05:45:00+05:30,321.2766630722278,22.75,60.3,2025,11
2025-11-13 06:00:00+05:30,335.2210904173705,22.75,58.7,2025,11
2025-11-13 06:15:00+05:30,344.00521999120724,22.7,57.4,2025,11
2025-11-13 06:30:00+05:30,352.88128347181043,22.75,55.3,2025,11
2025-11-13 06:45:00+05:30,361.79721164115097,22.65,55.8,2025,11
2025-11-13 07:00:00+05:30,375.2960548432782,22.8,56.1,2025,11
2025-11-13 07:15:00+05:30,389.46295714891926,22.9,59.2,2025,11
2025-11-13 07:30:00+05:30,404.7221163725799,23.2,62.2,2025,11
2025-11-13 07:45:00+05:30,422.0113408367993,23.55,61.9,2025,11
2025-11-13 08:00:00+05:30,438.9985869974641,24.450000000000003,60.0,2025,11
2025-11-13 08:15:00+05:30,455.30547776998384,25.3,57.1,2025,11
2025-11-13 08:30:00+05:30,467.9243179677903,25.85,55.4,2025,11
2025-11-13 08:45:00+05:30,484.0857933464439,27.0,51.9,2025,11
2025-11-13 09:00:00+05:30,496.0335940875066,27.6,51.3,2025,11
2025-11-13 09:15:00+05:30,506.29264705205,28.35,47.8,2025,11
2025-11-13 09:30:00+05:30,513.7405499529898,28.95,44.9,2025,11
2025-11-13 09:45:00+05:30,522.0417720902386,29.65,43.7,2025,11
2025-11-13 10:00:00+05:30,528.2344830851002,30.15,42.1,2025,11
2025-11-13 10:15:00+05:30,534.4123623069245,30.6,40.4,2025,11
2025-11-13 10:30:00+05:30,537.4569013908168,31.5,39.1,2025,11
2025-11-13 10:45:00+05:30,525.9197212654426,31.75,36.8,2025,11
2025-11-13 11:00:00+05:30,537.2196260543775,32.2,36.2,2025,11
2025-11-13 11:15:00+05:30,536.237785281743,32.6,35.8,2025,11
2025-11-13 11:30:00+05:30,536.151528505771,32.8,35.1,2025,11
2025-11-13 11:45:00+05:30,532.8792801558498,32.95,33.2,2025,11
2025-11-13 12:00:00+05:30,535.7159889717268,33.3,33.5,2025,11
2025-11-13 12:15:00+05:30,532.8949757934224,33.2,33.5,2025,11
2025-11-13 12:30:00+05:30,530.6257267434472,33.25,33.5,2025,11
2025-11-13 12:45:00+05:30,530.2432769473393,33.5,32.9,2025,11
2025-11-13 13:00:00+05:30,529.2357064045889,33.65,32.2,2025,11
2025-11-13 13:15:00+05:30,529.9058418195134,33.9,32.1,2025,11
2025-11-13 13:30:00+05:30,527.3503548462553,34.05,32.0,2025,11
2025-11-13 13:45:00+05:30,528.5029413164534,34.2,31.6,2025,11
2025-11-13 14:00:00+05:30,534.2478980293378,34.05,37.4,2025,11
2025-11-13 14:15:00+05:30,538.567471035426,33.5,42.1,2025,11
2025-11-13 14:30:00+05:30,536.6372647799133,34.15,39.5,2025,11
2025-11-13 14:45:00+05:30,543.6971841661128,34.7,37.5,2025,11
2025-11-13 15:00:00+05:30,542.8759520360542,34.7,36.7,2025,11
2025-11-13 15:15:00+05:30,542.7553919159784,35.1,35.4,2025,11
2025-11-13 15:30:00+05:30,544.7920839963418,34.5,36.4,2025,11
2025-11-13 15:45:00+05:30,542.5412988193746,34.5,36.9,2025,11
2025-11-13 16:00:00+05:30,545.2052295101672,34.3,37.1,2025,11
2025-11-13 16:15:00+05:30,541.4681208573559,33.0,39.9,2025,11
2025-11-13 16:30:00+05:30,539.8994866084987,31.950000000000003,42.7,2025,11
2025-11-13 16:45:00+05:30,537.88600877458,31.200000000000003,45.5,2025,11
2025-11-13 17:00:00+05:30,532.8743133484276,30.55,46.8,2025,11
2025-11-13 17:15:00+05:30,529.2265098197566,29.85,49.5,2025,11
2025-11-13 17:30:00+05:30,522.0741082914096,29.05,51.9,2025,11
2025-11-13 17:45:00+05:30,518.3537805769181,28.4,56.1,2025,11
2025-11-13 18:00:00+05:30,518.9070733490993,27.700000000000003,60.0,2025,11
2025-11-13 18:15:00+05:30,516.3706914069438,27.450000000000003,62.8,2025,11
2025-11-13 18:30:00+05:30,508.770620315492,27.15,64.7,2025,11
2025-11-13 18:45:00+05:30,502.9942947967525,26.9,65.7,2025,11
2025-11-13 19:00:00+05:30,491.5575730277895,26.7,65.8,2025,11
2025-11-13 19:15:00+05:30,482.1603639207162,26.5,65.6,2025,11
2025-11-13 19:30:00+05:30,473.4762367998562,26.35,65.0,2025,11
2025-11-13 19:45:00+05:30,463.0073584613869,26.25,65.2,2025,11
2025-11-13 20:00:00+05:30,454.5643192313159,26.0,65.9,2025,11
2025-11-13 20:15:00+05:30,448.0871213264155,25.85,63.9,2025,11
2025-11-13 20:30:00+05:30,444.0335456111723,25.75,62.6,2025,11
2025-11-13 20:45:00+05:30,438.6733160670561,25.7,61.4,2025,11
2025-11-13 21:00:00+05:30,431.615715751668,25.6,61.3,2025,11
2025-11-13 21:15:00+05:30,428.51301563191663,25.4,57.8,2025,11
2025-11-13 21:30:00+05:30,422.4838020220602,25.3,55.1,2025,11
2025-11-13 21:45:00+05:30,415.5878279522304,25.15,54.4,2025,11
2025-11-13 22:00:00+05:30,407.1560587591919,25.0,54.5,2025,11
2025-11-13 22:15:00+05:30,399.59261802421946,24.85,53.9,2025,11
2025-11-13 22:30:00+05:30,393.75730961712486,24.700000000000003,53.9,2025,11
2025-11-13 22:45:00+05:30,384.56356984653866,24.7,58.0,2025,11
2025-11-13 23:00:00+05:30,379.0620432854299,24.6,59.4,2025,11
2025-11-13 23:15:00+05:30,370.0957211192993,24.5,63.6,2025,11
2025-11-13 23:30:00+05:30,362.3200773492788,24.3,64.9,2025,11
2025-11-13 23:45:00+05:30,356.7824848340042,24.25,64.8,2025,11
2025-11-14 00:00:00+05:30,348.369654285751,24.1,64.2,2025,11
2025-11-14 00:15:00+05:30,344.3085301716519,24.0,63.9,2025,11
2025-11-14 00:30:00+05:30,337.2364486440571,23.9,64.2,2025,11
2025-11-14 00:45:00+05:30,333.2539082621216,23.9,63.1,2025,11
2025-11-14 01:00:00+05:30,329.7535124132147,23.8,62.9,2025,11
2025-11-14 01:15:00+05:30,326.35520274583644,23.85,61.9,2025,11
2025-11-14 01:30:00+05:30,320.7146141204179,23.8,62.6,2025,11
2025-11-14 01:45:00+05:30,316.55328129458286,23.75,63.6,2025,11
2025-11-14 02:00:00+05:30,313.3074980724535,23.55,63.6,2025,11
2025-11-14 02:15:00+05:30,310.18449884708616,23.5,64.7,2025,11
2025-11-14 02:30:00+05:30,308.51172589131124,23.45,63.7,2025,11
2025-11-14 02:45:00+05:30,305.78010014568656,23.35,60.9,2025,11
2025-11-14 03:00:00+05:30,303.58682623536885,23.35,62.2,2025,11
2025-11-14 03:15:00+05:30,299.6036028308845,23.3,63.4,2025,11
2025-11-14 03:30:00+05:30,295.4704122349021,23.2,64.0,2025,11
2025-11-14 03:45:00+05:30,293.50093026470125,23.1,64.1,2025,11
2025-11-14 04:00:00+05:30,291.83218789141625,22.95,63.5,2025,11
2025-11-14 04:15:00+05:30,292.7197226720373,23.0,65.0,2025,11
2025-11-14 04:30:00+05:30,297.1279423159783,22.95,64.7,2025,11
2025-11-14 04:45:00+05:30,299.8829543031659,22.85,65.7,2025,11
2025-11-14 05:00:00+05:30,302.3027616365691,22.85,66.1,2025,11
2025-11-14 05:15:00+05:30,306.4192350664236,22.75,66.2,2025,11
2025-11-14 05:30:00+05:30,309.7792406076395,22.7,67.2,2025,11
2025-11-14 05:45:00+05:30,316.7176129634313,22.55,67.4,2025,11
2025-11-14 06:00:00+05:30,328.22625511511205,22.4,68.7,2025,11
2025-11-14 06:15:00+05:30,339.2947952095416,22.45,68.4,2025,11
2025-11-14 06:30:00+05:30,349.406406451358,22.35,67.7,2025,11
2025-11-14 06:45:00+05:30,362.9384483754389,22.35,67.1,2025,11
2025-11-14 07:00:00+05:30,375.1526966290329,22.5,65.8,2025,11
2025-11-14 07:15:00+05:30,390.2516268074359,22.85,63.6,2025,11
2025-11-14 07:30:00+05:30,405.4493603830175,23.0,63.5,2025,11
2025-11-14 07:45:00+05:30,421.2516357197673,23.45,62.8,2025,11
2025-11-14 08:00:00+05:30,438.8406657832541,24.3,60.1,2025,11
2025-11-14 08:15:00+05:30,455.2389900309856,25.35,55.7,2025,11
2025-11-14 08:30:00+05:30,467.0869775079014,25.8,54.3,2025,11
2025-11-14 08:45:00+05:30,481.9444364179361,27.3,48.4,2025,11
2025-11-14 09:00:00+05:30,495.45686443863167,28.0,45.8,2025,11
2025-11-14 09:15:00+05:30,505.9734167535295,28.8,42.5,2025,11
2025-11-14 09:30:00+05:30,516.5268394241427,29.15,43.0,2025,11
2025-11-14 09:45:00+05:30,522.4172715660168,29.85,41.5,2025,11
2025-11-14 10:00:00+05:30,524.3334201256903,30.35,41.1,2025,11
2025-11-14 10:15:00+05:30,529.0203265972841,30.75,40.9,2025,11
2025-11-14 10:30:00+05:30,533.3355774008153,31.05,39.9,2025,11
2025-11-14 10:45:00+05:30,536.8241726842089,31.8,37.8,2025,11
2025-11-14 11:00:00+05:30,539.4583763688823,32.2,37.2,2025,11
2025-11-14 11:15:00+05:30,537.8875209455164,32.45,36.4,2025,11
2025-11-14 11:30:00+05:30,537.7316877750163,32.6,36.4,2025,11
2025-11-14 11:45:00+05:30,538.1251107978767,32.9,35.8,2025,11
2025-11-14 12:00:00+05:30,537.3327932031661,33.3,34.7,2025,11
2025-11-14 12:15:00+05:30,534.8613456555976,33.4,34.0,2025,11
2025-11-14 12:30:00+05:30,536.3313319237387,33.65,32.9,2025,11
2025-11-14 12:45:00+05:30,535.0105958692417,33.9,31.6,2025,11
2025-11-14 13:00:00+05:30,528.3046224615396,33.95,31.5,2025,11
2025-11-14 13:15:00+05:30,525.6253666227714,34.1,30.5,2025,11
2025-11-14 13:30:00+05:30,527.5843971836612,34.4,29.4,2025,11
2025-11-14 13:45:00+05:30,531.4950406943528,34.65,29.0,2025,11
2025-11-14 14:00:00+05:30,534.3630984563351,34.55,28.6,2025,11
2025-11-14 14:15:00+05:30,536.4038974901556,35.05,30.5,2025,11
2025-11-14 14:30:00+05:30,537.2325948959574,35.1,25.5,2025,11
2025-11-14 14:45:00+05:30,539.4323137603843,35.05,35.9,2025,11
2025-11-14 15:00:00+05:30,539.6666508924499,34.5,38.9,2025,11
2025-11-14 15:15:00+05:30,539.2170884670785,34.5,37.8,2025,11
2025-11-14 15:30:00+05:30,538.9730522021983,34.15,39.2,2025,11
2025-11-14 15:45:00+05:30,537.9088959482034,33.95,39.7,2025,11
2025-11-14 16:00:00+05:30,539.8810375729827,33.4,40.3,2025,11
2025-11-14 16:15:00+05:30,535.3181112897016,32.35,44.5,2025,11
2025-11-14 16:30:00+05:30,530.6763168430864,31.3,48.4,2025,11
2025-11-14 16:45:00+05:30,527.5380551744812,30.55,50.3,2025,11
2025-11-14 17:00:00+05:30,526.3263080560839,29.75,53.3,2025,11
2025-11-14 17:15:00+05:30,522.2788275418952,29.2,53.7,2025,11
2025-11-14 17:30:00+05:30,516.7780557347843,28.7,53.9,2025,11
2025-11-14 17:45:00+05:30,516.6422827210171,28.35,55.6,2025,11
2025-11-14 18:00:00+05:30,516.1997361302073,28.0,55.9,2025,11
2025-11-14 18:15:00+05:30,512.1943308400554,27.8,56.7,2025,11
2025-11-14 18:30:00+05:30,504.5925688256819,27.55,59.4,2025,11
2025-11-14 18:45:00+05:30,496.8538526808883,27.15,61.3,2025,11
2025-11-14 19:00:00+05:30,489.90371085980536,26.8,64.8,2025,11
2025-11-14 19:15:00+05:30,481.66331113532806,26.7,65.6,2025,11
2025-11-14 19:30:00+05:30,473.4037750708658,26.55,64.3,2025,11
2025-11-14 19:45:00+05:30,464.600359783458,26.4,65.2,2025,11
2025-11-14 20:00:00+05:30,456.47301273878907,26.15,65.6,2025,11
2025-11-14 20:15:00+05:30,448.5192792936685,26.1,67.3,2025,11
2025-11-14 20:30:00+05:30,441.7465595397911,25.95,66.8,2025,11
2025-11-14 20:45:00+05:30,438.019506734546,25.85,65.6,2025,11
2025-11-14 21:00:00+05:30,430.0253303317879,25.7,64.7,2025,11
2025-11-14 21:15:00+05:30,425.9587192696064,25.5,65.3,2025,11
2025-11-14 21:30:00+05:30,421.2432842063442,25.3,66.2,2025,11
2025-11-14 21:45:00+05:30,413.85151384668814,25.05,66.8,2025,11
2025-11-14 22:00:00+05:30,406.5758516107976,25.0,66.9,2025,11
2025-11-14 22:15:00+05:30,396.67125571961566,24.7,67.3,2025,11
2025-11-14 22:30:00+05:30,392.31520989994726,24.6,67.2,2025,11
2025-11-14 22:45:00+05:30,385.1661794442965,24.6,70.6,2025,11
2025-11-14 23:00:00+05:30,377.7393050615761,24.6,69.3,2025,11
2025-11-14 23:15:00+05:30,372.42221271979474,24.45,70.6,2025,11
2025-11-14 23:30:00+05:30,366.36918024581786,24.3,71.0,2025,11
2025-11-14 23:45:00+05:30,359.9124028608318,24.25,72.1,2025,11
2025-11-15 00:00:00+05:30,353.5556493297231,24.1,71.6,2025,11
2025-11-15 00:15:00+05:30,346.5567464944945,24.0,68.0,2025,11
2025-11-15 00:30:00+05:30,340.95245261765774,23.9,69.0,2025,11
2025-11-15 00:45:00+05:30,339.2789091265323,23.9,69.3,2025,11
2025-11-15 01:00:00+05:30,333.9944252182585,23.8,66.4,2025,11
2025-11-15 01:15:00+05:30,329.8320014990435,23.7,67.6,2025,11
2025-11-15 01:30:00+05:30,323.2990515199098,23.6,66.8,2025,11
2025-11-15 01:45:00+05:30,319.3385613680822,23.5,66.9,2025,11
2025-11-15 02:00:00+05:30,317.8505961674996,23.3,68.9,2025,11
2025-11-15 02:15:00+05:30,311.740427202413,23.3,70.5,2025,11
2025-11-15 02:30:00+05:30,308.97827107429043,23.2,70.9,2025,11
2025-11-15 02:45:00+05:30,307.3627649193708,23.1,68.8,2025,11
2025-11-15 03:00:00+05:30,305.13842438806364,23.0,65.6,2025,11
2025-11-15 03:15:00+05:30,302.56670193982137,23.0,61.5,2025,11
2025-11-15 03:30:00+05:30,297.108945181212,22.9,60.7,2025,11
2025-11-15 03:45:00+05:30,295.0914940462597,22.9,59.7,2025,11
2025-11-15 04:00:00+05:30,292.9058784138558,22.8,58.1,2025,11
2025-11-15 04:15:00+05:30,295.1544759154673,22.7,59.2,2025,11
2025-11-15 04:30:00+05:30,297.445655016916,22.7,57.2,2025,11
2025-11-15 04:45:00+05:30,299.3248876623561,22.6,66.1,2025,11
2025-11-15 05:00:00+05:30,298.8474537504716,22.5,69.3,2025,11
2025-11-15 05:15:00+05:30,298.8050492691545,22.4,67.4,2025,11
2025-11-15 05:30:00+05:30,306.2765255083137,22.3,65.5,2025,11
2025-11-15 05:45:00+05:30,308.0898562277841,22.2,63.0,2025,11
2025-11-15 06:00:00+05:30,313.5410252422048,22.2,60.7,2025,11
2025-11-15 06:15:00+05:30,318.661706252258,22.1,60.9,2025,11
2025-11-15 06:30:00+05:30,323.735686675713,22.0,61.3,2025,11
2025-11-15 06:45:00+05:30,332.7309325284168,22.0,61.5,2025,11
2025-11-15 07:00:00+05:30,340.61248232200273,22.2,61.3,2025,11
2025-11-15 07:15:00+05:30,351.1814049140549,22.4,60.8,2025,11
2025-11-15 07:30:00+05:30,354.072438154079,22.7,60.1,2025,11
2025-11-15 07:45:00+05:30,367.7191801426201,23.1,59.4,2025,11
2025-11-15 08:00:00+05:30,380.0097499445958,23.9,57.3,2025,11
2025-11-15 08:15:00+05:30,392.7189357790986,24.8,54.5,2025,11
2025-11-15 08:30:00+05:30,405.8947440078058,25.1,55.0,2025,11
2025-11-15 08:45:00+05:30,415.7934017088703,26.6,47.6,2025,11
2025-11-15 09:00:00+05:30,428.7970960763169,27.4,44.7,2025,11
2025-11-15 09:15:00+05:30,438.32594940730473,28.2,42.6,2025,11
2025-11-15 09:30:00+05:30,446.4914244562272,28.9,42.7,2025,11
2025-11-15 09:45:00+05:30,453.485732722578,29.5,41.5,2025,11
2025-11-15 10:00:00+05:30,457.2767343172901,30.4,38.8,2025,11
2025-11-15 10:15:00+05:30,463.8063630942133,31.0,38.5,2025,11
2025-11-15 10:30:00+05:30,465.6088163809668,31.3,36.4,2025,11
2025-11-15 10:45:00+05:30,467.1756073121928,31.9,36.7,2025,11
2025-11-15 11:00:00+05:30,469.0903272533359,32.3,36.2,2025,11
2025-11-15 11:15:00+05:30,469.6776657176923,32.8,35.3,2025,11
2025-11-15 11:30:00+05:30,466.9830696721067,32.8,35.1,2025,11
2025-11-15 11:45:00+05:30,467.19199702221727,32.9,34.5,2025,11
2025-11-15 12:00:00+05:30,467.3923980574216,33.2,34.5,2025,11
2025-11-15 12:15:00+05:30,466.767570655433,33.4,32.1,2025,11
2025-11-15 12:30:00+05:30,465.70955841291743,33.7,31.7,2025,11
2025-11-15 12:45:00+05:30,465.9197763793053,33.8,30.0,2025,11
2025-11-15 13:00:00+05:30,460.50632980102455,33.9,29.5,2025,11
2025-11-15 13:15:00+05:30,454.621002416343,34.0,28.8,2025,11
2025-11-15 13:30:00+05:30,451.9859456025056,34.1,27.1,2025,11
2025-11-15 13:45:00+05:30,452.7943037278826,34.1,26.5,2025,11
2025-11-15 14:00:00+05:30,454.6251526504982,34.3,25.6,2025,11
2025-11-15 14:15:00+05:30,456.6688317265314,34.4,24.6,2025,11
2025-11-15 14:30:00+05:30,456.1037432283724,34.8,22.9,2025,11
2025-11-15 14:45:00+05:30,456.76115094797217,35.2,20.9,2025,11
2025-11-15 15:00:00+05:30,457.46261291766496,35.6,21.2,2025,11
2025-11-15 15:15:00+05:30,455.8496570054377,35.5,21.6,2025,11
2025-11-15 15:30:00+05:30,455.4186434090453,35.5,26.7,2025,11
2025-11-15 15:45:00+05:30,459.22271374428215,34.5,32.1,2025,11
2025-11-15 16:00:00+05:30,459.58791282410937,34.1,33.2,2025,11
2025-11-15 16:15:00+05:30,457.243604371841,32.6,35.3,2025,11
2025-11-15 16:30:00+05:30,454.6801047524632,31.4,37.1,2025,11
2025-11-15 16:45:00+05:30,449.3582062940028,30.6,38.8,2025,11
2025-11-15 17:00:00+05:30,448.1886609606759,29.6,39.5,2025,11
2025-11-15 17:15:00+05:30,443.5247754176708,28.8,45.7,2025,11
2025-11-15 17:30:00+05:30,444.1190150253364,28.1,49.2,2025,11
2025-11-15 17:45:00+05:30,444.63098620736935,27.7,50.0,2025,11
2025-11-15 18:00:00+05:30,449.7759981086389,27.3,51.6,2025,11
2025-11-15 18:15:00+05:30,448.49577379677805,26.9,52.5,2025,11
2025-11-15 18:30:00+05:30,444.7656444671661,26.7,53.9,2025,11
2025-11-15 18:45:00+05:30,439.6002875017505,26.4,55.1,2025,11
2025-11-15 19:00:00+05:30,434.7859800349131,26.1,55.0,2025,11
2025-11-15 19:15:00+05:30,430.0762744591957,25.8,52.6,2025,11
2025-11-15 19:30:00+05:30,426.5891079375408,25.6,52.3,2025,11
2025-11-15 19:45:00+05:30,421.2634504908974,25.3,51.8,2025,11
2025-11-15 20:00:00+05:30,417.2201373362194,25.2,51.3,2025,11
2025-11-15 20:15:00+05:30,414.4655270084728,25.2,50.6,2025,11
2025-11-15 20:30:00+05:30,409.6117740606173,25.2,53.7,2025,11
2025-11-15 20:45:00+05:30,406.8235258949578,25.0,55.4,2025,11
2025-11-15 21:00:00+05:30,401.82395311236473,24.7,57.0,2025,11
2025-11-15 21:15:00+05:30,396.22242531298616,24.6,57.7,2025,11
2025-11-15 21:30:00+05:30,391.2661761279178,24.5,55.0,2025,11
2025-11-15 21:45:00+05:30,388.07073425957606,24.5,53.3,2025,11
2025-11-15 22:00:00+05:30,382.3957867187256,24.4,53.9,2025,11
2025-11-15 22:15:00+05:30,374.68431213676513,24.2,54.1,2025,11
2025-11-15 22:30:00+05:30,370.7188001568543,24.1,53.9,2025,11
2025-11-15 22:45:00+05:30,365.55083580777375,24.0,55.6,2025,11
2025-11-15 23:00:00+05:30,356.94127460591096,23.9,60.4,2025,11
2025-11-15 23:15:00+05:30,351.48303076412924,23.8,60.9,2025,11
2025-11-15 23:30:00+05:30,346.99400934635185,23.6,58.8,2025,11
2025-11-15 23:45:00+05:30,340.7148246641834,23.6,58.6,2025,11
2025-11-16 00:00:00+05:30,336.0476493297232,23.5,59.3,2025,11
2025-11-16 00:15:00+05:30,330.08154649449443,23.4,60.5,2025,11
2025-11-16 00:30:00+05:30,322.47725261765765,23.3,62.5,2025,11
2025-11-16 00:45:00+05:30,318.8693091265324,23.1,64.4,2025,11
2025-11-16 01:00:00+05:30,314.5520252182585,22.9,65.2,2025,11
2025-11-16 01:15:00+05:30,309.3896014990436,22.8,66.0,2025,11
2025-11-16 01:30:00+05:30,307.75825151990983,22.6,67.2,2025,11
2025-11-16 01:45:00+05:30,305.69936136808224,22.6,67.8,2025,11
2025-11-16 02:00:00+05:30,302.2441961674996,22.5,67.1,2025,11
2025-11-16 02:15:00+05:30,301.00282720241296,22.4,67.6,2025,11
2025-11-16 02:30:00+05:30,298.27347107429046,22.4,68.7,2025,11
2025-11-16 02:45:00+05:30,296.6251649193708,22.3,66.8,2025,11
2025-11-16 03:00:00+05:30,293.4008243880636,22.3,64.2,2025,11
2025-11-16 03:15:00+05:30,289.89470193982135,22.4,62.2,2025,11
2025-11-16 03:30:00+05:30,286.37134518121206,22.4,63.6,2025,11
2025-11-16 03:45:00+05:30,282.3866940462598,22.4,62.5,2025,11
2025-11-16 04:00:00+05:30,281.2010784138557,22.1,61.5,2025,11
2025-11-16 04:15:00+05:30,283.4496759154673,22.0,61.3,2025,11
2025-11-16 04:30:00+05:30,283.8064550169159,21.9,60.8,2025,11
2025-11-16 04:45:00+05:30,282.84968766235613,21.8,60.2,2025,11
2025-11-16 05:00:00+05:30,282.33945375047153,21.7,60.6,2025,11
2025-11-16 05:15:00+05:30,285.2314492691546,21.6,61.4,2025,11
2025-11-16 05:30:00+05:30,285.8997255083137,21.6,61.9,2025,11
2025-11-16 05:45:00+05:30,288.7786562277841,21.6,58.7,2025,11
2025-11-16 06:00:00+05:30,293.2626252422048,21.5,59.2,2025,11
2025-11-16 06:15:00+05:30,300.284906252258,21.5,59.5,2025,11
2025-11-16 06:30:00+05:30,299.55568667571305,21.3,61.3,2025,11
2025-11-16 06:45:00+05:30,300.8461325284168,21.3,63.8,2025,11
2025-11-16 07:00:00+05:30,305.7604823220028,21.5,62.4,2025,11
2025-11-16 07:15:00+05:30,310.6574049140549,21.8,61.8,2025,11
2025-11-16 07:30:00+05:30,312.5812381540791,22.1,59.6,2025,11
2025-11-16 07:45:00+05:30,317.52318014262005,22.5,58.1,2025,11
2025-11-16 08:00:00+05:30,326.9449499445957,23.3,53.3,2025,11
2025-11-16 08:15:00+05:30,332.8181357790986,24.3,51.1,2025,11
2025-11-16 08:30:00+05:30,341.12514400780583,24.3,51.9,2025,11
2025-11-16 08:45:00+05:30,346.1878017088703,26.0,47.1,2025,11
2025-11-16 09:00:00+05:30,348.5522960763169,27.0,45.5,2025,11
2025-11-16 09:15:00+05:30,354.3107494073048,27.7,45.0,2025,11
2025-11-16 09:30:00+05:30,356.57462445622707,28.3,43.9,2025,11
2025-11-16 09:45:00+05:30,360.50333272257785,29.2,42.1,2025,11
2025-11-16 10:00:00+05:30,364.1959343172901,29.6,39.6,2025,11
2025-11-16 10:15:00+05:30,368.7583630942133,30.3,37.6,2025,11
2025-11-16 10:30:00+05:30,377.3312163809667,31.0,36.3,2025,11
2025-11-16 10:45:00+05:30,383.7340073121927,31.5,36.7,2025,11
2025-11-16 11:00:00+05:30,383.6487272533359,32.0,35.9,2025,11
2025-11-16 11:15:00+05:30,386.1376657176924,32.2,35.6,2025,11
2025-11-16 11:30:00+05:30,388.18066967210666,32.5,35.0,2025,11
2025-11-16 11:45:00+05:30,388.4223970222174,32.6,35.3,2025,11
2025-11-16 12:00:00+05:30,389.5571980574215,32.9,35.3,2025,11
2025-11-16 12:15:00+05:30,388.9651706554331,33.0,33.5,2025,11
2025-11-16 12:30:00+05:30,387.93995841291735,33.3,31.6,2025,11
2025-11-16 12:45:00+05:30,388.0845763793053,33.5,30.6,2025,11
2025-11-16 13:00:00+05:30,383.7039298010245,33.5,29.5,2025,11
2025-11-16 13:15:00+05:30,381.6874024163431,33.8,27.9,2025,11
2025-11-16 13:30:00+05:30,381.8883456025056,33.7,28.4,2025,11
2025-11-16 13:45:00+05:30,380.7623037278827,33.8,26.5,2025,11
2025-11-16 14:00:00+05:30,382.6259526504982,34.1,24.9,2025,11
2025-11-16 14:15:00+05:30,381.73523172653154,34.2,24.4,2025,11
2025-11-16 14:30:00+05:30,382.1045432283725,34.8,22.9,2025,11
2025-11-16 14:45:00+05:30,380.8275509479721,35.1,21.7,2025,11
2025-11-16 15:00:00+05:30,380.594612917665,35.5,21.2,2025,11
2025-11-16 15:15:00+05:30,379.9816570054377,35.6,21.1,2025,11
2025-11-16 15:30:00+05:30,379.5834434090453,35.5,21.1,2025,11
2025-11-16 15:45:00+05:30,377.55151374428215,35.6,20.9,2025,11
2025-11-16 16:00:00+05:30,377.94951282410943,34.8,22.4,2025,11
2025-11-16 16:15:00+05:30,377.53960437184105,33.6,26.6,2025,11
2025-11-16 16:30:00+05:30,376.8777047524629,31.9,32.0,2025,11
2025-11-16 16:45:00+05:30,374.4574062940028,30.9,35.8,2025,11
2025-11-16 17:00:00+05:30,375.255060960676,30.1,39.3,2025,11
2025-11-16 17:15:00+05:30,373.4271754176707,29.2,42.7,2025,11
2025-11-16 17:30:00+05:30,377.9558150253363,28.5,47.6,2025,11
2025-11-16 17:45:00+05:30,378.40218620736925,27.8,49.6,2025,11
2025-11-16 18:00:00+05:30,387.4487981086388,27.3,50.5,2025,11
2025-11-16 18:15:00+05:30,392.938973796778,27.0,46.0,2025,11
2025-11-16 18:30:00+05:30,391.143244467166,26.8,45.9,2025,11
2025-11-16 18:45:00+05:30,393.71548750175054,26.6,47.1,2025,11
2025-11-16 19:00:00+05:30,392.704380034913,26.4,52.4,2025,11
2025-11-16 19:15:00+05:30,389.9290744591958,26.2,54.9,2025,11
2025-11-16 19:30:00+05:30,388.4419079375408,26.1,54.4,2025,11
2025-11-16 19:45:00+05:30,386.9522504908976,25.9,53.3,2025,11
2025-11-16 20:00:00+05:30,386.7449373362193,25.9,53.7,2025,11
2025-11-16 20:15:00+05:30,383.9903270084727,25.8,54.3,2025,11
2025-11-16 20:30:00+05:30,381.1365740606173,25.5,55.1,2025,11
2025-11-16 20:45:00+05:30,378.3483258949577,25.2,55.1,2025,11
2025-11-16 21:00:00+05:30,376.2503531123647,25.0,54.4,2025,11
2025-11-16 21:15:00+05:30,374.48482531298623,24.8,53.9,2025,11
2025-11-16 21:30:00+05:30,373.39737612791794,24.6,54.0,2025,11
2025-11-16 21:45:00+05:30,367.300334259576,24.4,55.8,2025,11
2025-11-16 22:00:00+05:30,364.5269867187256,24.2,57.0,2025,11
2025-11-16 22:15:00+05:30,359.7171121367652,24.1,56.9,2025,11
2025-11-16 22:30:00+05:30,354.75160015685435,24.1,58.6,2025,11
2025-11-16 22:45:00+05:30,348.61643580777377,24.1,60.7,2025,11
2025-11-16 23:00:00+05:30,340.9740746059109,24.0,61.3,2025,11
2025-11-16 23:15:00+05:30,335.5158307641292,23.8,60.7,2025,11
2025-11-16 23:30:00+05:30,329.0924093463518,23.8,61.0,2025,11
2025-11-16 23:45:00+05:30,322.84602466418346,23.6,60.6,2025,11
2025-11-17 00:00:00+05:30,316.5354010708264,23.4,60.1,2025,11
2025-11-17 00:15:00+05:30,312.1738228189862,23.3,60.3,2025,11
2025-11-17 00:30:00+05:30,306.22713078575737,23.15,60.8,2025,11
2025-11-17 00:45:00+05:30,303.0289530865728,23.05,61.3,2025,11
2025-11-17 01:00:00+05:30,299.8366663904578,23.05,65.3,2025,11
2025-11-17 01:15:00+05:30,297.7992837335435,22.9,67.2,2025,11
2025-11-17 01:30:00+05:30,292.4789448879487,22.85,62.8,2025,11
2025-11-17 01:45:00+05:30,288.93030165521475,22.75,64.6,2025,11
2025-11-17 02:00:00+05:30,285.9107776661775,22.65,63.3,2025,11
2025-11-17 02:15:00+05:30,282.24452587343575,22.5,63.6,2025,11
2025-11-17 02:30:00+05:30,280.0399070893065,22.35,63.0,2025,11
2025-11-17 02:45:00+05:30,279.0180782364199,22.200000000000003,62.6,2025,11
2025-11-17 03:00:00+05:30,277.4633303628092,22.15,62.8,2025,11
2025-11-17 03:15:00+05:30,275.6663260266722,22.1,60.9,2025,11
2025-11-17 03:30:00+05:30,273.41444869917206,22.0,57.6,2025,11
2025-11-17 03:45:00+05:30,271.98227359262705,21.95,57.7,2025,11
2025-11-17 04:00:00+05:30,273.1369032983274,21.85,54.9,2025,11
2025-11-17 04:15:00+05:30,274.9607913542207,21.75,54.9,2025,11
2025-11-17 04:30:00+05:30,276.62212761523693,21.700000000000003,55.1,2025,11
2025-11-17 04:45:00+05:30,278.37038282869287,21.6,55.8,2025,11
2025-11-17 05:00:00+05:30,280.2910054414166,21.55,55.8,2025,11
2025-11-17 05:15:00+05:30,281.646107733063,21.35,56.6,2025,11
2025-11-17 05:30:00+05:30,288.48749166861666,21.3,57.2,2025,11
2025-11-17 05:45:00+05:30,296.7896541263964,21.2,60.4,2025,11
2025-11-17 06:00:00+05:30,310.57423654146555,21.05,65.0,2025,11
2025-11-17 06:15:00+05:30,320.56722757724754,20.95,66.8,2025,11
2025-11-17 06:30:00+05:30,335.49292585559925,20.9,66.1,2025,11
2025-11-17 06:45:00+05:30,347.9792730930552,20.9,61.2,2025,11
2025-11-17 07:00:00+05:30,359.728661711815,21.1,59.4,2025,11
2025-11-17 07:15:00+05:30,371.6178770108317,21.35,57.5,2025,11
2025-11-17 07:30:00+05:30,388.3444121977764,21.7,58.1,2025,11
2025-11-17 07:45:00+05:30,405.7584644689887,22.1,57.4,2025,11
2025-11-17 08:00:00+05:30,421.1101371381639,22.950000000000003,54.2,2025,11
2025-11-17 08:15:00+05:30,438.0671441859328,23.95,50.3,2025,11
2025-11-17 08:30:00+05:30,452.556442746781,24.05,51.6,2025,11
2025-11-17 08:45:00+05:30,462.6282260845963,25.9,43.7,2025,11
2025-11-17 09:00:00+05:30,474.2997886691798,27.0,40.9,2025,11
2025-11-17 09:15:00+05:30,481.6695201345096,27.8,37.8,2025,11
2025-11-17 09:30:00+05:30,490.0229056428814,28.45,37.1,2025,11
2025-11-17 09:45:00+05:30,500.89478843029104,29.2,37.2,2025,11
2025-11-17 10:00:00+05:30,504.9033852050777,29.8,35.8,2025,11
2025-11-17 10:15:00+05:30,512.0323193229846,30.2,35.6,2025,11
2025-11-17 10:30:00+05:30,517.4937067215352,30.75,34.0,2025,11
2025-11-17 10:45:00+05:30,519.8148773352084,31.35,31.3,2025,11
2025-11-17 11:00:00+05:30,519.7905806690852,31.55,30.2,2025,11
2025-11-17 11:15:00+05:30,518.2186641248171,31.95,30.2,2025,11
2025-11-17 11:30:00+05:30,516.6509968698158,31.75,30.0,2025,11
2025-11-17 11:45:00+05:30,515.153505627106,32.05,30.7,2025,11
2025-11-17 12:00:00+05:30,518.1063127062512,32.05,30.4,2025,11
2025-11-17 12:15:00+05:30,514.1393346051659,32.6,28.6,2025,11
2025-11-17 12:30:00+05:30,513.589638065336,32.9,30.2,2025,11
2025-11-17 12:45:00+05:30,510.4576642230729,33.0,28.9,2025,11
2025-11-17 13:00:00+05:30,507.7117849122446,32.9,28.1,2025,11
2025-11-17 13:15:00+05:30,506.2513284855694,33.3,26.0,2025,11
2025-11-17 13:30:00+05:30,503.02151797672735,33.65,25.4,2025,11
2025-11-17 13:45:00+05:30,503.92023205446094,33.55,24.9,2025,11
2025-11-17 14:00:00+05:30,510.510095909676,33.65,24.9,2025,11
2025-11-17 14:15:00+05:30,511.2729958073891,33.65,24.0,2025,11
2025-11-17 14:30:00+05:30,510.3375880181238,34.25,23.0,2025,11
2025-11-17 14:45:00+05:30,513.9469725462054,34.3,22.4,2025,11
2025-11-17 15:00:00+05:30,513.6284804033074,34.4,21.6,2025,11
2025-11-17 15:15:00+05:30,513.8883191573914,34.7,27.5,2025,11
2025-11-17 15:30:00+05:30,515.1046256984877,34.4,29.0,2025,11
2025-11-17 15:45:00+05:30,514.4834958654455,33.85,30.6,2025,11
2025-11-17 16:00:00+05:30,514.5751569009958,33.0,29.2,2025,11
2025-11-17 16:15:00+05:30,508.4543697436853,31.9,31.0,2025,11
2025-11-17 16:30:00+05:30,503.7995198175964,30.75,34.5,2025,11
2025-11-17 16:45:00+05:30,499.5185425737423,29.9,35.8,2025,11
2025-11-17 17:00:00+05:30,500.9619781280763,29.25,37.8,2025,11
2025-11-17 17:15:00+05:30,497.47319574333807,28.55,37.6,2025,11
2025-11-17 17:30:00+05:30,492.4850384504458,27.9,36.0,2025,11
2025-11-17 17:45:00+05:30,490.78576392372486,27.3,39.4,2025,11
2025-11-17 18:00:00+05:30,492.8788258149341,26.9,42.1,2025,11
2025-11-17 18:15:00+05:30,490.3367836988548,26.55,45.2,2025,11
2025-11-17 18:30:00+05:30,484.8248156755841,26.45,47.1,2025,11
2025-11-17 18:45:00+05:30,477.8308252009146,26.35,49.6,2025,11
2025-11-17 19:00:00+05:30,470.7318595964685,26.450000000000003,49.7,2025,11
2025-11-17 19:15:00+05:30,464.4760828523829,26.35,51.1,2025,11
2025-11-17 19:30:00+05:30,453.3014908471203,26.2,53.3,2025,11
2025-11-17 19:45:00+05:30,446.3841138517704,25.9,53.2,2025,11
2025-11-17 20:00:00+05:30,436.4944567149994,25.65,50.6,2025,11
2025-11-17 20:15:00+05:30,431.2395032148362,25.4,48.7,2025,11
2025-11-17 20:30:00+05:30,424.1724724293151,25.15,48.5,2025,11
2025-11-17 20:45:00+05:30,419.1117223973888,24.950000000000003,49.6,2025,11
2025-11-17 21:00:00+05:30,413.77405403442685,24.65,49.6,2025,11
2025-11-17 21:15:00+05:30,408.1136674838359,24.5,49.5,2025,11
2025-11-17 21:30:00+05:30,400.75338991611386,24.3,48.9,2025,11
2025-11-17 21:45:00+05:30,394.4367927394548,24.2,49.4,2025,11
2025-11-17 22:00:00+05:30,385.5024664879996,24.05,50.5,2025,11
2025-11-17 22:15:00+05:30,376.0887284143701,23.8,52.4,2025,11
2025-11-17 22:30:00+05:30,372.6994073200062,23.75,53.5,2025,11
2025-11-17 22:45:00+05:30,365.97598237226896,23.65,55.6,2025,11
2025-11-17 23:00:00+05:30,358.63506187674994,23.65,54.0,2025,11
2025-11-17 23:15:00+05:30,350.8597621763269,23.5,55.1,2025,11
2025-11-17 23:30:00+05:30,341.94104269183003,23.35,56.5,2025,11
2025-11-17 23:45:00+05:30,337.07992716799697,23.3,58.5,2025,11
2025-11-18 00:00:00+05:30,331.411290246686,23.1,60.7,2025,11
2025-11-18 00:15:00+05:30,327.81530900241904,23.0,60.1,2025,11
2025-11-18 00:30:00+05:30,321.2833381934822,22.95,63.5,2025,11
2025-11-18 00:45:00+05:30,315.6018228153931,22.65,64.6,2025,11
2025-11-18 01:00:00+05:30,311.75916906844407,22.6,64.9,2025,11
2025-11-18 01:15:00+05:30,309.1016796751708,22.45,65.6,2025,11
2025-11-18 01:30:00+05:30,306.11269234034154,22.25,65.9,2025,11
2025-11-18 01:45:00+05:30,304.0690996273545,22.15,66.2,2025,11
2025-11-18 02:00:00+05:30,302.4912854069358,22.15,66.2,2025,11
2025-11-18 02:15:00+05:30,299.99442443898124,22.0,67.7,2025,11
2025-11-18 02:30:00+05:30,296.9624655873786,21.9,67.4,2025,11
2025-11-18 02:45:00+05:30,295.15896290030304,21.9,66.8,2025,11
2025-11-18 03:00:00+05:30,293.46935551078406,21.9,64.9,2025,11
2025-11-18 03:15:00+05:30,289.921601073141,21.75,66.6,2025,11
2025-11-18 03:30:00+05:30,284.8260311482212,21.7,67.6,2025,11
2025-11-18 03:45:00+05:30,282.78650072238395,21.65,68.5,2025,11
2025-11-18 04:00:00+05:30,282.05982260445296,21.55,67.9,2025,11
2025-11-18 04:15:00+05:30,281.80333432034763,21.4,67.7,2025,11
2025-11-18 04:30:00+05:30,283.2983313166735,21.35,66.2,2025,11
2025-11-18 04:45:00+05:30,284.45053725909304,21.15,65.8,2025,11
2025-11-18 05:00:00+05:30,289.27037542407305,21.0,64.5,2025,11
2025-11-18 05:15:00+05:30,292.6041313560664,20.8,63.1,2025,11
2025-11-18 05:30:00+05:30,298.14941309195376,20.85,61.7,2025,11
2025-11-18 05:45:00+05:30,304.34490270330747,20.9,61.3,2025,11
2025-11-18 06:00:00+05:30,315.5912177785217,20.9,59.2,2025,11
2025-11-18 06:15:00+05:30,327.3895606831547,20.8,59.9,2025,11
2025-11-18 06:30:00+05:30,338.4870480080204,20.65,60.4,2025,11
2025-11-18 06:45:00+05:30,353.2755230263581,20.65,59.9,2025,11
2025-11-18 07:00:00+05:30,365.3670462323763,20.7,61.0,2025,11
2025-11-18 07:15:00+05:30,376.6284482017775,20.9,62.6,2025,11
2025-11-18 07:30:00+05:30,389.692154793417,21.25,61.3,2025,11
2025-11-18 07:45:00+05:30,402.3100219765736,21.7,59.9,2025,11
2025-11-18 08:00:00+05:30,419.1055693929874,22.3,58.6,2025,11
2025-11-18 08:15:00+05:30,433.213012068334,23.1,55.6,2025,11
2025-11-18 08:30:00+05:30,445.93252936876905,23.3,56.1,2025,11
2025-11-18 08:45:00+05:30,456.6828580227585,24.95,49.5,2025,11
2025-11-18 09:00:00+05:30,469.10621693387577,26.05,45.3,2025,11
2025-11-18 09:15:00+05:30,480.542495704547,26.9,41.9,2025,11
2025-11-18 09:30:00+05:30,487.05396634923153,27.7,38.5,2025,11
2025-11-18 09:45:00+05:30,494.8898362492742,28.7,36.0,2025,11
2025-11-18 10:00:00+05:30,499.108518620745,29.25,36.8,2025,11
2025-11-18 10:15:00+05:30,496.2433844647262,29.7,36.6,2025,11
2025-11-18 10:30:00+05:30,497.2393729817609,30.2,35.8,2025,11
2025-11-18 10:45:00+05:30,504.56964278754594,30.65,34.7,2025,11
2025-11-18 11:00:00+05:30,513.1492851527527,31.05,34.0,2025,11
2025-11-18 11:15:00+05:30,514.869307373617,31.55,32.6,2025,11
2025-11-18 11:30:00+05:30,514.1088738437945,31.75,32.9,2025,11
2025-11-18 11:45:00+05:30,510.950066202662,31.85,31.5,2025,11
2025-11-18 12:00:00+05:30,509.73862633366514,32.2,31.6,2025,11
2025-11-18 12:15:00+05:30,506.6007124200528,32.4,31.9,2025,11
2025-11-18 12:30:00+05:30,505.1776552191087,32.5,30.5,2025,11
2025-11-18 12:45:00+05:30,506.27443634856695,32.75,30.3,2025,11
2025-11-18 13:00:00+05:30,498.63513645462217,32.8,27.9,2025,11
2025-11-18 13:15:00+05:30,502.64456314030815,32.75,26.3,2025,11
2025-11-18 13:30:00+05:30,498.65997296216966,33.0,25.4,2025,11
2025-11-18 13:45:00+05:30,498.9562021684336,33.25,25.0,2025,11
2025-11-18 14:00:00+05:30,502.1323104959908,33.15,24.7,2025,11
2025-11-18 14:15:00+05:30,507.74404939363023,33.3,26.6,2025,11
2025-11-18 14:30:00+05:30,507.9629915537522,33.7,27.3,2025,11
2025-11-18 14:45:00+05:30,518.1011270149568,34.2,24.9,2025,11
2025-11-18 15:00:00+05:30,510.62021912051455,34.3,29.4,2025,11
2025-11-18 15:15:00+05:30,510.33225839765737,33.85,28.7,2025,11
2025-11-18 15:30:00+05:30,512.958234104717,33.5,28.4,2025,11
2025-11-18 15:45:00+05:30,512.2318192823165,33.15,30.6,2025,11
2025-11-18 16:00:00+05:30,513.0741754041461,32.6,31.0,2025,11
2025-11-18 16:15:00+05:30,506.2849056326325,31.45,33.6,2025,11
2025-11-18 16:30:00+05:30,503.0633879491761,30.3,34.0,2025,11
2025-11-18 16:45:00+05:30,501.773135471043,29.5,37.2,2025,11
2025-11-18 17:00:00+05:30,499.5397954017269,28.65,38.5,2025,11
2025-11-18 17:15:00+05:30,497.8983747823097,28.15,39.4,2025,11
2025-11-18 17:30:00+05:30,492.5825680968149,27.5,40.3,2025,11
2025-11-18 17:45:00+05:30,493.0629723175881,27.0,42.7,2025,11
2025-11-18 18:00:00+05:30,494.6435688814795,26.6,41.7,2025,11
2025-11-18 18:15:00+05:30,492.2334936166715,26.3,42.8,2025,11
2025-11-18 18:30:00+05:30,489.6002461950425,26.0,43.7,2025,11
2025-11-18 18:45:00+05:30,481.3441347682838,25.75,48.6,2025,11
2025-11-18 19:00:00+05:30,472.73868760514944,25.65,51.4,2025,11
2025-11-18 19:15:00+05:30,465.1922218409096,25.6,52.5,2025,11
2025-11-18 19:30:00+05:30,454.6788930721935,25.5,50.8,2025,11
2025-11-18 19:45:00+05:30,445.3837219996836,25.35,52.7,2025,11
2025-11-18 20:00:00+05:30,438.8482856009688,25.1,54.4,2025,11
2025-11-18 20:15:00+05:30,433.34680109363296,24.9,54.1,2025,11
2025-11-18 20:30:00+05:30,427.8792203254992,24.7,51.9,2025,11
2025-11-18 20:45:00+05:30,421.1584052982158,24.55,50.0,2025,11
2025-11-18 21:00:00+05:30,415.3616387235717,24.4,48.9,2025,11
2025-11-18 21:15:00+05:30,408.5706210860933,24.2,48.9,2025,11
2025-11-18 21:30:00+05:30,401.6054638496192,23.95,50.7,2025,11
2025-11-18 21:45:00+05:30,396.1207477410464,23.65,52.2,2025,11
2025-11-18 22:00:00+05:30,388.5819400679828,23.4,51.9,2025,11
2025-11-18 22:15:00+05:30,381.7499946318417,23.35,52.1,2025,11
2025-11-18 22:30:00+05:30,375.4124582963246,23.2,53.4,2025,11
2025-11-18 22:45:00+05:30,366.53258794582376,23.05,54.0,2025,11
2025-11-18 23:00:00+05:30,361.8697049733097,22.95,55.3,2025,11
2025-11-18 23:15:00+05:30,351.59206481727216,23.0,57.5,2025,11
2025-11-18 23:30:00+05:30,342.1981540588131,22.8,62.8,2025,11
2025-11-18 23:45:00+05:30,337.7704216989448,22.7,63.1,2025,11
2025-11-19 00:00:00+05:30,329.0,22.6,60.4,2025,11
2025-11-19 00:15:00+05:30,326.0,22.5,59.4,2025,11
2025-11-19 00:30:00+05:30,320.0,22.4,60.2,2025,11
2025-11-19 00:45:00+05:30,317.0,22.3,61.3,2025,11
2025-11-19 01:00:00+05:30,313.0,22.3,62.0,2025,11
2025-11-19 01:15:00+05:30,311.0,22.1,62.8,2025,11
2025-11-19 01:30:00+05:30,306.0,21.9,63.3,2025,11
2025-11-19 01:45:00+05:30,301.0,21.9,64.6,2025,11
2025-11-19 02:00:00+05:30,298.0,21.8,65.8,2025,11
2025-11-19 02:15:00+05:30,296.0,21.7,66.7,2025,11
2025-11-19 02:30:00+05:30,295.0,21.6,65.0,2025,11
2025-11-19 02:45:00+05:30,292.0,21.6,64.1,2025,11
2025-11-19 03:00:00+05:30,291.0,21.5,62.6,2025,11
2025-11-19 03:15:00+05:30,289.0,21.4,63.9,2025,11
2025-11-19 03:30:00+05:30,285.0,21.2,64.7,2025,11
2025-11-19 03:45:00+05:30,282.0,21.2,65.7,2025,11
2025-11-19 04:00:00+05:30,283.0,21.2,64.5,2025,11
2025-11-19 04:15:00+05:30,283.0,21.1,63.7,2025,11
2025-11-19 04:30:00+05:30,286.0,21.0,62.0,2025,11
2025-11-19 04:45:00+05:30,288.0,20.9,61.8,2025,11
2025-11-19 05:00:00+05:30,291.0,20.9,62.0,2025,11
2025-11-19 05:15:00+05:30,293.0,20.9,64.5,2025,11
2025-11-19 05:30:00+05:30,300.0,20.8,66.1,2025,11
2025-11-19 05:45:00+05:30,306.0,20.7,64.1,2025,11
2025-11-19 06:00:00+05:30,321.0,20.6,64.2,2025,11
2025-11-19 06:15:00+05:30,331.0,20.7,57.6,2025,11
2025-11-19 06:30:00+05:30,345.0,20.7,62.6,2025,11
2025-11-19 06:45:00+05:30,354.0,20.8,61.8,2025,11
2025-11-19 07:00:00+05:30,368.0,20.9,61.0,2025,11
2025-11-19 07:15:00+05:30,378.0,21.2,57.6,2025,11
2025-11-19 07:30:00+05:30,391.0,21.5,54.5,2025,11
2025-11-19 07:45:00+05:30,407.0,21.9,55.0,2025,11
2025-11-19 08:00:00+05:30,424.0,22.4,54.9,2025,11
2025-11-19 08:15:00+05:30,438.0,23.1,54.0,2025,11
2025-11-19 08:30:00+05:30,452.0,23.3,54.0,2025,11
2025-11-19 08:45:00+05:30,464.0,25.1,47.7,2025,11
2025-11-19 09:00:00+05:30,476.0,26.2,43.3,2025,11
2025-11-19 09:15:00+05:30,485.0,27.0,42.1,2025,11
2025-11-19 09:30:00+05:30,495.0,27.7,41.0,2025,11
2025-11-19 09:45:00+05:30,500.0,28.6,39.5,2025,11
2025-11-19 10:00:00+05:30,506.0,29.0,38.8,2025,11
2025-11-19 10:15:00+05:30,509.0,29.7,38.0,2025,11
2025-11-19 10:30:00+05:30,513.0,30.0,37.5,2025,11
2025-11-19 10:45:00+05:30,516.0,30.9,36.4,2025,11
2025-11-19 11:00:00+05:30,516.0,31.2,35.2,2025,11
2025-11-19 11:15:00+05:30,516.0,31.4,35.0,2025,11
2025-11-19 11:30:00+05:30,514.0,31.7,34.4,2025,11
2025-11-19 11:45:00+05:30,512.0,32.0,34.0,2025,11
2025-11-19 12:00:00+05:30,512.0,32.2,34.0,2025,11
2025-11-19 12:15:00+05:30,509.0,32.5,33.0,2025,11
2025-11-19 12:30:00+05:30,511.0,32.7,32.1,2025,11
2025-11-19 12:45:00+05:30,511.0,33.1,30.9,2025,11
2025-11-19 13:00:00+05:30,507.0,33.2,30.2,2025,11
2025-11-19 13:15:00+05:30,504.0,33.5,29.0,2025,11
2025-11-19 13:30:00+05:30,506.0,33.8,26.5,2025,11
2025-11-19 13:45:00+05:30,507.0,34.1,25.7,2025,11
2025-11-19 14:00:00+05:30,513.0,34.2,25.6,2025,11
2025-11-19 14:15:00+05:30,515.0,34.3,24.9,2025,11
2025-11-19 14:30:00+05:30,514.0,34.9,30.6,2025,11
2025-11-19 14:45:00+05:30,518.0,35.1,33.5,2025,11
2025-11-19 15:00:00+05:30,520.0,35.3,30.6,2025,11
2025-11-19 15:15:00+05:30,522.0,35.2,27.6,2025,11
2025-11-19 15:30:00+05:30,519.0,35.1,27.4,2025,11
2025-11-19 15:45:00+05:30,519.0,34.8,28.8,2025,11
2025-11-19 16:00:00+05:30,521.0,34.3,29.6,2025,11
2025-11-19 16:15:00+05:30,516.0,32.8,33.8,2025,11
2025-11-19 16:30:00+05:30,514.0,31.6,34.1,2025,11
2025-11-19 16:45:00+05:30,510.0,30.7,35.6,2025,11
2025-11-19 17:00:00+05:30,509.0,29.9,38.3,2025,11
2025-11-19 17:15:00+05:30,506.0,29.0,38.9,2025,11
2025-11-19 17:30:00+05:30,501.0,28.2,39.5,2025,11
2025-11-19 17:45:00+05:30,501.0,27.6,39.9,2025,11
2025-11-19 18:00:00+05:30,502.0,27.1,41.1,2025,11
2025-11-19 18:15:00+05:30,498.0,26.8,40.0,2025,11
2025-11-19 18:30:00+05:30,492.0,26.5,41.0,2025,11
2025-11-19 18:45:00+05:30,485.0,26.2,42.8,2025,11
2025-11-19 19:00:00+05:30,476.0,25.9,43.3,2025,11
2025-11-19 19:15:00+05:30,464.0,25.6,42.5,2025,11
2025-11-19 19:30:00+05:30,458.0,25.5,42.6,2025,11
2025-11-19 19:45:00+05:30,449.0,25.3,44.0,2025,11
2025-11-19 20:00:00+05:30,441.0,25.1,45.3,2025,11
2025-11-19 20:15:00+05:30,436.0,24.9,45.4,2025,11
2025-11-19 20:30:00+05:30,430.0,24.6,46.3,2025,11
2025-11-19 20:45:00+05:30,426.0,24.5,46.3,2025,11
2025-11-19 21:00:00+05:30,417.0,24.3,46.4,2025,11
2025-11-19 21:15:00+05:30,412.0,24.2,46.3,2025,11
2025-11-19 21:30:00+05:30,407.0,24.1,46.4,2025,11
2025-11-19 21:45:00+05:30,400.0,24.1,45.3,2025,11
2025-11-19 22:00:00+05:30,393.0,23.9,46.2,2025,11
2025-11-19 22:15:00+05:30,384.0,23.8,48.1,2025,11
2025-11-19 22:30:00+05:30,378.0,23.8,51.3,2025,11
2025-11-19 22:45:00+05:30,370.0,23.7,53.9,2025,11
2025-11-19 23:00:00+05:30,361.0,23.6,53.9,2025,11
2025-11-19 23:15:00+05:30,351.0,23.4,54.9,2025,11
2025-11-19 23:30:00+05:30,344.0,23.3,55.5,2025,11
2025-11-19 23:45:00+05:30,338.0,23.3,55.5,2025,11
2025-11-20 00:00:00+05:30,331.95413964270074,23.1,56.2,2025,11
2025-11-20 00:15:00+05:30,325.22447843035104,23.0,56.8,2025,11
2025-11-20 00:30:00+05:30,319.6993447359717,22.9,56.2,2025,11
2025-11-20 00:45:00+05:30,317.52083484374066,22.75,56.6,2025,11
2025-11-20 01:00:00+05:30,312.66847609988827,22.65,57.5,2025,11
2025-11-20 01:15:00+05:30,310.471254301318,22.6,57.1,2025,11
2025-11-20 01:30:00+05:30,307.02588708326164,22.5,57.5,2025,11
2025-11-20 01:45:00+05:30,303.5190367338838,22.45,57.2,2025,11
2025-11-20 02:00:00+05:30,300.1248940272341,22.35,56.9,2025,11
2025-11-20 02:15:00+05:30,298.0479446156468,22.25,57.0,2025,11
2025-11-20 02:30:00+05:30,295.6641528301362,22.2,58.3,2025,11
2025-11-20 02:45:00+05:30,293.53746145259834,22.15,59.6,2025,11
2025-11-20 03:00:00+05:30,293.00957334714326,22.0,61.9,2025,11
2025-11-20 03:15:00+05:30,291.56950917470164,21.9,62.5,2025,11
2025-11-20 03:30:00+05:30,288.3203226943232,21.85,62.6,2025,11
2025-11-20 03:45:00+05:30,287.0553428160112,21.8,64.2,2025,11
2025-11-20 04:00:00+05:30,285.8786930803586,21.75,63.7,2025,11
2025-11-20 04:15:00+05:30,286.6650540818547,21.75,61.8,2025,11
2025-11-20 04:30:00+05:30,288.6980955509545,21.65,61.3,2025,11
2025-11-20 04:45:00+05:30,290.3834727858314,21.55,61.3,2025,11
2025-11-20 05:00:00+05:30,294.5158017646647,21.45,62.9,2025,11
2025-11-20 05:15:00+05:30,297.8559140773967,21.25,63.9,2025,11
2025-11-20 05:30:00+05:30,304.9878086236777,21.2,65.6,2025,11
2025-11-20 05:45:00+05:30,313.541354097403,21.15,66.8,2025,11
2025-11-20 06:00:00+05:30,326.39502201566734,21.15,67.1,2025,11
2025-11-20 06:15:00+05:30,334.018523531613,21.05,66.2,2025,11
2025-11-20 06:30:00+05:30,344.0789600718308,21.05,64.2,2025,11
2025-11-20 06:45:00+05:30,357.4825505121876,21.200000000000003,65.0,2025,11
2025-11-20 07:00:00+05:30,369.7710231472458,21.3,66.8,2025,11
2025-11-20 07:15:00+05:30,379.9331131256784,21.55,66.4,2025,11
2025-11-20 07:30:00+05:30,391.84436170046735,21.85,63.5,2025,11
2025-11-20 07:45:00+05:30,409.2784581977709,22.3,61.9,2025,11
2025-11-20 08:00:00+05:30,426.6350563367336,22.8,61.5,2025,11
2025-11-20 08:15:00+05:30,443.4493885520746,23.4,57.1,2025,11
2025-11-20 08:30:00+05:30,456.6934351398101,23.75,57.5,2025,11
2025-11-20 08:45:00+05:30,470.3273442382882,25.6,53.0,2025,11
2025-11-20 09:00:00+05:30,480.5286840487904,26.75,47.5,2025,11
2025-11-20 09:15:00+05:30,490.03585123925393,27.4,43.0,2025,11
2025-11-20 09:30:00+05:30,497.6835839272578,28.450000000000003,39.6,2025,11
2025-11-20 09:45:00+05:30,505.2714939806359,29.15,39.5,2025,11
2025-11-20 10:00:00+05:30,510.17818962085056,29.6,39.8,2025,11
2025-11-20 10:15:00+05:30,514.6543471283914,29.950000000000003,39.3,2025,11
2025-11-20 10:30:00+05:30,519.3722250502082,30.5,38.5,2025,11
2025-11-20 10:45:00+05:30,520.0559149683163,31.25,36.5,2025,11
2025-11-20 11:00:00+05:30,522.16668389861,31.45,35.7,2025,11
2025-11-20 11:15:00+05:30,522.0550471996726,31.950000000000003,34.6,2025,11
2025-11-20 11:30:00+05:30,522.4158878485332,32.25,34.0,2025,11
2025-11-20 11:45:00+05:30,518.6165163358114,32.5,33.5,2025,11
2025-11-20 12:00:00+05:30,520.4658827878607,32.650000000000006,32.7,2025,11
2025-11-20 12:15:00+05:30,520.3937577493215,32.8,31.4,2025,11
2025-11-20 12:30:00+05:30,518.1023907268132,33.2,31.0,2025,11
2025-11-20 12:45:00+05:30,517.666858805779,33.25,30.5,2025,11
2025-11-20 13:00:00+05:30,514.3443547392202,33.65,29.0,2025,11
2025-11-20 13:15:00+05:30,511.66330349884015,33.6,39.6,2025,11
2025-11-20 13:30:00+05:30,513.2338976739868,33.65,39.6,2025,11
2025-11-20 13:45:00+05:30,512.4010283981625,33.55,39.7,2025,11
2025-11-20 14:00:00+05:30,516.8547605542051,33.65,41.8,2025,11
2025-11-20 14:15:00+05:30,522.04933799406,33.85,40.7,2025,11
2025-11-20 14:30:00+05:30,524.1248649736636,34.25,39.6,2025,11
2025-11-20 14:45:00+05:30,527.0054199804417,34.55,39.2,2025,11
2025-11-20 15:00:00+05:30,527.4695043860245,34.85,37.3,2025,11
2025-11-20 15:15:00+05:30,525.3740999141287,34.55,38.6,2025,11
2025-11-20 15:30:00+05:30,527.5821943862528,34.2,39.0,2025,11
2025-11-20 15:45:00+05:30,526.9940560085797,34.1,37.3,2025,11
2025-11-20 16:00:00+05:30,529.1159933111193,33.95,35.7,2025,11
2025-11-20 16:15:00+05:30,523.3467345563887,32.6,38.1,2025,11
2025-11-20 16:30:00+05:30,520.4820891340083,31.5,36.4,2025,11
2025-11-20 16:45:00+05:30,516.8482961587736,30.55,38.4,2025,11
2025-11-20 17:00:00+05:30,515.6741575724784,29.6,38.8,2025,11
2025-11-20 17:15:00+05:30,511.83785626600775,28.8,38.3,2025,11
2025-11-20 17:30:00+05:30,505.5111942488099,28.15,41.2,2025,11
2025-11-20 17:45:00+05:30,505.5044680057674,27.55,43.0,2025,11
2025-11-20 18:00:00+05:30,506.9723848274841,27.15,41.6,2025,11
2025-11-20 18:15:00+05:30,501.9057669635997,26.8,42.1,2025,11
2025-11-20 18:30:00+05:30,494.45901232167256,26.6,42.7,2025,11
2025-11-20 18:45:00+05:30,489.2452551078258,26.4,43.5,2025,11
2025-11-20 19:00:00+05:30,481.2555622646792,26.3,48.2,2025,11
2025-11-20 19:15:00+05:30,470.5297870061976,26.15,51.2,2025,11
2025-11-20 19:30:00+05:30,462.7453742534455,26.0,49.4,2025,11
2025-11-20 19:45:00+05:30,453.5112639236397,25.85,46.4,2025,11
2025-11-20 20:00:00+05:30,445.8558527257081,25.8,46.4,2025,11
2025-11-20 20:15:00+05:30,441.0637306871118,25.65,48.7,2025,11
2025-11-20 20:30:00+05:30,434.7165966043654,25.45,50.6,2025,11
2025-11-20 20:45:00+05:30,430.01163884792487,25.3,51.9,2025,11
2025-11-20 21:00:00+05:30,423.4594127449326,25.1,54.4,2025,11
2025-11-20 21:15:00+05:30,417.5654466819201,24.85,56.5,2025,11
2025-11-20 21:30:00+05:30,412.1056828813516,24.8,58.1,2025,11
2025-11-20 21:45:00+05:30,405.1488500726477,24.55,59.9,2025,11
2025-11-20 22:00:00+05:30,396.5698122243455,24.25,61.3,2025,11
2025-11-20 22:15:00+05:30,389.2585689331476,24.200000000000003,58.8,2025,11
2025-11-20 22:30:00+05:30,385.667720926684,24.15,59.8,2025,11
2025-11-20 22:45:00+05:30,374.56012858393,23.85,62.5,2025,11
2025-11-20 23:00:00+05:30,366.2958889210145,23.9,66.1,2025,11
2025-11-20 23:15:00+05:30,359.8039211837205,23.8,69.9,2025,11
2025-11-20 23:30:00+05:30,351.2724793934755,23.75,68.9,2025,11
2025-11-20 23:45:00+05:30,346.1940766007188,23.77,68.4,2025,11
2025-11-21 00:00:00+05:30,337.48750215189426,23.45,67.7,2025,11
2025-11-21 00:15:00+05:30,332.30810465448207,23.35,65.0,2025,11
2025-11-21 00:30:00+05:30,324.0664397268804,23.25,65.6,2025,11
2025-11-21 00:45:00+05:30,323.2707127773905,23.15,66.0,2025,11
2025-11-21 01:00:00+05:30,320.14842155203,23.05,66.8,2025,11
2025-11-21 01:15:00+05:30,316.3637146751292,22.95,67.1,2025,11
2025-11-21 01:30:00+05:30,312.2834088064757,22.9,67.8,2025,11
2025-11-21 01:45:00+05:30,310.1621532911012,22.8,69.1,2025,11
2025-11-21 02:00:00+05:30,305.78295697687065,22.65,71.7,2025,11
2025-11-21 02:15:00+05:30,303.95288978909207,22.55,73.2,2025,11
2025-11-21 02:30:00+05:30,301.8985716309319,22.4,71.6,2025,11
2025-11-21 02:45:00+05:30,298.8406669462835,22.5,70.9,2025,11
2025-11-21 03:00:00+05:30,294.7115983629636,22.5,72.2,2025,11
2025-11-21 03:15:00+05:30,293.2469145934064,22.45,74.6,2025,11
2025-11-21 03:30:00+05:30,290.02138570924325,22.4,73.1,2025,11
2025-11-21 03:45:00+05:30,288.45586796104703,22.4,70.9,2025,11
2025-11-21 04:00:00+05:30,288.46700783384347,22.35,69.9,2025,11
2025-11-21 04:15:00+05:30,288.5479147824914,22.2,69.9,2025,11
2025-11-21 04:30:00+05:30,292.1052676633539,22.15,69.0,2025,11
2025-11-21 04:45:00+05:30,294.39152536219825,22.1,67.7,2025,11
2025-11-21 05:00:00+05:30,298.3819119525017,22.1,66.2,2025,11
2025-11-21 05:15:00+05:30,299.95433222355234,22.1,65.6,2025,11
2025-11-21 05:30:00+05:30,306.988264630105,22.05,64.0,2025,11
2025-11-21 05:45:00+05:30,311.67420398638563,21.95,64.0,2025,11
2025-11-21 06:00:00+05:30,327.8523755186557,21.8,65.2,2025,11
2025-11-21 06:15:00+05:30,337.38089302016465,21.7,65.5,2025,11
2025-11-21 06:30:00+05:30,348.1186972275523,21.7,66.1,2025,11
2025-11-21 06:45:00+05:30,358.727110536537,21.7,65.8,2025,11
2025-11-21 07:00:00+05:30,371.86990053135554,21.8,67.3,2025,11
2025-11-21 07:15:00+05:30,383.9451983140879,22.0,66.2,2025,11
2025-11-21 07:30:00+05:30,397.17554681676256,22.3,65.6,2025,11
2025-11-21 07:45:00+05:30,412.0274950167888,22.55,63.6,2025,11
2025-11-21 08:00:00+05:30,429.80561368853193,23.05,61.8,2025,11
2025-11-21 08:15:00+05:30,445.6856222628281,23.55,60.3,2025,11
2025-11-21 08:30:00+05:30,460.3403282124505,24.1,59.9,2025,11
2025-11-21 08:45:00+05:30,472.84696523897645,25.75,53.9,2025,11
2025-11-21 09:00:00+05:30,487.0139522716499,26.85,47.7,2025,11
2025-11-21 09:15:00+05:30,495.50889251737686,27.7,43.9,2025,11
2025-11-21 09:30:00+05:30,504.8751372355109,28.65,40.9,2025,11
2025-11-21 09:45:00+05:30,510.5195880752843,29.15,39.7,2025,11
2025-11-21 10:00:00+05:30,515.5333854486241,29.85,38.5,2025,11
2025-11-21 10:15:00+05:30,522.5595109947147,30.35,38.4,2025,11
2025-11-21 10:30:00+05:30,526.8358713108178,30.8,37.3,2025,11
2025-11-21 10:45:00+05:30,530.1597743287979,31.4,36.3,2025,11
2025-11-21 11:00:00+05:30,533.30496091348,31.75,35.7,2025,11
2025-11-21 11:15:00+05:30,530.6577375220772,32.0,35.2,2025,11
2025-11-21 11:30:00+05:30,529.0567420232228,32.35,34.0,2025,11
2025-11-21 11:45:00+05:30,529.6287392459307,32.7,33.8,2025,11
2025-11-21 12:00:00+05:30,532.6311243455128,33.0,34.5,2025,11
2025-11-21 12:15:00+05:30,533.0542667600844,33.15,33.0,2025,11
2025-11-21 12:30:00+05:30,530.1648538761442,33.5,32.5,2025,11
2025-11-21 12:45:00+05:30,530.9563857386019,33.7,32.6,2025,11
2025-11-21 13:00:00+05:30,526.8079770237331,34.05,31.4,2025,11
2025-11-21 13:15:00+05:30,525.3723215485414,34.3,31.2,2025,11
2025-11-21 13:30:00+05:30,523.1349851546709,34.25,30.5,2025,11
2025-11-21 13:45:00+05:30,522.3947469436818,34.55,29.9,2025,11
2025-11-21 14:00:00+05:30,528.0542459616116,35.05,27.9,2025,11
2025-11-21 14:15:00+05:30,533.6597055177465,35.3,27.7,2025,11
2025-11-21 14:30:00+05:30,533.881344543465,35.7,27.6,2025,11
2025-11-21 14:45:00+05:30,536.233419519786,35.6,37.3,2025,11
2025-11-21 15:00:00+05:30,535.4522311446513,35.35,40.7,2025,11
2025-11-21 15:15:00+05:30,534.5028967475527,35.5,34.8,2025,11
2025-11-21 15:30:00+05:30,533.483365597215,34.75,39.0,2025,11
2025-11-21 15:45:00+05:30,532.7869376840592,34.15,43.6,2025,11
2025-11-21 16:00:00+05:30,534.3843657598426,33.5,45.1,2025,11
2025-11-21 16:15:00+05:30,528.9392139884375,32.2,47.0,2025,11
2025-11-21 16:30:00+05:30,528.1319942775281,31.45,48.6,2025,11
2025-11-21 16:45:00+05:30,523.6639800979905,30.6,47.7,2025,11
2025-11-21 17:00:00+05:30,522.0755196355797,30.0,49.3,2025,11
2025-11-21 17:15:00+05:30,517.3760840760749,29.4,51.2,2025,11
2025-11-21 17:30:00+05:30,513.072392159838,29.0,51.2,2025,11
2025-11-21 17:45:00+05:30,515.5249040681666,28.55,54.5,2025,11
2025-11-21 18:00:00+05:30,515.8078918063301,28.1,56.8,2025,11
2025-11-21 18:15:00+05:30,511.9874814716265,27.8,54.5,2025,11
2025-11-21 18:30:00+05:30,506.37095720169214,27.6,52.9,2025,11
2025-11-21 18:45:00+05:30,500.1395386647121,27.45,59.3,2025,11
2025-11-21 19:00:00+05:30,493.0194259578475,27.25,62.1,2025,11
2025-11-21 19:15:00+05:30,483.26310733364494,27.05,63.1,2025,11
2025-11-21 19:30:00+05:30,473.672874651301,26.85,66.6,2025,11
2025-11-21 19:45:00+05:30,464.8528208346304,26.65,67.4,2025,11
2025-11-21 20:00:00+05:30,453.6434354315311,26.55,66.1,2025,11
2025-11-21 20:15:00+05:30,450.5340933635479,26.35,60.5,2025,11
2025-11-21 20:30:00+05:30,443.65972951264575,26.3,57.7,2025,11
2025-11-21 20:45:00+05:30,440.7800144877745,26.2,57.1,2025,11
2025-11-21 21:00:00+05:30,433.7150687602376,26.05,55.8,2025,11
2025-11-21 21:15:00+05:30,425.57784413983313,25.9,57.7,2025,11
2025-11-21 21:30:00+05:30,418.03314011775416,25.7,59.7,2025,11
2025-11-21 21:45:00+05:30,412.37582326217006,25.55,59.9,2025,11
2025-11-21 22:00:00+05:30,405.4444991683747,25.35,64.6,2025,11
2025-11-21 22:15:00+05:30,397.0484503316662,25.3,66.0,2025,11
2025-11-21 22:30:00+05:30,391.3742982951097,25.2,63.4,2025,11
2025-11-21 22:45:00+05:30,384.4965884543516,25.15,64.6,2025,11
2025-11-21 23:00:00+05:30,376.5120951793628,25.0,67.9,2025,11
2025-11-21 23:15:00+05:30,369.20133833135617,24.9,70.0,2025,11
2025-11-21 23:30:00+05:30,361.2206325262643,24.8,70.5,2025,11
2025-11-21 23:45:00+05:30,356.4064449304495,24.6,72.3,2025,11
2025-11-22 00:00:00+05:30,352.3198695200752,24.4,73.6,2025,11
2025-11-22 00:15:00+05:30,344.1523437112812,24.4,74.4,2025,11
2025-11-22 00:30:00+05:30,334.59745448743604,24.3,75.3,2025,11
2025-11-22 00:45:00+05:30,328.90577348669547,24.2,75.3,2025,11
2025-11-22 01:00:00+05:30,327.4723147594783,24.2,74.9,2025,11
2025-11-22 01:15:00+05:30,321.2802153528868,24.2,75.4,2025,11
2025-11-22 01:30:00+05:30,314.7537159967186,24.2,75.8,2025,11
2025-11-22 01:45:00+05:30,311.67506363469414,24.2,75.8,2025,11
2025-11-22 02:00:00+05:30,310.92536504116845,24.1,74.7,2025,11
2025-11-22 02:15:00+05:30,308.5549235501777,24.0,75.4,2025,11
2025-11-22 02:30:00+05:30,306.49306764454707,24.0,71.0,2025,11
2025-11-22 02:45:00+05:30,305.62506533973215,23.9,68.8,2025,11
2025-11-22 03:00:00+05:30,303.0221840102274,23.8,71.0,2025,11
2025-11-22 03:15:00+05:30,301.4151005006888,23.8,70.4,2025,11
2025-11-22 03:30:00+05:30,296.8908630260438,23.7,68.9,2025,11
2025-11-22 03:45:00+05:30,295.7576053767493,23.6,69.2,2025,11
2025-11-22 04:00:00+05:30,292.5645832685048,23.6,70.6,2025,11
2025-11-22 04:15:00+05:30,291.62994051370924,23.5,73.1,2025,11
2025-11-22 04:30:00+05:30,294.75923165276663,23.5,74.8,2025,11
2025-11-22 04:45:00+05:30,298.7021471152764,23.4,74.9,2025,11
2025-11-22 05:00:00+05:30,302.1400630098006,23.3,76.0,2025,11
2025-11-22 05:15:00+05:30,302.257596965412,23.2,77.5,2025,11
2025-11-22 05:30:00+05:30,305.9509202712531,23.1,77.9,2025,11
2025-11-22 05:45:00+05:30,310.92956124557514,23.2,78.2,2025,11
2025-11-22 06:00:00+05:30,317.47655528108976,23.1,78.5,2025,11
2025-11-22 06:15:00+05:30,323.53667989266285,23.1,78.7,2025,11
2025-11-22 06:30:00+05:30,333.57606322483105,23.0,79.1,2025,11
2025-11-22 06:45:00+05:30,335.8012926068962,23.0,79.1,2025,11
2025-11-22 07:00:00+05:30,345.9253092956075,23.1,78.7,2025,11
2025-11-22 07:15:00+05:30,351.01039193493455,23.2,79.1,2025,11
2025-11-22 07:30:00+05:30,358.0541614340564,23.6,78.9,2025,11
2025-11-22 07:45:00+05:30,368.1046800787148,24.0,77.7,2025,11
2025-11-22 08:00:00+05:30,379.7385513249977,24.5,76.0,2025,11
2025-11-22 08:15:00+05:30,390.6919195406365,25.0,73.9,2025,11
2025-11-22 08:30:00+05:30,400.5707244670448,25.5,71.7,2025,11
2025-11-22 08:45:00+05:30,416.9105970422555,26.7,66.1,2025,11
2025-11-22 09:00:00+05:30,428.503769208876,27.8,60.4,2025,11
2025-11-22 09:15:00+05:30,437.7394933400926,28.6,55.4,2025,11
2025-11-22 09:30:00+05:30,445.301960571745,29.3,54.1,2025,11
2025-11-22 09:45:00+05:30,452.7172457821266,29.9,51.3,2025,11
2025-11-22 10:00:00+05:30,459.6060367213543,30.6,49.1,2025,11
2025-11-22 10:15:00+05:30,464.2862426925275,31.1,48.8,2025,11
2025-11-22 10:30:00+05:30,471.28286878382255,32.2,46.1,2025,11
2025-11-22 10:45:00+05:30,475.946103599254,32.6,42.3,2025,11
2025-11-22 11:00:00+05:30,477.9274423461357,33.1,40.1,2025,11
2025-11-22 11:15:00+05:30,477.7085213102173,33.6,38.6,2025,11
2025-11-22 11:30:00+05:30,476.99284237907625,34.1,36.5,2025,11
2025-11-22 11:45:00+05:30,473.2150993125512,34.2,44.8,2025,11
2025-11-22 12:00:00+05:30,478.2032592468229,33.6,44.8,2025,11
2025-11-22 12:15:00+05:30,476.4539465165283,33.9,48.0,2025,11
2025-11-22 12:30:00+05:30,474.15148446765807,33.9,46.9,2025,11
2025-11-22 12:45:00+05:30,475.680192182323,33.8,47.7,2025,11
2025-11-22 13:00:00+05:30,471.1608466454247,33.9,46.4,2025,11
2025-11-22 13:15:00+05:30,471.9596246807496,34.2,46.5,2025,11
2025-11-22 13:30:00+05:30,467.39927790626143,34.1,46.9,2025,11
2025-11-22 13:45:00+05:30,470.3757291144142,34.3,46.1,2025,11
2025-11-22 14:00:00+05:30,470.47087826707457,34.3,46.1,2025,11
2025-11-22 14:15:00+05:30,475.4055026331946,34.5,44.6,2025,11
2025-11-22 14:30:00+05:30,471.866808263606,34.9,43.3,2025,11
2025-11-22 14:45:00+05:30,473.5840227305448,35.3,42.7,2025,11
2025-11-22 15:00:00+05:30,471.4065961581925,35.6,38.4,2025,11
2025-11-22 15:15:00+05:30,468.6711954474076,36.1,35.3,2025,11
2025-11-22 15:30:00+05:30,469.3446076766634,35.8,35.5,2025,11
2025-11-22 15:45:00+05:30,465.41738915421456,35.3,35.7,2025,11
2025-11-22 16:00:00+05:30,467.0061833237589,34.4,39.7,2025,11
2025-11-22 16:15:00+05:30,459.9018389455866,33.0,41.8,2025,11
2025-11-22 16:30:00+05:30,459.8461745390979,32.1,43.3,2025,11
2025-11-22 16:45:00+05:30,458.4732511803377,31.6,46.3,2025,11
2025-11-22 17:00:00+05:30,459.25463651701,30.8,49.8,2025,11
2025-11-22 17:15:00+05:30,452.609967814448,30.4,50.8,2025,11
2025-11-22 17:30:00+05:30,450.179969060366,29.9,52.0,2025,11
2025-11-22 17:45:00+05:30,453.0721130521507,29.3,55.1,2025,11
2025-11-22 18:00:00+05:30,461.9869982930464,28.9,54.5,2025,11
2025-11-22 18:15:00+05:30,458.8643958515922,28.6,54.8,2025,11
2025-11-22 18:30:00+05:30,458.17815013161726,28.4,54.5,2025,11
2025-11-22 18:45:00+05:30,454.7993214703299,28.2,55.1,2025,11
2025-11-22 19:00:00+05:30,450.300902981509,28.0,55.9,2025,11
2025-11-22 19:15:00+05:30,443.89458969942416,27.9,56.0,2025,11
2025-11-22 19:30:00+05:30,440.5565199136306,27.7,60.4,2025,11
2025-11-22 19:45:00+05:30,434.2203000680349,27.5,64.6,2025,11
2025-11-22 20:00:00+05:30,430.0700979459381,27.3,62.6,2025,11
2025-11-22 20:15:00+05:30,430.26515812514674,27.1,60.4,2025,11
2025-11-22 20:30:00+05:30,423.3844340897072,27.0,58.7,2025,11
2025-11-22 20:45:00+05:30,420.3965301201995,26.9,60.3,2025,11
2025-11-22 21:00:00+05:30,414.9700976839093,26.7,62.9,2025,11
2025-11-22 21:15:00+05:30,409.84459684497006,26.4,70.5,2025,11
2025-11-22 21:30:00+05:30,404.6171659554459,26.3,73.7,2025,11
2025-11-22 21:45:00+05:30,399.1387656692674,26.1,73.4,2025,11
2025-11-22 22:00:00+05:30,394.4754935136499,26.0,72.0,2025,11
2025-11-22 22:15:00+05:30,388.5400677034306,25.8,76.3,2025,11
2025-11-22 22:30:00+05:30,384.8910711415609,25.7,74.8,2025,11
2025-11-22 22:45:00+05:30,376.5381673165159,25.6,74.5,2025,11
2025-11-22 23:00:00+05:30,370.5708143318345,25.6,75.0,2025,11
2025-11-22 23:15:00+05:30,359.96003126462665,25.3,75.4,2025,11
2025-11-22 23:30:00+05:30,357.2772774350826,25.4,76.1,2025,11
2025-11-22 23:45:00+05:30,352.7255972594256,25.2,77.1,2025,11
2025-11-23 00:00:00+05:30,346.1332193741733,25.25,76.5,2025,11
2025-11-23 00:15:00+05:30,342.0028927485744,25.15,77.2,2025,11
2025-11-23 00:30:00+05:30,334.87333206441,25.05,76.1,2025,11
2025-11-23 00:45:00+05:30,331.36713586793604,25.0,76.6,2025,11
2025-11-23 01:00:00+05:30,326.2727273236804,25.05,76.1,2025,11
2025-11-23 01:15:00+05:30,322.46106704045764,25.0,75.7,2025,11
2025-11-23 01:30:00+05:30,319.25151779120233,24.85,73.0,2025,11
2025-11-23 01:45:00+05:30,317.23238607361435,24.8,75.4,2025,11
2025-11-23 02:00:00+05:30,315.60833663046066,24.8,74.9,2025,11
2025-11-23 02:15:00+05:30,311.10514593873046,24.8,74.2,2025,11
2025-11-23 02:30:00+05:30,308.72104507600136,24.75,73.4,2025,11
2025-11-23 02:45:00+05:30,305.87525137131087,24.7,74.9,2025,11
2025-11-23 03:00:00+05:30,302.88970167069635,24.65,76.4,2025,11
2025-11-23 03:15:00+05:30,301.3408758331868,24.65,78.0,2025,11
2025-11-23 03:30:00+05:30,300.6544831070066,24.55,78.0,2025,11
2025-11-23 03:45:00+05:30,300.37004318853013,24.5,78.6,2025,11
2025-11-23 04:00:00+05:30,299.8025313751583,24.4,79.1,2025,11
2025-11-23 04:15:00+05:30,298.6489025485393,24.450000000000003,79.2,2025,11
2025-11-23 04:30:00+05:30,298.07416711012127,24.450000000000003,79.3,2025,11
2025-11-23 04:45:00+05:30,299.3445311037029,24.35,79.2,2025,11
2025-11-23 05:00:00+05:30,298.5522133988917,24.35,79.1,2025,11
2025-11-23 05:15:00+05:30,300.3186181224372,24.25,80.0,2025,11
2025-11-23 05:30:00+05:30,303.7894445669005,24.15,79.0,2025,11
2025-11-23 05:45:00+05:30,306.81736451471505,24.15,79.1,2025,11
2025-11-23 06:00:00+05:30,311.2149717882978,24.1,79.2,2025,11
2025-11-23 06:15:00+05:30,314.549414755452,24.05,79.6,2025,11
2025-11-23 06:30:00+05:30,314.86913559221875,24.0,79.5,2025,11
2025-11-23 06:45:00+05:30,316.3367424202573,24.0,79.6,2025,11
2025-11-23 07:00:00+05:30,318.9492860301267,24.1,79.2,2025,11
2025-11-23 07:15:00+05:30,323.387605083024,24.3,78.4,2025,11
2025-11-23 07:30:00+05:30,327.1365127742953,24.55,77.9,2025,11
2025-11-23 07:45:00+05:30,332.79074528563035,24.9,77.1,2025,11
2025-11-23 08:00:00+05:30,342.8666040266346,25.35,76.2,2025,11
2025-11-23 08:15:00+05:30,349.0269423908102,25.8,75.3,2025,11
2025-11-23 08:30:00+05:30,355.688720388096,26.35,74.1,2025,11
2025-11-23 08:45:00+05:30,363.5403707188549,27.25,70.1,2025,11
2025-11-23 09:00:00+05:30,369.4975646704403,28.5,64.2,2025,11
2025-11-23 09:15:00+05:30,374.2990967470926,29.05,63.0,2025,11
2025-11-23 09:30:00+05:30,380.2369241556694,29.65,61.4,2025,11
2025-11-23 09:45:00+05:30,386.3467523595356,30.3,57.3,2025,11
2025-11-23 10:00:00+05:30,390.9298587407324,31.05,53.9,2025,11
2025-11-23 10:15:00+05:30,394.5081041621274,31.75,51.4,2025,11
2025-11-23 10:30:00+05:30,403.78850509190414,32.599999999999994,48.3,2025,11
2025-11-23 10:45:00+05:30,408.0026600416898,33.3,46.3,2025,11
2025-11-23 11:00:00+05:30,410.2968088190314,33.55,48.0,2025,11
2025-11-23 11:15:00+05:30,412.79429602243727,34.05,46.5,2025,11
2025-11-23 11:30:00+05:30,416.3240327487464,34.55,44.7,2025,11
2025-11-23 11:45:00+05:30,417.8936737177328,34.55,46.0,2025,11
2025-11-23 12:00:00+05:30,414.32447937651625,34.2,48.0,2025,11
2025-11-23 12:15:00+05:30,416.0338848587767,34.3,49.3,2025,11
2025-11-23 12:30:00+05:30,413.8971612631614,34.150000000000006,50.4,2025,11
2025-11-23 12:45:00+05:30,414.3374994234335,34.1,53.1,2025,11
2025-11-23 13:00:00+05:30,411.2441138871355,34.0,51.5,2025,11
2025-11-23 13:15:00+05:30,409.2659055404738,33.95,51.3,2025,11
2025-11-23 13:30:00+05:30,409.84322443621886,33.849999999999994,53.5,2025,11
2025-11-23 13:45:00+05:30,410.77160201908384,33.8,52.4,2025,11
2025-11-23 14:00:00+05:30,409.8774765417735,33.45,53.9,2025,11
2025-11-23 14:15:00+05:30,410.7285517933855,33.849999999999994,53.9,2025,11
2025-11-23 14:30:00+05:30,409.899956530093,33.8,53.9,2025,11
2025-11-23 14:45:00+05:30,408.6366839583107,34.15,49.5,2025,11
2025-11-23 15:00:00+05:30,408.89175357243965,34.25,49.6,2025,11
2025-11-23 15:15:00+05:30,407.2269101492284,34.0,49.2,2025,11
2025-11-23 15:30:00+05:30,406.4954481011368,33.85,49.2,2025,11
2025-11-23 15:45:00+05:30,402.29171566999,33.599999999999994,49.2,2025,11
2025-11-23 16:00:00+05:30,401.985601971103,32.4,53.9,2025,11
2025-11-23 16:15:00+05:30,399.190397102812,31.2,58.1,2025,11
2025-11-23 16:30:00+05:30,396.4996389558364,30.9,58.4,2025,11
2025-11-23 16:45:00+05:30,394.4296297361626,30.2,60.0,2025,11
2025-11-23 17:00:00+05:30,393.02652365962473,29.700000000000003,61.5,2025,11
2025-11-23 17:15:00+05:30,393.1977027485622,29.35,65.6,2025,11
2025-11-23 17:30:00+05:30,395.3679241188311,28.9,65.6,2025,11
2025-11-23 17:45:00+05:30,397.3902647470582,28.6,64.8,2025,11
2025-11-23 18:00:00+05:30,406.5555664285519,28.3,65.6,2025,11
2025-11-23 18:15:00+05:30,407.8951951374557,28.1,65.3,2025,11
2025-11-23 18:30:00+05:30,408.5833190415216,27.95,64.0,2025,11
2025-11-23 18:45:00+05:30,408.7802933182288,27.8,63.0,2025,11
2025-11-23 19:00:00+05:30,407.02923352647264,27.7,61.9,2025,11
2025-11-23 19:15:00+05:30,405.917722231559,27.55,60.0,2025,11
2025-11-23 19:30:00+05:30,402.273612979433,27.5,59.4,2025,11
2025-11-23 19:45:00+05:30,402.242796007781,27.4,60.7,2025,11
2025-11-23 20:00:00+05:30,400.9560929152675,27.200000000000003,61.5,2025,11
2025-11-23 20:15:00+05:30,400.5534806225114,27.1,63.7,2025,11
2025-11-23 20:30:00+05:30,396.3598158069698,26.95,65.0,2025,11
2025-11-23 20:45:00+05:30,391.9151503932112,26.8,67.4,2025,11
2025-11-23 21:00:00+05:30,392.0641738791877,26.65,68.2,2025,11
2025-11-23 21:15:00+05:30,390.2577315962285,26.5,66.2,2025,11
2025-11-23 21:30:00+05:30,388.78771149498056,26.35,67.1,2025,11
2025-11-23 21:45:00+05:30,385.8962628909738,26.35,66.9,2025,11
2025-11-23 22:00:00+05:30,378.2605073204275,26.3,68.5,2025,11
2025-11-23 22:15:00+05:30,374.6141353648847,26.15,69.3,2025,11
2025-11-23 22:30:00+05:30,371.8695788967355,26.05,72.3,2025,11
2025-11-23 22:45:00+05:30,367.40298985372425,26.0,74.9,2025,11
2025-11-23 23:00:00+05:30,359.2300420001777,25.9,75.4,2025,11
2025-11-23 23:15:00+05:30,350.4189814335821,25.9,74.8,2025,11
2025-11-23 23:30:00+05:30,346.18545199482145,25.8,76.3,2025,11
2025-11-23 23:45:00+05:30,341.37326073674154,25.77,76.2,2025,11
2025-11-24 00:00:00+05:30,336.67134540455004,25.6,79.7,2025,11
2025-11-24 00:15:00+05:30,331.58574331289697,25.5,79.1,2025,11
2025-11-24 00:30:00+05:30,325.1857651143328,25.45,78.6,2025,11
2025-11-24 00:45:00+05:30,322.3584643911242,25.4,79.0,2025,11
2025-11-24 01:00:00+05:30,317.091887731017,25.35,78.7,2025,11
2025-11-24 01:15:00+05:30,313.19689396340226,25.3,78.0,2025,11
2025-11-24 01:30:00+05:30,310.8538563417618,25.200000000000003,79.8,2025,11
2025-11-24 01:45:00+05:30,307.8429193000811,25.200000000000003,81.3,2025,11
2025-11-24 02:00:00+05:30,305.2802059167676,25.200000000000003,82.3,2025,11
2025-11-24 02:15:00+05:30,303.06726308970246,25.05,82.9,2025,11
2025-11-24 02:30:00+05:30,300.2835997235064,25.0,83.8,2025,11
2025-11-24 02:45:00+05:30,297.747200611003,24.9,84.0,2025,11
2025-11-24 03:00:00+05:30,294.8828371223512,24.85,83.3,2025,11
2025-11-24 03:15:00+05:30,293.68535263988645,24.75,82.1,2025,11
2025-11-24 03:30:00+05:30,293.65864182842023,24.7,81.7,2025,11
2025-11-24 03:45:00+05:30,291.9327050388126,24.7,81.9,2025,11
2025-11-24 04:00:00+05:30,290.61818121720273,24.65,83.2,2025,11
2025-11-24 04:15:00+05:30,291.84314583836283,24.6,83.0,2025,11
2025-11-24 04:30:00+05:30,293.8491024034969,24.65,84.0,2025,11
2025-11-24 04:45:00+05:30,294.9373842010682,24.6,83.4,2025,11
2025-11-24 05:00:00+05:30,297.2456267893234,24.6,82.8,2025,11
2025-11-24 05:15:00+05:30,301.86380454021446,24.55,82.5,2025,11
2025-11-24 05:30:00+05:30,306.6785263033081,24.45,82.8,2025,11
2025-11-24 05:45:00+05:30,314.01419440395165,24.45,83.4,2025,11
2025-11-24 06:00:00+05:30,325.7968205008848,24.4,84.1,2025,11
2025-11-24 06:15:00+05:30,339.43242012369825,24.4,84.5,2025,11
2025-11-24 06:30:00+05:30,351.60816723466843,24.35,84.8,2025,11
2025-11-24 06:45:00+05:30,364.23350939150026,24.35,84.8,2025,11
2025-11-24 07:00:00+05:30,378.0511619336209,24.4,83.6,2025,11
2025-11-24 07:15:00+05:30,390.8604900567035,24.55,82.2,2025,11
2025-11-24 07:30:00+05:30,407.6511387026588,24.9,81.3,2025,11
2025-11-24 07:45:00+05:30,424.6089754083306,25.25,80.9,2025,11
2025-11-24 08:00:00+05:30,447.53339796298616,25.75,79.2,2025,11
2025-11-24 08:15:00+05:30,464.5844176995206,26.25,76.6,2025,11
2025-11-24 08:30:00+05:30,482.4110668043408,26.75,75.2,2025,11
2025-11-24 08:45:00+05:30,497.1873116674296,27.8,70.5,2025,11
2025-11-24 09:00:00+05:30,514.1809691564291,28.85,65.2,2025,11
2025-11-24 09:15:00+05:30,526.9340731174278,29.4,62.9,2025,11
2025-11-24 09:30:00+05:30,538.6188015804253,30.25,60.0,2025,11
2025-11-24 09:45:00+05:30,549.1848038028219,30.950000000000003,57.1,2025,11
2025-11-24 10:00:00+05:30,556.950135020817,31.45,56.3,2025,11
2025-11-24 10:15:00+05:30,564.3597692263452,31.7,56.2,2025,11
2025-11-24 10:30:00+05:30,569.7113550591187,32.75,53.3,2025,11
2025-11-24 10:45:00+05:30,570.9702180162627,33.2,52.4,2025,11
2025-11-24 11:00:00+05:30,574.6413709829684,33.599999999999994,51.5,2025,11
2025-11-24 11:15:00+05:30,573.8448448817876,33.7,52.6,2025,11
2025-11-24 11:30:00+05:30,571.2699346964349,33.85,52.2,2025,11
2025-11-24 11:45:00+05:30,574.8291679433809,33.95,52.4,2025,11
2025-11-24 12:00:00+05:30,574.878363913455,34.1,51.9,2025,11
2025-11-24 12:15:00+05:30,575.4567446908333,34.05,51.8,2025,11
2025-11-24 12:30:00+05:30,575.3755254157215,34.3,49.6,2025,11
2025-11-24 12:45:00+05:30,573.6773218182674,34.2,52.1,2025,11
2025-11-24 13:00:00+05:30,569.395266137307,34.45,50.7,2025,11
2025-11-24 13:15:00+05:30,567.0487031547258,34.6,50.7,2025,11
2025-11-24 13:30:00+05:30,565.9157805678901,34.55,50.7,2025,11
2025-11-24 13:45:00+05:30,566.9073828295525,34.1,49.4,2025,11
2025-11-24 14:00:00+05:30,571.449848699043,34.4,48.0,2025,11
2025-11-24 14:15:00+05:30,570.3634990642072,34.650000000000006,45.5,2025,11
2025-11-24 14:30:00+05:30,571.4828052589513,35.0,43.3,2025,11
2025-11-24 14:45:00+05:30,573.4561698221847,35.349999999999994,42.3,2025,11
2025-11-24 15:00:00+05:30,574.9494243049081,35.45,40.2,2025,11
2025-11-24 15:15:00+05:30,573.3739632957753,34.7,42.1,2025,11
2025-11-24 15:30:00+05:30,571.4733682409416,35.05,41.5,2025,11
2025-11-24 15:45:00+05:30,565.4501760971164,34.5,44.8,2025,11
2025-11-24 16:00:00+05:30,564.7979177690443,33.2,51.3,2025,11
2025-11-24 16:15:00+05:30,557.5371011812346,32.05,54.6,2025,11
2025-11-24 16:30:00+05:30,555.415281799882,31.45,55.7,2025,11
2025-11-24 16:45:00+05:30,550.4303474054685,31.05,57.8,2025,11
2025-11-24 17:00:00+05:30,550.6524410506543,30.450000000000003,59.7,2025,11
2025-11-24 17:15:00+05:30,547.945530581791,30.0,62.0,2025,11
2025-11-24 17:30:00+05:30,543.3455232715223,29.6,61.9,2025,11
2025-11-24 17:45:00+05:30,542.5823521953721,29.2,60.7,2025,11
2025-11-24 18:00:00+05:30,539.7961232417454,29.0,61.4,2025,11
2025-11-24 18:15:00+05:30,533.4272668603478,28.8,63.5,2025,11
2025-11-24 18:30:00+05:30,527.0026624589691,28.7,63.1,2025,11
2025-11-24 18:45:00+05:30,518.3702509898819,28.5,64.5,2025,11
2025-11-24 19:00:00+05:30,511.1551280173568,28.4,64.2,2025,11
2025-11-24 19:15:00+05:30,501.5711831238783,28.3,62.6,2025,11
2025-11-24 19:30:00+05:30,492.2617438651319,28.200000000000003,62.1,2025,11
2025-11-24 19:45:00+05:30,482.8353264349387,28.05,63.6,2025,11
2025-11-24 20:00:00+05:30,472.3648485209555,27.9,65.2,2025,11
2025-11-24 20:15:00+05:30,465.1694844870007,27.75,65.7,2025,11
2025-11-24 20:30:00+05:30,458.8020499544377,27.700000000000003,66.8,2025,11
2025-11-24 20:45:00+05:30,455.6623839448513,27.6,68.2,2025,11
2025-11-24 21:00:00+05:30,450.5609008944788,27.450000000000003,69.3,2025,11
2025-11-24 21:15:00+05:30,445.7188514703403,27.3,70.2,2025,11
2025-11-24 21:30:00+05:30,439.6584651805954,27.2,71.1,2025,11
2025-11-24 21:45:00+05:30,431.378674105011,27.1,73.2,2025,11
2025-11-24 22:00:00+05:30,425.2604887208556,27.0,75.5,2025,11
2025-11-24 22:15:00+05:30,414.38143768623,26.9,75.4,2025,11
2025-11-24 22:30:00+05:30,412.0528594330169,26.75,76.0,2025,11
2025-11-24 22:45:00+05:30,405.9882690662851,26.700000000000003,74.7,2025,11
2025-11-24 23:00:00+05:30,399.6501346786486,26.65,75.2,2025,11
2025-11-24 23:15:00+05:30,391.1605117345979,26.55,77.3,2025,11
2025-11-24 23:30:00+05:30,383.2389618100429,26.45,78.4,2025,11
2025-11-24 23:45:00+05:30,378.2967110081819,26.35,77.5,2025,11
2025-11-25 00:00:00+05:30,368.9661093721203,26.2,74.6,2025,11
2025-11-25 00:15:00+05:30,362.4582033720405,26.25,77.9,2025,11
2025-11-25 00:30:00+05:30,354.9023798848866,26.15,78.5,2025,11
2025-11-25 00:45:00+05:30,352.75537290002944,25.950000000000003,80.8,2025,11
2025-11-25 01:00:00+05:30,345.78170733508506,25.9,82.2,2025,11
2025-11-25 01:15:00+05:30,342.006354252075,25.85,82.4,2025,11
2025-11-25 01:30:00+05:30,338.0198599157951,25.85,83.0,2025,11
2025-11-25 01:45:00+05:30,332.8168201943305,25.7,83.9,2025,11
2025-11-25 02:00:00+05:30,328.92047130540294,25.6,84.5,2025,11
2025-11-25 02:15:00+05:30,326.77365407997286,25.5,85.4,2025,11
2025-11-25 02:30:00+05:30,324.2329303803731,25.4,85.9,2025,11
2025-11-25 02:45:00+05:30,321.5037839588164,25.35,86.1,2025,11
2025-11-25 03:00:00+05:30,317.88821401316795,25.25,87.1,2025,11
2025-11-25 03:15:00+05:30,313.8769548787984,25.2,87.2,2025,11
2025-11-25 03:30:00+05:30,308.5726907811781,25.2,87.2,2025,11
2025-11-25 03:45:00+05:30,307.3902857306508,25.15,87.1,2025,11
2025-11-25 04:00:00+05:30,306.67106674365897,25.1,85.4,2025,11
2025-11-25 04:15:00+05:30,308.9282637074244,25.1,83.9,2025,11
2025-11-25 04:30:00+05:30,309.0717845019656,25.0,85.2,2025,11
2025-11-25 04:45:00+05:30,311.89509206384594,24.95,85.5,2025,11
2025-11-25 05:00:00+05:30,316.4649455133883,24.95,86.5,2025,11
2025-11-25 05:15:00+05:30,317.5721184503715,24.85,86.6,2025,11
2025-11-25 05:30:00+05:30,322.6808221025547,24.85,85.3,2025,11
2025-11-25 05:45:00+05:30,330.0924451781889,24.85,84.6,2025,11
2025-11-25 06:00:00+05:30,345.8080142945931,24.75,84.1,2025,11
2025-11-25 06:15:00+05:30,353.81720640507785,24.75,81.8,2025,11
2025-11-25 06:30:00+05:30,369.0016383030359,24.7,80.3,2025,11
2025-11-25 06:45:00+05:30,377.8792050368921,24.7,79.2,2025,11
2025-11-25 07:00:00+05:30,390.3886522912144,24.8,79.0,2025,11
2025-11-25 07:15:00+05:30,401.8451842280889,24.95,77.7,2025,11
2025-11-25 07:30:00+05:30,417.4551902362274,25.25,76.3,2025,11
2025-11-25 07:45:00+05:30,434.4577180081224,25.55,74.8,2025,11
2025-11-25 08:00:00+05:30,456.2105739281414,26.0,74.6,2025,11
2025-11-25 08:15:00+05:30,473.8569716525514,26.4,74.2,2025,11
2025-11-25 08:30:00+05:30,490.7014840499788,26.85,73.8,2025,11
2025-11-25 08:45:00+05:30,506.4044086128451,27.5,71.8,2025,11
2025-11-25 09:00:00+05:30,520.3320516540982,28.6,66.2,2025,11
2025-11-25 09:15:00+05:30,531.6204196251072,29.5,63.1,2025,11
2025-11-25 09:30:00+05:30,540.7377658306085,30.25,60.2,2025,11
2025-11-25 09:45:00+05:30,552.0506231191578,30.85,57.7,2025,11
2025-11-25 10:00:00+05:30,557.0681677519397,31.8,53.9,2025,11
2025-11-25 10:15:00+05:30,565.8976982837843,32.35,53.0,2025,11
2025-11-25 10:30:00+05:30,572.5489020087762,33.1,48.8,2025,11
2025-11-25 10:45:00+05:30,574.029077325785,33.400000000000006,47.4,2025,11
2025-11-25 11:00:00+05:30,567.802998380354,33.8,44.7,2025,11
2025-11-25 11:15:00+05:30,576.0001085037228,34.25,46.7,2025,11
2025-11-25 11:30:00+05:30,579.4161473208052,34.3,48.1,2025,11
2025-11-25 11:45:00+05:30,580.5082486146663,34.7,49.4,2025,11
2025-11-25 12:00:00+05:30,579.640228100423,34.150000000000006,52.4,2025,11
2025-11-25 12:15:00+05:30,577.968040015126,34.05,54.5,2025,11
2025-11-25 12:30:00+05:30,577.2079352871398,34.05,55.2,2025,11
2025-11-25 12:45:00+05:30,575.7718078514405,34.1,56.2,2025,11
2025-11-25 13:00:00+05:30,571.8613011486912,34.3,55.2,2025,11
2025-11-25 13:15:00+05:30,571.0391592239858,34.35,56.8,2025,11
2025-11-25 13:30:00+05:30,573.0879039430591,34.55,55.7,2025,11
2025-11-25 13:45:00+05:30,573.5306393771423,34.6,55.2,2025,11
2025-11-25 14:00:00+05:30,573.9926578585082,34.8,53.3,2025,11
2025-11-25 14:15:00+05:30,576.4781240311154,34.349999999999994,53.6,2025,11
2025-11-25 14:30:00+05:30,578.3201507484483,34.3,54.5,2025,11
2025-11-25 14:45:00+05:30,581.2004295721081,34.1,53.9,2025,11
2025-11-25 15:00:00+05:30,580.2571925161446,34.05,51.9,2025,11
2025-11-25 15:15:00+05:30,577.3764688197106,34.05,51.3,2025,11
2025-11-25 15:30:00+05:30,575.6506185781685,33.95,50.6,2025,11
2025-11-25 15:45:00+05:30,574.2106891225067,33.8,52.5,2025,11
2025-11-25 16:00:00+05:30,575.1453959589032,33.15,54.2,2025,11
2025-11-25 16:15:00+05:30,569.835729108983,32.0,59.8,2025,11
2025-11-25 16:30:00+05:30,565.6810066566118,31.35,62.4,2025,11
2025-11-25 16:45:00+05:30,561.1158491220228,30.9,63.6,2025,11
2025-11-25 17:00:00+05:30,558.216652734702,30.450000000000003,65.6,2025,11
2025-11-25 17:15:00+05:30,557.327581748502,30.05,68.2,2025,11
2025-11-25 17:30:00+05:30,551.9541534317605,29.5,70.0,2025,11
2025-11-25 17:45:00+05:30,551.0137114189198,29.15,72.0,2025,11
2025-11-25 18:00:00+05:30,548.1080344669626,28.9,72.2,2025,11
2025-11-25 18:15:00+05:30,543.1519988661381,28.6,72.7,2025,11
2025-11-25 18:30:00+05:30,536.5721118452077,28.5,73.1,2025,11
2025-11-25 18:45:00+05:30,528.696201472242,28.3,72.8,2025,11
2025-11-25 19:00:00+05:30,517.9911836719591,28.15,72.8,2025,11
2025-11-25 19:15:00+05:30,508.5958726813361,28.05,72.3,2025,11
2025-11-25 19:30:00+05:30,498.6922177395364,28.0,69.9,2025,11
2025-11-25 19:45:00+05:30,493.1125640981173,27.9,70.6,2025,11
2025-11-25 20:00:00+05:30,481.7105789298554,27.85,70.2,2025,11
2025-11-25 20:15:00+05:30,472.4375518181218,27.75,69.4,2025,11
2025-11-25 20:30:00+05:30,465.9495616236471,27.7,67.9,2025,11
2025-11-25 20:45:00+05:30,463.769754817704,27.65,68.7,2025,11
2025-11-25 21:00:00+05:30,455.9724561973615,27.5,68.6,2025,11
2025-11-25 21:15:00+05:30,450.0380420304823,27.4,68.4,2025,11
2025-11-25 21:30:00+05:30,445.661366651136,27.35,68.7,2025,11
2025-11-25 21:45:00+05:30,440.6270917619269,27.25,69.3,2025,11
2025-11-25 22:00:00+05:30,430.2064658215979,27.15,68.9,2025,11
2025-11-25 22:15:00+05:30,422.0232336017378,27.15,68.9,2025,11
2025-11-25 22:30:00+05:30,420.5215598920001,27.0,69.3,2025,11
2025-11-25 22:45:00+05:30,414.2985727400271,26.9,70.1,2025,11
2025-11-25 23:00:00+05:30,404.87869848412055,26.75,70.7,2025,11
2025-11-25 23:15:00+05:30,396.7622462965053,26.65,71.6,2025,11
2025-11-25 23:30:00+05:30,390.05396686637977,26.6,72.2,2025,11
2025-11-25 23:45:00+05:30,385.2945345915458,26.55,77.8,2025,11
2025-11-26 00:00:00+05:30,378.0925160440714,26.5,79.8,2025,11
2025-11-26 00:15:00+05:30,371.7358065257172,26.5,80.2,2025,11
2025-11-26 00:30:00+05:30,363.1734217630643,26.5,79.6,2025,11
2025-11-26 00:45:00+05:30,359.39500481236075,26.4,80.3,2025,11
2025-11-26 01:00:00+05:30,352.1021390215044,26.3,81.6,2025,11
2025-11-26 01:15:00+05:30,347.81552458524254,26.2,81.4,2025,11
2025-11-26 01:30:00+05:30,343.21123019688275,26.2,81.2,2025,11
2025-11-26 01:45:00+05:30,342.0274704529594,26.1,83.2,2025,11
2025-11-26 02:00:00+05:30,339.20461678911005,26.0,85.7,2025,11
2025-11-26 02:15:00+05:30,337.72645737266885,25.9,86.5,2025,11
2025-11-26 02:30:00+05:30,332.5914942623198,25.7,86.1,2025,11
2025-11-26 02:45:00+05:30,325.8186120727456,25.7,85.4,2025,11
2025-11-26 03:00:00+05:30,323.0885148097161,25.7,84.8,2025,11
2025-11-26 03:15:00+05:30,319.49786547565435,25.6,85.2,2025,11
2025-11-26 03:30:00+05:30,317.8924398747416,25.6,85.4,2025,11
2025-11-26 03:45:00+05:30,315.753565107912,25.5,85.2,2025,11
2025-11-26 04:00:00+05:30,313.46115410507963,25.5,85.5,2025,11
2025-11-26 04:15:00+05:30,314.42652348802375,25.5,85.3,2025,11
2025-11-26 04:30:00+05:30,315.52887007012833,25.5,85.0,2025,11
2025-11-26 04:45:00+05:30,319.5164397595126,25.5,84.8,2025,11
2025-11-26 05:00:00+05:30,320.07429985931054,25.4,83.9,2025,11
2025-11-26 05:15:00+05:30,325.1498371171415,25.3,83.9,2025,11
2025-11-26 05:30:00+05:30,328.9002942576904,25.2,82.9,2025,11
2025-11-26 05:45:00+05:30,335.7610831832964,25.2,83.0,2025,11
2025-11-26 06:00:00+05:30,347.2036075170354,25.2,83.3,2025,11
2025-11-26 06:15:00+05:30,357.1196858980296,25.1,84.0,2025,11
2025-11-26 06:30:00+05:30,373.1029400635896,25.1,84.4,2025,11
2025-11-26 06:45:00+05:30,386.0307079765513,25.1,84.6,2025,11
2025-11-26 07:00:00+05:30,398.11812383082713,25.1,84.8,2025,11
2025-11-26 07:15:00+05:30,413.0734323381878,25.2,84.4,2025,11
2025-11-26 07:30:00+05:30,426.9862133623536,25.5,84.1,2025,11
2025-11-26 07:45:00+05:30,444.900486074779,25.8,83.4,2025,11
2025-11-26 08:00:00+05:30,463.4484637587477,26.1,82.4,2025,11
2025-11-26 08:15:00+05:30,483.1892835636046,26.6,81.4,2025,11
2025-11-26 08:30:00+05:30,503.05270824369256,26.8,81.4,2025,11
2025-11-26 08:45:00+05:30,516.7206671901428,27.3,80.1,2025,11
2025-11-26 09:00:00+05:30,533.4251007484322,28.2,74.2,2025,11
2025-11-26 09:15:00+05:30,547.808798673088,28.9,72.0,2025,11
2025-11-26 09:30:00+05:30,554.6685825431578,29.7,68.0,2025,11
2025-11-26 09:45:00+05:30,562.1499434930201,30.2,65.6,2025,11
2025-11-26 10:00:00+05:30,568.1951348852866,31.1,59.7,2025,11
2025-11-26 10:15:00+05:30,576.8642505579011,31.9,54.6,2025,11
2025-11-26 10:30:00+05:30,580.0946853446314,32.4,51.4,2025,11
2025-11-26 10:45:00+05:30,583.8304784192914,32.9,50.7,2025,11
2025-11-26 11:00:00+05:30,585.890630228829,33.1,48.2,2025,11
2025-11-26 11:15:00+05:30,580.8622152447065,33.3,45.4,2025,11
2025-11-26 11:30:00+05:30,579.2479202601226,33.8,43.4,2025,11
2025-11-26 11:45:00+05:30,579.2844243469236,33.9,45.1,2025,11
2025-11-26 12:00:00+05:30,580.2854962844818,33.7,45.6,2025,11
2025-11-26 12:15:00+05:30,578.511369190702,33.9,47.4,2025,11
2025-11-26 12:30:00+05:30,578.0477902442751,34.2,48.0,2025,11
2025-11-26 12:45:00+05:30,576.372222573207,34.3,48.5,2025,11
2025-11-26 13:00:00+05:30,567.9198843131534,34.3,48.8,2025,11
2025-11-26 13:15:00+05:30,565.777123446712,34.5,47.9,2025,11
2025-11-26 13:30:00+05:30,565.1201540109482,34.1,49.8,2025,11
2025-11-26 13:45:00+05:30,569.1567826586935,33.7,52.3,2025,11
2025-11-26 14:00:00+05:30,573.2126943537207,33.5,54.5,2025,11
2025-11-26 14:15:00+05:30,577.1423875015349,33.1,56.7,2025,11
2025-11-26 14:30:00+05:30,576.5199478504258,33.4,55.5,2025,11
2025-11-26 14:45:00+05:30,574.3808615940176,33.1,58.1,2025,11
2025-11-26 15:00:00+05:30,573.213946350283,32.3,60.0,2025,11
2025-11-26 15:15:00+05:30,570.4218756750372,32.3,59.4,2025,11
2025-11-26 15:30:00+05:30,566.1788572928302,31.7,63.0,2025,11
2025-11-26 15:45:00+05:30,565.1561596965039,32.7,58.3,2025,11
2025-11-26 16:00:00+05:30,570.333394157571,32.4,60.4,2025,11
2025-11-26 16:15:00+05:30,567.1178269983072,31.4,63.5,2025,11
2025-11-26 16:30:00+05:30,564.473305812143,30.6,66.1,2025,11
2025-11-26 16:45:00+05:30,557.2863086213207,30.2,67.3,2025,11
2025-11-26 17:00:00+05:30,557.0425446911595,29.8,69.3,2025,11
2025-11-26 17:15:00+05:30,553.3587894237255,29.5,70.5,2025,11
2025-11-26 17:30:00+05:30,547.9224506073476,29.1,71.4,2025,11
2025-11-26 17:45:00+05:30,548.6060673995433,28.8,69.4,2025,11
2025-11-26 18:00:00+05:30,544.9975283783942,28.6,70.7,2025,11
2025-11-26 18:15:00+05:30,540.0638960590124,28.4,74.8,2025,11
2025-11-26 18:30:00+05:30,535.6554826250366,28.2,73.0,2025,11
2025-11-26 18:45:00+05:30,527.7062753968135,28.1,74.2,2025,11
2025-11-26 19:00:00+05:30,518.5484178324336,28.0,74.2,2025,11
2025-11-26 19:15:00+05:30,508.431340214453,27.9,73.6,2025,11
2025-11-26 19:30:00+05:30,501.21513391794895,27.8,72.8,2025,11
2025-11-26 19:45:00+05:30,490.9900450646333,27.7,72.2,2025,11
2025-11-26 20:00:00+05:30,478.06795304864113,27.5,72.0,2025,11
2025-11-26 20:15:00+05:30,475.35330021888944,27.4,72.7,2025,11
2025-11-26 20:30:00+05:30,466.52813238522174,27.3,73.6,2025,11
2025-11-26 20:45:00+05:30,462.4806236141894,27.1,73.6,2025,11
2025-11-26 21:00:00+05:30,457.88699279971365,27.1,73.6,2025,11
2025-11-26 21:15:00+05:30,452.5341670027216,27.0,74.3,2025,11
2025-11-26 21:30:00+05:30,447.1812276576736,26.9,74.7,2025,11
2025-11-26 21:45:00+05:30,442.508707385804,26.8,75.3,2025,11
2025-11-26 22:00:00+05:30,432.5343988379674,26.7,75.8,2025,11
2025-11-26 22:15:00+05:30,425.5433043182591,26.6,75.5,2025,11
2025-11-26 22:30:00+05:30,420.625957584483,26.6,76.0,2025,11
2025-11-26 22:45:00+05:30,415.0914989506901,26.5,77.8,2025,11
2025-11-26 23:00:00+05:30,407.9561136152429,26.4,77.3,2025,11
2025-11-26 23:15:00+05:30,400.1332297013953,26.3,77.3,2025,11
2025-11-26 23:30:00+05:30,392.5551735633285,26.2,76.6,2025,11
2025-11-26 23:45:00+05:30,384.9909573964544,26.2,75.4,2025,11
2025-11-27 00:00:00+05:30,376.2259719989218,26.0,81.8,2025,11
2025-11-27 00:15:00+05:30,369.8293272744967,25.85,83.6,2025,11
2025-11-27 00:30:00+05:30,361.94689831899024,25.700000000000003,84.5,2025,11
2025-11-27 00:45:00+05:30,357.49242360064056,25.65,83.2,2025,11
2025-11-27 01:00:00+05:30,352.697463471773,25.55,83.0,2025,11
2025-11-27 01:15:00+05:30,347.89841900907874,25.450000000000003,83.0,2025,11
2025-11-27 01:30:00+05:30,341.6920650691868,25.4,82.1,2025,11
2025-11-27 01:45:00+05:30,337.1101142940625,25.35,81.0,2025,11
2025-11-27 02:00:00+05:30,333.91090078489145,25.25,80.7,2025,11
2025-11-27 02:15:00+05:30,331.4171782940398,25.200000000000003,80.7,2025,11
2025-11-27 02:30:00+05:30,328.7005267729566,25.15,80.9,2025,11
2025-11-27 02:45:00+05:30,326.0014781643116,25.15,81.2,2025,11
2025-11-27 03:00:00+05:30,323.03946259072325,24.950000000000003,81.8,2025,11
2025-11-27 03:15:00+05:30,319.9647137685509,24.9,82.4,2025,11
2025-11-27 03:30:00+05:30,316.29486145526096,24.85,83.1,2025,11
2025-11-27 03:45:00+05:30,313.5329552413073,24.85,82.8,2025,11
2025-11-27 04:00:00+05:30,312.602088706186,24.8,82.5,2025,11
2025-11-27 04:15:00+05:30,312.6746591456992,24.700000000000003,83.0,2025,11
2025-11-27 04:30:00+05:30,315.6005100812796,24.75,84.1,2025,11
2025-11-27 04:45:00+05:30,317.3384183593077,24.700000000000003,84.8,2025,11
2025-11-27 05:00:00+05:30,321.1051378257054,24.65,85.1,2025,11
2025-11-27 05:15:00+05:30,325.7530159504862,24.55,85.4,2025,11
2025-11-27 05:30:00+05:30,325.7266611315102,24.5,86.2,2025,11
2025-11-27 05:45:00+05:30,331.4441895955945,24.5,86.7,2025,11
2025-11-27 06:00:00+05:30,352.05633783108345,24.4,87.0,2025,11
2025-11-27 06:15:00+05:30,361.3299450061168,24.3,87.3,2025,11
2025-11-27 06:30:00+05:30,372.2411146319921,24.3,87.7,2025,11
2025-11-27 06:45:00+05:30,382.6207879140376,24.3,87.2,2025,11
2025-11-27 07:00:00+05:30,393.7365277174622,24.35,86.7,2025,11
2025-11-27 07:15:00+05:30,407.82096743261616,24.45,86.2,2025,11
2025-11-27 07:30:00+05:30,423.4591270150796,24.75,83.7,2025,11
2025-11-27 07:45:00+05:30,444.9130957470101,25.1,79.7,2025,11
2025-11-27 08:00:00+05:30,464.2798090643628,25.4,75.9,2025,11
2025-11-27 08:15:00+05:30,482.5922542144157,25.85,74.7,2025,11
2025-11-27 08:30:00+05:30,496.8836949550896,26.3,72.7,2025,11
2025-11-27 08:45:00+05:30,514.8708396111473,26.95,69.9,2025,11
2025-11-27 09:00:00+05:30,524.4716786143761,28.05,62.3,2025,11
2025-11-27 09:15:00+05:30,533.4311251121181,28.65,60.7,2025,11
2025-11-27 09:30:00+05:30,542.8668650561822,29.35,56.8,2025,11
2025-11-27 09:45:00+05:30,553.7847979673656,30.1,53.4,2025,11
2025-11-27 10:00:00+05:30,560.0172349903804,31.05,49.6,2025,11
2025-11-27 10:15:00+05:30,567.4519388893809,31.55,48.3,2025,11
2025-11-27 10:30:00+05:30,569.2922842619032,32.349999999999994,43.7,2025,11
2025-11-27 10:45:00+05:30,572.6296363721186,32.650000000000006,41.5,2025,11
2025-11-27 11:00:00+05:30,570.5180167983851,32.9,42.2,2025,11
2025-11-27 11:15:00+05:30,569.551000647933,33.3,41.6,2025,11
2025-11-27 11:30:00+05:30,565.8549647170909,33.400000000000006,40.7,2025,11
2025-11-27 11:45:00+05:30,565.3733449374112,33.7,40.0,2025,11
2025-11-27 12:00:00+05:30,564.828812051458,33.95,39.7,2025,11
2025-11-27 12:15:00+05:30,561.391542304613,34.2,38.6,2025,11
2025-11-27 12:30:00+05:30,560.7993791606569,34.150000000000006,38.4,2025,11
2025-11-27 12:45:00+05:30,558.0542379914974,34.400000000000006,36.1,2025,11
2025-11-27 13:00:00+05:30,551.2733900857808,34.650000000000006,34.5,2025,11
2025-11-27 13:15:00+05:30,551.3358459671274,34.9,33.5,2025,11
2025-11-27 13:30:00+05:30,554.5675255462929,34.95,33.2,2025,11
2025-11-27 13:45:00+05:30,553.3395722081146,34.95,39.0,2025,11
2025-11-27 14:00:00+05:30,559.4962429183132,35.05,40.6,2025,11
2025-11-27 14:15:00+05:30,562.0536769755017,35.0,38.5,2025,11
2025-11-27 14:30:00+05:30,560.4379592255866,35.0,37.2,2025,11
2025-11-27 14:45:00+05:30,566.4025282284581,35.15,39.6,2025,11
2025-11-27 15:00:00+05:30,565.8102913387036,34.85,42.2,2025,11
2025-11-27 15:15:00+05:30,563.7927354303698,34.45,41.3,2025,11
2025-11-27 15:30:00+05:30,564.7656275058864,34.1,46.3,2025,11
2025-11-27 15:45:00+05:30,561.6147966802461,33.45,48.0,2025,11
2025-11-27 16:00:00+05:30,563.9541840445476,32.95,47.7,2025,11
2025-11-27 16:15:00+05:30,555.9101599458676,31.75,53.9,2025,11
2025-11-27 16:30:00+05:30,552.6624481193882,30.95,55.2,2025,11
2025-11-27 16:45:00+05:30,548.8876304886704,30.3,58.1,2025,11
2025-11-27 17:00:00+05:30,545.8193994670127,29.85,62.1,2025,11
2025-11-27 17:15:00+05:30,540.8529994227957,29.4,64.1,2025,11
2025-11-27 17:30:00+05:30,539.3796177365031,29.0,64.4,2025,11
2025-11-27 17:45:00+05:30,539.3241718132656,28.65,63.3,2025,11
2025-11-27 18:00:00+05:30,538.6300827765934,28.4,63.9,2025,11
2025-11-27 18:15:00+05:30,532.184119526404,28.2,65.3,2025,11
2025-11-27 18:30:00+05:30,524.1836327214736,28.1,65.2,2025,11
2025-11-27 18:45:00+05:30,516.4117960579505,27.95,65.8,2025,11
2025-11-27 19:00:00+05:30,507.09155309894726,27.85,66.2,2025,11
2025-11-27 19:15:00+05:30,497.3742531433901,27.75,66.7,2025,11
2025-11-27 19:30:00+05:30,489.9505676035243,27.700000000000003,67.4,2025,11
2025-11-27 19:45:00+05:30,482.514727977677,27.55,66.4,2025,11
2025-11-27 20:00:00+05:30,474.1537973914465,27.55,67.7,2025,11
2025-11-27 20:15:00+05:30,468.4446525636939,27.450000000000003,67.5,2025,11
2025-11-27 20:30:00+05:30,459.099960999357,27.4,67.8,2025,11
2025-11-27 20:45:00+05:30,455.4964289720284,27.3,67.5,2025,11
2025-11-27 21:00:00+05:30,448.267606083085,27.25,68.7,2025,11
2025-11-27 21:15:00+05:30,441.3464350244834,27.1,69.9,2025,11
2025-11-27 21:30:00+05:30,436.6702230895556,27.0,70.7,2025,11
2025-11-27 21:45:00+05:30,429.6435137849817,26.8,70.9,2025,11
2025-11-27 22:00:00+05:30,426.588038417479,26.65,71.0,2025,11
2025-11-27 22:15:00+05:30,416.9533488449764,26.5,70.7,2025,11
2025-11-27 22:30:00+05:30,414.5677801282334,26.35,70.1,2025,11
2025-11-27 22:45:00+05:30,408.54868249375465,26.15,69.5,2025,11
2025-11-27 23:00:00+05:30,398.52316787251465,26.05,69.3,2025,11
2025-11-27 23:15:00+05:30,392.0880033340201,25.95,68.8,2025,11
2025-11-27 23:30:00+05:30,383.29038801344046,25.9,67.7,2025,11
2025-11-27 23:45:00+05:30,377.9320809764079,25.86,67.2,2025,11
2025-11-28 00:00:00+05:30,370.641881899099,25.75,71.5,2025,11
2025-11-28 00:15:00+05:30,365.9002658128149,25.6,74.1,2025,11
2025-11-28 00:30:00+05:30,358.8182696492989,25.5,76.0,2025,11
2025-11-28 00:45:00+05:30,356.1666188189961,25.4,76.5,2025,11
2025-11-28 01:00:00+05:30,349.6244941802592,25.3,76.0,2025,11
2025-11-28 01:15:00+05:30,346.3564352178623,25.15,76.5,2025,11
2025-11-28 01:30:00+05:30,342.0697496195382,25.0,76.8,2025,11
2025-11-28 01:45:00+05:30,338.8406472992764,25.0,76.5,2025,11
2025-11-28 02:00:00+05:30,336.2421140846037,25.0,75.9,2025,11
2025-11-28 02:15:00+05:30,334.049425534123,25.0,76.2,2025,11
2025-11-28 02:30:00+05:30,330.60903554436135,24.8,76.5,2025,11
2025-11-28 02:45:00+05:30,325.8182845383461,24.8,76.4,2025,11
2025-11-28 03:00:00+05:30,323.7542513910858,24.700000000000003,77.3,2025,11
2025-11-28 03:15:00+05:30,320.7327761317265,24.55,78.1,2025,11
2025-11-28 03:30:00+05:30,318.61332334661023,24.5,79.6,2025,11
2025-11-28 03:45:00+05:30,316.82016374686,24.35,80.6,2025,11
2025-11-28 04:00:00+05:30,315.2020813852907,24.35,81.1,2025,11
2025-11-28 04:15:00+05:30,313.87855702482057,24.35,81.0,2025,11
2025-11-28 04:30:00+05:30,315.83510807946885,24.3,81.4,2025,11
2025-11-28 04:45:00+05:30,318.78217428786644,24.25,81.8,2025,11
2025-11-28 05:00:00+05:30,320.8696089755607,24.25,80.6,2025,11
2025-11-28 05:15:00+05:30,322.90002802182715,24.200000000000003,78.7,2025,11
2025-11-28 05:30:00+05:30,325.9866978358757,24.200000000000003,78.2,2025,11
2025-11-28 05:45:00+05:30,330.92544280810733,24.200000000000003,78.1,2025,11
2025-11-28 06:00:00+05:30,345.23165743967286,24.1,78.0,2025,11
2025-11-28 06:15:00+05:30,353.9583191939438,24.1,78.9,2025,11
2025-11-28 06:30:00+05:30,364.9415947119365,24.05,79.0,2025,11
2025-11-28 06:45:00+05:30,374.4127807033831,24.05,78.5,2025,11
2025-11-28 07:00:00+05:30,385.8561768364192,24.1,77.9,2025,11
2025-11-28 07:15:00+05:30,397.9044951681064,24.25,75.7,2025,11
2025-11-28 07:30:00+05:30,412.46969520693256,24.5,73.7,2025,11
2025-11-28 07:45:00+05:30,432.14255910777183,24.85,71.6,2025,11
2025-11-28 08:00:00+05:30,449.22893625210696,25.25,69.8,2025,11
2025-11-28 08:15:00+05:30,467.9704187834537,25.75,68.5,2025,11
2025-11-28 08:30:00+05:30,486.0020238416116,26.200000000000003,69.5,2025,11
2025-11-28 08:45:00+05:30,501.7978798972894,26.8,69.0,2025,11
2025-11-28 09:00:00+05:30,514.8034579863014,27.700000000000003,64.8,2025,11
2025-11-28 09:15:00+05:30,525.8291418561213,28.55,61.5,2025,11
2025-11-28 09:30:00+05:30,534.4814668337324,29.25,56.8,2025,11
2025-11-28 09:45:00+05:30,545.6766997543007,30.15,55.1,2025,11
2025-11-28 10:00:00+05:30,551.6872542712696,30.7,52.5,2025,11
2025-11-28 10:15:00+05:30,557.0556901587596,31.45,49.7,2025,11
2025-11-28 10:30:00+05:30,558.4340392242175,31.8,48.4,2025,11
2025-11-28 10:45:00+05:30,561.5465142575662,32.35,47.1,2025,11
2025-11-28 11:00:00+05:30,562.9179032255287,32.9,46.4,2025,11
2025-11-28 11:15:00+05:30,562.2136655885382,33.4,44.4,2025,11
2025-11-28 11:30:00+05:30,560.3169987543589,33.55,43.2,2025,11
2025-11-28 11:45:00+05:30,559.1578057938051,33.8,42.3,2025,11
2025-11-28 12:00:00+05:30,557.158218199343,33.7,41.6,2025,11
2025-11-28 12:15:00+05:30,558.2410361269312,33.849999999999994,40.8,2025,11
2025-11-28 12:30:00+05:30,553.0858326818183,34.05,39.7,2025,11
2025-11-28 12:45:00+05:30,556.3134992164308,34.349999999999994,38.6,2025,11
2025-11-28 13:00:00+05:30,553.0519770888984,34.5,37.1,2025,11
2025-11-28 13:15:00+05:30,547.9244933478299,34.8,38.7,2025,11
2025-11-28 13:30:00+05:30,548.1183945278494,34.55,45.0,2025,11
2025-11-28 13:45:00+05:30,548.968927706665,34.55,41.6,2025,11
2025-11-28 14:00:00+05:30,554.9782368189533,34.3,46.0,2025,11
2025-11-28 14:15:00+05:30,555.5221466463103,34.1,47.7,2025,11
2025-11-28 14:30:00+05:30,554.9199855241498,34.25,46.1,2025,11
2025-11-28 14:45:00+05:30,560.3847813086182,34.6,45.0,2025,11
2025-11-28 15:00:00+05:30,560.2976080548128,33.85,47.9,2025,11
2025-11-28 15:15:00+05:30,558.2147044079152,33.7,48.3,2025,11
2025-11-28 15:30:00+05:30,558.2115955510026,33.4,49.4,2025,11
2025-11-28 15:45:00+05:30,558.109477585336,32.95,51.8,2025,11
2025-11-28 16:00:00+05:30,558.3568666327345,32.2,54.1,2025,11
2025-11-28 16:15:00+05:30,552.605110549247,31.1,57.8,2025,11
2025-11-28 16:30:00+05:30,549.6000850535816,30.45,58.3,2025,11
2025-11-28 16:45:00+05:30,544.4818234565942,30.25,58.4,2025,11
2025-11-28 17:00:00+05:30,542.7419205686291,29.75,60.3,2025,11
2025-11-28 17:15:00+05:30,541.9242280737084,29.3,62.7,2025,11
2025-11-28 17:30:00+05:30,536.7560537309831,28.95,64.4,2025,11
2025-11-28 17:45:00+05:30,536.6152688864304,28.65,66.4,2025,11
2025-11-28 18:00:00+05:30,537.7728204991224,28.35,67.7,2025,11
2025-11-28 18:15:00+05:30,529.014674355555,28.2,68.5,2025,11
2025-11-28 18:30:00+05:30,520.0624145405237,28.05,69.8,2025,11
2025-11-28 18:45:00+05:30,515.9822036715808,27.9,72.1,2025,11
2025-11-28 19:00:00+05:30,506.1182930563535,27.8,72.2,2025,11
2025-11-28 19:15:00+05:30,496.7636759536804,27.7,72.3,2025,11
2025-11-28 19:30:00+05:30,486.94531923950353,27.65,69.9,2025,11
2025-11-28 19:45:00+05:30,477.2477595277588,27.55,70.5,2025,11
2025-11-28 20:00:00+05:30,470.2686894515028,27.35,70.7,2025,11
2025-11-28 20:15:00+05:30,464.0852958819691,27.3,66.8,2025,11
2025-11-28 20:30:00+05:30,458.7712306011656,27.200000000000003,66.3,2025,11
2025-11-28 20:45:00+05:30,455.6704281502853,27.05,66.5,2025,11
2025-11-28 21:00:00+05:30,449.6518778378724,26.9,66.7,2025,11
2025-11-28 21:15:00+05:30,442.8216748358653,26.75,67.2,2025,11
2025-11-28 21:30:00+05:30,438.4105312127324,26.55,66.7,2025,11
2025-11-28 21:45:00+05:30,431.0003929740822,26.5,66.8,2025,11
2025-11-28 22:00:00+05:30,425.4808159549124,26.4,67.3,2025,11
2025-11-28 22:15:00+05:30,415.4975933388269,26.200000000000003,68.0,2025,11
2025-11-28 22:30:00+05:30,411.8099574715926,25.95,69.4,2025,11
2025-11-28 22:45:00+05:30,404.5554075659532,25.9,71.0,2025,11
2025-11-28 23:00:00+05:30,395.7176431612063,25.8,71.5,2025,11
2025-11-28 23:15:00+05:30,389.63178148838347,25.65,72.2,2025,11
2025-11-28 23:30:00+05:30,383.171490849981,25.6,72.9,2025,11
2025-11-28 23:45:00+05:30,376.3356444394328,25.5,73.0,2025,11
2025-11-29 00:00:00+05:30,370.6944121045233,25.5,72.8,2025,11
2025-11-29 00:15:00+05:30,364.7522266483848,25.4,72.5,2025,11
2025-11-29 00:30:00+05:30,359.0559196942692,25.3,73.0,2025,11
2025-11-29 00:45:00+05:30,356.0468729820492,25.25,70.9,2025,11
2025-11-29 01:00:00+05:30,349.847170046323,25.15,69.6,2025,11
2025-11-29 01:15:00+05:30,346.85596355502383,25.05,68.5,2025,11
2025-11-29 01:30:00+05:30,342.80936626135724,24.95,69.5,2025,11
2025-11-29 01:45:00+05:30,336.89575913038584,24.85,70.5,2025,11
2025-11-29 02:00:00+05:30,334.7806455568444,24.8,71.9,2025,11
2025-11-29 02:15:00+05:30,332.2025077053025,24.65,73.3,2025,11
2025-11-29 02:30:00+05:30,331.2464803507316,24.55,74.3,2025,11
2025-11-29 02:45:00+05:30,329.4084434222044,24.450000000000003,75.3,2025,11
2025-11-29 03:00:00+05:30,325.6319605102485,24.450000000000003,72.5,2025,11
2025-11-29 03:15:00+05:30,322.0758221850546,24.4,72.5,2025,11
2025-11-29 03:30:00+05:30,318.4407121706613,24.35,73.0,2025,11
2025-11-29 03:45:00+05:30,316.4924227929264,24.3,72.4,2025,11
2025-11-29 04:00:00+05:30,313.7180701412533,24.25,72.1,2025,11
2025-11-29 04:15:00+05:30,312.72600645215687,24.2,71.0,2025,11
2025-11-29 04:30:00+05:30,313.20347381482105,24.05,71.0,2025,11
2025-11-29 04:45:00+05:30,314.93015201409185,24.0,70.1,2025,11
2025-11-29 05:00:00+05:30,315.569545577692,23.85,71.7,2025,11
2025-11-29 05:15:00+05:30,317.7474011105987,23.75,72.1,2025,11
2025-11-29 05:30:00+05:30,321.48170056879536,23.7,71.9,2025,11
2025-11-29 05:45:00+05:30,326.4114574129126,23.65,71.0,2025,11
2025-11-29 06:00:00+05:30,329.7556495770521,23.6,70.4,2025,11
2025-11-29 06:15:00+05:30,335.1923221557429,23.55,70.5,2025,11
2025-11-29 06:30:00+05:30,343.38658488277935,23.4,70.9,2025,11
2025-11-29 06:45:00+05:30,352.95178253984466,23.45,71.6,2025,11
2025-11-29 07:00:00+05:30,356.97074728058647,23.45,71.4,2025,11
2025-11-29 07:15:00+05:30,361.53108384749936,23.65,69.8,2025,11
2025-11-29 07:30:00+05:30,368.7447633328946,23.950000000000003,69.5,2025,11
2025-11-29 07:45:00+05:30,379.21213285834256,24.1,68.9,2025,11
2025-11-29 08:00:00+05:30,392.66988111797,24.35,67.7,2025,11
2025-11-29 08:15:00+05:30,406.7016256118205,24.8,66.1,2025,11
2025-11-29 08:30:00+05:30,420.85987616138897,25.4,65.5,2025,11
2025-11-29 08:45:00+05:30,432.7076847239404,25.85,64.8,2025,11
2025-11-29 09:00:00+05:30,443.4343055210433,26.4,64.2,2025,11
2025-11-29 09:15:00+05:30,452.21478444053406,27.950000000000003,59.3,2025,11
2025-11-29 09:30:00+05:30,457.353362053738,28.65,57.8,2025,11
2025-11-29 09:45:00+05:30,469.5892320713892,29.6,53.5,2025,11
2025-11-29 10:00:00+05:30,473.1147464239485,29.9,52.1,2025,11
2025-11-29 10:15:00+05:30,481.6577137077427,30.25,48.7,2025,11
2025-11-29 10:30:00+05:30,487.26664196362,30.75,44.9,2025,11
2025-11-29 10:45:00+05:30,488.7509303883604,31.65,42.2,2025,11
2025-11-29 11:00:00+05:30,491.5220191496359,32.2,39.6,2025,11
2025-11-29 11:15:00+05:30,488.1576498782936,32.85,37.5,2025,11
2025-11-29 11:30:00+05:30,488.5403911728007,32.6,38.3,2025,11
2025-11-29 11:45:00+05:30,484.30408019808846,33.25,35.7,2025,11
2025-11-29 12:00:00+05:30,487.87673151292455,32.9,36.6,2025,11
2025-11-29 12:15:00+05:30,488.939798402358,33.1,33.0,2025,11
2025-11-29 12:30:00+05:30,488.3507807031313,32.75,32.6,2025,11
2025-11-29 12:45:00+05:30,488.1983265021321,32.849999999999994,32.7,2025,11
2025-11-29 13:00:00+05:30,478.28266500181775,33.45,31.0,2025,11
2025-11-29 13:15:00+05:30,474.9073146259028,33.2,29.2,2025,11
2025-11-29 13:30:00+05:30,473.9400547751769,33.75,27.5,2025,11
2025-11-29 13:45:00+05:30,468.5478197182362,34.05,37.8,2025,11
2025-11-29 14:00:00+05:30,472.5738820583456,34.35,36.9,2025,11
2025-11-29 14:15:00+05:30,474.52528939144366,34.65,35.9,2025,11
2025-11-29 14:30:00+05:30,473.5381115306712,34.0,37.7,2025,11
2025-11-29 14:45:00+05:30,476.2472638260825,33.9,39.0,2025,11
2025-11-29 15:00:00+05:30,479.291205892117,33.2,41.3,2025,11
2025-11-29 15:15:00+05:30,476.1584091647072,31.85,44.5,2025,11
2025-11-29 15:30:00+05:30,471.6893086948057,31.1,48.0,2025,11
2025-11-29 15:45:00+05:30,467.22277045649287,30.75,48.9,2025,11
2025-11-29 16:00:00+05:30,467.5123560678446,30.85,49.3,2025,11
2025-11-29 16:15:00+05:30,464.3198935261112,30.4,51.4,2025,11
2025-11-29 16:30:00+05:30,463.7394009828864,29.9,53.0,2025,11
2025-11-29 16:45:00+05:30,461.0719894759393,29.4,54.4,2025,11
2025-11-29 17:00:00+05:30,461.1212596784826,29.05,55.1,2025,11
2025-11-29 17:15:00+05:30,458.28817337845305,28.55,59.6,2025,11
2025-11-29 17:30:00+05:30,459.5517946256823,28.05,61.5,2025,11
2025-11-29 17:45:00+05:30,459.2369367844656,27.6,65.3,2025,11
2025-11-29 18:00:00+05:30,468.03749231186606,27.200000000000003,66.3,2025,11
2025-11-29 18:15:00+05:30,468.6980446678576,26.85,66.8,2025,11
2025-11-29 18:30:00+05:30,464.7124164781149,26.65,65.2,2025,11
2025-11-29 18:45:00+05:30,464.0598822567926,26.5,64.7,2025,11
2025-11-29 19:00:00+05:30,458.0638496054918,26.35,62.9,2025,11
2025-11-29 19:15:00+05:30,452.1273401790984,26.25,63.7,2025,11
2025-11-29 19:30:00+05:30,444.464815321518,25.950000000000003,64.6,2025,11
2025-11-29 19:45:00+05:30,436.9480447635687,25.85,64.1,2025,11
2025-11-29 20:00:00+05:30,433.4502416708482,25.8,64.3,2025,11
2025-11-29 20:15:00+05:30,432.41578200552107,25.7,62.0,2025,11
2025-11-29 20:30:00+05:30,426.5416557425587,25.700000000000003,55.8,2025,11
2025-11-29 20:45:00+05:30,422.47028383023786,25.6,54.3,2025,11
2025-11-29 21:00:00+05:30,419.6171564095308,25.5,52.4,2025,11
2025-11-29 21:15:00+05:30,416.36241306321625,25.35,51.5,2025,11
2025-11-29 21:30:00+05:30,410.0100431028369,25.25,51.8,2025,11
2025-11-29 21:45:00+05:30,404.9818533022277,25.1,52.9,2025,11
2025-11-29 22:00:00+05:30,395.9879446109281,25.05,53.0,2025,11
2025-11-29 22:15:00+05:30,388.9007458688421,24.85,53.4,2025,11
2025-11-29 22:30:00+05:30,387.7237058550933,24.75,55.8,2025,11
2025-11-29 22:45:00+05:30,379.4369601462233,24.75,57.1,2025,11
2025-11-29 23:00:00+05:30,372.53119360863406,24.5,58.1,2025,11
2025-11-29 23:15:00+05:30,362.3563160415336,24.4,58.6,2025,11
2025-11-29 23:30:00+05:30,355.37716140461583,24.1,57.2,2025,11
2025-11-29 23:45:00+05:30,351.7093094677198,23.95,52.9,2025,11
2025-11-30 00:00:00+05:30,345.24051604407146,23.9,51.3,2025,11
2025-11-30 00:15:00+05:30,337.9494065257172,23.7,50.7,2025,11
2025-11-30 00:30:00+05:30,332.28862176306427,23.5,50.7,2025,11
2025-11-30 00:45:00+05:30,329.41180481236074,23.4,51.5,2025,11
2025-11-30 01:00:00+05:30,324.0533390215045,23.3,50.7,2025,11
2025-11-30 01:15:00+05:30,319.79952458524247,23.2,49.3,2025,11
2025-11-30 01:30:00+05:30,316.1624301968827,23.1,49.7,2025,11
2025-11-30 01:45:00+05:30,313.0442704529595,23.0,51.9,2025,11
2025-11-30 02:00:00+05:30,312.15581678911,23.0,54.3,2025,11
2025-11-30 02:15:00+05:30,309.74325737266884,22.9,54.5,2025,11
2025-11-30 02:30:00+05:30,306.5426942623198,22.7,55.0,2025,11
2025-11-30 02:45:00+05:30,303.6386120727456,22.6,62.6,2025,11
2025-11-30 03:00:00+05:30,301.8757148097161,22.5,64.9,2025,11
2025-11-30 03:15:00+05:30,298.28506547565433,22.3,64.5,2025,11
2025-11-30 03:30:00+05:30,294.7124398747417,22.2,62.2,2025,11
2025-11-30 03:45:00+05:30,292.57356510791203,22.0,62.6,2025,11
2025-11-30 04:00:00+05:30,290.2811541050796,21.8,64.4,2025,11
2025-11-30 04:15:00+05:30,291.21372348802385,21.7,66.5,2025,11
2025-11-30 04:30:00+05:30,292.3488700701284,21.6,66.9,2025,11
2025-11-30 04:45:00+05:30,292.46763975951256,21.6,64.5,2025,11
2025-11-30 05:00:00+05:30,292.0582998593106,21.5,63.9,2025,11
2025-11-30 05:15:00+05:30,293.2978371171415,21.5,64.7,2025,11
2025-11-30 05:30:00+05:30,297.04829425769043,21.3,65.2,2025,11
2025-11-30 05:45:00+05:30,298.1386831832964,21.2,63.9,2025,11
2025-11-30 06:00:00+05:30,305.6796075170354,21.2,62.3,2025,11
2025-11-30 06:15:00+05:30,307.89088589802964,21.1,60.4,2025,11
2025-11-30 06:30:00+05:30,310.3661400635895,21.1,59.8,2025,11
2025-11-30 06:45:00+05:30,312.6547079765513,21.0,58.6,2025,11
2025-11-30 07:00:00+05:30,315.1029238308271,21.1,58.7,2025,11
2025-11-30 07:15:00+05:30,318.41903233818783,21.2,58.0,2025,11
2025-11-30 07:30:00+05:30,319.7910133623536,21.5,58.6,2025,11
2025-11-30 07:45:00+05:30,328.03328607477897,22.0,56.6,2025,11
2025-11-30 08:00:00+05:30,335.0076637587477,22.4,55.3,2025,11
2025-11-30 08:15:00+05:30,342.10928356360466,23.0,54.6,2025,11
2025-11-30 08:30:00+05:30,345.4975082436925,23.5,52.7,2025,11
2025-11-30 08:45:00+05:30,353.39506719014275,24.1,52.2,2025,11
2025-11-30 09:00:00+05:30,359.46030074843213,25.2,48.3,2025,11
2025-11-30 09:15:00+05:30,362.237598673088,26.8,45.2,2025,11
2025-11-30 09:30:00+05:30,363.2941825431578,28.5,37.1,2025,11
2025-11-30 09:45:00+05:30,369.8411434930204,29.6,33.9,2025,11
2025-11-30 10:00:00+05:30,377.85353488528654,30.4,33.7,2025,11
2025-11-30 10:15:00+05:30,382.6210505579012,31.2,31.4,2025,11
2025-11-30 10:30:00+05:30,384.8842853446314,31.9,31.8,2025,11
2025-11-30 10:45:00+05:30,386.6856784192913,32.3,29.7,2025,11
2025-11-30 11:00:00+05:30,395.5162302288289,32.7,27.0,2025,11
2025-11-30 11:15:00+05:30,393.38941524470647,33.2,24.9,2025,11
2025-11-30 11:30:00+05:30,396.61112026012256,33.3,24.0,2025,11
2025-11-30 11:45:00+05:30,394.71322434692365,33.5,23.9,2025,11
2025-11-30 12:00:00+05:30,396.6814962844818,33.3,23.6,2025,11
2025-11-30 12:15:00+05:30,395.8745691907018,32.7,24.8,2025,11
2025-11-30 12:30:00+05:30,396.3453902442751,32.1,25.9,2025,11
2025-11-30 12:45:00+05:30,395.6698225732071,32.2,26.6,2025,11
2025-11-30 13:00:00+05:30,394.9222843131535,32.0,27.8,2025,11
2025-11-30 13:15:00+05:30,393.74672344671217,32.3,26.7,2025,11
2025-11-30 13:30:00+05:30,388.2209540109484,32.8,25.7,2025,11
2025-11-30 13:45:00+05:30,389.3559826586934,33.0,25.1,2025,11
2025-11-30 14:00:00+05:30,390.4774943537209,32.8,25.5,2025,11
2025-11-30 14:15:00+05:30,391.57118750153495,32.5,35.7,2025,11
2025-11-30 14:30:00+05:30,388.04714785042574,32.7,35.9,2025,11
2025-11-30 14:45:00+05:30,387.8096615940176,32.0,37.9,2025,11
2025-11-30 15:00:00+05:30,389.47874635028313,32.8,35.8,2025,11
2025-11-30 15:15:00+05:30,383.817875675037,32.5,37.8,2025,11
2025-11-30 15:30:00+05:30,386.3780572928303,32.4,36.5,2025,11
2025-11-30 15:45:00+05:30,383.4209596965038,32.5,36.7,2025,11
2025-11-30 16:00:00+05:30,384.7293941575708,31.4,36.8,2025,11
2025-11-30 16:15:00+05:30,383.41542699830734,30.4,45.4,2025,11
2025-11-30 16:30:00+05:30,380.7709058121432,29.8,47.6,2025,11
2025-11-30 16:45:00+05:30,378.4199086213207,29.4,50.2,2025,11
2025-11-30 17:00:00+05:30,379.2089446911597,29.0,50.7,2025,11
2025-11-30 17:15:00+05:30,382.2955894237255,28.5,52.9,2025,11
2025-11-30 17:30:00+05:30,383.6296506073477,27.7,56.2,2025,11
2025-11-30 17:45:00+05:30,388.2148673995433,27.2,56.6,2025,11
2025-11-30 18:00:00+05:30,398.1471283783943,26.8,56.9,2025,11
2025-11-30 18:15:00+05:30,402.8854960590125,26.5,56.9,2025,11
2025-11-30 18:30:00+05:30,401.3130826250365,26.5,56.1,2025,11
2025-11-30 18:45:00+05:30,402.1670753968134,26.3,55.7,2025,11
2025-11-30 19:00:00+05:30,399.8124178324336,26.0,54.5,2025,11
2025-11-30 19:15:00+05:30,398.43294021445297,25.8,53.4,2025,11
2025-11-30 19:30:00+05:30,396.052733917949,25.6,51.5,2025,11
2025-11-30 19:45:00+05:30,396.4340450646333,25.5,50.3,2025,11
2025-11-30 20:00:00+05:30,394.1839530486411,25.4,44.3,2025,11
2025-11-30 20:15:00+05:30,391.46930021888943,25.3,43.5,2025,11
2025-11-30 20:30:00+05:30,387.4145323852218,25.3,43.6,2025,11
2025-11-30 20:45:00+05:30,386.2358236141895,25.2,47.8,2025,11
2025-11-30 21:00:00+05:30,383.60939279971376,24.9,51.6,2025,11
2025-11-30 21:15:00+05:30,380.19096700272166,24.8,53.0,2025,11
2025-11-30 21:30:00+05:30,375.7396276576735,24.5,54.2,2025,11
2025-11-30 21:45:00+05:30,372.968707385804,24.3,54.6,2025,11
2025-11-30 22:00:00+05:30,370.73199883796735,24.0,54.4,2025,11
2025-11-30 22:15:00+05:30,365.6425043182589,23.8,53.9,2025,11
2025-11-30 22:30:00+05:30,360.725157584483,23.7,54.0,2025,11
2025-11-30 22:45:00+05:30,356.1578989506901,23.4,54.8,2025,11
2025-11-30 23:00:00+05:30,348.0553136152429,23.4,55.3,2025,11
2025-11-30 23:15:00+05:30,344.0028297013953,23.2,55.1,2025,11
2025-11-30 23:30:00+05:30,337.4575735633284,23.1,56.9,2025,11
2025-11-30 23:45:00+05:30,329.8605573964543,23.1,59.3,2025,11
