datetime,wdLoad,temp,rh,hour,day_of_week,weekend,office_hours,lag_load_15min,lag_load_prev_day,holiday,festival,temp_hte,rh_hte
2024-10-01 00:00:00+05:30,347.7354638553283,28.566666666666663,92.9,0,1,0,0,353.31476753028863,324.4822706329065,0,0,10.821030164864855,0.09594533623790569
2024-10-01 00:15:00+05:30,342.4004435908936,28.5,92.83333333333331,0,1,0,0,347.7354638553283,318.8664834895932,0,0,10.821030164864855,0.09594533623790569
2024-10-01 00:30:00+05:30,336.36911659606466,28.4,93.26666666666668,0,1,0,0,342.4004435908936,312.4988443566819,0,0,10.821030164864855,0.09594533623790569
2024-10-01 00:45:00+05:30,331.08716958127184,28.3,93.6,0,1,0,0,336.36911659606466,307.70710110384044,0,0,10.821030164864855,0.09594533623790569
2024-10-01 01:00:00+05:30,326.5848073169652,28.23333333333333,93.93333333333332,1,1,0,0,331.08716958127184,303.4782858453756,0,0,9.728100754378737,-0.03336421712728943
2024-10-01 01:15:00+05:30,321.47828798287827,28.166666666666668,94.09999999999998,1,1,0,0,326.5848073169652,299.8345084990723,0,0,9.728100754378737,-0.03336421712728943
2024-10-01 01:30:00+05:30,316.334039976383,28.133333333333336,94.7,1,1,0,0,321.47828798287827,298.0873672901204,0,0,9.728100754378737,-0.03336421712728943
2024-10-01 01:45:00+05:30,312.448464581842,28.1,95.1,1,1,0,0,316.334039976383,295.6727204186528,0,0,9.728100754378737,-0.03336421712728943
2024-10-01 02:00:00+05:30,308.83110402573857,28.066666666666663,95.03333333333336,2,1,0,0,312.448464581842,293.96732698362285,0,0,8.484637707535343,-0.001367850315744823
2024-10-01 02:15:00+05:30,307.0791043676913,28.066666666666663,95.56666666666668,2,1,0,0,308.83110402573857,291.2880440995538,0,0,8.484637707535343,-0.001367850315744823
2024-10-01 02:30:00+05:30,304.14012659757907,28.0,95.7,2,1,0,0,307.0791043676913,288.6671162324272,0,0,8.484637707535343,-0.001367850315744823
2024-10-01 02:45:00+05:30,303.38482293556785,27.933333333333337,95.86666666666667,2,1,0,0,304.14012659757907,286.0875402300491,0,0,8.484637707535343,-0.001367850315744823
2024-10-01 03:00:00+05:30,301.2264876793174,27.899999999999995,96.0,3,1,0,0,303.38482293556785,284.5319239595888,0,0,7.607119538689619,-0.06004878179214801
2024-10-01 03:15:00+05:30,299.4055809931861,27.866666666666664,96.06666666666668,3,1,0,0,301.2264876793174,283.0357012446676,0,0,7.607119538689619,-0.06004878179214801
2024-10-01 03:30:00+05:30,297.2548554623619,27.9,96.1,3,1,0,0,299.4055809931861,281.7006595949769,0,0,7.607119538689619,-0.06004878179214801
2024-10-01 03:45:00+05:30,295.3665603420344,27.866666666666664,95.96666666666664,3,1,0,0,297.2548554623619,280.9383290328512,0,0,7.607119538689619,-0.06004878179214801
2024-10-01 04:00:00+05:30,294.70776694278084,27.9,95.93333333333334,4,1,0,0,295.3665603420344,280.5554565701703,0,0,6.594267060678064,0.008427398213465498
2024-10-01 04:15:00+05:30,295.10615270482526,27.96666666666667,95.83333333333331,4,1,0,0,294.70776694278084,279.563167704038,0,0,6.594267060678064,0.008427398213465498
2024-10-01 04:30:00+05:30,295.129051837992,27.966666666666665,96.03333333333336,4,1,0,0,295.10615270482526,280.5704238409022,0,0,6.594267060678064,0.008427398213465498
2024-10-01 04:45:00+05:30,295.34541373359343,27.9,95.96666666666664,4,1,0,0,295.129051837992,280.5641400389495,0,0,6.594267060678064,0.008427398213465498
2024-10-01 05:00:00+05:30,294.34634496878965,27.9,95.53333333333336,5,1,0,0,295.34541373359343,281.90314952032503,0,0,5.279257902398529,0.10435750043793113
2024-10-01 05:15:00+05:30,295.36364263962975,27.933333333333337,95.6,5,1,0,0,294.34634496878965,285.3526759145099,0,0,5.279257902398529,0.10435750043793113
2024-10-01 05:30:00+05:30,300.3051752422878,27.933333333333337,95.53333333333332,5,1,0,0,295.36364263962975,291.7268330765511,0,0,5.279257902398529,0.10435750043793113
2024-10-01 05:45:00+05:30,306.8059297368666,27.9,95.56666666666668,5,1,0,0,300.3051752422878,297.4769735987788,0,0,5.279257902398529,0.10435750043793113
2024-10-01 06:00:00+05:30,316.3164886512472,27.899999999999995,95.8,6,1,0,0,306.8059297368666,306.13014067730904,0,0,4.311530887041023,0.35531410580184186
2024-10-01 06:15:00+05:30,324.5596330753773,27.866666666666664,95.93333333333334,6,1,0,0,316.3164886512472,314.20039632573213,0,0,4.311530887041023,0.35531410580184186
2024-10-01 06:30:00+05:30,333.3533451804772,27.766666666666666,96.1,6,1,0,0,324.5596330753773,322.75408067933125,0,0,4.311530887041023,0.35531410580184186
2024-10-01 06:45:00+05:30,341.1490627224543,27.8,96.06666666666666,6,1,0,0,333.3533451804772,331.6409936383131,0,0,4.311530887041023,0.35531410580184186
2024-10-01 07:00:00+05:30,353.7401093878579,28.0,95.8,7,1,0,0,341.1490627224543,346.6200330267644,0,0,5.499185953045883,0.4537110737780554
2024-10-01 07:15:00+05:30,371.3170638165596,28.2,95.1,7,1,0,0,353.7401093878579,360.76721279457377,0,0,5.499185953045883,0.4537110737780554
2024-10-01 07:30:00+05:30,390.9498305838331,28.5,94.26666666666668,7,1,0,0,371.3170638165596,379.29172774842544,0,0,5.499185953045883,0.4537110737780554
2024-10-01 07:45:00+05:30,408.63603351680337,28.866666666666664,91.9,7,1,0,0,390.9498305838331,399.1433596755916,0,0,5.499185953045883,0.4537110737780554
2024-10-01 08:00:00+05:30,429.0950286845505,29.066666666666663,90.0,8,1,0,0,408.63603351680337,420.6650417004391,0,0,8.459706391374313,0.5709639278196643
2024-10-01 08:15:00+05:30,450.1858712660224,29.46666666666667,88.23333333333335,8,1,0,0,429.0950286845505,438.5423470367563,0,0,8.459706391374313,0.5709639278196643
2024-10-01 08:30:00+05:30,470.3764023388338,29.73333333333333,86.73333333333333,8,1,0,0,450.1858712660224,455.5733521464192,0,0,8.459706391374313,0.5709639278196643
2024-10-01 08:45:00+05:30,482.5844707995735,29.83333333333333,85.66666666666667,8,1,0,0,470.3764023388338,470.7450148431394,0,0,8.459706391374313,0.5709639278196643
2024-10-01 09:00:00+05:30,495.55307922212313,29.83333333333333,85.73333333333335,9,1,0,1,482.5844707995735,485.177064024329,0,0,7.468916508257824,1.776913993434797
2024-10-01 09:15:00+05:30,507.607536143193,30.3,84.46666666666667,9,1,0,1,495.55307922212313,498.8936825890604,0,0,7.468916508257824,1.776913993434797
2024-10-01 09:30:00+05:30,517.5398366487755,30.7,82.0,9,1,0,1,507.607536143193,507.77216201856766,0,0,7.468916508257824,1.776913993434797
2024-10-01 09:45:00+05:30,525.911878547994,31.066666666666663,81.06666666666668,9,1,0,1,517.5398366487755,515.2864086210154,0,0,7.468916508257824,1.776913993434797
2024-10-01 10:00:00+05:30,535.1286182286609,31.4,79.76666666666667,10,1,0,1,525.911878547994,522.2401679817895,0,0,7.176660943313998,1.959443809088301
2024-10-01 10:15:00+05:30,541.7050952671489,31.666666666666668,78.96666666666667,10,1,0,1,535.1286182286609,529.497097493258,0,0,7.176660943313998,1.959443809088301
2024-10-01 10:30:00+05:30,546.3305166270388,31.8,78.13333333333333,10,1,0,1,541.7050952671489,534.3715850622723,0,0,7.176660943313998,1.959443809088301
2024-10-01 10:45:00+05:30,551.7660174354723,32.0,77.03333333333333,10,1,0,1,546.3305166270388,535.4035464807639,0,0,7.176660943313998,1.959443809088301
2024-10-01 11:00:00+05:30,555.8202389274427,32.76666666666667,74.63333333333334,11,1,0,1,551.7660174354723,537.740402465121,0,0,7.922475529678865,1.905498851423404
2024-10-01 11:15:00+05:30,556.9648223461638,33.0,73.0,11,1,0,1,555.8202389274427,539.2589139270071,0,0,7.922475529678865,1.905498851423404
2024-10-01 11:30:00+05:30,555.0049477500938,33.166666666666664,71.93333333333334,11,1,0,1,556.9648223461638,537.0170566499868,0,0,7.922475529678865,1.905498851423404
2024-10-01 11:45:00+05:30,554.5071887188996,33.166666666666664,72.96666666666665,11,1,0,1,555.0049477500938,536.79400776212,0,0,7.922475529678865,1.905498851423404
2024-10-01 12:00:00+05:30,558.0031581971159,33.13333333333333,73.23333333333333,12,1,0,1,554.5071887188996,536.7417010216797,0,0,8.194346391416534,1.8296017411002858
2024-10-01 12:15:00+05:30,553.6147355601748,33.43333333333333,71.89999999999999,12,1,0,1,558.0031581971159,535.1205345741897,0,0,8.194346391416534,1.8296017411002858
2024-10-01 12:30:00+05:30,553.9926363256158,33.56666666666667,71.3,12,1,0,1,553.6147355601748,533.4700114689765,0,0,8.194346391416534,1.8296017411002858
2024-10-01 12:45:00+05:30,554.695881547963,33.49999999999999,71.8,12,1,0,1,553.9926363256158,533.0405209882491,0,0,8.194346391416534,1.8296017411002858
2024-10-01 13:00:00+05:30,551.8845986793409,33.46666666666667,71.36666666666667,13,1,0,1,554.695881547963,529.1237443120673,0,0,7.466115020642604,1.781152913482967
2024-10-01 13:15:00+05:30,548.7152797674214,33.63333333333333,73.03333333333335,13,1,0,1,551.8845986793409,523.7534925374338,0,0,7.466115020642604,1.781152913482967
2024-10-01 13:30:00+05:30,545.3574434292315,33.800000000000004,72.2,13,1,0,1,548.7152797674214,523.6947662822449,0,0,7.466115020642604,1.781152913482967
2024-10-01 13:45:00+05:30,548.8915934072635,33.96666666666667,73.23333333333333,13,1,0,1,545.3574434292315,522.2470132168999,0,0,7.466115020642604,1.781152913482967
2024-10-01 14:00:00+05:30,555.0668334548567,33.7,73.9,14,1,0,1,548.8915934072635,524.2395038503015,0,0,7.453520252664822,1.8810727851227305
2024-10-01 14:15:00+05:30,558.4721150769791,33.63333333333333,74.13333333333333,14,1,0,1,555.0668334548567,526.8341224807173,0,0,7.453520252664822,1.8810727851227305
2024-10-01 14:30:00+05:30,562.4021304954521,33.63333333333333,74.53333333333332,14,1,0,1,558.4721150769791,528.0278595587339,0,0,7.453520252664822,1.8810727851227305
2024-10-01 14:45:00+05:30,562.8868480732172,33.43333333333334,75.16666666666667,14,1,0,1,562.4021304954521,525.8767177334909,0,0,7.453520252664822,1.8810727851227305
2024-10-01 15:00:00+05:30,565.7038742788064,33.400000000000006,75.39999999999999,15,1,0,1,562.8868480732172,527.0904925132871,0,0,7.614608640955644,1.8795749299968296
2024-10-01 15:15:00+05:30,567.7542048959004,33.56666666666667,74.66666666666667,15,1,0,1,565.7038742788064,526.8414404230167,0,0,7.614608640955644,1.8795749299968296
2024-10-01 15:30:00+05:30,566.7710968771759,33.53333333333333,75.2,15,1,0,1,567.7542048959004,526.0283183423404,0,0,7.614608640955644,1.8795749299968296
2024-10-01 15:45:00+05:30,564.5540122265841,33.666666666666664,74.86666666666666,15,1,0,1,566.7710968771759,526.1746020240383,0,0,7.614608640955644,1.8795749299968296
2024-10-01 16:00:00+05:30,559.2772768666225,33.6,74.4,16,1,0,1,564.5540122265841,526.9251181640249,0,0,8.928003783814992,1.63470214174834
2024-10-01 16:15:00+05:30,553.8515230536669,33.36666666666667,75.56666666666666,16,1,0,1,559.2772768666225,525.1333390505667,0,0,8.928003783814992,1.63470214174834
2024-10-01 16:30:00+05:30,553.954088192074,33.23333333333333,76.06666666666666,16,1,0,1,553.8515230536669,495.5240431670347,0,0,8.928003783814992,1.63470214174834
2024-10-01 16:45:00+05:30,547.7636415555628,32.7,77.73333333333333,16,1,0,1,553.954088192074,501.4945757420958,0,0,8.928003783814992,1.63470214174834
2024-10-01 17:00:00+05:30,544.5606835074404,32.3,78.8,17,1,0,1,547.7636415555628,510.2368997930247,0,0,9.832269406100862,1.3066312424333932
2024-10-01 17:15:00+05:30,540.7745324475022,32.13333333333333,79.73333333333333,17,1,0,1,544.5606835074404,508.6894400748397,0,0,9.832269406100862,1.3066312424333932
2024-10-01 17:30:00+05:30,532.7655638655449,31.666666666666668,81.26666666666667,17,1,0,1,540.7745324475022,503.7234441984715,0,0,9.832269406100862,1.3066312424333932
2024-10-01 17:45:00+05:30,524.1109639107033,31.3,82.76666666666667,17,1,0,1,532.7655638655449,498.0383382455807,0,0,9.832269406100862,1.3066312424333932
2024-10-01 18:00:00+05:30,519.2521626647255,31.0,84.2,18,1,0,0,524.1109639107033,489.0424982680944,0,0,10.294210660754121,0.797082883851726
2024-10-01 18:15:00+05:30,512.2927868526834,30.83333333333333,84.93333333333334,18,1,0,0,519.2521626647255,482.80729884759353,0,0,10.294210660754121,0.797082883851726
2024-10-01 18:30:00+05:30,501.6501688807122,30.666666666666668,85.66666666666667,18,1,0,0,512.2927868526834,477.8196305973931,0,0,10.294210660754121,0.797082883851726
2024-10-01 18:45:00+05:30,495.8539512850885,30.53333333333333,86.7,18,1,0,0,501.6501688807122,472.7166424239898,0,0,10.294210660754121,0.797082883851726
2024-10-01 19:00:00+05:30,486.2049289826081,30.433333333333337,87.3,19,1,0,0,495.8539512850885,464.6638973288244,0,0,10.813310868605901,0.8196688281600798
2024-10-01 19:15:00+05:30,477.37252771019337,30.33333333333333,88.0,19,1,0,0,486.2049289826081,457.92173356818887,0,0,10.813310868605901,0.8196688281600798
2024-10-01 19:30:00+05:30,469.0836002851064,30.2,88.83333333333333,19,1,0,0,477.37252771019337,450.3949293741464,0,0,10.813310868605901,0.8196688281600798
2024-10-01 19:45:00+05:30,460.7758813146663,30.166666666666668,89.13333333333333,19,1,0,0,469.0836002851064,442.0878934068216,0,0,10.813310868605901,0.8196688281600798
2024-10-01 20:00:00+05:30,453.70303570121695,30.066666666666663,89.43333333333332,20,1,0,0,460.7758813146663,434.3930813367239,0,0,10.193366449690611,0.84334742214611
2024-10-01 20:15:00+05:30,447.3730435577157,30.066666666666663,89.66666666666667,20,1,0,0,453.70303570121695,426.5001691517565,0,0,10.193366449690611,0.84334742214611
2024-10-01 20:30:00+05:30,441.5499307408568,30.03333333333333,90.1,20,1,0,0,447.3730435577157,421.5998170858205,0,0,10.193366449690611,0.84334742214611
2024-10-01 20:45:00+05:30,436.0581870520509,29.933333333333337,90.36666666666667,20,1,0,0,441.5499307408568,415.2995075276002,0,0,10.193366449690611,0.84334742214611
2024-10-01 21:00:00+05:30,429.9818795056523,29.866666666666664,90.96666666666664,21,1,0,0,436.0581870520509,408.79212399598936,0,0,8.774792195189448,0.7521888831997796
2024-10-01 21:15:00+05:30,426.7396990730634,29.866666666666664,91.03333333333336,21,1,0,0,429.9818795056523,404.0355123093549,0,0,8.774792195189448,0.7521888831997796
2024-10-01 21:30:00+05:30,419.8312750973433,29.83333333333333,91.4,21,1,0,0,426.7396990730634,397.3077374905369,0,0,8.774792195189448,0.7521888831997796
2024-10-01 21:45:00+05:30,415.896746769265,29.83333333333333,91.56666666666666,21,1,0,0,419.8312750973433,394.5937015942819,0,0,8.774792195189448,0.7521888831997796
2024-10-01 22:00:00+05:30,409.3045028270944,29.8,91.66666666666669,22,1,0,0,415.896746769265,389.8553745790026,0,0,9.389172121610137,0.7252749896297948
2024-10-01 22:15:00+05:30,403.1662990275056,29.8,91.76666666666668,22,1,0,0,409.3045028270944,383.3290951440741,0,0,9.389172121610137,0.7252749896297948
2024-10-01 22:30:00+05:30,398.47231518416027,29.73333333333333,91.86666666666667,22,1,0,0,403.1662990275056,379.6094833451018,0,0,9.389172121610137,0.7252749896297948
2024-10-01 22:45:00+05:30,392.1028091005869,29.700000000000003,92.33333333333331,22,1,0,0,398.47231518416027,374.4204214643459,0,0,9.389172121610137,0.7252749896297948
2024-10-01 23:00:00+05:30,386.2471224864941,29.633333333333336,92.3,23,1,0,0,392.1028091005869,368.6979826554313,0,0,10.314981635691288,0.7718909870937027
2024-10-01 23:15:00+05:30,382.89674505329936,29.566666666666663,92.16666666666669,23,1,0,0,386.2471224864941,364.09034351107016,0,0,10.314981635691288,0.7718909870937027
2024-10-01 23:30:00+05:30,378.6645235924294,29.566666666666663,92.43333333333334,23,1,0,0,382.89674505329936,358.9488916962067,0,0,10.314981635691288,0.7718909870937027
2024-10-01 23:45:00+05:30,376.0812572816102,29.46666666666667,92.9,23,1,0,0,378.6645235924294,353.31476753028863,0,0,10.314981635691288,0.7718909870937027
2024-10-02 00:00:00+05:30,369.0178267042576,28.0,91.0,0,2,0,0,376.0812572816102,347.7354638553283,1,0,9.756466781294622,0.4083705832126432
2024-10-02 00:15:00+05:30,363.0468675346556,28.0,91.0,0,2,0,0,369.0178267042576,342.4004435908936,1,0,9.756466781294622,0.4083705832126432
2024-10-02 00:30:00+05:30,357.3626527284295,27.9,91.0,0,2,0,0,363.0468675346556,336.36911659606466,1,0,9.756466781294622,0.4083705832126432
2024-10-02 00:45:00+05:30,352.196703695872,27.9,91.0,0,2,0,0,357.3626527284295,331.08716958127184,1,0,9.756466781294622,0.4083705832126432
2024-10-02 01:00:00+05:30,345.77804021028743,27.7,92.0,1,2,0,0,352.196703695872,326.5848073169652,1,0,9.50356259826016,0.3796055999684963
2024-10-02 01:15:00+05:30,340.4686119587565,27.6,93.0,1,2,0,0,345.77804021028743,321.47828798287827,1,0,9.50356259826016,0.3796055999684963
2024-10-02 01:30:00+05:30,334.5442188225992,27.5,93.0,1,2,0,0,340.4686119587565,316.334039976383,1,0,9.50356259826016,0.3796055999684963
2024-10-02 01:45:00+05:30,330.58584460940267,27.4,93.0,1,2,0,0,334.5442188225992,312.448464581842,1,0,9.50356259826016,0.3796055999684963
2024-10-02 02:00:00+05:30,327.19291339875167,27.4,92.0,2,2,0,0,330.58584460940267,308.83110402573857,1,0,8.23631883424493,0.2998108031656782
2024-10-02 02:15:00+05:30,322.681852786248,27.3,93.0,2,2,0,0,327.19291339875167,307.0791043676913,1,0,8.23631883424493,0.2998108031656782
2024-10-02 02:30:00+05:30,318.9244365197016,27.2,93.0,2,2,0,0,322.681852786248,304.14012659757907,1,0,8.23631883424493,0.2998108031656782
2024-10-02 02:45:00+05:30,315.6230221774039,27.1,93.0,2,2,0,0,318.9244365197016,303.38482293556785,1,0,8.23631883424493,0.2998108031656782
2024-10-02 03:00:00+05:30,312.67837144586093,27.0,94.0,3,2,0,0,315.6230221774039,301.2264876793174,1,0,7.551501782474325,0.24470606996643862
2024-10-02 03:15:00+05:30,310.902379386877,27.0,94.0,3,2,0,0,312.67837144586093,299.4055809931861,1,0,7.551501782474325,0.24470606996643862
2024-10-02 03:30:00+05:30,308.4545248023852,26.9,94.0,3,2,0,0,310.902379386877,297.2548554623619,1,0,7.551501782474325,0.24470606996643862
2024-10-02 03:45:00+05:30,308.3881215963122,26.8,94.0,3,2,0,0,308.4545248023852,295.3665603420344,1,0,7.551501782474325,0.24470606996643862
2024-10-02 04:00:00+05:30,307.0329126474179,26.8,94.0,4,2,0,0,308.3881215963122,294.70776694278084,1,0,7.112099520012946,0.2372287031739942
2024-10-02 04:15:00+05:30,305.8966247659169,26.7,95.0,4,2,0,0,307.0329126474179,295.10615270482526,1,0,7.112099520012946,0.2372287031739942
2024-10-02 04:30:00+05:30,306.3900754961804,26.7,95.0,4,2,0,0,305.8966247659169,295.129051837992,1,0,7.112099520012946,0.2372287031739942
2024-10-02 04:45:00+05:30,304.9752504975219,26.6,95.0,4,2,0,0,306.3900754961804,295.34541373359343,1,0,7.112099520012946,0.2372287031739942
2024-10-02 05:00:00+05:30,304.25254250096737,26.5,95.0,5,2,0,0,304.9752504975219,294.34634496878965,1,0,6.605295151202406,0.2323984144677756
2024-10-02 05:15:00+05:30,304.33609395197686,26.4,95.0,5,2,0,0,304.25254250096737,295.36364263962975,1,0,6.605295151202406,0.2323984144677756
2024-10-02 05:30:00+05:30,305.4624334529936,26.4,95.0,5,2,0,0,304.33609395197686,300.3051752422878,1,0,6.605295151202406,0.2323984144677756
2024-10-02 05:45:00+05:30,306.855778305167,26.4,95.0,5,2,0,0,305.4624334529936,306.8059297368666,1,0,6.605295151202406,0.2323984144677756
2024-10-02 06:00:00+05:30,312.53952452579387,26.4,95.0,6,2,0,0,306.855778305167,316.3164886512472,1,0,6.027219036512884,0.2863575503064314
2024-10-02 06:15:00+05:30,315.14578450804504,26.5,94.0,6,2,0,0,312.53952452579387,324.5596330753773,1,0,6.027219036512884,0.2863575503064314
2024-10-02 06:30:00+05:30,315.3938332266055,26.6,94.0,6,2,0,0,315.14578450804504,333.3533451804772,1,0,6.027219036512884,0.2863575503064314
2024-10-02 06:45:00+05:30,315.6260815249354,26.6,94.0,6,2,0,0,315.3938332266055,341.1490627224543,1,0,6.027219036512884,0.2863575503064314
2024-10-02 07:00:00+05:30,318.69895503871,26.5,94.0,7,2,0,0,315.6260815249354,353.7401093878579,1,0,6.758414086165474,0.24374033081055602
2024-10-02 07:15:00+05:30,322.2157250043948,26.7,94.0,7,2,0,0,318.69895503871,371.3170638165596,1,0,6.758414086165474,0.24374033081055602
2024-10-02 07:30:00+05:30,326.91477254460267,26.8,93.0,7,2,0,0,322.2157250043948,390.9498305838331,1,0,6.758414086165474,0.24374033081055602
2024-10-02 07:45:00+05:30,332.76627043527526,27.0,92.0,7,2,0,0,326.91477254460267,408.63603351680337,1,0,6.758414086165474,0.24374033081055602
2024-10-02 08:00:00+05:30,342.26616462536845,27.3,91.0,8,2,0,0,332.76627043527526,429.0950286845505,1,0,9.486530085242043,0.3588619782345006
2024-10-02 08:15:00+05:30,352.4741016471881,27.6,90.0,8,2,0,0,342.26616462536845,450.1858712660224,1,0,9.486530085242043,0.3588619782345006
2024-10-02 08:30:00+05:30,360.3263874321594,27.9,88.0,8,2,0,0,352.4741016471881,470.3764023388338,1,0,9.486530085242043,0.3588619782345006
2024-10-02 08:45:00+05:30,368.85092424037214,28.3,87.0,8,2,0,0,360.3263874321594,482.5844707995735,1,0,9.486530085242043,0.3588619782345006
2024-10-02 09:00:00+05:30,378.2708227849509,28.6,86.0,9,2,0,1,368.85092424037214,495.55307922212313,1,0,17.800822714433455,1.420472204477532
2024-10-02 09:15:00+05:30,386.8839622630841,28.9,84.0,9,2,0,1,378.2708227849509,507.607536143193,1,0,17.800822714433455,1.420472204477532
2024-10-02 09:30:00+05:30,392.3945927328021,29.3,82.0,9,2,0,1,386.8839622630841,517.5398366487755,1,0,17.800822714433455,1.420472204477532
2024-10-02 09:45:00+05:30,397.83475908395167,29.7,81.0,9,2,0,1,392.3945927328021,525.911878547994,1,0,17.800822714433455,1.420472204477532
2024-10-02 10:00:00+05:30,406.7812719430476,30.1,79.0,10,2,0,1,397.83475908395167,535.1286182286609,1,0,20.816980042930837,1.6818345769576644
2024-10-02 10:15:00+05:30,412.1581654434584,30.5,78.0,10,2,0,1,406.7812719430476,541.7050952671489,1,0,20.816980042930837,1.6818345769576644
2024-10-02 10:30:00+05:30,420.4224145106028,30.9,76.0,10,2,0,1,412.1581654434584,546.3305166270388,1,0,20.816980042930837,1.6818345769576644
2024-10-02 10:45:00+05:30,426.69384475220943,31.2,75.0,10,2,0,1,420.4224145106028,551.7660174354723,1,0,20.816980042930837,1.6818345769576644
2024-10-02 11:00:00+05:30,429.81710588099673,31.6,74.0,11,2,0,1,426.69384475220943,555.8202389274427,1,0,24.342180026798324,1.9764271709363472
2024-10-02 11:15:00+05:30,432.84427523925774,31.8,73.0,11,2,0,1,429.81710588099673,556.9648223461638,1,0,24.342180026798324,1.9764271709363472
2024-10-02 11:30:00+05:30,435.4261305741339,32.0,72.0,11,2,0,1,432.84427523925774,555.0049477500938,1,0,24.342180026798324,1.9764271709363472
2024-10-02 11:45:00+05:30,435.04650135387305,32.2,72.0,11,2,0,1,435.4261305741339,554.5071887188996,1,0,24.342180026798324,1.9764271709363472
2024-10-02 12:00:00+05:30,435.53006268763096,32.3,71.0,12,2,0,1,435.04650135387305,558.0031581971159,1,0,23.369425695257103,1.9567773790903051
2024-10-02 12:15:00+05:30,434.5402164884663,32.4,71.0,12,2,0,1,435.53006268763096,553.6147355601748,1,0,23.369425695257103,1.9567773790903051
2024-10-02 12:30:00+05:30,434.23390011757175,32.5,71.0,12,2,0,1,434.5402164884663,553.9926363256158,1,0,23.369425695257103,1.9567773790903051
2024-10-02 12:45:00+05:30,431.8023536761258,32.6,71.0,12,2,0,1,434.23390011757175,554.695881547963,1,0,23.369425695257103,1.9567773790903051
2024-10-02 13:00:00+05:30,426.8863399801848,32.8,70.0,13,2,0,1,431.8023536761258,551.8845986793409,1,0,22.69789220478014,1.9834665474829603
2024-10-02 13:15:00+05:30,427.88291110006287,32.8,70.0,13,2,0,1,426.8863399801848,548.7152797674214,1,0,22.69789220478014,1.9834665474829603
2024-10-02 13:30:00+05:30,426.6172912355281,32.7,70.0,13,2,0,1,427.88291110006287,545.3574434292315,1,0,22.69789220478014,1.9834665474829603
2024-10-02 13:45:00+05:30,427.5108268917379,32.7,70.0,13,2,0,1,426.6172912355281,548.8915934072635,1,0,22.69789220478014,1.9834665474829603
2024-10-02 14:00:00+05:30,429.6098710005358,32.6,71.0,14,2,0,1,427.5108268917379,555.0668334548567,1,0,21.998232570070904,2.047842649010666
2024-10-02 14:15:00+05:30,431.2068173533954,32.5,71.0,14,2,0,1,429.6098710005358,558.4721150769791,1,0,21.998232570070904,2.047842649010666
2024-10-02 14:30:00+05:30,432.20494349668286,32.5,72.0,14,2,0,1,431.2068173533954,562.4021304954521,1,0,21.998232570070904,2.047842649010666
2024-10-02 14:45:00+05:30,432.98933189149386,32.3,72.0,14,2,0,1,432.20494349668286,562.8868480732172,1,0,21.998232570070904,2.047842649010666
2024-10-02 15:00:00+05:30,433.7567223549139,32.2,72.0,15,2,0,1,432.98933189149386,565.7038742788064,1,0,21.490187747712472,1.971534403915298
2024-10-02 15:15:00+05:30,430.1382761989815,32.0,72.0,15,2,0,1,433.7567223549139,567.7542048959004,1,0,21.490187747712472,1.971534403915298
2024-10-02 15:30:00+05:30,426.8518172399453,31.8,73.0,15,2,0,1,430.1382761989815,566.7710968771759,1,0,21.490187747712472,1.971534403915298
2024-10-02 15:45:00+05:30,426.1413170255439,31.7,73.0,15,2,0,1,426.8518172399453,564.5540122265841,1,0,21.490187747712472,1.971534403915298
2024-10-02 16:00:00+05:30,427.379899535904,31.5,74.0,16,2,0,1,426.1413170255439,559.2772768666225,1,0,19.63293588355602,1.689291487141698
2024-10-02 16:15:00+05:30,424.88038937031325,31.4,74.0,16,2,0,1,427.379899535904,553.8515230536669,1,0,19.63293588355602,1.689291487141698
2024-10-02 16:30:00+05:30,423.9909422979544,31.2,75.0,16,2,0,1,424.88038937031325,553.954088192074,1,0,19.63293588355602,1.689291487141698
2024-10-02 16:45:00+05:30,421.10122902212606,31.0,75.0,16,2,0,1,423.9909422979544,547.7636415555628,1,0,19.63293588355602,1.689291487141698
2024-10-02 17:00:00+05:30,422.0710572205954,30.8,76.0,17,2,0,1,421.10122902212606,544.5606835074404,1,0,18.258759745332224,1.507502636314337
2024-10-02 17:15:00+05:30,419.1116479561269,30.6,76.0,17,2,0,1,422.0710572205954,540.7745324475022,1,0,18.258759745332224,1.507502636314337
2024-10-02 17:30:00+05:30,416.20860019586536,30.4,77.0,17,2,0,1,419.1116479561269,532.7655638655449,1,0,18.258759745332224,1.507502636314337
2024-10-02 17:45:00+05:30,413.88457678114935,30.2,77.0,17,2,0,1,416.20860019586536,524.1109639107033,1,0,18.258759745332224,1.507502636314337
2024-10-02 18:00:00+05:30,416.1532634906942,30.0,79.0,18,2,0,0,413.88457678114935,519.2521626647255,1,0,12.633470278009714,0.6711767286384701
2024-10-02 18:15:00+05:30,417.2554168729072,29.7,80.0,18,2,0,0,416.1532634906942,512.2927868526834,1,0,12.633470278009714,0.6711767286384701
2024-10-02 18:30:00+05:30,418.9245506966773,29.5,81.0,18,2,0,0,417.2554168729072,501.6501688807122,1,0,12.633470278009714,0.6711767286384701
2024-10-02 18:45:00+05:30,419.1850491311876,29.4,81.0,18,2,0,0,418.9245506966773,495.8539512850885,1,0,12.633470278009714,0.6711767286384701
2024-10-02 19:00:00+05:30,418.560374764248,29.1,83.0,19,2,0,0,419.1850491311876,486.2049289826081,1,0,14.341658395462096,0.718074934528488
2024-10-02 19:15:00+05:30,416.5632647949302,29.0,83.0,19,2,0,0,418.560374764248,477.37252771019337,1,0,14.341658395462096,0.718074934528488
2024-10-02 19:30:00+05:30,415.9239060111012,28.9,84.0,19,2,0,0,416.5632647949302,469.0836002851064,1,0,14.341658395462096,0.718074934528488
2024-10-02 19:45:00+05:30,412.71007822792666,28.7,84.0,19,2,0,0,415.9239060111012,460.7758813146663,1,0,14.341658395462096,0.718074934528488
2024-10-02 20:00:00+05:30,410.1490295935776,28.6,85.0,20,2,0,0,412.71007822792666,453.70303570121695,1,0,13.562046690093604,0.7198750242448775
2024-10-02 20:15:00+05:30,408.26830954117344,28.5,85.0,20,2,0,0,410.1490295935776,447.3730435577157,1,0,13.562046690093604,0.7198750242448775
2024-10-02 20:30:00+05:30,405.34117662321256,28.4,86.0,20,2,0,0,408.26830954117344,441.5499307408568,1,0,13.562046690093604,0.7198750242448775
2024-10-02 20:45:00+05:30,404.8900146859212,28.3,86.0,20,2,0,0,405.34117662321256,436.0581870520509,1,0,13.562046690093604,0.7198750242448775
2024-10-02 21:00:00+05:30,403.0630275060885,28.2,88.0,21,2,0,0,404.8900146859212,429.9818795056523,1,0,11.720885141083006,0.639088210351847
2024-10-02 21:15:00+05:30,401.3052167238216,28.1,88.0,21,2,0,0,403.0630275060885,426.7396990730634,1,0,11.720885141083006,0.639088210351847
2024-10-02 21:30:00+05:30,397.9797852503361,28.1,88.0,21,2,0,0,401.3052167238216,419.8312750973433,1,0,11.720885141083006,0.639088210351847
2024-10-02 21:45:00+05:30,396.4546643963857,28.0,88.0,21,2,0,0,397.9797852503361,415.896746769265,1,0,11.720885141083006,0.639088210351847
2024-10-02 22:00:00+05:30,392.5720184761996,27.7,89.0,22,2,0,0,396.4546643963857,409.3045028270944,1,0,11.813895816622653,0.6322949595634465
2024-10-02 22:15:00+05:30,389.369156218743,27.6,89.0,22,2,0,0,392.5720184761996,403.1662990275056,1,0,11.813895816622653,0.6322949595634465
2024-10-02 22:30:00+05:30,387.0712220182903,27.6,89.0,22,2,0,0,389.369156218743,398.47231518416027,1,0,11.813895816622653,0.6322949595634465
2024-10-02 22:45:00+05:30,383.67648448333256,27.5,89.0,22,2,0,0,387.0712220182903,392.1028091005869,1,0,11.813895816622653,0.6322949595634465
2024-10-02 23:00:00+05:30,381.1479155602485,27.4,89.0,23,2,0,0,383.67648448333256,386.2471224864941,1,0,12.112750438053022,0.6488927391372165
2024-10-02 23:15:00+05:30,378.57177590314654,27.4,90.0,23,2,0,0,381.1479155602485,382.89674505329936,1,0,12.112750438053022,0.6488927391372165
2024-10-02 23:30:00+05:30,375.5513297568143,27.3,90.0,23,2,0,0,378.57177590314654,378.6645235924294,1,0,12.112750438053022,0.6488927391372165
2024-10-02 23:45:00+05:30,370.22652899268303,27.2,90.0,23,2,0,0,375.5513297568143,376.0812572816102,1,0,12.112750438053022,0.6488927391372165
2024-10-03 00:00:00+05:30,364.94067836728647,29.433333333333337,93.26666666666668,0,3,0,0,370.22652899268303,369.0178267042576,0,0,10.821030164864855,0.09594533623790569
2024-10-03 00:15:00+05:30,358.81460279271994,29.46666666666667,92.96666666666664,0,3,0,0,364.94067836728647,363.0468675346556,0,0,10.821030164864855,0.09594533623790569
2024-10-03 00:30:00+05:30,351.2782721129228,29.4,93.16666666666669,0,3,0,0,358.81460279271994,357.3626527284295,0,0,10.821030164864855,0.09594533623790569
2024-10-03 00:45:00+05:30,346.1865719847912,29.366666666666664,93.1,0,3,0,0,351.2782721129228,352.196703695872,0,0,10.821030164864855,0.09594533623790569
2024-10-03 01:00:00+05:30,337.8733383428401,29.366666666666664,92.96666666666664,1,3,0,0,346.1865719847912,345.77804021028743,0,0,9.728100754378737,-0.03336421712728943
2024-10-03 01:15:00+05:30,331.859205083887,29.266666666666666,92.93333333333334,1,3,0,0,337.8733383428401,340.4686119587565,0,0,9.728100754378737,-0.03336421712728943
2024-10-03 01:30:00+05:30,328.2446313952919,29.3,92.76666666666664,1,3,0,0,331.859205083887,334.5442188225992,0,0,9.728100754378737,-0.03336421712728943
2024-10-03 01:45:00+05:30,324.19795878473013,29.3,92.43333333333334,1,3,0,0,328.2446313952919,330.58584460940267,0,0,9.728100754378737,-0.03336421712728943
2024-10-03 02:00:00+05:30,321.0979454551311,29.2,92.8,2,3,0,0,324.19795878473013,327.19291339875167,0,0,8.484637707535343,-0.001367850315744823
2024-10-03 02:15:00+05:30,318.53296767215073,29.166666666666668,92.5,2,3,0,0,321.0979454551311,322.681852786248,0,0,8.484637707535343,-0.001367850315744823
2024-10-03 02:30:00+05:30,315.7060583810043,29.066666666666663,92.36666666666667,2,3,0,0,318.53296767215073,318.9244365197016,0,0,8.484637707535343,-0.001367850315744823
2024-10-03 02:45:00+05:30,312.27566837256194,29.0,92.2,2,3,0,0,315.7060583810043,315.6230221774039,0,0,8.484637707535343,-0.001367850315744823
2024-10-03 03:00:00+05:30,308.7166906497878,28.933333333333337,92.53333333333336,3,3,0,0,312.27566837256194,312.67837144586093,0,0,7.607119538689619,-0.06004878179214801
2024-10-03 03:15:00+05:30,307.18395653740777,28.9,92.83333333333331,3,3,0,0,308.7166906497878,310.902379386877,0,0,7.607119538689619,-0.06004878179214801
2024-10-03 03:30:00+05:30,304.329095777648,28.866666666666664,92.83333333333331,3,3,0,0,307.18395653740777,308.4545248023852,0,0,7.607119538689619,-0.06004878179214801
2024-10-03 03:45:00+05:30,301.53624365469307,28.8,93.16666666666669,3,3,0,0,304.329095777648,308.3881215963122,0,0,7.607119538689619,-0.06004878179214801
2024-10-03 04:00:00+05:30,301.2120073924629,28.766666666666666,92.96666666666664,4,3,0,0,301.53624365469307,307.0329126474179,0,0,6.594267060678064,0.008427398213465498
2024-10-03 04:15:00+05:30,300.3177621408859,28.766666666666666,92.96666666666668,4,3,0,0,301.2120073924629,305.8966247659169,0,0,6.594267060678064,0.008427398213465498
2024-10-03 04:30:00+05:30,302.34474493072787,28.73333333333333,93.03333333333336,4,3,0,0,300.3177621408859,306.3900754961804,0,0,6.594267060678064,0.008427398213465498
2024-10-03 04:45:00+05:30,304.1026878657599,28.8,92.66666666666669,4,3,0,0,302.34474493072787,304.9752504975219,0,0,6.594267060678064,0.008427398213465498
2024-10-03 05:00:00+05:30,305.67059899471354,28.8,92.46666666666664,5,3,0,0,304.1026878657599,304.25254250096737,0,0,5.279257902398529,0.10435750043793113
2024-10-03 05:15:00+05:30,308.27908673363606,28.73333333333333,92.1,5,3,0,0,305.67059899471354,304.33609395197686,0,0,5.279257902398529,0.10435750043793113
2024-10-03 05:30:00+05:30,313.716237209634,28.666666666666668,92.36666666666667,5,3,0,0,308.27908673363606,305.4624334529936,0,0,5.279257902398529,0.10435750043793113
2024-10-03 05:45:00+05:30,317.4922114113836,28.633333333333336,92.03333333333336,5,3,0,0,313.716237209634,306.855778305167,0,0,5.279257902398529,0.10435750043793113
2024-10-03 06:00:00+05:30,326.16086150883467,28.566666666666663,92.66666666666669,6,3,0,0,317.4922114113836,312.53952452579387,0,0,4.311530887041023,0.35531410580184186
2024-10-03 06:15:00+05:30,333.9289868174545,28.433333333333337,93.13333333333333,6,3,0,0,326.16086150883467,315.14578450804504,0,0,4.311530887041023,0.35531410580184186
2024-10-03 06:30:00+05:30,344.0370100766672,28.53333333333333,93.26666666666668,6,3,0,0,333.9289868174545,315.3938332266055,0,0,4.311530887041023,0.35531410580184186
2024-10-03 06:45:00+05:30,352.8172384420235,28.6,92.56666666666666,6,3,0,0,344.0370100766672,315.6260815249354,0,0,4.311530887041023,0.35531410580184186
2024-10-03 07:00:00+05:30,366.661865511624,28.73333333333333,92.83333333333331,7,3,0,0,352.8172384420235,318.69895503871,0,0,5.499185953045883,0.4537110737780554
2024-10-03 07:15:00+05:30,382.4689749168985,28.933333333333337,92.3,7,3,0,0,366.661865511624,322.2157250043948,0,0,5.499185953045883,0.4537110737780554
2024-10-03 07:30:00+05:30,399.4688357335288,29.2,91.1,7,3,0,0,382.4689749168985,326.91477254460267,0,0,5.499185953045883,0.4537110737780554
2024-10-03 07:45:00+05:30,420.0847990401709,29.36666666666667,90.36666666666667,7,3,0,0,399.4688357335288,332.76627043527526,0,0,5.499185953045883,0.4537110737780554
2024-10-03 08:00:00+05:30,444.8210373431199,29.566666666666663,89.23333333333333,8,3,0,0,420.0847990401709,342.26616462536845,0,0,8.459706391374313,0.5709639278196643
2024-10-03 08:15:00+05:30,470.0348562027973,29.8,86.36666666666667,8,3,0,0,444.8210373431199,352.4741016471881,0,0,8.459706391374313,0.5709639278196643
2024-10-03 08:30:00+05:30,488.19023291659806,30.7,82.8,8,3,0,0,470.0348562027973,360.3263874321594,0,0,8.459706391374313,0.5709639278196643
2024-10-03 08:45:00+05:30,504.6317824506941,30.866666666666664,81.10000000000001,8,3,0,0,488.19023291659806,368.85092424037214,0,0,8.459706391374313,0.5709639278196643
2024-10-03 09:00:00+05:30,521.2558470607347,31.03333333333333,80.96666666666665,9,3,0,1,504.6317824506941,378.2708227849509,0,0,7.468916508257824,1.776913993434797
2024-10-03 09:15:00+05:30,533.106548476786,31.166666666666668,79.63333333333334,9,3,0,1,521.2558470607347,386.8839622630841,0,0,7.468916508257824,1.776913993434797
2024-10-03 09:30:00+05:30,542.5185517512824,31.53333333333333,78.60000000000001,9,3,0,1,533.106548476786,392.3945927328021,0,0,7.468916508257824,1.776913993434797
2024-10-03 09:45:00+05:30,553.1662364043412,32.13333333333333,75.76666666666667,9,3,0,1,542.5185517512824,397.83475908395167,0,0,7.468916508257824,1.776913993434797
2024-10-03 10:00:00+05:30,558.9994036825152,32.166666666666664,75.23333333333333,10,3,0,1,553.1662364043412,406.7812719430476,0,0,7.176660943313998,1.959443809088301
2024-10-03 10:15:00+05:30,565.4950911441783,32.13333333333333,74.96666666666665,10,3,0,1,558.9994036825152,412.1581654434584,0,0,7.176660943313998,1.959443809088301
2024-10-03 10:30:00+05:30,569.6330765362923,32.333333333333336,74.53333333333333,10,3,0,1,565.4950911441783,420.4224145106028,0,0,7.176660943313998,1.959443809088301
2024-10-03 10:45:00+05:30,568.9363961828932,32.56666666666667,73.46666666666665,10,3,0,1,569.6330765362923,426.69384475220943,0,0,7.176660943313998,1.959443809088301
2024-10-03 11:00:00+05:30,569.2400310648558,32.6,73.50000000000001,11,3,0,1,568.9363961828932,429.81710588099673,0,0,7.922475529678865,1.905498851423404
2024-10-03 11:15:00+05:30,569.5904418743594,32.666666666666664,72.13333333333334,11,3,0,1,569.2400310648558,432.84427523925774,0,0,7.922475529678865,1.905498851423404
2024-10-03 11:30:00+05:30,568.6882209299897,32.6,72.3,11,3,0,1,569.5904418743594,435.4261305741339,0,0,7.922475529678865,1.905498851423404
2024-10-03 11:45:00+05:30,568.3836920724575,32.63333333333333,71.76666666666667,11,3,0,1,568.6882209299897,435.04650135387305,0,0,7.922475529678865,1.905498851423404
2024-10-03 12:00:00+05:30,565.5146159709665,32.93333333333333,69.83333333333333,12,3,0,1,568.3836920724575,435.53006268763096,0,0,8.194346391416534,1.8296017411002858
2024-10-03 12:15:00+05:30,562.7200278211595,33.333333333333336,68.9,12,3,0,1,565.5146159709665,434.5402164884663,0,0,8.194346391416534,1.8296017411002858
2024-10-03 12:30:00+05:30,561.9681610745643,33.6,67.0,12,3,0,1,562.7200278211595,434.23390011757175,0,0,8.194346391416534,1.8296017411002858
2024-10-03 12:45:00+05:30,559.1072818051529,33.666666666666664,67.23333333333333,12,3,0,1,561.9681610745643,431.8023536761258,0,0,8.194346391416534,1.8296017411002858
2024-10-03 13:00:00+05:30,552.7752020756221,33.63333333333333,66.1,13,3,0,1,559.1072818051529,426.8863399801848,0,0,7.466115020642604,1.781152913482967
2024-10-03 13:15:00+05:30,549.8204990291666,33.63333333333333,65.13333333333334,13,3,0,1,552.7752020756221,427.88291110006287,0,0,7.466115020642604,1.781152913482967
2024-10-03 13:30:00+05:30,547.9237608326188,33.766666666666666,64.6,13,3,0,1,549.8204990291666,426.6172912355281,0,0,7.466115020642604,1.781152913482967
2024-10-03 13:45:00+05:30,548.2405226782905,33.9,64.23333333333333,13,3,0,1,547.9237608326188,427.5108268917379,0,0,7.466115020642604,1.781152913482967
2024-10-03 14:00:00+05:30,555.4064681034733,33.766666666666666,64.6,14,3,0,1,548.2405226782905,429.6098710005358,0,0,7.453520252664822,1.8810727851227305
2024-10-03 14:15:00+05:30,558.8145301148543,33.800000000000004,65.3,14,3,0,1,555.4064681034733,431.2068173533954,0,0,7.453520252664822,1.8810727851227305
2024-10-03 14:30:00+05:30,557.1232804683648,33.8,63.79999999999999,14,3,0,1,558.8145301148543,432.20494349668286,0,0,7.453520252664822,1.8810727851227305
2024-10-03 14:45:00+05:30,557.8913580266999,33.56666666666667,65.56666666666666,14,3,0,1,557.1232804683648,432.98933189149386,0,0,7.453520252664822,1.8810727851227305
2024-10-03 15:00:00+05:30,559.454076216936,33.46666666666667,66.03333333333335,15,3,0,1,557.8913580266999,433.7567223549139,0,0,7.614608640955644,1.8795749299968296
2024-10-03 15:15:00+05:30,560.9328340046924,33.333333333333336,66.8,15,3,0,1,559.454076216936,430.1382761989815,0,0,7.614608640955644,1.8795749299968296
2024-10-03 15:30:00+05:30,559.7963522816476,33.23333333333333,67.23333333333333,15,3,0,1,560.9328340046924,426.8518172399453,0,0,7.614608640955644,1.8795749299968296
2024-10-03 15:45:00+05:30,558.6998113623214,33.2,68.13333333333333,15,3,0,1,559.7963522816476,426.1413170255439,0,0,7.614608640955644,1.8795749299968296
2024-10-03 16:00:00+05:30,560.8919278134535,33.5,67.2,16,3,0,1,558.6998113623214,427.379899535904,0,0,8.928003783814992,1.63470214174834
2024-10-03 16:15:00+05:30,558.5222737250772,33.26666666666667,68.03333333333332,16,3,0,1,560.8919278134535,424.88038937031325,0,0,8.928003783814992,1.63470214174834
2024-10-03 16:30:00+05:30,556.7246194008202,32.86666666666667,69.66666666666667,16,3,0,1,558.5222737250772,423.9909422979544,0,0,8.928003783814992,1.63470214174834
2024-10-03 16:45:00+05:30,552.8009962849403,32.733333333333334,70.23333333333333,16,3,0,1,556.7246194008202,421.10122902212606,0,0,8.928003783814992,1.63470214174834
2024-10-03 17:00:00+05:30,548.4496223414532,32.5,70.7,17,3,0,1,552.8009962849403,422.0710572205954,0,0,9.832269406100862,1.3066312424333932
2024-10-03 17:15:00+05:30,541.6099597185346,31.766666666666666,72.63333333333334,17,3,0,1,548.4496223414532,419.1116479561269,0,0,9.832269406100862,1.3066312424333932
2024-10-03 17:30:00+05:30,533.4944443271265,31.166666666666668,75.0,17,3,0,1,541.6099597185346,416.20860019586536,0,0,9.832269406100862,1.3066312424333932
2024-10-03 17:45:00+05:30,524.943257678091,30.83333333333333,76.03333333333333,17,3,0,1,533.4944443271265,413.88457678114935,0,0,9.832269406100862,1.3066312424333932
2024-10-03 18:00:00+05:30,516.7164842700788,30.666666666666668,76.7,18,3,0,0,524.943257678091,416.1532634906942,0,0,10.294210660754121,0.797082883851726
2024-10-03 18:15:00+05:30,510.7616661495225,30.433333333333337,78.66666666666667,18,3,0,0,516.7164842700788,417.2554168729072,0,0,10.294210660754121,0.797082883851726
2024-10-03 18:30:00+05:30,505.25464294410506,30.26666666666667,79.0,18,3,0,0,510.7616661495225,418.9245506966773,0,0,10.294210660754121,0.797082883851726
2024-10-03 18:45:00+05:30,501.1143837871083,30.133333333333336,79.73333333333333,18,3,0,0,505.25464294410506,419.1850491311876,0,0,10.294210660754121,0.797082883851726
2024-10-03 19:00:00+05:30,492.4105116084119,30.100000000000005,80.73333333333333,19,3,0,0,501.1143837871083,418.560374764248,0,0,10.813310868605901,0.8196688281600798
2024-10-03 19:15:00+05:30,482.25009640503856,29.966666666666665,81.33333333333333,19,3,0,0,492.4105116084119,416.5632647949302,0,0,10.813310868605901,0.8196688281600798
2024-10-03 19:30:00+05:30,474.2646244406061,29.933333333333337,81.83333333333333,19,3,0,0,482.25009640503856,415.9239060111012,0,0,10.813310868605901,0.8196688281600798
2024-10-03 19:45:00+05:30,466.3689995457859,29.866666666666664,82.26666666666667,19,3,0,0,474.2646244406061,412.71007822792666,0,0,10.813310868605901,0.8196688281600798
2024-10-03 20:00:00+05:30,457.3521226377224,29.8,82.6,20,3,0,0,466.3689995457859,410.1490295935776,0,0,10.193366449690611,0.84334742214611
2024-10-03 20:15:00+05:30,450.8021413236862,29.8,82.26666666666667,20,3,0,0,457.3521226377224,408.26830954117344,0,0,10.193366449690611,0.84334742214611
2024-10-03 20:30:00+05:30,444.6211646531636,29.73333333333333,82.73333333333333,20,3,0,0,450.8021413236862,405.34117662321256,0,0,10.193366449690611,0.84334742214611
2024-10-03 20:45:00+05:30,439.6389716081334,29.666666666666668,82.66666666666667,20,3,0,0,444.6211646531636,404.8900146859212,0,0,10.193366449690611,0.84334742214611
2024-10-03 21:00:00+05:30,433.7016771123308,29.666666666666668,83.5,21,3,0,0,439.6389716081334,403.0630275060885,0,0,8.774792195189448,0.7521888831997796
2024-10-03 21:15:00+05:30,428.4848691119719,29.633333333333336,83.36666666666666,21,3,0,0,433.7016771123308,401.3052167238216,0,0,8.774792195189448,0.7521888831997796
2024-10-03 21:30:00+05:30,423.1659446339963,29.53333333333333,84.16666666666667,21,3,0,0,428.4848691119719,397.9797852503361,0,0,8.774792195189448,0.7521888831997796
2024-10-03 21:45:00+05:30,420.0385943520676,29.433333333333337,84.16666666666667,21,3,0,0,423.1659446339963,396.4546643963857,0,0,8.774792195189448,0.7521888831997796
2024-10-03 22:00:00+05:30,412.9633022343604,29.366666666666664,84.4,22,3,0,0,420.0385943520676,392.5720184761996,0,0,9.389172121610137,0.7252749896297948
2024-10-03 22:15:00+05:30,408.04872720598246,29.33333333333333,84.33333333333333,22,3,0,0,412.9633022343604,389.369156218743,0,0,9.389172121610137,0.7252749896297948
2024-10-03 22:30:00+05:30,406.1015019944503,29.23333333333333,84.5,22,3,0,0,408.04872720598246,387.0712220182903,0,0,9.389172121610137,0.7252749896297948
2024-10-03 22:45:00+05:30,401.1762177991208,29.23333333333333,84.83333333333333,22,3,0,0,406.1015019944503,383.67648448333256,0,0,9.389172121610137,0.7252749896297948
2024-10-03 23:00:00+05:30,396.00866491500415,29.166666666666668,84.8,23,3,0,0,401.1762177991208,381.1479155602485,0,0,10.314981635691288,0.7718909870937027
2024-10-03 23:15:00+05:30,394.2280464110656,29.133333333333336,85.46666666666665,23,3,0,0,396.00866491500415,378.57177590314654,0,0,10.314981635691288,0.7718909870937027
2024-10-03 23:30:00+05:30,388.969131531733,29.066666666666663,85.3,23,3,0,0,394.2280464110656,375.5513297568143,0,0,10.314981635691288,0.7718909870937027
2024-10-03 23:45:00+05:30,383.8670311647148,29.03333333333333,85.39999999999999,23,3,0,0,388.969131531733,370.22652899268303,0,0,10.314981635691288,0.7718909870937027
2024-10-04 00:00:00+05:30,376.9431314362546,29.433333333333337,93.26666666666668,0,4,0,0,383.8670311647148,364.94067836728647,0,0,10.821030164864855,0.09594533623790569
2024-10-04 00:15:00+05:30,371.8295539975746,29.46666666666667,92.96666666666664,0,4,0,0,376.9431314362546,358.81460279271994,0,0,10.821030164864855,0.09594533623790569
2024-10-04 00:30:00+05:30,364.0516582894883,29.4,93.16666666666669,0,4,0,0,371.8295539975746,351.2782721129228,0,0,10.821030164864855,0.09594533623790569
2024-10-04 00:45:00+05:30,356.6678470943579,29.366666666666664,93.1,0,4,0,0,364.0516582894883,346.1865719847912,0,0,10.821030164864855,0.09594533623790569
2024-10-04 01:00:00+05:30,350.8224058245812,29.366666666666664,92.96666666666664,1,4,0,0,356.6678470943579,337.8733383428401,0,0,9.728100754378737,-0.03336421712728943
2024-10-04 01:15:00+05:30,344.8023411299208,29.266666666666666,92.93333333333334,1,4,0,0,350.8224058245812,331.859205083887,0,0,9.728100754378737,-0.03336421712728943
2024-10-04 01:30:00+05:30,337.4695620950488,29.3,92.76666666666664,1,4,0,0,344.8023411299208,328.2446313952919,0,0,9.728100754378737,-0.03336421712728943
2024-10-04 01:45:00+05:30,333.4191325988905,29.3,92.43333333333334,1,4,0,0,337.4695620950488,324.19795878473013,0,0,9.728100754378737,-0.03336421712728943
2024-10-04 02:00:00+05:30,328.8945237409739,29.2,92.8,2,4,0,0,333.4191325988905,321.0979454551311,0,0,8.484637707535343,-0.001367850315744823
2024-10-04 02:15:00+05:30,326.1657119430044,29.166666666666668,92.5,2,4,0,0,328.8945237409739,318.53296767215073,0,0,8.484637707535343,-0.001367850315744823
2024-10-04 02:30:00+05:30,323.3093428592641,29.066666666666663,92.36666666666667,2,4,0,0,326.1657119430044,315.7060583810043,0,0,8.484637707535343,-0.001367850315744823
2024-10-04 02:45:00+05:30,322.5107172021188,29.0,92.2,2,4,0,0,323.3093428592641,312.27566837256194,0,0,8.484637707535343,-0.001367850315744823
2024-10-04 03:00:00+05:30,320.21553835792474,28.933333333333337,92.53333333333336,3,4,0,0,322.5107172021188,308.7166906497878,0,0,7.607119538689619,-0.06004878179214801
2024-10-04 03:15:00+05:30,318.1013421231876,28.9,92.83333333333331,3,4,0,0,320.21553835792474,307.18395653740777,0,0,7.607119538689619,-0.06004878179214801
2024-10-04 03:30:00+05:30,315.19987021647864,28.866666666666664,92.83333333333331,3,4,0,0,318.1013421231876,304.329095777648,0,0,7.607119538689619,-0.06004878179214801
2024-10-04 03:45:00+05:30,312.4658882253541,28.8,93.16666666666669,3,4,0,0,315.19987021647864,301.53624365469307,0,0,7.607119538689619,-0.06004878179214801
2024-10-04 04:00:00+05:30,311.05316634170657,28.766666666666666,92.96666666666664,4,4,0,0,312.4658882253541,301.2120073924629,0,0,6.594267060678064,0.008427398213465498
2024-10-04 04:15:00+05:30,309.87382748622395,28.766666666666666,92.96666666666668,4,4,0,0,311.05316634170657,300.3177621408859,0,0,6.594267060678064,0.008427398213465498
2024-10-04 04:30:00+05:30,309.0955584547616,28.73333333333333,93.03333333333336,4,4,0,0,309.87382748622395,302.34474493072787,0,0,6.594267060678064,0.008427398213465498
2024-10-04 04:45:00+05:30,308.5457757284179,28.8,92.66666666666669,4,4,0,0,309.0955584547616,304.1026878657599,0,0,6.594267060678064,0.008427398213465498
2024-10-04 05:00:00+05:30,307.8088266051113,28.8,92.46666666666664,5,4,0,0,308.5457757284179,305.67059899471354,0,0,5.279257902398529,0.10435750043793113
2024-10-04 05:15:00+05:30,309.7858834334287,28.73333333333333,92.1,5,4,0,0,307.8088266051113,308.27908673363606,0,0,5.279257902398529,0.10435750043793113
2024-10-04 05:30:00+05:30,314.715264489028,28.666666666666668,92.36666666666667,5,4,0,0,309.7858834334287,313.716237209634,0,0,5.279257902398529,0.10435750043793113
2024-10-04 05:45:00+05:30,322.4082085285213,28.633333333333336,92.03333333333336,5,4,0,0,314.715264489028,317.4922114113836,0,0,5.279257902398529,0.10435750043793113
2024-10-04 06:00:00+05:30,331.09072238362535,28.566666666666663,92.66666666666669,6,4,0,0,322.4082085285213,326.16086150883467,0,0,4.311530887041023,0.35531410580184186
2024-10-04 06:15:00+05:30,337.6955114717962,28.433333333333337,93.13333333333333,6,4,0,0,331.09072238362535,333.9289868174545,0,0,4.311530887041023,0.35531410580184186
2024-10-04 06:30:00+05:30,346.69892078601475,28.53333333333333,93.26666666666668,6,4,0,0,337.6955114717962,344.0370100766672,0,0,4.311530887041023,0.35531410580184186
2024-10-04 06:45:00+05:30,356.4338785536211,28.6,92.56666666666666,6,4,0,0,346.69892078601475,352.8172384420235,0,0,4.311530887041023,0.35531410580184186
2024-10-04 07:00:00+05:30,370.9348380784539,28.73333333333333,92.83333333333331,7,4,0,0,356.4338785536211,366.661865511624,0,0,5.499185953045883,0.4537110737780554
2024-10-04 07:15:00+05:30,384.95842202587954,28.933333333333337,92.3,7,4,0,0,370.9348380784539,382.4689749168985,0,0,5.499185953045883,0.4537110737780554
2024-10-04 07:30:00+05:30,400.6812336278084,29.2,91.1,7,4,0,0,384.95842202587954,399.4688357335288,0,0,5.499185953045883,0.4537110737780554
2024-10-04 07:45:00+05:30,420.50158322431633,29.36666666666667,90.36666666666667,7,4,0,0,400.6812336278084,420.0847990401709,0,0,5.499185953045883,0.4537110737780554
2024-10-04 08:00:00+05:30,444.6614581658836,29.566666666666663,89.23333333333333,8,4,0,0,420.50158322431633,444.8210373431199,0,0,8.459706391374313,0.5709639278196643
2024-10-04 08:15:00+05:30,464.06075043928286,29.8,86.36666666666667,8,4,0,0,444.6614581658836,470.0348562027973,0,0,8.459706391374313,0.5709639278196643
2024-10-04 08:30:00+05:30,486.2380349568336,30.7,82.8,8,4,0,0,464.06075043928286,488.19023291659806,0,0,8.459706391374313,0.5709639278196643
2024-10-04 08:45:00+05:30,499.3519953695086,30.866666666666664,81.10000000000001,8,4,0,0,486.2380349568336,504.6317824506941,0,0,8.459706391374313,0.5709639278196643
2024-10-04 09:00:00+05:30,516.090394257473,31.03333333333333,80.96666666666665,9,4,0,1,499.3519953695086,521.2558470607347,0,0,7.468916508257824,1.776913993434797
2024-10-04 09:15:00+05:30,527.605445225176,31.166666666666668,79.63333333333334,9,4,0,1,516.090394257473,533.106548476786,0,0,7.468916508257824,1.776913993434797
2024-10-04 09:30:00+05:30,535.8795468581447,31.53333333333333,78.60000000000001,9,4,0,1,527.605445225176,542.5185517512824,0,0,7.468916508257824,1.776913993434797
2024-10-04 09:45:00+05:30,543.9937918301906,32.13333333333333,75.76666666666667,9,4,0,1,535.8795468581447,553.1662364043412,0,0,7.468916508257824,1.776913993434797
2024-10-04 10:00:00+05:30,551.4471692211024,32.166666666666664,75.23333333333333,10,4,0,1,543.9937918301906,558.9994036825152,0,0,7.176660943313998,1.959443809088301
2024-10-04 10:15:00+05:30,555.1231691129879,32.13333333333333,74.96666666666665,10,4,0,1,551.4471692211024,565.4950911441783,0,0,7.176660943313998,1.959443809088301
2024-10-04 10:30:00+05:30,557.0607210097153,32.333333333333336,74.53333333333333,10,4,0,1,555.1231691129879,569.6330765362923,0,0,7.176660943313998,1.959443809088301
2024-10-04 10:45:00+05:30,560.8215391680276,32.56666666666667,73.46666666666665,10,4,0,1,557.0607210097153,568.9363961828932,0,0,7.176660943313998,1.959443809088301
2024-10-04 11:00:00+05:30,561.4781219880701,32.6,73.50000000000001,11,4,0,1,560.8215391680276,569.2400310648558,0,0,7.922475529678865,1.905498851423404
2024-10-04 11:15:00+05:30,562.0463831961954,32.666666666666664,72.13333333333334,11,4,0,1,561.4781219880701,569.5904418743594,0,0,7.922475529678865,1.905498851423404
2024-10-04 11:30:00+05:30,559.5135608697562,32.6,72.3,11,4,0,1,562.0463831961954,568.6882209299897,0,0,7.922475529678865,1.905498851423404
2024-10-04 11:45:00+05:30,557.4490773270311,32.63333333333333,71.76666666666667,11,4,0,1,559.5135608697562,568.3836920724575,0,0,7.922475529678865,1.905498851423404
2024-10-04 12:00:00+05:30,556.302870854557,32.93333333333333,69.83333333333333,12,4,0,1,557.4490773270311,565.5146159709665,0,0,8.194346391416534,1.8296017411002858
2024-10-04 12:15:00+05:30,552.0457997855616,33.333333333333336,68.9,12,4,0,1,556.302870854557,562.7200278211595,0,0,8.194346391416534,1.8296017411002858
2024-10-04 12:30:00+05:30,550.4504051972626,33.6,67.0,12,4,0,1,552.0457997855616,561.9681610745643,0,0,8.194346391416534,1.8296017411002858
2024-10-04 12:45:00+05:30,551.9625016911854,33.666666666666664,67.23333333333333,12,4,0,1,550.4504051972626,559.1072818051529,0,0,8.194346391416534,1.8296017411002858
2024-10-04 13:00:00+05:30,547.2582889527838,33.63333333333333,66.1,13,4,0,1,551.9625016911854,552.7752020756221,0,0,7.466115020642604,1.781152913482967
2024-10-04 13:15:00+05:30,542.8362147982044,33.63333333333333,65.13333333333334,13,4,0,1,547.2582889527838,549.8204990291666,0,0,7.466115020642604,1.781152913482967
2024-10-04 13:30:00+05:30,542.576125293983,33.766666666666666,64.6,13,4,0,1,542.8362147982044,547.9237608326188,0,0,7.466115020642604,1.781152913482967
2024-10-04 13:45:00+05:30,544.4186336622604,33.9,64.23333333333333,13,4,0,1,542.576125293983,548.2405226782905,0,0,7.466115020642604,1.781152913482967
2024-10-04 14:00:00+05:30,547.4636431925362,33.766666666666666,64.6,14,4,0,1,544.4186336622604,555.4064681034733,0,0,7.453520252664822,1.8810727851227305
2024-10-04 14:15:00+05:30,549.8891881966731,33.800000000000004,65.3,14,4,0,1,547.4636431925362,558.8145301148543,0,0,7.453520252664822,1.8810727851227305
2024-10-04 14:30:00+05:30,553.2466910599896,33.8,63.79999999999999,14,4,0,1,549.8891881966731,557.1232804683648,0,0,7.453520252664822,1.8810727851227305
2024-10-04 14:45:00+05:30,556.0913868519102,33.56666666666667,65.56666666666666,14,4,0,1,553.2466910599896,557.8913580266999,0,0,7.453520252664822,1.8810727851227305
2024-10-04 15:00:00+05:30,555.3792535520902,33.46666666666667,66.03333333333335,15,4,0,1,556.0913868519102,559.454076216936,0,0,7.614608640955644,1.8795749299968296
2024-10-04 15:15:00+05:30,554.5503441694079,33.333333333333336,66.8,15,4,0,1,555.3792535520902,560.9328340046924,0,0,7.614608640955644,1.8795749299968296
2024-10-04 15:30:00+05:30,552.0124184050753,33.23333333333333,67.23333333333333,15,4,0,1,554.5503441694079,559.7963522816476,0,0,7.614608640955644,1.8795749299968296
2024-10-04 15:45:00+05:30,552.5539981787508,33.2,68.13333333333333,15,4,0,1,552.0124184050753,558.6998113623214,0,0,7.614608640955644,1.8795749299968296
2024-10-04 16:00:00+05:30,553.8279861468171,33.5,67.2,16,4,0,1,552.5539981787508,560.8919278134535,0,0,8.928003783814992,1.63470214174834
2024-10-04 16:15:00+05:30,550.6552048786361,33.26666666666667,68.03333333333332,16,4,0,1,553.8279861468171,558.5222737250772,0,0,8.928003783814992,1.63470214174834
2024-10-04 16:30:00+05:30,548.946570938236,32.86666666666667,69.66666666666667,16,4,0,1,550.6552048786361,556.7246194008202,0,0,8.928003783814992,1.63470214174834
2024-10-04 16:45:00+05:30,543.7728764613261,32.733333333333334,70.23333333333333,16,4,0,1,548.946570938236,552.8009962849403,0,0,8.928003783814992,1.63470214174834
2024-10-04 17:00:00+05:30,541.4636288187955,32.5,70.7,17,4,0,1,543.7728764613261,548.4496223414532,0,0,9.832269406100862,1.3066312424333932
2024-10-04 17:15:00+05:30,534.905150913727,31.766666666666666,72.63333333333334,17,4,0,1,541.4636288187955,541.6099597185346,0,0,9.832269406100862,1.3066312424333932
2024-10-04 17:30:00+05:30,527.0627996426655,31.166666666666668,75.0,17,4,0,1,534.905150913727,533.4944443271265,0,0,9.832269406100862,1.3066312424333932
2024-10-04 17:45:00+05:30,517.9922336905494,30.83333333333333,76.03333333333333,17,4,0,1,527.0627996426655,524.943257678091,0,0,9.832269406100862,1.3066312424333932
2024-10-04 18:00:00+05:30,511.5599469374942,30.666666666666668,76.7,18,4,0,0,517.9922336905494,516.7164842700788,0,0,10.294210660754121,0.797082883851726
2024-10-04 18:15:00+05:30,506.3527745325071,30.433333333333337,78.66666666666667,18,4,0,0,511.5599469374942,510.7616661495225,0,0,10.294210660754121,0.797082883851726
2024-10-04 18:30:00+05:30,501.9730401666775,30.26666666666667,79.0,18,4,0,0,506.3527745325071,505.25464294410506,0,0,10.294210660754121,0.797082883851726
2024-10-04 18:45:00+05:30,495.97187485378754,30.133333333333336,79.73333333333333,18,4,0,0,501.9730401666775,501.1143837871083,0,0,10.294210660754121,0.797082883851726
2024-10-04 19:00:00+05:30,486.345911289448,30.100000000000005,80.73333333333333,19,4,0,0,495.97187485378754,492.4105116084119,0,0,10.813310868605901,0.8196688281600798
2024-10-04 19:15:00+05:30,476.1695537093302,29.966666666666665,81.33333333333333,19,4,0,0,486.345911289448,482.25009640503856,0,0,10.813310868605901,0.8196688281600798
2024-10-04 19:30:00+05:30,467.4945003009014,29.933333333333337,81.83333333333333,19,4,0,0,476.1695537093302,474.2646244406061,0,0,10.813310868605901,0.8196688281600798
2024-10-04 19:45:00+05:30,460.05263309652656,29.866666666666664,82.26666666666667,19,4,0,0,467.4945003009014,466.3689995457859,0,0,10.813310868605901,0.8196688281600798
2024-10-04 20:00:00+05:30,452.1075727431776,29.8,82.6,20,4,0,0,460.05263309652656,457.3521226377224,0,0,10.193366449690611,0.84334742214611
2024-10-04 20:15:00+05:30,445.6942073055734,29.8,82.26666666666667,20,4,0,0,452.1075727431776,450.8021413236862,0,0,10.193366449690611,0.84334742214611
2024-10-04 20:30:00+05:30,439.6621539564126,29.73333333333333,82.73333333333333,20,4,0,0,445.6942073055734,444.6211646531636,0,0,10.193366449690611,0.84334742214611
2024-10-04 20:45:00+05:30,434.66854878772114,29.666666666666668,82.66666666666667,20,4,0,0,439.6621539564126,439.6389716081334,0,0,10.193366449690611,0.84334742214611
2024-10-04 21:00:00+05:30,428.0083218312886,29.666666666666668,83.5,21,4,0,0,434.66854878772114,433.7016771123308,0,0,8.774792195189448,0.7521888831997796
2024-10-04 21:15:00+05:30,423.4173283922215,29.633333333333336,83.36666666666666,21,4,0,0,428.0083218312886,428.4848691119719,0,0,8.774792195189448,0.7521888831997796
2024-10-04 21:30:00+05:30,416.28372862153617,29.53333333333333,84.16666666666667,21,4,0,0,423.4173283922215,423.1659446339963,0,0,8.774792195189448,0.7521888831997796
2024-10-04 21:45:00+05:30,412.8256508869856,29.433333333333337,84.16666666666667,21,4,0,0,416.28372862153617,420.0385943520676,0,0,8.774792195189448,0.7521888831997796
2024-10-04 22:00:00+05:30,406.0566168275994,29.366666666666664,84.4,22,4,0,0,412.8256508869856,412.9633022343604,0,0,9.389172121610137,0.7252749896297948
2024-10-04 22:15:00+05:30,402.148347695343,29.33333333333333,84.33333333333333,22,4,0,0,406.0566168275994,408.04872720598246,0,0,9.389172121610137,0.7252749896297948
2024-10-04 22:30:00+05:30,400.8088506716903,29.23333333333333,84.5,22,4,0,0,402.148347695343,406.1015019944503,0,0,9.389172121610137,0.7252749896297948
2024-10-04 22:45:00+05:30,397.64715337333246,29.23333333333333,84.83333333333333,22,4,0,0,400.8088506716903,401.1762177991208,0,0,9.389172121610137,0.7252749896297948
2024-10-04 23:00:00+05:30,394.38849525484846,29.166666666666668,84.8,23,4,0,0,397.64715337333246,396.00866491500415,0,0,10.314981635691288,0.7718909870937027
2024-10-04 23:15:00+05:30,390.0890587581463,29.133333333333336,85.46666666666665,23,4,0,0,394.38849525484846,394.2280464110656,0,0,10.314981635691288,0.7718909870937027
2024-10-04 23:30:00+05:30,384.5960729894142,29.066666666666663,85.3,23,4,0,0,390.0890587581463,388.969131531733,0,0,10.314981635691288,0.7718909870937027
2024-10-04 23:45:00+05:30,380.0172976862829,29.03333333333333,85.39999999999999,23,4,0,0,384.5960729894142,383.8670311647148,0,0,10.314981635691288,0.7718909870937027
2024-10-05 00:00:00+05:30,374.4913821151482,28.7,84.8,0,5,1,0,380.0172976862829,376.9431314362546,0,0,10.896953436007536,0.1345953376447433
2024-10-05 00:15:00+05:30,369.7288038805388,28.56666667,84.7,0,5,1,0,374.4913821151482,371.8295539975746,0,0,10.896953436007536,0.1345953376447433
2024-10-05 00:30:00+05:30,362.4420421397284,28.5,85.16666667,0,5,1,0,369.7288038805388,364.0516582894883,0,0,10.896953436007536,0.1345953376447433
2024-10-05 00:45:00+05:30,356.6059624352791,28.5,85.16666667,0,5,1,0,362.4420421397284,356.6678470943579,0,0,10.896953436007536,0.1345953376447433
2024-10-05 01:00:00+05:30,350.0777915349093,28.46666667,85.1,1,5,1,0,356.6059624352791,350.8224058245812,0,0,10.285432132312645,0.009994036151057983
2024-10-05 01:15:00+05:30,345.3603470218412,28.36666667,85.46666667,1,5,1,0,350.0777915349093,344.8023411299208,0,0,10.285432132312645,0.009994036151057983
2024-10-05 01:30:00+05:30,340.55785320709026,28.23333333,86.06666667,1,5,1,0,345.3603470218412,337.4695620950488,0,0,10.285432132312645,0.009994036151057983
2024-10-05 01:45:00+05:30,335.43674543903336,28.23333333,86.2,1,5,1,0,340.55785320709026,333.4191325988905,0,0,10.285432132312645,0.009994036151057983
2024-10-05 02:00:00+05:30,329.46379564314424,28.23333333,86.83333333,2,5,1,0,335.43674543903336,328.8945237409739,0,0,8.736502644041135,0.08088823844590087
2024-10-05 02:15:00+05:30,326.11394524623057,28.13333333,87.43333333,2,5,1,0,329.46379564314424,326.1657119430044,0,0,8.736502644041135,0.08088823844590087
2024-10-05 02:30:00+05:30,321.88635881197786,28.06666667,87.33333333,2,5,1,0,326.11394524623057,323.3093428592641,0,0,8.736502644041135,0.08088823844590087
2024-10-05 02:45:00+05:30,319.7216795419271,28.06666667,88.0,2,5,1,0,321.88635881197786,322.5107172021188,0,0,8.736502644041135,0.08088823844590087
2024-10-05 03:00:00+05:30,315.9324193421017,28.0,88.93333333,3,5,1,0,319.7216795419271,320.21553835792474,0,0,7.126510250531449,0.1378926843170436
2024-10-05 03:15:00+05:30,314.5076069758661,27.9,89.7,3,5,1,0,315.9324193421017,318.1013421231876,0,0,7.126510250531449,0.1378926843170436
2024-10-05 03:30:00+05:30,311.5075129859796,27.8,90.06666667,3,5,1,0,314.5076069758661,315.19987021647864,0,0,7.126510250531449,0.1378926843170436
2024-10-05 03:45:00+05:30,309.536797880934,27.76666667,91.0,3,5,1,0,311.5075129859796,312.4658882253541,0,0,7.126510250531449,0.1378926843170436
2024-10-05 04:00:00+05:30,308.4084318990741,27.8,91.8,4,5,1,0,309.536797880934,311.05316634170657,0,0,6.23322848066284,0.18455475868972093
2024-10-05 04:15:00+05:30,307.5883013336576,27.76666667,92.7,4,5,1,0,308.4084318990741,309.87382748622395,0,0,6.23322848066284,0.18455475868972093
2024-10-05 04:30:00+05:30,307.32254870539424,27.63333333,93.33333333,4,5,1,0,307.5883013336576,309.0955584547616,0,0,6.23322848066284,0.18455475868972093
2024-10-05 04:45:00+05:30,306.85290834573743,27.63333333,93.23333333,4,5,1,0,307.32254870539424,308.5457757284179,0,0,6.23322848066284,0.18455475868972093
2024-10-05 05:00:00+05:30,306.12695908059754,27.66666667,93.16666667,5,5,1,0,306.85290834573743,307.8088266051113,0,0,5.500681652090653,0.1603770500768218
2024-10-05 05:15:00+05:30,307.4288149507292,27.63333333,92.6,5,5,1,0,306.12695908059754,309.7858834334287,0,0,5.500681652090653,0.1603770500768218
2024-10-05 05:30:00+05:30,310.4881414671549,27.63333333,92.76666667,5,5,1,0,307.4288149507292,314.715264489028,0,0,5.500681652090653,0.1603770500768218
2024-10-05 05:45:00+05:30,313.41089518569544,27.63333333,92.8,5,5,1,0,310.4881414671549,322.4082085285213,0,0,5.500681652090653,0.1603770500768218
2024-10-05 06:00:00+05:30,316.339212231055,27.56666667,93.13333333,6,5,1,0,313.41089518569544,331.09072238362535,0,0,4.292541893350264,0.24201345767070326
2024-10-05 06:15:00+05:30,318.42451787806425,27.53333333,93.46666667,6,5,1,0,316.339212231055,337.6955114717962,0,0,4.292541893350264,0.24201345767070326
2024-10-05 06:30:00+05:30,325.2542530032951,27.56666667,93.6,6,5,1,0,318.42451787806425,346.69892078601475,0,0,4.292541893350264,0.24201345767070326
2024-10-05 06:45:00+05:30,330.0663541705932,27.56666667,93.6,6,5,1,0,325.2542530032951,356.4338785536211,0,0,4.292541893350264,0.24201345767070326
2024-10-05 07:00:00+05:30,335.3857177448716,27.63333333,93.76666667,7,5,1,0,330.0663541705932,370.9348380784539,0,0,3.389368785503099,0.4330498027050318
2024-10-05 07:15:00+05:30,344.56559124731785,27.66666667,93.53333333,7,5,1,0,335.3857177448716,384.95842202587954,0,0,3.389368785503099,0.4330498027050318
2024-10-05 07:30:00+05:30,353.24655989818,27.76666667,92.9,7,5,1,0,344.56559124731785,400.6812336278084,0,0,3.389368785503099,0.4330498027050318
2024-10-05 07:45:00+05:30,364.8039226345163,28.0,92.0,7,5,1,0,353.24655989818,420.50158322431633,0,0,3.389368785503099,0.4330498027050318
2024-10-05 08:00:00+05:30,380.9958039856837,28.23333333,90.13333333,8,5,1,0,364.8039226345163,444.6614581658836,0,0,4.0779365174337965,0.3948123018181323
2024-10-05 08:15:00+05:30,398.8214823328828,28.9,87.36666667,8,5,1,0,380.9958039856837,464.06075043928286,0,0,4.0779365174337965,0.3948123018181323
2024-10-05 08:30:00+05:30,413.1427007246336,29.56666667,83.4,8,5,1,0,398.8214823328828,486.2380349568336,0,0,4.0779365174337965,0.3948123018181323
2024-10-05 08:45:00+05:30,425.9267156079088,30.03333333,81.53333333,8,5,1,0,413.1427007246336,499.3519953695086,0,0,4.0779365174337965,0.3948123018181323
2024-10-05 09:00:00+05:30,438.5582112822729,30.7,78.1,9,5,1,1,425.9267156079088,516.090394257473,0,0,3.4471376100258504,0.6884128340080709
2024-10-05 09:15:00+05:30,449.7271298543757,31.1,74.93333333,9,5,1,1,438.5582112822729,527.605445225176,0,0,3.4471376100258504,0.6884128340080709
2024-10-05 09:30:00+05:30,460.7677992633447,31.5,73.46666667,9,5,1,1,449.7271298543757,535.8795468581447,0,0,3.4471376100258504,0.6884128340080709
2024-10-05 09:45:00+05:30,467.87292765499046,31.8,71.16666667,9,5,1,1,460.7677992633447,543.9937918301906,0,0,3.4471376100258504,0.6884128340080709
2024-10-05 10:00:00+05:30,475.2134575391025,31.86666667,71.1,10,5,1,1,467.87292765499046,551.4471692211024,0,0,2.0612993378596327,1.1028429520822007
2024-10-05 10:15:00+05:30,484.3615763623878,32.0,70.16666667,10,5,1,1,475.2134575391025,555.1231691129879,0,0,2.0612993378596327,1.1028429520822007
2024-10-05 10:30:00+05:30,488.5796840161154,32.16666667,70.0,10,5,1,1,484.3615763623878,557.0607210097153,0,0,2.0612993378596327,1.1028429520822007
2024-10-05 10:45:00+05:30,493.5013772388274,32.43333333,68.06666667,10,5,1,1,488.5796840161154,560.8215391680276,0,0,2.0612993378596327,1.1028429520822007
2024-10-05 11:00:00+05:30,494.0211793774701,32.73333333,66.8,11,5,1,1,493.5013772388274,561.4781219880701,0,0,1.0206730550620675,1.0847728983406804
2024-10-05 11:15:00+05:30,491.6909146833953,32.86666667,66.4,11,5,1,1,494.0211793774701,562.0463831961954,0,0,1.0206730550620675,1.0847728983406804
2024-10-05 11:30:00+05:30,490.2029116977564,32.43333333,68.83333333,11,5,1,1,491.6909146833953,559.5135608697562,0,0,1.0206730550620675,1.0847728983406804
2024-10-05 11:45:00+05:30,490.2742584690311,32.4,68.53333333,11,5,1,1,490.2029116977564,557.4490773270311,0,0,1.0206730550620675,1.0847728983406804
2024-10-05 12:00:00+05:30,489.6780339537571,33.0,66.83333333,12,5,1,1,490.2742584690311,556.302870854557,0,0,2.2746353347992057,0.9203932179843796
2024-10-05 12:15:00+05:30,488.31932111136166,33.26666667,66.06666667,12,5,1,1,489.6780339537571,552.0457997855616,0,0,2.2746353347992057,0.9203932179843796
2024-10-05 12:30:00+05:30,487.3850441192629,33.3,66.0,12,5,1,1,488.31932111136166,550.4504051972626,0,0,2.2746353347992057,0.9203932179843796
2024-10-05 12:45:00+05:30,485.6549388705855,33.23333333,65.53333333,12,5,1,1,487.3850441192629,551.9625016911854,0,0,2.2746353347992057,0.9203932179843796
2024-10-05 13:00:00+05:30,478.0231830947838,33.2,65.0,13,5,1,1,485.6549388705855,547.2582889527838,0,0,4.660065875273532,1.0809034534407196
2024-10-05 13:15:00+05:30,476.6430656628044,33.16666667,64.26666667,13,5,1,1,478.0231830947838,542.8362147982044,0,0,4.660065875273532,1.0809034534407196
2024-10-05 13:30:00+05:30,475.3274039679829,33.03333333,64.86666667,13,5,1,1,476.6430656628044,542.576125293983,0,0,4.660065875273532,1.0809034534407196
2024-10-05 13:45:00+05:30,477.2917085028603,33.33333333,65.03333333,13,5,1,1,475.3274039679829,544.4186336622604,0,0,4.660065875273532,1.0809034534407196
2024-10-05 14:00:00+05:30,478.2573734837361,33.13333333,64.63333333,14,5,1,1,477.2917085028603,547.4636431925362,0,0,7.680734244182991,1.6326746678879722
2024-10-05 14:15:00+05:30,481.63893086127297,33.13333333,65.23333333,14,5,1,1,478.2573734837361,549.8891881966731,0,0,7.680734244182991,1.6326746678879722
2024-10-05 14:30:00+05:30,482.6254721331897,33.03333333,65.0,14,5,1,1,481.63893086127297,553.2466910599896,0,0,7.680734244182991,1.6326746678879722
2024-10-05 14:45:00+05:30,483.0247720357103,32.86666667,65.76666667,14,5,1,1,482.6254721331897,556.0913868519102,0,0,7.680734244182991,1.6326746678879722
2024-10-05 15:00:00+05:30,480.8349317682901,32.83333333,66.03333333,15,5,1,1,483.0247720357103,555.3792535520902,0,0,8.262340089610356,1.5156550631020618
2024-10-05 15:15:00+05:30,482.7383502322079,32.66666667,65.63333333,15,5,1,1,480.8349317682901,554.5503441694079,0,0,8.262340089610356,1.5156550631020618
2024-10-05 15:30:00+05:30,478.3627921194752,32.63333333,65.43333333,15,5,1,1,482.7383502322079,552.0124184050753,0,0,8.262340089610356,1.5156550631020618
2024-10-05 15:45:00+05:30,475.51635668815067,32.7,65.46666667,15,5,1,1,478.3627921194752,552.5539981787508,0,0,8.262340089610356,1.5156550631020618
2024-10-05 16:00:00+05:30,474.253391649417,32.8,64.56666667,16,5,1,1,475.51635668815067,553.8279861468171,0,0,9.1910272937323,1.2057017392589264
2024-10-05 16:15:00+05:30,470.0769547080361,32.73333333,63.66666667,16,5,1,1,474.253391649417,550.6552048786361,0,0,9.1910272937323,1.2057017392589264
2024-10-05 16:30:00+05:30,467.470378972836,32.56666667,64.8,16,5,1,1,470.0769547080361,548.946570938236,0,0,9.1910272937323,1.2057017392589264
2024-10-05 16:45:00+05:30,464.01804719552615,32.4,65.33333333,16,5,1,1,467.470378972836,543.7728764613261,0,0,9.1910272937323,1.2057017392589264
2024-10-05 17:00:00+05:30,462.7400184025957,31.96666667,66.33333333,17,5,1,1,464.01804719552615,541.4636288187955,0,0,7.663749198615025,0.7535027628526391
2024-10-05 17:15:00+05:30,458.372724713927,31.26666667,69.1,17,5,1,1,462.7400184025957,534.905150913727,0,0,7.663749198615025,0.7535027628526391
2024-10-05 17:30:00+05:30,457.6784495282655,30.8,69.86666667,17,5,1,1,458.372724713927,527.0627996426655,0,0,7.663749198615025,0.7535027628526391
2024-10-05 17:45:00+05:30,453.2818504607494,30.36666667,71.9,17,5,1,1,457.6784495282655,517.9922336905494,0,0,7.663749198615025,0.7535027628526391
2024-10-05 18:00:00+05:30,451.4914631236941,30.06666667,73.6,18,5,1,0,453.2818504607494,511.5599469374942,0,0,4.758521579225232,0.5398490611436548
2024-10-05 18:15:00+05:30,448.2688425397071,30.0,75.0,18,5,1,0,451.4914631236941,506.3527745325071,0,0,4.758521579225232,0.5398490611436548
2024-10-05 18:30:00+05:30,446.8995820020775,29.9,74.96666667,18,5,1,0,448.2688425397071,501.9730401666775,0,0,4.758521579225232,0.5398490611436548
2024-10-05 18:45:00+05:30,446.7503054977874,29.8,74.93333333,18,5,1,0,446.8995820020775,495.97187485378754,0,0,4.758521579225232,0.5398490611436548
2024-10-05 19:00:00+05:30,443.320734822248,29.7,75.83333333,19,5,1,0,446.7503054977874,486.345911289448,0,0,7.271858284480242,0.7964522305047017
2024-10-05 19:15:00+05:30,437.86246543173024,29.66666667,76.23333333,19,5,1,0,443.320734822248,476.1695537093302,0,0,7.271858284480242,0.7964522305047017
2024-10-05 19:30:00+05:30,434.2390839891012,29.63333333,77.3,19,5,1,0,437.86246543173024,467.4945003009014,0,0,7.271858284480242,0.7964522305047017
2024-10-05 19:45:00+05:30,427.1637789885265,29.53333333,78.46666667,19,5,1,0,434.2390839891012,460.05263309652656,0,0,7.271858284480242,0.7964522305047017
2024-10-05 20:00:00+05:30,423.6658083375775,29.46666667,78.66666667,20,5,1,0,427.1637789885265,452.1075727431776,0,0,7.4682959677178244,0.7083492559456792
2024-10-05 20:15:00+05:30,419.0444313311733,29.4,78.76666667,20,5,1,0,423.6658083375775,445.6942073055734,0,0,7.4682959677178244,0.7083492559456792
2024-10-05 20:30:00+05:30,414.3535017338126,29.36666667,79.2,20,5,1,0,419.0444313311733,439.6621539564126,0,0,7.4682959677178244,0.7083492559456792
2024-10-05 20:45:00+05:30,409.9231673745212,29.3,79.83333333,20,5,1,0,414.3535017338126,434.66854878772114,0,0,7.4682959677178244,0.7083492559456792
2024-10-05 21:00:00+05:30,404.35955523808855,29.26666667,80.7,21,5,1,0,409.9231673745212,428.0083218312886,0,0,8.047314004755947,0.6135525127194714
2024-10-05 21:15:00+05:30,400.7691906844215,29.16666667,80.73333333,21,5,1,0,404.35955523808855,423.4173283922215,0,0,8.047314004755947,0.6135525127194714
2024-10-05 21:30:00+05:30,397.9959160019362,29.06666667,81.06666667,21,5,1,0,400.7691906844215,416.28372862153617,0,0,8.047314004755947,0.6135525127194714
2024-10-05 21:45:00+05:30,395.33393306198553,29.03333333,82.03333333,21,5,1,0,397.9959160019362,412.8256508869856,0,0,8.047314004755947,0.6135525127194714
2024-10-05 22:00:00+05:30,391.23390859259945,29.03333333,82.43333333,22,5,1,0,395.33393306198553,406.0566168275994,0,0,9.377234470070356,0.6680040964316557
2024-10-05 22:15:00+05:30,388.8312923585431,28.96666667,82.9,22,5,1,0,391.23390859259945,402.148347695343,0,0,9.377234470070356,0.6680040964316557
2024-10-05 22:30:00+05:30,388.7985506692905,28.96666667,82.96666667,22,5,1,0,388.8312923585431,400.8088506716903,0,0,9.377234470070356,0.6680040964316557
2024-10-05 22:45:00+05:30,384.1187174781325,28.9,83.36666667,22,5,1,0,388.7985506692905,397.64715337333246,0,0,9.377234470070356,0.6680040964316557
2024-10-05 23:00:00+05:30,378.3732399224487,28.86666667,83.66666667,23,5,1,0,384.1187174781325,394.38849525484846,0,0,10.615258834542416,0.8386761945526492
2024-10-05 23:15:00+05:30,375.8020490663464,28.8,84.06666667,23,5,1,0,378.3732399224487,390.0890587581463,0,0,10.615258834542416,0.8386761945526492
2024-10-05 23:30:00+05:30,372.6701304740142,28.73333333,84.33333333,23,5,1,0,375.8020490663464,384.5960729894142,0,0,10.615258834542416,0.8386761945526492
2024-10-05 23:45:00+05:30,370.2164140214831,28.73333333,84.63333333,23,5,1,0,372.6701304740142,380.0172976862829,0,0,10.615258834542416,0.8386761945526492
2024-10-06 00:00:00+05:30,365.5207094372547,29.433333333333337,93.26666666666668,0,6,1,0,370.2164140214831,374.4913821151482,0,0,10.896953436007536,0.1345953376447433
2024-10-06 00:15:00+05:30,364.7288328643746,29.46666666666667,92.96666666666664,0,6,1,0,365.5207094372547,369.7288038805388,0,0,10.896953436007536,0.1345953376447433
2024-10-06 00:30:00+05:30,360.6365785640885,29.4,93.16666666666669,0,6,1,0,364.7288328643746,362.4420421397284,0,0,10.896953436007536,0.1345953376447433
2024-10-06 00:45:00+05:30,349.3882004719579,29.366666666666664,93.1,0,6,1,0,360.6365785640885,356.6059624352791,0,0,10.896953436007536,0.1345953376447433
2024-10-06 01:00:00+05:30,342.9565536705813,29.366666666666664,92.96666666666664,1,6,1,0,349.3882004719579,350.0777915349093,0,0,10.285432132312645,0.009994036151057983
2024-10-06 01:15:00+05:30,338.7478747151208,29.266666666666666,92.93333333333334,1,6,1,0,342.9565536705813,345.3603470218412,0,0,10.285432132312645,0.009994036151057983
2024-10-06 01:30:00+05:30,334.4840528646488,29.3,92.76666666666664,1,6,1,0,338.7478747151208,340.55785320709026,0,0,10.285432132312645,0.009994036151057983
2024-10-06 01:45:00+05:30,330.4735640300905,29.3,92.43333333333334,1,6,1,0,334.4840528646488,335.43674543903336,0,0,10.285432132312645,0.009994036151057983
2024-10-06 02:00:00+05:30,327.518556092374,29.2,92.8,2,6,1,0,330.4735640300905,329.46379564314424,0,0,8.736502644041135,0.08088823844590087
2024-10-06 02:15:00+05:30,324.23170075400446,29.166666666666668,92.5,2,6,1,0,327.518556092374,326.11394524623057,0,0,8.736502644041135,0.08088823844590087
2024-10-06 02:30:00+05:30,320.1474429614643,29.066666666666663,92.36666666666667,2,6,1,0,324.23170075400446,321.88635881197786,0,0,8.736502644041135,0.08088823844590087
2024-10-06 02:45:00+05:30,316.0359722627188,29.0,92.2,2,6,1,0,320.1474429614643,319.7216795419271,0,0,8.736502644041135,0.08088823844590087
2024-10-06 03:00:00+05:30,312.3321114901247,28.933333333333337,92.53333333333336,3,6,1,0,316.0359722627188,315.9324193421017,0,0,7.126510250531449,0.1378926843170436
2024-10-06 03:15:00+05:30,310.2054084923875,28.9,92.83333333333331,3,6,1,0,312.3321114901247,314.5076069758661,0,0,7.126510250531449,0.1378926843170436
2024-10-06 03:30:00+05:30,307.8163944804785,28.866666666666664,92.83333333333331,3,6,1,0,310.2054084923875,311.5075129859796,0,0,7.126510250531449,0.1378926843170436
2024-10-06 03:45:00+05:30,304.82111512015416,28.8,93.16666666666669,3,6,1,0,307.8163944804785,309.536797880934,0,0,7.126510250531449,0.1378926843170436
2024-10-06 04:00:00+05:30,303.29277739290666,28.766666666666666,92.96666666666664,4,6,1,0,304.82111512015416,308.4084318990741,0,0,6.23322848066284,0.18455475868972093
2024-10-06 04:15:00+05:30,301.93934817762386,28.766666666666666,92.96666666666668,4,6,1,0,303.29277739290666,307.5883013336576,0,0,6.23322848066284,0.18455475868972093
2024-10-06 04:30:00+05:30,300.4275720899616,28.73333333333333,93.03333333333336,4,6,1,0,301.93934817762386,307.32254870539424,0,0,6.23322848066284,0.18455475868972093
2024-10-06 04:45:00+05:30,300.5344910128178,28.8,92.66666666666669,4,6,1,0,300.4275720899616,306.85290834573743,0,0,6.23322848066284,0.18455475868972093
2024-10-06 05:00:00+05:30,299.5085068617113,28.8,92.46666666666664,5,6,1,0,300.5344910128178,306.12695908059754,0,0,5.500681652090653,0.1603770500768218
2024-10-06 05:15:00+05:30,299.4369051546286,28.73333333333333,92.1,5,6,1,0,299.5085068617113,307.4288149507292,0,0,5.500681652090653,0.1603770500768218
2024-10-06 05:30:00+05:30,301.21422171702795,28.666666666666668,92.36666666666667,5,6,1,0,299.4369051546286,310.4881414671549,0,0,5.500681652090653,0.1603770500768218
2024-10-06 05:45:00+05:30,302.70156305472125,28.633333333333336,92.03333333333336,5,6,1,0,301.21422171702795,313.41089518569544,0,0,5.500681652090653,0.1603770500768218
2024-10-06 06:00:00+05:30,306.6192189694254,28.566666666666663,92.66666666666669,6,6,1,0,302.70156305472125,316.339212231055,0,0,4.292541893350264,0.24201345767070326
2024-10-06 06:15:00+05:30,305.9156761415962,28.433333333333337,93.13333333333333,6,6,1,0,306.6192189694254,318.42451787806425,0,0,4.292541893350264,0.24201345767070326
2024-10-06 06:30:00+05:30,306.46577878961466,28.53333333333333,93.26666666666668,6,6,1,0,305.9156761415962,325.2542530032951,0,0,4.292541893350264,0.24201345767070326
2024-10-06 06:45:00+05:30,307.10763991382106,28.6,92.56666666666666,6,6,1,0,306.46577878961466,330.0663541705932,0,0,4.292541893350264,0.24201345767070326
2024-10-06 07:00:00+05:30,309.905094895454,28.73333333333333,92.83333333333331,7,6,1,0,307.10763991382106,335.3857177448716,0,0,3.389368785503099,0.4330498027050318
2024-10-06 07:15:00+05:30,312.8771894720795,28.933333333333337,92.3,7,6,1,0,309.905094895454,344.56559124731785,0,0,3.389368785503099,0.4330498027050318
2024-10-06 07:30:00+05:30,314.5871628422084,29.2,91.1,7,6,1,0,312.8771894720795,353.24655989818,0,0,3.389368785503099,0.4330498027050318
2024-10-06 07:45:00+05:30,317.6148602567165,29.36666666666667,90.36666666666667,7,6,1,0,314.5871628422084,364.8039226345163,0,0,3.389368785503099,0.4330498027050318
2024-10-06 08:00:00+05:30,324.65027682368367,29.566666666666663,89.23333333333333,8,6,1,0,317.6148602567165,380.9958039856837,0,0,4.0779365174337965,0.3948123018181323
2024-10-06 08:15:00+05:30,334.24991571468286,29.8,86.36666666666667,8,6,1,0,324.65027682368367,398.8214823328828,0,0,4.0779365174337965,0.3948123018181323
2024-10-06 08:30:00+05:30,338.7046980388336,30.7,82.8,8,6,1,0,334.24991571468286,413.1427007246336,0,0,4.0779365174337965,0.3948123018181323
2024-10-06 08:45:00+05:30,344.6526884541088,30.866666666666664,81.10000000000001,8,6,1,0,338.7046980388336,425.9267156079088,0,0,4.0779365174337965,0.3948123018181323
2024-10-06 09:00:00+05:30,352.4990141444729,31.03333333333333,80.96666666666665,9,6,1,1,344.6526884541088,438.5582112822729,0,0,3.4471376100258504,0.6884128340080709
2024-10-06 09:15:00+05:30,357.6468690429758,31.166666666666668,79.63333333333334,9,6,1,1,352.4990141444729,449.7271298543757,0,0,3.4471376100258504,0.6884128340080709
2024-10-06 09:30:00+05:30,363.7084022985447,31.53333333333333,78.60000000000001,9,6,1,1,357.6468690429758,460.7677992633447,0,0,3.4471376100258504,0.6884128340080709
2024-10-06 09:45:00+05:30,369.6577256503905,32.13333333333333,75.76666666666667,9,6,1,1,363.7084022985447,467.87292765499046,0,0,3.4471376100258504,0.6884128340080709
2024-10-06 10:00:00+05:30,376.30195995150257,32.166666666666664,75.23333333333333,10,6,1,1,369.6577256503905,475.2134575391025,0,0,2.0612993378596327,1.1028429520822007
2024-10-06 10:15:00+05:30,381.1254488323879,32.13333333333333,74.96666666666665,10,6,1,1,376.30195995150257,484.3615763623878,0,0,2.0612993378596327,1.1028429520822007
2024-10-06 10:30:00+05:30,385.1122009213152,32.333333333333336,74.53333333333333,10,6,1,1,381.1254488323879,488.5796840161154,0,0,2.0612993378596327,1.1028429520822007
2024-10-06 10:45:00+05:30,388.4816402710275,32.56666666666667,73.46666666666665,10,6,1,1,385.1122009213152,493.5013772388274,0,0,2.0612993378596327,1.1028429520822007
2024-10-06 11:00:00+05:30,392.71006014347006,32.6,73.50000000000001,11,6,1,1,388.4816402710275,494.0211793774701,0,0,1.0206730550620675,1.0847728983406804
2024-10-06 11:15:00+05:30,395.3084842989952,32.666666666666664,72.13333333333334,11,6,1,1,392.71006014347006,491.6909146833953,0,0,1.0206730550620675,1.0847728983406804
2024-10-06 11:30:00+05:30,397.6332430609562,32.6,72.3,11,6,1,1,395.3084842989952,490.2029116977564,0,0,1.0206730550620675,1.0847728983406804
2024-10-06 11:45:00+05:30,399.6455917204311,32.63333333333333,71.76666666666667,11,6,1,1,397.6332430609562,490.2742584690311,0,0,1.0206730550620675,1.0847728983406804
2024-10-06 12:00:00+05:30,400.877663302357,32.93333333333333,69.83333333333333,12,6,1,1,399.6455917204311,489.6780339537571,0,0,2.2746353347992057,0.9203932179843796
2024-10-06 12:15:00+05:30,401.20516591636175,33.333333333333336,68.9,12,6,1,1,400.877663302357,488.31932111136166,0,0,2.2746353347992057,0.9203932179843796
2024-10-06 12:30:00+05:30,402.6761174530628,33.6,67.0,12,6,1,1,401.20516591636175,487.3850441192629,0,0,2.2746353347992057,0.9203932179843796
2024-10-06 12:45:00+05:30,402.4238910707853,33.666666666666664,67.23333333333333,12,6,1,1,402.6761174530628,485.6549388705855,0,0,2.2746353347992057,0.9203932179843796
2024-10-06 13:00:00+05:30,402.4509284681839,33.63333333333333,66.1,13,6,1,1,402.4238910707853,478.0231830947838,0,0,4.660065875273532,1.0809034534407196
2024-10-06 13:15:00+05:30,403.1696068688046,33.63333333333333,65.13333333333334,13,6,1,1,402.4509284681839,476.6430656628044,0,0,4.660065875273532,1.0809034534407196
2024-10-06 13:30:00+05:30,403.3774399489829,33.766666666666666,64.6,13,6,1,1,403.1696068688046,475.3274039679829,0,0,4.660065875273532,1.0809034534407196
2024-10-06 13:45:00+05:30,404.30472915866034,33.9,64.23333333333333,13,6,1,1,403.3774399489829,477.2917085028603,0,0,4.660065875273532,1.0809034534407196
2024-10-06 14:00:00+05:30,407.2292832781363,33.766666666666666,64.6,14,6,1,1,404.30472915866034,478.2573734837361,0,0,7.680734244182991,1.6326746678879722
2024-10-06 14:15:00+05:30,409.7167889326731,33.800000000000004,65.3,14,6,1,1,407.2292832781363,481.63893086127297,0,0,7.680734244182991,1.6326746678879722
2024-10-06 14:30:00+05:30,411.89088894258975,33.8,63.79999999999999,14,6,1,1,409.7167889326731,482.6254721331897,0,0,7.680734244182991,1.6326746678879722
2024-10-06 14:45:00+05:30,411.6810179261102,33.56666666666667,65.56666666666666,14,6,1,1,411.89088894258975,483.0247720357103,0,0,7.680734244182991,1.6326746678879722
2024-10-06 15:00:00+05:30,413.4781709950901,33.46666666666667,66.03333333333335,15,6,1,1,411.6810179261102,480.8349317682901,0,0,8.262340089610356,1.5156550631020618
2024-10-06 15:15:00+05:30,415.0286753978079,33.333333333333336,66.8,15,6,1,1,413.4781709950901,482.7383502322079,0,0,8.262340089610356,1.5156550631020618
2024-10-06 15:30:00+05:30,415.9646163264752,33.23333333333333,67.23333333333333,15,6,1,1,415.0286753978079,478.3627921194752,0,0,8.262340089610356,1.5156550631020618
2024-10-06 15:45:00+05:30,414.16337711455066,33.2,68.13333333333333,15,6,1,1,415.9646163264752,475.51635668815067,0,0,8.262340089610356,1.5156550631020618
2024-10-06 16:00:00+05:30,414.081819473417,33.5,67.2,16,6,1,1,414.16337711455066,474.253391649417,0,0,9.1910272937323,1.2057017392589264
2024-10-06 16:15:00+05:30,410.26631755023607,33.26666666666667,68.03333333333332,16,6,1,1,414.081819473417,470.0769547080361,0,0,9.1910272937323,1.2057017392589264
2024-10-06 16:30:00+05:30,408.370013562836,32.86666666666667,69.66666666666667,16,6,1,1,410.26631755023607,467.470378972836,0,0,9.1910272937323,1.2057017392589264
2024-10-06 16:45:00+05:30,403.4421434653262,32.733333333333334,70.23333333333333,16,6,1,1,408.370013562836,464.01804719552615,0,0,9.1910272937323,1.2057017392589264
2024-10-06 17:00:00+05:30,400.4174162553952,32.5,70.7,17,6,1,1,403.4421434653262,462.7400184025957,0,0,7.663749198615025,0.7535027628526391
2024-10-06 17:15:00+05:30,396.9725229359269,31.766666666666666,72.63333333333334,17,6,1,1,400.4174162553952,458.372724713927,0,0,7.663749198615025,0.7535027628526391
2024-10-06 17:30:00+05:30,395.9811623268654,31.166666666666668,75.0,17,6,1,1,396.9725229359269,457.6784495282655,0,0,7.663749198615025,0.7535027628526391
2024-10-06 17:45:00+05:30,397.85808444694936,30.83333333333333,76.03333333333333,17,6,1,1,395.9811623268654,453.2818504607494,0,0,7.663749198615025,0.7535027628526391
2024-10-06 18:00:00+05:30,402.36659850109424,30.666666666666668,76.7,18,6,1,0,397.85808444694936,451.4914631236941,0,0,4.758521579225232,0.5398490611436548
2024-10-06 18:15:00+05:30,404.5015483365072,30.433333333333337,78.66666666666667,18,6,1,0,402.36659850109424,448.2688425397071,0,0,4.758521579225232,0.5398490611436548
2024-10-06 18:30:00+05:30,408.3875003504776,30.26666666666667,79.0,18,6,1,0,404.5015483365072,446.8995820020775,0,0,4.758521579225232,0.5398490611436548
2024-10-06 18:45:00+05:30,408.1600852249876,30.133333333333336,79.73333333333333,18,6,1,0,408.3875003504776,446.7503054977874,0,0,4.758521579225232,0.5398490611436548
2024-10-06 19:00:00+05:30,409.77631502684807,30.100000000000005,80.73333333333333,19,6,1,0,408.1600852249876,443.320734822248,0,0,7.271858284480242,0.7964522305047017
2024-10-06 19:15:00+05:30,409.04704109693023,29.966666666666665,81.33333333333333,19,6,1,0,409.77631502684807,437.86246543173024,0,0,7.271858284480242,0.7964522305047017
2024-10-06 19:30:00+05:30,404.69454110530125,29.933333333333337,81.83333333333333,19,6,1,0,409.04704109693023,434.2390839891012,0,0,7.271858284480242,0.7964522305047017
2024-10-06 19:45:00+05:30,397.9585630715264,29.866666666666664,82.26666666666667,19,6,1,0,404.69454110530125,427.1637789885265,0,0,7.271858284480242,0.7964522305047017
2024-10-06 20:00:00+05:30,393.7231748769776,29.8,82.6,20,6,1,0,397.9585630715264,423.6658083375775,0,0,7.4682959677178244,0.7083492559456792
2024-10-06 20:15:00+05:30,387.54584645357335,29.8,82.26666666666667,20,6,1,0,393.7231748769776,419.0444313311733,0,0,7.4682959677178244,0.7083492559456792
2024-10-06 20:30:00+05:30,385.9129708154125,29.73333333333333,82.73333333333333,20,6,1,0,387.54584645357335,414.3535017338126,0,0,7.4682959677178244,0.7083492559456792
2024-10-06 20:45:00+05:30,380.0781539989212,29.666666666666668,82.66666666666667,20,6,1,0,385.9129708154125,409.9231673745212,0,0,7.4682959677178244,0.7083492559456792
2024-10-06 21:00:00+05:30,378.3965885566886,29.666666666666668,83.5,21,6,1,0,380.0781539989212,404.35955523808855,0,0,8.047314004755947,0.6135525127194714
2024-10-06 21:15:00+05:30,378.2580450390214,29.633333333333336,83.36666666666666,21,6,1,0,378.3965885566886,400.7691906844215,0,0,8.047314004755947,0.6135525127194714
2024-10-06 21:30:00+05:30,377.90150712053605,29.53333333333333,84.16666666666667,21,6,1,0,378.2580450390214,397.9959160019362,0,0,8.047314004755947,0.6135525127194714
2024-10-06 21:45:00+05:30,376.7552935257857,29.433333333333337,84.16666666666667,21,6,1,0,377.90150712053605,395.33393306198553,0,0,8.047314004755947,0.6135525127194714
2024-10-06 22:00:00+05:30,370.99504766539945,29.366666666666664,84.4,22,6,1,0,376.7552935257857,391.23390859259945,0,0,9.377234470070356,0.6680040964316557
2024-10-06 22:15:00+05:30,370.078620929143,29.33333333333333,84.33333333333333,22,6,1,0,370.99504766539945,388.8312923585431,0,0,9.377234470070356,0.6680040964316557
2024-10-06 22:30:00+05:30,369.7383732416904,29.23333333333333,84.5,22,6,1,0,370.078620929143,388.7985506692905,0,0,9.377234470070356,0.6680040964316557
2024-10-06 22:45:00+05:30,369.7007775333327,29.23333333333333,84.83333333333333,22,6,1,0,369.7383732416904,384.1187174781325,0,0,9.377234470070356,0.6680040964316557
2024-10-06 23:00:00+05:30,367.2008215920486,29.166666666666668,84.8,23,6,1,0,369.7007775333327,378.3732399224487,0,0,10.615258834542416,0.8386761945526492
2024-10-06 23:15:00+05:30,367.1999249607464,29.133333333333336,85.46666666666665,23,6,1,0,367.2008215920486,375.8020490663464,0,0,10.615258834542416,0.8386761945526492
2024-10-06 23:30:00+05:30,366.4254389782142,29.066666666666663,85.3,23,6,1,0,367.1999249607464,372.6701304740142,0,0,10.615258834542416,0.8386761945526492
2024-10-06 23:45:00+05:30,362.09896589528313,29.03333333333333,85.39999999999999,23,6,1,0,366.4254389782142,370.2164140214831,0,0,10.615258834542416,0.8386761945526492
2024-10-07 00:00:00+05:30,356.23541703056634,28.2,88.73333333,0,0,0,0,362.09896589528313,365.5207094372547,0,0,10.821030164864855,0.09594533623790569
2024-10-07 00:15:00+05:30,352.81561570421906,28.13333333,88.33333333,0,0,0,0,356.23541703056634,364.7288328643746,0,0,10.821030164864855,0.09594533623790569
2024-10-07 00:30:00+05:30,347.124528817271,28.03333333,88.53333333,0,0,0,0,352.81561570421906,360.6365785640885,0,0,10.821030164864855,0.09594533623790569
2024-10-07 00:45:00+05:30,340.45702223151903,28.03333333,89.33333333,0,0,0,0,347.124528817271,349.3882004719579,0,0,10.821030164864855,0.09594533623790569
2024-10-07 01:00:00+05:30,334.0826908301562,27.93333333,89.56666667,1,0,0,0,340.45702223151903,342.9565536705813,0,0,9.728100754378737,-0.03336421712728943
2024-10-07 01:15:00+05:30,327.7069867212734,27.96666667,89.7,1,0,0,0,334.0826908301562,338.7478747151208,0,0,9.728100754378737,-0.03336421712728943
2024-10-07 01:30:00+05:30,322.9427203275933,27.96666667,89.4,1,0,0,0,327.7069867212734,334.4840528646488,0,0,9.728100754378737,-0.03336421712728943
2024-10-07 01:45:00+05:30,319.8074142649671,27.96666667,89.26666667,1,0,0,0,322.9427203275933,330.4735640300905,0,0,9.728100754378737,-0.03336421712728943
2024-10-07 02:00:00+05:30,316.2483222286544,27.9,89.5,2,0,0,0,319.8074142649671,327.518556092374,0,0,8.484637707535343,-0.001367850315744823
2024-10-07 02:15:00+05:30,311.1862931349189,27.93333333,89.53333333,2,0,0,0,316.2483222286544,324.23170075400446,0,0,8.484637707535343,-0.001367850315744823
2024-10-07 02:30:00+05:30,307.8513961067062,27.96666667,89.4,2,0,0,0,311.1862931349189,320.1474429614643,0,0,8.484637707535343,-0.001367850315744823
2024-10-07 02:45:00+05:30,305.8412164804214,27.9,89.36666667,2,0,0,0,307.8513961067062,316.0359722627188,0,0,8.484637707535343,-0.001367850315744823
2024-10-07 03:00:00+05:30,304.0772682731712,27.93333333,89.5,3,0,0,0,305.8412164804214,312.3321114901247,0,0,7.607119538689619,-0.06004878179214801
2024-10-07 03:15:00+05:30,303.83675622329326,27.9,89.3,3,0,0,0,304.0772682731712,310.2054084923875,0,0,7.607119538689619,-0.06004878179214801
2024-10-07 03:30:00+05:30,301.3941948960044,27.93333333,90.2,3,0,0,0,303.83675622329326,307.8163944804785,0,0,7.607119538689619,-0.06004878179214801
2024-10-07 03:45:00+05:30,300.41890188637564,27.86666667,90.7,3,0,0,0,301.3941948960044,304.82111512015416,0,0,7.607119538689619,-0.06004878179214801
2024-10-07 04:00:00+05:30,299.2382432121463,27.9,90.96666667,4,0,0,0,300.41890188637564,303.29277739290666,0,0,6.594267060678064,0.008427398213465498
2024-10-07 04:15:00+05:30,299.06711257674266,27.86666667,91.16666667,4,0,0,0,299.2382432121463,301.93934817762386,0,0,6.594267060678064,0.008427398213465498
2024-10-07 04:30:00+05:30,298.50419368250414,27.86666667,91.03333333,4,0,0,0,299.06711257674266,300.4275720899616,0,0,6.594267060678064,0.008427398213465498
2024-10-07 04:45:00+05:30,297.8615016779026,27.86666667,91.06666667,4,0,0,0,298.50419368250414,300.5344910128178,0,0,6.594267060678064,0.008427398213465498
2024-10-07 05:00:00+05:30,298.02822996505944,27.83333333,91.33333333,5,0,0,0,297.8615016779026,299.5085068617113,0,0,5.279257902398529,0.10435750043793113
2024-10-07 05:15:00+05:30,301.75986197172824,27.8,91.83333333,5,0,0,0,298.02822996505944,299.4369051546286,0,0,5.279257902398529,0.10435750043793113
2024-10-07 05:30:00+05:30,305.8666715926858,27.8,92.23333333,5,0,0,0,301.75986197172824,301.21422171702795,0,0,5.279257902398529,0.10435750043793113
2024-10-07 05:45:00+05:30,311.8483679096007,27.73333333,92.43333333,5,0,0,0,305.8666715926858,302.70156305472125,0,0,5.279257902398529,0.10435750043793113
2024-10-07 06:00:00+05:30,322.67417034191266,27.73333333,92.6,6,0,0,0,311.8483679096007,306.6192189694254,0,0,4.311530887041023,0.35531410580184186
2024-10-07 06:15:00+05:30,328.57867171653874,27.66666667,92.86666667,6,0,0,0,322.67417034191266,305.9156761415962,0,0,4.311530887041023,0.35531410580184186
2024-10-07 06:30:00+05:30,338.309152738361,27.66666667,93.03333333,6,0,0,0,328.57867171653874,306.46577878961466,0,0,4.311530887041023,0.35531410580184186
2024-10-07 06:45:00+05:30,349.9914764798164,27.73333333,92.96666667,6,0,0,0,338.309152738361,307.10763991382106,0,0,4.311530887041023,0.35531410580184186
2024-10-07 07:00:00+05:30,362.9301404480086,27.9,92.9,7,0,0,0,349.9914764798164,309.905094895454,0,0,5.499185953045883,0.4537110737780554
2024-10-07 07:15:00+05:30,377.231822714216,28.06666667,92.5,7,0,0,0,362.9301404480086,312.8771894720795,0,0,5.499185953045883,0.4537110737780554
2024-10-07 07:30:00+05:30,393.6998632126383,28.26666667,91.8,7,0,0,0,377.231822714216,314.5871628422084,0,0,5.499185953045883,0.4537110737780554
2024-10-07 07:45:00+05:30,412.0026891297108,28.53333333,91.63333333,7,0,0,0,393.6998632126383,317.6148602567165,0,0,5.499185953045883,0.4537110737780554
2024-10-07 08:00:00+05:30,433.0152180977527,28.83333333,90.6,8,0,0,0,412.0026891297108,324.65027682368367,0,0,8.459706391374313,0.5709639278196643
2024-10-07 08:15:00+05:30,457.4843258553321,29.43333333,87.4,8,0,0,0,433.0152180977527,334.24991571468286,0,0,8.459706391374313,0.5709639278196643
2024-10-07 08:30:00+05:30,477.20560291611406,29.96666667,84.9,8,0,0,0,457.4843258553321,338.7046980388336,0,0,8.459706391374313,0.5709639278196643
2024-10-07 08:45:00+05:30,493.5237701819168,30.26666667,84.13333333,8,0,0,0,477.20560291611406,344.6526884541088,0,0,8.459706391374313,0.5709639278196643
2024-10-07 09:00:00+05:30,524.8389271203494,30.86666667,81.53333333,9,0,0,1,493.5237701819168,352.4990141444729,0,0,7.468916508257824,1.776913993434797
2024-10-07 09:15:00+05:30,538.4814271467483,31.4,77.5,9,0,0,1,524.8389271203494,357.6468690429758,0,0,7.468916508257824,1.776913993434797
2024-10-07 09:30:00+05:30,551.7787657235816,32.0,75.13333333,9,0,0,1,538.4814271467483,363.7084022985447,0,0,7.468916508257824,1.776913993434797
2024-10-07 09:45:00+05:30,560.9323574188019,32.4,72.66666667,9,0,0,1,551.7787657235816,369.6577256503905,0,0,7.468916508257824,1.776913993434797
2024-10-07 10:00:00+05:30,571.5159185084249,32.76666667,70.5,10,0,0,1,560.9323574188019,376.30195995150257,0,0,7.176660943313998,1.959443809088301
2024-10-07 10:15:00+05:30,577.6946572252956,33.46666667,68.0,10,0,0,1,571.5159185084249,381.1254488323879,0,0,7.176660943313998,1.959443809088301
2024-10-07 10:30:00+05:30,583.9546036511462,33.7,66.66666667,10,0,0,1,577.6946572252956,385.1122009213152,0,0,7.176660943313998,1.959443809088301
2024-10-07 10:45:00+05:30,585.1492553006208,33.6,64.86666667,10,0,0,1,583.9546036511462,388.4816402710275,0,0,7.176660943313998,1.959443809088301
2024-10-07 11:00:00+05:30,585.9526657099899,34.1,62.46666667,11,0,0,1,585.1492553006208,392.71006014347006,0,0,7.922475529678865,1.905498851423404
2024-10-07 11:15:00+05:30,588.3412981774961,34.5,60.0,11,0,0,1,585.9526657099899,395.3084842989952,0,0,7.922475529678865,1.905498851423404
2024-10-07 11:30:00+05:30,588.5113215536055,35.1,58.46666667,11,0,0,1,588.3412981774961,397.6332430609562,0,0,7.922475529678865,1.905498851423404
2024-10-07 11:45:00+05:30,587.7896783933113,35.33333333,57.56666667,11,0,0,1,588.5113215536055,399.6455917204311,0,0,7.922475529678865,1.905498851423404
2024-10-07 12:00:00+05:30,586.9479355325611,35.56666667,57.26666667,12,0,0,1,587.7896783933113,400.877663302357,0,0,8.194346391416534,1.8296017411002858
2024-10-07 12:15:00+05:30,586.2068427663971,35.6,55.13333333,12,0,0,1,586.9479355325611,401.20516591636175,0,0,8.194346391416534,1.8296017411002858
2024-10-07 12:30:00+05:30,583.7022258443777,35.8,57.0,12,0,0,1,586.2068427663971,402.6761174530628,0,0,8.194346391416534,1.8296017411002858
2024-10-07 12:45:00+05:30,582.1692706636597,35.73333333,55.83333333,12,0,0,1,583.7022258443777,402.4238910707853,0,0,8.194346391416534,1.8296017411002858
2024-10-07 13:00:00+05:30,578.9399081082523,35.66666667,55.66666667,13,0,0,1,582.1692706636597,402.4509284681839,0,0,7.466115020642604,1.781152913482967
2024-10-07 13:15:00+05:30,577.7820481152398,35.2,58.33333333,13,0,0,1,578.9399081082523,403.1696068688046,0,0,7.466115020642604,1.781152913482967
2024-10-07 13:30:00+05:30,576.937250493199,35.26666667,59.16666667,13,0,0,1,577.7820481152398,403.3774399489829,0,0,7.466115020642604,1.781152913482967
2024-10-07 13:45:00+05:30,577.5778784149766,35.5,58.63333333,13,0,0,1,576.937250493199,404.30472915866034,0,0,7.466115020642604,1.781152913482967
2024-10-07 14:00:00+05:30,580.104873362063,35.4,56.76666667,14,0,0,1,577.5778784149766,407.2292832781363,0,0,7.453520252664822,1.8810727851227305
2024-10-07 14:15:00+05:30,583.2374419261716,35.43333333,57.23333333,14,0,0,1,580.104873362063,409.7167889326731,0,0,7.453520252664822,1.8810727851227305
2024-10-07 14:30:00+05:30,588.5797999736984,35.33333333,58.7,14,0,0,1,583.2374419261716,411.89088894258975,0,0,7.453520252664822,1.8810727851227305
2024-10-07 14:45:00+05:30,588.6662802909433,35.06666667,59.63333333,14,0,0,1,588.5797999736984,411.6810179261102,0,0,7.453520252664822,1.8810727851227305
2024-10-07 15:00:00+05:30,590.7372149692504,35.0,60.7,15,0,0,1,588.6662802909433,413.4781709950901,0,0,7.614608640955644,1.8795749299968296
2024-10-07 15:15:00+05:30,590.387295817785,34.86666667,61.2,15,0,0,1,590.7372149692504,415.0286753978079,0,0,7.614608640955644,1.8795749299968296
2024-10-07 15:30:00+05:30,588.6406655904515,34.66666667,61.53333333,15,0,0,1,590.387295817785,415.9646163264752,0,0,7.614608640955644,1.8795749299968296
2024-10-07 15:45:00+05:30,586.2891912645406,34.76666667,61.86666667,15,0,0,1,588.6406655904515,414.16337711455066,0,0,7.614608640955644,1.8795749299968296
2024-10-07 16:00:00+05:30,585.3415043787836,34.63333333,62.36666667,16,0,0,1,586.2891912645406,414.081819473417,0,0,8.928003783814992,1.63470214174834
2024-10-07 16:15:00+05:30,581.4669045099894,34.4,62.23333333,16,0,0,1,585.3415043787836,410.26631755023607,0,0,8.928003783814992,1.63470214174834
2024-10-07 16:30:00+05:30,574.3829441007996,33.96666667,62.6,16,0,0,1,581.4669045099894,408.370013562836,0,0,8.928003783814992,1.63470214174834
2024-10-07 16:45:00+05:30,569.6073719737262,33.7,63.83333333,16,0,0,1,574.3829441007996,403.4421434653262,0,0,8.928003783814992,1.63470214174834
2024-10-07 17:00:00+05:30,566.5621790259954,33.36666667,64.96666667,17,0,0,1,569.6073719737262,400.4174162553952,0,0,9.832269406100862,1.3066312424333932
2024-10-07 17:15:00+05:30,560.2691935701268,32.96666667,66.43333333,17,0,0,1,566.5621790259954,396.9725229359269,0,0,9.832269406100862,1.3066312424333932
2024-10-07 17:30:00+05:30,552.9816420820656,32.53333333,68.0,17,0,0,1,560.2691935701268,395.9811623268654,0,0,9.832269406100862,1.3066312424333932
2024-10-07 17:45:00+05:30,544.0018719273494,32.2,69.53333333,17,0,0,1,552.9816420820656,397.85808444694936,0,0,9.832269406100862,1.3066312424333932
2024-10-07 18:00:00+05:30,536.6102538342942,31.86666667,70.43333333,18,0,0,0,544.0018719273494,402.36659850109424,0,0,10.294210660754121,0.797082883851726
2024-10-07 18:15:00+05:30,530.642538969307,31.63333333,71.2,18,0,0,0,536.6102538342942,404.5015483365072,0,0,10.294210660754121,0.797082883851726
2024-10-07 18:30:00+05:30,524.2826640618774,31.46666667,70.3,18,0,0,0,530.642538969307,408.3875003504776,0,0,10.294210660754121,0.797082883851726
2024-10-07 18:45:00+05:30,520.8141729213875,31.3,70.56666667,18,0,0,0,524.2826640618774,408.1600852249876,0,0,10.294210660754121,0.797082883851726
2024-10-07 19:00:00+05:30,513.1823269310479,31.23333333,70.8,19,0,0,0,520.8141729213875,409.77631502684807,0,0,10.813310868605901,0.8196688281600798
2024-10-07 19:15:00+05:30,502.2931353783303,31.13333333,71.36666667,19,0,0,0,513.1823269310479,409.04704109693023,0,0,10.813310868605901,0.8196688281600798
2024-10-07 19:30:00+05:30,492.9646559305013,31.06666667,71.63333333,19,0,0,0,502.2931353783303,404.69454110530125,0,0,10.813310868605901,0.8196688281600798
2024-10-07 19:45:00+05:30,484.3604882491265,31.03333333,72.43333333,19,0,0,0,492.9646559305013,397.9585630715264,0,0,10.813310868605901,0.8196688281600798
2024-10-07 20:00:00+05:30,474.2661938045777,30.93333333,73.96666667,20,0,0,0,484.3604882491265,393.7231748769776,0,0,10.193366449690611,0.84334742214611
2024-10-07 20:15:00+05:30,467.3862180359734,30.76666667,74.6,20,0,0,0,474.2661938045777,387.54584645357335,0,0,10.193366449690611,0.84334742214611
2024-10-07 20:30:00+05:30,463.4641256378125,30.63333333,75.53333333,20,0,0,0,467.3862180359734,385.9129708154125,0,0,10.193366449690611,0.84334742214611
2024-10-07 20:45:00+05:30,460.4879851657212,30.63333333,76.8,20,0,0,0,463.4641256378125,380.0781539989212,0,0,10.193366449690611,0.84334742214611
2024-10-07 21:00:00+05:30,454.67342207068856,30.56666667,77.66666667,21,0,0,0,460.4879851657212,378.3965885566886,0,0,8.774792195189448,0.7521888831997796
2024-10-07 21:15:00+05:30,453.5923217990215,30.43333333,79.7,21,0,0,0,454.67342207068856,378.2580450390214,0,0,8.774792195189448,0.7521888831997796
2024-10-07 21:30:00+05:30,448.3944286417361,30.36666667,80.7,21,0,0,0,453.5923217990215,377.90150712053605,0,0,8.774792195189448,0.7521888831997796
2024-10-07 21:45:00+05:30,443.4688710345855,30.23333333,81.66666667,21,0,0,0,448.3944286417361,376.7552935257857,0,0,8.774792195189448,0.7521888831997796
2024-10-07 22:00:00+05:30,436.5392739247996,30.16666667,83.2,22,0,0,0,443.4688710345855,370.99504766539945,0,0,9.389172121610137,0.7252749896297948
2024-10-07 22:15:00+05:30,431.8648561969429,30.1,82.9,22,0,0,0,436.5392739247996,370.078620929143,0,0,9.389172121610137,0.7252749896297948
2024-10-07 22:30:00+05:30,430.2745751652904,30.0,81.9,22,0,0,0,431.8648561969429,369.7383732416904,0,0,9.389172121610137,0.7252749896297948
2024-10-07 22:45:00+05:30,427.5177124907327,30.0,81.86666667,22,0,0,0,430.2745751652904,369.7007775333327,0,0,9.389172121610137,0.7252749896297948
2024-10-07 23:00:00+05:30,425.28905957444846,29.96666667,81.2,23,0,0,0,427.5177124907327,367.2008215920486,0,0,10.314981635691288,0.7718909870937027
2024-10-07 23:15:00+05:30,422.2375300587464,29.93333333,79.63333333,23,0,0,0,425.28905957444846,367.1999249607464,0,0,10.314981635691288,0.7718909870937027
2024-10-07 23:30:00+05:30,417.2327531626142,29.9,80.83333333,23,0,0,0,422.2375300587464,366.4254389782142,0,0,10.314981635691288,0.7718909870937027
2024-10-07 23:45:00+05:30,413.1742491566832,29.83333333,81.96666667,23,0,0,0,417.2327531626142,362.09896589528313,0,0,10.314981635691288,0.7718909870937027
2024-10-08 00:00:00+05:30,388.66910356805465,29.73333333333333,83.1,0,1,0,0,413.1742491566832,356.23541703056634,0,0,10.821030164864855,0.09594533623790569
2024-10-08 00:15:00+05:30,383.1707615345747,29.633333333333336,83.93333333333334,0,1,0,0,388.66910356805465,352.81561570421906,0,0,10.821030164864855,0.09594533623790569
2024-10-08 00:30:00+05:30,378.52478392108833,29.53333333333333,84.86666666666666,0,1,0,0,383.1707615345747,347.124528817271,0,0,10.821030164864855,0.09594533623790569
2024-10-08 00:45:00+05:30,371.182514348758,29.5,86.26666666666667,0,1,0,0,378.52478392108833,340.45702223151903,0,0,10.821030164864855,0.09594533623790569
2024-10-08 01:00:00+05:30,361.1095301285813,29.4,88.33333333333333,1,1,0,0,371.182514348758,334.0826908301562,0,0,9.728100754378737,-0.03336421712728943
2024-10-08 01:15:00+05:30,353.1480547095208,29.433333333333337,87.63333333333333,1,1,0,0,361.1095301285813,327.7069867212734,0,0,9.728100754378737,-0.03336421712728943
2024-10-08 01:30:00+05:30,347.68795068284874,29.4,88.26666666666667,1,1,0,0,353.1480547095208,322.9427203275933,0,0,9.728100754378737,-0.03336421712728943
2024-10-08 01:45:00+05:30,340.97027197049044,29.366666666666664,88.33333333333333,1,1,0,0,347.68795068284874,319.8074142649671,0,0,9.728100754378737,-0.03336421712728943
2024-10-08 02:00:00+05:30,336.949659868974,29.3,88.10000000000001,2,1,0,0,340.97027197049044,316.2483222286544,0,0,8.484637707535343,-0.001367850315744823
2024-10-08 02:15:00+05:30,334.0579090142045,29.33333333333333,88.46666666666665,2,1,0,0,336.949659868974,311.1862931349189,0,0,8.484637707535343,-0.001367850315744823
2024-10-08 02:30:00+05:30,331.8258570544642,29.23333333333333,88.8,2,1,0,0,334.0579090142045,307.8513961067062,0,0,8.484637707535343,-0.001367850315744823
2024-10-08 02:45:00+05:30,328.6622112027188,29.2,88.96666666666665,2,1,0,0,331.8258570544642,305.8412164804214,0,0,8.484637707535343,-0.001367850315744823
2024-10-08 03:00:00+05:30,325.0799795791247,29.166666666666668,89.7,3,1,0,0,328.6622112027188,304.0772682731712,0,0,7.607119538689619,-0.06004878179214801
2024-10-08 03:15:00+05:30,322.60119315138746,29.03333333333333,90.16666666666669,3,1,0,0,325.0799795791247,303.83675622329326,0,0,7.607119538689619,-0.06004878179214801
2024-10-08 03:30:00+05:30,320.1021722116786,29.03333333333333,90.06666666666666,3,1,0,0,322.60119315138746,301.3941948960044,0,0,7.607119538689619,-0.06004878179214801
2024-10-08 03:45:00+05:30,318.19712649815415,29.03333333333333,89.26666666666665,3,1,0,0,320.1021722116786,300.41890188637564,0,0,7.607119538689619,-0.06004878179214801
2024-10-08 04:00:00+05:30,318.1080615449066,29.0,89.46666666666665,4,1,0,0,318.19712649815415,299.2382432121463,0,0,6.594267060678064,0.008427398213465498
2024-10-08 04:15:00+05:30,317.80499187122393,28.96666666666667,89.7,4,1,0,0,318.1080615449066,299.06711257674266,0,0,6.594267060678064,0.008427398213465498
2024-10-08 04:30:00+05:30,317.39125331516163,28.933333333333337,90.03333333333335,4,1,0,0,317.80499187122393,298.50419368250414,0,0,6.594267060678064,0.008427398213465498
2024-10-08 04:45:00+05:30,317.19761904061784,28.866666666666664,90.76666666666668,4,1,0,0,317.39125331516163,297.8615016779026,0,0,6.594267060678064,0.008427398213465498
2024-10-08 05:00:00+05:30,316.6370719691113,28.866666666666664,90.3,5,1,0,0,317.19761904061784,298.02822996505944,0,0,5.279257902398529,0.10435750043793113
2024-10-08 05:15:00+05:30,319.1571393010287,28.83333333333333,89.89999999999999,5,1,0,0,316.6370719691113,301.75986197172824,0,0,5.279257902398529,0.10435750043793113
2024-10-08 05:30:00+05:30,325.41620483282804,28.83333333333333,90.13333333333333,5,1,0,0,319.1571393010287,305.8666715926858,0,0,5.279257902398529,0.10435750043793113
2024-10-08 05:45:00+05:30,330.99290614752124,28.73333333333333,90.90000000000002,5,1,0,0,325.41620483282804,311.8483679096007,0,0,5.279257902398529,0.10435750043793113
2024-10-08 06:00:00+05:30,339.1260193860254,28.7,90.86666666666667,6,1,0,0,330.99290614752124,322.67417034191266,0,0,4.311530887041023,0.35531410580184186
2024-10-08 06:15:00+05:30,347.2694585393963,28.633333333333336,90.8,6,1,0,0,339.1260193860254,328.57867171653874,0,0,4.311530887041023,0.35531410580184186
2024-10-08 06:30:00+05:30,355.0300309648147,28.633333333333336,90.6,6,1,0,0,347.2694585393963,338.309152738361,0,0,4.311530887041023,0.35531410580184186
2024-10-08 06:45:00+05:30,361.9810653800211,28.76666666666667,90.09999999999998,6,1,0,0,355.0300309648147,349.9914764798164,0,0,4.311530887041023,0.35531410580184186
2024-10-08 07:00:00+05:30,373.1893351190539,28.899999999999995,89.53333333333335,7,1,0,0,361.9810653800211,362.9301404480086,0,0,5.499185953045883,0.4537110737780554
2024-10-08 07:15:00+05:30,388.1980141020794,29.13333333333333,87.89999999999999,7,1,0,0,373.1893351190539,377.231822714216,0,0,5.499185953045883,0.4537110737780554
2024-10-08 07:30:00+05:30,407.0474884212084,29.266666666666666,86.46666666666665,7,1,0,0,388.1980141020794,393.6998632126383,0,0,5.499185953045883,0.4537110737780554
2024-10-08 07:45:00+05:30,421.16095368911647,29.4,86.76666666666667,7,1,0,0,407.0474884212084,412.0026891297108,0,0,5.499185953045883,0.4537110737780554
2024-10-08 08:00:00+05:30,444.5315332992837,29.566666666666663,84.36666666666666,8,1,0,0,421.16095368911647,433.0152180977527,0,0,8.459706391374313,0.5709639278196643
2024-10-08 08:15:00+05:30,469.4906661224828,29.96666666666667,82.36666666666666,8,1,0,0,444.5315332992837,457.4843258553321,0,0,8.459706391374313,0.5709639278196643
2024-10-08 08:30:00+05:30,487.3833866858336,30.633333333333336,78.43333333333332,8,1,0,0,469.4906661224828,477.20560291611406,0,0,8.459706391374313,0.5709639278196643
2024-10-08 08:45:00+05:30,501.00088965850864,31.066666666666663,75.5,8,1,0,0,487.3833866858336,493.5237701819168,0,0,8.459706391374313,0.5709639278196643
2024-10-08 09:00:00+05:30,515.9928173186729,31.399999999999995,73.66666666666667,9,1,0,1,501.00088965850864,524.8389271203494,0,0,7.468916508257824,1.776913993434797
2024-10-08 09:15:00+05:30,532.0807392423759,31.83333333333333,72.16666666666667,9,1,0,1,515.9928173186729,538.4814271467483,0,0,7.468916508257824,1.776913993434797
2024-10-08 09:30:00+05:30,545.3010343805447,31.53333333333333,71.16666666666667,9,1,0,1,532.0807392423759,551.7787657235816,0,0,7.468916508257824,1.776913993434797
2024-10-08 09:45:00+05:30,555.5446287153904,32.06666666666667,68.53333333333335,9,1,0,1,545.3010343805447,560.9323574188019,0,0,7.468916508257824,1.776913993434797
2024-10-08 10:00:00+05:30,560.8959406405024,32.63333333333333,67.76666666666667,10,1,0,1,555.5446287153904,571.5159185084249,0,0,7.176660943313998,1.959443809088301
2024-10-08 10:15:00+05:30,566.2232820821879,32.73333333333333,67.03333333333333,10,1,0,1,560.8959406405024,577.6946572252956,0,0,7.176660943313998,1.959443809088301
2024-10-08 10:30:00+05:30,567.6047561781152,32.93333333333334,66.46666666666667,10,1,0,1,566.2232820821879,583.9546036511462,0,0,7.176660943313998,1.959443809088301
2024-10-08 10:45:00+05:30,573.5772963860275,33.06666666666667,65.46666666666667,10,1,0,1,567.6047561781152,585.1492553006208,0,0,7.176660943313998,1.959443809088301
2024-10-08 11:00:00+05:30,573.38010729527,33.5,66.36666666666666,11,1,0,1,573.5772963860275,585.9526657099899,0,0,7.922475529678865,1.905498851423404
2024-10-08 11:15:00+05:30,572.7734550807953,33.66666666666667,66.86666666666667,11,1,0,1,573.38010729527,588.3412981774961,0,0,7.922475529678865,1.905498851423404
2024-10-08 11:30:00+05:30,573.8106118515562,34.2,65.26666666666667,11,1,0,1,572.7734550807953,588.5113215536055,0,0,7.922475529678865,1.905498851423404
2024-10-08 11:45:00+05:30,573.2617929824311,33.93333333333333,64.7,11,1,0,1,573.8106118515562,587.7896783933113,0,0,7.922475529678865,1.905498851423404
2024-10-08 12:00:00+05:30,574.632653586757,34.1,66.46666666666667,12,1,0,1,573.2617929824311,586.9479355325611,0,0,8.194346391416534,1.8296017411002858
2024-10-08 12:15:00+05:30,575.1634906743617,34.03333333333333,64.63333333333333,12,1,0,1,574.632653586757,586.2068427663971,0,0,8.194346391416534,1.8296017411002858
2024-10-08 12:30:00+05:30,574.6292989096628,34.4,62.56666666666666,12,1,0,1,575.1634906743617,583.7022258443777,0,0,8.194346391416534,1.8296017411002858
2024-10-08 12:45:00+05:30,573.9054411935854,34.6,61.53333333333333,12,1,0,1,574.6292989096628,582.1692706636597,0,0,8.194346391416534,1.8296017411002858
2024-10-08 13:00:00+05:30,568.7664370777838,34.8,61.2,13,1,0,1,573.9054411935854,578.9399081082523,0,0,7.466115020642604,1.781152913482967
2024-10-08 13:15:00+05:30,564.9645858484046,35.03333333333333,61.9,13,1,0,1,568.7664370777838,577.7820481152398,0,0,7.466115020642604,1.781152913482967
2024-10-08 13:30:00+05:30,566.0331366983829,34.96666666666667,63.56666666666666,13,1,0,1,564.9645858484046,576.937250493199,0,0,7.466115020642604,1.781152913482967
2024-10-08 13:45:00+05:30,567.5186067830602,34.900000000000006,63.86666666666665,13,1,0,1,566.0331366983829,577.5778784149766,0,0,7.466115020642604,1.781152913482967
2024-10-08 14:00:00+05:30,572.8078829319362,34.766666666666666,62.333333333333336,14,1,0,1,567.5186067830602,580.104873362063,0,0,7.453520252664822,1.8810727851227305
2024-10-08 14:15:00+05:30,574.8725856446731,34.666666666666664,62.5,14,1,0,1,572.8078829319362,583.2374419261716,0,0,7.453520252664822,1.8810727851227305
2024-10-08 14:30:00+05:30,580.1856979499897,34.53333333333334,64.89999999999999,14,1,0,1,574.8725856446731,588.5797999736984,0,0,7.453520252664822,1.8810727851227305
2024-10-08 14:45:00+05:30,581.7968860039102,34.300000000000004,66.66666666666667,14,1,0,1,580.1856979499897,588.6662802909433,0,0,7.453520252664822,1.8810727851227305
2024-10-08 15:00:00+05:30,576.68239740689,33.76666666666667,68.8,15,1,0,1,581.7968860039102,590.7372149692504,0,0,7.614608640955644,1.8795749299968296
2024-10-08 15:15:00+05:30,581.061462685008,33.4,68.60000000000001,15,1,0,1,576.68239740689,590.387295817785,0,0,7.614608640955644,1.8795749299968296
2024-10-08 15:30:00+05:30,578.6893268444752,33.13333333333333,68.43333333333332,15,1,0,1,581.061462685008,588.6406655904515,0,0,7.614608640955644,1.8795749299968296
2024-10-08 15:45:00+05:30,575.6769288411507,32.86666666666667,69.7,15,1,0,1,578.6893268444752,586.2891912645406,0,0,7.614608640955644,1.8795749299968296
2024-10-08 16:00:00+05:30,577.0806128214169,32.43333333333333,71.23333333333333,16,1,0,1,575.6769288411507,585.3415043787836,0,0,8.928003783814992,1.63470214174834
2024-10-08 16:15:00+05:30,571.7834363240361,32.733333333333334,70.66666666666667,16,1,0,1,577.0806128214169,581.4669045099894,0,0,8.928003783814992,1.63470214174834
2024-10-08 16:30:00+05:30,564.466594255836,32.6,72.50000000000001,16,1,0,1,571.7834363240361,574.3829441007996,0,0,8.928003783814992,1.63470214174834
2024-10-08 16:45:00+05:30,559.0551091035261,32.333333333333336,74.53333333333335,16,1,0,1,564.466594255836,569.6073719737262,0,0,8.928003783814992,1.63470214174834
2024-10-08 17:00:00+05:30,556.8878487985955,32.06666666666667,76.10000000000001,17,1,0,1,559.0551091035261,566.5621790259954,0,0,9.832269406100862,1.3066312424333932
2024-10-08 17:15:00+05:30,552.2104155435269,31.633333333333336,78.3,17,1,0,1,556.8878487985955,560.2691935701268,0,0,9.832269406100862,1.3066312424333932
2024-10-08 17:30:00+05:30,543.4001852714655,31.4,80.26666666666667,17,1,0,1,552.2104155435269,552.9816420820656,0,0,9.832269406100862,1.3066312424333932
2024-10-08 17:45:00+05:30,539.0289476785493,31.166666666666668,81.7,17,1,0,1,543.4001852714655,544.0018719273494,0,0,9.832269406100862,1.3066312424333932
2024-10-08 18:00:00+05:30,532.7210220745641,31.0,82.39999999999999,18,1,0,0,539.0289476785493,536.6102538342942,0,0,10.294210660754121,0.797082883851726
2024-10-08 18:15:00+05:30,527.8686074898666,30.866666666666664,82.96666666666665,18,1,0,0,532.7210220745641,530.642538969307,0,0,10.294210660754121,0.797082883851726
2024-10-08 18:30:00+05:30,522.7494268623894,30.8,83.60000000000001,18,1,0,0,527.8686074898666,524.2826640618774,0,0,10.294210660754121,0.797082883851726
2024-10-08 18:45:00+05:30,515.207819717318,30.766666666666666,83.43333333333334,18,1,0,0,522.7494268623894,520.8141729213875,0,0,10.294210660754121,0.797082883851726
2024-10-08 19:00:00+05:30,509.5259867429097,30.633333333333336,83.86666666666666,19,1,0,0,515.207819717318,513.1823269310479,0,0,10.813310868605901,0.8196688281600798
2024-10-08 19:15:00+05:30,494.6576095037505,30.6,83.6,19,1,0,0,509.5259867429097,502.2931353783303,0,0,10.813310868605901,0.8196688281600798
2024-10-08 19:30:00+05:30,491.1733184273318,30.53333333333333,83.23333333333333,19,1,0,0,494.6576095037505,492.9646559305013,0,0,10.813310868605901,0.8196688281600798
2024-10-08 19:45:00+05:30,481.2289243817274,30.46666666666667,83.89999999999999,19,1,0,0,491.1733184273318,484.3604882491265,0,0,10.813310868605901,0.8196688281600798
2024-10-08 20:00:00+05:30,470.211909490708,30.46666666666667,84.0,20,1,0,0,481.2289243817274,474.2661938045777,0,0,10.193366449690611,0.84334742214611
2024-10-08 20:15:00+05:30,462.6232897383064,30.366666666666664,83.66666666666666,20,1,0,0,470.211909490708,467.3862180359734,0,0,10.193366449690611,0.84334742214611
2024-10-08 20:30:00+05:30,457.21779385075945,30.366666666666664,83.33333333333333,20,1,0,0,462.6232897383064,463.4641256378125,0,0,10.193366449690611,0.84334742214611
2024-10-08 20:45:00+05:30,452.3363338809808,30.33333333333333,82.66666666666667,20,1,0,0,457.21779385075945,460.4879851657212,0,0,10.193366449690611,0.84334742214611
2024-10-08 21:00:00+05:30,445.9646463560669,30.366666666666664,82.33333333333333,21,1,0,0,452.3363338809808,454.67342207068856,0,0,8.774792195189448,0.7521888831997796
2024-10-08 21:15:00+05:30,442.21462770412927,30.33333333333333,80.99999999999999,21,1,0,0,445.9646463560669,453.5923217990215,0,0,8.774792195189448,0.7521888831997796
2024-10-08 21:30:00+05:30,437.2241067424161,30.3,81.53333333333335,21,1,0,0,442.21462770412927,448.3944286417361,0,0,8.774792195189448,0.7521888831997796
2024-10-08 21:45:00+05:30,434.21585762492896,30.23333333333333,81.93333333333332,21,1,0,0,437.2241067424161,443.4688710345855,0,0,8.774792195189448,0.7521888831997796
2024-10-08 22:00:00+05:30,427.9733033674686,30.2,82.66666666666667,22,1,0,0,434.21585762492896,436.5392739247996,0,0,9.389172121610137,0.7252749896297948
2024-10-08 22:15:00+05:30,424.5520534442323,30.133333333333336,83.2,22,1,0,0,427.9733033674686,431.8648561969429,0,0,9.389172121610137,0.7252749896297948
2024-10-08 22:30:00+05:30,423.140166196968,30.166666666666668,82.3,22,1,0,0,424.5520534442323,430.2745751652904,0,0,9.389172121610137,0.7252749896297948
2024-10-08 22:45:00+05:30,419.411443217638,30.2,81.96666666666667,22,1,0,0,423.140166196968,427.5177124907327,0,0,9.389172121610137,0.7252749896297948
2024-10-08 23:00:00+05:30,416.4663050929189,30.166666666666668,82.8,23,1,0,0,419.411443217638,425.28905957444846,0,0,10.314981635691288,0.7718909870937027
2024-10-08 23:15:00+05:30,412.7171068255994,30.1,82.8,23,1,0,0,416.4663050929189,422.2375300587464,0,0,10.314981635691288,0.7718909870937027
2024-10-08 23:30:00+05:30,404.85036492519566,30.066666666666663,82.86666666666667,23,1,0,0,412.7171068255994,417.2327531626142,0,0,10.314981635691288,0.7718909870937027
2024-10-08 23:45:00+05:30,399.324101116242,30.03333333333333,82.43333333333334,23,1,0,0,404.85036492519566,413.1742491566832,0,0,10.314981635691288,0.7718909870937027
2024-10-09 00:00:00+05:30,393.06971540990736,30.0,82.26666666666667,0,2,0,0,399.324101116242,388.66910356805465,0,0,10.821030164864855,0.09594533623790569
2024-10-09 00:15:00+05:30,387.7724895440155,29.933333333333337,81.8,0,2,0,0,393.06971540990736,383.1707615345747,0,0,10.821030164864855,0.09594533623790569
2024-10-09 00:30:00+05:30,381.5221399069716,29.866666666666664,82.76666666666667,0,2,0,0,387.7724895440155,378.52478392108833,0,0,10.821030164864855,0.09594533623790569
2024-10-09 00:45:00+05:30,373.2251519700444,29.766666666666666,82.66666666666667,0,2,0,0,381.5221399069716,371.182514348758,0,0,10.821030164864855,0.09594533623790569
2024-10-09 01:00:00+05:30,364.8530422773719,29.666666666666668,83.36666666666666,1,2,0,0,373.2251519700444,361.1095301285813,0,0,9.728100754378737,-0.03336421712728943
2024-10-09 01:15:00+05:30,360.1765307247493,29.600000000000005,84.16666666666667,1,2,0,0,364.8530422773719,353.1480547095208,0,0,9.728100754378737,-0.03336421712728943
2024-10-09 01:30:00+05:30,352.9076405401646,29.53333333333333,84.03333333333335,1,2,0,0,360.1765307247493,347.68795068284874,0,0,9.728100754378737,-0.03336421712728943
2024-10-09 01:45:00+05:30,347.45109199833945,29.5,84.96666666666665,1,2,0,0,352.9076405401646,340.97027197049044,0,0,9.728100754378737,-0.03336421712728943
2024-10-09 02:00:00+05:30,341.5231112579206,29.53333333333333,84.89999999999999,2,2,0,0,347.45109199833945,336.949659868974,0,0,8.484637707535343,-0.001367850315744823
2024-10-09 02:15:00+05:30,335.30178466691393,29.466666666666665,85.46666666666665,2,2,0,0,341.5231112579206,334.0579090142045,0,0,8.484637707535343,-0.001367850315744823
2024-10-09 02:30:00+05:30,330.748353732155,29.433333333333337,85.5,2,2,0,0,335.30178466691393,331.8258570544642,0,0,8.484637707535343,-0.001367850315744823
2024-10-09 02:45:00+05:30,328.2505992115147,29.433333333333337,84.96666666666668,2,2,0,0,330.748353732155,328.6622112027188,0,0,8.484637707535343,-0.001367850315744823
2024-10-09 03:00:00+05:30,325.96212549557254,29.33333333333333,84.5,3,2,0,0,328.2505992115147,325.0799795791247,0,0,7.607119538689619,-0.06004878179214801
2024-10-09 03:15:00+05:30,325.1593847070762,29.366666666666664,85.60000000000001,3,2,0,0,325.96212549557254,322.60119315138746,0,0,7.607119538689619,-0.06004878179214801
2024-10-09 03:30:00+05:30,322.46171291565565,29.33333333333333,86.53333333333335,3,2,0,0,325.1593847070762,320.1021722116786,0,0,7.607119538689619,-0.06004878179214801
2024-10-09 03:45:00+05:30,320.3894968580533,29.3,85.66666666666667,3,2,0,0,322.46171291565565,318.19712649815415,0,0,7.607119538689619,-0.06004878179214801
2024-10-09 04:00:00+05:30,318.88411185327504,29.26666666666667,85.86666666666667,4,2,0,0,320.3894968580533,318.1080615449066,0,0,6.594267060678064,0.008427398213465498
2024-10-09 04:15:00+05:30,318.5693350343703,29.2,85.66666666666667,4,2,0,0,318.88411185327504,317.80499187122393,0,0,6.594267060678064,0.008427398213465498
2024-10-09 04:30:00+05:30,318.76125411592983,29.133333333333336,85.83333333333333,4,2,0,0,318.5693350343703,317.39125331516163,0,0,6.594267060678064,0.008427398213465498
2024-10-09 04:45:00+05:30,317.78745740790066,29.100000000000005,85.63333333333333,4,2,0,0,318.76125411592983,317.19761904061784,0,0,6.594267060678064,0.008427398213465498
2024-10-09 05:00:00+05:30,316.7123372856074,29.066666666666663,85.60000000000001,5,2,0,0,317.78745740790066,316.6370719691113,0,0,5.279257902398529,0.10435750043793113
2024-10-09 05:15:00+05:30,318.2985588373998,28.933333333333337,85.5,5,2,0,0,316.7123372856074,319.1571393010287,0,0,5.279257902398529,0.10435750043793113
2024-10-09 05:30:00+05:30,319.9453520008252,28.83333333333333,87.0,5,2,0,0,318.2985588373998,325.41620483282804,0,0,5.279257902398529,0.10435750043793113
2024-10-09 05:45:00+05:30,325.1009252561024,28.666666666666668,87.40000000000002,5,2,0,0,319.9453520008252,330.99290614752124,0,0,5.279257902398529,0.10435750043793113
2024-10-09 06:00:00+05:30,336.36535348984114,28.433333333333337,87.56666666666666,6,2,0,0,325.1009252561024,339.1260193860254,0,0,4.311530887041023,0.35531410580184186
2024-10-09 06:15:00+05:30,344.1990106474078,28.266666666666666,86.86666666666667,6,2,0,0,336.36535348984114,347.2694585393963,0,0,4.311530887041023,0.35531410580184186
2024-10-09 06:30:00+05:30,353.6296186930917,28.266666666666666,86.3,6,2,0,0,344.1990106474078,355.0300309648147,0,0,4.311530887041023,0.35531410580184186
2024-10-09 06:45:00+05:30,363.19010675952,28.266666666666666,87.33333333333333,6,2,0,0,353.6296186930917,361.9810653800211,0,0,4.311530887041023,0.35531410580184186
2024-10-09 07:00:00+05:30,373.98378895208026,28.166666666666668,88.63333333333333,7,2,0,0,363.19010675952,373.1893351190539,0,0,5.499185953045883,0.4537110737780554
2024-10-09 07:15:00+05:30,384.707003176404,28.13333333333333,88.83333333333333,7,2,0,0,373.98378895208026,388.1980141020794,0,0,5.499185953045883,0.4537110737780554
2024-10-09 07:30:00+05:30,402.09082285855135,28.100000000000005,89.39999999999999,7,2,0,0,384.707003176404,407.0474884212084,0,0,5.499185953045883,0.4537110737780554
2024-10-09 07:45:00+05:30,418.4151328198691,28.166666666666668,89.36666666666666,7,2,0,0,402.09082285855135,421.16095368911647,0,0,5.499185953045883,0.4537110737780554
2024-10-09 08:00:00+05:30,442.8380943360007,28.36666666666667,89.10000000000001,8,2,0,0,418.4151328198691,444.5315332992837,0,0,8.459706391374313,0.5709639278196643
2024-10-09 08:15:00+05:30,464.4271952893,28.53333333333333,89.13333333333333,8,2,0,0,442.8380943360007,469.4906661224828,0,0,8.459706391374313,0.5709639278196643
2024-10-09 08:30:00+05:30,480.5480960197719,28.7,88.5,8,2,0,0,464.4271952893,487.3833866858336,0,0,8.459706391374313,0.5709639278196643
2024-10-09 08:45:00+05:30,496.1781598073479,28.866666666666664,87.83333333333333,8,2,0,0,480.5480960197719,501.00088965850864,0,0,8.459706391374313,0.5709639278196643
2024-10-09 09:00:00+05:30,509.99895091625854,29.03333333333333,88.06666666666666,9,2,0,1,496.1781598073479,515.9928173186729,0,0,7.468916508257824,1.776913993434797
2024-10-09 09:15:00+05:30,521.9817846006756,29.1,87.73333333333333,9,2,0,1,509.99895091625854,532.0807392423759,0,0,7.468916508257824,1.776913993434797
2024-10-09 09:30:00+05:30,531.3190060945748,29.133333333333336,87.33333333333333,9,2,0,1,521.9817846006756,545.3010343805447,0,0,7.468916508257824,1.776913993434797
2024-10-09 09:45:00+05:30,540.4578642267074,29.26666666666667,86.66666666666667,9,2,0,1,531.3190060945748,555.5446287153904,0,0,7.468916508257824,1.776913993434797
2024-10-09 10:00:00+05:30,549.4599781740282,29.53333333333333,85.86666666666667,10,2,0,1,540.4578642267074,560.8959406405024,0,0,7.176660943313998,1.959443809088301
2024-10-09 10:15:00+05:30,552.6755352543325,29.933333333333337,83.96666666666667,10,2,0,1,549.4599781740282,566.2232820821879,0,0,7.176660943313998,1.959443809088301
2024-10-09 10:30:00+05:30,554.4949572454333,30.26666666666667,82.86666666666666,10,2,0,1,552.6755352543325,567.6047561781152,0,0,7.176660943313998,1.959443809088301
2024-10-09 10:45:00+05:30,557.358111937015,30.5,81.8,10,2,0,1,554.4949572454333,573.5772963860275,0,0,7.176660943313998,1.959443809088301
2024-10-09 11:00:00+05:30,559.7354977430748,30.73333333333333,80.39999999999999,11,2,0,1,557.358111937015,573.38010729527,0,0,7.922475529678865,1.905498851423404
2024-10-09 11:15:00+05:30,561.4252419228418,30.633333333333336,80.60000000000001,11,2,0,1,559.7354977430748,572.7734550807953,0,0,7.922475529678865,1.905498851423404
2024-10-09 11:30:00+05:30,562.5836030028515,30.46666666666667,81.2,11,2,0,1,561.4252419228418,573.8106118515562,0,0,7.922475529678865,1.905498851423404
2024-10-09 11:45:00+05:30,562.3048506819155,30.433333333333337,81.53333333333333,11,2,0,1,562.5836030028515,573.2617929824311,0,0,7.922475529678865,1.905498851423404
2024-10-09 12:00:00+05:30,562.5680131932984,30.53333333333333,81.46666666666667,12,2,0,1,562.3048506819155,574.632653586757,0,0,8.194346391416534,1.8296017411002858
2024-10-09 12:15:00+05:30,561.9201623010085,30.53333333333333,81.26666666666667,12,2,0,1,562.5680131932984,575.1634906743617,0,0,8.194346391416534,1.8296017411002858
2024-10-09 12:30:00+05:30,562.0867969643788,30.53333333333333,81.23333333333333,12,2,0,1,561.9201623010085,574.6292989096628,0,0,8.194346391416534,1.8296017411002858
2024-10-09 12:45:00+05:30,557.0371657181663,30.266666666666666,81.76666666666667,12,2,0,1,562.0867969643788,573.9054411935854,0,0,8.194346391416534,1.8296017411002858
2024-10-09 13:00:00+05:30,552.9177045244348,30.13333333333333,81.73333333333333,13,2,0,1,557.0371657181663,568.7664370777838,0,0,7.466115020642604,1.781152913482967
2024-10-09 13:15:00+05:30,546.0305282698239,30.23333333333333,81.56666666666666,13,2,0,1,552.9177045244348,564.9645858484046,0,0,7.466115020642604,1.781152913482967
2024-10-09 13:30:00+05:30,543.1366160247981,30.2,82.03333333333333,13,2,0,1,546.0305282698239,566.0331366983829,0,0,7.466115020642604,1.781152913482967
2024-10-09 13:45:00+05:30,542.6796775503749,30.13333333333333,82.2,13,2,0,1,543.1366160247981,567.5186067830602,0,0,7.466115020642604,1.781152913482967
2024-10-09 14:00:00+05:30,545.4600652855967,30.03333333333333,82.8,14,2,0,1,542.6796775503749,572.8078829319362,0,0,7.453520252664822,1.8810727851227305
2024-10-09 14:15:00+05:30,548.7721646356651,30.133333333333336,82.2,14,2,0,1,545.4600652855967,574.8725856446731,0,0,7.453520252664822,1.8810727851227305
2024-10-09 14:30:00+05:30,550.3840857555944,30.2,81.89999999999999,14,2,0,1,548.7721646356651,580.1856979499897,0,0,7.453520252664822,1.8810727851227305
2024-10-09 14:45:00+05:30,548.7950408410961,30.3,81.83333333333333,14,2,0,1,550.3840857555944,581.7968860039102,0,0,7.453520252664822,1.8810727851227305
2024-10-09 15:00:00+05:30,550.1587471255162,30.3,81.93333333333334,15,2,0,1,548.7950408410961,576.68239740689,0,0,7.614608640955644,1.8795749299968296
2024-10-09 15:15:00+05:30,551.5834295498966,29.9,84.66666666666667,15,2,0,1,550.1587471255162,581.061462685008,0,0,7.614608640955644,1.8795749299968296
2024-10-09 15:30:00+05:30,544.0881463985731,28.8,85.60000000000001,15,2,0,1,551.5834295498966,578.6893268444752,0,0,7.614608640955644,1.8795749299968296
2024-10-09 15:45:00+05:30,536.2608966581068,28.33333333333333,88.7,15,2,0,1,544.0881463985731,575.6769288411507,0,0,7.614608640955644,1.8795749299968296
2024-10-09 16:00:00+05:30,531.5254043818185,28.0,89.46666666666665,16,2,0,1,536.2608966581068,577.0806128214169,0,0,8.928003783814992,1.63470214174834
2024-10-09 16:15:00+05:30,527.9458935211647,27.83333333333333,90.66666666666669,16,2,0,1,531.5254043818185,571.7834363240361,0,0,8.928003783814992,1.63470214174834
2024-10-09 16:30:00+05:30,523.2159694592998,27.666666666666668,91.9,16,2,0,1,527.9458935211647,564.466594255836,0,0,8.928003783814992,1.63470214174834
2024-10-09 16:45:00+05:30,516.136544176798,27.53333333333333,92.8,16,2,0,1,523.2159694592998,559.0551091035261,0,0,8.928003783814992,1.63470214174834
2024-10-09 17:00:00+05:30,510.4529762606616,27.33333333333333,93.0,17,2,0,1,516.136544176798,556.8878487985955,0,0,9.832269406100862,1.3066312424333932
2024-10-09 17:15:00+05:30,506.9334175425436,27.3,92.93333333333334,17,2,0,1,510.4529762606616,552.2104155435269,0,0,9.832269406100862,1.3066312424333932
2024-10-09 17:30:00+05:30,498.94617028014426,27.33333333333333,93.1,17,2,0,1,506.9334175425436,543.4001852714655,0,0,9.832269406100862,1.3066312424333932
2024-10-09 17:45:00+05:30,491.719868904899,27.166666666666668,93.0,17,2,0,1,498.94617028014426,539.0289476785493,0,0,9.832269406100862,1.3066312424333932
2024-10-09 18:00:00+05:30,486.2249721241444,26.966666666666665,92.96666666666664,18,2,0,0,491.719868904899,532.7210220745641,0,0,10.294210660754121,0.797082883851726
2024-10-09 18:15:00+05:30,480.5234591726559,26.933333333333337,93.36666666666667,18,2,0,0,486.2249721241444,527.8686074898666,0,0,10.294210660754121,0.797082883851726
2024-10-09 18:30:00+05:30,474.6944350503955,27.0,93.8,18,2,0,0,480.5234591726559,522.7494268623894,0,0,10.294210660754121,0.797082883851726
2024-10-09 18:45:00+05:30,469.9489112289654,26.966666666666665,93.76666666666668,18,2,0,0,474.6944350503955,515.207819717318,0,0,10.294210660754121,0.797082883851726
2024-10-09 19:00:00+05:30,464.2182089778466,27.0,93.6,19,2,0,0,469.9489112289654,509.5259867429097,0,0,10.813310868605901,0.8196688281600798
2024-10-09 19:15:00+05:30,455.95100147146746,26.899999999999995,93.33333333333331,19,2,0,0,464.2182089778466,494.6576095037505,0,0,10.813310868605901,0.8196688281600798
2024-10-09 19:30:00+05:30,447.65638591933873,26.83333333333333,93.3,19,2,0,0,455.95100147146746,491.1733184273318,0,0,10.813310868605901,0.8196688281600798
2024-10-09 19:45:00+05:30,438.1385841284178,26.899999999999995,92.96666666666664,19,2,0,0,447.65638591933873,481.2289243817274,0,0,10.813310868605901,0.8196688281600798
2024-10-09 20:00:00+05:30,430.8649368206972,26.8,92.63333333333333,20,2,0,0,438.1385841284178,470.211909490708,0,0,10.193366449690611,0.84334742214611
2024-10-09 20:15:00+05:30,423.5898294322828,26.8,92.2,20,2,0,0,430.8649368206972,462.6232897383064,0,0,10.193366449690611,0.84334742214611
2024-10-09 20:30:00+05:30,418.8847246626824,26.73333333333333,91.63333333333334,20,2,0,0,423.5898294322828,457.21779385075945,0,0,10.193366449690611,0.84334742214611
2024-10-09 20:45:00+05:30,411.4911829611511,26.766666666666666,90.66666666666669,20,2,0,0,418.8847246626824,452.3363338809808,0,0,10.193366449690611,0.84334742214611
2024-10-09 21:00:00+05:30,406.8284617696028,26.700000000000003,90.43333333333334,21,2,0,0,411.4911829611511,445.9646463560669,0,0,8.774792195189448,0.7521888831997796
2024-10-09 21:15:00+05:30,403.8391744172818,26.666666666666668,89.96666666666665,21,2,0,0,406.8284617696028,442.21462770412927,0,0,8.774792195189448,0.7521888831997796
2024-10-09 21:30:00+05:30,398.2695342827911,26.633333333333336,90.03333333333335,21,2,0,0,403.8391744172818,437.2241067424161,0,0,8.774792195189448,0.7521888831997796
2024-10-09 21:45:00+05:30,393.1538973474544,26.566666666666663,90.16666666666669,21,2,0,0,398.2695342827911,434.21585762492896,0,0,8.774792195189448,0.7521888831997796
2024-10-09 22:00:00+05:30,386.8429867745768,26.566666666666663,89.96666666666665,22,2,0,0,393.1538973474544,427.9733033674686,0,0,9.389172121610137,0.7252749896297948
2024-10-09 22:15:00+05:30,384.41602557737207,26.566666666666663,90.53333333333336,22,2,0,0,386.8429867745768,424.5520534442323,0,0,9.389172121610137,0.7252749896297948
2024-10-09 22:30:00+05:30,380.0783490010405,26.600000000000005,90.5,22,2,0,0,384.41602557737207,423.140166196968,0,0,9.389172121610137,0.7252749896297948
2024-10-09 22:45:00+05:30,376.14241072769664,26.633333333333336,90.56666666666666,22,2,0,0,380.0783490010405,419.411443217638,0,0,9.389172121610137,0.7252749896297948
2024-10-09 23:00:00+05:30,371.7825451572032,26.566666666666663,90.36666666666667,23,2,0,0,376.14241072769664,416.4663050929189,0,0,10.314981635691288,0.7718909870937027
2024-10-09 23:15:00+05:30,367.445366652367,26.53333333333333,90.36666666666667,23,2,0,0,371.7825451572032,412.7171068255994,0,0,10.314981635691288,0.7718909870937027
2024-10-09 23:30:00+05:30,361.9076135709321,26.566666666666663,90.26666666666668,23,2,0,0,367.445366652367,404.85036492519566,0,0,10.314981635691288,0.7718909870937027
2024-10-09 23:45:00+05:30,358.84890938814453,26.53333333333333,90.43333333333334,23,2,0,0,361.9076135709321,399.324101116242,0,0,10.314981635691288,0.7718909870937027
2024-10-10 00:00:00+05:30,354.0378370924198,26.6,90.23333333,0,3,0,0,358.84890938814453,393.06971540990736,1,1,10.28266400297469,0.43514823999908975
2024-10-10 00:15:00+05:30,350.40828304765216,26.6,90.76666667,0,3,0,0,354.0378370924198,387.7724895440155,1,1,10.28266400297469,0.43514823999908975
2024-10-10 00:30:00+05:30,346.8680891183629,26.53333333,91.6,0,3,0,0,350.40828304765216,381.5221399069716,1,1,10.28266400297469,0.43514823999908975
2024-10-10 00:45:00+05:30,340.1180971988939,26.46666667,91.86666667,0,3,0,0,346.8680891183629,373.2251519700444,1,1,10.28266400297469,0.43514823999908975
2024-10-10 01:00:00+05:30,333.7808240398444,26.43333333,91.9,1,3,0,0,340.1180971988939,364.8530422773719,1,1,10.23492857948753,0.41905279901833875
2024-10-10 01:15:00+05:30,327.84971926016374,26.43333333,91.7,1,3,0,0,333.7808240398444,360.1765307247493,1,1,10.23492857948753,0.41905279901833875
2024-10-10 01:30:00+05:30,321.6366081936594,26.4,91.63333333,1,3,0,0,327.84971926016374,352.9076405401646,1,1,10.23492857948753,0.41905279901833875
2024-10-10 01:45:00+05:30,316.8838489906911,26.33333333,91.66666667,1,3,0,0,321.6366081936594,347.45109199833945,1,1,10.23492857948753,0.41905279901833875
2024-10-10 02:00:00+05:30,312.2432775859824,26.36666667,91.83333333,2,3,0,0,316.8838489906911,341.5231112579206,1,1,9.185307998547431,0.3327955533401284
2024-10-10 02:15:00+05:30,307.97197674866186,26.43333333,91.8,2,3,0,0,312.2432775859824,335.30178466691393,1,1,9.185307998547431,0.3327955533401284
2024-10-10 02:30:00+05:30,307.2508082124099,26.4,91.8,2,3,0,0,307.97197674866186,330.748353732155,1,1,9.185307998547431,0.3327955533401284
2024-10-10 02:45:00+05:30,305.27629579530924,26.46666667,92.16666667,2,3,0,0,307.2508082124099,328.2505992115147,1,1,9.185307998547431,0.3327955533401284
2024-10-10 03:00:00+05:30,303.53796921266684,26.53333333,92.03333333,3,3,0,0,305.27629579530924,325.96212549557254,1,1,8.176635403696652,0.281371082814392
2024-10-10 03:15:00+05:30,301.9779736105228,26.56666667,92.06666667,3,3,0,0,303.53796921266684,325.1593847070762,1,1,8.176635403696652,0.281371082814392
2024-10-10 03:30:00+05:30,299.4355529826245,26.56666667,91.66666667,3,3,0,0,301.9779736105228,322.46171291565565,1,1,8.176635403696652,0.281371082814392
2024-10-10 03:45:00+05:30,298.181735825356,26.53333333,91.73333333,3,3,0,0,299.4355529826245,320.3894968580533,1,1,8.176635403696652,0.281371082814392
2024-10-10 04:00:00+05:30,297.8203681888329,26.53333333,91.96666667,4,3,0,0,298.181735825356,318.88411185327504,1,1,7.015386303485643,0.26047677238200084
2024-10-10 04:15:00+05:30,296.80635490562764,26.56666667,92.26666667,4,3,0,0,297.8203681888329,318.5693350343703,1,1,7.015386303485643,0.26047677238200084
2024-10-10 04:30:00+05:30,297.7240858775412,26.53333333,92.4,4,3,0,0,296.80635490562764,318.76125411592983,1,1,7.015386303485643,0.26047677238200084
2024-10-10 04:45:00+05:30,298.22439669678886,26.53333333,92.06666667,4,3,0,0,297.7240858775412,317.78745740790066,1,1,7.015386303485643,0.26047677238200084
2024-10-10 05:00:00+05:30,300.46915186907864,26.6,92.33333333,5,3,0,0,298.22439669678886,316.7123372856074,1,1,6.033809930124011,0.25601454739155827
2024-10-10 05:15:00+05:30,301.2152335102499,26.6,92.13333333,5,3,0,0,300.46915186907864,318.2985588373998,1,1,6.033809930124011,0.25601454739155827
2024-10-10 05:30:00+05:30,306.87914339491425,26.63333333,92.46666667,5,3,0,0,301.2152335102499,319.9453520008252,1,1,6.033809930124011,0.25601454739155827
2024-10-10 05:45:00+05:30,311.93390346005606,26.66666667,92.73333333,5,3,0,0,306.87914339491425,325.1009252561024,1,1,6.033809930124011,0.25601454739155827
2024-10-10 06:00:00+05:30,320.930588968577,26.7,92.4,6,3,0,0,311.93390346005606,336.36535348984114,1,1,5.124181795779499,0.3311154012974202
2024-10-10 06:15:00+05:30,326.6024674807061,26.63333333,93.1,6,3,0,0,320.930588968577,344.1990106474078,1,1,5.124181795779499,0.3311154012974202
2024-10-10 06:30:00+05:30,335.9411183265101,26.7,93.13333333,6,3,0,0,326.6024674807061,353.6296186930917,1,1,5.124181795779499,0.3311154012974202
2024-10-10 06:45:00+05:30,344.8639478768205,26.76666667,92.83333333,6,3,0,0,335.9411183265101,363.19010675952,1,1,5.124181795779499,0.3311154012974202
2024-10-10 07:00:00+05:30,355.3987389160765,26.83333333,92.9,7,3,0,0,344.8639478768205,373.98378895208026,1,1,5.861215743503454,0.3098311206904185
2024-10-10 07:15:00+05:30,368.5198698953837,27.03333333,93.16666667,7,3,0,0,355.3987389160765,384.707003176404,1,1,5.861215743503454,0.3098311206904185
2024-10-10 07:30:00+05:30,384.0534822581853,27.36666667,92.56666667,7,3,0,0,368.5198698953837,402.09082285855135,1,1,5.861215743503454,0.3098311206904185
2024-10-10 07:45:00+05:30,401.5591749578847,27.86666667,90.13333333,7,3,0,0,384.0534822581853,418.4151328198691,1,1,5.861215743503454,0.3098311206904185
2024-10-10 08:00:00+05:30,427.02542717997096,28.7,87.2,8,3,0,0,401.5591749578847,442.8380943360007,1,1,7.281180777855669,0.6174309216372611
2024-10-10 08:15:00+05:30,444.1688727002124,29.16666667,83.93333333,8,3,0,0,427.02542717997096,464.4271952893,1,1,7.281180777855669,0.6174309216372611
2024-10-10 08:30:00+05:30,460.7624277963786,29.83333333,81.6,8,3,0,0,444.1688727002124,480.5480960197719,1,1,7.281180777855669,0.6174309216372611
2024-10-10 08:45:00+05:30,477.7623387444326,29.96666667,79.93333333,8,3,0,0,460.7624277963786,496.1781598073479,1,1,7.281180777855669,0.6174309216372611
2024-10-10 09:00:00+05:30,496.2424324234014,30.4,79.06666667,9,3,0,1,477.7623387444326,509.99895091625854,1,1,-1.327798133298018,1.2286262331733069
2024-10-10 09:15:00+05:30,509.5574169540697,30.76666667,76.5,9,3,0,1,496.2424324234014,521.9817846006756,1,1,-1.327798133298018,1.2286262331733069
2024-10-10 09:30:00+05:30,521.8443260195884,30.6,77.16666667,9,3,0,1,509.5574169540697,531.3190060945748,1,1,-1.327798133298018,1.2286262331733069
2024-10-10 09:45:00+05:30,531.6942051882684,30.63333333,77.9,9,3,0,1,521.8443260195884,540.4578642267074,1,1,-1.327798133298018,1.2286262331733069
2024-10-10 10:00:00+05:30,540.8490433927248,30.46666667,78.36666667,10,3,0,1,531.6942051882684,549.4599781740282,1,1,-3.2492202176266622,1.0846145593807166
2024-10-10 10:15:00+05:30,544.8219802480991,30.56666667,77.6,10,3,0,1,540.8490433927248,552.6755352543325,1,1,-3.2492202176266622,1.0846145593807166
2024-10-10 10:30:00+05:30,549.9105942737912,30.6,78.26666667,10,3,0,1,544.8219802480991,554.4949572454333,1,1,-3.2492202176266622,1.0846145593807166
2024-10-10 10:45:00+05:30,549.7170814353834,30.53333333,77.7,10,3,0,1,549.9105942737912,557.358111937015,1,1,-3.2492202176266622,1.0846145593807166
2024-10-10 11:00:00+05:30,549.6824022656143,30.66666667,77.03333333,11,3,0,1,549.7170814353834,559.7354977430748,1,1,-4.065128557591302,0.9600287683582207
2024-10-10 11:15:00+05:30,549.7478958829214,30.73333333,77.33333333,11,3,0,1,549.6824022656143,561.4252419228418,1,1,-4.065128557591302,0.9600287683582207
2024-10-10 11:30:00+05:30,547.8536110881594,31.23333333,76.66666667,11,3,0,1,549.7478958829214,562.5836030028515,1,1,-4.065128557591302,0.9600287683582207
2024-10-10 11:45:00+05:30,547.580887835506,31.46666667,74.36666667,11,3,0,1,547.8536110881594,562.3048506819155,1,1,-4.065128557591302,0.9600287683582207
2024-10-10 12:00:00+05:30,546.599113451523,31.73333333,73.6,12,3,0,1,547.580887835506,562.5680131932984,1,1,-3.584132884684334,0.9570303549034681
2024-10-10 12:15:00+05:30,545.2206449579758,31.5,74.46666667,12,3,0,1,546.599113451523,561.9201623010085,1,1,-3.584132884684334,0.9570303549034681
2024-10-10 12:30:00+05:30,542.69532119008,31.26666667,75.7,12,3,0,1,545.2206449579758,562.0867969643788,1,1,-3.584132884684334,0.9570303549034681
2024-10-10 12:45:00+05:30,544.6127834968893,31.13333333,76.63333333,12,3,0,1,542.69532119008,557.0371657181663,1,1,-3.584132884684334,0.9570303549034681
2024-10-10 13:00:00+05:30,541.1380261342159,30.8,77.53333333,13,3,0,1,544.6127834968893,552.9177045244348,1,1,-3.4228902988654646,0.9655710716213526
2024-10-10 13:15:00+05:30,539.6199976945829,30.9,78.16666667,13,3,0,1,541.1380261342159,546.0305282698239,1,1,-3.4228902988654646,0.9655710716213526
2024-10-10 13:30:00+05:30,536.6903494178786,31.26666667,77.43333333,13,3,0,1,539.6199976945829,543.1366160247981,1,1,-3.4228902988654646,0.9655710716213526
2024-10-10 13:45:00+05:30,534.9171201645823,31.2,77.33333333,13,3,0,1,536.6903494178786,542.6796775503749,1,1,-3.4228902988654646,0.9655710716213526
2024-10-10 14:00:00+05:30,536.5467460800178,31.2,78.4,14,3,0,1,534.9171201645823,545.4600652855967,1,1,-3.2450369692195107,0.9213689063012519
2024-10-10 14:15:00+05:30,539.9080791313005,31.4,77.0,14,3,0,1,536.5467460800178,548.7721646356651,1,1,-3.2450369692195107,0.9213689063012519
2024-10-10 14:30:00+05:30,542.0690933998496,31.3,76.7,14,3,0,1,539.9080791313005,550.3840857555944,1,1,-3.2450369692195107,0.9213689063012519
2024-10-10 14:45:00+05:30,541.2249343830904,31.2,77.26666667,14,3,0,1,542.0690933998496,548.7950408410961,1,1,-3.2450369692195107,0.9213689063012519
2024-10-10 15:00:00+05:30,541.5938809519091,31.3,77.63333333,15,3,0,1,541.2249343830904,550.1587471255162,1,1,-2.616388345103318,0.9453843362705481
2024-10-10 15:15:00+05:30,543.1294752740607,31.43333333,77.9,15,3,0,1,541.5938809519091,551.5834295498966,1,1,-2.616388345103318,0.9453843362705481
2024-10-10 15:30:00+05:30,541.4781793722652,31.2,78.13333333,15,3,0,1,543.1294752740607,544.0881463985731,1,1,-2.616388345103318,0.9453843362705481
2024-10-10 15:45:00+05:30,538.948664575582,31.13333333,77.26666667,15,3,0,1,541.4781793722652,536.2608966581068,1,1,-2.616388345103318,0.9453843362705481
2024-10-10 16:00:00+05:30,536.8185064046171,30.8,78.33333333,16,3,0,1,538.948664575582,531.5254043818185,1,1,-0.6907534460689906,1.0185222699059389
2024-10-10 16:15:00+05:30,532.9895554117031,30.46666667,80.1,16,3,0,1,536.8185064046171,527.9458935211647,1,1,-0.6907534460689906,1.0185222699059389
2024-10-10 16:30:00+05:30,526.6608928644803,30.16666667,81.13333333,16,3,0,1,532.9895554117031,523.2159694592998,1,1,-0.6907534460689906,1.0185222699059389
2024-10-10 16:45:00+05:30,523.8559079668723,29.93333333,82.06666667,16,3,0,1,526.6608928644803,516.136544176798,1,1,-0.6907534460689906,1.0185222699059389
2024-10-10 17:00:00+05:30,521.933219407221,29.7,83.46666667,17,3,0,1,523.8559079668723,510.4529762606616,1,1,-1.216841068798931,1.0572501590447172
2024-10-10 17:15:00+05:30,518.7399105861914,29.6,84.0,17,3,0,1,521.933219407221,506.9334175425436,1,1,-1.216841068798931,1.0572501590447172
2024-10-10 17:30:00+05:30,517.3222871532914,29.46666667,84.66666667,17,3,0,1,518.7399105861914,498.94617028014426,1,1,-1.216841068798931,1.0572501590447172
2024-10-10 17:45:00+05:30,513.2347344836786,29.3,85.53333333,17,3,0,1,517.3222871532914,491.719868904899,1,1,-1.216841068798931,1.0572501590447172
2024-10-10 18:00:00+05:30,506.5233084425072,29.23333333,85.63333333,18,3,0,0,513.2347344836786,486.2249721241444,1,1,3.769537692040247,1.0624941317781333
2024-10-10 18:15:00+05:30,505.2996168231814,29.23333333,85.76666667,18,3,0,0,506.5233084425072,480.5234591726559,1,1,3.769537692040247,1.0624941317781333
2024-10-10 18:30:00+05:30,505.8894610634646,29.16666667,85.7,18,3,0,0,505.2996168231814,474.6944350503955,1,1,3.769537692040247,1.0624941317781333
2024-10-10 18:45:00+05:30,500.258356615211,29.16666667,86.23333333,18,3,0,0,505.8894610634646,469.9489112289654,1,1,3.769537692040247,1.0624941317781333
2024-10-10 19:00:00+05:30,493.1986169559357,29.1,86.0,19,3,0,0,500.258356615211,464.2182089778466,1,1,4.321696048865239,1.108850824742368
2024-10-10 19:15:00+05:30,483.1792798050718,29.1,85.6,19,3,0,0,493.1986169559357,455.95100147146746,1,1,4.321696048865239,1.108850824742368
2024-10-10 19:30:00+05:30,475.6754088081703,29.06666667,85.96666667,19,3,0,0,483.1792798050718,447.65638591933873,1,1,4.321696048865239,1.108850824742368
2024-10-10 19:45:00+05:30,467.0891493380121,29.13333333,86.8,19,3,0,0,475.6754088081703,438.1385841284178,1,1,4.321696048865239,1.108850824742368
2024-10-10 20:00:00+05:30,457.5364188057189,29.06666667,86.8,20,3,0,0,467.0891493380121,430.8649368206972,1,1,6.057064044297745,1.0047461652242236
2024-10-10 20:15:00+05:30,451.56495131617794,28.9,87.8,20,3,0,0,457.5364188057189,423.5898294322828,1,1,6.057064044297745,1.0047461652242236
2024-10-10 20:30:00+05:30,444.1509801774936,28.56666667,90.03333333,20,3,0,0,451.56495131617794,418.8847246626824,1,1,6.057064044297745,1.0047461652242236
2024-10-10 20:45:00+05:30,440.7790310119344,27.8,93.9,20,3,0,0,444.1509801774936,411.4911829611511,1,1,6.057064044297745,1.0047461652242236
2024-10-10 21:00:00+05:30,423.8555771327352,26.8,93.86666667,21,3,0,0,440.7790310119344,406.8284617696028,1,1,7.475496961090576,0.6874006457533774
2024-10-10 21:15:00+05:30,400.6868441602464,26.1,94.33333333,21,3,0,0,423.8555771327352,403.8391744172818,1,1,7.475496961090576,0.6874006457533774
2024-10-10 21:30:00+05:30,398.062724950147,25.63333333,94.96666667,21,3,0,0,400.6868441602464,398.2695342827911,1,1,7.475496961090576,0.6874006457533774
2024-10-10 21:45:00+05:30,394.3782828542497,25.66666667,95.66666667,21,3,0,0,398.062724950147,393.1538973474544,1,1,7.475496961090576,0.6874006457533774
2024-10-10 22:00:00+05:30,390.6543385551544,25.7,96.03333333,22,3,0,0,394.3782828542497,386.8429867745768,1,1,7.829523660164418,0.6316136010718202
2024-10-10 22:15:00+05:30,385.5955024965942,25.73333333,95.96666667,22,3,0,0,390.6543385551544,384.41602557737207,1,1,7.829523660164418,0.6316136010718202
2024-10-10 22:30:00+05:30,385.200168516301,25.9,96.36666667,22,3,0,0,385.5955024965942,380.0783490010405,1,1,7.829523660164418,0.6316136010718202
2024-10-10 22:45:00+05:30,379.2203218450895,26.06666667,96.16666667,22,3,0,0,385.200168516301,376.14241072769664,1,1,7.829523660164418,0.6316136010718202
2024-10-10 23:00:00+05:30,373.41597985575913,26.13333333,96.23333333,23,3,0,0,379.2203218450895,371.7825451572032,1,1,8.276510491817042,0.6597587877326709
2024-10-10 23:15:00+05:30,369.5210029156858,26.2,95.96666667,23,3,0,0,373.41597985575913,367.445366652367,1,1,8.276510491817042,0.6597587877326709
2024-10-10 23:30:00+05:30,362.6671018313296,26.3,95.83333333,23,3,0,0,369.5210029156858,361.9076135709321,1,1,8.276510491817042,0.6597587877326709
2024-10-10 23:45:00+05:30,358.6345823843255,26.33333333,95.6,23,3,0,0,362.6671018313296,358.84890938814453,1,1,8.276510491817042,0.6597587877326709
2024-10-11 00:00:00+05:30,355.0,26.4,95.8,0,4,0,0,358.6345823843255,354.0378370924198,1,1,10.28266400297469,0.43514823999908975
2024-10-11 00:15:00+05:30,353.0,26.46666666666667,95.66666666666669,0,4,0,0,355.0,350.40828304765216,1,1,10.28266400297469,0.43514823999908975
2024-10-11 00:30:00+05:30,348.0,26.366666666666664,95.40000000000002,0,4,0,0,353.0,346.8680891183629,1,1,10.28266400297469,0.43514823999908975
2024-10-11 00:45:00+05:30,344.0,26.23333333333333,95.46666666666664,0,4,0,0,348.0,340.1180971988939,1,1,10.28266400297469,0.43514823999908975
2024-10-11 01:00:00+05:30,334.0,26.33333333333333,95.66666666666669,1,4,0,0,344.0,333.7808240398444,1,1,10.23492857948753,0.41905279901833875
2024-10-11 01:15:00+05:30,326.0,26.266666666666666,95.76666666666668,1,4,0,0,334.0,327.84971926016374,1,1,10.23492857948753,0.41905279901833875
2024-10-11 01:30:00+05:30,321.0,26.23333333333333,95.96666666666664,1,4,0,0,326.0,321.6366081936594,1,1,10.23492857948753,0.41905279901833875
2024-10-11 01:45:00+05:30,319.0,26.266666666666666,95.93333333333332,1,4,0,0,321.0,316.8838489906911,1,1,10.23492857948753,0.41905279901833875
2024-10-11 02:00:00+05:30,317.0,26.3,95.6,2,4,0,0,319.0,312.2432775859824,1,1,9.185307998547431,0.3327955533401284
2024-10-11 02:15:00+05:30,315.0,26.3,95.53333333333336,2,4,0,0,317.0,307.97197674866186,1,1,9.185307998547431,0.3327955533401284
2024-10-11 02:30:00+05:30,312.0,26.3,95.40000000000002,2,4,0,0,315.0,307.2508082124099,1,1,9.185307998547431,0.3327955533401284
2024-10-11 02:45:00+05:30,311.0,26.3,95.63333333333333,2,4,0,0,312.0,305.27629579530924,1,1,9.185307998547431,0.3327955533401284
2024-10-11 03:00:00+05:30,308.0,26.266666666666666,95.66666666666669,3,4,0,0,311.0,303.53796921266684,1,1,8.176635403696652,0.281371082814392
2024-10-11 03:15:00+05:30,306.0,26.3,95.86666666666667,3,4,0,0,308.0,301.9779736105228,1,1,8.176635403696652,0.281371082814392
2024-10-11 03:30:00+05:30,304.0,26.266666666666666,95.8,3,4,0,0,306.0,299.4355529826245,1,1,8.176635403696652,0.281371082814392
2024-10-11 03:45:00+05:30,305.0,26.33333333333333,95.13333333333333,3,4,0,0,304.0,298.181735825356,1,1,8.176635403696652,0.281371082814392
2024-10-11 04:00:00+05:30,305.0,26.33333333333333,95.03333333333336,4,4,0,0,305.0,297.8203681888329,1,1,7.015386303485643,0.26047677238200084
2024-10-11 04:15:00+05:30,304.0,26.33333333333333,95.06666666666666,4,4,0,0,305.0,296.80635490562764,1,1,7.015386303485643,0.26047677238200084
2024-10-11 04:30:00+05:30,303.0,26.33333333333333,94.73333333333332,4,4,0,0,304.0,297.7240858775412,1,1,7.015386303485643,0.26047677238200084
2024-10-11 04:45:00+05:30,302.0,26.4,94.5,4,4,0,0,303.0,298.22439669678886,1,1,7.015386303485643,0.26047677238200084
2024-10-11 05:00:00+05:30,303.0,26.36666666666667,94.26666666666668,5,4,0,0,302.0,300.46915186907864,1,1,6.033809930124011,0.25601454739155827
2024-10-11 05:15:00+05:30,305.0,26.433333333333337,94.06666666666666,5,4,0,0,303.0,301.2152335102499,1,1,6.033809930124011,0.25601454739155827
2024-10-11 05:30:00+05:30,310.0,26.433333333333337,94.16666666666669,5,4,0,0,305.0,306.87914339491425,1,1,6.033809930124011,0.25601454739155827
2024-10-11 05:45:00+05:30,316.0,26.46666666666667,94.2,5,4,0,0,310.0,311.93390346005606,1,1,6.033809930124011,0.25601454739155827
2024-10-11 06:00:00+05:30,327.0,26.5,94.03333333333336,6,4,0,0,316.0,320.930588968577,1,1,5.124181795779499,0.3311154012974202
2024-10-11 06:15:00+05:30,331.0,26.53333333333333,93.86666666666667,6,4,0,0,327.0,326.6024674807061,1,1,5.124181795779499,0.3311154012974202
2024-10-11 06:30:00+05:30,339.0,26.566666666666663,93.83333333333331,6,4,0,0,331.0,335.9411183265101,1,1,5.124181795779499,0.3311154012974202
2024-10-11 06:45:00+05:30,350.0,26.666666666666668,94.0,6,4,0,0,339.0,344.8639478768205,1,1,5.124181795779499,0.3311154012974202
2024-10-11 07:00:00+05:30,362.0,26.73333333333333,94.03333333333336,7,4,0,0,350.0,355.3987389160765,1,1,5.861215743503454,0.3098311206904185
2024-10-11 07:15:00+05:30,374.0,26.9,94.03333333333336,7,4,0,0,362.0,368.5198698953837,1,1,5.861215743503454,0.3098311206904185
2024-10-11 07:30:00+05:30,388.0,27.03333333333333,93.66666666666669,7,4,0,0,374.0,384.0534822581853,1,1,5.861215743503454,0.3098311206904185
2024-10-11 07:45:00+05:30,403.0,27.2,93.36666666666666,7,4,0,0,388.0,401.5591749578847,1,1,5.861215743503454,0.3098311206904185
2024-10-11 08:00:00+05:30,426.0,27.433333333333337,92.63333333333333,8,4,0,0,403.0,427.02542717997096,1,1,7.281180777855669,0.6174309216372611
2024-10-11 08:15:00+05:30,447.0,27.73333333333333,91.6,8,4,0,0,426.0,444.1688727002124,1,1,7.281180777855669,0.6174309216372611
2024-10-11 08:30:00+05:30,465.0,28.066666666666663,90.23333333333332,8,4,0,0,447.0,460.7624277963786,1,1,7.281180777855669,0.6174309216372611
2024-10-11 08:45:00+05:30,481.0,28.433333333333337,88.7,8,4,0,0,465.0,477.7623387444326,1,1,7.281180777855669,0.6174309216372611
2024-10-11 09:00:00+05:30,494.0,29.133333333333336,85.76666666666667,9,4,0,1,481.0,496.2424324234014,1,1,-1.327798133298018,1.2286262331733069
2024-10-11 09:15:00+05:30,506.0,29.73333333333333,83.0,9,4,0,1,494.0,509.5574169540697,1,1,-1.327798133298018,1.2286262331733069
2024-10-11 09:30:00+05:30,516.0,30.03333333333333,82.03333333333333,9,4,0,1,506.0,521.8443260195884,1,1,-1.327798133298018,1.2286262331733069
2024-10-11 09:45:00+05:30,528.0,30.433333333333337,79.39999999999999,9,4,0,1,516.0,531.6942051882684,1,1,-1.327798133298018,1.2286262331733069
2024-10-11 10:00:00+05:30,537.0,30.866666666666664,76.5,10,4,0,1,528.0,540.8490433927248,1,1,-3.2492202176266622,1.0846145593807166
2024-10-11 10:15:00+05:30,537.0,31.433333333333337,73.96666666666665,10,4,0,1,537.0,544.8219802480991,1,1,-3.2492202176266622,1.0846145593807166
2024-10-11 10:30:00+05:30,542.0,31.5,73.43333333333334,10,4,0,1,537.0,549.9105942737912,1,1,-3.2492202176266622,1.0846145593807166
2024-10-11 10:45:00+05:30,547.0,32.23333333333333,71.36666666666666,10,4,0,1,542.0,549.7170814353834,1,1,-3.2492202176266622,1.0846145593807166
2024-10-11 11:00:00+05:30,550.0,32.63333333333333,69.3,11,4,0,1,547.0,549.6824022656143,1,1,-4.065128557591302,0.9600287683582207
2024-10-11 11:15:00+05:30,550.0,32.93333333333334,67.5,11,4,0,1,550.0,549.7478958829214,1,1,-4.065128557591302,0.9600287683582207
2024-10-11 11:30:00+05:30,549.0,33.333333333333336,66.10000000000001,11,4,0,1,550.0,547.8536110881594,1,1,-4.065128557591302,0.9600287683582207
2024-10-11 11:45:00+05:30,549.0,33.36666666666667,65.23333333333333,11,4,0,1,549.0,547.580887835506,1,1,-4.065128557591302,0.9600287683582207
2024-10-11 12:00:00+05:30,551.0,33.86666666666667,63.1,12,4,0,1,549.0,546.599113451523,1,1,-3.584132884684334,0.9570303549034681
2024-10-11 12:15:00+05:30,549.0,34.2,61.56666666666666,12,4,0,1,551.0,545.2206449579758,1,1,-3.584132884684334,0.9570303549034681
2024-10-11 12:30:00+05:30,547.0,34.49999999999999,61.4,12,4,0,1,549.0,542.69532119008,1,1,-3.584132884684334,0.9570303549034681
2024-10-11 12:45:00+05:30,548.0,34.36666666666667,61.66666666666666,12,4,0,1,547.0,544.6127834968893,1,1,-3.584132884684334,0.9570303549034681
2024-10-11 13:00:00+05:30,548.0,33.63333333333333,64.46666666666665,13,4,0,1,548.0,541.1380261342159,1,1,-3.4228902988654646,0.9655710716213526
2024-10-11 13:15:00+05:30,548.0,33.63333333333333,64.3,13,4,0,1,548.0,539.6199976945829,1,1,-3.4228902988654646,0.9655710716213526
2024-10-11 13:30:00+05:30,547.0,33.46666666666667,65.56666666666666,13,4,0,1,548.0,536.6903494178786,1,1,-3.4228902988654646,0.9655710716213526
2024-10-11 13:45:00+05:30,548.0,33.46666666666666,64.56666666666666,13,4,0,1,547.0,534.9171201645823,1,1,-3.4228902988654646,0.9655710716213526
2024-10-11 14:00:00+05:30,549.0,33.46666666666667,65.03333333333333,14,4,0,1,548.0,536.5467460800178,1,1,-3.2450369692195107,0.9213689063012519
2024-10-11 14:15:00+05:30,551.0,33.36666666666667,67.56666666666666,14,4,0,1,549.0,539.9080791313005,1,1,-3.2450369692195107,0.9213689063012519
2024-10-11 14:30:00+05:30,553.0,33.333333333333336,68.16666666666667,14,4,0,1,551.0,542.0690933998496,1,1,-3.2450369692195107,0.9213689063012519
2024-10-11 14:45:00+05:30,550.0,33.36666666666667,69.46666666666665,14,4,0,1,553.0,541.2249343830904,1,1,-3.2450369692195107,0.9213689063012519
2024-10-11 15:00:00+05:30,552.0,33.36666666666667,67.8,15,4,0,1,550.0,541.5938809519091,1,1,-2.616388345103318,0.9453843362705481
2024-10-11 15:15:00+05:30,553.0,33.5,67.46666666666667,15,4,0,1,552.0,543.1294752740607,1,1,-2.616388345103318,0.9453843362705481
2024-10-11 15:30:00+05:30,551.0,33.53333333333333,66.5,15,4,0,1,553.0,541.4781793722652,1,1,-2.616388345103318,0.9453843362705481
2024-10-11 15:45:00+05:30,549.0,33.5,66.89999999999999,15,4,0,1,551.0,538.948664575582,1,1,-2.616388345103318,0.9453843362705481
2024-10-11 16:00:00+05:30,549.0,33.43333333333334,66.13333333333334,16,4,0,1,549.0,536.8185064046171,1,1,-0.6907534460689906,1.0185222699059389
2024-10-11 16:15:00+05:30,544.0,33.3,66.86666666666666,16,4,0,1,549.0,532.9895554117031,1,1,-0.6907534460689906,1.0185222699059389
2024-10-11 16:30:00+05:30,541.0,33.06666666666667,67.73333333333333,16,4,0,1,544.0,526.6608928644803,1,1,-0.6907534460689906,1.0185222699059389
2024-10-11 16:45:00+05:30,539.0,32.56666666666667,69.03333333333335,16,4,0,1,541.0,523.8559079668723,1,1,-0.6907534460689906,1.0185222699059389
2024-10-11 17:00:00+05:30,533.0,31.866666666666664,71.43333333333334,17,4,0,1,539.0,521.933219407221,1,1,-1.216841068798931,1.0572501590447172
2024-10-11 17:15:00+05:30,529.0,31.166666666666668,74.66666666666667,17,4,0,1,533.0,518.7399105861914,1,1,-1.216841068798931,1.0572501590447172
2024-10-11 17:30:00+05:30,522.0,30.53333333333333,77.93333333333332,17,4,0,1,529.0,517.3222871532914,1,1,-1.216841068798931,1.0572501590447172
2024-10-11 17:45:00+05:30,516.0,30.133333333333336,81.06666666666666,17,4,0,1,522.0,513.2347344836786,1,1,-1.216841068798931,1.0572501590447172
2024-10-11 18:00:00+05:30,509.0,29.866666666666664,82.26666666666667,18,4,0,0,516.0,506.5233084425072,1,1,3.769537692040247,1.0624941317781333
2024-10-11 18:15:00+05:30,505.0,29.73333333333333,82.86666666666667,18,4,0,0,509.0,505.2996168231814,1,1,3.769537692040247,1.0624941317781333
2024-10-11 18:30:00+05:30,497.0,29.7,83.33333333333334,18,4,0,0,505.0,505.8894610634646,1,1,3.769537692040247,1.0624941317781333
2024-10-11 18:45:00+05:30,490.0,29.6,84.06666666666668,18,4,0,0,497.0,500.258356615211,1,1,3.769537692040247,1.0624941317781333
2024-10-11 19:00:00+05:30,480.0,29.53333333333333,83.89999999999999,19,4,0,0,490.0,493.1986169559357,1,1,4.321696048865239,1.108850824742368
2024-10-11 19:15:00+05:30,470.0,29.6,84.03333333333333,19,4,0,0,480.0,483.1792798050718,1,1,4.321696048865239,1.108850824742368
2024-10-11 19:30:00+05:30,464.0,29.5,84.16666666666666,19,4,0,0,470.0,475.6754088081703,1,1,4.321696048865239,1.108850824742368
2024-10-11 19:45:00+05:30,458.0,29.5,84.26666666666667,19,4,0,0,464.0,467.0891493380121,1,1,4.321696048865239,1.108850824742368
2024-10-11 20:00:00+05:30,450.0,29.433333333333337,84.73333333333333,20,4,0,0,458.0,457.5364188057189,1,1,6.057064044297745,1.0047461652242236
2024-10-11 20:15:00+05:30,444.0,29.4,84.9,20,4,0,0,450.0,451.56495131617794,1,1,6.057064044297745,1.0047461652242236
2024-10-11 20:30:00+05:30,437.0,29.4,85.26666666666667,20,4,0,0,444.0,444.1509801774936,1,1,6.057064044297745,1.0047461652242236
2024-10-11 20:45:00+05:30,432.0,29.366666666666664,86.06666666666666,20,4,0,0,437.0,440.7790310119344,1,1,6.057064044297745,1.0047461652242236
2024-10-11 21:00:00+05:30,426.0,29.33333333333333,86.13333333333333,21,4,0,0,432.0,423.8555771327352,1,1,7.475496961090576,0.6874006457533774
2024-10-11 21:15:00+05:30,422.0,29.266666666666666,86.53333333333335,21,4,0,0,426.0,400.6868441602464,1,1,7.475496961090576,0.6874006457533774
2024-10-11 21:30:00+05:30,414.0,29.3,86.43333333333334,21,4,0,0,422.0,398.062724950147,1,1,7.475496961090576,0.6874006457533774
2024-10-11 21:45:00+05:30,410.0,29.166666666666668,86.93333333333334,21,4,0,0,414.0,394.3782828542497,1,1,7.475496961090576,0.6874006457533774
2024-10-11 22:00:00+05:30,402.0,29.0,88.23333333333333,22,4,0,0,410.0,390.6543385551544,1,1,7.829523660164418,0.6316136010718202
2024-10-11 22:15:00+05:30,397.0,28.76666666666667,89.2,22,4,0,0,402.0,385.5955024965942,1,1,7.829523660164418,0.6316136010718202
2024-10-11 22:30:00+05:30,394.0,28.5,91.2,22,4,0,0,397.0,385.200168516301,1,1,7.829523660164418,0.6316136010718202
2024-10-11 22:45:00+05:30,390.0,28.3,92.56666666666668,22,4,0,0,394.0,379.2203218450895,1,1,7.829523660164418,0.6316136010718202
2024-10-11 23:00:00+05:30,381.0,28.166666666666668,93.43333333333332,23,4,0,0,390.0,373.41597985575913,1,1,8.276510491817042,0.6597587877326709
2024-10-11 23:15:00+05:30,377.0,28.100000000000005,94.0,23,4,0,0,381.0,369.5210029156858,1,1,8.276510491817042,0.6597587877326709
2024-10-11 23:30:00+05:30,373.0,28.0,93.90000000000002,23,4,0,0,377.0,362.6671018313296,1,1,8.276510491817042,0.6597587877326709
2024-10-11 23:45:00+05:30,370.0,27.8,94.06666666666668,23,4,0,0,373.0,358.6345823843255,1,1,8.276510491817042,0.6597587877326709
2024-10-12 00:00:00+05:30,365.29090356805466,27.76666667,94.16666667,0,5,1,0,370.0,355.0,1,1,9.276661942131991,0.5289754333776678
2024-10-12 00:15:00+05:30,360.7289615345745,27.76666667,94.5,0,5,1,0,365.29090356805466,353.0,1,1,9.276661942131991,0.5289754333776678
2024-10-12 00:30:00+05:30,359.0193839210883,27.76666667,94.3,0,5,1,0,360.7289615345745,348.0,1,1,9.276661942131991,0.5289754333776678
2024-10-12 00:45:00+05:30,355.58171434875794,27.76666667,94.63333333,0,5,1,0,359.0193839210883,344.0,1,1,9.276661942131991,0.5289754333776678
2024-10-12 01:00:00+05:30,349.41333012858126,27.73333333,94.56666667,1,5,1,0,355.58171434875794,334.0,1,1,9.24037613488151,0.5081297687597267
2024-10-12 01:15:00+05:30,345.29285470952084,27.7,94.8,1,5,1,0,349.41333012858126,326.0,1,1,9.24037613488151,0.5081297687597267
2024-10-12 01:30:00+05:30,341.7691506828487,27.66666667,95.26666667,1,5,1,0,345.29285470952084,321.0,1,1,9.24037613488151,0.5081297687597267
2024-10-12 01:45:00+05:30,338.9242719704904,27.63333333,95.03333333,1,5,1,0,341.7691506828487,319.0,1,1,9.24037613488151,0.5081297687597267
2024-10-12 02:00:00+05:30,334.90365986897393,27.6,95.13333333,2,5,1,0,338.9242719704904,317.0,1,1,8.10149533297198,0.44898209176650783
2024-10-12 02:15:00+05:30,330.0437090142045,27.5,94.96666667,2,5,1,0,334.90365986897393,315.0,1,1,8.10149533297198,0.44898209176650783
2024-10-12 02:30:00+05:30,326.8752570544642,27.46666667,94.93333333,2,5,1,0,330.0437090142045,312.0,1,1,8.10149533297198,0.44898209176650783
2024-10-12 02:45:00+05:30,325.6480112027188,27.43333333,95.0,2,5,1,0,326.8752570544642,311.0,1,1,8.10149533297198,0.44898209176650783
2024-10-12 03:00:00+05:30,322.06577957912464,27.43333333,94.8,3,5,1,0,325.6480112027188,308.0,1,1,7.175508462341283,0.3923801236907845
2024-10-12 03:15:00+05:30,318.6187931513875,27.33333333,95.03333333,3,5,1,0,322.06577957912464,306.0,1,1,7.175508462341283,0.3923801236907845
2024-10-12 03:30:00+05:30,315.15157221167857,27.36666667,95.1,3,5,1,0,318.6187931513875,304.0,1,1,7.175508462341283,0.3923801236907845
2024-10-12 03:45:00+05:30,311.2783264981541,27.33333333,95.16666667,3,5,1,0,315.15157221167857,305.0,1,1,7.175508462341283,0.3923801236907845
2024-10-12 04:00:00+05:30,309.2846615449066,27.33333333,94.93333333,4,5,1,0,311.2783264981541,305.0,1,1,6.245838871305654,0.3476172677272221
2024-10-12 04:15:00+05:30,307.0451918712239,27.36666667,95.03333333,4,5,1,0,309.2846615449066,304.0,1,1,6.245838871305654,0.3476172677272221
2024-10-12 04:30:00+05:30,306.6632533151616,27.33333333,95.1,4,5,1,0,307.0451918712239,303.0,1,1,6.245838871305654,0.3476172677272221
2024-10-12 04:45:00+05:30,305.53321904061784,27.4,95.1,4,5,1,0,306.6632533151616,302.0,1,1,6.245838871305654,0.3476172677272221
2024-10-12 05:00:00+05:30,302.0680719691112,27.36666667,95.16666667,5,5,1,0,305.53321904061784,303.0,1,1,5.455860612263295,0.33019216650764105
2024-10-12 05:15:00+05:30,301.65173930102867,27.4,95.13333333,5,5,1,0,302.0680719691112,305.0,1,1,5.455860612263295,0.33019216650764105
2024-10-12 05:30:00+05:30,305.006204832828,27.4,95.4,5,5,1,0,301.65173930102867,310.0,1,1,5.455860612263295,0.33019216650764105
2024-10-12 05:45:00+05:30,305.74190614752126,27.4,95.66666667,5,5,1,0,305.006204832828,316.0,1,1,5.455860612263295,0.33019216650764105
2024-10-12 06:00:00+05:30,310.00221938602533,27.4,95.86666667,6,5,1,0,305.74190614752126,327.0,1,1,4.420288378767731,0.349631219881867
2024-10-12 06:15:00+05:30,309.36825853939627,27.43333333,96.0,6,5,1,0,310.00221938602533,331.0,1,1,4.420288378767731,0.349631219881867
2024-10-12 06:30:00+05:30,309.3514309648148,27.46666667,95.96666667,6,5,1,0,309.36825853939627,339.0,1,1,4.420288378767731,0.349631219881867
2024-10-12 06:45:00+05:30,311.46146538002114,27.5,95.46666667,6,5,1,0,309.3514309648148,350.0,1,1,4.420288378767731,0.349631219881867
2024-10-12 07:00:00+05:30,316.92413511905386,27.63333333,95.1,7,5,1,0,311.46146538002114,362.0,1,1,3.853601128978084,0.3876952324774159
2024-10-12 07:15:00+05:30,318.3144141020795,27.76666667,95.03333333,7,5,1,0,316.92413511905386,374.0,1,1,3.853601128978084,0.3876952324774159
2024-10-12 07:30:00+05:30,320.70448842120845,27.93333333,94.4,7,5,1,0,318.3144141020795,388.0,1,1,3.853601128978084,0.3876952324774159
2024-10-12 07:45:00+05:30,325.1677536891165,28.16666667,93.4,7,5,1,0,320.70448842120845,403.0,1,1,3.853601128978084,0.3876952324774159
2024-10-12 08:00:00+05:30,334.0153332992836,28.8,91.26666667,8,5,1,0,325.1677536891165,426.0,1,1,3.8209704716064987,0.5161734635322468
2024-10-12 08:15:00+05:30,343.48326612248286,28.7,90.63333333,8,5,1,0,334.0153332992836,447.0,1,1,3.8209704716064987,0.5161734635322468
2024-10-12 08:30:00+05:30,351.7257866858336,29.13333333,89.8,8,5,1,0,343.48326612248286,465.0,1,1,3.8209704716064987,0.5161734635322468
2024-10-12 08:45:00+05:30,356.59768965850884,29.63333333,87.66666667,8,5,1,0,351.7257866858336,481.0,1,1,3.8209704716064987,0.5161734635322468
2024-10-12 09:00:00+05:30,364.84401731867297,30.2,84.76666667,9,5,1,1,356.59768965850884,494.0,1,1,0.8147345209696866,1.124510725069763
2024-10-12 09:15:00+05:30,371.2181392423759,30.46666667,82.53333333,9,5,1,1,364.84401731867297,506.0,1,1,0.8147345209696866,1.124510725069763
2024-10-12 09:30:00+05:30,380.5974343805448,31.03333333,80.53333333,9,5,1,1,371.2181392423759,516.0,1,1,0.8147345209696866,1.124510725069763
2024-10-12 09:45:00+05:30,386.93642871539055,31.36666667,78.6,9,5,1,1,380.5974343805448,528.0,1,1,0.8147345209696866,1.124510725069763
2024-10-12 10:00:00+05:30,392.3513406405026,31.6,77.33333333,10,5,1,1,386.93642871539055,537.0,1,1,-0.7276111560233558,1.2898458900009664
2024-10-12 10:15:00+05:30,396.7104820821878,31.93333333,75.16666667,10,5,1,1,392.3513406405026,537.0,1,1,-0.7276111560233558,1.2898458900009664
2024-10-12 10:30:00+05:30,397.99655617811527,32.16666667,73.3,10,5,1,1,396.7104820821878,542.0,1,1,-0.7276111560233558,1.2898458900009664
2024-10-12 10:45:00+05:30,400.09629638602746,32.56666667,72.0,10,5,1,1,397.99655617811527,547.0,1,1,-0.7276111560233558,1.2898458900009664
2024-10-12 11:00:00+05:30,405.6765072952701,32.9,71.0,11,5,1,1,400.09629638602746,550.0,1,1,-1.7562092945398446,1.1689346757580226
2024-10-12 11:15:00+05:30,406.0380550807953,33.33333333,68.9,11,5,1,1,405.6765072952701,550.0,1,1,-1.7562092945398446,1.1689346757580226
2024-10-12 11:30:00+05:30,408.9798118515562,33.63333333,67.83333333,11,5,1,1,406.0380550807953,549.0,1,1,-1.7562092945398446,1.1689346757580226
2024-10-12 11:45:00+05:30,411.3673929824311,34.06666667,65.16666667,11,5,1,1,408.9798118515562,549.0,1,1,-1.7562092945398446,1.1689346757580226
2024-10-12 12:00:00+05:30,411.77005358675694,34.03333333,65.46666667,12,5,1,1,411.3673929824311,551.0,1,1,-2.079341525926913,0.9877854215120891
2024-10-12 12:15:00+05:30,410.3644906743617,34.2,65.0,12,5,1,1,411.77005358675694,549.0,1,1,-2.079341525926913,0.9877854215120891
2024-10-12 12:30:00+05:30,411.7984989096627,33.7,67.3,12,5,1,1,410.3644906743617,547.0,1,1,-2.079341525926913,0.9877854215120891
2024-10-12 12:45:00+05:30,409.1064411935854,33.63333333,68.5,12,5,1,1,411.7984989096627,548.0,1,1,-2.079341525926913,0.9877854215120891
2024-10-12 13:00:00+05:30,407.80843707778376,33.6,68.6,13,5,1,1,409.1064411935854,548.0,1,1,-1.1020928567498824,1.01271442319401
2024-10-12 13:15:00+05:30,407.8793858484044,33.46666667,67.93333333,13,5,1,1,407.80843707778376,548.0,1,1,-1.1020928567498824,1.01271442319401
2024-10-12 13:30:00+05:30,407.0115366983829,33.6,67.4,13,5,1,1,407.8793858484044,547.0,1,1,-1.1020928567498824,1.01271442319401
2024-10-12 13:45:00+05:30,407.4970067830602,33.5,68.53333333,13,5,1,1,407.0115366983829,548.0,1,1,-1.1020928567498824,1.01271442319401
2024-10-12 14:00:00+05:30,407.0724829319362,32.76666667,70.66666667,14,5,1,1,407.4970067830602,549.0,1,1,1.686200467895178,1.3137168429078008
2024-10-12 14:15:00+05:30,406.29618564467296,32.8,72.2,14,5,1,1,407.0724829319362,551.0,1,1,1.686200467895178,1.3137168429078008
2024-10-12 14:30:00+05:30,405.7364979499897,32.23333333,73.53333333,14,5,1,1,406.29618564467296,553.0,1,1,1.686200467895178,1.3137168429078008
2024-10-12 14:45:00+05:30,406.41128600391016,32.26666667,73.26666667,14,5,1,1,405.7364979499897,550.0,1,1,1.686200467895178,1.3137168429078008
2024-10-12 15:00:00+05:30,407.10599740689,32.2,74.46666667,15,5,1,1,406.41128600391016,552.0,1,1,1.3336775321981253,1.1255975179021274
2024-10-12 15:15:00+05:30,405.6758626850079,32.4,73.63333333,15,5,1,1,407.10599740689,553.0,1,1,1.3336775321981253,1.1255975179021274
2024-10-12 15:30:00+05:30,404.2401268444752,31.93333333,74.4,15,5,1,1,405.6758626850079,551.0,1,1,1.3336775321981253,1.1255975179021274
2024-10-12 15:45:00+05:30,403.2277288411507,31.6,75.53333333,15,5,1,1,404.2401268444752,549.0,1,1,1.3336775321981253,1.1255975179021274
2024-10-12 16:00:00+05:30,402.69501282141687,31.1,77.6,16,5,1,1,403.2277288411507,549.0,1,1,3.0144682248818873,1.119025243884035
2024-10-12 16:15:00+05:30,400.238836324036,30.43333333,81.83333333,16,5,1,1,402.69501282141687,544.0,1,1,3.0144682248818873,1.119025243884035
2024-10-12 16:30:00+05:30,396.7947942558361,30.13333333,82.6,16,5,1,1,400.238836324036,541.0,1,1,3.0144682248818873,1.119025243884035
2024-10-12 16:45:00+05:30,391.3833091035261,29.96666667,81.8,16,5,1,1,396.7947942558361,539.0,1,1,3.0144682248818873,1.119025243884035
2024-10-12 17:00:00+05:30,390.1842487985955,29.86666667,83.16666667,17,5,1,1,391.3833091035261,533.0,1,1,0.19893478075415816,0.8928676388768646
2024-10-12 17:15:00+05:30,387.4432155435271,29.53333333,84.9,17,5,1,1,390.1842487985955,529.0,1,1,0.19893478075415816,0.8928676388768646
2024-10-12 17:30:00+05:30,388.3467852714655,29.46666667,84.96666667,17,5,1,1,387.4432155435271,522.0,1,1,0.19893478075415816,0.8928676388768646
2024-10-12 17:45:00+05:30,386.8801476785494,29.43333333,85.0,17,5,1,1,388.3467852714655,516.0,1,1,0.19893478075415816,0.8928676388768646
2024-10-12 18:00:00+05:30,389.1224632438941,29.4,87.0,18,5,1,0,386.8801476785494,509.0,1,1,2.3001010709105305,0.9172682728562869
2024-10-12 18:15:00+05:30,393.4285735575072,29.13333333,87.8,18,5,1,0,389.1224632438941,505.0,1,1,2.3001010709105305,0.9172682728562869
2024-10-12 18:30:00+05:30,397.1612381588775,29.1,87.66666667,18,5,1,0,393.4285735575072,497.0,1,1,2.3001010709105305,0.9172682728562869
2024-10-12 18:45:00+05:30,398.3401605843876,29.1,87.16666667,18,5,1,0,397.1612381588775,490.0,1,1,2.3001010709105305,0.9172682728562869
2024-10-12 19:00:00+05:30,396.6509170018479,29.03333333,88.33333333,19,5,1,0,398.3401605843876,480.0,1,1,3.916599335641581,1.0802178081695182
2024-10-12 19:15:00+05:30,396.2970777199303,29.03333333,88.56666667,19,5,1,0,396.6509170018479,470.0,1,1,3.916599335641581,1.0802178081695182
2024-10-12 19:30:00+05:30,395.6865938315013,28.96666667,88.63333333,19,5,1,0,396.2970777199303,464.0,1,1,3.916599335641581,1.0802178081695182
2024-10-12 19:45:00+05:30,393.30415853252646,28.93333333,88.83333333,19,5,1,0,395.6865938315013,458.0,1,1,3.916599335641581,1.0802178081695182
2024-10-12 20:00:00+05:30,392.2917288103776,28.9,88.46666667,20,5,1,0,393.30415853252646,450.0,1,1,5.5840581330043495,0.9532182853806743
2024-10-12 20:15:00+05:30,388.6300168201734,28.73333333,88.4,20,5,1,0,392.2917288103776,444.0,1,1,5.5840581330043495,0.9532182853806743
2024-10-12 20:30:00+05:30,386.8401465270125,28.73333333,88.9,20,5,1,0,388.6300168201734,437.0,1,1,5.5840581330043495,0.9532182853806743
2024-10-12 20:45:00+05:30,386.3397772809213,28.7,89.4,20,5,1,0,386.8401465270125,432.0,1,1,5.5840581330043495,0.9532182853806743
2024-10-12 21:00:00+05:30,383.9126218158886,28.66666667,89.23333333,21,5,1,0,386.3397772809213,426.0,1,1,7.299581655010088,0.651286423230075
2024-10-12 21:15:00+05:30,381.0498674432215,28.6,89.53333333,21,5,1,0,383.9126218158886,422.0,1,1,7.299581655010088,0.651286423230075
2024-10-12 21:30:00+05:30,379.47440433813614,28.6,89.6,21,5,1,0,381.0498674432215,414.0,1,1,7.299581655010088,0.651286423230075
2024-10-12 21:45:00+05:30,377.8625021453856,28.56666667,89.86666667,21,5,1,0,379.47440433813614,410.0,1,1,7.299581655010088,0.651286423230075
2024-10-12 22:00:00+05:30,375.8458126089994,28.53333333,89.93333333,22,5,1,0,377.8625021453856,402.0,1,1,7.8889124581564065,0.6257285679954327
2024-10-12 22:15:00+05:30,372.3702323045429,28.53333333,90.3,22,5,1,0,375.8458126089994,397.0,1,1,7.8889124581564065,0.6257285679954327
2024-10-12 22:30:00+05:30,371.4918964026904,28.5,90.46666667,22,5,1,0,372.3702323045429,394.0,1,1,7.8889124581564065,0.6257285679954327
2024-10-12 22:45:00+05:30,369.6678621085325,28.5,90.56666667,22,5,1,0,371.4918964026904,390.0,1,1,7.8889124581564065,0.6257285679954327
2024-10-12 23:00:00+05:30,366.40899979564847,28.5,90.43333333,23,5,1,0,369.6678621085325,381.0,1,1,8.509973378652411,0.6759229031888645
2024-10-12 23:15:00+05:30,364.4115264067464,28.53333333,90.4,23,5,1,0,366.40899979564847,377.0,1,1,8.509973378652411,0.6759229031888645
2024-10-12 23:30:00+05:30,361.1134812270142,28.56666667,90.26666667,23,5,1,0,364.4115264067464,373.0,1,1,8.509973378652411,0.6759229031888645
2024-10-12 23:45:00+05:30,359.158865023083,28.53333333,90.93333333,23,5,1,0,361.1134812270142,370.0,1,1,8.509973378652411,0.6759229031888645
2024-10-13 00:00:00+05:30,353.6407035680546,28.46666666666667,91.33333333333331,0,6,1,0,359.158865023083,365.29090356805466,0,0,10.896953436007536,0.1345953376447433
2024-10-13 00:15:00+05:30,351.0469615345746,28.366666666666664,91.46666666666664,0,6,1,0,353.6407035680546,360.7289615345745,0,0,10.896953436007536,0.1345953376447433
2024-10-13 00:30:00+05:30,347.3691839210884,28.46666666666667,91.7,0,6,1,0,351.0469615345746,359.0193839210883,0,0,10.896953436007536,0.1345953376447433
2024-10-13 00:45:00+05:30,341.931514348758,28.46666666666667,91.7,0,6,1,0,347.3691839210884,355.58171434875794,0,0,10.896953436007536,0.1345953376447433
2024-10-13 01:00:00+05:30,337.73133012858125,28.433333333333337,91.63333333333333,1,6,1,0,341.931514348758,349.41333012858126,0,0,10.285432132312645,0.009994036151057983
2024-10-13 01:15:00+05:30,331.70625470952075,28.433333333333337,91.73333333333332,1,6,1,0,337.73133012858125,345.29285470952084,0,0,10.285432132312645,0.009994036151057983
2024-10-13 01:30:00+05:30,329.1189506828488,28.433333333333337,91.83333333333331,1,6,1,0,331.70625470952075,341.7691506828487,0,0,10.285432132312645,0.009994036151057983
2024-10-13 01:45:00+05:30,323.3694719704905,28.4,91.86666666666667,1,6,1,0,329.1189506828488,338.9242719704904,0,0,10.285432132312645,0.009994036151057983
2024-10-13 02:00:00+05:30,319.317059868974,28.366666666666664,92.1,2,6,1,0,323.3694719704905,334.90365986897393,0,0,8.736502644041135,0.08088823844590087
2024-10-13 02:15:00+05:30,317.42530901420446,28.366666666666664,91.93333333333334,2,6,1,0,319.317059868974,330.0437090142045,0,0,8.736502644041135,0.08088823844590087
2024-10-13 02:30:00+05:30,314.2250570544642,28.33333333333333,92.06666666666666,2,6,1,0,317.42530901420446,326.8752570544642,0,0,8.736502644041135,0.08088823844590087
2024-10-13 02:45:00+05:30,311.06141120271883,28.33333333333333,91.93333333333334,2,6,1,0,314.2250570544642,325.6480112027188,0,0,8.736502644041135,0.08088823844590087
2024-10-13 03:00:00+05:30,307.51097957912464,28.266666666666666,92.1,3,6,1,0,311.06141120271883,322.06577957912464,0,0,7.126510250531449,0.1378926843170436
2024-10-13 03:15:00+05:30,306.0003931513875,28.23333333333333,92.23333333333336,3,6,1,0,307.51097957912464,318.6187931513875,0,0,7.126510250531449,0.1378926843170436
2024-10-13 03:30:00+05:30,303.50137221167853,28.166666666666668,91.90000000000002,3,6,1,0,306.0003931513875,315.15157221167857,0,0,7.126510250531449,0.1378926843170436
2024-10-13 03:45:00+05:30,303.53272649815415,28.166666666666668,92.03333333333336,3,6,1,0,303.50137221167853,311.2783264981541,0,0,7.126510250531449,0.1378926843170436
2024-10-13 04:00:00+05:30,296.66626154490666,28.133333333333336,92.43333333333334,4,6,1,0,303.53272649815415,309.2846615449066,0,0,6.23322848066284,0.18455475868972093
2024-10-13 04:15:00+05:30,298.3631918712239,28.133333333333336,93.0,4,6,1,0,296.66626154490666,307.0451918712239,0,0,6.23322848066284,0.18455475868972093
2024-10-13 04:30:00+05:30,298.8858533151616,28.1,93.0,4,6,1,0,298.3631918712239,306.6632533151616,0,0,6.23322848066284,0.18455475868972093
2024-10-13 04:45:00+05:30,297.7240190406178,28.1,93.0,4,6,1,0,298.8858533151616,305.53321904061784,0,0,6.23322848066284,0.18455475868972093
2024-10-13 05:00:00+05:30,300.0680719691112,28.066666666666663,92.96666666666668,5,6,1,0,297.7240190406178,302.0680719691112,0,0,5.500681652090653,0.1603770500768218
2024-10-13 05:15:00+05:30,302.6199393010286,28.066666666666663,92.4,5,6,1,0,300.0680719691112,301.65173930102867,0,0,5.500681652090653,0.1603770500768218
2024-10-13 05:30:00+05:30,303.03800483282805,28.03333333333333,92.26666666666664,5,6,1,0,302.6199393010286,305.006204832828,0,0,5.500681652090653,0.1603770500768218
2024-10-13 05:45:00+05:30,305.6783061475212,28.0,92.73333333333336,5,6,1,0,303.03800483282805,305.74190614752126,0,0,5.500681652090653,0.1603770500768218
2024-10-13 06:00:00+05:30,304.12941938602535,28.066666666666663,92.93333333333332,6,6,1,0,305.6783061475212,310.00221938602533,0,0,4.292541893350264,0.24201345767070326
2024-10-13 06:15:00+05:30,308.36825853939627,28.03333333333333,92.93333333333332,6,6,1,0,304.12941938602535,309.36825853939627,0,0,4.292541893350264,0.24201345767070326
2024-10-13 06:30:00+05:30,306.4150309648147,28.066666666666663,92.90000000000002,6,6,1,0,308.36825853939627,309.3514309648148,0,0,4.292541893350264,0.24201345767070326
2024-10-13 06:45:00+05:30,307.58866538002104,28.166666666666668,92.73333333333336,6,6,1,0,306.4150309648147,311.46146538002114,0,0,4.292541893350264,0.24201345767070326
2024-10-13 07:00:00+05:30,312.0195351190539,28.33333333333333,92.43333333333334,7,6,1,0,307.58866538002104,316.92413511905386,0,0,3.389368785503099,0.4330498027050318
2024-10-13 07:15:00+05:30,315.3780141020796,28.566666666666663,91.96666666666664,7,6,1,0,312.0195351190539,318.3144141020795,0,0,3.389368785503099,0.4330498027050318
2024-10-13 07:30:00+05:30,319.7362884212084,28.899999999999995,90.63333333333333,7,6,1,0,315.3780141020796,320.70448842120845,0,0,3.389368785503099,0.4330498027050318
2024-10-13 07:45:00+05:30,322.2313536891165,29.1,89.43333333333334,7,6,1,0,319.7362884212084,325.1677536891165,0,0,3.389368785503099,0.4330498027050318
2024-10-13 08:00:00+05:30,329.1425332992836,29.666666666666668,87.33333333333333,8,6,1,0,322.2313536891165,334.0153332992836,0,0,4.0779365174337965,0.3948123018181323
2024-10-13 08:15:00+05:30,339.6104661224829,30.166666666666668,85.93333333333334,8,6,1,0,329.1425332992836,343.48326612248286,0,0,4.0779365174337965,0.3948123018181323
2024-10-13 08:30:00+05:30,346.8529866858336,30.8,83.53333333333335,8,6,1,0,339.6104661224829,351.7257866858336,0,0,4.0779365174337965,0.3948123018181323
2024-10-13 08:45:00+05:30,356.59768965850884,31.1,81.7,8,6,1,0,346.8529866858336,356.59768965850884,0,0,4.0779365174337965,0.3948123018181323
2024-10-13 09:00:00+05:30,362.87581731867294,31.46666666666667,80.16666666666667,9,6,1,1,356.59768965850884,364.84401731867297,0,0,3.4471376100258504,0.6884128340080709
2024-10-13 09:15:00+05:30,369.2817392423758,31.76666666666667,78.26666666666667,9,6,1,1,362.87581731867294,371.2181392423759,0,0,3.4471376100258504,0.6884128340080709
2024-10-13 09:30:00+05:30,376.6928343805448,32.03333333333333,76.46666666666667,9,6,1,1,369.2817392423758,380.5974343805448,0,0,3.4471376100258504,0.6884128340080709
2024-10-13 09:45:00+05:30,381.0954287153904,32.2,75.46666666666667,9,6,1,1,376.6928343805448,386.93642871539055,0,0,3.4471376100258504,0.6884128340080709
2024-10-13 10:00:00+05:30,385.54214064050245,32.166666666666664,74.83333333333333,10,6,1,1,381.0954287153904,392.3513406405026,0,0,2.0612993378596327,1.1028429520822007
2024-10-13 10:15:00+05:30,390.9012820821879,32.03333333333333,75.43333333333334,10,6,1,1,385.54214064050245,396.7104820821878,0,0,2.0612993378596327,1.1028429520822007
2024-10-13 10:30:00+05:30,396.0601561781152,32.36666666666667,74.46666666666665,10,6,1,1,390.9012820821879,397.99655617811527,0,0,2.0612993378596327,1.1028429520822007
2024-10-13 10:45:00+05:30,404.0326963860275,32.46666666666666,73.66666666666667,10,6,1,1,396.0601561781152,400.09629638602746,0,0,2.0612993378596327,1.1028429520822007
2024-10-13 11:00:00+05:30,405.6765072952701,32.56666666666667,73.13333333333333,11,6,1,1,404.0326963860275,405.6765072952701,0,0,1.0206730550620675,1.0847728983406804
2024-10-13 11:15:00+05:30,408.9744550807952,33.0,72.1,11,6,1,1,405.6765072952701,406.0380550807953,0,0,1.0206730550620675,1.0847728983406804
2024-10-13 11:30:00+05:30,409.9798118515562,33.36666666666667,70.46666666666667,11,6,1,1,408.9744550807952,408.9798118515562,0,0,1.0206730550620675,1.0847728983406804
2024-10-13 11:45:00+05:30,415.271992982431,33.5,70.5,11,6,1,1,409.9798118515562,411.3673929824311,0,0,1.0206730550620675,1.0847728983406804
2024-10-13 12:00:00+05:30,416.61105358675695,33.26666666666667,71.73333333333333,12,6,1,1,415.271992982431,411.77005358675694,0,0,2.2746353347992057,0.9203932179843796
2024-10-13 12:15:00+05:30,415.2372906743617,33.13333333333333,72.1,12,6,1,1,416.61105358675695,410.3644906743617,0,0,2.2746353347992057,0.9203932179843796
2024-10-13 12:30:00+05:30,415.6076989096628,33.43333333333334,71.3,12,6,1,1,415.2372906743617,411.7984989096627,0,0,2.2746353347992057,0.9203932179843796
2024-10-13 12:45:00+05:30,415.85204119358536,33.333333333333336,70.83333333333333,12,6,1,1,415.6076989096628,409.1064411935854,0,0,2.2746353347992057,0.9203932179843796
2024-10-13 13:00:00+05:30,414.6176370777837,33.46666666666667,72.3,13,6,1,1,415.85204119358536,407.80843707778376,0,0,4.660065875273532,1.0809034534407196
2024-10-13 13:15:00+05:30,412.7521858484045,33.4,72.0,13,6,1,1,414.6176370777837,407.8793858484044,0,0,4.660065875273532,1.0809034534407196
2024-10-13 13:30:00+05:30,415.7571366983829,33.6,72.26666666666667,13,6,1,1,412.7521858484045,407.0115366983829,0,0,4.660065875273532,1.0809034534407196
2024-10-13 13:45:00+05:30,417.2108067830602,33.7,71.0,13,6,1,1,415.7571366983829,407.4970067830602,0,0,4.660065875273532,1.0809034534407196
2024-10-13 14:00:00+05:30,419.6908829319361,33.56666666666667,71.66666666666667,14,6,1,1,417.2108067830602,407.0724829319362,0,0,7.680734244182991,1.6326746678879722
2024-10-13 14:15:00+05:30,418.8509856446731,33.6,71.73333333333333,14,6,1,1,419.6908829319361,406.29618564467296,0,0,7.680734244182991,1.6326746678879722
2024-10-13 14:30:00+05:30,419.3230979499897,33.6,71.9,14,6,1,1,418.8509856446731,405.7364979499897,0,0,7.680734244182991,1.6326746678879722
2024-10-13 14:45:00+05:30,418.02968600391023,33.36666666666667,72.63333333333334,14,6,1,1,419.3230979499897,406.41128600391016,0,0,7.680734244182991,1.6326746678879722
2024-10-13 15:00:00+05:30,418.72439740689,33.4,72.60000000000001,15,6,1,1,418.02968600391023,407.10599740689,0,0,8.262340089610356,1.5156550631020618
2024-10-13 15:15:00+05:30,420.135262685008,32.333333333333336,75.76666666666667,15,6,1,1,418.72439740689,405.6758626850079,0,0,8.262340089610356,1.5156550631020618
2024-10-13 15:30:00+05:30,422.5723268444752,31.666666666666668,78.23333333333333,15,6,1,1,420.135262685008,404.2401268444752,0,0,8.262340089610356,1.5156550631020618
2024-10-13 15:45:00+05:30,419.5917288411508,31.266666666666666,79.8,15,6,1,1,422.5723268444752,403.2277288411507,0,0,8.262340089610356,1.5156550631020618
2024-10-13 16:00:00+05:30,415.2180128214169,30.899999999999995,81.36666666666666,16,6,1,1,419.5917288411508,402.69501282141687,0,0,9.1910272937323,1.2057017392589264
2024-10-13 16:15:00+05:30,409.8572363240361,30.700000000000003,82.23333333333333,16,6,1,1,415.2180128214169,400.238836324036,0,0,9.1910272937323,1.2057017392589264
2024-10-13 16:30:00+05:30,405.41319425583606,30.600000000000005,82.7,16,6,1,1,409.8572363240361,396.7947942558361,0,0,9.1910272937323,1.2057017392589264
2024-10-13 16:45:00+05:30,401.0017091035261,30.46666666666667,83.26666666666667,16,6,1,1,405.41319425583606,391.3833091035261,0,0,9.1910272937323,1.2057017392589264
2024-10-13 17:00:00+05:30,399.83444879859553,30.4,83.66666666666667,17,6,1,1,401.0017091035261,390.1842487985955,0,0,7.663749198615025,0.7535027628526391
2024-10-13 17:15:00+05:30,398.0616155435271,30.366666666666664,84.26666666666667,17,6,1,1,399.83444879859553,387.4432155435271,0,0,7.663749198615025,0.7535027628526391
2024-10-13 17:30:00+05:30,398.9333852714656,30.366666666666664,84.23333333333333,17,6,1,1,398.0616155435271,388.3467852714655,0,0,7.663749198615025,0.7535027628526391
2024-10-13 17:45:00+05:30,401.3395476785495,30.366666666666664,84.63333333333334,17,6,1,1,398.9333852714656,386.8801476785494,0,0,7.663749198615025,0.7535027628526391
2024-10-13 18:00:00+05:30,401.7408632438942,30.33333333333333,84.53333333333333,18,6,1,0,401.3395476785495,389.1224632438941,0,0,4.758521579225232,0.5398490611436548
2024-10-13 18:15:00+05:30,405.04697355750704,30.23333333333333,84.76666666666667,18,6,1,0,401.7408632438942,393.4285735575072,0,0,4.758521579225232,0.5398490611436548
2024-10-13 18:30:00+05:30,408.7478381588776,30.133333333333336,85.33333333333333,18,6,1,0,405.04697355750704,397.1612381588775,0,0,4.758521579225232,0.5398490611436548
2024-10-13 18:45:00+05:30,409.9267605843877,30.23333333333333,85.89999999999999,18,6,1,0,408.7478381588776,398.3401605843876,0,0,4.758521579225232,0.5398490611436548
2024-10-13 19:00:00+05:30,409.205717001848,30.2,86.0,19,6,1,0,409.9267605843877,396.6509170018479,0,0,7.271858284480242,0.7964522305047017
2024-10-13 19:15:00+05:30,408.8518777199304,30.200000000000003,86.23333333333333,19,6,1,0,409.205717001848,396.2970777199303,0,0,7.271858284480242,0.7964522305047017
2024-10-13 19:30:00+05:30,407.2731938315013,29.9,85.96666666666665,19,6,1,0,408.8518777199304,395.6865938315013,0,0,7.271858284480242,0.7964522305047017
2024-10-13 19:45:00+05:30,404.8907585325264,28.666666666666668,90.5,19,6,1,0,407.2731938315013,393.30415853252646,0,0,7.271858284480242,0.7964522305047017
2024-10-13 20:00:00+05:30,402.8783288103776,28.366666666666664,91.46666666666664,20,6,1,0,404.8907585325264,392.2917288103776,0,0,7.4682959677178244,0.7083492559456792
2024-10-13 20:15:00+05:30,399.2166168201735,28.366666666666664,92.0,20,6,1,0,402.8783288103776,388.6300168201734,0,0,7.4682959677178244,0.7083492559456792
2024-10-13 20:30:00+05:30,397.4267465270125,28.4,92.33333333333331,20,6,1,0,399.2166168201735,386.8401465270125,0,0,7.4682959677178244,0.7083492559456792
2024-10-13 20:45:00+05:30,392.1171772809212,28.399999999999995,90.73333333333332,20,6,1,0,397.4267465270125,386.3397772809213,0,0,7.4682959677178244,0.7083492559456792
2024-10-13 21:00:00+05:30,388.78542181588864,28.23333333333333,90.8,21,6,1,0,392.1171772809212,383.9126218158886,0,0,8.047314004755947,0.6135525127194714
2024-10-13 21:15:00+05:30,388.8590674432217,28.1,91.36666666666667,21,6,1,0,388.78542181588864,381.0498674432215,0,0,8.047314004755947,0.6135525127194714
2024-10-13 21:30:00+05:30,389.2200043381361,27.933333333333337,90.96666666666664,21,6,1,0,388.8590674432217,379.47440433813614,0,0,8.047314004755947,0.6135525127194714
2024-10-13 21:45:00+05:30,389.5763021453855,27.633333333333336,91.13333333333333,21,6,1,0,389.2200043381361,377.8625021453856,0,0,8.047314004755947,0.6135525127194714
2024-10-13 22:00:00+05:30,383.6550126089994,27.2,92.73333333333332,22,6,1,0,389.5763021453855,375.8458126089994,0,0,9.377234470070356,0.6680040964316557
2024-10-13 22:15:00+05:30,380.147632304543,26.933333333333337,93.06666666666666,22,6,1,0,383.6550126089994,372.3702323045429,0,0,9.377234470070356,0.6680040964316557
2024-10-13 22:30:00+05:30,377.3328964026903,26.8,93.09999999999998,22,6,1,0,380.147632304543,371.4918964026904,0,0,9.377234470070356,0.6680040964316557
2024-10-13 22:45:00+05:30,373.5406621085325,26.86666666666667,93.26666666666664,22,6,1,0,377.3328964026903,369.6678621085325,0,0,9.377234470070356,0.6680040964316557
2024-10-13 23:00:00+05:30,367.40899979564847,26.866666666666664,93.53333333333336,23,6,1,0,373.5406621085325,366.40899979564847,0,0,10.615258834542416,0.8386761945526492
2024-10-13 23:15:00+05:30,363.4115264067464,26.83333333333333,93.76666666666664,23,6,1,0,367.40899979564847,364.4115264067464,0,0,10.615258834542416,0.8386761945526492
2024-10-13 23:30:00+05:30,358.2406812270142,26.766666666666666,94.03333333333336,23,6,1,0,363.4115264067464,361.1134812270142,0,0,10.615258834542416,0.8386761945526492
2024-10-13 23:45:00+05:30,363.3814650230831,26.73333333333333,93.86666666666667,23,6,1,0,358.2406812270142,359.158865023083,0,0,10.615258834542416,0.8386761945526492
2024-10-14 00:00:00+05:30,349.0,28.46666666666667,91.33333333333331,0,0,0,0,363.3814650230831,353.6407035680546,0,0,10.821030164864855,0.09594533623790569
2024-10-14 00:15:00+05:30,345.0,28.366666666666664,91.46666666666664,0,0,0,0,349.0,351.0469615345746,0,0,10.821030164864855,0.09594533623790569
2024-10-14 00:30:00+05:30,341.0,28.46666666666667,91.7,0,0,0,0,345.0,347.3691839210884,0,0,10.821030164864855,0.09594533623790569
2024-10-14 00:45:00+05:30,335.0,28.46666666666667,91.7,0,0,0,0,341.0,341.931514348758,0,0,10.821030164864855,0.09594533623790569
2024-10-14 01:00:00+05:30,327.0,28.433333333333337,91.63333333333333,1,0,0,0,335.0,337.73133012858125,0,0,9.728100754378737,-0.03336421712728943
2024-10-14 01:15:00+05:30,321.0,28.433333333333337,91.73333333333332,1,0,0,0,327.0,331.70625470952075,0,0,9.728100754378737,-0.03336421712728943
2024-10-14 01:30:00+05:30,318.0,28.433333333333337,91.83333333333331,1,0,0,0,321.0,329.1189506828488,0,0,9.728100754378737,-0.03336421712728943
2024-10-14 01:45:00+05:30,315.0,28.4,91.86666666666667,1,0,0,0,318.0,323.3694719704905,0,0,9.728100754378737,-0.03336421712728943
2024-10-14 02:00:00+05:30,312.0,28.366666666666664,92.1,2,0,0,0,315.0,319.317059868974,0,0,8.484637707535343,-0.001367850315744823
2024-10-14 02:15:00+05:30,309.0,28.366666666666664,91.93333333333334,2,0,0,0,312.0,317.42530901420446,0,0,8.484637707535343,-0.001367850315744823
2024-10-14 02:30:00+05:30,307.0,28.33333333333333,92.06666666666666,2,0,0,0,309.0,314.2250570544642,0,0,8.484637707535343,-0.001367850315744823
2024-10-14 02:45:00+05:30,303.0,28.33333333333333,91.93333333333334,2,0,0,0,307.0,311.06141120271883,0,0,8.484637707535343,-0.001367850315744823
2024-10-14 03:00:00+05:30,303.0,28.266666666666666,92.1,3,0,0,0,303.0,307.51097957912464,0,0,7.607119538689619,-0.06004878179214801
2024-10-14 03:15:00+05:30,301.0,28.23333333333333,92.23333333333336,3,0,0,0,303.0,306.0003931513875,0,0,7.607119538689619,-0.06004878179214801
2024-10-14 03:30:00+05:30,300.0,28.166666666666668,91.90000000000002,3,0,0,0,301.0,303.50137221167853,0,0,7.607119538689619,-0.06004878179214801
2024-10-14 03:45:00+05:30,299.0,28.166666666666668,92.03333333333336,3,0,0,0,300.0,303.53272649815415,0,0,7.607119538689619,-0.06004878179214801
2024-10-14 04:00:00+05:30,301.0,28.133333333333336,92.43333333333334,4,0,0,0,299.0,296.66626154490666,0,0,6.594267060678064,0.008427398213465498
2024-10-14 04:15:00+05:30,299.0,28.133333333333336,93.0,4,0,0,0,301.0,298.3631918712239,0,0,6.594267060678064,0.008427398213465498
2024-10-14 04:30:00+05:30,299.0,28.1,93.0,4,0,0,0,299.0,298.8858533151616,0,0,6.594267060678064,0.008427398213465498
2024-10-14 04:45:00+05:30,300.0,28.1,93.0,4,0,0,0,299.0,297.7240190406178,0,0,6.594267060678064,0.008427398213465498
2024-10-14 05:00:00+05:30,301.0,28.066666666666663,92.96666666666668,5,0,0,0,300.0,300.0680719691112,0,0,5.279257902398529,0.10435750043793113
2024-10-14 05:15:00+05:30,307.0,28.066666666666663,92.4,5,0,0,0,301.0,302.6199393010286,0,0,5.279257902398529,0.10435750043793113
2024-10-14 05:30:00+05:30,311.0,28.03333333333333,92.26666666666664,5,0,0,0,307.0,303.03800483282805,0,0,5.279257902398529,0.10435750043793113
2024-10-14 05:45:00+05:30,315.0,28.0,92.73333333333336,5,0,0,0,311.0,305.6783061475212,0,0,5.279257902398529,0.10435750043793113
2024-10-14 06:00:00+05:30,324.0,28.066666666666663,92.93333333333332,6,0,0,0,315.0,304.12941938602535,0,0,4.311530887041023,0.35531410580184186
2024-10-14 06:15:00+05:30,331.0,28.03333333333333,92.93333333333332,6,0,0,0,324.0,308.36825853939627,0,0,4.311530887041023,0.35531410580184186
2024-10-14 06:30:00+05:30,343.0,28.066666666666663,92.90000000000002,6,0,0,0,331.0,306.4150309648147,0,0,4.311530887041023,0.35531410580184186
2024-10-14 06:45:00+05:30,357.0,28.166666666666668,92.73333333333336,6,0,0,0,343.0,307.58866538002104,0,0,4.311530887041023,0.35531410580184186
2024-10-14 07:00:00+05:30,369.0,28.33333333333333,92.43333333333334,7,0,0,0,357.0,312.0195351190539,0,0,5.499185953045883,0.4537110737780554
2024-10-14 07:15:00+05:30,385.0,28.566666666666663,91.96666666666664,7,0,0,0,369.0,315.3780141020796,0,0,5.499185953045883,0.4537110737780554
2024-10-14 07:30:00+05:30,402.0,28.899999999999995,90.63333333333333,7,0,0,0,385.0,319.7362884212084,0,0,5.499185953045883,0.4537110737780554
2024-10-14 07:45:00+05:30,419.0,29.1,89.43333333333334,7,0,0,0,402.0,322.2313536891165,0,0,5.499185953045883,0.4537110737780554
2024-10-14 08:00:00+05:30,444.0,29.666666666666668,87.33333333333333,8,0,0,0,419.0,329.1425332992836,0,0,8.459706391374313,0.5709639278196643
2024-10-14 08:15:00+05:30,466.0,30.166666666666668,85.93333333333334,8,0,0,0,444.0,339.6104661224829,0,0,8.459706391374313,0.5709639278196643
2024-10-14 08:30:00+05:30,485.0,30.8,83.53333333333335,8,0,0,0,466.0,346.8529866858336,0,0,8.459706391374313,0.5709639278196643
2024-10-14 08:45:00+05:30,502.0,31.1,81.7,8,0,0,0,485.0,356.59768965850884,0,0,8.459706391374313,0.5709639278196643
2024-10-14 09:00:00+05:30,515.0,31.46666666666667,80.16666666666667,9,0,0,1,502.0,362.87581731867294,0,0,7.468916508257824,1.776913993434797
2024-10-14 09:15:00+05:30,529.0,31.76666666666667,78.26666666666667,9,0,0,1,515.0,369.2817392423758,0,0,7.468916508257824,1.776913993434797
2024-10-14 09:30:00+05:30,543.0,32.03333333333333,76.46666666666667,9,0,0,1,529.0,376.6928343805448,0,0,7.468916508257824,1.776913993434797
2024-10-14 09:45:00+05:30,552.0,32.2,75.46666666666667,9,0,0,1,543.0,381.0954287153904,0,0,7.468916508257824,1.776913993434797
2024-10-14 10:00:00+05:30,560.0,32.166666666666664,74.83333333333333,10,0,0,1,552.0,385.54214064050245,0,0,7.176660943313998,1.959443809088301
2024-10-14 10:15:00+05:30,566.0,32.03333333333333,75.43333333333334,10,0,0,1,560.0,390.9012820821879,0,0,7.176660943313998,1.959443809088301
2024-10-14 10:30:00+05:30,573.0,32.36666666666667,74.46666666666665,10,0,0,1,566.0,396.0601561781152,0,0,7.176660943313998,1.959443809088301
2024-10-14 10:45:00+05:30,575.0,32.46666666666666,73.66666666666667,10,0,0,1,573.0,404.0326963860275,0,0,7.176660943313998,1.959443809088301
2024-10-14 11:00:00+05:30,581.0,32.56666666666667,73.13333333333333,11,0,0,1,575.0,405.6765072952701,0,0,7.922475529678865,1.905498851423404
2024-10-14 11:15:00+05:30,583.0,33.0,72.1,11,0,0,1,581.0,408.9744550807952,0,0,7.922475529678865,1.905498851423404
2024-10-14 11:30:00+05:30,581.0,33.36666666666667,70.46666666666667,11,0,0,1,583.0,409.9798118515562,0,0,7.922475529678865,1.905498851423404
2024-10-14 11:45:00+05:30,581.0,33.5,70.5,11,0,0,1,581.0,415.271992982431,0,0,7.922475529678865,1.905498851423404
2024-10-14 12:00:00+05:30,583.0,33.26666666666667,71.73333333333333,12,0,0,1,581.0,416.61105358675695,0,0,8.194346391416534,1.8296017411002858
2024-10-14 12:15:00+05:30,584.0,33.13333333333333,72.1,12,0,0,1,583.0,415.2372906743617,0,0,8.194346391416534,1.8296017411002858
2024-10-14 12:30:00+05:30,581.0,33.43333333333334,71.3,12,0,0,1,584.0,415.6076989096628,0,0,8.194346391416534,1.8296017411002858
2024-10-14 12:45:00+05:30,583.0,33.333333333333336,70.83333333333333,12,0,0,1,581.0,415.85204119358536,0,0,8.194346391416534,1.8296017411002858
2024-10-14 13:00:00+05:30,580.0,33.46666666666667,72.3,13,0,0,1,583.0,414.6176370777837,0,0,7.466115020642604,1.781152913482967
2024-10-14 13:15:00+05:30,577.0,33.4,72.0,13,0,0,1,580.0,412.7521858484045,0,0,7.466115020642604,1.781152913482967
2024-10-14 13:30:00+05:30,577.0,33.6,72.26666666666667,13,0,0,1,577.0,415.7571366983829,0,0,7.466115020642604,1.781152913482967
2024-10-14 13:45:00+05:30,579.0,33.7,71.0,13,0,0,1,577.0,417.2108067830602,0,0,7.466115020642604,1.781152913482967
2024-10-14 14:00:00+05:30,581.0,33.56666666666667,71.66666666666667,14,0,0,1,579.0,419.6908829319361,0,0,7.453520252664822,1.8810727851227305
2024-10-14 14:15:00+05:30,585.0,33.6,71.73333333333333,14,0,0,1,581.0,418.8509856446731,0,0,7.453520252664822,1.8810727851227305
2024-10-14 14:30:00+05:30,589.0,33.6,71.9,14,0,0,1,585.0,419.3230979499897,0,0,7.453520252664822,1.8810727851227305
2024-10-14 14:45:00+05:30,590.0,33.36666666666667,72.63333333333334,14,0,0,1,589.0,418.02968600391023,0,0,7.453520252664822,1.8810727851227305
2024-10-14 15:00:00+05:30,589.0,33.4,72.60000000000001,15,0,0,1,590.0,418.72439740689,0,0,7.614608640955644,1.8795749299968296
2024-10-14 15:15:00+05:30,589.0,32.333333333333336,75.76666666666667,15,0,0,1,589.0,420.135262685008,0,0,7.614608640955644,1.8795749299968296
2024-10-14 15:30:00+05:30,586.0,31.666666666666668,78.23333333333333,15,0,0,1,589.0,422.5723268444752,0,0,7.614608640955644,1.8795749299968296
2024-10-14 15:45:00+05:30,582.0,31.266666666666666,79.8,15,0,0,1,586.0,419.5917288411508,0,0,7.614608640955644,1.8795749299968296
2024-10-14 16:00:00+05:30,578.0,30.899999999999995,81.36666666666666,16,0,0,1,582.0,415.2180128214169,0,0,8.928003783814992,1.63470214174834
2024-10-14 16:15:00+05:30,579.0,30.700000000000003,82.23333333333333,16,0,0,1,578.0,409.8572363240361,0,0,8.928003783814992,1.63470214174834
2024-10-14 16:30:00+05:30,566.0,30.600000000000005,82.7,16,0,0,1,579.0,405.41319425583606,0,0,8.928003783814992,1.63470214174834
2024-10-14 16:45:00+05:30,563.0,30.46666666666667,83.26666666666667,16,0,0,1,566.0,401.0017091035261,0,0,8.928003783814992,1.63470214174834
2024-10-14 17:00:00+05:30,560.0,30.4,83.66666666666667,17,0,0,1,563.0,399.83444879859553,0,0,9.832269406100862,1.3066312424333932
2024-10-14 17:15:00+05:30,555.0,30.366666666666664,84.26666666666667,17,0,0,1,560.0,398.0616155435271,0,0,9.832269406100862,1.3066312424333932
2024-10-14 17:30:00+05:30,542.0,30.366666666666664,84.23333333333333,17,0,0,1,555.0,398.9333852714656,0,0,9.832269406100862,1.3066312424333932
2024-10-14 17:45:00+05:30,531.0,30.366666666666664,84.63333333333334,17,0,0,1,542.0,401.3395476785495,0,0,9.832269406100862,1.3066312424333932
2024-10-14 18:00:00+05:30,515.0,30.33333333333333,84.53333333333333,18,0,0,0,531.0,401.7408632438942,0,0,10.294210660754121,0.797082883851726
2024-10-14 18:15:00+05:30,507.0,30.23333333333333,84.76666666666667,18,0,0,0,515.0,405.04697355750704,0,0,10.294210660754121,0.797082883851726
2024-10-14 18:30:00+05:30,499.0,30.133333333333336,85.33333333333333,18,0,0,0,507.0,408.7478381588776,0,0,10.294210660754121,0.797082883851726
2024-10-14 18:45:00+05:30,489.0,30.23333333333333,85.89999999999999,18,0,0,0,499.0,409.9267605843877,0,0,10.294210660754121,0.797082883851726
2024-10-14 19:00:00+05:30,479.0,30.2,86.0,19,0,0,0,489.0,409.205717001848,0,0,10.813310868605901,0.8196688281600798
2024-10-14 19:15:00+05:30,471.0,30.200000000000003,86.23333333333333,19,0,0,0,479.0,408.8518777199304,0,0,10.813310868605901,0.8196688281600798
2024-10-14 19:30:00+05:30,461.0,29.9,85.96666666666665,19,0,0,0,471.0,407.2731938315013,0,0,10.813310868605901,0.8196688281600798
2024-10-14 19:45:00+05:30,452.0,28.666666666666668,90.5,19,0,0,0,461.0,404.8907585325264,0,0,10.813310868605901,0.8196688281600798
2024-10-14 20:00:00+05:30,445.0,28.366666666666664,91.46666666666664,20,0,0,0,452.0,402.8783288103776,0,0,10.193366449690611,0.84334742214611
2024-10-14 20:15:00+05:30,439.0,28.366666666666664,92.0,20,0,0,0,445.0,399.2166168201735,0,0,10.193366449690611,0.84334742214611
2024-10-14 20:30:00+05:30,432.0,28.4,92.33333333333331,20,0,0,0,439.0,397.4267465270125,0,0,10.193366449690611,0.84334742214611
2024-10-14 20:45:00+05:30,426.0,28.399999999999995,90.73333333333332,20,0,0,0,432.0,392.1171772809212,0,0,10.193366449690611,0.84334742214611
2024-10-14 21:00:00+05:30,422.0,28.23333333333333,90.8,21,0,0,0,426.0,388.78542181588864,0,0,8.774792195189448,0.7521888831997796
2024-10-14 21:15:00+05:30,418.0,28.1,91.36666666666667,21,0,0,0,422.0,388.8590674432217,0,0,8.774792195189448,0.7521888831997796
2024-10-14 21:30:00+05:30,411.0,27.933333333333337,90.96666666666664,21,0,0,0,418.0,389.2200043381361,0,0,8.774792195189448,0.7521888831997796
2024-10-14 21:45:00+05:30,411.0,27.633333333333336,91.13333333333333,21,0,0,0,411.0,389.5763021453855,0,0,8.774792195189448,0.7521888831997796
2024-10-14 22:00:00+05:30,403.0,27.2,92.73333333333332,22,0,0,0,411.0,383.6550126089994,0,0,9.389172121610137,0.7252749896297948
2024-10-14 22:15:00+05:30,396.0,26.933333333333337,93.06666666666666,22,0,0,0,403.0,380.147632304543,0,0,9.389172121610137,0.7252749896297948
2024-10-14 22:30:00+05:30,393.0,26.8,93.09999999999998,22,0,0,0,396.0,377.3328964026903,0,0,9.389172121610137,0.7252749896297948
2024-10-14 22:45:00+05:30,386.0,26.86666666666667,93.26666666666664,22,0,0,0,393.0,373.5406621085325,0,0,9.389172121610137,0.7252749896297948
2024-10-14 23:00:00+05:30,382.0,26.866666666666664,93.53333333333336,23,0,0,0,386.0,367.40899979564847,0,0,10.314981635691288,0.7718909870937027
2024-10-14 23:15:00+05:30,376.0,26.83333333333333,93.76666666666664,23,0,0,0,382.0,363.4115264067464,0,0,10.314981635691288,0.7718909870937027
2024-10-14 23:30:00+05:30,370.0,26.766666666666666,94.03333333333336,23,0,0,0,376.0,358.2406812270142,0,0,10.314981635691288,0.7718909870937027
2024-10-14 23:45:00+05:30,366.0,26.73333333333333,93.86666666666667,23,0,0,0,370.0,363.3814650230831,0,0,10.314981635691288,0.7718909870937027
2024-10-15 00:00:00+05:30,359.8247314922546,27.4,88.43333333,0,1,0,0,366.0,349.0,0,0,10.821030164864855,0.09594533623790569
2024-10-15 00:15:00+05:30,354.55478400277457,27.4,88.2,0,1,0,0,359.8247314922546,345.0,0,0,10.821030164864855,0.09594533623790569
2024-10-15 00:30:00+05:30,349.4129118792884,27.4,89.0,0,1,0,0,354.55478400277457,341.0,0,0,10.821030164864855,0.09594533623790569
2024-10-15 00:45:00+05:30,343.70243754035795,27.36666667,89.53333333,0,1,0,0,349.4129118792884,335.0,0,0,10.821030164864855,0.09594533623790569
2024-10-15 01:00:00+05:30,337.6029452463812,27.23333333,90.03333333,1,1,0,0,343.70243754035795,327.0,0,0,9.728100754378737,-0.03336421712728943
2024-10-15 01:15:00+05:30,333.6379896317208,27.2,90.5,1,1,0,0,337.6029452463812,321.0,0,0,9.728100754378737,-0.03336421712728943
2024-10-15 01:30:00+05:30,330.1489992874488,27.2,90.7,1,1,0,0,333.6379896317208,318.0,0,0,9.728100754378737,-0.03336421712728943
2024-10-15 01:45:00+05:30,325.91335010229045,27.2,91.0,1,1,0,0,330.1489992874488,315.0,0,0,9.728100754378737,-0.03336421712728943
2024-10-15 02:00:00+05:30,322.81497501117394,27.23333333,90.93333333,2,1,0,0,325.91335010229045,312.0,0,0,8.484637707535343,-0.001367850315744823
2024-10-15 02:15:00+05:30,321.6986527550045,27.23333333,90.8,2,1,0,0,322.81497501117394,309.0,0,0,8.484637707535343,-0.001367850315744823
2024-10-15 02:30:00+05:30,320.1594476294641,27.2,91.1,2,1,0,0,321.6986527550045,307.0,0,0,8.484637707535343,-0.001367850315744823
2024-10-15 02:45:00+05:30,317.5493342749188,27.1,91.53333333,2,1,0,0,320.1594476294641,303.0,0,0,8.484637707535343,-0.001367850315744823
2024-10-15 03:00:00+05:30,314.12644884932456,27.06666667,91.96666667,3,1,0,0,317.5493342749188,303.0,0,0,7.607119538689619,-0.06004878179214801
2024-10-15 03:15:00+05:30,312.92159816158755,27.0,91.7,3,1,0,0,314.12644884932456,301.0,0,0,7.607119538689619,-0.06004878179214801
2024-10-15 03:30:00+05:30,309.9568963964786,27.03333333,91.73333333,3,1,0,0,312.92159816158755,300.0,0,0,7.607119538689619,-0.06004878179214801
2024-10-15 03:45:00+05:30,307.89299343855413,27.03333333,91.66666667,3,1,0,0,309.9568963964786,299.0,0,0,7.607119538689619,-0.06004878179214801
2024-10-15 04:00:00+05:30,305.4404135455066,27.0,91.63333333,4,1,0,0,307.89299343855413,301.0,0,0,6.594267060678064,0.008427398213465498
2024-10-15 04:15:00+05:30,304.9233027658239,26.93333333,91.93333333,4,1,0,0,305.4404135455066,299.0,0,0,6.594267060678064,0.008427398213465498
2024-10-15 04:30:00+05:30,305.1933145041617,26.83333333,92.26666667,4,1,0,0,304.9233027658239,299.0,0,0,6.594267060678064,0.008427398213465498
2024-10-15 04:45:00+05:30,307.77144315401773,26.83333333,92.4,4,1,0,0,305.1933145041617,300.0,0,0,6.594267060678064,0.008427398213465498
2024-10-15 05:00:00+05:30,306.9927830667113,26.83333333,92.43333333,5,1,0,0,307.77144315401773,301.0,0,0,5.279257902398529,0.10435750043793113
2024-10-15 05:15:00+05:30,307.9157925002286,26.86666667,92.7,5,1,0,0,306.9927830667113,307.0,0,0,5.279257902398529,0.10435750043793113
2024-10-15 05:30:00+05:30,312.80508401102804,26.76666667,92.76666667,5,1,0,0,307.9157925002286,311.0,0,0,5.279257902398529,0.10435750043793113
2024-10-15 05:45:00+05:30,318.24139386012126,26.8,93.03333333,5,1,0,0,312.80508401102804,315.0,0,0,5.279257902398529,0.10435750043793113
2024-10-15 06:00:00+05:30,326.7065084022254,26.76666667,93.1,6,1,0,0,318.24139386012126,324.0,0,0,4.311530887041023,0.35531410580184186
2024-10-15 06:15:00+05:30,334.1649037307962,26.8,92.46666667,6,1,0,0,326.7065084022254,331.0,0,0,4.311530887041023,0.35531410580184186
2024-10-15 06:30:00+05:30,342.9195808764146,26.8,92.36666667,6,1,0,0,334.1649037307962,343.0,0,0,4.311530887041023,0.35531410580184186
2024-10-15 06:45:00+05:30,357.90231806622114,26.86666667,91.53333333,6,1,0,0,342.9195808764146,357.0,0,0,4.311530887041023,0.35531410580184186
2024-10-15 07:00:00+05:30,367.2135447500539,26.9,91.43333333,7,1,0,0,357.90231806622114,369.0,0,0,5.499185953045883,0.4537110737780554
2024-10-15 07:15:00+05:30,382.47096076927954,27.06666667,91.0,7,1,0,0,367.2135447500539,385.0,0,0,5.499185953045883,0.4537110737780554
2024-10-15 07:30:00+05:30,399.63584458040856,27.4,90.06666667,7,1,0,0,382.47096076927954,402.0,0,0,5.499185953045883,0.4537110737780554
2024-10-15 07:45:00+05:30,418.8727629427164,27.63333333,88.53333333,7,1,0,0,399.63584458040856,419.0,0,0,5.499185953045883,0.4537110737780554
2024-10-15 08:00:00+05:30,442.5917328620837,27.93333333,87.9,8,1,0,0,418.8727629427164,444.0,0,0,8.459706391374313,0.5709639278196643
2024-10-15 08:15:00+05:30,460.0927015704829,28.3,86.9,8,1,0,0,442.5917328620837,466.0,0,0,8.459706391374313,0.5709639278196643
2024-10-15 08:30:00+05:30,477.88758292683343,28.76666667,84.96666667,8,1,0,0,460.0927015704829,485.0,0,0,8.459706391374313,0.5709639278196643
2024-10-15 08:45:00+05:30,493.1535454677086,29.0,84.23333333,8,1,0,0,477.88758292683343,502.0,0,0,8.459706391374313,0.5709639278196643
2024-10-15 09:00:00+05:30,515.6939639682728,29.13333333,83.43333333,9,1,0,1,493.1535454677086,515.0,0,0,7.468916508257824,1.776913993434797
2024-10-15 09:15:00+05:30,523.5920642139758,29.2,83.0,9,1,0,1,515.6939639682728,529.0,0,0,7.468916508257824,1.776913993434797
2024-10-15 09:30:00+05:30,533.5076722701448,29.23333333,83.43333333,9,1,0,1,523.5920642139758,543.0,0,0,7.468916508257824,1.776913993434797
2024-10-15 09:45:00+05:30,545.5578741865904,29.6,82.56666667,9,1,0,1,533.5076722701448,552.0,0,0,7.468916508257824,1.776913993434797
2024-10-15 10:00:00+05:30,552.3215511237025,29.73333333,82.03333333,10,1,0,1,545.5578741865904,560.0,0,0,7.176660943313998,1.959443809088301
2024-10-15 10:15:00+05:30,558.254297686588,30.0,80.03333333,10,1,0,1,552.3215511237025,566.0,0,0,7.176660943313998,1.959443809088301
2024-10-15 10:30:00+05:30,562.951891038115,30.4,78.6,10,1,0,1,558.254297686588,573.0,0,0,7.176660943313998,1.959443809088301
2024-10-15 10:45:00+05:30,565.3889629832275,30.7,77.6,10,1,0,1,562.951891038115,575.0,0,0,7.176660943313998,1.959443809088301
2024-10-15 11:00:00+05:30,565.0926437394701,31.2,76.46666667,11,1,0,1,565.3889629832275,581.0,0,0,7.922475529678865,1.905498851423404
2024-10-15 11:15:00+05:30,564.2663050067952,31.8,75.16666667,11,1,0,1,565.0926437394701,583.0,0,0,7.922475529678865,1.905498851423404
2024-10-15 11:30:00+05:30,561.1529257267563,31.96666667,73.8,11,1,0,1,564.2663050067952,581.0,0,0,7.922475529678865,1.905498851423404
2024-10-15 11:45:00+05:30,559.5635330886311,31.5,75.76666667,11,1,0,1,561.1529257267563,581.0,0,0,7.922475529678865,1.905498851423404
2024-10-15 12:00:00+05:30,562.112871047957,31.6,74.5,12,1,0,1,559.5635330886311,583.0,0,0,8.194346391416534,1.8296017411002858
2024-10-15 12:15:00+05:30,564.4585412813616,32.1,72.4,12,1,0,1,562.112871047957,584.0,0,0,8.194346391416534,1.8296017411002858
2024-10-15 12:30:00+05:30,561.8230785230628,32.43333333,72.26666667,12,1,0,1,564.4585412813616,581.0,0,0,8.194346391416534,1.8296017411002858
2024-10-15 12:45:00+05:30,560.7168091049854,32.2,72.9,12,1,0,1,561.8230785230628,583.0,0,0,8.194346391416534,1.8296017411002858
2024-10-15 13:00:00+05:30,560.2596122549837,32.23333333,72.43333333,13,1,0,1,560.7168091049854,580.0,0,0,7.466115020642604,1.781152913482967
2024-10-15 13:15:00+05:30,555.7754377294045,32.53333333,72.06666667,13,1,0,1,560.2596122549837,577.0,0,0,7.466115020642604,1.781152913482967
2024-10-15 13:30:00+05:30,552.2970562565829,32.76666667,70.5,13,1,0,1,555.7754377294045,577.0,0,0,7.466115020642604,1.781152913482967
2024-10-15 13:45:00+05:30,555.7185661002602,32.6,70.66666667,13,1,0,1,552.2970562565829,579.0,0,0,7.466115020642604,1.781152913482967
2024-10-15 14:00:00+05:30,564.4986598027361,32.26666667,72.06666667,14,1,0,1,555.7185661002602,581.0,0,0,7.453520252664822,1.8810727851227305
2024-10-15 14:15:00+05:30,567.8112791488732,32.06666667,73.73333333,14,1,0,1,564.4986598027361,585.0,0,0,7.453520252664822,1.8810727851227305
2024-10-15 14:30:00+05:30,570.2561532313897,31.9,73.9,14,1,0,1,567.8112791488732,589.0,0,0,7.453520252664822,1.8810727851227305
2024-10-15 14:45:00+05:30,566.83237145551,31.93333333,73.83333333,14,1,0,1,570.2561532313897,590.0,0,0,7.453520252664822,1.8810727851227305
2024-10-15 15:00:00+05:30,565.1558147608902,32.06666667,73.73333333,15,1,0,1,566.83237145551,589.0,0,0,7.614608640955644,1.8795749299968296
2024-10-15 15:15:00+05:30,562.3066155070078,32.3,73.83333333,15,1,0,1,565.1558147608902,589.0,0,0,7.614608640955644,1.8795749299968296
2024-10-15 15:30:00+05:30,561.3059083818753,32.5,72.2,15,1,0,1,562.3066155070078,586.0,0,0,7.614608640955644,1.8795749299968296
2024-10-15 15:45:00+05:30,561.3232514039507,31.93333333,74.3,15,1,0,1,561.3059083818753,582.0,0,0,7.614608640955644,1.8795749299968296
2024-10-15 16:00:00+05:30,563.521576135817,32.33333333,73.76666667,16,1,0,1,561.3232514039507,578.0,0,0,8.928003783814992,1.63470214174834
2024-10-15 16:15:00+05:30,558.6387231198361,31.8,75.13333333,16,1,0,1,563.521576135817,579.0,0,0,8.928003783814992,1.63470214174834
2024-10-15 16:30:00+05:30,554.331068209436,31.66666667,74.6,16,1,0,1,558.6387231198361,566.0,0,0,8.928003783814992,1.63470214174834
2024-10-15 16:45:00+05:30,549.0164102891263,31.26666667,76.13333333,16,1,0,1,554.331068209436,563.0,0,0,8.928003783814992,1.63470214174834
2024-10-15 17:00:00+05:30,547.9746634101956,31.0,77.63333333,17,1,0,1,549.0164102891263,560.0,0,0,9.832269406100862,1.3066312424333932
2024-10-15 17:15:00+05:30,539.1851157281268,30.83333333,78.6,17,1,0,1,547.9746634101956,555.0,0,0,9.832269406100862,1.3066312424333932
2024-10-15 17:30:00+05:30,532.9209398246654,30.6,80.06666667,17,1,0,1,539.1851157281268,542.0,0,0,9.832269406100862,1.3066312424333932
2024-10-15 17:45:00+05:30,525.5905513105494,30.6,80.93333333,17,1,0,1,532.9209398246654,531.0,0,0,9.832269406100862,1.3066312424333932
2024-10-15 18:00:00+05:30,517.478470819694,30.5,81.93333333,18,1,0,0,525.5905513105494,515.0,0,0,10.294210660754121,0.797082883851726
2024-10-15 18:15:00+05:30,515.0242038157071,30.36666667,82.56666667,18,1,0,0,517.478470819694,507.0,0,0,10.294210660754121,0.797082883851726
2024-10-15 18:30:00+05:30,511.3085393146776,30.13333333,82.3,18,1,0,0,515.0242038157071,499.0,0,0,10.294210660754121,0.797082883851726
2024-10-15 18:45:00+05:30,504.7885606161877,29.86666667,83.7,18,1,0,0,511.3085393146776,489.0,0,0,10.294210660754121,0.797082883851726
2024-10-15 19:00:00+05:30,497.425252314248,29.53333333,84.63333333,19,1,0,0,504.7885606161877,479.0,0,0,10.813310868605901,0.8196688281600798
2024-10-15 19:15:00+05:30,486.4666240047302,29.23333333,85.23333333,19,1,0,0,497.425252314248,471.0,0,0,10.813310868605901,0.8196688281600798
2024-10-15 19:30:00+05:30,475.8244609631013,29.13333333,87.03333333,19,1,0,0,486.4666240047302,461.0,0,0,10.813310868605901,0.8196688281600798
2024-10-15 19:45:00+05:30,466.5412561523265,28.9,88.4,19,1,0,0,475.8244609631013,452.0,0,0,10.813310868605901,0.8196688281600798
2024-10-15 20:00:00+05:30,455.9703307895776,28.8,88.26666667,20,1,0,0,466.5412561523265,445.0,0,0,10.193366449690611,0.84334742214611
2024-10-15 20:15:00+05:30,450.5777578121734,28.5,88.73333333,20,1,0,0,455.9703307895776,439.0,0,0,10.193366449690611,0.84334742214611
2024-10-15 20:30:00+05:30,441.9394975198124,28.36666667,89.83333333,20,1,0,0,450.5777578121734,432.0,0,0,10.193366449690611,0.84334742214611
2024-10-15 20:45:00+05:30,434.2938639737211,28.36666667,90.86666667,20,1,0,0,441.9394975198124,426.0,0,0,10.193366449690611,0.84334742214611
2024-10-15 21:00:00+05:30,429.7269597870887,28.33333333,91.46666667,21,1,0,0,434.2938639737211,422.0,0,0,8.774792195189448,0.7521888831997796
2024-10-15 21:15:00+05:30,428.0004210654216,28.26666667,91.8,21,1,0,0,429.7269597870887,418.0,0,0,8.774792195189448,0.7521888831997796
2024-10-15 21:30:00+05:30,422.6132209633359,28.2,91.36666667,21,1,0,0,428.0004210654216,411.0,0,0,8.774792195189448,0.7521888831997796
2024-10-15 21:45:00+05:30,419.7680740095856,28.2,90.26666667,21,1,0,0,422.6132209633359,411.0,0,0,8.774792195189448,0.7521888831997796
2024-10-15 22:00:00+05:30,413.2890514919994,28.2,90.2,22,1,0,0,419.7680740095856,403.0,0,0,9.389172121610137,0.7252749896297948
2024-10-15 22:15:00+05:30,407.050426928943,28.13333333,89.8,22,1,0,0,413.2890514919994,396.0,0,0,9.389172121610137,0.7252749896297948
2024-10-15 22:30:00+05:30,403.96189340449047,28.16666667,90.03333333,22,1,0,0,407.050426928943,393.0,0,0,9.389172121610137,0.7252749896297948
2024-10-15 22:45:00+05:30,398.58241726293255,28.13333333,90.56666667,22,1,0,0,403.96189340449047,386.0,0,0,9.389172121610137,0.7252749896297948
2024-10-15 23:00:00+05:30,394.3569902526486,28.1,90.4,23,1,0,0,398.58241726293255,382.0,0,0,10.314981635691288,0.7718909870937027
2024-10-15 23:15:00+05:30,391.2005545623463,28.06666667,90.46666667,23,1,0,0,394.3569902526486,376.0,0,0,10.314981635691288,0.7718909870937027
2024-10-15 23:30:00+05:30,384.3790082276142,28.1,90.56666667,23,1,0,0,391.2005545623463,370.0,0,0,10.314981635691288,0.7718909870937027
2024-10-15 23:45:00+05:30,377.826271188283,28.03333333,91.03333333,23,1,0,0,384.3790082276142,366.0,0,0,10.314981635691288,0.7718909870937027
2024-10-16 00:00:00+05:30,372.0,28.1,87.5,0,2,0,0,377.826271188283,359.8247314922546,0,0,10.821030164864855,0.09594533623790569
2024-10-16 00:15:00+05:30,367.0,28.2,88.5,0,2,0,0,372.0,354.55478400277457,0,0,10.821030164864855,0.09594533623790569
2024-10-16 00:30:00+05:30,358.0,28.1,88.4,0,2,0,0,367.0,349.4129118792884,0,0,10.821030164864855,0.09594533623790569
2024-10-16 00:45:00+05:30,352.0,28.1,88.9,0,2,0,0,358.0,343.70243754035795,0,0,10.821030164864855,0.09594533623790569
2024-10-16 01:00:00+05:30,346.0,28.0,88.9,1,2,0,0,352.0,337.6029452463812,0,0,9.728100754378737,-0.03336421712728943
2024-10-16 01:15:00+05:30,340.0,28.0,89.2,1,2,0,0,346.0,333.6379896317208,0,0,9.728100754378737,-0.03336421712728943
2024-10-16 01:30:00+05:30,338.0,27.9,89.4,1,2,0,0,340.0,330.1489992874488,0,0,9.728100754378737,-0.03336421712728943
2024-10-16 01:45:00+05:30,334.0,27.9,89.1,1,2,0,0,338.0,325.91335010229045,0,0,9.728100754378737,-0.03336421712728943
2024-10-16 02:00:00+05:30,330.0,27.9,89.1,2,2,0,0,334.0,322.81497501117394,0,0,8.484637707535343,-0.001367850315744823
2024-10-16 02:15:00+05:30,327.0,27.9,89.1,2,2,0,0,330.0,321.6986527550045,0,0,8.484637707535343,-0.001367850315744823
2024-10-16 02:30:00+05:30,323.0,27.8,89.5,2,2,0,0,327.0,320.1594476294641,0,0,8.484637707535343,-0.001367850315744823
2024-10-16 02:45:00+05:30,319.0,27.8,89.1,2,2,0,0,323.0,317.5493342749188,0,0,8.484637707535343,-0.001367850315744823
2024-10-16 03:00:00+05:30,316.0,27.8,89.7,3,2,0,0,319.0,314.12644884932456,0,0,7.607119538689619,-0.06004878179214801
2024-10-16 03:15:00+05:30,313.0,27.7,89.9,3,2,0,0,316.0,312.92159816158755,0,0,7.607119538689619,-0.06004878179214801
2024-10-16 03:30:00+05:30,312.0,27.7,89.9,3,2,0,0,313.0,309.9568963964786,0,0,7.607119538689619,-0.06004878179214801
2024-10-16 03:45:00+05:30,311.0,27.7,89.8,3,2,0,0,312.0,307.89299343855413,0,0,7.607119538689619,-0.06004878179214801
2024-10-16 04:00:00+05:30,310.0,27.7,89.7,4,2,0,0,311.0,305.4404135455066,0,0,6.594267060678064,0.008427398213465498
2024-10-16 04:15:00+05:30,308.0,27.6,89.8,4,2,0,0,310.0,304.9233027658239,0,0,6.594267060678064,0.008427398213465498
2024-10-16 04:30:00+05:30,308.0,27.6,90.0,4,2,0,0,308.0,305.1933145041617,0,0,6.594267060678064,0.008427398213465498
2024-10-16 04:45:00+05:30,308.0,27.6,89.6,4,2,0,0,308.0,307.77144315401773,0,0,6.594267060678064,0.008427398213465498
2024-10-16 05:00:00+05:30,311.0,27.5,90.0,5,2,0,0,308.0,306.9927830667113,0,0,5.279257902398529,0.10435750043793113
2024-10-16 05:15:00+05:30,316.0,27.5,90.1,5,2,0,0,311.0,307.9157925002286,0,0,5.279257902398529,0.10435750043793113
2024-10-16 05:30:00+05:30,320.0,27.4,90.2,5,2,0,0,316.0,312.80508401102804,0,0,5.279257902398529,0.10435750043793113
2024-10-16 05:45:00+05:30,324.0,27.4,90.1,5,2,0,0,320.0,318.24139386012126,0,0,5.279257902398529,0.10435750043793113
2024-10-16 06:00:00+05:30,334.0,27.4,90.0,6,2,0,0,324.0,326.7065084022254,0,0,4.311530887041023,0.35531410580184186
2024-10-16 06:15:00+05:30,341.0,27.4,90.2,6,2,0,0,334.0,334.1649037307962,0,0,4.311530887041023,0.35531410580184186
2024-10-16 06:30:00+05:30,352.0,27.4,90.0,6,2,0,0,341.0,342.9195808764146,0,0,4.311530887041023,0.35531410580184186
2024-10-16 06:45:00+05:30,362.0,27.4,89.5,6,2,0,0,352.0,357.90231806622114,0,0,4.311530887041023,0.35531410580184186
2024-10-16 07:00:00+05:30,377.0,27.5,89.0,7,2,0,0,362.0,367.2135447500539,0,0,5.499185953045883,0.4537110737780554
2024-10-16 07:15:00+05:30,393.0,27.6,88.5,7,2,0,0,377.0,382.47096076927954,0,0,5.499185953045883,0.4537110737780554
2024-10-16 07:30:00+05:30,404.0,27.8,88.1,7,2,0,0,393.0,399.63584458040856,0,0,5.499185953045883,0.4537110737780554
2024-10-16 07:45:00+05:30,426.0,28.1,87.3,7,2,0,0,404.0,418.8727629427164,0,0,5.499185953045883,0.4537110737780554
2024-10-16 08:00:00+05:30,445.0,28.4,86.1,8,2,0,0,426.0,442.5917328620837,0,0,8.459706391374313,0.5709639278196643
2024-10-16 08:15:00+05:30,468.0,28.9,84.5,8,2,0,0,445.0,460.0927015704829,0,0,8.459706391374313,0.5709639278196643
2024-10-16 08:30:00+05:30,485.0,29.3,82.9,8,2,0,0,468.0,477.88758292683343,0,0,8.459706391374313,0.5709639278196643
2024-10-16 08:45:00+05:30,500.0,29.4,82.2,8,2,0,0,485.0,493.1535454677086,0,0,8.459706391374313,0.5709639278196643
2024-10-16 09:00:00+05:30,517.0,29.8,81.2,9,2,0,1,500.0,515.6939639682728,0,0,7.468916508257824,1.776913993434797
2024-10-16 09:15:00+05:30,529.0,30.2,79.9,9,2,0,1,517.0,523.5920642139758,0,0,7.468916508257824,1.776913993434797
2024-10-16 09:30:00+05:30,541.0,30.4,78.7,9,2,0,1,529.0,533.5076722701448,0,0,7.468916508257824,1.776913993434797
2024-10-16 09:45:00+05:30,554.0,30.6,78.2,9,2,0,1,541.0,545.5578741865904,0,0,7.468916508257824,1.776913993434797
2024-10-16 10:00:00+05:30,561.0,30.7,78.0,10,2,0,1,554.0,552.3215511237025,0,0,7.176660943313998,1.959443809088301
2024-10-16 10:15:00+05:30,561.0,30.8,77.7,10,2,0,1,561.0,558.254297686588,0,0,7.176660943313998,1.959443809088301
2024-10-16 10:30:00+05:30,565.0,31.1,76.7,10,2,0,1,561.0,562.951891038115,0,0,7.176660943313998,1.959443809088301
2024-10-16 10:45:00+05:30,569.0,31.3,74.9,10,2,0,1,565.0,565.3889629832275,0,0,7.176660943313998,1.959443809088301
2024-10-16 11:00:00+05:30,569.0,31.8,73.4,11,2,0,1,569.0,565.0926437394701,0,0,7.922475529678865,1.905498851423404
2024-10-16 11:15:00+05:30,567.0,32.0,72.2,11,2,0,1,569.0,564.2663050067952,0,0,7.922475529678865,1.905498851423404
2024-10-16 11:30:00+05:30,569.0,32.1,72.0,11,2,0,1,567.0,561.1529257267563,0,0,7.922475529678865,1.905498851423404
2024-10-16 11:45:00+05:30,568.0,32.0,71.8,11,2,0,1,569.0,559.5635330886311,0,0,7.922475529678865,1.905498851423404
2024-10-16 12:00:00+05:30,568.0,32.0,71.6,12,2,0,1,568.0,562.112871047957,0,0,8.194346391416534,1.8296017411002858
2024-10-16 12:15:00+05:30,569.0,32.2,72.3,12,2,0,1,568.0,564.4585412813616,0,0,8.194346391416534,1.8296017411002858
2024-10-16 12:30:00+05:30,567.0,32.0,72.5,12,2,0,1,569.0,561.8230785230628,0,0,8.194346391416534,1.8296017411002858
2024-10-16 12:45:00+05:30,564.0,31.7,72.0,12,2,0,1,567.0,560.7168091049854,0,0,8.194346391416534,1.8296017411002858
2024-10-16 13:00:00+05:30,562.0,31.3,74.4,13,2,0,1,564.0,560.2596122549837,0,0,7.466115020642604,1.781152913482967
2024-10-16 13:15:00+05:30,562.0,31.5,74.4,13,2,0,1,562.0,555.7754377294045,0,0,7.466115020642604,1.781152913482967
2024-10-16 13:30:00+05:30,561.0,31.3,74.2,13,2,0,1,562.0,552.2970562565829,0,0,7.466115020642604,1.781152913482967
2024-10-16 13:45:00+05:30,563.0,31.8,72.7,13,2,0,1,561.0,555.7185661002602,0,0,7.466115020642604,1.781152913482967
2024-10-16 14:00:00+05:30,569.0,32.0,71.1,14,2,0,1,563.0,564.4986598027361,0,0,7.453520252664822,1.8810727851227305
2024-10-16 14:15:00+05:30,578.0,31.6,71.5,14,2,0,1,569.0,567.8112791488732,0,0,7.453520252664822,1.8810727851227305
2024-10-16 14:30:00+05:30,582.0,31.7,71.7,14,2,0,1,578.0,570.2561532313897,0,0,7.453520252664822,1.8810727851227305
2024-10-16 14:45:00+05:30,583.0,32.2,70.3,14,2,0,1,582.0,566.83237145551,0,0,7.453520252664822,1.8810727851227305
2024-10-16 15:00:00+05:30,582.0,32.7,68.6,15,2,0,1,583.0,565.1558147608902,0,0,7.614608640955644,1.8795749299968296
2024-10-16 15:15:00+05:30,584.0,32.7,68.6,15,2,0,1,582.0,562.3066155070078,0,0,7.614608640955644,1.8795749299968296
2024-10-16 15:30:00+05:30,581.0,33.0,68.6,15,2,0,1,584.0,561.3059083818753,0,0,7.614608640955644,1.8795749299968296
2024-10-16 15:45:00+05:30,581.0,33.5,67.5,15,2,0,1,581.0,561.3232514039507,0,0,7.614608640955644,1.8795749299968296
2024-10-16 16:00:00+05:30,583.0,33.3,68.2,16,2,0,1,581.0,563.521576135817,0,0,8.928003783814992,1.63470214174834
2024-10-16 16:15:00+05:30,577.0,33.7,67.1,16,2,0,1,583.0,558.6387231198361,0,0,8.928003783814992,1.63470214174834
2024-10-16 16:30:00+05:30,577.0,34.0,66.2,16,2,0,1,577.0,554.331068209436,0,0,8.928003783814992,1.63470214174834
2024-10-16 16:45:00+05:30,569.0,33.7,67.2,16,2,0,1,577.0,549.0164102891263,0,0,8.928003783814992,1.63470214174834
2024-10-16 17:00:00+05:30,565.0,33.9,66.3,17,2,0,1,569.0,547.9746634101956,0,0,9.832269406100862,1.3066312424333932
2024-10-16 17:15:00+05:30,556.0,33.7,66.8,17,2,0,1,565.0,539.1851157281268,0,0,9.832269406100862,1.3066312424333932
2024-10-16 17:30:00+05:30,547.0,33.7,67.2,17,2,0,1,556.0,532.9209398246654,0,0,9.832269406100862,1.3066312424333932
2024-10-16 17:45:00+05:30,538.0,33.6,67.4,17,2,0,1,547.0,525.5905513105494,0,0,9.832269406100862,1.3066312424333932
2024-10-16 18:00:00+05:30,531.0,33.1,68.0,18,2,0,0,538.0,517.478470819694,0,0,10.294210660754121,0.797082883851726
2024-10-16 18:15:00+05:30,527.0,32.2,70.4,18,2,0,0,531.0,515.0242038157071,0,0,10.294210660754121,0.797082883851726
2024-10-16 18:30:00+05:30,521.0,31.6,71.6,18,2,0,0,527.0,511.3085393146776,0,0,10.294210660754121,0.797082883851726
2024-10-16 18:45:00+05:30,515.0,31.1,71.7,18,2,0,0,521.0,504.7885606161877,0,0,10.294210660754121,0.797082883851726
2024-10-16 19:00:00+05:30,502.0,30.6,73.5,19,2,0,0,515.0,497.425252314248,0,0,10.813310868605901,0.8196688281600798
2024-10-16 19:15:00+05:30,497.0,30.2,74.9,19,2,0,0,502.0,486.4666240047302,0,0,10.813310868605901,0.8196688281600798
2024-10-16 19:30:00+05:30,489.0,30.0,75.2,19,2,0,0,497.0,475.8244609631013,0,0,10.813310868605901,0.8196688281600798
2024-10-16 19:45:00+05:30,480.0,29.8,75.6,19,2,0,0,489.0,466.5412561523265,0,0,10.813310868605901,0.8196688281600798
2024-10-16 20:00:00+05:30,472.0,29.8,76.4,20,2,0,0,480.0,455.9703307895776,0,0,10.193366449690611,0.84334742214611
2024-10-16 20:15:00+05:30,465.0,29.6,77.4,20,2,0,0,472.0,450.5777578121734,0,0,10.193366449690611,0.84334742214611
2024-10-16 20:30:00+05:30,459.0,29.7,78.0,20,2,0,0,465.0,441.9394975198124,0,0,10.193366449690611,0.84334742214611
2024-10-16 20:45:00+05:30,453.0,29.6,78.1,20,2,0,0,459.0,434.2938639737211,0,0,10.193366449690611,0.84334742214611
2024-10-16 21:00:00+05:30,451.0,29.6,78.4,21,2,0,0,453.0,429.7269597870887,0,0,8.774792195189448,0.7521888831997796
2024-10-16 21:15:00+05:30,445.0,29.6,79.1,21,2,0,0,451.0,428.0004210654216,0,0,8.774792195189448,0.7521888831997796
2024-10-16 21:30:00+05:30,440.0,29.5,79.5,21,2,0,0,445.0,422.6132209633359,0,0,8.774792195189448,0.7521888831997796
2024-10-16 21:45:00+05:30,434.0,29.5,80.6,21,2,0,0,440.0,419.7680740095856,0,0,8.774792195189448,0.7521888831997796
2024-10-16 22:00:00+05:30,428.0,29.4,81.4,22,2,0,0,434.0,413.2890514919994,0,0,9.389172121610137,0.7252749896297948
2024-10-16 22:15:00+05:30,423.0,29.3,81.5,22,2,0,0,428.0,407.050426928943,0,0,9.389172121610137,0.7252749896297948
2024-10-16 22:30:00+05:30,420.0,29.2,82.2,22,2,0,0,423.0,403.96189340449047,0,0,9.389172121610137,0.7252749896297948
2024-10-16 22:45:00+05:30,416.0,29.0,83.3,22,2,0,0,420.0,398.58241726293255,0,0,9.389172121610137,0.7252749896297948
2024-10-16 23:00:00+05:30,411.0,28.9,83.7,23,2,0,0,416.0,394.3569902526486,0,0,10.314981635691288,0.7718909870937027
2024-10-16 23:15:00+05:30,406.0,28.8,84.3,23,2,0,0,411.0,391.2005545623463,0,0,10.314981635691288,0.7718909870937027
2024-10-16 23:30:00+05:30,398.0,28.7,85.7,23,2,0,0,406.0,384.3790082276142,0,0,10.314981635691288,0.7718909870937027
2024-10-16 23:45:00+05:30,392.0,28.6,86.3,23,2,0,0,398.0,377.826271188283,0,0,10.314981635691288,0.7718909870937027
2024-10-17 00:00:00+05:30,383.0,29.066666666666663,90.16666666666669,0,3,0,0,392.0,372.0,1,0,9.756466781294622,0.4083705832126432
2024-10-17 00:15:00+05:30,377.0,28.96666666666667,90.16666666666669,0,3,0,0,383.0,367.0,1,0,9.756466781294622,0.4083705832126432
2024-10-17 00:30:00+05:30,371.0,28.9,90.53333333333336,0,3,0,0,377.0,358.0,1,0,9.756466781294622,0.4083705832126432
2024-10-17 00:45:00+05:30,362.0,28.9,90.43333333333334,0,3,0,0,371.0,352.0,1,0,9.756466781294622,0.4083705832126432
2024-10-17 01:00:00+05:30,357.0,28.866666666666664,90.33333333333331,1,3,0,0,362.0,346.0,1,0,9.50356259826016,0.3796055999684963
2024-10-17 01:15:00+05:30,350.0,28.8,90.7,1,3,0,0,357.0,340.0,1,0,9.50356259826016,0.3796055999684963
2024-10-17 01:30:00+05:30,346.0,28.866666666666664,91.23333333333332,1,3,0,0,350.0,338.0,1,0,9.50356259826016,0.3796055999684963
2024-10-17 01:45:00+05:30,342.0,28.766666666666666,91.36666666666667,1,3,0,0,346.0,334.0,1,0,9.50356259826016,0.3796055999684963
2024-10-17 02:00:00+05:30,338.0,28.666666666666668,91.36666666666667,2,3,0,0,342.0,330.0,1,0,8.23631883424493,0.2998108031656782
2024-10-17 02:15:00+05:30,335.0,28.633333333333336,91.96666666666668,2,3,0,0,338.0,327.0,1,0,8.23631883424493,0.2998108031656782
2024-10-17 02:30:00+05:30,332.0,28.5,92.03333333333336,2,3,0,0,335.0,323.0,1,0,8.23631883424493,0.2998108031656782
2024-10-17 02:45:00+05:30,327.0,28.5,90.76666666666668,2,3,0,0,332.0,319.0,1,0,8.23631883424493,0.2998108031656782
2024-10-17 03:00:00+05:30,323.0,28.5,90.03333333333335,3,3,0,0,327.0,316.0,1,0,7.551501782474325,0.24470606996643862
2024-10-17 03:15:00+05:30,321.0,28.4,90.96666666666668,3,3,0,0,323.0,313.0,1,0,7.551501782474325,0.24470606996643862
2024-10-17 03:30:00+05:30,318.0,28.3,90.76666666666668,3,3,0,0,321.0,312.0,1,0,7.551501782474325,0.24470606996643862
2024-10-17 03:45:00+05:30,315.0,28.3,91.03333333333336,3,3,0,0,318.0,311.0,1,0,7.551501782474325,0.24470606996643862
2024-10-17 04:00:00+05:30,314.0,28.23333333333333,91.16666666666669,4,3,0,0,315.0,310.0,1,0,7.112099520012946,0.2372287031739942
2024-10-17 04:15:00+05:30,313.0,28.166666666666668,91.93333333333334,4,3,0,0,314.0,308.0,1,0,7.112099520012946,0.2372287031739942
2024-10-17 04:30:00+05:30,315.0,28.1,92.13333333333333,4,3,0,0,313.0,308.0,1,0,7.112099520012946,0.2372287031739942
2024-10-17 04:45:00+05:30,314.0,28.166666666666668,91.76666666666668,4,3,0,0,315.0,308.0,1,0,7.112099520012946,0.2372287031739942
2024-10-17 05:00:00+05:30,313.0,28.2,91.46666666666664,5,3,0,0,314.0,311.0,1,0,6.605295151202406,0.2323984144677756
2024-10-17 05:15:00+05:30,318.0,28.23333333333333,91.1,5,3,0,0,313.0,316.0,1,0,6.605295151202406,0.2323984144677756
2024-10-17 05:30:00+05:30,322.0,28.266666666666666,91.23333333333332,5,3,0,0,318.0,320.0,1,0,6.605295151202406,0.2323984144677756
2024-10-17 05:45:00+05:30,329.0,28.266666666666666,91.3,5,3,0,0,322.0,324.0,1,0,6.605295151202406,0.2323984144677756
2024-10-17 06:00:00+05:30,342.0,28.266666666666666,91.16666666666669,6,3,0,0,329.0,334.0,1,0,6.027219036512884,0.2863575503064314
2024-10-17 06:15:00+05:30,350.0,28.23333333333333,90.66666666666669,6,3,0,0,342.0,341.0,1,0,6.027219036512884,0.2863575503064314
2024-10-17 06:30:00+05:30,361.0,28.2,90.53333333333336,6,3,0,0,350.0,352.0,1,0,6.027219036512884,0.2863575503064314
2024-10-17 06:45:00+05:30,372.0,28.26666666666667,90.83333333333331,6,3,0,0,361.0,362.0,1,0,6.027219036512884,0.2863575503064314
2024-10-17 07:00:00+05:30,383.0,28.33333333333333,90.96666666666664,7,3,0,0,372.0,377.0,1,0,6.758414086165474,0.24374033081055602
2024-10-17 07:15:00+05:30,393.0,28.4,91.06666666666666,7,3,0,0,383.0,393.0,1,0,6.758414086165474,0.24374033081055602
2024-10-17 07:30:00+05:30,419.0,28.53333333333333,91.2,7,3,0,0,393.0,404.0,1,0,6.758414086165474,0.24374033081055602
2024-10-17 07:45:00+05:30,434.0,28.633333333333336,90.66666666666669,7,3,0,0,419.0,426.0,1,0,6.758414086165474,0.24374033081055602
2024-10-17 08:00:00+05:30,455.0,28.73333333333333,90.63333333333333,8,3,0,0,434.0,445.0,1,0,9.486530085242043,0.3588619782345006
2024-10-17 08:15:00+05:30,474.0,28.8,90.2,8,3,0,0,455.0,468.0,1,0,9.486530085242043,0.3588619782345006
2024-10-17 08:30:00+05:30,494.0,28.96666666666667,89.83333333333333,8,3,0,0,474.0,485.0,1,0,9.486530085242043,0.3588619782345006
2024-10-17 08:45:00+05:30,512.0,29.03333333333333,89.66666666666667,8,3,0,0,494.0,500.0,1,0,9.486530085242043,0.3588619782345006
2024-10-17 09:00:00+05:30,526.0,29.2,88.93333333333334,9,3,0,1,512.0,517.0,1,0,17.800822714433455,1.420472204477532
2024-10-17 09:15:00+05:30,539.0,29.3,88.7,9,3,0,1,526.0,529.0,1,0,17.800822714433455,1.420472204477532
2024-10-17 09:30:00+05:30,549.0,29.4,87.59999999999998,9,3,0,1,539.0,541.0,1,0,17.800822714433455,1.420472204477532
2024-10-17 09:45:00+05:30,554.0,29.6,86.46666666666668,9,3,0,1,549.0,554.0,1,0,17.800822714433455,1.420472204477532
2024-10-17 10:00:00+05:30,563.0,30.100000000000005,85.0,10,3,0,1,554.0,561.0,1,0,20.816980042930837,1.6818345769576644
2024-10-17 10:15:00+05:30,566.0,30.3,83.3,10,3,0,1,563.0,561.0,1,0,20.816980042930837,1.6818345769576644
2024-10-17 10:30:00+05:30,573.0,30.46666666666667,83.3,10,3,0,1,566.0,565.0,1,0,20.816980042930837,1.6818345769576644
2024-10-17 10:45:00+05:30,576.0,30.9,81.13333333333333,10,3,0,1,573.0,569.0,1,0,20.816980042930837,1.6818345769576644
2024-10-17 11:00:00+05:30,580.0,31.23333333333333,79.7,11,3,0,1,576.0,569.0,1,0,24.342180026798324,1.9764271709363472
2024-10-17 11:15:00+05:30,580.0,31.5,78.53333333333333,11,3,0,1,580.0,567.0,1,0,24.342180026798324,1.9764271709363472
2024-10-17 11:30:00+05:30,577.0,31.666666666666668,78.13333333333334,11,3,0,1,580.0,569.0,1,0,24.342180026798324,1.9764271709363472
2024-10-17 11:45:00+05:30,578.0,32.166666666666664,76.16666666666667,11,3,0,1,577.0,568.0,1,0,24.342180026798324,1.9764271709363472
2024-10-17 12:00:00+05:30,579.0,32.56666666666666,74.63333333333333,12,3,0,1,578.0,568.0,1,0,23.369425695257103,1.9567773790903051
2024-10-17 12:15:00+05:30,575.0,32.83333333333333,74.46666666666665,12,3,0,1,579.0,569.0,1,0,23.369425695257103,1.9567773790903051
2024-10-17 12:30:00+05:30,575.0,32.7,75.03333333333333,12,3,0,1,575.0,567.0,1,0,23.369425695257103,1.9567773790903051
2024-10-17 12:45:00+05:30,576.0,32.333333333333336,76.43333333333332,12,3,0,1,575.0,564.0,1,0,23.369425695257103,1.9567773790903051
2024-10-17 13:00:00+05:30,573.0,32.46666666666666,76.76666666666667,13,3,0,1,576.0,562.0,1,0,22.69789220478014,1.9834665474829603
2024-10-17 13:15:00+05:30,574.0,32.4,76.60000000000001,13,3,0,1,573.0,562.0,1,0,22.69789220478014,1.9834665474829603
2024-10-17 13:30:00+05:30,575.0,32.5,77.16666666666667,13,3,0,1,574.0,561.0,1,0,22.69789220478014,1.9834665474829603
2024-10-17 13:45:00+05:30,577.0,32.03333333333334,78.06666666666668,13,3,0,1,575.0,563.0,1,0,22.69789220478014,1.9834665474829603
2024-10-17 14:00:00+05:30,579.0,31.8,79.8,14,3,0,1,577.0,569.0,1,0,21.998232570070904,2.047842649010666
2024-10-17 14:15:00+05:30,581.0,31.866666666666664,79.43333333333334,14,3,0,1,579.0,578.0,1,0,21.998232570070904,2.047842649010666
2024-10-17 14:30:00+05:30,585.0,31.83333333333333,79.76666666666667,14,3,0,1,581.0,582.0,1,0,21.998232570070904,2.047842649010666
2024-10-17 14:45:00+05:30,586.0,31.96666666666667,79.03333333333333,14,3,0,1,585.0,583.0,1,0,21.998232570070904,2.047842649010666
2024-10-17 15:00:00+05:30,586.0,32.03333333333333,79.33333333333333,15,3,0,1,586.0,582.0,1,0,21.490187747712472,1.971534403915298
2024-10-17 15:15:00+05:30,588.0,32.03333333333333,78.60000000000001,15,3,0,1,586.0,584.0,1,0,21.490187747712472,1.971534403915298
2024-10-17 15:30:00+05:30,578.0,31.966666666666665,79.6,15,3,0,1,588.0,581.0,1,0,21.490187747712472,1.971534403915298
2024-10-17 15:45:00+05:30,578.0,32.4,76.8,15,3,0,1,578.0,581.0,1,0,21.490187747712472,1.971534403915298
2024-10-17 16:00:00+05:30,578.0,31.9,78.2,16,3,0,1,578.0,583.0,1,0,19.63293588355602,1.689291487141698
2024-10-17 16:15:00+05:30,575.0,31.866666666666664,78.56666666666666,16,3,0,1,578.0,577.0,1,0,19.63293588355602,1.689291487141698
2024-10-17 16:30:00+05:30,573.0,31.700000000000003,78.46666666666667,16,3,0,1,575.0,577.0,1,0,19.63293588355602,1.689291487141698
2024-10-17 16:45:00+05:30,571.0,31.600000000000005,78.73333333333333,16,3,0,1,573.0,569.0,1,0,19.63293588355602,1.689291487141698
2024-10-17 17:00:00+05:30,564.0,31.33333333333333,79.23333333333333,17,3,0,1,571.0,565.0,1,0,18.258759745332224,1.507502636314337
2024-10-17 17:15:00+05:30,560.0,31.066666666666663,80.89999999999999,17,3,0,1,564.0,556.0,1,0,18.258759745332224,1.507502636314337
2024-10-17 17:30:00+05:30,552.0,30.933333333333337,81.60000000000001,17,3,0,1,560.0,547.0,1,0,18.258759745332224,1.507502636314337
2024-10-17 17:45:00+05:30,545.0,30.666666666666668,82.46666666666667,17,3,0,1,552.0,538.0,1,0,18.258759745332224,1.507502636314337
2024-10-17 18:00:00+05:30,535.0,30.566666666666663,83.16666666666667,18,3,0,0,545.0,531.0,1,0,12.633470278009714,0.6711767286384701
2024-10-17 18:15:00+05:30,532.0,30.433333333333337,84.03333333333333,18,3,0,0,535.0,527.0,1,0,12.633470278009714,0.6711767286384701
2024-10-17 18:30:00+05:30,525.0,30.33333333333333,84.43333333333332,18,3,0,0,532.0,521.0,1,0,12.633470278009714,0.6711767286384701
2024-10-17 18:45:00+05:30,515.0,30.3,85.06666666666668,18,3,0,0,525.0,515.0,1,0,12.633470278009714,0.6711767286384701
2024-10-17 19:00:00+05:30,508.0,30.2,86.03333333333335,19,3,0,0,515.0,502.0,1,0,14.341658395462096,0.718074934528488
2024-10-17 19:15:00+05:30,503.0,30.2,86.66666666666667,19,3,0,0,508.0,497.0,1,0,14.341658395462096,0.718074934528488
2024-10-17 19:30:00+05:30,492.0,30.2,86.46666666666665,19,3,0,0,503.0,489.0,1,0,14.341658395462096,0.718074934528488
2024-10-17 19:45:00+05:30,486.0,30.2,86.66666666666667,19,3,0,0,492.0,480.0,1,0,14.341658395462096,0.718074934528488
2024-10-17 20:00:00+05:30,478.0,30.2,86.86666666666667,20,3,0,0,486.0,472.0,1,0,13.562046690093604,0.7198750242448775
2024-10-17 20:15:00+05:30,470.0,30.23333333333333,87.5,20,3,0,0,478.0,465.0,1,0,13.562046690093604,0.7198750242448775
2024-10-17 20:30:00+05:30,465.0,30.23333333333333,87.83333333333333,20,3,0,0,470.0,459.0,1,0,13.562046690093604,0.7198750242448775
2024-10-17 20:45:00+05:30,461.0,30.23333333333333,87.93333333333332,20,3,0,0,465.0,453.0,1,0,13.562046690093604,0.7198750242448775
2024-10-17 21:00:00+05:30,456.0,30.2,87.73333333333335,21,3,0,0,461.0,451.0,1,0,11.720885141083006,0.639088210351847
2024-10-17 21:15:00+05:30,452.0,30.2,87.86666666666667,21,3,0,0,456.0,445.0,1,0,11.720885141083006,0.639088210351847
2024-10-17 21:30:00+05:30,445.0,30.166666666666668,88.26666666666667,21,3,0,0,452.0,440.0,1,0,11.720885141083006,0.639088210351847
2024-10-17 21:45:00+05:30,442.0,30.133333333333336,88.46666666666665,21,3,0,0,445.0,434.0,1,0,11.720885141083006,0.639088210351847
2024-10-17 22:00:00+05:30,435.0,30.100000000000005,88.63333333333334,22,3,0,0,442.0,428.0,1,0,11.813895816622653,0.6322949595634465
2024-10-17 22:15:00+05:30,432.0,30.100000000000005,89.16666666666667,22,3,0,0,435.0,423.0,1,0,11.813895816622653,0.6322949595634465
2024-10-17 22:30:00+05:30,428.0,30.03333333333333,89.36666666666667,22,3,0,0,432.0,420.0,1,0,11.813895816622653,0.6322949595634465
2024-10-17 22:45:00+05:30,424.0,29.65,93.75,22,3,0,0,428.0,416.0,1,0,11.813895816622653,0.6322949595634465
2024-10-17 23:00:00+05:30,419.0,29.55,93.5,23,3,0,0,424.0,411.0,1,0,12.112750438053022,0.6488927391372165
2024-10-17 23:15:00+05:30,415.0,29.55,94.25,23,3,0,0,419.0,406.0,1,0,12.112750438053022,0.6488927391372165
2024-10-17 23:30:00+05:30,407.0,29.700000000000003,91.3,23,3,0,0,415.0,398.0,1,0,12.112750438053022,0.6488927391372165
2024-10-17 23:45:00+05:30,401.0,29.73333333333333,91.26666666666668,23,3,0,0,407.0,392.0,1,0,12.112750438053022,0.6488927391372165
2024-10-18 00:00:00+05:30,394.2040920650383,29.7,90.66666667,0,4,0,0,401.0,383.0,0,0,10.821030164864855,0.09594533623790569
2024-10-18 00:15:00+05:30,388.0404577525488,29.7,90.83333333,0,4,0,0,394.2040920650383,377.0,0,0,10.821030164864855,0.09594533623790569
2024-10-18 00:30:00+05:30,378.7748147171331,29.6,91.23333333,0,4,0,0,388.0404577525488,371.0,0,0,10.821030164864855,0.09594533623790569
2024-10-18 00:45:00+05:30,372.4257319262001,29.6,91.43333333,0,4,0,0,378.7748147171331,362.0,0,0,10.821030164864855,0.09594533623790569
2024-10-18 01:00:00+05:30,365.8854560514837,29.56666667,90.53333333,1,4,0,0,372.4257319262001,357.0,0,0,9.728100754378737,-0.03336421712728943
2024-10-18 01:15:00+05:30,360.4857389811761,29.53333333,90.16666667,1,4,0,0,365.8854560514837,350.0,0,0,9.728100754378737,-0.03336421712728943
2024-10-18 01:30:00+05:30,356.382471768191,29.46666667,89.83333333,1,4,0,0,360.4857389811761,346.0,0,0,9.728100754378737,-0.03336421712728943
2024-10-18 01:45:00+05:30,352.1251255040265,29.4,89.86666667,1,4,0,0,356.382471768191,342.0,0,0,9.728100754378737,-0.03336421712728943
2024-10-18 02:00:00+05:30,344.82524368933366,29.4,90.16666667,2,4,0,0,352.1251255040265,338.0,0,0,8.484637707535343,-0.001367850315744823
2024-10-18 02:15:00+05:30,342.62151069278406,29.36666667,90.06666667,2,4,0,0,344.82524368933366,335.0,0,0,8.484637707535343,-0.001367850315744823
2024-10-18 02:30:00+05:30,338.4433499864383,29.3,90.2,2,4,0,0,342.62151069278406,332.0,0,0,8.484637707535343,-0.001367850315744823
2024-10-18 02:45:00+05:30,334.41877856068726,29.33333333,90.23333333,2,4,0,0,338.4433499864383,327.0,0,0,8.484637707535343,-0.001367850315744823
2024-10-18 03:00:00+05:30,331.50496012782577,29.23333333,91.4,3,4,0,0,334.41877856068726,323.0,0,0,7.607119538689619,-0.06004878179214801
2024-10-18 03:15:00+05:30,330.18186079340506,29.16666667,91.9,3,4,0,0,331.50496012782577,321.0,0,0,7.607119538689619,-0.06004878179214801
2024-10-18 03:30:00+05:30,326.60004312735134,29.13333333,92.2,3,4,0,0,330.18186079340506,318.0,0,0,7.607119538689619,-0.06004878179214801
2024-10-18 03:45:00+05:30,324.0744253403965,29.1,92.5,3,4,0,0,326.60004312735134,315.0,0,0,7.607119538689619,-0.06004878179214801
2024-10-18 04:00:00+05:30,322.2287155275826,29.1,91.96666667,4,4,0,0,324.0744253403965,314.0,0,0,6.594267060678064,0.008427398213465498
2024-10-18 04:15:00+05:30,320.5118961007714,29.1,90.86666667,4,4,0,0,322.2287155275826,313.0,0,0,6.594267060678064,0.008427398213465498
2024-10-18 04:30:00+05:30,321.43856211026423,29.03333333,89.96666667,4,4,0,0,320.5118961007714,315.0,0,0,6.594267060678064,0.008427398213465498
2024-10-18 04:45:00+05:30,321.5592592362712,29.03333333,89.9,4,4,0,0,321.43856211026423,314.0,0,0,6.594267060678064,0.008427398213465498
2024-10-18 05:00:00+05:30,322.445057818784,28.96666667,89.43333333,5,4,0,0,321.5592592362712,313.0,0,0,5.279257902398529,0.10435750043793113
2024-10-18 05:15:00+05:30,324.7894751663437,29.0,89.3,5,4,0,0,322.445057818784,318.0,0,0,5.279257902398529,0.10435750043793113
2024-10-18 05:30:00+05:30,328.7095545449536,28.96666667,89.46666667,5,4,0,0,324.7894751663437,322.0,0,0,5.279257902398529,0.10435750043793113
2024-10-18 05:45:00+05:30,331.7734819606705,28.9,90.23333333,5,4,0,0,328.7095545449536,329.0,0,0,5.279257902398529,0.10435750043793113
2024-10-18 06:00:00+05:30,342.49167482549694,28.9,90.23333333,6,4,0,0,331.7734819606705,342.0,0,0,4.311530887041023,0.35531410580184186
2024-10-18 06:15:00+05:30,354.738805538345,28.86666667,90.13333333,6,4,0,0,342.49167482549694,350.0,0,0,4.311530887041023,0.35531410580184186
2024-10-18 06:30:00+05:30,365.42161427453374,28.9,90.16666667,6,4,0,0,354.738805538345,361.0,0,0,4.311530887041023,0.35531410580184186
2024-10-18 06:45:00+05:30,375.1790361356446,28.96666667,90.5,6,4,0,0,365.42161427453374,372.0,0,0,4.311530887041023,0.35531410580184186
2024-10-18 07:00:00+05:30,389.3590806251742,29.06666667,90.13333333,7,4,0,0,375.1790361356446,383.0,0,0,5.499185953045883,0.4537110737780554
2024-10-18 07:15:00+05:30,403.9267056353536,29.26666667,89.66666667,7,4,0,0,389.3590806251742,393.0,0,0,5.499185953045883,0.4537110737780554
2024-10-18 07:30:00+05:30,416.42234478828993,29.63333333,88.23333333,7,4,0,0,403.9267056353536,419.0,0,0,5.499185953045883,0.4537110737780554
2024-10-18 07:45:00+05:30,439.4471536891165,30.23333333,85.8,7,4,0,0,416.42234478828993,434.0,0,0,5.499185953045883,0.4537110737780554
2024-10-18 08:00:00+05:30,462.78593329928367,30.7,83.7,8,4,0,0,439.4471536891165,455.0,0,0,8.459706391374313,0.5709639278196643
2024-10-18 08:15:00+05:30,485.8404661224829,31.16666667,81.13333333,8,4,0,0,462.78593329928367,474.0,0,0,8.459706391374313,0.5709639278196643
2024-10-18 08:30:00+05:30,504.7013866858336,31.7,78.23333333,8,4,0,0,485.8404661224829,494.0,0,0,8.459706391374313,0.5709639278196643
2024-10-18 08:45:00+05:30,523.1280896585088,31.76666667,77.86666667,8,4,0,0,504.7013866858336,512.0,0,0,8.459706391374313,0.5709639278196643
2024-10-18 09:00:00+05:30,539.088217318673,31.63333333,77.66666667,9,4,0,1,523.1280896585088,526.0,0,0,7.468916508257824,1.776913993434797
2024-10-18 09:15:00+05:30,552.271539242376,32.1,75.6,9,4,0,1,539.088217318673,539.0,0,0,7.468916508257824,1.776913993434797
2024-10-18 09:30:00+05:30,566.4282343805448,32.3,75.06666667,9,4,0,1,552.271539242376,549.0,0,0,7.468916508257824,1.776913993434797
2024-10-18 09:45:00+05:30,577.5893041529857,32.56666667,74.33333333,9,4,0,1,566.4282343805448,554.0,0,0,7.468916508257824,1.776913993434797
2024-10-18 10:00:00+05:30,585.8452160780977,32.8,73.53333333,10,4,0,1,577.5893041529857,563.0,0,0,7.176660943313998,1.959443809088301
2024-10-18 10:15:00+05:30,592.172557519783,33.3,71.4,10,4,0,1,585.8452160780977,566.0,0,0,7.176660943313998,1.959443809088301
2024-10-18 10:30:00+05:30,596.4268316157104,33.86666667,67.83333333,10,4,0,1,592.172557519783,573.0,0,0,7.176660943313998,1.959443809088301
2024-10-18 10:45:00+05:30,597.2160040852378,33.73333333,67.66666667,10,4,0,1,596.4268316157104,576.0,0,0,7.176660943313998,1.959443809088301
2024-10-18 11:00:00+05:30,603.0509422910085,33.83333333,68.0,11,4,0,1,597.2160040852378,580.0,0,0,7.922475529678865,1.905498851423404
2024-10-18 11:15:00+05:30,604.4912445765158,33.73333333,67.96666667,11,4,0,1,603.0509422910085,580.0,0,0,7.922475529678865,1.905498851423404
2024-10-18 11:30:00+05:30,606.1393934698126,33.96666667,68.13333333,11,4,0,1,604.4912445765158,577.0,0,0,7.922475529678865,1.905498851423404
2024-10-18 11:45:00+05:30,602.3333775443892,34.4,68.93333333,11,4,0,1,606.1393934698126,578.0,0,0,7.922475529678865,1.905498851423404
2024-10-18 12:00:00+05:30,599.8815870575205,34.7,67.83333333,12,4,0,1,602.3333775443892,579.0,0,0,8.194346391416534,1.8296017411002858
2024-10-18 12:15:00+05:30,600.9607190033474,34.43333333,69.56666667,12,4,0,1,599.8815870575205,575.0,0,0,8.194346391416534,1.8296017411002858
2024-10-18 12:30:00+05:30,599.3293016920143,34.3,69.93333333,12,4,0,1,600.9607190033474,575.0,0,0,8.194346391416534,1.8296017411002858
2024-10-18 12:45:00+05:30,601.6077879443318,33.63333333,71.46666667,12,4,0,1,599.3293016920143,576.0,0,0,8.194346391416534,1.8296017411002858
2024-10-18 13:00:00+05:30,603.3273461781101,33.5,71.6,13,4,0,1,601.6077879443318,573.0,0,0,7.466115020642604,1.781152913482967
2024-10-18 13:15:00+05:30,603.7398007993652,33.16666667,72.63333333,13,4,0,1,603.3273461781101,574.0,0,0,7.466115020642604,1.781152913482967
2024-10-18 13:30:00+05:30,602.2134574999772,32.93333333,73.03333333,13,4,0,1,603.7398007993652,575.0,0,0,7.466115020642604,1.781152913482967
2024-10-18 13:45:00+05:30,599.1676334352888,33.13333333,72.3,13,4,0,1,602.2134574999772,577.0,0,0,7.466115020642604,1.781152913482967
2024-10-18 14:00:00+05:30,596.1482154347987,33.03333333,71.6,14,4,0,1,599.1676334352888,579.0,0,0,7.453520252664822,1.8810727851227305
2024-10-18 14:15:00+05:30,597.2641391321774,33.16666667,70.93333333,14,4,0,1,596.1482154347987,581.0,0,0,7.453520252664822,1.8810727851227305
2024-10-18 14:30:00+05:30,600.7839438869273,33.2,70.56666667,14,4,0,1,597.2641391321774,585.0,0,0,7.453520252664822,1.8810727851227305
2024-10-18 14:45:00+05:30,598.754419648138,33.0,70.8,14,4,0,1,600.7839438869273,586.0,0,0,7.453520252664822,1.8810727851227305
2024-10-18 15:00:00+05:30,597.139731113052,32.8,71.36666667,15,4,0,1,598.754419648138,586.0,0,0,7.614608640955644,1.8795749299968296
2024-10-18 15:15:00+05:30,597.2910202756034,33.13333333,70.5,15,4,0,1,597.139731113052,588.0,0,0,7.614608640955644,1.8795749299968296
2024-10-18 15:30:00+05:30,593.5135699578539,33.73333333,68.2,15,4,0,1,597.2910202756034,578.0,0,0,7.614608640955644,1.8795749299968296
2024-10-18 15:45:00+05:30,590.2370067800719,33.7,69.46666667,15,4,0,1,593.5135699578539,578.0,0,0,7.614608640955644,1.8795749299968296
2024-10-18 16:00:00+05:30,590.5166894987592,33.6,69.16666667,16,4,0,1,590.2370067800719,578.0,0,0,8.928003783814992,1.63470214174834
2024-10-18 16:15:00+05:30,586.3521757371649,33.1,70.86666667,16,4,0,1,590.5166894987592,575.0,0,0,8.928003783814992,1.63470214174834
2024-10-18 16:30:00+05:30,582.2890592308947,32.76666667,71.7,16,4,0,1,586.3521757371649,573.0,0,0,8.928003783814992,1.63470214174834
2024-10-18 16:45:00+05:30,574.3797216526372,32.4,72.9,16,4,0,1,582.2890592308947,571.0,0,0,8.928003783814992,1.63470214174834
2024-10-18 17:00:00+05:30,567.3922764241398,31.86666667,74.5,17,4,0,1,574.3797216526372,564.0,0,0,9.832269406100862,1.3066312424333932
2024-10-18 17:15:00+05:30,562.5935386243021,31.23333333,76.23333333,17,4,0,1,567.3922764241398,560.0,0,0,9.832269406100862,1.3066312424333932
2024-10-18 17:30:00+05:30,551.4405955146708,30.93333333,78.16666667,17,4,0,1,562.5935386243021,552.0,0,0,9.832269406100862,1.3066312424333932
2024-10-18 17:45:00+05:30,546.3914180303453,30.56666667,78.6,17,4,0,1,551.4405955146708,545.0,0,0,9.832269406100862,1.3066312424333932
2024-10-18 18:00:00+05:30,539.7744487243308,29.6,83.66666667,18,4,0,0,546.3914180303453,535.0,0,0,10.294210660754121,0.797082883851726
2024-10-18 18:15:00+05:30,535.7832881994493,29.26666667,81.6,18,4,0,0,539.7744487243308,532.0,0,0,10.294210660754121,0.797082883851726
2024-10-18 18:30:00+05:30,526.6855363481236,29.33333333,81.4,18,4,0,0,535.7832881994493,525.0,0,0,10.294210660754121,0.797082883851726
2024-10-18 18:45:00+05:30,516.3015605843875,29.33333333,82.1,18,4,0,0,526.6855363481236,515.0,0,0,10.294210660754121,0.797082883851726
2024-10-18 19:00:00+05:30,504.9303170018479,29.23333333,82.76666667,19,4,0,0,516.3015605843875,508.0,0,0,10.813310868605901,0.8196688281600798
2024-10-18 19:15:00+05:30,493.9262777199304,29.2,82.73333333,19,4,0,0,504.9303170018479,503.0,0,0,10.813310868605901,0.8196688281600798
2024-10-18 19:30:00+05:30,485.5701938315013,29.26666667,82.43333333,19,4,0,0,493.9262777199304,492.0,0,0,10.813310868605901,0.8196688281600798
2024-10-18 19:45:00+05:30,477.4421585325265,29.43333333,82.93333333,19,4,0,0,485.5701938315013,486.0,0,0,10.813310868605901,0.8196688281600798
2024-10-18 20:00:00+05:30,466.6523288103775,29.16666667,82.66666667,20,4,0,0,477.4421585325265,478.0,0,0,10.193366449690611,0.84334742214611
2024-10-18 20:15:00+05:30,459.1496168201734,29.3,82.76666667,20,4,0,0,466.6523288103775,470.0,0,0,10.193366449690611,0.84334742214611
2024-10-18 20:30:00+05:30,453.5187465270126,29.16666667,84.03333333,20,4,0,0,459.1496168201734,465.0,0,0,10.193366449690611,0.84334742214611
2024-10-18 20:45:00+05:30,448.209177280921,29.03333333,85.8,20,4,0,0,453.5187465270126,461.0,0,0,10.193366449690611,0.84334742214611
2024-10-18 21:00:00+05:30,444.7820218158886,29.06666667,86.53333333,21,4,0,0,448.209177280921,456.0,0,0,8.774792195189448,0.7521888831997796
2024-10-18 21:15:00+05:30,440.0464674432216,29.0,86.66666667,21,4,0,0,444.7820218158886,452.0,0,0,8.774792195189448,0.7521888831997796
2024-10-18 21:30:00+05:30,434.6300043381361,28.93333333,87.0,21,4,0,0,440.0464674432216,445.0,0,0,8.774792195189448,0.7521888831997796
2024-10-18 21:45:00+05:30,427.1771021453856,28.86666667,87.7,21,4,0,0,434.6300043381361,442.0,0,0,8.774792195189448,0.7521888831997796
2024-10-18 22:00:00+05:30,420.3194126089995,28.76666667,87.06666667,22,4,0,0,427.1771021453856,435.0,0,0,9.389172121610137,0.7252749896297948
2024-10-18 22:15:00+05:30,416.812032304543,28.76666667,87.86666667,22,4,0,0,420.3194126089995,432.0,0,0,9.389172121610137,0.7252749896297948
2024-10-18 22:30:00+05:30,413.9972964026904,28.73333333,88.0,22,4,0,0,416.812032304543,428.0,0,0,9.389172121610137,0.7252749896297948
2024-10-18 22:45:00+05:30,410.2368621085325,28.53333333,88.0,22,4,0,0,413.9972964026904,424.0,0,0,9.389172121610137,0.7252749896297948
2024-10-18 23:00:00+05:30,405.0415997956486,28.43333333,87.96666667,23,4,0,0,410.2368621085325,419.0,0,0,10.314981635691288,0.7718909870937027
2024-10-18 23:15:00+05:30,401.1077264067465,28.36666667,88.26666667,23,4,0,0,405.0415997956486,415.0,0,0,10.314981635691288,0.7718909870937027
2024-10-18 23:30:00+05:30,392.00048122701423,28.3,88.8,23,4,0,0,401.1077264067465,407.0,0,0,10.314981635691288,0.7718909870937027
2024-10-18 23:45:00+05:30,388.109465023083,28.26666667,88.46666667,23,4,0,0,392.00048122701423,401.0,0,0,10.314981635691288,0.7718909870937027
2024-10-19 00:00:00+05:30,383.05681009345466,28.1,89.46666667,0,5,1,0,388.109465023083,394.2040920650383,0,0,10.896953436007536,0.1345953376447433
2024-10-19 00:15:00+05:30,379.2175994973748,27.83333333,90.9,0,5,1,0,383.05681009345466,388.0404577525488,0,0,10.896953436007536,0.1345953376447433
2024-10-19 00:30:00+05:30,372.00610545868847,27.73333333,90.73333333,0,5,1,0,379.2175994973748,378.7748147171331,0,0,10.896953436007536,0.1345953376447433
2024-10-19 00:45:00+05:30,364.884971140758,27.66666667,91.13333333,0,5,1,0,372.00610545868847,372.4257319262001,0,0,10.896953436007536,0.1345953376447433
2024-10-19 01:00:00+05:30,356.7833011525813,27.8,90.9,1,5,1,0,364.884971140758,365.8854560514837,0,0,10.285432132312645,0.009994036151057983
2024-10-19 01:15:00+05:30,349.1130316089207,27.73333333,90.76666667,1,5,1,0,356.7833011525813,360.4857389811761,0,0,10.285432132312645,0.009994036151057983
2024-10-19 01:30:00+05:30,343.2502642296489,27.76666667,90.46666667,1,5,1,0,349.1130316089207,356.382471768191,0,0,10.285432132312645,0.009994036151057983
2024-10-19 01:45:00+05:30,339.6447643210905,27.76666667,90.63333333,1,5,1,0,343.2502642296489,352.1251255040265,0,0,10.285432132312645,0.009994036151057983
2024-10-19 02:00:00+05:30,335.7096158861739,27.76666667,90.63333333,2,5,1,0,339.6447643210905,344.82524368933366,0,0,8.736502644041135,0.08088823844590087
2024-10-19 02:15:00+05:30,330.87333243980447,27.83333333,90.13333333,2,5,1,0,335.7096158861739,342.62151069278406,0,0,8.736502644041135,0.08088823844590087
2024-10-19 02:30:00+05:30,329.0689671516642,27.73333333,90.2,2,5,1,0,330.87333243980447,338.4433499864383,0,0,8.736502644041135,0.08088823844590087
2024-10-19 02:45:00+05:30,326.6887652433188,27.73333333,90.33333333,2,5,1,0,329.0689671516642,334.41877856068726,0,0,8.736502644041135,0.08088823844590087
2024-10-19 03:00:00+05:30,323.2433837765247,27.7,90.93333333,3,5,1,0,326.6887652433188,331.50496012782577,0,0,7.126510250531449,0.1378926843170436
2024-10-19 03:15:00+05:30,321.87593665978744,27.73333333,91.03333333,3,5,1,0,323.2433837765247,330.18186079340506,0,0,7.126510250531449,0.1378926843170436
2024-10-19 03:30:00+05:30,319.0090544510786,27.7,91.76666667,3,5,1,0,321.87593665978744,326.60004312735134,0,0,7.126510250531449,0.1378926843170436
2024-10-19 03:45:00+05:30,317.39789649275406,27.76666667,91.23333333,3,5,1,0,319.0090544510786,324.0744253403965,0,0,7.126510250531449,0.1378926843170436
2024-10-19 04:00:00+05:30,315.1325238781065,27.73333333,91.4,4,5,1,0,317.39789649275406,322.2287155275826,0,0,6.23322848066284,0.18455475868972093
2024-10-19 04:15:00+05:30,315.23080365522384,27.63333333,91.56666667,4,5,1,0,315.1325238781065,320.5118961007714,0,0,6.23322848066284,0.18455475868972093
2024-10-19 04:30:00+05:30,314.82055617736165,27.56666667,91.53333333,4,5,1,0,315.23080365522384,321.43856211026423,0,0,6.23322848066284,0.18455475868972093
2024-10-19 04:45:00+05:30,314.4219841666178,27.63333333,91.53333333,4,5,1,0,314.82055617736165,321.5592592362712,0,0,6.23322848066284,0.18455475868972093
2024-10-19 05:00:00+05:30,314.24515235251124,27.63333333,91.76666667,5,5,1,0,314.4219841666178,322.445057818784,0,0,5.500681652090653,0.1603770500768218
2024-10-19 05:15:00+05:30,315.13254069602857,27.56666667,92.23333333,5,5,1,0,314.24515235251124,324.7894751663437,0,0,5.500681652090653,0.1603770500768218
2024-10-19 05:30:00+05:30,317.794998731228,27.56666667,92.23333333,5,5,1,0,315.13254069602857,328.7095545449536,0,0,5.500681652090653,0.1603770500768218
2024-10-19 05:45:00+05:30,320.6692897099213,27.56666667,92.23333333,5,5,1,0,317.794998731228,331.7734819606705,0,0,5.500681652090653,0.1603770500768218
2024-10-19 06:00:00+05:30,324.8277646894254,27.46666667,92.2,6,5,1,0,320.6692897099213,342.49167482549694,0,0,4.292541893350264,0.24201345767070326
2024-10-19 06:15:00+05:30,325.78758627419626,27.46666667,92.36666667,6,5,1,0,324.8277646894254,354.738805538345,0,0,4.292541893350264,0.24201345767070326
2024-10-19 06:30:00+05:30,331.67990972501474,27.46666667,91.93333333,6,5,1,0,325.78758627419626,365.42161427453374,0,0,4.292541893350264,0.24201345767070326
2024-10-19 06:45:00+05:30,335.40289309322105,27.56666667,91.76666667,6,5,1,0,331.67990972501474,375.1790361356446,0,0,4.292541893350264,0.24201345767070326
2024-10-19 07:00:00+05:30,343.843453927054,27.63333333,92.2,7,5,1,0,335.40289309322105,389.3590806251742,0,0,3.389368785503099,0.4330498027050318
2024-10-19 07:15:00+05:30,351.6815159058796,27.83333333,90.83333333,7,5,1,0,343.843453927054,403.9267056353536,0,0,3.389368785503099,0.4330498027050318
2024-10-19 07:30:00+05:30,361.1687014708085,28.16666667,89.0,7,5,1,0,351.6815159058796,416.42234478828993,0,0,3.389368785503099,0.4330498027050318
2024-10-19 07:45:00+05:30,370.47419985971646,28.36666667,87.6,7,5,1,0,361.1687014708085,439.4471536891165,0,0,3.389368785503099,0.4330498027050318
2024-10-19 08:00:00+05:30,389.2202294728837,28.7,86.66666667,8,5,1,0,370.47419985971646,462.78593329928367,0,0,4.0779365174337965,0.3948123018181323
2024-10-19 08:15:00+05:30,406.6156578476829,28.9,85.3,8,5,1,0,389.2202294728837,485.8404661224829,0,0,4.0779365174337965,0.3948123018181323
2024-10-19 08:30:00+05:30,418.6046550660336,28.9,84.5,8,5,1,0,406.6156578476829,504.7013866858336,0,0,4.0779365174337965,0.3948123018181323
2024-10-19 08:45:00+05:30,428.2998598595087,29.23333333,83.56666667,8,5,1,0,418.6046550660336,523.1280896585088,0,0,4.0779365174337965,0.3948123018181323
2024-10-19 09:00:00+05:30,444.038828347473,29.56666667,81.13333333,9,5,1,1,428.2998598595087,539.088217318673,0,0,3.4471376100258504,0.6884128340080709
2024-10-19 09:15:00+05:30,456.4609233881759,29.76666667,80.16666667,9,5,1,1,444.038828347473,552.271539242376,0,0,3.4471376100258504,0.6884128340080709
2024-10-19 09:30:00+05:30,467.7163284741448,30.46666667,77.9,9,5,1,1,456.4609233881759,566.4282343805448,0,0,3.4471376100258504,0.6884128340080709
2024-10-19 09:45:00+05:30,474.0382733717905,31.33333333,74.7,9,5,1,1,467.7163284741448,577.5893041529857,0,0,3.4471376100258504,0.6884128340080709
2024-10-19 10:00:00+05:30,482.90821856550247,31.5,74.0,10,5,1,1,474.0382733717905,585.8452160780977,0,0,2.0612993378596327,1.1028429520822007
2024-10-19 10:15:00+05:30,489.5424661157879,31.73333333,73.16666667,10,5,1,1,482.90821856550247,592.172557519783,0,0,2.0612993378596327,1.1028429520822007
2024-10-19 10:30:00+05:30,492.9552385621153,31.96666667,73.06666667,10,5,1,1,489.5424661157879,596.4268316157104,0,0,2.0612993378596327,1.1028429520822007
2024-10-19 10:45:00+05:30,498.4891901844275,31.93333333,71.96666667,10,5,1,1,492.9552385621153,597.2160040852378,0,0,2.0612993378596327,1.1028429520822007
2024-10-19 11:00:00+05:30,502.6666928486701,32.0,71.96666667,11,5,1,1,498.4891901844275,603.0509422910085,0,0,1.0206730550620675,1.0847728983406804
2024-10-19 11:15:00+05:30,504.5178970783954,32.1,71.06666667,11,5,1,1,502.6666928486701,604.4912445765158,0,0,1.0206730550620675,1.0847728983406804
2024-10-19 11:30:00+05:30,506.2233320971563,32.26666667,70.8,11,5,1,1,504.5178970783954,606.1393934698126,0,0,1.0206730550620675,1.0847728983406804
2024-10-19 11:45:00+05:30,505.2532508112311,32.43333333,70.03333333,11,5,1,1,506.2233320971563,602.3333775443892,0,0,1.0206730550620675,1.0847728983406804
2024-10-19 12:00:00+05:30,505.98414991195705,32.66666667,69.6,12,5,1,1,505.2532508112311,599.8815870575205,0,0,2.2746353347992057,0.9203932179843796
2024-10-19 12:15:00+05:30,503.9749535061616,32.6,69.83333333,12,5,1,1,505.98414991195705,600.9607190033474,0,0,2.2746353347992057,0.9203932179843796
2024-10-19 12:30:00+05:30,502.06444991166273,32.86666667,69.0,12,5,1,1,503.9749535061616,599.3293016920143,0,0,2.2746353347992057,0.9203932179843796
2024-10-19 12:45:00+05:30,503.8327247805855,33.06666667,67.56666667,12,5,1,1,502.06444991166273,601.6077879443318,0,0,2.2746353347992057,0.9203932179843796
2024-10-19 13:00:00+05:30,502.9301463237837,33.26666667,67.56666667,13,5,1,1,503.8327247805855,603.3273461781101,0,0,4.660065875273532,1.0809034534407196
2024-10-19 13:15:00+05:30,497.8545783466045,33.1,67.93333333,13,5,1,1,502.9301463237837,603.7398007993652,0,0,4.660065875273532,1.0809034534407196
2024-10-19 13:30:00+05:30,498.1387904995829,33.06666667,69.0,13,5,1,1,497.8545783466045,602.2134574999772,0,0,4.660065875273532,1.0809034534407196
2024-10-19 13:45:00+05:30,498.03551263626025,33.2,68.5,13,5,1,1,498.1387904995829,599.1676334352888,0,0,4.660065875273532,1.0809034534407196
2024-10-19 14:00:00+05:30,499.7557686155361,33.06666667,69.23333333,14,5,1,1,498.03551263626025,596.1482154347987,0,0,7.680734244182991,1.6326746678879722
2024-10-19 14:15:00+05:30,503.98805209087305,33.06666667,68.76666667,14,5,1,1,499.7557686155361,597.2641391321774,0,0,7.680734244182991,1.6326746678879722
2024-10-19 14:30:00+05:30,503.9941324911897,32.93333333,69.93333333,14,5,1,1,503.98805209087305,600.7839438869273,0,0,7.680734244182991,1.6326746678879722
2024-10-19 14:45:00+05:30,500.2229183965102,32.5,70.56666667,14,5,1,1,503.9941324911897,598.754419648138,0,0,7.680734244182991,1.6326746678879722
2024-10-19 15:00:00+05:30,498.1259768164901,32.5,71.06666667,15,5,1,1,500.2229183965102,597.139731113052,0,0,8.262340089610356,1.5156550631020618
2024-10-19 15:15:00+05:30,499.5054147450081,32.5,70.63333333,15,5,1,1,498.1259768164901,597.2910202756034,0,0,8.262340089610356,1.5156550631020618
2024-10-19 15:30:00+05:30,500.4126579464751,32.86666667,68.86666667,15,5,1,1,499.5054147450081,593.5135699578539,0,0,8.262340089610356,1.5156550631020618
2024-10-19 15:45:00+05:30,499.6748425463509,33.23333333,67.56666667,15,5,1,1,500.4126579464751,590.2370067800719,0,0,8.262340089610356,1.5156550631020618
2024-10-19 16:00:00+05:30,497.9373236944169,33.33333333,67.33333333,16,5,1,1,499.6748425463509,590.5166894987592,0,0,9.1910272937323,1.2057017392589264
2024-10-19 16:15:00+05:30,494.9716808786361,33.2,69.03333333,16,5,1,1,497.9373236944169,586.3521757371649,0,0,9.1910272937323,1.2057017392589264
2024-10-19 16:30:00+05:30,491.0256977088361,33.16666667,69.2,16,5,1,1,494.9716808786361,582.2890592308947,0,0,9.1910272937323,1.2057017392589264
2024-10-19 16:45:00+05:30,484.6243133175262,32.7,70.7,16,5,1,1,491.0256977088361,574.3797216526372,0,0,9.1910272937323,1.2057017392589264
2024-10-19 17:00:00+05:30,482.62790238139553,31.6,73.36666667,17,5,1,1,484.6243133175262,567.3922764241398,0,0,7.663749198615025,0.7535027628526391
2024-10-19 17:15:00+05:30,478.672866678527,31.23333333,75.1,17,5,1,1,482.62790238139553,562.5935386243021,0,0,7.663749198615025,0.7535027628526391
2024-10-19 17:30:00+05:30,475.6327674404655,30.96666667,76.63333333,17,5,1,1,478.672866678527,551.4405955146708,0,0,7.663749198615025,0.7535027628526391
2024-10-19 17:45:00+05:30,474.6185830289494,30.7,77.8,17,5,1,1,475.6327674404655,546.3914180303453,0,0,7.663749198615025,0.7535027628526391
2024-10-19 18:00:00+05:30,473.9199680152941,30.4,79.83333333,18,5,1,0,474.6185830289494,539.7744487243308,0,0,4.758521579225232,0.5398490611436548
2024-10-19 18:15:00+05:30,472.9077381181071,30.2,80.7,18,5,1,0,473.9199680152941,535.7832881994493,0,0,4.758521579225232,0.5398490611436548
2024-10-19 18:30:00+05:30,470.3600403034776,30.13333333,81.46666667,18,5,1,0,472.9077381181071,526.6855363481236,0,0,4.758521579225232,0.5398490611436548
2024-10-19 18:45:00+05:30,467.1593664077876,30.13333333,82.2,18,5,1,0,470.3600403034776,516.3015605843875,0,0,4.758521579225232,0.5398490611436548
2024-10-19 19:00:00+05:30,463.34794598504806,30.1,82.6,19,5,1,0,467.1593664077876,504.9303170018479,0,0,7.271858284480242,0.7964522305047017
2024-10-19 19:15:00+05:30,460.3730327221302,30.16666667,82.06666667,19,5,1,0,463.34794598504806,493.9262777199304,0,0,7.271858284480242,0.7964522305047017
2024-10-19 19:30:00+05:30,452.53891507250125,30.0,79.53333333,19,5,1,0,460.3730327221302,485.5701938315013,0,0,7.271858284480242,0.7964522305047017
2024-10-19 19:45:00+05:30,440.1075472515264,28.8,81.96666667,19,5,1,0,452.53891507250125,477.4421585325265,0,0,7.271858284480242,0.7964522305047017
2024-10-19 20:00:00+05:30,429.7153150189776,28.16666667,84.86666667,20,5,1,0,440.1075472515264,466.6523288103775,0,0,7.4682959677178244,0.7083492559456792
2024-10-19 20:15:00+05:30,421.35752236137336,27.93333333,86.5,20,5,1,0,429.7153150189776,459.1496168201734,0,0,7.4682959677178244,0.7083492559456792
2024-10-19 20:30:00+05:30,414.16316654621255,27.63333333,84.4,20,5,1,0,421.35752236137336,453.5187465270126,0,0,7.4682959677178244,0.7083492559456792
2024-10-19 20:45:00+05:30,408.9291275631212,27.46666667,84.33333333,20,5,1,0,414.16316654621255,448.209177280921,0,0,7.4682959677178244,0.7083492559456792
2024-10-19 21:00:00+05:30,403.26974253848863,27.16666667,85.0,21,5,1,0,408.9291275631212,444.7820218158886,0,0,8.047314004755947,0.6135525127194714
2024-10-19 21:15:00+05:30,399.9242084446216,27.03333333,84.9,21,5,1,0,403.26974253848863,440.0464674432216,0,0,8.047314004755947,0.6135525127194714
2024-10-19 21:30:00+05:30,396.74945339933606,27.03333333,85.13333333,21,5,1,0,399.9242084446216,434.6300043381361,0,0,8.047314004755947,0.6135525127194714
2024-10-19 21:45:00+05:30,392.4131089089856,26.96666667,86.0,21,5,1,0,396.74945339933606,427.1771021453856,0,0,8.047314004755947,0.6135525127194714
2024-10-19 22:00:00+05:30,387.29576365599945,26.86666667,85.96666667,22,5,1,0,392.4131089089856,420.3194126089995,0,0,9.377234470070356,0.6680040964316557
2024-10-19 22:15:00+05:30,382.3398264103429,26.83333333,86.6,22,5,1,0,387.29576365599945,416.812032304543,0,0,9.377234470070356,0.6680040964316557
2024-10-19 22:30:00+05:30,378.5243942564904,26.76666667,87.0,22,5,1,0,382.3398264103429,413.9972964026904,0,0,9.377234470070356,0.6680040964316557
2024-10-19 22:45:00+05:30,373.6068475719325,26.66666667,87.5,22,5,1,0,378.5243942564904,410.2368621085325,0,0,9.377234470070356,0.6680040964316557
2024-10-19 23:00:00+05:30,367.5478417206485,26.76666667,88.26666667,23,5,1,0,373.6068475719325,405.0415997956486,0,0,10.615258834542416,0.8386761945526492
2024-10-19 23:15:00+05:30,362.2261824631464,26.73333333,88.36666667,23,5,1,0,367.5478417206485,401.1077264067465,0,0,10.615258834542416,0.8386761945526492
2024-10-19 23:30:00+05:30,358.0198681902141,26.76666667,88.56666667,23,5,1,0,362.2261824631464,392.00048122701423,0,0,10.615258834542416,0.8386761945526492
2024-10-19 23:45:00+05:30,355.65586267148296,26.7,88.93333333,23,5,1,0,358.0198681902141,388.109465023083,0,0,10.615258834542416,0.8386761945526492
2024-10-20 00:00:00+05:30,349.7997035680547,26.73333333333333,89.60000000000001,0,6,1,0,355.65586267148296,383.05681009345466,1,0,8.467741196070946,0.5322256701147949
2024-10-20 00:15:00+05:30,346.26956153457456,26.73333333333333,89.8,0,6,1,0,349.7997035680547,379.2175994973748,1,0,8.467741196070946,0.5322256701147949
2024-10-20 00:30:00+05:30,342.5599839210884,26.73333333333333,89.89999999999999,0,6,1,0,346.26956153457456,372.00610545868847,1,0,8.467741196070946,0.5322256701147949
2024-10-20 00:45:00+05:30,338.154114348758,26.73333333333333,90.5,0,6,1,0,342.5599839210884,364.884971140758,1,0,8.467741196070946,0.5322256701147949
2024-10-20 01:00:00+05:30,332.9539301285812,26.766666666666666,90.73333333333332,1,6,1,0,338.154114348758,356.7833011525813,1,0,8.075742688848544,0.4952068378356197
2024-10-20 01:15:00+05:30,329.8334547095208,26.8,90.86666666666667,1,6,1,0,332.9539301285812,349.1130316089207,1,0,8.075742688848544,0.4952068378356197
2024-10-20 01:30:00+05:30,325.30975068284886,26.83333333333333,90.8,1,6,1,0,329.8334547095208,343.2502642296489,1,0,8.075742688848544,0.4952068378356197
2024-10-20 01:45:00+05:30,319.5602719704905,26.766666666666666,91.0,1,6,1,0,325.30975068284886,339.6447643210905,1,0,8.075742688848544,0.4952068378356197
2024-10-20 02:00:00+05:30,316.5078598689739,26.73333333333333,91.03333333333336,2,6,1,0,319.5602719704905,335.7096158861739,1,0,6.436684730109192,0.4484635178109489
2024-10-20 02:15:00+05:30,315.58430901420445,26.633333333333336,91.96666666666664,2,6,1,0,316.5078598689739,330.87333243980447,1,0,6.436684730109192,0.4484635178109489
2024-10-20 02:30:00+05:30,312.3522570544642,26.7,92.16666666666669,2,6,1,0,315.58430901420445,329.0689671516642,1,0,6.436684730109192,0.4484635178109489
2024-10-20 02:45:00+05:30,310.18861120271885,26.73333333333333,92.46666666666664,2,6,1,0,312.3522570544642,326.6887652433188,1,0,6.436684730109192,0.4484635178109489
2024-10-20 03:00:00+05:30,306.6063795791247,26.766666666666666,92.0,3,6,1,0,310.18861120271885,323.2433837765247,1,0,6.046705460489555,0.4027424811377153
2024-10-20 03:15:00+05:30,304.12759315138754,26.73333333333333,92.26666666666668,3,6,1,0,306.6063795791247,321.87593665978744,1,0,6.046705460489555,0.4027424811377153
2024-10-20 03:30:00+05:30,302.59677221167857,26.766666666666666,92.40000000000002,3,6,1,0,304.12759315138754,319.0090544510786,1,0,6.046705460489555,0.4027424811377153
2024-10-20 03:45:00+05:30,299.69172649815414,26.766666666666666,92.83333333333331,3,6,1,0,302.59677221167857,317.39789649275406,1,0,6.046705460489555,0.4027424811377153
2024-10-20 04:00:00+05:30,300.63446154490657,26.766666666666666,93.43333333333332,4,6,1,0,299.69172649815414,315.1325238781065,1,0,5.612455281821313,0.3852786115503754
2024-10-20 04:15:00+05:30,298.3631918712239,26.73333333333333,93.53333333333336,4,6,1,0,300.63446154490657,315.23080365522384,1,0,5.612455281821313,0.3852786115503754
2024-10-20 04:30:00+05:30,298.9494533151617,26.83333333333333,93.73333333333332,4,6,1,0,298.3631918712239,314.82055617736165,1,0,5.612455281821313,0.3852786115503754
2024-10-20 04:45:00+05:30,299.7558190406178,26.8,93.86666666666667,4,6,1,0,298.9494533151617,314.4219841666178,1,0,5.612455281821313,0.3852786115503754
2024-10-20 05:00:00+05:30,298.1952719691112,26.8,93.96666666666664,5,6,1,0,299.7558190406178,314.24515235251124,1,0,5.7098549810644075,0.35253184462516995
2024-10-20 05:15:00+05:30,296.81073930102866,26.9,94.1,5,6,1,0,298.1952719691112,315.13254069602857,1,0,5.7098549810644075,0.35253184462516995
2024-10-20 05:30:00+05:30,300.19700483282804,26.9,93.9,5,6,1,0,296.81073930102866,317.794998731228,1,0,5.7098549810644075,0.35253184462516995
2024-10-20 05:45:00+05:30,301.8691061475213,26.96666666666667,93.8,5,6,1,0,300.19700483282804,320.6692897099213,1,0,5.7098549810644075,0.35253184462516995
2024-10-20 06:00:00+05:30,304.16121938602544,26.96666666666667,93.8,6,6,1,0,301.8691061475213,324.8277646894254,1,0,4.889016701212903,0.3443118382123077
2024-10-20 06:15:00+05:30,303.5908585393962,26.933333333333337,93.73333333333336,6,6,1,0,304.16121938602544,325.78758627419626,1,0,4.889016701212903,0.3443118382123077
2024-10-20 06:30:00+05:30,304.5740309648147,26.933333333333337,93.96666666666664,6,6,1,0,303.5908585393962,331.67990972501474,1,0,4.889016701212903,0.3443118382123077
2024-10-20 06:45:00+05:30,304.74766538002115,27.066666666666663,94.23333333333332,6,6,1,0,304.5740309648147,335.40289309322105,1,0,4.889016701212903,0.3443118382123077
2024-10-20 07:00:00+05:30,308.210335119054,27.23333333333333,93.93333333333332,7,6,1,0,304.74766538002115,343.843453927054,1,0,4.206110207071443,0.36887376854808374
2024-10-20 07:15:00+05:30,311.60061410207953,27.4,93.33333333333331,7,6,1,0,308.210335119054,351.6815159058796,1,0,4.206110207071443,0.36887376854808374
2024-10-20 07:30:00+05:30,313.02248842120844,27.53333333333333,92.83333333333331,7,6,1,0,311.60061410207953,361.1687014708085,1,0,4.206110207071443,0.36887376854808374
2024-10-20 07:45:00+05:30,318.4539536891164,27.9,92.03333333333336,7,6,1,0,313.02248842120844,370.47419985971646,1,0,4.206110207071443,0.36887376854808374
2024-10-20 08:00:00+05:30,326.3333332992837,28.73333333333333,88.16666666666667,8,6,1,0,318.4539536891164,389.2202294728837,1,0,4.492717034381854,0.34872044116026824
2024-10-20 08:15:00+05:30,336.80126612248284,29.2,86.06666666666666,8,6,1,0,326.3333332992837,406.6156578476829,1,0,4.492717034381854,0.34872044116026824
2024-10-20 08:30:00+05:30,343.0755866858336,29.83333333333333,83.53333333333333,8,6,1,0,336.80126612248284,418.6046550660336,1,0,4.492717034381854,0.34872044116026824
2024-10-20 08:45:00+05:30,347.9474896585088,30.266666666666666,82.0,8,6,1,0,343.0755866858336,428.2998598595087,1,0,4.492717034381854,0.34872044116026824
2024-10-20 09:00:00+05:30,356.1938173186729,30.7,79.7,9,6,1,1,347.9474896585088,444.038828347473,1,0,2.9941442556192603,1.1477734201057834
2024-10-20 09:15:00+05:30,360.6315392423759,31.2,77.56666666666668,9,6,1,1,356.1938173186729,456.4609233881759,1,0,2.9941442556192603,1.1477734201057834
2024-10-20 09:30:00+05:30,369.0426343805447,31.5,76.2,9,6,1,1,360.6315392423759,467.7163284741448,1,0,2.9941442556192603,1.1477734201057834
2024-10-20 09:45:00+05:30,374.38162871539055,31.766666666666666,74.99999999999999,9,6,1,1,369.0426343805447,474.0382733717905,1,0,2.9941442556192603,1.1477734201057834
2024-10-20 10:00:00+05:30,381.7647406405025,32.23333333333333,72.89999999999999,10,6,1,1,374.38162871539055,482.90821856550247,1,0,2.712678235727423,1.3314559809097992
2024-10-20 10:15:00+05:30,387.0920820821879,32.56666666666666,71.30000000000001,10,6,1,1,381.7647406405025,489.5424661157879,1,0,2.712678235727423,1.3314559809097992
2024-10-20 10:30:00+05:30,393.2509561781153,32.733333333333334,70.7,10,6,1,1,387.0920820821879,492.9552385621153,1,0,2.712678235727423,1.3314559809097992
2024-10-20 10:45:00+05:30,396.28709638602754,33.13333333333333,68.60000000000001,10,6,1,1,393.2509561781153,498.4891901844275,1,0,2.712678235727423,1.3314559809097992
2024-10-20 11:00:00+05:30,400.89910729527,33.2,66.46666666666667,11,6,1,1,396.28709638602754,502.6666928486701,1,0,2.218806717326144,1.263964089125754
2024-10-20 11:15:00+05:30,402.26065508079535,33.43333333333333,64.7,11,6,1,1,400.89910729527,504.5178970783954,1,0,2.218806717326144,1.263964089125754
2024-10-20 11:30:00+05:30,402.2660118515563,33.86666666666667,64.16666666666667,11,6,1,1,402.26065508079535,506.2233320971563,1,0,2.218806717326144,1.263964089125754
2024-10-20 11:45:00+05:30,404.6535929824311,33.766666666666666,65.13333333333334,11,6,1,1,402.2660118515563,505.2532508112311,1,0,2.218806717326144,1.263964089125754
2024-10-20 12:00:00+05:30,405.024453586757,33.9,65.39999999999999,12,6,1,1,404.6535929824311,505.98414991195705,1,0,1.7213417684507837,1.130168890169175
2024-10-20 12:15:00+05:30,405.5552906743618,33.73333333333333,65.66666666666667,12,6,1,1,405.024453586757,503.9749535061616,1,0,1.7213417684507837,1.130168890169175
2024-10-20 12:30:00+05:30,405.9574989096628,34.1,65.86666666666666,12,6,1,1,405.5552906743618,502.06444991166273,1,0,1.7213417684507837,1.130168890169175
2024-10-20 12:45:00+05:30,408.1382411935854,34.06666666666667,65.2,12,6,1,1,405.9574989096628,503.8327247805855,1,0,1.7213417684507837,1.130168890169175
2024-10-20 13:00:00+05:30,407.8720370777837,34.0,64.63333333333333,13,6,1,1,408.1382411935854,502.9301463237837,1,0,3.202245490382108,1.205855059125089
2024-10-20 13:15:00+05:30,408.0065858484045,34.03333333333333,64.89999999999999,13,6,1,1,407.8720370777837,497.8545783466045,1,0,3.202245490382108,1.205855059125089
2024-10-20 13:30:00+05:30,405.1705366983829,33.96666666666666,65.93333333333334,13,6,1,1,408.0065858484045,498.1387904995829,1,0,3.202245490382108,1.205855059125089
2024-10-20 13:45:00+05:30,406.6242067830602,34.1,63.96666666666667,13,6,1,1,405.1705366983829,498.03551263626025,1,0,3.202245490382108,1.205855059125089
2024-10-20 14:00:00+05:30,408.0724829319362,34.03333333333334,65.60000000000001,14,6,1,1,406.6242067830602,499.7557686155361,1,0,8.524313130624606,1.7486288601649758
2024-10-20 14:15:00+05:30,409.200785644673,33.9,66.46666666666667,14,6,1,1,408.0724829319362,503.98805209087305,1,0,8.524313130624606,1.7486288601649758
2024-10-20 14:30:00+05:30,412.5456979499896,33.7,66.89999999999999,14,6,1,1,409.200785644673,503.9941324911897,1,0,8.524313130624606,1.7486288601649758
2024-10-20 14:45:00+05:30,412.2522860039103,33.36666666666667,68.23333333333333,14,6,1,1,412.5456979499896,500.2229183965102,1,0,8.524313130624606,1.7486288601649758
2024-10-20 15:00:00+05:30,410.0423974068899,33.4,67.73333333333333,15,6,1,1,412.2522860039103,498.1259768164901,1,0,9.155951580342066,1.6301611800312767
2024-10-20 15:15:00+05:30,409.5804626850079,33.4,67.39999999999999,15,6,1,1,410.0423974068899,499.5054147450081,1,0,9.155951580342066,1.6301611800312767
2024-10-20 15:30:00+05:30,408.14472684447526,33.56666666666667,66.76666666666667,15,6,1,1,409.5804626850079,500.4126579464751,1,0,9.155951580342066,1.6301611800312767
2024-10-20 15:45:00+05:30,405.1641288411507,33.6,67.13333333333334,15,6,1,1,408.14472684447526,499.6748425463509,1,0,9.155951580342066,1.6301611800312767
2024-10-20 16:00:00+05:30,403.663212821417,33.7,66.5,16,6,1,1,405.1641288411507,497.9373236944169,1,0,9.763220390047731,1.5215852380237997
2024-10-20 16:15:00+05:30,401.207036324036,33.333333333333336,67.43333333333334,16,6,1,1,403.663212821417,494.9716808786361,1,0,9.763220390047731,1.5215852380237997
2024-10-20 16:30:00+05:30,402.572194255836,33.03333333333333,68.66666666666667,16,6,1,1,401.207036324036,491.0256977088361,1,0,9.763220390047731,1.5215852380237997
2024-10-20 16:45:00+05:30,398.1607091035262,32.63333333333333,69.60000000000001,16,6,1,1,402.572194255836,484.6243133175262,1,0,9.763220390047731,1.5215852380237997
2024-10-20 17:00:00+05:30,396.9934487985954,31.83333333333333,71.63333333333334,17,6,1,1,398.1607091035262,482.62790238139553,1,0,5.851411594928627,1.0257982850636973
2024-10-20 17:15:00+05:30,393.3160155435271,31.433333333333337,73.26666666666667,17,6,1,1,396.9934487985954,478.672866678527,1,0,5.851411594928627,1.0257982850636973
2024-10-20 17:30:00+05:30,393.2513852714656,31.066666666666663,74.60000000000001,17,6,1,1,393.3160155435271,475.6327674404655,1,0,5.851411594928627,1.0257982850636973
2024-10-20 17:45:00+05:30,392.68934767854944,30.8,75.36666666666666,17,6,1,1,393.2513852714656,474.6185830289494,1,0,5.851411594928627,1.0257982850636973
2024-10-20 18:00:00+05:30,395.96346324389424,30.633333333333336,76.2,18,6,1,0,392.68934767854944,473.9199680152941,1,0,4.958224704280353,0.5273588398328456
2024-10-20 18:15:00+05:30,403.14237355750697,30.46666666666667,77.03333333333333,18,6,1,0,395.96346324389424,472.9077381181071,1,0,4.958224704280353,0.5273588398328456
2024-10-20 18:30:00+05:30,405.8432381588775,30.3,78.06666666666668,18,6,1,0,403.14237355750697,470.3600403034776,1,0,4.958224704280353,0.5273588398328456
2024-10-20 18:45:00+05:30,406.0539605843876,30.266666666666666,78.3,18,6,1,0,405.8432381588775,467.1593664077876,1,0,4.958224704280353,0.5273588398328456
2024-10-20 19:00:00+05:30,405.3329170018481,30.133333333333336,79.39999999999999,19,6,1,0,406.0539605843876,463.34794598504806,1,0,7.607404886153187,0.8276656477264418
2024-10-20 19:15:00+05:30,406.9790777199303,30.1,79.76666666666667,19,6,1,0,405.3329170018481,460.3730327221302,1,0,7.607404886153187,0.8276656477264418
2024-10-20 19:30:00+05:30,406.3049938315013,30.03333333333333,78.8,19,6,1,0,406.9790777199303,452.53891507250125,1,0,7.607404886153187,0.8276656477264418
2024-10-20 19:45:00+05:30,402.0179585325265,29.633333333333336,79.16666666666667,19,6,1,0,406.3049938315013,440.1075472515264,1,0,7.607404886153187,0.8276656477264418
2024-10-20 20:00:00+05:30,396.13272881037744,29.133333333333336,76.8,20,6,1,0,402.0179585325265,429.7153150189776,1,0,7.7027193474797215,0.7587418824364598
2024-10-20 20:15:00+05:30,389.5982168201733,28.53333333333333,77.23333333333333,20,6,1,0,396.13272881037744,421.35752236137336,1,0,7.7027193474797215,0.7587418824364598
2024-10-20 20:30:00+05:30,383.96734652701247,28.1,77.93333333333332,20,6,1,0,389.5982168201733,414.16316654621255,1,0,7.7027193474797215,0.7587418824364598
2024-10-20 20:45:00+05:30,378.6259772809212,27.8,80.26666666666667,20,6,1,0,383.96734652701247,408.9291275631212,1,0,7.7027193474797215,0.7587418824364598
2024-10-20 21:00:00+05:30,374.26242181588856,27.73333333333333,81.76666666666667,21,6,1,0,378.6259772809212,403.26974253848863,1,0,7.950032220183155,0.6915969995735951
2024-10-20 21:15:00+05:30,373.3360674432216,27.666666666666668,82.89999999999999,21,6,1,0,374.26242181588856,399.9242084446216,1,0,7.950032220183155,0.6915969995735951
2024-10-20 21:30:00+05:30,369.8242043381361,27.7,84.10000000000001,21,6,1,0,373.3360674432216,396.74945339933606,1,0,7.950032220183155,0.6915969995735951
2024-10-20 21:45:00+05:30,369.0385629532148,27.666666666666668,84.06666666666666,21,6,1,0,369.8242043381361,392.4131089089856,1,0,7.950032220183155,0.6915969995735951
2024-10-20 22:00:00+05:30,364.1506322800283,27.433333333333337,84.46666666666667,22,6,1,0,369.0385629532148,387.29576365599945,1,0,9.001799542184212,0.7639995646872694
2024-10-20 22:15:00+05:30,360.3472473473479,27.23333333333333,84.36666666666666,22,6,1,0,364.1506322800283,382.3398264103429,1,0,9.001799542184212,0.7639995646872694
2024-10-20 22:30:00+05:30,357.6199448070012,27.2,84.36666666666667,22,6,1,0,360.3472473473479,378.5243942564904,1,0,9.001799542184212,0.7639995646872694
2024-10-20 22:45:00+05:30,354.2832128011722,27.1,84.46666666666667,22,6,1,0,357.6199448070012,373.6068475719325,1,0,9.001799542184212,0.7639995646872694
2024-10-20 23:00:00+05:30,350.44701554246905,27.066666666666663,84.83333333333333,23,6,1,0,354.2832128011722,367.5478417206485,1,0,10.168731243760929,0.908984099508447
2024-10-20 23:15:00+05:30,347.0197553539625,27.066666666666663,84.96666666666667,23,6,1,0,350.44701554246905,362.2261824631464,1,0,10.168731243760929,0.908984099508447
2024-10-20 23:30:00+05:30,341.85881094488377,26.933333333333337,84.93333333333332,23,6,1,0,347.0197553539625,358.0198681902141,1,0,10.168731243760929,0.908984099508447
2024-10-20 23:45:00+05:30,338.85719113884704,27.03333333333333,84.53333333333333,23,6,1,0,341.85881094488377,355.65586267148296,1,0,10.168731243760929,0.908984099508447
2024-10-21 00:00:00+05:30,334.3849966767713,28.1,87.5,0,0,0,0,338.85719113884704,349.7997035680547,0,0,10.821030164864855,0.09594533623790569
2024-10-21 00:15:00+05:30,330.26994848392286,28.2,88.5,0,0,0,0,334.3849966767713,346.26956153457456,0,0,10.821030164864855,0.09594533623790569
2024-10-21 00:30:00+05:30,326.77624484086886,28.1,88.4,0,0,0,0,330.26994848392286,342.5599839210884,0,0,10.821030164864855,0.09594533623790569
2024-10-21 00:45:00+05:30,322.2242232858393,28.1,88.9,0,0,0,0,326.77624484086886,338.154114348758,0,0,10.821030164864855,0.09594533623790569
2024-10-21 01:00:00+05:30,316.45247490115366,28.0,88.9,1,0,0,0,322.2242232858393,332.9539301285812,0,0,9.728100754378737,-0.03336421712728943
2024-10-21 01:15:00+05:30,312.2875108976223,28.0,89.2,1,0,0,0,316.45247490115366,329.8334547095208,0,0,9.728100754378737,-0.03336421712728943
2024-10-21 01:30:00+05:30,308.0242486762269,27.9,89.4,1,0,0,0,312.2875108976223,325.30975068284886,0,0,9.728100754378737,-0.03336421712728943
2024-10-21 01:45:00+05:30,303.4198525910408,27.9,89.1,1,0,0,0,308.0242486762269,319.5602719704905,0,0,9.728100754378737,-0.03336421712728943
2024-10-21 02:00:00+05:30,301.5847482704338,27.9,89.1,2,0,0,0,303.4198525910408,316.5078598689739,0,0,8.484637707535343,-0.001367850315744823
2024-10-21 02:15:00+05:30,299.32616310921384,27.9,89.1,2,0,0,0,301.5847482704338,315.58430901420445,0,0,8.484637707535343,-0.001367850315744823
2024-10-21 02:30:00+05:30,296.23534663806464,27.8,89.5,2,0,0,0,299.32616310921384,312.3522570544642,0,0,8.484637707535343,-0.001367850315744823
2024-10-21 02:45:00+05:30,294.4983366502399,27.8,89.1,2,0,0,0,296.23534663806464,310.18861120271885,0,0,8.484637707535343,-0.001367850315744823
2024-10-21 03:00:00+05:30,294.2719997333688,27.8,89.7,3,0,0,0,294.4983366502399,306.6063795791247,0,0,7.607119538689619,-0.06004878179214801
2024-10-21 03:15:00+05:30,293.28602476264484,27.7,89.9,3,0,0,0,294.2719997333688,304.12759315138754,0,0,7.607119538689619,-0.06004878179214801
2024-10-21 03:30:00+05:30,292.56685202216204,27.7,89.9,3,0,0,0,293.28602476264484,302.59677221167857,0,0,7.607119538689619,-0.06004878179214801
2024-10-21 03:45:00+05:30,291.3858964957726,27.7,89.8,3,0,0,0,292.56685202216204,299.69172649815414,0,0,7.607119538689619,-0.06004878179214801
2024-10-21 04:00:00+05:30,290.94228950485746,27.7,89.7,4,0,0,0,291.3858964957726,300.63446154490657,0,0,6.594267060678064,0.008427398213465498
2024-10-21 04:15:00+05:30,290.4280090053949,27.6,89.8,4,0,0,0,290.94228950485746,298.3631918712239,0,0,6.594267060678064,0.008427398213465498
2024-10-21 04:30:00+05:30,291.29704112309776,27.6,90.0,4,0,0,0,290.4280090053949,298.9494533151617,0,0,6.594267060678064,0.008427398213465498
2024-10-21 04:45:00+05:30,293.5415151649865,27.6,89.6,4,0,0,0,291.29704112309776,299.7558190406178,0,0,6.594267060678064,0.008427398213465498
2024-10-21 05:00:00+05:30,293.4910955864908,27.5,90.0,5,0,0,0,293.5415151649865,298.1952719691112,0,0,5.279257902398529,0.10435750043793113
2024-10-21 05:15:00+05:30,295.2022709896122,27.5,90.1,5,0,0,0,293.4910955864908,296.81073930102866,0,0,5.279257902398529,0.10435750043793113
2024-10-21 05:30:00+05:30,299.6906537949786,27.4,90.2,5,0,0,0,295.2022709896122,300.19700483282804,0,0,5.279257902398529,0.10435750043793113
2024-10-21 05:45:00+05:30,303.86697111062983,27.4,90.1,5,0,0,0,299.6906537949786,301.8691061475213,0,0,5.279257902398529,0.10435750043793113
2024-10-21 06:00:00+05:30,313.7799291676113,27.4,90.0,6,0,0,0,303.86697111062983,304.16121938602544,0,0,4.311530887041023,0.35531410580184186
2024-10-21 06:15:00+05:30,321.32341613946124,27.4,90.2,6,0,0,0,313.7799291676113,303.5908585393962,0,0,4.311530887041023,0.35531410580184186
2024-10-21 06:30:00+05:30,330.9502043924079,27.4,90.0,6,0,0,0,321.32341613946124,304.5740309648147,0,0,4.311530887041023,0.35531410580184186
2024-10-21 06:45:00+05:30,342.5677781702945,27.4,89.5,6,0,0,0,330.9502043924079,304.74766538002115,0,0,4.311530887041023,0.35531410580184186
2024-10-21 07:00:00+05:30,355.3340067294579,27.5,89.0,7,0,0,0,342.5677781702945,308.210335119054,0,0,5.499185953045883,0.4537110737780554
2024-10-21 07:15:00+05:30,373.57019308957024,27.6,88.5,7,0,0,0,355.3340067294579,311.60061410207953,0,0,5.499185953045883,0.4537110737780554
2024-10-21 07:30:00+05:30,391.8417775971435,27.8,88.1,7,0,0,0,373.57019308957024,313.02248842120844,0,0,5.499185953045883,0.4537110737780554
2024-10-21 07:45:00+05:30,410.0416189182406,28.1,87.3,7,0,0,0,391.8417775971435,318.4539536891164,0,0,5.499185953045883,0.4537110737780554
2024-10-21 08:00:00+05:30,432.5562803962959,28.4,86.1,8,0,0,0,410.0416189182406,326.3333332992837,0,0,8.459706391374313,0.5709639278196643
2024-10-21 08:15:00+05:30,454.7950416520669,28.9,84.5,8,0,0,0,432.5562803962959,336.80126612248284,0,0,8.459706391374313,0.5709639278196643
2024-10-21 08:30:00+05:30,474.6551963918363,29.3,82.9,8,0,0,0,454.7950416520669,343.0755866858336,0,0,8.459706391374313,0.5709639278196643
2024-10-21 08:45:00+05:30,493.5093783917631,29.4,82.2,8,0,0,0,474.6551963918363,347.9474896585088,0,0,8.459706391374313,0.5709639278196643
2024-10-21 09:00:00+05:30,508.3310391431269,29.8,81.2,9,0,0,1,493.5093783917631,356.1938173186729,0,0,7.468916508257824,1.776913993434797
2024-10-21 09:15:00+05:30,522.3086173992097,30.2,79.9,9,0,0,1,508.3310391431269,360.6315392423759,0,0,7.468916508257824,1.776913993434797
2024-10-21 09:30:00+05:30,534.805642778539,30.4,78.7,9,0,0,1,522.3086173992097,369.0426343805447,0,0,7.468916508257824,1.776913993434797
2024-10-21 09:45:00+05:30,546.019973337116,30.6,78.2,9,0,0,1,534.805642778539,374.38162871539055,0,0,7.468916508257824,1.776913993434797
2024-10-21 10:00:00+05:30,554.033620288197,30.7,78.0,10,0,0,1,546.019973337116,381.7647406405025,0,0,7.176660943313998,1.959443809088301
2024-10-21 10:15:00+05:30,559.7432500550653,30.8,77.7,10,0,0,1,554.033620288197,387.0920820821879,0,0,7.176660943313998,1.959443809088301
2024-10-21 10:30:00+05:30,564.4384780333014,31.1,76.7,10,0,0,1,559.7432500550653,393.2509561781153,0,0,7.176660943313998,1.959443809088301
2024-10-21 10:45:00+05:30,570.2834724184271,31.3,74.9,10,0,0,1,564.4384780333014,396.28709638602754,0,0,7.176660943313998,1.959443809088301
2024-10-21 11:00:00+05:30,571.3022021269065,31.8,73.4,11,0,0,1,570.2834724184271,400.89910729527,0,0,7.922475529678865,1.905498851423404
2024-10-21 11:15:00+05:30,572.5389898154289,32.0,72.2,11,0,0,1,571.3022021269065,402.26065508079535,0,0,7.922475529678865,1.905498851423404
2024-10-21 11:30:00+05:30,572.9540935130501,32.1,72.0,11,0,0,1,572.5389898154289,402.2660118515563,0,0,7.922475529678865,1.905498851423404
2024-10-21 11:45:00+05:30,573.5881192547619,32.0,71.8,11,0,0,1,572.9540935130501,404.6535929824311,0,0,7.922475529678865,1.905498851423404
2024-10-21 12:00:00+05:30,573.5649026765021,32.0,71.6,12,0,0,1,573.5881192547619,405.024453586757,0,0,8.194346391416534,1.8296017411002858
2024-10-21 12:15:00+05:30,571.8702237111676,32.2,72.3,12,0,0,1,573.5649026765021,405.5552906743618,0,0,8.194346391416534,1.8296017411002858
2024-10-21 12:30:00+05:30,571.2869303322062,32.0,72.5,12,0,0,1,571.8702237111676,405.9574989096628,0,0,8.194346391416534,1.8296017411002858
2024-10-21 12:45:00+05:30,568.3277585641345,31.7,72.0,12,0,0,1,571.2869303322062,408.1382411935854,0,0,8.194346391416534,1.8296017411002858
2024-10-21 13:00:00+05:30,566.1163950767507,31.3,74.4,13,0,0,1,568.3277585641345,407.8720370777837,0,0,7.466115020642604,1.781152913482967
2024-10-21 13:15:00+05:30,561.0170502691119,31.5,74.4,13,0,0,1,566.1163950767507,408.0065858484045,0,0,7.466115020642604,1.781152913482967
2024-10-21 13:30:00+05:30,558.1221833995157,31.3,74.2,13,0,0,1,561.0170502691119,405.1705366983829,0,0,7.466115020642604,1.781152913482967
2024-10-21 13:45:00+05:30,558.9854215515852,31.8,72.7,13,0,0,1,558.1221833995157,406.6242067830602,0,0,7.466115020642604,1.781152913482967
2024-10-21 14:00:00+05:30,565.1057604515005,32.0,71.1,14,0,0,1,558.9854215515852,408.0724829319362,0,0,7.453520252664822,1.8810727851227305
2024-10-21 14:15:00+05:30,569.8449058204203,31.6,71.5,14,0,0,1,565.1057604515005,409.200785644673,0,0,7.453520252664822,1.8810727851227305
2024-10-21 14:30:00+05:30,572.8556980391933,31.7,71.7,14,0,0,1,569.8449058204203,412.5456979499896,0,0,7.453520252664822,1.8810727851227305
2024-10-21 14:45:00+05:30,573.3223304502367,32.2,70.3,14,0,0,1,572.8556980391933,412.2522860039103,0,0,7.453520252664822,1.8810727851227305
2024-10-21 15:00:00+05:30,574.1718706238836,32.7,68.6,15,0,0,1,573.3223304502367,410.0423974068899,0,0,7.614608640955644,1.8795749299968296
2024-10-21 15:15:00+05:30,573.7364612090686,32.7,68.6,15,0,0,1,574.1718706238836,409.5804626850079,0,0,7.614608640955644,1.8795749299968296
2024-10-21 15:30:00+05:30,572.1228442026642,33.0,68.6,15,0,0,1,573.7364612090686,408.14472684447526,0,0,7.614608640955644,1.8795749299968296
2024-10-21 15:45:00+05:30,570.7834475299571,33.5,67.5,15,0,0,1,572.1228442026642,405.1641288411507,0,0,7.614608640955644,1.8795749299968296
2024-10-21 16:00:00+05:30,569.7303083882911,33.3,68.2,16,0,0,1,570.7834475299571,403.663212821417,0,0,8.928003783814992,1.63470214174834
2024-10-21 16:15:00+05:30,566.7650606630672,33.7,67.1,16,0,0,1,569.7303083882911,401.207036324036,0,0,8.928003783814992,1.63470214174834
2024-10-21 16:30:00+05:30,564.3377988375078,34.0,66.2,16,0,0,1,566.7650606630672,402.572194255836,0,0,8.928003783814992,1.63470214174834
2024-10-21 16:45:00+05:30,555.1142969440574,33.7,67.2,16,0,0,1,564.3377988375078,398.1607091035262,0,0,8.928003783814992,1.63470214174834
2024-10-21 17:00:00+05:30,551.9012765423755,33.9,66.3,17,0,0,1,555.1142969440574,396.9934487985954,0,0,9.832269406100862,1.3066312424333932
2024-10-21 17:15:00+05:30,545.9731038921301,33.7,66.8,17,0,0,1,551.9012765423755,393.3160155435271,0,0,9.832269406100862,1.3066312424333932
2024-10-21 17:30:00+05:30,536.6348977231158,33.7,67.2,17,0,0,1,545.9731038921301,393.2513852714656,0,0,9.832269406100862,1.3066312424333932
2024-10-21 17:45:00+05:30,531.229502236158,33.6,67.4,17,0,0,1,536.6348977231158,392.68934767854944,0,0,9.832269406100862,1.3066312424333932
2024-10-21 18:00:00+05:30,523.9862994225933,33.1,68.0,18,0,0,0,531.229502236158,395.96346324389424,0,0,10.294210660754121,0.797082883851726
2024-10-21 18:15:00+05:30,517.7639989645324,32.2,70.4,18,0,0,0,523.9862994225933,403.14237355750697,0,0,10.294210660754121,0.797082883851726
2024-10-21 18:30:00+05:30,513.9648063512451,31.6,71.6,18,0,0,0,517.7639989645324,405.8432381588775,0,0,10.294210660754121,0.797082883851726
2024-10-21 18:45:00+05:30,508.84380383788863,31.1,71.7,18,0,0,0,513.9648063512451,406.0539605843876,0,0,10.294210660754121,0.797082883851726
2024-10-21 19:00:00+05:30,497.0320212973308,30.6,73.5,19,0,0,0,508.84380383788863,405.3329170018481,0,0,10.813310868605901,0.8196688281600798
2024-10-21 19:15:00+05:30,485.33016481230425,30.2,74.9,19,0,0,0,497.0320212973308,406.9790777199303,0,0,10.813310868605901,0.8196688281600798
2024-10-21 19:30:00+05:30,479.2548435100324,30.0,75.2,19,0,0,0,485.33016481230425,406.3049938315013,0,0,10.813310868605901,0.8196688281600798
2024-10-21 19:45:00+05:30,470.60289071970834,29.8,75.6,19,0,0,0,479.2548435100324,402.0179585325265,0,0,10.813310868605901,0.8196688281600798
2024-10-21 20:00:00+05:30,462.7617958518817,29.8,76.4,20,0,0,0,470.60289071970834,396.13272881037744,0,0,10.193366449690611,0.84334742214611
2024-10-21 20:15:00+05:30,454.38986903104336,29.6,77.4,20,0,0,0,462.7617958518817,389.5982168201733,0,0,10.193366449690611,0.84334742214611
2024-10-21 20:30:00+05:30,448.318349944631,29.7,78.0,20,0,0,0,454.38986903104336,383.96734652701247,0,0,10.193366449690611,0.84334742214611
2024-10-21 20:45:00+05:30,443.77031881926,29.6,78.1,20,0,0,0,448.318349944631,378.6259772809212,0,0,10.193366449690611,0.84334742214611
2024-10-21 21:00:00+05:30,436.8024827967963,29.6,78.4,21,0,0,0,443.77031881926,374.26242181588856,0,0,8.774792195189448,0.7521888831997796
2024-10-21 21:15:00+05:30,434.8189579940542,29.6,79.1,21,0,0,0,436.8024827967963,373.3360674432216,0,0,8.774792195189448,0.7521888831997796
2024-10-21 21:30:00+05:30,430.41657605923,29.5,79.5,21,0,0,0,434.8189579940542,369.8242043381361,0,0,8.774792195189448,0.7521888831997796
2024-10-21 21:45:00+05:30,425.12586121355343,29.5,80.6,21,0,0,0,430.41657605923,369.0385629532148,0,0,8.774792195189448,0.7521888831997796
2024-10-21 22:00:00+05:30,422.0624174965067,29.4,81.4,22,0,0,0,425.12586121355343,364.1506322800283,0,0,9.389172121610137,0.7252749896297948
2024-10-21 22:15:00+05:30,417.5507159910697,29.3,81.5,22,0,0,0,422.0624174965067,360.3472473473479,0,0,9.389172121610137,0.7252749896297948
2024-10-21 22:30:00+05:30,412.918111814336,29.2,82.2,22,0,0,0,417.5507159910697,357.6199448070012,0,0,9.389172121610137,0.7252749896297948
2024-10-21 22:45:00+05:30,410.0479076504843,29.0,83.3,22,0,0,0,412.918111814336,354.2832128011722,0,0,9.389172121610137,0.7252749896297948
2024-10-21 23:00:00+05:30,404.3903909550447,28.9,83.7,23,0,0,0,410.0479076504843,350.44701554246905,0,0,10.314981635691288,0.7718909870937027
2024-10-21 23:15:00+05:30,398.2384806917297,28.8,84.3,23,0,0,0,404.3903909550447,347.0197553539625,0,0,10.314981635691288,0.7718909870937027
2024-10-21 23:30:00+05:30,391.22347393874367,28.7,85.7,23,0,0,0,398.2384806917297,341.85881094488377,0,0,10.314981635691288,0.7718909870937027
2024-10-21 23:45:00+05:30,387.7011791312473,28.6,86.3,23,0,0,0,391.22347393874367,338.85719113884704,0,0,10.314981635691288,0.7718909870937027
2024-10-22 00:00:00+05:30,381.54114819845466,28.8,82.66666667,0,1,0,0,387.7011791312473,334.3849966767713,0,0,10.821030164864855,0.09594533623790569
2024-10-22 00:15:00+05:30,374.4451618989747,28.8,83.16666667,0,1,0,0,381.54114819845466,330.26994848392286,0,0,10.821030164864855,0.09594533623790569
2024-10-22 00:30:00+05:30,367.7149512538883,28.73333333,82.86666667,0,1,0,0,374.4451618989747,326.77624484086886,0,0,10.821030164864855,0.09594533623790569
2024-10-22 00:45:00+05:30,362.565577854558,28.7,83.13333333,0,1,0,0,367.7149512538883,322.2242232858393,0,0,10.821030164864855,0.09594533623790569
2024-10-22 01:00:00+05:30,354.85702172658137,28.56666667,84.2,1,1,0,0,362.565577854558,316.45247490115366,0,0,9.728100754378737,-0.03336421712728943
2024-10-22 01:15:00+05:30,348.9504138557208,28.56666667,84.56666667,1,1,0,0,354.85702172658137,312.2875108976223,0,0,9.728100754378737,-0.03336421712728943
2024-10-22 01:30:00+05:30,344.32937398824873,28.6,84.4,1,1,0,0,348.9504138557208,308.0242486762269,0,0,9.728100754378737,-0.03336421712728943
2024-10-22 01:45:00+05:30,338.6659081602904,28.43333333,83.93333333,1,1,0,0,344.32937398824873,303.4198525910408,0,0,9.728100754378737,-0.03336421712728943
2024-10-22 02:00:00+05:30,333.54150030657394,28.36666667,84.36666667,2,1,0,0,338.6659081602904,301.5847482704338,0,0,8.484637707535343,-0.001367850315744823
2024-10-22 02:15:00+05:30,330.3183481220046,28.4,84.5,2,1,0,0,333.54150030657394,299.32616310921384,0,0,8.484637707535343,-0.001367850315744823
2024-10-22 02:30:00+05:30,327.01861116346424,28.36666667,84.63333333,2,1,0,0,330.3183481220046,296.23534663806464,0,0,8.484637707535343,-0.001367850315744823
2024-10-22 02:45:00+05:30,326.6204307143188,28.36666667,84.8,2,1,0,0,327.01861116346424,294.4983366502399,0,0,8.484637707535343,-0.001367850315744823
2024-10-22 03:00:00+05:30,325.8263852065248,28.36666667,85.03333333,3,1,0,0,326.6204307143188,294.2719997333688,0,0,7.607119538689619,-0.06004878179214801
2024-10-22 03:15:00+05:30,324.76560228738754,28.4,85.16666667,3,1,0,0,325.8263852065248,293.28602476264484,0,0,7.607119538689619,-0.06004878179214801
2024-10-22 03:30:00+05:30,319.54459827207853,28.43333333,85.66666667,3,1,0,0,324.76560228738754,292.56685202216204,0,0,7.607119538689619,-0.06004878179214801
2024-10-22 03:45:00+05:30,316.2051417147541,28.33333333,86.26666667,3,1,0,0,319.54459827207853,291.3858964957726,0,0,7.607119538689619,-0.06004878179214801
2024-10-22 04:00:00+05:30,316.13254156190663,28.33333333,86.4,4,1,0,0,316.2051417147541,290.94228950485746,0,0,6.594267060678064,0.008427398213465498
2024-10-22 04:15:00+05:30,313.5172676474238,28.36666667,86.86666667,4,1,0,0,316.13254156190663,290.4280090053949,0,0,6.594267060678064,0.008427398213465498
2024-10-22 04:30:00+05:30,315.67776364336163,28.36666667,86.66666667,4,1,0,0,313.5172676474238,291.29704112309776,0,0,6.594267060678064,0.008427398213465498
2024-10-22 04:45:00+05:30,314.4013643722178,28.36666667,87.1,4,1,0,0,315.67776364336163,293.5415151649865,0,0,6.594267060678064,0.008427398213465498
2024-10-22 05:00:00+05:30,314.9372052605112,28.2,87.33333333,5,1,0,0,314.4013643722178,293.4910955864908,0,0,5.279257902398529,0.10435750043793113
2024-10-22 05:15:00+05:30,317.8027288574287,28.23333333,86.7,5,1,0,0,314.9372052605112,295.2022709896122,0,0,5.279257902398529,0.10435750043793113
2024-10-22 05:30:00+05:30,321.781631239628,28.3,86.9,5,1,0,0,317.8027288574287,299.6906537949786,0,0,5.279257902398529,0.10435750043793113
2024-10-22 05:45:00+05:30,326.62438749632133,28.26666667,87.03333333,5,1,0,0,321.781631239628,303.86697111062983,0,0,5.279257902398529,0.10435750043793113
2024-10-22 06:00:00+05:30,335.3103038430253,28.26666667,87.53333333,6,1,0,0,326.62438749632133,313.7799291676113,0,0,4.311530887041023,0.35531410580184186
2024-10-22 06:15:00+05:30,340.22138459999627,28.23333333,87.26666667,6,1,0,0,335.3103038430253,321.32341613946124,0,0,4.311530887041023,0.35531410580184186
2024-10-22 06:30:00+05:30,349.4536277928147,28.23333333,87.56666667,6,1,0,0,340.22138459999627,330.9502043924079,0,0,4.311530887041023,0.35531410580184186
2024-10-22 06:45:00+05:30,360.11777602702114,28.2,88.06666667,6,1,0,0,349.4536277928147,342.5677781702945,0,0,4.311530887041023,0.35531410580184186
2024-10-22 07:00:00+05:30,375.28704095605394,28.33333333,88.26666667,7,1,0,0,360.11777602702114,355.3340067294579,0,0,5.499185953045883,0.4537110737780554
2024-10-22 07:15:00+05:30,392.2605601698797,28.53333333,88.1,7,1,0,0,375.28704095605394,373.57019308957024,0,0,5.499185953045883,0.4537110737780554
2024-10-22 07:30:00+05:30,409.9398789048085,28.86666667,87.5,7,1,0,0,392.2605601698797,391.8417775971435,0,0,5.499185953045883,0.4537110737780554
2024-10-22 07:45:00+05:30,428.72820542191647,29.36666667,85.0,7,1,0,0,409.9398789048085,410.0416189182406,0,0,5.499185953045883,0.4537110737780554
2024-10-22 08:00:00+05:30,452.4739828644836,30.0,81.9,8,1,0,0,428.72820542191647,432.5562803962959,0,0,8.459706391374313,0.5709639278196643
2024-10-22 08:15:00+05:30,476.04904581848285,30.33333333,79.86666667,8,1,0,0,452.4739828644836,454.7950416520669,0,0,8.459706391374313,0.5709639278196643
2024-10-22 08:30:00+05:30,496.2523055838337,30.7,78.36666667,8,1,0,0,476.04904581848285,474.6551963918363,0,0,8.459706391374313,0.5709639278196643
2024-10-22 08:45:00+05:30,514.3776746097086,31.26666667,77.13333333,8,1,0,0,496.2523055838337,493.5093783917631,0,0,8.459706391374313,0.5709639278196643
2024-10-22 09:00:00+05:30,529.7085066564729,31.86666667,74.56666667,9,1,0,1,514.3776746097086,508.3310391431269,0,0,7.468916508257824,1.776913993434797
2024-10-22 09:15:00+05:30,542.0970631811759,32.36666667,73.2,9,1,0,1,529.7085066564729,522.3086173992097,0,0,7.468916508257824,1.776913993434797
2024-10-22 09:30:00+05:30,552.8031443225448,33.0,70.63333333,9,1,0,1,542.0970631811759,534.805642778539,0,0,7.468916508257824,1.776913993434797
2024-10-22 09:45:00+05:30,561.7576048359906,33.46666667,67.03333333,9,1,0,1,552.8031443225448,546.019973337116,0,0,7.468916508257824,1.776913993434797
2024-10-22 10:00:00+05:30,570.4442399459025,33.6,64.9,10,1,0,1,561.7576048359906,554.033620288197,0,0,7.176660943313998,1.959443809088301
2024-10-22 10:15:00+05:30,575.3006036207878,34.03333333,62.3,10,1,0,1,570.4442399459025,559.7432500550653,0,0,7.176660943313998,1.959443809088301
2024-10-22 10:30:00+05:30,580.5068951473153,34.1,61.83333333,10,1,0,1,575.3006036207878,564.4384780333014,0,0,7.176660943313998,1.959443809088301
2024-10-22 10:45:00+05:30,580.7529332460275,34.63333333,59.73333333,10,1,0,1,580.5068951473153,570.2834724184271,0,0,7.176660943313998,1.959443809088301
2024-10-22 11:00:00+05:30,583.6987464240701,34.8,58.96666667,11,1,0,1,580.7529332460275,571.3022021269065,0,0,7.922475529678865,1.905498851423404
2024-10-22 11:15:00+05:30,585.4506211301954,34.96666667,60.7,11,1,0,1,583.6987464240701,572.5389898154289,0,0,7.922475529678865,1.905498851423404
2024-10-22 11:30:00+05:30,586.404945351756,34.93333333,60.23333333,11,1,0,1,585.4506211301954,572.9540935130501,0,0,7.922475529678865,1.905498851423404
2024-10-22 11:45:00+05:30,586.7005504044309,34.93333333,60.73333333,11,1,0,1,586.404945351756,573.5881192547619,0,0,7.922475529678865,1.905498851423404
2024-10-22 12:00:00+05:30,585.0990725161569,34.96666667,60.23333333,12,1,0,1,586.7005504044309,573.5649026765021,0,0,8.194346391416534,1.8296017411002858
2024-10-22 12:15:00+05:30,583.3056778179616,35.06666667,60.43333333,12,1,0,1,585.0990725161569,571.8702237111676,0,0,8.194346391416534,1.8296017411002858
2024-10-22 12:30:00+05:30,581.4057734446628,35.13333333,61.3,12,1,0,1,583.3056778179616,571.2869303322062,0,0,8.194346391416534,1.8296017411002858
2024-10-22 12:45:00+05:30,579.0900922161854,34.93333333,62.0,12,1,0,1,581.4057734446628,568.3277585641345,0,0,8.194346391416534,1.8296017411002858
2024-10-22 13:00:00+05:30,577.6683196897839,34.53333333,62.63333333,13,1,0,1,579.0900922161854,566.1163950767507,0,0,7.466115020642604,1.781152913482967
2024-10-22 13:15:00+05:30,577.2213277026045,34.53333333,63.1,13,1,0,1,577.6683196897839,561.0170502691119,0,0,7.466115020642604,1.781152913482967
2024-10-22 13:30:00+05:30,575.956463198183,34.5,63.46666667,13,1,0,1,577.2213277026045,558.1221833995157,0,0,7.466115020642604,1.781152913482967
2024-10-22 13:45:00+05:30,579.0772235750604,34.7,64.0,13,1,0,1,575.956463198183,558.9854215515852,0,0,7.466115020642604,1.781152913482967
2024-10-22 14:00:00+05:30,583.3352445637361,34.76666667,63.2,14,1,0,1,579.0772235750604,565.1057604515005,0,0,7.453520252664822,1.8810727851227305
2024-10-22 14:15:00+05:30,588.965454695473,34.63333333,64.23333333,14,1,0,1,583.3352445637361,569.8449058204203,0,0,7.453520252664822,1.8810727851227305
2024-10-22 14:30:00+05:30,591.9358606559896,34.66666667,64.13333333,14,1,0,1,588.965454695473,572.8556980391933,0,0,7.453520252664822,1.8810727851227305
2024-10-22 14:45:00+05:30,590.7384877433102,34.63333333,64.1,14,1,0,1,591.9358606559896,573.3223304502367,0,0,7.453520252664822,1.8810727851227305
2024-10-22 15:00:00+05:30,592.1648726922899,34.43333333,64.7,15,1,0,1,590.7384877433102,574.1718706238836,0,0,7.614608640955644,1.8795749299968296
2024-10-22 15:15:00+05:30,590.4359221126078,34.33333333,64.9,15,1,0,1,592.1648726922899,573.7364612090686,0,0,7.614608640955644,1.8795749299968296
2024-10-22 15:30:00+05:30,588.9574655690751,34.36666667,65.3,15,1,0,1,590.4359221126078,572.1228442026642,0,0,7.614608640955644,1.8795749299968296
2024-10-22 15:45:00+05:30,586.5534825483506,34.13333333,65.7,15,1,0,1,588.9574655690751,570.7834475299571,0,0,7.614608640955644,1.8795749299968296
2024-10-22 16:00:00+05:30,586.0788369536169,33.83333333,66.73333333,16,1,0,1,586.5534825483506,569.7303083882911,0,0,8.928003783814992,1.63470214174834
2024-10-22 16:15:00+05:30,581.874839066236,33.4,68.03333333,16,1,0,1,586.0788369536169,566.7650606630672,0,0,8.928003783814992,1.63470214174834
2024-10-22 16:30:00+05:30,578.295408385436,33.23333333,68.56666667,16,1,0,1,581.874839066236,564.3377988375078,0,0,8.928003783814992,1.63470214174834
2024-10-22 16:45:00+05:30,570.880324984726,32.66666667,69.7,16,1,0,1,578.295408385436,555.1142969440574,0,0,8.928003783814992,1.63470214174834
2024-10-22 17:00:00+05:30,565.9342030489954,32.23333333,72.23333333,17,1,0,1,570.880324984726,551.9012765423755,0,0,9.832269406100862,1.3066312424333932
2024-10-22 17:15:00+05:30,558.406783383327,31.96666667,73.03333333,17,1,0,1,565.9342030489954,545.9731038921301,0,0,9.832269406100862,1.3066312424333932
2024-10-22 17:30:00+05:30,547.8499925166655,31.66666667,73.53333333,17,1,0,1,558.406783383327,536.6348977231158,0,0,9.832269406100862,1.3066312424333932
2024-10-22 17:45:00+05:30,544.7448189815492,31.46666667,75.0,17,1,0,1,547.8499925166655,531.229502236158,0,0,9.832269406100862,1.3066312424333932
2024-10-22 18:00:00+05:30,539.5919483458941,31.33333333,74.83333333,18,1,0,0,544.7448189815492,523.9862994225933,0,0,10.294210660754121,0.797082883851726
2024-10-22 18:15:00+05:30,534.0043694511069,31.23333333,75.26666667,18,1,0,0,539.5919483458941,517.7639989645324,0,0,10.294210660754121,0.797082883851726
2024-10-22 18:30:00+05:30,528.5083368120775,31.1,75.93333333,18,1,0,0,534.0043694511069,513.9648063512451,0,0,10.294210660754121,0.797082883851726
2024-10-22 18:45:00+05:30,519.7395286721875,31.06666667,75.66666667,18,1,0,0,528.5083368120775,508.84380383788863,0,0,10.294210660754121,0.797082883851726
2024-10-22 19:00:00+05:30,508.88929898284783,30.96666667,76.16666667,19,1,0,0,519.7395286721875,497.0320212973308,0,0,10.813310868605901,0.8196688281600798
2024-10-22 19:15:00+05:30,498.4685797697304,30.9,76.93333333,19,1,0,0,508.88929898284783,485.33016481230425,0,0,10.813310868605901,0.8196688281600798
2024-10-22 19:30:00+05:30,489.73064037950127,30.83333333,77.5,19,1,0,0,498.4685797697304,479.2548435100324,0,0,10.813310868605901,0.8196688281600798
2024-10-22 19:45:00+05:30,481.3160871037266,30.83333333,78.1,19,1,0,0,489.73064037950127,470.60289071970834,0,0,10.813310868605901,0.8196688281600798
2024-10-22 20:00:00+05:30,475.1699233263776,30.76666667,78.23333333,20,1,0,0,481.3160871037266,462.7617958518817,0,0,10.193366449690611,0.84334742214611
2024-10-22 20:15:00+05:30,468.9466549697733,30.66666667,78.06666667,20,1,0,0,475.1699233263776,454.38986903104336,0,0,10.193366449690611,0.84334742214611
2024-10-22 20:30:00+05:30,463.6716412898125,30.63333333,79.06666667,20,1,0,0,468.9466549697733,448.318349944631,0,0,10.193366449690611,0.84334742214611
2024-10-22 20:45:00+05:30,458.89780185532095,30.53333333,79.36666667,20,1,0,0,463.6716412898125,443.77031881926,0,0,10.193366449690611,0.84334742214611
2024-10-22 21:00:00+05:30,453.0581635376887,30.46666667,78.3,21,1,0,0,458.89780185532095,436.8024827967963,0,0,8.774792195189448,0.7521888831997796
2024-10-22 21:15:00+05:30,449.4995186388215,30.5,77.36666667,21,1,0,0,453.0581635376887,434.8189579940542,0,0,8.774792195189448,0.7521888831997796
2024-10-22 21:30:00+05:30,444.41703213353605,30.4,78.5,21,1,0,0,449.4995186388215,430.41657605923,0,0,8.774792195189448,0.7521888831997796
2024-10-22 21:45:00+05:30,441.0699109627857,30.3,78.33333333,21,1,0,0,444.41703213353605,425.12586121355343,0,0,8.774792195189448,0.7521888831997796
2024-10-22 22:00:00+05:30,432.8514299349994,30.26666667,78.63333333,22,1,0,0,441.0699109627857,422.0624174965067,0,0,9.389172121610137,0.7252749896297948
2024-10-22 22:15:00+05:30,427.96904409514303,30.23333333,78.76666667,22,1,0,0,432.8514299349994,417.5507159910697,0,0,9.389172121610137,0.7252749896297948
2024-10-22 22:30:00+05:30,428.3277741644904,30.13333333,79.43333333,22,1,0,0,427.96904409514303,412.918111814336,0,0,9.389172121610137,0.7252749896297948
2024-10-22 22:45:00+05:30,422.9524884553326,30.03333333,80.5,22,1,0,0,428.3277741644904,410.0479076504843,0,0,9.389172121610137,0.7252749896297948
2024-10-22 23:00:00+05:30,419.0803806886486,30.0,80.83333333,23,1,0,0,422.9524884553326,404.3903909550447,0,0,10.314981635691288,0.7718909870937027
2024-10-22 23:15:00+05:30,413.9721166105464,29.9,81.23333333,23,1,0,0,419.0803806886486,398.2384806917297,0,0,10.314981635691288,0.7718909870937027
2024-10-22 23:30:00+05:30,406.9564039374144,29.9,81.33333333,23,1,0,0,413.9721166105464,391.22347393874367,0,0,10.314981635691288,0.7718909870937027
2024-10-22 23:45:00+05:30,398.70126872728304,29.8,82.0,23,1,0,0,406.9564039374144,387.7011791312473,0,0,10.314981635691288,0.7718909870937027
2024-10-23 00:00:00+05:30,390.2577130084202,29.7,82.39999999999999,0,2,0,0,398.70126872728304,381.54114819845466,0,0,10.821030164864855,0.09594533623790569
2024-10-23 00:15:00+05:30,385.06150352380746,29.73333333333333,82.66666666666667,0,2,0,0,390.2577130084202,374.4451618989747,0,0,10.821030164864855,0.09594533623790569
2024-10-23 00:30:00+05:30,377.650334161026,29.566666666666663,82.03333333333335,0,2,0,0,385.06150352380746,367.7149512538883,0,0,10.821030164864855,0.09594533623790569
2024-10-23 00:45:00+05:30,371.1408014156672,29.23333333333333,81.83333333333333,0,2,0,0,377.650334161026,362.565577854558,0,0,10.821030164864855,0.09594533623790569
2024-10-23 01:00:00+05:30,363.9333386117698,28.96666666666667,81.96666666666665,1,2,0,0,371.1408014156672,354.85702172658137,0,0,9.728100754378737,-0.03336421712728943
2024-10-23 01:15:00+05:30,358.2085685216119,28.766666666666666,82.23333333333333,1,2,0,0,363.9333386117698,348.9504138557208,0,0,9.728100754378737,-0.03336421712728943
2024-10-23 01:30:00+05:30,351.95432879115714,28.7,82.46666666666665,1,2,0,0,358.2085685216119,344.32937398824873,0,0,9.728100754378737,-0.03336421712728943
2024-10-23 01:45:00+05:30,346.196744661005,28.6,82.46666666666667,1,2,0,0,351.95432879115714,338.6659081602904,0,0,9.728100754378737,-0.03336421712728943
2024-10-23 02:00:00+05:30,343.6873019912127,28.466666666666665,82.7,2,2,0,0,346.196744661005,333.54150030657394,0,0,8.484637707535343,-0.001367850315744823
2024-10-23 02:15:00+05:30,338.1409322286908,28.5,82.16666666666667,2,2,0,0,343.6873019912127,330.3183481220046,0,0,8.484637707535343,-0.001367850315744823
2024-10-23 02:30:00+05:30,334.376704895229,28.433333333333337,82.46666666666668,2,2,0,0,338.1409322286908,327.01861116346424,0,0,8.484637707535343,-0.001367850315744823
2024-10-23 02:45:00+05:30,331.02971901054764,28.5,83.03333333333333,2,2,0,0,334.376704895229,326.6204307143188,0,0,8.484637707535343,-0.001367850315744823
2024-10-23 03:00:00+05:30,327.7185484697917,28.433333333333337,82.93333333333334,3,2,0,0,331.02971901054764,325.8263852065248,0,0,7.607119538689619,-0.06004878179214801
2024-10-23 03:15:00+05:30,324.18047453492574,28.36666666666667,83.06666666666666,3,2,0,0,327.7185484697917,324.76560228738754,0,0,7.607119538689619,-0.06004878179214801
2024-10-23 03:30:00+05:30,320.9501585555946,28.266666666666666,83.8,3,2,0,0,324.18047453492574,319.54459827207853,0,0,7.607119538689619,-0.06004878179214801
2024-10-23 03:45:00+05:30,318.3954768185817,28.23333333333333,83.8,3,2,0,0,320.9501585555946,316.2051417147541,0,0,7.607119538689619,-0.06004878179214801
2024-10-23 04:00:00+05:30,318.4857534960975,28.266666666666666,84.39999999999999,4,2,0,0,318.3954768185817,316.13254156190663,0,0,6.594267060678064,0.008427398213465498
2024-10-23 04:15:00+05:30,317.7579805115644,28.23333333333333,83.7,4,2,0,0,318.4857534960975,313.5172676474238,0,0,6.594267060678064,0.008427398213465498
2024-10-23 04:30:00+05:30,318.56439472746183,28.266666666666666,83.89999999999999,4,2,0,0,317.7579805115644,315.67776364336163,0,0,6.594267060678064,0.008427398213465498
2024-10-23 04:45:00+05:30,316.92765730377545,28.166666666666668,84.39999999999999,4,2,0,0,318.56439472746183,314.4013643722178,0,0,6.594267060678064,0.008427398213465498
2024-10-23 05:00:00+05:30,319.49322373816506,28.100000000000005,84.73333333333333,5,2,0,0,316.92765730377545,314.9372052605112,0,0,5.279257902398529,0.10435750043793113
2024-10-23 05:15:00+05:30,320.9590530141874,28.066666666666663,84.7,5,2,0,0,319.49322373816506,317.8027288574287,0,0,5.279257902398529,0.10435750043793113
2024-10-23 05:30:00+05:30,324.6169854909718,28.03333333333333,84.43333333333334,5,2,0,0,320.9590530141874,321.781631239628,0,0,5.279257902398529,0.10435750043793113
2024-10-23 05:45:00+05:30,328.98635050601666,28.066666666666663,84.66666666666667,5,2,0,0,324.6169854909718,326.62438749632133,0,0,5.279257902398529,0.10435750043793113
2024-10-23 06:00:00+05:30,337.6794035952309,28.03333333333333,84.13333333333334,6,2,0,0,328.98635050601666,335.3103038430253,0,0,4.311530887041023,0.35531410580184186
2024-10-23 06:15:00+05:30,344.3329367394145,28.0,84.5,6,2,0,0,337.6794035952309,340.22138459999627,0,0,4.311530887041023,0.35531410580184186
2024-10-23 06:30:00+05:30,352.2892695617122,28.0,85.3,6,2,0,0,344.3329367394145,349.4536277928147,0,0,4.311530887041023,0.35531410580184186
2024-10-23 06:45:00+05:30,362.5721001052373,28.133333333333336,85.2,6,2,0,0,352.2892695617122,360.11777602702114,0,0,4.311530887041023,0.35531410580184186
2024-10-23 07:00:00+05:30,378.5459932721948,28.23333333333333,84.60000000000001,7,2,0,0,362.5721001052373,375.28704095605394,0,0,5.499185953045883,0.4537110737780554
2024-10-23 07:15:00+05:30,391.05539763359457,28.433333333333337,84.26666666666667,7,2,0,0,378.5459932721948,392.2605601698797,0,0,5.499185953045883,0.4537110737780554
2024-10-23 07:30:00+05:30,408.5629370310332,28.866666666666664,83.39999999999999,7,2,0,0,391.05539763359457,409.9398789048085,0,0,5.499185953045883,0.4537110737780554
2024-10-23 07:45:00+05:30,427.2110804590975,29.433333333333337,81.2,7,2,0,0,408.5629370310332,428.72820542191647,0,0,5.499185953045883,0.4537110737780554
2024-10-23 08:00:00+05:30,448.8270268216557,29.83333333333333,79.03333333333335,8,2,0,0,427.2110804590975,452.4739828644836,0,0,8.459706391374313,0.5709639278196643
2024-10-23 08:15:00+05:30,466.8928778386963,30.4,76.8,8,2,0,0,448.8270268216557,476.04904581848285,0,0,8.459706391374313,0.5709639278196643
2024-10-23 08:30:00+05:30,487.3539416654555,31.03333333333333,74.36666666666666,8,2,0,0,466.8928778386963,496.2523055838337,0,0,8.459706391374313,0.5709639278196643
2024-10-23 08:45:00+05:30,508.7701441092863,31.03333333333333,73.7,8,2,0,0,487.3539416654555,514.3776746097086,0,0,8.459706391374313,0.5709639278196643
2024-10-23 09:00:00+05:30,523.7073381959758,31.3,72.89999999999999,9,2,0,1,508.7701441092863,529.7085066564729,0,0,7.468916508257824,1.776913993434797
2024-10-23 09:15:00+05:30,534.7989064902619,31.466666666666665,71.93333333333334,9,2,0,1,523.7073381959758,542.0970631811759,0,0,7.468916508257824,1.776913993434797
2024-10-23 09:30:00+05:30,544.6821559295205,32.36666666666667,70.03333333333332,9,2,0,1,534.7989064902619,552.8031443225448,0,0,7.468916508257824,1.776913993434797
2024-10-23 09:45:00+05:30,556.7286336371383,32.93333333333333,67.53333333333333,9,2,0,1,544.6821559295205,561.7576048359906,0,0,7.468916508257824,1.776913993434797
2024-10-23 10:00:00+05:30,564.2578629253171,33.166666666666664,67.60000000000001,10,2,0,1,556.7286336371383,570.4442399459025,0,0,7.176660943313998,1.959443809088301
2024-10-23 10:15:00+05:30,572.0081088411844,33.233333333333334,66.26666666666667,10,2,0,1,564.2578629253171,575.3006036207878,0,0,7.176660943313998,1.959443809088301
2024-10-23 10:30:00+05:30,578.6666165228887,33.46666666666667,65.5,10,2,0,1,572.0081088411844,580.5068951473153,0,0,7.176660943313998,1.959443809088301
2024-10-23 10:45:00+05:30,580.4697371325443,33.2,65.76666666666667,10,2,0,1,578.6666165228887,580.7529332460275,0,0,7.176660943313998,1.959443809088301
2024-10-23 11:00:00+05:30,580.9123284435301,33.766666666666666,65.06666666666666,11,2,0,1,580.4697371325443,583.6987464240701,0,0,7.922475529678865,1.905498851423404
2024-10-23 11:15:00+05:30,580.0408566307987,34.23333333333333,63.36666666666667,11,2,0,1,580.9123284435301,585.4506211301954,0,0,7.922475529678865,1.905498851423404
2024-10-23 11:30:00+05:30,581.717793803303,34.333333333333336,63.36666666666667,11,2,0,1,580.0408566307987,586.404945351756,0,0,7.922475529678865,1.905498851423404
2024-10-23 11:45:00+05:30,583.8087553359212,34.93333333333334,61.03333333333333,11,2,0,1,581.717793803303,586.7005504044309,0,0,7.922475529678865,1.905498851423404
2024-10-23 12:00:00+05:30,583.9147963419905,35.166666666666664,59.6,12,2,0,1,583.8087553359212,585.0990725161569,0,0,8.194346391416534,1.8296017411002858
2024-10-23 12:15:00+05:30,580.2762138313385,35.23333333333334,59.73333333333333,12,2,0,1,583.9147963419905,583.3056778179616,0,0,8.194346391416534,1.8296017411002858
2024-10-23 12:30:00+05:30,579.445402468383,35.233333333333334,59.7,12,2,0,1,580.2762138313385,581.4057734446628,0,0,8.194346391416534,1.8296017411002858
2024-10-23 12:45:00+05:30,579.393125154049,35.266666666666666,59.56666666666666,12,2,0,1,579.445402468383,579.0900922161854,0,0,8.194346391416534,1.8296017411002858
2024-10-23 13:00:00+05:30,579.8092584511361,35.43333333333333,58.76666666666667,13,2,0,1,579.393125154049,577.6683196897839,0,0,7.466115020642604,1.781152913482967
2024-10-23 13:15:00+05:30,576.9097920854185,35.833333333333336,56.63333333333333,13,2,0,1,579.8092584511361,577.2213277026045,0,0,7.466115020642604,1.781152913482967
2024-10-23 13:30:00+05:30,577.1078075071306,35.93333333333333,57.43333333333334,13,2,0,1,576.9097920854185,575.956463198183,0,0,7.466115020642604,1.781152913482967
2024-10-23 13:45:00+05:30,579.8685277736373,36.1,59.133333333333326,13,2,0,1,577.1078075071306,579.0772235750604,0,0,7.466115020642604,1.781152913482967
2024-10-23 14:00:00+05:30,584.7059897992485,35.46666666666666,60.866666666666674,14,2,0,1,579.8685277736373,583.3352445637361,0,0,7.453520252664822,1.8810727851227305
2024-10-23 14:15:00+05:30,590.2677725152919,35.4,60.36666666666667,14,2,0,1,584.7059897992485,588.965454695473,0,0,7.453520252664822,1.8810727851227305
2024-10-23 14:30:00+05:30,596.3384045318269,35.5,61.0,14,2,0,1,590.2677725152919,591.9358606559896,0,0,7.453520252664822,1.8810727851227305
2024-10-23 14:45:00+05:30,596.755125507422,35.26666666666667,61.5,14,2,0,1,596.3384045318269,590.7384877433102,0,0,7.453520252664822,1.8810727851227305
2024-10-23 15:00:00+05:30,600.5355283924414,35.13333333333333,62.96666666666667,15,2,0,1,596.755125507422,592.1648726922899,0,0,7.614608640955644,1.8795749299968296
2024-10-23 15:15:00+05:30,602.5482388963139,35.03333333333334,62.0,15,2,0,1,600.5355283924414,590.4359221126078,0,0,7.614608640955644,1.8795749299968296
2024-10-23 15:30:00+05:30,601.196781034376,35.266666666666666,61.93333333333334,15,2,0,1,602.5482388963139,588.9574655690751,0,0,7.614608640955644,1.8795749299968296
2024-10-23 15:45:00+05:30,597.551272689419,35.26666666666667,60.76666666666667,15,2,0,1,601.196781034376,586.5534825483506,0,0,7.614608640955644,1.8795749299968296
2024-10-23 16:00:00+05:30,596.2400600272368,34.93333333333333,60.833333333333336,16,2,0,1,597.551272689419,586.0788369536169,0,0,8.928003783814992,1.63470214174834
2024-10-23 16:15:00+05:30,594.6166275666505,34.5,64.8,16,2,0,1,596.2400600272368,581.874839066236,0,0,8.928003783814992,1.63470214174834
2024-10-23 16:30:00+05:30,590.9533678906735,34.1,66.66666666666667,16,2,0,1,594.6166275666505,578.295408385436,0,0,8.928003783814992,1.63470214174834
2024-10-23 16:45:00+05:30,584.5695506166498,33.43333333333334,68.43333333333334,16,2,0,1,590.9533678906735,570.880324984726,0,0,8.928003783814992,1.63470214174834
2024-10-23 17:00:00+05:30,579.51787332565,32.86666666666667,69.0,17,2,0,1,584.5695506166498,565.9342030489954,0,0,9.832269406100862,1.3066312424333932
2024-10-23 17:15:00+05:30,572.6649826406199,32.53333333333333,70.30000000000001,17,2,0,1,579.51787332565,558.406783383327,0,0,9.832269406100862,1.3066312424333932
2024-10-23 17:30:00+05:30,562.8326798425653,32.13333333333333,70.96666666666665,17,2,0,1,572.6649826406199,547.8499925166655,0,0,9.832269406100862,1.3066312424333932
2024-10-23 17:45:00+05:30,553.9841499071641,32.0,71.03333333333335,17,2,0,1,562.8326798425653,544.7448189815492,0,0,9.832269406100862,1.3066312424333932
2024-10-23 18:00:00+05:30,546.5737550183903,31.83333333333333,71.63333333333334,18,2,0,0,553.9841499071641,539.5919483458941,0,0,10.294210660754121,0.797082883851726
2024-10-23 18:15:00+05:30,542.5432932372923,31.666666666666668,73.03333333333335,18,2,0,0,546.5737550183903,534.0043694511069,0,0,10.294210660754121,0.797082883851726
2024-10-23 18:30:00+05:30,535.5093606016604,31.433333333333337,74.23333333333333,18,2,0,0,542.5432932372923,528.5083368120775,0,0,10.294210660754121,0.797082883851726
2024-10-23 18:45:00+05:30,528.1517984898704,31.366666666666664,75.13333333333333,18,2,0,0,535.5093606016604,519.7395286721875,0,0,10.294210660754121,0.797082883851726
2024-10-23 19:00:00+05:30,518.5748385590987,31.3,75.46666666666665,19,2,0,0,528.1517984898704,508.88929898284783,0,0,10.813310868605901,0.8196688281600798
2024-10-23 19:15:00+05:30,506.9242993618989,31.266666666666666,76.0,19,2,0,0,518.5748385590987,498.4685797697304,0,0,10.813310868605901,0.8196688281600798
2024-10-23 19:30:00+05:30,498.48261009699377,31.266666666666666,76.7,19,2,0,0,506.9242993618989,489.73064037950127,0,0,10.813310868605901,0.8196688281600798
2024-10-23 19:45:00+05:30,491.410876430726,31.2,76.89999999999999,19,2,0,0,498.48261009699377,481.3160871037266,0,0,10.813310868605901,0.8196688281600798
2024-10-23 20:00:00+05:30,481.1799720196082,31.166666666666668,77.36666666666667,20,2,0,0,491.410876430726,475.1699233263776,0,0,10.193366449690611,0.84334742214611
2024-10-23 20:15:00+05:30,475.2591267721685,31.03333333333333,77.8,20,2,0,0,481.1799720196082,468.9466549697733,0,0,10.193366449690611,0.84334742214611
2024-10-23 20:30:00+05:30,468.9275509183067,30.96666666666667,78.16666666666667,20,2,0,0,475.2591267721685,463.6716412898125,0,0,10.193366449690611,0.84334742214611
2024-10-23 20:45:00+05:30,463.34073128356806,30.933333333333337,78.06666666666666,20,2,0,0,468.9275509183067,458.89780185532095,0,0,10.193366449690611,0.84334742214611
2024-10-23 21:00:00+05:30,458.6663336531861,30.866666666666664,77.86666666666666,21,2,0,0,463.34073128356806,453.0581635376887,0,0,8.774792195189448,0.7521888831997796
2024-10-23 21:15:00+05:30,452.8922260586268,30.8,77.89999999999999,21,2,0,0,458.6663336531861,449.4995186388215,0,0,8.774792195189448,0.7521888831997796
2024-10-23 21:30:00+05:30,449.12266461955033,30.73333333333333,77.33333333333333,21,2,0,0,452.8922260586268,444.41703213353605,0,0,8.774792195189448,0.7521888831997796
2024-10-23 21:45:00+05:30,447.7436274494322,30.666666666666668,77.03333333333335,21,2,0,0,449.12266461955033,441.0699109627857,0,0,8.774792195189448,0.7521888831997796
2024-10-23 22:00:00+05:30,440.4691405156505,30.566666666666663,77.06666666666666,22,2,0,0,447.7436274494322,432.8514299349994,0,0,9.389172121610137,0.7252749896297948
2024-10-23 22:15:00+05:30,434.1898340694568,30.566666666666663,76.36666666666666,22,2,0,0,440.4691405156505,427.96904409514303,0,0,9.389172121610137,0.7252749896297948
2024-10-23 22:30:00+05:30,429.8646463421468,30.46666666666667,76.23333333333333,22,2,0,0,434.1898340694568,428.3277741644904,0,0,9.389172121610137,0.7252749896297948
2024-10-23 22:45:00+05:30,425.6897058856607,30.366666666666664,76.5,22,2,0,0,429.8646463421468,422.9524884553326,0,0,9.389172121610137,0.7252749896297948
2024-10-23 23:00:00+05:30,422.3551919690544,30.366666666666664,77.13333333333334,23,2,0,0,425.6897058856607,419.0803806886486,0,0,10.314981635691288,0.7718909870937027
2024-10-23 23:15:00+05:30,416.8799958261995,30.3,77.96666666666665,23,2,0,0,422.3551919690544,413.9721166105464,0,0,10.314981635691288,0.7718909870937027
2024-10-23 23:30:00+05:30,409.9553301111283,30.26666666666667,77.93333333333334,23,2,0,0,416.8799958261995,406.9564039374144,0,0,10.314981635691288,0.7718909870937027
2024-10-23 23:45:00+05:30,404.80997863558736,30.166666666666668,78.3,23,2,0,0,409.9553301111283,398.70126872728304,0,0,10.314981635691288,0.7718909870937027
2024-10-24 00:00:00+05:30,397.02436723744967,30.066666666666663,77.96666666666667,0,3,0,0,404.80997863558736,390.2577130084202,0,0,10.821030164864855,0.09594533623790569
2024-10-24 00:15:00+05:30,388.727216647026,30.0,77.03333333333333,0,3,0,0,397.02436723744967,385.06150352380746,0,0,10.821030164864855,0.09594533623790569
2024-10-24 00:30:00+05:30,381.30217153505794,29.96666666666667,76.16666666666667,0,3,0,0,388.727216647026,377.650334161026,0,0,10.821030164864855,0.09594533623790569
2024-10-24 00:45:00+05:30,375.0877193334412,29.866666666666664,75.8,0,3,0,0,381.30217153505794,371.1408014156672,0,0,10.821030164864855,0.09594533623790569
2024-10-24 01:00:00+05:30,366.8333673063116,29.8,75.7,1,3,0,0,375.0877193334412,363.9333386117698,0,0,9.728100754378737,-0.03336421712728943
2024-10-24 01:15:00+05:30,360.7263361939082,29.7,75.93333333333334,1,3,0,0,366.8333673063116,358.2085685216119,0,0,9.728100754378737,-0.03336421712728943
2024-10-24 01:30:00+05:30,357.9804088809352,29.666666666666668,76.10000000000001,1,3,0,0,360.7263361939082,351.95432879115714,0,0,9.728100754378737,-0.03336421712728943
2024-10-24 01:45:00+05:30,354.6342584499711,29.566666666666663,76.0,1,3,0,0,357.9804088809352,346.196744661005,0,0,9.728100754378737,-0.03336421712728943
2024-10-24 02:00:00+05:30,349.5580039609745,29.53333333333333,76.16666666666666,2,3,0,0,354.6342584499711,343.6873019912127,0,0,8.484637707535343,-0.001367850315744823
2024-10-24 02:15:00+05:30,345.8975059870575,29.5,76.23333333333333,2,3,0,0,349.5580039609745,338.1409322286908,0,0,8.484637707535343,-0.001367850315744823
2024-10-24 02:30:00+05:30,343.133013458529,29.433333333333337,76.46666666666667,2,3,0,0,345.8975059870575,334.376704895229,0,0,8.484637707535343,-0.001367850315744823
2024-10-24 02:45:00+05:30,340.42360977507644,29.366666666666664,76.60000000000001,2,3,0,0,343.133013458529,331.02971901054764,0,0,8.484637707535343,-0.001367850315744823
2024-10-24 03:00:00+05:30,336.9660405447148,29.3,76.66666666666667,3,3,0,0,340.42360977507644,327.7185484697917,0,0,7.607119538689619,-0.06004878179214801
2024-10-24 03:15:00+05:30,335.3073524405049,29.2,76.83333333333333,3,3,0,0,336.9660405447148,324.18047453492574,0,0,7.607119538689619,-0.06004878179214801
2024-10-24 03:30:00+05:30,330.6640167207256,29.133333333333336,77.1,3,3,0,0,335.3073524405049,320.9501585555946,0,0,7.607119538689619,-0.06004878179214801
2024-10-24 03:45:00+05:30,326.5580272229991,29.066666666666663,77.60000000000001,3,3,0,0,330.6640167207256,318.3954768185817,0,0,7.607119538689619,-0.06004878179214801
2024-10-24 04:00:00+05:30,323.5626308229289,29.066666666666663,77.43333333333334,4,3,0,0,326.5580272229991,318.4857534960975,0,0,6.594267060678064,0.008427398213465498
2024-10-24 04:15:00+05:30,322.41151222602105,28.96666666666667,77.10000000000001,4,3,0,0,323.5626308229289,317.7579805115644,0,0,6.594267060678064,0.008427398213465498
2024-10-24 04:30:00+05:30,320.7409702974928,28.866666666666664,77.23333333333333,4,3,0,0,322.41151222602105,318.56439472746183,0,0,6.594267060678064,0.008427398213465498
2024-10-24 04:45:00+05:30,318.54284220318294,28.83333333333333,78.3,4,3,0,0,320.7409702974928,316.92765730377545,0,0,6.594267060678064,0.008427398213465498
2024-10-24 05:00:00+05:30,320.4145655987877,28.73333333333333,78.73333333333333,5,3,0,0,318.54284220318294,319.49322373816506,0,0,5.279257902398529,0.10435750043793113
2024-10-24 05:15:00+05:30,325.6615178528286,28.633333333333336,79.16666666666667,5,3,0,0,320.4145655987877,320.9590530141874,0,0,5.279257902398529,0.10435750043793113
2024-10-24 05:30:00+05:30,332.0433279940515,28.600000000000005,79.5,5,3,0,0,325.6615178528286,324.6169854909718,0,0,5.279257902398529,0.10435750043793113
2024-10-24 05:45:00+05:30,336.9350583275933,28.5,79.53333333333333,5,3,0,0,332.0433279940515,328.98635050601666,0,0,5.279257902398529,0.10435750043793113
2024-10-24 06:00:00+05:30,346.0286951555548,28.433333333333337,79.6,6,3,0,0,336.9350583275933,337.6794035952309,0,0,4.311530887041023,0.35531410580184186
2024-10-24 06:15:00+05:30,349.8031918297335,28.4,79.13333333333333,6,3,0,0,346.0286951555548,344.3329367394145,0,0,4.311530887041023,0.35531410580184186
2024-10-24 06:30:00+05:30,355.934422168474,28.4,78.93333333333334,6,3,0,0,349.8031918297335,352.2892695617122,0,0,4.311530887041023,0.35531410580184186
2024-10-24 06:45:00+05:30,366.91832935859566,28.5,78.8,6,3,0,0,355.934422168474,362.5721001052373,0,0,4.311530887041023,0.35531410580184186
2024-10-24 07:00:00+05:30,381.24247950104063,28.633333333333336,78.93333333333334,7,3,0,0,366.91832935859566,378.5459932721948,0,0,5.499185953045883,0.4537110737780554
2024-10-24 07:15:00+05:30,394.5055836206192,28.73333333333333,78.86666666666666,7,3,0,0,381.24247950104063,391.05539763359457,0,0,5.499185953045883,0.4537110737780554
2024-10-24 07:30:00+05:30,411.25927344461934,29.0,78.8,7,3,0,0,394.5055836206192,408.5629370310332,0,0,5.499185953045883,0.4537110737780554
2024-10-24 07:45:00+05:30,428.7979757227033,29.7,77.1,7,3,0,0,411.25927344461934,427.2110804590975,0,0,5.499185953045883,0.4537110737780554
2024-10-24 08:00:00+05:30,451.5265647283088,30.266666666666666,74.26666666666667,8,3,0,0,428.7979757227033,448.8270268216557,0,0,8.459706391374313,0.5709639278196643
2024-10-24 08:15:00+05:30,473.4665206844968,30.766666666666666,72.26666666666667,8,3,0,0,451.5265647283088,466.8928778386963,0,0,8.459706391374313,0.5709639278196643
2024-10-24 08:30:00+05:30,491.3209952462455,31.0,72.3,8,3,0,0,473.4665206844968,487.3539416654555,0,0,8.459706391374313,0.5709639278196643
2024-10-24 08:45:00+05:30,508.3725948514085,31.23333333333333,70.89999999999999,8,3,0,0,491.3209952462455,508.7701441092863,0,0,8.459706391374313,0.5709639278196643
2024-10-24 09:00:00+05:30,522.9459093630659,31.8,68.23333333333333,9,3,0,1,508.3725948514085,523.7073381959758,0,0,7.468916508257824,1.776913993434797
2024-10-24 09:15:00+05:30,534.0164034192422,32.4,65.3,9,3,0,1,522.9459093630659,534.7989064902619,0,0,7.468916508257824,1.776913993434797
2024-10-24 09:30:00+05:30,546.2495717424559,32.9,63.13333333333333,9,3,0,1,534.0164034192422,544.6821559295205,0,0,7.468916508257824,1.776913993434797
2024-10-24 09:45:00+05:30,555.4780909527715,33.06666666666666,62.03333333333334,9,3,0,1,546.2495717424559,556.7286336371383,0,0,7.468916508257824,1.776913993434797
2024-10-24 10:00:00+05:30,562.8156381090623,33.56666666666666,59.66666666666666,10,3,0,1,555.4780909527715,564.2578629253171,0,0,7.176660943313998,1.959443809088301
2024-10-24 10:15:00+05:30,569.5306872479596,33.733333333333334,59.46666666666666,10,3,0,1,562.8156381090623,572.0081088411844,0,0,7.176660943313998,1.959443809088301
2024-10-24 10:30:00+05:30,576.1137645281511,34.166666666666664,57.5,10,3,0,1,569.5306872479596,578.6666165228887,0,0,7.176660943313998,1.959443809088301
2024-10-24 10:45:00+05:30,580.5187143960408,34.666666666666664,55.5,10,3,0,1,576.1137645281511,580.4697371325443,0,0,7.176660943313998,1.959443809088301
2024-10-24 11:00:00+05:30,583.9108368523786,34.96666666666667,54.16666666666666,11,3,0,1,580.5187143960408,580.9123284435301,0,0,7.922475529678865,1.905498851423404
2024-10-24 11:15:00+05:30,584.1583250793435,35.5,52.53333333333334,11,3,0,1,583.9108368523786,580.0408566307987,0,0,7.922475529678865,1.905498851423404
2024-10-24 11:30:00+05:30,583.0572555875303,35.7,50.43333333333334,11,3,0,1,584.1583250793435,581.717793803303,0,0,7.922475529678865,1.905498851423404
2024-10-24 11:45:00+05:30,584.1021815746121,35.93333333333333,51.3,11,3,0,1,583.0572555875303,583.8087553359212,0,0,7.922475529678865,1.905498851423404
2024-10-24 12:00:00+05:30,587.2599017305607,35.96666666666667,51.06666666666667,12,3,0,1,584.1021815746121,583.9147963419905,0,0,8.194346391416534,1.8296017411002858
2024-10-24 12:15:00+05:30,587.7031692925746,36.4,51.833333333333336,12,3,0,1,587.2599017305607,580.2762138313385,0,0,8.194346391416534,1.8296017411002858
2024-10-24 12:30:00+05:30,586.7546743593762,36.3,51.29999999999999,12,3,0,1,587.7031692925746,579.445402468383,0,0,8.194346391416534,1.8296017411002858
2024-10-24 12:45:00+05:30,584.0530416382327,36.4,50.366666666666674,12,3,0,1,586.7546743593762,579.393125154049,0,0,8.194346391416534,1.8296017411002858
2024-10-24 13:00:00+05:30,582.4415210774212,36.23333333333334,50.26666666666667,13,3,0,1,584.0530416382327,579.8092584511361,0,0,7.466115020642604,1.781152913482967
2024-10-24 13:15:00+05:30,580.1770456959257,35.833333333333336,52.66666666666666,13,3,0,1,582.4415210774212,576.9097920854185,0,0,7.466115020642604,1.781152913482967
2024-10-24 13:30:00+05:30,575.5938340615384,35.43333333333333,54.03333333333334,13,3,0,1,580.1770456959257,577.1078075071306,0,0,7.466115020642604,1.781152913482967
2024-10-24 13:45:00+05:30,575.7652642109196,35.36666666666667,57.13333333333333,13,3,0,1,575.5938340615384,579.8685277736373,0,0,7.466115020642604,1.781152913482967
2024-10-24 14:00:00+05:30,581.0518583033834,35.2,57.93333333333333,14,3,0,1,575.7652642109196,584.7059897992485,0,0,7.453520252664822,1.8810727851227305
2024-10-24 14:15:00+05:30,587.178399805067,35.0,58.23333333333333,14,3,0,1,581.0518583033834,590.2677725152919,0,0,7.453520252664822,1.8810727851227305
2024-10-24 14:30:00+05:30,588.5468681724585,35.23333333333334,56.43333333333334,14,3,0,1,587.178399805067,596.3384045318269,0,0,7.453520252664822,1.8810727851227305
2024-10-24 14:45:00+05:30,588.9635565132013,35.46666666666667,55.333333333333336,14,3,0,1,588.5468681724585,596.755125507422,0,0,7.453520252664822,1.8810727851227305
2024-10-24 15:00:00+05:30,590.9831541136473,35.266666666666666,56.23333333333333,15,3,0,1,588.9635565132013,600.5355283924414,0,0,7.614608640955644,1.8795749299968296
2024-10-24 15:15:00+05:30,590.9337025321396,35.233333333333334,56.36666666666667,15,3,0,1,590.9831541136473,602.5482388963139,0,0,7.614608640955644,1.8795749299968296
2024-10-24 15:30:00+05:30,588.6293917944753,35.300000000000004,55.86666666666667,15,3,0,1,590.9337025321396,601.196781034376,0,0,7.614608640955644,1.8795749299968296
2024-10-24 15:45:00+05:30,586.0292112104654,34.9,56.06666666666666,15,3,0,1,588.6293917944753,597.551272689419,0,0,7.614608640955644,1.8795749299968296
2024-10-24 16:00:00+05:30,584.9921529727042,34.7,56.63333333333333,16,3,0,1,586.0292112104654,596.2400600272368,0,0,8.928003783814992,1.63470214174834
2024-10-24 16:15:00+05:30,577.8176865705396,34.7,56.9,16,3,0,1,584.9921529727042,594.6166275666505,0,0,8.928003783814992,1.63470214174834
2024-10-24 16:30:00+05:30,576.1379874026527,34.63333333333333,56.76666666666667,16,3,0,1,577.8176865705396,590.9533678906735,0,0,8.928003783814992,1.63470214174834
2024-10-24 16:45:00+05:30,571.5767778825468,34.06666666666667,59.23333333333333,16,3,0,1,576.1379874026527,584.5695506166498,0,0,8.928003783814992,1.63470214174834
2024-10-24 17:00:00+05:30,567.0399142359207,33.4,61.96666666666667,17,3,0,1,571.5767778825468,579.51787332565,0,0,9.832269406100862,1.3066312424333932
2024-10-24 17:15:00+05:30,560.9201668091762,33.03333333333334,62.7,17,3,0,1,567.0399142359207,572.6649826406199,0,0,9.832269406100862,1.3066312424333932
2024-10-24 17:30:00+05:30,554.5400427544336,32.666666666666664,63.833333333333336,17,3,0,1,560.9201668091762,562.8326798425653,0,0,9.832269406100862,1.3066312424333932
2024-10-24 17:45:00+05:30,545.8002841349381,32.36666666666667,65.3,17,3,0,1,554.5400427544336,553.9841499071641,0,0,9.832269406100862,1.3066312424333932
2024-10-24 18:00:00+05:30,541.0121952075848,32.06666666666666,66.26666666666667,18,3,0,0,545.8002841349381,546.5737550183903,0,0,10.294210660754121,0.797082883851726
2024-10-24 18:15:00+05:30,536.1428997146401,31.8,67.3,18,3,0,0,541.0121952075848,542.5432932372923,0,0,10.294210660754121,0.797082883851726
2024-10-24 18:30:00+05:30,530.0925768660825,31.76666666666667,66.76666666666667,18,3,0,0,536.1428997146401,535.5093606016604,0,0,10.294210660754121,0.797082883851726
2024-10-24 18:45:00+05:30,523.5446262232907,31.633333333333336,68.86666666666666,18,3,0,0,530.0925768660825,528.1517984898704,0,0,10.294210660754121,0.797082883851726
2024-10-24 19:00:00+05:30,513.9433551840924,31.433333333333337,69.86666666666667,19,3,0,0,523.5446262232907,518.5748385590987,0,0,10.813310868605901,0.8196688281600798
2024-10-24 19:15:00+05:30,507.0771836659477,31.366666666666664,69.83333333333333,19,3,0,0,513.9433551840924,506.9242993618989,0,0,10.813310868605901,0.8196688281600798
2024-10-24 19:30:00+05:30,497.0571269024082,31.266666666666666,71.46666666666665,19,3,0,0,507.0771836659477,498.48261009699377,0,0,10.813310868605901,0.8196688281600798
2024-10-24 19:45:00+05:30,486.84297493784254,31.166666666666668,71.73333333333333,19,3,0,0,497.0571269024082,491.410876430726,0,0,10.813310868605901,0.8196688281600798
2024-10-24 20:00:00+05:30,478.1522761866124,31.066666666666663,73.16666666666667,20,3,0,0,486.84297493784254,481.1799720196082,0,0,10.193366449690611,0.84334742214611
2024-10-24 20:15:00+05:30,474.0254924987398,31.03333333333333,74.33333333333333,20,3,0,0,478.1522761866124,475.2591267721685,0,0,10.193366449690611,0.84334742214611
2024-10-24 20:30:00+05:30,467.9256218931191,30.933333333333337,74.66666666666667,20,3,0,0,474.0254924987398,468.9275509183067,0,0,10.193366449690611,0.84334742214611
2024-10-24 20:45:00+05:30,460.4904651152615,30.766666666666666,75.56666666666666,20,3,0,0,467.9256218931191,463.34073128356806,0,0,10.193366449690611,0.84334742214611
2024-10-24 21:00:00+05:30,456.44056658097526,30.666666666666668,77.0,21,3,0,0,460.4904651152615,458.6663336531861,0,0,8.774792195189448,0.7521888831997796
2024-10-24 21:15:00+05:30,455.1427246225296,30.566666666666663,77.66666666666667,21,3,0,0,456.44056658097526,452.8922260586268,0,0,8.774792195189448,0.7521888831997796
2024-10-24 21:30:00+05:30,450.1832629409602,30.433333333333337,78.39999999999999,21,3,0,0,455.1427246225296,449.12266461955033,0,0,8.774792195189448,0.7521888831997796
2024-10-24 21:45:00+05:30,447.4989404220964,30.33333333333333,78.66666666666667,21,3,0,0,450.1832629409602,447.7436274494322,0,0,8.774792195189448,0.7521888831997796
2024-10-24 22:00:00+05:30,443.5512200452357,30.100000000000005,79.63333333333334,22,3,0,0,447.4989404220964,440.4691405156505,0,0,9.389172121610137,0.7252749896297948
2024-10-24 22:15:00+05:30,438.4162642781107,30.100000000000005,80.26666666666667,22,3,0,0,443.5512200452357,434.1898340694568,0,0,9.389172121610137,0.7252749896297948
2024-10-24 22:30:00+05:30,435.2935968957388,30.03333333333333,78.83333333333333,22,3,0,0,438.4162642781107,429.8646463421468,0,0,9.389172121610137,0.7252749896297948
2024-10-24 22:45:00+05:30,430.21060628142686,30.03333333333333,78.86666666666667,22,3,0,0,435.2935968957388,425.6897058856607,0,0,9.389172121610137,0.7252749896297948
2024-10-24 23:00:00+05:30,424.87393820526296,30.03333333333333,77.86666666666667,23,3,0,0,430.21060628142686,422.3551919690544,0,0,10.314981635691288,0.7718909870937027
2024-10-24 23:15:00+05:30,418.9963024387964,29.96666666666667,76.7,23,3,0,0,424.87393820526296,416.8799958261995,0,0,10.314981635691288,0.7718909870937027
2024-10-24 23:30:00+05:30,412.4834295095076,29.933333333333337,77.03333333333333,23,3,0,0,418.9963024387964,409.9553301111283,0,0,10.314981635691288,0.7718909870937027
2024-10-24 23:45:00+05:30,406.8059199369706,29.866666666666664,76.46666666666665,23,3,0,0,412.4834295095076,404.80997863558736,0,0,10.314981635691288,0.7718909870937027
2024-10-25 00:00:00+05:30,397.54715085865473,29.66666667,77.23333333,0,4,0,0,406.8059199369706,397.02436723744967,0,0,10.821030164864855,0.09594533623790569
2024-10-25 00:15:00+05:30,390.4728166065746,29.53333333,77.63333333,0,4,0,0,397.54715085865473,388.727216647026,0,0,10.821030164864855,0.09594533623790569
2024-10-25 00:30:00+05:30,384.9747685308884,29.4,78.3,0,4,0,0,390.4728166065746,381.30217153505794,0,0,10.821030164864855,0.09594533623790569
2024-10-25 00:45:00+05:30,377.1121476861579,29.3,78.83333333,0,4,0,0,384.9747685308884,375.0877193334412,0,0,10.821030164864855,0.09594533623790569
2024-10-25 01:00:00+05:30,368.9278061119813,29.16666667,79.33333333,1,4,0,0,377.1121476861579,366.8333673063116,0,0,9.728100754378737,-0.03336421712728943
2024-10-25 01:15:00+05:30,364.3365654541208,29.1,79.63333333,1,4,0,0,368.9278061119813,360.7263361939082,0,0,9.728100754378737,-0.03336421712728943
2024-10-25 01:30:00+05:30,358.9143180366488,29.13333333,79.6,1,4,0,0,364.3365654541208,357.9804088809352,0,0,9.728100754378737,-0.03336421712728943
2024-10-25 01:45:00+05:30,351.0262684612905,29.13333333,79.46666667,1,4,0,0,358.9143180366488,354.6342584499711,0,0,9.728100754378737,-0.03336421712728943
2024-10-25 02:00:00+05:30,346.74857261597384,29.1,79.3,2,4,0,0,351.0262684612905,349.5580039609745,0,0,8.484637707535343,-0.001367850315744823
2024-10-25 02:15:00+05:30,342.5287700788044,29.1,79.43333333,2,4,0,0,346.74857261597384,345.8975059870575,0,0,8.484637707535343,-0.001367850315744823
2024-10-25 02:30:00+05:30,340.0404118070641,29.0,79.43333333,2,4,0,0,342.5287700788044,343.133013458529,0,0,8.484637707535343,-0.001367850315744823
2024-10-25 02:45:00+05:30,336.0299832265187,29.0,78.8,2,4,0,0,340.0404118070641,340.42360977507644,0,0,8.484637707535343,-0.001367850315744823
2024-10-25 03:00:00+05:30,332.9089582865246,28.9,78.63333333,3,4,0,0,336.0299832265187,336.9660405447148,0,0,7.607119538689619,-0.06004878179214801
2024-10-25 03:15:00+05:30,331.15675578258754,28.8,79.96666667,3,4,0,0,332.9089582865246,335.3073524405049,0,0,7.607119538689619,-0.06004878179214801
2024-10-25 03:30:00+05:30,328.5775954010785,28.66666667,80.56666667,3,4,0,0,331.15675578258754,330.6640167207256,0,0,7.607119538689619,-0.06004878179214801
2024-10-25 03:45:00+05:30,325.6475304701541,28.56666667,80.56666667,3,4,0,0,328.5775954010785,326.5580272229991,0,0,7.607119538689619,-0.06004878179214801
2024-10-25 04:00:00+05:30,323.9624010941065,28.53333333,79.6,4,4,0,0,325.6475304701541,323.5626308229289,0,0,6.594267060678064,0.008427398213465498
2024-10-25 04:15:00+05:30,321.3969570820239,28.5,79.6,4,4,0,0,323.9624010941065,322.41151222602105,0,0,6.594267060678064,0.008427398213465498
2024-10-25 04:30:00+05:30,322.39488685556154,28.46666667,79.66666667,4,4,0,0,321.3969570820239,320.7409702974928,0,0,6.594267060678064,0.008427398213465498
2024-10-25 04:45:00+05:30,319.8005919554178,28.36666667,81.0,4,4,0,0,322.39488685556154,318.54284220318294,0,0,6.594267060678064,0.008427398213465498
2024-10-25 05:00:00+05:30,321.9842294601113,28.23333333,82.93333333,5,4,0,0,319.8005919554178,320.4145655987877,0,0,5.279257902398529,0.10435750043793113
2024-10-25 05:15:00+05:30,323.1297914440286,28.1,83.8,5,4,0,0,321.9842294601113,325.6615178528286,0,0,5.279257902398529,0.10435750043793113
2024-10-25 05:30:00+05:30,328.965081979228,28.0,84.26666667,5,4,0,0,323.1297914440286,332.0433279940515,0,0,5.279257902398529,0.10435750043793113
2024-10-25 05:45:00+05:30,335.50906840772126,27.96666667,84.5,5,4,0,0,328.965081979228,336.9350583275933,0,0,5.279257902398529,0.10435750043793113
2024-10-25 06:00:00+05:30,344.93702720942537,27.93333333,84.53333333,6,4,0,0,335.50906840772126,346.0286951555548,0,0,4.311530887041023,0.35531410580184186
2024-10-25 06:15:00+05:30,351.0647134785962,27.83333333,84.96666667,6,4,0,0,344.93702720942537,349.8031918297335,0,0,4.311530887041023,0.35531410580184186
2024-10-25 06:30:00+05:30,360.7354853498149,27.83333333,85.06666667,6,4,0,0,351.0647134785962,355.934422168474,0,0,4.311530887041023,0.35531410580184186
2024-10-25 06:45:00+05:30,368.4563193248211,27.9,85.0,6,4,0,0,360.7354853498149,366.91832935859566,0,0,4.311530887041023,0.35531410580184186
2024-10-25 07:00:00+05:30,379.51080006585386,28.03333333,84.26666667,7,4,0,0,368.4563193248211,381.24247950104063,0,0,5.499185953045883,0.4537110737780554
2024-10-25 07:15:00+05:30,393.0795675256797,28.26666667,83.83333333,7,4,0,0,379.51080006585386,394.5055836206192,0,0,5.499185953045883,0.4537110737780554
2024-10-25 07:30:00+05:30,410.87057113740855,28.6,83.06666667,7,4,0,0,393.0795675256797,411.25927344461934,0,0,5.499185953045883,0.4537110737780554
2024-10-25 07:45:00+05:30,428.2737370167163,29.13333333,80.0,7,4,0,0,410.87057113740855,428.7979757227033,0,0,5.499185953045883,0.4537110737780554
2024-10-25 08:00:00+05:30,448.1814588190836,29.73333333,76.83333333,8,4,0,0,428.2737370167163,451.5265647283088,0,0,8.459706391374313,0.5709639278196643
2024-10-25 08:15:00+05:30,468.96199262508287,30.2,73.8,8,4,0,0,448.1814588190836,473.4665206844968,0,0,8.459706391374313,0.5709639278196643
2024-10-25 08:30:00+05:30,488.4357687172337,30.66666667,71.4,8,4,0,0,468.96199262508287,491.3209952462455,0,0,8.459706391374313,0.5709639278196643
2024-10-25 08:45:00+05:30,505.0738884971088,31.16666667,68.7,8,4,0,0,488.4357687172337,508.3725948514085,0,0,8.459706391374313,0.5709639278196643
2024-10-25 09:00:00+05:30,520.0510945024729,31.53333333,66.73333333,9,4,0,1,505.0738884971088,522.9459093630659,0,0,7.468916508257824,1.776913993434797
2024-10-25 09:15:00+05:30,533.7534742285759,31.9,64.9,9,4,0,1,520.0510945024729,534.0164034192422,0,0,7.468916508257824,1.776913993434797
2024-10-25 09:30:00+05:30,544.6482656433449,32.36666667,62.8,9,4,0,1,533.7534742285759,546.2495717424559,0,0,7.468916508257824,1.776913993434797
2024-10-25 09:45:00+05:30,554.9109890285905,32.83333333,61.06666667,9,4,0,1,544.6482656433449,555.4780909527715,0,0,7.468916508257824,1.776913993434797
2024-10-25 10:00:00+05:30,561.1407720537024,33.23333333,59.0,10,4,0,1,554.9109890285905,562.8156381090623,0,0,7.176660943313998,1.959443809088301
2024-10-25 10:15:00+05:30,567.8639038557878,33.56666667,56.43333333,10,4,0,1,561.1407720537024,569.5306872479596,0,0,7.176660943313998,1.959443809088301
2024-10-25 10:30:00+05:30,575.1245784209153,33.73333333,55.36666667,10,4,0,1,567.8639038557878,576.1137645281511,0,0,7.176660943313998,1.959443809088301
2024-10-25 10:45:00+05:30,576.0384746984274,34.0,52.7,10,4,0,1,575.1245784209153,580.5187143960408,0,0,7.176660943313998,1.959443809088301
2024-10-25 11:00:00+05:30,578.7831917960699,34.6,50.03333333,11,4,0,1,576.0384746984274,583.9108368523786,0,0,7.922475529678865,1.905498851423404
2024-10-25 11:15:00+05:30,578.5464889471954,34.93333333,48.43333333,11,4,0,1,578.7831917960699,584.1583250793435,0,0,7.922475529678865,1.905498851423404
2024-10-25 11:30:00+05:30,577.0130815707563,35.13333333,48.0,11,4,0,1,578.5464889471954,583.0572555875303,0,0,7.922475529678865,1.905498851423404
2024-10-25 11:45:00+05:30,575.2877218056311,35.06666667,47.36666667,11,4,0,1,577.0130815707563,584.1021815746121,0,0,7.922475529678865,1.905498851423404
2024-10-25 12:00:00+05:30,574.7603386065571,35.36666667,46.13333333,12,4,0,1,575.2877218056311,587.2599017305607,0,0,8.194346391416534,1.8296017411002858
2024-10-25 12:15:00+05:30,571.9899420741617,35.6,43.86666667,12,4,0,1,574.7603386065571,587.7031692925746,0,0,8.194346391416534,1.8296017411002858
2024-10-25 12:30:00+05:30,570.0363391896627,36.03333333,43.23333333,12,4,0,1,571.9899420741617,586.7546743593762,0,0,8.194346391416534,1.8296017411002858
2024-10-25 12:45:00+05:30,568.6157005959853,35.5,45.06666667,12,4,0,1,570.0363391896627,584.0530416382327,0,0,8.194346391416534,1.8296017411002858
2024-10-25 13:00:00+05:30,568.5188996973837,35.56666667,43.2,13,4,0,1,568.6157005959853,582.4415210774212,0,0,7.466115020642604,1.781152913482967
2024-10-25 13:15:00+05:30,565.5417206488045,35.46666667,43.03333333,13,4,0,1,568.5188996973837,580.1770456959257,0,0,7.466115020642604,1.781152913482967
2024-10-25 13:30:00+05:30,560.7158464069829,35.3,41.26666667,13,4,0,1,565.5417206488045,575.5938340615384,0,0,7.466115020642604,1.781152913482967
2024-10-25 13:45:00+05:30,563.1080997066603,35.4,41.5,13,4,0,1,560.7158464069829,575.7652642109196,0,0,7.466115020642604,1.781152913482967
2024-10-25 14:00:00+05:30,567.9245693997361,35.23333333,41.1,14,4,0,1,563.1080997066603,581.0518583033834,0,0,7.453520252664822,1.8810727851227305
2024-10-25 14:15:00+05:30,572.970003280673,35.3,40.33333333,14,4,0,1,567.9245693997361,587.178399805067,0,0,7.453520252664822,1.8810727851227305
2024-10-25 14:30:00+05:30,577.0043419369897,35.06666667,45.43333333,14,4,0,1,572.970003280673,588.5468681724585,0,0,7.453520252664822,1.8810727851227305
2024-10-25 14:45:00+05:30,576.4947874037101,34.9,47.4,14,4,0,1,577.0043419369897,588.9635565132013,0,0,7.453520252664822,1.8810727851227305
2024-10-25 15:00:00+05:30,571.8272635664899,35.0,47.33333333,15,4,0,1,576.4947874037101,590.9831541136473,0,0,7.614608640955644,1.8795749299968296
2024-10-25 15:15:00+05:30,573.7993557754079,35.0,49.8,15,4,0,1,571.8272635664899,590.9337025321396,0,0,7.614608640955644,1.8795749299968296
2024-10-25 15:30:00+05:30,571.0470484122752,35.13333333,49.73333333,15,4,0,1,573.7993557754079,588.6293917944753,0,0,7.614608640955644,1.8795749299968296
2024-10-25 15:45:00+05:30,570.6641997773507,35.13333333,50.06666667,15,4,0,1,571.0470484122752,586.0292112104654,0,0,7.614608640955644,1.8795749299968296
2024-10-25 16:00:00+05:30,571.3764257478169,34.83333333,53.06666667,16,4,0,1,570.6641997773507,584.9921529727042,0,0,8.928003783814992,1.63470214174834
2024-10-25 16:15:00+05:30,566.8485183940362,34.56666667,54.86666667,16,4,0,1,571.3764257478169,577.8176865705396,0,0,8.928003783814992,1.63470214174834
2024-10-25 16:30:00+05:30,563.499716974836,34.03333333,55.43333333,16,4,0,1,566.8485183940362,576.1379874026527,0,0,8.928003783814992,1.63470214174834
2024-10-25 16:45:00+05:30,558.1987447801262,33.26666667,59.06666667,16,4,0,1,563.499716974836,571.5767778825468,0,0,8.928003783814992,1.63470214174834
2024-10-25 17:00:00+05:30,553.9009557067953,32.7,61.83333333,17,4,0,1,558.1987447801262,567.0399142359207,0,0,9.832269406100862,1.3066312424333932
2024-10-25 17:15:00+05:30,548.265595468327,32.16666667,65.73333333,17,4,0,1,553.9009557067953,560.9201668091762,0,0,9.832269406100862,1.3066312424333932
2024-10-25 17:30:00+05:30,541.3830390910656,31.83333333,67.4,17,4,0,1,548.265595468327,554.5400427544336,0,0,9.832269406100862,1.3066312424333932
2024-10-25 17:45:00+05:30,535.5086229859494,31.53333333,69.63333333,17,4,0,1,541.3830390910656,545.8002841349381,0,0,9.832269406100862,1.3066312424333932
2024-10-25 18:00:00+05:30,530.7610690188939,31.33333333,71.23333333,18,4,0,0,535.5086229859494,541.0121952075848,0,0,10.294210660754121,0.797082883851726
2024-10-25 18:15:00+05:30,527.6903833629071,31.13333333,72.0,18,4,0,0,530.7610690188939,536.1428997146401,0,0,10.294210660754121,0.797082883851726
2024-10-25 18:30:00+05:30,522.1551926352776,31.0,72.56666667,18,4,0,0,527.6903833629071,530.0925768660825,0,0,10.294210660754121,0.797082883851726
2024-10-25 18:45:00+05:30,515.7048418271877,30.8,73.5,18,4,0,0,522.1551926352776,523.5446262232907,0,0,10.294210660754121,0.797082883851726
2024-10-25 19:00:00+05:30,506.360689819448,30.7,73.73333333,19,4,0,0,515.7048418271877,513.9433551840924,0,0,10.813310868605901,0.8196688281600798
2024-10-25 19:15:00+05:30,497.7580296803303,30.63333333,74.23333333,19,4,0,0,506.360689819448,507.0771836659477,0,0,10.813310868605901,0.8196688281600798
2024-10-25 19:30:00+05:30,491.05275159850135,30.56666667,74.56666667,19,4,0,0,497.7580296803303,497.0571269024082,0,0,10.813310868605901,0.8196688281600798
2024-10-25 19:45:00+05:30,483.0618346479265,30.46666667,74.96666667,19,4,0,0,491.05275159850135,486.84297493784254,0,0,10.813310868605901,0.8196688281600798
2024-10-25 20:00:00+05:30,474.5267641453775,30.43333333,74.7,20,4,0,0,483.0618346479265,478.1522761866124,0,0,10.193366449690611,0.84334742214611
2024-10-25 20:15:00+05:30,468.0155072867735,30.33333333,75.16666667,20,4,0,0,474.5267641453775,474.0254924987398,0,0,10.193366449690611,0.84334742214611
2024-10-25 20:30:00+05:30,461.3042335648127,30.26666667,75.26666667,20,4,0,0,468.0155072867735,467.9256218931191,0,0,10.193366449690611,0.84334742214611
2024-10-25 20:45:00+05:30,455.3829083603212,30.16666667,75.33333333,20,4,0,0,461.3042335648127,460.4904651152615,0,0,10.193366449690611,0.84334742214611
2024-10-25 21:00:00+05:30,447.4954038602887,30.06666667,75.46666667,21,4,0,0,455.3829083603212,456.44056658097526,0,0,8.774792195189448,0.7521888831997796
2024-10-25 21:15:00+05:30,443.8212927702216,29.93333333,75.86666667,21,4,0,0,447.4954038602887,455.1427246225296,0,0,8.774792195189448,0.7521888831997796
2024-10-25 21:30:00+05:30,437.942451413536,29.9,75.3,21,4,0,0,443.8212927702216,450.1832629409602,0,0,8.774792195189448,0.7521888831997796
2024-10-25 21:45:00+05:30,433.4360065541855,29.83333333,74.36666667,21,4,0,0,437.942451413536,447.4989404220964,0,0,8.774792195189448,0.7521888831997796
2024-10-25 22:00:00+05:30,426.74997406419953,29.8,75.13333333,22,4,0,0,433.4360065541855,443.5512200452357,0,0,9.389172121610137,0.7252749896297948
2024-10-25 22:15:00+05:30,422.169067367743,29.7,76.43333333,22,4,0,0,426.74997406419953,438.4162642781107,0,0,9.389172121610137,0.7252749896297948
2024-10-25 22:30:00+05:30,416.8174029998905,29.56666667,78.53333333,22,4,0,0,422.169067367743,435.2935968957388,0,0,9.389172121610137,0.7252749896297948
2024-10-25 22:45:00+05:30,411.6207030843327,29.36666667,80.06666667,22,4,0,0,416.8174029998905,430.21060628142686,0,0,9.389172121610137,0.7252749896297948
2024-10-25 23:00:00+05:30,407.3872381764487,29.16666667,79.6,23,4,0,0,411.6207030843327,424.87393820526296,0,0,10.314981635691288,0.7718909870937027
2024-10-25 23:15:00+05:30,401.4940173285464,29.03333333,79.6,23,4,0,0,407.3872381764487,418.9963024387964,0,0,10.314981635691288,0.7718909870937027
2024-10-25 23:30:00+05:30,394.9240204552143,28.83333333,78.66666667,23,4,0,0,401.4940173285464,412.4834295095076,0,0,10.314981635691288,0.7718909870937027
2024-10-25 23:45:00+05:30,391.0979242174831,28.73333333,77.8,23,4,0,0,394.9240204552143,406.8059199369706,0,0,10.314981635691288,0.7718909870937027
2024-10-26 00:00:00+05:30,384.1552816512547,28.6,78.36666667,0,5,1,0,391.0979242174831,397.54715085865473,0,0,10.896953436007536,0.1345953376447433
2024-10-26 00:15:00+05:30,378.1698747019746,28.56666667,76.76666667,0,5,1,0,384.1552816512547,390.4728166065746,0,0,10.896953436007536,0.1345953376447433
2024-10-26 00:30:00+05:30,370.5700692924884,28.53333333,76.36666667,0,5,1,0,378.1698747019746,384.9747685308884,0,0,10.896953436007536,0.1345953376447433
2024-10-26 00:45:00+05:30,364.087492258958,28.3,77.1,0,5,1,0,370.5700692924884,377.1121476861579,0,0,10.896953436007536,0.1345953376447433
2024-10-26 01:00:00+05:30,358.67225048278124,28.2,74.96666667,1,5,1,0,364.087492258958,368.9278061119813,0,0,10.285432132312645,0.009994036151057983
2024-10-26 01:15:00+05:30,353.9803589559207,28.03333333,76.23333333,1,5,1,0,358.67225048278124,364.3365654541208,0,0,10.285432132312645,0.009994036151057983
2024-10-26 01:30:00+05:30,349.90773218004875,27.96666667,78.53333333,1,5,1,0,353.9803589559207,358.9143180366488,0,0,10.285432132312645,0.009994036151057983
2024-10-26 01:45:00+05:30,344.7518858700905,27.83333333,80.3,1,5,1,0,349.90773218004875,351.0262684612905,0,0,10.285432132312645,0.009994036151057983
2024-10-26 02:00:00+05:30,339.177680229974,27.6,80.83333333,2,5,1,0,344.7518858700905,346.74857261597384,0,0,8.736502644041135,0.08088823844590087
2024-10-26 02:15:00+05:30,334.8616702816045,27.53333333,80.33333333,2,5,1,0,339.177680229974,342.5287700788044,0,0,8.736502644041135,0.08088823844590087
2024-10-26 02:30:00+05:30,329.7500927460642,27.43333333,80.7,2,5,1,0,334.8616702816045,340.0404118070641,0,0,8.736502644041135,0.08088823844590087
2024-10-26 02:45:00+05:30,327.56082871531873,27.3,80.63333333,2,5,1,0,329.7500927460642,336.0299832265187,0,0,8.736502644041135,0.08088823844590087
2024-10-26 03:00:00+05:30,323.7904163029248,27.13333333,79.96666667,3,5,1,0,327.56082871531873,332.9089582865246,0,0,7.126510250531449,0.1378926843170436
2024-10-26 03:15:00+05:30,322.7026151335875,27.1,78.4,3,5,1,0,323.7904163029248,331.15675578258754,0,0,7.126510250531449,0.1378926843170436
2024-10-26 03:30:00+05:30,319.9348579078785,27.0,79.13333333,3,5,1,0,322.7026151335875,328.5775954010785,0,0,7.126510250531449,0.1378926843170436
2024-10-26 03:45:00+05:30,315.88577591515406,26.9,79.1,3,5,1,0,319.9348579078785,325.6475304701541,0,0,7.126510250531449,0.1378926843170436
2024-10-26 04:00:00+05:30,313.06381766550663,26.83333333,80.36666667,4,5,1,0,315.88577591515406,323.9624010941065,0,0,6.23322848066284,0.18455475868972093
2024-10-26 04:15:00+05:30,310.20685569662385,26.7,80.83333333,4,5,1,0,313.06381766550663,321.3969570820239,0,0,6.23322848066284,0.18455475868972093
2024-10-26 04:30:00+05:30,309.6618155649616,26.63333333,80.56666667,4,5,1,0,310.20685569662385,322.39488685556154,0,0,6.23322848066284,0.18455475868972093
2024-10-26 04:45:00+05:30,308.37210547381784,26.63333333,81.6,4,5,1,0,309.6618155649616,319.8005919554178,0,0,6.23322848066284,0.18455475868972093
2024-10-26 05:00:00+05:30,309.55093695371124,26.5,81.33333333,5,5,1,0,308.37210547381784,321.9842294601113,0,0,5.500681652090653,0.1603770500768218
2024-10-26 05:15:00+05:30,309.8592832542286,26.53333333,81.43333333,5,5,1,0,309.55093695371124,323.1297914440286,0,0,5.500681652090653,0.1603770500768218
2024-10-26 05:30:00+05:30,312.017803087028,26.43333333,82.4,5,5,1,0,309.8592832542286,328.965081979228,0,0,5.500681652090653,0.1603770500768218
2024-10-26 05:45:00+05:30,312.79879698512127,26.43333333,82.06666667,5,5,1,0,312.017803087028,335.50906840772126,0,0,5.500681652090653,0.1603770500768218
2024-10-26 06:00:00+05:30,317.29610157482534,26.33333333,82.63333333,6,5,1,0,312.79879698512127,344.93702720942537,0,0,4.292541893350264,0.24201345767070326
2024-10-26 06:15:00+05:30,319.71647958799633,26.3,83.16666667,6,5,1,0,317.29610157482534,351.0647134785962,0,0,4.292541893350264,0.24201345767070326
2024-10-26 06:30:00+05:30,322.9405171588147,26.3,83.33333333,6,5,1,0,319.71647958799633,360.7354853498149,0,0,4.292541893350264,0.24201345767070326
2024-10-26 06:45:00+05:30,324.33356955682115,26.3,83.56666667,6,5,1,0,322.9405171588147,368.4563193248211,0,0,4.292541893350264,0.24201345767070326
2024-10-26 07:00:00+05:30,332.30263693745394,26.4,83.6,7,5,1,0,324.33356955682115,379.51080006585386,0,0,3.389368785503099,0.4330498027050318
2024-10-26 07:15:00+05:30,340.54368858507945,26.63333333,82.43333333,7,5,1,0,332.30263693745394,393.0795675256797,0,0,3.389368785503099,0.4330498027050318
2024-10-26 07:30:00+05:30,348.3439893570085,26.9,81.4,7,5,1,0,340.54368858507945,410.87057113740855,0,0,3.389368785503099,0.4330498027050318
2024-10-26 07:45:00+05:30,356.8963631703165,27.5,78.0,7,5,1,0,348.3439893570085,428.2737370167163,0,0,3.389368785503099,0.4330498027050318
2024-10-26 08:00:00+05:30,372.4186997782837,28.23333333,74.53333333,8,5,1,0,356.8963631703165,448.1814588190836,0,0,4.0779365174337965,0.3948123018181323
2024-10-26 08:15:00+05:30,386.8846763942829,28.83333333,72.33333333,8,5,1,0,372.4186997782837,468.96199262508287,0,0,4.0779365174337965,0.3948123018181323
2024-10-26 08:30:00+05:30,397.62066427903335,29.43333333,69.6,8,5,1,0,386.8846763942829,488.4357687172337,0,0,4.0779365174337965,0.3948123018181323
2024-10-26 08:45:00+05:30,407.5217045369088,29.93333333,66.53333333,8,5,1,0,397.62066427903335,505.0738884971088,0,0,4.0779365174337965,0.3948123018181323
2024-10-26 09:00:00+05:30,419.69663288127305,30.53333333,63.13333333,9,5,1,1,407.5217045369088,520.0510945024729,0,0,3.4471376100258504,0.6884128340080709
2024-10-26 09:15:00+05:30,431.2063481809759,31.1,61.33333333,9,5,1,1,419.69663288127305,533.7534742285759,0,0,3.4471376100258504,0.6884128340080709
2024-10-26 09:30:00+05:30,439.53895945094473,31.53333333,59.86666667,9,5,1,1,431.2063481809759,544.6482656433449,0,0,3.4471376100258504,0.6884128340080709
2024-10-26 09:45:00+05:30,446.47311986919055,32.06666667,57.83333333,9,5,1,1,439.53895945094473,554.9109890285905,0,0,3.4471376100258504,0.6884128340080709
2024-10-26 10:00:00+05:30,455.3452588575024,32.63333333,56.23333333,10,5,1,1,446.47311986919055,561.1407720537024,0,0,2.0612993378596327,1.1028429520822007
2024-10-26 10:15:00+05:30,461.490405751988,32.93333333,54.7,10,5,1,1,455.3452588575024,567.8639038557878,0,0,2.0612993378596327,1.1028429520822007
2024-10-26 10:30:00+05:30,468.4737815171152,33.43333333,50.9,10,5,1,1,461.490405751988,575.1245784209153,0,0,2.0612993378596327,1.1028429520822007
2024-10-26 10:45:00+05:30,474.2758903208275,33.96666667,48.1,10,5,1,1,468.4737815171152,576.0384746984274,0,0,2.0612993378596327,1.1028429520822007
2024-10-26 11:00:00+05:30,474.3111261188701,34.16666667,46.96666667,11,5,1,1,474.2758903208275,578.7831917960699,0,0,1.0206730550620675,1.0847728983406804
2024-10-26 11:15:00+05:30,472.1203016527952,34.43333333,46.2,11,5,1,1,474.3111261188701,578.5464889471954,0,0,1.0206730550620675,1.0847728983406804
2024-10-26 11:30:00+05:30,475.48831101155616,34.7,45.56666667,11,5,1,1,472.1203016527952,577.0130815707563,0,0,1.0206730550620675,1.0847728983406804
2024-10-26 11:45:00+05:30,480.1377715438311,34.9,44.7,11,5,1,1,475.48831101155616,575.2877218056311,0,0,1.0206730550620675,1.0847728983406804
2024-10-26 12:00:00+05:30,476.3666442123569,34.93333333,44.03333333,12,5,1,1,480.1377715438311,574.7603386065571,0,0,2.2746353347992057,0.9203932179843796
2024-10-26 12:15:00+05:30,477.0271952383617,35.1,42.93333333,12,5,1,1,476.3666442123569,571.9899420741617,0,0,2.2746353347992057,0.9203932179843796
2024-10-26 12:30:00+05:30,477.9912817384629,35.1,42.76666667,12,5,1,1,477.0271952383617,570.0363391896627,0,0,2.2746353347992057,0.9203932179843796
2024-10-26 12:45:00+05:30,476.1943340109854,35.16666667,42.96666667,12,5,1,1,477.9912817384629,568.6157005959853,0,0,2.2746353347992057,0.9203932179843796
2024-10-26 13:00:00+05:30,473.1408567045838,35.4,45.43333333,13,5,1,1,476.1943340109854,568.5188996973837,0,0,4.660065875273532,1.0809034534407196
2024-10-26 13:15:00+05:30,473.8793202370045,35.33333333,44.46666667,13,5,1,1,473.1408567045838,565.5417206488045,0,0,4.660065875273532,1.0809034534407196
2024-10-26 13:30:00+05:30,471.1644856707828,35.3,45.4,13,5,1,1,473.8793202370045,560.7158464069829,0,0,4.660065875273532,1.0809034534407196
2024-10-26 13:45:00+05:30,474.0769647074602,35.23333333,45.03333333,13,5,1,1,471.1644856707828,563.1080997066603,0,0,4.660065875273532,1.0809034534407196
2024-10-26 14:00:00+05:30,476.0548091515363,35.23333333,45.43333333,14,5,1,1,474.0769647074602,567.9245693997361,0,0,7.680734244182991,1.6326746678879722
2024-10-26 14:15:00+05:30,477.860373944673,35.1,46.06666667,14,5,1,1,476.0548091515363,572.970003280673,0,0,7.680734244182991,1.6326746678879722
2024-10-26 14:30:00+05:30,482.5792369595897,35.2,47.0,14,5,1,1,477.860373944673,577.0043419369897,0,0,7.680734244182991,1.6326746678879722
2024-10-26 14:45:00+05:30,484.12659265331024,34.83333333,47.76666667,14,5,1,1,482.5792369595897,576.4947874037101,0,0,7.680734244182991,1.6326746678879722
2024-10-26 15:00:00+05:30,484.73051348529,34.9,46.73333333,15,5,1,1,484.12659265331024,571.8272635664899,0,0,8.262340089610356,1.5156550631020618
2024-10-26 15:15:00+05:30,486.078213186208,35.13333333,47.23333333,15,5,1,1,484.73051348529,573.7993557754079,0,0,8.262340089610356,1.5156550631020618
2024-10-26 15:30:00+05:30,484.0973239910752,35.2,47.06666667,15,5,1,1,486.078213186208,571.0470484122752,0,0,8.262340089610356,1.5156550631020618
2024-10-26 15:45:00+05:30,479.9469370613508,35.3,49.83333333,15,5,1,1,484.0973239910752,570.6641997773507,0,0,8.262340089610356,1.5156550631020618
2024-10-26 16:00:00+05:30,479.709942394617,34.83333333,51.83333333,16,5,1,1,479.9469370613508,571.3764257478169,0,0,9.1910272937323,1.2057017392589264
2024-10-26 16:15:00+05:30,477.8668089858361,34.26666667,53.03333333,16,5,1,1,479.709942394617,566.8485183940362,0,0,9.1910272937323,1.2057017392589264
2024-10-26 16:30:00+05:30,474.8262783638359,34.1,53.6,16,5,1,1,477.8668089858361,563.499716974836,0,0,9.1910272937323,1.2057017392589264
2024-10-26 16:45:00+05:30,470.2478625955263,33.26666667,55.2,16,5,1,1,474.8262783638359,558.1987447801262,0,0,9.1910272937323,1.2057017392589264
2024-10-26 17:00:00+05:30,467.7291835501954,32.73333333,56.96666667,17,5,1,1,470.2478625955263,553.9009557067953,0,0,7.663749198615025,0.7535027628526391
2024-10-26 17:15:00+05:30,463.4045618485271,32.33333333,57.23333333,17,5,1,1,467.7291835501954,548.265595468327,0,0,7.663749198615025,0.7535027628526391
2024-10-26 17:30:00+05:30,458.1810089988656,31.93333333,58.26666667,17,5,1,1,463.4045618485271,541.3830390910656,0,0,7.663749198615025,0.7535027628526391
2024-10-26 17:45:00+05:30,454.9062217741494,31.53333333,59.76666667,17,5,1,1,458.1810089988656,535.5086229859494,0,0,7.663749198615025,0.7535027628526391
2024-10-26 18:00:00+05:30,457.0635712360943,31.2,61.13333333,18,5,1,0,454.9062217741494,530.7610690188939,0,0,4.758521579225232,0.5398490611436548
2024-10-26 18:15:00+05:30,456.9386979453071,31.0,61.33333333,18,5,1,0,457.0635712360943,527.6903833629071,0,0,4.758521579225232,0.5398490611436548
2024-10-26 18:30:00+05:30,454.9879539908776,30.93333333,61.6,18,5,1,0,456.9386979453071,522.1551926352776,0,0,4.758521579225232,0.5398490611436548
2024-10-26 18:45:00+05:30,452.8837392619877,30.76666667,62.36666667,18,5,1,0,454.9879539908776,515.7048418271877,0,0,4.758521579225232,0.5398490611436548
2024-10-26 19:00:00+05:30,450.269881583048,30.63333333,63.03333333,19,5,1,0,452.8837392619877,506.360689819448,0,0,7.271858284480242,0.7964522305047017
2024-10-26 19:15:00+05:30,443.3546878353303,30.53333333,63.86666667,19,5,1,0,450.269881583048,497.7580296803303,0,0,7.271858284480242,0.7964522305047017
2024-10-26 19:30:00+05:30,440.1847005527014,30.4,64.16666667,19,5,1,0,443.3546878353303,491.05275159850135,0,0,7.271858284480242,0.7964522305047017
2024-10-26 19:45:00+05:30,436.4127546053265,30.33333333,65.16666667,19,5,1,0,440.1847005527014,483.0618346479265,0,0,7.271858284480242,0.7964522305047017
2024-10-26 20:00:00+05:30,429.9245008519776,30.2,65.9,20,5,1,0,436.4127546053265,474.5267641453775,0,0,7.4682959677178244,0.7083492559456792
2024-10-26 20:15:00+05:30,426.7105338491734,30.13333333,66.66666667,20,5,1,0,429.9245008519776,468.0155072867735,0,0,7.4682959677178244,0.7083492559456792
2024-10-26 20:30:00+05:30,423.8804441670126,30.06666667,66.6,20,5,1,0,426.7105338491734,461.3042335648127,0,0,7.4682959677178244,0.7083492559456792
2024-10-26 20:45:00+05:30,421.451976921321,29.96666667,67.13333333,20,5,1,0,423.8804441670126,455.3829083603212,0,0,7.4682959677178244,0.7083492559456792
2024-10-26 21:00:00+05:30,417.88456822528855,29.73333333,68.33333333,21,5,1,0,421.451976921321,447.4954038602887,0,0,8.047314004755947,0.6135525127194714
2024-10-26 21:15:00+05:30,415.40233532922144,29.56666667,68.16666667,21,5,1,0,417.88456822528855,443.8212927702216,0,0,8.047314004755947,0.6135525127194714
2024-10-26 21:30:00+05:30,411.47962582933616,29.43333333,68.46666667,21,5,1,0,415.40233532922144,437.942451413536,0,0,8.047314004755947,0.6135525127194714
2024-10-26 21:45:00+05:30,407.6495397929856,29.3,68.73333333,21,5,1,0,411.47962582933616,433.4360065541855,0,0,8.047314004755947,0.6135525127194714
2024-10-26 22:00:00+05:30,402.2719408567994,29.2,69.0,22,5,1,0,407.6495397929856,426.74997406419953,0,0,9.377234470070356,0.6680040964316557
2024-10-26 22:15:00+05:30,399.540614166543,29.1,69.63333333,22,5,1,0,402.2719408567994,422.169067367743,0,0,9.377234470070356,0.6680040964316557
2024-10-26 22:30:00+05:30,397.1902322050904,28.9,70.5,22,5,1,0,399.540614166543,416.8174029998905,0,0,9.377234470070356,0.6680040964316557
2024-10-26 22:45:00+05:30,394.7174573805326,28.83333333,70.8,22,5,1,0,397.1902322050904,411.6207030843327,0,0,9.377234470070356,0.6680040964316557
2024-10-26 23:00:00+05:30,390.15159105324864,28.8,71.26666667,23,5,1,0,394.7174573805326,407.3872381764487,0,0,10.615258834542416,0.8386761945526492
2024-10-26 23:15:00+05:30,388.4967697971463,28.66666667,71.6,23,5,1,0,390.15159105324864,401.4940173285464,0,0,10.615258834542416,0.8386761945526492
2024-10-26 23:30:00+05:30,384.0075984240141,28.53333333,73.06666667,23,5,1,0,388.4967697971463,394.9240204552143,0,0,10.615258834542416,0.8386761945526492
2024-10-26 23:45:00+05:30,379.089067573883,28.4,74.0,23,5,1,0,384.0075984240141,391.0979242174831,0,0,10.615258834542416,0.8386761945526492
2024-10-27 00:00:00+05:30,374.1006522042546,28.2,73.83333333,0,6,1,0,379.089067573883,384.1552816512547,0,0,10.896953436007536,0.1345953376447433
2024-10-27 00:15:00+05:30,369.0891238521746,28.2,74.16666667,0,6,1,0,374.1006522042546,378.1698747019746,0,0,10.896953436007536,0.1345953376447433
2024-10-27 00:30:00+05:30,363.5866690662884,28.1,74.83333333,0,6,1,0,369.0891238521746,370.5700692924884,0,0,10.896953436007536,0.1345953376447433
2024-10-27 00:45:00+05:30,357.015575163358,28.06666667,75.63333333,0,6,1,0,363.5866690662884,364.087492258958,0,0,10.896953436007536,0.1345953376447433
2024-10-27 01:00:00+05:30,352.31101836038124,28.0,77.23333333,1,6,1,0,357.015575163358,358.67225048278124,0,0,10.285432132312645,0.009994036151057983
2024-10-27 01:15:00+05:30,347.66969316492083,27.86666667,79.56666667,1,6,1,0,352.31101836038124,353.9803589559207,0,0,10.285432132312645,0.009994036151057983
2024-10-27 01:30:00+05:30,343.1021410376487,27.76666667,79.43333333,1,6,1,0,347.66969316492083,349.90773218004875,0,0,10.285432132312645,0.009994036151057983
2024-10-27 01:45:00+05:30,338.4613940242904,27.7,79.7,1,6,1,0,343.1021410376487,344.7518858700905,0,0,10.285432132312645,0.009994036151057983
2024-10-27 02:00:00+05:30,334.918068013174,27.6,79.73333333,2,6,1,0,338.4613940242904,339.177680229974,0,0,8.736502644041135,0.08088823844590087
2024-10-27 02:15:00+05:30,332.37995702620435,27.56666667,79.86666667,2,6,1,0,334.918068013174,334.8616702816045,0,0,8.736502644041135,0.08088823844590087
2024-10-27 02:30:00+05:30,329.8662317386642,27.46666667,80.46666667,2,6,1,0,332.37995702620435,329.7500927460642,0,0,8.736502644041135,0.08088823844590087
2024-10-27 02:45:00+05:30,326.1272955807187,27.33333333,81.16666667,2,6,1,0,329.8662317386642,327.56082871531873,0,0,8.736502644041135,0.08088823844590087
2024-10-27 03:00:00+05:30,323.4910607335247,27.3,81.46666667,3,6,1,0,326.1272955807187,323.7904163029248,0,0,7.126510250531449,0.1378926843170436
2024-10-27 03:15:00+05:30,320.3752251263876,27.2,81.73333333,3,6,1,0,323.4910607335247,322.7026151335875,0,0,7.126510250531449,0.1378926843170436
2024-10-27 03:30:00+05:30,317.80109440587864,27.16666667,82.0,3,6,1,0,320.3752251263876,319.9348579078785,0,0,7.126510250531449,0.1378926843170436
2024-10-27 03:45:00+05:30,314.68472842835405,27.03333333,82.36666667,3,6,1,0,317.80109440587864,315.88577591515406,0,0,7.126510250531449,0.1378926843170436
2024-10-27 04:00:00+05:30,312.9605630421065,27.03333333,82.66666667,4,6,1,0,314.68472842835405,313.06381766550663,0,0,6.23322848066284,0.18455475868972093
2024-10-27 04:15:00+05:30,312.25839297282374,26.9,83.43333333,4,6,1,0,312.9605630421065,310.20685569662385,0,0,6.23322848066284,0.18455475868972093
2024-10-27 04:30:00+05:30,312.0921985127616,26.86666667,83.83333333,4,6,1,0,312.25839297282374,309.6618155649616,0,0,6.23322848066284,0.18455475868972093
2024-10-27 04:45:00+05:30,309.0257105030178,26.76666667,84.06666667,4,6,1,0,312.0921985127616,308.37210547381784,0,0,6.23322848066284,0.18455475868972093
2024-10-27 05:00:00+05:30,308.7764848083113,26.73333333,84.26666667,5,6,1,0,309.0257105030178,309.55093695371124,0,0,5.500681652090653,0.1603770500768218
2024-10-27 05:15:00+05:30,306.96629983002856,26.8,83.96666667,5,6,1,0,308.7764848083113,309.8592832542286,0,0,5.500681652090653,0.1603770500768218
2024-10-27 05:30:00+05:30,307.239984774028,26.8,83.23333333,5,6,1,0,306.96629983002856,312.017803087028,0,0,5.500681652090653,0.1603770500768218
2024-10-27 05:45:00+05:30,308.7227005745213,26.76666667,83.23333333,5,6,1,0,307.239984774028,312.79879698512127,0,0,5.500681652090653,0.1603770500768218
2024-10-27 06:00:00+05:30,310.70173527742554,26.66666667,83.66666667,6,6,1,0,308.7227005745213,317.29610157482534,0,0,4.292541893350264,0.24201345767070326
2024-10-27 06:15:00+05:30,309.7575044009964,26.6,83.96666667,6,6,1,0,310.70173527742554,319.71647958799633,0,0,4.292541893350264,0.24201345767070326
2024-10-27 06:30:00+05:30,308.4624156942147,26.63333333,84.03333333,6,6,1,0,309.7575044009964,322.9405171588147,0,0,4.292541893350264,0.24201345767070326
2024-10-27 06:45:00+05:30,308.448689460421,26.66666667,83.96666667,6,6,1,0,308.4624156942147,324.33356955682115,0,0,4.292541893350264,0.24201345767070326
2024-10-27 07:00:00+05:30,311.6358795542539,26.8,83.76666667,7,6,1,0,308.448689460421,332.30263693745394,0,0,3.389368785503099,0.4330498027050318
2024-10-27 07:15:00+05:30,313.74011850027966,27.0,83.66666667,7,6,1,0,311.6358795542539,340.54368858507945,0,0,3.389368785503099,0.4330498027050318
2024-10-27 07:30:00+05:30,317.7512359728084,27.26666667,83.8,7,6,1,0,313.74011850027966,348.3439893570085,0,0,3.389368785503099,0.4330498027050318
2024-10-27 07:45:00+05:30,318.39452908911653,27.86666667,82.2,7,6,1,0,317.7512359728084,356.8963631703165,0,0,3.389368785503099,0.4330498027050318
2024-10-27 08:00:00+05:30,320.28786365348367,28.53333333,79.2,8,6,1,0,318.39452908911653,372.4186997782837,0,0,4.0779365174337965,0.3948123018181323
2024-10-27 08:15:00+05:30,331.6787438918828,29.0,76.96666667,8,6,1,0,320.28786365348367,386.8846763942829,0,0,4.0779365174337965,0.3948123018181323
2024-10-27 08:30:00+05:30,339.46316633663366,29.53333333,75.76666667,8,6,1,0,331.6787438918828,397.62066427903335,0,0,4.0779365174337965,0.3948123018181323
2024-10-27 08:45:00+05:30,345.33587378010884,29.96666667,74.3,8,6,1,0,339.46316633663366,407.5217045369088,0,0,4.0779365174337965,0.3948123018181323
2024-10-27 09:00:00+05:30,354.099456269273,30.33333333,71.66666667,9,6,1,1,345.33587378010884,419.69663288127305,0,0,3.4471376100258504,0.6884128340080709
2024-10-27 09:15:00+05:30,361.9024180587759,30.76666667,68.93333333,9,6,1,1,354.099456269273,431.2063481809759,0,0,3.4471376100258504,0.6884128340080709
2024-10-27 09:30:00+05:30,367.7413558275449,31.13333333,67.33333333,9,6,1,1,361.9024180587759,439.53895945094473,0,0,3.4471376100258504,0.6884128340080709
2024-10-27 09:45:00+05:30,372.9351849029905,31.6,64.86666667,9,6,1,1,367.7413558275449,446.47311986919055,0,0,3.4471376100258504,0.6884128340080709
2024-10-27 10:00:00+05:30,377.6920022169024,32.1,62.9,10,6,1,1,372.9351849029905,455.3452588575024,0,0,2.0612993378596327,1.1028429520822007
2024-10-27 10:15:00+05:30,382.92209374538777,32.5,61.3,10,6,1,1,377.6920022169024,461.490405751988,0,0,2.0612993378596327,1.1028429520822007
2024-10-27 10:30:00+05:30,388.0956012839153,32.96666667,60.2,10,6,1,1,382.92209374538777,468.4737815171152,0,0,2.0612993378596327,1.1028429520822007
2024-10-27 10:45:00+05:30,391.15114514542745,33.16666667,58.2,10,6,1,1,388.0956012839153,474.2758903208275,0,0,2.0612993378596327,1.1028429520822007
2024-10-27 11:00:00+05:30,395.4001364746701,33.33333333,56.46666667,11,6,1,1,391.15114514542745,474.3111261188701,0,0,1.0206730550620675,1.0847728983406804
2024-10-27 11:15:00+05:30,396.6097956211954,33.56666667,54.76666667,11,6,1,1,395.4001364746701,472.1203016527952,0,0,1.0206730550620675,1.0847728983406804
2024-10-27 11:30:00+05:30,397.1766426911562,33.9,55.16666667,11,6,1,1,396.6097956211954,475.48831101155616,0,0,1.0206730550620675,1.0847728983406804
2024-10-27 11:45:00+05:30,399.14657828863113,33.93333333,55.6,11,6,1,1,397.1766426911562,480.1377715438311,0,0,1.0206730550620675,1.0847728983406804
2024-10-27 12:00:00+05:30,400.5928379917569,34.03333333,55.63333333,12,6,1,1,399.14657828863113,476.3666442123569,0,0,2.2746353347992057,0.9203932179843796
2024-10-27 12:15:00+05:30,401.8352835609617,34.13333333,56.13333333,12,6,1,1,400.5928379917569,477.0271952383617,0,0,2.2746353347992057,0.9203932179843796
2024-10-27 12:30:00+05:30,403.1023654938629,34.13333333,56.3,12,6,1,1,401.8352835609617,477.9912817384629,0,0,2.2746353347992057,0.9203932179843796
2024-10-27 12:45:00+05:30,402.3603993229854,34.1,57.13333333,12,6,1,1,403.1023654938629,476.1943340109854,0,0,2.2746353347992057,0.9203932179843796
2024-10-27 13:00:00+05:30,402.02855318438384,34.06666667,56.96666667,13,6,1,1,402.3603993229854,473.1408567045838,0,0,4.660065875273532,1.0809034534407196
2024-10-27 13:15:00+05:30,399.9135797760047,34.16666667,55.7,13,6,1,1,402.02855318438384,473.8793202370045,0,0,4.660065875273532,1.0809034534407196
2024-10-27 13:30:00+05:30,401.2963342233829,34.26666667,54.76666667,13,6,1,1,399.9135797760047,471.1644856707828,0,0,4.660065875273532,1.0809034534407196
2024-10-27 13:45:00+05:30,401.7689823164602,34.43333333,54.3,13,6,1,1,401.2963342233829,474.0769647074602,0,0,4.660065875273532,1.0809034534407196
2024-10-27 14:00:00+05:30,402.3666893345362,34.46666667,54.33333333,14,6,1,1,401.7689823164602,476.0548091515363,0,0,7.680734244182991,1.6326746678879722
2024-10-27 14:15:00+05:30,405.3713583416731,34.53333333,55.0,14,6,1,1,402.3666893345362,477.860373944673,0,0,7.680734244182991,1.6326746678879722
2024-10-27 14:30:00+05:30,405.8434257289896,34.9,53.83333333,14,6,1,1,405.3713583416731,482.5792369595897,0,0,7.680734244182991,1.6326746678879722
2024-10-27 14:45:00+05:30,406.3413969549102,34.76666667,54.16666667,14,6,1,1,405.8434257289896,484.12659265331024,0,0,7.680734244182991,1.6326746678879722
2024-10-27 15:00:00+05:30,407.4498732262901,34.63333333,53.16666667,15,6,1,1,406.3413969549102,484.73051348529,0,0,8.262340089610356,1.5156550631020618
2024-10-27 15:15:00+05:30,409.115026824808,34.96666667,51.3,15,6,1,1,407.4498732262901,486.078213186208,0,0,8.262340089610356,1.5156550631020618
2024-10-27 15:30:00+05:30,408.1653526706753,35.03333333,50.83333333,15,6,1,1,409.115026824808,484.0973239910752,0,0,8.262340089610356,1.5156550631020618
2024-10-27 15:45:00+05:30,405.9029371755506,34.86666667,52.1,15,6,1,1,408.1653526706753,479.9469370613508,0,0,8.262340089610356,1.5156550631020618
2024-10-27 16:00:00+05:30,405.755006410217,34.73333333,53.13333333,16,6,1,1,405.9029371755506,479.709942394617,0,0,9.1910272937323,1.2057017392589264
2024-10-27 16:15:00+05:30,401.5112283776362,34.46666667,54.86666667,16,6,1,1,405.755006410217,477.8668089858361,0,0,9.1910272937323,1.2057017392589264
2024-10-27 16:30:00+05:30,401.4284980944361,33.93333333,55.0,16,6,1,1,401.5112283776362,474.8262783638359,0,0,9.1910272937323,1.2057017392589264
2024-10-27 16:45:00+05:30,397.3056279843261,33.0,57.53333333,16,6,1,1,401.4284980944361,470.2478625955263,0,0,9.1910272937323,1.2057017392589264
2024-10-27 17:00:00+05:30,395.4787012183954,32.53333333,59.36666667,17,6,1,1,397.3056279843261,467.7291835501954,0,0,7.663749198615025,0.7535027628526391
2024-10-27 17:15:00+05:30,390.9772978557271,32.06666667,60.66666667,17,6,1,1,395.4787012183954,463.4045618485271,0,0,7.663749198615025,0.7535027628526391
2024-10-27 17:30:00+05:30,390.1798086748652,31.73333333,62.8,17,6,1,1,390.9772978557271,458.1810089988656,0,0,7.663749198615025,0.7535027628526391
2024-10-27 17:45:00+05:30,397.3112171877493,31.3,64.8,17,6,1,1,390.1798086748652,454.9062217741494,0,0,7.663749198615025,0.7535027628526391
2024-10-27 18:00:00+05:30,398.5649788588941,31.13333333,65.8,18,6,1,0,397.3112171877493,457.0635712360943,0,0,4.758521579225232,0.5398490611436548
2024-10-27 18:15:00+05:30,398.5113848085073,30.9,66.83333333,18,6,1,0,398.5649788588941,456.9386979453071,0,0,4.758521579225232,0.5398490611436548
2024-10-27 18:30:00+05:30,401.5779065714774,30.76666667,67.63333333,18,6,1,0,398.5113848085073,454.9879539908776,0,0,4.758521579225232,0.5398490611436548
2024-10-27 18:45:00+05:30,402.2645745497875,30.6,69.0,18,6,1,0,401.5779065714774,452.8837392619877,0,0,4.758521579225232,0.5398490611436548
2024-10-27 19:00:00+05:30,403.068980471648,30.46666667,69.76666667,19,6,1,0,402.2645745497875,450.269881583048,0,0,7.271858284480242,0.7964522305047017
2024-10-27 19:15:00+05:30,402.2196532809304,30.43333333,70.53333333,19,6,1,0,403.068980471648,443.3546878353303,0,0,7.271858284480242,0.7964522305047017
2024-10-27 19:30:00+05:30,400.3623641845014,30.36666667,71.56666667,19,6,1,0,402.2196532809304,440.1847005527014,0,0,7.271858284480242,0.7964522305047017
2024-10-27 19:45:00+05:30,398.4768755333265,30.26666667,71.96666667,19,6,1,0,400.3623641845014,436.4127546053265,0,0,7.271858284480242,0.7964522305047017
2024-10-27 20:00:00+05:30,398.9618955973776,30.16666667,72.33333333,20,6,1,0,398.4768755333265,429.9245008519776,0,0,7.4682959677178244,0.7083492559456792
2024-10-27 20:15:00+05:30,398.6172769115735,30.03333333,72.6,20,6,1,0,398.9618955973776,426.7105338491734,0,0,7.4682959677178244,0.7083492559456792
2024-10-27 20:30:00+05:30,395.3420819278125,30.0,73.0,20,6,1,0,398.6172769115735,423.8804441670126,0,0,7.4682959677178244,0.7083492559456792
2024-10-27 20:45:00+05:30,394.71792480412114,29.93333333,73.7,20,6,1,0,395.3420819278125,421.451976921321,0,0,7.4682959677178244,0.7083492559456792
2024-10-27 21:00:00+05:30,393.8114072956887,29.86666667,73.86666667,21,6,1,0,394.71792480412114,417.88456822528855,0,0,8.047314004755947,0.6135525127194714
2024-10-27 21:15:00+05:30,395.4686656674215,29.7,74.46666667,21,6,1,0,393.8114072956887,415.40233532922144,0,0,8.047314004755947,0.6135525127194714
2024-10-27 21:30:00+05:30,393.562216852936,29.56666667,75.46666667,21,6,1,0,395.4686656674215,411.47962582933616,0,0,8.047314004755947,0.6135525127194714
2024-10-27 21:45:00+05:30,392.3278599639856,29.43333333,76.23333333,21,6,1,0,393.562216852936,407.6495397929856,0,0,8.047314004755947,0.6135525127194714
2024-10-27 22:00:00+05:30,391.1758639089995,29.3,77.06666667,22,6,1,0,392.3278599639856,402.2719408567994,0,0,9.377234470070356,0.6680040964316557
2024-10-27 22:15:00+05:30,388.5298613933429,29.13333333,76.73333333,22,6,1,0,391.1758639089995,399.540614166543,0,0,9.377234470070356,0.6680040964316557
2024-10-27 22:30:00+05:30,385.3628529522904,29.0,76.93333333,22,6,1,0,388.5298613933429,397.1902322050904,0,0,9.377234470070356,0.6680040964316557
2024-10-27 22:45:00+05:30,383.7373510429325,28.93333333,77.8,22,6,1,0,385.3628529522904,394.7174573805326,0,0,9.377234470070356,0.6680040964316557
2024-10-27 23:00:00+05:30,382.4849226758486,28.86666667,78.8,23,6,1,0,383.7373510429325,390.15159105324864,0,0,10.615258834542416,0.8386761945526492
2024-10-27 23:15:00+05:30,378.3365172543464,28.8,79.73333333,23,6,1,0,382.4849226758486,388.4967697971463,0,0,10.615258834542416,0.8386761945526492
2024-10-27 23:30:00+05:30,372.91153650041423,28.73333333,79.56666667,23,6,1,0,378.3365172543464,384.0075984240141,0,0,10.615258834542416,0.8386761945526492
2024-10-27 23:45:00+05:30,368.278337453883,28.66666667,80.1,23,6,1,0,372.91153650041423,379.089067573883,0,0,10.615258834542416,0.8386761945526492
2024-10-28 00:00:00+05:30,362.949128787392,28.53333333333333,80.56666666666666,0,0,0,0,368.278337453883,374.1006522042546,0,0,10.821030164864855,0.09594533623790569
2024-10-28 00:15:00+05:30,357.3039336886304,28.433333333333337,80.93333333333334,0,0,0,0,362.949128787392,369.0891238521746,0,0,10.821030164864855,0.09594533623790569
2024-10-28 00:30:00+05:30,352.10243049796816,28.366666666666664,80.39999999999999,0,0,0,0,357.3039336886304,363.5866690662884,0,0,10.821030164864855,0.09594533623790569
2024-10-28 00:45:00+05:30,344.53219671187804,28.33333333333333,81.10000000000001,0,0,0,0,352.10243049796816,357.015575163358,0,0,10.821030164864855,0.09594533623790569
2024-10-28 01:00:00+05:30,339.555799503372,28.2,81.46666666666665,1,0,0,0,344.53219671187804,352.31101836038124,0,0,9.728100754378737,-0.03336421712728943
2024-10-28 01:15:00+05:30,336.2033621275571,28.166666666666668,81.8,1,0,0,0,339.555799503372,347.66969316492083,0,0,9.728100754378737,-0.03336421712728943
2024-10-28 01:30:00+05:30,333.5099220759178,28.166666666666668,81.53333333333335,1,0,0,0,336.2033621275571,343.1021410376487,0,0,9.728100754378737,-0.03336421712728943
2024-10-28 01:45:00+05:30,329.08523827270574,28.1,82.8,1,0,0,0,333.5099220759178,338.4613940242904,0,0,9.728100754378737,-0.03336421712728943
2024-10-28 02:00:00+05:30,326.4053987513277,28.066666666666663,83.5,2,0,0,0,329.08523827270574,334.918068013174,0,0,8.484637707535343,-0.001367850315744823
2024-10-28 02:15:00+05:30,323.76948912569856,28.0,83.66666666666667,2,0,0,0,326.4053987513277,332.37995702620435,0,0,8.484637707535343,-0.001367850315744823
2024-10-28 02:30:00+05:30,320.02909655601286,28.03333333333333,83.76666666666667,2,0,0,0,323.76948912569856,329.8662317386642,0,0,8.484637707535343,-0.001367850315744823
2024-10-28 02:45:00+05:30,318.6241349638393,27.933333333333337,84.3,2,0,0,0,320.02909655601286,326.1272955807187,0,0,8.484637707535343,-0.001367850315744823
2024-10-28 03:00:00+05:30,316.7771430401183,27.9,85.03333333333335,3,0,0,0,318.6241349638393,323.4910607335247,0,0,7.607119538689619,-0.06004878179214801
2024-10-28 03:15:00+05:30,313.3032399900911,27.76666666666667,85.43333333333334,3,0,0,0,316.7771430401183,320.3752251263876,0,0,7.607119538689619,-0.06004878179214801
2024-10-28 03:30:00+05:30,310.5562139779667,27.73333333333333,85.56666666666666,3,0,0,0,313.3032399900911,317.80109440587864,0,0,7.607119538689619,-0.06004878179214801
2024-10-28 03:45:00+05:30,309.3550415815023,27.76666666666667,86.33333333333333,3,0,0,0,310.5562139779667,314.68472842835405,0,0,7.607119538689619,-0.06004878179214801
2024-10-28 04:00:00+05:30,307.2334680958261,27.666666666666668,86.93333333333332,4,0,0,0,309.3550415815023,312.9605630421065,0,0,6.594267060678064,0.008427398213465498
2024-10-28 04:15:00+05:30,305.2481232743789,27.633333333333336,87.36666666666667,4,0,0,0,307.2334680958261,312.25839297282374,0,0,6.594267060678064,0.008427398213465498
2024-10-28 04:30:00+05:30,306.5097360156799,27.600000000000005,87.86666666666667,4,0,0,0,305.2481232743789,312.0921985127616,0,0,6.594267060678064,0.008427398213465498
2024-10-28 04:45:00+05:30,308.8807089313986,27.633333333333336,88.03333333333335,4,0,0,0,306.5097360156799,309.0257105030178,0,0,6.594267060678064,0.008427398213465498
2024-10-28 05:00:00+05:30,309.16976154748284,27.6,88.03333333333335,5,0,0,0,308.8807089313986,308.7764848083113,0,0,5.279257902398529,0.10435750043793113
2024-10-28 05:15:00+05:30,309.1079612623777,27.6,88.8,5,0,0,0,309.16976154748284,306.96629983002856,0,0,5.279257902398529,0.10435750043793113
2024-10-28 05:30:00+05:30,312.24328346092284,27.53333333333333,89.33333333333333,5,0,0,0,309.1079612623777,307.239984774028,0,0,5.279257902398529,0.10435750043793113
2024-10-28 05:45:00+05:30,313.1767830100695,27.5,89.53333333333335,5,0,0,0,312.24328346092284,308.7227005745213,0,0,5.279257902398529,0.10435750043793113
2024-10-28 06:00:00+05:30,320.0219903667666,27.46666666666667,89.56666666666666,6,0,0,0,313.1767830100695,310.70173527742554,0,0,4.311530887041023,0.35531410580184186
2024-10-28 06:15:00+05:30,327.8007828731987,27.399999999999995,89.5,6,0,0,0,320.0219903667666,309.7575044009964,0,0,4.311530887041023,0.35531410580184186
2024-10-28 06:30:00+05:30,338.4546111134398,27.433333333333337,89.03333333333335,6,0,0,0,327.8007828731987,308.4624156942147,0,0,4.311530887041023,0.35531410580184186
2024-10-28 06:45:00+05:30,346.1639651215258,27.6,88.10000000000001,6,0,0,0,338.4546111134398,308.448689460421,0,0,4.311530887041023,0.35531410580184186
2024-10-28 07:00:00+05:30,357.2068421727198,27.73333333333333,86.86666666666667,7,0,0,0,346.1639651215258,311.6358795542539,0,0,5.499185953045883,0.4537110737780554
2024-10-28 07:15:00+05:30,372.6182834014075,27.9,86.46666666666665,7,0,0,0,357.2068421727198,313.74011850027966,0,0,5.499185953045883,0.4537110737780554
2024-10-28 07:30:00+05:30,391.0248269547298,28.1,85.8,7,0,0,0,372.6182834014075,317.7512359728084,0,0,5.499185953045883,0.4537110737780554
2024-10-28 07:45:00+05:30,410.319289701188,28.46666666666667,84.13333333333333,7,0,0,0,391.0248269547298,318.39452908911653,0,0,5.499185953045883,0.4537110737780554
2024-10-28 08:00:00+05:30,433.95785393205966,28.83333333333333,82.66666666666667,8,0,0,0,410.319289701188,320.28786365348367,0,0,8.459706391374313,0.5709639278196643
2024-10-28 08:15:00+05:30,456.3670774746973,29.133333333333336,80.63333333333333,8,0,0,0,433.95785393205966,331.6787438918828,0,0,8.459706391374313,0.5709639278196643
2024-10-28 08:30:00+05:30,474.5310130196114,29.600000000000005,78.8,8,0,0,0,456.3670774746973,339.46316633663366,0,0,8.459706391374313,0.5709639278196643
2024-10-28 08:45:00+05:30,488.8132779802195,29.933333333333337,77.10000000000001,8,0,0,0,474.5310130196114,345.33587378010884,0,0,8.459706391374313,0.5709639278196643
2024-10-28 09:00:00+05:30,505.5124228385784,30.266666666666666,75.8,9,0,0,1,488.8132779802195,354.099456269273,0,0,7.468916508257824,1.776913993434797
2024-10-28 09:15:00+05:30,518.9731993019275,30.933333333333337,73.66666666666667,9,0,0,1,505.5124228385784,361.9024180587759,0,0,7.468916508257824,1.776913993434797
2024-10-28 09:30:00+05:30,530.450594616362,31.433333333333337,70.46666666666665,9,0,0,1,518.9731993019275,367.7413558275449,0,0,7.468916508257824,1.776913993434797
2024-10-28 09:45:00+05:30,541.5289818568122,31.73333333333333,69.8,9,0,0,1,530.450594616362,372.9351849029905,0,0,7.468916508257824,1.776913993434797
2024-10-28 10:00:00+05:30,550.0637390192705,32.16666666666667,66.83333333333333,10,0,0,1,541.5289818568122,377.6920022169024,0,0,7.176660943313998,1.959443809088301
2024-10-28 10:15:00+05:30,557.8569253177325,32.6,65.2,10,0,0,1,550.0637390192705,382.92209374538777,0,0,7.176660943313998,1.959443809088301
2024-10-28 10:30:00+05:30,562.667752574998,33.06666666666666,62.2,10,0,0,1,557.8569253177325,388.0956012839153,0,0,7.176660943313998,1.959443809088301
2024-10-28 10:45:00+05:30,565.9314077376312,33.666666666666664,60.26666666666667,10,0,0,1,562.667752574998,391.15114514542745,0,0,7.176660943313998,1.959443809088301
2024-10-28 11:00:00+05:30,568.7778458114186,33.6,61.53333333333334,11,0,0,1,565.9314077376312,395.4001364746701,0,0,7.922475529678865,1.905498851423404
2024-10-28 11:15:00+05:30,569.938121147264,33.900000000000006,61.9,11,0,0,1,568.7778458114186,396.6097956211954,0,0,7.922475529678865,1.905498851423404
2024-10-28 11:30:00+05:30,570.1201457367187,34.06666666666667,61.53333333333334,11,0,0,1,569.938121147264,397.1766426911562,0,0,7.922475529678865,1.905498851423404
2024-10-28 11:45:00+05:30,569.9604224988107,34.099999999999994,61.46666666666667,11,0,0,1,570.1201457367187,399.14657828863113,0,0,7.922475529678865,1.905498851423404
2024-10-28 12:00:00+05:30,570.0770451427437,34.1,60.400000000000006,12,0,0,1,569.9604224988107,400.5928379917569,0,0,8.194346391416534,1.8296017411002858
2024-10-28 12:15:00+05:30,566.7594405627066,34.2,58.13333333333333,12,0,0,1,570.0770451427437,401.8352835609617,0,0,8.194346391416534,1.8296017411002858
2024-10-28 12:30:00+05:30,565.934244889878,34.4,60.13333333333333,12,0,0,1,566.7594405627066,403.1023654938629,0,0,8.194346391416534,1.8296017411002858
2024-10-28 12:45:00+05:30,566.0069329798843,34.4,59.56666666666666,12,0,0,1,565.934244889878,402.3603993229854,0,0,8.194346391416534,1.8296017411002858
2024-10-28 13:00:00+05:30,564.7398404164462,34.66666666666667,58.866666666666674,13,0,0,1,566.0069329798843,402.02855318438384,0,0,7.466115020642604,1.781152913482967
2024-10-28 13:15:00+05:30,560.7067440578336,34.43333333333334,57.93333333333334,13,0,0,1,564.7398404164462,399.9135797760047,0,0,7.466115020642604,1.781152913482967
2024-10-28 13:30:00+05:30,558.3508749465462,34.43333333333333,59.96666666666667,13,0,0,1,560.7067440578336,401.2963342233829,0,0,7.466115020642604,1.781152913482967
2024-10-28 13:45:00+05:30,557.9867432885471,34.36666666666667,60.8,13,0,0,1,558.3508749465462,401.7689823164602,0,0,7.466115020642604,1.781152913482967
2024-10-28 14:00:00+05:30,562.6182060420638,34.3,61.96666666666667,14,0,0,1,557.9867432885471,402.3666893345362,0,0,7.453520252664822,1.8810727851227305
2024-10-28 14:15:00+05:30,570.6129479255771,34.23333333333333,62.0,14,0,0,1,562.6182060420638,405.3713583416731,0,0,7.453520252664822,1.8810727851227305
2024-10-28 14:30:00+05:30,572.3853405574221,34.300000000000004,62.333333333333336,14,0,0,1,570.6129479255771,405.8434257289896,0,0,7.453520252664822,1.8810727851227305
2024-10-28 14:45:00+05:30,574.1983982128515,34.166666666666664,63.1,14,0,0,1,572.3853405574221,406.3413969549102,0,0,7.453520252664822,1.8810727851227305
2024-10-28 15:00:00+05:30,574.4921920254027,34.13333333333333,63.93333333333334,15,0,0,1,574.1983982128515,407.4498732262901,0,0,7.614608640955644,1.8795749299968296
2024-10-28 15:15:00+05:30,573.8271684376879,34.166666666666664,63.93333333333333,15,0,0,1,574.4921920254027,409.115026824808,0,0,7.614608640955644,1.8795749299968296
2024-10-28 15:30:00+05:30,570.986742541601,34.166666666666664,63.56666666666667,15,0,0,1,573.8271684376879,408.1653526706753,0,0,7.614608640955644,1.8795749299968296
2024-10-28 15:45:00+05:30,570.3582203986583,33.9,64.93333333333334,15,0,0,1,570.986742541601,405.9029371755506,0,0,7.614608640955644,1.8795749299968296
2024-10-28 16:00:00+05:30,567.7191433712866,33.73333333333333,67.49999999999999,16,0,0,1,570.3582203986583,405.755006410217,0,0,8.928003783814992,1.63470214174834
2024-10-28 16:15:00+05:30,568.9498020258637,33.333333333333336,68.26666666666667,16,0,0,1,567.7191433712866,401.5112283776362,0,0,8.928003783814992,1.63470214174834
2024-10-28 16:30:00+05:30,567.3081902726441,32.93333333333334,69.03333333333333,16,0,0,1,568.9498020258637,401.4284980944361,0,0,8.928003783814992,1.63470214174834
2024-10-28 16:45:00+05:30,561.8679186784116,32.266666666666666,70.96666666666665,16,0,0,1,567.3081902726441,397.3056279843261,0,0,8.928003783814992,1.63470214174834
2024-10-28 17:00:00+05:30,556.090103107236,31.899999999999995,72.10000000000001,17,0,0,1,561.8679186784116,395.4787012183954,0,0,9.832269406100862,1.3066312424333932
2024-10-28 17:15:00+05:30,549.9408064707932,31.666666666666668,72.16666666666666,17,0,0,1,556.090103107236,390.9772978557271,0,0,9.832269406100862,1.3066312424333932
2024-10-28 17:30:00+05:30,544.2068235080702,31.5,73.16666666666667,17,0,0,1,549.9408064707932,390.1798086748652,0,0,9.832269406100862,1.3066312424333932
2024-10-28 17:45:00+05:30,539.3721238237113,31.266666666666666,73.60000000000001,17,0,0,1,544.2068235080702,397.3112171877493,0,0,9.832269406100862,1.3066312424333932
2024-10-28 18:00:00+05:30,535.8657067545478,31.133333333333336,74.76666666666667,18,0,0,0,539.3721238237113,398.5649788588941,0,0,10.294210660754121,0.797082883851726
2024-10-28 18:15:00+05:30,532.5514279883828,31.03333333333333,75.56666666666668,18,0,0,0,535.8657067545478,398.5113848085073,0,0,10.294210660754121,0.797082883851726
2024-10-28 18:30:00+05:30,525.2691672152388,30.83333333333333,76.13333333333334,18,0,0,0,532.5514279883828,401.5779065714774,0,0,10.294210660754121,0.797082883851726
2024-10-28 18:45:00+05:30,515.2636647076172,30.76666666666667,76.56666666666666,18,0,0,0,525.2691672152388,402.2645745497875,0,0,10.294210660754121,0.797082883851726
2024-10-28 19:00:00+05:30,506.4014790441922,30.666666666666668,76.96666666666667,19,0,0,0,515.2636647076172,403.068980471648,0,0,10.813310868605901,0.8196688281600798
2024-10-28 19:15:00+05:30,498.6758355058317,30.566666666666663,77.7,19,0,0,0,506.4014790441922,402.2196532809304,0,0,10.813310868605901,0.8196688281600798
2024-10-28 19:30:00+05:30,488.1132255622176,30.46666666666667,78.43333333333334,19,0,0,0,498.6758355058317,400.3623641845014,0,0,10.813310868605901,0.8196688281600798
2024-10-28 19:45:00+05:30,480.9532035848714,30.4,78.60000000000001,19,0,0,0,488.1132255622176,398.4768755333265,0,0,10.813310868605901,0.8196688281600798
2024-10-28 20:00:00+05:30,472.3507699357722,30.33333333333333,78.86666666666666,20,0,0,0,480.9532035848714,398.9618955973776,0,0,10.193366449690611,0.84334742214611
2024-10-28 20:15:00+05:30,463.5236789680642,30.266666666666666,79.3,20,0,0,0,472.3507699357722,398.6172769115735,0,0,10.193366449690611,0.84334742214611
2024-10-28 20:30:00+05:30,457.79900100984224,30.2,79.73333333333333,20,0,0,0,463.5236789680642,395.3420819278125,0,0,10.193366449690611,0.84334742214611
2024-10-28 20:45:00+05:30,452.3175861677247,30.133333333333336,80.60000000000001,20,0,0,0,457.79900100984224,394.71792480412114,0,0,10.193366449690611,0.84334742214611
2024-10-28 21:00:00+05:30,446.07911402217655,30.03333333333333,81.26666666666667,21,0,0,0,452.3175861677247,393.8114072956887,0,0,8.774792195189448,0.7521888831997796
2024-10-28 21:15:00+05:30,441.2300168137839,29.933333333333337,81.8,21,0,0,0,446.07911402217655,395.4686656674215,0,0,8.774792195189448,0.7521888831997796
2024-10-28 21:30:00+05:30,436.9787594421815,29.899999999999995,82.10000000000001,21,0,0,0,441.2300168137839,393.562216852936,0,0,8.774792195189448,0.7521888831997796
2024-10-28 21:45:00+05:30,433.5945500125327,29.8,82.1,21,0,0,0,436.9787594421815,392.3278599639856,0,0,8.774792195189448,0.7521888831997796
2024-10-28 22:00:00+05:30,427.04790091215983,29.766666666666666,82.53333333333335,22,0,0,0,433.5945500125327,391.1758639089995,0,0,9.389172121610137,0.7252749896297948
2024-10-28 22:15:00+05:30,421.3183416130613,29.7,83.06666666666668,22,0,0,0,427.04790091215983,388.5298613933429,0,0,9.389172121610137,0.7252749896297948
2024-10-28 22:30:00+05:30,420.2964120969352,29.633333333333336,83.60000000000001,22,0,0,0,421.3183416130613,385.3628529522904,0,0,9.389172121610137,0.7252749896297948
2024-10-28 22:45:00+05:30,416.149453386734,29.566666666666663,83.50000000000001,22,0,0,0,420.2964120969352,383.7373510429325,0,0,9.389172121610137,0.7252749896297948
2024-10-28 23:00:00+05:30,410.3967531603729,29.566666666666663,84.2,23,0,0,0,416.149453386734,382.4849226758486,0,0,10.314981635691288,0.7718909870937027
2024-10-28 23:15:00+05:30,407.2287021114672,29.433333333333337,84.60000000000001,23,0,0,0,410.3967531603729,378.3365172543464,0,0,10.314981635691288,0.7718909870937027
2024-10-28 23:30:00+05:30,402.53424464721286,29.433333333333337,84.93333333333334,23,0,0,0,407.2287021114672,372.91153650041423,0,0,10.314981635691288,0.7718909870937027
2024-10-28 23:45:00+05:30,395.6212398976056,29.266666666666666,84.56666666666668,23,0,0,0,402.53424464721286,368.278337453883,0,0,10.314981635691288,0.7718909870937027
2024-10-29 00:00:00+05:30,389.45259980105465,29.3,84.6,0,1,0,0,395.6212398976056,362.949128787392,0,0,10.821030164864855,0.09594533623790569
2024-10-29 00:15:00+05:30,384.2705170015746,29.2,85.1,0,1,0,0,389.45259980105465,357.3039336886304,0,0,10.821030164864855,0.09594533623790569
2024-10-29 00:30:00+05:30,377.35817722828847,29.1,86.6,0,1,0,0,384.2705170015746,352.10243049796816,0,0,10.821030164864855,0.09594533623790569
2024-10-29 00:45:00+05:30,370.029462166558,29.1,87.4,0,1,0,0,377.35817722828847,344.53219671187804,0,0,10.821030164864855,0.09594533623790569
2024-10-29 01:00:00+05:30,362.8321854719812,29.0,87.6,1,1,0,0,370.029462166558,339.555799503372,0,0,9.728100754378737,-0.03336421712728943
2024-10-29 01:15:00+05:30,357.5254692981208,29.0,88.1,1,1,0,0,362.8321854719812,336.2033621275571,0,0,9.728100754378737,-0.03336421712728943
2024-10-29 01:30:00+05:30,352.4585296896488,28.9,88.1,1,1,0,0,357.5254692981208,333.5099220759178,0,0,9.728100754378737,-0.03336421712728943
2024-10-29 01:45:00+05:30,348.4619970796905,28.9,88.5,1,1,0,0,352.4585296896488,329.08523827270574,0,0,9.728100754378737,-0.03336421712728943
2024-10-29 02:00:00+05:30,346.03511777057395,28.8,88.9,2,1,0,0,348.4619970796905,326.4053987513277,0,0,8.484637707535343,-0.001367850315744823
2024-10-29 02:15:00+05:30,343.5119912706044,28.7,89.3,2,1,0,0,346.03511777057395,323.76948912569856,0,0,8.484637707535343,-0.001367850315744823
2024-10-29 02:30:00+05:30,341.35432714226414,28.7,89.6,2,1,0,0,343.5119912706044,320.02909655601286,0,0,8.484637707535343,-0.001367850315744823
2024-10-29 02:45:00+05:30,338.6470140037188,28.7,90.0,2,1,0,0,341.35432714226414,318.6241349638393,0,0,8.484637707535343,-0.001367850315744823
2024-10-29 03:00:00+05:30,334.57950022592473,28.7,90.1,3,1,0,0,338.6470140037188,316.7771430401183,0,0,7.607119538689619,-0.06004878179214801
2024-10-29 03:15:00+05:30,328.39383570178745,28.7,90.0,3,1,0,0,334.57950022592473,313.3032399900911,0,0,7.607119538689619,-0.06004878179214801
2024-10-29 03:30:00+05:30,323.5020530484786,28.6,90.1,3,1,0,0,328.39383570178745,310.5562139779667,0,0,7.607119538689619,-0.06004878179214801
2024-10-29 03:45:00+05:30,320.12525663375413,28.6,90.2,3,1,0,0,323.5020530484786,309.3550415815023,0,0,7.607119538689619,-0.06004878179214801
2024-10-29 04:00:00+05:30,318.43085362990666,28.7,90.1,4,1,0,0,320.12525663375413,307.2334680958261,0,0,6.594267060678064,0.008427398213465498
2024-10-29 04:15:00+05:30,317.5561402328238,28.6,90.3,4,1,0,0,318.43085362990666,305.2481232743789,0,0,6.594267060678064,0.008427398213465498
2024-10-29 04:30:00+05:30,317.33195968776147,28.6,90.3,4,1,0,0,317.5561402328238,306.5097360156799,0,0,6.594267060678064,0.008427398213465498
2024-10-29 04:45:00+05:30,317.53517806741775,28.5,90.8,4,1,0,0,317.33195968776147,308.8807089313986,0,0,6.594267060678064,0.008427398213465498
2024-10-29 05:00:00+05:30,319.98420598691126,28.4,91.2,5,1,0,0,317.53517806741775,309.16976154748284,0,0,5.279257902398529,0.10435750043793113
2024-10-29 05:15:00+05:30,320.42645792902863,28.4,91.4,5,1,0,0,319.98420598691126,309.1079612623777,0,0,5.279257902398529,0.10435750043793113
2024-10-29 05:30:00+05:30,324.953162544828,28.4,91.6,5,1,0,0,320.42645792902863,312.24328346092284,0,0,5.279257902398529,0.10435750043793113
2024-10-29 05:45:00+05:30,326.4858794431214,28.4,91.6,5,1,0,0,324.953162544828,313.1767830100695,0,0,5.279257902398529,0.10435750043793113
2024-10-29 06:00:00+05:30,332.1139779378253,28.4,91.4,6,1,0,0,326.4858794431214,320.0219903667666,0,0,4.311530887041023,0.35531410580184186
2024-10-29 06:15:00+05:30,337.1882893209963,28.4,91.4,6,1,0,0,332.1139779378253,327.8007828731987,0,0,4.311530887041023,0.35531410580184186
2024-10-29 06:30:00+05:30,342.4492385886148,28.5,91.3,6,1,0,0,337.1882893209963,338.4546111134398,0,0,4.311530887041023,0.35531410580184186
2024-10-29 06:45:00+05:30,349.8580948746212,28.4,91.3,6,1,0,0,342.4492385886148,346.1639651215258,0,0,4.311530887041023,0.35531410580184186
2024-10-29 07:00:00+05:30,364.4904630732539,28.3,91.4,7,1,0,0,349.8580948746212,357.2068421727198,0,0,5.499185953045883,0.4537110737780554
2024-10-29 07:15:00+05:30,378.3019430364796,28.4,90.9,7,1,0,0,364.4904630732539,372.6182834014075,0,0,5.499185953045883,0.4537110737780554
2024-10-29 07:30:00+05:30,396.1557555984084,28.6,90.4,7,1,0,0,378.3019430364796,391.0248269547298,0,0,5.499185953045883,0.4537110737780554
2024-10-29 07:45:00+05:30,413.1530011027164,28.7,90.0,7,1,0,0,396.1557555984084,410.319289701188,0,0,5.499185953045883,0.4537110737780554
2024-10-29 08:00:00+05:30,437.6145674556836,28.9,89.1,8,1,0,0,413.1530011027164,433.95785393205966,0,0,8.459706391374313,0.5709639278196643
2024-10-29 08:15:00+05:30,459.3103645904827,29.1,88.1,8,1,0,0,437.6145674556836,456.3670774746973,0,0,8.459706391374313,0.5709639278196643
2024-10-29 08:30:00+05:30,477.54830780623365,29.4,87.2,8,1,0,0,459.3103645904827,474.5310130196114,0,0,8.459706391374313,0.5709639278196643
2024-10-29 08:45:00+05:30,497.3350199205088,29.7,86.0,8,1,0,0,477.54830780623365,488.8132779802195,0,0,8.459706391374313,0.5709639278196643
2024-10-29 09:00:00+05:30,515.0752395172728,29.9,84.9,9,1,0,1,497.3350199205088,505.5124228385784,0,0,7.468916508257824,1.776913993434797
2024-10-29 09:15:00+05:30,528.686753696376,30.4,83.1,9,1,0,1,515.0752395172728,518.9731993019275,0,0,7.468916508257824,1.776913993434797
2024-10-29 09:30:00+05:30,541.8115169187448,30.6,81.8,9,1,0,1,528.686753696376,530.450594616362,0,0,7.468916508257824,1.776913993434797
2024-10-29 09:45:00+05:30,550.0204693135905,31.1,79.8,9,1,0,1,541.8115169187448,541.5289818568122,0,0,7.468916508257824,1.776913993434797
2024-10-29 10:00:00+05:30,558.1444763405024,31.4,76.7,10,1,0,1,550.0204693135905,550.0637390192705,0,0,7.176660943313998,1.959443809088301
2024-10-29 10:15:00+05:30,565.5359912673879,31.9,74.2,10,1,0,1,558.1444763405024,557.8569253177325,0,0,7.176660943313998,1.959443809088301
2024-10-29 10:30:00+05:30,571.0908189859152,32.1,73.7,10,1,0,1,565.5359912673879,562.667752574998,0,0,7.176660943313998,1.959443809088301
2024-10-29 10:45:00+05:30,575.2362621126276,32.6,72.0,10,1,0,1,571.0908189859152,565.9314077376312,0,0,7.176660943313998,1.959443809088301
2024-10-29 11:00:00+05:30,577.5473459898701,32.9,70.3,11,1,0,1,575.2362621126276,568.7778458114186,0,0,7.922475529678865,1.905498851423404
2024-10-29 11:15:00+05:30,577.2727159277953,33.1,69.5,11,1,0,1,577.5473459898701,569.938121147264,0,0,7.922475529678865,1.905498851423404
2024-10-29 11:30:00+05:30,577.6081988871563,33.3,69.0,11,1,0,1,577.2727159277953,570.1201457367187,0,0,7.922475529678865,1.905498851423404
2024-10-29 11:45:00+05:30,577.2775326650312,33.3,68.0,11,1,0,1,577.6081988871563,569.9604224988107,0,0,7.922475529678865,1.905498851423404
2024-10-29 12:00:00+05:30,578.5783841257568,33.1,68.1,12,1,0,1,577.2775326650312,570.0770451427437,0,0,8.194346391416534,1.8296017411002858
2024-10-29 12:15:00+05:30,576.6631993995617,33.3,68.3,12,1,0,1,578.5783841257568,566.7594405627066,0,0,8.194346391416534,1.8296017411002858
2024-10-29 12:30:00+05:30,576.8052087926628,33.7,67.5,12,1,0,1,576.6631993995617,565.934244889878,0,0,8.194346391416534,1.8296017411002858
2024-10-29 12:45:00+05:30,573.6110666265854,33.7,67.0,12,1,0,1,576.8052087926628,566.0069329798843,0,0,8.194346391416534,1.8296017411002858
2024-10-29 13:00:00+05:30,567.5628197425838,33.7,66.8,13,1,0,1,573.6110666265854,564.7398404164462,0,0,7.466115020642604,1.781152913482967
2024-10-29 13:15:00+05:30,565.5832150882045,33.7,66.4,13,1,0,1,567.5628197425838,560.7067440578336,0,0,7.466115020642604,1.781152913482967
2024-10-29 13:30:00+05:30,566.2443944429828,33.7,67.3,13,1,0,1,565.5832150882045,558.3508749465462,0,0,7.466115020642604,1.781152913482967
2024-10-29 13:45:00+05:30,568.5662016968603,33.8,67.3,13,1,0,1,566.2443944429828,557.9867432885471,0,0,7.466115020642604,1.781152913482967
2024-10-29 14:00:00+05:30,571.8679113553362,33.8,66.9,14,1,0,1,568.5662016968603,562.6182060420638,0,0,7.453520252664822,1.8810727851227305
2024-10-29 14:15:00+05:30,576.097141169473,33.6,68.0,14,1,0,1,571.8679113553362,570.6129479255771,0,0,7.453520252664822,1.8810727851227305
2024-10-29 14:30:00+05:30,578.6746872155896,33.3,69.3,14,1,0,1,576.097141169473,572.3853405574221,0,0,7.453520252664822,1.8810727851227305
2024-10-29 14:45:00+05:30,577.4439063865102,33.2,68.5,14,1,0,1,578.6746872155896,574.1983982128515,0,0,7.453520252664822,1.8810727851227305
2024-10-29 15:00:00+05:30,575.4686591536902,33.2,68.0,15,1,0,1,577.4439063865102,574.4921920254027,0,0,7.614608640955644,1.8795749299968296
2024-10-29 15:15:00+05:30,575.2695110696079,33.2,67.2,15,1,0,1,575.4686591536902,573.8271684376879,0,0,7.614608640955644,1.8795749299968296
2024-10-29 15:30:00+05:30,571.2527543300753,33.1,66.9,15,1,0,1,575.2695110696079,570.986742541601,0,0,7.614608640955644,1.8795749299968296
2024-10-29 15:45:00+05:30,567.4069894189508,32.9,68.4,15,1,0,1,571.2527543300753,570.3582203986583,0,0,7.614608640955644,1.8795749299968296
2024-10-29 16:00:00+05:30,567.387464601417,32.9,68.9,16,1,0,1,567.4069894189508,567.7191433712866,0,0,8.928003783814992,1.63470214174834
2024-10-29 16:15:00+05:30,562.174354658836,32.7,70.1,16,1,0,1,567.387464601417,568.9498020258637,0,0,8.928003783814992,1.63470214174834
2024-10-29 16:30:00+05:30,557.2148298388361,32.6,70.2,16,1,0,1,562.174354658836,567.3081902726441,0,0,8.928003783814992,1.63470214174834
2024-10-29 16:45:00+05:30,551.565733569726,32.4,71.3,16,1,0,1,557.2148298388361,561.8679186784116,0,0,8.928003783814992,1.63470214174834
2024-10-29 17:00:00+05:30,553.2262317485956,31.7,73.4,17,1,0,1,551.565733569726,556.090103107236,0,0,9.832269406100862,1.3066312424333932
2024-10-29 17:15:00+05:30,546.321220823727,31.4,74.6,17,1,0,1,553.2262317485956,549.9408064707932,0,0,9.832269406100862,1.3066312424333932
2024-10-29 17:30:00+05:30,539.8646284844655,31.2,75.9,17,1,0,1,546.321220823727,544.2068235080702,0,0,9.832269406100862,1.3066312424333932
2024-10-29 17:45:00+05:30,538.3647598057494,31.0,76.9,17,1,0,1,539.8646284844655,539.3721238237113,0,0,9.832269406100862,1.3066312424333932
2024-10-29 18:00:00+05:30,534.8143720990943,30.8,78.2,18,1,0,0,538.3647598057494,535.8657067545478,0,0,10.294210660754121,0.797082883851726
2024-10-29 18:15:00+05:30,528.8736986303074,30.7,79.0,18,1,0,0,534.8143720990943,532.5514279883828,0,0,10.294210660754121,0.797082883851726
2024-10-29 18:30:00+05:30,523.2041006874773,30.6,79.5,18,1,0,0,528.8736986303074,525.2691672152388,0,0,10.294210660754121,0.797082883851726
2024-10-29 18:45:00+05:30,514.9479073427875,30.6,79.9,18,1,0,0,523.2041006874773,515.2636647076172,0,0,10.294210660754121,0.797082883851726
2024-10-29 19:00:00+05:30,507.2568630968481,30.6,80.2,19,1,0,0,514.9479073427875,506.4014790441922,0,0,10.813310868605901,0.8196688281600798
2024-10-29 19:15:00+05:30,500.19394129853015,30.6,80.9,19,1,0,0,507.2568630968481,498.6758355058317,0,0,10.813310868605901,0.8196688281600798
2024-10-29 19:30:00+05:30,492.29094129010144,30.5,81.1,19,1,0,0,500.19394129853015,488.1132255622176,0,0,10.813310868605901,0.8196688281600798
2024-10-29 19:45:00+05:30,485.1126191787265,30.6,81.3,19,1,0,0,492.29094129010144,480.9532035848714,0,0,10.813310868605901,0.8196688281600798
2024-10-29 20:00:00+05:30,478.2234867723776,30.6,81.6,20,1,0,0,485.1126191787265,472.3507699357722,0,0,10.193366449690611,0.84334742214611
2024-10-29 20:15:00+05:30,470.6456581615734,30.5,81.9,20,1,0,0,478.2234867723776,463.5236789680642,0,0,10.193366449690611,0.84334742214611
2024-10-29 20:30:00+05:30,464.5900687382125,30.5,82.0,20,1,0,0,470.6456581615734,457.79900100984224,0,0,10.193366449690611,0.84334742214611
2024-10-29 20:45:00+05:30,459.35259392352106,30.4,82.7,20,1,0,0,464.5900687382125,452.3175861677247,0,0,10.193366449690611,0.84334742214611
2024-10-29 21:00:00+05:30,454.3425507830884,30.4,82.7,21,1,0,0,459.35259392352106,446.07911402217655,0,0,8.774792195189448,0.7521888831997796
2024-10-29 21:15:00+05:30,449.58297899282144,30.4,83.2,21,1,0,0,454.3425507830884,441.2300168137839,0,0,8.774792195189448,0.7521888831997796
2024-10-29 21:30:00+05:30,444.186001843136,30.3,83.7,21,1,0,0,449.58297899282144,436.9787594421815,0,0,8.774792195189448,0.7521888831997796
2024-10-29 21:45:00+05:30,441.1433883377856,30.3,83.5,21,1,0,0,444.186001843136,433.5945500125327,0,0,8.774792195189448,0.7521888831997796
2024-10-29 22:00:00+05:30,434.75372346259934,30.2,83.8,22,1,0,0,441.1433883377856,427.04790091215983,0,0,9.389172121610137,0.7252749896297948
2024-10-29 22:15:00+05:30,430.80958123734297,30.2,83.9,22,1,0,0,434.75372346259934,421.3183416130613,0,0,9.389172121610137,0.7252749896297948
2024-10-29 22:30:00+05:30,428.2544159954903,30.1,83.8,22,1,0,0,430.80958123734297,420.2964120969352,0,0,9.389172121610137,0.7252749896297948
2024-10-29 22:45:00+05:30,423.0474319499326,30.0,84.5,22,1,0,0,428.2544159954903,416.149453386734,0,0,9.389172121610137,0.7252749896297948
2024-10-29 23:00:00+05:30,416.8208264142485,29.9,84.6,23,1,0,0,423.0474319499326,410.3967531603729,0,0,10.314981635691288,0.7718909870937027
2024-10-29 23:15:00+05:30,411.4032515557462,29.9,85.1,23,1,0,0,416.8208264142485,407.2287021114672,0,0,10.314981635691288,0.7718909870937027
2024-10-29 23:30:00+05:30,404.91834325241433,29.9,85.3,23,1,0,0,411.4032515557462,402.53424464721286,0,0,10.314981635691288,0.7718909870937027
2024-10-29 23:45:00+05:30,399.1463943620832,29.9,85.3,23,1,0,0,404.91834325241433,395.6212398976056,0,0,10.314981635691288,0.7718909870937027
2024-10-30 00:00:00+05:30,392.29758628185465,29.73333333,86.13333333,0,2,0,0,399.1463943620832,389.45259980105465,0,0,10.821030164864855,0.09594533623790569
2024-10-30 00:15:00+05:30,386.7079873577746,29.6,86.8,0,2,0,0,392.29758628185465,384.2705170015746,0,0,10.821030164864855,0.09594533623790569
2024-10-30 00:30:00+05:30,382.0406139908882,29.5,87.5,0,2,0,0,386.7079873577746,377.35817722828847,0,0,10.821030164864855,0.09594533623790569
2024-10-30 00:45:00+05:30,372.8820480193581,29.46666667,87.1,0,2,0,0,382.0406139908882,370.029462166558,0,0,10.821030164864855,0.09594533623790569
2024-10-30 01:00:00+05:30,364.58345099138126,29.3,87.13333333,1,2,0,0,372.8820480193581,362.8321854719812,0,0,9.728100754378737,-0.03336421712728943
2024-10-30 01:15:00+05:30,358.5339973297208,29.16666667,87.1,1,2,0,0,364.58345099138126,357.5254692981208,0,0,9.728100754378737,-0.03336421712728943
2024-10-30 01:30:00+05:30,353.55372351024886,29.03333333,87.06666667,1,2,0,0,358.5339973297208,352.4585296896488,0,0,9.728100754378737,-0.03336421712728943
2024-10-30 01:45:00+05:30,346.79521134649053,29.0,87.43333333,1,2,0,0,353.55372351024886,348.4619970796905,0,0,9.728100754378737,-0.03336421712728943
2024-10-30 02:00:00+05:30,342.681956954374,28.9,88.0,2,2,0,0,346.79521134649053,346.03511777057395,0,0,8.484637707535343,-0.001367850315744823
2024-10-30 02:15:00+05:30,340.2352730148045,28.8,88.03333333,2,2,0,0,342.681956954374,343.5119912706044,0,0,8.484637707535343,-0.001367850315744823
2024-10-30 02:30:00+05:30,335.91387783886427,28.63333333,88.5,2,2,0,0,340.2352730148045,341.35432714226414,0,0,8.484637707535343,-0.001367850315744823
2024-10-30 02:45:00+05:30,332.9054409535188,28.6,88.63333333,2,2,0,0,335.91387783886427,338.6470140037188,0,0,8.484637707535343,-0.001367850315744823
2024-10-30 03:00:00+05:30,329.3727351947246,28.53333333,89.03333333,3,2,0,0,332.9054409535188,334.57950022592473,0,0,7.607119538689619,-0.06004878179214801
2024-10-30 03:15:00+05:30,325.99377719138744,28.5,89.1,3,2,0,0,329.3727351947246,328.39383570178745,0,0,7.607119538689619,-0.06004878179214801
2024-10-30 03:30:00+05:30,322.2006451262786,28.5,88.63333333,3,2,0,0,325.99377719138744,323.5020530484786,0,0,7.607119538689619,-0.06004878179214801
2024-10-30 03:45:00+05:30,319.5787711607541,28.4,88.8,3,2,0,0,322.2006451262786,320.12525663375413,0,0,7.607119538689619,-0.06004878179214801
2024-10-30 04:00:00+05:30,319.19648751130654,28.36666667,88.6,4,2,0,0,319.5787711607541,318.43085362990666,0,0,6.594267060678064,0.008427398213465498
2024-10-30 04:15:00+05:30,316.2806178700239,28.3,88.8,4,2,0,0,319.19648751130654,317.5561402328238,0,0,6.594267060678064,0.008427398213465498
2024-10-30 04:30:00+05:30,315.40804251516164,28.33333333,88.5,4,2,0,0,316.2806178700239,317.33195968776147,0,0,6.594267060678064,0.008427398213465498
2024-10-30 04:45:00+05:30,316.6382470628178,28.26666667,88.93333333,4,2,0,0,315.40804251516164,317.53517806741775,0,0,6.594267060678064,0.008427398213465498
2024-10-30 05:00:00+05:30,316.2384923987112,28.23333333,88.76666667,5,2,0,0,316.6382470628178,319.98420598691126,0,0,5.279257902398529,0.10435750043793113
2024-10-30 05:15:00+05:30,316.8168507094287,28.16666667,88.96666667,5,2,0,0,316.2384923987112,320.42645792902863,0,0,5.279257902398529,0.10435750043793113
2024-10-30 05:30:00+05:30,319.7786206962279,28.16666667,88.96666667,5,2,0,0,316.8168507094287,324.953162544828,0,0,5.279257902398529,0.10435750043793113
2024-10-30 05:45:00+05:30,322.06311610832125,28.1,88.66666667,5,2,0,0,319.7786206962279,326.4858794431214,0,0,5.279257902398529,0.10435750043793113
2024-10-30 06:00:00+05:30,328.42529806782545,28.03333333,88.06666667,6,2,0,0,322.06311610832125,332.1139779378253,0,0,4.311530887041023,0.35531410580184186
2024-10-30 06:15:00+05:30,330.8634742105962,27.96666667,88.06666667,6,2,0,0,328.42529806782545,337.1882893209963,0,0,4.311530887041023,0.35531410580184186
2024-10-30 06:30:00+05:30,337.54895484361475,27.96666667,88.13333333,6,2,0,0,330.8634742105962,342.4492385886148,0,0,4.311530887041023,0.35531410580184186
2024-10-30 06:45:00+05:30,344.95285715842107,27.93333333,88.13333333,6,2,0,0,337.54895484361475,349.8580948746212,0,0,4.311530887041023,0.35531410580184186
2024-10-30 07:00:00+05:30,358.800030975854,28.03333333,88.13333333,7,2,0,0,344.95285715842107,364.4904630732539,0,0,5.499185953045883,0.4537110737780554
2024-10-30 07:15:00+05:30,371.60506016307966,28.2,87.9,7,2,0,0,358.800030975854,378.3019430364796,0,0,5.499185953045883,0.4537110737780554
2024-10-30 07:30:00+05:30,386.58521713180846,28.46666667,87.46666667,7,2,0,0,371.60506016307966,396.1557555984084,0,0,5.499185953045883,0.4537110737780554
2024-10-30 07:45:00+05:30,403.55110975091634,28.8,86.83333333,7,2,0,0,386.58521713180846,413.1530011027164,0,0,5.499185953045883,0.4537110737780554
2024-10-30 08:00:00+05:30,427.4574418806837,29.33333333,84.2,8,2,0,0,403.55110975091634,437.6145674556836,0,0,8.459706391374313,0.5709639278196643
2024-10-30 08:15:00+05:30,448.9987558054829,29.73333333,81.76666667,8,2,0,0,427.4574418806837,459.3103645904827,0,0,8.459706391374313,0.5709639278196643
2024-10-30 08:30:00+05:30,467.1493922364335,30.13333333,79.1,8,2,0,0,448.9987558054829,477.54830780623365,0,0,8.459706391374313,0.5709639278196643
2024-10-30 08:45:00+05:30,482.6262614929087,30.76666667,76.46666667,8,2,0,0,467.1493922364335,497.3350199205088,0,0,8.459706391374313,0.5709639278196643
2024-10-30 09:00:00+05:30,499.261348100273,31.2,74.8,9,2,0,1,482.6262614929087,515.0752395172728,0,0,7.468916508257824,1.776913993434797
2024-10-30 09:15:00+05:30,513.0091591605759,31.96666667,72.66666667,9,2,0,1,499.261348100273,528.686753696376,0,0,7.468916508257824,1.776913993434797
2024-10-30 09:30:00+05:30,522.8434720505446,32.03333333,71.63333333,9,2,0,1,513.0091591605759,541.8115169187448,0,0,7.468916508257824,1.776913993434797
2024-10-30 09:45:00+05:30,532.3817292713904,32.63333333,70.1,9,2,0,1,522.8434720505446,550.0204693135905,0,0,7.468916508257824,1.776913993434797
2024-10-30 10:00:00+05:30,541.5080586511025,33.16666667,67.76666667,10,2,0,1,532.3817292713904,558.1444763405024,0,0,7.176660943313998,1.959443809088301
2024-10-30 10:15:00+05:30,548.6845775387878,33.4,66.6,10,2,0,1,541.5080586511025,565.5359912673879,0,0,7.176660943313998,1.959443809088301
2024-10-30 10:30:00+05:30,555.0185562193153,34.0,63.53333333,10,2,0,1,548.6845775387878,571.0908189859152,0,0,7.176660943313998,1.959443809088301
2024-10-30 10:45:00+05:30,556.7966409664274,34.4,62.36666667,10,2,0,1,555.0185562193153,575.2362621126276,0,0,7.176660943313998,1.959443809088301
2024-10-30 11:00:00+05:30,559.5560467198701,34.56666667,60.36666667,11,2,0,1,556.7966409664274,577.5473459898701,0,0,7.922475529678865,1.905498851423404
2024-10-30 11:15:00+05:30,560.6951747347952,34.73333333,59.66666667,11,2,0,1,559.5560467198701,577.2727159277953,0,0,7.922475529678865,1.905498851423404
2024-10-30 11:30:00+05:30,559.6429460681562,34.66666667,58.73333333,11,2,0,1,560.6951747347952,577.6081988871563,0,0,7.922475529678865,1.905498851423404
2024-10-30 11:45:00+05:30,560.161434899231,34.5,56.8,11,2,0,1,559.6429460681562,577.2775326650312,0,0,7.922475529678865,1.905498851423404
2024-10-30 12:00:00+05:30,562.9611340651569,34.73333333,56.06666667,12,2,0,1,560.161434899231,578.5783841257568,0,0,8.194346391416534,1.8296017411002858
2024-10-30 12:15:00+05:30,561.8093787963616,35.0,53.56666667,12,2,0,1,562.9611340651569,576.6631993995617,0,0,8.194346391416534,1.8296017411002858
2024-10-30 12:30:00+05:30,559.550868045063,35.1,53.73333333,12,2,0,1,561.8093787963616,576.8052087926628,0,0,8.194346391416534,1.8296017411002858
2024-10-30 12:45:00+05:30,556.0338855439854,35.36666667,55.73333333,12,2,0,1,559.550868045063,573.6110666265854,0,0,8.194346391416534,1.8296017411002858
2024-10-30 13:00:00+05:30,551.0052020205839,35.33333333,55.16666667,13,2,0,1,556.0338855439854,567.5628197425838,0,0,7.466115020642604,1.781152913482967
2024-10-30 13:15:00+05:30,549.7287972606046,35.33333333,55.7,13,2,0,1,551.0052020205839,565.5832150882045,0,0,7.466115020642604,1.781152913482967
2024-10-30 13:30:00+05:30,549.2355816585829,35.2,56.26666667,13,2,0,1,549.7287972606046,566.2443944429828,0,0,7.466115020642604,1.781152913482967
2024-10-30 13:45:00+05:30,549.6352574572603,35.06666667,55.73333333,13,2,0,1,549.2355816585829,568.5662016968603,0,0,7.466115020642604,1.781152913482967
2024-10-30 14:00:00+05:30,554.9115382631362,34.96666667,57.9,14,2,0,1,549.6352574572603,571.8679113553362,0,0,7.453520252664822,1.8810727851227305
2024-10-30 14:15:00+05:30,559.5065436984731,34.83333333,59.56666667,14,2,0,1,554.9115382631362,576.097141169473,0,0,7.453520252664822,1.8810727851227305
2024-10-30 14:30:00+05:30,564.4084627595896,34.3,62.36666667,14,2,0,1,559.5065436984731,578.6746872155896,0,0,7.453520252664822,1.8810727851227305
2024-10-30 14:45:00+05:30,564.0023151109102,34.1,64.1,14,2,0,1,564.4084627595896,577.4439063865102,0,0,7.453520252664822,1.8810727851227305
2024-10-30 15:00:00+05:30,562.9869424076901,34.03333333,64.9,15,2,0,1,564.0023151109102,575.4686591536902,0,0,7.614608640955644,1.8795749299968296
2024-10-30 15:15:00+05:30,564.4511651616078,34.1,64.03333333,15,2,0,1,562.9869424076901,575.2695110696079,0,0,7.614608640955644,1.8795749299968296
2024-10-30 15:30:00+05:30,563.0867680676752,34.33333333,64.13333333,15,2,0,1,564.4511651616078,571.2527543300753,0,0,7.614608640955644,1.8795749299968296
2024-10-30 15:45:00+05:30,563.1253564113507,34.0,65.56666667,15,2,0,1,563.0867680676752,567.4069894189508,0,0,7.614608640955644,1.8795749299968296
2024-10-30 16:00:00+05:30,562.6821505242169,33.83333333,66.86666667,16,2,0,1,563.1253564113507,567.387464601417,0,0,8.928003783814992,1.63470214174834
2024-10-30 16:15:00+05:30,541.0422872988362,33.7,68.13333333,16,2,0,1,562.6821505242169,562.174354658836,0,0,8.928003783814992,1.63470214174834
2024-10-30 16:30:00+05:30,546.190251319036,33.36666667,68.73333333,16,2,0,1,541.0422872988362,557.2148298388361,0,0,8.928003783814992,1.63470214174834
2024-10-30 16:45:00+05:30,548.0624249733261,32.83333333,71.2,16,2,0,1,546.190251319036,551.565733569726,0,0,8.928003783814992,1.63470214174834
2024-10-30 17:00:00+05:30,545.2994646099953,32.4,73.2,17,2,0,1,548.0624249733261,553.2262317485956,0,0,9.832269406100862,1.3066312424333932
2024-10-30 17:15:00+05:30,540.035017021327,32.16666667,75.1,17,2,0,1,545.2994646099953,546.321220823727,0,0,9.832269406100862,1.3066312424333932
2024-10-30 17:30:00+05:30,537.5581080824654,31.83333333,76.63333333,17,2,0,1,540.035017021327,539.8646284844655,0,0,9.832269406100862,1.3066312424333932
2024-10-30 17:45:00+05:30,533.2875341313494,31.56666667,77.9,17,2,0,1,537.5581080824654,538.3647598057494,0,0,9.832269406100862,1.3066312424333932
2024-10-30 18:00:00+05:30,531.4362125618942,31.4,78.9,18,2,0,0,533.2875341313494,534.8143720990943,0,0,10.294210660754121,0.797082883851726
2024-10-30 18:15:00+05:30,528.5753036447071,31.23333333,79.9,18,2,0,0,531.4362125618942,528.8736986303074,0,0,10.294210660754121,0.797082883851726
2024-10-30 18:30:00+05:30,522.5632717358775,31.16666667,79.9,18,2,0,0,528.5753036447071,523.2041006874773,0,0,10.294210660754121,0.797082883851726
2024-10-30 18:45:00+05:30,512.1419975773874,31.1,80.53333333,18,2,0,0,522.5632717358775,514.9479073427875,0,0,10.294210660754121,0.797082883851726
2024-10-30 19:00:00+05:30,505.5173110590479,30.96666667,80.66666667,19,2,0,0,512.1419975773874,507.2568630968481,0,0,10.813310868605901,0.8196688281600798
2024-10-30 19:15:00+05:30,493.9168810937302,30.9,81.13333333,19,2,0,0,505.5173110590479,500.19394129853015,0,0,10.813310868605901,0.8196688281600798
2024-10-30 19:30:00+05:30,484.4801087463013,30.8,81.43333333,19,2,0,0,493.9168810937302,492.29094129010144,0,0,10.813310868605901,0.8196688281600798
2024-10-30 19:45:00+05:30,478.8625006921265,30.66666667,81.56666667,19,2,0,0,484.4801087463013,485.1126191787265,0,0,10.813310868605901,0.8196688281600798
2024-10-30 20:00:00+05:30,470.2661787397774,30.7,81.76666667,20,2,0,0,478.8625006921265,478.2234867723776,0,0,10.193366449690611,0.84334742214611
2024-10-30 20:15:00+05:30,464.6886542857735,30.6,82.2,20,2,0,0,470.2661787397774,470.6456581615734,0,0,10.193366449690611,0.84334742214611
2024-10-30 20:30:00+05:30,462.3875269256124,30.53333333,82.93333333,20,2,0,0,464.6886542857735,464.5900687382125,0,0,10.193366449690611,0.84334742214611
2024-10-30 20:45:00+05:30,457.7309823275213,30.5,83.36666667,20,2,0,0,462.3875269256124,459.35259392352106,0,0,10.193366449690611,0.84334742214611
2024-10-30 21:00:00+05:30,453.3449686658885,30.46666667,83.76666667,21,2,0,0,457.7309823275213,454.3425507830884,0,0,8.774792195189448,0.7521888831997796
2024-10-30 21:15:00+05:30,449.0468242036216,30.36666667,84.5,21,2,0,0,453.3449686658885,449.58297899282144,0,0,8.774792195189448,0.7521888831997796
2024-10-30 21:30:00+05:30,442.073286571536,30.36666667,84.6,21,2,0,0,449.0468242036216,444.186001843136,0,0,8.774792195189448,0.7521888831997796
2024-10-30 21:45:00+05:30,439.2405610087855,30.36666667,84.16666667,21,2,0,0,442.073286571536,441.1433883377856,0,0,8.774792195189448,0.7521888831997796
2024-10-30 22:00:00+05:30,431.31655245999934,30.33333333,84.16666667,22,2,0,0,439.2405610087855,434.75372346259934,0,0,9.389172121610137,0.7252749896297948
2024-10-30 22:15:00+05:30,427.82373611214297,30.26666667,84.56666667,22,2,0,0,431.31655245999934,430.80958123734297,0,0,9.389172121610137,0.7252749896297948
2024-10-30 22:30:00+05:30,426.4351680890903,30.16666667,84.43333333,22,2,0,0,427.82373611214297,428.2544159954903,0,0,9.389172121610137,0.7252749896297948
2024-10-30 22:45:00+05:30,423.0845896023325,30.1,84.7,22,2,0,0,426.4351680890903,423.0474319499326,0,0,9.389172121610137,0.7252749896297948
2024-10-30 23:00:00+05:30,417.1355057416485,30.1,84.8,23,2,0,0,423.0845896023325,416.8208264142485,0,0,10.314981635691288,0.7718909870937027
2024-10-30 23:15:00+05:30,413.4904130565464,30.03333333,85.16666667,23,2,0,0,417.1355057416485,411.4032515557462,0,0,10.314981635691288,0.7718909870937027
2024-10-30 23:30:00+05:30,407.1611878206143,29.93333333,85.86666667,23,2,0,0,413.4904130565464,404.91834325241433,0,0,10.314981635691288,0.7718909870937027
2024-10-30 23:45:00+05:30,402.11521968748303,29.8,87.26666667,23,2,0,0,407.1611878206143,399.1463943620832,0,0,10.314981635691288,0.7718909870937027
2024-10-31 00:00:00+05:30,396.69501425205465,29.8,87.3,0,3,0,0,402.11521968748303,392.29758628185465,1,1,10.28266400297469,0.43514823999908975
2024-10-31 00:15:00+05:30,390.7828097095747,29.8,87.5,0,3,0,0,396.69501425205465,386.7079873577746,1,1,10.28266400297469,0.43514823999908975
2024-10-31 00:30:00+05:30,384.4126577692883,29.7,87.9,0,3,0,0,390.7828097095747,382.0406139908882,1,1,10.28266400297469,0.43514823999908975
2024-10-31 00:45:00+05:30,376.449013655358,29.8,87.8,0,3,0,0,384.4126577692883,372.8820480193581,1,1,10.28266400297469,0.43514823999908975
2024-10-31 01:00:00+05:30,369.6002412327812,29.7,87.7,1,3,0,0,376.449013655358,364.58345099138126,1,1,10.23492857948753,0.41905279901833875
2024-10-31 01:15:00+05:30,363.7428110471207,29.5,89.0,1,3,0,0,369.6002412327812,358.5339973297208,1,1,10.23492857948753,0.41905279901833875
2024-10-31 01:30:00+05:30,358.3985947878487,29.5,89.1,1,3,0,0,363.7428110471207,353.55372351024886,1,1,10.23492857948753,0.41905279901833875
2024-10-31 01:45:00+05:30,353.5613479042904,29.5,89.3,1,3,0,0,358.3985947878487,346.79521134649053,1,1,10.23492857948753,0.41905279901833875
2024-10-31 02:00:00+05:30,347.73005111517404,29.4,89.6,2,3,0,0,353.5613479042904,342.681956954374,1,1,9.185307998547431,0.3327955533401284
2024-10-31 02:15:00+05:30,344.6262135946044,29.4,89.7,2,3,0,0,347.73005111517404,340.2352730148045,1,1,9.185307998547431,0.3327955533401284
2024-10-31 02:30:00+05:30,340.3989952208641,29.4,89.2,2,3,0,0,344.6262135946044,335.91387783886427,1,1,9.185307998547431,0.3327955533401284
2024-10-31 02:45:00+05:30,337.3289139221188,29.3,88.5,2,3,0,0,340.3989952208641,332.9054409535188,1,1,9.185307998547431,0.3327955533401284
2024-10-31 03:00:00+05:30,334.39005533392464,29.3,88.3,3,3,0,0,337.3289139221188,329.3727351947246,1,1,8.176635403696652,0.281371082814392
2024-10-31 03:15:00+05:30,330.8961867569876,29.2,88.2,3,3,0,0,334.39005533392464,325.99377719138744,1,1,8.176635403696652,0.281371082814392
2024-10-31 03:30:00+05:30,327.3556411838787,29.2,88.1,3,3,0,0,330.8961867569876,322.2006451262786,1,1,8.176635403696652,0.281371082814392
2024-10-31 03:45:00+05:30,324.1716098197541,29.1,88.0,3,3,0,0,327.3556411838787,319.5787711607541,1,1,8.176635403696652,0.281371082814392
2024-10-31 04:00:00+05:30,322.3102170877066,29.0,88.2,4,3,0,0,324.1716098197541,319.19648751130654,1,1,7.015386303485643,0.26047677238200084
2024-10-31 04:15:00+05:30,319.3885065496239,28.9,88.3,4,3,0,0,322.3102170877066,316.2806178700239,1,1,7.015386303485643,0.26047677238200084
2024-10-31 04:30:00+05:30,320.15135448716154,28.8,88.2,4,3,0,0,319.3885065496239,315.40804251516164,1,1,7.015386303485643,0.26047677238200084
2024-10-31 04:45:00+05:30,319.69754262401773,28.8,88.1,4,3,0,0,320.15135448716154,316.6382470628178,1,1,7.015386303485643,0.26047677238200084
2024-10-31 05:00:00+05:30,320.2003154911112,28.7,88.8,5,3,0,0,319.69754262401773,316.2384923987112,1,1,6.033809930124011,0.25601454739155827
2024-10-31 05:15:00+05:30,320.84119780062866,28.6,88.2,5,3,0,0,320.2003154911112,316.8168507094287,1,1,6.033809930124011,0.25601454739155827
2024-10-31 05:30:00+05:30,324.0799734590281,28.5,88.3,5,3,0,0,320.84119780062866,319.7786206962279,1,1,6.033809930124011,0.25601454739155827
2024-10-31 05:45:00+05:30,326.31188487352136,28.4,89.2,5,3,0,0,324.0799734590281,322.06311610832125,1,1,6.033809930124011,0.25601454739155827
2024-10-31 06:00:00+05:30,332.2554358162254,28.4,89.1,6,3,0,0,326.31188487352136,328.42529806782545,1,1,5.124181795779499,0.3311154012974202
2024-10-31 06:15:00+05:30,336.1122414783963,28.4,88.5,6,3,0,0,332.2554358162254,330.8634742105962,1,1,5.124181795779499,0.3311154012974202
2024-10-31 06:30:00+05:30,338.0568557786147,28.3,88.2,6,3,0,0,336.1122414783963,337.54895484361475,1,1,5.124181795779499,0.3311154012974202
2024-10-31 06:45:00+05:30,343.53606755682114,28.3,88.3,6,3,0,0,338.0568557786147,344.95285715842107,1,1,5.124181795779499,0.3311154012974202
2024-10-31 07:00:00+05:30,352.1122487308538,28.3,88.4,7,3,0,0,343.53606755682114,358.800030975854,1,1,5.861215743503454,0.3098311206904185
2024-10-31 07:15:00+05:30,360.9744432130796,28.4,88.1,7,3,0,0,352.1122487308538,371.60506016307966,1,1,5.861215743503454,0.3098311206904185
2024-10-31 07:30:00+05:30,369.92125103340845,28.5,87.6,7,3,0,0,360.9744432130796,386.58521713180846,1,1,5.861215743503454,0.3098311206904185
2024-10-31 07:45:00+05:30,382.2245821653165,28.8,87.0,7,3,0,0,369.92125103340845,403.55110975091634,1,1,5.861215743503454,0.3098311206904185
2024-10-31 08:00:00+05:30,398.7511687992836,29.0,86.3,8,3,0,0,382.2245821653165,427.4574418806837,1,1,7.281180777855669,0.6174309216372611
2024-10-31 08:15:00+05:30,411.580958429683,29.4,83.3,8,3,0,0,398.7511687992836,448.9987558054829,1,1,7.281180777855669,0.6174309216372611
2024-10-31 08:30:00+05:30,420.74418250743366,29.9,80.6,8,3,0,0,411.580958429683,467.1493922364335,1,1,7.281180777855669,0.6174309216372611
2024-10-31 08:45:00+05:30,428.1802228821087,30.3,77.8,8,3,0,0,420.74418250743366,482.6262614929087,1,1,7.281180777855669,0.6174309216372611
2024-10-31 09:00:00+05:30,439.5452124254728,30.7,75.6,9,3,0,1,428.1802228821087,499.261348100273,1,1,-1.327798133298018,1.2286262331733069
2024-10-31 09:15:00+05:30,447.8126823101757,31.3,73.3,9,3,0,1,439.5452124254728,513.0091591605759,1,1,-1.327798133298018,1.2286262331733069
2024-10-31 09:30:00+05:30,459.54958734934473,31.8,70.0,9,3,0,1,447.8126823101757,522.8434720505446,1,1,-1.327798133298018,1.2286262331733069
2024-10-31 09:45:00+05:30,462.53915593279066,32.4,68.5,9,3,0,1,459.54958734934473,532.3817292713904,1,1,-1.327798133298018,1.2286262331733069
2024-10-31 10:00:00+05:30,467.6421733805025,33.0,65.4,10,3,0,1,462.53915593279066,541.5080586511025,1,1,-3.2492202176266622,1.0846145593807166
2024-10-31 10:15:00+05:30,470.955676858588,33.4,62.7,10,3,0,1,467.6421733805025,548.6845775387878,1,1,-3.2492202176266622,1.0846145593807166
2024-10-31 10:30:00+05:30,477.6400583037151,33.8,60.5,10,3,0,1,470.955676858588,555.0185562193153,1,1,-3.2492202176266622,1.0846145593807166
2024-10-31 10:45:00+05:30,479.4450170002274,33.7,59.8,10,3,0,1,477.6400583037151,556.7966409664274,1,1,-3.2492202176266622,1.0846145593807166
2024-10-31 11:00:00+05:30,482.8229586738702,34.7,56.0,11,3,0,1,479.4450170002274,559.5560467198701,1,1,-4.065128557591302,0.9600287683582207
2024-10-31 11:15:00+05:30,481.3993533371953,35.2,52.2,11,3,0,1,482.8229586738702,560.6951747347952,1,1,-4.065128557591302,0.9600287683582207
2024-10-31 11:30:00+05:30,483.2038416425562,35.4,54.7,11,3,0,1,481.3993533371953,559.6429460681562,1,1,-4.065128557591302,0.9600287683582207
2024-10-31 11:45:00+05:30,480.0510166864311,35.3,54.5,11,3,0,1,483.2038416425562,560.161434899231,1,1,-4.065128557591302,0.9600287683582207
2024-10-31 12:00:00+05:30,478.9483000201572,35.5,52.6,12,3,0,1,480.0510166864311,562.9611340651569,1,1,-3.584132884684334,0.9570303549034681
2024-10-31 12:15:00+05:30,478.93938882096177,35.6,51.9,12,3,0,1,478.9483000201572,561.8093787963616,1,1,-3.584132884684334,0.9570303549034681
2024-10-31 12:30:00+05:30,479.2475222480627,35.6,51.5,12,3,0,1,478.93938882096177,559.550868045063,1,1,-3.584132884684334,0.9570303549034681
2024-10-31 12:45:00+05:30,479.5727088367855,36.0,48.8,12,3,0,1,479.2475222480627,556.0338855439854,1,1,-3.584132884684334,0.9570303549034681
2024-10-31 13:00:00+05:30,479.0505560183839,36.1,49.7,13,3,0,1,479.5727088367855,551.0052020205839,1,1,-3.4228902988654646,0.9655710716213526
2024-10-31 13:15:00+05:30,477.4323040448045,36.2,48.8,13,3,0,1,479.0505560183839,549.7287972606046,1,1,-3.4228902988654646,0.9655710716213526
2024-10-31 13:30:00+05:30,479.0718830805829,36.4,47.9,13,3,0,1,477.4323040448045,549.2355816585829,1,1,-3.4228902988654646,0.9655710716213526
2024-10-31 13:45:00+05:30,481.6171892648602,36.4,49.3,13,3,0,1,479.0718830805829,549.6352574572603,1,1,-3.4228902988654646,0.9655710716213526
2024-10-31 14:00:00+05:30,483.4347780627362,36.4,49.9,14,3,0,1,481.6171892648602,554.9115382631362,1,1,-3.2450369692195107,0.9213689063012519
2024-10-31 14:15:00+05:30,484.6839430830731,36.1,51.0,14,3,0,1,483.4347780627362,559.5065436984731,1,1,-3.2450369692195107,0.9213689063012519
2024-10-31 14:30:00+05:30,485.5182545725898,36.1,51.9,14,3,0,1,484.6839430830731,564.4084627595896,1,1,-3.2450369692195107,0.9213689063012519
2024-10-31 14:45:00+05:30,485.1052194215102,35.9,53.7,14,3,0,1,485.5182545725898,564.0023151109102,1,1,-3.2450369692195107,0.9213689063012519
2024-10-31 15:00:00+05:30,486.04627709949,35.9,54.0,15,3,0,1,485.1052194215102,562.9869424076901,1,1,-2.616388345103318,0.9453843362705481
2024-10-31 15:15:00+05:30,485.8189040102079,36.0,53.0,15,3,0,1,486.04627709949,564.4511651616078,1,1,-2.616388345103318,0.9453843362705481
2024-10-31 15:30:00+05:30,485.1557924686752,36.1,52.9,15,3,0,1,485.8189040102079,563.0867680676752,1,1,-2.616388345103318,0.9453843362705481
2024-10-31 15:45:00+05:30,480.15128449315074,36.0,53.4,15,3,0,1,485.1557924686752,563.1253564113507,1,1,-2.616388345103318,0.9453843362705481
2024-10-31 16:00:00+05:30,479.3738993608169,35.5,53.3,16,3,0,1,480.15128449315074,562.6821505242169,1,1,-0.6907534460689906,1.0185222699059389
2024-10-31 16:15:00+05:30,474.140032516436,35.2,55.4,16,3,0,1,479.3738993608169,541.0422872988362,1,1,-0.6907534460689906,1.0185222699059389
2024-10-31 16:30:00+05:30,470.3142900068361,34.9,56.1,16,3,0,1,474.140032516436,546.190251319036,1,1,-0.6907534460689906,1.0185222699059389
2024-10-31 16:45:00+05:30,464.3425634105262,34.5,56.2,16,3,0,1,470.3142900068361,548.0624249733261,1,1,-0.6907534460689906,1.0185222699059389
2024-10-31 17:00:00+05:30,462.0016882871955,33.9,58.6,17,3,0,1,464.3425634105262,545.2994646099953,1,1,-1.216841068798931,1.0572501590447172
2024-10-31 17:15:00+05:30,458.9478554283271,33.5,59.5,17,3,0,1,462.0016882871955,540.035017021327,1,1,-1.216841068798931,1.0572501590447172
2024-10-31 17:30:00+05:30,455.0290456546655,33.2,61.9,17,3,0,1,458.9478554283271,537.5581080824654,1,1,-1.216841068798931,1.0572501590447172
2024-10-31 17:45:00+05:30,456.14020032634926,32.9,64.0,17,3,0,1,455.0290456546655,533.2875341313494,1,1,-1.216841068798931,1.0572501590447172
2024-10-31 18:00:00+05:30,461.0250435734941,32.6,64.5,18,3,0,0,456.14020032634926,531.4362125618942,1,1,3.769537692040247,1.0624941317781333
2024-10-31 18:15:00+05:30,463.8094215289071,32.4,65.4,18,3,0,0,461.0250435734941,528.5753036447071,1,1,3.769537692040247,1.0624941317781333
2024-10-31 18:30:00+05:30,464.7726732036776,32.1,65.9,18,3,0,0,463.8094215289071,522.5632717358775,1,1,3.769537692040247,1.0624941317781333
2024-10-31 18:45:00+05:30,461.8459547543878,32.0,66.0,18,3,0,0,464.7726732036776,512.1419975773874,1,1,3.769537692040247,1.0624941317781333
2024-10-31 19:00:00+05:30,458.85160697144806,31.9,64.7,19,3,0,0,461.8459547543878,505.5173110590479,1,1,4.321696048865239,1.108850824742368
2024-10-31 19:15:00+05:30,455.1548164625304,31.8,64.3,19,3,0,0,458.85160697144806,493.9168810937302,1,1,4.321696048865239,1.108850824742368
2024-10-31 19:30:00+05:30,448.76056694070127,31.8,64.8,19,3,0,0,455.1548164625304,484.4801087463013,1,1,4.321696048865239,1.108850824742368
2024-10-31 19:45:00+05:30,444.6207146449265,31.6,65.6,19,3,0,0,448.76056694070127,478.8625006921265,1,1,4.321696048865239,1.108850824742368
2024-10-31 20:00:00+05:30,440.3268381907775,31.6,66.2,20,3,0,0,444.6207146449265,470.2661787397774,1,1,6.057064044297745,1.0047461652242236
2024-10-31 20:15:00+05:30,437.2310210135735,31.5,66.9,20,3,0,0,440.3268381907775,464.6886542857735,1,1,6.057064044297745,1.0047461652242236
2024-10-31 20:30:00+05:30,432.9084917808126,31.4,67.6,20,3,0,0,437.2310210135735,462.3875269256124,1,1,6.057064044297745,1.0047461652242236
2024-10-31 20:45:00+05:30,427.23515008072127,31.3,67.6,20,3,0,0,432.9084917808126,457.7309823275213,1,1,6.057064044297745,1.0047461652242236
2024-10-31 21:00:00+05:30,423.8204561026885,31.2,67.9,21,3,0,0,427.23515008072127,453.3449686658885,1,1,7.475496961090576,0.6874006457533774
2024-10-31 21:15:00+05:30,420.7384029568216,31.3,67.9,21,3,0,0,423.8204561026885,449.0468242036216,1,1,7.475496961090576,0.6874006457533774
2024-10-31 21:30:00+05:30,416.9755868679363,31.2,68.0,21,3,0,0,420.7384029568216,442.073286571536,1,1,7.475496961090576,0.6874006457533774
2024-10-31 21:45:00+05:30,415.3327227519856,31.1,68.8,21,3,0,0,416.9755868679363,439.2405610087855,1,1,7.475496961090576,0.6874006457533774
2024-10-31 22:00:00+05:30,410.3677349987995,30.9,70.0,22,3,0,0,415.3327227519856,431.31655245999934,1,1,7.829523660164418,0.6316136010718202
2024-10-31 22:15:00+05:30,407.1549341729429,30.8,71.4,22,3,0,0,410.3677349987995,427.82373611214297,1,1,7.829523660164418,0.6316136010718202
2024-10-31 22:30:00+05:30,404.4664347196902,30.6,72.6,22,3,0,0,407.1549341729429,426.4351680890903,1,1,7.829523660164418,0.6316136010718202
2024-10-31 22:45:00+05:30,402.2983371149325,30.4,74.5,22,3,0,0,404.4664347196902,423.0845896023325,1,1,7.829523660164418,0.6316136010718202
2024-10-31 23:00:00+05:30,398.30011851844864,30.4,76.0,23,3,0,0,402.2983371149325,417.1355057416485,1,1,8.276510491817042,0.6597587877326709
2024-10-31 23:15:00+05:30,393.7895138957464,30.3,77.2,23,3,0,0,398.30011851844864,413.4904130565464,1,1,8.276510491817042,0.6597587877326709
2024-10-31 23:30:00+05:30,389.6350495380142,30.2,77.0,23,3,0,0,393.7895138957464,407.1611878206143,1,1,8.276510491817042,0.6597587877326709
2024-10-31 23:45:00+05:30,385.7768773310831,30.2,77.0,23,3,0,0,389.6350495380142,402.11521968748303,1,1,8.276510491817042,0.6597587877326709
2024-11-01 00:00:00+05:30,379.89111846945207,30.13333333,72.03333333,0,4,0,0,385.7768773310831,396.69501425205465,0,0,10.821030164864855,0.09594533623790569
2024-11-01 00:15:00+05:30,375.42660745964577,30.03333333,71.66666667,0,4,0,0,379.89111846945207,390.7828097095747,0,0,10.821030164864855,0.09594533623790569
2024-11-01 00:30:00+05:30,370.4828984706341,29.93333333,73.26666667,0,4,0,0,375.42660745964577,384.4126577692883,0,0,10.821030164864855,0.09594533623790569
2024-11-01 00:45:00+05:30,362.8233222859201,29.8,71.23333333,0,4,0,0,370.4828984706341,376.449013655358,0,0,10.821030164864855,0.09594533623790569
2024-11-01 01:00:00+05:30,355.2374059225523,29.8,71.66666667,1,4,0,0,362.8233222859201,369.6002412327812,0,0,9.728100754378737,-0.03336421712728943
2024-11-01 01:15:00+05:30,349.4873013760447,29.63333333,72.9,1,4,0,0,355.2374059225523,363.7428110471207,0,0,9.728100754378737,-0.03336421712728943
2024-11-01 01:30:00+05:30,345.0124627319063,29.5,73.96666667,1,4,0,0,349.4873013760447,358.3985947878487,0,0,9.728100754378737,-0.03336421712728943
2024-11-01 01:45:00+05:30,340.3323947497659,29.3,75.76666667,1,4,0,0,345.0124627319063,353.5613479042904,0,0,9.728100754378737,-0.03336421712728943
2024-11-01 02:00:00+05:30,337.8573757453253,29.2,76.73333333,2,4,0,0,340.3323947497659,347.73005111517404,0,0,8.484637707535343,-0.001367850315744823
2024-11-01 02:15:00+05:30,334.9688050404942,29.16666667,77.1,2,4,0,0,337.8573757453253,344.6262135946044,0,0,8.484637707535343,-0.001367850315744823
2024-11-01 02:30:00+05:30,329.98317189514097,29.06666667,76.76666667,2,4,0,0,334.9688050404942,340.3989952208641,0,0,8.484637707535343,-0.001367850315744823
2024-11-01 02:45:00+05:30,326.21398126418285,28.93333333,77.26666667,2,4,0,0,329.98317189514097,337.3289139221188,0,0,8.484637707535343,-0.001367850315744823
2024-11-01 03:00:00+05:30,324.6157022757686,28.83333333,77.73333333,3,4,0,0,326.21398126418285,334.39005533392464,0,0,7.607119538689619,-0.06004878179214801
2024-11-01 03:15:00+05:30,321.79870598241814,28.76666667,77.23333333,3,4,0,0,324.6157022757686,330.8961867569876,0,0,7.607119538689619,-0.06004878179214801
2024-11-01 03:30:00+05:30,319.92612119449467,28.7,77.43333333,3,4,0,0,321.79870598241814,327.3556411838787,0,0,7.607119538689619,-0.06004878179214801
2024-11-01 03:45:00+05:30,318.4353867554464,28.56666667,78.4,3,4,0,0,319.92612119449467,324.1716098197541,0,0,7.607119538689619,-0.06004878179214801
2024-11-01 04:00:00+05:30,314.0054230118613,28.5,78.46666667,4,4,0,0,318.4353867554464,322.3102170877066,0,0,6.594267060678064,0.008427398213465498
2024-11-01 04:15:00+05:30,312.25385569406257,28.46666667,77.9,4,4,0,0,314.0054230118613,319.3885065496239,0,0,6.594267060678064,0.008427398213465498
2024-11-01 04:30:00+05:30,311.7817528422035,28.33333333,77.66666667,4,4,0,0,312.25385569406257,320.15135448716154,0,0,6.594267060678064,0.008427398213465498
2024-11-01 04:45:00+05:30,311.6722797005869,28.23333333,78.0,4,4,0,0,311.7817528422035,319.69754262401773,0,0,6.594267060678064,0.008427398213465498
2024-11-01 05:00:00+05:30,311.9415841492556,28.13333333,78.9,5,4,0,0,311.6722797005869,320.2003154911112,0,0,5.279257902398529,0.10435750043793113
2024-11-01 05:15:00+05:30,311.4194518735772,28.13333333,78.26666667,5,4,0,0,311.9415841492556,320.84119780062866,0,0,5.279257902398529,0.10435750043793113
2024-11-01 05:30:00+05:30,311.7300191091866,28.1,77.7,5,4,0,0,311.4194518735772,324.0799734590281,0,0,5.279257902398529,0.10435750043793113
2024-11-01 05:45:00+05:30,312.2096958691453,28.0,78.0,5,4,0,0,311.7300191091866,326.31188487352136,0,0,5.279257902398529,0.10435750043793113
2024-11-01 06:00:00+05:30,314.8915137293241,27.96666667,77.66666667,6,4,0,0,312.2096958691453,332.2554358162254,0,0,4.311530887041023,0.35531410580184186
2024-11-01 06:15:00+05:30,314.1838442328265,27.93333333,76.33333333,6,4,0,0,314.8915137293241,336.1122414783963,0,0,4.311530887041023,0.35531410580184186
2024-11-01 06:30:00+05:30,314.54665111957377,27.93333333,76.2,6,4,0,0,314.1838442328265,338.0568557786147,0,0,4.311530887041023,0.35531410580184186
2024-11-01 06:45:00+05:30,315.0964951540201,27.93333333,77.03333333,6,4,0,0,314.54665111957377,343.53606755682114,0,0,4.311530887041023,0.35531410580184186
2024-11-01 07:00:00+05:30,318.3461490535012,28.03333333,77.13333333,7,4,0,0,315.0964951540201,352.1122487308538,0,0,5.499185953045883,0.4537110737780554
2024-11-01 07:15:00+05:30,319.7703587457757,28.13333333,76.7,7,4,0,0,318.3461490535012,360.9744432130796,0,0,5.499185953045883,0.4537110737780554
2024-11-01 07:30:00+05:30,322.613742556948,28.4,77.23333333,7,4,0,0,319.7703587457757,369.92125103340845,0,0,5.499185953045883,0.4537110737780554
2024-11-01 07:45:00+05:30,327.55560155866056,28.83333333,75.8,7,4,0,0,322.613742556948,382.2245821653165,0,0,5.499185953045883,0.4537110737780554
2024-11-01 08:00:00+05:30,334.9325232707194,29.4,73.93333333,8,4,0,0,327.55560155866056,398.7511687992836,0,0,8.459706391374313,0.5709639278196643
2024-11-01 08:15:00+05:30,342.64157952035873,30.03333333,71.43333333,8,4,0,0,334.9325232707194,411.580958429683,0,0,8.459706391374313,0.5709639278196643
2024-11-01 08:30:00+05:30,349.386252115342,30.6,70.7,8,4,0,0,342.64157952035873,420.74418250743366,0,0,8.459706391374313,0.5709639278196643
2024-11-01 08:45:00+05:30,356.9348785885833,31.03333333,67.06666667,8,4,0,0,349.386252115342,428.1802228821087,0,0,8.459706391374313,0.5709639278196643
2024-11-01 09:00:00+05:30,361.26182757393946,31.53333333,62.83333333,9,4,0,1,356.9348785885833,439.5452124254728,0,0,7.468916508257824,1.776913993434797
2024-11-01 09:15:00+05:30,366.3051243476571,31.9,62.16666667,9,4,0,1,361.26182757393946,447.8126823101757,0,0,7.468916508257824,1.776913993434797
2024-11-01 09:30:00+05:30,372.1883869639176,32.3,60.73333333,9,4,0,1,366.3051243476571,459.54958734934473,0,0,7.468916508257824,1.776913993434797
2024-11-01 09:45:00+05:30,373.2578819116211,32.56666667,60.53333333,9,4,0,1,372.1883869639176,462.53915593279066,0,0,7.468916508257824,1.776913993434797
2024-11-01 10:00:00+05:30,379.6770102916773,32.86666667,59.13333333,10,4,0,1,373.2578819116211,467.6421733805025,0,0,7.176660943313998,1.959443809088301
2024-11-01 10:15:00+05:30,384.6561005064785,33.0,58.8,10,4,0,1,379.6770102916773,470.955676858588,0,0,7.176660943313998,1.959443809088301
2024-11-01 10:30:00+05:30,390.1921693638095,33.13333333,59.03333333,10,4,0,1,384.6561005064785,477.6400583037151,0,0,7.176660943313998,1.959443809088301
2024-11-01 10:45:00+05:30,395.9976036747261,33.46666667,58.36666667,10,4,0,1,390.1921693638095,479.4450170002274,0,0,7.176660943313998,1.959443809088301
2024-11-01 11:00:00+05:30,399.52755602950674,33.63333333,59.96666667,11,4,0,1,395.9976036747261,482.8229586738702,0,0,7.922475529678865,1.905498851423404
2024-11-01 11:15:00+05:30,400.9219882789555,33.7,60.66666667,11,4,0,1,399.52755602950674,481.3993533371953,0,0,7.922475529678865,1.905498851423404
2024-11-01 11:30:00+05:30,403.5255246987784,33.83333333,61.93333333,11,4,0,1,400.9219882789555,483.2038416425562,0,0,7.922475529678865,1.905498851423404
2024-11-01 11:45:00+05:30,402.6866267501095,33.8,64.3,11,4,0,1,403.5255246987784,480.0510166864311,0,0,7.922475529678865,1.905498851423404
2024-11-01 12:00:00+05:30,403.5023970314191,33.83333333,65.63333333,12,4,0,1,402.6866267501095,478.9483000201572,0,0,8.194346391416534,1.8296017411002858
2024-11-01 12:15:00+05:30,402.93099974144366,34.1,65.03333333,12,4,0,1,403.5023970314191,478.93938882096177,0,0,8.194346391416534,1.8296017411002858
2024-11-01 12:30:00+05:30,406.2553334137797,34.33333333,64.43333333,12,4,0,1,402.93099974144366,479.2475222480627,0,0,8.194346391416534,1.8296017411002858
2024-11-01 12:45:00+05:30,409.58144430870624,34.56666667,63.73333333,12,4,0,1,406.2553334137797,479.5727088367855,0,0,8.194346391416534,1.8296017411002858
2024-11-01 13:00:00+05:30,411.7422779988947,34.66666667,63.13333333,13,4,0,1,409.58144430870624,479.0505560183839,0,0,7.466115020642604,1.781152913482967
2024-11-01 13:15:00+05:30,411.16342589398425,34.6,64.03333333,13,4,0,1,411.7422779988947,477.4323040448045,0,0,7.466115020642604,1.781152913482967
2024-11-01 13:30:00+05:30,412.0505980602638,34.7,63.03333333,13,4,0,1,411.16342589398425,479.0718830805829,0,0,7.466115020642604,1.781152913482967
2024-11-01 13:45:00+05:30,415.4712301971074,34.43333333,65.8,13,4,0,1,412.0505980602638,481.6171892648602,0,0,7.466115020642604,1.781152913482967
2024-11-01 14:00:00+05:30,419.1277530495395,34.6,65.53333333,14,4,0,1,415.4712301971074,483.4347780627362,0,0,7.453520252664822,1.8810727851227305
2024-11-01 14:15:00+05:30,421.0304657646396,34.2,66.6,14,4,0,1,419.1277530495395,484.6839430830731,0,0,7.453520252664822,1.8810727851227305
2024-11-01 14:30:00+05:30,423.8320068112903,34.03333333,67.7,14,4,0,1,421.0304657646396,485.5182545725898,0,0,7.453520252664822,1.8810727851227305
2024-11-01 14:45:00+05:30,423.3000088365149,33.93333333,68.23333333,14,4,0,1,423.8320068112903,485.1052194215102,0,0,7.453520252664822,1.8810727851227305
2024-11-01 15:00:00+05:30,421.5057557937455,33.96666667,68.0,15,4,0,1,423.3000088365149,486.04627709949,0,0,7.614608640955644,1.8795749299968296
2024-11-01 15:15:00+05:30,421.46200187055774,33.93333333,68.26666667,15,4,0,1,421.5057557937455,485.8189040102079,0,0,7.614608640955644,1.8795749299968296
2024-11-01 15:30:00+05:30,418.92184594225154,34.03333333,68.4,15,4,0,1,421.46200187055774,485.1557924686752,0,0,7.614608640955644,1.8795749299968296
2024-11-01 15:45:00+05:30,416.5280206010932,33.83333333,69.0,15,4,0,1,418.92184594225154,480.15128449315074,0,0,7.614608640955644,1.8795749299968296
2024-11-01 16:00:00+05:30,416.54045302834606,33.43333333,69.9,16,4,0,1,416.5280206010932,479.3738993608169,0,0,8.928003783814992,1.63470214174834
2024-11-01 16:15:00+05:30,412.46295408103424,33.26666667,70.43333333,16,4,0,1,416.54045302834606,474.140032516436,0,0,8.928003783814992,1.63470214174834
2024-11-01 16:30:00+05:30,409.7721337512442,32.8,71.3,16,4,0,1,412.46295408103424,470.3142900068361,0,0,8.928003783814992,1.63470214174834
2024-11-01 16:45:00+05:30,407.42599614594974,32.26666667,72.9,16,4,0,1,409.7721337512442,464.3425634105262,0,0,8.928003783814992,1.63470214174834
2024-11-01 17:00:00+05:30,404.0253658680657,31.93333333,73.53333333,17,4,0,1,407.42599614594974,462.0016882871955,0,0,9.832269406100862,1.3066312424333932
2024-11-01 17:15:00+05:30,404.3090661031508,31.73333333,74.16666667,17,4,0,1,404.0253658680657,458.9478554283271,0,0,9.832269406100862,1.3066312424333932
2024-11-01 17:30:00+05:30,404.56039076369206,31.6,75.3,17,4,0,1,404.3090661031508,455.0290456546655,0,0,9.832269406100862,1.3066312424333932
2024-11-01 17:45:00+05:30,404.381943255422,31.43333333,75.83333333,17,4,0,1,404.56039076369206,456.14020032634926,0,0,9.832269406100862,1.3066312424333932
2024-11-01 18:00:00+05:30,408.7622932564993,31.16666667,76.43333333,18,4,0,0,404.381943255422,461.0250435734941,0,0,10.294210660754121,0.797082883851726
2024-11-01 18:15:00+05:30,411.263206353432,31.03333333,77.16666667,18,4,0,0,408.7622932564993,463.8094215289071,0,0,10.294210660754121,0.797082883851726
2024-11-01 18:30:00+05:30,413.5515102327334,30.9,77.76666667,18,4,0,0,411.263206353432,464.7726732036776,0,0,10.294210660754121,0.797082883851726
2024-11-01 18:45:00+05:30,412.67457442736816,30.9,76.86666667,18,4,0,0,413.5515102327334,461.8459547543878,0,0,10.294210660754121,0.797082883851726
2024-11-01 19:00:00+05:30,414.99041072255545,30.83333333,77.13333333,19,4,0,0,412.67457442736816,458.85160697144806,0,0,10.813310868605901,0.8196688281600798
2024-11-01 19:15:00+05:30,412.09623526613393,30.76666667,77.3,19,4,0,0,414.99041072255545,455.1548164625304,0,0,10.813310868605901,0.8196688281600798
2024-11-01 19:30:00+05:30,409.5792860219264,30.73333333,78.1,19,4,0,0,412.09623526613393,448.76056694070127,0,0,10.813310868605901,0.8196688281600798
2024-11-01 19:45:00+05:30,407.2578864069002,30.66666667,78.23333333,19,4,0,0,409.5792860219264,444.6207146449265,0,0,10.813310868605901,0.8196688281600798
2024-11-01 20:00:00+05:30,405.2902630546586,30.6,78.83333333,20,4,0,0,407.2578864069002,440.3268381907775,0,0,10.193366449690611,0.84334742214611
2024-11-01 20:15:00+05:30,405.3412332831648,30.46666667,79.56666667,20,4,0,0,405.2902630546586,437.2310210135735,0,0,10.193366449690611,0.84334742214611
2024-11-01 20:30:00+05:30,402.9382157450619,30.43333333,79.33333333,20,4,0,0,405.3412332831648,432.9084917808126,0,0,10.193366449690611,0.84334742214611
2024-11-01 20:45:00+05:30,402.2528150400751,30.4,78.66666667,20,4,0,0,402.9382157450619,427.23515008072127,0,0,10.193366449690611,0.84334742214611
2024-11-01 21:00:00+05:30,399.35988243409423,30.43333333,77.96666667,21,4,0,0,402.2528150400751,423.8204561026885,0,0,8.774792195189448,0.7521888831997796
2024-11-01 21:15:00+05:30,396.2366403262605,30.43333333,77.96666667,21,4,0,0,399.35988243409423,420.7384029568216,0,0,8.774792195189448,0.7521888831997796
2024-11-01 21:30:00+05:30,393.0891296410294,30.33333333,78.06666667,21,4,0,0,396.2366403262605,416.9755868679363,0,0,8.774792195189448,0.7521888831997796
2024-11-01 21:45:00+05:30,390.4724558381163,30.3,77.86666667,21,4,0,0,393.0891296410294,415.3327227519856,0,0,8.774792195189448,0.7521888831997796
2024-11-01 22:00:00+05:30,388.2084329343496,30.2,77.4,22,4,0,0,390.4724558381163,410.3677349987995,0,0,9.389172121610137,0.7252749896297948
2024-11-01 22:15:00+05:30,383.0894295457159,30.13333333,77.76666667,22,4,0,0,388.2084329343496,407.1549341729429,0,0,9.389172121610137,0.7252749896297948
2024-11-01 22:30:00+05:30,381.6913395151559,30.06666667,77.76666667,22,4,0,0,383.0894295457159,404.4664347196902,0,0,9.389172121610137,0.7252749896297948
2024-11-01 22:45:00+05:30,378.2417154633059,29.96666667,78.26666667,22,4,0,0,381.6913395151559,402.2983371149325,0,0,9.389172121610137,0.7252749896297948
2024-11-01 23:00:00+05:30,375.02817715346606,29.8,78.93333333,23,4,0,0,378.2417154633059,398.30011851844864,0,0,10.314981635691288,0.7718909870937027
2024-11-01 23:15:00+05:30,373.7042482752092,29.7,79.1,23,4,0,0,375.02817715346606,393.7895138957464,0,0,10.314981635691288,0.7718909870937027
2024-11-01 23:30:00+05:30,370.5706778364634,29.6,78.26666667,23,4,0,0,373.7042482752092,389.6350495380142,0,0,10.314981635691288,0.7718909870937027
2024-11-01 23:45:00+05:30,367.145552552329,29.43333333,78.53333333,23,4,0,0,370.5706778364634,385.7768773310831,0,0,10.314981635691288,0.7718909870937027
2024-11-02 00:00:00+05:30,363.253312292852,29.4,78.5,0,5,1,0,367.145552552329,379.89111846945207,1,0,8.467741196070946,0.5322256701147949
2024-11-02 00:15:00+05:30,359.9010205992457,29.4,79.2,0,5,1,0,363.253312292852,375.42660745964577,1,0,8.467741196070946,0.5322256701147949
2024-11-02 00:30:00+05:30,357.1960278042339,29.4,79.7,0,5,1,0,359.9010205992457,370.4828984706341,1,0,8.467741196070946,0.5322256701147949
2024-11-02 00:45:00+05:30,350.53367396592006,29.2,79.8,0,5,1,0,357.1960278042339,362.8233222859201,1,0,8.467741196070946,0.5322256701147949
2024-11-02 01:00:00+05:30,345.3005148591522,29.2,79.9,1,5,1,0,350.53367396592006,355.2374059225523,1,0,8.075742688848544,0.4952068378356197
2024-11-02 01:15:00+05:30,341.5243694338447,29.2,80.3,1,5,1,0,345.3005148591522,349.4873013760447,1,0,8.075742688848544,0.4952068378356197
2024-11-02 01:30:00+05:30,336.82491677450633,29.2,81.1,1,5,1,0,341.5243694338447,345.0124627319063,1,0,8.075742688848544,0.4952068378356197
2024-11-02 01:45:00+05:30,331.798172053566,29.1,81.4,1,5,1,0,336.82491677450633,340.3323947497659,1,0,8.075742688848544,0.4952068378356197
2024-11-02 02:00:00+05:30,328.3557624541253,29.1,81.3,2,5,1,0,331.798172053566,337.8573757453253,1,0,6.436684730109192,0.4484635178109489
2024-11-02 02:15:00+05:30,324.6045627110943,29.1,82.7,2,5,1,0,328.3557624541253,334.9688050404942,1,0,6.436684730109192,0.4484635178109489
2024-11-02 02:30:00+05:30,321.2249957109411,29.1,83.8,2,5,1,0,324.6045627110943,329.98317189514097,1,0,6.436684730109192,0.4484635178109489
2024-11-02 02:45:00+05:30,317.3183930087829,29.1,84.5,2,5,1,0,321.2249957109411,326.21398126418285,1,0,6.436684730109192,0.4484635178109489
2024-11-02 03:00:00+05:30,314.7068209521685,29.0,85.4,3,5,1,0,317.3183930087829,324.6157022757686,1,0,6.046705460489555,0.4027424811377153
2024-11-02 03:15:00+05:30,313.0507764212181,29.1,85.6,3,5,1,0,314.7068209521685,321.79870598241814,1,0,6.046705460489555,0.4027424811377153
2024-11-02 03:30:00+05:30,310.0512261714947,29.0,85.8,3,5,1,0,313.0507764212181,319.92612119449467,1,0,6.046705460489555,0.4027424811377153
2024-11-02 03:45:00+05:30,307.7029396690464,29.0,86.2,3,5,1,0,310.0512261714947,318.4353867554464,1,0,6.046705460489555,0.4027424811377153
2024-11-02 04:00:00+05:30,305.45129554646127,29.0,86.6,4,5,1,0,307.7029396690464,314.0054230118613,1,0,5.612455281821313,0.3852786115503754
2024-11-02 04:15:00+05:30,303.8644047696627,28.9,87.0,4,5,1,0,305.45129554646127,312.25385569406257,1,0,5.612455281821313,0.3852786115503754
2024-11-02 04:30:00+05:30,304.0106527714036,28.8,87.3,4,5,1,0,303.8644047696627,311.7817528422035,1,0,5.612455281821313,0.3852786115503754
2024-11-02 04:45:00+05:30,303.53716238278685,28.8,87.3,4,5,1,0,304.0106527714036,311.6722797005869,1,0,5.612455281821313,0.3852786115503754
2024-11-02 05:00:00+05:30,302.6458449574557,28.7,87.1,5,5,1,0,303.53716238278685,311.9415841492556,1,0,5.7098549810644075,0.35253184462516995
2024-11-02 05:15:00+05:30,302.0724546223772,28.6,87.6,5,5,1,0,302.6458449574557,311.4194518735772,1,0,5.7098549810644075,0.35253184462516995
2024-11-02 05:30:00+05:30,303.3379329679867,28.5,87.4,5,5,1,0,302.0724546223772,311.7300191091866,1,0,5.7098549810644075,0.35253184462516995
2024-11-02 05:45:00+05:30,304.2236077347452,28.4,86.6,5,5,1,0,303.3379329679867,312.2096958691453,1,0,5.7098549810644075,0.35253184462516995
2024-11-02 06:00:00+05:30,306.67039154812403,28.3,87.0,6,5,1,0,304.2236077347452,314.8915137293241,1,0,4.889016701212903,0.3443118382123077
2024-11-02 06:15:00+05:30,307.8633744164265,28.2,87.6,6,5,1,0,306.67039154812403,314.1838442328265,1,0,4.889016701212903,0.3443118382123077
2024-11-02 06:30:00+05:30,308.999730084774,28.2,87.8,6,5,1,0,307.8633744164265,314.54665111957377,1,0,4.889016701212903,0.3443118382123077
2024-11-02 06:45:00+05:30,309.5167470722202,28.2,87.6,6,5,1,0,308.999730084774,315.0964951540201,1,0,4.889016701212903,0.3443118382123077
2024-11-02 07:00:00+05:30,312.26362319970127,28.1,87.7,7,5,1,0,309.5167470722202,318.3461490535012,1,0,4.206110207071443,0.36887376854808374
2024-11-02 07:15:00+05:30,317.1333317953756,28.2,87.8,7,5,1,0,312.26362319970127,319.7703587457757,1,0,4.206110207071443,0.36887376854808374
2024-11-02 07:30:00+05:30,319.93105856254795,28.4,87.2,7,5,1,0,317.1333317953756,322.613742556948,1,0,4.206110207071443,0.36887376854808374
2024-11-02 07:45:00+05:30,324.33936315486056,28.7,87.0,7,5,1,0,319.93105856254795,327.55560155866056,1,0,4.206110207071443,0.36887376854808374
2024-11-02 08:00:00+05:30,331.5202479411196,29.0,85.5,8,5,1,0,324.33936315486056,334.9325232707194,1,0,4.492717034381854,0.34872044116026824
2024-11-02 08:15:00+05:30,340.1910403031587,29.6,83.6,8,5,1,0,331.5202479411196,342.64157952035873,1,0,4.492717034381854,0.34872044116026824
2024-11-02 08:30:00+05:30,346.1066282495419,30.1,80.9,8,5,1,0,340.1910403031587,349.386252115342,1,0,4.492717034381854,0.34872044116026824
2024-11-02 08:45:00+05:30,352.7122703847834,30.5,78.6,8,5,1,0,346.1066282495419,356.9348785885833,1,0,4.492717034381854,0.34872044116026824
2024-11-02 09:00:00+05:30,358.8188019235392,31.1,75.9,9,5,1,1,352.7122703847834,361.26182757393946,1,0,2.9941442556192603,1.1477734201057834
2024-11-02 09:15:00+05:30,362.5479142404571,31.5,73.8,9,5,1,1,358.8188019235392,366.3051243476571,1,0,2.9941442556192603,1.1477734201057834
2024-11-02 09:30:00+05:30,367.1127710583176,32.1,71.3,9,5,1,1,362.5479142404571,372.1883869639176,1,0,2.9941442556192603,1.1477734201057834
2024-11-02 09:45:00+05:30,371.5176552592211,32.6,68.7,9,5,1,1,367.1127710583176,373.2578819116211,1,0,2.9941442556192603,1.1477734201057834
2024-11-02 10:00:00+05:30,377.4275600462773,33.2,65.5,10,5,1,1,371.5176552592211,379.6770102916773,1,0,2.712678235727423,1.3314559809097992
2024-11-02 10:15:00+05:30,382.52998227667865,33.6,61.0,10,5,1,1,377.4275600462773,384.6561005064785,1,0,2.712678235727423,1.3314559809097992
2024-11-02 10:30:00+05:30,385.5761807492094,34.0,58.2,10,5,1,1,382.52998227667865,390.1921693638095,1,0,2.712678235727423,1.3314559809097992
2024-11-02 10:45:00+05:30,393.2108397777261,34.7,53.4,10,5,1,1,385.5761807492094,395.9976036747261,1,0,2.712678235727423,1.3314559809097992
2024-11-02 11:00:00+05:30,395.6305369415065,35.3,49.4,11,5,1,1,393.2108397777261,399.52755602950674,1,0,2.218806717326144,1.263964089125754
2024-11-02 11:15:00+05:30,395.5863659659556,35.7,47.5,11,5,1,1,395.6305369415065,400.9219882789555,1,0,2.218806717326144,1.263964089125754
2024-11-02 11:30:00+05:30,394.6078231729783,35.8,46.2,11,5,1,1,395.5863659659556,403.5255246987784,1,0,2.218806717326144,1.263964089125754
2024-11-02 11:45:00+05:30,394.5756897675094,36.1,45.3,11,5,1,1,394.6078231729783,402.6866267501095,1,0,2.218806717326144,1.263964089125754
2024-11-02 12:00:00+05:30,397.5338177868193,36.4,43.8,12,5,1,1,394.5756897675094,403.5023970314191,1,0,1.7213417684507837,1.130168890169175
2024-11-02 12:15:00+05:30,394.6799799970437,36.8,42.8,12,5,1,1,397.5338177868193,402.93099974144366,1,0,1.7213417684507837,1.130168890169175
2024-11-02 12:30:00+05:30,394.2406516617796,36.8,42.0,12,5,1,1,394.6799799970437,406.2553334137797,1,0,1.7213417684507837,1.130168890169175
2024-11-02 12:45:00+05:30,392.00573934250616,36.9,41.6,12,5,1,1,394.2406516617796,409.58144430870624,1,0,1.7213417684507837,1.130168890169175
2024-11-02 13:00:00+05:30,392.3587578848946,37.1,40.5,13,5,1,1,392.00573934250616,411.7422779988947,1,0,3.202245490382108,1.205855059125089
2024-11-02 13:15:00+05:30,392.5419429171844,37.0,40.6,13,5,1,1,392.3587578848946,411.16342589398425,1,0,3.202245490382108,1.205855059125089
2024-11-02 13:30:00+05:30,391.6368536828638,37.2,39.3,13,5,1,1,392.5419429171844,412.0505980602638,1,0,3.202245490382108,1.205855059125089
2024-11-02 13:45:00+05:30,390.9819617549073,37.3,39.7,13,5,1,1,391.6368536828638,415.4712301971074,1,0,3.202245490382108,1.205855059125089
2024-11-02 14:00:00+05:30,393.7492196867394,36.8,42.9,14,5,1,1,390.9819617549073,419.1277530495395,1,0,8.524313130624606,1.7486288601649758
2024-11-02 14:15:00+05:30,393.5253825616395,36.6,42.1,14,5,1,1,393.7492196867394,421.0304657646396,1,0,8.524313130624606,1.7486288601649758
2024-11-02 14:30:00+05:30,396.3763170934904,36.6,41.7,14,5,1,1,393.5253825616395,423.8320068112903,1,0,8.524313130624606,1.7486288601649758
2024-11-02 14:45:00+05:30,394.80129330011465,36.5,41.5,14,5,1,1,396.3763170934904,423.3000088365149,1,0,8.524313130624606,1.7486288601649758
2024-11-02 15:00:00+05:30,396.6826285073455,36.5,42.0,15,5,1,1,394.80129330011465,421.5057557937455,1,0,9.155951580342066,1.6301611800312767
2024-11-02 15:15:00+05:30,397.0546636777575,36.4,42.2,15,5,1,1,396.6826285073455,421.46200187055774,1,0,9.155951580342066,1.6301611800312767
2024-11-02 15:30:00+05:30,395.3207414714514,36.6,41.5,15,5,1,1,397.0546636777575,418.92184594225154,1,0,9.155951580342066,1.6301611800312767
2024-11-02 15:45:00+05:30,392.8689701412932,36.5,41.3,15,5,1,1,395.3207414714514,416.5280206010932,1,0,9.155951580342066,1.6301611800312767
2024-11-02 16:00:00+05:30,391.9019169029463,36.4,41.5,16,5,1,1,392.8689701412932,416.54045302834606,1,0,9.763220390047731,1.5215852380237997
2024-11-02 16:15:00+05:30,389.1819424102344,36.2,45.1,16,5,1,1,391.9019169029463,412.46295408103424,1,0,9.763220390047731,1.5215852380237997
2024-11-02 16:30:00+05:30,387.44591923124426,35.6,47.7,16,5,1,1,389.1819424102344,409.7721337512442,1,0,9.763220390047731,1.5215852380237997
2024-11-02 16:45:00+05:30,387.2087591107497,35.0,49.7,16,5,1,1,387.44591923124426,407.42599614594974,1,0,9.763220390047731,1.5215852380237997
2024-11-02 17:00:00+05:30,386.8257331168657,34.2,51.7,17,5,1,1,387.2087591107497,404.0253658680657,1,0,5.851411594928627,1.0257982850636973
2024-11-02 17:15:00+05:30,385.1859077733506,33.4,54.7,17,5,1,1,386.8257331168657,404.3090661031508,1,0,5.851411594928627,1.0257982850636973
2024-11-02 17:30:00+05:30,383.9566054420923,32.9,56.8,17,5,1,1,385.1859077733506,404.56039076369206,1,0,5.851411594928627,1.0257982850636973
2024-11-02 17:45:00+05:30,385.16064513722193,32.6,58.9,17,5,1,1,383.9566054420923,404.381943255422,1,0,5.851411594928627,1.0257982850636973
2024-11-02 18:00:00+05:30,391.3987357350994,32.2,59.6,18,5,1,0,385.16064513722193,408.7622932564993,1,0,4.958224704280353,0.5273588398328456
2024-11-02 18:15:00+05:30,393.9604131384317,31.9,61.3,18,5,1,0,391.3987357350994,411.263206353432,1,0,4.958224704280353,0.5273588398328456
2024-11-02 18:30:00+05:30,396.2976509867336,31.6,61.4,18,5,1,0,393.9604131384317,413.5515102327334,1,0,4.958224704280353,0.5273588398328456
2024-11-02 18:45:00+05:30,395.69835261316825,31.5,62.6,18,5,1,0,396.2976509867336,412.67457442736816,1,0,4.958224704280353,0.5273588398328456
2024-11-02 19:00:00+05:30,396.3236049393555,31.3,64.6,19,5,1,0,395.69835261316825,414.99041072255545,1,0,7.607404886153187,0.8276656477264418
2024-11-02 19:15:00+05:30,394.4814773437337,31.3,64.7,19,5,1,0,396.3236049393555,412.09623526613393,1,0,7.607404886153187,0.8276656477264418
2024-11-02 19:30:00+05:30,391.6720716887263,31.3,63.7,19,5,1,0,394.4814773437337,409.5792860219264,1,0,7.607404886153187,0.8276656477264418
2024-11-02 19:45:00+05:30,388.63919522790025,31.3,63.3,19,5,1,0,391.6720716887263,407.2578864069002,1,0,7.607404886153187,0.8276656477264418
2024-11-02 20:00:00+05:30,387.73027568845856,31.2,63.0,20,5,1,0,388.63919522790025,405.2902630546586,1,0,7.7027193474797215,0.7587418824364598
2024-11-02 20:15:00+05:30,385.6066707691647,31.1,62.2,20,5,1,0,387.73027568845856,405.3412332831648,1,0,7.7027193474797215,0.7587418824364598
2024-11-02 20:30:00+05:30,384.4189631134619,31.0,62.4,20,5,1,0,385.6066707691647,402.9382157450619,1,0,7.7027193474797215,0.7587418824364598
2024-11-02 20:45:00+05:30,382.5802138942752,30.8,63.0,20,5,1,0,384.4189631134619,402.2528150400751,1,0,7.7027193474797215,0.7587418824364598
2024-11-02 21:00:00+05:30,380.6555681546942,30.8,62.0,21,5,1,0,382.5802138942752,399.35988243409423,1,0,7.950032220183155,0.6915969995735951
2024-11-02 21:15:00+05:30,379.08199491246046,30.7,63.1,21,5,1,0,380.6555681546942,396.2366403262605,1,0,7.950032220183155,0.6915969995735951
2024-11-02 21:30:00+05:30,376.0228848448292,30.6,62.5,21,5,1,0,379.08199491246046,393.0891296410294,1,0,7.950032220183155,0.6915969995735951
2024-11-02 21:45:00+05:30,374.1260464745162,30.4,62.5,21,5,1,0,376.0228848448292,390.4724558381163,1,0,7.950032220183155,0.6915969995735951
2024-11-02 22:00:00+05:30,370.8813328635494,30.4,61.8,22,5,1,0,374.1260464745162,388.2084329343496,1,0,9.001799542184212,0.7639995646872694
2024-11-02 22:15:00+05:30,366.8354677415159,30.3,61.0,22,5,1,0,370.8813328635494,383.0894295457159,1,0,9.001799542184212,0.7639995646872694
2024-11-02 22:30:00+05:30,365.2263305815559,30.1,61.6,22,5,1,0,366.8354677415159,381.6913395151559,1,0,9.001799542184212,0.7639995646872694
2024-11-02 22:45:00+05:30,363.55864227370586,30.0,62.5,22,5,1,0,365.2263305815559,378.2417154633059,1,0,9.001799542184212,0.7639995646872694
2024-11-02 23:00:00+05:30,359.399554535266,29.9,64.4,23,5,1,0,363.55864227370586,375.02817715346606,1,0,10.168731243760929,0.908984099508447
2024-11-02 23:15:00+05:30,356.8510174534092,29.7,67.0,23,5,1,0,359.399554535266,373.7042482752092,1,0,10.168731243760929,0.908984099508447
2024-11-02 23:30:00+05:30,354.45043919006343,29.5,69.7,23,5,1,0,356.8510174534092,370.5706778364634,1,0,10.168731243760929,0.908984099508447
2024-11-02 23:45:00+05:30,339.1338584451289,29.5,69.7,23,5,1,0,354.45043919006343,367.145552552329,1,0,10.168731243760929,0.908984099508447
2024-11-03 00:00:00+05:30,342.8742557703772,29.166666666666668,69.7,0,6,1,0,339.1338584451289,363.253312292852,1,0,8.467741196070946,0.5322256701147949
2024-11-03 00:15:00+05:30,342.9789898111679,28.933333333333337,71.16666666666667,0,6,1,0,342.8742557703772,359.9010205992457,1,0,8.467741196070946,0.5322256701147949
2024-11-03 00:30:00+05:30,339.05388619153064,28.9,71.46666666666667,0,6,1,0,342.9789898111679,357.1960278042339,1,0,8.467741196070946,0.5322256701147949
2024-11-03 00:45:00+05:30,334.5090782220034,28.8,71.89999999999999,0,6,1,0,339.05388619153064,350.53367396592006,1,0,8.467741196070946,0.5322256701147949
2024-11-03 01:00:00+05:30,331.1091469471999,28.7,72.06666666666668,1,6,1,0,334.5090782220034,345.3005148591522,1,0,8.075742688848544,0.4952068378356197
2024-11-03 01:15:00+05:30,326.1189661008394,28.633333333333336,73.10000000000001,1,6,1,0,331.1091469471999,341.5243694338447,1,0,8.075742688848544,0.4952068378356197
2024-11-03 01:30:00+05:30,322.19211556644217,28.5,73.0,1,6,1,0,326.1189661008394,336.82491677450633,1,0,8.075742688848544,0.4952068378356197
2024-11-03 01:45:00+05:30,318.15780627385607,28.46666666666667,72.7,1,6,1,0,322.19211556644217,331.798172053566,1,0,8.075742688848544,0.4952068378356197
2024-11-03 02:00:00+05:30,314.7801178763614,28.366666666666664,71.53333333333335,2,6,1,0,318.15780627385607,328.3557624541253,1,0,6.436684730109192,0.4484635178109489
2024-11-03 02:15:00+05:30,311.436365035376,28.3,70.39999999999999,2,6,1,0,314.7801178763614,324.6045627110943,1,0,6.436684730109192,0.4484635178109489
2024-11-03 02:30:00+05:30,307.5501022879725,28.23333333333333,69.96666666666667,2,6,1,0,311.436365035376,321.2249957109411,1,0,6.436684730109192,0.4484635178109489
2024-11-03 02:45:00+05:30,306.42464200773964,28.133333333333336,69.63333333333333,2,6,1,0,307.5501022879725,317.3183930087829,1,0,6.436684730109192,0.4484635178109489
2024-11-03 03:00:00+05:30,305.1735761640191,28.066666666666663,70.2,3,6,1,0,306.42464200773964,314.7068209521685,1,0,6.046705460489555,0.4027424811377153
2024-11-03 03:15:00+05:30,301.5484492645424,28.066666666666663,69.43333333333334,3,6,1,0,305.1735761640191,313.0507764212181,1,0,6.046705460489555,0.4027424811377153
2024-11-03 03:30:00+05:30,298.6457548452525,28.1,69.86666666666667,3,6,1,0,301.5484492645424,310.0512261714947,1,0,6.046705460489555,0.4027424811377153
2024-11-03 03:45:00+05:30,295.8244084152276,27.933333333333337,72.26666666666667,3,6,1,0,298.6457548452525,307.7029396690464,1,0,6.046705460489555,0.4027424811377153
2024-11-03 04:00:00+05:30,294.02464760264377,27.8,72.76666666666667,4,6,1,0,295.8244084152276,305.45129554646127,1,0,5.612455281821313,0.3852786115503754
2024-11-03 04:15:00+05:30,292.6128620380849,27.73333333333333,72.43333333333334,4,6,1,0,294.02464760264377,303.8644047696627,1,0,5.612455281821313,0.3852786115503754
2024-11-03 04:30:00+05:30,291.61239471913603,27.700000000000003,72.66666666666667,4,6,1,0,292.6128620380849,304.0106527714036,1,0,5.612455281821313,0.3852786115503754
2024-11-03 04:45:00+05:30,288.88170332220216,27.566666666666663,74.46666666666667,4,6,1,0,291.61239471913603,303.53716238278685,1,0,5.612455281821313,0.3852786115503754
2024-11-03 05:00:00+05:30,288.6535773082716,27.46666666666667,74.96666666666665,5,6,1,0,288.88170332220216,302.6458449574557,1,0,5.7098549810644075,0.35253184462516995
2024-11-03 05:15:00+05:30,288.6167484351128,27.366666666666664,74.83333333333333,5,6,1,0,288.6535773082716,302.0724546223772,1,0,5.7098549810644075,0.35253184462516995
2024-11-03 05:30:00+05:30,288.92173757843045,27.166666666666668,75.7,5,6,1,0,288.6167484351128,303.3379329679867,1,0,5.7098549810644075,0.35253184462516995
2024-11-03 05:45:00+05:30,289.4762084124355,27.100000000000005,75.3,5,6,1,0,288.92173757843045,304.2236077347452,1,0,5.7098549810644075,0.35253184462516995
2024-11-03 06:00:00+05:30,292.3625139476349,27.066666666666663,76.33333333333333,6,6,1,0,289.4762084124355,306.67039154812403,1,0,4.889016701212903,0.3443118382123077
2024-11-03 06:15:00+05:30,292.2655752630214,26.899999999999995,77.06666666666668,6,6,1,0,292.3625139476349,307.8633744164265,1,0,4.889016701212903,0.3443118382123077
2024-11-03 06:30:00+05:30,290.7382890828944,26.933333333333337,77.43333333333332,6,6,1,0,292.2655752630214,308.999730084774,1,0,4.889016701212903,0.3443118382123077
2024-11-03 06:45:00+05:30,289.1172395801117,26.866666666666664,78.13333333333334,6,6,1,0,290.7382890828944,309.5167470722202,1,0,4.889016701212903,0.3443118382123077
2024-11-03 07:00:00+05:30,290.82717850446863,26.933333333333337,78.43333333333334,7,6,1,0,289.1172395801117,312.26362319970127,1,0,4.206110207071443,0.36887376854808374
2024-11-03 07:15:00+05:30,292.4027345578499,27.166666666666668,78.96666666666665,7,6,1,0,290.82717850446863,317.1333317953756,1,0,4.206110207071443,0.36887376854808374
2024-11-03 07:30:00+05:30,295.2788598958365,27.433333333333337,76.63333333333333,7,6,1,0,292.4027345578499,319.93105856254795,1,0,4.206110207071443,0.36887376854808374
2024-11-03 07:45:00+05:30,299.0785364527766,27.96666666666667,74.16666666666667,7,6,1,0,295.2788598958365,324.33936315486056,1,0,4.206110207071443,0.36887376854808374
2024-11-03 08:00:00+05:30,303.96860430522963,28.766666666666666,71.26666666666667,8,6,1,0,299.0785364527766,331.5202479411196,1,0,4.492717034381854,0.34872044116026824
2024-11-03 08:15:00+05:30,309.52290854491264,29.5,68.43333333333334,8,6,1,0,303.96860430522963,340.1910403031587,1,0,4.492717034381854,0.34872044116026824
2024-11-03 08:30:00+05:30,317.03230582917405,30.133333333333336,65.53333333333335,8,6,1,0,309.52290854491264,346.1066282495419,1,0,4.492717034381854,0.34872044116026824
2024-11-03 08:45:00+05:30,319.3434511603996,30.700000000000003,63.833333333333336,8,6,1,0,317.03230582917405,352.7122703847834,1,0,4.492717034381854,0.34872044116026824
2024-11-03 09:00:00+05:30,325.077131839086,31.33333333333333,61.73333333333333,9,6,1,1,319.3434511603996,358.8188019235392,1,0,2.9941442556192603,1.1477734201057834
2024-11-03 09:15:00+05:30,328.295922114207,31.899999999999995,59.23333333333333,9,6,1,1,325.077131839086,362.5479142404571,1,0,2.9941442556192603,1.1477734201057834
2024-11-03 09:30:00+05:30,332.1561590460619,32.43333333333333,56.96666666666666,9,6,1,1,328.295922114207,367.1127710583176,1,0,2.9941442556192603,1.1477734201057834
2024-11-03 09:45:00+05:30,335.4102230608118,33.03333333333333,53.20000000000001,9,6,1,1,332.1561590460619,371.5176552592211,1,0,2.9941442556192603,1.1477734201057834
2024-11-03 10:00:00+05:30,340.8322754869744,33.7,50.5,10,6,1,1,335.4102230608118,377.4275600462773,1,0,2.712678235727423,1.3314559809097992
2024-11-03 10:15:00+05:30,343.5268545560155,34.1,48.5,10,6,1,1,340.8322754869744,382.52998227667865,1,0,2.712678235727423,1.3314559809097992
2024-11-03 10:30:00+05:30,348.6029248846439,34.66666666666667,47.96666666666667,10,6,1,1,343.5268545560155,385.5761807492094,1,0,2.712678235727423,1.3314559809097992
2024-11-03 10:45:00+05:30,354.1008978604472,34.96666666666667,46.26666666666667,10,6,1,1,348.6029248846439,393.2108397777261,1,0,2.712678235727423,1.3314559809097992
2024-11-03 11:00:00+05:30,362.1601664054325,35.5,43.1,11,6,1,1,354.1008978604472,395.6305369415065,1,0,2.218806717326144,1.263964089125754
2024-11-03 11:15:00+05:30,362.2153574097056,35.86666666666667,42.66666666666666,11,6,1,1,362.1601664054325,395.5863659659556,1,0,2.218806717326144,1.263964089125754
2024-11-03 11:30:00+05:30,362.7545556608428,36.2,41.5,11,6,1,1,362.2153574097056,394.6078231729783,1,0,2.218806717326144,1.263964089125754
2024-11-03 11:45:00+05:30,362.11239958222654,36.333333333333336,41.53333333333333,11,6,1,1,362.7545556608428,394.5756897675094,1,0,2.218806717326144,1.263964089125754
2024-11-03 12:00:00+05:30,363.8432569314094,36.333333333333336,41.4,12,6,1,1,362.11239958222654,397.5338177868193,1,0,1.7213417684507837,1.130168890169175
2024-11-03 12:15:00+05:30,363.4926350440399,36.6,40.63333333333333,12,6,1,1,363.8432569314094,394.6799799970437,1,0,1.7213417684507837,1.130168890169175
2024-11-03 12:30:00+05:30,363.1145919712096,36.8,39.50000000000001,12,6,1,1,363.4926350440399,394.2406516617796,1,0,1.7213417684507837,1.130168890169175
2024-11-03 12:45:00+05:30,361.5293006299749,36.86666666666667,40.3,12,6,1,1,363.1145919712096,392.00573934250616,1,0,1.7213417684507837,1.130168890169175
2024-11-03 13:00:00+05:30,361.57016574947767,37.23333333333333,38.23333333333334,13,6,1,1,361.5293006299749,392.3587578848946,1,0,3.202245490382108,1.205855059125089
2024-11-03 13:15:00+05:30,362.1158917705807,37.3,38.4,13,6,1,1,361.57016574947767,392.5419429171844,1,0,3.202245490382108,1.205855059125089
2024-11-03 13:30:00+05:30,362.49258695965887,36.766666666666666,40.23333333333333,13,6,1,1,362.1158917705807,391.6368536828638,1,0,3.202245490382108,1.205855059125089
2024-11-03 13:45:00+05:30,363.2175687951611,36.46666666666667,42.33333333333333,13,6,1,1,362.49258695965887,390.9819617549073,1,0,3.202245490382108,1.205855059125089
2024-11-03 14:00:00+05:30,365.2689883485051,36.4,41.66666666666666,14,6,1,1,363.2175687951611,393.7492196867394,1,0,8.524313130624606,1.7486288601649758
2024-11-03 14:15:00+05:30,368.3004431360706,36.23333333333333,42.76666666666666,14,6,1,1,365.2689883485051,393.5253825616395,1,0,8.524313130624606,1.7486288601649758
2024-11-03 14:30:00+05:30,371.1730219915248,35.9,43.23333333333333,14,6,1,1,368.3004431360706,396.3763170934904,1,0,8.524313130624606,1.7486288601649758
2024-11-03 14:45:00+05:30,370.4290505465282,35.93333333333333,43.76666666666667,14,6,1,1,371.1730219915248,394.80129330011465,1,0,8.524313130624606,1.7486288601649758
2024-11-03 15:00:00+05:30,371.4249311356453,36.23333333333334,46.8,15,6,1,1,370.4290505465282,396.6826285073455,1,0,9.155951580342066,1.6301611800312767
2024-11-03 15:15:00+05:30,373.1469042992489,36.16666666666666,46.70000000000001,15,6,1,1,371.4249311356453,397.0546636777575,1,0,9.155951580342066,1.6301611800312767
2024-11-03 15:30:00+05:30,373.9213468777472,35.93333333333333,48.73333333333333,15,6,1,1,373.1469042992489,395.3207414714514,1,0,9.155951580342066,1.6301611800312767
2024-11-03 15:45:00+05:30,370.7367262956514,35.86666666666667,50.13333333333333,15,6,1,1,373.9213468777472,392.8689701412932,1,0,9.155951580342066,1.6301611800312767
2024-11-03 16:00:00+05:30,371.81501366033535,35.43333333333333,51.73333333333333,16,6,1,1,370.7367262956514,391.9019169029463,1,0,9.763220390047731,1.5215852380237997
2024-11-03 16:15:00+05:30,370.4918200882036,34.86666666666667,52.06666666666666,16,6,1,1,371.81501366033535,389.1819424102344,1,0,9.763220390047731,1.5215852380237997
2024-11-03 16:30:00+05:30,368.6989973149692,34.333333333333336,54.23333333333333,16,6,1,1,370.4918200882036,387.44591923124426,1,0,9.763220390047731,1.5215852380237997
2024-11-03 16:45:00+05:30,367.17430342964593,33.5,57.333333333333336,16,6,1,1,368.6989973149692,387.2087591107497,1,0,9.763220390047731,1.5215852380237997
2024-11-03 17:00:00+05:30,366.0434896929939,33.0,59.6,17,6,1,1,367.17430342964593,386.8257331168657,1,0,5.851411594928627,1.0257982850636973
2024-11-03 17:15:00+05:30,364.2840021213234,32.46666666666667,61.03333333333333,17,6,1,1,366.0434896929939,385.1859077733506,1,0,5.851411594928627,1.0257982850636973
2024-11-03 17:30:00+05:30,365.3631794435752,32.06666666666667,62.23333333333334,17,6,1,1,364.2840021213234,383.9566054420923,1,0,5.851411594928627,1.0257982850636973
2024-11-03 17:45:00+05:30,368.3544417128988,31.83333333333333,63.63333333333333,17,6,1,1,365.3631794435752,385.16064513722193,1,0,5.851411594928627,1.0257982850636973
2024-11-03 18:00:00+05:30,375.26309158465017,31.53333333333333,64.86666666666667,18,6,1,0,368.3544417128988,391.3987357350994,1,0,4.958224704280353,0.5273588398328456
2024-11-03 18:15:00+05:30,380.039304241126,31.366666666666664,65.46666666666667,18,6,1,0,375.26309158465017,393.9604131384317,1,0,4.958224704280353,0.5273588398328456
2024-11-03 18:30:00+05:30,384.7172865162419,31.2,66.53333333333333,18,6,1,0,380.039304241126,396.2976509867336,1,0,4.958224704280353,0.5273588398328456
2024-11-03 18:45:00+05:30,385.0515545034298,31.0,66.89999999999999,18,6,1,0,384.7172865162419,395.69835261316825,1,0,4.958224704280353,0.5273588398328456
2024-11-03 19:00:00+05:30,383.8052473437421,30.866666666666664,67.5,19,6,1,0,385.0515545034298,396.3236049393555,1,0,7.607404886153187,0.8276656477264418
2024-11-03 19:15:00+05:30,376.4837143562065,30.766666666666666,67.96666666666665,19,6,1,0,383.8052473437421,394.4814773437337,1,0,7.607404886153187,0.8276656477264418
2024-11-03 19:30:00+05:30,375.9240199743457,30.6,69.06666666666666,19,6,1,0,376.4837143562065,391.6720716887263,1,0,7.607404886153187,0.8276656477264418
2024-11-03 19:45:00+05:30,381.13675873748247,30.566666666666663,69.39999999999999,19,6,1,0,375.9240199743457,388.63919522790025,1,0,7.607404886153187,0.8276656477264418
2024-11-03 20:00:00+05:30,381.7208359435847,30.46666666666667,70.5,20,6,1,0,381.13675873748247,387.73027568845856,1,0,7.7027193474797215,0.7587418824364598
2024-11-03 20:15:00+05:30,380.8666388161742,30.433333333333337,70.73333333333333,20,6,1,0,381.7208359435847,385.6066707691647,1,0,7.7027193474797215,0.7587418824364598
2024-11-03 20:30:00+05:30,380.1249038191535,30.33333333333333,72.13333333333334,20,6,1,0,380.8666388161742,384.4189631134619,1,0,7.7027193474797215,0.7587418824364598
2024-11-03 20:45:00+05:30,380.9721400006079,30.26666666666667,71.86666666666667,20,6,1,0,380.1249038191535,382.5802138942752,1,0,7.7027193474797215,0.7587418824364598
2024-11-03 21:00:00+05:30,380.2780550867439,30.166666666666668,69.3,21,6,1,0,380.9721400006079,380.6555681546942,1,0,7.950032220183155,0.6915969995735951
2024-11-03 21:15:00+05:30,376.6551637294521,30.0,69.26666666666667,21,6,1,0,380.2780550867439,379.08199491246046,1,0,7.950032220183155,0.6915969995735951
2024-11-03 21:30:00+05:30,375.2615312446084,29.933333333333337,69.53333333333333,21,6,1,0,376.6551637294521,376.0228848448292,1,0,7.950032220183155,0.6915969995735951
2024-11-03 21:45:00+05:30,371.894986531124,29.8,70.33333333333333,21,6,1,0,375.2615312446084,374.1260464745162,1,0,7.950032220183155,0.6915969995735951
2024-11-03 22:00:00+05:30,369.5976923567314,29.633333333333336,69.96666666666667,22,6,1,0,371.894986531124,370.8813328635494,1,0,9.001799542184212,0.7639995646872694
2024-11-03 22:15:00+05:30,367.62807252273234,29.566666666666663,70.8,22,6,1,0,369.5976923567314,366.8354677415159,1,0,9.001799542184212,0.7639995646872694
2024-11-03 22:30:00+05:30,365.5048756789853,29.53333333333333,71.33333333333333,22,6,1,0,367.62807252273234,365.2263305815559,1,0,9.001799542184212,0.7639995646872694
2024-11-03 22:45:00+05:30,361.34837375480544,29.366666666666664,72.36666666666667,22,6,1,0,365.5048756789853,363.55864227370586,1,0,9.001799542184212,0.7639995646872694
2024-11-03 23:00:00+05:30,358.8154474115934,29.3,73.0,23,6,1,0,361.34837375480544,359.399554535266,1,0,10.168731243760929,0.908984099508447
2024-11-03 23:15:00+05:30,357.58467596201154,29.23333333333333,75.03333333333333,23,6,1,0,358.8154474115934,356.8510174534092,1,0,10.168731243760929,0.908984099508447
2024-11-03 23:30:00+05:30,355.06326699353434,29.166666666666668,76.3,23,6,1,0,357.58467596201154,354.45043919006343,1,0,10.168731243760929,0.908984099508447
2024-11-03 23:45:00+05:30,352.82144020537686,28.966666666666665,76.56666666666668,23,6,1,0,355.06326699353434,339.1338584451289,1,0,10.168731243760929,0.908984099508447
2024-11-04 00:00:00+05:30,349.5218330852433,28.966666666666665,76.56666666666668,0,0,0,0,352.82144020537686,342.8742557703772,0,0,10.821030164864855,0.09594533623790569
2024-11-04 00:15:00+05:30,345.1604822259752,28.933333333333337,75.39999999999999,0,0,0,0,349.5218330852433,342.9789898111679,0,0,10.821030164864855,0.09594533623790569
2024-11-04 00:30:00+05:30,340.0436387312003,28.83333333333333,75.23333333333333,0,0,0,0,345.1604822259752,339.05388619153064,0,0,10.821030164864855,0.09594533623790569
2024-11-04 00:45:00+05:30,334.13397951377044,28.766666666666666,75.83333333333333,0,0,0,0,340.0436387312003,334.5090782220034,0,0,10.821030164864855,0.09594533623790569
2024-11-04 01:00:00+05:30,330.05611819457283,28.666666666666668,76.10000000000001,1,0,0,0,334.13397951377044,331.1091469471999,0,0,9.728100754378737,-0.03336421712728943
2024-11-04 01:15:00+05:30,326.6790635884413,28.7,76.00000000000001,1,0,0,0,330.05611819457283,326.1189661008394,0,0,9.728100754378737,-0.03336421712728943
2024-11-04 01:30:00+05:30,322.2917914139628,28.53333333333333,76.96666666666667,1,0,0,0,326.6790635884413,322.19211556644217,0,0,9.728100754378737,-0.03336421712728943
2024-11-04 01:45:00+05:30,318.1338295731858,28.46666666666667,78.2,1,0,0,0,322.2917914139628,318.15780627385607,0,0,9.728100754378737,-0.03336421712728943
2024-11-04 02:00:00+05:30,314.30205183361585,28.33333333333333,78.06666666666666,2,0,0,0,318.1338295731858,314.7801178763614,0,0,8.484637707535343,-0.001367850315744823
2024-11-04 02:15:00+05:30,310.38504229797576,28.3,78.2,2,0,0,0,314.30205183361585,311.436365035376,0,0,8.484637707535343,-0.001367850315744823
2024-11-04 02:30:00+05:30,307.4913518495539,28.3,77.53333333333335,2,0,0,0,310.38504229797576,307.5501022879725,0,0,8.484637707535343,-0.001367850315744823
2024-11-04 02:45:00+05:30,305.8237582479699,28.266666666666666,77.26666666666667,2,0,0,0,307.4913518495539,306.42464200773964,0,0,8.484637707535343,-0.001367850315744823
2024-11-04 03:00:00+05:30,304.3660069531571,28.23333333333333,76.96666666666667,3,0,0,0,305.8237582479699,305.1735761640191,0,0,7.607119538689619,-0.06004878179214801
2024-11-04 03:15:00+05:30,302.4719746947895,28.2,76.46666666666667,3,0,0,0,304.3660069531571,301.5484492645424,0,0,7.607119538689619,-0.06004878179214801
2024-11-04 03:30:00+05:30,300.4384957514732,28.2,77.03333333333335,3,0,0,0,302.4719746947895,298.6457548452525,0,0,7.607119538689619,-0.06004878179214801
2024-11-04 03:45:00+05:30,298.22375908280617,28.13333333333333,77.43333333333334,3,0,0,0,300.4384957514732,295.8244084152276,0,0,7.607119538689619,-0.06004878179214801
2024-11-04 04:00:00+05:30,297.5178006357167,28.03333333333333,77.93333333333334,4,0,0,0,298.22375908280617,294.02464760264377,0,0,6.594267060678064,0.008427398213465498
2024-11-04 04:15:00+05:30,296.4214895246756,27.96666666666667,78.5,4,0,0,0,297.5178006357167,292.6128620380849,0,0,6.594267060678064,0.008427398213465498
2024-11-04 04:30:00+05:30,295.75775357911607,27.933333333333337,78.96666666666665,4,0,0,0,296.4214895246756,291.61239471913603,0,0,6.594267060678064,0.008427398213465498
2024-11-04 04:45:00+05:30,294.6358368196602,27.83333333333333,77.3,4,0,0,0,295.75775357911607,288.88170332220216,0,0,6.594267060678064,0.008427398213465498
2024-11-04 05:00:00+05:30,295.28386331575064,27.8,77.66666666666667,5,0,0,0,294.6358368196602,288.6535773082716,0,0,5.279257902398529,0.10435750043793113
2024-11-04 05:15:00+05:30,295.5794382844444,27.666666666666668,78.3,5,0,0,0,295.28386331575064,288.6167484351128,0,0,5.279257902398529,0.10435750043793113
2024-11-04 05:30:00+05:30,299.706632407983,27.633333333333336,78.86666666666666,5,0,0,0,295.5794382844444,288.92173757843045,0,0,5.279257902398529,0.10435750043793113
2024-11-04 05:45:00+05:30,302.391104547632,27.53333333333333,79.13333333333333,5,0,0,0,299.706632407983,289.4762084124355,0,0,5.279257902398529,0.10435750043793113
2024-11-04 06:00:00+05:30,309.1860710528369,27.46666666666667,79.8,6,0,0,0,302.391104547632,292.3625139476349,0,0,4.311530887041023,0.35531410580184186
2024-11-04 06:15:00+05:30,313.593902051541,27.4,80.66666666666667,6,0,0,0,309.1860710528369,292.2655752630214,0,0,4.311530887041023,0.35531410580184186
2024-11-04 06:30:00+05:30,320.59872716866084,27.3,82.0,6,0,0,0,313.593902051541,290.7382890828944,0,0,4.311530887041023,0.35531410580184186
2024-11-04 06:45:00+05:30,330.1343603213024,27.26666666666667,82.46666666666668,6,0,0,0,320.59872716866084,289.1172395801117,0,0,4.311530887041023,0.35531410580184186
2024-11-04 07:00:00+05:30,344.5385919453697,27.3,81.66666666666667,7,0,0,0,330.1343603213024,290.82717850446863,0,0,5.499185953045883,0.4537110737780554
2024-11-04 07:15:00+05:30,360.4625402190165,27.46666666666667,81.3,7,0,0,0,344.5385919453697,292.4027345578499,0,0,5.499185953045883,0.4537110737780554
2024-11-04 07:30:00+05:30,378.3306794149864,27.633333333333336,80.06666666666666,7,0,0,0,360.4625402190165,295.2788598958365,0,0,5.499185953045883,0.4537110737780554
2024-11-04 07:45:00+05:30,397.00788589012535,27.83333333333333,79.60000000000001,7,0,0,0,378.3306794149864,299.0785364527766,0,0,5.499185953045883,0.4537110737780554
2024-11-04 08:00:00+05:30,418.9323087915998,28.23333333333333,78.53333333333335,8,0,0,0,397.00788589012535,303.96860430522963,0,0,8.459706391374313,0.5709639278196643
2024-11-04 08:15:00+05:30,440.3857105538408,28.83333333333333,75.56666666666666,8,0,0,0,418.9323087915998,309.52290854491264,0,0,8.459706391374313,0.5709639278196643
2024-11-04 08:30:00+05:30,458.5802959423556,29.566666666666663,72.53333333333333,8,0,0,0,440.3857105538408,317.03230582917405,0,0,8.459706391374313,0.5709639278196643
2024-11-04 08:45:00+05:30,474.12935390841966,30.066666666666663,69.46666666666665,8,0,0,0,458.5802959423556,319.3434511603996,0,0,8.459706391374313,0.5709639278196643
2024-11-04 09:00:00+05:30,488.7630867786334,30.566666666666663,65.7,9,0,0,1,474.12935390841966,325.077131839086,0,0,7.468916508257824,1.776913993434797
2024-11-04 09:15:00+05:30,500.27814528587487,31.2,63.833333333333336,9,0,0,1,488.7630867786334,328.295922114207,0,0,7.468916508257824,1.776913993434797
2024-11-04 09:30:00+05:30,511.711828433936,31.8,61.36666666666667,9,0,0,1,500.27814528587487,332.1561590460619,0,0,7.468916508257824,1.776913993434797
2024-11-04 09:45:00+05:30,521.4561089367243,32.36666666666667,58.5,9,0,0,1,511.711828433936,335.4102230608118,0,0,7.468916508257824,1.776913993434797
2024-11-04 10:00:00+05:30,529.5570038391289,32.9,56.5,10,0,0,1,521.4561089367243,340.8322754869744,0,0,7.176660943313998,1.959443809088301
2024-11-04 10:15:00+05:30,534.7134031749144,33.333333333333336,54.20000000000001,10,0,0,1,529.5570038391289,343.5268545560155,0,0,7.176660943313998,1.959443809088301
2024-11-04 10:30:00+05:30,541.375646221714,33.666666666666664,52.9,10,0,0,1,534.7134031749144,348.6029248846439,0,0,7.176660943313998,1.959443809088301
2024-11-04 10:45:00+05:30,543.7622749328862,34.13333333333333,49.96666666666667,10,0,0,1,541.375646221714,354.1008978604472,0,0,7.176660943313998,1.959443809088301
2024-11-04 11:00:00+05:30,546.6967389066073,34.43333333333333,49.0,11,0,0,1,543.7622749328862,362.1601664054325,0,0,7.922475529678865,1.905498851423404
2024-11-04 11:15:00+05:30,547.8079050258078,34.7,47.46666666666667,11,0,0,1,546.6967389066073,362.2153574097056,0,0,7.922475529678865,1.905498851423404
2024-11-04 11:30:00+05:30,541.7826529650378,35.0,45.96666666666666,11,0,0,1,547.8079050258078,362.7545556608428,0,0,7.922475529678865,1.905498851423404
2024-11-04 11:45:00+05:30,537.2138928804882,35.4,43.5,11,0,0,1,541.7826529650378,362.11239958222654,0,0,7.922475529678865,1.905498851423404
2024-11-04 12:00:00+05:30,538.0378926681069,35.63333333333333,42.36666666666667,12,0,0,1,537.2138928804882,363.8432569314094,0,0,8.194346391416534,1.8296017411002858
2024-11-04 12:15:00+05:30,536.0737816631173,36.13333333333333,42.13333333333333,12,0,0,1,538.0378926681069,363.4926350440399,0,0,8.194346391416534,1.8296017411002858
2024-11-04 12:30:00+05:30,541.9108138402304,36.3,40.86666666666667,12,0,0,1,536.0737816631173,363.1145919712096,0,0,8.194346391416534,1.8296017411002858
2024-11-04 12:45:00+05:30,540.7967959021448,36.46666666666667,39.93333333333334,12,0,0,1,541.9108138402304,361.5293006299749,0,0,8.194346391416534,1.8296017411002858
2024-11-04 13:00:00+05:30,540.3859231098396,36.56666666666666,38.63333333333333,13,0,0,1,540.7967959021448,361.57016574947767,0,0,7.466115020642604,1.781152913482967
2024-11-04 13:15:00+05:30,533.1656927557167,36.7,37.96666666666666,13,0,0,1,540.3859231098396,362.1158917705807,0,0,7.466115020642604,1.781152913482967
2024-11-04 13:30:00+05:30,531.5928860057386,36.73333333333333,36.23333333333333,13,0,0,1,533.1656927557167,362.49258695965887,0,0,7.466115020642604,1.781152913482967
2024-11-04 13:45:00+05:30,531.7594710368398,36.766666666666666,35.733333333333334,13,0,0,1,531.5928860057386,363.2175687951611,0,0,7.466115020642604,1.781152913482967
2024-11-04 14:00:00+05:30,535.7846012577872,36.66666666666666,35.4,14,0,0,1,531.7594710368398,365.2689883485051,0,0,7.453520252664822,1.8810727851227305
2024-11-04 14:15:00+05:30,536.779685268479,36.96666666666667,34.13333333333333,14,0,0,1,535.7846012577872,368.3004431360706,0,0,7.453520252664822,1.8810727851227305
2024-11-04 14:30:00+05:30,537.6652775738103,37.0,34.5,14,0,0,1,536.779685268479,371.1730219915248,0,0,7.453520252664822,1.8810727851227305
2024-11-04 14:45:00+05:30,537.5076753012744,36.93333333333334,33.93333333333333,14,0,0,1,537.6652775738103,370.4290505465282,0,0,7.453520252664822,1.8810727851227305
2024-11-04 15:00:00+05:30,537.1060579249722,36.86666666666667,34.3,15,0,0,1,537.5076753012744,371.4249311356453,0,0,7.614608640955644,1.8795749299968296
2024-11-04 15:15:00+05:30,537.7053496312324,37.06666666666667,33.9,15,0,0,1,537.1060579249722,373.1469042992489,0,0,7.614608640955644,1.8795749299968296
2024-11-04 15:30:00+05:30,536.7667762006193,36.96666666666667,36.96666666666667,15,0,0,1,537.7053496312324,373.9213468777472,0,0,7.614608640955644,1.8795749299968296
2024-11-04 15:45:00+05:30,533.8926035282705,36.4,37.63333333333333,15,0,0,1,536.7667762006193,370.7367262956514,0,0,7.614608640955644,1.8795749299968296
2024-11-04 16:00:00+05:30,530.9004367386251,35.833333333333336,40.53333333333333,16,0,0,1,533.8926035282705,371.81501366033535,0,0,8.928003783814992,1.63470214174834
2024-11-04 16:15:00+05:30,527.0381994354918,35.4,42.3,16,0,0,1,530.9004367386251,370.4918200882036,0,0,8.928003783814992,1.63470214174834
2024-11-04 16:30:00+05:30,524.1219051478183,34.9,43.6,16,0,0,1,527.0381994354918,368.6989973149692,0,0,8.928003783814992,1.63470214174834
2024-11-04 16:45:00+05:30,520.3476565722127,34.4,44.23333333333333,16,0,0,1,524.1219051478183,367.17430342964593,0,0,8.928003783814992,1.63470214174834
2024-11-04 17:00:00+05:30,516.9672288576729,33.9,45.86666666666667,17,0,0,1,520.3476565722127,366.0434896929939,0,0,9.832269406100862,1.3066312424333932
2024-11-04 17:15:00+05:30,513.1059685361181,33.300000000000004,53.53333333333333,17,0,0,1,516.9672288576729,364.2840021213234,0,0,9.832269406100862,1.3066312424333932
2024-11-04 17:30:00+05:30,508.4438508838764,32.6,56.86666666666667,17,0,0,1,513.1059685361181,365.3631794435752,0,0,9.832269406100862,1.3066312424333932
2024-11-04 17:45:00+05:30,505.4900889544823,32.13333333333333,59.4,17,0,0,1,508.4438508838764,368.3544417128988,0,0,9.832269406100862,1.3066312424333932
2024-11-04 18:00:00+05:30,503.77294073874265,31.766666666666666,61.4,18,0,0,0,505.4900889544823,375.26309158465017,0,0,10.294210660754121,0.797082883851726
2024-11-04 18:15:00+05:30,499.15608786851527,31.5,61.5,18,0,0,0,503.77294073874265,380.039304241126,0,0,10.294210660754121,0.797082883851726
2024-11-04 18:30:00+05:30,492.7166075645896,31.33333333333333,62.06666666666666,18,0,0,0,499.15608786851527,384.7172865162419,0,0,10.294210660754121,0.797082883851726
2024-11-04 18:45:00+05:30,483.8871909708054,31.133333333333336,63.13333333333333,18,0,0,0,492.7166075645896,385.0515545034298,0,0,10.294210660754121,0.797082883851726
2024-11-04 19:00:00+05:30,476.1894951877956,31.03333333333333,63.73333333333333,19,0,0,0,483.8871909708054,383.8052473437421,0,0,10.813310868605901,0.8196688281600798
2024-11-04 19:15:00+05:30,468.3253840008232,30.96666666666667,64.86666666666667,19,0,0,0,476.1894951877956,376.4837143562065,0,0,10.813310868605901,0.8196688281600798
2024-11-04 19:30:00+05:30,460.4081899673454,30.9,65.36666666666666,19,0,0,0,468.3253840008232,375.9240199743457,0,0,10.813310868605901,0.8196688281600798
2024-11-04 19:45:00+05:30,451.798365797312,30.766666666666666,66.06666666666668,19,0,0,0,460.4081899673454,381.13675873748247,0,0,10.813310868605901,0.8196688281600798
2024-11-04 20:00:00+05:30,445.7069913136848,30.7,66.63333333333333,20,0,0,0,451.798365797312,381.7208359435847,0,0,10.193366449690611,0.84334742214611
2024-11-04 20:15:00+05:30,440.32326562135904,30.7,67.06666666666666,20,0,0,0,445.7069913136848,380.8666388161742,0,0,10.193366449690611,0.84334742214611
2024-11-04 20:30:00+05:30,433.92502462883056,30.6,67.60000000000001,20,0,0,0,440.32326562135904,380.1249038191535,0,0,10.193366449690611,0.84334742214611
2024-11-04 20:45:00+05:30,429.7521928813393,30.566666666666663,65.06666666666666,20,0,0,0,433.92502462883056,380.9721400006079,0,0,10.193366449690611,0.84334742214611
2024-11-04 21:00:00+05:30,425.4028884027745,30.53333333333333,64.8,21,0,0,0,429.7521928813393,380.2780550867439,0,0,8.774792195189448,0.7521888831997796
2024-11-04 21:15:00+05:30,420.1360862168332,30.5,65.2,21,0,0,0,425.4028884027745,376.6551637294521,0,0,8.774792195189448,0.7521888831997796
2024-11-04 21:30:00+05:30,413.7703540485175,30.46666666666667,65.36666666666666,21,0,0,0,420.1360862168332,375.2615312446084,0,0,8.774792195189448,0.7521888831997796
2024-11-04 21:45:00+05:30,408.5860062297715,30.4,65.8,21,0,0,0,413.7703540485175,371.894986531124,0,0,8.774792195189448,0.7521888831997796
2024-11-04 22:00:00+05:30,404.2736910603441,30.33333333333333,64.96666666666665,22,0,0,0,408.5860062297715,369.5976923567314,0,0,9.389172121610137,0.7252749896297948
2024-11-04 22:15:00+05:30,400.1475021647547,30.3,64.8,22,0,0,0,404.2736910603441,367.62807252273234,0,0,9.389172121610137,0.7252749896297948
2024-11-04 22:30:00+05:30,393.6661415499073,30.2,65.76666666666667,22,0,0,0,400.1475021647547,365.5048756789853,0,0,9.389172121610137,0.7252749896297948
2024-11-04 22:45:00+05:30,391.0270139955721,30.066666666666663,67.16666666666667,22,0,0,0,393.6661415499073,361.34837375480544,0,0,9.389172121610137,0.7252749896297948
2024-11-04 23:00:00+05:30,386.72570088094506,29.866666666666664,68.33333333333333,23,0,0,0,391.0270139955721,358.8154474115934,0,0,10.314981635691288,0.7718909870937027
2024-11-04 23:15:00+05:30,382.29113982703984,29.73333333333333,70.43333333333334,23,0,0,0,386.72570088094506,357.58467596201154,0,0,10.314981635691288,0.7718909870937027
2024-11-04 23:30:00+05:30,378.2356070410034,29.6,71.3,23,0,0,0,382.29113982703984,355.06326699353434,0,0,10.314981635691288,0.7718909870937027
2024-11-04 23:45:00+05:30,372.7445151667848,29.6,71.3,23,0,0,0,378.2356070410034,352.82144020537686,0,0,10.314981635691288,0.7718909870937027
2024-11-05 00:00:00+05:30,367.93691348766674,28.933333333333337,75.39999999999999,0,1,0,0,372.7445151667848,349.5218330852433,0,0,10.821030164864855,0.09594533623790569
2024-11-05 00:15:00+05:30,361.2862199938949,28.83333333333333,75.23333333333333,0,1,0,0,367.93691348766674,345.1604822259752,0,0,10.821030164864855,0.09594533623790569
2024-11-05 00:30:00+05:30,357.75191426654845,28.766666666666666,75.83333333333333,0,1,0,0,361.2862199938949,340.0436387312003,0,0,10.821030164864855,0.09594533623790569
2024-11-05 00:45:00+05:30,351.8894171456338,28.666666666666668,76.10000000000001,0,1,0,0,357.75191426654845,334.13397951377044,0,0,10.821030164864855,0.09594533623790569
2024-11-05 01:00:00+05:30,347.9613086301292,28.7,76.00000000000001,1,1,0,0,351.8894171456338,330.05611819457283,0,0,9.728100754378737,-0.03336421712728943
2024-11-05 01:15:00+05:30,342.77632733196367,28.53333333333333,76.96666666666667,1,1,0,0,347.9613086301292,326.6790635884413,0,0,9.728100754378737,-0.03336421712728943
2024-11-05 01:30:00+05:30,337.87709389764507,28.46666666666667,78.2,1,1,0,0,342.77632733196367,322.2917914139628,0,0,9.728100754378737,-0.03336421712728943
2024-11-05 01:45:00+05:30,334.05799607640085,28.33333333333333,78.06666666666666,1,1,0,0,337.87709389764507,318.1338295731858,0,0,9.728100754378737,-0.03336421712728943
2024-11-05 02:00:00+05:30,330.6856532948673,28.3,78.2,2,1,0,0,334.05799607640085,314.30205183361585,0,0,8.484637707535343,-0.001367850315744823
2024-11-05 02:15:00+05:30,327.51207248290206,28.3,77.53333333333335,2,1,0,0,330.6856532948673,310.38504229797576,0,0,8.484637707535343,-0.001367850315744823
2024-11-05 02:30:00+05:30,325.4383513843188,28.266666666666666,77.26666666666667,2,1,0,0,327.51207248290206,307.4913518495539,0,0,8.484637707535343,-0.001367850315744823
2024-11-05 02:45:00+05:30,323.21531674196507,28.23333333333333,76.96666666666667,2,1,0,0,325.4383513843188,305.8237582479699,0,0,8.484637707535343,-0.001367850315744823
2024-11-05 03:00:00+05:30,320.56544782485685,28.2,76.46666666666667,3,1,0,0,323.21531674196507,304.3660069531571,0,0,7.607119538689619,-0.06004878179214801
2024-11-05 03:15:00+05:30,320.05774287109426,28.2,77.03333333333335,3,1,0,0,320.56544782485685,302.4719746947895,0,0,7.607119538689619,-0.06004878179214801
2024-11-05 03:30:00+05:30,317.7132549675565,28.13333333333333,77.43333333333334,3,1,0,0,320.05774287109426,300.4384957514732,0,0,7.607119538689619,-0.06004878179214801
2024-11-05 03:45:00+05:30,315.2444711514139,28.03333333333333,77.93333333333334,3,1,0,0,317.7132549675565,298.22375908280617,0,0,7.607119538689619,-0.06004878179214801
2024-11-05 04:00:00+05:30,313.8057078227007,27.96666666666667,78.5,4,1,0,0,315.2444711514139,297.5178006357167,0,0,6.594267060678064,0.008427398213465498
2024-11-05 04:15:00+05:30,311.7882740899829,27.933333333333337,78.96666666666665,4,1,0,0,313.8057078227007,296.4214895246756,0,0,6.594267060678064,0.008427398213465498
2024-11-05 04:30:00+05:30,312.5288101912385,27.83333333333333,77.3,4,1,0,0,311.7882740899829,295.75775357911607,0,0,6.594267060678064,0.008427398213465498
2024-11-05 04:45:00+05:30,309.7127415641225,27.8,77.66666666666667,4,1,0,0,312.5288101912385,294.6358368196602,0,0,6.594267060678064,0.008427398213465498
2024-11-05 05:00:00+05:30,309.9164698391449,27.666666666666668,78.3,5,1,0,0,309.7127415641225,295.28386331575064,0,0,5.279257902398529,0.10435750043793113
2024-11-05 05:15:00+05:30,311.2337308068812,27.633333333333336,78.86666666666666,5,1,0,0,309.9164698391449,295.5794382844444,0,0,5.279257902398529,0.10435750043793113
2024-11-05 05:30:00+05:30,313.1456508037112,27.53333333333333,79.13333333333333,5,1,0,0,311.2337308068812,299.706632407983,0,0,5.279257902398529,0.10435750043793113
2024-11-05 05:45:00+05:30,314.7777140114895,27.46666666666667,79.8,5,1,0,0,313.1456508037112,302.391104547632,0,0,5.279257902398529,0.10435750043793113
2024-11-05 06:00:00+05:30,320.8623406419775,27.4,80.66666666666667,6,1,0,0,314.7777140114895,309.1860710528369,0,0,4.311530887041023,0.35531410580184186
2024-11-05 06:15:00+05:30,326.55712160095777,27.3,82.0,6,1,0,0,320.8623406419775,313.593902051541,0,0,4.311530887041023,0.35531410580184186
2024-11-05 06:30:00+05:30,332.58441205171823,27.26666666666667,82.46666666666668,6,1,0,0,326.55712160095777,320.59872716866084,0,0,4.311530887041023,0.35531410580184186
2024-11-05 06:45:00+05:30,342.64855355981325,27.3,81.66666666666667,6,1,0,0,332.58441205171823,330.1343603213024,0,0,4.311530887041023,0.35531410580184186
2024-11-05 07:00:00+05:30,355.78461434903465,27.46666666666667,81.3,7,1,0,0,342.64855355981325,344.5385919453697,0,0,5.499185953045883,0.4537110737780554
2024-11-05 07:15:00+05:30,369.1891412176895,27.633333333333336,80.06666666666666,7,1,0,0,355.78461434903465,360.4625402190165,0,0,5.499185953045883,0.4537110737780554
2024-11-05 07:30:00+05:30,383.5739495906375,27.83333333333333,79.60000000000001,7,1,0,0,369.1891412176895,378.3306794149864,0,0,5.499185953045883,0.4537110737780554
2024-11-05 07:45:00+05:30,398.1878325740536,28.23333333333333,78.53333333333335,7,1,0,0,383.5739495906375,397.00788589012535,0,0,5.499185953045883,0.4537110737780554
2024-11-05 08:00:00+05:30,421.3398324290267,28.83333333333333,75.56666666666666,8,1,0,0,398.1878325740536,418.9323087915998,0,0,8.459706391374313,0.5709639278196643
2024-11-05 08:15:00+05:30,442.10487023772095,29.566666666666663,72.53333333333333,8,1,0,0,421.3398324290267,440.3857105538408,0,0,8.459706391374313,0.5709639278196643
2024-11-05 08:30:00+05:30,460.4531236868896,30.066666666666663,69.46666666666665,8,1,0,0,442.10487023772095,458.5802959423556,0,0,8.459706391374313,0.5709639278196643
2024-11-05 08:45:00+05:30,476.3998565766775,30.566666666666663,65.7,8,1,0,0,460.4531236868896,474.12935390841966,0,0,8.459706391374313,0.5709639278196643
2024-11-05 09:00:00+05:30,489.4006883230179,31.2,63.833333333333336,9,1,0,1,476.3998565766775,488.7630867786334,0,0,7.468916508257824,1.776913993434797
2024-11-05 09:15:00+05:30,498.451165085248,31.8,61.36666666666667,9,1,0,1,489.4006883230179,500.27814528587487,0,0,7.468916508257824,1.776913993434797
2024-11-05 09:30:00+05:30,508.32223359508487,32.36666666666667,58.5,9,1,0,1,498.451165085248,511.711828433936,0,0,7.468916508257824,1.776913993434797
2024-11-05 09:45:00+05:30,517.29595612952,32.9,56.5,9,1,0,1,508.32223359508487,521.4561089367243,0,0,7.468916508257824,1.776913993434797
2024-11-05 10:00:00+05:30,524.6227211587797,33.333333333333336,54.20000000000001,10,1,0,1,517.29595612952,529.5570038391289,0,0,7.176660943313998,1.959443809088301
2024-11-05 10:15:00+05:30,531.6916579152493,33.666666666666664,52.9,10,1,0,1,524.6227211587797,534.7134031749144,0,0,7.176660943313998,1.959443809088301
2024-11-05 10:30:00+05:30,536.7978771225609,34.13333333333333,49.96666666666667,10,1,0,1,531.6916579152493,541.375646221714,0,0,7.176660943313998,1.959443809088301
2024-11-05 10:45:00+05:30,538.9298748901522,34.43333333333333,49.0,10,1,0,1,536.7978771225609,543.7622749328862,0,0,7.176660943313998,1.959443809088301
2024-11-05 11:00:00+05:30,543.4460939764418,34.7,47.46666666666667,11,1,0,1,538.9298748901522,546.6967389066073,0,0,7.922475529678865,1.905498851423404
2024-11-05 11:15:00+05:30,541.9141580494914,35.0,45.96666666666666,11,1,0,1,543.4460939764418,547.8079050258078,0,0,7.922475529678865,1.905498851423404
2024-11-05 11:30:00+05:30,541.539098417974,35.4,43.5,11,1,0,1,541.9141580494914,541.7826529650378,0,0,7.922475529678865,1.905498851423404
2024-11-05 11:45:00+05:30,541.5918998205694,35.63333333333333,42.36666666666667,11,1,0,1,541.539098417974,537.2138928804882,0,0,7.922475529678865,1.905498851423404
2024-11-05 12:00:00+05:30,542.3802886068016,36.13333333333333,42.13333333333333,12,1,0,1,541.5918998205694,538.0378926681069,0,0,8.194346391416534,1.8296017411002858
2024-11-05 12:15:00+05:30,540.4791098857434,36.3,40.86666666666667,12,1,0,1,542.3802886068016,536.0737816631173,0,0,8.194346391416534,1.8296017411002858
2024-11-05 12:30:00+05:30,538.3758845677544,36.46666666666667,39.93333333333334,12,1,0,1,540.4791098857434,541.9108138402304,0,0,8.194346391416534,1.8296017411002858
2024-11-05 12:45:00+05:30,535.1786155833623,36.56666666666666,38.63333333333333,12,1,0,1,538.3758845677544,540.7967959021448,0,0,8.194346391416534,1.8296017411002858
2024-11-05 13:00:00+05:30,531.2476780626722,36.7,37.96666666666666,13,1,0,1,535.1786155833623,540.3859231098396,0,0,7.466115020642604,1.781152913482967
2024-11-05 13:15:00+05:30,532.2427521878267,36.73333333333333,36.23333333333333,13,1,0,1,531.2476780626722,533.1656927557167,0,0,7.466115020642604,1.781152913482967
2024-11-05 13:30:00+05:30,530.1630986110401,36.766666666666666,35.733333333333334,13,1,0,1,532.2427521878267,531.5928860057386,0,0,7.466115020642604,1.781152913482967
2024-11-05 13:45:00+05:30,529.6676762482364,36.66666666666666,35.4,13,1,0,1,530.1630986110401,531.7594710368398,0,0,7.466115020642604,1.781152913482967
2024-11-05 14:00:00+05:30,532.6906158671537,36.96666666666667,34.13333333333333,14,1,0,1,529.6676762482364,535.7846012577872,0,0,7.453520252664822,1.8810727851227305
2024-11-05 14:15:00+05:30,535.4166648976682,37.0,34.5,14,1,0,1,532.6906158671537,536.779685268479,0,0,7.453520252664822,1.8810727851227305
2024-11-05 14:30:00+05:30,537.4825179487515,36.93333333333334,33.93333333333333,14,1,0,1,535.4166648976682,537.6652775738103,0,0,7.453520252664822,1.8810727851227305
2024-11-05 14:45:00+05:30,537.696635900401,36.86666666666667,34.3,14,1,0,1,537.4825179487515,537.5076753012744,0,0,7.453520252664822,1.8810727851227305
2024-11-05 15:00:00+05:30,538.8241443502417,37.06666666666667,33.9,15,1,0,1,537.696635900401,537.1060579249722,0,0,7.614608640955644,1.8795749299968296
2024-11-05 15:15:00+05:30,539.458612917704,36.96666666666667,36.96666666666667,15,1,0,1,538.8241443502417,537.7053496312324,0,0,7.614608640955644,1.8795749299968296
2024-11-05 15:30:00+05:30,537.9054482106106,36.4,37.63333333333333,15,1,0,1,539.458612917704,536.7667762006193,0,0,7.614608640955644,1.8795749299968296
2024-11-05 15:45:00+05:30,537.8402279763525,35.833333333333336,40.53333333333333,15,1,0,1,537.9054482106106,533.8926035282705,0,0,7.614608640955644,1.8795749299968296
2024-11-05 16:00:00+05:30,536.9511347120236,35.4,42.3,16,1,0,1,537.8402279763525,530.9004367386251,0,0,8.928003783814992,1.63470214174834
2024-11-05 16:15:00+05:30,531.859281740042,34.9,43.6,16,1,0,1,536.9511347120236,527.0381994354918,0,0,8.928003783814992,1.63470214174834
2024-11-05 16:30:00+05:30,530.817562624865,34.4,44.23333333333333,16,1,0,1,531.859281740042,524.1219051478183,0,0,8.928003783814992,1.63470214174834
2024-11-05 16:45:00+05:30,525.9096604861898,33.9,45.86666666666667,16,1,0,1,530.817562624865,520.3476565722127,0,0,8.928003783814992,1.63470214174834
2024-11-05 17:00:00+05:30,522.9694266099874,33.300000000000004,53.53333333333333,17,1,0,1,525.9096604861898,516.9672288576729,0,0,9.832269406100862,1.3066312424333932
2024-11-05 17:15:00+05:30,519.4508053043711,32.6,56.86666666666667,17,1,0,1,522.9694266099874,513.1059685361181,0,0,9.832269406100862,1.3066312424333932
2024-11-05 17:30:00+05:30,515.4660723953838,32.13333333333333,59.4,17,1,0,1,519.4508053043711,508.4438508838764,0,0,9.832269406100862,1.3066312424333932
2024-11-05 17:45:00+05:30,513.6814147390887,31.766666666666666,61.4,17,1,0,1,515.4660723953838,505.4900889544823,0,0,9.832269406100862,1.3066312424333932
2024-11-05 18:00:00+05:30,509.3065228081148,31.5,61.5,18,1,0,0,513.6814147390887,503.77294073874265,0,0,10.294210660754121,0.797082883851726
2024-11-05 18:15:00+05:30,504.69958825405456,31.33333333333333,62.06666666666666,18,1,0,0,509.3065228081148,499.15608786851527,0,0,10.294210660754121,0.797082883851726
2024-11-05 18:30:00+05:30,498.1796954739084,31.133333333333336,63.13333333333333,18,1,0,0,504.69958825405456,492.7166075645896,0,0,10.294210660754121,0.797082883851726
2024-11-05 18:45:00+05:30,491.47970960015857,31.03333333333333,63.73333333333333,18,1,0,0,498.1796954739084,483.8871909708054,0,0,10.294210660754121,0.797082883851726
2024-11-05 19:00:00+05:30,478.65142365021575,30.96666666666667,64.86666666666667,19,1,0,0,491.47970960015857,476.1894951877956,0,0,10.813310868605901,0.8196688281600798
2024-11-05 19:15:00+05:30,472.7183644668633,30.9,65.36666666666666,19,1,0,0,478.65142365021575,468.3253840008232,0,0,10.813310868605901,0.8196688281600798
2024-11-05 19:30:00+05:30,464.3049728197974,30.766666666666666,66.06666666666668,19,1,0,0,472.7183644668633,460.4081899673454,0,0,10.813310868605901,0.8196688281600798
2024-11-05 19:45:00+05:30,453.7482590162822,30.7,66.63333333333333,19,1,0,0,464.3049728197974,451.798365797312,0,0,10.813310868605901,0.8196688281600798
2024-11-05 20:00:00+05:30,447.3312809525446,30.7,67.06666666666666,20,1,0,0,453.7482590162822,445.7069913136848,0,0,10.193366449690611,0.84334742214611
2024-11-05 20:15:00+05:30,441.9177695840989,30.6,67.60000000000001,20,1,0,0,447.3312809525446,440.32326562135904,0,0,10.193366449690611,0.84334742214611
2024-11-05 20:30:00+05:30,434.6459986827791,30.566666666666663,65.06666666666666,20,1,0,0,441.9177695840989,433.92502462883056,0,0,10.193366449690611,0.84334742214611
2024-11-05 20:45:00+05:30,432.274619576468,30.53333333333333,64.8,20,1,0,0,434.6459986827791,429.7521928813393,0,0,10.193366449690611,0.84334742214611
2024-11-05 21:00:00+05:30,425.1232937743621,30.5,65.2,21,1,0,0,432.274619576468,425.4028884027745,0,0,8.774792195189448,0.7521888831997796
2024-11-05 21:15:00+05:30,421.2415646326174,30.46666666666667,65.36666666666666,21,1,0,0,425.1232937743621,420.1360862168332,0,0,8.774792195189448,0.7521888831997796
2024-11-05 21:30:00+05:30,414.2875376963884,30.4,65.8,21,1,0,0,421.2415646326174,413.7703540485175,0,0,8.774792195189448,0.7521888831997796
2024-11-05 21:45:00+05:30,412.0274792868912,30.33333333333333,64.96666666666665,21,1,0,0,414.2875376963884,408.5860062297715,0,0,8.774792195189448,0.7521888831997796
2024-11-05 22:00:00+05:30,405.74135966553234,30.3,64.8,22,1,0,0,412.0274792868912,404.2736910603441,0,0,9.389172121610137,0.7252749896297948
2024-11-05 22:15:00+05:30,400.80742891379225,30.2,65.76666666666667,22,1,0,0,405.74135966553234,400.1475021647547,0,0,9.389172121610137,0.7252749896297948
2024-11-05 22:30:00+05:30,397.2786778964565,30.066666666666663,67.16666666666667,22,1,0,0,400.80742891379225,393.6661415499073,0,0,9.389172121610137,0.7252749896297948
2024-11-05 22:45:00+05:30,393.0973640879704,29.866666666666664,68.33333333333333,22,1,0,0,397.2786778964565,391.0270139955721,0,0,9.389172121610137,0.7252749896297948
2024-11-05 23:00:00+05:30,387.87054832762095,29.73333333333333,70.43333333333334,23,1,0,0,393.0973640879704,386.72570088094506,0,0,10.314981635691288,0.7718909870937027
2024-11-05 23:15:00+05:30,383.092939165998,29.6,71.3,23,1,0,0,387.87054832762095,382.29113982703984,0,0,10.314981635691288,0.7718909870937027
2024-11-05 23:30:00+05:30,378.0028385136477,29.46666666666667,71.66666666666667,23,1,0,0,383.092939165998,378.2356070410034,0,0,10.314981635691288,0.7718909870937027
2024-11-05 23:45:00+05:30,375.3063363571332,29.3,71.03333333333332,23,1,0,0,378.0028385136477,372.7445151667848,0,0,10.314981635691288,0.7718909870937027
2024-11-06 00:00:00+05:30,370.0992320654643,28.83333333333333,74.7,0,2,0,0,375.3063363571332,367.93691348766674,0,0,10.821030164864855,0.09594533623790569
2024-11-06 00:15:00+05:30,363.35532089800233,28.76666666666667,74.7,0,2,0,0,370.0992320654643,361.2862199938949,0,0,10.821030164864855,0.09594533623790569
2024-11-06 00:30:00+05:30,360.0499852877029,28.666666666666668,73.83333333333333,0,2,0,0,363.35532089800233,357.75191426654845,0,0,10.821030164864855,0.09594533623790569
2024-11-06 00:45:00+05:30,353.66087810629614,28.566666666666663,74.16666666666667,0,2,0,0,360.0499852877029,351.8894171456338,0,0,10.821030164864855,0.09594533623790569
2024-11-06 01:00:00+05:30,347.39928034811885,28.46666666666667,74.0,1,2,0,0,353.66087810629614,347.9613086301292,0,0,9.728100754378737,-0.03336421712728943
2024-11-06 01:15:00+05:30,341.4801325168355,28.4,72.66666666666667,1,2,0,0,347.39928034811885,342.77632733196367,0,0,9.728100754378737,-0.03336421712728943
2024-11-06 01:30:00+05:30,338.37334727736646,28.366666666666664,72.03333333333332,1,2,0,0,341.4801325168355,337.87709389764507,0,0,9.728100754378737,-0.03336421712728943
2024-11-06 01:45:00+05:30,335.0723611531591,28.4,70.9,1,2,0,0,338.37334727736646,334.05799607640085,0,0,9.728100754378737,-0.03336421712728943
2024-11-06 02:00:00+05:30,330.82221081745,28.3,71.39999999999999,2,2,0,0,335.0723611531591,330.6856532948673,0,0,8.484637707535343,-0.001367850315744823
2024-11-06 02:15:00+05:30,326.012772761324,28.26666666666667,71.16666666666667,2,2,0,0,330.82221081745,327.51207248290206,0,0,8.484637707535343,-0.001367850315744823
2024-11-06 02:30:00+05:30,322.440734443014,28.3,72.2,2,2,0,0,326.012772761324,325.4383513843188,0,0,8.484637707535343,-0.001367850315744823
2024-11-06 02:45:00+05:30,318.55597466254085,28.166666666666668,73.60000000000001,2,2,0,0,322.440734443014,323.21531674196507,0,0,8.484637707535343,-0.001367850315744823
2024-11-06 03:00:00+05:30,317.83361669743925,28.1,74.0,3,2,0,0,318.55597466254085,320.56544782485685,0,0,7.607119538689619,-0.06004878179214801
2024-11-06 03:15:00+05:30,313.59432776101977,27.96666666666667,74.39999999999999,3,2,0,0,317.83361669743925,320.05774287109426,0,0,7.607119538689619,-0.06004878179214801
2024-11-06 03:30:00+05:30,310.89368803622165,27.899999999999995,75.06666666666668,3,2,0,0,313.59432776101977,317.7132549675565,0,0,7.607119538689619,-0.06004878179214801
2024-11-06 03:45:00+05:30,308.0878355077148,27.8,75.03333333333333,3,2,0,0,310.89368803622165,315.2444711514139,0,0,7.607119538689619,-0.06004878179214801
2024-11-06 04:00:00+05:30,305.08662566361164,27.7,75.3,4,2,0,0,308.0878355077148,313.8057078227007,0,0,6.594267060678064,0.008427398213465498
2024-11-06 04:15:00+05:30,303.2458011984552,27.633333333333336,75.83333333333334,4,2,0,0,305.08662566361164,311.7882740899829,0,0,6.594267060678064,0.008427398213465498
2024-11-06 04:30:00+05:30,302.9638056893954,27.5,76.96666666666667,4,2,0,0,303.2458011984552,312.5288101912385,0,0,6.594267060678064,0.008427398213465498
2024-11-06 04:45:00+05:30,305.62223090403256,27.433333333333337,76.96666666666667,4,2,0,0,302.9638056893954,309.7127415641225,0,0,6.594267060678064,0.008427398213465498
2024-11-06 05:00:00+05:30,305.6702331512464,27.3,76.76666666666667,5,2,0,0,305.62223090403256,309.9164698391449,0,0,5.279257902398529,0.10435750043793113
2024-11-06 05:15:00+05:30,306.9466349896833,27.26666666666667,78.36666666666667,5,2,0,0,305.6702331512464,311.2337308068812,0,0,5.279257902398529,0.10435750043793113
2024-11-06 05:30:00+05:30,310.403033911372,27.133333333333336,78.10000000000001,5,2,0,0,306.9466349896833,313.1456508037112,0,0,5.279257902398529,0.10435750043793113
2024-11-06 05:45:00+05:30,313.5795427224025,27.133333333333336,78.13333333333333,5,2,0,0,310.403033911372,314.7777140114895,0,0,5.279257902398529,0.10435750043793113
2024-11-06 06:00:00+05:30,318.50906386723904,26.933333333333337,78.53333333333335,6,2,0,0,313.5795427224025,320.8623406419775,0,0,4.311530887041023,0.35531410580184186
2024-11-06 06:15:00+05:30,323.40059384168865,27.0,78.39999999999999,6,2,0,0,318.50906386723904,326.55712160095777,0,0,4.311530887041023,0.35531410580184186
2024-11-06 06:30:00+05:30,331.0723818574993,26.866666666666664,79.13333333333333,6,2,0,0,323.40059384168865,332.58441205171823,0,0,4.311530887041023,0.35531410580184186
2024-11-06 06:45:00+05:30,338.2767479878891,26.83333333333333,79.5,6,2,0,0,331.0723818574993,342.64855355981325,0,0,4.311530887041023,0.35531410580184186
2024-11-06 07:00:00+05:30,354.02494916524233,26.9,79.83333333333333,7,2,0,0,338.2767479878891,355.78461434903465,0,0,5.499185953045883,0.4537110737780554
2024-11-06 07:15:00+05:30,369.8927690732705,27.0,79.56666666666666,7,2,0,0,354.02494916524233,369.1891412176895,0,0,5.499185953045883,0.4537110737780554
2024-11-06 07:30:00+05:30,383.0533745996369,27.2,79.56666666666666,7,2,0,0,369.8927690732705,383.5739495906375,0,0,5.499185953045883,0.4537110737780554
2024-11-06 07:45:00+05:30,400.6868277055253,27.46666666666667,78.86666666666666,7,2,0,0,383.0533745996369,398.1878325740536,0,0,5.499185953045883,0.4537110737780554
2024-11-06 08:00:00+05:30,421.7929161069185,27.766666666666666,78.73333333333333,8,2,0,0,400.6868277055253,421.3398324290267,0,0,8.459706391374313,0.5709639278196643
2024-11-06 08:15:00+05:30,441.2234501919893,28.433333333333337,76.76666666666667,8,2,0,0,421.7929161069185,442.10487023772095,0,0,8.459706391374313,0.5709639278196643
2024-11-06 08:30:00+05:30,457.5647641769755,29.03333333333333,74.23333333333333,8,2,0,0,441.2234501919893,460.4531236868896,0,0,8.459706391374313,0.5709639278196643
2024-11-06 08:45:00+05:30,475.037843219128,29.633333333333336,69.96666666666667,8,2,0,0,457.5647641769755,476.3998565766775,0,0,8.459706391374313,0.5709639278196643
2024-11-06 09:00:00+05:30,489.50064900787737,30.3,67.19999999999999,9,2,0,1,475.037843219128,489.4006883230179,0,0,7.468916508257824,1.776913993434797
2024-11-06 09:15:00+05:30,503.3111822098973,30.966666666666665,64.60000000000001,9,2,0,1,489.50064900787737,498.451165085248,0,0,7.468916508257824,1.776913993434797
2024-11-06 09:30:00+05:30,513.5489279375854,31.6,61.63333333333333,9,2,0,1,503.3111822098973,508.32223359508487,0,0,7.468916508257824,1.776913993434797
2024-11-06 09:45:00+05:30,522.9356287785778,32.06666666666666,60.86666666666667,9,2,0,1,513.5489279375854,517.29595612952,0,0,7.468916508257824,1.776913993434797
2024-11-06 10:00:00+05:30,532.0841809625758,32.63333333333333,58.06666666666666,10,2,0,1,522.9356287785778,524.6227211587797,0,0,7.176660943313998,1.959443809088301
2024-11-06 10:15:00+05:30,537.0166144488281,33.0,56.06666666666667,10,2,0,1,532.0841809625758,531.6916579152493,0,0,7.176660943313998,1.959443809088301
2024-11-06 10:30:00+05:30,542.1474092710733,33.53333333333334,53.76666666666667,10,2,0,1,537.0166144488281,536.7978771225609,0,0,7.176660943313998,1.959443809088301
2024-11-06 10:45:00+05:30,541.8237159940533,33.733333333333334,52.1,10,2,0,1,542.1474092710733,538.9298748901522,0,0,7.176660943313998,1.959443809088301
2024-11-06 11:00:00+05:30,547.1420371382883,34.56666666666667,48.833333333333336,11,2,0,1,541.8237159940533,543.4460939764418,0,0,7.922475529678865,1.905498851423404
2024-11-06 11:15:00+05:30,546.3102021513408,35.1,46.333333333333336,11,2,0,1,547.1420371382883,541.9141580494914,0,0,7.922475529678865,1.905498851423404
2024-11-06 11:30:00+05:30,546.8268096925423,35.03333333333333,44.03333333333333,11,2,0,1,546.3102021513408,541.539098417974,0,0,7.922475529678865,1.905498851423404
2024-11-06 11:45:00+05:30,545.5274776869932,35.333333333333336,42.93333333333334,11,2,0,1,546.8268096925423,541.5918998205694,0,0,7.922475529678865,1.905498851423404
2024-11-06 12:00:00+05:30,546.5974250012016,35.73333333333333,41.56666666666667,12,2,0,1,545.5274776869932,542.3802886068016,0,0,8.194346391416534,1.8296017411002858
2024-11-06 12:15:00+05:30,544.6203187582068,36.2,39.76666666666667,12,2,0,1,546.5974250012016,540.4791098857434,0,0,8.194346391416534,1.8296017411002858
2024-11-06 12:30:00+05:30,543.1699698480849,36.6,36.96666666666666,12,2,0,1,544.6203187582068,538.3758845677544,0,0,8.194346391416534,1.8296017411002858
2024-11-06 12:45:00+05:30,540.8836317004999,36.766666666666666,34.56666666666666,12,2,0,1,543.1699698480849,535.1786155833623,0,0,8.194346391416534,1.8296017411002858
2024-11-06 13:00:00+05:30,537.2445448976241,37.03333333333334,32.9,13,2,0,1,540.8836317004999,531.2476780626722,0,0,7.466115020642604,1.781152913482967
2024-11-06 13:15:00+05:30,533.6850155939655,37.13333333333333,32.266666666666666,13,2,0,1,537.2445448976241,532.2427521878267,0,0,7.466115020642604,1.781152913482967
2024-11-06 13:30:00+05:30,533.8070567207334,37.0,32.86666666666667,13,2,0,1,533.6850155939655,530.1630986110401,0,0,7.466115020642604,1.781152913482967
2024-11-06 13:45:00+05:30,535.708969837381,37.13333333333333,32.300000000000004,13,2,0,1,533.8070567207334,529.6676762482364,0,0,7.466115020642604,1.781152913482967
2024-11-06 14:00:00+05:30,540.5161532295996,36.7,35.56666666666667,14,2,0,1,535.708969837381,532.6906158671537,0,0,7.453520252664822,1.8810727851227305
2024-11-06 14:15:00+05:30,543.4152464326088,36.23333333333333,37.53333333333333,14,2,0,1,540.5161532295996,535.4166648976682,0,0,7.453520252664822,1.8810727851227305
2024-11-06 14:30:00+05:30,547.7446677021587,36.06666666666666,36.9,14,2,0,1,543.4152464326088,537.4825179487515,0,0,7.453520252664822,1.8810727851227305
2024-11-06 14:45:00+05:30,548.1713341645785,36.13333333333333,37.1,14,2,0,1,547.7446677021587,537.696635900401,0,0,7.453520252664822,1.8810727851227305
2024-11-06 15:00:00+05:30,548.9702788992598,36.46666666666667,37.0,15,2,0,1,548.1713341645785,538.8241443502417,0,0,7.614608640955644,1.8795749299968296
2024-11-06 15:15:00+05:30,550.0132569564589,36.4,35.43333333333333,15,2,0,1,548.9702788992598,539.458612917704,0,0,7.614608640955644,1.8795749299968296
2024-11-06 15:30:00+05:30,549.6633456825732,36.73333333333333,35.0,15,2,0,1,550.0132569564589,537.9054482106106,0,0,7.614608640955644,1.8795749299968296
2024-11-06 15:45:00+05:30,548.3728414809314,36.6,37.46666666666667,15,2,0,1,549.6633456825732,537.8402279763525,0,0,7.614608640955644,1.8795749299968296
2024-11-06 16:00:00+05:30,548.6991239516864,36.13333333333333,39.36666666666667,16,2,0,1,548.3728414809314,536.9511347120236,0,0,8.928003783814992,1.63470214174834
2024-11-06 16:15:00+05:30,543.7801989379134,35.833333333333336,41.16666666666667,16,2,0,1,548.6991239516864,531.859281740042,0,0,8.928003783814992,1.63470214174834
2024-11-06 16:30:00+05:30,540.8907085577628,35.36666666666667,42.833333333333336,16,2,0,1,543.7801989379134,530.817562624865,0,0,8.928003783814992,1.63470214174834
2024-11-06 16:45:00+05:30,538.111505496183,34.23333333333334,45.53333333333334,16,2,0,1,540.8907085577628,525.9096604861898,0,0,8.928003783814992,1.63470214174834
2024-11-06 17:00:00+05:30,531.1212717413833,33.733333333333334,47.1,17,2,0,1,538.111505496183,522.9694266099874,0,0,9.832269406100862,1.3066312424333932
2024-11-06 17:15:00+05:30,526.7565984267184,33.266666666666666,49.16666666666666,17,2,0,1,531.1212717413833,519.4508053043711,0,0,9.832269406100862,1.3066312424333932
2024-11-06 17:30:00+05:30,519.3182960724107,32.9,49.6,17,2,0,1,526.7565984267184,515.4660723953838,0,0,9.832269406100862,1.3066312424333932
2024-11-06 17:45:00+05:30,514.3618738211152,32.5,51.3,17,2,0,1,519.3182960724107,513.6814147390887,0,0,9.832269406100862,1.3066312424333932
2024-11-06 18:00:00+05:30,512.2874011639204,32.300000000000004,54.833333333333336,18,2,0,0,514.3618738211152,509.3065228081148,0,0,10.294210660754121,0.797082883851726
2024-11-06 18:15:00+05:30,506.5733539803642,31.933333333333337,58.46666666666666,18,2,0,0,512.2874011639204,504.69958825405456,0,0,10.294210660754121,0.797082883851726
2024-11-06 18:30:00+05:30,502.2249320544668,31.7,60.0,18,2,0,0,506.5733539803642,498.1796954739084,0,0,10.294210660754121,0.797082883851726
2024-11-06 18:45:00+05:30,494.9929148976059,31.700000000000003,58.56666666666666,18,2,0,0,502.2249320544668,491.47970960015857,0,0,10.294210660754121,0.797082883851726
2024-11-06 19:00:00+05:30,485.3755958896364,31.53333333333333,58.46666666666666,19,2,0,0,494.9929148976059,478.65142365021575,0,0,10.813310868605901,0.8196688281600798
2024-11-06 19:15:00+05:30,477.3508209386721,31.366666666666664,58.56666666666666,19,2,0,0,485.3755958896364,472.7183644668633,0,0,10.813310868605901,0.8196688281600798
2024-11-06 19:30:00+05:30,466.2617090796338,31.266666666666666,58.9,19,2,0,0,477.3508209386721,464.3049728197974,0,0,10.813310868605901,0.8196688281600798
2024-11-06 19:45:00+05:30,458.8073666260172,31.166666666666668,59.56666666666666,19,2,0,0,466.2617090796338,453.7482590162822,0,0,10.813310868605901,0.8196688281600798
2024-11-06 20:00:00+05:30,451.317690941457,31.03333333333333,60.43333333333334,20,2,0,0,458.8073666260172,447.3312809525446,0,0,10.193366449690611,0.84334742214611
2024-11-06 20:15:00+05:30,445.0733141475458,30.9,60.66666666666666,20,2,0,0,451.317690941457,441.9177695840989,0,0,10.193366449690611,0.84334742214611
2024-11-06 20:30:00+05:30,441.0119892147461,30.7,61.1,20,2,0,0,445.0733141475458,434.6459986827791,0,0,10.193366449690611,0.84334742214611
2024-11-06 20:45:00+05:30,433.74580527638096,30.566666666666663,60.93333333333334,20,2,0,0,441.0119892147461,432.274619576468,0,0,10.193366449690611,0.84334742214611
2024-11-06 21:00:00+05:30,428.6546857360144,30.4,61.866666666666674,21,2,0,0,433.74580527638096,425.1232937743621,0,0,8.774792195189448,0.7521888831997796
2024-11-06 21:15:00+05:30,423.9314691527787,30.2,62.76666666666667,21,2,0,0,428.6546857360144,421.2415646326174,0,0,8.774792195189448,0.7521888831997796
2024-11-06 21:30:00+05:30,419.852708944426,30.03333333333333,62.43333333333334,21,2,0,0,423.9314691527787,414.2875376963884,0,0,8.774792195189448,0.7521888831997796
2024-11-06 21:45:00+05:30,412.0448609841949,30.0,61.26666666666667,21,2,0,0,419.852708944426,412.0274792868912,0,0,8.774792195189448,0.7521888831997796
2024-11-06 22:00:00+05:30,407.62533733828167,29.866666666666664,60.96666666666667,22,2,0,0,412.0448609841949,405.74135966553234,0,0,9.389172121610137,0.7252749896297948
2024-11-06 22:15:00+05:30,402.3385428016253,29.73333333333333,61.46666666666667,22,2,0,0,407.62533733828167,400.80742891379225,0,0,9.389172121610137,0.7252749896297948
2024-11-06 22:30:00+05:30,397.1390371663695,29.666666666666668,62.06666666666667,22,2,0,0,402.3385428016253,397.2786778964565,0,0,9.389172121610137,0.7252749896297948
2024-11-06 22:45:00+05:30,395.215890586456,29.53333333333333,63.0,22,2,0,0,397.1390371663695,393.0973640879704,0,0,9.389172121610137,0.7252749896297948
2024-11-06 23:00:00+05:30,389.12133868504776,29.4,63.23333333333333,23,2,0,0,395.215890586456,387.87054832762095,0,0,10.314981635691288,0.7718909870937027
2024-11-06 23:15:00+05:30,382.4196353676024,29.2,63.36666666666667,23,2,0,0,389.12133868504776,383.092939165998,0,0,10.314981635691288,0.7718909870937027
2024-11-06 23:30:00+05:30,378.05673229463576,29.066666666666663,63.16666666666666,23,2,0,0,382.4196353676024,378.0028385136477,0,0,10.314981635691288,0.7718909870937027
2024-11-06 23:45:00+05:30,372.9895472601633,28.96666666666667,62.13333333333333,23,2,0,0,378.05673229463576,375.3063363571332,0,0,10.314981635691288,0.7718909870937027
2024-11-07 00:00:00+05:30,365.3009483896519,28.933333333333337,61.53333333333334,0,3,0,0,372.9895472601633,370.0992320654643,1,0,9.756466781294622,0.4083705832126432
2024-11-07 00:15:00+05:30,359.67363345784577,28.8,61.23333333333333,0,3,0,0,365.3009483896519,363.35532089800233,1,0,9.756466781294622,0.4083705832126432
2024-11-07 00:30:00+05:30,356.017904725034,28.7,59.93333333333334,0,3,0,0,359.67363345784577,360.0499852877029,1,0,9.756466781294622,0.4083705832126432
2024-11-07 00:45:00+05:30,350.5736686313201,28.566666666666663,60.96666666666667,0,3,0,0,356.017904725034,353.66087810629614,1,0,9.756466781294622,0.4083705832126432
2024-11-07 01:00:00+05:30,345.34303362215223,28.399999999999995,60.76666666666667,1,3,0,0,350.5736686313201,347.39928034811885,1,0,9.50356259826016,0.3796055999684963
2024-11-07 01:15:00+05:30,340.24854197404466,28.3,61.0,1,3,0,0,345.34303362215223,341.4801325168355,1,0,9.50356259826016,0.3796055999684963
2024-11-07 01:30:00+05:30,336.70897314870626,28.23333333333333,60.96666666666667,1,3,0,0,340.24854197404466,338.37334727736646,1,0,9.50356259826016,0.3796055999684963
2024-11-07 01:45:00+05:30,329.90809837196593,28.066666666666663,64.16666666666667,1,3,0,0,336.70897314870626,335.0723611531591,1,0,9.50356259826016,0.3796055999684963
2024-11-07 02:00:00+05:30,325.78144687552526,27.9,64.03333333333333,2,3,0,0,329.90809837196593,330.82221081745,1,0,8.23631883424493,0.2998108031656782
2024-11-07 02:15:00+05:30,319.88763356349415,27.766666666666666,63.76666666666667,2,3,0,0,325.78144687552526,326.012772761324,1,0,8.23631883424493,0.2998108031656782
2024-11-07 02:30:00+05:30,316.538734201741,27.73333333333333,63.866666666666674,2,3,0,0,319.88763356349415,322.440734443014,1,0,8.23631883424493,0.2998108031656782
2024-11-07 02:45:00+05:30,314.17921064258286,27.53333333333333,65.86666666666667,2,3,0,0,316.538734201741,318.55597466254085,1,0,8.23631883424493,0.2998108031656782
2024-11-07 03:00:00+05:30,311.38881060016854,27.33333333333333,66.3,3,3,0,0,314.17921064258286,317.83361669743925,1,0,7.551501782474325,0.24470606996643862
2024-11-07 03:15:00+05:30,306.9205334938181,27.3,64.89999999999999,3,3,0,0,311.38881060016854,313.59432776101977,1,0,7.551501782474325,0.24470606996643862
2024-11-07 03:30:00+05:30,305.36943360109467,27.3,65.7,3,3,0,0,306.9205334938181,310.89368803622165,1,0,7.551501782474325,0.24470606996643862
2024-11-07 03:45:00+05:30,304.3826101732464,27.166666666666668,65.60000000000001,3,3,0,0,305.36943360109467,308.0878355077148,1,0,7.551501782474325,0.24470606996643862
2024-11-07 04:00:00+05:30,303.31318846766135,27.066666666666663,66.0,4,3,0,0,304.3826101732464,305.08662566361164,1,0,7.112099520012946,0.2372287031739942
2024-11-07 04:15:00+05:30,301.9118422776627,27.03333333333333,67.3,4,3,0,0,303.31318846766135,303.2458011984552,1,0,7.112099520012946,0.2372287031739942
2024-11-07 04:30:00+05:30,301.48398064940346,26.933333333333337,67.3,4,3,0,0,301.9118422776627,302.9638056893954,1,0,7.112099520012946,0.2372287031739942
2024-11-07 04:45:00+05:30,300.3484380885869,26.9,65.23333333333333,4,3,0,0,301.48398064940346,305.62223090403256,1,0,7.112099520012946,0.2372287031739942
2024-11-07 05:00:00+05:30,300.8159183706557,26.9,63.8,5,3,0,0,300.3484380885869,305.6702331512464,1,0,6.605295151202406,0.2323984144677756
2024-11-07 05:15:00+05:30,298.54743233597725,26.83333333333333,63.56666666666666,5,3,0,0,300.8159183706557,306.9466349896833,1,0,6.605295151202406,0.2323984144677756
2024-11-07 05:30:00+05:30,301.00802459118665,26.7,64.0,5,3,0,0,298.54743233597725,310.403033911372,1,0,6.605295151202406,0.2323984144677756
2024-11-07 05:45:00+05:30,304.6765608401452,26.633333333333336,65.26666666666667,5,3,0,0,301.00802459118665,313.5795427224025,1,0,6.605295151202406,0.2323984144677756
2024-11-07 06:00:00+05:30,311.9189184167242,26.6,64.33333333333333,6,3,0,0,304.6765608401452,318.50906386723904,1,0,6.027219036512884,0.2863575503064314
2024-11-07 06:15:00+05:30,318.1092456124265,26.5,65.46666666666665,6,3,0,0,311.9189184167242,323.40059384168865,1,0,6.027219036512884,0.2863575503064314
2024-11-07 06:30:00+05:30,323.9992794165739,26.5,65.89999999999999,6,3,0,0,318.1092456124265,331.0723818574993,1,0,6.027219036512884,0.2863575503064314
2024-11-07 06:45:00+05:30,333.8946421110201,26.433333333333337,66.5,6,3,0,0,323.9992794165739,338.2767479878891,1,0,6.027219036512884,0.2863575503064314
2024-11-07 07:00:00+05:30,348.2368483631012,26.366666666666664,66.39999999999999,7,3,0,0,333.8946421110201,354.02494916524233,1,0,6.758414086165474,0.24374033081055602
2024-11-07 07:15:00+05:30,360.4180633969757,26.53333333333333,66.06666666666666,7,3,0,0,348.2368483631012,369.8927690732705,1,0,6.758414086165474,0.24374033081055602
2024-11-07 07:30:00+05:30,374.59749400014806,26.73333333333333,64.89999999999999,7,3,0,0,360.4180633969757,383.0533745996369,1,0,6.758414086165474,0.24374033081055602
2024-11-07 07:45:00+05:30,389.8432760046607,26.96666666666667,64.60000000000001,7,3,0,0,374.59749400014806,400.6868277055253,1,0,6.758414086165474,0.24374033081055602
2024-11-07 08:00:00+05:30,411.4962066343195,27.3,63.9,8,3,0,0,389.8432760046607,421.7929161069185,1,0,9.486530085242043,0.3588619782345006
2024-11-07 08:15:00+05:30,439.4992628163586,28.23333333333333,62.23333333333333,8,3,0,0,411.4962066343195,441.2234501919893,1,0,9.486530085242043,0.3588619782345006
2024-11-07 08:30:00+05:30,450.9786073515419,28.9,61.63333333333333,8,3,0,0,439.4992628163586,457.5647641769755,1,0,9.486530085242043,0.3588619782345006
2024-11-07 08:45:00+05:30,464.0120551755833,29.33333333333333,60.0,8,3,0,0,450.9786073515419,475.037843219128,1,0,9.486530085242043,0.3588619782345006
2024-11-07 09:00:00+05:30,477.3830064527392,29.633333333333336,57.66666666666666,9,3,0,1,464.0120551755833,489.50064900787737,1,0,17.800822714433455,1.420472204477532
2024-11-07 09:15:00+05:30,490.97218228025713,30.366666666666664,55.56666666666666,9,3,0,1,477.3830064527392,503.3111822098973,1,0,17.800822714433455,1.420472204477532
2024-11-07 09:30:00+05:30,501.5148526615176,31.2,52.26666666666667,9,3,0,1,490.97218228025713,513.5489279375854,1,0,17.800822714433455,1.420472204477532
2024-11-07 09:45:00+05:30,511.03601727962086,31.76666666666667,50.76666666666667,9,3,0,1,501.5148526615176,522.9356287785778,1,0,17.800822714433455,1.420472204477532
2024-11-07 10:00:00+05:30,517.5054536084773,32.4,46.86666666666667,10,3,0,1,511.03601727962086,532.0841809625758,1,0,20.816980042930837,1.6818345769576644
2024-11-07 10:15:00+05:30,523.8719079780785,33.0,45.56666666666666,10,3,0,1,517.5054536084773,537.0166144488281,1,0,20.816980042930837,1.6818345769576644
2024-11-07 10:30:00+05:30,550.5073383692094,33.6,42.8,10,3,0,1,523.8719079780785,542.1474092710733,1,0,20.816980042930837,1.6818345769576644
2024-11-07 10:45:00+05:30,531.4437415667262,33.96666666666667,40.7,10,3,0,1,550.5073383692094,541.8237159940533,1,0,20.816980042930837,1.6818345769576644
2024-11-07 11:00:00+05:30,533.1792119305067,34.43333333333333,40.03333333333333,11,3,0,1,531.4437415667262,547.1420371382883,1,0,24.342180026798324,1.9764271709363472
2024-11-07 11:15:00+05:30,533.6497123267555,35.03333333333334,39.13333333333333,11,3,0,1,533.1792119305067,546.3102021513408,1,0,24.342180026798324,1.9764271709363472
2024-11-07 11:30:00+05:30,532.7652212589784,35.300000000000004,37.13333333333333,11,3,0,1,533.6497123267555,546.8268096925423,1,0,24.342180026798324,1.9764271709363472
2024-11-07 11:45:00+05:30,531.1772333333096,35.333333333333336,35.7,11,3,0,1,532.7652212589784,545.5274776869932,1,0,24.342180026798324,1.9764271709363472
2024-11-07 12:00:00+05:30,530.5431509074192,35.666666666666664,34.733333333333334,12,3,0,1,531.1772333333096,546.5974250012016,1,0,23.369425695257103,1.9567773790903051
2024-11-07 12:15:00+05:30,529.0308361406437,35.833333333333336,34.73333333333333,12,3,0,1,530.5431509074192,544.6203187582068,1,0,23.369425695257103,1.9567773790903051
2024-11-07 12:30:00+05:30,530.2979139641797,35.900000000000006,34.26666666666667,12,3,0,1,529.0308361406437,543.1699698480849,1,0,23.369425695257103,1.9567773790903051
2024-11-07 12:45:00+05:30,530.1911691339061,36.13333333333333,34.0,12,3,0,1,530.2979139641797,540.8836317004999,1,0,23.369425695257103,1.9567773790903051
2024-11-07 13:00:00+05:30,526.8732552238946,36.333333333333336,33.93333333333333,13,3,0,1,530.1911691339061,537.2445448976241,1,0,22.69789220478014,1.9834665474829603
2024-11-07 13:15:00+05:30,524.9558465559842,36.43333333333333,32.800000000000004,13,3,0,1,526.8732552238946,533.6850155939655,1,0,22.69789220478014,1.9834665474829603
2024-11-07 13:30:00+05:30,524.1011798634636,36.56666666666667,32.63333333333333,13,3,0,1,524.9558465559842,533.8070567207334,1,0,22.69789220478014,1.9834665474829603
2024-11-07 13:45:00+05:30,521.8030064439072,36.53333333333333,34.7,13,3,0,1,524.1011798634636,535.708969837381,1,0,22.69789220478014,1.9834665474829603
2024-11-07 14:00:00+05:30,526.3073187853394,36.03333333333333,35.6,14,3,0,1,521.8030064439072,540.5161532295996,1,0,21.998232570070904,2.047842649010666
2024-11-07 14:15:00+05:30,530.3020063624394,36.06666666666667,34.800000000000004,14,3,0,1,526.3073187853394,543.4152464326088,1,0,21.998232570070904,2.047842649010666
2024-11-07 14:30:00+05:30,530.7187130524903,36.06666666666666,34.46666666666667,14,3,0,1,530.3020063624394,547.7446677021587,1,0,21.998232570070904,2.047842649010666
2024-11-07 14:45:00+05:30,533.3143617037147,36.03333333333333,35.06666666666667,14,3,0,1,530.7187130524903,548.1713341645785,1,0,21.998232570070904,2.047842649010666
2024-11-07 15:00:00+05:30,533.0545475365456,36.0,35.2,15,3,0,1,533.3143617037147,548.9702788992598,1,0,21.490187747712472,1.971534403915298
2024-11-07 15:15:00+05:30,533.4870895507576,36.23333333333333,36.06666666666667,15,3,0,1,533.0545475365456,550.0132569564589,1,0,21.490187747712472,1.971534403915298
2024-11-07 15:30:00+05:30,534.0111305022515,36.03333333333334,35.3,15,3,0,1,533.4870895507576,549.6633456825732,1,0,21.490187747712472,1.971534403915298
2024-11-07 15:45:00+05:30,531.0343323990933,36.03333333333333,34.63333333333333,15,3,0,1,534.0111305022515,548.3728414809314,1,0,21.490187747712472,1.971534403915298
2024-11-07 16:00:00+05:30,530.5100521803461,36.03333333333333,36.23333333333333,16,3,0,1,531.0343323990933,548.6991239516864,1,0,19.63293588355602,1.689291487141698
2024-11-07 16:15:00+05:30,524.2388645078343,35.800000000000004,36.73333333333333,16,3,0,1,530.5100521803461,543.7801989379134,1,0,19.63293588355602,1.689291487141698
2024-11-07 16:30:00+05:30,521.7431745430441,34.833333333333336,39.46666666666667,16,3,0,1,524.2388645078343,540.8907085577628,1,0,19.63293588355602,1.689291487141698
2024-11-07 16:45:00+05:30,517.3284136483497,34.333333333333336,39.86666666666667,16,3,0,1,521.7431745430441,538.111505496183,1,0,19.63293588355602,1.689291487141698
2024-11-07 17:00:00+05:30,515.2029063586657,33.7,42.23333333333333,17,3,0,1,517.3284136483497,531.1212717413833,1,0,18.258759745332224,1.507502636314337
2024-11-07 17:15:00+05:30,509.5172947663507,33.13333333333333,44.86666666666667,17,3,0,1,515.2029063586657,526.7565984267184,1,0,18.258759745332224,1.507502636314337
2024-11-07 17:30:00+05:30,503.54987600789207,32.73333333333333,45.86666666666667,17,3,0,1,509.5172947663507,519.3182960724107,1,0,18.258759745332224,1.507502636314337
2024-11-07 17:45:00+05:30,497.928290294622,32.36666666666667,47.9,17,3,0,1,503.54987600789207,514.3618738211152,1,0,18.258759745332224,1.507502636314337
2024-11-07 18:00:00+05:30,499.2459400816995,32.03333333333333,49.5,18,3,0,0,497.928290294622,512.2874011639204,1,0,12.633470278009714,0.6711767286384701
2024-11-07 18:15:00+05:30,492.0088048796317,31.566666666666663,51.73333333333334,18,3,0,0,499.2459400816995,506.5733539803642,1,0,12.633470278009714,0.6711767286384701
2024-11-07 18:30:00+05:30,485.1330862509337,31.3,53.76666666666667,18,3,0,0,492.0088048796317,502.2249320544668,1,0,12.633470278009714,0.6711767286384701
2024-11-07 18:45:00+05:30,480.0081725551682,31.066666666666663,56.4,18,3,0,0,485.1330862509337,494.9929148976059,1,0,12.633470278009714,0.6711767286384701
2024-11-07 19:00:00+05:30,470.8348211517555,30.83333333333333,57.66666666666666,19,3,0,0,480.0081725551682,485.3755958896364,1,0,14.341658395462096,0.718074934528488
2024-11-07 19:15:00+05:30,463.8983038339338,30.6,59.93333333333334,19,3,0,0,470.8348211517555,477.3508209386721,1,0,14.341658395462096,0.718074934528488
2024-11-07 19:30:00+05:30,456.5727441399263,30.5,59.73333333333334,19,3,0,0,463.8983038339338,466.2617090796338,1,0,14.341658395462096,0.718074934528488
2024-11-07 19:45:00+05:30,448.35500060590016,30.4,58.8,19,3,0,0,456.5727441399263,458.8073666260172,1,0,14.341658395462096,0.718074934528488
2024-11-07 20:00:00+05:30,441.4251623698586,30.433333333333337,58.56666666666666,20,3,0,0,448.35500060590016,451.317690941457,1,0,13.562046690093604,0.7198750242448775
2024-11-07 20:15:00+05:30,434.8800959791647,30.3,58.3,20,3,0,0,441.4251623698586,445.0733141475458,1,0,13.562046690093604,0.7198750242448775
2024-11-07 20:30:00+05:30,429.161689200662,30.133333333333336,58.20000000000001,20,3,0,0,434.8800959791647,441.0119892147461,1,0,13.562046690093604,0.7198750242448775
2024-11-07 20:45:00+05:30,427.63650841687513,29.933333333333337,58.73333333333333,20,3,0,0,429.161689200662,433.74580527638096,1,0,13.562046690093604,0.7198750242448775
2024-11-07 21:00:00+05:30,420.1508407250941,29.83333333333333,59.7,21,3,0,0,427.63650841687513,428.6546857360144,1,0,11.720885141083006,0.639088210351847
2024-11-07 21:15:00+05:30,414.1195540710605,29.7,61.13333333333333,21,3,0,0,420.1508407250941,423.9314691527787,1,0,11.720885141083006,0.639088210351847
2024-11-07 21:30:00+05:30,409.4762141212293,29.6,62.366666666666674,21,3,0,0,414.1195540710605,419.852708944426,1,0,11.720885141083006,0.639088210351847
2024-11-07 21:45:00+05:30,405.0168998991164,29.36666666666667,63.16666666666666,21,3,0,0,409.4762141212293,412.0448609841949,1,0,11.720885141083006,0.639088210351847
2024-11-07 22:00:00+05:30,400.0786015673495,29.03333333333333,64.10000000000001,22,3,0,0,405.0168998991164,407.62533733828167,1,0,11.813895816622653,0.6322949595634465
2024-11-07 22:15:00+05:30,396.6412705951159,28.933333333333337,64.56666666666666,22,3,0,0,400.0786015673495,402.3385428016253,1,0,11.813895816622653,0.6322949595634465
2024-11-07 22:30:00+05:30,393.2479573721559,28.866666666666664,65.16666666666667,22,3,0,0,396.6412705951159,397.1390371663695,1,0,11.813895816622653,0.6322949595634465
2024-11-07 22:45:00+05:30,389.6739189967059,28.7,66.39999999999999,22,3,0,0,393.2479573721559,395.215890586456,1,0,11.813895816622653,0.6322949595634465
2024-11-07 23:00:00+05:30,385.3966370656663,28.666666666666668,66.93333333333334,23,3,0,0,389.6739189967059,389.12133868504776,1,0,12.112750438053022,0.6488927391372165
2024-11-07 23:15:00+05:30,380.41607893680913,28.433333333333337,67.43333333333334,23,3,0,0,385.3966370656663,382.4196353676024,1,0,12.112750438053022,0.6488927391372165
2024-11-07 23:30:00+05:30,375.8798661980635,28.33333333333333,68.60000000000001,23,3,0,0,380.41607893680913,378.05673229463576,1,0,12.112750438053022,0.6488927391372165
2024-11-07 23:45:00+05:30,371.7619639999289,28.2,69.39999999999999,23,3,0,0,375.8798661980635,372.9895472601633,1,0,12.112750438053022,0.6488927391372165
2024-11-08 00:00:00+05:30,366.1996481113685,28.1,69.46666666666667,0,4,0,0,371.7619639999289,365.3009483896519,0,0,10.821030164864855,0.09594533623790569
2024-11-08 00:15:00+05:30,361.3790810555431,28.1,69.46666666666667,0,4,0,0,366.1996481113685,359.67363345784577,0,0,10.821030164864855,0.09594533623790569
2024-11-08 00:30:00+05:30,358.3583822996493,28.066666666666663,69.3,0,4,0,0,361.3790810555431,356.017904725034,0,0,10.821030164864855,0.09594533623790569
2024-11-08 00:45:00+05:30,350.6425675532752,28.066666666666663,69.3,0,4,0,0,358.3583822996493,350.5736686313201,0,0,10.821030164864855,0.09594533623790569
2024-11-08 01:00:00+05:30,344.1113999250528,28.066666666666663,68.3,1,4,0,0,350.6425675532752,345.34303362215223,0,0,9.728100754378737,-0.03336421712728943
2024-11-08 01:15:00+05:30,338.75034354070965,28.066666666666663,68.3,1,4,0,0,344.1113999250528,340.24854197404466,0,0,9.728100754378737,-0.03336421712728943
2024-11-08 01:30:00+05:30,336.9127264037969,27.866666666666664,68.26666666666667,1,4,0,0,338.75034354070965,336.70897314870626,0,0,9.728100754378737,-0.03336421712728943
2024-11-08 01:45:00+05:30,332.52461911753784,27.866666666666664,68.26666666666667,1,4,0,0,336.9127264037969,329.90809837196593,0,0,9.728100754378737,-0.03336421712728943
2024-11-08 02:00:00+05:30,329.024829701259,27.766666666666666,67.63333333333333,2,4,0,0,332.52461911753784,325.78144687552526,0,0,8.484637707535343,-0.001367850315744823
2024-11-08 02:15:00+05:30,323.8817942923654,27.766666666666666,67.63333333333333,2,4,0,0,329.024829701259,319.88763356349415,0,0,8.484637707535343,-0.001367850315744823
2024-11-08 02:30:00+05:30,319.71840853760153,27.63333333333333,68.23333333333333,2,4,0,0,323.8817942923654,316.538734201741,0,0,8.484637707535343,-0.001367850315744823
2024-11-08 02:45:00+05:30,317.1071906827931,27.63333333333333,68.23333333333333,2,4,0,0,319.71840853760153,314.17921064258286,0,0,8.484637707535343,-0.001367850315744823
2024-11-08 03:00:00+05:30,315.3025859974462,27.433333333333337,69.83333333333333,3,4,0,0,317.1071906827931,311.38881060016854,0,0,7.607119538689619,-0.06004878179214801
2024-11-08 03:15:00+05:30,312.7248485106598,27.433333333333337,69.83333333333333,3,4,0,0,315.3025859974462,306.9205334938181,0,0,7.607119538689619,-0.06004878179214801
2024-11-08 03:30:00+05:30,310.81551368437994,27.33333333333333,70.73333333333333,3,4,0,0,312.7248485106598,305.36943360109467,0,0,7.607119538689619,-0.06004878179214801
2024-11-08 03:45:00+05:30,307.4094303797992,27.33333333333333,70.73333333333333,3,4,0,0,310.81551368437994,304.3826101732464,0,0,7.607119538689619,-0.06004878179214801
2024-11-08 04:00:00+05:30,305.35994378628027,27.266666666666666,71.0,4,4,0,0,307.4094303797992,303.31318846766135,0,0,6.594267060678064,0.008427398213465498
2024-11-08 04:15:00+05:30,305.5460167707739,27.266666666666666,71.0,4,4,0,0,305.35994378628027,301.9118422776627,0,0,6.594267060678064,0.008427398213465498
2024-11-08 04:30:00+05:30,305.2528839797581,27.3,71.53333333333333,4,4,0,0,305.5460167707739,301.48398064940346,0,0,6.594267060678064,0.008427398213465498
2024-11-08 04:45:00+05:30,305.8921487573505,27.3,71.53333333333333,4,4,0,0,305.2528839797581,300.3484380885869,0,0,6.594267060678064,0.008427398213465498
2024-11-08 05:00:00+05:30,307.467215606188,27.166666666666668,72.8,5,4,0,0,305.8921487573505,300.8159183706557,0,0,5.279257902398529,0.10435750043793113
2024-11-08 05:15:00+05:30,306.8302441536754,27.166666666666668,72.8,5,4,0,0,307.467215606188,298.54743233597725,0,0,5.279257902398529,0.10435750043793113
2024-11-08 05:30:00+05:30,309.2856490318413,27.0,74.03333333333335,5,4,0,0,306.8302441536754,301.00802459118665,0,0,5.279257902398529,0.10435750043793113
2024-11-08 05:45:00+05:30,312.3845775053648,27.0,74.03333333333335,5,4,0,0,309.2856490318413,304.6765608401452,0,0,5.279257902398529,0.10435750043793113
2024-11-08 06:00:00+05:30,316.2586059403784,26.933333333333337,74.39999999999999,6,4,0,0,312.3845775053648,311.9189184167242,0,0,4.311530887041023,0.35531410580184186
2024-11-08 06:15:00+05:30,321.7793159219642,26.933333333333337,74.39999999999999,6,4,0,0,316.2586059403784,318.1092456124265,0,0,4.311530887041023,0.35531410580184186
2024-11-08 06:30:00+05:30,330.6309726331687,26.83333333333333,74.2,6,4,0,0,321.7793159219642,323.9992794165739,0,0,4.311530887041023,0.35531410580184186
2024-11-08 06:45:00+05:30,337.47062877823,26.83333333333333,74.2,6,4,0,0,330.6309726331687,333.8946421110201,0,0,4.311530887041023,0.35531410580184186
2024-11-08 07:00:00+05:30,350.1466159669716,26.766666666666666,73.5,7,4,0,0,337.47062877823,348.2368483631012,0,0,5.499185953045883,0.4537110737780554
2024-11-08 07:15:00+05:30,363.75510982551344,26.766666666666666,73.5,7,4,0,0,350.1466159669716,360.4180633969757,0,0,5.499185953045883,0.4537110737780554
2024-11-08 07:30:00+05:30,378.871485070857,26.8,72.86666666666666,7,4,0,0,363.75510982551344,374.59749400014806,0,0,5.499185953045883,0.4537110737780554
2024-11-08 07:45:00+05:30,392.33269741927415,26.8,72.86666666666666,7,4,0,0,378.871485070857,389.8432760046607,0,0,5.499185953045883,0.4537110737780554
2024-11-08 08:00:00+05:30,413.86758239096247,26.766666666666666,73.06666666666666,8,4,0,0,392.33269741927415,411.4962066343195,0,0,8.459706391374313,0.5709639278196643
2024-11-08 08:15:00+05:30,433.36044455790415,26.766666666666666,73.06666666666666,8,4,0,0,413.86758239096247,439.4992628163586,0,0,8.459706391374313,0.5709639278196643
2024-11-08 08:30:00+05:30,449.9585460331047,26.6,73.39999999999999,8,4,0,0,433.36044455790415,450.9786073515419,0,0,8.459706391374313,0.5709639278196643
2024-11-08 08:45:00+05:30,463.0992169541655,26.6,73.39999999999999,8,4,0,0,449.9585460331047,464.0120551755833,0,0,8.459706391374313,0.5709639278196643
2024-11-08 09:00:00+05:30,478.6136838896448,26.46666666666667,73.66666666666667,9,4,0,1,463.0992169541655,477.3830064527392,0,0,7.468916508257824,1.776913993434797
2024-11-08 09:15:00+05:30,491.7007888908992,26.46666666666667,73.66666666666667,9,4,0,1,478.6136838896448,490.97218228025713,0,0,7.468916508257824,1.776913993434797
2024-11-08 09:30:00+05:30,500.6331245173071,26.366666666666664,74.16666666666667,9,4,0,1,491.7007888908992,501.5148526615176,0,0,7.468916508257824,1.776913993434797
2024-11-08 09:45:00+05:30,510.1471173492301,26.366666666666664,74.16666666666667,9,4,0,1,500.6331245173071,511.03601727962086,0,0,7.468916508257824,1.776913993434797
2024-11-08 10:00:00+05:30,516.835538639733,26.33333333333333,73.76666666666667,10,4,0,1,510.1471173492301,517.5054536084773,0,0,7.176660943313998,1.959443809088301
2024-11-08 10:15:00+05:30,523.3778031266495,26.33333333333333,73.76666666666667,10,4,0,1,516.835538639733,523.8719079780785,0,0,7.176660943313998,1.959443809088301
2024-11-08 10:30:00+05:30,529.6561511807098,26.23333333333333,73.63333333333333,10,4,0,1,523.3778031266495,550.5073383692094,0,0,7.176660943313998,1.959443809088301
2024-11-08 10:45:00+05:30,532.3901897231439,26.23333333333333,73.63333333333333,10,4,0,1,529.6561511807098,531.4437415667262,0,0,7.176660943313998,1.959443809088301
2024-11-08 11:00:00+05:30,534.5583675047515,26.2,72.76666666666667,11,4,0,1,532.3901897231439,533.1792119305067,0,0,7.922475529678865,1.905498851423404
2024-11-08 11:15:00+05:30,536.2460422076703,26.2,72.76666666666667,11,4,0,1,534.5583675047515,533.6497123267555,0,0,7.922475529678865,1.905498851423404
2024-11-08 11:30:00+05:30,537.1361241042115,26.166666666666668,72.63333333333334,11,4,0,1,536.2460422076703,532.7652212589784,0,0,7.922475529678865,1.905498851423404
2024-11-08 11:45:00+05:30,533.7985862917087,26.166666666666668,72.63333333333334,11,4,0,1,537.1361241042115,531.1772333333096,0,0,7.922475529678865,1.905498851423404
2024-11-08 12:00:00+05:30,534.147231744854,26.066666666666663,72.96666666666667,12,4,0,1,533.7985862917087,530.5431509074192,0,0,8.194346391416534,1.8296017411002858
2024-11-08 12:15:00+05:30,533.8796832968305,26.066666666666663,72.96666666666667,12,4,0,1,534.147231744854,529.0308361406437,0,0,8.194346391416534,1.8296017411002858
2024-11-08 12:30:00+05:30,534.2283159871683,26.1,74.4,12,4,0,1,533.8796832968305,530.2979139641797,0,0,8.194346391416534,1.8296017411002858
2024-11-08 12:45:00+05:30,534.3073282595178,26.1,74.4,12,4,0,1,534.2283159871683,530.1911691339061,0,0,8.194346391416534,1.8296017411002858
2024-11-08 13:00:00+05:30,529.928721258962,26.100000000000005,74.56666666666666,13,4,0,1,534.3073282595178,526.8732552238946,0,0,7.466115020642604,1.781152913482967
2024-11-08 13:15:00+05:30,527.376694481435,26.100000000000005,74.56666666666666,13,4,0,1,529.928721258962,524.9558465559842,0,0,7.466115020642604,1.781152913482967
2024-11-08 13:30:00+05:30,526.3139739440034,26.03333333333333,75.0,13,4,0,1,527.376694481435,524.1011798634636,0,0,7.466115020642604,1.781152913482967
2024-11-08 13:45:00+05:30,529.2979282901545,26.03333333333333,75.0,13,4,0,1,526.3139739440034,521.8030064439072,0,0,7.466115020642604,1.781152913482967
2024-11-08 14:00:00+05:30,531.6528845229791,26.0,74.13333333333334,14,4,0,1,529.2979282901545,526.3073187853394,0,0,7.453520252664822,1.8810727851227305
2024-11-08 14:15:00+05:30,534.1445604330611,26.0,74.13333333333334,14,4,0,1,531.6528845229791,530.3020063624394,0,0,7.453520252664822,1.8810727851227305
2024-11-08 14:30:00+05:30,536.2149149979468,26.133333333333336,72.5,14,4,0,1,534.1445604330611,530.7187130524903,0,0,7.453520252664822,1.8810727851227305
2024-11-08 14:45:00+05:30,536.8809785142075,26.133333333333336,72.5,14,4,0,1,536.2149149979468,533.3143617037147,0,0,7.453520252664822,1.8810727851227305
2024-11-08 15:00:00+05:30,536.7000338388968,26.266666666666666,70.33333333333333,15,4,0,1,536.8809785142075,533.0545475365456,0,0,7.614608640955644,1.8795749299968296
2024-11-08 15:15:00+05:30,538.0818239462017,26.266666666666666,70.33333333333333,15,4,0,1,536.7000338388968,533.4870895507576,0,0,7.614608640955644,1.8795749299968296
2024-11-08 15:30:00+05:30,536.1300438443675,26.46666666666667,71.66666666666667,15,4,0,1,538.0818239462017,534.0111305022515,0,0,7.614608640955644,1.8795749299968296
2024-11-08 15:45:00+05:30,536.1840405877863,26.46666666666667,71.66666666666667,15,4,0,1,536.1300438443675,531.0343323990933,0,0,7.614608640955644,1.8795749299968296
2024-11-08 16:00:00+05:30,536.1110984443452,26.766666666666666,70.8,16,4,0,1,536.1840405877863,530.5100521803461,0,0,8.928003783814992,1.63470214174834
2024-11-08 16:15:00+05:30,532.1239294919882,26.766666666666666,70.8,16,4,0,1,536.1110984443452,524.2388645078343,0,0,8.928003783814992,1.63470214174834
2024-11-08 16:30:00+05:30,528.1897293375816,27.53333333333333,69.23333333333333,16,4,0,1,532.1239294919882,521.7431745430441,0,0,8.928003783814992,1.63470214174834
2024-11-08 16:45:00+05:30,523.8717331553648,27.53333333333333,69.23333333333333,16,4,0,1,528.1897293375816,517.3284136483497,0,0,8.928003783814992,1.63470214174834
2024-11-08 17:00:00+05:30,521.3412999282846,28.200000000000003,66.96666666666667,17,4,0,1,523.8717331553648,515.2029063586657,0,0,9.832269406100862,1.3066312424333932
2024-11-08 17:15:00+05:30,516.1897550005518,28.200000000000003,66.96666666666667,17,4,0,1,521.3412999282846,509.5172947663507,0,0,9.832269406100862,1.3066312424333932
2024-11-08 17:30:00+05:30,509.7273763878394,28.933333333333337,63.73333333333333,17,4,0,1,516.1897550005518,503.54987600789207,0,0,9.832269406100862,1.3066312424333932
2024-11-08 17:45:00+05:30,504.8160512526748,28.933333333333337,63.73333333333333,17,4,0,1,509.7273763878394,497.928290294622,0,0,9.832269406100862,1.3066312424333932
2024-11-08 18:00:00+05:30,506.1067999865992,29.600000000000005,61.1,18,4,0,0,504.8160512526748,499.2459400816995,0,0,10.294210660754121,0.797082883851726
2024-11-08 18:15:00+05:30,499.5771363007974,29.600000000000005,61.1,18,4,0,0,506.1067999865992,492.0088048796317,0,0,10.294210660754121,0.797082883851726
2024-11-08 18:30:00+05:30,493.0720678530904,30.133333333333336,57.7,18,4,0,0,499.5771363007974,485.1330862509337,0,0,10.294210660754121,0.797082883851726
2024-11-08 18:45:00+05:30,486.85014219951165,30.133333333333336,57.7,18,4,0,0,493.0720678530904,480.0081725551682,0,0,10.294210660754121,0.797082883851726
2024-11-08 19:00:00+05:30,476.6902861088211,30.766666666666666,55.73333333333333,19,4,0,0,486.85014219951165,470.8348211517555,0,0,10.813310868605901,0.8196688281600798
2024-11-08 19:15:00+05:30,467.60935809791454,30.766666666666666,55.73333333333333,19,4,0,0,476.6902861088211,463.8983038339338,0,0,10.813310868605901,0.8196688281600798
2024-11-08 19:30:00+05:30,459.1758319474946,31.3,53.6,19,4,0,0,467.60935809791454,456.5727441399263,0,0,10.813310868605901,0.8196688281600798
2024-11-08 19:45:00+05:30,450.55044442032494,31.3,53.6,19,4,0,0,459.1758319474946,448.35500060590016,0,0,10.813310868605901,0.8196688281600798
2024-11-08 20:00:00+05:30,442.5365584991963,31.766666666666666,50.93333333333334,20,4,0,0,450.55044442032494,441.4251623698586,0,0,10.193366449690611,0.84334742214611
2024-11-08 20:15:00+05:30,435.82477663510457,31.766666666666666,50.93333333333334,20,4,0,0,442.5365584991963,434.8800959791647,0,0,10.193366449690611,0.84334742214611
2024-11-08 20:30:00+05:30,429.6524314405186,32.43333333333334,48.66666666666666,20,4,0,0,435.82477663510457,429.161689200662,0,0,10.193366449690611,0.84334742214611
2024-11-08 20:45:00+05:30,425.0144267658616,32.43333333333334,48.66666666666666,20,4,0,0,429.6524314405186,427.63650841687513,0,0,10.193366449690611,0.84334742214611
2024-11-08 21:00:00+05:30,417.3351327445519,32.86666666666667,59.06666666666666,21,4,0,0,425.0144267658616,420.1508407250941,0,0,8.774792195189448,0.7521888831997796
2024-11-08 21:15:00+05:30,412.55939541328894,32.86666666666667,64.26666666666667,21,4,0,0,417.3351327445519,414.1195540710605,0,0,8.774792195189448,0.7521888831997796
2024-11-08 21:30:00+05:30,409.8056229112259,30.48333333333333,66.86666666666667,21,4,0,0,412.55939541328894,409.4762141212293,0,0,8.774792195189448,0.7521888831997796
2024-11-08 21:45:00+05:30,405.001373124788,29.291666666666664,68.16666666666667,21,4,0,0,409.8056229112259,405.0168998991164,0,0,8.774792195189448,0.7521888831997796
2024-11-08 22:00:00+05:30,400.0363439872084,28.695833333333333,68.81666666666666,22,4,0,0,405.001373124788,400.0786015673495,0,0,9.389172121610137,0.7252749896297948
2024-11-08 22:15:00+05:30,393.94363393669886,28.397916666666667,69.14166666666667,22,4,0,0,400.0363439872084,396.6412705951159,0,0,9.389172121610137,0.7252749896297948
2024-11-08 22:30:00+05:30,392.53840034348417,28.24895833333333,69.30416666666667,22,4,0,0,393.94363393669886,393.2479573721559,0,0,9.389172121610137,0.7252749896297948
2024-11-08 22:45:00+05:30,387.7689930604106,28.174479166666664,69.38541666666667,22,4,0,0,392.53840034348417,389.6739189967059,0,0,9.389172121610137,0.7252749896297948
2024-11-08 23:00:00+05:30,382.02224721901615,28.137239583333333,69.42604166666666,23,4,0,0,387.7689930604106,385.3966370656663,0,0,10.314981635691288,0.7718909870937027
2024-11-08 23:15:00+05:30,378.2240256107515,28.118619791666667,69.44635416666667,23,4,0,0,382.02224721901615,380.41607893680913,0,0,10.314981635691288,0.7718909870937027
2024-11-08 23:30:00+05:30,372.908700861605,28.10930989583333,69.45651041666667,23,4,0,0,378.2240256107515,375.8798661980635,0,0,10.314981635691288,0.7718909870937027
2024-11-08 23:45:00+05:30,369.6983472925023,28.104654947916664,69.46158854166667,23,4,0,0,372.908700861605,371.7619639999289,0,0,10.314981635691288,0.7718909870937027
2024-11-09 00:00:00+05:30,365.0,28.03333333333333,71.26666666666667,0,5,1,0,369.6983472925023,366.1996481113685,0,0,10.896953436007536,0.1345953376447433
2024-11-09 00:15:00+05:30,362.0,27.83333333333333,71.7,0,5,1,0,365.0,361.3790810555431,0,0,10.896953436007536,0.1345953376447433
2024-11-09 00:30:00+05:30,357.0,27.7,72.0,0,5,1,0,362.0,358.3583822996493,0,0,10.896953436007536,0.1345953376447433
2024-11-09 00:45:00+05:30,350.0,27.700000000000003,70.76666666666667,0,5,1,0,357.0,350.6425675532752,0,0,10.896953436007536,0.1345953376447433
2024-11-09 01:00:00+05:30,343.0,27.666666666666668,70.8,1,5,1,0,350.0,344.1113999250528,0,0,10.285432132312645,0.009994036151057983
2024-11-09 01:15:00+05:30,338.0,27.46666666666667,71.96666666666667,1,5,1,0,343.0,338.75034354070965,0,0,10.285432132312645,0.009994036151057983
2024-11-09 01:30:00+05:30,335.0,27.3,72.56666666666668,1,5,1,0,338.0,336.9127264037969,0,0,10.285432132312645,0.009994036151057983
2024-11-09 01:45:00+05:30,330.0,27.23333333333333,72.56666666666666,1,5,1,0,335.0,332.52461911753784,0,0,10.285432132312645,0.009994036151057983
2024-11-09 02:00:00+05:30,326.0,27.2,73.16666666666667,2,5,1,0,330.0,329.024829701259,0,0,8.736502644041135,0.08088823844590087
2024-11-09 02:15:00+05:30,319.0,27.133333333333336,73.26666666666667,2,5,1,0,326.0,323.8817942923654,0,0,8.736502644041135,0.08088823844590087
2024-11-09 02:30:00+05:30,318.0,27.1,73.63333333333334,2,5,1,0,319.0,319.71840853760153,0,0,8.736502644041135,0.08088823844590087
2024-11-09 02:45:00+05:30,314.0,27.03333333333333,73.86666666666666,2,5,1,0,318.0,317.1071906827931,0,0,8.736502644041135,0.08088823844590087
2024-11-09 03:00:00+05:30,312.0,26.96666666666667,73.3,3,5,1,0,314.0,315.3025859974462,0,0,7.126510250531449,0.1378926843170436
2024-11-09 03:15:00+05:30,309.0,26.96666666666667,73.10000000000001,3,5,1,0,312.0,312.7248485106598,0,0,7.126510250531449,0.1378926843170436
2024-11-09 03:30:00+05:30,306.0,26.8,74.7,3,5,1,0,309.0,310.81551368437994,0,0,7.126510250531449,0.1378926843170436
2024-11-09 03:45:00+05:30,303.0,26.666666666666668,75.46666666666667,3,5,1,0,306.0,307.4094303797992,0,0,7.126510250531449,0.1378926843170436
2024-11-09 04:00:00+05:30,302.0,26.5,75.26666666666667,4,5,1,0,303.0,305.35994378628027,0,0,6.23322848066284,0.18455475868972093
2024-11-09 04:15:00+05:30,300.0,26.433333333333337,75.3,4,5,1,0,302.0,305.5460167707739,0,0,6.23322848066284,0.18455475868972093
2024-11-09 04:30:00+05:30,300.0,26.46666666666667,74.66666666666667,4,5,1,0,300.0,305.2528839797581,0,0,6.23322848066284,0.18455475868972093
2024-11-09 04:45:00+05:30,301.0,26.53333333333333,71.8,4,5,1,0,300.0,305.8921487573505,0,0,6.23322848066284,0.18455475868972093
2024-11-09 05:00:00+05:30,304.0,26.4,71.63333333333334,5,5,1,0,301.0,307.467215606188,0,0,5.500681652090653,0.1603770500768218
2024-11-09 05:15:00+05:30,303.0,26.4,69.26666666666667,5,5,1,0,304.0,306.8302441536754,0,0,5.500681652090653,0.1603770500768218
2024-11-09 05:30:00+05:30,302.0,26.3,68.7,5,5,1,0,303.0,309.2856490318413,0,0,5.500681652090653,0.1603770500768218
2024-11-09 05:45:00+05:30,305.0,26.3,69.10000000000001,5,5,1,0,302.0,312.3845775053648,0,0,5.500681652090653,0.1603770500768218
2024-11-09 06:00:00+05:30,306.0,26.266666666666666,67.39999999999999,6,5,1,0,305.0,316.2586059403784,0,0,4.292541893350264,0.24201345767070326
2024-11-09 06:15:00+05:30,307.0,26.2,67.23333333333333,6,5,1,0,306.0,321.7793159219642,0,0,4.292541893350264,0.24201345767070326
2024-11-09 06:30:00+05:30,311.0,26.066666666666663,67.89999999999999,6,5,1,0,307.0,330.6309726331687,0,0,4.292541893350264,0.24201345767070326
2024-11-09 06:45:00+05:30,313.0,25.96666666666667,70.06666666666668,6,5,1,0,311.0,337.47062877823,0,0,4.292541893350264,0.24201345767070326
2024-11-09 07:00:00+05:30,321.0,25.933333333333337,70.43333333333334,7,5,1,0,313.0,350.1466159669716,0,0,3.389368785503099,0.4330498027050318
2024-11-09 07:15:00+05:30,327.0,26.03333333333333,71.0,7,5,1,0,321.0,363.75510982551344,0,0,3.389368785503099,0.4330498027050318
2024-11-09 07:30:00+05:30,332.0,26.2,70.76666666666667,7,5,1,0,327.0,378.871485070857,0,0,3.389368785503099,0.4330498027050318
2024-11-09 07:45:00+05:30,338.0,26.433333333333337,70.03333333333333,7,5,1,0,332.0,392.33269741927415,0,0,3.389368785503099,0.4330498027050318
2024-11-09 08:00:00+05:30,352.0,26.766666666666666,70.56666666666666,8,5,1,0,338.0,413.86758239096247,0,0,4.0779365174337965,0.3948123018181323
2024-11-09 08:15:00+05:30,364.0,27.433333333333337,67.73333333333333,8,5,1,0,352.0,433.36044455790415,0,0,4.0779365174337965,0.3948123018181323
2024-11-09 08:30:00+05:30,374.0,28.03333333333333,65.76666666666667,8,5,1,0,364.0,449.9585460331047,0,0,4.0779365174337965,0.3948123018181323
2024-11-09 08:45:00+05:30,384.0,28.866666666666664,62.36666666666667,8,5,1,0,374.0,463.0992169541655,0,0,4.0779365174337965,0.3948123018181323
2024-11-09 09:00:00+05:30,395.0,29.566666666666663,59.46666666666667,9,5,1,1,384.0,478.6136838896448,0,0,3.4471376100258504,0.6884128340080709
2024-11-09 09:15:00+05:30,406.0,30.2,57.366666666666674,9,5,1,1,395.0,491.7007888908992,0,0,3.4471376100258504,0.6884128340080709
2024-11-09 09:30:00+05:30,416.0,30.933333333333337,54.93333333333334,9,5,1,1,406.0,500.6331245173071,0,0,3.4471376100258504,0.6884128340080709
2024-11-09 09:45:00+05:30,425.0,31.200000000000003,54.43333333333334,9,5,1,1,416.0,510.1471173492301,0,0,3.4471376100258504,0.6884128340080709
2024-11-09 10:00:00+05:30,434.0,31.8,51.93333333333333,10,5,1,1,425.0,516.835538639733,0,0,2.0612993378596327,1.1028429520822007
2024-11-09 10:15:00+05:30,440.0,32.43333333333334,49.86666666666667,10,5,1,1,434.0,523.3778031266495,0,0,2.0612993378596327,1.1028429520822007
2024-11-09 10:30:00+05:30,445.0,32.800000000000004,48.66666666666666,10,5,1,1,440.0,529.6561511807098,0,0,2.0612993378596327,1.1028429520822007
2024-11-09 10:45:00+05:30,449.0,33.23333333333333,46.20000000000001,10,5,1,1,445.0,532.3901897231439,0,0,2.0612993378596327,1.1028429520822007
2024-11-09 11:00:00+05:30,454.0,33.86666666666667,44.43333333333334,11,5,1,1,449.0,534.5583675047515,0,0,1.0206730550620675,1.0847728983406804
2024-11-09 11:15:00+05:30,452.0,34.0,43.6,11,5,1,1,454.0,536.2460422076703,0,0,1.0206730550620675,1.0847728983406804
2024-11-09 11:30:00+05:30,451.0,34.5,41.03333333333333,11,5,1,1,452.0,537.1361241042115,0,0,1.0206730550620675,1.0847728983406804
2024-11-09 11:45:00+05:30,453.0,34.9,39.1,11,5,1,1,451.0,533.7985862917087,0,0,1.0206730550620675,1.0847728983406804
2024-11-09 12:00:00+05:30,453.0,35.13333333333333,36.86666666666667,12,5,1,1,453.0,534.147231744854,0,0,2.2746353347992057,0.9203932179843796
2024-11-09 12:15:00+05:30,451.0,35.43333333333334,35.5,12,5,1,1,453.0,533.8796832968305,0,0,2.2746353347992057,0.9203932179843796
2024-11-09 12:30:00+05:30,450.0,35.63333333333333,34.46666666666667,12,5,1,1,451.0,534.2283159871683,0,0,2.2746353347992057,0.9203932179843796
2024-11-09 12:45:00+05:30,447.0,35.733333333333334,33.56666666666666,12,5,1,1,450.0,534.3073282595178,0,0,2.2746353347992057,0.9203932179843796
2024-11-09 13:00:00+05:30,444.0,35.666666666666664,32.7,13,5,1,1,447.0,529.928721258962,0,0,4.660065875273532,1.0809034534407196
2024-11-09 13:15:00+05:30,444.0,35.900000000000006,32.5,13,5,1,1,444.0,527.376694481435,0,0,4.660065875273532,1.0809034534407196
2024-11-09 13:30:00+05:30,444.0,35.86666666666667,31.23333333333333,13,5,1,1,444.0,526.3139739440034,0,0,4.660065875273532,1.0809034534407196
2024-11-09 13:45:00+05:30,445.0,36.03333333333333,30.566666666666663,13,5,1,1,444.0,529.2979282901545,0,0,4.660065875273532,1.0809034534407196
2024-11-09 14:00:00+05:30,446.0,36.23333333333333,30.366666666666664,14,5,1,1,445.0,531.6528845229791,0,0,7.680734244182991,1.6326746678879722
2024-11-09 14:15:00+05:30,450.0,36.03333333333333,30.7,14,5,1,1,446.0,534.1445604330611,0,0,7.680734244182991,1.6326746678879722
2024-11-09 14:30:00+05:30,450.0,36.16666666666666,30.166666666666668,14,5,1,1,450.0,536.2149149979468,0,0,7.680734244182991,1.6326746678879722
2024-11-09 14:45:00+05:30,448.0,36.13333333333333,30.46666666666667,14,5,1,1,450.0,536.8809785142075,0,0,7.680734244182991,1.6326746678879722
2024-11-09 15:00:00+05:30,449.0,36.43333333333334,30.566666666666663,15,5,1,1,448.0,536.7000338388968,0,0,8.262340089610356,1.5156550631020618
2024-11-09 15:15:00+05:30,446.0,36.43333333333333,29.8,15,5,1,1,449.0,538.0818239462017,0,0,8.262340089610356,1.5156550631020618
2024-11-09 15:30:00+05:30,445.0,36.43333333333334,30.566666666666663,15,5,1,1,446.0,536.1300438443675,0,0,8.262340089610356,1.5156550631020618
2024-11-09 15:45:00+05:30,442.0,36.2,31.46666666666667,15,5,1,1,445.0,536.1840405877863,0,0,8.262340089610356,1.5156550631020618
2024-11-09 16:00:00+05:30,444.0,35.96666666666667,31.766666666666666,16,5,1,1,442.0,536.1110984443452,0,0,9.1910272937323,1.2057017392589264
2024-11-09 16:15:00+05:30,441.0,35.7,32.13333333333333,16,5,1,1,444.0,532.1239294919882,0,0,9.1910272937323,1.2057017392589264
2024-11-09 16:30:00+05:30,441.0,35.166666666666664,34.96666666666667,16,5,1,1,441.0,528.1897293375816,0,0,9.1910272937323,1.2057017392589264
2024-11-09 16:45:00+05:30,432.0,34.4,36.6,16,5,1,1,441.0,523.8717331553648,0,0,9.1910272937323,1.2057017392589264
2024-11-09 17:00:00+05:30,428.0,33.63333333333333,40.63333333333333,17,5,1,1,432.0,521.3412999282846,0,0,7.663749198615025,0.7535027628526391
2024-11-09 17:15:00+05:30,428.0,32.96666666666667,44.76666666666667,17,5,1,1,428.0,516.1897550005518,0,0,7.663749198615025,0.7535027628526391
2024-11-09 17:30:00+05:30,424.0,32.46666666666667,45.9,17,5,1,1,428.0,509.7273763878394,0,0,7.663749198615025,0.7535027628526391
2024-11-09 17:45:00+05:30,426.0,31.83333333333333,50.76666666666667,17,5,1,1,424.0,504.8160512526748,0,0,7.663749198615025,0.7535027628526391
2024-11-09 18:00:00+05:30,431.0,31.366666666666664,52.6,18,5,1,0,426.0,506.1067999865992,0,0,4.758521579225232,0.5398490611436548
2024-11-09 18:15:00+05:30,433.0,31.0,55.86666666666667,18,5,1,0,431.0,499.5771363007974,0,0,4.758521579225232,0.5398490611436548
2024-11-09 18:30:00+05:30,427.0,30.6,57.46666666666667,18,5,1,0,433.0,493.0720678530904,0,0,4.758521579225232,0.5398490611436548
2024-11-09 18:45:00+05:30,425.0,30.53333333333333,57.0,18,5,1,0,427.0,486.85014219951165,0,0,4.758521579225232,0.5398490611436548
2024-11-09 19:00:00+05:30,423.0,30.633333333333336,56.8,19,5,1,0,425.0,476.6902861088211,0,0,7.271858284480242,0.7964522305047017
2024-11-09 19:15:00+05:30,418.0,30.566666666666663,57.5,19,5,1,0,423.0,467.60935809791454,0,0,7.271858284480242,0.7964522305047017
2024-11-09 19:30:00+05:30,413.0,30.46666666666667,58.5,19,5,1,0,418.0,459.1758319474946,0,0,7.271858284480242,0.7964522305047017
2024-11-09 19:45:00+05:30,410.0,30.26666666666667,58.8,19,5,1,0,413.0,450.55044442032494,0,0,7.271858284480242,0.7964522305047017
2024-11-09 20:00:00+05:30,407.0,30.200000000000003,58.9,20,5,1,0,410.0,442.5365584991963,0,0,7.4682959677178244,0.7083492559456792
2024-11-09 20:15:00+05:30,406.0,30.1,58.56666666666666,20,5,1,0,407.0,435.82477663510457,0,0,7.4682959677178244,0.7083492559456792
2024-11-09 20:30:00+05:30,402.0,30.0,58.8,20,5,1,0,406.0,429.6524314405186,0,0,7.4682959677178244,0.7083492559456792
2024-11-09 20:45:00+05:30,398.0,29.866666666666664,58.53333333333333,20,5,1,0,402.0,425.0144267658616,0,0,7.4682959677178244,0.7083492559456792
2024-11-09 21:00:00+05:30,395.0,29.700000000000003,58.70000000000001,21,5,1,0,398.0,417.3351327445519,0,0,8.047314004755947,0.6135525127194714
2024-11-09 21:15:00+05:30,392.0,29.53333333333333,60.1,21,5,1,0,395.0,412.55939541328894,0,0,8.047314004755947,0.6135525127194714
2024-11-09 21:30:00+05:30,389.0,29.46666666666667,60.66666666666666,21,5,1,0,392.0,409.8056229112259,0,0,8.047314004755947,0.6135525127194714
2024-11-09 21:45:00+05:30,386.0,29.266666666666666,61.96666666666667,21,5,1,0,389.0,405.001373124788,0,0,8.047314004755947,0.6135525127194714
2024-11-09 22:00:00+05:30,382.0,29.166666666666668,62.16666666666666,22,5,1,0,386.0,400.0363439872084,0,0,9.377234470070356,0.6680040964316557
2024-11-09 22:15:00+05:30,379.0,29.133333333333336,61.73333333333333,22,5,1,0,382.0,393.94363393669886,0,0,9.377234470070356,0.6680040964316557
2024-11-09 22:30:00+05:30,375.0,28.933333333333337,63.26666666666667,22,5,1,0,379.0,392.53840034348417,0,0,9.377234470070356,0.6680040964316557
2024-11-09 22:45:00+05:30,371.0,28.83333333333333,63.833333333333336,22,5,1,0,375.0,387.7689930604106,0,0,9.377234470070356,0.6680040964316557
2024-11-09 23:00:00+05:30,367.0,28.8,62.86666666666667,23,5,1,0,371.0,382.02224721901615,0,0,10.615258834542416,0.8386761945526492
2024-11-09 23:15:00+05:30,364.0,28.73333333333333,64.0,23,5,1,0,367.0,378.2240256107515,0,0,10.615258834542416,0.8386761945526492
2024-11-09 23:30:00+05:30,361.0,28.633333333333336,64.86666666666666,23,5,1,0,364.0,372.908700861605,0,0,10.615258834542416,0.8386761945526492
2024-11-09 23:45:00+05:30,357.0,28.5,66.2,23,5,1,0,361.0,369.6983472925023,0,0,10.615258834542416,0.8386761945526492
2024-11-10 00:00:00+05:30,354.2939326677555,28.26666667,67.03333333,0,6,1,0,357.0,365.0,0,0,10.896953436007536,0.1345953376447433
2024-11-10 00:15:00+05:30,350.3594512467454,28.13333333,68.46666667,0,6,1,0,354.2939326677555,362.0,0,0,10.896953436007536,0.1345953376447433
2024-11-10 00:30:00+05:30,346.7134099240859,27.93333333,68.23333333,0,6,1,0,350.3594512467454,357.0,0,0,10.896953436007536,0.1345953376447433
2024-11-10 00:45:00+05:30,341.24037184919183,27.9,68.33333333,0,6,1,0,346.7134099240859,350.0,0,0,10.896953436007536,0.1345953376447433
2024-11-10 01:00:00+05:30,334.7246349479018,27.63333333,69.3,1,6,1,0,341.24037184919183,343.0,0,0,10.285432132312645,0.009994036151057983
2024-11-10 01:15:00+05:30,329.5181529486019,27.53333333,69.13333333,1,6,1,0,334.7246349479018,338.0,0,0,10.285432132312645,0.009994036151057983
2024-11-10 01:30:00+05:30,325.63584985423256,27.4,69.53333333,1,6,1,0,329.5181529486019,335.0,0,0,10.285432132312645,0.009994036151057983
2024-11-10 01:45:00+05:30,321.4724079797162,27.33333333,69.73333333,1,6,1,0,325.63584985423256,330.0,0,0,10.285432132312645,0.009994036151057983
2024-11-10 02:00:00+05:30,319.91402735719606,27.23333333,70.3,2,6,1,0,321.4724079797162,326.0,0,0,8.736502644041135,0.08088823844590087
2024-11-10 02:15:00+05:30,318.4620021205279,27.16666667,69.66666667,2,6,1,0,319.91402735719606,319.0,0,0,8.736502644041135,0.08088823844590087
2024-11-10 02:30:00+05:30,315.7484901237087,27.16666667,67.23333333,2,6,1,0,318.4620021205279,318.0,0,0,8.736502644041135,0.08088823844590087
2024-11-10 02:45:00+05:30,314.15857664462226,27.23333333,64.76666667,2,6,1,0,315.7484901237087,314.0,0,0,8.736502644041135,0.08088823844590087
2024-11-10 03:00:00+05:30,310.55077962470256,27.2,64.7,3,6,1,0,314.15857664462226,312.0,0,0,7.126510250531449,0.1378926843170436
2024-11-10 03:15:00+05:30,308.13955889991433,27.0,66.26666667,3,6,1,0,310.55077962470256,309.0,0,0,7.126510250531449,0.1378926843170436
2024-11-10 03:30:00+05:30,306.0686744508148,26.96666667,65.36666667,3,6,1,0,308.13955889991433,306.0,0,0,7.126510250531449,0.1378926843170436
2024-11-10 03:45:00+05:30,303.9332109942956,26.96666667,64.36666667,3,6,1,0,306.0686744508148,303.0,0,0,7.126510250531449,0.1378926843170436
2024-11-10 04:00:00+05:30,302.790482879187,26.96666667,63.46666667,4,6,1,0,303.9332109942956,302.0,0,0,6.23322848066284,0.18455475868972093
2024-11-10 04:15:00+05:30,300.8176185514236,26.9,62.26666667,4,6,1,0,302.790482879187,300.0,0,0,6.23322848066284,0.18455475868972093
2024-11-10 04:30:00+05:30,300.19345920437195,26.9,62.26666667,4,6,1,0,300.8176185514236,300.0,0,0,6.23322848066284,0.18455475868972093
2024-11-10 04:45:00+05:30,298.3781127046339,26.9,61.76666667,4,6,1,0,300.19345920437195,301.0,0,0,6.23322848066284,0.18455475868972093
2024-11-10 05:00:00+05:30,298.39440146663435,26.9,61.86666667,5,6,1,0,298.3781127046339,304.0,0,0,5.500681652090653,0.1603770500768218
2024-11-10 05:15:00+05:30,296.2198150399792,26.9,61.66666667,5,6,1,0,298.39440146663435,303.0,0,0,5.500681652090653,0.1603770500768218
2024-11-10 05:30:00+05:30,294.6652179934854,26.86666667,62.23333333,5,6,1,0,296.2198150399792,302.0,0,0,5.500681652090653,0.1603770500768218
2024-11-10 05:45:00+05:30,295.0033261525444,26.73333333,62.56666667,5,6,1,0,294.6652179934854,305.0,0,0,5.500681652090653,0.1603770500768218
2024-11-10 06:00:00+05:30,296.8258251688982,26.7,60.9,6,6,1,0,295.0033261525444,306.0,0,0,4.292541893350264,0.24201345767070326
2024-11-10 06:15:00+05:30,296.8812179156047,26.7,60.66666667,6,6,1,0,296.8258251688982,307.0,0,0,4.292541893350264,0.24201345767070326
2024-11-10 06:30:00+05:30,295.37724699345296,26.7,60.4,6,6,1,0,296.8812179156047,311.0,0,0,4.292541893350264,0.24201345767070326
2024-11-10 06:45:00+05:30,292.3804004016631,26.7,60.53333333,6,6,1,0,295.37724699345296,313.0,0,0,4.292541893350264,0.24201345767070326
2024-11-10 07:00:00+05:30,294.86419832417295,26.76666667,61.06666667,7,6,1,0,292.3804004016631,321.0,0,0,3.389368785503099,0.4330498027050318
2024-11-10 07:15:00+05:30,296.58170227093115,26.86666667,61.56666667,7,6,1,0,294.86419832417295,327.0,0,0,3.389368785503099,0.4330498027050318
2024-11-10 07:30:00+05:30,298.3413024652942,27.0,62.43333333,7,6,1,0,296.58170227093115,332.0,0,0,3.389368785503099,0.4330498027050318
2024-11-10 07:45:00+05:30,302.22976178146735,27.2,62.03333333,7,6,1,0,298.3413024652942,338.0,0,0,3.389368785503099,0.4330498027050318
2024-11-10 08:00:00+05:30,308.88069405866094,27.63333333,60.33333333,8,6,1,0,302.22976178146735,352.0,0,0,4.0779365174337965,0.3948123018181323
2024-11-10 08:15:00+05:30,316.90321912704434,28.13333333,58.83333333,8,6,1,0,308.88069405866094,364.0,0,0,4.0779365174337965,0.3948123018181323
2024-11-10 08:30:00+05:30,323.44875606311183,28.76666667,55.36666667,8,6,1,0,316.90321912704434,374.0,0,0,4.0779365174337965,0.3948123018181323
2024-11-10 08:45:00+05:30,326.92962734448395,29.36666667,53.36666667,8,6,1,0,323.44875606311183,384.0,0,0,4.0779365174337965,0.3948123018181323
2024-11-10 09:00:00+05:30,332.2450546880969,29.83333333,50.73333333,9,6,1,1,326.92962734448395,395.0,0,0,3.4471376100258504,0.6884128340080709
2024-11-10 09:15:00+05:30,336.6237509829608,30.43333333,49.5,9,6,1,1,332.2450546880969,406.0,0,0,3.4471376100258504,0.6884128340080709
2024-11-10 09:30:00+05:30,340.48841596144007,30.93333333,47.4,9,6,1,1,336.6237509829608,416.0,0,0,3.4471376100258504,0.6884128340080709
2024-11-10 09:45:00+05:30,345.39112522011976,31.5,45.6,9,6,1,1,340.48841596144007,425.0,0,0,3.4471376100258504,0.6884128340080709
2024-11-10 10:00:00+05:30,352.15248261675936,32.2,43.13333333,10,6,1,1,345.39112522011976,434.0,0,0,2.0612993378596327,1.1028429520822007
2024-11-10 10:15:00+05:30,356.985822399306,32.76666667,41.4,10,6,1,1,352.15248261675936,440.0,0,0,2.0612993378596327,1.1028429520822007
2024-11-10 10:30:00+05:30,361.6204306867005,33.1,40.8,10,6,1,1,356.985822399306,445.0,0,0,2.0612993378596327,1.1028429520822007
2024-11-10 10:45:00+05:30,366.9438007136732,33.5,39.4,10,6,1,1,361.6204306867005,449.0,0,0,2.0612993378596327,1.1028429520822007
2024-11-10 11:00:00+05:30,370.4534377515219,33.76666667,39.1,11,6,1,1,366.9438007136732,454.0,0,0,1.0206730550620675,1.0847728983406804
2024-11-10 11:15:00+05:30,370.1501989051693,34.2,37.3,11,6,1,1,370.4534377515219,452.0,0,0,1.0206730550620675,1.0847728983406804
2024-11-10 11:30:00+05:30,373.6999029601271,34.43333333,35.43333333,11,6,1,1,370.1501989051693,451.0,0,0,1.0206730550620675,1.0847728983406804
2024-11-10 11:45:00+05:30,374.5721631447294,34.76666667,34.76666667,11,6,1,1,373.6999029601271,453.0,0,0,1.0206730550620675,1.0847728983406804
2024-11-10 12:00:00+05:30,375.71170060796857,34.96666667,33.86666667,12,6,1,1,374.5721631447294,453.0,0,0,2.2746353347992057,0.9203932179843796
2024-11-10 12:15:00+05:30,375.9850926996705,35.2,33.26666667,12,6,1,1,375.71170060796857,451.0,0,0,2.2746353347992057,0.9203932179843796
2024-11-10 12:30:00+05:30,375.3099717723426,35.0,33.23333333,12,6,1,1,375.9850926996705,450.0,0,0,2.2746353347992057,0.9203932179843796
2024-11-10 12:45:00+05:30,375.4261579626598,35.4,32.13333333,12,6,1,1,375.3099717723426,447.0,0,0,2.2746353347992057,0.9203932179843796
2024-11-10 13:00:00+05:30,374.9258864126881,35.53333333,30.93333333,13,6,1,1,375.4261579626598,444.0,0,0,4.660065875273532,1.0809034534407196
2024-11-10 13:15:00+05:30,372.5337667703202,35.7,31.63333333,13,6,1,1,374.9258864126881,444.0,0,0,4.660065875273532,1.0809034534407196
2024-11-10 13:30:00+05:30,372.7999416543549,35.56666667,30.56666667,13,6,1,1,372.5337667703202,444.0,0,0,4.660065875273532,1.0809034534407196
2024-11-10 13:45:00+05:30,372.5134093434291,35.53333333,30.86666667,13,6,1,1,372.7999416543549,445.0,0,0,4.660065875273532,1.0809034534407196
2024-11-10 14:00:00+05:30,370.2457177094986,35.66666667,30.93333333,14,6,1,1,372.5134093434291,446.0,0,0,7.680734244182991,1.6326746678879722
2024-11-10 14:15:00+05:30,374.1749593612046,35.8,29.83333333,14,6,1,1,370.2457177094986,450.0,0,0,7.680734244182991,1.6326746678879722
2024-11-10 14:30:00+05:30,375.67500186023466,35.9,31.4,14,6,1,1,374.1749593612046,450.0,0,0,7.680734244182991,1.6326746678879722
2024-11-10 14:45:00+05:30,375.15992324306205,35.83333333,30.16666667,14,6,1,1,375.67500186023466,448.0,0,0,7.680734244182991,1.6326746678879722
2024-11-10 15:00:00+05:30,377.3124697818643,35.96666667,30.4,15,6,1,1,375.15992324306205,449.0,0,0,8.262340089610356,1.5156550631020618
2024-11-10 15:15:00+05:30,377.176173418934,35.93333333,30.93333333,15,6,1,1,377.3124697818643,446.0,0,0,8.262340089610356,1.5156550631020618
2024-11-10 15:30:00+05:30,377.3006580981927,35.73333333,31.73333333,15,6,1,1,377.176173418934,445.0,0,0,8.262340089610356,1.5156550631020618
2024-11-10 15:45:00+05:30,376.7102294698681,35.4,31.73333333,15,6,1,1,377.3006580981927,442.0,0,0,8.262340089610356,1.5156550631020618
2024-11-10 16:00:00+05:30,375.5059581654514,35.1,33.56666667,16,6,1,1,376.7102294698681,444.0,0,0,9.1910272937323,1.2057017392589264
2024-11-10 16:15:00+05:30,374.1033599251487,34.5,33.43333333,16,6,1,1,375.5059581654514,441.0,0,0,9.1910272937323,1.2057017392589264
2024-11-10 16:30:00+05:30,370.2320280163225,33.86666667,36.26666667,16,6,1,1,374.1033599251487,441.0,0,0,9.1910272937323,1.2057017392589264
2024-11-10 16:45:00+05:30,368.5433872221725,33.26666667,38.03333333,16,6,1,1,370.2320280163225,432.0,0,0,9.1910272937323,1.2057017392589264
2024-11-10 17:00:00+05:30,366.3296791726263,32.73333333,40.16666667,17,6,1,1,368.5433872221725,428.0,0,0,7.663749198615025,0.7535027628526391
2024-11-10 17:15:00+05:30,366.1590749234575,32.23333333,41.5,17,6,1,1,366.3296791726263,428.0,0,0,7.663749198615025,0.7535027628526391
2024-11-10 17:30:00+05:30,369.6829903722315,31.83333333,42.56666667,17,6,1,1,366.1590749234575,424.0,0,0,7.663749198615025,0.7535027628526391
2024-11-10 17:45:00+05:30,371.4764477648771,31.43333333,43.96666667,17,6,1,1,369.6829903722315,426.0,0,0,7.663749198615025,0.7535027628526391
2024-11-10 18:00:00+05:30,375.3682438385538,31.06666667,45.06666667,18,6,1,0,371.4764477648771,431.0,0,0,4.758521579225232,0.5398490611436548
2024-11-10 18:15:00+05:30,379.5032569024588,30.76666667,46.9,18,6,1,0,375.3682438385538,433.0,0,0,4.758521579225232,0.5398490611436548
2024-11-10 18:30:00+05:30,380.50184875440107,30.46666667,48.0,18,6,1,0,379.5032569024588,427.0,0,0,4.758521579225232,0.5398490611436548
2024-11-10 18:45:00+05:30,379.4472882588024,30.26666667,49.46666667,18,6,1,0,380.50184875440107,425.0,0,0,4.758521579225232,0.5398490611436548
2024-11-10 19:00:00+05:30,380.1793385452762,30.1,50.76666667,19,6,1,0,379.4472882588024,423.0,0,0,7.271858284480242,0.7964522305047017
2024-11-10 19:15:00+05:30,378.0233700443136,29.96666667,51.33333333,19,6,1,0,380.1793385452762,418.0,0,0,7.271858284480242,0.7964522305047017
2024-11-10 19:30:00+05:30,375.4056781862075,29.73333333,52.3,19,6,1,0,378.0233700443136,413.0,0,0,7.271858284480242,0.7964522305047017
2024-11-10 19:45:00+05:30,374.7873568457183,29.7,54.2,19,6,1,0,375.4056781862075,410.0,0,0,7.271858284480242,0.7964522305047017
2024-11-10 20:00:00+05:30,374.7214175328591,29.63333333,55.06666667,20,6,1,0,374.7873568457183,407.0,0,0,7.4682959677178244,0.7083492559456792
2024-11-10 20:15:00+05:30,373.2260811346069,29.5,56.26666667,20,6,1,0,374.7214175328591,406.0,0,0,7.4682959677178244,0.7083492559456792
2024-11-10 20:30:00+05:30,371.9683410411963,29.33333333,57.16666667,20,6,1,0,373.2260811346069,402.0,0,0,7.4682959677178244,0.7083492559456792
2024-11-10 20:45:00+05:30,371.6449006220262,29.2,56.96666667,20,6,1,0,371.9683410411963,398.0,0,0,7.4682959677178244,0.7083492559456792
2024-11-10 21:00:00+05:30,371.3894183512766,29.06666667,57.66666667,21,6,1,0,371.6449006220262,395.0,0,0,8.047314004755947,0.6135525127194714
2024-11-10 21:15:00+05:30,370.1927950130773,29.0,58.16666667,21,6,1,0,371.3894183512766,392.0,0,0,8.047314004755947,0.6135525127194714
2024-11-10 21:30:00+05:30,368.7689685149121,28.8,58.4,21,6,1,0,370.1927950130773,389.0,0,0,8.047314004755947,0.6135525127194714
2024-11-10 21:45:00+05:30,366.7569004534885,28.73333333,58.26666667,21,6,1,0,368.7689685149121,386.0,0,0,8.047314004755947,0.6135525127194714
2024-11-10 22:00:00+05:30,362.4039850014865,28.6,59.06666667,22,6,1,0,366.7569004534885,382.0,0,0,9.377234470070356,0.6680040964316557
2024-11-10 22:15:00+05:30,359.20295130379867,28.6,59.36666667,22,6,1,0,362.4039850014865,379.0,0,0,9.377234470070356,0.6680040964316557
2024-11-10 22:30:00+05:30,357.4357533931206,28.53333333,60.16666667,22,6,1,0,359.20295130379867,375.0,0,0,9.377234470070356,0.6680040964316557
2024-11-10 22:45:00+05:30,352.8582549953016,28.43333333,59.73333333,22,6,1,0,357.4357533931206,371.0,0,0,9.377234470070356,0.6680040964316557
2024-11-10 23:00:00+05:30,349.136708574493,28.33333333,59.56666667,23,6,1,0,352.8582549953016,367.0,0,0,10.615258834542416,0.8386761945526492
2024-11-10 23:15:00+05:30,345.8442431939605,28.33333333,60.16666667,23,6,1,0,349.136708574493,364.0,0,0,10.615258834542416,0.8386761945526492
2024-11-10 23:30:00+05:30,344.93826060623405,28.23333333,59.33333333,23,6,1,0,345.8442431939605,361.0,0,0,10.615258834542416,0.8386761945526492
2024-11-10 23:45:00+05:30,342.0678836760477,28.2,59.96666667,23,6,1,0,344.93826060623405,357.0,0,0,10.615258834542416,0.8386761945526492
2024-11-11 00:00:00+05:30,336.70108119825204,28.1,59.26666667,0,0,0,0,342.0678836760477,354.2939326677555,0,0,10.821030164864855,0.09594533623790569
2024-11-11 00:15:00+05:30,331.7361334536458,27.96666667,58.96666667,0,0,0,0,336.70108119825204,350.3594512467454,0,0,10.821030164864855,0.09594533623790569
2024-11-11 00:30:00+05:30,329.0228915620339,27.86666667,57.93333333,0,0,0,0,331.7361334536458,346.7134099240859,0,0,10.821030164864855,0.09594533623790569
2024-11-11 00:45:00+05:30,323.68331299652004,27.76666667,58.1,0,0,0,0,329.0228915620339,341.24037184919183,0,0,10.821030164864855,0.09594533623790569
2024-11-11 01:00:00+05:30,318.8209140873523,27.76666667,58.33333333,1,0,0,0,323.68331299652004,334.7246349479018,0,0,9.728100754378737,-0.03336421712728943
2024-11-11 01:15:00+05:30,315.3078844784447,27.73333333,58.33333333,1,0,0,0,318.8209140873523,329.5181529486019,0,0,9.728100754378737,-0.03336421712728943
2024-11-11 01:30:00+05:30,311.1889248273064,27.63333333,59.13333333,1,0,0,0,315.3078844784447,325.63584985423256,0,0,9.728100754378737,-0.03336421712728943
2024-11-11 01:45:00+05:30,307.5667292597659,27.6,59.13333333,1,0,0,0,311.1889248273064,321.4724079797162,0,0,9.728100754378737,-0.03336421712728943
2024-11-11 02:00:00+05:30,303.7228628755253,27.46666667,58.7,2,0,0,0,307.5667292597659,319.91402735719606,0,0,8.484637707535343,-0.001367850315744823
2024-11-11 02:15:00+05:30,300.8102749748942,27.4,59.3,2,0,0,0,303.7228628755253,318.4620021205279,0,0,8.484637707535343,-0.001367850315744823
2024-11-11 02:30:00+05:30,298.537286897741,27.23333333,60.4,2,0,0,0,300.8102749748942,315.7484901237087,0,0,8.484637707535343,-0.001367850315744823
2024-11-11 02:45:00+05:30,295.5329031751828,27.16666667,59.9,2,0,0,0,298.537286897741,314.15857664462226,0,0,8.484637707535343,-0.001367850315744823
2024-11-11 03:00:00+05:30,295.5748331881684,27.1,61.13333333,3,0,0,0,295.5329031751828,310.55077962470256,0,0,7.607119538689619,-0.06004878179214801
2024-11-11 03:15:00+05:30,293.3178743492182,26.93333333,61.66666667,3,0,0,0,295.5748331881684,308.13955889991433,0,0,7.607119538689619,-0.06004878179214801
2024-11-11 03:30:00+05:30,290.6426349976946,26.86666667,61.7,3,0,0,0,293.3178743492182,306.0686744508148,0,0,7.607119538689619,-0.06004878179214801
2024-11-11 03:45:00+05:30,289.24247847664645,26.76666667,61.8,3,0,0,0,290.6426349976946,303.9332109942956,0,0,7.607119538689619,-0.06004878179214801
2024-11-11 04:00:00+05:30,287.9223843608614,26.76666667,61.9,4,0,0,0,289.24247847664645,302.790482879187,0,0,6.594267060678064,0.008427398213465498
2024-11-11 04:15:00+05:30,287.20862134806265,26.6,62.83333333,4,0,0,0,287.9223843608614,300.8176185514236,0,0,6.594267060678064,0.008427398213465498
2024-11-11 04:30:00+05:30,287.5774758354035,26.5,62.13333333,4,0,0,0,287.20862134806265,300.19345920437195,0,0,6.594267060678064,0.008427398213465498
2024-11-11 04:45:00+05:30,288.500018631387,26.46666667,62.26666667,4,0,0,0,287.5774758354035,298.3781127046339,0,0,6.594267060678064,0.008427398213465498
2024-11-11 05:00:00+05:30,290.8059424602557,26.4,61.9,5,0,0,0,288.500018631387,298.39440146663435,0,0,5.279257902398529,0.10435750043793113
2024-11-11 05:15:00+05:30,292.94101610017714,26.36666667,61.66666667,5,0,0,0,290.8059424602557,296.2198150399792,0,0,5.279257902398529,0.10435750043793113
2024-11-11 05:30:00+05:30,297.7425994827866,26.3,62.76666667,5,0,0,0,292.94101610017714,294.6652179934854,0,0,5.279257902398529,0.10435750043793113
2024-11-11 05:45:00+05:30,301.3318994825453,26.2,64.46666667,5,0,0,0,297.7425994827866,295.0033261525444,0,0,5.279257902398529,0.10435750043793113
2024-11-11 06:00:00+05:30,308.3682025207241,26.13333333,65.26666667,6,0,0,0,301.3318994825453,296.8258251688982,0,0,4.311530887041023,0.35531410580184186
2024-11-11 06:15:00+05:30,315.5573862126264,26.1,65.0,6,0,0,0,308.3682025207241,296.8812179156047,0,0,4.311530887041023,0.35531410580184186
2024-11-11 06:30:00+05:30,323.12939679917406,26.1,65.0,6,0,0,0,315.5573862126264,295.37724699345296,0,0,4.311530887041023,0.35531410580184186
2024-11-11 06:45:00+05:30,332.42291207882005,26.03333333,66.5,6,0,0,0,323.12939679917406,292.3804004016631,0,0,4.311530887041023,0.35531410580184186
2024-11-11 07:00:00+05:30,345.66523304710125,26.06666667,66.5,7,0,0,0,332.42291207882005,294.86419832417295,0,0,5.499185953045883,0.4537110737780554
2024-11-11 07:15:00+05:30,360.3027759799757,26.33333333,65.76666667,7,0,0,0,345.66523304710125,296.58170227093115,0,0,5.499185953045883,0.4537110737780554
2024-11-11 07:30:00+05:30,376.008624003348,26.46666667,64.86666667,7,0,0,0,360.3027759799757,298.3413024652942,0,0,5.499185953045883,0.4537110737780554
2024-11-11 07:45:00+05:30,391.2455386910606,26.76666667,64.8,7,0,0,0,376.008624003348,302.22976178146735,0,0,5.499185953045883,0.4537110737780554
2024-11-11 08:00:00+05:30,412.3698147457195,27.3,63.96666667,8,0,0,0,391.2455386910606,308.88069405866094,0,0,8.459706391374313,0.5709639278196643
2024-11-11 08:15:00+05:30,430.4719197575588,27.7,60.76666667,8,0,0,0,412.3698147457195,316.90321912704434,0,0,8.459706391374313,0.5709639278196643
2024-11-11 08:30:00+05:30,447.0480045849419,28.26666667,59.3,8,0,0,0,430.4719197575588,323.44875606311183,0,0,8.459706391374313,0.5709639278196643
2024-11-11 08:45:00+05:30,462.6240130231834,28.83333333,57.46666667,8,0,0,0,447.0480045849419,326.92962734448395,0,0,8.459706391374313,0.5709639278196643
2024-11-11 09:00:00+05:30,475.87334509153936,29.36666667,55.43333333,9,0,0,1,462.6240130231834,332.2450546880969,0,0,7.468916508257824,1.776913993434797
2024-11-11 09:15:00+05:30,487.6915850390571,29.93333333,53.1,9,0,0,1,475.87334509153936,336.6237509829608,0,0,7.468916508257824,1.776913993434797
2024-11-11 09:30:00+05:30,496.8062816467176,30.36666667,50.56666667,9,0,0,1,487.6915850390571,340.48841596144007,0,0,7.468916508257824,1.776913993434797
2024-11-11 09:45:00+05:30,506.14841451582095,31.03333333,49.26666667,9,0,0,1,496.8062816467176,345.39112522011976,0,0,7.468916508257824,1.776913993434797
2024-11-11 10:00:00+05:30,514.9668557684773,31.33333333,48.13333333,10,0,0,1,506.14841451582095,352.15248261675936,0,0,7.176660943313998,1.959443809088301
2024-11-11 10:15:00+05:30,522.1735465018787,32.23333333,46.6,10,0,0,1,514.9668557684773,356.985822399306,0,0,7.176660943313998,1.959443809088301
2024-11-11 10:30:00+05:30,527.2281588066094,32.76666667,44.5,10,0,0,1,522.1735465018787,361.6204306867005,0,0,7.176660943313998,1.959443809088301
2024-11-11 10:45:00+05:30,529.4203208709259,33.3,42.73333333,10,0,0,1,527.2281588066094,366.9438007136732,0,0,7.176660943313998,1.959443809088301
2024-11-11 11:00:00+05:30,529.6096442905066,33.3,41.0,11,0,0,1,529.4203208709259,370.4534377515219,0,0,7.922475529678865,1.905498851423404
2024-11-11 11:15:00+05:30,528.4451340477555,33.53333333,39.7,11,0,0,1,529.6096442905066,370.1501989051693,0,0,7.922475529678865,1.905498851423404
2024-11-11 11:30:00+05:30,529.1195297323785,33.96666667,38.16666667,11,0,0,1,528.4451340477555,373.6999029601271,0,0,7.922475529678865,1.905498851423404
2024-11-11 11:45:00+05:30,527.3794259307095,34.46666667,36.33333333,11,0,0,1,529.1195297323785,374.5721631447294,0,0,7.922475529678865,1.905498851423404
2024-11-11 12:00:00+05:30,527.140687650819,34.66666667,35.43333333,12,0,0,1,527.3794259307095,375.71170060796857,0,0,8.194346391416534,1.8296017411002858
2024-11-11 12:15:00+05:30,526.6434630588437,34.83333333,33.5,12,0,0,1,527.140687650819,375.9850926996705,0,0,8.194346391416534,1.8296017411002858
2024-11-11 12:30:00+05:30,525.6150273915798,35.16666667,33.73333333,12,0,0,1,526.6434630588437,375.3099717723426,0,0,8.194346391416534,1.8296017411002858
2024-11-11 12:45:00+05:30,525.8816901275062,35.23333333,32.83333333,12,0,0,1,525.6150273915798,375.4261579626598,0,0,8.194346391416534,1.8296017411002858
2024-11-11 13:00:00+05:30,522.1987930564945,35.03333333,33.1,13,0,0,1,525.8816901275062,374.9258864126881,0,0,7.466115020642604,1.781152913482967
2024-11-11 13:15:00+05:30,520.8653758367843,35.4,32.93333333,13,0,0,1,522.1987930564945,372.5337667703202,0,0,7.466115020642604,1.781152913482967
2024-11-11 13:30:00+05:30,519.2032586492636,35.43333333,32.93333333,13,0,0,1,520.8653758367843,372.7999416543549,0,0,7.466115020642604,1.781152913482967
2024-11-11 13:45:00+05:30,518.2269191609073,35.46666667,32.96666667,13,0,0,1,519.2032586492636,372.5134093434291,0,0,7.466115020642604,1.781152913482967
2024-11-11 14:00:00+05:30,521.1442954797394,35.3,33.33333333,14,0,0,1,518.2269191609073,370.2457177094986,0,0,7.453520252664822,1.8810727851227305
2024-11-11 14:15:00+05:30,524.2630496138395,35.3,33.56666667,14,0,0,1,521.1442954797394,374.1749593612046,0,0,7.453520252664822,1.8810727851227305
2024-11-11 14:30:00+05:30,524.1009020288903,35.26666667,34.26666667,14,0,0,1,524.2630496138395,375.67500186023466,0,0,7.453520252664822,1.8810727851227305
2024-11-11 14:45:00+05:30,525.6961601449148,35.2,33.73333333,14,0,0,1,524.1009020288903,375.15992324306205,0,0,7.453520252664822,1.8810727851227305
2024-11-11 15:00:00+05:30,528.8408150567456,34.6,37.66666667,15,0,0,1,525.6961601449148,377.3124697818643,0,0,7.614608640955644,1.8795749299968296
2024-11-11 15:15:00+05:30,528.0120431093576,34.46666667,36.9,15,0,0,1,528.8408150567456,377.176173418934,0,0,7.614608640955644,1.8795749299968296
2024-11-11 15:30:00+05:30,527.2086058116515,34.06666667,39.16666667,15,0,0,1,528.0120431093576,377.3006580981927,0,0,7.614608640955644,1.8795749299968296
2024-11-11 15:45:00+05:30,525.347141293093,33.73333333,38.9,15,0,0,1,527.2086058116515,376.7102294698681,0,0,7.614608640955644,1.8795749299968296
2024-11-11 16:00:00+05:30,525.5744170965462,33.5,39.63333333,16,0,0,1,525.347141293093,375.5059581654514,0,0,8.928003783814992,1.63470214174834
2024-11-11 16:15:00+05:30,521.2878998594343,33.16666667,39.03333333,16,0,0,1,525.5744170965462,374.1033599251487,0,0,8.928003783814992,1.63470214174834
2024-11-11 16:30:00+05:30,518.2516674422443,32.63333333,41.46666667,16,0,0,1,521.2878998594343,370.2320280163225,0,0,8.928003783814992,1.63470214174834
2024-11-11 16:45:00+05:30,511.1441325023497,32.13333333,43.06666667,16,0,0,1,518.2516674422443,368.5433872221725,0,0,8.928003783814992,1.63470214174834
2024-11-11 17:00:00+05:30,503.8295397908658,31.8,45.83333333,17,0,0,1,511.1441325023497,366.3296791726263,0,0,9.832269406100862,1.3066312424333932
2024-11-11 17:15:00+05:30,501.4043335111506,31.43333333,48.13333333,17,0,0,1,503.8295397908658,366.1590749234575,0,0,9.832269406100862,1.3066312424333932
2024-11-11 17:30:00+05:30,496.8261552976922,31.0,49.73333333,17,0,0,1,501.4043335111506,369.6829903722315,0,0,9.832269406100862,1.3066312424333932
2024-11-11 17:45:00+05:30,493.03922696242194,30.7,52.2,17,0,0,1,496.8261552976922,371.4764477648771,0,0,9.832269406100862,1.3066312424333932
2024-11-11 18:00:00+05:30,491.11247850589945,30.43333333,53.0,18,0,0,0,493.03922696242194,375.3682438385538,0,0,10.294210660754121,0.797082883851726
2024-11-11 18:15:00+05:30,485.115720465032,30.26666667,53.13333333,18,0,0,0,491.11247850589945,379.5032569024588,0,0,10.294210660754121,0.797082883851726
2024-11-11 18:30:00+05:30,476.23753106633376,30.13333333,53.93333333,18,0,0,0,485.115720465032,380.50184875440107,0,0,10.294210660754121,0.797082883851726
2024-11-11 18:45:00+05:30,471.8598745549683,30.0,56.2,18,0,0,0,476.23753106633376,379.4472882588024,0,0,10.294210660754121,0.797082883851726
2024-11-11 19:00:00+05:30,464.1808569447556,29.86666667,57.4,19,0,0,0,471.8598745549683,380.1793385452762,0,0,10.813310868605901,0.8196688281600798
2024-11-11 19:15:00+05:30,453.00647120933365,29.8,57.56666667,19,0,0,0,464.1808569447556,378.0233700443136,0,0,10.813310868605901,0.8196688281600798
2024-11-11 19:30:00+05:30,446.0693806881262,29.7,58.03333333,19,0,0,0,453.00647120933365,375.4056781862075,0,0,10.813310868605901,0.8196688281600798
2024-11-11 19:45:00+05:30,439.3959669709002,29.63333333,58.7,19,0,0,0,446.0693806881262,374.7873568457183,0,0,10.813310868605901,0.8196688281600798
2024-11-11 20:00:00+05:30,429.5336785498587,29.56666667,59.4,20,0,0,0,439.3959669709002,374.7214175328591,0,0,10.193366449690611,0.84334742214611
2024-11-11 20:15:00+05:30,425.4525452035648,29.46666667,59.3,20,0,0,0,429.5336785498587,373.2260811346069,0,0,10.193366449690611,0.84334742214611
2024-11-11 20:30:00+05:30,423.175399160462,29.33333333,60.4,20,0,0,0,425.4525452035648,371.9683410411963,0,0,10.193366449690611,0.84334742214611
2024-11-11 20:45:00+05:30,418.2101242040752,29.2,61.43333333,20,0,0,0,423.175399160462,371.6449006220262,0,0,10.193366449690611,0.84334742214611
2024-11-11 21:00:00+05:30,413.1563736890942,28.96666667,62.26666667,21,0,0,0,418.2101242040752,371.3894183512766,0,0,8.774792195189448,0.7521888831997796
2024-11-11 21:15:00+05:30,407.8014195278605,28.93333333,63.03333333,21,0,0,0,413.1563736890942,370.1927950130773,0,0,8.774792195189448,0.7521888831997796
2024-11-11 21:30:00+05:30,403.1303966978291,28.8,63.9,21,0,0,0,407.8014195278605,368.7689685149121,0,0,8.774792195189448,0.7521888831997796
2024-11-11 21:45:00+05:30,397.2845140757163,28.76666667,64.53333333,21,0,0,0,403.1303966978291,366.7569004534885,0,0,8.774792195189448,0.7521888831997796
2024-11-11 22:00:00+05:30,391.7167114271495,28.6,65.33333333,22,0,0,0,397.2845140757163,362.4039850014865,0,0,9.389172121610137,0.7252749896297948
2024-11-11 22:15:00+05:30,388.0894420871159,28.53333333,65.93333333,22,0,0,0,391.7167114271495,359.20295130379867,0,0,9.389172121610137,0.7252749896297948
2024-11-11 22:30:00+05:30,384.5766424999558,28.4,66.13333333,22,0,0,0,388.0894420871159,357.4357533931206,0,0,9.389172121610137,0.7252749896297948
2024-11-11 22:45:00+05:30,379.981859750306,28.26666667,65.56666667,22,0,0,0,384.5766424999558,352.8582549953016,0,0,9.389172121610137,0.7252749896297948
2024-11-11 23:00:00+05:30,374.14143584026607,28.26666667,65.1,23,0,0,0,379.981859750306,349.136708574493,0,0,10.314981635691288,0.7718909870937027
2024-11-11 23:15:00+05:30,370.1222670882091,28.1,65.36666667,23,0,0,0,374.14143584026607,345.8442431939605,0,0,10.314981635691288,0.7718909870937027
2024-11-11 23:30:00+05:30,365.6557186320634,27.96666667,66.03333333,23,0,0,0,370.1222670882091,344.93826060623405,0,0,10.314981635691288,0.7718909870937027
2024-11-11 23:45:00+05:30,361.206081685729,27.86666667,66.46666667,23,0,0,0,365.6557186320634,342.0678836760477,0,0,10.314981635691288,0.7718909870937027
2024-11-12 00:00:00+05:30,356.0283963540354,25.0,78.4,0,1,0,0,361.206081685729,336.70108119825204,0,0,10.821030164864855,0.09594533623790569
2024-11-12 00:15:00+05:30,349.3578844638858,25.0,78.4,0,1,0,0,356.0283963540354,331.7361334536458,0,0,10.821030164864855,0.09594533623790569
2024-11-12 00:30:00+05:30,343.80001507290507,24.9,78.9,0,1,0,0,349.3578844638858,329.0228915620339,0,0,10.821030164864855,0.09594533623790569
2024-11-12 00:45:00+05:30,337.1171206309476,24.9,78.9,0,1,0,0,343.80001507290507,323.68331299652004,0,0,10.821030164864855,0.09594533623790569
2024-11-12 01:00:00+05:30,330.6668672761777,24.7,79.2,1,1,0,0,337.1171206309476,318.8209140873523,0,0,9.728100754378737,-0.03336421712728943
2024-11-12 01:15:00+05:30,327.6721556977901,24.7,79.2,1,1,0,0,330.6668672761777,315.3078844784447,0,0,9.728100754378737,-0.03336421712728943
2024-11-12 01:30:00+05:30,323.43677340073145,24.7,78.7,1,1,0,0,327.6721556977901,311.1889248273064,0,0,9.728100754378737,-0.03336421712728943
2024-11-12 01:45:00+05:30,319.51568661870067,24.7,78.7,1,1,0,0,323.43677340073145,307.5667292597659,0,0,9.728100754378737,-0.03336421712728943
2024-11-12 02:00:00+05:30,315.6087173001598,24.7,78.6,2,1,0,0,319.51568661870067,303.7228628755253,0,0,8.484637707535343,-0.001367850315744823
2024-11-12 02:15:00+05:30,312.5321814400819,24.7,78.6,2,1,0,0,315.6087173001598,300.8102749748942,0,0,8.484637707535343,-0.001367850315744823
2024-11-12 02:30:00+05:30,309.73678481043123,24.8,78.3,2,1,0,0,312.5321814400819,298.537286897741,0,0,8.484637707535343,-0.001367850315744823
2024-11-12 02:45:00+05:30,307.11755332452753,24.8,78.3,2,1,0,0,309.73678481043123,295.5329031751828,0,0,8.484637707535343,-0.001367850315744823
2024-11-12 03:00:00+05:30,304.7779529387318,24.9,77.7,3,1,0,0,307.11755332452753,295.5748331881684,0,0,7.607119538689619,-0.06004878179214801
2024-11-12 03:15:00+05:30,301.71074238701203,24.9,77.7,3,1,0,0,304.7779529387318,293.3178743492182,0,0,7.607119538689619,-0.06004878179214801
2024-11-12 03:30:00+05:30,299.213209659104,24.7,78.1,3,1,0,0,301.71074238701203,290.6426349976946,0,0,7.607119538689619,-0.06004878179214801
2024-11-12 03:45:00+05:30,297.0635256269706,24.7,78.1,3,1,0,0,299.213209659104,289.24247847664645,0,0,7.607119538689619,-0.06004878179214801
2024-11-12 04:00:00+05:30,296.3196066383477,24.5,79.3,4,1,0,0,297.0635256269706,287.9223843608614,0,0,6.594267060678064,0.008427398213465498
2024-11-12 04:15:00+05:30,295.5024722168556,24.5,79.3,4,1,0,0,296.3196066383477,287.20862134806265,0,0,6.594267060678064,0.008427398213465498
2024-11-12 04:30:00+05:30,295.4430189553055,24.3,80.6,4,1,0,0,295.5024722168556,287.5774758354035,0,0,6.594267060678064,0.008427398213465498
2024-11-12 04:45:00+05:30,297.3935465655295,24.3,80.6,4,1,0,0,295.4430189553055,288.500018631387,0,0,6.594267060678064,0.008427398213465498
2024-11-12 05:00:00+05:30,298.5461494119548,24.3,79.4,5,1,0,0,297.3935465655295,290.8059424602557,0,0,5.279257902398529,0.10435750043793113
2024-11-12 05:15:00+05:30,299.59785433644845,24.3,79.4,5,1,0,0,298.5461494119548,292.94101610017714,0,0,5.279257902398529,0.10435750043793113
2024-11-12 05:30:00+05:30,303.5316054667494,24.1,80.5,5,1,0,0,299.59785433644845,297.7425994827866,0,0,5.279257902398529,0.10435750043793113
2024-11-12 05:45:00+05:30,307.67024869311285,24.1,80.5,5,1,0,0,303.5316054667494,301.3318994825453,0,0,5.279257902398529,0.10435750043793113
2024-11-12 06:00:00+05:30,313.01042475220044,24.0,80.8,6,1,0,0,307.67024869311285,308.3682025207241,0,0,4.311530887041023,0.35531410580184186
2024-11-12 06:15:00+05:30,319.70716206310465,24.0,80.8,6,1,0,0,313.01042475220044,315.5573862126264,0,0,4.311530887041023,0.35531410580184186
2024-11-12 06:30:00+05:30,327.2883004213051,24.0,80.8,6,1,0,0,319.70716206310465,323.12939679917406,0,0,4.311530887041023,0.35531410580184186
2024-11-12 06:45:00+05:30,333.4256107819515,24.0,80.8,6,1,0,0,327.2883004213051,332.42291207882005,0,0,4.311530887041023,0.35531410580184186
2024-11-12 07:00:00+05:30,346.39225107874614,23.8,81.3,7,1,0,0,333.4256107819515,345.66523304710125,0,0,5.499185953045883,0.4537110737780554
2024-11-12 07:15:00+05:30,358.0718614253836,23.8,81.3,7,1,0,0,346.39225107874614,360.3027759799757,0,0,5.499185953045883,0.4537110737780554
2024-11-12 07:30:00+05:30,371.511470340673,23.7,81.9,7,1,0,0,358.0718614253836,376.008624003348,0,0,5.499185953045883,0.4537110737780554
2024-11-12 07:45:00+05:30,387.77935615817296,23.7,81.9,7,1,0,0,371.511470340673,391.2455386910606,0,0,5.499185953045883,0.4537110737780554
2024-11-12 08:00:00+05:30,407.081979439493,23.7,81.9,8,1,0,0,387.77935615817296,412.3698147457195,0,0,8.459706391374313,0.5709639278196643
2024-11-12 08:15:00+05:30,426.3817246642728,23.7,81.9,8,1,0,0,407.081979439493,430.4719197575588,0,0,8.459706391374313,0.5709639278196643
2024-11-12 08:30:00+05:30,442.984116090731,23.7,82.0,8,1,0,0,426.3817246642728,447.0480045849419,0,0,8.459706391374313,0.5709639278196643
2024-11-12 08:45:00+05:30,457.2145373068704,23.7,82.0,8,1,0,0,442.984116090731,462.6240130231834,0,0,8.459706391374313,0.5709639278196643
2024-11-12 09:00:00+05:30,470.88257893923054,23.5,82.0,9,1,0,1,457.2145373068704,475.87334509153936,0,0,7.468916508257824,1.776913993434797
2024-11-12 09:15:00+05:30,482.7787613909968,23.5,82.0,9,1,0,1,470.88257893923054,487.6915850390571,0,0,7.468916508257824,1.776913993434797
2024-11-12 09:30:00+05:30,493.5865083809336,23.5,81.4,9,1,0,1,482.7787613909968,496.8062816467176,0,0,7.468916508257824,1.776913993434797
2024-11-12 09:45:00+05:30,500.3287800397371,23.5,81.4,9,1,0,1,493.5865083809336,506.14841451582095,0,0,7.468916508257824,1.776913993434797
2024-11-12 10:00:00+05:30,510.0822973304043,23.4,81.3,10,1,0,1,500.3287800397371,514.9668557684773,0,0,7.176660943313998,1.959443809088301
2024-11-12 10:15:00+05:30,514.8595209327273,23.4,81.3,10,1,0,1,510.0822973304043,522.1735465018787,0,0,7.176660943313998,1.959443809088301
2024-11-12 10:30:00+05:30,520.1209102206408,23.4,81.2,10,1,0,1,514.8595209327273,527.2281588066094,0,0,7.176660943313998,1.959443809088301
2024-11-12 10:45:00+05:30,525.4247820644982,23.4,81.2,10,1,0,1,520.1209102206408,529.4203208709259,0,0,7.176660943313998,1.959443809088301
2024-11-12 11:00:00+05:30,525.2206953863251,23.2,81.2,11,1,0,1,525.4247820644982,529.6096442905066,0,0,7.922475529678865,1.905498851423404
2024-11-12 11:15:00+05:30,524.1385265073641,23.2,81.2,11,1,0,1,525.2206953863251,528.4451340477555,0,0,7.922475529678865,1.905498851423404
2024-11-12 11:30:00+05:30,521.2498652717344,23.1,81.8,11,1,0,1,524.1385265073641,529.1195297323785,0,0,7.922475529678865,1.905498851423404
2024-11-12 11:45:00+05:30,519.6287296072976,23.1,81.8,11,1,0,1,521.2498652717344,527.3794259307095,0,0,7.922475529678865,1.905498851423404
2024-11-12 12:00:00+05:30,519.3638417369935,23.0,82.1,12,1,0,1,519.6287296072976,527.140687650819,0,0,8.194346391416534,1.8296017411002858
2024-11-12 12:15:00+05:30,517.1405990030219,23.0,82.1,12,1,0,1,519.3638417369935,526.6434630588437,0,0,8.194346391416534,1.8296017411002858
2024-11-12 12:30:00+05:30,516.4475052467699,23.0,80.8,12,1,0,1,517.1405990030219,525.6150273915798,0,0,8.194346391416534,1.8296017411002858
2024-11-12 12:45:00+05:30,518.444318678947,23.0,80.8,12,1,0,1,516.4475052467699,525.8816901275062,0,0,8.194346391416534,1.8296017411002858
2024-11-12 13:00:00+05:30,517.658978280866,23.0,79.9,13,1,0,1,518.444318678947,522.1987930564945,0,0,7.466115020642604,1.781152913482967
2024-11-12 13:15:00+05:30,515.8701913592045,23.0,79.9,13,1,0,1,517.658978280866,520.8653758367843,0,0,7.466115020642604,1.781152913482967
2024-11-12 13:30:00+05:30,514.7616453427491,23.0,79.3,13,1,0,1,515.8701913592045,519.2032586492636,0,0,7.466115020642604,1.781152913482967
2024-11-12 13:45:00+05:30,514.5310813073305,23.0,79.3,13,1,0,1,514.7616453427491,518.2269191609073,0,0,7.466115020642604,1.781152913482967
2024-11-12 14:00:00+05:30,517.8679274748158,23.0,78.9,14,1,0,1,514.5310813073305,521.1442954797394,0,0,7.453520252664822,1.8810727851227305
2024-11-12 14:15:00+05:30,520.787619864685,23.0,78.9,14,1,0,1,517.8679274748158,524.2630496138395,0,0,7.453520252664822,1.8810727851227305
2024-11-12 14:30:00+05:30,522.6697154973209,23.2,77.8,14,1,0,1,520.787619864685,524.1009020288903,0,0,7.453520252664822,1.8810727851227305
2024-11-12 14:45:00+05:30,523.1272004295513,23.2,77.8,14,1,0,1,522.6697154973209,525.6961601449148,0,0,7.453520252664822,1.8810727851227305
2024-11-12 15:00:00+05:30,522.9552277971229,23.5,76.8,15,1,0,1,523.1272004295513,528.8408150567456,0,0,7.614608640955644,1.8795749299968296
2024-11-12 15:15:00+05:30,525.3339042538996,23.5,76.8,15,1,0,1,522.9552277971229,528.0120431093576,0,0,7.614608640955644,1.8795749299968296
2024-11-12 15:30:00+05:30,524.5929857593302,23.8,75.4,15,1,0,1,525.3339042538996,527.2086058116515,0,0,7.614608640955644,1.8795749299968296
2024-11-12 15:45:00+05:30,521.7547945035461,23.8,75.4,15,1,0,1,524.5929857593302,525.347141293093,0,0,7.614608640955644,1.8795749299968296
2024-11-12 16:00:00+05:30,521.6312637384177,24.2,73.9,16,1,0,1,521.7547945035461,525.5744170965462,0,0,8.928003783814992,1.63470214174834
2024-11-12 16:15:00+05:30,518.3388968339999,24.2,73.9,16,1,0,1,521.6312637384177,521.2878998594343,0,0,8.928003783814992,1.63470214174834
2024-11-12 16:30:00+05:30,515.6085430086523,24.7,73.0,16,1,0,1,518.3388968339999,518.2516674422443,0,0,8.928003783814992,1.63470214174834
2024-11-12 16:45:00+05:30,512.0154876543764,24.7,73.0,16,1,0,1,515.6085430086523,511.1441325023497,0,0,8.928003783814992,1.63470214174834
2024-11-12 17:00:00+05:30,507.974418291972,25.3,70.3,17,1,0,1,512.0154876543764,503.8295397908658,0,0,9.832269406100862,1.3066312424333932
2024-11-12 17:15:00+05:30,502.89978015777655,25.3,70.3,17,1,0,1,507.974418291972,501.4043335111506,0,0,9.832269406100862,1.3066312424333932
2024-11-12 17:30:00+05:30,496.8035539195103,25.8,67.6,17,1,0,1,502.89978015777655,496.8261552976922,0,0,9.832269406100862,1.3066312424333932
2024-11-12 17:45:00+05:30,494.41082877829024,25.8,67.6,17,1,0,1,496.8035539195103,493.03922696242194,0,0,9.832269406100862,1.3066312424333932
2024-11-12 18:00:00+05:30,493.1982161729073,26.3,65.1,18,1,0,0,494.41082877829024,491.11247850589945,0,0,10.294210660754121,0.797082883851726
2024-11-12 18:15:00+05:30,488.29297373810994,26.3,65.1,18,1,0,0,493.1982161729073,485.115720465032,0,0,10.294210660754121,0.797082883851726
2024-11-12 18:30:00+05:30,482.2089541109031,26.8,63.0,18,1,0,0,488.29297373810994,476.23753106633376,0,0,10.294210660754121,0.797082883851726
2024-11-12 18:45:00+05:30,473.2166638548644,26.8,63.0,18,1,0,0,482.2089541109031,471.8598745549683,0,0,10.294210660754121,0.797082883851726
2024-11-12 19:00:00+05:30,463.9454400950998,27.3,61.6,19,1,0,0,473.2166638548644,464.1808569447556,0,0,10.813310868605901,0.8196688281600798
2024-11-12 19:15:00+05:30,456.4735173342712,27.3,61.6,19,1,0,0,463.9454400950998,453.00647120933365,0,0,10.813310868605901,0.8196688281600798
2024-11-12 19:30:00+05:30,446.7500890390236,27.9,59.3,19,1,0,0,456.4735173342712,446.0693806881262,0,0,10.813310868605901,0.8196688281600798
2024-11-12 19:45:00+05:30,440.9890648983802,27.9,59.3,19,1,0,0,446.7500890390236,439.3959669709002,0,0,10.813310868605901,0.8196688281600798
2024-11-12 20:00:00+05:30,432.8909316153616,28.4,56.4,20,1,0,0,440.9890648983802,429.5336785498587,0,0,10.193366449690611,0.84334742214611
2024-11-12 20:15:00+05:30,425.6763801716466,28.4,56.4,20,1,0,0,432.8909316153616,425.4525452035648,0,0,10.193366449690611,0.84334742214611
2024-11-12 20:30:00+05:30,418.22471395290535,29.1,55.5,20,1,0,0,425.6763801716466,423.175399160462,0,0,10.193366449690611,0.84334742214611
2024-11-12 20:45:00+05:30,413.5745493159153,29.1,55.5,20,1,0,0,418.22471395290535,418.2101242040752,0,0,10.193366449690611,0.84334742214611
2024-11-12 21:00:00+05:30,405.7643278073167,27.05,52.3,21,1,0,0,413.5745493159153,413.1563736890942,0,0,8.774792195189448,0.7521888831997796
2024-11-12 21:15:00+05:30,400.86539453760935,26.025,52.3,21,1,0,0,405.7643278073167,407.8014195278605,0,0,8.774792195189448,0.7521888831997796
2024-11-12 21:30:00+05:30,396.34080527245055,25.5125,49.5,21,1,0,0,400.86539453760935,403.1303966978291,0,0,8.774792195189448,0.7521888831997796
2024-11-12 21:45:00+05:30,391.6904986981833,25.25625,49.5,21,1,0,0,396.34080527245055,397.2845140757163,0,0,8.774792195189448,0.7521888831997796
2024-11-12 22:00:00+05:30,385.5861385815562,25.128125,47.9,22,1,0,0,391.6904986981833,391.7167114271495,0,0,9.389172121610137,0.7252749896297948
2024-11-12 22:15:00+05:30,381.8822767599845,25.0640625,47.9,22,1,0,0,385.5861385815562,388.0894420871159,0,0,9.389172121610137,0.7252749896297948
2024-11-12 22:30:00+05:30,376.8944218296963,25.03203125,63.150000000000006,22,1,0,0,381.8822767599845,384.5766424999558,0,0,9.389172121610137,0.7252749896297948
2024-11-12 22:45:00+05:30,373.384433265293,25.016015625,70.775,22,1,0,0,376.8944218296963,379.981859750306,0,0,9.389172121610137,0.7252749896297948
2024-11-12 23:00:00+05:30,367.4025009911183,25.0080078125,74.5875,23,1,0,0,373.384433265293,374.14143584026607,0,0,10.314981635691288,0.7718909870937027
2024-11-12 23:15:00+05:30,361.2485006224942,25.00400390625,76.49375,23,1,0,0,367.4025009911183,370.1222670882091,0,0,10.314981635691288,0.7718909870937027
2024-11-12 23:30:00+05:30,358.1276612045704,25.002001953125,77.446875,23,1,0,0,361.2485006224942,365.6557186320634,0,0,10.314981635691288,0.7718909870937027
2024-11-12 23:45:00+05:30,352.45685808619703,25.0010009765625,77.9234375,23,1,0,0,358.1276612045704,361.206081685729,0,0,10.314981635691288,0.7718909870937027
2024-11-13 00:00:00+05:30,346.1875129368875,27.63333333,67.26666667,0,2,0,0,352.45685808619703,356.0283963540354,0,0,10.821030164864855,0.09594533623790569
2024-11-13 00:15:00+05:30,342.0485679590332,27.46666667,67.83333333,0,2,0,0,346.1875129368875,349.3578844638858,0,0,10.821030164864855,0.09594533623790569
2024-11-13 00:30:00+05:30,338.7290665999705,27.43333333,67.83333333,0,2,0,0,342.0485679590332,343.80001507290507,0,0,10.821030164864855,0.09594533623790569
2024-11-13 00:45:00+05:30,332.58300388998924,27.4,67.73333333,0,2,0,0,338.7290665999705,337.1171206309476,0,0,10.821030164864855,0.09594533623790569
2024-11-13 01:00:00+05:30,327.2361123720138,27.4,66.06666667,1,2,0,0,332.58300388998924,330.6668672761777,0,0,9.728100754378737,-0.03336421712728943
2024-11-13 01:15:00+05:30,322.0970745008106,27.43333333,65.4,1,2,0,0,327.2361123720138,327.6721556977901,0,0,9.728100754378737,-0.03336421712728943
2024-11-13 01:30:00+05:30,318.23575649436214,27.36666667,65.43333333,1,2,0,0,322.0970745008106,323.43677340073145,0,0,9.728100754378737,-0.03336421712728943
2024-11-13 01:45:00+05:30,312.742528515045,27.2,66.53333333,1,2,0,0,318.23575649436214,319.51568661870067,0,0,9.728100754378737,-0.03336421712728943
2024-11-13 02:00:00+05:30,309.3843166970918,27.1,65.86666667,2,2,0,0,312.742528515045,315.6087173001598,0,0,8.484637707535343,-0.001367850315744823
2024-11-13 02:15:00+05:30,305.35358025420777,27.1,66.5,2,2,0,0,309.3843166970918,312.5321814400819,0,0,8.484637707535343,-0.001367850315744823
2024-11-13 02:30:00+05:30,302.3476101608625,27.0,67.1,2,2,0,0,305.35358025420777,309.73678481043123,0,0,8.484637707535343,-0.001367850315744823
2024-11-13 02:45:00+05:30,300.6870065325724,26.9,67.3,2,2,0,0,302.3476101608625,307.11755332452753,0,0,8.484637707535343,-0.001367850315744823
2024-11-13 03:00:00+05:30,299.6055145903079,26.86666667,66.93333333,3,2,0,0,300.6870065325724,304.7779529387318,0,0,7.607119538689619,-0.06004878179214801
2024-11-13 03:15:00+05:30,297.83520608034405,26.8,66.96666667,3,2,0,0,299.6055145903079,301.71074238701203,0,0,7.607119538689619,-0.06004878179214801
2024-11-13 03:30:00+05:30,295.766966905162,26.73333333,67.26666667,3,2,0,0,297.83520608034405,299.213209659104,0,0,7.607119538689619,-0.06004878179214801
2024-11-13 03:45:00+05:30,294.1176484239552,26.66666667,67.43333333,3,2,0,0,295.766966905162,297.0635256269706,0,0,7.607119538689619,-0.06004878179214801
2024-11-13 04:00:00+05:30,292.6386588705639,26.56666667,67.6,4,2,0,0,294.1176484239552,296.3196066383477,0,0,6.594267060678064,0.008427398213465498
2024-11-13 04:15:00+05:30,291.09989712390933,26.43333333,67.66666667,4,2,0,0,292.6386588705639,295.5024722168556,0,0,6.594267060678064,0.008427398213465498
2024-11-13 04:30:00+05:30,290.63195246678333,26.36666667,67.13333333,4,2,0,0,291.09989712390933,295.4430189553055,0,0,6.594267060678064,0.008427398213465498
2024-11-13 04:45:00+05:30,292.77153782972186,26.33333333,67.33333333,4,2,0,0,290.63195246678333,297.3935465655295,0,0,6.594267060678064,0.008427398213465498
2024-11-13 05:00:00+05:30,293.5919416224117,26.3,67.2,5,2,0,0,292.77153782972186,298.5461494119548,0,0,5.279257902398529,0.10435750043793113
2024-11-13 05:15:00+05:30,295.49275944072923,26.16666667,67.7,5,2,0,0,293.5919416224117,299.59785433644845,0,0,5.279257902398529,0.10435750043793113
2024-11-13 05:30:00+05:30,298.6656500392279,26.1,66.93333333,5,2,0,0,295.49275944072923,303.5316054667494,0,0,5.279257902398529,0.10435750043793113
2024-11-13 05:45:00+05:30,304.23316390437253,26.03333333,66.1,5,2,0,0,298.6656500392279,307.67024869311285,0,0,5.279257902398529,0.10435750043793113
2024-11-13 06:00:00+05:30,312.4220628241247,25.93333333,65.7,6,2,0,0,304.23316390437253,313.01042475220044,0,0,4.311530887041023,0.35531410580184186
2024-11-13 06:15:00+05:30,317.991761423027,25.9,64.06666667,6,2,0,0,312.4220628241247,319.70716206310465,0,0,4.311530887041023,0.35531410580184186
2024-11-13 06:30:00+05:30,325.70238079058623,25.9,63.1,6,2,0,0,317.991761423027,327.2883004213051,0,0,4.311530887041023,0.35531410580184186
2024-11-13 06:45:00+05:30,336.4702037730639,25.93333333,62.76666667,6,2,0,0,325.70238079058623,333.4256107819515,0,0,4.311530887041023,0.35531410580184186
2024-11-13 07:00:00+05:30,348.55099364344204,26.06666667,62.5,7,2,0,0,336.4702037730639,346.39225107874614,0,0,5.499185953045883,0.4537110737780554
2024-11-13 07:15:00+05:30,359.0151339267632,26.23333333,62.63333333,7,2,0,0,348.55099364344204,358.0718614253836,0,0,5.499185953045883,0.4537110737780554
2024-11-13 07:30:00+05:30,371.6475110369552,26.43333333,62.3,7,2,0,0,359.0151339267632,371.511470340673,0,0,5.499185953045883,0.4537110737780554
2024-11-13 07:45:00+05:30,385.9126287655817,26.73333333,61.8,7,2,0,0,371.6475110369552,387.77935615817296,0,0,5.499185953045883,0.4537110737780554
2024-11-13 08:00:00+05:30,405.0976543096055,27.26666667,60.83333333,8,2,0,0,385.9126287655817,407.081979439493,0,0,8.459706391374313,0.5709639278196643
2024-11-13 08:15:00+05:30,423.829882756552,27.7,59.7,8,2,0,0,405.0976543096055,426.3817246642728,0,0,8.459706391374313,0.5709639278196643
2024-11-13 08:30:00+05:30,439.6008640383317,28.1,58.1,8,2,0,0,423.829882756552,442.984116090731,0,0,8.459706391374313,0.5709639278196643
2024-11-13 08:45:00+05:30,452.3234973794185,28.73333333,55.7,8,2,0,0,439.6008640383317,457.2145373068704,0,0,8.459706391374313,0.5709639278196643
2024-11-13 09:00:00+05:30,463.9119623377176,29.36666667,53.86666667,9,2,0,1,452.3234973794185,470.88257893923054,0,0,7.468916508257824,1.776913993434797
2024-11-13 09:15:00+05:30,477.0985633288192,29.86666667,52.56666667,9,2,0,1,463.9119623377176,482.7787613909968,0,0,7.468916508257824,1.776913993434797
2024-11-13 09:30:00+05:30,486.8849160769834,30.46666667,50.3,9,2,0,1,477.0985633288192,493.5865083809336,0,0,7.468916508257824,1.776913993434797
2024-11-13 09:45:00+05:30,496.6021927261173,30.9,48.16666667,9,2,0,1,486.8849160769834,500.3287800397371,0,0,7.468916508257824,1.776913993434797
2024-11-13 10:00:00+05:30,505.1329887047374,31.7,46.5,10,2,0,1,496.6021927261173,510.0822973304043,0,0,7.176660943313998,1.959443809088301
2024-11-13 10:15:00+05:30,511.0100376605564,32.06666667,44.16666667,10,2,0,1,505.1329887047374,514.8595209327273,0,0,7.176660943313998,1.959443809088301
2024-11-13 10:30:00+05:30,516.1161952593806,32.6,41.86666667,10,2,0,1,511.0100376605564,520.1209102206408,0,0,7.176660943313998,1.959443809088301
2024-11-13 10:45:00+05:30,516.9205261880983,33.03333333,40.5,10,2,0,1,516.1161952593806,525.4247820644982,0,0,7.176660943313998,1.959443809088301
2024-11-13 11:00:00+05:30,519.5623248614193,33.26666667,39.43333333,11,2,0,1,516.9205261880983,525.2206953863251,0,0,7.922475529678865,1.905498851423404
2024-11-13 11:15:00+05:30,520.550364689736,33.46666667,38.43333333,11,2,0,1,519.5623248614193,524.1385265073641,0,0,7.922475529678865,1.905498851423404
2024-11-13 11:30:00+05:30,520.836945668886,33.7,38.33333333,11,2,0,1,520.550364689736,521.2498652717344,0,0,7.922475529678865,1.905498851423404
2024-11-13 11:45:00+05:30,522.6934740423945,34.06666667,38.03333333,11,2,0,1,520.836945668886,519.6287296072976,0,0,7.922475529678865,1.905498851423404
2024-11-13 12:00:00+05:30,522.0099294038438,34.3,36.56666667,12,2,0,1,522.6934740423945,519.3638417369935,0,0,8.194346391416534,1.8296017411002858
2024-11-13 12:15:00+05:30,522.332244960076,34.63333333,35.86666667,12,2,0,1,522.0099294038438,517.1405990030219,0,0,8.194346391416534,1.8296017411002858
2024-11-13 12:30:00+05:30,522.1506685221995,34.93333333,34.7,12,2,0,1,522.332244960076,516.4475052467699,0,0,8.194346391416534,1.8296017411002858
2024-11-13 12:45:00+05:30,522.7391872991496,35.0,34.66666667,12,2,0,1,522.1506685221995,518.444318678947,0,0,8.194346391416534,1.8296017411002858
2024-11-13 13:00:00+05:30,521.595889483348,35.16666667,34.33333333,13,2,0,1,522.7391872991496,517.658978280866,0,0,7.466115020642604,1.781152913482967
2024-11-13 13:15:00+05:30,520.0894318640691,35.4,33.93333333,13,2,0,1,521.595889483348,515.8701913592045,0,0,7.466115020642604,1.781152913482967
2024-11-13 13:30:00+05:30,520.478059571213,35.43333333,33.8,13,2,0,1,520.0894318640691,514.7616453427491,0,0,7.466115020642604,1.781152913482967
2024-11-13 13:45:00+05:30,521.2260663745589,35.6,33.4,13,2,0,1,520.478059571213,514.5310813073305,0,0,7.466115020642604,1.781152913482967
2024-11-13 14:00:00+05:30,524.6728422948669,35.8,33.23333333,14,2,0,1,521.2260663745589,517.8679274748158,0,0,7.453520252664822,1.8810727851227305
2024-11-13 14:15:00+05:30,529.2348263768324,35.8,32.53333333,14,2,0,1,524.6728422948669,520.787619864685,0,0,7.453520252664822,1.8810727851227305
2024-11-13 14:30:00+05:30,529.265254308509,35.96666667,32.1,14,2,0,1,529.2348263768324,522.6697154973209,0,0,7.453520252664822,1.8810727851227305
2024-11-13 14:45:00+05:30,528.5486582987741,36.1,31.86666667,14,2,0,1,529.265254308509,523.1272004295513,0,0,7.453520252664822,1.8810727851227305
2024-11-13 15:00:00+05:30,529.0398305613821,36.23333333,31.93333333,15,2,0,1,528.5486582987741,522.9552277971229,0,0,7.614608640955644,1.8795749299968296
2024-11-13 15:15:00+05:30,530.6221567181618,36.13333333,31.86666667,15,2,0,1,529.0398305613821,525.3339042538996,0,0,7.614608640955644,1.8795749299968296
2024-11-13 15:30:00+05:30,532.0264918197856,36.23333333,32.36666667,15,2,0,1,530.6221567181618,524.5929857593302,0,0,7.614608640955644,1.8795749299968296
2024-11-13 15:45:00+05:30,526.8120234111095,35.7,36.1,15,2,0,1,532.0264918197856,521.7547945035461,0,0,7.614608640955644,1.8795749299968296
2024-11-13 16:00:00+05:30,528.5018175961811,34.6,39.26666667,16,2,0,1,526.8120234111095,521.6312637384177,0,0,8.928003783814992,1.63470214174834
2024-11-13 16:15:00+05:30,527.2652569928225,33.83333333,39.86666667,16,2,0,1,528.5018175961811,518.3388968339999,0,0,8.928003783814992,1.63470214174834
2024-11-13 16:30:00+05:30,523.2455937750651,33.06666667,41.63333333,16,2,0,1,527.2652569928225,515.6085430086523,0,0,8.928003783814992,1.63470214174834
2024-11-13 16:45:00+05:30,519.7998541621396,32.63333333,44.23333333,16,2,0,1,523.2455937750651,512.0154876543764,0,0,8.928003783814992,1.63470214174834
2024-11-13 17:00:00+05:30,515.5166149445683,32.2,45.6,17,2,0,1,519.7998541621396,507.974418291972,0,0,9.832269406100862,1.3066312424333932
2024-11-13 17:15:00+05:30,509.4884350279865,31.76666667,46.76666667,17,2,0,1,515.5166149445683,502.89978015777655,0,0,9.832269406100862,1.3066312424333932
2024-11-13 17:30:00+05:30,505.3399143272657,31.36666667,47.73333333,17,2,0,1,509.4884350279865,496.8035539195103,0,0,9.832269406100862,1.3066312424333932
2024-11-13 17:45:00+05:30,502.076773231474,30.96666667,51.5,17,2,0,1,505.3399143272657,494.41082877829024,0,0,9.832269406100862,1.3066312424333932
2024-11-13 18:00:00+05:30,500.0891585083804,30.5,54.1,18,2,0,0,502.076773231474,493.1982161729073,0,0,10.294210660754121,0.797082883851726
2024-11-13 18:15:00+05:30,494.14001737429794,30.26666667,55.26666667,18,2,0,0,500.0891585083804,488.29297373810994,0,0,10.294210660754121,0.797082883851726
2024-11-13 18:30:00+05:30,488.4364430152017,30.06666667,56.06666667,18,2,0,0,494.14001737429794,482.2089541109031,0,0,10.294210660754121,0.797082883851726
2024-11-13 18:45:00+05:30,480.39365684357455,29.9,57.03333333,18,2,0,0,488.4364430152017,473.2166638548644,0,0,10.294210660754121,0.797082883851726
2024-11-13 19:00:00+05:30,474.4875665507088,29.7,57.26666667,19,2,0,0,480.39365684357455,463.9454400950998,0,0,10.813310868605901,0.8196688281600798
2024-11-13 19:15:00+05:30,463.4686189784623,29.53333333,57.56666667,19,2,0,0,474.4875665507088,456.4735173342712,0,0,10.813310868605901,0.8196688281600798
2024-11-13 19:30:00+05:30,454.4599236690136,29.4,58.23333333,19,2,0,0,463.4686189784623,446.7500890390236,0,0,10.813310868605901,0.8196688281600798
2024-11-13 19:45:00+05:30,448.9504484171114,29.3,58.4,19,2,0,0,454.4599236690136,440.9890648983802,0,0,10.813310868605901,0.8196688281600798
2024-11-13 20:00:00+05:30,436.8613981341644,29.23333333,58.93333333,20,2,0,0,448.9504484171114,432.8909316153616,0,0,10.193366449690611,0.84334742214611
2024-11-13 20:15:00+05:30,431.757244816955,29.16666667,57.7,20,2,0,0,436.8613981341644,425.6763801716466,0,0,10.193366449690611,0.84334742214611
2024-11-13 20:30:00+05:30,426.4912792272056,29.0,57.53333333,20,2,0,0,431.757244816955,418.22471395290535,0,0,10.193366449690611,0.84334742214611
2024-11-13 20:45:00+05:30,420.9892290899901,28.83333333,58.26666667,20,2,0,0,426.4912792272056,413.5745493159153,0,0,10.193366449690611,0.84334742214611
2024-11-13 21:00:00+05:30,415.5933960890226,28.63333333,58.43333333,21,2,0,0,420.9892290899901,405.7643278073167,0,0,8.774792195189448,0.7521888831997796
2024-11-13 21:15:00+05:30,410.1634916448302,28.43333333,59.26666667,21,2,0,0,415.5933960890226,400.86539453760935,0,0,8.774792195189448,0.7521888831997796
2024-11-13 21:30:00+05:30,400.2471129571124,28.23333333,59.03333333,21,2,0,0,410.1634916448302,396.34080527245055,0,0,8.774792195189448,0.7521888831997796
2024-11-13 21:45:00+05:30,398.44024999974016,28.16666667,59.4,21,2,0,0,400.2471129571124,391.6904986981833,0,0,8.774792195189448,0.7521888831997796
2024-11-13 22:00:00+05:30,394.71778465014273,28.03333333,59.33333333,22,2,0,0,398.44024999974016,385.5861385815562,0,0,9.389172121610137,0.7252749896297948
2024-11-13 22:15:00+05:30,390.26048439994,27.9,59.0,22,2,0,0,394.71778465014273,381.8822767599845,0,0,9.389172121610137,0.7252749896297948
2024-11-13 22:30:00+05:30,385.5215771191263,27.9,58.96666667,22,2,0,0,390.26048439994,376.8944218296963,0,0,9.389172121610137,0.7252749896297948
2024-11-13 22:45:00+05:30,383.2096497387007,27.83333333,59.7,22,2,0,0,385.5215771191263,373.384433265293,0,0,9.389172121610137,0.7252749896297948
2024-11-13 23:00:00+05:30,376.9386171355456,27.6,60.96666667,23,2,0,0,383.2096497387007,367.4025009911183,0,0,10.314981635691288,0.7718909870937027
2024-11-13 23:15:00+05:30,369.86536325610734,27.5,60.8,23,2,0,0,376.9386171355456,361.2485006224942,0,0,10.314981635691288,0.7718909870937027
2024-11-13 23:30:00+05:30,366.8712351312067,27.46666667,60.26666667,23,2,0,0,369.86536325610734,358.1276612045704,0,0,10.314981635691288,0.7718909870937027
2024-11-13 23:45:00+05:30,361.3515572947757,27.33333333,60.73333333,23,2,0,0,366.8712351312067,352.45685808619703,0,0,10.314981635691288,0.7718909870937027
2024-11-14 00:00:00+05:30,355.7525433058871,27.93333333,64.2,0,3,0,0,361.3515572947757,346.1875129368875,0,0,10.821030164864855,0.09594533623790569
2024-11-14 00:15:00+05:30,350.7020595686834,27.76666667,65.33333333,0,3,0,0,355.7525433058871,342.0485679590332,0,0,10.821030164864855,0.09594533623790569
2024-11-14 00:30:00+05:30,345.4165317112576,27.63333333,65.66666667,0,3,0,0,350.7020595686834,338.7290665999705,0,0,10.821030164864855,0.09594533623790569
2024-11-14 00:45:00+05:30,342.2355882505441,27.5,66.56666667,0,3,0,0,345.4165317112576,332.58300388998924,0,0,10.821030164864855,0.09594533623790569
2024-11-14 01:00:00+05:30,337.60962386590336,27.36666667,67.6,1,3,0,0,342.2355882505441,327.2361123720138,0,0,9.728100754378737,-0.03336421712728943
2024-11-14 01:15:00+05:30,329.8651374824006,27.2,68.06666667,1,3,0,0,337.60962386590336,322.0970745008106,0,0,9.728100754378737,-0.03336421712728943
2024-11-14 01:30:00+05:30,324.5942719031544,27.1,68.43333333,1,3,0,0,329.8651374824006,318.23575649436214,0,0,9.728100754378737,-0.03336421712728943
2024-11-14 01:45:00+05:30,319.7309484325705,27.0,69.16666667,1,3,0,0,324.5942719031544,312.742528515045,0,0,9.728100754378737,-0.03336421712728943
2024-11-14 02:00:00+05:30,317.4908698682321,26.86666667,70.33333333,2,3,0,0,319.7309484325705,309.3843166970918,0,0,8.484637707535343,-0.001367850315744823
2024-11-14 02:15:00+05:30,312.1273764131334,26.73333333,70.16666667,2,3,0,0,317.4908698682321,305.35358025420777,0,0,8.484637707535343,-0.001367850315744823
2024-11-14 02:30:00+05:30,308.73501589721207,26.6,70.1,2,3,0,0,312.1273764131334,302.3476101608625,0,0,8.484637707535343,-0.001367850315744823
2024-11-14 02:45:00+05:30,307.17367532371804,26.56666667,69.8,2,3,0,0,308.73501589721207,300.6870065325724,0,0,8.484637707535343,-0.001367850315744823
2024-11-14 03:00:00+05:30,305.0892816045208,26.46666667,70.0,3,3,0,0,307.17367532371804,299.6055145903079,0,0,7.607119538689619,-0.06004878179214801
2024-11-14 03:15:00+05:30,303.62973406098115,26.3,70.33333333,3,3,0,0,305.0892816045208,297.83520608034405,0,0,7.607119538689619,-0.06004878179214801
2024-11-14 03:30:00+05:30,301.5990214532449,26.2,70.73333333,3,3,0,0,303.62973406098115,295.766966905162,0,0,7.607119538689619,-0.06004878179214801
2024-11-14 03:45:00+05:30,298.8183813289167,26.0,70.86666667,3,3,0,0,301.5990214532449,294.1176484239552,0,0,7.607119538689619,-0.06004878179214801
2024-11-14 04:00:00+05:30,297.49295246206333,25.93333333,71.76666667,4,3,0,0,298.8183813289167,292.6386588705639,0,0,6.594267060678064,0.008427398213465498
2024-11-14 04:15:00+05:30,295.684380929279,25.9,71.46666667,4,3,0,0,297.49295246206333,291.09989712390933,0,0,6.594267060678064,0.008427398213465498
2024-11-14 04:30:00+05:30,295.7675286455741,25.73333333,73.06666667,4,3,0,0,295.684380929279,290.63195246678333,0,0,6.594267060678064,0.008427398213465498
2024-11-14 04:45:00+05:30,298.1509828577688,25.56666667,73.76666667,4,3,0,0,295.7675286455741,292.77153782972186,0,0,6.594267060678064,0.008427398213465498
2024-11-14 05:00:00+05:30,301.74930379099465,25.4,74.96666667,5,3,0,0,298.1509828577688,293.5919416224117,0,0,5.279257902398529,0.10435750043793113
2024-11-14 05:15:00+05:30,303.966294552305,25.4,74.5,5,3,0,0,301.74930379099465,295.49275944072923,0,0,5.279257902398529,0.10435750043793113
2024-11-14 05:30:00+05:30,307.6168595167081,25.26666667,74.43333333,5,3,0,0,303.966294552305,298.6656500392279,0,0,5.279257902398529,0.10435750043793113
2024-11-14 05:45:00+05:30,312.848402174871,25.16666667,74.66666667,5,3,0,0,307.6168595167081,304.23316390437253,0,0,5.279257902398529,0.10435750043793113
2024-11-14 06:00:00+05:30,320.8274137340471,25.13333333,75.8,6,3,0,0,312.848402174871,312.4220628241247,0,0,4.311530887041023,0.35531410580184186
2024-11-14 06:15:00+05:30,327.4915676645039,25.13333333,75.2,6,3,0,0,320.8274137340471,317.991761423027,0,0,4.311530887041023,0.35531410580184186
2024-11-14 06:30:00+05:30,335.3040122660996,25.03333333,75.0,6,3,0,0,327.4915676645039,325.70238079058623,0,0,4.311530887041023,0.35531410580184186
2024-11-14 06:45:00+05:30,343.6536102568721,25.03333333,74.56666667,6,3,0,0,335.3040122660996,336.4702037730639,0,0,4.311530887041023,0.35531410580184186
2024-11-14 07:00:00+05:30,353.9364874296174,25.1,74.2,7,3,0,0,343.6536102568721,348.55099364344204,0,0,5.499185953045883,0.4537110737780554
2024-11-14 07:15:00+05:30,365.2125132822992,25.26666667,74.13333333,7,3,0,0,353.9364874296174,359.0151339267632,0,0,5.499185953045883,0.4537110737780554
2024-11-14 07:30:00+05:30,378.2014629925168,25.53333333,73.66666667,7,3,0,0,365.2125132822992,371.6475110369552,0,0,5.499185953045883,0.4537110737780554
2024-11-14 07:45:00+05:30,392.16127600466064,26.06666667,70.96666667,7,3,0,0,378.2014629925168,385.9126287655817,0,0,5.499185953045883,0.4537110737780554
2024-11-14 08:00:00+05:30,413.7506066343195,26.8,68.5,8,3,0,0,392.16127600466064,405.0976543096055,0,0,8.459706391374313,0.5709639278196643
2024-11-14 08:15:00+05:30,431.0716628163588,27.66666667,64.1,8,3,0,0,413.7506066343195,423.829882756552,0,0,8.459706391374313,0.5709639278196643
2024-11-14 08:30:00+05:30,448.423807351542,27.86666667,62.06666667,8,3,0,0,431.0716628163588,439.6008640383317,0,0,8.459706391374313,0.5709639278196643
2024-11-14 08:45:00+05:30,463.3618551755833,29.36666667,58.2,8,3,0,0,448.423807351542,452.3234973794185,0,0,8.459706391374313,0.5709639278196643
2024-11-14 09:00:00+05:30,476.7328064527393,30.03333333,54.86666667,9,3,0,1,463.3618551755833,463.9119623377176,0,0,7.468916508257824,1.776913993434797
2024-11-14 09:15:00+05:30,485.41738228025713,30.8,53.13333333,9,3,0,1,476.7328064527393,477.0985633288192,0,0,7.468916508257824,1.776913993434797
2024-11-14 09:30:00+05:30,496.9600526615175,31.53333333,51.6,9,3,0,1,485.41738228025713,486.8849160769834,0,0,7.468916508257824,1.776913993434797
2024-11-14 09:45:00+05:30,505.481217279621,32.16666667,48.73333333,9,3,0,1,496.9600526615175,496.6021927261173,0,0,7.468916508257824,1.776913993434797
2024-11-14 10:00:00+05:30,514.8552536084773,32.63333333,46.6,10,3,0,1,505.481217279621,505.1329887047374,0,0,7.176660943313998,1.959443809088301
2024-11-14 10:15:00+05:30,522.2217079780785,33.13333333,45.1,10,3,0,1,514.8552536084773,511.0100376605564,0,0,7.176660943313998,1.959443809088301
2024-11-14 10:30:00+05:30,528.5567383692094,33.7,43.43333333,10,3,0,1,522.2217079780785,516.1161952593806,0,0,7.176660943313998,1.959443809088301
2024-11-14 10:45:00+05:30,531.729941566726,34.26666667,42.73333333,10,3,0,1,528.5567383692094,516.9205261880983,0,0,7.176660943313998,1.959443809088301
2024-11-14 11:00:00+05:30,532.5608119305066,34.66666667,41.66666667,11,3,0,1,531.729941566726,519.5623248614193,0,0,7.922475529678865,1.905498851423404
2024-11-14 11:15:00+05:30,533.9677123267556,35.0,40.4,11,3,0,1,532.5608119305066,520.550364689736,0,0,7.922475529678865,1.905498851423404
2024-11-14 11:30:00+05:30,535.0196212589784,35.2,40.2,11,3,0,1,533.9677123267556,520.836945668886,0,0,7.922475529678865,1.905498851423404
2024-11-14 11:45:00+05:30,535.3998333333095,35.43333333,39.2,11,3,0,1,535.0196212589784,522.6934740423945,0,0,7.922475529678865,1.905498851423404
2024-11-14 12:00:00+05:30,536.6385509074191,35.63333333,38.76666667,12,3,0,1,535.3998333333095,522.0099294038438,0,0,8.194346391416534,1.8296017411002858
2024-11-14 12:15:00+05:30,537.0944361406437,36.1,38.53333333,12,3,0,1,536.6385509074191,522.332244960076,0,0,8.194346391416534,1.8296017411002858
2024-11-14 12:30:00+05:30,535.4251139641797,36.26666667,38.03333333,12,3,0,1,537.0944361406437,522.1506685221995,0,0,8.194346391416534,1.8296017411002858
2024-11-14 12:45:00+05:30,538.2229691339062,36.53333333,37.7,12,3,0,1,535.4251139641797,522.7391872991496,0,0,8.194346391416534,1.8296017411002858
2024-11-14 13:00:00+05:30,535.9368552238947,36.86666667,37.0,13,3,0,1,538.2229691339062,521.595889483348,0,0,7.466115020642604,1.781152913482967
2024-11-14 13:15:00+05:30,534.9558465559842,36.83333333,36.2,13,3,0,1,535.9368552238947,520.0894318640691,0,0,7.466115020642604,1.781152913482967
2024-11-14 13:30:00+05:30,534.1011798634636,37.0,34.86666667,13,3,0,1,534.9558465559842,520.478059571213,0,0,7.466115020642604,1.781152913482967
2024-11-14 13:45:00+05:30,537.6122064439072,36.76666667,35.13333333,13,3,0,1,534.1011798634636,521.2260663745589,0,0,7.466115020642604,1.781152913482967
2024-11-14 14:00:00+05:30,541.1483187853395,36.9,34.73333333,14,3,0,1,537.6122064439072,524.6728422948669,0,0,7.453520252664822,1.8810727851227305
2024-11-14 14:15:00+05:30,543.2066063624395,36.96666667,36.53333333,14,3,0,1,541.1483187853395,529.2348263768324,0,0,7.453520252664822,1.8810727851227305
2024-11-14 14:30:00+05:30,543.6869130524902,37.1,38.13333333,14,3,0,1,543.2066063624395,529.265254308509,0,0,7.453520252664822,1.8810727851227305
2024-11-14 14:45:00+05:30,543.4097617037148,37.16666667,37.23333333,14,3,0,1,543.6869130524902,528.5486582987741,0,0,7.453520252664822,1.8810727851227305
2024-11-14 15:00:00+05:30,546.0545475365456,37.3,36.5,15,3,0,1,543.4097617037148,529.0398305613821,0,0,7.614608640955644,1.8795749299968296
2024-11-14 15:15:00+05:30,547.4552895507576,37.23333333,35.96666667,15,3,0,1,546.0545475365456,530.6221567181618,0,0,7.614608640955644,1.8795749299968296
2024-11-14 15:30:00+05:30,545.0429305022515,36.93333333,36.03333333,15,3,0,1,547.4552895507576,532.0264918197856,0,0,7.614608640955644,1.8795749299968296
2024-11-14 15:45:00+05:30,544.0025323990932,36.5,35.66666667,15,3,0,1,545.0429305022515,526.8120234111095,0,0,7.614608640955644,1.8795749299968296
2024-11-14 16:00:00+05:30,544.4464521803461,35.53333333,39.7,16,3,0,1,544.0025323990932,528.5018175961811,0,0,8.928003783814992,1.63470214174834
2024-11-14 16:15:00+05:30,538.1434645078342,34.6,42.0,16,3,0,1,544.4464521803461,527.2652569928225,0,0,8.928003783814992,1.63470214174834
2024-11-14 16:30:00+05:30,534.6477745430442,34.06666667,41.76666667,16,3,0,1,538.1434645078342,523.2455937750651,0,0,8.928003783814992,1.63470214174834
2024-11-14 16:45:00+05:30,530.2012136483497,33.63333333,45.13333333,16,3,0,1,534.6477745430442,519.7998541621396,0,0,8.928003783814992,1.63470214174834
2024-11-14 17:00:00+05:30,527.1075063586658,33.06666667,47.46666667,17,3,0,1,530.2012136483497,515.5166149445683,0,0,9.832269406100862,1.3066312424333932
2024-11-14 17:15:00+05:30,519.5490947663507,32.6,50.3,17,3,0,1,527.1075063586658,509.4884350279865,0,0,9.832269406100862,1.3066312424333932
2024-11-14 17:30:00+05:30,514.5816760078922,32.1,53.16666667,17,3,0,1,519.5490947663507,505.3399143272657,0,0,9.832269406100862,1.3066312424333932
2024-11-14 17:45:00+05:30,510.8646902946221,31.76666667,51.73333333,17,3,0,1,514.5816760078922,502.076773231474,0,0,9.832269406100862,1.3066312424333932
2024-11-14 18:00:00+05:30,506.40494008169935,31.5,54.2,18,3,0,0,510.8646902946221,500.0891585083804,0,0,10.294210660754121,0.797082883851726
2024-11-14 18:15:00+05:30,498.1996048796316,31.26666667,53.9,18,3,0,0,506.40494008169935,494.14001737429794,0,0,10.294210660754121,0.797082883851726
2024-11-14 18:30:00+05:30,491.3238862509336,31.13333333,53.53333333,18,3,0,0,498.1996048796316,488.4364430152017,0,0,10.294210660754121,0.797082883851726
2024-11-14 18:45:00+05:30,478.4533725551681,30.93333333,54.0,18,3,0,0,491.3238862509336,480.39365684357455,0,0,10.294210660754121,0.797082883851726
2024-11-14 19:00:00+05:30,469.2482211517556,30.8,54.83333333,19,3,0,0,478.4533725551681,474.4875665507088,0,0,10.813310868605901,0.8196688281600798
2024-11-14 19:15:00+05:30,459.3753038339338,30.66666667,56.3,19,3,0,0,469.2482211517556,463.4686189784623,0,0,10.813310868605901,0.8196688281600798
2024-11-14 19:30:00+05:30,452.01794413992616,30.43333333,57.43333333,19,3,0,0,459.3753038339338,454.4599236690136,0,0,10.813310868605901,0.8196688281600798
2024-11-14 19:45:00+05:30,443.8002006059003,30.23333333,57.96666667,19,3,0,0,452.01794413992616,448.9504484171114,0,0,10.813310868605901,0.8196688281600798
2024-11-14 20:00:00+05:30,435.9339623698586,30.03333333,58.0,20,3,0,0,443.8002006059003,436.8613981341644,0,0,10.193366449690611,0.84334742214611
2024-11-14 20:15:00+05:30,429.3888959791648,29.86666667,58.43333333,20,3,0,0,435.9339623698586,431.757244816955,0,0,10.193366449690611,0.84334742214611
2024-11-14 20:30:00+05:30,423.6704892006618,29.7,59.7,20,3,0,0,429.3888959791648,426.4912792272056,0,0,10.193366449690611,0.84334742214611
2024-11-14 20:45:00+05:30,415.3043084168753,29.63333333,58.0,20,3,0,0,423.6704892006618,420.9892290899901,0,0,10.193366449690611,0.84334742214611
2024-11-14 21:00:00+05:30,408.8186407250941,29.5,60.23333333,21,3,0,0,415.3043084168753,415.5933960890226,0,0,8.774792195189448,0.7521888831997796
2024-11-14 21:15:00+05:30,405.7237540710605,29.4,58.23333333,21,3,0,0,408.8186407250941,410.1634916448302,0,0,8.774792195189448,0.7521888831997796
2024-11-14 21:30:00+05:30,402.04861412122926,29.4,58.9,21,3,0,0,405.7237540710605,400.2471129571124,0,0,8.774792195189448,0.7521888831997796
2024-11-14 21:45:00+05:30,395.38584703811625,29.36666667,58.33333333,21,3,0,0,402.04861412122926,398.44024999974016,0,0,8.774792195189448,0.7521888831997796
2024-11-14 22:00:00+05:30,389.8574419785496,29.33333333,57.26666667,22,3,0,0,395.38584703811625,394.71778465014273,0,0,9.389172121610137,0.7252749896297948
2024-11-14 22:15:00+05:30,385.2985706893157,29.3,55.86666667,22,3,0,0,389.8574419785496,390.26048439994,0,0,9.389172121610137,0.7252749896297948
2024-11-14 22:30:00+05:30,382.0920615825558,29.23333333,55.1,22,3,0,0,385.2985706893157,385.5215771191263,0,0,9.389172121610137,0.7252749896297948
2024-11-14 22:45:00+05:30,378.180779003106,29.13333333,55.36666667,22,3,0,0,382.0920615825558,383.2096497387007,0,0,9.389172121610137,0.7252749896297948
2024-11-14 23:00:00+05:30,373.80958980586615,29.13333333,56.1,23,3,0,0,378.180779003106,376.9386171355456,0,0,10.314981635691288,0.7718909870937027
2024-11-14 23:15:00+05:30,369.6533300864091,29.06666667,56.93333333,23,3,0,0,373.80958980586615,369.86536325610734,0,0,10.314981635691288,0.7718909870937027
2024-11-14 23:30:00+05:30,365.3099371656634,29.03333333,57.1,23,3,0,0,369.6533300864091,366.8712351312067,0,0,10.314981635691288,0.7718909870937027
2024-11-14 23:45:00+05:30,370.95660177192894,29.0,56.93333333,23,3,0,0,365.3099371656634,361.3515572947757,0,0,10.314981635691288,0.7718909870937027
2024-11-15 00:00:00+05:30,356.97610091425184,28.9,55.5,0,4,0,0,370.95660177192894,355.7525433058871,1,1,10.28266400297469,0.43514823999908975
2024-11-15 00:15:00+05:30,350.20313014604585,28.8,54.6,0,4,0,0,356.97610091425184,350.7020595686834,1,1,10.28266400297469,0.43514823999908975
2024-11-15 00:30:00+05:30,345.623124115434,28.53333333,58.53333333,0,4,0,0,350.20313014604585,345.4165317112576,1,1,10.28266400297469,0.43514823999908975
2024-11-15 00:45:00+05:30,341.2544029723202,28.4,58.26666667,0,4,0,0,345.623124115434,342.2355882505441,1,1,10.28266400297469,0.43514823999908975
2024-11-15 01:00:00+05:30,337.9676520023523,28.36666667,58.16666667,1,4,0,0,341.2544029723202,337.60962386590336,1,1,10.23492857948753,0.41905279901833875
2024-11-15 01:15:00+05:30,332.9789918874448,28.3,58.53333333,1,4,0,0,337.9676520023523,329.8651374824006,1,1,10.23492857948753,0.41905279901833875
2024-11-15 01:30:00+05:30,327.64547189690643,28.16666667,59.06666667,1,4,0,0,332.9789918874448,324.5942719031544,1,1,10.23492857948753,0.41905279901833875
2024-11-15 01:45:00+05:30,322.78351012536586,28.06666667,59.66666667,1,4,0,0,327.64547189690643,319.7309484325705,1,1,10.23492857948753,0.41905279901833875
2024-11-15 02:00:00+05:30,318.47348324952526,28.1,60.06666667,2,4,0,0,322.78351012536586,317.4908698682321,1,1,9.185307998547431,0.3327955533401284
2024-11-15 02:15:00+05:30,314.6780242528942,28.0,59.66666667,2,4,0,0,318.47348324952526,312.1273764131334,1,1,9.185307998547431,0.3327955533401284
2024-11-15 02:30:00+05:30,310.976654232141,28.03333333,59.76666667,2,4,0,0,314.6780242528942,308.73501589721207,1,1,9.185307998547431,0.3327955533401284
2024-11-15 02:45:00+05:30,308.8478625685828,27.96666667,60.96666667,2,4,0,0,310.976654232141,307.17367532371804,1,1,9.185307998547431,0.3327955533401284
2024-11-15 03:00:00+05:30,307.81344267936845,27.93333333,60.66666667,3,4,0,0,308.8478625685828,305.0892816045208,1,1,8.176635403696652,0.281371082814392
2024-11-15 03:15:00+05:30,304.27570934501813,27.93333333,61.23333333,3,4,0,0,307.81344267936845,303.62973406098115,1,1,8.176635403696652,0.281371082814392
2024-11-15 03:30:00+05:30,302.5007158672947,27.83333333,60.83333333,3,4,0,0,304.27570934501813,301.5990214532449,1,1,8.176635403696652,0.281371082814392
2024-11-15 03:45:00+05:30,300.19994538564634,27.8,61.66666667,3,4,0,0,302.5007158672947,298.8183813289167,1,1,8.176635403696652,0.281371082814392
2024-11-15 04:00:00+05:30,298.5655957130613,27.7,62.9,4,4,0,0,300.19994538564634,297.49295246206333,1,1,7.015386303485643,0.26047677238200084
2024-11-15 04:15:00+05:30,297.5091647364628,27.6,64.33333333,4,4,0,0,298.5655957130613,295.684380929279,1,1,7.015386303485643,0.26047677238200084
2024-11-15 04:30:00+05:30,298.6346536378036,27.46666667,65.2,4,4,0,0,297.5091647364628,295.7675286455741,1,1,7.015386303485643,0.26047677238200084
2024-11-15 04:45:00+05:30,299.19188337158687,27.53333333,64.83333333,4,4,0,0,298.6346536378036,298.1509828577688,1,1,7.015386303485643,0.26047677238200084
2024-11-15 05:00:00+05:30,305.01069719985566,27.6,65.53333333,5,4,0,0,299.19188337158687,301.74930379099465,1,1,6.033809930124011,0.25601454739155827
2024-11-15 05:15:00+05:30,307.70636143517726,27.66666667,65.46666667,5,4,0,0,305.01069719985566,303.966294552305,1,1,6.033809930124011,0.25601454739155827
2024-11-15 05:30:00+05:30,311.14503843118666,27.73333333,65.06666667,5,4,0,0,307.70636143517726,307.6168595167081,1,1,6.033809930124011,0.25601454739155827
2024-11-15 05:45:00+05:30,315.7334407063452,27.66666667,65.26666667,5,4,0,0,311.14503843118666,312.848402174871,1,1,6.033809930124011,0.25601454739155827
2024-11-15 06:00:00+05:30,321.3988387609241,27.63333333,65.16666667,6,4,0,0,315.7334407063452,320.8274137340471,1,1,5.124181795779499,0.3311154012974202
2024-11-15 06:15:00+05:30,325.0129592040265,27.66666667,65.4,6,4,0,0,321.3988387609241,327.4915676645039,1,1,5.124181795779499,0.3311154012974202
2024-11-15 06:30:00+05:30,328.99701601817395,27.56666667,66.83333333,6,4,0,0,325.0129592040265,335.3040122660996,1,1,5.124181795779499,0.3311154012974202
2024-11-15 06:45:00+05:30,336.99259275602003,27.56666667,67.36666667,6,4,0,0,328.99701601817395,343.6536102568721,1,1,5.124181795779499,0.3311154012974202
2024-11-15 07:00:00+05:30,349.2373877993013,27.6,67.36666667,7,4,0,0,336.99259275602003,353.9364874296174,1,1,5.861215743503454,0.3098311206904185
2024-11-15 07:15:00+05:30,358.83862128997555,27.7,69.46666667,7,4,0,0,349.2373877993013,365.2125132822992,1,1,5.861215743503454,0.3098311206904185
2024-11-15 07:30:00+05:30,372.078297167748,27.73333333,69.86666667,7,4,0,0,358.83862128997555,378.2014629925168,1,1,5.861215743503454,0.3098311206904185
2024-11-15 07:45:00+05:30,386.5073405146607,27.8,69.96666667,7,4,0,0,372.078297167748,392.16127600466064,1,1,5.861215743503454,0.3098311206904185
2024-11-15 08:00:00+05:30,400.4626847739194,28.0,70.06666667,8,4,0,0,386.5073405146607,413.7506066343195,1,1,7.281180777855669,0.6174309216372611
2024-11-15 08:15:00+05:30,413.6047820513587,28.53333333,69.46666667,8,4,0,0,400.4626847739194,431.0716628163588,1,1,7.281180777855669,0.6174309216372611
2024-11-15 08:30:00+05:30,427.283659002942,28.73333333,68.66666667,8,4,0,0,413.6047820513587,448.423807351542,1,1,7.281180777855669,0.6174309216372611
2024-11-15 08:45:00+05:30,446.8204507395833,29.6,63.9,8,4,0,0,427.283659002942,463.3618551755833,1,1,7.281180777855669,0.6174309216372611
2024-11-15 09:00:00+05:30,457.2337062931394,30.43333333,61.76666667,9,4,0,1,446.8204507395833,476.7328064527393,1,1,-1.327798133298018,1.2286262331733069
2024-11-15 09:15:00+05:30,468.19736262805714,31.13333333,59.93333333,9,4,0,1,457.2337062931394,485.41738228025713,1,1,-1.327798133298018,1.2286262331733069
2024-11-15 09:30:00+05:30,478.7260316339176,31.3,58.73333333,9,4,0,1,468.19736262805714,496.9600526615175,1,1,-1.327798133298018,1.2286262331733069
2024-11-15 09:45:00+05:30,486.96807878042097,31.6,56.7,9,4,0,1,478.7260316339176,505.481217279621,1,1,-1.327798133298018,1.2286262331733069
2024-11-15 10:00:00+05:30,495.26870349827743,31.93333333,55.76666667,10,4,0,1,486.96807878042097,514.8552536084773,1,1,-3.2492202176266622,1.0846145593807166
2024-11-15 10:15:00+05:30,499.6247950736784,31.7,54.96666667,10,4,0,1,495.26870349827743,522.2217079780785,1,1,-3.2492202176266622,1.0846145593807166
2024-11-15 10:30:00+05:30,504.1878117778094,31.5,55.46666667,10,4,0,1,499.6247950736784,528.5567383692094,1,1,-3.2492202176266622,1.0846145593807166
2024-11-15 10:45:00+05:30,511.6832329687261,31.43333333,56.46666667,10,4,0,1,504.1878117778094,531.729941566726,1,1,-3.2492202176266622,1.0846145593807166
2024-11-15 11:00:00+05:30,514.7728411255066,31.56666667,57.46666667,11,4,0,1,511.6832329687261,532.5608119305066,1,1,-4.065128557591302,0.9600287683582207
2024-11-15 11:15:00+05:30,513.0615923571556,31.93333333,56.06666667,11,4,0,1,514.7728411255066,533.9677123267556,1,1,-4.065128557591302,0.9600287683582207
2024-11-15 11:30:00+05:30,509.2910657697784,32.03333333,55.76666667,11,4,0,1,513.0615923571556,535.0196212589784,1,1,-4.065128557591302,0.9600287683582207
2024-11-15 11:45:00+05:30,510.3760578173095,32.03333333,55.03333333,11,4,0,1,509.2910657697784,535.3998333333095,1,1,-4.065128557591302,0.9600287683582207
2024-11-15 12:00:00+05:30,513.8913681476192,32.0,56.43333333,12,4,0,1,510.3760578173095,536.6385509074191,1,1,-3.584132884684334,0.9570303549034681
2024-11-15 12:15:00+05:30,514.0084726614436,32.26666667,57.16666667,12,4,0,1,513.8913681476192,537.0944361406437,1,1,-3.584132884684334,0.9570303549034681
2024-11-15 12:30:00+05:30,512.1127277007796,32.33333333,58.93333333,12,4,0,1,514.0084726614436,535.4251139641797,1,1,-3.584132884684334,0.9570303549034681
2024-11-15 12:45:00+05:30,508.55221201710606,32.8,57.9,12,4,0,1,512.1127277007796,538.2229691339062,1,1,-3.584132884684334,0.9570303549034681
2024-11-15 13:00:00+05:30,505.4232758372946,33.0,57.53333333,13,4,0,1,508.55221201710606,535.9368552238947,1,1,-3.4228902988654646,0.9655710716213526
2024-11-15 13:15:00+05:30,503.43145173978434,33.06666667,57.8,13,4,0,1,505.4232758372946,534.9558465559842,1,1,-3.4228902988654646,0.9655710716213526
2024-11-15 13:30:00+05:30,502.9137059850637,33.06666667,58.1,13,4,0,1,503.43145173978434,534.1011798634636,1,1,-3.4228902988654646,0.9655710716213526
2024-11-15 13:45:00+05:30,505.2933390237073,33.1,58.33333333,13,4,0,1,502.9137059850637,537.6122064439072,1,1,-3.4228902988654646,0.9655710716213526
2024-11-15 14:00:00+05:30,508.5764068079395,33.06666667,59.46666667,14,4,0,1,505.2933390237073,541.1483187853395,1,1,-3.2450369692195107,0.9213689063012519
2024-11-15 14:15:00+05:30,511.5320819298396,32.63333333,60.8,14,4,0,1,508.5764068079395,543.2066063624395,1,1,-3.2450369692195107,0.9213689063012519
2024-11-15 14:30:00+05:30,512.8765789338902,32.63333333,61.53333333,14,4,0,1,511.5320819298396,543.6869130524902,1,1,-3.2450369692195107,0.9213689063012519
2024-11-15 14:45:00+05:30,512.5475746039148,32.86666667,60.56666667,14,4,0,1,512.8765789338902,543.4097617037148,1,1,-3.2450369692195107,0.9213689063012519
2024-11-15 15:00:00+05:30,513.3921290657455,33.13333333,60.3,15,4,0,1,512.5475746039148,546.0545475365456,1,1,-2.616388345103318,0.9453843362705481
2024-11-15 15:15:00+05:30,516.1775415185574,33.13333333,60.96666667,15,4,0,1,513.3921290657455,547.4552895507576,1,1,-2.616388345103318,0.9453843362705481
2024-11-15 15:30:00+05:30,516.5410288792516,33.1,61.5,15,4,0,1,516.1775415185574,545.0429305022515,1,1,-2.616388345103318,0.9453843362705481
2024-11-15 15:45:00+05:30,513.7642392090931,32.9,61.9,15,4,0,1,516.5410288792516,544.0025323990932,1,1,-2.616388345103318,0.9453843362705481
2024-11-15 16:00:00+05:30,512.3682587493461,32.66666667,63.03333333,16,4,0,1,513.7642392090931,544.4464521803461,1,1,-0.6907534460689906,1.0185222699059389
2024-11-15 16:15:00+05:30,510.7392938930344,32.23333333,63.6,16,4,0,1,512.3682587493461,538.1434645078342,1,1,-0.6907534460689906,1.0185222699059389
2024-11-15 16:30:00+05:30,507.5502490180443,31.56666667,65.23333333,16,4,0,1,510.7392938930344,534.6477745430442,1,1,-0.6907534460689906,1.0185222699059389
2024-11-15 16:45:00+05:30,502.8878723675498,31.26666667,66.1,16,4,0,1,507.5502490180443,530.2012136483497,1,1,-0.6907534460689906,1.0185222699059389
2024-11-15 17:00:00+05:30,500.0066221978658,31.03333333,66.93333333,17,4,0,1,502.8878723675498,527.1075063586658,1,1,-1.216841068798931,1.0572501590447172
2024-11-15 17:15:00+05:30,496.5924347953506,30.8,67.9,17,4,0,1,500.0066221978658,519.5490947663507,1,1,-1.216841068798931,1.0572501590447172
2024-11-15 17:30:00+05:30,493.4452734200921,30.56666667,68.86666667,17,4,0,1,496.5924347953506,514.5816760078922,1,1,-1.216841068798931,1.0572501590447172
2024-11-15 17:45:00+05:30,490.9124189804218,30.46666667,68.73333333,17,4,0,1,493.4452734200921,510.8646902946221,1,1,-1.216841068798931,1.0572501590447172
2024-11-15 18:00:00+05:30,488.0270246004995,30.26666667,69.06666667,18,4,0,0,490.9124189804218,506.40494008169935,1,1,3.769537692040247,1.0624941317781333
2024-11-15 18:15:00+05:30,488.4910483458317,30.16666667,68.9,18,4,0,0,488.0270246004995,498.1996048796316,1,1,3.769537692040247,1.0624941317781333
2024-11-15 18:30:00+05:30,485.22211974893366,30.06666667,69.43333333,18,4,0,0,488.4910483458317,491.3238862509336,1,1,3.769537692040247,1.0624941317781333
2024-11-15 18:45:00+05:30,475.42690446196826,29.96666667,70.43333333,18,4,0,0,485.22211974893366,478.4533725551681,1,1,3.769537692040247,1.0624941317781333
2024-11-15 19:00:00+05:30,463.3724441661556,29.86666667,70.53333333,19,4,0,0,475.42690446196826,469.2482211517556,1,1,4.321696048865239,1.108850824742368
2024-11-15 19:15:00+05:30,456.6775847517339,29.8,71.03333333,19,4,0,0,463.3724441661556,459.3753038339338,1,1,4.321696048865239,1.108850824742368
2024-11-15 19:30:00+05:30,449.3722863215261,29.73333333,71.6,19,4,0,0,456.6775847517339,452.01794413992616,1,1,4.321696048865239,1.108850824742368
2024-11-15 19:45:00+05:30,442.83815144790026,29.66666667,71.66666667,19,4,0,0,449.3722863215261,443.8002006059003,1,1,4.321696048865239,1.108850824742368
2024-11-15 20:00:00+05:30,436.59824825845874,29.56666667,72.2,20,4,0,0,442.83815144790026,435.9339623698586,1,1,6.057064044297745,1.0047461652242236
2024-11-15 20:15:00+05:30,429.4935593971648,29.53333333,71.93333333,20,4,0,0,436.59824825845874,429.3888959791648,1,1,6.057064044297745,1.0047461652242236
2024-11-15 20:30:00+05:30,424.808198865862,29.46666667,71.43333333,20,4,0,0,429.4935593971648,423.6704892006618,1,1,6.057064044297745,1.0047461652242236
2024-11-15 20:45:00+05:30,421.7086677148752,29.43333333,72.26666667,20,4,0,0,424.808198865862,415.3043084168753,1,1,6.057064044297745,1.0047461652242236
2024-11-15 21:00:00+05:30,423.20092469549417,29.33333333,71.93333333,21,4,0,0,421.7086677148752,408.8186407250941,1,1,7.475496961090576,0.6874006457533774
2024-11-15 21:15:00+05:30,412.7644895512604,29.3,71.73333333,21,4,0,0,423.20092469549417,405.7237540710605,1,1,7.475496961090576,0.6874006457533774
2024-11-15 21:30:00+05:30,408.6637829960293,29.23333333,71.93333333,21,4,0,0,412.7644895512604,402.04861412122926,1,1,7.475496961090576,0.6874006457533774
2024-11-15 21:45:00+05:30,404.1452164629162,29.23333333,71.93333333,21,4,0,0,408.6637829960293,395.38584703811625,1,1,7.475496961090576,0.6874006457533774
2024-11-15 22:00:00+05:30,398.7396584773495,29.2,72.0,22,4,0,0,404.1452164629162,389.8574419785496,1,1,7.829523660164418,0.6316136010718202
2024-11-15 22:15:00+05:30,395.3608104789159,29.23333333,71.83333333,22,4,0,0,398.7396584773495,385.2985706893157,1,1,7.829523660164418,0.6316136010718202
2024-11-15 22:30:00+05:30,391.8836419735559,29.2,71.5,22,4,0,0,395.3608104789159,382.0920615825558,1,1,7.829523660164418,0.6316136010718202
2024-11-15 22:45:00+05:30,386.31165342250586,29.2,71.83333333,22,4,0,0,391.8836419735559,378.180779003106,1,1,7.829523660164418,0.6316136010718202
2024-11-15 23:00:00+05:30,381.6560160174661,29.13333333,72.53333333,23,4,0,0,386.31165342250586,373.80958980586615,1,1,8.276510491817042,0.6597587877326709
2024-11-15 23:15:00+05:30,376.954935815009,29.13333333,73.0,23,4,0,0,381.6560160174661,369.6533300864091,1,1,8.276510491817042,0.6597587877326709
2024-11-15 23:30:00+05:30,372.2966840536635,29.0,73.53333333,23,4,0,0,376.954935815009,365.3099371656634,1,1,8.276510491817042,0.6597587877326709
2024-11-15 23:45:00+05:30,370.2759034869289,28.86666667,73.86666667,23,4,0,0,372.2966840536635,370.95660177192894,1,1,8.276510491817042,0.6597587877326709
2024-11-16 00:00:00+05:30,366.714348389652,28.8,73.83333333333333,0,5,1,0,370.2759034869289,356.97610091425184,0,0,10.896953436007536,0.1345953376447433
2024-11-16 00:15:00+05:30,362.0552334578458,28.766666666666666,73.93333333333334,0,5,1,0,366.714348389652,350.20313014604585,0,0,10.896953436007536,0.1345953376447433
2024-11-16 00:30:00+05:30,355.46310472503404,28.7,74.49999999999999,0,5,1,0,362.0552334578458,345.623124115434,0,0,10.896953436007536,0.1345953376447433
2024-11-16 00:45:00+05:30,351.9234686313201,28.666666666666668,76.0,0,5,1,0,355.46310472503404,341.2544029723202,0,0,10.896953436007536,0.1345953376447433
2024-11-16 01:00:00+05:30,346.6928336221522,28.53333333333333,76.36666666666666,1,5,1,0,351.9234686313201,337.9676520023523,0,0,10.285432132312645,0.009994036151057983
2024-11-16 01:15:00+05:30,340.5983419740448,28.433333333333337,74.46666666666667,1,5,1,0,346.6928336221522,332.9789918874448,0,0,10.285432132312645,0.009994036151057983
2024-11-16 01:30:00+05:30,337.9951731487063,28.33333333333333,74.63333333333333,1,5,1,0,340.5983419740448,327.64547189690643,0,0,10.285432132312645,0.009994036151057983
2024-11-16 01:45:00+05:30,332.162498371966,28.33333333333333,74.73333333333333,1,5,1,0,337.9951731487063,322.78351012536586,0,0,10.285432132312645,0.009994036151057983
2024-11-16 02:00:00+05:30,327.0358468755252,28.33333333333333,74.9,2,5,1,0,332.162498371966,318.47348324952526,0,0,8.736502644041135,0.08088823844590087
2024-11-16 02:15:00+05:30,323.1102335634942,28.33333333333333,74.83333333333333,2,5,1,0,327.0358468755252,314.6780242528942,0,0,8.736502644041135,0.08088823844590087
2024-11-16 02:30:00+05:30,318.7613342017411,28.3,73.96666666666667,2,5,1,0,323.1102335634942,310.976654232141,0,0,8.736502644041135,0.08088823844590087
2024-11-16 02:45:00+05:30,317.4336106425829,28.13333333333333,74.0,2,5,1,0,318.7613342017411,308.8478625685828,0,0,8.736502644041135,0.08088823844590087
2024-11-16 03:00:00+05:30,314.6114106001685,28.1,74.26666666666667,3,5,1,0,317.4336106425829,307.81344267936845,0,0,7.126510250531449,0.1378926843170436
2024-11-16 03:15:00+05:30,312.11133349381817,28.066666666666663,74.46666666666667,3,5,1,0,314.6114106001685,304.27570934501813,0,0,7.126510250531449,0.1378926843170436
2024-11-16 03:30:00+05:30,309.5920336010946,28.03333333333333,73.86666666666666,3,5,1,0,312.11133349381817,302.5007158672947,0,0,7.126510250531449,0.1378926843170436
2024-11-16 03:45:00+05:30,306.6688101732464,27.933333333333337,73.36666666666667,3,5,1,0,309.5920336010946,300.19994538564634,0,0,7.126510250531449,0.1378926843170436
2024-11-16 04:00:00+05:30,305.5675884676614,27.8,73.39999999999999,4,5,1,0,306.6688101732464,298.5655957130613,0,0,6.23322848066284,0.18455475868972093
2024-11-16 04:15:00+05:30,303.1980422776627,27.83333333333333,72.60000000000001,4,5,1,0,305.5675884676614,297.5091647364628,0,0,6.23322848066284,0.18455475868972093
2024-11-16 04:30:00+05:30,302.7383806494035,27.8,71.76666666666667,4,5,1,0,303.1980422776627,298.6346536378036,0,0,6.23322848066284,0.18455475868972093
2024-11-16 04:45:00+05:30,303.57103808858693,27.73333333333333,71.63333333333334,4,5,1,0,302.7383806494035,299.19188337158687,0,0,6.23322848066284,0.18455475868972093
2024-11-16 05:00:00+05:30,306.9113183706557,27.6,72.10000000000001,5,5,1,0,303.57103808858693,305.01069719985566,0,0,5.500681652090653,0.1603770500768218
2024-11-16 05:15:00+05:30,309.54743233597725,27.53333333333333,72.66666666666667,5,5,1,0,306.9113183706557,307.70636143517726,0,0,5.500681652090653,0.1603770500768218
2024-11-16 05:30:00+05:30,312.00802459118665,27.5,73.53333333333333,5,5,1,0,309.54743233597725,311.14503843118666,0,0,5.500681652090653,0.1603770500768218
2024-11-16 05:45:00+05:30,314.70836084014525,27.399999999999995,74.10000000000001,5,5,1,0,312.00802459118665,315.7334407063452,0,0,5.500681652090653,0.1603770500768218
2024-11-16 06:00:00+05:30,320.98251841672413,27.266666666666666,74.36666666666666,6,5,1,0,314.70836084014525,321.3988387609241,0,0,4.292541893350264,0.24201345767070326
2024-11-16 06:15:00+05:30,322.2682456124265,27.3,74.1,6,5,1,0,320.98251841672413,325.0129592040265,0,0,4.292541893350264,0.24201345767070326
2024-11-16 06:30:00+05:30,324.28547941657393,27.366666666666664,73.50000000000001,6,5,1,0,322.2682456124265,328.99701601817395,0,0,4.292541893350264,0.24201345767070326
2024-11-16 06:45:00+05:30,329.3398421110201,27.399999999999995,72.83333333333333,6,5,1,0,324.28547941657393,336.99259275602003,0,0,4.292541893350264,0.24201345767070326
2024-11-16 07:00:00+05:30,336.8728483631013,27.46666666666667,72.86666666666666,7,5,1,0,329.3398421110201,349.2373877993013,0,0,3.389368785503099,0.4330498027050318
2024-11-16 07:15:00+05:30,342.30846339697564,27.53333333333333,73.13333333333333,7,5,1,0,336.8728483631013,358.83862128997555,0,0,3.389368785503099,0.4330498027050318
2024-11-16 07:30:00+05:30,349.678694000148,27.633333333333336,73.36666666666666,7,5,1,0,342.30846339697564,372.078297167748,0,0,3.389368785503099,0.4330498027050318
2024-11-16 07:45:00+05:30,361.0834760046606,27.766666666666666,73.80000000000001,7,5,1,0,349.678694000148,386.5073405146607,0,0,3.389368785503099,0.4330498027050318
2024-11-16 08:00:00+05:30,376.8954066343196,27.96666666666667,73.83333333333333,8,5,1,0,361.0834760046606,400.4626847739194,0,0,4.0779365174337965,0.3948123018181323
2024-11-16 08:15:00+05:30,389.37546281635866,28.100000000000005,72.36666666666666,8,5,1,0,376.8954066343196,413.6047820513587,0,0,4.0779365174337965,0.3948123018181323
2024-11-16 08:30:00+05:30,402.823007351542,28.33333333333333,72.43333333333334,8,5,1,0,389.37546281635866,427.283659002942,0,0,4.0779365174337965,0.3948123018181323
2024-11-16 08:45:00+05:30,414.88825517558325,28.5,71.53333333333332,8,5,1,0,402.823007351542,446.8204507395833,0,0,4.0779365174337965,0.3948123018181323
2024-11-16 09:00:00+05:30,425.3546064527393,28.633333333333336,70.76666666666667,9,5,1,1,414.88825517558325,457.2337062931394,0,0,3.4471376100258504,0.6884128340080709
2024-11-16 09:15:00+05:30,434.0709822802572,28.866666666666664,69.96666666666667,9,5,1,1,425.3546064527393,468.19736262805714,0,0,3.4471376100258504,0.6884128340080709
2024-11-16 09:30:00+05:30,443.6772526615174,29.133333333333336,69.3,9,5,1,1,434.0709822802572,478.7260316339176,0,0,3.4471376100258504,0.6884128340080709
2024-11-16 09:45:00+05:30,457.16661727962105,29.399999999999995,67.73333333333333,9,5,1,1,443.6772526615174,486.96807878042097,0,0,3.4471376100258504,0.6884128340080709
2024-11-16 10:00:00+05:30,471.34985360847736,29.7,67.2,10,5,1,1,457.16661727962105,495.26870349827743,0,0,2.0612993378596327,1.1028429520822007
2024-11-16 10:15:00+05:30,480.6527079780785,30.0,65.89999999999999,10,5,1,1,471.34985360847736,499.6247950736784,0,0,2.0612993378596327,1.1028429520822007
2024-11-16 10:30:00+05:30,486.95593836920943,30.366666666666664,65.03333333333333,10,5,1,1,480.6527079780785,504.1878117778094,0,0,2.0612993378596327,1.1028429520822007
2024-11-16 10:45:00+05:30,489.192741566726,30.633333333333336,63.79999999999999,10,5,1,1,486.95593836920943,511.6832329687261,0,0,2.0612993378596327,1.1028429520822007
2024-11-16 11:00:00+05:30,489.96001193050665,30.96666666666667,62.56666666666666,11,5,1,1,489.192741566726,514.7728411255066,0,0,1.0206730550620675,1.0847728983406804
2024-11-16 11:15:00+05:30,493.3669123267556,31.23333333333333,60.56666666666666,11,5,1,1,489.96001193050665,513.0615923571556,0,0,1.0206730550620675,1.0847728983406804
2024-11-16 11:30:00+05:30,494.4188212589785,31.866666666666664,56.93333333333334,11,5,1,1,493.3669123267556,509.2910657697784,0,0,1.0206730550620675,1.0847728983406804
2024-11-16 11:45:00+05:30,491.86263333330953,32.26666666666667,55.86666666666667,11,5,1,1,494.4188212589785,510.3760578173095,0,0,1.0206730550620675,1.0847728983406804
2024-11-16 12:00:00+05:30,492.1331509074191,32.43333333333334,53.43333333333334,12,5,1,1,491.86263333330953,513.8913681476192,0,0,2.2746353347992057,0.9203932179843796
2024-11-16 12:15:00+05:30,491.6844361406437,32.63333333333333,51.53333333333333,12,5,1,1,492.1331509074191,514.0084726614436,0,0,2.2746353347992057,0.9203932179843796
2024-11-16 12:30:00+05:30,490.0469139641796,33.03333333333333,50.46666666666667,12,5,1,1,491.6844361406437,512.1127277007796,0,0,2.2746353347992057,0.9203932179843796
2024-11-16 12:45:00+05:30,486.0991691339061,33.666666666666664,48.56666666666666,12,5,1,1,490.0469139641796,508.55221201710606,0,0,2.2746353347992057,0.9203932179843796
2024-11-16 13:00:00+05:30,481.8448552238947,34.2,49.11666666666666,13,5,1,1,486.0991691339061,505.4232758372946,0,0,4.660065875273532,1.0809034534407196
2024-11-16 13:15:00+05:30,481.8956465559843,34.46666666666667,49.391666666666666,13,5,1,1,481.8448552238947,503.43145173978434,0,0,4.660065875273532,1.0809034534407196
2024-11-16 13:30:00+05:30,480.07277986346367,34.6,49.52916666666667,13,5,1,1,481.8956465559843,502.9137059850637,0,0,4.660065875273532,1.0809034534407196
2024-11-16 13:45:00+05:30,481.5202064439072,34.63333333333333,49.59791666666666,13,5,1,1,480.07277986346367,505.2933390237073,0,0,4.660065875273532,1.0809034534407196
2024-11-16 14:00:00+05:30,484.0881187853395,34.63333333333333,49.63229166666666,14,5,1,1,481.5202064439072,508.5764068079395,0,0,7.680734244182991,1.6326746678879722
2024-11-16 14:15:00+05:30,484.2100063624396,34.56666666666667,49.66666666666666,14,5,1,1,484.0881187853395,511.5320819298396,0,0,7.680734244182991,1.6326746678879722
2024-11-16 14:30:00+05:30,483.6903130524902,34.63333333333333,50.53333333333334,14,5,1,1,484.2100063624396,512.8765789338902,0,0,7.680734244182991,1.6326746678879722
2024-11-16 14:45:00+05:30,483.3813617037147,34.56666666666667,51.0,14,5,1,1,483.6903130524902,512.5475746039148,0,0,7.680734244182991,1.6326746678879722
2024-11-16 15:00:00+05:30,485.0579475365455,34.7,50.43333333333334,15,5,1,1,483.3813617037147,513.3921290657455,0,0,8.262340089610356,1.5156550631020618
2024-11-16 15:15:00+05:30,485.4904895507576,34.300000000000004,51.66666666666666,15,5,1,1,485.0579475365455,516.1775415185574,0,0,8.262340089610356,1.5156550631020618
2024-11-16 15:30:00+05:30,485.0463305022515,34.1,52.23333333333333,15,5,1,1,485.4904895507576,516.5410288792516,0,0,8.262340089610356,1.5156550631020618
2024-11-16 15:45:00+05:30,483.0377323990932,34.2,53.0,15,5,1,1,485.0463305022515,513.7642392090931,0,0,8.262340089610356,1.5156550631020618
2024-11-16 16:00:00+05:30,481.5770521803461,33.6,55.13333333333333,16,5,1,1,483.0377323990932,512.3682587493461,0,0,9.1910272937323,1.2057017392589264
2024-11-16 16:15:00+05:30,481.1150645078343,33.03333333333333,58.6,16,5,1,1,481.5770521803461,510.7392938930344,0,0,9.1910272937323,1.2057017392589264
2024-11-16 16:30:00+05:30,478.5875745430442,32.4,60.9,16,5,1,1,481.1150645078343,507.5502490180443,0,0,9.1910272937323,1.2057017392589264
2024-11-16 16:45:00+05:30,475.1410136483498,31.8,62.633333333333326,16,5,1,1,478.5875745430442,502.8878723675498,0,0,9.1910272937323,1.2057017392589264
2024-11-16 17:00:00+05:30,471.04730635866576,31.46666666666667,64.16666666666667,17,5,1,1,475.1410136483498,500.0066221978658,0,0,7.663749198615025,0.7535027628526391
2024-11-16 17:15:00+05:30,470.2662947663507,31.133333333333336,65.39999999999999,17,5,1,1,471.04730635866576,496.5924347953506,0,0,7.663749198615025,0.7535027628526391
2024-11-16 17:30:00+05:30,465.20347600789216,30.8,67.06666666666666,17,5,1,1,470.2662947663507,493.4452734200921,0,0,7.663749198615025,0.7535027628526391
2024-11-16 17:45:00+05:30,464.422890294622,30.5,67.66666666666667,17,5,1,1,465.20347600789216,490.9124189804218,0,0,7.663749198615025,0.7535027628526391
2024-11-16 18:00:00+05:30,469.6133400816993,30.166666666666668,68.93333333333332,18,5,1,0,464.422890294622,488.0270246004995,0,0,4.758521579225232,0.5398490611436548
2024-11-16 18:15:00+05:30,468.1854048796317,30.03333333333333,69.23333333333333,18,5,1,0,469.6133400816993,488.4910483458317,0,0,4.758521579225232,0.5398490611436548
2024-11-16 18:30:00+05:30,463.2142862509336,29.9,69.43333333333334,18,5,1,0,468.1854048796317,485.22211974893366,0,0,4.758521579225232,0.5398490611436548
2024-11-16 18:45:00+05:30,456.1211725551682,29.866666666666664,69.06666666666666,18,5,1,0,463.2142862509336,475.42690446196826,0,0,4.758521579225232,0.5398490611436548
2024-11-16 19:00:00+05:30,447.8842211517556,29.8,68.4,19,5,1,0,456.1211725551682,463.3724441661556,0,0,7.271858284480242,0.7964522305047017
2024-11-16 19:15:00+05:30,440.9159038339338,29.7,67.76666666666667,19,5,1,0,447.8842211517556,456.6775847517339,0,0,7.271858284480242,0.7964522305047017
2024-11-16 19:30:00+05:30,435.5267441399262,29.6,68.46666666666667,19,5,1,0,440.9159038339338,449.3722863215261,0,0,7.271858284480242,0.7964522305047017
2024-11-16 19:45:00+05:30,431.1818006059002,29.6,68.23333333333333,19,5,1,0,435.5267441399262,442.83815144790026,0,0,7.271858284480242,0.7964522305047017
2024-11-16 20:00:00+05:30,426.2201623698586,29.46666666666667,68.69999999999999,20,5,1,0,431.1818006059002,436.59824825845874,0,0,7.4682959677178244,0.7083492559456792
2024-11-16 20:15:00+05:30,422.5478959791647,29.46666666666667,68.9,20,5,1,0,426.2201623698586,429.4935593971648,0,0,7.4682959677178244,0.7083492559456792
2024-11-16 20:30:00+05:30,418.7976892006618,29.46666666666667,68.96666666666665,20,5,1,0,422.5478959791647,424.808198865862,0,0,7.4682959677178244,0.7083492559456792
2024-11-16 20:45:00+05:30,417.1771084168752,29.399999999999995,70.23333333333333,20,5,1,0,418.7976892006618,421.7086677148752,0,0,7.4682959677178244,0.7083492559456792
2024-11-16 21:00:00+05:30,414.53244072509415,29.266666666666666,70.8,21,5,1,0,417.1771084168752,423.20092469549417,0,0,8.047314004755947,0.6135525127194714
2024-11-16 21:15:00+05:30,409.50115407106045,29.166666666666668,71.06666666666668,21,5,1,0,414.53244072509415,412.7644895512604,0,0,8.047314004755947,0.6135525127194714
2024-11-16 21:30:00+05:30,405.8896141212294,29.066666666666663,71.36666666666666,21,5,1,0,409.50115407106045,408.6637829960293,0,0,8.047314004755947,0.6135525127194714
2024-11-16 21:45:00+05:30,402.5804946409163,29.066666666666663,71.06666666666666,21,5,1,0,405.8896141212294,404.1452164629162,0,0,8.047314004755947,0.6135525127194714
2024-11-16 22:00:00+05:30,397.5831915423495,29.03333333333333,71.56666666666666,22,5,1,0,402.5804946409163,398.7396584773495,0,0,9.377234470070356,0.6680040964316557
2024-11-16 22:15:00+05:30,392.9910490355158,29.0,71.63333333333334,22,5,1,0,397.5831915423495,395.3608104789159,0,0,9.377234470070356,0.6680040964316557
2024-11-16 22:30:00+05:30,389.9153442697557,29.0,72.36666666666666,22,5,1,0,392.9910490355158,391.8836419735559,0,0,9.377234470070356,0.6680040964316557
2024-11-16 22:45:00+05:30,387.4901829439058,29.0,72.89999999999999,22,5,1,0,389.9153442697557,386.31165342250586,0,0,9.377234470070356,0.6680040964316557
2024-11-16 23:00:00+05:30,382.763513184866,28.933333333333337,74.13333333333334,23,5,1,0,387.4901829439058,381.6560160174661,0,0,10.615258834542416,0.8386761945526492
2024-11-16 23:15:00+05:30,381.0008051440091,28.933333333333337,74.33333333333333,23,5,1,0,382.763513184866,376.954935815009,0,0,10.615258834542416,0.8386761945526492
2024-11-16 23:30:00+05:30,376.7634987446635,28.933333333333337,74.23333333333333,23,5,1,0,381.0008051440091,372.2966840536635,0,0,10.615258834542416,0.8386761945526492
2024-11-16 23:45:00+05:30,374.4643840463289,28.96666666666667,74.83333333333333,23,5,1,0,376.7634987446635,370.2759034869289,0,0,10.615258834542416,0.8386761945526492
2024-11-17 00:00:00+05:30,368.9886267882519,28.96666667,75.03333333,0,6,1,0,374.4643840463289,366.714348389652,0,0,10.896953436007536,0.1345953376447433
2024-11-17 00:15:00+05:30,361.2517741346458,28.96666667,75.63333333,0,6,1,0,368.9886267882519,362.0552334578458,0,0,10.896953436007536,0.1345953376447433
2024-11-17 00:30:00+05:30,356.653698223234,29.0,76.0,0,6,1,0,361.2517741346458,355.46310472503404,0,0,10.896953436007536,0.1345953376447433
2024-11-17 00:45:00+05:30,353.87846662592005,28.96666667,76.73333333,0,6,1,0,356.653698223234,351.9234686313201,0,0,10.896953436007536,0.1345953376447433
2024-11-17 01:00:00+05:30,346.69689744995225,28.93333333,77.16666667,1,6,1,0,353.87846662592005,346.6928336221522,0,0,10.285432132312645,0.009994036151057983
2024-11-17 01:15:00+05:30,341.9408924830446,28.86666667,76.9,1,6,1,0,346.69689744995225,340.5983419740448,0,0,10.285432132312645,0.009994036151057983
2024-11-17 01:30:00+05:30,336.2551601493063,28.83333333,77.06666667,1,6,1,0,341.9408924830446,337.9951731487063,0,0,10.285432132312645,0.009994036151057983
2024-11-17 01:45:00+05:30,331.64908045136605,28.86666667,76.6,1,6,1,0,336.2551601493063,332.162498371966,0,0,10.285432132312645,0.009994036151057983
2024-11-17 02:00:00+05:30,328.14284016952524,28.86666667,76.83333333,2,6,1,0,331.64908045136605,327.0358468755252,0,0,8.736502644041135,0.08088823844590087
2024-11-17 02:15:00+05:30,325.46108248649426,28.7,77.26666667,2,6,1,0,328.14284016952524,323.1102335634942,0,0,8.736502644041135,0.08088823844590087
2024-11-17 02:30:00+05:30,323.4331773071409,28.66666667,77.63333333,2,6,1,0,325.46108248649426,318.7613342017411,0,0,8.736502644041135,0.08088823844590087
2024-11-17 02:45:00+05:30,321.5373594939828,28.56666667,78.16666667,2,6,1,0,323.4331773071409,317.4336106425829,0,0,8.736502644041135,0.08088823844590087
2024-11-17 03:00:00+05:30,319.8245510817684,28.56666667,78.4,3,6,1,0,321.5373594939828,314.6114106001685,0,0,7.126510250531449,0.1378926843170436
2024-11-17 03:15:00+05:30,316.1726607710181,28.53333333,78.1,3,6,1,0,319.8245510817684,312.11133349381817,0,0,7.126510250531449,0.1378926843170436
2024-11-17 03:30:00+05:30,313.32778533789457,28.56666667,77.93333333,3,6,1,0,316.1726607710181,309.5920336010946,0,0,7.126510250531449,0.1378926843170436
2024-11-17 03:45:00+05:30,309.45195889664643,28.53333333,78.03333333,3,6,1,0,313.32778533789457,306.6688101732464,0,0,7.126510250531449,0.1378926843170436
2024-11-17 04:00:00+05:30,309.00408582606127,28.5,77.13333333,4,6,1,0,309.45195889664643,305.5675884676614,0,0,6.23322848066284,0.18455475868972093
2024-11-17 04:15:00+05:30,307.35979459246266,28.43333333,76.86666667,4,6,1,0,309.00408582606127,303.1980422776627,0,0,6.23322848066284,0.18455475868972093
2024-11-17 04:30:00+05:30,306.68403336740346,28.4,77.2,4,6,1,0,307.35979459246266,302.7383806494035,0,0,6.23322848066284,0.18455475868972093
2024-11-17 04:45:00+05:30,307.80482095798686,28.36666667,77.2,4,6,1,0,306.68403336740346,303.57103808858693,0,0,6.23322848066284,0.18455475868972093
2024-11-17 05:00:00+05:30,309.1714462578558,28.3,77.36666667,5,6,1,0,307.80482095798686,306.9113183706557,0,0,5.500681652090653,0.1603770500768218
2024-11-17 05:15:00+05:30,310.0912665737771,28.2,77.76666667,5,6,1,0,309.1714462578558,309.54743233597725,0,0,5.500681652090653,0.1603770500768218
2024-11-17 05:30:00+05:30,311.9465571325867,28.2,77.0,5,6,1,0,310.0912665737771,312.00802459118665,0,0,5.500681652090653,0.1603770500768218
2024-11-17 05:45:00+05:30,314.8778162759451,28.1,76.26666667,5,6,1,0,311.9465571325867,314.70836084014525,0,0,5.500681652090653,0.1603770500768218
2024-11-17 06:00:00+05:30,314.0683640633242,28.0,77.0,6,6,1,0,314.8778162759451,320.98251841672413,0,0,4.292541893350264,0.24201345767070326
2024-11-17 06:15:00+05:30,314.9962345400265,27.86666667,78.13333333,6,6,1,0,314.0683640633242,322.2682456124265,0,0,4.292541893350264,0.24201345767070326
2024-11-17 06:30:00+05:30,316.4859794829739,27.73333333,79.16666667,6,6,1,0,314.9962345400265,324.28547941657393,0,0,4.292541893350264,0.24201345767070326
2024-11-17 06:45:00+05:30,318.48586873082013,27.73333333,79.06666667,6,6,1,0,316.4859794829739,329.3398421110201,0,0,4.292541893350264,0.24201345767070326
2024-11-17 07:00:00+05:30,318.48124985550123,27.73333333,78.3,7,6,1,0,318.48586873082013,336.8728483631013,0,0,3.389368785503099,0.4330498027050318
2024-11-17 07:15:00+05:30,319.9627309881757,27.83333333,78.03333333,7,6,1,0,318.48124985550123,342.30846339697564,0,0,3.389368785503099,0.4330498027050318
2024-11-17 07:30:00+05:30,320.93369804634807,28.0,78.16666667,7,6,1,0,319.9627309881757,349.678694000148,0,0,3.389368785503099,0.4330498027050318
2024-11-17 07:45:00+05:30,322.8339185238606,28.23333333,78.26666667,7,6,1,0,320.93369804634807,361.0834760046606,0,0,3.389368785503099,0.4330498027050318
2024-11-17 08:00:00+05:30,330.8401301859195,28.5,75.9,8,6,1,0,322.8339185238606,376.8954066343196,0,0,4.0779365174337965,0.3948123018181323
2024-11-17 08:15:00+05:30,339.0427974151587,28.93333333,74.0,8,6,1,0,330.8401301859195,389.37546281635866,0,0,4.0779365174337965,0.3948123018181323
2024-11-17 08:30:00+05:30,344.89286625274195,29.23333333,70.53333333,8,6,1,0,339.0427974151587,402.823007351542,0,0,4.0779365174337965,0.3948123018181323
2024-11-17 08:45:00+05:30,352.5018595637834,29.9,66.13333333,8,6,1,0,344.89286625274195,414.88825517558325,0,0,4.0779365174337965,0.3948123018181323
2024-11-17 09:00:00+05:30,357.1993696501394,30.6,62.36666667,9,6,1,1,352.5018595637834,425.3546064527393,0,0,3.4471376100258504,0.6884128340080709
2024-11-17 09:15:00+05:30,363.2666586250571,31.06666667,59.73333333,9,6,1,1,357.1993696501394,434.0709822802572,0,0,3.4471376100258504,0.6884128340080709
2024-11-17 09:30:00+05:30,368.0976849761176,31.46666667,58.06666667,9,6,1,1,363.2666586250571,443.6772526615174,0,0,3.4471376100258504,0.6884128340080709
2024-11-17 09:45:00+05:30,375.3382842968209,31.4,56.8,9,6,1,1,368.0976849761176,457.16661727962105,0,0,3.4471376100258504,0.6884128340080709
2024-11-17 10:00:00+05:30,382.8671811564773,31.56666667,53.9,10,6,1,1,375.3382842968209,471.34985360847736,0,0,2.0612993378596327,1.1028429520822007
2024-11-17 10:15:00+05:30,387.0982405364786,31.93333333,52.1,10,6,1,1,382.8671811564773,480.6527079780785,0,0,2.0612993378596327,1.1028429520822007
2024-11-17 10:30:00+05:30,390.5374467926096,32.53333333,49.9,10,6,1,1,387.0982405364786,486.95593836920943,0,0,2.0612993378596327,1.1028429520822007
2024-11-17 10:45:00+05:30,395.3915132617261,33.0,47.7,10,6,1,1,390.5374467926096,489.192741566726,0,0,2.0612993378596327,1.1028429520822007
2024-11-17 11:00:00+05:30,399.9400018557067,33.73333333,44.86666667,11,6,1,1,395.3915132617261,489.96001193050665,0,0,1.0206730550620675,1.0847728983406804
2024-11-17 11:15:00+05:30,399.4420642099556,34.06666667,45.13333333,11,6,1,1,399.9400018557067,493.3669123267556,0,0,1.0206730550620675,1.0847728983406804
2024-11-17 11:30:00+05:30,399.80049207837845,34.03333333,44.0,11,6,1,1,399.4420642099556,494.4188212589785,0,0,1.0206730550620675,1.0847728983406804
2024-11-17 11:45:00+05:30,401.5336445641096,34.33333333,42.63333333,11,6,1,1,399.80049207837845,491.86263333330953,0,0,1.0206730550620675,1.0847728983406804
2024-11-17 12:00:00+05:30,402.5753942034192,35.13333333,41.13333333,12,6,1,1,401.5336445641096,492.1331509074191,0,0,2.2746353347992057,0.9203932179843796
2024-11-17 12:15:00+05:30,402.3027562218437,35.13333333,41.86666667,12,6,1,1,402.5753942034192,491.6844361406437,0,0,2.2746353347992057,0.9203932179843796
2024-11-17 12:30:00+05:30,402.0278208943798,35.3,40.96666667,12,6,1,1,402.3027562218437,490.0469139641796,0,0,2.2746353347992057,0.9203932179843796
2024-11-17 12:45:00+05:30,398.3855633939061,35.63333333,39.73333333,12,6,1,1,402.0278208943798,486.0991691339061,0,0,2.2746353347992057,0.9203932179843796
2024-11-17 13:00:00+05:30,396.8940204884946,35.76666667,39.3,13,6,1,1,398.3855633939061,481.8448552238947,0,0,4.660065875273532,1.0809034534407196
2024-11-17 13:15:00+05:30,397.6437543301843,35.96666667,38.5,13,6,1,1,396.8940204884946,481.8956465559843,0,0,4.660065875273532,1.0809034534407196
2024-11-17 13:30:00+05:30,399.6352864336636,36.03333333,37.7,13,6,1,1,397.6437543301843,480.07277986346367,0,0,4.660065875273532,1.0809034534407196
2024-11-17 13:45:00+05:30,398.75196924210735,36.13333333,37.6,13,6,1,1,399.6352864336636,481.5202064439072,0,0,4.660065875273532,1.0809034534407196
2024-11-17 14:00:00+05:30,401.82572409153926,36.4,36.2,14,6,1,1,398.75196924210735,484.0881187853395,0,0,7.680734244182991,1.6326746678879722
2024-11-17 14:15:00+05:30,401.0699941430395,36.46666667,36.26666667,14,6,1,1,401.82572409153926,484.2100063624396,0,0,7.680734244182991,1.6326746678879722
2024-11-17 14:30:00+05:30,401.8602457392902,36.6,35.56666667,14,6,1,1,401.0699941430395,483.6903130524902,0,0,7.680734244182991,1.6326746678879722
2024-11-17 14:45:00+05:30,401.1662939311148,35.76666667,42.43333333,14,6,1,1,401.8602457392902,483.3813617037147,0,0,7.680734244182991,1.6326746678879722
2024-11-17 15:00:00+05:30,401.8514662537456,35.26666667,44.4,15,6,1,1,401.1662939311148,485.0579475365455,0,0,8.262340089610356,1.5156550631020618
2024-11-17 15:15:00+05:30,402.5207022249576,34.96666667,44.8,15,6,1,1,401.8514662537456,485.4904895507576,0,0,8.262340089610356,1.5156550631020618
2024-11-17 15:30:00+05:30,401.6306780346516,34.4,45.53333333,15,6,1,1,402.5207022249576,485.0463305022515,0,0,8.262340089610356,1.5156550631020618
2024-11-17 15:45:00+05:30,401.3256980240932,33.93333333,49.83333333,15,6,1,1,401.6306780346516,483.0377323990932,0,0,8.262340089610356,1.5156550631020618
2024-11-17 16:00:00+05:30,400.0076211297461,33.33333333,53.4,16,6,1,1,401.3256980240932,481.5770521803461,0,0,9.1910272937323,1.2057017392589264
2024-11-17 16:15:00+05:30,396.35989102483416,33.03333333,56.26666667,16,6,1,1,400.0076211297461,481.1150645078343,0,0,9.1910272937323,1.2057017392589264
2024-11-17 16:30:00+05:30,396.39423589244416,32.73333333,56.93333333,16,6,1,1,396.35989102483416,478.5875745430442,0,0,9.1910272937323,1.2057017392589264
2024-11-17 16:45:00+05:30,394.38657844894976,32.36666667,58.0,16,6,1,1,396.39423589244416,475.1410136483498,0,0,9.1910272937323,1.2057017392589264
2024-11-17 17:00:00+05:30,394.2909846520658,32.0,58.53333333,17,6,1,1,394.38657844894976,471.04730635866576,0,0,7.663749198615025,0.7535027628526391
2024-11-17 17:15:00+05:30,395.4283526567506,31.53333333,59.26666667,17,6,1,1,394.2909846520658,470.2662947663507,0,0,7.663749198615025,0.7535027628526391
2024-11-17 17:30:00+05:30,396.8364198144921,31.13333333,61.4,17,6,1,1,395.4283526567506,465.20347600789216,0,0,7.663749198615025,0.7535027628526391
2024-11-17 17:45:00+05:30,397.305383108822,30.9,63.53333333,17,6,1,1,396.8364198144921,464.422890294622,0,0,7.663749198615025,0.7535027628526391
2024-11-17 18:00:00+05:30,399.3960521042995,30.73333333,64.13333333,18,6,1,0,397.305383108822,469.6133400816993,0,0,4.758521579225232,0.5398490611436548
2024-11-17 18:15:00+05:30,400.4434844772319,30.63333333,63.76666667,18,6,1,0,399.3960521042995,468.1854048796317,0,0,4.758521579225232,0.5398490611436548
2024-11-17 18:30:00+05:30,401.3429228405336,30.46666667,65.46666667,18,6,1,0,400.4434844772319,463.2142862509336,0,0,4.758521579225232,0.5398490611436548
2024-11-17 18:45:00+05:30,401.19008471256814,30.3,66.8,18,6,1,0,401.3429228405336,456.1211725551682,0,0,4.758521579225232,0.5398490611436548
2024-11-17 19:00:00+05:30,402.2776467711556,30.13333333,67.33333333,19,6,1,0,401.19008471256814,447.8842211517556,0,0,7.271858284480242,0.7964522305047017
2024-11-17 19:15:00+05:30,400.5412492583338,30.0,67.86666667,19,6,1,0,402.2776467711556,440.9159038339338,0,0,7.271858284480242,0.7964522305047017
2024-11-17 19:30:00+05:30,400.4609577909262,29.93333333,68.16666667,19,6,1,0,400.5412492583338,435.5267441399262,0,0,7.271858284480242,0.7964522305047017
2024-11-17 19:45:00+05:30,398.32763693010014,29.83333333,68.23333333,19,6,1,0,400.4609577909262,431.1818006059002,0,0,7.271858284480242,0.7964522305047017
2024-11-17 20:00:00+05:30,395.9721850952586,29.76666667,66.73333333,20,6,1,0,398.32763693010014,426.2201623698586,0,0,7.4682959677178244,0.7083492559456792
2024-11-17 20:15:00+05:30,395.1205441065646,29.7,67.03333333,20,6,1,0,395.9721850952586,422.5478959791647,0,0,7.4682959677178244,0.7083492559456792
2024-11-17 20:30:00+05:30,393.6697946044618,29.56666667,67.16666667,20,6,1,0,395.1205441065646,418.7976892006618,0,0,7.4682959677178244,0.7083492559456792
2024-11-17 20:45:00+05:30,393.3966774454751,29.5,67.03333333,20,6,1,0,393.6697946044618,417.1771084168752,0,0,7.4682959677178244,0.7083492559456792
2024-11-17 21:00:00+05:30,388.92578535169423,29.4,66.8,21,6,1,0,393.3966774454751,414.53244072509415,0,0,8.047314004755947,0.6135525127194714
2024-11-17 21:15:00+05:30,388.2326788376605,29.26666667,67.8,21,6,1,0,388.92578535169423,409.50115407106045,0,0,8.047314004755947,0.6135525127194714
2024-11-17 21:30:00+05:30,385.3132995266292,29.23333333,68.0,21,6,1,0,388.2326788376605,405.8896141212294,0,0,8.047314004755947,0.6135525127194714
2024-11-17 21:45:00+05:30,383.6941453593162,29.1,67.96666667,21,6,1,0,385.3132995266292,402.5804946409163,0,0,8.047314004755947,0.6135525127194714
2024-11-17 22:00:00+05:30,380.7805034003495,29.0,68.3,22,6,1,0,383.6941453593162,397.5831915423495,0,0,9.377234470070356,0.6680040964316557
2024-11-17 22:15:00+05:30,376.5049627259157,28.86666667,69.43333333,22,6,1,0,380.7805034003495,392.9910490355158,0,0,9.377234470070356,0.6680040964316557
2024-11-17 22:30:00+05:30,375.588339048556,28.76666667,69.46666667,22,6,1,0,376.5049627259157,389.9153442697557,0,0,9.377234470070356,0.6680040964316557
2024-11-17 22:45:00+05:30,372.0782960051059,28.76666667,70.4,22,6,1,0,375.588339048556,387.4901829439058,0,0,9.377234470070356,0.6680040964316557
2024-11-17 23:00:00+05:30,366.98222745986607,28.66666667,71.76666667,23,6,1,0,372.0782960051059,382.763513184866,0,0,10.615258834542416,0.8386761945526492
2024-11-17 23:15:00+05:30,365.55771016420914,28.56666667,72.63333333,23,6,1,0,366.98222745986607,381.0008051440091,0,0,10.615258834542416,0.8386761945526492
2024-11-17 23:30:00+05:30,361.0782494650634,28.46666667,74.3,23,6,1,0,365.55771016420914,376.7634987446635,0,0,10.615258834542416,0.8386761945526492
2024-11-17 23:45:00+05:30,356.5010139455289,28.36666667,75.53333333,23,6,1,0,361.0782494650634,374.4643840463289,0,0,10.615258834542416,0.8386761945526492
2024-11-18 00:00:00+05:30,352.9369483896519,28.166666666666668,76.7,0,0,0,0,356.5010139455289,368.9886267882519,0,0,10.821030164864855,0.09594533623790569
2024-11-18 00:15:00+05:30,348.2778334578459,28.100000000000005,77.60000000000001,0,0,0,0,352.9369483896519,361.2517741346458,0,0,10.821030164864855,0.09594533623790569
2024-11-18 00:30:00+05:30,345.558504725034,28.03333333333333,77.36666666666666,0,0,0,0,348.2778334578459,356.653698223234,0,0,10.821030164864855,0.09594533623790569
2024-11-18 00:45:00+05:30,341.11426863132004,28.066666666666663,76.63333333333333,0,0,0,0,345.558504725034,353.87846662592005,0,0,10.821030164864855,0.09594533623790569
2024-11-18 01:00:00+05:30,336.8518336221523,28.03333333333333,76.39999999999999,1,0,0,0,341.11426863132004,346.69689744995225,0,0,9.728100754378737,-0.03336421712728943
2024-11-18 01:15:00+05:30,330.7573419740447,27.96666666666667,75.49999999999999,1,0,0,0,336.8518336221523,341.9408924830446,0,0,9.728100754378737,-0.03336421712728943
2024-11-18 01:30:00+05:30,327.18597314870635,27.866666666666664,75.46666666666665,1,0,0,0,330.7573419740447,336.2551601493063,0,0,9.728100754378737,-0.03336421712728943
2024-11-18 01:45:00+05:30,321.3850983719659,27.83333333333333,75.6,1,0,0,0,327.18597314870635,331.64908045136605,0,0,9.728100754378737,-0.03336421712728943
2024-11-18 02:00:00+05:30,317.22664687552526,27.83333333333333,75.8,2,0,0,0,321.3850983719659,328.14284016952524,0,0,8.484637707535343,-0.001367850315744823
2024-11-18 02:15:00+05:30,313.2692335634942,27.7,76.43333333333334,2,0,0,0,317.22664687552526,325.46108248649426,0,0,8.484637707535343,-0.001367850315744823
2024-11-18 02:30:00+05:30,309.8885342017411,27.63333333333333,76.8,2,0,0,0,313.2692335634942,323.4331773071409,0,0,8.484637707535343,-0.001367850315744823
2024-11-18 02:45:00+05:30,307.5608106425828,27.366666666666664,78.46666666666667,2,0,0,0,309.8885342017411,321.5373594939828,0,0,8.484637707535343,-0.001367850315744823
2024-11-18 03:00:00+05:30,305.7068106001685,27.399999999999995,77.83333333333333,3,0,0,0,307.5608106425828,319.8245510817684,0,0,7.607119538689619,-0.06004878179214801
2024-11-18 03:15:00+05:30,304.1749334938181,27.266666666666666,78.76666666666667,3,0,0,0,305.7068106001685,316.1726607710181,0,0,7.607119538689619,-0.06004878179214801
2024-11-18 03:30:00+05:30,304.56023360109464,27.166666666666668,78.86666666666667,3,0,0,0,304.1749334938181,313.32778533789457,0,0,7.607119538689619,-0.06004878179214801
2024-11-18 03:45:00+05:30,301.63701017324644,27.066666666666663,79.53333333333332,3,0,0,0,304.56023360109464,309.45195889664643,0,0,7.607119538689619,-0.06004878179214801
2024-11-18 04:00:00+05:30,300.5357884676613,27.0,80.23333333333333,4,0,0,0,301.63701017324644,309.00408582606127,0,0,6.594267060678064,0.008427398213465498
2024-11-18 04:15:00+05:30,299.13444227766263,26.96666666666667,80.73333333333333,4,0,0,0,300.5357884676613,307.35979459246266,0,0,6.594267060678064,0.008427398213465498
2024-11-18 04:30:00+05:30,300.6429806494036,26.9,80.46666666666667,4,0,0,0,299.13444227766263,306.68403336740346,0,0,6.594267060678064,0.008427398213465498
2024-11-18 04:45:00+05:30,300.4756380885869,26.76666666666667,79.96666666666667,4,0,0,0,300.6429806494036,307.80482095798686,0,0,6.594267060678064,0.008427398213465498
2024-11-18 05:00:00+05:30,300.9431183706557,26.7,78.83333333333334,5,0,0,0,300.4756380885869,309.1714462578558,0,0,5.279257902398529,0.10435750043793113
2024-11-18 05:15:00+05:30,303.5792323359772,26.666666666666668,78.03333333333335,5,0,0,0,300.9431183706557,310.0912665737771,0,0,5.279257902398529,0.10435750043793113
2024-11-18 05:30:00+05:30,308.9444245911866,26.633333333333336,77.76666666666667,5,0,0,0,303.5792323359772,311.9465571325867,0,0,5.279257902398529,0.10435750043793113
2024-11-18 05:45:00+05:30,313.58116084014523,26.6,79.13333333333334,5,0,0,0,308.9444245911866,314.8778162759451,0,0,5.279257902398529,0.10435750043793113
2024-11-18 06:00:00+05:30,319.8553184167241,26.466666666666665,81.0,6,0,0,0,313.58116084014523,314.0683640633242,0,0,4.311530887041023,0.35531410580184186
2024-11-18 06:15:00+05:30,329.88664561242643,26.366666666666664,80.16666666666667,6,0,0,0,319.8553184167241,314.9962345400265,0,0,4.311530887041023,0.35531410580184186
2024-11-18 06:30:00+05:30,337.744879416574,26.266666666666666,80.93333333333334,6,0,0,0,329.88664561242643,316.4859794829739,0,0,4.311530887041023,0.35531410580184186
2024-11-18 06:45:00+05:30,348.6084421110201,26.23333333333333,80.56666666666666,6,0,0,0,337.744879416574,318.48586873082013,0,0,4.311530887041023,0.35531410580184186
2024-11-18 07:00:00+05:30,360.9824483631013,26.33333333333333,79.83333333333334,7,0,0,0,348.6084421110201,318.48124985550123,0,0,5.499185953045883,0.4537110737780554
2024-11-18 07:15:00+05:30,375.1636633969756,26.46666666666667,79.33333333333333,7,0,0,0,360.9824483631013,319.9627309881757,0,0,5.499185953045883,0.4537110737780554
2024-11-18 07:30:00+05:30,389.343094000148,26.633333333333336,77.93333333333334,7,0,0,0,375.1636633969756,320.93369804634807,0,0,5.499185953045883,0.4537110737780554
2024-11-18 07:45:00+05:30,408.52527600466055,26.866666666666664,75.89999999999999,7,0,0,0,389.343094000148,322.8339185238606,0,0,5.499185953045883,0.4537110737780554
2024-11-18 08:00:00+05:30,432.08280663431947,27.23333333333333,75.23333333333333,8,0,0,0,408.52527600466055,330.8401301859195,0,0,8.459706391374313,0.5709639278196643
2024-11-18 08:15:00+05:30,451.3720628163586,28.0,71.60000000000001,8,0,0,0,432.08280663431947,339.0427974151587,0,0,8.459706391374313,0.5709639278196643
2024-11-18 08:30:00+05:30,467.7878073515419,28.1,67.0,8,0,0,0,451.3720628163586,344.89286625274195,0,0,8.459706391374313,0.5709639278196643
2024-11-18 08:45:00+05:30,484.8212551755833,29.166666666666668,61.96666666666666,8,0,0,0,467.7878073515419,352.5018595637834,0,0,8.459706391374313,0.5709639278196643
2024-11-18 09:00:00+05:30,494.2876064527393,30.03333333333333,57.8,9,0,0,1,484.8212551755833,357.1993696501394,0,0,7.468916508257824,1.776913993434797
2024-11-18 09:15:00+05:30,504.940382280257,30.5,54.333333333333336,9,0,0,1,494.2876064527393,363.2666586250571,0,0,7.468916508257824,1.776913993434797
2024-11-18 09:30:00+05:30,511.6102526615175,31.133333333333336,52.86666666666667,9,0,0,1,504.940382280257,368.0976849761176,0,0,7.468916508257824,1.776913993434797
2024-11-18 09:45:00+05:30,519.195017279621,31.73333333333333,51.46666666666666,9,0,0,1,511.6102526615175,375.3382842968209,0,0,7.468916508257824,1.776913993434797
2024-11-18 10:00:00+05:30,529.5054536084773,32.233333333333334,49.5,10,0,0,1,519.195017279621,382.8671811564773,0,0,7.176660943313998,1.959443809088301
2024-11-18 10:15:00+05:30,535.9037079780784,32.800000000000004,48.03333333333333,10,0,0,1,529.5054536084773,387.0982405364786,0,0,7.176660943313998,1.959443809088301
2024-11-18 10:30:00+05:30,539.2705383692095,33.36666666666667,46.23333333333333,10,0,0,1,535.9037079780784,390.5374467926096,0,0,7.176660943313998,1.959443809088301
2024-11-18 10:45:00+05:30,541.5073415667262,33.86666666666667,44.16666666666666,10,0,0,1,539.2705383692095,395.3915132617261,0,0,7.176660943313998,1.959443809088301
2024-11-18 11:00:00+05:30,543.3064119305067,34.4,41.96666666666666,11,0,0,1,541.5073415667262,399.9400018557067,0,0,7.922475529678865,1.905498851423404
2024-11-18 11:15:00+05:30,542.8087123267555,34.56666666666667,40.266666666666666,11,0,0,1,543.3064119305067,399.4420642099556,0,0,7.922475529678865,1.905498851423404
2024-11-18 11:30:00+05:30,539.9242212589784,34.93333333333333,37.63333333333333,11,0,0,1,542.8087123267555,399.80049207837845,0,0,7.922475529678865,1.905498851423404
2024-11-18 11:45:00+05:30,537.3680333333095,35.13333333333333,36.3,11,0,0,1,539.9242212589784,401.5336445641096,0,0,7.922475529678865,1.905498851423404
2024-11-18 12:00:00+05:30,538.6703509074191,35.266666666666666,35.46666666666667,12,0,0,1,537.3680333333095,402.5753942034192,0,0,8.194346391416534,1.8296017411002858
2024-11-18 12:15:00+05:30,535.2534361406437,35.63333333333333,34.13333333333333,12,0,0,1,538.6703509074191,402.3027562218437,0,0,8.194346391416534,1.8296017411002858
2024-11-18 12:30:00+05:30,534.5523139641797,35.9,33.03333333333333,12,0,0,1,535.2534361406437,402.0278208943798,0,0,8.194346391416534,1.8296017411002858
2024-11-18 12:45:00+05:30,534.5091691339061,36.0,32.53333333333333,12,0,0,1,534.5523139641797,398.3855633939061,0,0,8.194346391416534,1.8296017411002858
2024-11-18 13:00:00+05:30,530.2230552238946,36.1,31.73333333333333,13,0,0,1,534.5091691339061,396.8940204884946,0,0,7.466115020642604,1.781152913482967
2024-11-18 13:15:00+05:30,528.3374465559842,36.26666666666667,31.066666666666663,13,0,0,1,530.2230552238946,397.6437543301843,0,0,7.466115020642604,1.781152913482967
2024-11-18 13:30:00+05:30,526.4827798634637,36.13333333333333,31.13333333333333,13,0,0,1,528.3374465559842,399.6352864336636,0,0,7.466115020642604,1.781152913482967
2024-11-18 13:45:00+05:30,529.0256064439073,36.3,31.03333333333333,13,0,0,1,526.4827798634637,398.75196924210735,0,0,7.466115020642604,1.781152913482967
2024-11-18 14:00:00+05:30,530.6253187853395,36.46666666666667,30.566666666666663,14,0,0,1,529.0256064439073,401.82572409153926,0,0,7.453520252664822,1.8810727851227305
2024-11-18 14:15:00+05:30,535.5882063624395,36.5,30.633333333333336,14,0,0,1,530.6253187853395,401.0699941430395,0,0,7.453520252664822,1.8810727851227305
2024-11-18 14:30:00+05:30,537.0049130524902,36.56666666666666,34.300000000000004,14,0,0,1,535.5882063624395,401.8602457392902,0,0,7.453520252664822,1.8810727851227305
2024-11-18 14:45:00+05:30,535.7277617037146,36.6,36.86666666666667,14,0,0,1,537.0049130524902,401.1662939311148,0,0,7.453520252664822,1.8810727851227305
2024-11-18 15:00:00+05:30,539.3407475365455,36.23333333333333,37.2,15,0,0,1,535.7277617037146,401.8514662537456,0,0,7.614608640955644,1.8795749299968296
2024-11-18 15:15:00+05:30,539.7414895507575,36.06666666666667,38.66666666666666,15,0,0,1,539.3407475365455,402.5207022249576,0,0,7.614608640955644,1.8795749299968296
2024-11-18 15:30:00+05:30,540.2655305022514,36.06666666666667,39.2,15,0,0,1,539.7414895507575,401.6306780346516,0,0,7.614608640955644,1.8795749299968296
2024-11-18 15:45:00+05:30,541.1933323990932,35.833333333333336,41.4,15,0,0,1,540.2655305022514,401.3256980240932,0,0,7.614608640955644,1.8795749299968296
2024-11-18 16:00:00+05:30,535.7962521803461,35.0,44.03333333333333,16,0,0,1,541.1933323990932,400.0076211297461,0,0,8.928003783814992,1.63470214174834
2024-11-18 16:15:00+05:30,531.4614645078343,34.1,46.16666666666666,16,0,0,1,535.7962521803461,396.35989102483416,0,0,8.928003783814992,1.63470214174834
2024-11-18 16:30:00+05:30,530.9339745430442,33.266666666666666,45.86666666666667,16,0,0,1,531.4614645078343,396.39423589244416,0,0,8.928003783814992,1.63470214174834
2024-11-18 16:45:00+05:30,529.3602136483498,32.666666666666664,48.26666666666667,16,0,0,1,530.9339745430442,394.38657844894976,0,0,8.928003783814992,1.63470214174834
2024-11-18 17:00:00+05:30,526.2029063586657,32.06666666666666,50.20000000000001,17,0,0,1,529.3602136483498,394.2909846520658,0,0,9.832269406100862,1.3066312424333932
2024-11-18 17:15:00+05:30,521.3900947663508,31.53333333333333,51.4,17,0,0,1,526.2029063586657,395.4283526567506,0,0,9.832269406100862,1.3066312424333932
2024-11-18 17:30:00+05:30,515.4226760078923,31.2,53.06666666666666,17,0,0,1,521.3900947663508,396.8364198144921,0,0,9.832269406100862,1.3066312424333932
2024-11-18 17:45:00+05:30,510.737490294622,30.866666666666664,54.13333333333333,17,0,0,1,515.4226760078923,397.305383108822,0,0,9.832269406100862,1.3066312424333932
2024-11-18 18:00:00+05:30,505.27774008169945,30.666666666666668,56.26666666666667,18,0,0,0,510.737490294622,399.3960521042995,0,0,10.294210660754121,0.797082883851726
2024-11-18 18:15:00+05:30,499.97700487963175,30.399999999999995,57.8,18,0,0,0,505.27774008169945,400.4434844772319,0,0,10.294210660754121,0.797082883851726
2024-11-18 18:30:00+05:30,493.1330862509337,30.133333333333336,59.53333333333333,18,0,0,0,499.97700487963175,401.3429228405336,0,0,10.294210660754121,0.797082883851726
2024-11-18 18:45:00+05:30,480.26257255516816,30.03333333333333,60.0,18,0,0,0,493.1330862509337,401.19008471256814,0,0,10.294210660754121,0.797082883851726
2024-11-18 19:00:00+05:30,471.0574211517557,29.866666666666664,61.26666666666667,19,0,0,0,480.26257255516816,402.2776467711556,0,0,10.813310868605901,0.8196688281600798
2024-11-18 19:15:00+05:30,463.0891038339339,29.7,62.3,19,0,0,0,471.0574211517557,400.5412492583338,0,0,10.813310868605901,0.8196688281600798
2024-11-18 19:30:00+05:30,458.6363441399265,29.566666666666663,63.23333333333333,19,0,0,0,463.0891038339339,400.4609577909262,0,0,10.813310868605901,0.8196688281600798
2024-11-18 19:45:00+05:30,451.35500060590016,29.466666666666665,63.73333333333333,19,0,0,0,458.6363441399265,398.32763693010014,0,0,10.813310868605901,0.8196688281600798
2024-11-18 20:00:00+05:30,444.5205623698587,29.4,63.63333333333333,20,0,0,0,451.35500060590016,395.9721850952586,0,0,10.193366449690611,0.84334742214611
2024-11-18 20:15:00+05:30,436.0072959791646,29.33333333333333,63.2,20,0,0,0,444.5205623698587,395.1205441065646,0,0,10.193366449690611,0.84334742214611
2024-11-18 20:30:00+05:30,429.3206892006618,29.266666666666666,63.2,20,0,0,0,436.0072959791646,393.6697946044618,0,0,10.193366449690611,0.84334742214611
2024-11-18 20:45:00+05:30,428.7319084168751,29.2,63.16666666666666,20,0,0,0,429.3206892006618,393.3966774454751,0,0,10.193366449690611,0.84334742214611
2024-11-18 21:00:00+05:30,422.2144407250941,29.066666666666663,62.43333333333333,21,0,0,0,428.7319084168751,388.92578535169423,0,0,8.774792195189448,0.7521888831997796
2024-11-18 21:15:00+05:30,413.3103540710604,28.966666666666665,59.6,21,0,0,0,422.2144407250941,388.2326788376605,0,0,8.774792195189448,0.7521888831997796
2024-11-18 21:30:00+05:30,407.69881412122936,28.866666666666664,58.9,21,0,0,0,413.3103540710604,385.3132995266292,0,0,8.774792195189448,0.7521888831997796
2024-11-18 21:45:00+05:30,401.4839301547163,28.7,58.5,21,0,0,0,407.69881412122936,383.6941453593162,0,0,8.774792195189448,0.7521888831997796
2024-11-18 22:00:00+05:30,394.7013306353495,28.666666666666668,57.66666666666666,22,0,0,0,401.4839301547163,380.7805034003495,0,0,9.389172121610137,0.7252749896297948
2024-11-18 22:15:00+05:30,391.7914347957157,28.566666666666663,58.26666666666667,22,0,0,0,394.7013306353495,376.5049627259157,0,0,9.389172121610137,0.7252749896297948
2024-11-18 22:30:00+05:30,386.7991372507559,28.433333333333337,59.56666666666666,22,0,0,0,391.7914347957157,375.588339048556,0,0,9.389172121610137,0.7252749896297948
2024-11-18 22:45:00+05:30,382.567092499906,28.23333333333333,61.16666666666666,22,0,0,0,386.7991372507559,372.0782960051059,0,0,9.389172121610137,0.7252749896297948
2024-11-18 23:00:00+05:30,375.8268091020662,28.100000000000005,59.8,23,0,0,0,382.567092499906,366.98222745986607,0,0,10.314981635691288,0.7718909870937027
2024-11-18 23:15:00+05:30,371.594001492209,27.96666666666667,58.73333333333333,23,0,0,0,375.8268091020662,365.55771016420914,0,0,10.314981635691288,0.7718909870937027
2024-11-18 23:30:00+05:30,365.4789876244635,27.8,59.8,23,0,0,0,371.594001492209,361.0782494650634,0,0,10.314981635691288,0.7718909870937027
2024-11-18 23:45:00+05:30,359.22744512012906,27.600000000000005,60.333333333333336,23,0,0,0,365.4789876244635,356.5010139455289,0,0,10.314981635691288,0.7718909870937027
2024-11-19 00:00:00+05:30,353.98302171465195,27.4,61.66666667,0,1,0,0,359.22744512012906,352.9369483896519,0,0,10.821030164864855,0.09594533623790569
2024-11-19 00:15:00+05:30,350.3374355930457,27.2,63.2,0,1,0,0,353.98302171465195,348.2778334578459,0,0,10.821030164864855,0.09594533623790569
2024-11-19 00:30:00+05:30,347.0540928074341,27.0,64.3,0,1,0,0,350.3374355930457,345.558504725034,0,0,10.821030164864855,0.09594533623790569
2024-11-19 00:45:00+05:30,338.50892063592005,26.9,64.56666667,0,1,0,0,347.0540928074341,341.11426863132004,0,0,10.821030164864855,0.09594533623790569
2024-11-19 01:00:00+05:30,334.7199778861522,26.76666667,65.7,1,1,0,0,338.50892063592005,336.8518336221523,0,0,9.728100754378737,-0.03336421712728943
2024-11-19 01:15:00+05:30,332.0085755602448,26.66666667,66.03333333,1,1,0,0,334.7199778861522,330.7573419740447,0,0,9.728100754378737,-0.03336421712728943
2024-11-19 01:30:00+05:30,326.5333710909064,26.6,66.06666667,1,1,0,0,332.0085755602448,327.18597314870635,0,0,9.728100754378737,-0.03336421712728943
2024-11-19 01:45:00+05:30,320.2195945789659,26.53333333,65.4,1,1,0,0,326.5333710909064,321.3850983719659,0,0,9.728100754378737,-0.03336421712728943
2024-11-19 02:00:00+05:30,317.7969114995253,26.43333333,66.13333333,2,1,0,0,320.2195945789659,317.22664687552526,0,0,8.484637707535343,-0.001367850315744823
2024-11-19 02:15:00+05:30,314.14231716369414,26.36666667,66.66666667,2,1,0,0,317.7969114995253,313.2692335634942,0,0,8.484637707535343,-0.001367850315744823
2024-11-19 02:30:00+05:30,311.91733434814097,26.2,66.5,2,1,0,0,314.14231716369414,309.8885342017411,0,0,8.484637707535343,-0.001367850315744823
2024-11-19 02:45:00+05:30,309.4638045783829,26.16666667,66.5,2,1,0,0,311.91733434814097,307.5608106425828,0,0,8.484637707535343,-0.001367850315744823
2024-11-19 03:00:00+05:30,307.2378349393685,26.1,65.7,3,1,0,0,309.4638045783829,305.7068106001685,0,0,7.607119538689619,-0.06004878179214801
2024-11-19 03:15:00+05:30,304.7279139660182,26.0,68.16666667,3,1,0,0,307.2378349393685,304.1749334938181,0,0,7.607119538689619,-0.06004878179214801
2024-11-19 03:30:00+05:30,302.02232306309475,25.93333333,66.76666667,3,1,0,0,304.7279139660182,304.56023360109464,0,0,7.607119538689619,-0.06004878179214801
2024-11-19 03:45:00+05:30,298.20218197564645,25.83333333,66.4,3,1,0,0,302.02232306309475,301.63701017324644,0,0,7.607119538689619,-0.06004878179214801
2024-11-19 04:00:00+05:30,295.7540626486614,25.83333333,65.66666667,4,1,0,0,298.20218197564645,300.5357884676613,0,0,6.594267060678064,0.008427398213465498
2024-11-19 04:15:00+05:30,294.45863917746266,25.73333333,65.1,4,1,0,0,295.7540626486614,299.13444227766263,0,0,6.594267060678064,0.008427398213465498
2024-11-19 04:30:00+05:30,293.3158849656035,25.63333333,64.06666667,4,1,0,0,294.45863917746266,300.6429806494036,0,0,6.594267060678064,0.008427398213465498
2024-11-19 04:45:00+05:30,295.0536139175869,25.56666667,63.86666667,4,1,0,0,293.3158849656035,300.4756380885869,0,0,6.594267060678064,0.008427398213465498
2024-11-19 05:00:00+05:30,295.84989606365576,25.46666667,65.13333333,5,1,0,0,295.0536139175869,300.9431183706557,0,0,5.279257902398529,0.10435750043793113
2024-11-19 05:15:00+05:30,297.6017772295772,25.33333333,66.86666667,5,1,0,0,295.84989606365576,303.5792323359772,0,0,5.279257902398529,0.10435750043793113
2024-11-19 05:30:00+05:30,303.0311248009866,25.23333333,67.76666667,5,1,0,0,297.6017772295772,308.9444245911866,0,0,5.279257902398529,0.10435750043793113
2024-11-19 05:45:00+05:30,304.6875309179452,25.16666667,67.66666667,5,1,0,0,303.0311248009866,313.58116084014523,0,0,5.279257902398529,0.10435750043793113
2024-11-19 06:00:00+05:30,312.1977289601242,25.13333333,70.26666667,6,1,0,0,304.6875309179452,319.8553184167241,0,0,4.311530887041023,0.35531410580184186
2024-11-19 06:15:00+05:30,315.0285148896264,25.03333333,67.56666667,6,1,0,0,312.1977289601242,329.88664561242643,0,0,4.311530887041023,0.35531410580184186
2024-11-19 06:30:00+05:30,323.72984453957383,25.0,65.63333333,6,1,0,0,315.0285148896264,337.744879416574,0,0,4.311530887041023,0.35531410580184186
2024-11-19 06:45:00+05:30,335.61958644102015,25.0,66.16666667,6,1,0,0,323.72984453957383,348.6084421110201,0,0,4.311530887041023,0.35531410580184186
2024-11-19 07:00:00+05:30,347.6865120045013,25.06666667,66.1,7,1,0,0,335.61958644102015,360.9824483631013,0,0,5.499185953045883,0.4537110737780554
2024-11-19 07:15:00+05:30,359.7588283385756,25.2,66.33333333,7,1,0,0,347.6865120045013,375.1636633969756,0,0,5.499185953045883,0.4537110737780554
2024-11-19 07:30:00+05:30,373.6197339509481,25.43333333,65.66666667,7,1,0,0,359.7588283385756,389.343094000148,0,0,5.499185953045883,0.4537110737780554
2024-11-19 07:45:00+05:30,391.0316962846605,25.63333333,65.7,7,1,0,0,373.6197339509481,408.52527600466055,0,0,5.499185953045883,0.4537110737780554
2024-11-19 08:00:00+05:30,414.69209630311946,26.03333333,64.06666667,8,1,0,0,391.0316962846605,432.08280663431947,0,0,8.459706391374313,0.5709639278196643
2024-11-19 08:15:00+05:30,432.2079407313586,26.6,61.16666667,8,1,0,0,414.69209630311946,451.3720628163586,0,0,8.459706391374313,0.5709639278196643
2024-11-19 08:30:00+05:30,446.62460933894187,26.86666667,59.7,8,1,0,0,432.2079407313586,467.7878073515419,0,0,8.459706391374313,0.5709639278196643
2024-11-19 08:45:00+05:30,460.6189420321834,27.9,56.43333333,8,1,0,0,446.62460933894187,484.8212551755833,0,0,8.459706391374313,0.5709639278196643
2024-11-19 09:00:00+05:30,474.6607874841394,28.9,53.86666667,9,1,0,1,460.6189420321834,494.2876064527393,0,0,7.468916508257824,1.776913993434797
2024-11-19 09:15:00+05:30,487.5311912210572,29.6,52.03333333,9,1,0,1,474.6607874841394,504.940382280257,0,0,7.468916508257824,1.776913993434797
2024-11-19 09:30:00+05:30,496.0726123355176,30.2,49.96666667,9,1,0,1,487.5311912210572,511.6102526615175,0,0,7.468916508257824,1.776913993434797
2024-11-19 09:45:00+05:30,502.469668836621,30.66666667,47.66666667,9,1,0,1,496.0726123355176,519.195017279621,0,0,7.468916508257824,1.776913993434797
2024-11-19 10:00:00+05:30,509.82796026327736,31.4,44.7,10,1,0,1,502.469668836621,529.5054536084773,0,0,7.176660943313998,1.959443809088301
2024-11-19 10:15:00+05:30,512.3780862928784,31.8,42.83333333,10,1,0,1,509.82796026327736,535.9037079780784,0,0,7.176660943313998,1.959443809088301
2024-11-19 10:30:00+05:30,516.9594724858094,32.2,41.9,10,1,0,1,512.3780862928784,539.2705383692095,0,0,7.176660943313998,1.959443809088301
2024-11-19 10:45:00+05:30,520.3051230123261,32.83333333,40.4,10,1,0,1,516.9594724858094,541.5073415667262,0,0,7.176660943313998,1.959443809088301
2024-11-19 11:00:00+05:30,522.1461196009066,33.23333333,39.6,11,1,0,1,520.3051230123261,543.3064119305067,0,0,7.922475529678865,1.905498851423404
2024-11-19 11:15:00+05:30,524.4917734877554,33.7,37.7,11,1,0,1,522.1461196009066,542.8087123267555,0,0,7.922475529678865,1.905498851423404
2024-11-19 11:30:00+05:30,523.9450774507783,34.16666667,37.5,11,1,0,1,524.4917734877554,539.9242212589784,0,0,7.922475529678865,1.905498851423404
2024-11-19 11:45:00+05:30,523.1333800105095,34.13333333,36.86666667,11,1,0,1,523.9450774507783,537.3680333333095,0,0,7.922475529678865,1.905498851423404
2024-11-19 12:00:00+05:30,522.5982282948191,34.23333333,35.7,12,1,0,1,523.1333800105095,538.6703509074191,0,0,8.194346391416534,1.8296017411002858
2024-11-19 12:15:00+05:30,520.3090173626437,34.4,35.96666667,12,1,0,1,522.5982282948191,535.2534361406437,0,0,8.194346391416534,1.8296017411002858
2024-11-19 12:30:00+05:30,519.7673980207798,34.66666667,34.1,12,1,0,1,520.3090173626437,534.5523139641797,0,0,8.194346391416534,1.8296017411002858
2024-11-19 12:45:00+05:30,522.7247559933062,34.83333333,33.56666667,12,1,0,1,519.7673980207798,534.5091691339061,0,0,8.194346391416534,1.8296017411002858
2024-11-19 13:00:00+05:30,520.5981459178946,34.93333333,32.7,13,1,0,1,522.7247559933062,530.2230552238946,0,0,7.466115020642604,1.781152913482967
2024-11-19 13:15:00+05:30,517.8720400845842,35.06666667,31.2,13,1,0,1,520.5981459178946,528.3374465559842,0,0,7.466115020642604,1.781152913482967
2024-11-19 13:30:00+05:30,513.6123533830636,35.03333333,30.86666667,13,1,0,1,517.8720400845842,526.4827798634637,0,0,7.466115020642604,1.781152913482967
2024-11-19 13:45:00+05:30,516.2024718559073,35.3,29.76666667,13,1,0,1,513.6123533830636,529.0256064439073,0,0,7.466115020642604,1.781152913482967
2024-11-19 14:00:00+05:30,518.8401269663394,35.06666667,29.9,14,1,0,1,516.2024718559073,530.6253187853395,0,0,7.453520252664822,1.8810727851227305
2024-11-19 14:15:00+05:30,520.0183144284397,35.23333333,30.06666667,14,1,0,1,518.8401269663394,535.5882063624395,0,0,7.453520252664822,1.8810727851227305
2024-11-19 14:30:00+05:30,522.2803780404902,35.43333333,30.8,14,1,0,1,520.0183144284397,537.0049130524902,0,0,7.453520252664822,1.8810727851227305
2024-11-19 14:45:00+05:30,521.5352307423148,34.93333333,32.2,14,1,0,1,522.2803780404902,535.7277617037146,0,0,7.453520252664822,1.8810727851227305
2024-11-19 15:00:00+05:30,521.9630552241456,34.53333333,33.43333333,15,1,0,1,521.5352307423148,539.3407475365455,0,0,7.614608640955644,1.8795749299968296
2024-11-19 15:15:00+05:30,523.0464167879576,34.06666667,35.13333333,15,1,0,1,521.9630552241456,539.7414895507575,0,0,7.614608640955644,1.8795749299968296
2024-11-19 15:30:00+05:30,521.4117114232515,34.2,35.66666667,15,1,0,1,523.0464167879576,540.2655305022514,0,0,7.614608640955644,1.8795749299968296
2024-11-19 15:45:00+05:30,519.7723330934931,33.73333333,36.96666667,15,1,0,1,521.4117114232515,541.1933323990932,0,0,7.614608640955644,1.8795749299968296
2024-11-19 16:00:00+05:30,519.0826021487461,33.5,38.73333333,16,1,0,1,519.7723330934931,535.7962521803461,0,0,8.928003783814992,1.63470214174834
2024-11-19 16:15:00+05:30,516.5256749342342,32.73333333,41.4,16,1,0,1,519.0826021487461,531.4614645078343,0,0,8.928003783814992,1.63470214174834
2024-11-19 16:30:00+05:30,515.6787387662442,31.9,44.13333333,16,1,0,1,516.5256749342342,530.9339745430442,0,0,8.928003783814992,1.63470214174834
2024-11-19 16:45:00+05:30,512.6114326595499,31.43333333,45.7,16,1,0,1,515.6787387662442,529.3602136483498,0,0,8.928003783814992,1.63470214174834
2024-11-19 17:00:00+05:30,509.79347895246576,30.93333333,46.26666667,17,1,0,1,512.6114326595499,526.2029063586657,0,0,9.832269406100862,1.3066312424333932
2024-11-19 17:15:00+05:30,503.3220325317505,30.43333333,49.06666667,17,1,0,1,509.79347895246576,521.3900947663508,0,0,9.832269406100862,1.3066312424333932
2024-11-19 17:30:00+05:30,498.2011195680921,30.23333333,50.96666667,17,1,0,1,503.3220325317505,515.4226760078923,0,0,9.832269406100862,1.3066312424333932
2024-11-19 17:45:00+05:30,496.6522307414221,29.96666667,53.23333333,17,1,0,1,498.2011195680921,510.737490294622,0,0,9.832269406100862,1.3066312424333932
2024-11-19 18:00:00+05:30,494.4336923760995,29.73333333,55.03333333,18,1,0,0,496.6522307414221,505.27774008169945,0,0,10.294210660754121,0.797082883851726
2024-11-19 18:15:00+05:30,490.4774842752316,29.56666667,56.4,18,1,0,0,494.4336923760995,499.97700487963175,0,0,10.294210660754121,0.797082883851726
2024-11-19 18:30:00+05:30,485.12929794733367,29.33333333,57.36666667,18,1,0,0,490.4774842752316,493.1330862509337,0,0,10.294210660754121,0.797082883851726
2024-11-19 18:45:00+05:30,474.9952906683683,29.2,57.76666667,18,1,0,0,485.12929794733367,480.26257255516816,0,0,10.294210660754121,0.797082883851726
2024-11-19 19:00:00+05:30,464.72936477295553,29.1,57.9,19,1,0,0,474.9952906683683,471.0574211517557,0,0,10.813310868605901,0.8196688281600798
2024-11-19 19:15:00+05:30,455.4693231069339,28.96666667,58.9,19,1,0,0,464.72936477295553,463.0891038339339,0,0,10.813310868605901,0.8196688281600798
2024-11-19 19:30:00+05:30,448.4190621979264,28.8,58.73333333,19,1,0,0,455.4693231069339,458.6363441399265,0,0,10.813310868605901,0.8196688281600798
2024-11-19 19:45:00+05:30,442.7777457903002,28.66666667,59.46666667,19,1,0,0,448.4190621979264,451.35500060590016,0,0,10.813310868605901,0.8196688281600798
2024-11-19 20:00:00+05:30,437.1857480044586,28.53333333,60.13333333,20,1,0,0,442.7777457903002,444.5205623698587,0,0,10.193366449690611,0.84334742214611
2024-11-19 20:15:00+05:30,431.58990256376455,28.36666667,60.5,20,1,0,0,437.1857480044586,436.0072959791646,0,0,10.193366449690611,0.84334742214611
2024-11-19 20:30:00+05:30,423.58188729386194,28.2,60.53333333,20,1,0,0,431.58990256376455,429.3206892006618,0,0,10.193366449690611,0.84334742214611
2024-11-19 20:45:00+05:30,416.4580500304753,28.13333333,60.8,20,1,0,0,423.58188729386194,428.7319084168751,0,0,10.193366449690611,0.84334742214611
2024-11-19 21:00:00+05:30,408.8943545992942,28.03333333,61.33333333,21,1,0,0,416.4580500304753,422.2144407250941,0,0,8.774792195189448,0.7521888831997796
2024-11-19 21:15:00+05:30,403.3592332816604,27.9,61.5,21,1,0,0,408.8943545992942,413.3103540710604,0,0,8.774792195189448,0.7521888831997796
2024-11-19 21:30:00+05:30,400.2542476172293,27.76666667,61.9,21,1,0,0,403.3592332816604,407.69881412122936,0,0,8.774792195189448,0.7521888831997796
2024-11-19 21:45:00+05:30,394.8653806933162,27.56666667,62.23333333,21,1,0,0,400.2542476172293,401.4839301547163,0,0,8.774792195189448,0.7521888831997796
2024-11-19 22:00:00+05:30,389.7076573099496,27.46666667,61.56666667,22,1,0,0,394.8653806933162,394.7013306353495,0,0,9.389172121610137,0.7252749896297948
2024-11-19 22:15:00+05:30,386.4679140129159,27.36666667,63.06666667,22,1,0,0,389.7076573099496,391.7914347957157,0,0,9.389172121610137,0.7252749896297948
2024-11-19 22:30:00+05:30,381.8189384161559,27.16666667,64.13333333,22,1,0,0,386.4679140129159,386.7991372507559,0,0,9.389172121610137,0.7252749896297948
2024-11-19 22:45:00+05:30,378.523169374506,27.16666667,63.33333333,22,1,0,0,381.8189384161559,382.567092499906,0,0,9.389172121610137,0.7252749896297948
2024-11-19 23:00:00+05:30,371.8274721128662,27.2,63.23333333,23,1,0,0,378.523169374506,375.8268091020662,0,0,10.314981635691288,0.7718909870937027
2024-11-19 23:15:00+05:30,366.8395067978091,26.96666667,63.56666667,23,1,0,0,371.8274721128662,371.594001492209,0,0,10.314981635691288,0.7718909870937027
2024-11-19 23:30:00+05:30,361.1414608126634,26.8,63.46666667,23,1,0,0,366.8395067978091,365.4789876244635,0,0,10.314981635691288,0.7718909870937027
2024-11-19 23:45:00+05:30,355.3164459299288,26.73333333,61.8,23,1,0,0,361.1414608126634,359.22744512012906,0,0,10.314981635691288,0.7718909870937027
2024-11-20 00:00:00+05:30,347.9754343426224,26.73333333333333,61.8,0,2,0,0,355.3164459299288,353.98302171465195,0,0,10.821030164864855,0.09594533623790569
2024-11-20 00:15:00+05:30,343.8209972411861,26.666666666666668,60.26666666666667,0,2,0,0,347.9754343426224,350.3374355930457,0,0,10.821030164864855,0.09594533623790569
2024-11-20 00:30:00+05:30,339.4871031402047,26.53333333333333,61.1,0,2,0,0,343.8209972411861,347.0540928074341,0,0,10.821030164864855,0.09594533623790569
2024-11-20 00:45:00+05:30,334.5957970869406,26.4,62.53333333333333,0,2,0,0,339.4871031402047,338.50892063592005,0,0,10.821030164864855,0.09594533623790569
2024-11-20 01:00:00+05:30,330.2029677129764,26.166666666666668,64.43333333333334,1,2,0,0,334.5957970869406,334.7199778861522,0,0,9.728100754378737,-0.03336421712728943
2024-11-20 01:15:00+05:30,325.73740780199245,25.933333333333337,65.2,1,2,0,0,330.2029677129764,332.0085755602448,0,0,9.728100754378737,-0.03336421712728943
2024-11-20 01:30:00+05:30,321.8016674936194,25.899999999999995,66.8,1,2,0,0,325.73740780199245,326.5333710909064,0,0,9.728100754378737,-0.03336421712728943
2024-11-20 01:45:00+05:30,315.965984124667,25.8,66.26666666666667,1,2,0,0,321.8016674936194,320.2195945789659,0,0,9.728100754378737,-0.03336421712728943
2024-11-20 02:00:00+05:30,312.6008452450296,25.633333333333336,66.66666666666667,2,2,0,0,315.965984124667,317.7969114995253,0,0,8.484637707535343,-0.001367850315744823
2024-11-20 02:15:00+05:30,309.38064144619665,25.5,66.89999999999999,2,2,0,0,312.6008452450296,314.14231716369414,0,0,8.484637707535343,-0.001367850315744823
2024-11-20 02:30:00+05:30,306.4557194099747,25.466666666666665,66.33333333333333,2,2,0,0,309.38064144619665,311.91733434814097,0,0,8.484637707535343,-0.001367850315744823
2024-11-20 02:45:00+05:30,304.95263912373173,25.33333333333333,66.89999999999999,2,2,0,0,306.4557194099747,309.4638045783829,0,0,8.484637707535343,-0.001367850315744823
2024-11-20 03:00:00+05:30,303.2042211515913,25.3,67.0,3,2,0,0,304.95263912373173,307.2378349393685,0,0,7.607119538689619,-0.06004878179214801
2024-11-20 03:15:00+05:30,300.3271284841668,25.3,65.66666666666667,3,2,0,0,303.2042211515913,304.7279139660182,0,0,7.607119538689619,-0.06004878179214801
2024-11-20 03:30:00+05:30,299.05673261972413,25.23333333333333,65.16666666666667,3,2,0,0,300.3271284841668,302.02232306309475,0,0,7.607119538689619,-0.06004878179214801
2024-11-20 03:45:00+05:30,298.16494685654027,25.2,64.66666666666667,3,2,0,0,299.05673261972413,298.20218197564645,0,0,7.607119538689619,-0.06004878179214801
2024-11-20 04:00:00+05:30,297.1329600777614,25.133333333333336,63.3,4,2,0,0,298.16494685654027,295.7540626486614,0,0,6.594267060678064,0.008427398213465498
2024-11-20 04:15:00+05:30,297.66632965187034,25.23333333333333,62.03333333333334,4,2,0,0,297.1329600777614,294.45863917746266,0,0,6.594267060678064,0.008427398213465498
2024-11-20 04:30:00+05:30,299.0658443270728,25.13333333333333,62.43333333333334,4,2,0,0,297.66632965187034,293.3158849656035,0,0,6.594267060678064,0.008427398213465498
2024-11-20 04:45:00+05:30,297.8727433437723,25.0,63.03333333333333,4,2,0,0,299.0658443270728,295.0536139175869,0,0,6.594267060678064,0.008427398213465498
2024-11-20 05:00:00+05:30,297.8519581690343,24.899999999999995,64.10000000000001,5,2,0,0,297.8727433437723,295.84989606365576,0,0,5.279257902398529,0.10435750043793113
2024-11-20 05:15:00+05:30,298.6429321061151,24.8,64.7,5,2,0,0,297.8519581690343,297.6017772295772,0,0,5.279257902398529,0.10435750043793113
2024-11-20 05:30:00+05:30,297.2167372234253,24.7,66.86666666666666,5,2,0,0,298.6429321061151,303.0311248009866,0,0,5.279257902398529,0.10435750043793113
2024-11-20 05:45:00+05:30,297.7064771785322,24.633333333333336,67.26666666666667,5,2,0,0,297.2167372234253,304.6875309179452,0,0,5.279257902398529,0.10435750043793113
2024-11-20 06:00:00+05:30,300.37431191788403,24.566666666666663,67.43333333333334,6,2,0,0,297.7064771785322,312.1977289601242,0,0,4.311530887041023,0.35531410580184186
2024-11-20 06:15:00+05:30,301.6726292977714,24.5,67.2,6,2,0,0,300.37431191788403,315.0285148896264,0,0,4.311530887041023,0.35531410580184186
2024-11-20 06:30:00+05:30,302.14465873819773,24.399999999999995,67.03333333333335,6,2,0,0,301.6726292977714,323.72984453957383,0,0,4.311530887041023,0.35531410580184186
2024-11-20 06:45:00+05:30,303.3572832554746,24.366666666666664,67.36666666666666,6,2,0,0,302.14465873819773,335.61958644102015,0,0,4.311530887041023,0.35531410580184186
2024-11-20 07:00:00+05:30,309.2710788277057,24.366666666666664,67.06666666666666,7,2,0,0,303.3572832554746,347.6865120045013,0,0,5.499185953045883,0.4537110737780554
2024-11-20 07:15:00+05:30,312.3609635342852,24.46666666666667,64.83333333333333,7,2,0,0,309.2710788277057,359.7588283385756,0,0,5.499185953045883,0.4537110737780554
2024-11-20 07:30:00+05:30,315.55519462164983,24.633333333333336,64.53333333333335,7,2,0,0,312.3609635342852,373.6197339509481,0,0,5.499185953045883,0.4537110737780554
2024-11-20 07:45:00+05:30,320.20917811059707,24.866666666666664,64.63333333333333,7,2,0,0,315.55519462164983,391.0316962846605,0,0,5.499185953045883,0.4537110737780554
2024-11-20 08:00:00+05:30,330.37915687229366,25.166666666666668,64.5,8,2,0,0,320.20917811059707,414.69209630311946,0,0,8.459706391374313,0.5709639278196643
2024-11-20 08:15:00+05:30,336.6414948457216,25.566666666666663,64.03333333333335,8,2,0,0,330.37915687229366,432.2079407313586,0,0,8.459706391374313,0.5709639278196643
2024-11-20 08:30:00+05:30,343.0889805791441,26.1,60.96666666666667,8,2,0,0,336.6414948457216,446.62460933894187,0,0,8.459706391374313,0.5709639278196643
2024-11-20 08:45:00+05:30,347.5681326938381,26.5,58.16666666666666,8,2,0,0,343.0889805791441,460.6189420321834,0,0,8.459706391374313,0.5709639278196643
2024-11-20 09:00:00+05:30,353.57328561534024,27.53333333333333,54.70000000000001,9,2,0,1,347.5681326938381,474.6607874841394,0,0,7.468916508257824,1.776913993434797
2024-11-20 09:15:00+05:30,358.6390945670576,28.53333333333333,51.5,9,2,0,1,353.57328561534024,487.5311912210572,0,0,7.468916508257824,1.776913993434797
2024-11-20 09:30:00+05:30,359.09223056689524,29.066666666666663,49.63333333333333,9,2,0,1,358.6390945670576,496.0726123355176,0,0,7.468916508257824,1.776913993434797
2024-11-20 09:45:00+05:30,361.9650106357137,29.53333333333333,47.20000000000001,9,2,0,1,359.09223056689524,502.469668836621,0,0,7.468916508257824,1.776913993434797
2024-11-20 10:00:00+05:30,367.5765459459079,30.3,46.36666666666667,10,2,0,1,361.9650106357137,509.82796026327736,0,0,7.176660943313998,1.959443809088301
2024-11-20 10:15:00+05:30,369.28753965294095,30.866666666666664,44.16666666666666,10,2,0,1,367.5765459459079,512.3780862928784,0,0,7.176660943313998,1.959443809088301
2024-11-20 10:30:00+05:30,370.6422737447232,31.3,42.66666666666666,10,2,0,1,369.28753965294095,516.9594724858094,0,0,7.176660943313998,1.959443809088301
2024-11-20 10:45:00+05:30,373.0081514591883,31.83333333333333,41.16666666666666,10,2,0,1,370.6422737447232,520.3051230123261,0,0,7.176660943313998,1.959443809088301
2024-11-20 11:00:00+05:30,374.4659328155304,32.13333333333333,39.43333333333333,11,2,0,1,373.0081514591883,522.1461196009066,0,0,7.922475529678865,1.905498851423404
2024-11-20 11:15:00+05:30,375.94400369545895,32.599999999999994,37.9,11,2,0,1,374.4659328155304,524.4917734877554,0,0,7.922475529678865,1.905498851423404
2024-11-20 11:30:00+05:30,377.3258877210498,32.96666666666667,36.9,11,2,0,1,375.94400369545895,523.9450774507783,0,0,7.922475529678865,1.905498851423404
2024-11-20 11:45:00+05:30,376.1350579601424,33.1,36.8,11,2,0,1,377.3258877210498,523.1333800105095,0,0,7.922475529678865,1.905498851423404
2024-11-20 12:00:00+05:30,378.8685398530074,33.166666666666664,35.96666666666667,12,2,0,1,376.1350579601424,522.5982282948191,0,0,8.194346391416534,1.8296017411002858
2024-11-20 12:15:00+05:30,378.08865034259065,33.13333333333333,35.5,12,2,0,1,378.8685398530074,520.3090173626437,0,0,8.194346391416534,1.8296017411002858
2024-11-20 12:30:00+05:30,377.3136799843734,33.4,35.3,12,2,0,1,378.08865034259065,519.7673980207798,0,0,8.194346391416534,1.8296017411002858
2024-11-20 12:45:00+05:30,376.3873159421224,33.266666666666666,33.96666666666667,12,2,0,1,377.3136799843734,522.7247559933062,0,0,8.194346391416534,1.8296017411002858
2024-11-20 13:00:00+05:30,374.6008272002477,33.56666666666666,33.333333333333336,13,2,0,1,376.3873159421224,520.5981459178946,0,0,7.466115020642604,1.781152913482967
2024-11-20 13:15:00+05:30,375.1547237727066,33.733333333333334,32.56666666666666,13,2,0,1,374.6008272002477,517.8720400845842,0,0,7.466115020642604,1.781152913482967
2024-11-20 13:30:00+05:30,374.5529053131391,33.96666666666666,31.633333333333336,13,2,0,1,375.1547237727066,513.6123533830636,0,0,7.466115020642604,1.781152913482967
2024-11-20 13:45:00+05:30,374.43727416732906,34.2,31.23333333333333,13,2,0,1,374.5529053131391,516.2024718559073,0,0,7.466115020642604,1.781152913482967
2024-11-20 14:00:00+05:30,373.0067705405509,34.266666666666666,30.1,14,2,0,1,374.43727416732906,518.8401269663394,0,0,7.453520252664822,1.8810727851227305
2024-11-20 14:15:00+05:30,373.45070555523336,34.4,29.899999999999995,14,2,0,1,373.0067705405509,520.0183144284397,0,0,7.453520252664822,1.8810727851227305
2024-11-20 14:30:00+05:30,374.6342684290736,34.56666666666666,30.933333333333337,14,2,0,1,373.45070555523336,522.2803780404902,0,0,7.453520252664822,1.8810727851227305
2024-11-20 14:45:00+05:30,373.9239643118839,34.63333333333333,32.03333333333333,14,2,0,1,374.6342684290736,521.5352307423148,0,0,7.453520252664822,1.8810727851227305
2024-11-20 15:00:00+05:30,375.99324662167777,34.4,33.266666666666666,15,2,0,1,373.9239643118839,521.9630552241456,0,0,7.614608640955644,1.8795749299968296
2024-11-20 15:15:00+05:30,376.68067210892855,34.36666666666667,35.166666666666664,15,2,0,1,375.99324662167777,523.0464167879576,0,0,7.614608640955644,1.8795749299968296
2024-11-20 15:30:00+05:30,377.7786755660833,34.1,35.766666666666666,15,2,0,1,376.68067210892855,521.4117114232515,0,0,7.614608640955644,1.8795749299968296
2024-11-20 15:45:00+05:30,378.9606356254677,33.800000000000004,37.03333333333333,15,2,0,1,377.7786755660833,519.7723330934931,0,0,7.614608640955644,1.8795749299968296
2024-11-20 16:00:00+05:30,379.4478366048222,33.56666666666667,38.2,16,2,0,1,378.9606356254677,519.0826021487461,0,0,8.928003783814992,1.63470214174834
2024-11-20 16:15:00+05:30,376.74123932185256,33.300000000000004,38.266666666666666,16,2,0,1,379.4478366048222,516.5256749342342,0,0,8.928003783814992,1.63470214174834
2024-11-20 16:30:00+05:30,377.205474145452,32.333333333333336,42.0,16,2,0,1,376.74123932185256,515.6787387662442,0,0,8.928003783814992,1.63470214174834
2024-11-20 16:45:00+05:30,379.0389799978094,31.53333333333333,45.1,16,2,0,1,377.205474145452,512.6114326595499,0,0,8.928003783814992,1.63470214174834
2024-11-20 17:00:00+05:30,377.8855147533035,31.0,47.6,17,2,0,1,379.0389799978094,509.79347895246576,0,0,9.832269406100862,1.3066312424333932
2024-11-20 17:15:00+05:30,378.37265743403935,30.5,48.79999999999999,17,2,0,1,377.8855147533035,503.3220325317505,0,0,9.832269406100862,1.3066312424333932
2024-11-20 17:30:00+05:30,380.3252730358087,30.133333333333336,49.96666666666667,17,2,0,1,378.37265743403935,498.2011195680921,0,0,9.832269406100862,1.3066312424333932
2024-11-20 17:45:00+05:30,383.2733500776145,29.83333333333333,51.833333333333336,17,2,0,1,380.3252730358087,496.6522307414221,0,0,9.832269406100862,1.3066312424333932
2024-11-20 18:00:00+05:30,387.9470678156322,29.433333333333337,53.13333333333333,18,2,0,0,383.2733500776145,494.4336923760995,0,0,10.294210660754121,0.797082883851726
2024-11-20 18:15:00+05:30,391.8539843585655,29.2,54.9,18,2,0,0,387.9470678156322,490.4774842752316,0,0,10.294210660754121,0.797082883851726
2024-11-20 18:30:00+05:30,393.3246941073239,29.066666666666663,55.8,18,2,0,0,391.8539843585655,485.12929794733367,0,0,10.294210660754121,0.797082883851726
2024-11-20 18:45:00+05:30,391.35256451118624,28.866666666666664,57.46666666666667,18,2,0,0,393.3246941073239,474.9952906683683,0,0,10.294210660754121,0.797082883851726
2024-11-20 19:00:00+05:30,390.49482061208016,28.73333333333333,58.23333333333333,19,2,0,0,391.35256451118624,464.72936477295553,0,0,10.813310868605901,0.8196688281600798
2024-11-20 19:15:00+05:30,387.5710568535806,28.633333333333336,58.366666666666674,19,2,0,0,390.49482061208016,455.4693231069339,0,0,10.813310868605901,0.8196688281600798
2024-11-20 19:30:00+05:30,385.136336845753,28.5,58.5,19,2,0,0,387.5710568535806,448.4190621979264,0,0,10.813310868605901,0.8196688281600798
2024-11-20 19:45:00+05:30,383.22546119296527,28.366666666666664,59.133333333333326,19,2,0,0,385.136336845753,442.7777457903002,0,0,10.813310868605901,0.8196688281600798
2024-11-20 20:00:00+05:30,379.3696439192195,28.2,60.03333333333334,20,2,0,0,383.22546119296527,437.1857480044586,0,0,10.193366449690611,0.84334742214611
2024-11-20 20:15:00+05:30,379.2735479108613,28.1,60.2,20,2,0,0,379.3696439192195,431.58990256376455,0,0,10.193366449690611,0.84334742214611
2024-11-20 20:30:00+05:30,374.5322159077033,28.03333333333333,60.79999999999999,20,2,0,0,379.2735479108613,423.58188729386194,0,0,10.193366449690611,0.84334742214611
2024-11-20 20:45:00+05:30,373.4338890070622,27.933333333333337,61.36666666666667,20,2,0,0,374.5322159077033,416.4580500304753,0,0,10.193366449690611,0.84334742214611
2024-11-20 21:00:00+05:30,370.19986651270784,27.766666666666666,60.26666666666667,21,2,0,0,373.4338890070622,408.8943545992942,0,0,8.774792195189448,0.7521888831997796
2024-11-20 21:15:00+05:30,368.0300374200788,27.8,58.46666666666667,21,2,0,0,370.19986651270784,403.3592332816604,0,0,8.774792195189448,0.7521888831997796
2024-11-20 21:30:00+05:30,365.9191652091282,27.700000000000003,58.23333333333333,21,2,0,0,368.0300374200788,400.2542476172293,0,0,8.774792195189448,0.7521888831997796
2024-11-20 21:45:00+05:30,362.8804263244013,27.566666666666663,58.366666666666674,21,2,0,0,365.9191652091282,394.8653806933162,0,0,8.774792195189448,0.7521888831997796
2024-11-20 22:00:00+05:30,356.642090754536,27.399999999999995,58.53333333333334,22,2,0,0,362.8804263244013,389.7076573099496,0,0,9.389172121610137,0.7252749896297948
2024-11-20 22:15:00+05:30,351.7530598138174,27.3,58.73333333333333,22,2,0,0,356.642090754536,386.4679140129159,0,0,9.389172121610137,0.7252749896297948
2024-11-20 22:30:00+05:30,349.2267512911792,27.166666666666668,58.3,22,2,0,0,351.7530598138174,381.8189384161559,0,0,9.389172121610137,0.7252749896297948
2024-11-20 22:45:00+05:30,345.7822616478079,27.066666666666663,58.23333333333333,22,2,0,0,349.2267512911792,378.523169374506,0,0,9.389172121610137,0.7252749896297948
2024-11-20 23:00:00+05:30,342.88734157214304,26.96666666666667,58.7,23,2,0,0,345.7822616478079,371.8274721128662,0,0,10.314981635691288,0.7718909870937027
2024-11-20 23:15:00+05:30,339.78651744263857,26.83333333333333,59.53333333333333,23,2,0,0,342.88734157214304,366.8395067978091,0,0,10.314981635691288,0.7718909870937027
2024-11-20 23:30:00+05:30,336.2922250680587,26.666666666666668,61.13333333333333,23,2,0,0,339.78651744263857,361.1414608126634,0,0,10.314981635691288,0.7718909870937027
2024-11-20 23:45:00+05:30,331.1500962390229,26.5,61.96666666666667,23,2,0,0,336.2922250680587,355.3164459299288,0,0,10.314981635691288,0.7718909870937027
2024-11-21 00:00:00+05:30,326.3113284015427,26.366666666666664,63.0,0,3,0,0,331.1500962390229,347.9754343426224,0,0,10.821030164864855,0.09594533623790569
2024-11-21 00:15:00+05:30,323.9019960832234,26.23333333333333,64.66666666666667,0,3,0,0,326.3113284015427,343.8209972411861,0,0,10.821030164864855,0.09594533623790569
2024-11-21 00:30:00+05:30,321.4444901806668,26.100000000000005,64.83333333333333,0,3,0,0,323.9019960832234,339.4871031402047,0,0,10.821030164864855,0.09594533623790569
2024-11-21 00:45:00+05:30,314.66970191898497,25.933333333333337,66.46666666666665,0,3,0,0,321.4444901806668,334.5957970869406,0,0,10.821030164864855,0.09594533623790569
2024-11-21 01:00:00+05:30,310.8093657568126,25.8,66.3,1,3,0,0,314.66970191898497,330.2029677129764,0,0,9.728100754378737,-0.03336421712728943
2024-11-21 01:15:00+05:30,306.0593675551745,25.666666666666668,66.73333333333333,1,3,0,0,310.8093657568126,325.73740780199245,0,0,9.728100754378737,-0.03336421712728943
2024-11-21 01:30:00+05:30,301.35541436755096,25.5,67.36666666666667,1,3,0,0,306.0593675551745,321.8016674936194,0,0,9.728100754378737,-0.03336421712728943
2024-11-21 01:45:00+05:30,298.27326660301844,25.433333333333337,67.43333333333334,1,3,0,0,301.35541436755096,315.965984124667,0,0,9.728100754378737,-0.03336421712728943
2024-11-21 02:00:00+05:30,292.4112556912376,25.366666666666664,66.89999999999999,2,3,0,0,298.27326660301844,312.6008452450296,0,0,8.484637707535343,-0.001367850315744823
2024-11-21 02:15:00+05:30,290.19227467654053,25.366666666666664,66.76666666666667,2,3,0,0,292.4112556912376,309.38064144619665,0,0,8.484637707535343,-0.001367850315744823
2024-11-21 02:30:00+05:30,288.1387072332262,25.3,66.03333333333335,2,3,0,0,290.19227467654053,306.4557194099747,0,0,8.484637707535343,-0.001367850315744823
2024-11-21 02:45:00+05:30,287.9960651488193,25.066666666666663,67.2,2,3,0,0,288.1387072332262,304.95263912373173,0,0,8.484637707535343,-0.001367850315744823
2024-11-21 03:00:00+05:30,288.4318267126864,25.03333333333333,67.86666666666667,3,3,0,0,287.9960651488193,303.2042211515913,0,0,7.607119538689619,-0.06004878179214801
2024-11-21 03:15:00+05:30,286.74349182656937,24.933333333333337,68.10000000000001,3,3,0,0,288.4318267126864,300.3271284841668,0,0,7.607119538689619,-0.06004878179214801
2024-11-21 03:30:00+05:30,283.929520367504,24.866666666666664,69.4,3,3,0,0,286.74349182656937,299.05673261972413,0,0,7.607119538689619,-0.06004878179214801
2024-11-21 03:45:00+05:30,282.4977503322906,24.7,70.56666666666666,3,3,0,0,283.929520367504,298.16494685654027,0,0,7.607119538689619,-0.06004878179214801
2024-11-21 04:00:00+05:30,281.5311355982982,24.73333333333333,71.03333333333333,4,3,0,0,282.4977503322906,297.1329600777614,0,0,6.594267060678064,0.008427398213465498
2024-11-21 04:15:00+05:30,281.9429974637641,24.7,71.63333333333334,4,3,0,0,281.5311355982982,297.66632965187034,0,0,6.594267060678064,0.008427398213465498
2024-11-21 04:30:00+05:30,282.4334481834132,24.633333333333336,70.66666666666667,4,3,0,0,281.9429974637641,299.0658443270728,0,0,6.594267060678064,0.008427398213465498
2024-11-21 04:45:00+05:30,282.60749350652304,24.6,70.23333333333333,4,3,0,0,282.4334481834132,297.8727433437723,0,0,6.594267060678064,0.008427398213465498
2024-11-21 05:00:00+05:30,283.582711870585,24.5,70.06666666666668,5,3,0,0,282.60749350652304,297.8519581690343,0,0,5.279257902398529,0.10435750043793113
2024-11-21 05:15:00+05:30,285.86931829337163,24.433333333333337,70.36666666666667,5,3,0,0,283.582711870585,298.6429321061151,0,0,5.279257902398529,0.10435750043793113
2024-11-21 05:30:00+05:30,290.54197241605806,24.33333333333333,70.96666666666668,5,3,0,0,285.86931829337163,297.2167372234253,0,0,5.279257902398529,0.10435750043793113
2024-11-21 05:45:00+05:30,296.4176141928156,24.2,71.16666666666667,5,3,0,0,290.54197241605806,297.7064771785322,0,0,5.279257902398529,0.10435750043793113
2024-11-21 06:00:00+05:30,303.5598687349232,24.2,71.13333333333334,6,3,0,0,296.4176141928156,300.37431191788403,0,0,4.311530887041023,0.35531410580184186
2024-11-21 06:15:00+05:30,310.622523103986,24.133333333333336,71.03333333333333,6,3,0,0,303.5598687349232,301.6726292977714,0,0,4.311530887041023,0.35531410580184186
2024-11-21 06:30:00+05:30,319.7311085796322,24.1,71.2,6,3,0,0,310.622523103986,302.14465873819773,0,0,4.311530887041023,0.35531410580184186
2024-11-21 06:45:00+05:30,331.908381495599,23.933333333333337,71.83333333333333,6,3,0,0,319.7311085796322,303.3572832554746,0,0,4.311530887041023,0.35531410580184186
2024-11-21 07:00:00+05:30,346.23144384280823,23.96666666666667,72.03333333333333,7,3,0,0,331.908381495599,309.2710788277057,0,0,5.499185953045883,0.4537110737780554
2024-11-21 07:15:00+05:30,364.00320412900027,24.1,72.10000000000001,7,3,0,0,346.23144384280823,312.3609635342852,0,0,5.499185953045883,0.4537110737780554
2024-11-21 07:30:00+05:30,377.1819059203549,24.1,72.16666666666667,7,3,0,0,364.00320412900027,315.55519462164983,0,0,5.499185953045883,0.4537110737780554
2024-11-21 07:45:00+05:30,392.1453686528934,24.33333333333333,73.83333333333333,7,3,0,0,377.1819059203549,320.20917811059707,0,0,5.499185953045883,0.4537110737780554
2024-11-21 08:00:00+05:30,411.0597530551521,24.666666666666668,73.56666666666666,8,3,0,0,392.1453686528934,330.37915687229366,0,0,8.459706391374313,0.5709639278196643
2024-11-21 08:15:00+05:30,432.8042378368463,25.0,70.43333333333334,8,3,0,0,411.0597530551521,336.6414948457216,0,0,8.459706391374313,0.5709639278196643
2024-11-21 08:30:00+05:30,448.5770638062253,25.53333333333333,67.10000000000001,8,3,0,0,432.8042378368463,343.0889805791441,0,0,8.459706391374313,0.5709639278196643
2024-11-21 08:45:00+05:30,462.1606766212829,25.899999999999995,64.16666666666667,8,3,0,0,448.5770638062253,347.5681326938381,0,0,8.459706391374313,0.5709639278196643
2024-11-21 09:00:00+05:30,474.4224742823501,26.76666666666667,61.93333333333334,9,3,0,1,462.1606766212829,353.57328561534024,0,0,7.468916508257824,1.776913993434797
2024-11-21 09:15:00+05:30,486.9396359053753,27.9,58.06666666666666,9,3,0,1,474.4224742823501,358.6390945670576,0,0,7.468916508257824,1.776913993434797
2024-11-21 09:30:00+05:30,495.72432386119567,28.566666666666663,55.333333333333336,9,3,0,1,486.9396359053753,359.09223056689524,0,0,7.468916508257824,1.776913993434797
2024-11-21 09:45:00+05:30,502.6114323144518,29.23333333333333,53.4,9,3,0,1,495.72432386119567,361.9650106357137,0,0,7.468916508257824,1.776913993434797
2024-11-21 10:00:00+05:30,512.604580578515,29.9,50.9,10,3,0,1,502.6114323144518,367.5765459459079,0,0,7.176660943313998,1.959443809088301
2024-11-21 10:15:00+05:30,516.3166590910091,30.3,48.4,10,3,0,1,512.604580578515,369.28753965294095,0,0,7.176660943313998,1.959443809088301
2024-11-21 10:30:00+05:30,520.6635117210483,30.899999999999995,45.5,10,3,0,1,516.3166590910091,370.6422737447232,0,0,7.176660943313998,1.959443809088301
2024-11-21 10:45:00+05:30,523.1326498813788,31.3,43.866666666666674,10,3,0,1,520.6635117210483,373.0081514591883,0,0,7.176660943313998,1.959443809088301
2024-11-21 11:00:00+05:30,523.4038907485187,31.700000000000003,42.4,11,3,0,1,523.1326498813788,374.4659328155304,0,0,7.922475529678865,1.905498851423404
2024-11-21 11:15:00+05:30,523.7344847031607,32.300000000000004,41.3,11,3,0,1,523.4038907485187,375.94400369545895,0,0,7.922475529678865,1.905498851423404
2024-11-21 11:30:00+05:30,522.1533488140675,32.7,39.333333333333336,11,3,0,1,523.7344847031607,377.3258877210498,0,0,7.922475529678865,1.905498851423404
2024-11-21 11:45:00+05:30,520.150922821133,33.1,38.13333333333333,11,3,0,1,522.1533488140675,376.1350579601424,0,0,7.922475529678865,1.905498851423404
2024-11-21 12:00:00+05:30,522.8984995990002,33.1,37.833333333333336,12,3,0,1,520.150922821133,378.8685398530074,0,0,8.194346391416534,1.8296017411002858
2024-11-21 12:15:00+05:30,518.0835857900361,33.300000000000004,37.36666666666667,12,3,0,1,522.8984995990002,378.08865034259065,0,0,8.194346391416534,1.8296017411002858
2024-11-21 12:30:00+05:30,517.0107291036617,33.5,36.66666666666666,12,3,0,1,518.0835857900361,377.3136799843734,0,0,8.194346391416534,1.8296017411002858
2024-11-21 12:45:00+05:30,517.6284618394121,33.800000000000004,36.3,12,3,0,1,517.0107291036617,376.3873159421224,0,0,8.194346391416534,1.8296017411002858
2024-11-21 13:00:00+05:30,513.0236447263239,33.63333333333333,34.7,13,3,0,1,517.6284618394121,374.6008272002477,0,0,7.466115020642604,1.781152913482967
2024-11-21 13:15:00+05:30,511.1665375331112,33.766666666666666,33.63333333333333,13,3,0,1,513.0236447263239,375.1547237727066,0,0,7.466115020642604,1.781152913482967
2024-11-21 13:30:00+05:30,508.0081302300706,33.800000000000004,32.46666666666667,13,3,0,1,511.1665375331112,374.5529053131391,0,0,7.466115020642604,1.781152913482967
2024-11-21 13:45:00+05:30,510.7207241957352,34.1,32.06666666666666,13,3,0,1,508.0081302300706,374.43727416732906,0,0,7.466115020642604,1.781152913482967
2024-11-21 14:00:00+05:30,513.8482783787875,34.46666666666667,30.96666666666667,14,3,0,1,510.7207241957352,373.0067705405509,0,0,7.453520252664822,1.8810727851227305
2024-11-21 14:15:00+05:30,516.9363747986462,34.36666666666667,31.83333333333333,14,3,0,1,513.8482783787875,373.45070555523336,0,0,7.453520252664822,1.8810727851227305
2024-11-21 14:30:00+05:30,516.8030063545608,34.7,30.433333333333337,14,3,0,1,516.9363747986462,374.6342684290736,0,0,7.453520252664822,1.8810727851227305
2024-11-21 14:45:00+05:30,516.4159951992841,35.03333333333334,29.899999999999995,14,3,0,1,516.8030063545608,373.9239643118839,0,0,7.453520252664822,1.8810727851227305
2024-11-21 15:00:00+05:30,517.6984056074538,35.1,31.8,15,3,0,1,516.4159951992841,375.99324662167777,0,0,7.614608640955644,1.8795749299968296
2024-11-21 15:15:00+05:30,517.1606547182544,34.4,35.4,15,3,0,1,517.6984056074538,376.68067210892855,0,0,7.614608640955644,1.8795749299968296
2024-11-21 15:30:00+05:30,516.3905938142751,34.1,35.233333333333334,15,3,0,1,517.1606547182544,377.7786755660833,0,0,7.614608640955644,1.8795749299968296
2024-11-21 15:45:00+05:30,515.3880782665962,33.73333333333333,35.833333333333336,15,3,0,1,516.3905938142751,378.9606356254677,0,0,7.614608640955644,1.8795749299968296
2024-11-21 16:00:00+05:30,511.6492018337585,33.2,35.86666666666667,16,3,0,1,515.3880782665962,379.4478366048222,0,0,8.928003783814992,1.63470214174834
2024-11-21 16:15:00+05:30,507.94273869700993,32.733333333333334,38.73333333333333,16,3,0,1,511.6492018337585,376.74123932185256,0,0,8.928003783814992,1.63470214174834
2024-11-21 16:30:00+05:30,505.5479224674607,31.96666666666667,43.26666666666667,16,3,0,1,507.94273869700993,377.205474145452,0,0,8.928003783814992,1.63470214174834
2024-11-21 16:45:00+05:30,501.8781044860056,31.23333333333333,44.16666666666666,16,3,0,1,505.5479224674607,379.0389799978094,0,0,8.928003783814992,1.63470214174834
2024-11-21 17:00:00+05:30,499.50208289999466,30.8,45.26666666666667,17,3,0,1,501.8781044860056,377.8855147533035,0,0,9.832269406100862,1.3066312424333932
2024-11-21 17:15:00+05:30,498.5373807272141,30.366666666666664,46.06666666666666,17,3,0,1,499.50208289999466,378.37265743403935,0,0,9.832269406100862,1.3066312424333932
2024-11-21 17:30:00+05:30,493.2109859406673,30.03333333333333,47.26666666666667,17,3,0,1,498.5373807272141,380.3252730358087,0,0,9.832269406100862,1.3066312424333932
2024-11-21 17:45:00+05:30,488.23319392911606,29.8,49.133333333333326,17,3,0,1,493.2109859406673,383.2733500776145,0,0,9.832269406100862,1.3066312424333932
2024-11-21 18:00:00+05:30,488.973286639084,29.433333333333337,53.66666666666666,18,3,0,0,488.23319392911606,387.9470678156322,0,0,10.294210660754121,0.797082883851726
2024-11-21 18:15:00+05:30,487.71193651414666,29.066666666666663,55.9,18,3,0,0,488.973286639084,391.8539843585655,0,0,10.294210660754121,0.797082883851726
2024-11-21 18:30:00+05:30,476.5526975348074,28.9,57.23333333333333,18,3,0,0,487.71193651414666,393.3246941073239,0,0,10.294210660754121,0.797082883851726
2024-11-21 18:45:00+05:30,460.3670120983026,28.633333333333336,57.26666666666667,18,3,0,0,476.5526975348074,391.35256451118624,0,0,10.294210660754121,0.797082883851726
2024-11-21 19:00:00+05:30,454.6975780884968,28.566666666666663,57.46666666666667,19,3,0,0,460.3670120983026,390.49482061208016,0,0,10.813310868605901,0.8196688281600798
2024-11-21 19:15:00+05:30,445.5020097325293,28.53333333333333,58.73333333333333,19,3,0,0,454.6975780884968,387.5710568535806,0,0,10.813310868605901,0.8196688281600798
2024-11-21 19:30:00+05:30,437.1031029211502,28.366666666666664,59.866666666666674,19,3,0,0,445.5020097325293,385.136336845753,0,0,10.813310868605901,0.8196688281600798
2024-11-21 19:45:00+05:30,429.7570935240588,28.23333333333333,61.63333333333333,19,3,0,0,437.1031029211502,383.22546119296527,0,0,10.813310868605901,0.8196688281600798
2024-11-21 20:00:00+05:30,422.1952366907507,28.133333333333336,62.43333333333334,20,3,0,0,429.7570935240588,379.3696439192195,0,0,10.193366449690611,0.84334742214611
2024-11-21 20:15:00+05:30,417.1428351431485,28.03333333333333,62.9,20,3,0,0,422.1952366907507,379.2735479108613,0,0,10.193366449690611,0.84334742214611
2024-11-21 20:30:00+05:30,411.2431889829831,27.933333333333337,62.833333333333336,20,3,0,0,417.1428351431485,374.5322159077033,0,0,10.193366449690611,0.84334742214611
2024-11-21 20:45:00+05:30,404.5198226075564,27.8,62.96666666666667,20,3,0,0,411.2431889829831,373.4338890070622,0,0,10.193366449690611,0.84334742214611
2024-11-21 21:00:00+05:30,399.7290780483213,27.73333333333333,63.633333333333326,21,3,0,0,404.5198226075564,370.19986651270784,0,0,8.774792195189448,0.7521888831997796
2024-11-21 21:15:00+05:30,394.9093702023277,27.53333333333333,63.7,21,3,0,0,399.7290780483213,368.0300374200788,0,0,8.774792195189448,0.7521888831997796
2024-11-21 21:30:00+05:30,391.0401172988997,27.433333333333337,64.5,21,3,0,0,394.9093702023277,365.9191652091282,0,0,8.774792195189448,0.7521888831997796
2024-11-21 21:45:00+05:30,386.4044375365683,27.266666666666666,65.39999999999999,21,3,0,0,391.0401172988997,362.8804263244013,0,0,8.774792195189448,0.7521888831997796
2024-11-21 22:00:00+05:30,379.39058902191096,27.03333333333333,65.56666666666666,22,3,0,0,386.4044375365683,356.642090754536,0,0,9.389172121610137,0.7252749896297948
2024-11-21 22:15:00+05:30,371.88002732589166,26.83333333333333,66.0,22,3,0,0,379.39058902191096,351.7530598138174,0,0,9.389172121610137,0.7252749896297948
2024-11-21 22:30:00+05:30,369.60598912572726,26.73333333333333,65.93333333333334,22,3,0,0,371.88002732589166,349.2267512911792,0,0,9.389172121610137,0.7252749896297948
2024-11-21 22:45:00+05:30,363.3253108316584,26.566666666666663,66.56666666666666,22,3,0,0,369.60598912572726,345.7822616478079,0,0,9.389172121610137,0.7252749896297948
2024-11-21 23:00:00+05:30,356.11169078304056,26.33333333333333,67.2,23,3,0,0,363.3253108316584,342.88734157214304,0,0,10.314981635691288,0.7718909870937027
2024-11-21 23:15:00+05:30,349.7060891913824,26.2,67.53333333333333,23,3,0,0,356.11169078304056,339.78651744263857,0,0,10.314981635691288,0.7718909870937027
2024-11-21 23:30:00+05:30,344.46585385627816,26.1,67.83333333333333,23,3,0,0,349.7060891913824,336.2922250680587,0,0,10.314981635691288,0.7718909870937027
2024-11-21 23:45:00+05:30,338.5795238529667,25.96666666666667,69.96666666666665,23,3,0,0,344.46585385627816,331.1500962390229,0,0,10.314981635691288,0.7718909870937027
2024-11-22 00:00:00+05:30,334.59079093426175,25.8,71.93333333333334,0,4,0,0,338.5795238529667,326.3113284015427,1,1,10.28266400297469,0.43514823999908975
2024-11-22 00:15:00+05:30,330.6363233365615,25.7,72.23333333333333,0,4,0,0,334.59079093426175,323.9019960832234,1,1,10.28266400297469,0.43514823999908975
2024-11-22 00:30:00+05:30,325.3658430447704,25.5,72.43333333333334,0,4,0,0,330.6363233365615,321.4444901806668,1,1,10.28266400297469,0.43514823999908975
2024-11-22 00:45:00+05:30,318.9917569764923,25.4,72.93333333333334,0,4,0,0,325.3658430447704,314.66970191898497,1,1,10.28266400297469,0.43514823999908975
2024-11-22 01:00:00+05:30,313.10569461262435,25.4,71.89999999999999,1,4,0,0,318.9917569764923,310.8093657568126,1,1,10.23492857948753,0.41905279901833875
2024-11-22 01:15:00+05:30,309.161841102352,25.26666666666667,72.36666666666666,1,4,0,0,313.10569461262435,306.0593675551745,1,1,10.23492857948753,0.41905279901833875
2024-11-22 01:30:00+05:30,305.9408197555574,25.23333333333333,71.96666666666667,1,4,0,0,309.161841102352,301.35541436755096,1,1,10.23492857948753,0.41905279901833875
2024-11-22 01:45:00+05:30,302.6331472963415,25.166666666666668,72.5,1,4,0,0,305.9408197555574,298.27326660301844,1,1,10.23492857948753,0.41905279901833875
2024-11-22 02:00:00+05:30,301.1314026335367,25.100000000000005,71.9,2,4,0,0,302.6331472963415,292.4112556912376,1,1,9.185307998547431,0.3327955533401284
2024-11-22 02:15:00+05:30,298.2710504824356,25.100000000000005,71.16666666666667,2,4,0,0,301.1314026335367,290.19227467654053,1,1,9.185307998547431,0.3327955533401284
2024-11-22 02:30:00+05:30,295.3316911821249,24.933333333333337,72.23333333333333,2,4,0,0,298.2710504824356,288.1387072332262,1,1,9.185307998547431,0.3327955533401284
2024-11-22 02:45:00+05:30,292.73024262548205,24.933333333333337,73.53333333333333,2,4,0,0,295.3316911821249,287.9960651488193,1,1,9.185307998547431,0.3327955533401284
2024-11-22 03:00:00+05:30,288.6231145472887,24.866666666666664,73.83333333333333,3,4,0,0,292.73024262548205,288.4318267126864,1,1,8.176635403696652,0.281371082814392
2024-11-22 03:15:00+05:30,287.11140838144007,24.83333333333333,73.66666666666667,3,4,0,0,288.6231145472887,286.74349182656937,1,1,8.176635403696652,0.281371082814392
2024-11-22 03:30:00+05:30,285.2996499929825,24.8,72.76666666666667,3,4,0,0,287.11140838144007,283.929520367504,1,1,8.176635403696652,0.281371082814392
2024-11-22 03:45:00+05:30,284.1228145923801,24.700000000000003,72.93333333333334,3,4,0,0,285.2996499929825,282.4977503322906,1,1,8.176635403696652,0.281371082814392
2024-11-22 04:00:00+05:30,284.1712360245398,24.600000000000005,72.66666666666667,4,4,0,0,284.1228145923801,281.5311355982982,1,1,7.015386303485643,0.26047677238200084
2024-11-22 04:15:00+05:30,283.2649621504387,24.46666666666667,73.0,4,4,0,0,284.1712360245398,281.9429974637641,1,1,7.015386303485643,0.26047677238200084
2024-11-22 04:30:00+05:30,281.4355976524253,24.399999999999995,73.3,4,4,0,0,283.2649621504387,282.4334481834132,1,1,7.015386303485643,0.26047677238200084
2024-11-22 04:45:00+05:30,282.6637688970208,24.266666666666666,73.03333333333333,4,4,0,0,281.4355976524253,282.60749350652304,1,1,7.015386303485643,0.26047677238200084
2024-11-22 05:00:00+05:30,285.3959406896952,24.133333333333336,73.36666666666667,5,4,0,0,282.6637688970208,283.582711870585,1,1,6.033809930124011,0.25601454739155827
2024-11-22 05:15:00+05:30,286.9723108949845,24.1,73.43333333333334,5,4,0,0,285.3959406896952,285.86931829337163,1,1,6.033809930124011,0.25601454739155827
2024-11-22 05:30:00+05:30,291.7046013431192,24.066666666666663,74.13333333333334,5,4,0,0,286.9723108949845,290.54197241605806,1,1,6.033809930124011,0.25601454739155827
2024-11-22 05:45:00+05:30,297.5772184329815,24.03333333333333,74.56666666666668,5,4,0,0,291.7046013431192,296.4176141928156,1,1,6.033809930124011,0.25601454739155827
2024-11-22 06:00:00+05:30,307.016161963905,23.96666666666667,74.2,6,4,0,0,297.5772184329815,303.5598687349232,1,1,5.124181795779499,0.3311154012974202
2024-11-22 06:15:00+05:30,313.70945813179554,24.03333333333333,73.93333333333334,6,4,0,0,307.016161963905,310.622523103986,1,1,5.124181795779499,0.3311154012974202
2024-11-22 06:30:00+05:30,324.113713878013,23.933333333333337,73.66666666666667,6,4,0,0,313.70945813179554,319.7311085796322,1,1,5.124181795779499,0.3311154012974202
2024-11-22 06:45:00+05:30,333.30725667498734,23.96666666666667,73.66666666666667,6,4,0,0,324.113713878013,331.908381495599,1,1,5.124181795779499,0.3311154012974202
2024-11-22 07:00:00+05:30,347.2879965712842,23.96666666666667,74.39999999999999,7,4,0,0,333.30725667498734,346.23144384280823,1,1,5.861215743503454,0.3098311206904185
2024-11-22 07:15:00+05:30,358.176254100928,24.066666666666663,74.46666666666667,7,4,0,0,347.2879965712842,364.00320412900027,1,1,5.861215743503454,0.3098311206904185
2024-11-22 07:30:00+05:30,372.2752968519945,24.33333333333333,74.13333333333334,7,4,0,0,358.176254100928,377.1819059203549,1,1,5.861215743503454,0.3098311206904185
2024-11-22 07:45:00+05:30,388.2994206231877,24.6,74.6,7,4,0,0,372.2752968519945,392.1453686528934,1,1,5.861215743503454,0.3098311206904185
2024-11-22 08:00:00+05:30,405.6297558428906,24.966666666666665,74.06666666666668,8,4,0,0,388.2994206231877,411.0597530551521,1,1,7.281180777855669,0.6174309216372611
2024-11-22 08:15:00+05:30,425.0073311262653,25.33333333333333,72.23333333333333,8,4,0,0,405.6297558428906,432.8042378368463,1,1,7.281180777855669,0.6174309216372611
2024-11-22 08:30:00+05:30,440.5806533460333,25.73333333333333,70.73333333333333,8,4,0,0,425.0073311262653,448.5770638062253,1,1,7.281180777855669,0.6174309216372611
2024-11-22 08:45:00+05:30,453.9130111630373,26.433333333333337,67.8,8,4,0,0,440.5806533460333,462.1606766212829,1,1,7.281180777855669,0.6174309216372611
2024-11-22 09:00:00+05:30,467.636976606214,27.4,64.36666666666666,9,4,0,1,453.9130111630373,474.4224742823501,1,1,-1.327798133298018,1.2286262331733069
2024-11-22 09:15:00+05:30,477.4769011013142,28.066666666666663,61.20000000000001,9,4,0,1,467.636976606214,486.9396359053753,1,1,-1.327798133298018,1.2286262331733069
2024-11-22 09:30:00+05:30,487.3502405265172,28.83333333333333,57.03333333333333,9,4,0,1,477.4769011013142,495.72432386119567,1,1,-1.327798133298018,1.2286262331733069
2024-11-22 09:45:00+05:30,493.1446853087001,29.433333333333337,54.06666666666666,9,4,0,1,487.3502405265172,502.6114323144518,1,1,-1.327798133298018,1.2286262331733069
2024-11-22 10:00:00+05:30,502.4128052622191,29.96666666666667,50.93333333333333,10,4,0,1,493.1446853087001,512.604580578515,1,1,-3.2492202176266622,1.0846145593807166
2024-11-22 10:15:00+05:30,506.9329648766539,30.666666666666668,48.8,10,4,0,1,502.4128052622191,516.3166590910091,1,1,-3.2492202176266622,1.0846145593807166
2024-11-22 10:30:00+05:30,509.5810403268539,31.16666666666666,46.86666666666667,10,4,0,1,506.9329648766539,520.6635117210483,1,1,-3.2492202176266622,1.0846145593807166
2024-11-22 10:45:00+05:30,514.4072328162772,31.7,45.833333333333336,10,4,0,1,509.5810403268539,523.1326498813788,1,1,-3.2492202176266622,1.0846145593807166
2024-11-22 11:00:00+05:30,512.6631482834879,32.13333333333333,44.16666666666666,11,4,0,1,514.4072328162772,523.4038907485187,1,1,-4.065128557591302,0.9600287683582207
2024-11-22 11:15:00+05:30,514.8002644961878,32.53333333333333,43.29999999999999,11,4,0,1,512.6631482834879,523.7344847031607,1,1,-4.065128557591302,0.9600287683582207
2024-11-22 11:30:00+05:30,514.486768671409,32.9,42.333333333333336,11,4,0,1,514.8002644961878,522.1533488140675,1,1,-4.065128557591302,0.9600287683582207
2024-11-22 11:45:00+05:30,513.2253190291506,33.03333333333333,41.266666666666666,11,4,0,1,514.486768671409,520.150922821133,1,1,-4.065128557591302,0.9600287683582207
2024-11-22 12:00:00+05:30,511.2781621057275,33.2,40.5,12,4,0,1,513.2253190291506,522.8984995990002,1,1,-3.584132884684334,0.9570303549034681
2024-11-22 12:15:00+05:30,509.9768606049441,33.43333333333334,39.43333333333333,12,4,0,1,511.2781621057275,518.0835857900361,1,1,-3.584132884684334,0.9570303549034681
2024-11-22 12:30:00+05:30,509.6490102895684,33.56666666666667,38.16666666666666,12,4,0,1,509.9768606049441,517.0107291036617,1,1,-3.584132884684334,0.9570303549034681
2024-11-22 12:45:00+05:30,507.9640258171209,33.96666666666667,36.86666666666667,12,4,0,1,509.6490102895684,517.6284618394121,1,1,-3.584132884684334,0.9570303549034681
2024-11-22 13:00:00+05:30,506.6822506297283,34.1,35.666666666666664,13,4,0,1,507.9640258171209,513.0236447263239,1,1,-3.4228902988654646,0.9655710716213526
2024-11-22 13:15:00+05:30,503.2534104381823,33.96666666666667,35.166666666666664,13,4,0,1,506.6822506297283,511.1665375331112,1,1,-3.4228902988654646,0.9655710716213526
2024-11-22 13:30:00+05:30,500.9337857278864,34.13333333333333,34.06666666666666,13,4,0,1,503.2534104381823,508.0081302300706,1,1,-3.4228902988654646,0.9655710716213526
2024-11-22 13:45:00+05:30,502.233382441583,34.333333333333336,33.2,13,4,0,1,500.9337857278864,510.7207241957352,1,1,-3.4228902988654646,0.9655710716213526
2024-11-22 14:00:00+05:30,505.2636139313898,34.46666666666666,32.1,14,4,0,1,502.233382441583,513.8482783787875,1,1,-3.2450369692195107,0.9213689063012519
2024-11-22 14:15:00+05:30,507.7928303021665,34.6,35.23333333333333,14,4,0,1,505.2636139313898,516.9363747986462,1,1,-3.2450369692195107,0.9213689063012519
2024-11-22 14:30:00+05:30,513.6106926189896,34.233333333333334,36.96666666666667,14,4,0,1,507.7928303021665,516.8030063545608,1,1,-3.2450369692195107,0.9213689063012519
2024-11-22 14:45:00+05:30,511.4515516733946,34.13333333333333,38.13333333333333,14,4,0,1,513.6106926189896,516.4159951992841,1,1,-3.2450369692195107,0.9213689063012519
2024-11-22 15:00:00+05:30,509.0095682798633,34.333333333333336,38.4,15,4,0,1,511.4515516733946,517.6984056074538,1,1,-2.616388345103318,0.9453843362705481
2024-11-22 15:15:00+05:30,510.68502934668857,34.0,37.56666666666667,15,4,0,1,509.0095682798633,517.1606547182544,1,1,-2.616388345103318,0.9453843362705481
2024-11-22 15:30:00+05:30,509.8427452506975,33.73333333333333,40.0,15,4,0,1,510.68502934668857,516.3905938142751,1,1,-2.616388345103318,0.9453843362705481
2024-11-22 15:45:00+05:30,506.606238306366,33.300000000000004,41.13333333333333,15,4,0,1,509.8427452506975,515.3880782665962,1,1,-2.616388345103318,0.9453843362705481
2024-11-22 16:00:00+05:30,503.5456987514032,32.53333333333333,42.8,16,4,0,1,506.606238306366,511.6492018337585,1,1,-0.6907534460689906,1.0185222699059389
2024-11-22 16:15:00+05:30,500.64176053153295,31.23333333333333,48.66666666666666,16,4,0,1,503.5456987514032,507.94273869700993,1,1,-0.6907534460689906,1.0185222699059389
2024-11-22 16:30:00+05:30,497.954700798284,30.73333333333333,50.26666666666667,16,4,0,1,500.64176053153295,505.5479224674607,1,1,-0.6907534460689906,1.0185222699059389
2024-11-22 16:45:00+05:30,497.4586228563484,30.23333333333333,52.13333333333333,16,4,0,1,497.954700798284,501.8781044860056,1,1,-0.6907534460689906,1.0185222699059389
2024-11-22 17:00:00+05:30,494.9348532269688,29.83333333333333,52.9,17,4,0,1,497.4586228563484,499.50208289999466,1,1,-1.216841068798931,1.0572501590447172
2024-11-22 17:15:00+05:30,491.6816930395619,29.46666666666667,54.13333333333333,17,4,0,1,494.9348532269688,498.5373807272141,1,1,-1.216841068798931,1.0572501590447172
2024-11-22 17:30:00+05:30,486.2533386215751,29.23333333333333,55.1,17,4,0,1,491.6816930395619,493.2109859406673,1,1,-1.216841068798931,1.0572501590447172
2024-11-22 17:45:00+05:30,482.4787701695562,28.966666666666665,56.73333333333334,17,4,0,1,486.2533386215751,488.23319392911606,1,1,-1.216841068798931,1.0572501590447172
2024-11-22 18:00:00+05:30,482.5267152644052,28.8,57.96666666666667,18,4,0,0,482.4787701695562,488.973286639084,1,1,3.769537692040247,1.0624941317781333
2024-11-22 18:15:00+05:30,476.7679344299449,28.666666666666668,59.23333333333333,18,4,0,0,482.5267152644052,487.71193651414666,1,1,3.769537692040247,1.0624941317781333
2024-11-22 18:30:00+05:30,471.2525497121786,28.53333333333333,60.6,18,4,0,0,476.7679344299449,476.5526975348074,1,1,3.769537692040247,1.0624941317781333
2024-11-22 18:45:00+05:30,465.96001996373553,28.433333333333337,62.23333333333333,18,4,0,0,471.2525497121786,460.3670120983026,1,1,3.769537692040247,1.0624941317781333
2024-11-22 19:00:00+05:30,456.9557524819873,28.33333333333333,62.9,19,4,0,0,465.96001996373553,454.6975780884968,1,1,4.321696048865239,1.108850824742368
2024-11-22 19:15:00+05:30,447.6579468727314,28.2,63.53333333333333,19,4,0,0,456.9557524819873,445.5020097325293,1,1,4.321696048865239,1.108850824742368
2024-11-22 19:30:00+05:30,437.1164463901613,28.166666666666668,64.26666666666667,19,4,0,0,447.6579468727314,437.1031029211502,1,1,4.321696048865239,1.108850824742368
2024-11-22 19:45:00+05:30,429.088619680472,28.1,65.10000000000001,19,4,0,0,437.1164463901613,429.7570935240588,1,1,4.321696048865239,1.108850824742368
2024-11-22 20:00:00+05:30,420.4052307463653,28.03333333333333,65.60000000000001,20,4,0,0,429.088619680472,422.1952366907507,1,1,6.057064044297745,1.0047461652242236
2024-11-22 20:15:00+05:30,416.056564560207,27.933333333333337,65.7,20,4,0,0,420.4052307463653,417.1428351431485,1,1,6.057064044297745,1.0047461652242236
2024-11-22 20:30:00+05:30,409.5582490131368,27.866666666666664,66.56666666666666,20,4,0,0,416.056564560207,411.2431889829831,1,1,6.057064044297745,1.0047461652242236
2024-11-22 20:45:00+05:30,404.0620940806133,27.7,67.63333333333334,20,4,0,0,409.5582490131368,404.5198226075564,1,1,6.057064044297745,1.0047461652242236
2024-11-22 21:00:00+05:30,399.6303735467729,27.5,68.23333333333333,21,4,0,0,404.0620940806133,399.7290780483213,1,1,7.475496961090576,0.6874006457533774
2024-11-22 21:15:00+05:30,395.4322092184355,27.3,67.56666666666666,21,4,0,0,399.6303735467729,394.9093702023277,1,1,7.475496961090576,0.6874006457533774
2024-11-22 21:30:00+05:30,391.45332826042176,27.23333333333333,65.96666666666667,21,4,0,0,395.4322092184355,391.0401172988997,1,1,7.475496961090576,0.6874006457533774
2024-11-22 21:45:00+05:30,385.6694023633172,27.133333333333336,64.3,21,4,0,0,391.45332826042176,386.4044375365683,1,1,7.475496961090576,0.6874006457533774
2024-11-22 22:00:00+05:30,379.2434879054842,27.133333333333336,64.83333333333333,22,4,0,0,385.6694023633172,379.39058902191096,1,1,7.829523660164418,0.6316136010718202
2024-11-22 22:15:00+05:30,371.3990981475892,26.9,65.36666666666666,22,4,0,0,379.2434879054842,371.88002732589166,1,1,7.829523660164418,0.6316136010718202
2024-11-22 22:30:00+05:30,367.4319957660863,26.73333333333333,66.10000000000001,22,4,0,0,371.3990981475892,369.60598912572726,1,1,7.829523660164418,0.6316136010718202
2024-11-22 22:45:00+05:30,363.0778044666159,26.53333333333333,66.83333333333333,22,4,0,0,367.4319957660863,363.3253108316584,1,1,7.829523660164418,0.6316136010718202
2024-11-22 23:00:00+05:30,357.4233723134958,26.366666666666664,67.63333333333334,23,4,0,0,363.0778044666159,356.11169078304056,1,1,8.276510491817042,0.6597587877326709
2024-11-22 23:15:00+05:30,350.5618590836482,26.23333333333333,68.83333333333333,23,4,0,0,357.4233723134958,349.7060891913824,1,1,8.276510491817042,0.6597587877326709
2024-11-22 23:30:00+05:30,346.64058825870734,26.133333333333336,69.19999999999999,23,4,0,0,350.5618590836482,344.46585385627816,1,1,8.276510491817042,0.6597587877326709
2024-11-22 23:45:00+05:30,339.665038464731,25.96666666666667,69.96666666666665,23,4,0,0,346.64058825870734,338.5795238529667,1,1,8.276510491817042,0.6597587877326709
2024-11-23 00:00:00+05:30,334.8061639331445,25.8,71.93333333333334,0,5,1,0,339.665038464731,334.59079093426175,0,0,10.896953436007536,0.1345953376447433
2024-11-23 00:15:00+05:30,329.794131647643,25.7,72.23333333333333,0,5,1,0,334.8061639331445,330.6363233365615,0,0,10.896953436007536,0.1345953376447433
2024-11-23 00:30:00+05:30,327.460382481111,25.5,72.43333333333334,0,5,1,0,329.794131647643,325.3658430447704,0,0,10.896953436007536,0.1345953376447433
2024-11-23 00:45:00+05:30,320.3757785946528,25.4,72.93333333333334,0,5,1,0,327.460382481111,318.9917569764923,0,0,10.896953436007536,0.1345953376447433
2024-11-23 01:00:00+05:30,313.2873593195704,25.4,71.89999999999999,1,5,1,0,320.3757785946528,313.10569461262435,0,0,10.285432132312645,0.009994036151057983
2024-11-23 01:15:00+05:30,308.55324067629056,25.26666666666667,72.36666666666666,1,5,1,0,313.2873593195704,309.161841102352,0,0,10.285432132312645,0.009994036151057983
2024-11-23 01:30:00+05:30,306.7230942095175,25.23333333333333,71.96666666666667,1,5,1,0,308.55324067629056,305.9408197555574,0,0,10.285432132312645,0.009994036151057983
2024-11-23 01:45:00+05:30,303.03200288067507,25.166666666666668,72.5,1,5,1,0,306.7230942095175,302.6331472963415,0,0,10.285432132312645,0.009994036151057983
2024-11-23 02:00:00+05:30,298.7559786165746,25.100000000000005,71.9,2,5,1,0,303.03200288067507,301.1314026335367,0,0,8.736502644041135,0.08088823844590087
2024-11-23 02:15:00+05:30,296.2053129431563,25.100000000000005,71.16666666666667,2,5,1,0,298.7559786165746,298.2710504824356,0,0,8.736502644041135,0.08088823844590087
2024-11-23 02:30:00+05:30,292.6872578183815,24.933333333333337,72.23333333333333,2,5,1,0,296.2053129431563,295.3316911821249,0,0,8.736502644041135,0.08088823844590087
2024-11-23 02:45:00+05:30,291.3027593104601,24.933333333333337,73.53333333333333,2,5,1,0,292.6872578183815,292.73024262548205,0,0,8.736502644041135,0.08088823844590087
2024-11-23 03:00:00+05:30,291.236828246766,24.866666666666664,73.83333333333333,3,5,1,0,291.3027593104601,288.6231145472887,0,0,7.126510250531449,0.1378926843170436
2024-11-23 03:15:00+05:30,289.86769415399624,24.83333333333333,73.66666666666667,3,5,1,0,291.236828246766,287.11140838144007,0,0,7.126510250531449,0.1378926843170436
2024-11-23 03:30:00+05:30,287.34291001090685,24.8,72.76666666666667,3,5,1,0,289.86769415399624,285.2996499929825,0,0,7.126510250531449,0.1378926843170436
2024-11-23 03:45:00+05:30,284.81788350314724,24.700000000000003,72.93333333333334,3,5,1,0,287.34291001090685,284.1228145923801,0,0,7.126510250531449,0.1378926843170436
2024-11-23 04:00:00+05:30,282.5194269111986,24.600000000000005,72.66666666666667,4,5,1,0,284.81788350314724,284.1712360245398,0,0,6.23322848066284,0.18455475868972093
2024-11-23 04:15:00+05:30,282.536168809567,24.46666666666667,73.0,4,5,1,0,282.5194269111986,283.2649621504387,0,0,6.23322848066284,0.18455475868972093
2024-11-23 04:30:00+05:30,282.2879196721394,24.399999999999995,73.3,4,5,1,0,282.536168809567,281.4355976524253,0,0,6.23322848066284,0.18455475868972093
2024-11-23 04:45:00+05:30,284.4213833760376,24.266666666666666,73.03333333333333,4,5,1,0,282.2879196721394,282.6637688970208,0,0,6.23322848066284,0.18455475868972093
2024-11-23 05:00:00+05:30,285.63104410450404,24.133333333333336,73.36666666666667,5,5,1,0,284.4213833760376,285.3959406896952,0,0,5.500681652090653,0.1603770500768218
2024-11-23 05:15:00+05:30,286.44041624379264,24.1,73.43333333333334,5,5,1,0,285.63104410450404,286.9723108949845,0,0,5.500681652090653,0.1603770500768218
2024-11-23 05:30:00+05:30,288.6679655458845,24.066666666666663,74.13333333333334,5,5,1,0,286.44041624379264,291.7046013431192,0,0,5.500681652090653,0.1603770500768218
2024-11-23 05:45:00+05:30,290.78726727941364,24.03333333333333,74.56666666666668,5,5,1,0,288.6679655458845,297.5772184329815,0,0,5.500681652090653,0.1603770500768218
2024-11-23 06:00:00+05:30,295.8899087223692,23.96666666666667,74.2,6,5,1,0,290.78726727941364,307.016161963905,0,0,4.292541893350264,0.24201345767070326
2024-11-23 06:15:00+05:30,297.375161163186,24.03333333333333,73.93333333333334,6,5,1,0,295.8899087223692,313.70945813179554,0,0,4.292541893350264,0.24201345767070326
2024-11-23 06:30:00+05:30,303.87212189539883,23.933333333333337,73.66666666666667,6,5,1,0,297.375161163186,324.113713878013,0,0,4.292541893350264,0.24201345767070326
2024-11-23 06:45:00+05:30,308.84377199035407,23.96666666666667,73.66666666666667,6,5,1,0,303.87212189539883,333.30725667498734,0,0,4.292541893350264,0.24201345767070326
2024-11-23 07:00:00+05:30,316.13691270217004,23.96666666666667,74.39999999999999,7,5,1,0,308.84377199035407,347.2879965712842,0,0,3.389368785503099,0.4330498027050318
2024-11-23 07:15:00+05:30,323.8214029533699,24.066666666666663,74.46666666666667,7,5,1,0,316.13691270217004,358.176254100928,0,0,3.389368785503099,0.4330498027050318
2024-11-23 07:30:00+05:30,331.60434934541155,24.33333333333333,74.13333333333334,7,5,1,0,323.8214029533699,372.2752968519945,0,0,3.389368785503099,0.4330498027050318
2024-11-23 07:45:00+05:30,341.1424598581498,24.6,74.6,7,5,1,0,331.60434934541155,388.2994206231877,0,0,3.389368785503099,0.4330498027050318
2024-11-23 08:00:00+05:30,351.85542175760514,24.966666666666665,74.06666666666668,8,5,1,0,341.1424598581498,405.6297558428906,0,0,4.0779365174337965,0.3948123018181323
2024-11-23 08:15:00+05:30,363.930338266804,25.33333333333333,72.23333333333333,8,5,1,0,351.85542175760514,425.0073311262653,0,0,4.0779365174337965,0.3948123018181323
2024-11-23 08:30:00+05:30,372.62243703561103,25.73333333333333,70.73333333333333,8,5,1,0,363.930338266804,440.5806533460333,0,0,4.0779365174337965,0.3948123018181323
2024-11-23 08:45:00+05:30,382.9387616512461,26.433333333333337,67.8,8,5,1,0,372.62243703561103,453.9130111630373,0,0,4.0779365174337965,0.3948123018181323
2024-11-23 09:00:00+05:30,391.3184583329785,27.4,64.36666666666666,9,5,1,1,382.9387616512461,467.636976606214,0,0,3.4471376100258504,0.6884128340080709
2024-11-23 09:15:00+05:30,400.1852314522636,28.066666666666663,61.20000000000001,9,5,1,1,391.3184583329785,477.4769011013142,0,0,3.4471376100258504,0.6884128340080709
2024-11-23 09:30:00+05:30,406.5119151587587,28.83333333333333,57.03333333333333,9,5,1,1,400.1852314522636,487.3502405265172,0,0,3.4471376100258504,0.6884128340080709
2024-11-23 09:45:00+05:30,414.3051791240844,29.433333333333337,54.06666666666666,9,5,1,1,406.5119151587587,493.1446853087001,0,0,3.4471376100258504,0.6884128340080709
2024-11-23 10:00:00+05:30,422.4341026451922,29.96666666666667,50.93333333333333,10,5,1,1,414.3051791240844,502.4128052622191,0,0,2.0612993378596327,1.1028429520822007
2024-11-23 10:15:00+05:30,427.0931066936917,30.666666666666668,48.8,10,5,1,1,422.4341026451922,506.9329648766539,0,0,2.0612993378596327,1.1028429520822007
2024-11-23 10:30:00+05:30,432.7418094773802,31.16666666666666,46.86666666666667,10,5,1,1,427.0931066936917,509.5810403268539,0,0,2.0612993378596327,1.1028429520822007
2024-11-23 10:45:00+05:30,435.39492375581017,31.7,45.833333333333336,10,5,1,1,432.7418094773802,514.4072328162772,0,0,2.0612993378596327,1.1028429520822007
2024-11-23 11:00:00+05:30,437.7491053116773,32.13333333333333,44.16666666666666,11,5,1,1,435.39492375581017,512.6631482834879,0,0,1.0206730550620675,1.0847728983406804
2024-11-23 11:15:00+05:30,439.6131025202512,32.53333333333333,43.29999999999999,11,5,1,1,437.7491053116773,514.8002644961878,0,0,1.0206730550620675,1.0847728983406804
2024-11-23 11:30:00+05:30,438.6915733000053,32.9,42.333333333333336,11,5,1,1,439.6131025202512,514.486768671409,0,0,1.0206730550620675,1.0847728983406804
2024-11-23 11:45:00+05:30,439.1505467817542,33.03333333333333,41.266666666666666,11,5,1,1,438.6915733000053,513.2253190291506,0,0,1.0206730550620675,1.0847728983406804
2024-11-23 12:00:00+05:30,441.16608683887154,33.2,40.5,12,5,1,1,439.1505467817542,511.2781621057275,0,0,2.2746353347992057,0.9203932179843796
2024-11-23 12:15:00+05:30,441.17787339809854,33.43333333333334,39.43333333333333,12,5,1,1,441.16608683887154,509.9768606049441,0,0,2.2746353347992057,0.9203932179843796
2024-11-23 12:30:00+05:30,440.4413336239964,33.56666666666667,38.16666666666666,12,5,1,1,441.17787339809854,509.6490102895684,0,0,2.2746353347992057,0.9203932179843796
2024-11-23 12:45:00+05:30,439.07278780772936,33.96666666666667,36.86666666666667,12,5,1,1,440.4413336239964,507.9640258171209,0,0,2.2746353347992057,0.9203932179843796
2024-11-23 13:00:00+05:30,435.3476680653057,34.1,35.666666666666664,13,5,1,1,439.07278780772936,506.6822506297283,0,0,4.660065875273532,1.0809034534407196
2024-11-23 13:15:00+05:30,433.9649103131682,33.96666666666667,35.166666666666664,13,5,1,1,435.3476680653057,503.2534104381823,0,0,4.660065875273532,1.0809034534407196
2024-11-23 13:30:00+05:30,433.1484617380406,34.13333333333333,34.06666666666666,13,5,1,1,433.9649103131682,500.9337857278864,0,0,4.660065875273532,1.0809034534407196
2024-11-23 13:45:00+05:30,433.0934666770282,34.333333333333336,33.2,13,5,1,1,433.1484617380406,502.233382441583,0,0,4.660065875273532,1.0809034534407196
2024-11-23 14:00:00+05:30,433.5868954050889,34.46666666666666,32.1,14,5,1,1,433.0934666770282,505.2636139313898,0,0,7.680734244182991,1.6326746678879722
2024-11-23 14:15:00+05:30,430.77188928209074,34.6,35.23333333333333,14,5,1,1,433.5868954050889,507.7928303021665,0,0,7.680734244182991,1.6326746678879722
2024-11-23 14:30:00+05:30,434.6493677713741,34.233333333333334,36.96666666666667,14,5,1,1,430.77188928209074,513.6106926189896,0,0,7.680734244182991,1.6326746678879722
2024-11-23 14:45:00+05:30,433.2093593330423,34.13333333333333,38.13333333333333,14,5,1,1,434.6493677713741,511.4515516733946,0,0,7.680734244182991,1.6326746678879722
2024-11-23 15:00:00+05:30,431.3829666721954,34.333333333333336,38.4,15,5,1,1,433.2093593330423,509.0095682798633,0,0,8.262340089610356,1.5156550631020618
2024-11-23 15:15:00+05:30,432.6189527193861,34.0,37.56666666666667,15,5,1,1,431.3829666721954,510.68502934668857,0,0,8.262340089610356,1.5156550631020618
2024-11-23 15:30:00+05:30,431.5913370071974,33.73333333333333,40.0,15,5,1,1,432.6189527193861,509.8427452506975,0,0,8.262340089610356,1.5156550631020618
2024-11-23 15:45:00+05:30,430.4639113808673,33.300000000000004,41.13333333333333,15,5,1,1,431.5913370071974,506.606238306366,0,0,8.262340089610356,1.5156550631020618
2024-11-23 16:00:00+05:30,428.90850652728767,32.53333333333333,42.8,16,5,1,1,430.4639113808673,503.5456987514032,0,0,9.1910272937323,1.2057017392589264
2024-11-23 16:15:00+05:30,425.8603637980369,31.23333333333333,48.66666666666666,16,5,1,1,428.90850652728767,500.64176053153295,0,0,9.1910272937323,1.2057017392589264
2024-11-23 16:30:00+05:30,423.5878229516362,30.73333333333333,50.26666666666667,16,5,1,1,425.8603637980369,497.954700798284,0,0,9.1910272937323,1.2057017392589264
2024-11-23 16:45:00+05:30,419.2637457720626,30.23333333333333,52.13333333333333,16,5,1,1,423.5878229516362,497.4586228563484,0,0,9.1910272937323,1.2057017392589264
2024-11-23 17:00:00+05:30,417.1283091271296,29.83333333333333,52.9,17,5,1,1,419.2637457720626,494.9348532269688,0,0,7.663749198615025,0.7535027628526391
2024-11-23 17:15:00+05:30,416.6153811556306,29.46666666666667,54.13333333333333,17,5,1,1,417.1283091271296,491.6816930395619,0,0,7.663749198615025,0.7535027628526391
2024-11-23 17:30:00+05:30,415.8794793983701,29.23333333333333,55.1,17,5,1,1,416.6153811556306,486.2533386215751,0,0,7.663749198615025,0.7535027628526391
2024-11-23 17:45:00+05:30,416.5057488607958,28.966666666666665,56.73333333333334,17,5,1,1,415.8794793983701,482.4787701695562,0,0,7.663749198615025,0.7535027628526391
2024-11-23 18:00:00+05:30,416.1049264487536,28.8,57.96666666666667,18,5,1,0,416.5057488607958,482.5267152644052,0,0,4.758521579225232,0.5398490611436548
2024-11-23 18:15:00+05:30,416.1084567065603,28.666666666666668,59.23333333333333,18,5,1,0,416.1049264487536,476.7679344299449,0,0,4.758521579225232,0.5398490611436548
2024-11-23 18:30:00+05:30,414.2213882152962,28.53333333333333,60.6,18,5,1,0,416.1084567065603,471.2525497121786,0,0,4.758521579225232,0.5398490611436548
2024-11-23 18:45:00+05:30,409.0812185780028,28.433333333333337,62.23333333333333,18,5,1,0,414.2213882152962,465.96001996373553,0,0,4.758521579225232,0.5398490611436548
2024-11-23 19:00:00+05:30,405.99080381902513,28.33333333333333,62.9,19,5,1,0,409.0812185780028,456.9557524819873,0,0,7.271858284480242,0.7964522305047017
2024-11-23 19:15:00+05:30,402.4305040056961,28.2,63.53333333333333,19,5,1,0,405.99080381902513,447.6579468727314,0,0,7.271858284480242,0.7964522305047017
2024-11-23 19:30:00+05:30,395.0582966204952,28.166666666666668,64.26666666666667,19,5,1,0,402.4305040056961,437.1164463901613,0,0,7.271858284480242,0.7964522305047017
2024-11-23 19:45:00+05:30,391.73742781524265,28.1,65.10000000000001,19,5,1,0,395.0582966204952,429.088619680472,0,0,7.271858284480242,0.7964522305047017
2024-11-23 20:00:00+05:30,386.46785920825454,28.03333333333333,65.60000000000001,20,5,1,0,391.73742781524265,420.4052307463653,0,0,7.4682959677178244,0.7083492559456792
2024-11-23 20:15:00+05:30,383.7319646142813,27.933333333333337,65.7,20,5,1,0,386.46785920825454,416.056564560207,0,0,7.4682959677178244,0.7083492559456792
2024-11-23 20:30:00+05:30,380.8178475980344,27.866666666666664,66.56666666666666,20,5,1,0,383.7319646142813,409.5582490131368,0,0,7.4682959677178244,0.7083492559456792
2024-11-23 20:45:00+05:30,380.6782825242317,27.7,67.63333333333334,20,5,1,0,380.8178475980344,404.0620940806133,0,0,7.4682959677178244,0.7083492559456792
2024-11-23 21:00:00+05:30,377.0774037922013,27.5,68.23333333333333,21,5,1,0,380.6782825242317,399.6303735467729,0,0,8.047314004755947,0.6135525127194714
2024-11-23 21:15:00+05:30,375.11473588205854,27.3,67.56666666666666,21,5,1,0,377.0774037922013,395.4322092184355,0,0,8.047314004755947,0.6135525127194714
2024-11-23 21:30:00+05:30,372.26807236880416,27.23333333333333,65.96666666666667,21,5,1,0,375.11473588205854,391.45332826042176,0,0,8.047314004755947,0.6135525127194714
2024-11-23 21:45:00+05:30,368.7278170438211,27.133333333333336,64.3,21,5,1,0,372.26807236880416,385.6694023633172,0,0,8.047314004755947,0.6135525127194714
2024-11-23 22:00:00+05:30,359.6999746397408,27.133333333333336,64.83333333333333,22,5,1,0,368.7278170438211,379.2434879054842,0,0,9.377234470070356,0.6680040964316557
2024-11-23 22:15:00+05:30,354.2095571060636,26.9,65.36666666666666,22,5,1,0,359.6999746397408,371.3990981475892,0,0,9.377234470070356,0.6680040964316557
2024-11-23 22:30:00+05:30,352.59708505277007,26.73333333333333,66.10000000000001,22,5,1,0,354.2095571060636,367.4319957660863,0,0,9.377234470070356,0.6680040964316557
2024-11-23 22:45:00+05:30,348.46258987313803,26.53333333333333,66.83333333333333,22,5,1,0,352.59708505277007,363.0778044666159,0,0,9.377234470070356,0.6680040964316557
2024-11-23 23:00:00+05:30,342.2063857426242,26.366666666666664,67.63333333333334,23,5,1,0,348.46258987313803,357.4233723134958,0,0,10.615258834542416,0.8386761945526492
2024-11-23 23:15:00+05:30,333.728418639593,26.23333333333333,68.83333333333333,23,5,1,0,342.2063857426242,350.5618590836482,0,0,10.615258834542416,0.8386761945526492
2024-11-23 23:30:00+05:30,329.481758617013,26.133333333333336,69.19999999999999,23,5,1,0,333.728418639593,346.64058825870734,0,0,10.615258834542416,0.8386761945526492
2024-11-23 23:45:00+05:30,325.5425321906747,25.96666666666667,69.96666666666665,23,5,1,0,329.481758617013,339.665038464731,0,0,10.615258834542416,0.8386761945526492
2024-11-24 00:00:00+05:30,319.5031228003892,25.35,73.15,0,6,1,0,325.5425321906747,334.8061639331445,0,0,10.896953436007536,0.1345953376447433
2024-11-24 00:15:00+05:30,313.2336083525514,25.25,74.19999999999999,0,6,1,0,319.5031228003892,329.794131647643,0,0,10.896953436007536,0.1345953376447433
2024-11-24 00:30:00+05:30,311.3771965602702,25.05,75.30000000000001,0,6,1,0,313.2336083525514,327.460382481111,0,0,10.896953436007536,0.1345953376447433
2024-11-24 00:45:00+05:30,306.71179508351923,24.9,75.8,0,6,1,0,311.3771965602702,320.3757785946528,0,0,10.896953436007536,0.1345953376447433
2024-11-24 01:00:00+05:30,301.8976110585237,24.8,76.65,1,6,1,0,306.71179508351923,313.2873593195704,0,0,10.285432132312645,0.009994036151057983
2024-11-24 01:15:00+05:30,298.494056123523,24.8,76.6,1,6,1,0,301.8976110585237,308.55324067629056,0,0,10.285432132312645,0.009994036151057983
2024-11-24 01:30:00+05:30,296.7458097479458,24.55,77.19999999999999,1,6,1,0,298.494056123523,306.7230942095175,0,0,10.285432132312645,0.009994036151057983
2024-11-24 01:45:00+05:30,293.69026573895906,24.55,77.5,1,6,1,0,296.7458097479458,303.03200288067507,0,0,10.285432132312645,0.009994036151057983
2024-11-24 02:00:00+05:30,290.73449521288603,24.5,77.2,2,6,1,0,293.69026573895906,298.7559786165746,0,0,8.736502644041135,0.08088823844590087
2024-11-24 02:15:00+05:30,288.22181797077275,24.55,76.9,2,6,1,0,290.73449521288603,296.2053129431563,0,0,8.736502644041135,0.08088823844590087
2024-11-24 02:30:00+05:30,285.2421471666676,24.35,77.45,2,6,1,0,288.22181797077275,292.6872578183815,0,0,8.736502644041135,0.08088823844590087
2024-11-24 02:45:00+05:30,285.02012360497673,24.25,77.85,2,6,1,0,285.2421471666676,291.3027593104601,0,0,8.736502644041135,0.08088823844590087
2024-11-24 03:00:00+05:30,283.879213028811,24.2,77.6,3,6,1,0,285.02012360497673,291.236828246766,0,0,7.126510250531449,0.1378926843170436
2024-11-24 03:15:00+05:30,281.09420790349213,24.2,77.9,3,6,1,0,283.879213028811,289.86769415399624,0,0,7.126510250531449,0.1378926843170436
2024-11-24 03:30:00+05:30,279.78085474399006,24.1,78.9,3,6,1,0,281.09420790349213,287.34291001090685,0,0,7.126510250531449,0.1378926843170436
2024-11-24 03:45:00+05:30,278.2200263687253,24.0,79.2,3,6,1,0,279.78085474399006,284.81788350314724,0,0,7.126510250531449,0.1378926843170436
2024-11-24 04:00:00+05:30,277.1133358050689,23.9,79.55000000000001,4,6,1,0,278.2200263687253,282.5194269111986,0,0,6.23322848066284,0.18455475868972093
2024-11-24 04:15:00+05:30,275.85328459768846,23.85,80.4,4,6,1,0,277.1133358050689,282.536168809567,0,0,6.23322848066284,0.18455475868972093
2024-11-24 04:30:00+05:30,275.4442696433461,23.8,80.25,4,6,1,0,275.85328459768846,282.2879196721394,0,0,6.23322848066284,0.18455475868972093
2024-11-24 04:45:00+05:30,274.2440918786279,23.85,78.9,4,6,1,0,275.4442696433461,284.4213833760376,0,0,6.23322848066284,0.18455475868972093
2024-11-24 05:00:00+05:30,275.11347247729145,23.9,78.4,5,6,1,0,274.2440918786279,285.63104410450404,0,0,5.500681652090653,0.1603770500768218
2024-11-24 05:15:00+05:30,276.57894933880465,23.9,78.55000000000001,5,6,1,0,275.11347247729145,286.44041624379264,0,0,5.500681652090653,0.1603770500768218
2024-11-24 05:30:00+05:30,277.6013118970251,23.8,78.85,5,6,1,0,276.57894933880465,288.6679655458845,0,0,5.500681652090653,0.1603770500768218
2024-11-24 05:45:00+05:30,279.72738985858814,23.8,79.19999999999999,5,6,1,0,277.6013118970251,290.78726727941364,0,0,5.500681652090653,0.1603770500768218
2024-11-24 06:00:00+05:30,281.7555824029821,23.75,79.25,6,6,1,0,279.72738985858814,295.8899087223692,0,0,4.292541893350264,0.24201345767070326
2024-11-24 06:15:00+05:30,282.33632879152805,23.65,79.30000000000001,6,6,1,0,281.7555824029821,297.375161163186,0,0,4.292541893350264,0.24201345767070326
2024-11-24 06:30:00+05:30,282.51934095976617,23.6,79.35,6,6,1,0,282.33632879152805,303.87212189539883,0,0,4.292541893350264,0.24201345767070326
2024-11-24 06:45:00+05:30,282.9028682313362,23.6,79.80000000000001,6,6,1,0,282.51934095976617,308.84377199035407,0,0,4.292541893350264,0.24201345767070326
2024-11-24 07:00:00+05:30,285.58240608073027,23.65,79.75,7,6,1,0,282.9028682313362,316.13691270217004,0,0,3.389368785503099,0.4330498027050318
2024-11-24 07:15:00+05:30,289.53164200102265,23.7,80.05000000000001,7,6,1,0,285.58240608073027,323.8214029533699,0,0,3.389368785503099,0.4330498027050318
2024-11-24 07:30:00+05:30,292.4469605991587,23.8,80.15,7,6,1,0,289.53164200102265,331.60434934541155,0,0,3.389368785503099,0.4330498027050318
2024-11-24 07:45:00+05:30,294.5383613543055,24.05,81.45,7,6,1,0,292.4469605991587,341.1424598581498,0,0,3.389368785503099,0.4330498027050318
2024-11-24 08:00:00+05:30,301.04266006134355,24.35,80.35,8,6,1,0,294.5383613543055,351.85542175760514,0,0,4.0779365174337965,0.3948123018181323
2024-11-24 08:15:00+05:30,308.48505819556294,24.75,78.9,8,6,1,0,301.04266006134355,363.930338266804,0,0,4.0779365174337965,0.3948123018181323
2024-11-24 08:30:00+05:30,314.45520657302075,25.200000000000003,76.65,8,6,1,0,308.48505819556294,372.62243703561103,0,0,4.0779365174337965,0.3948123018181323
2024-11-24 08:45:00+05:30,323.06104080495527,25.6,74.7,8,6,1,0,314.45520657302075,382.9387616512461,0,0,4.0779365174337965,0.3948123018181323
2024-11-24 09:00:00+05:30,330.48573748543834,26.05,72.75,9,6,1,1,323.06104080495527,391.3184583329785,0,0,3.4471376100258504,0.6884128340080709
2024-11-24 09:15:00+05:30,336.4285406977848,26.45,70.9,9,6,1,1,330.48573748543834,400.1852314522636,0,0,3.4471376100258504,0.6884128340080709
2024-11-24 09:30:00+05:30,340.741432032018,26.9,69.3,9,6,1,1,336.4285406977848,406.5119151587587,0,0,3.4471376100258504,0.6884128340080709
2024-11-24 09:45:00+05:30,344.66294204063814,27.4,65.25,9,6,1,1,340.741432032018,414.3051791240844,0,0,3.4471376100258504,0.6884128340080709
2024-11-24 10:00:00+05:30,349.6996578965087,27.950000000000003,61.75,10,6,1,1,344.66294204063814,422.4341026451922,0,0,2.0612993378596327,1.1028429520822007
2024-11-24 10:15:00+05:30,352.3896575452825,28.35,58.95,10,6,1,1,349.6996578965087,427.0931066936917,0,0,2.0612993378596327,1.1028429520822007
2024-11-24 10:30:00+05:30,358.9399957603636,28.950000000000003,56.400000000000006,10,6,1,1,352.3896575452825,432.7418094773802,0,0,2.0612993378596327,1.1028429520822007
2024-11-24 10:45:00+05:30,362.40823781294233,29.25,54.5,10,6,1,1,358.9399957603636,435.39492375581017,0,0,2.0612993378596327,1.1028429520822007
2024-11-24 11:00:00+05:30,366.4210124626868,29.6,52.25,11,6,1,1,362.40823781294233,437.7491053116773,0,0,1.0206730550620675,1.0847728983406804
2024-11-24 11:15:00+05:30,366.7077960530303,29.950000000000003,50.4,11,6,1,1,366.4210124626868,439.6131025202512,0,0,1.0206730550620675,1.0847728983406804
2024-11-24 11:30:00+05:30,366.7828513840211,30.200000000000003,48.2,11,6,1,1,366.7077960530303,438.6915733000053,0,0,1.0206730550620675,1.0847728983406804
2024-11-24 11:45:00+05:30,367.2847344779517,30.65,48.4,11,6,1,1,366.7828513840211,439.1505467817542,0,0,1.0206730550620675,1.0847728983406804
2024-11-24 12:00:00+05:30,368.7223506819325,30.8,47.15,12,6,1,1,367.2847344779517,441.16608683887154,0,0,2.2746353347992057,0.9203932179843796
2024-11-24 12:15:00+05:30,368.367919404837,31.0,46.7,12,6,1,1,368.7223506819325,441.17787339809854,0,0,2.2746353347992057,0.9203932179843796
2024-11-24 12:30:00+05:30,369.7349951794431,31.15,45.0,12,6,1,1,368.367919404837,440.4413336239964,0,0,2.2746353347992057,0.9203932179843796
2024-11-24 12:45:00+05:30,369.4952952719146,31.4,42.45,12,6,1,1,369.7349951794431,439.07278780772936,0,0,2.2746353347992057,0.9203932179843796
2024-11-24 13:00:00+05:30,367.6456616750397,31.6,41.6,13,6,1,1,369.4952952719146,435.3476680653057,0,0,4.660065875273532,1.0809034534407196
2024-11-24 13:15:00+05:30,364.5194133871785,31.8,39.85,13,6,1,1,367.6456616750397,433.9649103131682,0,0,4.660065875273532,1.0809034534407196
2024-11-24 13:30:00+05:30,361.984619878709,31.85,37.5,13,6,1,1,364.5194133871785,433.1484617380406,0,0,4.660065875273532,1.0809034534407196
2024-11-24 13:45:00+05:30,361.89679310262215,31.9,37.8,13,6,1,1,361.984619878709,433.0934666770282,0,0,4.660065875273532,1.0809034534407196
2024-11-24 14:00:00+05:30,363.571214642167,31.9,37.150000000000006,14,6,1,1,361.89679310262215,433.5868954050889,0,0,7.680734244182991,1.6326746678879722
2024-11-24 14:15:00+05:30,361.38884312215737,31.9,38.6,14,6,1,1,363.571214642167,430.77188928209074,0,0,7.680734244182991,1.6326746678879722
2024-11-24 14:30:00+05:30,359.22486582644285,31.95,40.2,14,6,1,1,361.38884312215737,434.6493677713741,0,0,7.680734244182991,1.6326746678879722
2024-11-24 14:45:00+05:30,358.3877551827746,31.8,42.15,14,6,1,1,359.22486582644285,433.2093593330423,0,0,7.680734244182991,1.6326746678879722
2024-11-24 15:00:00+05:30,360.2612368451948,31.6,42.25,15,6,1,1,358.3877551827746,431.3829666721954,0,0,8.262340089610356,1.5156550631020618
2024-11-24 15:15:00+05:30,360.00773435459,31.4,43.2,15,6,1,1,360.2612368451948,432.6189527193861,0,0,8.262340089610356,1.5156550631020618
2024-11-24 15:30:00+05:30,360.2424187999373,31.3,43.35,15,6,1,1,360.00773435459,431.5913370071974,0,0,8.262340089610356,1.5156550631020618
2024-11-24 15:45:00+05:30,359.52141950101725,31.05,45.45,15,6,1,1,360.2424187999373,430.4639113808673,0,0,8.262340089610356,1.5156550631020618
2024-11-24 16:00:00+05:30,356.1345114731846,30.75,48.65,16,6,1,1,359.52141950101725,428.90850652728767,0,0,9.1910272937323,1.2057017392589264
2024-11-24 16:15:00+05:30,355.29060779844883,30.5,49.8,16,6,1,1,356.1345114731846,425.8603637980369,0,0,9.1910272937323,1.2057017392589264
2024-11-24 16:30:00+05:30,356.7792416870759,30.200000000000003,52.0,16,6,1,1,355.29060779844883,423.5878229516362,0,0,9.1910272937323,1.2057017392589264
2024-11-24 16:45:00+05:30,356.77876500066736,29.9,55.150000000000006,16,6,1,1,356.7792416870759,419.2637457720626,0,0,9.1910272937323,1.2057017392589264
2024-11-24 17:00:00+05:30,358.36451276140303,29.55,57.1,17,6,1,1,356.77876500066736,417.1283091271296,0,0,7.663749198615025,0.7535027628526391
2024-11-24 17:15:00+05:30,359.9149208031835,29.3,56.3,17,6,1,1,358.36451276140303,416.6153811556306,0,0,7.663749198615025,0.7535027628526391
2024-11-24 17:30:00+05:30,362.9991407696186,29.0,57.75,17,6,1,1,359.9149208031835,415.8794793983701,0,0,7.663749198615025,0.7535027628526391
2024-11-24 17:45:00+05:30,367.9057633102491,28.7,59.55,17,6,1,1,362.9991407696186,416.5057488607958,0,0,7.663749198615025,0.7535027628526391
2024-11-24 18:00:00+05:30,370.9046568586335,28.5,61.15,18,6,1,0,367.9057633102491,416.1049264487536,0,0,4.758521579225232,0.5398490611436548
2024-11-24 18:15:00+05:30,373.0508870808183,28.3,62.2,18,6,1,0,370.9046568586335,416.1084567065603,0,0,4.758521579225232,0.5398490611436548
2024-11-24 18:30:00+05:30,374.7582862509336,28.05,62.8,18,6,1,0,373.0508870808183,414.2213882152962,0,0,4.758521579225232,0.5398490611436548
2024-11-24 18:45:00+05:30,375.4743725551682,27.95,63.8,18,6,1,0,374.7582862509336,409.0812185780028,0,0,4.758521579225232,0.5398490611436548
2024-11-24 19:00:00+05:30,373.0466211517556,27.85,64.25,19,6,1,0,375.4743725551682,405.99080381902513,0,0,7.271858284480242,0.7964522305047017
2024-11-24 19:15:00+05:30,372.8875038339338,27.75,64.35,19,6,1,0,373.0466211517556,402.4305040056961,0,0,7.271858284480242,0.7964522305047017
2024-11-24 19:30:00+05:30,370.4029441399263,27.65,64.95,19,6,1,0,372.8875038339338,395.0582966204952,0,0,7.271858284480242,0.7964522305047017
2024-11-24 19:45:00+05:30,366.9944006059002,27.6,65.65,19,6,1,0,370.4029441399263,391.73742781524265,0,0,7.271858284480242,0.7964522305047017
2024-11-24 20:00:00+05:30,363.96916236985874,27.4,66.25,20,6,1,0,366.9944006059002,386.46785920825454,0,0,7.4682959677178244,0.7083492559456792
2024-11-24 20:15:00+05:30,363.2332959791648,27.3,66.69999999999999,20,6,1,0,363.96916236985874,383.7319646142813,0,0,7.4682959677178244,0.7083492559456792
2024-11-24 20:30:00+05:30,362.35588920066186,27.2,66.9,20,6,1,0,363.2332959791648,380.8178475980344,0,0,7.4682959677178244,0.7083492559456792
2024-11-24 20:45:00+05:30,360.7671084168752,27.1,66.2,20,6,1,0,362.35588920066186,380.6782825242317,0,0,7.4682959677178244,0.7083492559456792
2024-11-24 21:00:00+05:30,360.02704072509414,26.950000000000003,66.35,21,6,1,0,360.7671084168752,377.0774037922013,0,0,8.047314004755947,0.6135525127194714
2024-11-24 21:15:00+05:30,356.9321540710605,26.8,66.6,21,6,1,0,360.02704072509414,375.11473588205854,0,0,8.047314004755947,0.6135525127194714
2024-11-24 21:30:00+05:30,354.25701412122925,26.7,66.85,21,6,1,0,356.9321540710605,372.26807236880416,0,0,8.047314004755947,0.6135525127194714
2024-11-24 21:45:00+05:30,353.0154057817164,26.7,66.85,21,6,1,0,354.25701412122925,368.7278170438211,0,0,8.047314004755947,0.6135525127194714
2024-11-24 22:00:00+05:30,348.8388027449496,26.55,67.6,22,6,1,0,353.0154057817164,359.6999746397408,0,0,9.377234470070356,0.6680040964316557
2024-11-24 22:15:00+05:30,345.1294632863159,26.3,69.6,22,6,1,0,348.8388027449496,354.2095571060636,0,0,9.377234470070356,0.6680040964316557
2024-11-24 22:30:00+05:30,341.10168738995594,26.0,70.5,22,6,1,0,345.1294632863159,352.59708505277007,0,0,9.377234470070356,0.6680040964316557
2024-11-24 22:45:00+05:30,336.6712929099059,25.9,70.80000000000001,22,6,1,0,341.10168738995594,348.46258987313803,0,0,9.377234470070356,0.6680040964316557
2024-11-24 23:00:00+05:30,331.9064088652662,25.75,71.1,23,6,1,0,336.6712929099059,342.2063857426242,0,0,10.615258834542416,0.8386761945526492
2024-11-24 23:15:00+05:30,326.2326202376091,25.7,72.4,23,6,1,0,331.9064088652662,333.728418639593,0,0,10.615258834542416,0.8386761945526492
2024-11-24 23:30:00+05:30,322.0717994182635,25.450000000000003,73.2,23,6,1,0,326.2326202376091,329.481758617013,0,0,10.615258834542416,0.8386761945526492
2024-11-24 23:45:00+05:30,317.6722335859289,25.4,74.5,23,6,1,0,322.0717994182635,325.5425321906747,0,0,10.615258834542416,0.8386761945526492
2024-11-25 00:00:00+05:30,315.48255567015843,25.25,74.4,0,0,0,0,317.6722335859289,319.5031228003892,0,0,10.821030164864855,0.09594533623790569
2024-11-25 00:15:00+05:30,311.07469157653543,25.1,73.95,0,0,0,0,315.48255567015843,313.2336083525514,0,0,10.821030164864855,0.09594533623790569
2024-11-25 00:30:00+05:30,307.70740347147694,25.15,74.05000000000001,0,0,0,0,311.07469157653543,311.3771965602702,0,0,10.821030164864855,0.09594533623790569
2024-11-25 00:45:00+05:30,302.4945105479852,25.05,73.6,0,0,0,0,307.70740347147694,306.71179508351923,0,0,10.821030164864855,0.09594533623790569
2024-11-25 01:00:00+05:30,296.0848342333953,25.05,73.55000000000001,1,0,0,0,302.4945105479852,301.8976110585237,0,0,9.728100754378737,-0.03336421712728943
2024-11-25 01:15:00+05:30,292.78586402825385,24.9,74.55,1,0,0,0,296.0848342333953,298.494056123523,0,0,9.728100754378737,-0.03336421712728943
2024-11-25 01:30:00+05:30,289.5584435506969,24.65,75.1,1,0,0,0,292.78586402825385,296.7458097479458,0,0,9.728100754378737,-0.03336421712728943
2024-11-25 01:45:00+05:30,286.9398586329983,24.5,75.8,1,0,0,0,289.5584435506969,293.69026573895906,0,0,9.728100754378737,-0.03336421712728943
2024-11-25 02:00:00+05:30,285.76965878225275,24.45,76.05,2,0,0,0,286.9398586329983,290.73449521288603,0,0,8.484637707535343,-0.001367850315744823
2024-11-25 02:15:00+05:30,283.4820673632969,24.5,75.80000000000001,2,0,0,0,285.76965878225275,288.22181797077275,0,0,8.484637707535343,-0.001367850315744823
2024-11-25 02:30:00+05:30,280.07261300380515,24.2,76.65,2,0,0,0,283.4820673632969,285.2421471666676,0,0,8.484637707535343,-0.001367850315744823
2024-11-25 02:45:00+05:30,277.2972608335972,24.3,76.65,2,0,0,0,280.07261300380515,285.02012360497673,0,0,8.484637707535343,-0.001367850315744823
2024-11-25 03:00:00+05:30,276.1013144011858,24.15,76.94999999999999,3,0,0,0,277.2972608335972,283.879213028811,0,0,7.607119538689619,-0.06004878179214801
2024-11-25 03:15:00+05:30,273.7223367981069,23.950000000000003,78.3,3,0,0,0,276.1013144011858,281.09420790349213,0,0,7.607119538689619,-0.06004878179214801
2024-11-25 03:30:00+05:30,272.45892343831986,23.85,79.35,3,0,0,0,273.7223367981069,279.78085474399006,0,0,7.607119538689619,-0.06004878179214801
2024-11-25 03:45:00+05:30,271.1445329997574,23.8,79.44999999999999,3,0,0,0,272.45892343831986,278.2200263687253,0,0,7.607119538689619,-0.06004878179214801
2024-11-25 04:00:00+05:30,269.6470179469794,23.75,79.05,4,0,0,0,271.1445329997574,277.1133358050689,0,0,6.594267060678064,0.008427398213465498
2024-11-25 04:15:00+05:30,270.51424725385726,23.7,78.9,4,0,0,0,269.6470179469794,275.85328459768846,0,0,6.594267060678064,0.008427398213465498
2024-11-25 04:30:00+05:30,271.1089606764998,23.7,78.75,4,0,0,0,270.51424725385726,275.4442696433461,0,0,6.594267060678064,0.008427398213465498
2024-11-25 04:45:00+05:30,273.2005683035053,23.6,78.75,4,0,0,0,271.1089606764998,274.2440918786279,0,0,6.594267060678064,0.008427398213465498
2024-11-25 05:00:00+05:30,275.75144416717194,23.5,79.55000000000001,5,0,0,0,273.2005683035053,275.11347247729145,0,0,5.279257902398529,0.10435750043793113
2024-11-25 05:15:00+05:30,278.323503125212,23.55,79.4,5,0,0,0,275.75144416717194,276.57894933880465,0,0,5.279257902398529,0.10435750043793113
2024-11-25 05:30:00+05:30,283.78980119998147,23.5,79.05000000000001,5,0,0,0,278.323503125212,277.6013118970251,0,0,5.279257902398529,0.10435750043793113
2024-11-25 05:45:00+05:30,288.8982316954145,23.35,79.30000000000001,5,0,0,0,283.78980119998147,279.72738985858814,0,0,5.279257902398529,0.10435750043793113
2024-11-25 06:00:00+05:30,296.4930001568697,23.25,80.15,6,0,0,0,288.8982316954145,281.7555824029821,0,0,4.311530887041023,0.35531410580184186
2024-11-25 06:15:00+05:30,306.79820818379926,23.3,79.55000000000001,6,0,0,0,296.4930001568697,282.33632879152805,0,0,4.311530887041023,0.35531410580184186
2024-11-25 06:30:00+05:30,316.2864251507268,23.3,78.65,6,0,0,0,306.79820818379926,282.51934095976617,0,0,4.311530887041023,0.35531410580184186
2024-11-25 06:45:00+05:30,323.6926828981142,23.3,77.94999999999999,6,0,0,0,316.2864251507268,282.9028682313362,0,0,4.311530887041023,0.35531410580184186
2024-11-25 07:00:00+05:30,336.6447977340489,23.200000000000003,78.65,7,0,0,0,323.6926828981142,285.58240608073027,0,0,5.499185953045883,0.4537110737780554
2024-11-25 07:15:00+05:30,350.406479222267,23.3,78.4,7,0,0,0,336.6447977340489,289.53164200102265,0,0,5.499185953045883,0.4537110737780554
2024-11-25 07:30:00+05:30,365.596856532069,23.5,78.3,7,0,0,0,350.406479222267,292.4469605991587,0,0,5.499185953045883,0.4537110737780554
2024-11-25 07:45:00+05:30,380.4022548103263,23.8,77.7,7,0,0,0,365.596856532069,294.5383613543055,0,0,5.499185953045883,0.4537110737780554
2024-11-25 08:00:00+05:30,400.0287017407449,24.2,77.1,8,0,0,0,380.4022548103263,301.04266006134355,0,0,8.459706391374313,0.5709639278196643
2024-11-25 08:15:00+05:30,419.3486897752343,24.75,75.4,8,0,0,0,400.0287017407449,308.48505819556294,0,0,8.459706391374313,0.5709639278196643
2024-11-25 08:30:00+05:30,435.7898700264312,25.25,71.45,8,0,0,0,419.3486897752343,314.45520657302075,0,0,8.459706391374313,0.5709639278196643
2024-11-25 08:45:00+05:30,449.13265054414575,25.6,66.05,8,0,0,0,435.7898700264312,323.06104080495527,0,0,8.459706391374313,0.5709639278196643
2024-11-25 09:00:00+05:30,462.1719393045144,26.0,64.25,9,0,0,1,449.13265054414575,330.48573748543834,0,0,7.468916508257824,1.776913993434797
2024-11-25 09:15:00+05:30,472.2605017107976,26.15,61.0,9,0,0,1,462.1719393045144,336.4285406977848,0,0,7.468916508257824,1.776913993434797
2024-11-25 09:30:00+05:30,477.5353851081912,26.4,61.25,9,0,0,1,472.2605017107976,340.741432032018,0,0,7.468916508257824,1.776913993434797
2024-11-25 09:45:00+05:30,484.93601104923846,27.0,56.6,9,0,0,1,477.5353851081912,344.66294204063814,0,0,7.468916508257824,1.776913993434797
2024-11-25 10:00:00+05:30,491.84435666144685,27.5,52.75,10,0,0,1,484.93601104923846,349.6996578965087,0,0,7.176660943313998,1.959443809088301
2024-11-25 10:15:00+05:30,496.4962338120596,28.1,49.55,10,0,0,1,491.84435666144685,352.3896575452825,0,0,7.176660943313998,1.959443809088301
2024-11-25 10:30:00+05:30,499.9472805138945,28.45,47.8,10,0,0,1,496.4962338120596,358.9399957603636,0,0,7.176660943313998,1.959443809088301
2024-11-25 10:45:00+05:30,500.98493393705553,28.950000000000003,46.6,10,0,0,1,499.9472805138945,362.40823781294233,0,0,7.176660943313998,1.959443809088301
2024-11-25 11:00:00+05:30,501.5633629801201,29.35,43.75,11,0,0,1,500.98493393705553,366.4210124626868,0,0,7.922475529678865,1.905498851423404
2024-11-25 11:15:00+05:30,500.622528544915,29.85,42.5,11,0,0,1,501.5633629801201,366.7077960530303,0,0,7.922475529678865,1.905498851423404
2024-11-25 11:30:00+05:30,500.0628005565229,30.200000000000003,41.150000000000006,11,0,0,1,500.622528544915,366.7828513840211,0,0,7.922475529678865,1.905498851423404
2024-11-25 11:45:00+05:30,500.9636848591124,30.4,40.85,11,0,0,1,500.0628005565229,367.2847344779517,0,0,7.922475529678865,1.905498851423404
2024-11-25 12:00:00+05:30,502.5961541057756,30.55,39.25,12,0,0,1,500.9636848591124,368.7223506819325,0,0,8.194346391416534,1.8296017411002858
2024-11-25 12:15:00+05:30,500.2766564149756,30.55,39.0,12,0,0,1,502.5961541057756,368.367919404837,0,0,8.194346391416534,1.8296017411002858
2024-11-25 12:30:00+05:30,498.922644477159,30.8,38.3,12,0,0,1,500.2766564149756,369.7349951794431,0,0,8.194346391416534,1.8296017411002858
2024-11-25 12:45:00+05:30,496.6526435888912,31.15,37.75,12,0,0,1,498.922644477159,369.4952952719146,0,0,8.194346391416534,1.8296017411002858
2024-11-25 13:00:00+05:30,491.41537582837486,31.25,37.9,13,0,0,1,496.6526435888912,367.6456616750397,0,0,7.466115020642604,1.781152913482967
2024-11-25 13:15:00+05:30,489.0679533016004,31.55,35.6,13,0,0,1,491.41537582837486,364.5194133871785,0,0,7.466115020642604,1.781152913482967
2024-11-25 13:30:00+05:30,486.0078103788763,31.5,34.05,13,0,0,1,489.0679533016004,361.984619878709,0,0,7.466115020642604,1.781152913482967
2024-11-25 13:45:00+05:30,486.11215985076655,31.5,33.85,13,0,0,1,486.0078103788763,361.89679310262215,0,0,7.466115020642604,1.781152913482967
2024-11-25 14:00:00+05:30,488.3899520054089,31.6,33.849999999999994,14,0,0,1,486.11215985076655,363.571214642167,0,0,7.453520252664822,1.8810727851227305
2024-11-25 14:15:00+05:30,491.06312394174495,31.6,33.55,14,0,0,1,488.3899520054089,361.38884312215737,0,0,7.453520252664822,1.8810727851227305
2024-11-25 14:30:00+05:30,493.5165528312296,31.55,32.65,14,0,0,1,491.06312394174495,359.22486582644285,0,0,7.453520252664822,1.8810727851227305
2024-11-25 14:45:00+05:30,491.7714232189501,31.55,32.0,14,0,0,1,493.5165528312296,358.3877551827746,0,0,7.453520252664822,1.8810727851227305
2024-11-25 15:00:00+05:30,490.0917632343296,31.450000000000003,32.0,15,0,0,1,491.7714232189501,360.2612368451948,0,0,7.614608640955644,1.8795749299968296
2024-11-25 15:15:00+05:30,491.11701149294265,31.35,32.15,15,0,0,1,490.0917632343296,360.00773435459,0,0,7.614608640955644,1.8795749299968296
2024-11-25 15:30:00+05:30,489.7714830254611,31.1,31.9,15,0,0,1,491.11701149294265,360.2424187999373,0,0,7.614608640955644,1.8795749299968296
2024-11-25 15:45:00+05:30,489.2372616123616,31.0,32.45,15,0,0,1,489.7714830254611,359.52141950101725,0,0,7.614608640955644,1.8795749299968296
2024-11-25 16:00:00+05:30,489.5880613718703,30.65,37.0,16,0,0,1,489.2372616123616,356.1345114731846,0,0,8.928003783814992,1.63470214174834
2024-11-25 16:15:00+05:30,486.2622687214741,30.4,39.6,16,0,0,1,489.5880613718703,355.29060779844883,0,0,8.928003783814992,1.63470214174834
2024-11-25 16:30:00+05:30,482.4195209242359,30.1,42.5,16,0,0,1,486.2622687214741,356.7792416870759,0,0,8.928003783814992,1.63470214174834
2024-11-25 16:45:00+05:30,482.1949928222412,29.65,43.45,16,0,0,1,482.4195209242359,356.77876500066736,0,0,8.928003783814992,1.63470214174834
2024-11-25 17:00:00+05:30,479.0396959955196,29.3,47.55,17,0,0,1,482.1949928222412,358.36451276140303,0,0,9.832269406100862,1.3066312424333932
2024-11-25 17:15:00+05:30,475.78027175342,28.75,50.2,17,0,0,1,479.0396959955196,359.9149208031835,0,0,9.832269406100862,1.3066312424333932
2024-11-25 17:30:00+05:30,472.0480681054742,28.35,51.45,17,0,0,1,475.78027175342,362.9991407696186,0,0,9.832269406100862,1.3066312424333932
2024-11-25 17:45:00+05:30,470.95877700518713,27.95,52.2,17,0,0,1,472.0480681054742,367.9057633102491,0,0,9.832269406100862,1.3066312424333932
2024-11-25 18:00:00+05:30,469.63615345841646,27.6,53.75,18,0,0,0,470.95877700518713,370.9046568586335,0,0,10.294210660754121,0.797082883851726
2024-11-25 18:15:00+05:30,466.8161400277173,27.55,55.1,18,0,0,0,469.63615345841646,373.0508870808183,0,0,10.294210660754121,0.797082883851726
2024-11-25 18:30:00+05:30,460.4650862054942,27.5,57.25,18,0,0,0,466.8161400277173,374.7582862509336,0,0,10.294210660754121,0.797082883851726
2024-11-25 18:45:00+05:30,452.5847926739029,27.6,58.7,18,0,0,0,460.4650862054942,375.4743725551682,0,0,10.294210660754121,0.797082883851726
2024-11-25 19:00:00+05:30,445.3699862257779,27.45,60.400000000000006,19,0,0,0,452.5847926739029,373.0466211517556,0,0,10.813310868605901,0.8196688281600798
2024-11-25 19:15:00+05:30,436.2320487813428,27.4,61.7,19,0,0,0,445.3699862257779,372.8875038339338,0,0,10.813310868605901,0.8196688281600798
2024-11-25 19:30:00+05:30,427.1205706540768,27.25,63.15,19,0,0,0,436.2320487813428,370.4029441399263,0,0,10.813310868605901,0.8196688281600798
2024-11-25 19:45:00+05:30,418.2675999166675,27.2,64.6,19,0,0,0,427.1205706540768,366.9944006059002,0,0,10.813310868605901,0.8196688281600798
2024-11-25 20:00:00+05:30,412.7250027378767,27.0,65.5,20,0,0,0,418.2675999166675,363.96916236985874,0,0,10.193366449690611,0.84334742214611
2024-11-25 20:15:00+05:30,406.1446899475194,26.85,66.15,20,0,0,0,412.7250027378767,363.2332959791648,0,0,10.193366449690611,0.84334742214611
2024-11-25 20:30:00+05:30,400.66449779947743,26.75,66.30000000000001,20,0,0,0,406.1446899475194,362.35588920066186,0,0,10.193366449690611,0.84334742214611
2024-11-25 20:45:00+05:30,392.8895810725813,26.6,66.75,20,0,0,0,400.66449779947743,360.7671084168752,0,0,10.193366449690611,0.84334742214611
2024-11-25 21:00:00+05:30,389.5039467684836,26.45,66.9,21,0,0,0,392.8895810725813,360.02704072509414,0,0,8.774792195189448,0.7521888831997796
2024-11-25 21:15:00+05:30,384.3863935906904,26.3,65.95,21,0,0,0,389.5039467684836,356.9321540710605,0,0,8.774792195189448,0.7521888831997796
2024-11-25 21:30:00+05:30,376.4070906651573,26.15,64.2,21,0,0,0,384.3863935906904,354.25701412122925,0,0,8.774792195189448,0.7521888831997796
2024-11-25 21:45:00+05:30,371.7042974176264,26.05,62.3,21,0,0,0,376.4070906651573,353.0154057817164,0,0,8.774792195189448,0.7521888831997796
2024-11-25 22:00:00+05:30,366.0591011139324,26.0,59.75,22,0,0,0,371.7042974176264,348.8388027449496,0,0,9.389172121610137,0.7252749896297948
2024-11-25 22:15:00+05:30,358.5830695148737,25.85,58.75,22,0,0,0,366.0591011139324,345.1294632863159,0,0,9.389172121610137,0.7252749896297948
2024-11-25 22:30:00+05:30,352.610902256394,25.65,57.6,22,0,0,0,358.5830695148737,341.10168738995594,0,0,9.389172121610137,0.7252749896297948
2024-11-25 22:45:00+05:30,347.7941163072882,25.6,56.7,22,0,0,0,352.610902256394,336.6712929099059,0,0,9.389172121610137,0.7252749896297948
2024-11-25 23:00:00+05:30,340.89173651898,25.4,57.45,23,0,0,0,347.7941163072882,331.9064088652662,0,0,10.314981635691288,0.7718909870937027
2024-11-25 23:15:00+05:30,333.06155370307147,25.3,57.75,23,0,0,0,340.89173651898,326.2326202376091,0,0,10.314981635691288,0.7718909870937027
2024-11-25 23:30:00+05:30,327.90646294758074,25.1,58.35,23,0,0,0,333.06155370307147,322.0717994182635,0,0,10.314981635691288,0.7718909870937027
2024-11-25 23:45:00+05:30,322.12047592347324,24.9,59.2,23,0,0,0,327.90646294758074,317.6722335859289,0,0,10.314981635691288,0.7718909870937027
2024-11-26 00:00:00+05:30,317.87885486880145,25.25,74.4,0,1,0,0,322.12047592347324,315.48255567015843,0,0,10.821030164864855,0.09594533623790569
2024-11-26 00:15:00+05:30,313.76517584787,25.1,73.95,0,1,0,0,317.87885486880145,311.07469157653543,0,0,10.821030164864855,0.09594533623790569
2024-11-26 00:30:00+05:30,309.81146156325394,25.15,74.05000000000001,0,1,0,0,313.76517584787,307.70740347147694,0,0,10.821030164864855,0.09594533623790569
2024-11-26 00:45:00+05:30,305.42900919537533,25.05,73.6,0,1,0,0,309.81146156325394,302.4945105479852,0,0,10.821030164864855,0.09594533623790569
2024-11-26 01:00:00+05:30,301.1261276842035,25.05,73.55000000000001,1,1,0,0,305.42900919537533,296.0848342333953,0,0,9.728100754378737,-0.03336421712728943
2024-11-26 01:15:00+05:30,296.3678244596897,24.9,74.55,1,1,0,0,301.1261276842035,292.78586402825385,0,0,9.728100754378737,-0.03336421712728943
2024-11-26 01:30:00+05:30,291.8528004481071,24.65,75.1,1,1,0,0,296.3678244596897,289.5584435506969,0,0,9.728100754378737,-0.03336421712728943
2024-11-26 01:45:00+05:30,287.82871147842167,24.5,75.8,1,1,0,0,291.8528004481071,286.9398586329983,0,0,9.728100754378737,-0.03336421712728943
2024-11-26 02:00:00+05:30,284.8444116393969,24.45,76.05,2,1,0,0,287.82871147842167,285.76965878225275,0,0,8.484637707535343,-0.001367850315744823
2024-11-26 02:15:00+05:30,281.5454655358473,24.5,75.80000000000001,2,1,0,0,284.8444116393969,283.4820673632969,0,0,8.484637707535343,-0.001367850315744823
2024-11-26 02:30:00+05:30,280.6131914615665,24.2,76.65,2,1,0,0,281.5454655358473,280.07261300380515,0,0,8.484637707535343,-0.001367850315744823
2024-11-26 02:45:00+05:30,281.35775617742775,24.3,76.65,2,1,0,0,280.6131914615665,277.2972608335972,0,0,8.484637707535343,-0.001367850315744823
2024-11-26 03:00:00+05:30,279.68424117855136,24.15,76.94999999999999,3,1,0,0,281.35775617742775,276.1013144011858,0,0,7.607119538689619,-0.06004878179214801
2024-11-26 03:15:00+05:30,277.5231382050067,23.950000000000003,78.3,3,1,0,0,279.68424117855136,273.7223367981069,0,0,7.607119538689619,-0.06004878179214801
2024-11-26 03:30:00+05:30,275.69990765601534,23.85,79.35,3,1,0,0,277.5231382050067,272.45892343831986,0,0,7.607119538689619,-0.06004878179214801
2024-11-26 03:45:00+05:30,273.3751753755536,23.8,79.44999999999999,3,1,0,0,275.69990765601534,271.1445329997574,0,0,7.607119538689619,-0.06004878179214801
2024-11-26 04:00:00+05:30,271.25360018667686,23.75,79.05,4,1,0,0,273.3751753755536,269.6470179469794,0,0,6.594267060678064,0.008427398213465498
2024-11-26 04:15:00+05:30,271.7728248474848,23.7,78.9,4,1,0,0,271.25360018667686,270.51424725385726,0,0,6.594267060678064,0.008427398213465498
2024-11-26 04:30:00+05:30,272.8994655708837,23.7,78.75,4,1,0,0,271.7728248474848,271.1089606764998,0,0,6.594267060678064,0.008427398213465498
2024-11-26 04:45:00+05:30,275.46635650296685,23.6,78.75,4,1,0,0,272.8994655708837,273.2005683035053,0,0,6.594267060678064,0.008427398213465498
2024-11-26 05:00:00+05:30,277.02398774911734,23.5,79.55000000000001,5,1,0,0,275.46635650296685,275.75144416717194,0,0,5.279257902398529,0.10435750043793113
2024-11-26 05:15:00+05:30,278.4307881748673,23.55,79.4,5,1,0,0,277.02398774911734,278.323503125212,0,0,5.279257902398529,0.10435750043793113
2024-11-26 05:30:00+05:30,285.272957056955,23.5,79.05000000000001,5,1,0,0,278.4307881748673,283.78980119998147,0,0,5.279257902398529,0.10435750043793113
2024-11-26 05:45:00+05:30,290.7579829604831,23.35,79.30000000000001,5,1,0,0,285.272957056955,288.8982316954145,0,0,5.279257902398529,0.10435750043793113
2024-11-26 06:00:00+05:30,298.3807733790605,23.25,80.15,6,1,0,0,290.7579829604831,296.4930001568697,0,0,4.311530887041023,0.35531410580184186
2024-11-26 06:15:00+05:30,304.82002149253765,23.3,79.55000000000001,6,1,0,0,298.3807733790605,306.79820818379926,0,0,4.311530887041023,0.35531410580184186
2024-11-26 06:30:00+05:30,313.70609736622254,23.3,78.65,6,1,0,0,304.82002149253765,316.2864251507268,0,0,4.311530887041023,0.35531410580184186
2024-11-26 06:45:00+05:30,322.69801912681817,23.3,77.94999999999999,6,1,0,0,313.70609736622254,323.6926828981142,0,0,4.311530887041023,0.35531410580184186
2024-11-26 07:00:00+05:30,334.18769617968684,23.200000000000003,78.65,7,1,0,0,322.69801912681817,336.6447977340489,0,0,5.499185953045883,0.4537110737780554
2024-11-26 07:15:00+05:30,342.97389218350344,23.3,78.4,7,1,0,0,334.18769617968684,350.406479222267,0,0,5.499185953045883,0.4537110737780554
2024-11-26 07:30:00+05:30,358.06525400640805,23.5,78.3,7,1,0,0,342.97389218350344,365.596856532069,0,0,5.499185953045883,0.4537110737780554
2024-11-26 07:45:00+05:30,371.6127129472949,23.8,77.7,7,1,0,0,358.06525400640805,380.4022548103263,0,0,5.499185953045883,0.4537110737780554
2024-11-26 08:00:00+05:30,391.75841364975713,24.2,77.1,8,1,0,0,371.6127129472949,400.0287017407449,0,0,8.459706391374313,0.5709639278196643
2024-11-26 08:15:00+05:30,409.27299572180704,24.75,75.4,8,1,0,0,391.75841364975713,419.3486897752343,0,0,8.459706391374313,0.5709639278196643
2024-11-26 08:30:00+05:30,422.1980595334129,25.25,71.45,8,1,0,0,409.27299572180704,435.7898700264312,0,0,8.459706391374313,0.5709639278196643
2024-11-26 08:45:00+05:30,434.9936837672941,25.6,66.05,8,1,0,0,422.1980595334129,449.13265054414575,0,0,8.459706391374313,0.5709639278196643
2024-11-26 09:00:00+05:30,445.44335213682734,26.0,64.25,9,1,0,1,434.9936837672941,462.1719393045144,0,0,7.468916508257824,1.776913993434797
2024-11-26 09:15:00+05:30,456.87341671973286,26.15,61.0,9,1,0,1,445.44335213682734,472.2605017107976,0,0,7.468916508257824,1.776913993434797
2024-11-26 09:30:00+05:30,464.590485073921,26.4,61.25,9,1,0,1,456.87341671973286,477.5353851081912,0,0,7.468916508257824,1.776913993434797
2024-11-26 09:45:00+05:30,474.2852887527016,27.0,56.6,9,1,0,1,464.590485073921,484.93601104923846,0,0,7.468916508257824,1.776913993434797
2024-11-26 10:00:00+05:30,479.5544764046207,27.5,52.75,10,1,0,1,474.2852887527016,491.84435666144685,0,0,7.176660943313998,1.959443809088301
2024-11-26 10:15:00+05:30,486.1191188106119,28.1,49.55,10,1,0,1,479.5544764046207,496.4962338120596,0,0,7.176660943313998,1.959443809088301
2024-11-26 10:30:00+05:30,491.9087577681282,28.45,47.8,10,1,0,1,486.1191188106119,499.9472805138945,0,0,7.176660943313998,1.959443809088301
2024-11-26 10:45:00+05:30,490.5791820640123,28.950000000000003,46.6,10,1,0,1,491.9087577681282,500.98493393705553,0,0,7.176660943313998,1.959443809088301
2024-11-26 11:00:00+05:30,490.0708466058245,29.35,43.75,11,1,0,1,490.5791820640123,501.5633629801201,0,0,7.922475529678865,1.905498851423404
2024-11-26 11:15:00+05:30,489.3679582967376,29.85,42.5,11,1,0,1,490.0708466058245,500.622528544915,0,0,7.922475529678865,1.905498851423404
2024-11-26 11:30:00+05:30,486.5683447379881,30.200000000000003,41.150000000000006,11,1,0,1,489.3679582967376,500.0628005565229,0,0,7.922475529678865,1.905498851423404
2024-11-26 11:45:00+05:30,486.2959622061272,30.4,40.85,11,1,0,1,486.5683447379881,500.9636848591124,0,0,7.922475529678865,1.905498851423404
2024-11-26 12:00:00+05:30,489.37160765212064,30.55,39.25,12,1,0,1,486.2959622061272,502.5961541057756,0,0,8.194346391416534,1.8296017411002858
2024-11-26 12:15:00+05:30,488.430019226995,30.55,39.0,12,1,0,1,489.37160765212064,500.2766564149756,0,0,8.194346391416534,1.8296017411002858
2024-11-26 12:30:00+05:30,489.5807640161957,30.8,38.3,12,1,0,1,488.430019226995,498.922644477159,0,0,8.194346391416534,1.8296017411002858
2024-11-26 12:45:00+05:30,487.7253696779847,31.15,37.75,12,1,0,1,489.5807640161957,496.6526435888912,0,0,8.194346391416534,1.8296017411002858
2024-11-26 13:00:00+05:30,484.9863321736145,31.25,37.9,13,1,0,1,487.7253696779847,491.41537582837486,0,0,7.466115020642604,1.781152913482967
2024-11-26 13:15:00+05:30,481.8622391294605,31.55,35.6,13,1,0,1,484.9863321736145,489.0679533016004,0,0,7.466115020642604,1.781152913482967
2024-11-26 13:30:00+05:30,479.0735874837838,31.5,34.05,13,1,0,1,481.8622391294605,486.0078103788763,0,0,7.466115020642604,1.781152913482967
2024-11-26 13:45:00+05:30,479.28926165064297,31.5,33.85,13,1,0,1,479.0735874837838,486.11215985076655,0,0,7.466115020642604,1.781152913482967
2024-11-26 14:00:00+05:30,482.1744666358212,31.6,33.849999999999994,14,1,0,1,479.28926165064297,488.3899520054089,0,0,7.453520252664822,1.8810727851227305
2024-11-26 14:15:00+05:30,484.18796453703686,31.6,33.55,14,1,0,1,482.1744666358212,491.06312394174495,0,0,7.453520252664822,1.8810727851227305
2024-11-26 14:30:00+05:30,486.5461694629531,31.55,32.65,14,1,0,1,484.18796453703686,493.5165528312296,0,0,7.453520252664822,1.8810727851227305
2024-11-26 14:45:00+05:30,486.1573675881716,31.55,32.0,14,1,0,1,486.5461694629531,491.7714232189501,0,0,7.453520252664822,1.8810727851227305
2024-11-26 15:00:00+05:30,484.7835655981016,31.450000000000003,32.0,15,1,0,1,486.1573675881716,490.0917632343296,0,0,7.614608640955644,1.8795749299968296
2024-11-26 15:15:00+05:30,483.7127021020661,31.35,32.15,15,1,0,1,484.7835655981016,491.11701149294265,0,0,7.614608640955644,1.8795749299968296
2024-11-26 15:30:00+05:30,484.4499419986375,31.1,31.9,15,1,0,1,483.7127021020661,489.7714830254611,0,0,7.614608640955644,1.8795749299968296
2024-11-26 15:45:00+05:30,483.95535987225526,31.0,32.45,15,1,0,1,484.4499419986375,489.2372616123616,0,0,7.614608640955644,1.8795749299968296
2024-11-26 16:00:00+05:30,483.6307271748261,30.65,37.0,16,1,0,1,483.95535987225526,489.5880613718703,0,0,8.928003783814992,1.63470214174834
2024-11-26 16:15:00+05:30,480.9919712255947,30.4,39.6,16,1,0,1,483.6307271748261,486.2622687214741,0,0,8.928003783814992,1.63470214174834
2024-11-26 16:30:00+05:30,478.3878729021891,30.1,42.5,16,1,0,1,480.9919712255947,482.4195209242359,0,0,8.928003783814992,1.63470214174834
2024-11-26 16:45:00+05:30,477.28839787817344,29.65,43.45,16,1,0,1,478.3878729021891,482.1949928222412,0,0,8.928003783814992,1.63470214174834
2024-11-26 17:00:00+05:30,474.61286496863096,29.3,47.55,17,1,0,1,477.28839787817344,479.0396959955196,0,0,9.832269406100862,1.3066312424333932
2024-11-26 17:15:00+05:30,471.704960167726,28.75,50.2,17,1,0,1,474.61286496863096,475.78027175342,0,0,9.832269406100862,1.3066312424333932
2024-11-26 17:30:00+05:30,468.05536077252566,28.35,51.45,17,1,0,1,471.704960167726,472.0480681054742,0,0,9.832269406100862,1.3066312424333932
2024-11-26 17:45:00+05:30,467.6949764070009,27.95,52.2,17,1,0,1,468.05536077252566,470.95877700518713,0,0,9.832269406100862,1.3066312424333932
2024-11-26 18:00:00+05:30,468.2636093269679,27.6,53.75,18,1,0,0,467.6949764070009,469.63615345841646,0,0,10.294210660754121,0.797082883851726
2024-11-26 18:15:00+05:30,464.470542150085,27.55,55.1,18,1,0,0,468.2636093269679,466.8161400277173,0,0,10.294210660754121,0.797082883851726
2024-11-26 18:30:00+05:30,455.9014388669585,27.5,57.25,18,1,0,0,464.470542150085,460.4650862054942,0,0,10.294210660754121,0.797082883851726
2024-11-26 18:45:00+05:30,451.4302865584529,27.6,58.7,18,1,0,0,455.9014388669585,452.5847926739029,0,0,10.294210660754121,0.797082883851726
2024-11-26 19:00:00+05:30,442.3529717260286,27.45,60.400000000000006,19,1,0,0,451.4302865584529,445.3699862257779,0,0,10.813310868605901,0.8196688281600798
2024-11-26 19:15:00+05:30,433.33624601764416,27.4,61.7,19,1,0,0,442.3529717260286,436.2320487813428,0,0,10.813310868605901,0.8196688281600798
2024-11-26 19:30:00+05:30,424.753529567426,27.25,63.15,19,1,0,0,433.33624601764416,427.1205706540768,0,0,10.813310868605901,0.8196688281600798
2024-11-26 19:45:00+05:30,416.86005108545095,27.2,64.6,19,1,0,0,424.753529567426,418.2675999166675,0,0,10.813310868605901,0.8196688281600798
2024-11-26 20:00:00+05:30,408.4514394299204,27.0,65.5,20,1,0,0,416.86005108545095,412.7250027378767,0,0,10.193366449690611,0.84334742214611
2024-11-26 20:15:00+05:30,401.6444372608888,26.85,66.15,20,1,0,0,408.4514394299204,406.1446899475194,0,0,10.193366449690611,0.84334742214611
2024-11-26 20:30:00+05:30,399.7321879991836,26.75,66.30000000000001,20,1,0,0,401.6444372608888,400.66449779947743,0,0,10.193366449690611,0.84334742214611
2024-11-26 20:45:00+05:30,392.37005142002425,26.6,66.75,20,1,0,0,399.7321879991836,392.8895810725813,0,0,10.193366449690611,0.84334742214611
2024-11-26 21:00:00+05:30,386.551753598389,26.45,66.9,21,1,0,0,392.37005142002425,389.5039467684836,0,0,8.774792195189448,0.7521888831997796
2024-11-26 21:15:00+05:30,383.07374195318,26.3,65.95,21,1,0,0,386.551753598389,384.3863935906904,0,0,8.774792195189448,0.7521888831997796
2024-11-26 21:30:00+05:30,378.2596763510141,26.15,64.2,21,1,0,0,383.07374195318,376.4070906651573,0,0,8.774792195189448,0.7521888831997796
2024-11-26 21:45:00+05:30,371.0837144879196,26.05,62.3,21,1,0,0,378.2596763510141,371.7042974176264,0,0,8.774792195189448,0.7521888831997796
2024-11-26 22:00:00+05:30,364.7255979620095,26.0,59.75,22,1,0,0,371.0837144879196,366.0591011139324,0,0,9.389172121610137,0.7252749896297948
2024-11-26 22:15:00+05:30,357.89504687638885,25.85,58.75,22,1,0,0,364.7255979620095,358.5830695148737,0,0,9.389172121610137,0.7252749896297948
2024-11-26 22:30:00+05:30,353.440429634365,25.65,57.6,22,1,0,0,357.89504687638885,352.610902256394,0,0,9.389172121610137,0.7252749896297948
2024-11-26 22:45:00+05:30,346.2952165382103,25.6,56.7,22,1,0,0,353.440429634365,347.7941163072882,0,0,9.389172121610137,0.7252749896297948
2024-11-26 23:00:00+05:30,337.1403215590956,25.4,57.45,23,1,0,0,346.2952165382103,340.89173651898,0,0,10.314981635691288,0.7718909870937027
2024-11-26 23:15:00+05:30,331.33798239221693,25.3,57.75,23,1,0,0,337.1403215590956,333.06155370307147,0,0,10.314981635691288,0.7718909870937027
2024-11-26 23:30:00+05:30,325.8196582586557,25.1,58.35,23,1,0,0,331.33798239221693,327.90646294758074,0,0,10.314981635691288,0.7718909870937027
2024-11-26 23:45:00+05:30,320.5244470122976,24.9,59.2,23,1,0,0,325.8196582586557,322.12047592347324,0,0,10.314981635691288,0.7718909870937027
2024-11-27 00:00:00+05:30,315.4074109180858,24.05,59.65,0,2,0,0,320.5244470122976,317.87885486880145,0,0,10.821030164864855,0.09594533623790569
2024-11-27 00:15:00+05:30,312.1030081225586,24.0,58.8,0,2,0,0,315.4074109180858,313.76517584787,0,0,10.821030164864855,0.09594533623790569
2024-11-27 00:30:00+05:30,308.2867933001469,23.95,59.2,0,2,0,0,312.1030081225586,309.81146156325394,0,0,10.821030164864855,0.09594533623790569
2024-11-27 00:45:00+05:30,302.1961345283137,23.75,61.35,0,2,0,0,308.2867933001469,305.42900919537533,0,0,10.821030164864855,0.09594533623790569
2024-11-27 01:00:00+05:30,297.6539650625149,23.75,60.35,1,2,0,0,302.1961345283137,301.1261276842035,0,0,9.728100754378737,-0.03336421712728943
2024-11-27 01:15:00+05:30,295.0676945101666,23.9,58.7,1,2,0,0,297.6539650625149,296.3678244596897,0,0,9.728100754378737,-0.03336421712728943
2024-11-27 01:30:00+05:30,294.08716196780983,23.9,55.7,1,2,0,0,295.0676945101666,291.8528004481071,0,0,9.728100754378737,-0.03336421712728943
2024-11-27 01:45:00+05:30,290.8555878344787,23.85,55.15,1,2,0,0,294.08716196780983,287.82871147842167,0,0,9.728100754378737,-0.03336421712728943
2024-11-27 02:00:00+05:30,287.1274166927794,23.9,55.3,2,2,0,0,290.8555878344787,284.8444116393969,0,0,8.484637707535343,-0.001367850315744823
2024-11-27 02:15:00+05:30,282.5414992188627,23.7,54.650000000000006,2,2,0,0,287.1274166927794,281.5454655358473,0,0,8.484637707535343,-0.001367850315744823
2024-11-27 02:30:00+05:30,281.0797394535674,23.75,53.35,2,2,0,0,282.5414992188627,280.6131914615665,0,0,8.484637707535343,-0.001367850315744823
2024-11-27 02:45:00+05:30,277.9722427293855,23.8,53.150000000000006,2,2,0,0,281.0797394535674,281.35775617742775,0,0,8.484637707535343,-0.001367850315744823
2024-11-27 03:00:00+05:30,276.7004031329072,23.75,53.2,3,2,0,0,277.9722427293855,279.68424117855136,0,0,7.607119538689619,-0.06004878179214801
2024-11-27 03:15:00+05:30,275.3685178809848,23.65,54.4,3,2,0,0,276.7004031329072,277.5231382050067,0,0,7.607119538689619,-0.06004878179214801
2024-11-27 03:30:00+05:30,275.6286448086726,23.35,56.0,3,2,0,0,275.3685178809848,275.69990765601534,0,0,7.607119538689619,-0.06004878179214801
2024-11-27 03:45:00+05:30,273.235145983979,23.1,58.05,3,2,0,0,275.6286448086726,273.3751753755536,0,0,7.607119538689619,-0.06004878179214801
2024-11-27 04:00:00+05:30,272.85241325457423,23.200000000000003,56.35,4,2,0,0,273.235145983979,271.25360018667686,0,0,6.594267060678064,0.008427398213465498
2024-11-27 04:15:00+05:30,271.41157022389507,23.25,55.8,4,2,0,0,272.85241325457423,271.7728248474848,0,0,6.594267060678064,0.008427398213465498
2024-11-27 04:30:00+05:30,271.6056912663047,23.25,54.9,4,2,0,0,271.41157022389507,272.8994655708837,0,0,6.594267060678064,0.008427398213465498
2024-11-27 04:45:00+05:30,272.807365358738,23.15,55.0,4,2,0,0,271.6056912663047,275.46635650296685,0,0,6.594267060678064,0.008427398213465498
2024-11-27 05:00:00+05:30,274.87832987624904,23.15,54.9,5,2,0,0,272.807365358738,277.02398774911734,0,0,5.279257902398529,0.10435750043793113
2024-11-27 05:15:00+05:30,277.3304800652824,22.95,56.35,5,2,0,0,274.87832987624904,278.4307881748673,0,0,5.279257902398529,0.10435750043793113
2024-11-27 05:30:00+05:30,282.3614272099441,22.7,58.3,5,2,0,0,277.3304800652824,285.272957056955,0,0,5.279257902398529,0.10435750043793113
2024-11-27 05:45:00+05:30,290.0122956448825,22.35,60.0,5,2,0,0,282.3614272099441,290.7579829604831,0,0,5.279257902398529,0.10435750043793113
2024-11-27 06:00:00+05:30,300.1935467721353,22.05,60.55,6,2,0,0,290.0122956448825,298.3807733790605,0,0,4.311530887041023,0.35531410580184186
2024-11-27 06:15:00+05:30,309.15147892038635,22.1,59.85,6,2,0,0,300.1935467721353,304.82002149253765,0,0,4.311530887041023,0.35531410580184186
2024-11-27 06:30:00+05:30,315.3749508953068,22.1,60.1,6,2,0,0,309.15147892038635,313.70609736622254,0,0,4.311530887041023,0.35531410580184186
2024-11-27 06:45:00+05:30,319.80202030443894,22.1,59.55,6,2,0,0,315.3749508953068,322.69801912681817,0,0,4.311530887041023,0.35531410580184186
2024-11-27 07:00:00+05:30,331.6821741286396,22.15,59.45,7,2,0,0,319.80202030443894,334.18769617968684,0,0,5.499185953045883,0.4537110737780554
2024-11-27 07:15:00+05:30,342.650753926611,22.25,60.1,7,2,0,0,331.6821741286396,342.97389218350344,0,0,5.499185953045883,0.4537110737780554
2024-11-27 07:30:00+05:30,357.9211426707226,22.25,61.3,7,2,0,0,342.650753926611,358.06525400640805,0,0,5.499185953045883,0.4537110737780554
2024-11-27 07:45:00+05:30,371.0960610868158,22.6,57.3,7,2,0,0,357.9211426707226,371.6127129472949,0,0,5.499185953045883,0.4537110737780554
2024-11-27 08:00:00+05:30,388.58193922013857,22.95,59.0,8,2,0,0,371.0960610868158,391.75841364975713,0,0,8.459706391374313,0.5709639278196643
2024-11-27 08:15:00+05:30,403.3025275556517,23.25,56.400000000000006,8,2,0,0,388.58193922013857,409.27299572180704,0,0,8.459706391374313,0.5709639278196643
2024-11-27 08:30:00+05:30,415.65283308983226,23.8,55.1,8,2,0,0,403.3025275556517,422.1980595334129,0,0,8.459706391374313,0.5709639278196643
2024-11-27 08:45:00+05:30,428.152644771236,24.4,58.35,8,2,0,0,415.65283308983226,434.9936837672941,0,0,8.459706391374313,0.5709639278196643
2024-11-27 09:00:00+05:30,440.1375907650117,24.9,53.55,9,2,0,1,428.152644771236,445.44335213682734,0,0,7.468916508257824,1.776913993434797
2024-11-27 09:15:00+05:30,449.9617862699868,25.4,51.3,9,2,0,1,440.1375907650117,456.87341671973286,0,0,7.468916508257824,1.776913993434797
2024-11-27 09:30:00+05:30,458.3073385814695,25.9,49.55,9,2,0,1,449.9617862699868,464.590485073921,0,0,7.468916508257824,1.776913993434797
2024-11-27 09:45:00+05:30,458.79238272169,26.5,47.25,9,2,0,1,458.3073385814695,474.2852887527016,0,0,7.468916508257824,1.776913993434797
2024-11-27 10:00:00+05:30,474.5520293426642,27.0,44.35,10,2,0,1,458.79238272169,479.5544764046207,0,0,7.176660943313998,1.959443809088301
2024-11-27 10:15:00+05:30,478.8866162974368,27.65,41.55,10,2,0,1,474.5520293426642,486.1191188106119,0,0,7.176660943313998,1.959443809088301
2024-11-27 10:30:00+05:30,483.0993331123788,28.200000000000003,39.900000000000006,10,2,0,1,478.8866162974368,491.9087577681282,0,0,7.176660943313998,1.959443809088301
2024-11-27 10:45:00+05:30,482.0236888345594,28.75,38.25,10,2,0,1,483.0993331123788,490.5791820640123,0,0,7.176660943313998,1.959443809088301
2024-11-27 11:00:00+05:30,488.5573616286295,29.25,36.95,11,2,0,1,482.0236888345594,490.0708466058245,0,0,7.922475529678865,1.905498851423404
2024-11-27 11:15:00+05:30,490.7722383074892,29.65,34.7,11,2,0,1,488.5573616286295,489.3679582967376,0,0,7.922475529678865,1.905498851423404
2024-11-27 11:30:00+05:30,487.4751186129697,30.05,34.7,11,2,0,1,490.7722383074892,486.5683447379881,0,0,7.922475529678865,1.905498851423404
2024-11-27 11:45:00+05:30,484.6001890628766,30.200000000000003,33.45,11,2,0,1,487.4751186129697,486.2959622061272,0,0,7.922475529678865,1.905498851423404
2024-11-27 12:00:00+05:30,484.0760296783577,30.55,33.55,12,2,0,1,484.6001890628766,489.37160765212064,0,0,8.194346391416534,1.8296017411002858
2024-11-27 12:15:00+05:30,483.6668525404385,30.7,32.65,12,2,0,1,484.0760296783577,488.430019226995,0,0,8.194346391416534,1.8296017411002858
2024-11-27 12:30:00+05:30,483.6270465683176,31.0,31.7,12,2,0,1,483.6668525404385,489.5807640161957,0,0,8.194346391416534,1.8296017411002858
2024-11-27 12:45:00+05:30,483.5582484227305,31.15,30.85,12,2,0,1,483.6270465683176,487.7253696779847,0,0,8.194346391416534,1.8296017411002858
2024-11-27 13:00:00+05:30,481.1243741750145,31.4,30.200000000000003,13,2,0,1,483.5582484227305,484.9863321736145,0,0,7.466115020642604,1.781152913482967
2024-11-27 13:15:00+05:30,476.888940666642,31.6,29.05,13,2,0,1,481.1243741750145,481.8622391294605,0,0,7.466115020642604,1.781152913482967
2024-11-27 13:30:00+05:30,474.4340937768324,31.55,29.1,13,2,0,1,476.888940666642,479.0735874837838,0,0,7.466115020642604,1.781152913482967
2024-11-27 13:45:00+05:30,475.1105492959842,31.65,29.45,13,2,0,1,474.4340937768324,479.28926165064297,0,0,7.466115020642604,1.781152913482967
2024-11-27 14:00:00+05:30,478.7628218425997,31.75,29.15,14,2,0,1,475.1105492959842,482.1744666358212,0,0,7.453520252664822,1.8810727851227305
2024-11-27 14:15:00+05:30,482.3970877095049,31.8,28.4,14,2,0,1,478.7628218425997,484.18796453703686,0,0,7.453520252664822,1.8810727851227305
2024-11-27 14:30:00+05:30,484.21451955338506,31.85,28.4,14,2,0,1,482.3970877095049,486.5461694629531,0,0,7.453520252664822,1.8810727851227305
2024-11-27 14:45:00+05:30,483.2346225596133,31.75,27.7,14,2,0,1,484.21451955338506,486.1573675881716,0,0,7.453520252664822,1.8810727851227305
2024-11-27 15:00:00+05:30,482.1324284642114,31.7,27.85,15,2,0,1,483.2346225596133,484.7835655981016,0,0,7.614608640955644,1.8795749299968296
2024-11-27 15:15:00+05:30,483.5638034000629,31.6,28.25,15,2,0,1,482.1324284642114,483.7127021020661,0,0,7.614608640955644,1.8795749299968296
2024-11-27 15:30:00+05:30,482.39133857015696,31.65,28.45,15,2,0,1,483.5638034000629,484.4499419986375,0,0,7.614608640955644,1.8795749299968296
2024-11-27 15:45:00+05:30,484.5954383357526,31.4,27.7,15,2,0,1,482.39133857015696,483.95535987225526,0,0,7.614608640955644,1.8795749299968296
2024-11-27 16:00:00+05:30,482.3053461423691,31.0,29.4,16,2,0,1,484.5954383357526,483.6307271748261,0,0,8.928003783814992,1.63470214174834
2024-11-27 16:15:00+05:30,480.9553520873286,30.8,28.5,16,2,0,1,482.3053461423691,480.9919712255947,0,0,8.928003783814992,1.63470214174834
2024-11-27 16:30:00+05:30,479.4903681730692,30.4,28.8,16,2,0,1,480.9553520873286,478.3878729021891,0,0,8.928003783814992,1.63470214174834
2024-11-27 16:45:00+05:30,474.4057468339993,30.1,32.8,16,2,0,1,479.4903681730692,477.28839787817344,0,0,8.928003783814992,1.63470214174834
2024-11-27 17:00:00+05:30,469.0058963145786,29.7,38.1,17,2,0,1,474.4057468339993,474.61286496863096,0,0,9.832269406100862,1.3066312424333932
2024-11-27 17:15:00+05:30,467.2356551572351,28.7,42.3,17,2,0,1,469.0058963145786,471.704960167726,0,0,9.832269406100862,1.3066312424333932
2024-11-27 17:30:00+05:30,465.080205659285,27.7,45.8,17,2,0,1,467.2356551572351,468.05536077252566,0,0,9.832269406100862,1.3066312424333932
2024-11-27 17:45:00+05:30,463.3603205182762,27.0,46.9,17,2,0,1,465.080205659285,467.6949764070009,0,0,9.832269406100862,1.3066312424333932
2024-11-27 18:00:00+05:30,463.6512673645697,26.4,48.7,18,2,0,0,463.3603205182762,468.2636093269679,0,0,10.294210660754121,0.797082883851726
2024-11-27 18:15:00+05:30,459.63846358056793,26.6,50.9,18,2,0,0,463.6512673645697,464.470542150085,0,0,10.294210660754121,0.797082883851726
2024-11-27 18:30:00+05:30,453.2830498594216,26.5,53.5,18,2,0,0,459.63846358056793,455.9014388669585,0,0,10.294210660754121,0.797082883851726
2024-11-27 18:45:00+05:30,445.92767426490656,26.5,54.7,18,2,0,0,453.2830498594216,451.4302865584529,0,0,10.294210660754121,0.797082883851726
2024-11-27 19:00:00+05:30,438.1908745761607,26.2,55.2,19,2,0,0,445.92767426490656,442.3529717260286,0,0,10.813310868605901,0.8196688281600798
2024-11-27 19:15:00+05:30,429.3753682803799,26.1,55.3,19,2,0,0,438.1908745761607,433.33624601764416,0,0,10.813310868605901,0.8196688281600798
2024-11-27 19:30:00+05:30,422.6889665123982,25.8,55.7,19,2,0,0,429.3753682803799,424.753529567426,0,0,10.813310868605901,0.8196688281600798
2024-11-27 19:45:00+05:30,415.101171160571,25.6,56.9,19,2,0,0,422.6889665123982,416.86005108545095,0,0,10.813310868605901,0.8196688281600798
2024-11-27 20:00:00+05:30,407.0125730920244,25.3,58.1,20,2,0,0,415.101171160571,408.4514394299204,0,0,10.193366449690611,0.84334742214611
2024-11-27 20:15:00+05:30,402.0712216490188,24.9,60.2,20,2,0,0,407.0125730920244,401.6444372608888,0,0,10.193366449690611,0.84334742214611
2024-11-27 20:30:00+05:30,393.95763726606094,24.5,61.8,20,2,0,0,402.0712216490188,399.7321879991836,0,0,10.193366449690611,0.84334742214611
2024-11-27 20:45:00+05:30,388.8159815523821,24.3,63.2,20,2,0,0,393.95763726606094,392.37005142002425,0,0,10.193366449690611,0.84334742214611
2024-11-27 21:00:00+05:30,384.7995921626672,23.9,65.2,21,2,0,0,388.8159815523821,386.551753598389,0,0,8.774792195189448,0.7521888831997796
2024-11-27 21:15:00+05:30,381.0918414033391,23.8,66.4,21,2,0,0,384.7995921626672,383.07374195318,0,0,8.774792195189448,0.7521888831997796
2024-11-27 21:30:00+05:30,375.9280667417056,23.6,67.6,21,2,0,0,381.0918414033391,378.2596763510141,0,0,8.774792195189448,0.7521888831997796
2024-11-27 21:45:00+05:30,368.9805039987164,23.3,69.1,21,2,0,0,375.9280667417056,371.0837144879196,0,0,8.774792195189448,0.7521888831997796
2024-11-27 22:00:00+05:30,361.8435491141174,23.1,68.4,22,2,0,0,368.9805039987164,364.7255979620095,0,0,9.389172121610137,0.7252749896297948
2024-11-27 22:15:00+05:30,355.1935208320788,22.9,67.6,22,2,0,0,361.8435491141174,357.89504687638885,0,0,9.389172121610137,0.7252749896297948
2024-11-27 22:30:00+05:30,351.65757165993267,22.9,67.3,22,2,0,0,355.1935208320788,353.440429634365,0,0,9.389172121610137,0.7252749896297948
2024-11-27 22:45:00+05:30,346.33805468194095,22.7,68.7,22,2,0,0,351.65757165993267,346.2952165382103,0,0,9.389172121610137,0.7252749896297948
2024-11-27 23:00:00+05:30,337.20210579904943,22.5,69.3,23,2,0,0,346.33805468194095,337.1403215590956,0,0,10.314981635691288,0.7718909870937027
2024-11-27 23:15:00+05:30,330.34684367959227,22.3,70.0,23,2,0,0,337.20210579904943,331.33798239221693,0,0,10.314981635691288,0.7718909870937027
2024-11-27 23:30:00+05:30,324.287571966231,22.2,70.0,23,2,0,0,330.34684367959227,325.8196582586557,0,0,10.314981635691288,0.7718909870937027
2024-11-27 23:45:00+05:30,317.8846214676567,22.1,69.2,23,2,0,0,324.287571966231,320.5244470122976,0,0,10.314981635691288,0.7718909870937027
2024-11-28 00:00:00+05:30,312.0,22.0,68.9,0,3,0,0,317.8846214676567,315.4074109180858,0,0,10.821030164864855,0.09594533623790569
2024-11-28 00:15:00+05:30,308.0,22.0,67.1,0,3,0,0,312.0,312.1030081225586,0,0,10.821030164864855,0.09594533623790569
2024-11-28 00:30:00+05:30,302.0,22.0,66.1,0,3,0,0,308.0,308.2867933001469,0,0,10.821030164864855,0.09594533623790569
2024-11-28 00:45:00+05:30,299.0,21.9,65.5,0,3,0,0,302.0,302.1961345283137,0,0,10.821030164864855,0.09594533623790569
2024-11-28 01:00:00+05:30,295.0,22.0,64.2,1,3,0,0,299.0,297.6539650625149,0,0,9.728100754378737,-0.03336421712728943
2024-11-28 01:15:00+05:30,293.0,22.0,63.1,1,3,0,0,295.0,295.0676945101666,0,0,9.728100754378737,-0.03336421712728943
2024-11-28 01:30:00+05:30,291.0,21.9,63.3,1,3,0,0,293.0,294.08716196780983,0,0,9.728100754378737,-0.03336421712728943
2024-11-28 01:45:00+05:30,288.0,22.0,62.3,1,3,0,0,291.0,290.8555878344787,0,0,9.728100754378737,-0.03336421712728943
2024-11-28 02:00:00+05:30,284.0,21.7,63.9,2,3,0,0,288.0,287.1274166927794,0,0,8.484637707535343,-0.001367850315744823
2024-11-28 02:15:00+05:30,280.0,21.6,63.4,2,3,0,0,284.0,282.5414992188627,0,0,8.484637707535343,-0.001367850315744823
2024-11-28 02:30:00+05:30,279.0,21.3,64.5,2,3,0,0,280.0,281.0797394535674,0,0,8.484637707535343,-0.001367850315744823
2024-11-28 02:45:00+05:30,278.0,21.1,64.5,2,3,0,0,279.0,277.9722427293855,0,0,8.484637707535343,-0.001367850315744823
2024-11-28 03:00:00+05:30,278.0,21.1,65.4,3,3,0,0,278.0,276.7004031329072,0,0,7.607119538689619,-0.06004878179214801
2024-11-28 03:15:00+05:30,275.0,20.9,66.4,3,3,0,0,278.0,275.3685178809848,0,0,7.607119538689619,-0.06004878179214801
2024-11-28 03:30:00+05:30,272.0,20.8,66.6,3,3,0,0,275.0,275.6286448086726,0,0,7.607119538689619,-0.06004878179214801
2024-11-28 03:45:00+05:30,270.0,20.7,67.6,3,3,0,0,272.0,273.235145983979,0,0,7.607119538689619,-0.06004878179214801
2024-11-28 04:00:00+05:30,270.0,20.6,67.6,4,3,0,0,270.0,272.85241325457423,0,0,6.594267060678064,0.008427398213465498
2024-11-28 04:15:00+05:30,271.0,20.4,68.2,4,3,0,0,270.0,271.41157022389507,0,0,6.594267060678064,0.008427398213465498
2024-11-28 04:30:00+05:30,271.0,20.3,69.0,4,3,0,0,271.0,271.6056912663047,0,0,6.594267060678064,0.008427398213465498
2024-11-28 04:45:00+05:30,273.0,20.3,69.3,4,3,0,0,271.0,272.807365358738,0,0,6.594267060678064,0.008427398213465498
2024-11-28 05:00:00+05:30,276.0,20.2,69.0,5,3,0,0,273.0,274.87832987624904,0,0,5.279257902398529,0.10435750043793113
2024-11-28 05:15:00+05:30,278.0,20.0,69.3,5,3,0,0,276.0,277.3304800652824,0,0,5.279257902398529,0.10435750043793113
2024-11-28 05:30:00+05:30,282.0,20.0,69.6,5,3,0,0,278.0,282.3614272099441,0,0,5.279257902398529,0.10435750043793113
2024-11-28 05:45:00+05:30,286.0,19.7,70.0,5,3,0,0,282.0,290.0122956448825,0,0,5.279257902398529,0.10435750043793113
2024-11-28 06:00:00+05:30,297.0,19.6,70.8,6,3,0,0,286.0,300.1935467721353,0,0,4.311530887041023,0.35531410580184186
2024-11-28 06:15:00+05:30,301.0,19.6,71.6,6,3,0,0,297.0,309.15147892038635,0,0,4.311530887041023,0.35531410580184186
2024-11-28 06:30:00+05:30,310.0,19.5,71.6,6,3,0,0,301.0,315.3749508953068,0,0,4.311530887041023,0.35531410580184186
2024-11-28 06:45:00+05:30,321.0,19.4,72.3,6,3,0,0,310.0,319.80202030443894,0,0,4.311530887041023,0.35531410580184186
2024-11-28 07:00:00+05:30,332.0,19.2,73.5,7,3,0,0,321.0,331.6821741286396,0,0,5.499185953045883,0.4537110737780554
2024-11-28 07:15:00+05:30,342.0,19.2,74.2,7,3,0,0,332.0,342.650753926611,0,0,5.499185953045883,0.4537110737780554
2024-11-28 07:30:00+05:30,353.0,19.5,73.8,7,3,0,0,342.0,357.9211426707226,0,0,5.499185953045883,0.4537110737780554
2024-11-28 07:45:00+05:30,368.0,19.9,73.6,7,3,0,0,353.0,371.0960610868158,0,0,5.499185953045883,0.4537110737780554
2024-11-28 08:00:00+05:30,385.0,20.5,73.5,8,3,0,0,368.0,388.58193922013857,0,0,8.459706391374313,0.5709639278196643
2024-11-28 08:15:00+05:30,401.0,21.0,73.1,8,3,0,0,385.0,403.3025275556517,0,0,8.459706391374313,0.5709639278196643
2024-11-28 08:30:00+05:30,416.0,21.7,70.2,8,3,0,0,401.0,415.65283308983226,0,0,8.459706391374313,0.5709639278196643
2024-11-28 08:45:00+05:30,425.0,22.6,63.8,8,3,0,0,416.0,428.152644771236,0,0,8.459706391374313,0.5709639278196643
2024-11-28 09:00:00+05:30,435.0,23.3,58.4,9,3,0,1,425.0,440.1375907650117,0,0,7.468916508257824,1.776913993434797
2024-11-28 09:15:00+05:30,447.0,24.2,56.0,9,3,0,1,435.0,449.9617862699868,0,0,7.468916508257824,1.776913993434797
2024-11-28 09:30:00+05:30,459.0,24.8,54.9,9,3,0,1,447.0,458.3073385814695,0,0,7.468916508257824,1.776913993434797
2024-11-28 09:45:00+05:30,466.0,25.6,52.7,9,3,0,1,459.0,458.79238272169,0,0,7.468916508257824,1.776913993434797
2024-11-28 10:00:00+05:30,471.0,26.4,48.3,10,3,0,1,466.0,474.5520293426642,0,0,7.176660943313998,1.959443809088301
2024-11-28 10:15:00+05:30,476.0,27.2,45.7,10,3,0,1,471.0,478.8866162974368,0,0,7.176660943313998,1.959443809088301
2024-11-28 10:30:00+05:30,479.0,27.9,43.1,10,3,0,1,476.0,483.0993331123788,0,0,7.176660943313998,1.959443809088301
2024-11-28 10:45:00+05:30,481.0,28.6,43.2,10,3,0,1,479.0,482.0236888345594,0,0,7.176660943313998,1.959443809088301
2024-11-28 11:00:00+05:30,482.0,29.0,41.9,11,3,0,1,481.0,488.5573616286295,0,0,7.922475529678865,1.905498851423404
2024-11-28 11:15:00+05:30,480.0,29.6,37.8,11,3,0,1,482.0,490.7722383074892,0,0,7.922475529678865,1.905498851423404
2024-11-28 11:30:00+05:30,481.0,29.9,35.7,11,3,0,1,480.0,487.4751186129697,0,0,7.922475529678865,1.905498851423404
2024-11-28 11:45:00+05:30,480.0,30.25,31.950000000000003,11,3,0,1,481.0,484.6001890628766,0,0,7.922475529678865,1.905498851423404
2024-11-28 12:00:00+05:30,479.0,30.55,32.2,12,3,0,1,480.0,484.0760296783577,0,0,8.194346391416534,1.8296017411002858
2024-11-28 12:15:00+05:30,474.0,30.75,31.15,12,3,0,1,479.0,483.6668525404385,0,0,8.194346391416534,1.8296017411002858
2024-11-28 12:30:00+05:30,477.0,31.05,30.1,12,3,0,1,474.0,483.6270465683176,0,0,8.194346391416534,1.8296017411002858
2024-11-28 12:45:00+05:30,478.0,31.15,29.5,12,3,0,1,477.0,483.5582484227305,0,0,8.194346391416534,1.8296017411002858
2024-11-28 13:00:00+05:30,475.0,31.4,29.6,13,3,0,1,478.0,481.1243741750145,0,0,7.466115020642604,1.781152913482967
2024-11-28 13:15:00+05:30,473.0,31.45,29.35,13,3,0,1,475.0,476.888940666642,0,0,7.466115020642604,1.781152913482967
2024-11-28 13:30:00+05:30,470.0,31.6,28.5,13,3,0,1,473.0,474.4340937768324,0,0,7.466115020642604,1.781152913482967
2024-11-28 13:45:00+05:30,470.0,31.6,29.8,13,3,0,1,470.0,475.1105492959842,0,0,7.466115020642604,1.781152913482967
2024-11-28 14:00:00+05:30,473.0,31.55,29.6,14,3,0,1,470.0,478.7628218425997,0,0,7.453520252664822,1.8810727851227305
2024-11-28 14:15:00+05:30,474.0,31.6,29.0,14,3,0,1,473.0,482.3970877095049,0,0,7.453520252664822,1.8810727851227305
2024-11-28 14:30:00+05:30,478.0,31.65,28.6,14,3,0,1,474.0,484.21451955338506,0,0,7.453520252664822,1.8810727851227305
2024-11-28 14:45:00+05:30,482.0,31.55,30.0,14,3,0,1,478.0,483.2346225596133,0,0,7.453520252664822,1.8810727851227305
2024-11-28 15:00:00+05:30,482.0,31.55,29.75,15,3,0,1,482.0,482.1324284642114,0,0,7.614608640955644,1.8795749299968296
2024-11-28 15:15:00+05:30,481.0,31.5,29.8,15,3,0,1,482.0,483.5638034000629,0,0,7.614608640955644,1.8795749299968296
2024-11-28 15:30:00+05:30,482.0,31.4,29.85,15,3,0,1,481.0,482.39133857015696,0,0,7.614608640955644,1.8795749299968296
2024-11-28 15:45:00+05:30,480.0,31.4,29.65,15,3,0,1,482.0,484.5954383357526,0,0,7.614608640955644,1.8795749299968296
2024-11-28 16:00:00+05:30,476.0,31.05,30.05,16,3,0,1,480.0,482.3053461423691,0,0,8.928003783814992,1.63470214174834
2024-11-28 16:15:00+05:30,474.0,30.85,30.75,16,3,0,1,476.0,480.9553520873286,0,0,8.928003783814992,1.63470214174834
2024-11-28 16:30:00+05:30,472.0,30.5,31.4,16,3,0,1,474.0,479.4903681730692,0,0,8.928003783814992,1.63470214174834
2024-11-28 16:45:00+05:30,470.0,30.35,32.0,16,3,0,1,472.0,474.4057468339993,0,0,8.928003783814992,1.63470214174834
2024-11-28 17:00:00+05:30,468.0,30.05,32.65,17,3,0,1,470.0,469.0058963145786,0,0,9.832269406100862,1.3066312424333932
2024-11-28 17:15:00+05:30,463.0,29.65,34.35,17,3,0,1,468.0,467.2356551572351,0,0,9.832269406100862,1.3066312424333932
2024-11-28 17:30:00+05:30,456.0,29.200000000000003,36.65,17,3,0,1,463.0,465.080205659285,0,0,9.832269406100862,1.3066312424333932
2024-11-28 17:45:00+05:30,457.0,28.75,38.6,17,3,0,1,456.0,463.3603205182762,0,0,9.832269406100862,1.3066312424333932
2024-11-28 18:00:00+05:30,458.0,28.3,39.7,18,3,0,0,457.0,463.6512673645697,0,0,10.294210660754121,0.797082883851726
2024-11-28 18:15:00+05:30,452.0,27.9,41.6,18,3,0,0,458.0,459.63846358056793,0,0,10.294210660754121,0.797082883851726
2024-11-28 18:30:00+05:30,448.0,27.450000000000003,46.2,18,3,0,0,452.0,453.2830498594216,0,0,10.294210660754121,0.797082883851726
2024-11-28 18:45:00+05:30,441.0,27.15,47.55,18,3,0,0,448.0,445.92767426490656,0,0,10.294210660754121,0.797082883851726
2024-11-28 19:00:00+05:30,434.0,26.9,49.05,19,3,0,0,441.0,438.1908745761607,0,0,10.813310868605901,0.8196688281600798
2024-11-28 19:15:00+05:30,427.0,26.7,50.9,19,3,0,0,434.0,429.3753682803799,0,0,10.813310868605901,0.8196688281600798
2024-11-28 19:30:00+05:30,419.0,26.55,52.25,19,3,0,0,427.0,422.6889665123982,0,0,10.813310868605901,0.8196688281600798
2024-11-28 19:45:00+05:30,412.0,26.4,52.85,19,3,0,0,419.0,415.101171160571,0,0,10.813310868605901,0.8196688281600798
2024-11-28 20:00:00+05:30,404.0,26.2,53.45,20,3,0,0,412.0,407.0125730920244,0,0,10.193366449690611,0.84334742214611
2024-11-28 20:15:00+05:30,395.0,26.1,54.15,20,3,0,0,404.0,402.0712216490188,0,0,10.193366449690611,0.84334742214611
2024-11-28 20:30:00+05:30,391.0,26.0,53.8,20,3,0,0,395.0,393.95763726606094,0,0,10.193366449690611,0.84334742214611
2024-11-28 20:45:00+05:30,386.0,25.85,53.45,20,3,0,0,391.0,388.8159815523821,0,0,10.193366449690611,0.84334742214611
2024-11-28 21:00:00+05:30,379.0,25.75,51.95,21,3,0,0,386.0,384.7995921626672,0,0,8.774792195189448,0.7521888831997796
2024-11-28 21:15:00+05:30,374.0,25.7,50.1,21,3,0,0,379.0,381.0918414033391,0,0,8.774792195189448,0.7521888831997796
2024-11-28 21:30:00+05:30,369.0,25.6,49.05,21,3,0,0,374.0,375.9280667417056,0,0,8.774792195189448,0.7521888831997796
2024-11-28 21:45:00+05:30,362.0,25.45,48.45,21,3,0,0,369.0,368.9805039987164,0,0,8.774792195189448,0.7521888831997796
2024-11-28 22:00:00+05:30,356.0,25.3,48.55,22,3,0,0,362.0,361.8435491141174,0,0,9.389172121610137,0.7252749896297948
2024-11-28 22:15:00+05:30,351.0,25.3,48.55,22,3,0,0,356.0,355.1935208320788,0,0,9.389172121610137,0.7252749896297948
2024-11-28 22:30:00+05:30,350.0,25.1,49.2,22,3,0,0,351.0,351.65757165993267,0,0,9.389172121610137,0.7252749896297948
2024-11-28 22:45:00+05:30,338.0,24.95,49.5,22,3,0,0,350.0,346.33805468194095,0,0,9.389172121610137,0.7252749896297948
2024-11-28 23:00:00+05:30,333.0,24.9,49.5,23,3,0,0,338.0,337.20210579904943,0,0,10.314981635691288,0.7718909870937027
2024-11-28 23:15:00+05:30,325.0,24.85,49.2,23,3,0,0,333.0,330.34684367959227,0,0,10.314981635691288,0.7718909870937027
2024-11-28 23:30:00+05:30,318.0,24.9,48.400000000000006,23,3,0,0,325.0,324.287571966231,0,0,10.314981635691288,0.7718909870937027
2024-11-28 23:45:00+05:30,314.0,24.85,48.4,23,3,0,0,318.0,317.8846214676567,0,0,10.314981635691288,0.7718909870937027
2024-11-29 00:00:00+05:30,308.6553551183997,24.65,49.15,0,4,0,0,314.0,312.0,0,0,10.821030164864855,0.09594533623790569
2024-11-29 00:15:00+05:30,304.4701388882846,24.6,49.1,0,4,0,0,308.6553551183997,308.0,0,0,10.821030164864855,0.09594533623790569
2024-11-29 00:30:00+05:30,300.7089310669864,24.6,48.3,0,4,0,0,304.4701388882846,302.0,0,0,10.821030164864855,0.09594533623790569
2024-11-29 00:45:00+05:30,297.0340098269062,24.55,47.8,0,4,0,0,300.7089310669864,299.0,0,0,10.821030164864855,0.09594533623790569
2024-11-29 01:00:00+05:30,293.26502558650924,24.3,48.55,1,4,0,0,297.0340098269062,295.0,0,0,9.728100754378737,-0.03336421712728943
2024-11-29 01:15:00+05:30,288.60511362192153,24.200000000000003,48.7,1,4,0,0,293.26502558650924,293.0,0,0,9.728100754378737,-0.03336421712728943
2024-11-29 01:30:00+05:30,284.1799326856378,24.1,48.35,1,4,0,0,288.60511362192153,291.0,0,0,9.728100754378737,-0.03336421712728943
2024-11-29 01:45:00+05:30,282.2595424150024,24.05,49.2,1,4,0,0,284.1799326856378,288.0,0,0,9.728100754378737,-0.03336421712728943
2024-11-29 02:00:00+05:30,280.18531410908963,23.95,49.2,2,4,0,0,282.2595424150024,284.0,0,0,8.484637707535343,-0.001367850315744823
2024-11-29 02:15:00+05:30,276.87888973073615,23.85,49.7,2,4,0,0,280.18531410908963,280.0,0,0,8.484637707535343,-0.001367850315744823
2024-11-29 02:30:00+05:30,275.47298191515387,23.75,49.7,2,4,0,0,276.87888973073615,279.0,0,0,8.484637707535343,-0.001367850315744823
2024-11-29 02:45:00+05:30,273.8690332489562,23.6,49.75,2,4,0,0,275.47298191515387,278.0,0,0,8.484637707535343,-0.001367850315744823
2024-11-29 03:00:00+05:30,272.9151322195678,23.5,50.0,3,4,0,0,273.8690332489562,278.0,0,0,7.607119538689619,-0.06004878179214801
2024-11-29 03:15:00+05:30,270.1380118632493,23.35,50.75,3,4,0,0,272.9151322195678,275.0,0,0,7.607119538689619,-0.06004878179214801
2024-11-29 03:30:00+05:30,269.00871414709184,23.3,51.650000000000006,3,4,0,0,270.1380118632493,272.0,0,0,7.607119538689619,-0.06004878179214801
2024-11-29 03:45:00+05:30,267.1456091141961,23.25,50.3,3,4,0,0,269.00871414709184,270.0,0,0,7.607119538689619,-0.06004878179214801
2024-11-29 04:00:00+05:30,265.5299799980449,23.200000000000003,50.7,4,4,0,0,267.1456091141961,270.0,0,0,6.594267060678064,0.008427398213465498
2024-11-29 04:15:00+05:30,266.27257220195355,23.15,50.75,4,4,0,0,265.5299799980449,271.0,0,0,6.594267060678064,0.008427398213465498
2024-11-29 04:30:00+05:30,265.5487715217517,23.05,51.5,4,4,0,0,266.27257220195355,271.0,0,0,6.594267060678064,0.008427398213465498
2024-11-29 04:45:00+05:30,267.99695401549405,22.9,52.25,4,4,0,0,265.5487715217517,273.0,0,0,6.594267060678064,0.008427398213465498
2024-11-29 05:00:00+05:30,270.8204850916868,22.75,52.8,5,4,0,0,267.99695401549405,276.0,0,0,5.279257902398529,0.10435750043793113
2024-11-29 05:15:00+05:30,272.7671145558965,22.700000000000003,53.25,5,4,0,0,270.8204850916868,278.0,0,0,5.279257902398529,0.10435750043793113
2024-11-29 05:30:00+05:30,278.07686097117124,22.6,55.45,5,4,0,0,272.7671145558965,282.0,0,0,5.279257902398529,0.10435750043793113
2024-11-29 05:45:00+05:30,284.85766167108545,22.4,55.8,5,4,0,0,278.07686097117124,286.0,0,0,5.279257902398529,0.10435750043793113
2024-11-29 06:00:00+05:30,293.3956769819421,22.25,56.25,6,4,0,0,284.85766167108545,297.0,0,0,4.311530887041023,0.35531410580184186
2024-11-29 06:15:00+05:30,300.3196828870165,22.2,57.0,6,4,0,0,293.3956769819421,301.0,0,0,4.311530887041023,0.35531410580184186
2024-11-29 06:30:00+05:30,309.0688544676818,21.9,61.35,6,4,0,0,300.3196828870165,310.0,0,0,4.311530887041023,0.35531410580184186
2024-11-29 06:45:00+05:30,318.2134190995967,22.0,58.35,6,4,0,0,309.0688544676818,321.0,0,0,4.311530887041023,0.35531410580184186
2024-11-29 07:00:00+05:30,327.03572244948646,22.0,58.3,7,4,0,0,318.2134190995967,332.0,0,0,5.499185953045883,0.4537110737780554
2024-11-29 07:15:00+05:30,336.3457574347698,22.05,59.95,7,4,0,0,327.03572244948646,342.0,0,0,5.499185953045883,0.4537110737780554
2024-11-29 07:30:00+05:30,349.5024380915714,21.950000000000003,62.55,7,4,0,0,336.3457574347698,353.0,0,0,5.499185953045883,0.4537110737780554
2024-11-29 07:45:00+05:30,360.9386930637507,22.200000000000003,59.05,7,4,0,0,349.5024380915714,368.0,0,0,5.499185953045883,0.4537110737780554
2024-11-29 08:00:00+05:30,383.08956875241694,22.5,57.75,8,4,0,0,360.9386930637507,385.0,0,0,8.459706391374313,0.5709639278196643
2024-11-29 08:15:00+05:30,396.7232567181515,22.8,59.1,8,4,0,0,383.08956875241694,401.0,0,0,8.459706391374313,0.5709639278196643
2024-11-29 08:30:00+05:30,409.85627946573055,23.4,56.85,8,4,0,0,396.7232567181515,416.0,0,0,8.459706391374313,0.5709639278196643
2024-11-29 08:45:00+05:30,420.4037740725838,24.0,55.1,8,4,0,0,409.85627946573055,425.0,0,0,8.459706391374313,0.5709639278196643
2024-11-29 09:00:00+05:30,430.660362259092,24.65,51.55,9,4,0,1,420.4037740725838,435.0,0,0,7.468916508257824,1.776913993434797
2024-11-29 09:15:00+05:30,441.1864301842582,25.1,49.3,9,4,0,1,430.660362259092,447.0,0,0,7.468916508257824,1.776913993434797
2024-11-29 09:30:00+05:30,450.9425461819524,25.6,46.1,9,4,0,1,441.1864301842582,459.0,0,0,7.468916508257824,1.776913993434797
2024-11-29 09:45:00+05:30,460.0346500258015,26.2,44.3,9,4,0,1,450.9425461819524,466.0,0,0,7.468916508257824,1.776913993434797
2024-11-29 10:00:00+05:30,465.4867954267487,26.7,42.0,10,4,0,1,460.0346500258015,471.0,0,0,7.176660943313998,1.959443809088301
2024-11-29 10:15:00+05:30,469.40236339038233,27.35,40.75,10,4,0,1,465.4867954267487,476.0,0,0,7.176660943313998,1.959443809088301
2024-11-29 10:30:00+05:30,471.7561762198552,27.95,39.2,10,4,0,1,469.40236339038233,479.0,0,0,7.176660943313998,1.959443809088301
2024-11-29 10:45:00+05:30,473.5987472434721,28.35,35.9,10,4,0,1,471.7561762198552,481.0,0,0,7.176660943313998,1.959443809088301
2024-11-29 11:00:00+05:30,475.0479921539998,28.85,35.45,11,4,0,1,473.5987472434721,482.0,0,0,7.922475529678865,1.905498851423404
2024-11-29 11:15:00+05:30,475.4241861007891,29.1,33.9,11,4,0,1,475.0479921539998,480.0,0,0,7.922475529678865,1.905498851423404
2024-11-29 11:30:00+05:30,474.1179761610662,29.35,33.45,11,4,0,1,475.4241861007891,481.0,0,0,7.922475529678865,1.905498851423404
2024-11-29 11:45:00+05:30,472.6269814974378,29.65,32.6,11,4,0,1,474.1179761610662,480.0,0,0,7.922475529678865,1.905498851423404
2024-11-29 12:00:00+05:30,472.16907631851126,30.0,31.6,12,4,0,1,472.6269814974378,479.0,0,0,8.194346391416534,1.8296017411002858
2024-11-29 12:15:00+05:30,472.232322490388,30.200000000000003,30.55,12,4,0,1,472.16907631851126,474.0,0,0,8.194346391416534,1.8296017411002858
2024-11-29 12:30:00+05:30,472.6710634640368,30.5,29.95,12,4,0,1,472.232322490388,477.0,0,0,8.194346391416534,1.8296017411002858
2024-11-29 12:45:00+05:30,471.8380538659226,30.5,29.2,12,4,0,1,472.6710634640368,478.0,0,0,8.194346391416534,1.8296017411002858
2024-11-29 13:00:00+05:30,467.7280308056162,30.65,27.8,13,4,0,1,471.8380538659226,475.0,0,0,7.466115020642604,1.781152913482967
2024-11-29 13:15:00+05:30,464.2363319411016,30.65,28.35,13,4,0,1,467.7280308056162,473.0,0,0,7.466115020642604,1.781152913482967
2024-11-29 13:30:00+05:30,461.75225142360193,30.75,27.35,13,4,0,1,464.2363319411016,470.0,0,0,7.466115020642604,1.781152913482967
2024-11-29 13:45:00+05:30,463.1248623825658,31.0,27.950000000000003,13,4,0,1,461.75225142360193,470.0,0,0,7.466115020642604,1.781152913482967
2024-11-29 14:00:00+05:30,464.6525675022118,30.95,27.15,14,4,0,1,463.1248623825658,473.0,0,0,7.453520252664822,1.8810727851227305
2024-11-29 14:15:00+05:30,466.8963128377732,30.950000000000003,26.8,14,4,0,1,464.6525675022118,474.0,0,0,7.453520252664822,1.8810727851227305
2024-11-29 14:30:00+05:30,466.66433712974816,31.0,27.2,14,4,0,1,466.8963128377732,478.0,0,0,7.453520252664822,1.8810727851227305
2024-11-29 14:45:00+05:30,467.65843557676345,31.05,27.8,14,4,0,1,466.66433712974816,482.0,0,0,7.453520252664822,1.8810727851227305
2024-11-29 15:00:00+05:30,467.7033392920984,30.9,26.55,15,4,0,1,467.65843557676345,482.0,0,0,7.614608640955644,1.8795749299968296
2024-11-29 15:15:00+05:30,469.497549427391,30.85,26.950000000000003,15,4,0,1,467.7033392920984,481.0,0,0,7.614608640955644,1.8795749299968296
2024-11-29 15:30:00+05:30,470.26668750707154,30.8,27.1,15,4,0,1,469.497549427391,482.0,0,0,7.614608640955644,1.8795749299968296
2024-11-29 15:45:00+05:30,469.051682166809,30.8,27.15,15,4,0,1,470.26668750707154,480.0,0,0,7.614608640955644,1.8795749299968296
2024-11-29 16:00:00+05:30,468.32918805647824,30.450000000000003,28.5,16,4,0,1,469.051682166809,476.0,0,0,8.928003783814992,1.63470214174834
2024-11-29 16:15:00+05:30,464.3539614460388,30.15,28.7,16,4,0,1,468.32918805647824,474.0,0,0,8.928003783814992,1.63470214174834
2024-11-29 16:30:00+05:30,465.2672006059355,30.0,28.8,16,4,0,1,464.3539614460388,472.0,0,0,8.928003783814992,1.63470214174834
2024-11-29 16:45:00+05:30,464.0597605896208,29.700000000000003,34.05,16,4,0,1,465.2672006059355,470.0,0,0,8.928003783814992,1.63470214174834
2024-11-29 17:00:00+05:30,459.84719101555936,29.25,36.15,17,4,0,1,464.0597605896208,468.0,0,0,9.832269406100862,1.3066312424333932
2024-11-29 17:15:00+05:30,457.3804586409007,28.65,37.75,17,4,0,1,459.84719101555936,463.0,0,0,9.832269406100862,1.3066312424333932
2024-11-29 17:30:00+05:30,453.5286932043512,28.15,40.75,17,4,0,1,457.3804586409007,456.0,0,0,9.832269406100862,1.3066312424333932
2024-11-29 17:45:00+05:30,451.4506716477346,27.8,42.5,17,4,0,1,453.5286932043512,457.0,0,0,9.832269406100862,1.3066312424333932
2024-11-29 18:00:00+05:30,453.6824467235165,27.75,44.15,18,4,0,0,451.4506716477346,458.0,0,0,10.294210660754121,0.797082883851726
2024-11-29 18:15:00+05:30,450.8527220284864,27.65,46.6,18,4,0,0,453.6824467235165,452.0,0,0,10.294210660754121,0.797082883851726
2024-11-29 18:30:00+05:30,442.1165556089205,27.4,48.8,18,4,0,0,450.8527220284864,448.0,0,0,10.294210660754121,0.797082883851726
2024-11-29 18:45:00+05:30,436.0661164421256,27.2,49.8,18,4,0,0,442.1165556089205,441.0,0,0,10.294210660754121,0.797082883851726
2024-11-29 19:00:00+05:30,429.3693681613293,27.0,50.9,19,4,0,0,436.0661164421256,434.0,0,0,10.813310868605901,0.8196688281600798
2024-11-29 19:15:00+05:30,420.4692429792849,26.85,51.3,19,4,0,0,429.3693681613293,427.0,0,0,10.813310868605901,0.8196688281600798
2024-11-29 19:30:00+05:30,414.01570748955305,26.7,51.7,19,4,0,0,420.4692429792849,419.0,0,0,10.813310868605901,0.8196688281600798
2024-11-29 19:45:00+05:30,406.9427233772717,26.5,52.3,19,4,0,0,414.01570748955305,412.0,0,0,10.813310868605901,0.8196688281600798
2024-11-29 20:00:00+05:30,398.93411775199127,26.3,53.2,20,4,0,0,406.9427233772717,404.0,0,0,10.193366449690611,0.84334742214611
2024-11-29 20:15:00+05:30,391.7533701812559,26.15,54.3,20,4,0,0,398.93411775199127,395.0,0,0,10.193366449690611,0.84334742214611
2024-11-29 20:30:00+05:30,386.46629818680935,25.85,56.05,20,4,0,0,391.7533701812559,391.0,0,0,10.193366449690611,0.84334742214611
2024-11-29 20:45:00+05:30,382.3417983086267,25.6,57.4,20,4,0,0,386.46629818680935,386.0,0,0,10.193366449690611,0.84334742214611
2024-11-29 21:00:00+05:30,376.0986421122149,25.35,58.45,21,4,0,0,382.3417983086267,379.0,0,0,8.774792195189448,0.7521888831997796
2024-11-29 21:15:00+05:30,371.5760001398539,25.200000000000003,59.1,21,4,0,0,376.0986421122149,374.0,0,0,8.774792195189448,0.7521888831997796
2024-11-29 21:30:00+05:30,365.31869727076975,25.1,58.95,21,4,0,0,371.5760001398539,369.0,0,0,8.774792195189448,0.7521888831997796
2024-11-29 21:45:00+05:30,361.44189104493057,24.9,59.5,21,4,0,0,365.31869727076975,362.0,0,0,8.774792195189448,0.7521888831997796
2024-11-29 22:00:00+05:30,355.28316218599,24.75,60.05,22,4,0,0,361.44189104493057,356.0,0,0,9.389172121610137,0.7252749896297948
2024-11-29 22:15:00+05:30,350.0489888677008,24.6,60.15,22,4,0,0,355.28316218599,351.0,0,0,9.389172121610137,0.7252749896297948
2024-11-29 22:30:00+05:30,344.471142411033,24.55,59.15,22,4,0,0,350.0489888677008,350.0,0,0,9.389172121610137,0.7252749896297948
2024-11-29 22:45:00+05:30,337.7274705341408,24.5,58.400000000000006,22,4,0,0,344.471142411033,338.0,0,0,9.389172121610137,0.7252749896297948
2024-11-29 23:00:00+05:30,327.86585697410067,24.4,57.650000000000006,23,4,0,0,337.7274705341408,333.0,0,0,10.314981635691288,0.7718909870937027
2024-11-29 23:15:00+05:30,321.47499588432066,24.35,56.8,23,4,0,0,327.86585697410067,325.0,0,0,10.314981635691288,0.7718909870937027
2024-11-29 23:30:00+05:30,316.8475126759554,24.25,55.45,23,4,0,0,321.47499588432066,318.0,0,0,10.314981635691288,0.7718909870937027
2024-11-29 23:45:00+05:30,311.7392432889992,24.15,55.65,23,4,0,0,316.8475126759554,314.0,0,0,10.314981635691288,0.7718909870937027
2024-11-30 00:00:00+05:30,307.4904329474519,23.85,55.3,0,5,1,0,311.7392432889992,308.6553551183997,0,0,10.896953436007536,0.1345953376447433
2024-11-30 00:15:00+05:30,302.54625362384576,23.75,53.3,0,5,1,0,307.4904329474519,304.4701388882846,0,0,10.896953436007536,0.1345953376447433
2024-11-30 00:30:00+05:30,298.692218789634,23.8,51.2,0,5,1,0,302.54625362384576,300.7089310669864,0,0,10.896953436007536,0.1345953376447433
2024-11-30 00:45:00+05:30,294.15191652692016,23.8,51.4,0,5,1,0,298.692218789634,297.0340098269062,0,0,10.896953436007536,0.1345953376447433
2024-11-30 01:00:00+05:30,290.0863561701523,23.7,50.75,1,5,1,0,294.15191652692016,293.26502558650924,0,0,10.285432132312645,0.009994036151057983
2024-11-30 01:15:00+05:30,286.8220135722448,23.7,50.05,1,5,1,0,290.0863561701523,288.60511362192153,0,0,10.285432132312645,0.009994036151057983
2024-11-30 01:30:00+05:30,283.7320600031064,23.65,49.3,1,5,1,0,286.8220135722448,284.1799326856378,0,0,10.285432132312645,0.009994036151057983
2024-11-30 01:45:00+05:30,280.74941867876595,23.55,50.15,1,5,1,0,283.7320600031064,282.2595424150024,0,0,10.285432132312645,0.009994036151057983
2024-11-30 02:00:00+05:30,277.74684830132514,23.5,49.55,2,5,1,0,280.74941867876595,280.18531410908963,0,0,8.736502644041135,0.08088823844590087
2024-11-30 02:15:00+05:30,274.02192446829423,23.45,48.75,2,5,1,0,277.74684830132514,276.87888973073615,0,0,8.736502644041135,0.08088823844590087
2024-11-30 02:30:00+05:30,272.4568510005409,23.3,48.8,2,5,1,0,274.02192446829423,275.47298191515387,0,0,8.736502644041135,0.08088823844590087
2024-11-30 02:45:00+05:30,271.3504927147828,23.2,49.2,2,5,1,0,272.4568510005409,273.8690332489562,0,0,8.736502644041135,0.08088823844590087
2024-11-30 03:00:00+05:30,270.5401023217686,23.1,49.6,3,5,1,0,271.3504927147828,272.9151322195678,0,0,7.126510250531449,0.1378926843170436
2024-11-30 03:15:00+05:30,267.47135991601806,23.05,50.15,3,5,1,0,270.5401023217686,270.1380118632493,0,0,7.126510250531449,0.1378926843170436
2024-11-30 03:30:00+05:30,265.74196205169466,22.95,50.1,3,5,1,0,267.47135991601806,269.00871414709184,0,0,7.126510250531449,0.1378926843170436
2024-11-30 03:45:00+05:30,264.1553272864464,22.85,50.55,3,5,1,0,265.74196205169466,267.1456091141961,0,0,7.126510250531449,0.1378926843170436
2024-11-30 04:00:00+05:30,263.01304005666134,22.8,50.6,4,5,1,0,264.1553272864464,265.5299799980449,0,0,6.23322848066284,0.18455475868972093
2024-11-30 04:15:00+05:30,262.08631116246266,22.65,50.75,4,5,1,0,263.01304005666134,266.27257220195355,0,0,6.23322848066284,0.18455475868972093
2024-11-30 04:30:00+05:30,261.11139744640366,22.55,51.25,4,5,1,0,262.08631116246266,265.5487715217517,0,0,6.23322848066284,0.18455475868972093
2024-11-30 04:45:00+05:30,261.23942853758683,22.55,51.4,4,5,1,0,261.11139744640366,267.99695401549405,0,0,6.23322848066284,0.18455475868972093
2024-11-30 05:00:00+05:30,264.9653599722557,22.35,53.85,5,5,1,0,261.23942853758683,270.8204850916868,0,0,5.500681652090653,0.1603770500768218
2024-11-30 05:15:00+05:30,264.8730424225772,22.05,57.35,5,5,1,0,264.9653599722557,272.7671145558965,0,0,5.500681652090653,0.1603770500768218
2024-11-30 05:30:00+05:30,267.9029737057866,21.75,57.75,5,5,1,0,264.8730424225772,278.07686097117124,0,0,5.500681652090653,0.1603770500768218
2024-11-30 05:45:00+05:30,270.3492285997452,21.75,58.3,5,5,1,0,267.9029737057866,284.85766167108545,0,0,5.500681652090653,0.1603770500768218
2024-11-30 06:00:00+05:30,275.9736957941242,21.45,60.3,6,5,1,0,270.3492285997452,293.3956769819421,0,0,4.292541893350264,0.24201345767070326
2024-11-30 06:15:00+05:30,280.1585179986265,21.4,60.6,6,5,1,0,275.9736957941242,300.3196828870165,0,0,4.292541893350264,0.24201345767070326
2024-11-30 06:30:00+05:30,286.40051648877386,21.2,60.25,6,5,1,0,280.1585179986265,309.0688544676818,0,0,4.292541893350264,0.24201345767070326
2024-11-30 06:45:00+05:30,289.4702181592201,21.0,60.6,6,5,1,0,286.40051648877386,318.2134190995967,0,0,4.292541893350264,0.24201345767070326
2024-11-30 07:00:00+05:30,295.11115431750125,21.05,60.2,7,5,1,0,289.4702181592201,327.03572244948646,0,0,3.389368785503099,0.4330498027050318
2024-11-30 07:15:00+05:30,302.23870144257563,21.0,60.75,7,5,1,0,295.11115431750125,336.3457574347698,0,0,3.389368785503099,0.4330498027050318
2024-11-30 07:30:00+05:30,309.780851398948,21.15,61.85,7,5,1,0,302.23870144257563,349.5024380915714,0,0,3.389368785503099,0.4330498027050318
2024-11-30 07:45:00+05:30,316.72326571646056,21.4,61.0,7,5,1,0,309.780851398948,360.9386930637507,0,0,3.389368785503099,0.4330498027050318
2024-11-30 08:00:00+05:30,329.8841813869195,21.9,58.25,8,5,1,0,316.72326571646056,383.08956875241694,0,0,4.0779365174337965,0.3948123018181323
2024-11-30 08:15:00+05:30,341.3672854249587,22.5,58.5,8,5,1,0,329.8841813869195,396.7232567181515,0,0,4.0779365174337965,0.3948123018181323
2024-11-30 08:30:00+05:30,350.513227579742,23.1,53.95,8,5,1,0,341.3672854249587,409.85627946573055,0,0,4.0779365174337965,0.3948123018181323
2024-11-30 08:45:00+05:30,359.87160128458333,23.7,50.95,8,5,1,0,350.513227579742,420.4037740725838,0,0,4.0779365174337965,0.3948123018181323
2024-11-30 09:00:00+05:30,369.5425702949392,24.05,47.95,9,5,1,1,359.87160128458333,430.660362259092,0,0,3.4471376100258504,0.6884128340080709
2024-11-30 09:15:00+05:30,379.404263007057,24.6,46.75,9,5,1,1,369.5425702949392,441.1864301842582,0,0,3.4471376100258504,0.6884128340080709
2024-11-30 09:30:00+05:30,389.2721432555175,25.15,45.0,9,5,1,1,379.404263007057,450.9425461819524,0,0,3.4471376100258504,0.6884128340080709
2024-11-30 09:45:00+05:30,395.3431029524209,25.85,43.9,9,5,1,1,389.2721432555175,460.0346500258015,0,0,3.4471376100258504,0.6884128340080709
2024-11-30 10:00:00+05:30,403.2460625078774,26.25,43.05,10,5,1,1,395.3431029524209,465.4867954267487,0,0,2.0612993378596327,1.1028429520822007
2024-11-30 10:15:00+05:30,409.46365725487857,26.9,41.55,10,5,1,1,403.2460625078774,469.40236339038233,0,0,2.0612993378596327,1.1028429520822007
2024-11-30 10:30:00+05:30,413.6819619316095,27.45,40.3,10,5,1,1,409.46365725487857,471.7561762198552,0,0,2.0612993378596327,1.1028429520822007
2024-11-30 10:45:00+05:30,414.7831417845261,27.9,38.6,10,5,1,1,413.6819619316095,473.5987472434721,0,0,2.0612993378596327,1.1028429520822007
2024-11-30 11:00:00+05:30,416.8894841223065,28.55,37.15,11,5,1,1,414.7831417845261,475.0479921539998,0,0,1.0206730550620675,1.0847728983406804
2024-11-30 11:15:00+05:30,417.3057595183555,28.9,36.15,11,5,1,1,416.8894841223065,475.4241861007891,0,0,1.0206730550620675,1.0847728983406804
2024-11-30 11:30:00+05:30,416.8543581115785,29.3,35.45,11,5,1,1,417.3057595183555,474.1179761610662,0,0,1.0206730550620675,1.0847728983406804
2024-11-30 11:45:00+05:30,416.0961906743096,29.6,34.45,11,5,1,1,416.8543581115785,472.6269814974378,0,0,1.0206730550620675,1.0847728983406804
2024-11-30 12:00:00+05:30,414.2751233260192,29.85,33.45,12,5,1,1,416.0961906743096,472.16907631851126,0,0,2.2746353347992057,0.9203932179843796
2024-11-30 12:15:00+05:30,414.4763310994437,30.1,32.95,12,5,1,1,414.2751233260192,472.232322490388,0,0,2.2746353347992057,0.9203932179843796
2024-11-30 12:30:00+05:30,417.8307549283797,30.45,32.1,12,5,1,1,414.4763310994437,472.6710634640368,0,0,2.2746353347992057,0.9203932179843796
2024-11-30 12:45:00+05:30,415.49724565550616,30.6,31.5,12,5,1,1,417.8307549283797,471.8380538659226,0,0,2.2746353347992057,0.9203932179843796
2024-11-30 13:00:00+05:30,411.60472814429454,30.65,30.85,13,5,1,1,415.49724565550616,467.7280308056162,0,0,4.660065875273532,1.0809034534407196
2024-11-30 13:15:00+05:30,409.1706761593843,30.85,30.45,13,5,1,1,411.60472814429454,464.2363319411016,0,0,4.660065875273532,1.0809034534407196
2024-11-30 13:30:00+05:30,407.6273459618639,30.85,29.95,13,5,1,1,409.1706761593843,461.75225142360193,0,0,4.660065875273532,1.0809034534407196
2024-11-30 13:45:00+05:30,407.2941480923073,31.05,30.95,13,5,1,1,407.6273459618639,463.1248623825658,0,0,4.660065875273532,1.0809034534407196
2024-11-30 14:00:00+05:30,408.1757567461394,31.0,30.55,14,5,1,1,407.2941480923073,464.6525675022118,0,0,7.680734244182991,1.6326746678879722
2024-11-30 14:15:00+05:30,411.7117951448396,31.1,32.0,14,5,1,1,408.1757567461394,466.8963128377732,0,0,7.680734244182991,1.6326746678879722
2024-11-30 14:30:00+05:30,411.5647138374901,31.05,33.9,14,5,1,1,411.7117951448396,466.66433712974816,0,0,7.680734244182991,1.6326746678879722
2024-11-30 14:45:00+05:30,411.7112290661147,31.0,35.35,14,5,1,1,411.5647138374901,467.65843557676345,0,0,7.680734244182991,1.6326746678879722
2024-11-30 15:00:00+05:30,411.8689930843455,30.8,36.1,15,5,1,1,411.7112290661147,467.7033392920984,0,0,8.262340089610356,1.5156550631020618
2024-11-30 15:15:00+05:30,408.9219973627576,30.5,36.85,15,5,1,1,411.8689930843455,469.497549427391,0,0,8.262340089610356,1.5156550631020618
2024-11-30 15:30:00+05:30,409.4174438828514,30.4,37.45,15,5,1,1,408.9219973627576,470.26668750707154,0,0,8.262340089610356,1.5156550631020618
2024-11-30 15:45:00+05:30,408.90407468749305,29.95,38.75,15,5,1,1,409.4174438828514,469.051682166809,0,0,8.262340089610356,1.5156550631020618
2024-11-30 16:00:00+05:30,407.748628417346,29.6,42.8,16,5,1,1,408.90407468749305,468.32918805647824,0,0,9.1910272937323,1.2057017392589264
2024-11-30 16:15:00+05:30,405.36014237263424,29.2,46.6,16,5,1,1,407.748628417346,464.3539614460388,0,0,9.1910272937323,1.2057017392589264
2024-11-30 16:30:00+05:30,404.01295503244427,28.95,48.5,16,5,1,1,405.36014237263424,465.2672006059355,0,0,9.1910272937323,1.2057017392589264
2024-11-30 16:45:00+05:30,402.2319606063498,28.65,48.6,16,5,1,1,404.01295503244427,464.0597605896208,0,0,9.1910272937323,1.2057017392589264
2024-11-30 17:00:00+05:30,403.9577835704656,28.25,49.65,17,5,1,1,402.2319606063498,459.84719101555936,0,0,7.663749198615025,0.7535027628526391
2024-11-30 17:15:00+05:30,402.4564847319505,27.95,50.6,17,5,1,1,403.9577835704656,457.3804586409007,0,0,7.663749198615025,0.7535027628526391
2024-11-30 17:30:00+05:30,402.0209075076921,27.55,52.3,17,5,1,1,402.4564847319505,453.5286932043512,0,0,7.663749198615025,0.7535027628526391
2024-11-30 17:45:00+05:30,403.095491524822,27.25,53.65,17,5,1,1,402.0209075076921,451.4506716477346,0,0,7.663749198615025,0.7535027628526391
2024-11-30 18:00:00+05:30,404.3810203660992,27.0,54.6,18,5,1,0,403.095491524822,453.6824467235165,0,0,4.758521579225232,0.5398490611436548
2024-11-30 18:15:00+05:30,403.0766068002317,26.85,53.7,18,5,1,0,404.3810203660992,450.8527220284864,0,0,4.758521579225232,0.5398490611436548
2024-11-30 18:30:00+05:30,399.24043225013367,26.75,52.55,18,5,1,0,403.0766068002317,442.1165556089205,0,0,4.758521579225232,0.5398490611436548
2024-11-30 18:45:00+05:30,395.6721960449681,26.45,53.15,18,5,1,0,399.24043225013367,436.0661164421256,0,0,4.758521579225232,0.5398490611436548
2024-11-30 19:00:00+05:30,390.9900739973555,26.25,53.45,19,5,1,0,395.6721960449681,429.3693681613293,0,0,7.271858284480242,0.7964522305047017
2024-11-30 19:15:00+05:30,385.9243227893337,26.1,53.5,19,5,1,0,390.9900739973555,420.4692429792849,0,0,7.271858284480242,0.7964522305047017
2024-11-30 19:30:00+05:30,381.1951573571262,25.85,54.85,19,5,1,0,385.9243227893337,414.01570748955305,0,0,7.271858284480242,0.7964522305047017
2024-11-30 19:45:00+05:30,375.8834739079003,25.65,55.85,19,5,1,0,381.1951573571262,406.9427233772717,0,0,7.271858284480242,0.7964522305047017
2024-11-30 20:00:00+05:30,370.6393792206586,25.4,56.8,20,5,1,0,375.8834739079003,398.93411775199127,0,0,7.4682959677178244,0.7083492559456792
2024-11-30 20:15:00+05:30,368.2586677793648,25.25,58.65,20,5,1,0,370.6393792206586,391.7533701812559,0,0,7.4682959677178244,0.7083492559456792
2024-11-30 20:30:00+05:30,364.1169468888619,25.15,59.25,20,5,1,0,368.2586677793648,386.46629818680935,0,0,7.4682959677178244,0.7083492559456792
2024-11-30 20:45:00+05:30,360.685901637475,25.0,59.95,20,5,1,0,364.1169468888619,382.3417983086267,0,0,7.4682959677178244,0.7083492559456792
2024-11-30 21:00:00+05:30,354.76420628049414,24.85,60.5,21,5,1,0,360.685901637475,376.0986421122149,0,0,8.047314004755947,0.6135525127194714
2024-11-30 21:15:00+05:30,352.69792809346035,24.8,61.25,21,5,1,0,354.76420628049414,371.5760001398539,0,0,8.047314004755947,0.6135525127194714
2024-11-30 21:30:00+05:30,349.20243798022926,24.5,62.3,21,5,1,0,352.69792809346035,365.31869727076975,0,0,8.047314004755947,0.6135525127194714
2024-11-30 21:45:00+05:30,347.2962804851164,24.45,62.9,21,5,1,0,349.20243798022926,361.44189104493057,0,0,8.047314004755947,0.6135525127194714
2024-11-30 22:00:00+05:30,341.41330788734945,24.3,63.6,22,5,1,0,347.2962804851164,355.28316218599,0,0,9.377234470070356,0.6680040964316557
2024-11-30 22:15:00+05:30,335.72597215271577,24.2,64.0,22,5,1,0,341.41330788734945,350.0489888677008,0,0,9.377234470070356,0.6680040964316557
2024-11-30 22:30:00+05:30,330.65309021495585,24.1,64.9,22,5,1,0,335.72597215271577,344.471142411033,0,0,9.377234470070356,0.6680040964316557
2024-11-30 22:45:00+05:30,324.46848207370584,23.9,65.9,22,5,1,0,330.65309021495585,337.7274705341408,0,0,9.377234470070356,0.6680040964316557
2024-11-30 23:00:00+05:30,316.44693048426615,23.95,65.85,23,5,1,0,324.46848207370584,327.86585697410067,0,0,10.615258834542416,0.8386761945526492
2024-11-30 23:15:00+05:30,309.46252490360905,23.95,64.75,23,5,1,0,316.44693048426615,321.47499588432066,0,0,10.615258834542416,0.8386761945526492
2024-11-30 23:30:00+05:30,306.7730900706636,23.85,65.25,23,5,1,0,309.46252490360905,316.8475126759554,0,0,10.615258834542416,0.8386761945526492
2024-11-30 23:45:00+05:30,304.1562511037289,23.8,65.55,23,5,1,0,306.7730900706636,311.7392432889992,0,0,10.615258834542416,0.8386761945526492
