datetime,wdLoad,temp,rh,hour,day_of_week,weekend,office_hours,lag_load_15min,lag_load_prev_day,holiday,festival
2025-03-01 00:00:00+05:30,370.8148269159094,28.275,56.15,0,5,1,0,374.7889834879334,373.1155928798537,0,0
2025-03-01 00:15:00+05:30,366.62468243474353,28.225,57.175,0,5,1,0,370.8148269159094,368.0164378910978,0,0
2025-03-01 00:30:00+05:30,362.46191686789217,27.925,60.650000000000006,0,5,1,0,366.62468243474353,363.44752261899447,0,0
2025-03-01 00:45:00+05:30,357.7800501815103,27.75,62.89999999999999,0,5,1,0,362.46191686789217,359.88894434750387,0,0
2025-03-01 01:00:00+05:30,352.5498023060195,27.65,64.35,1,5,1,0,357.7800501815103,357.9777884299003,0,0
2025-03-01 01:15:00+05:30,348.8968438671699,27.675000000000004,64.0125,1,5,1,0,352.5498023060195,351.93959225861494,0,0
2025-03-01 01:30:00+05:30,344.75458730435054,27.675,63.84375,1,5,1,0,348.8968438671699,346.2216949159301,0,0
2025-03-01 01:45:00+05:30,340.46459069801045,27.725,63.675,1,5,1,0,344.75458730435054,341.98256496251344,0,0
2025-03-01 02:00:00+05:30,335.8658389514692,27.800000000000004,61.5,2,5,1,0,340.46459069801045,338.74019106695664,0,0
2025-03-01 02:15:00+05:30,334.00302586462584,27.825000000000003,60.625,2,5,1,0,335.8658389514692,333.2862615429226,0,0
2025-03-01 02:30:00+05:30,330.993111025662,27.825000000000003,58.85,2,5,1,0,334.00302586462584,329.7169628482465,0,0
2025-03-01 02:45:00+05:30,327.4391288964736,27.675,58.7,2,5,1,0,330.993111025662,325.8905798991978,0,0
2025-03-01 03:00:00+05:30,324.8673659825623,27.55,58.425,3,5,1,0,327.4391288964736,322.9926278134615,0,0
2025-03-01 03:15:00+05:30,320.0825311441581,27.475,57.650000000000006,3,5,1,0,324.8673659825623,320.98144312434044,0,0
2025-03-01 03:30:00+05:30,316.3981562686645,27.4,56.45,3,5,1,0,320.0825311441581,318.6741294894779,0,0
2025-03-01 03:45:00+05:30,314.86336913274585,27.35,55.225,3,5,1,0,316.3981562686645,315.4554107006702,0,0
2025-03-01 04:00:00+05:30,311.2243707260667,27.3,54.2,4,5,1,0,314.86336913274585,314.21511266493786,0,0
2025-03-01 04:15:00+05:30,310.8107157784301,27.275,53.575,4,5,1,0,311.2243707260667,313.76549401261934,0,0
2025-03-01 04:30:00+05:30,309.1047695829199,27.1,53.425,4,5,1,0,310.8107157784301,312.4228424233546,0,0
2025-03-01 04:45:00+05:30,309.4474786692398,27.05,52.825,4,5,1,0,309.1047695829199,312.14419336841894,0,0
2025-03-01 05:00:00+05:30,309.8020191229276,27.0,52.325,5,5,1,0,309.4474786692398,312.5042052875491,0,0
2025-03-01 05:15:00+05:30,310.3824465395793,26.9,52.15,5,5,1,0,309.8020191229276,314.86856444162066,0,0
2025-03-01 05:30:00+05:30,312.70918427558144,26.85,51.9,5,5,1,0,310.3824465395793,319.4908337599492,0,0
2025-03-01 05:45:00+05:30,315.1856262849375,26.725,52.650000000000006,5,5,1,0,312.70918427558144,324.2066996508638,0,0
2025-03-01 06:00:00+05:30,320.7690299769723,26.475,52.725,6,5,1,0,315.1856262849375,332.6845984077835,0,0
2025-03-01 06:15:00+05:30,322.7858760309354,26.5,52.025,6,5,1,0,320.7690299769723,339.7359599445009,0,0
2025-03-01 06:30:00+05:30,326.0574279808962,26.375,52.325,6,5,1,0,322.7858760309354,347.88660190683555,0,0
2025-03-01 06:45:00+05:30,329.40305118884595,26.325,52.85,6,5,1,0,326.0574279808962,357.22691156617765,0,0
2025-03-01 07:00:00+05:30,336.5524237925749,26.475,53.375,7,5,1,0,329.40305118884595,367.0477352476338,0,0
2025-03-01 07:15:00+05:30,341.8052789555179,26.6,54.025,7,5,1,0,336.5524237925749,379.49772613735394,0,0
2025-03-01 07:30:00+05:30,349.60034522125966,26.775,54.975,7,5,1,0,341.8052789555179,392.9965981756774,0,0
2025-03-01 07:45:00+05:30,355.32671451243897,27.125,55.775,7,5,1,0,349.60034522125966,408.8551494866411,0,0
2025-03-01 08:00:00+05:30,368.428828082352,27.4,56.475,8,5,1,0,355.32671451243897,429.7625754456776,0,0
2025-03-01 08:15:00+05:30,381.9794375740014,27.975,54.400000000000006,8,5,1,0,368.428828082352,448.842590917026,0,0
2025-03-01 08:30:00+05:30,396.5467328784604,28.675,51.175,8,5,1,0,381.9794375740014,464.6627030519919,0,0
2025-03-01 08:45:00+05:30,410.35705817682,29.125,45.8,8,5,1,0,396.5467328784604,481.5984199215536,0,0
2025-03-01 09:00:00+05:30,419.2183764342227,29.625,45.45,9,5,1,1,410.35705817682,495.64030185923497,0,0
2025-03-01 09:15:00+05:30,431.4491995049372,30.225,42.95,9,5,1,1,419.2183764342227,507.3944068466676,0,0
2025-03-01 09:30:00+05:30,442.5278977793695,30.575000000000003,41.8,9,5,1,1,431.4491995049372,516.3328291398474,0,0
2025-03-01 09:45:00+05:30,451.0926851800318,30.95,40.125,9,5,1,1,442.5278977793695,529.420477911514,0,0
2025-03-01 10:00:00+05:30,456.7653538431587,31.35,39.64999999999999,10,5,1,1,451.0926851800318,539.9471879672133,0,0
2025-03-01 10:15:00+05:30,463.2937851606499,31.775,41.025,10,5,1,1,456.7653538431587,546.7525569244171,0,0
2025-03-01 10:30:00+05:30,467.84982313745166,31.5,45.4,10,5,1,1,463.2937851606499,549.3230211674144,0,0
2025-03-01 10:45:00+05:30,474.9657586943021,31.65,45.55,10,5,1,1,467.84982313745166,550.9112990210671,0,0
2025-03-01 11:00:00+05:30,476.0430335485114,32.15,44.325,11,5,1,1,474.9657586943021,552.3854016262824,0,0
2025-03-01 11:15:00+05:30,476.2908491839962,32.5,43.55,11,5,1,1,476.0430335485114,554.242281194347,0,0
2025-03-01 11:30:00+05:30,476.8363271521501,32.55,46.7,11,5,1,1,476.2908491839962,551.5839903763472,0,0
2025-03-01 11:45:00+05:30,477.0828395745504,32.825,47.6,11,5,1,1,476.8363271521501,552.1996311846556,0,0
2025-03-01 12:00:00+05:30,477.323690077879,33.175,45.95,12,5,1,1,477.0828395745504,551.8432550493719,0,0
2025-03-01 12:15:00+05:30,477.0032040303849,33.4,44.7,12,5,1,1,477.323690077879,550.3468822932449,0,0
2025-03-01 12:30:00+05:30,478.7710075765136,33.7,45.77499999999999,12,5,1,1,477.0032040303849,549.1412752349434,0,0
2025-03-01 12:45:00+05:30,480.21352177515627,33.675,45.8,12,5,1,1,478.7710075765136,550.2926738569436,0,0
2025-03-01 13:00:00+05:30,477.5781318111376,33.975,44.9,13,5,1,1,480.21352177515627,545.3658179909256,0,0
2025-03-01 13:15:00+05:30,474.5149729896158,34.075,45.7,13,5,1,1,477.5781318111376,543.7704844680765,0,0
2025-03-01 13:30:00+05:30,472.09870386448966,34.0,46.225,13,5,1,1,474.5149729896158,542.5259040385154,0,0
2025-03-01 13:45:00+05:30,474.6317399741806,34.125,45.725,13,5,1,1,472.09870386448966,545.3445657072074,0,0
2025-03-01 14:00:00+05:30,478.67592078102825,34.15,45.4,14,5,1,1,474.6317399741806,551.9269276706451,0,0
2025-03-01 14:15:00+05:30,484.5261749449671,34.375,44.225,14,5,1,1,478.67592078102825,556.0319060173753,0,0
2025-03-01 14:30:00+05:30,483.2909806513216,34.425,44.55,14,5,1,1,484.5261749449671,557.8317538755203,0,0
2025-03-01 14:45:00+05:30,483.2382046028982,34.7,43.25,14,5,1,1,483.2909806513216,559.2932530757801,0,0
2025-03-01 15:00:00+05:30,485.1541185425825,34.65,44.05,15,5,1,1,483.2382046028982,559.1288352447823,0,0
2025-03-01 15:15:00+05:30,482.4885782658981,34.375,44.775,15,5,1,1,485.1541185425825,561.0856330492883,0,0
2025-03-01 15:30:00+05:30,482.7687869422704,34.275,44.875,15,5,1,1,482.4885782658981,560.0274980760265,0,0
2025-03-01 15:45:00+05:30,480.3689018429049,34.05,45.2,15,5,1,1,482.7687869422704,557.2322339537553,0,0
2025-03-01 16:00:00+05:30,477.7445647019423,34.2,45.62499999999999,16,5,1,1,480.3689018429049,561.8816412276619,0,0
2025-03-01 16:15:00+05:30,475.0773572145398,33.95,45.95,16,5,1,1,477.7445647019423,555.9234234271842,0,0
2025-03-01 16:30:00+05:30,472.3950267986149,34.325,43.775000000000006,16,5,1,1,475.0773572145398,553.8747738331726,0,0
2025-03-01 16:45:00+05:30,469.408538627994,34.3,42.6,16,5,1,1,472.3950267986149,548.5346775977262,0,0
2025-03-01 17:00:00+05:30,466.43720040324695,34.1,42.900000000000006,17,5,1,1,469.408538627994,544.5484188296733,0,0
2025-03-01 17:15:00+05:30,460.6586191509372,33.400000000000006,45.0,17,5,1,1,466.43720040324695,539.0188706775376,0,0
2025-03-01 17:30:00+05:30,458.0434228650242,32.675,46.575,17,5,1,1,460.6586191509372,531.9190790381556,0,0
2025-03-01 17:45:00+05:30,452.7228393982169,31.95,47.375,17,5,1,1,458.0434228650242,525.8673269157857,0,0
2025-03-01 18:00:00+05:30,449.3102878970205,31.325000000000003,48.150000000000006,18,5,1,0,452.7228393982169,516.5466465249784,0,0
2025-03-01 18:15:00+05:30,445.8932857001678,30.700000000000003,49.225,18,5,1,0,449.3102878970205,509.4136012678223,0,0
2025-03-01 18:30:00+05:30,445.6692202234651,30.325000000000003,49.85,18,5,1,0,445.8932857001678,503.9986483347386,0,0
2025-03-01 18:45:00+05:30,445.4153822238396,30.15,49.50000000000001,18,5,1,0,445.6692202234651,500.3210545163655,0,0
2025-03-01 19:00:00+05:30,442.6690974154978,30.1,49.15,19,5,1,0,445.4153822238396,492.6779153040534,0,0
2025-03-01 19:15:00+05:30,436.1185971555757,30.05,48.55,19,5,1,0,442.6690974154978,483.8431404940864,0,0
2025-03-01 19:30:00+05:30,431.6370866558918,30.025,47.275000000000006,19,5,1,0,436.1185971555757,476.52577004801947,0,0
2025-03-01 19:45:00+05:30,424.6664888252309,30.025,46.400000000000006,19,5,1,0,431.6370866558918,467.8905375821879,0,0
2025-03-01 20:00:00+05:30,419.0018509280954,29.875,46.325,20,5,1,0,424.6664888252309,455.86958769531816,0,0
2025-03-01 20:15:00+05:30,414.7227963856346,29.725,46.4,20,5,1,0,419.0018509280954,449.78680186488,0,0
2025-03-01 20:30:00+05:30,410.6967001017736,29.65,45.75,20,5,1,0,414.7227963856346,444.1213143796445,0,0
2025-03-01 20:45:00+05:30,406.8296468704112,29.45,46.6,20,5,1,0,410.6967001017736,441.2194789964524,0,0
2025-03-01 21:00:00+05:30,404.5622656199117,29.275,47.2,21,5,1,0,406.8296468704112,431.58696822337896,0,0
2025-03-01 21:15:00+05:30,400.1095914309304,29.125,47.85000000000001,21,5,1,0,404.5622656199117,427.0185972065236,0,0
2025-03-01 21:30:00+05:30,397.2355776491244,29.075,47.8,21,5,1,0,400.1095914309304,421.8169345055479,0,0
2025-03-01 21:45:00+05:30,394.42652813286594,28.975,47.175,21,5,1,0,397.2355776491244,415.2360815943239,0,0
2025-03-01 22:00:00+05:30,387.1433661495849,28.925,46.9,22,5,1,0,394.42652813286594,405.9338027500044,0,0
2025-03-01 22:15:00+05:30,383.6168225234079,28.825000000000003,46.900000000000006,22,5,1,0,387.1433661495849,400.5610309893391,0,0
2025-03-01 22:30:00+05:30,379.8727228799639,28.75,47.1,22,5,1,0,383.6168225234079,400.0403573213177,0,0
2025-03-01 22:45:00+05:30,379.3742613144101,28.55,47.725,22,5,1,0,379.8727228799639,396.3625350386527,0,0
2025-03-01 23:00:00+05:30,375.6499278695289,28.35,49.7,23,5,1,0,379.3742613144101,387.82104758881104,0,0
2025-03-01 23:15:00+05:30,372.5458014874707,28.225,50.3,23,5,1,0,375.6499278695289,382.8510095872109,0,0
2025-03-01 23:30:00+05:30,369.2643291554038,28.1,50.225,23,5,1,0,372.5458014874707,379.774705167534,0,0
2025-03-01 23:45:00+05:30,366.1570222462857,27.975,51.825,23,5,1,0,369.2643291554038,374.7889834879334,0,0
2025-03-02 00:00:00+05:30,360.80376375904,27.8,51.63333333333333,0,6,1,0,366.1570222462857,370.8148269159094,0,0
2025-03-02 00:15:00+05:30,355.6575808529675,27.766666666666666,51.56666666666666,0,6,1,0,360.80376375904,366.62468243474353,0,0
2025-03-02 00:30:00+05:30,349.06963943396863,27.600000000000005,52.63333333333333,0,6,1,0,355.6575808529675,362.46191686789217,0,0
2025-03-02 00:45:00+05:30,344.4267095839899,27.600000000000005,51.46666666666667,0,6,1,0,349.06963943396863,357.7800501815103,0,0
2025-03-02 01:00:00+05:30,341.9826456905949,27.53333333333333,51.1,1,6,1,0,344.4267095839899,352.5498023060195,0,0
2025-03-02 01:15:00+05:30,339.68623444145874,27.46666666666667,53.0,1,6,1,0,341.9826456905949,348.8968438671699,0,0
2025-03-02 01:30:00+05:30,336.06994053748497,27.33333333333333,54.6,1,6,1,0,339.68623444145874,344.75458730435054,0,0
2025-03-02 01:45:00+05:30,333.02812517073124,27.166666666666668,56.36666666666667,1,6,1,0,336.06994053748497,340.46459069801045,0,0
2025-03-02 02:00:00+05:30,327.5111475567824,27.166666666666668,56.96666666666667,2,6,1,0,333.02812517073124,335.8658389514692,0,0
2025-03-02 02:15:00+05:30,325.2141453483049,27.133333333333336,56.86666666666667,2,6,1,0,327.5111475567824,334.00302586462584,0,0
2025-03-02 02:30:00+05:30,322.32246481525624,27.133333333333336,56.866666666666674,2,6,1,0,325.2141453483049,330.993111025662,0,0
2025-03-02 02:45:00+05:30,318.65196441937246,27.133333333333336,57.8,2,6,1,0,322.32246481525624,327.4391288964736,0,0
2025-03-02 03:00:00+05:30,316.20848434744994,27.166666666666668,59.23333333333333,3,6,1,0,318.65196441937246,324.8673659825623,0,0
2025-03-02 03:15:00+05:30,312.6481174538875,27.066666666666663,60.833333333333336,3,6,1,0,316.20848434744994,320.0825311441581,0,0
2025-03-02 03:30:00+05:30,313.00779271711,26.96666666666667,61.36666666666667,3,6,1,0,312.6481174538875,316.3981562686645,0,0
2025-03-02 03:45:00+05:30,309.91124511166487,26.866666666666664,61.16666666666666,3,6,1,0,313.00779271711,314.86336913274585,0,0
2025-03-02 04:00:00+05:30,308.6855490576887,26.866666666666664,60.23333333333333,4,6,1,0,309.91124511166487,311.2243707260667,0,0
2025-03-02 04:15:00+05:30,306.9158592523462,26.7,61.13333333333333,4,6,1,0,308.6855490576887,310.8107157784301,0,0
2025-03-02 04:30:00+05:30,306.2361056426462,26.5,62.76666666666667,4,6,1,0,306.9158592523462,309.1047695829199,0,0
2025-03-02 04:45:00+05:30,306.265064040545,26.433333333333334,63.53333333333333,4,6,1,0,306.2361056426462,309.4474786692398,0,0
2025-03-02 05:00:00+05:30,305.81191066927994,26.366666666666664,63.66666666666666,5,6,1,0,306.265064040545,309.8020191229276,0,0
2025-03-02 05:15:00+05:30,303.9356391886737,26.366666666666664,63.633333333333326,5,6,1,0,305.81191066927994,310.3824465395793,0,0
2025-03-02 05:30:00+05:30,304.67030582841625,26.266666666666666,64.0,5,6,1,0,303.9356391886737,312.70918427558144,0,0
2025-03-02 05:45:00+05:30,305.63604575130745,26.133333333333336,65.2,5,6,1,0,304.67030582841625,315.1856262849375,0,0
2025-03-02 06:00:00+05:30,308.2567059951324,26.133333333333336,64.96666666666665,6,6,1,0,305.63604575130745,320.7690299769723,0,0
2025-03-02 06:15:00+05:30,310.4633091796162,26.1,65.16666666666666,6,6,1,0,308.2567059951324,322.7858760309354,0,0
2025-03-02 06:30:00+05:30,310.8524951817087,25.96666666666667,65.63333333333333,6,6,1,0,310.4633091796162,326.0574279808962,0,0
2025-03-02 06:45:00+05:30,311.17835826451113,25.933333333333334,65.9,6,6,1,0,310.8524951817087,329.40305118884595,0,0
2025-03-02 07:00:00+05:30,310.435088180765,26.0,65.56666666666668,7,6,1,0,311.17835826451113,336.5524237925749,0,0
2025-03-02 07:15:00+05:30,312.51828143744115,26.0,65.7,7,6,1,0,310.435088180765,341.8052789555179,0,0
2025-03-02 07:30:00+05:30,315.5634167752187,26.066666666666663,65.9,7,6,1,0,312.51828143744115,349.60034522125966,0,0
2025-03-02 07:45:00+05:30,317.7191356534238,26.2,65.7,7,6,1,0,315.5634167752187,355.32671451243897,0,0
2025-03-02 08:00:00+05:30,321.44206403732494,26.73333333333333,64.10000000000001,8,6,1,0,317.7191356534238,368.428828082352,0,0
2025-03-02 08:15:00+05:30,329.4173990381712,27.3,60.76666666666667,8,6,1,0,321.44206403732494,381.9794375740014,0,0
2025-03-02 08:30:00+05:30,338.0865669024049,27.8,57.03333333333333,8,6,1,0,329.4173990381712,396.5467328784604,0,0
2025-03-02 08:45:00+05:30,345.4304152847388,28.433333333333334,53.76666666666666,8,6,1,0,338.0865669024049,410.35705817682,0,0
2025-03-02 09:00:00+05:30,351.98076604514864,28.96666666666667,49.8,9,6,1,1,345.4304152847388,419.2183764342227,0,0
2025-03-02 09:15:00+05:30,356.0690169361537,29.433333333333337,47.1,9,6,1,1,351.98076604514864,431.4491995049372,0,0
2025-03-02 09:30:00+05:30,360.59887301411993,29.9,44.93333333333334,9,6,1,1,356.0690169361537,442.5278977793695,0,0
2025-03-02 09:45:00+05:30,362.8849470741974,30.433333333333337,43.3,9,6,1,1,360.59887301411993,451.0926851800318,0,0
2025-03-02 10:00:00+05:30,367.7842816865312,30.96666666666667,40.16666666666666,10,6,1,1,362.8849470741974,456.7653538431587,0,0
2025-03-02 10:15:00+05:30,373.4151434348,31.5,38.16666666666666,10,6,1,1,367.7842816865312,463.2937851606499,0,0
2025-03-02 10:30:00+05:30,379.28080366387246,32.06666666666666,36.43333333333333,10,6,1,1,373.4151434348,467.84982313745166,0,0
2025-03-02 10:45:00+05:30,383.81033440125367,32.666666666666664,34.63333333333333,10,6,1,1,379.28080366387246,474.9657586943021,0,0
2025-03-02 11:00:00+05:30,385.7153115241049,33.13333333333333,33.46666666666667,11,6,1,1,383.81033440125367,476.0430335485114,0,0
2025-03-02 11:15:00+05:30,386.37248849941614,33.56666666666667,34.166666666666664,11,6,1,1,385.7153115241049,476.2908491839962,0,0
2025-03-02 11:30:00+05:30,387.6198213185649,33.73333333333333,33.0,11,6,1,1,386.37248849941614,476.8363271521501,0,0
2025-03-02 11:45:00+05:30,388.73546706726256,33.96666666666667,32.36666666666667,11,6,1,1,387.6198213185649,477.0828395745504,0,0
2025-03-02 12:00:00+05:30,389.8436882093238,34.50000000000001,30.433333333333334,12,6,1,1,388.73546706726256,477.323690077879,0,0
2025-03-02 12:15:00+05:30,391.0555288397612,34.43333333333333,34.53333333333334,12,6,1,1,389.8436882093238,477.0032040303849,0,0
2025-03-02 12:30:00+05:30,389.8817021814674,34.333333333333336,35.300000000000004,12,6,1,1,391.0555288397612,478.7710075765136,0,0
2025-03-02 12:45:00+05:30,389.7489679064325,34.666666666666664,35.6,12,6,1,1,389.8817021814674,480.21352177515627,0,0
2025-03-02 13:00:00+05:30,389.1945754940424,34.800000000000004,34.23333333333333,13,6,1,1,389.7489679064325,477.5781318111376,0,0
2025-03-02 13:15:00+05:30,387.1300365671349,34.766666666666666,35.43333333333334,13,6,1,1,389.1945754940424,474.5149729896158,0,0
2025-03-02 13:30:00+05:30,386.3709487631911,34.86666666666667,34.73333333333334,13,6,1,1,387.1300365671349,472.09870386448966,0,0
2025-03-02 13:45:00+05:30,389.256293379735,34.86666666666667,36.46666666666667,13,6,1,1,386.3709487631911,474.6317399741806,0,0
2025-03-02 14:00:00+05:30,391.1947850064474,33.86666666666667,43.2,14,6,1,1,389.256293379735,478.67592078102825,0,0
2025-03-02 14:15:00+05:30,391.3303065510437,33.03333333333333,46.43333333333334,14,6,1,1,391.1947850064474,484.5261749449671,0,0
2025-03-02 14:30:00+05:30,392.7119681394725,32.76666666666667,48.70000000000001,14,6,1,1,391.3303065510437,483.2909806513216,0,0
2025-03-02 14:45:00+05:30,392.4490626692937,32.6,48.43333333333334,14,6,1,1,392.7119681394725,483.2382046028982,0,0
2025-03-02 15:00:00+05:30,394.16437100770736,32.7,46.1,15,6,1,1,392.4490626692937,485.1541185425825,0,0
2025-03-02 15:15:00+05:30,393.41994747614376,32.93333333333333,45.36666666666667,15,6,1,1,394.16437100770736,482.4885782658981,0,0
2025-03-02 15:30:00+05:30,393.04198556460494,32.5,46.63333333333333,15,6,1,1,393.41994747614376,482.7687869422704,0,0
2025-03-02 15:45:00+05:30,391.0123478127749,32.53333333333333,47.2,15,6,1,1,393.04198556460494,480.3689018429049,0,0
2025-03-02 16:00:00+05:30,390.3901061212287,32.266666666666666,45.7,16,6,1,1,391.0123478127749,477.7445647019423,0,0
2025-03-02 16:15:00+05:30,387.12891219749,32.23333333333333,46.23333333333333,16,6,1,1,390.3901061212287,475.0773572145398,0,0
2025-03-02 16:30:00+05:30,383.5452180372812,32.5,46.26666666666666,16,6,1,1,387.12891219749,472.3950267986149,0,0
2025-03-02 16:45:00+05:30,381.1476305864488,32.56666666666667,44.13333333333333,16,6,1,1,383.5452180372812,469.408538627994,0,0
2025-03-02 17:00:00+05:30,380.95490769974367,32.166666666666664,44.53333333333333,17,6,1,1,381.1476305864488,466.43720040324695,0,0
2025-03-02 17:15:00+05:30,381.08713713753866,32.03333333333333,45.16666666666666,17,6,1,1,380.95490769974367,460.6586191509372,0,0
2025-03-02 17:30:00+05:30,378.6638995794399,31.5,46.16666666666666,17,6,1,1,381.08713713753866,458.0434228650242,0,0
2025-03-02 17:45:00+05:30,376.0260926103687,31.0,47.06666666666666,17,6,1,1,378.6638995794399,452.7228393982169,0,0
2025-03-02 18:00:00+05:30,379.22332121879737,30.53333333333333,48.56666666666667,18,6,1,0,376.0260926103687,449.3102878970205,0,0
2025-03-02 18:15:00+05:30,380.94460440542366,30.066666666666663,49.4,18,6,1,0,379.22332121879737,445.8932857001678,0,0
2025-03-02 18:30:00+05:30,383.1129992689688,29.7,50.333333333333336,18,6,1,0,380.94460440542366,445.6692202234651,0,0
2025-03-02 18:45:00+05:30,385.1382980773975,29.53333333333333,50.66666666666666,18,6,1,0,383.1129992689688,445.4153822238396,0,0
2025-03-02 19:00:00+05:30,386.2019765220337,29.3,51.9,19,6,1,0,385.1382980773975,442.6690974154978,0,0
2025-03-02 19:15:00+05:30,386.5042127812237,29.166666666666668,51.53333333333333,19,6,1,0,386.2019765220337,436.1185971555757,0,0
2025-03-02 19:30:00+05:30,386.04248984274,29.100000000000005,50.73333333333333,19,6,1,0,386.5042127812237,431.6370866558918,0,0
2025-03-02 19:45:00+05:30,385.5282144303012,29.1,49.13333333333333,19,6,1,0,386.04248984274,424.6664888252309,0,0
2025-03-02 20:00:00+05:30,385.2812562251237,29.1,47.8,20,6,1,0,385.5282144303012,419.0018509280954,0,0
2025-03-02 20:15:00+05:30,381.5791024556775,29.133333333333336,45.866666666666674,20,6,1,0,385.2812562251237,414.7227963856346,0,0
2025-03-02 20:30:00+05:30,377.63926412231865,29.2,43.8,20,6,1,0,381.5791024556775,410.6967001017736,0,0
2025-03-02 20:45:00+05:30,379.6146748228186,29.166666666666668,42.93333333333334,20,6,1,0,377.63926412231865,406.8296468704112,0,0
2025-03-02 21:00:00+05:30,377.3222678116449,29.1,42.13333333333333,21,6,1,0,379.6146748228186,404.5622656199117,0,0
2025-03-02 21:15:00+05:30,378.2309425205737,28.966666666666665,42.0,21,6,1,0,377.3222678116449,400.1095914309304,0,0
2025-03-02 21:30:00+05:30,374.06164406442497,28.933333333333337,41.63333333333333,21,6,1,0,378.2309425205737,397.2355776491244,0,0
2025-03-02 21:45:00+05:30,373.581992967625,28.96666666666667,41.0,21,6,1,0,374.06164406442497,394.42652813286594,0,0
2025-03-02 22:00:00+05:30,366.4562406223925,28.8,41.06666666666667,22,6,1,0,373.581992967625,387.1433661495849,0,0
2025-03-02 22:15:00+05:30,363.47606092326,28.7,41.2,22,6,1,0,366.4562406223925,383.6168225234079,0,0
2025-03-02 22:30:00+05:30,363.0329497054362,28.566666666666663,41.23333333333333,22,6,1,0,363.47606092326,379.8727228799639,0,0
2025-03-02 22:45:00+05:30,360.6309031424962,28.46666666666667,41.46666666666667,22,6,1,0,363.0329497054362,379.3742613144101,0,0
2025-03-02 23:00:00+05:30,356.6979337324325,28.366666666666664,41.86666666666667,23,6,1,0,360.6309031424962,375.6499278695289,0,0
2025-03-02 23:15:00+05:30,353.97018198674,28.0,42.96666666666667,23,6,1,0,356.6979337324325,372.5458014874707,0,0
2025-03-02 23:30:00+05:30,349.4083262697762,27.933333333333337,43.03333333333334,23,6,1,0,353.97018198674,369.2643291554038,0,0
2025-03-02 23:45:00+05:30,345.9325156284086,27.8,42.79999999999999,23,6,1,0,349.4083262697762,366.1570222462857,0,0
2025-03-03 00:00:00+05:30,341.9294200253645,27.675,43.650000000000006,0,0,0,0,345.9325156284086,360.80376375904,0,0
2025-03-03 00:15:00+05:30,337.7625567968158,27.6,43.525000000000006,0,0,0,0,341.9294200253645,355.6575808529675,0,0
2025-03-03 00:30:00+05:30,333.3981879321682,27.625,42.775000000000006,0,0,0,0,337.7625567968158,349.06963943396863,0,0
2025-03-03 00:45:00+05:30,330.007833283852,27.625,41.95,0,0,0,0,333.3981879321682,344.4267095839899,0,0
2025-03-03 01:00:00+05:30,326.21078663499094,27.575,41.650000000000006,1,0,0,0,330.007833283852,341.9826456905949,0,0
2025-03-03 01:15:00+05:30,321.3280873818892,27.525,41.475,1,0,0,0,326.21078663499094,339.68623444145874,0,0
2025-03-03 01:30:00+05:30,316.25925972901763,27.55,41.05,1,0,0,0,321.3280873818892,336.06994053748497,0,0
2025-03-03 01:45:00+05:30,312.7458503229042,27.6,40.975,1,0,0,0,316.25925972901763,333.02812517073124,0,0
2025-03-03 02:00:00+05:30,312.1328701790179,27.525,41.95,2,0,0,0,312.7458503229042,327.5111475567824,0,0
2025-03-03 02:15:00+05:30,309.02598446075035,27.450000000000003,43.65,2,0,0,0,312.1328701790179,325.2141453483049,0,0
2025-03-03 02:30:00+05:30,305.1842713725418,27.375,44.475,2,0,0,0,309.02598446075035,322.32246481525624,0,0
2025-03-03 02:45:00+05:30,302.1993491066555,27.225,45.325,2,0,0,0,305.1842713725418,318.65196441937246,0,0
2025-03-03 03:00:00+05:30,300.7466865783022,27.025,45.75,3,0,0,0,302.1993491066555,316.20848434744994,0,0
2025-03-03 03:15:00+05:30,297.8390394925514,26.9,46.15,3,0,0,0,300.7466865783022,312.6481174538875,0,0
2025-03-03 03:30:00+05:30,296.01732658295697,26.75,46.400000000000006,3,0,0,0,297.8390394925514,313.00779271711,0,0
2025-03-03 03:45:00+05:30,293.5272909266845,26.6,47.5,3,0,0,0,296.01732658295697,309.91124511166487,0,0
2025-03-03 04:00:00+05:30,292.9597878479041,26.4,48.175,4,0,0,0,293.5272909266845,308.6855490576887,0,0
2025-03-03 04:15:00+05:30,292.20203537455404,26.3,48.675,4,0,0,0,292.9597878479041,306.9158592523462,0,0
2025-03-03 04:30:00+05:30,292.2973258483518,26.175,50.775,4,0,0,0,292.20203537455404,306.2361056426462,0,0
2025-03-03 04:45:00+05:30,292.0011902634487,25.975,50.175,4,0,0,0,292.2973258483518,306.265064040545,0,0
2025-03-03 05:00:00+05:30,293.693762510116,25.975,50.275,5,0,0,0,292.0011902634487,305.81191066927994,0,0
2025-03-03 05:15:00+05:30,295.9267291485844,25.825000000000003,50.85,5,0,0,0,293.693762510116,303.9356391886737,0,0
2025-03-03 05:30:00+05:30,301.7652594397408,25.825,51.225,5,0,0,0,295.9267291485844,304.67030582841625,0,0
2025-03-03 05:45:00+05:30,308.60775596870104,25.725,51.525,5,0,0,0,301.7652594397408,305.63604575130745,0,0
2025-03-03 06:00:00+05:30,316.4074955849116,25.575,53.125,6,0,0,0,308.60775596870104,308.2567059951324,0,0
2025-03-03 06:15:00+05:30,324.9890229072583,25.5,53.825,6,0,0,0,316.4074955849116,310.4633091796162,0,0
2025-03-03 06:30:00+05:30,335.1288107967025,25.450000000000003,54.025,6,0,0,0,324.9890229072583,310.8524951817087,0,0
2025-03-03 06:45:00+05:30,344.51892799039103,25.475,54.325,6,0,0,0,335.1288107967025,311.17835826451113,0,0
2025-03-03 07:00:00+05:30,354.5530323723364,25.55,54.075,7,0,0,0,344.51892799039103,310.435088180765,0,0
2025-03-03 07:15:00+05:30,368.1093596863544,25.75,53.075,7,0,0,0,354.5530323723364,312.51828143744115,0,0
2025-03-03 07:30:00+05:30,385.7761057247772,25.975,52.95,7,0,0,0,368.1093596863544,315.5634167752187,0,0
2025-03-03 07:45:00+05:30,401.7205303702255,26.250000000000004,52.95,7,0,0,0,385.7761057247772,317.7191356534238,0,0
2025-03-03 08:00:00+05:30,420.162257728943,26.550000000000004,52.65,8,0,0,0,401.7205303702255,321.44206403732494,0,0
2025-03-03 08:15:00+05:30,438.32210616853376,27.15,51.8,8,0,0,0,420.162257728943,329.4173990381712,0,0
2025-03-03 08:30:00+05:30,454.5256857634142,28.075,48.35,8,0,0,0,438.32210616853376,338.0865669024049,0,0
2025-03-03 08:45:00+05:30,470.8016869880054,28.825000000000003,46.875,8,0,0,0,454.5256857634142,345.4304152847388,0,0
2025-03-03 09:00:00+05:30,483.0714024951615,29.45,44.425,9,0,0,1,470.8016869880054,351.98076604514864,0,0
2025-03-03 09:15:00+05:30,495.649223717168,30.025,42.05,9,0,0,1,483.0714024951615,356.0690169361537,0,0
2025-03-03 09:30:00+05:30,504.36508385313664,30.625,40.7,9,0,0,1,495.649223717168,360.59887301411993,0,0
2025-03-03 09:45:00+05:30,516.097192651507,31.0,40.175,9,0,0,1,504.36508385313664,362.8849470741974,0,0
2025-03-03 10:00:00+05:30,521.6659573826611,31.125,40.825,10,0,0,1,516.097192651507,367.7842816865312,0,0
2025-03-03 10:15:00+05:30,530.4454112540789,31.65,40.175,10,0,0,1,521.6659573826611,373.4151434348,0,0
2025-03-03 10:30:00+05:30,536.0541168775534,32.175,38.225,10,0,0,1,530.4454112540789,379.28080366387246,0,0
2025-03-03 10:45:00+05:30,540.1551138432523,32.65,38.35,10,0,0,1,536.0541168775534,383.81033440125367,0,0
2025-03-03 11:00:00+05:30,544.6557905703015,33.1,38.85,11,0,0,1,540.1551138432523,385.7153115241049,0,0
2025-03-03 11:15:00+05:30,545.8675711129466,33.400000000000006,37.625,11,0,0,1,544.6557905703015,386.37248849941614,0,0
2025-03-03 11:30:00+05:30,544.3892989448407,33.875,35.7,11,0,0,1,545.8675711129466,387.6198213185649,0,0
2025-03-03 11:45:00+05:30,544.6388279131011,34.3,34.925,11,0,0,1,544.3892989448407,388.73546706726256,0,0
2025-03-03 12:00:00+05:30,546.6698989375782,34.525000000000006,36.0,12,0,0,1,544.6388279131011,389.8436882093238,0,0
2025-03-03 12:15:00+05:30,547.4083323422022,34.65,38.65,12,0,0,1,546.6698989375782,391.0555288397612,0,0
2025-03-03 12:30:00+05:30,549.6372695856458,34.625,39.5,12,0,0,1,547.4083323422022,389.8817021814674,0,0
2025-03-03 12:45:00+05:30,548.3648190576492,34.675,41.6,12,0,0,1,549.6372695856458,389.7489679064325,0,0
2025-03-03 13:00:00+05:30,544.8346084473073,34.425000000000004,42.575,13,0,0,1,548.3648190576492,389.1945754940424,0,0
2025-03-03 13:15:00+05:30,543.5148547171467,34.125,43.400000000000006,13,0,0,1,544.8346084473073,387.1300365671349,0,0
2025-03-03 13:30:00+05:30,543.1474262189578,34.099999999999994,44.05,13,0,0,1,543.5148547171467,386.3709487631911,0,0
2025-03-03 13:45:00+05:30,544.5868715020808,34.125,43.8,13,0,0,1,543.1474262189578,389.256293379735,0,0
2025-03-03 14:00:00+05:30,549.6035575207642,34.025,43.675,14,0,0,1,544.5868715020808,391.1947850064474,0,0
2025-03-03 14:15:00+05:30,552.613512609519,34.099999999999994,43.25,14,0,0,1,549.6035575207642,391.3303065510437,0,0
2025-03-03 14:30:00+05:30,553.5246569799785,34.125,43.425,14,0,0,1,552.613512609519,392.7119681394725,0,0
2025-03-03 14:45:00+05:30,553.2741649139101,34.1,43.625,14,0,0,1,553.5246569799785,392.4490626692937,0,0
2025-03-03 15:00:00+05:30,554.1726677556293,34.275000000000006,44.025000000000006,15,0,0,1,553.2741649139101,394.16437100770736,0,0
2025-03-03 15:15:00+05:30,552.8526943769784,34.525,42.85,15,0,0,1,554.1726677556293,393.41994747614376,0,0
2025-03-03 15:30:00+05:30,553.8217794483531,33.89999999999999,43.400000000000006,15,0,0,1,552.8526943769784,393.04198556460494,0,0
2025-03-03 15:45:00+05:30,549.3604817069522,33.525000000000006,43.5,15,0,0,1,553.8217794483531,391.0123478127749,0,0
2025-03-03 16:00:00+05:30,549.7966647259282,33.474999999999994,43.425,16,0,0,1,549.3604817069522,390.3901061212287,0,0
2025-03-03 16:15:00+05:30,546.7822812838918,32.9,43.775,16,0,0,1,549.7966647259282,387.12891219749,0,0
2025-03-03 16:30:00+05:30,543.7943233298784,32.849999999999994,42.5,16,0,0,1,546.7822812838918,383.5452180372812,0,0
2025-03-03 16:45:00+05:30,537.0119960615739,33.2,40.725,16,0,0,1,543.7943233298784,381.1476305864488,0,0
2025-03-03 17:00:00+05:30,531.5027161762878,32.725,41.35,17,0,0,1,537.0119960615739,380.95490769974367,0,0
2025-03-03 17:15:00+05:30,524.3989573222702,32.3,43.275,17,0,0,1,531.5027161762878,381.08713713753866,0,0
2025-03-03 17:30:00+05:30,514.222156165311,31.975,44.5,17,0,0,1,524.3989573222702,378.6638995794399,0,0
2025-03-03 17:45:00+05:30,508.1575232319592,31.5,45.675,17,0,0,1,514.222156165311,376.0260926103687,0,0
2025-03-03 18:00:00+05:30,501.4205781112303,31.075000000000003,46.325,18,0,0,0,508.1575232319592,379.22332121879737,0,0
2025-03-03 18:15:00+05:30,492.0673856453884,30.725,46.875,18,0,0,0,501.4205781112303,380.94460440542366,0,0
2025-03-03 18:30:00+05:30,490.7461283699933,30.475,47.525000000000006,18,0,0,0,492.0673856453884,383.1129992689688,0,0
2025-03-03 18:45:00+05:30,484.2059837220583,30.2,49.025,18,0,0,0,490.7461283699933,385.1382980773975,0,0
2025-03-03 19:00:00+05:30,478.15369495947607,30.0,49.9,19,0,0,0,484.2059837220583,386.2019765220337,0,0
2025-03-03 19:15:00+05:30,471.7125888603486,29.7,51.1,19,0,0,0,478.15369495947607,386.5042127812237,0,0
2025-03-03 19:30:00+05:30,463.55965637634745,29.450000000000003,52.45,19,0,0,0,471.7125888603486,386.04248984274,0,0
2025-03-03 19:45:00+05:30,454.2179337445827,29.325000000000003,52.9,19,0,0,0,463.55965637634745,385.5282144303012,0,0
2025-03-03 20:00:00+05:30,445.8592906969823,29.225,53.025000000000006,20,0,0,0,454.2179337445827,385.2812562251237,0,0
2025-03-03 20:15:00+05:30,440.0287781243014,29.200000000000003,53.05,20,0,0,0,445.8592906969823,381.5791024556775,0,0
2025-03-03 20:30:00+05:30,433.91985512719566,29.15,52.5,20,0,0,0,440.0287781243014,377.63926412231865,0,0
2025-03-03 20:45:00+05:30,428.05604915366695,29.1,51.95,20,0,0,0,433.91985512719566,379.6146748228186,0,0
2025-03-03 21:00:00+05:30,422.91919098787054,29.075,50.925,21,0,0,0,428.05604915366695,377.3222678116449,0,0
2025-03-03 21:15:00+05:30,416.34582971879183,29.075000000000003,50.225,21,0,0,0,422.91919098787054,378.2309425205737,0,0
2025-03-03 21:30:00+05:30,411.3950273271045,29.075,48.3,21,0,0,0,416.34582971879183,374.06164406442497,0,0
2025-03-03 21:45:00+05:30,406.36696961665496,29.125,47.025000000000006,21,0,0,0,411.3950273271045,373.581992967625,0,0
2025-03-03 22:00:00+05:30,400.64375370698576,29.1,46.525,22,0,0,0,406.36696961665496,366.4562406223925,0,0
2025-03-03 22:15:00+05:30,397.8113354412936,28.950000000000003,47.15,22,0,0,0,400.64375370698576,363.47606092326,0,0
2025-03-03 22:30:00+05:30,397.34800297327,28.825,47.325,22,0,0,0,397.8113354412936,363.0329497054362,0,0
2025-03-03 22:45:00+05:30,393.2335291768301,28.75,46.97500000000001,22,0,0,0,397.34800297327,360.6309031424962,0,0
2025-03-03 23:00:00+05:30,387.2732093033563,28.7,46.55,23,0,0,0,393.2335291768301,356.6979337324325,0,0
2025-03-03 23:15:00+05:30,380.9136713530465,28.625,46.400000000000006,23,0,0,0,387.2732093033563,353.97018198674,0,0
2025-03-03 23:30:00+05:30,376.5958736998055,28.525,46.8,23,0,0,0,380.9136713530465,349.4083262697762,0,0
2025-03-03 23:45:00+05:30,370.2174053408217,28.4,47.125,23,0,0,0,376.5958736998055,345.9325156284086,0,0
2025-03-04 00:00:00+05:30,366.01826048824,28.275,47.3,0,1,0,0,370.2174053408217,341.9294200253645,0,0
2025-03-04 00:15:00+05:30,361.0190692457674,28.25,47.175,0,1,0,0,366.01826048824,337.7625567968158,0,0
2025-03-04 00:30:00+05:30,354.2736744819687,28.175,47.5,0,1,0,0,361.0190692457674,333.3981879321682,0,0
2025-03-04 00:45:00+05:30,350.3822749401898,28.075,48.05,0,1,0,0,354.2736744819687,330.007833283852,0,0
2025-03-04 01:00:00+05:30,347.288170315995,27.95,48.175,1,1,0,0,350.3822749401898,326.21078663499094,0,0
2025-03-04 01:15:00+05:30,345.3229805796587,27.95,47.975,1,1,0,0,347.288170315995,321.3280873818892,0,0
2025-03-04 01:30:00+05:30,341.47463368128484,27.875,47.825,1,1,0,0,345.3229805796587,316.25925972901763,0,0
2025-03-04 01:45:00+05:30,338.5371133175312,27.775,49.375,1,1,0,0,341.47463368128484,312.7458503229042,0,0
2025-03-04 02:00:00+05:30,334.9669472501825,27.425,50.625,2,1,0,0,338.5371133175312,312.1328701790179,0,0
2025-03-04 02:15:00+05:30,330.1674541973049,27.375,50.925,2,1,0,0,334.9669472501825,309.02598446075035,0,0
2025-03-04 02:30:00+05:30,326.92818464985606,27.325,51.725,2,1,0,0,330.1674541973049,305.1842713725418,0,0
2025-03-04 02:45:00+05:30,322.28761171857246,27.175,52.45,2,1,0,0,326.92818464985606,302.1993491066555,0,0
2025-03-04 03:00:00+05:30,320.44796477725,27.0,53.45,3,1,0,0,322.28761171857246,300.7466865783022,0,0
2025-03-04 03:15:00+05:30,318.4212654880874,27.0,54.175,3,1,0,0,320.44796477725,297.8390394925514,0,0
2025-03-04 03:30:00+05:30,316.47052180491,26.8,55.25,3,1,0,0,318.4212654880874,296.01732658295697,0,0
2025-03-04 03:45:00+05:30,311.97016660626497,26.65,55.325,3,1,0,0,316.47052180491,293.5272909266845,0,0
2025-03-04 04:00:00+05:30,311.0716186054887,26.375,56.4,4,1,0,0,311.97016660626497,292.9597878479041,0,0
2025-03-04 04:15:00+05:30,310.8954990627462,26.3,56.925,4,1,0,0,311.0716186054887,292.20203537455404,0,0
2025-03-04 04:30:00+05:30,310.4324169100462,26.2,57.925,4,1,0,0,310.8954990627462,292.2973258483518,0,0
2025-03-04 04:45:00+05:30,310.764867161145,26.075,57.85,4,1,0,0,310.4324169100462,292.0011902634487,0,0
2025-03-04 05:00:00+05:30,312.5322165228799,25.975,58.175,5,1,0,0,310.764867161145,293.693762510116,0,0
2025-03-04 05:15:00+05:30,313.21680450087376,25.9,58.275,5,1,0,0,312.5322165228799,295.9267291485844,0,0
2025-03-04 05:30:00+05:30,317.0745512842162,25.8,58.05,5,1,0,0,313.21680450087376,301.7652594397408,0,0
2025-03-04 05:45:00+05:30,323.2656481765076,25.75,57.55,5,1,0,0,317.0745512842162,308.60775596870104,0,0
2025-03-04 06:00:00+05:30,331.5268596183324,25.6,57.575,6,1,0,0,323.2656481765076,316.4074955849116,0,0
2025-03-04 06:15:00+05:30,336.8559399744162,25.625,57.425,6,1,0,0,331.5268596183324,324.9890229072583,0,0
2025-03-04 06:30:00+05:30,340.32773654710854,25.675,57.1,6,1,0,0,336.8559399744162,335.1288107967025,0,0
2025-03-04 06:45:00+05:30,350.6062047943113,25.8,56.475,6,1,0,0,340.32773654710854,344.51892799039103,0,0
2025-03-04 07:00:00+05:30,360.92393200916496,25.9,56.675,7,1,0,0,350.6062047943113,354.5530323723364,0,0
2025-03-04 07:15:00+05:30,373.0429855518411,26.15,56.025,7,1,0,0,360.92393200916496,368.1093596863544,0,0
2025-03-04 07:30:00+05:30,389.84645823341873,26.35,55.75,7,1,0,0,373.0429855518411,385.7761057247772,0,0
2025-03-04 07:45:00+05:30,407.2563140064236,26.625,54.775,7,1,0,0,389.84645823341873,401.7205303702255,0,0
2025-03-04 08:00:00+05:30,426.2350169445249,27.2,52.575,8,1,0,0,407.2563140064236,420.162257728943,0,0
2025-03-04 08:15:00+05:30,442.8448542189713,27.9,50.175,8,1,0,0,426.2350169445249,438.32210616853376,0,0
2025-03-04 08:30:00+05:30,461.18403433800495,28.875,45.925,8,1,0,0,442.8448542189713,454.5256857634142,0,0
2025-03-04 08:45:00+05:30,474.9671873199388,29.675,42.675,8,1,0,0,461.18403433800495,470.8016869880054,0,0
2025-03-04 09:00:00+05:30,489.6423100769486,30.55,40.0,9,1,0,1,474.9671873199388,483.0714024951615,0,0
2025-03-04 09:15:00+05:30,501.0850530055537,31.2,37.625,9,1,0,1,489.6423100769486,495.649223717168,0,0
2025-03-04 09:30:00+05:30,510.1455415641199,31.825,36.075,9,1,0,1,501.0850530055537,504.36508385313664,0,0
2025-03-04 09:45:00+05:30,520.2614767077976,32.225,35.625,9,1,0,1,510.1455415641199,516.097192651507,0,0
2025-03-04 10:00:00+05:30,528.2470004665313,32.7,34.5,10,1,0,1,520.2614767077976,521.6659573826611,0,0
2025-03-04 10:15:00+05:30,532.5269855363999,33.25,33.55,10,1,0,1,528.2470004665313,530.4454112540789,0,0
2025-03-04 10:30:00+05:30,542.2159383730725,33.6,31.95,10,1,0,1,532.5269855363999,536.0541168775534,0,0
2025-03-04 10:45:00+05:30,543.6314372134535,33.8,30.475,10,1,0,1,542.2159383730725,540.1551138432523,0,0
2025-03-04 11:00:00+05:30,548.145460549905,34.15,29.75,11,1,0,1,543.6314372134535,544.6557905703015,0,0
2025-03-04 11:15:00+05:30,545.2834842224162,34.775,28.6,11,1,0,1,548.145460549905,545.8675711129466,0,0
2025-03-04 11:30:00+05:30,544.0391520267649,35.35,28.1,11,1,0,1,545.2834842224162,544.3892989448407,0,0
2025-03-04 11:45:00+05:30,545.7948415004627,35.35,28.1,11,1,0,1,544.0391520267649,544.6388279131011,0,0
2025-03-04 12:00:00+05:30,545.6874634081238,35.15,28.15,12,1,0,1,545.7948415004627,546.6698989375782,0,0
2025-03-04 12:15:00+05:30,542.0541905633612,35.625,28.4625,12,1,0,1,545.6874634081238,547.4083323422022,0,0
2025-03-04 12:30:00+05:30,539.7447704774673,36.075,28.61875,12,1,0,1,542.0541905633612,549.6372695856458,0,0
2025-03-04 12:45:00+05:30,538.9047275632324,36.375,28.775,12,1,0,1,539.7447704774673,548.3648190576492,0,0
2025-03-04 13:00:00+05:30,533.9209452300423,35.625,34.7,13,1,0,1,538.9047275632324,544.8346084473073,0,0
2025-03-04 13:15:00+05:30,531.0021458203349,35.475,36.4,13,1,0,1,533.9209452300423,543.5148547171467,0,0
2025-03-04 13:30:00+05:30,532.5258290679911,35.075,37.3,13,1,0,1,531.0021458203349,543.1474262189578,0,0
2025-03-04 13:45:00+05:30,534.293820951335,35.0,36.925,13,1,0,1,532.5258290679911,544.5868715020808,0,0
2025-03-04 14:00:00+05:30,542.1972284816472,35.075,36.925,14,1,0,1,534.293820951335,549.6035575207642,0,0
2025-03-04 14:15:00+05:30,543.6523478956436,34.7,40.925,14,1,0,1,542.1972284816472,552.613512609519,0,0
2025-03-04 14:30:00+05:30,546.8772537598724,34.6,41.625,14,1,0,1,543.6523478956436,553.5246569799785,0,0
2025-03-04 14:45:00+05:30,550.0707966238938,34.325,42.325,14,1,0,1,546.8772537598724,553.2741649139101,0,0
2025-03-04 15:00:00+05:30,552.4459634349072,34.175,42.875,15,1,0,1,550.0707966238938,554.1726677556293,0,0
2025-03-04 15:15:00+05:30,554.1527862875438,33.875,43.725,15,1,0,1,552.4459634349072,552.8526943769784,0,0
2025-03-04 15:30:00+05:30,554.5206798216051,34.05,43.725,15,1,0,1,554.1527862875438,553.8217794483531,0,0
2025-03-04 15:45:00+05:30,550.972127405375,33.775,44.95,15,1,0,1,554.5206798216051,549.3604817069522,0,0
2025-03-04 16:00:00+05:30,553.6144997142286,33.5,45.2,16,1,0,1,550.972127405375,549.7966647259282,0,0
2025-03-04 16:15:00+05:30,546.2359854438901,33.55,44.8,16,1,0,1,553.6144997142286,546.7822812838918,0,0
2025-03-04 16:30:00+05:30,544.8302643312812,34.05,43.125,16,1,0,1,546.2359854438901,543.7943233298784,0,0
2025-03-04 16:45:00+05:30,540.2677387184488,34.25,43.2,16,1,0,1,544.8302643312812,537.0119960615739,0,0
2025-03-04 17:00:00+05:30,536.6688075141437,33.8,44.3,17,1,0,1,540.2677387184488,531.5027161762878,0,0
2025-03-04 17:15:00+05:30,531.1103609339386,33.875,44.45,17,1,0,1,536.6688075141437,524.3989573222702,0,0
2025-03-04 17:30:00+05:30,523.1758359574401,33.0,46.75,17,1,0,1,531.1103609339386,514.222156165311,0,0
2025-03-04 17:45:00+05:30,518.3181028035685,32.075,48.725,17,1,0,1,523.1758359574401,508.1575232319592,0,0
2025-03-04 18:00:00+05:30,509.5558155753973,31.175,50.925,18,1,0,0,518.3181028035685,501.4205781112303,0,0
2025-03-04 18:15:00+05:30,500.2432028528236,30.6,52.475,18,1,0,0,509.5558155753973,492.0673856453884,0,0
2025-03-04 18:30:00+05:30,496.36370620156873,30.2,52.725,18,1,0,0,500.2432028528236,490.7461283699933,0,0
2025-03-04 18:45:00+05:30,490.4319619859974,30.0,53.1,18,1,0,0,496.36370620156873,484.2059837220583,0,0
2025-03-04 19:00:00+05:30,483.9388375982337,29.85,53.575,19,1,0,0,490.4319619859974,478.15369495947607,0,0
2025-03-04 19:15:00+05:30,476.16050388302375,29.675,53.55,19,1,0,0,483.9388375982337,471.7125888603486,0,0
2025-03-04 19:30:00+05:30,467.8760572127399,29.625,53.3,19,1,0,0,476.16050388302375,463.55965637634745,0,0
2025-03-04 19:45:00+05:30,459.2708274943012,29.475,53.0,19,1,0,0,467.8760572127399,454.2179337445827,0,0
2025-03-04 20:00:00+05:30,449.2233874719237,29.35,52.65,20,1,0,0,459.2708274943012,445.8592906969823,0,0
2025-03-04 20:15:00+05:30,444.3311046416775,29.25,52.3,20,1,0,0,449.2233874719237,440.0287781243014,0,0
2025-03-04 20:30:00+05:30,437.0354019473185,29.25,51.375,20,1,0,0,444.3311046416775,433.91985512719566,0,0
2025-03-04 20:45:00+05:30,433.1260213394187,29.175,50.25,20,1,0,0,437.0354019473185,428.05604915366695,0,0
2025-03-04 21:00:00+05:30,426.6751857800448,29.15,49.275,21,1,0,0,433.1260213394187,422.91919098787054,0,0
2025-03-04 21:15:00+05:30,419.8964304713737,29.075,48.9,21,1,0,0,426.6751857800448,416.34582971879183,0,0
2025-03-04 21:30:00+05:30,412.3238484818249,29.0,48.775,21,1,0,0,419.8964304713737,411.3950273271045,0,0
2025-03-04 21:45:00+05:30,408.434917318625,28.85,48.925,21,1,0,0,412.3238484818249,406.36696961665496,0,0
2025-03-04 22:00:00+05:30,400.9701939255924,28.75,48.875,22,1,0,0,408.434917318625,400.64375370698576,0,0
2025-03-04 22:15:00+05:30,397.12219993686,28.575,49.3,22,1,0,0,400.9701939255924,397.8113354412936,0,0
2025-03-04 22:30:00+05:30,394.00324471263616,28.475,48.7,22,1,0,0,397.12219993686,397.34800297327,0,0
2025-03-04 22:45:00+05:30,390.7612594882962,28.4,48.425,22,1,0,0,394.00324471263616,393.2335291768301,0,0
2025-03-04 23:00:00+05:30,385.9810423632323,28.325,48.35,23,1,0,0,390.7612594882962,387.2732093033563,0,0
2025-03-04 23:15:00+05:30,378.4388767229399,28.3,47.925,23,1,0,0,385.9810423632323,380.9136713530465,0,0
2025-03-04 23:30:00+05:30,374.0800281993762,28.15,47.6,23,1,0,0,378.4388767229399,376.5958736998055,0,0
2025-03-04 23:45:00+05:30,368.69361641800873,28.05,47.175,23,1,0,0,374.0800281993762,370.2174053408217,0,0
2025-03-05 00:00:00+05:30,362.4311230186022,28.05,46.875,0,2,0,0,368.69361641800873,366.01826048824,0,0
2025-03-05 00:15:00+05:30,355.8850315083348,27.925,46.9,0,2,0,0,362.4311230186022,361.0190692457674,0,0
2025-03-05 00:30:00+05:30,349.2250790957844,27.875000000000004,46.525,0,2,0,0,355.8850315083348,354.2736744819687,0,0
2025-03-05 00:45:00+05:30,344.78022178337096,27.725,46.925,0,2,0,0,349.2250790957844,350.3822749401898,0,0
2025-03-05 01:00:00+05:30,341.1109726556346,27.55,47.400000000000006,1,2,0,0,344.78022178337096,347.288170315995,0,0
2025-03-05 01:15:00+05:30,337.30420319757764,27.475,47.3,1,2,0,0,341.1109726556346,345.3229805796587,0,0
2025-03-05 01:30:00+05:30,333.3348291474397,27.4,47.05,1,2,0,0,337.30420319757764,341.47463368128484,0,0
2025-03-05 01:45:00+05:30,329.9402051543407,27.225,47.650000000000006,1,2,0,0,333.3348291474397,338.5371133175312,0,0
2025-03-05 02:00:00+05:30,328.85977722061443,27.05,48.85,2,2,0,0,329.9402051543407,334.9669472501825,0,0
2025-03-05 02:15:00+05:30,325.1106101617683,26.975,48.75,2,2,0,0,328.85977722061443,330.1674541973049,0,0
2025-03-05 02:30:00+05:30,320.2402017634614,26.825000000000003,48.6,2,2,0,0,325.1106101617683,326.92818464985606,0,0
2025-03-05 02:45:00+05:30,315.5521268101866,26.725,47.875,2,2,0,0,320.2402017634614,322.28761171857246,0,0
2025-03-05 03:00:00+05:30,311.772555222845,26.700000000000003,47.275,3,2,0,0,315.5521268101866,320.44796477725,0,0
2025-03-05 03:15:00+05:30,307.5566365367606,26.6,47.15,3,2,0,0,311.772555222845,318.4212654880874,0,0
2025-03-05 03:30:00+05:30,306.11101665388696,26.475,47.575,3,2,0,0,307.5566365367606,316.47052180491,0,0
2025-03-05 03:45:00+05:30,302.6460497114853,26.325,47.65,3,2,0,0,306.11101665388696,311.97016660626497,0,0
2025-03-05 04:00:00+05:30,302.6142290475555,26.3,46.875,4,2,0,0,302.6460497114853,311.0716186054887,0,0
2025-03-05 04:15:00+05:30,300.6473972587579,26.25,47.025,4,2,0,0,302.6142290475555,310.8954990627462,0,0
2025-03-05 04:30:00+05:30,300.5903974608218,26.2,46.75,4,2,0,0,300.6473972587579,310.4324169100462,0,0
2025-03-05 04:45:00+05:30,300.7405349129888,26.05,46.875,4,2,0,0,300.5903974608218,310.764867161145,0,0
2025-03-05 05:00:00+05:30,302.46647932530897,25.975,47.225,5,2,0,0,300.7405349129888,312.5322165228799,0,0
2025-03-05 05:15:00+05:30,303.76880087764226,25.825,47.75,5,2,0,0,302.46647932530897,313.21680450087376,0,0
2025-03-05 05:30:00+05:30,307.4575791391613,25.725,48.025,5,2,0,0,303.76880087764226,317.0745512842162,0,0
2025-03-05 05:45:00+05:30,314.126235418069,25.6,48.675,5,2,0,0,307.4575791391613,323.2656481765076,0,0
2025-03-05 06:00:00+05:30,323.35252121915045,25.5,48.375,6,2,0,0,314.126235418069,331.5268596183324,0,0
2025-03-05 06:15:00+05:30,329.4810608317277,25.4,48.1,6,2,0,0,323.35252121915045,336.8559399744162,0,0
2025-03-05 06:30:00+05:30,336.0003808232686,25.2,49.25,6,2,0,0,329.4810608317277,340.32773654710854,0,0
2025-03-05 06:45:00+05:30,346.2761844896668,25.125,49.225,6,2,0,0,336.0003808232686,350.6062047943113,0,0
2025-03-05 07:00:00+05:30,357.48716082521986,25.25,49.325,7,2,0,0,346.2761844896668,360.92393200916496,0,0
2025-03-05 07:15:00+05:30,371.7859159324029,25.4,48.05,7,2,0,0,357.48716082521986,373.0429855518411,0,0
2025-03-05 07:30:00+05:30,388.81951156843365,25.675,47.150000000000006,7,2,0,0,371.7859159324029,389.84645823341873,0,0
2025-03-05 07:45:00+05:30,402.68053484807376,26.1,46.325,7,2,0,0,388.81951156843365,407.2563140064236,0,0
2025-03-05 08:00:00+05:30,422.8428437722636,26.575000000000003,43.2,8,2,0,0,402.68053484807376,426.2350169445249,0,0
2025-03-05 08:15:00+05:30,442.7802727347623,27.225,41.725,8,2,0,0,422.8428437722636,442.8448542189713,0,0
2025-03-05 08:30:00+05:30,460.9817929809491,28.225,39.55,8,2,0,0,442.7802727347623,461.18403433800495,0,0
2025-03-05 08:45:00+05:30,473.42331498343145,29.25,37.05,8,2,0,0,460.9817929809491,474.9671873199388,0,0
2025-03-05 09:00:00+05:30,485.79489058675,29.925,35.125,9,2,0,1,473.42331498343145,489.6423100769486,0,0
2025-03-05 09:15:00+05:30,496.8388948300114,30.55,34.175000000000004,9,2,0,1,485.79489058675,501.0850530055537,0,0
2025-03-05 09:30:00+05:30,504.478674083238,31.1,33.525,9,2,0,1,496.8388948300114,510.1455415641199,0,0
2025-03-05 09:45:00+05:30,515.7410510867708,31.6,32.875,9,2,0,1,504.478674083238,520.2614767077976,0,0
2025-03-05 10:00:00+05:30,521.4665019942777,32.25,32.099999999999994,10,2,0,1,515.7410510867708,528.2470004665313,0,0
2025-03-05 10:15:00+05:30,531.2233900878717,32.724999999999994,30.275,10,2,0,1,521.4665019942777,532.5269855363999,0,0
2025-03-05 10:30:00+05:30,534.9661288557926,33.25,29.1,10,2,0,1,531.2233900878717,542.2159383730725,0,0
2025-03-05 10:45:00+05:30,538.5095835365267,33.849999999999994,27.775,10,2,0,1,534.9661288557926,543.6314372134535,0,0
2025-03-05 11:00:00+05:30,541.1937290130535,34.3,29.275,11,2,0,1,538.5095835365267,548.145460549905,0,0
2025-03-05 11:15:00+05:30,542.0975270685755,34.525,28.575,11,2,0,1,541.1937290130535,545.2834842224162,0,0
2025-03-05 11:30:00+05:30,544.0151846336852,34.875,29.2,11,2,0,1,542.0975270685755,544.0391520267649,0,0
2025-03-05 11:45:00+05:30,542.9415718210784,35.224999999999994,29.05,11,2,0,1,544.0151846336852,545.7948415004627,0,0
2025-03-05 12:00:00+05:30,545.2397745933166,35.650000000000006,28.6,12,2,0,1,542.9415718210784,545.6874634081238,0,0
2025-03-05 12:15:00+05:30,543.2028392950621,36.325,27.075000000000003,12,2,0,1,545.2397745933166,542.0541905633612,0,0
2025-03-05 12:30:00+05:30,543.7185040398506,36.675,28.7,12,2,0,1,543.2028392950621,539.7447704774673,0,0
2025-03-05 12:45:00+05:30,542.0987290980694,36.425,31.85,12,2,0,1,543.7185040398506,538.9047275632324,0,0
2025-03-05 13:00:00+05:30,538.1402667993708,36.3,31.825000000000003,13,2,0,1,542.0987290980694,533.9209452300423,0,0
2025-03-05 13:15:00+05:30,539.0544829627597,36.45,30.75,13,2,0,1,538.1402667993708,531.0021458203349,0,0
2025-03-05 13:30:00+05:30,536.8615473927442,36.425,30.025,13,2,0,1,539.0544829627597,532.5258290679911,0,0
2025-03-05 13:45:00+05:30,537.738552474765,36.45,29.6,13,2,0,1,536.8615473927442,534.293820951335,0,0
2025-03-05 14:00:00+05:30,544.2312170653664,36.725,29.15,14,2,0,1,537.738552474765,542.1972284816472,0,0
2025-03-05 14:15:00+05:30,547.9202780827461,36.775000000000006,28.25,14,2,0,1,544.2312170653664,543.6523478956436,0,0
2025-03-05 14:30:00+05:30,551.0460039695339,36.825,30.325000000000003,14,2,0,1,547.9202780827461,546.8772537598724,0,0
2025-03-05 14:45:00+05:30,551.1997097001421,36.675,30.575,14,2,0,1,551.0460039695339,550.0707966238938,0,0
2025-03-05 15:00:00+05:30,552.5179692900954,36.225,30.950000000000003,15,2,0,1,551.1997097001421,552.4459634349072,0,0
2025-03-05 15:15:00+05:30,556.2740124204008,36.15,31.325,15,2,0,1,552.5179692900954,554.1527862875438,0,0
2025-03-05 15:30:00+05:30,556.0443502391722,36.25,31.300000000000004,15,2,0,1,556.2740124204008,554.5206798216051,0,0
2025-03-05 15:45:00+05:30,551.9855839991518,36.475,30.325000000000003,15,2,0,1,556.0443502391722,550.972127405375,0,0
2025-03-05 16:00:00+05:30,554.6097281533474,36.525,29.15,16,2,0,1,551.9855839991518,553.6144997142286,0,0
2025-03-05 16:15:00+05:30,550.7562227375279,36.275,29.7,16,2,0,1,554.6097281533474,546.2359854438901,0,0
2025-03-05 16:30:00+05:30,546.0462002514275,36.95,29.550000000000004,16,2,0,1,550.7562227375279,544.8302643312812,0,0
2025-03-05 16:45:00+05:30,539.2765303792327,37.2,27.875,16,2,0,1,546.0462002514275,540.2677387184488,0,0
2025-03-05 17:00:00+05:30,536.2986130601467,36.8,28.4,17,2,0,1,539.2765303792327,536.6688075141437,0,0
2025-03-05 17:15:00+05:30,530.0799564949292,36.35,29.025,17,2,0,1,536.2986130601467,531.1103609339386,0,0
2025-03-05 17:30:00+05:30,521.8055207642493,35.175000000000004,30.175000000000004,17,2,0,1,530.0799564949292,523.1758359574401,0,0
2025-03-05 17:45:00+05:30,513.4502992891547,33.75,32.075,17,2,0,1,521.8055207642493,518.3181028035685,0,0
2025-03-05 18:00:00+05:30,505.4672996790264,32.650000000000006,34.125,18,2,0,0,513.4502992891547,509.5558155753973,0,0
2025-03-05 18:15:00+05:30,496.1695854027867,31.775,36.8,18,2,0,0,505.4672996790264,500.2432028528236,0,0
2025-03-05 18:30:00+05:30,489.7550034402032,31.15,39.125,18,2,0,0,496.1695854027867,496.36370620156873,0,0
2025-03-05 18:45:00+05:30,484.52609343710026,30.625,41.15,18,2,0,0,489.7550034402032,490.4319619859974,0,0
2025-03-05 19:00:00+05:30,477.6238718520629,30.275,43.1,19,2,0,0,484.52609343710026,483.9388375982337,0,0
2025-03-05 19:15:00+05:30,469.1938234906936,29.975,44.50000000000001,19,2,0,0,477.6238718520629,476.16050388302375,0,0
2025-03-05 19:30:00+05:30,463.2693328220531,29.725,45.975,19,2,0,0,469.1938234906936,467.8760572127399,0,0
2025-03-05 19:45:00+05:30,453.8976351246141,29.575000000000003,46.775,19,2,0,0,463.2693328220531,459.2708274943012,0,0
2025-03-05 20:00:00+05:30,446.0375343594179,29.425000000000004,47.125,20,2,0,0,453.8976351246141,449.2233874719237,0,0
2025-03-05 20:15:00+05:30,440.1539661828431,29.3,47.925,20,2,0,0,446.0375343594179,444.3311046416775,0,0
2025-03-05 20:30:00+05:30,432.2839133784883,29.15,48.475,20,2,0,0,440.1539661828431,437.0354019473185,0,0
2025-03-05 20:45:00+05:30,429.4407302694096,29.05,48.95,20,2,0,0,432.2839133784883,433.1260213394187,0,0
2025-03-05 21:00:00+05:30,423.6473316831108,29.025,49.125,21,2,0,0,429.4407302694096,426.6751857800448,0,0
2025-03-05 21:15:00+05:30,418.1728750096758,28.85,49.425,21,2,0,0,423.6473316831108,419.8964304713737,0,0
2025-03-05 21:30:00+05:30,413.8295199092299,28.725,49.275,21,2,0,0,418.1728750096758,412.3238484818249,0,0
2025-03-05 21:45:00+05:30,407.0846780765379,28.55,49.875,21,2,0,0,413.8295199092299,408.434917318625,0,0
2025-03-05 22:00:00+05:30,401.3941901739504,28.25,49.8,22,2,0,0,407.0846780765379,400.9701939255924,0,0
2025-03-05 22:15:00+05:30,397.62383364670126,28.1,50.6,22,2,0,0,401.3941901739504,397.12219993686,0,0
2025-03-05 22:30:00+05:30,394.21435631547934,27.95,50.675,22,2,0,0,397.62383364670126,394.00324471263616,0,0
2025-03-05 22:45:00+05:30,387.6138923065079,27.825,52.075,22,2,0,0,394.21435631547934,390.7612594882962,0,0
2025-03-05 23:00:00+05:30,382.5129374538819,27.65,52.05,23,2,0,0,387.6138923065079,385.9810423632323,0,0
2025-03-05 23:15:00+05:30,377.83648733213306,27.45,53.025,23,2,0,0,382.5129374538819,378.4388767229399,0,0
2025-03-05 23:30:00+05:30,374.5950370584068,27.175,52.925,23,2,0,0,377.83648733213306,374.0800281993762,0,0
2025-03-05 23:45:00+05:30,368.93003328283726,26.95,53.650000000000006,23,2,0,0,374.5950370584068,368.69361641800873,0,0
2025-03-06 00:00:00+05:30,360.7075101711188,26.433333333333337,53.06666666666666,0,3,0,0,368.93003328283726,362.4311230186022,0,0
2025-03-06 00:15:00+05:30,354.9865952693584,26.33333333333333,53.23333333333333,0,3,0,0,360.7075101711188,355.8850315083348,0,0
2025-03-06 00:30:00+05:30,347.8059939526249,26.26666666666667,52.833333333333336,0,3,0,0,354.9865952693584,349.2250790957844,0,0
2025-03-06 00:45:00+05:30,345.6821230965097,26.2,50.6,0,3,0,0,347.8059939526249,344.78022178337096,0,0
2025-03-06 01:00:00+05:30,342.2488559922676,26.23333333333333,49.53333333333333,1,3,0,0,345.6821230965097,341.1109726556346,0,0
2025-03-06 01:15:00+05:30,336.6055241441531,26.1,49.0,1,3,0,0,342.2488559922676,337.30420319757764,0,0
2025-03-06 01:30:00+05:30,331.6043267046802,25.9,49.20000000000001,1,3,0,0,336.6055241441531,333.3348291474397,0,0
2025-03-06 01:45:00+05:30,327.1271434985325,25.83333333333333,50.333333333333336,1,3,0,0,331.6043267046802,329.9402051543407,0,0
2025-03-06 02:00:00+05:30,324.57908503122724,25.73333333333333,49.333333333333336,2,3,0,0,327.1271434985325,328.85977722061443,0,0
2025-03-06 02:15:00+05:30,319.7986006098076,25.53333333333333,48.2,2,3,0,0,324.57908503122724,325.1106101617683,0,0
2025-03-06 02:30:00+05:30,317.5000777604567,25.5,47.16666666666666,2,3,0,0,319.7986006098076,320.2402017634614,0,0
2025-03-06 02:45:00+05:30,314.3567382934301,25.53333333333333,45.53333333333334,2,3,0,0,317.5000777604567,315.5521268101866,0,0
2025-03-06 03:00:00+05:30,312.0524953463328,25.46666666666667,45.133333333333326,3,3,0,0,314.3567382934301,311.772555222845,0,0
2025-03-06 03:15:00+05:30,311.6407631889331,25.366666666666664,45.06666666666666,3,3,0,0,312.0524953463328,307.5566365367606,0,0
2025-03-06 03:30:00+05:30,307.9549697720703,25.23333333333333,44.43333333333334,3,3,0,0,311.6407631889331,306.11101665388696,0,0
2025-03-06 03:45:00+05:30,304.69989448151154,25.166666666666668,44.633333333333326,3,3,0,0,307.9549697720703,302.6460497114853,0,0
2025-03-06 04:00:00+05:30,303.1688036366846,25.066666666666663,44.5,4,3,0,0,304.69989448151154,302.6142290475555,0,0
2025-03-06 04:15:00+05:30,303.1881125557187,24.899999999999995,44.70000000000001,4,3,0,0,303.1688036366846,300.6473972587579,0,0
2025-03-06 04:30:00+05:30,302.6779309456258,24.766666666666666,44.7,4,3,0,0,303.1881125557187,300.5903974608218,0,0
2025-03-06 04:45:00+05:30,303.32368418235814,24.73333333333333,42.8,4,3,0,0,302.6779309456258,300.7405349129888,0,0
2025-03-06 05:00:00+05:30,305.12084046438395,24.6,44.93333333333334,5,3,0,0,303.32368418235814,302.46647932530897,0,0
2025-03-06 05:15:00+05:30,306.7260438007289,24.433333333333334,45.6,5,3,0,0,305.12084046438395,303.76880087764226,0,0
2025-03-06 05:30:00+05:30,311.60861295688665,24.26666666666667,46.5,5,3,0,0,306.7260438007289,307.4575791391613,0,0
2025-03-06 05:45:00+05:30,317.2313064503945,24.26666666666667,45.29999999999999,5,3,0,0,311.60861295688665,314.126235418069,0,0
2025-03-06 06:00:00+05:30,323.4179049677264,24.166666666666668,44.833333333333336,6,3,0,0,317.2313064503945,323.35252121915045,0,0
2025-03-06 06:15:00+05:30,329.79428498878536,24.03333333333333,44.93333333333334,6,3,0,0,323.4179049677264,329.4810608317277,0,0
2025-03-06 06:30:00+05:30,338.9113590807289,24.03333333333333,46.26666666666667,6,3,0,0,329.79428498878536,336.0003808232686,0,0
2025-03-06 06:45:00+05:30,349.7453919487358,23.933333333333334,46.63333333333333,6,3,0,0,338.9113590807289,346.2761844896668,0,0
2025-03-06 07:00:00+05:30,362.4633476261142,24.066666666666663,46.36666666666667,7,3,0,0,349.7453919487358,357.48716082521986,0,0
2025-03-06 07:15:00+05:30,373.1280149534133,24.3,43.16666666666666,7,3,0,0,362.4633476261142,371.7859159324029,0,0
2025-03-06 07:30:00+05:30,389.92551518526005,24.53333333333333,43.2,7,3,0,0,373.1280149534133,388.81951156843365,0,0
2025-03-06 07:45:00+05:30,403.7780471821482,24.96666666666667,43.0,7,3,0,0,389.92551518526005,402.68053484807376,0,0
2025-03-06 08:00:00+05:30,421.5953208402261,25.53333333333333,41.06666666666666,8,3,0,0,403.7780471821482,422.8428437722636,0,0
2025-03-06 08:15:00+05:30,440.7113961293498,26.3,40.0,8,3,0,0,421.5953208402261,442.7802727347623,0,0
2025-03-06 08:30:00+05:30,457.23596316576953,26.96666666666667,37.13333333333333,8,3,0,0,440.7113961293498,460.9817929809491,0,0
2025-03-06 08:45:00+05:30,472.1006937809471,27.566666666666663,34.96666666666667,8,3,0,0,457.23596316576953,473.42331498343145,0,0
2025-03-06 09:00:00+05:30,482.2873379120127,28.166666666666668,31.466666666666665,9,3,0,1,472.1006937809471,485.79489058675,0,0
2025-03-06 09:15:00+05:30,491.7506823140441,28.766666666666666,30.100000000000005,9,3,0,1,482.2873379120127,496.8388948300114,0,0
2025-03-06 09:30:00+05:30,500.7803289149279,29.3,29.2,9,3,0,1,491.7506823140441,504.478674083238,0,0
2025-03-06 09:45:00+05:30,510.5728151759049,29.766666666666666,29.433333333333337,9,3,0,1,500.7803289149279,515.7410510867708,0,0
2025-03-06 10:00:00+05:30,517.5603258989366,30.366666666666664,29.46666666666667,10,3,0,1,510.5728151759049,521.4665019942777,0,0
2025-03-06 10:15:00+05:30,524.7090834159403,30.933333333333334,26.1,10,3,0,1,517.5603258989366,531.2233900878717,0,0
2025-03-06 10:30:00+05:30,528.8080392339798,31.666666666666668,23.766666666666666,10,3,0,1,524.7090834159403,534.9661288557926,0,0
2025-03-06 10:45:00+05:30,531.9879736043316,32.36666666666667,23.3,10,3,0,1,528.8080392339798,538.5095835365267,0,0
2025-03-06 11:00:00+05:30,536.0976084222824,32.96666666666667,22.4,11,3,0,1,531.9879736043316,541.1937290130535,0,0
2025-03-06 11:15:00+05:30,535.1456258403961,33.666666666666664,22.6,11,3,0,1,536.0976084222824,542.0975270685755,0,0
2025-03-06 11:30:00+05:30,512.5053897438103,33.96666666666667,22.5,11,3,0,1,535.1456258403961,544.0151846336852,0,0
2025-03-06 11:45:00+05:30,523.4730309239277,33.76666666666667,25.066666666666663,11,3,0,1,512.5053897438103,542.9415718210784,0,0
2025-03-06 12:00:00+05:30,532.4559247924782,33.7,24.2,12,3,0,1,523.4730309239277,545.2397745933166,0,0
2025-03-06 12:15:00+05:30,535.4183943842347,33.86666666666667,23.0,12,3,0,1,532.4559247924782,543.2028392950621,0,0
2025-03-06 12:30:00+05:30,533.3231850011756,33.9,26.2,12,3,0,1,535.4183943842347,543.7185040398506,0,0
2025-03-06 12:45:00+05:30,533.1884781196172,34.23333333333333,25.33333333333333,12,3,0,1,533.3231850011756,542.0987290980694,0,0
2025-03-06 13:00:00+05:30,529.9705742134172,34.36666666666667,24.866666666666664,13,3,0,1,533.1884781196172,538.1402667993708,0,0
2025-03-06 13:15:00+05:30,527.0255212323289,34.6,24.5,13,3,0,1,529.9705742134172,539.0544829627597,0,0
2025-03-06 13:30:00+05:30,524.2399619083061,34.5,24.2,13,3,0,1,527.0255212323289,536.8615473927442,0,0
2025-03-06 13:45:00+05:30,529.3346053753176,34.4,22.53333333333333,13,3,0,1,524.2399619083061,537.738552474765,0,0
2025-03-06 14:00:00+05:30,532.8064034787121,34.4,23.96666666666667,14,3,0,1,529.3346053753176,544.2312170653664,0,0
2025-03-06 14:15:00+05:30,534.5355438519018,34.333333333333336,25.433333333333334,14,3,0,1,532.8064034787121,547.9202780827461,0,0
2025-03-06 14:30:00+05:30,535.2810760834526,34.0,27.2,14,3,0,1,534.5355438519018,551.0460039695339,0,0
2025-03-06 14:45:00+05:30,536.5116322383794,33.93333333333333,26.166666666666668,14,3,0,1,535.2810760834526,551.1997097001421,0,0
2025-03-06 15:00:00+05:30,537.6859361682527,33.53333333333333,25.96666666666667,15,3,0,1,536.5116322383794,552.5179692900954,0,0
2025-03-06 15:15:00+05:30,537.3595445568684,33.43333333333333,27.066666666666663,15,3,0,1,537.6859361682527,556.2740124204008,0,0
2025-03-06 15:30:00+05:30,537.1913394491655,33.300000000000004,28.4,15,3,0,1,537.3595445568684,556.0443502391722,0,0
2025-03-06 15:45:00+05:30,535.0255811259912,33.56666666666667,28.5,15,3,0,1,537.1913394491655,551.9855839991518,0,0
2025-03-06 16:00:00+05:30,536.4622234083184,33.13333333333333,29.166666666666668,16,3,0,1,535.0255811259912,554.6097281533474,0,0
2025-03-06 16:15:00+05:30,528.3718735816722,32.800000000000004,26.5,16,3,0,1,536.4622234083184,550.7562227375279,0,0
2025-03-06 16:30:00+05:30,526.9584790567944,33.96666666666666,25.8,16,3,0,1,528.3718735816722,546.0462002514275,0,0
2025-03-06 16:45:00+05:30,522.4125786984617,34.333333333333336,27.53333333333333,16,3,0,1,526.9584790567944,539.2765303792327,0,0
2025-03-06 17:00:00+05:30,517.4435919024778,34.666666666666664,28.066666666666663,17,3,0,1,522.4125786984617,536.2986130601467,0,0
2025-03-06 17:15:00+05:30,512.9527320116213,33.833333333333336,27.46666666666667,17,3,0,1,517.4435919024778,530.0799564949292,0,0
2025-03-06 17:30:00+05:30,505.3080081522042,32.63333333333333,28.4,17,3,0,1,512.9527320116213,521.8055207642493,0,0
2025-03-06 17:45:00+05:30,499.6793312526992,32.0,30.100000000000005,17,3,0,1,505.3080081522042,513.4502992891547,0,0
2025-03-06 18:00:00+05:30,492.5995352212517,31.33333333333333,30.566666666666663,18,3,0,0,499.6793312526992,505.4672996790264,0,0
2025-03-06 18:15:00+05:30,484.6146361905064,30.633333333333336,32.400000000000006,18,3,0,0,492.5995352212517,496.1695854027867,0,0
2025-03-06 18:30:00+05:30,479.149101856791,29.96666666666667,35.06666666666667,18,3,0,0,484.6146361905064,489.7550034402032,0,0
2025-03-06 18:45:00+05:30,476.3022113390759,29.566666666666663,37.7,18,3,0,0,479.149101856791,484.52609343710026,0,0
2025-03-06 19:00:00+05:30,472.7136486969797,29.3,39.833333333333336,19,3,0,0,476.3022113390759,477.6238718520629,0,0
2025-03-06 19:15:00+05:30,466.31263982879295,29.133333333333336,40.5,19,3,0,0,472.7136486969797,469.1938234906936,0,0
2025-03-06 19:30:00+05:30,460.3558542442029,29.03333333333333,40.16666666666666,19,3,0,0,466.31263982879295,463.2693328220531,0,0
2025-03-06 19:45:00+05:30,454.3729861364037,28.933333333333334,40.56666666666666,19,3,0,0,460.3558542442029,453.8976351246141,0,0
2025-03-06 20:00:00+05:30,445.062545495264,28.866666666666664,40.4,20,3,0,0,454.3729861364037,446.0375343594179,0,0
2025-03-06 20:15:00+05:30,437.28055396610455,28.666666666666668,40.5,20,3,0,0,445.062545495264,440.1539661828431,0,0
2025-03-06 20:30:00+05:30,431.24481592527513,28.566666666666663,40.333333333333336,20,3,0,0,437.28055396610455,432.2839133784883,0,0
2025-03-06 20:45:00+05:30,424.42500596984667,28.5,39.86666666666667,20,3,0,0,431.24481592527513,429.4407302694096,0,0
2025-03-06 21:00:00+05:30,417.1994477038221,28.3,40.03333333333334,21,3,0,0,424.42500596984667,423.6473316831108,0,0
2025-03-06 21:15:00+05:30,414.4602549641323,28.066666666666663,40.16666666666666,21,3,0,0,417.1994477038221,418.1728750096758,0,0
2025-03-06 21:30:00+05:30,411.4455403982643,27.933333333333334,40.46666666666666,21,3,0,0,414.4602549641323,413.8295199092299,0,0
2025-03-06 21:45:00+05:30,404.2673610370695,27.666666666666668,40.86666666666667,21,3,0,0,411.4455403982643,407.0846780765379,0,0
2025-03-06 22:00:00+05:30,396.9534756478894,27.53333333333333,40.96666666666667,22,3,0,0,404.2673610370695,401.3941901739504,0,0
2025-03-06 22:15:00+05:30,393.359440499701,27.4,40.03333333333333,22,3,0,0,396.9534756478894,397.62383364670126,0,0
2025-03-06 22:30:00+05:30,388.9531320817774,27.2,41.16666666666666,22,3,0,0,393.359440499701,394.21435631547934,0,0
2025-03-06 22:45:00+05:30,384.465551845265,27.03333333333333,41.73333333333333,22,3,0,0,388.9531320817774,387.6138923065079,0,0
2025-03-06 23:00:00+05:30,378.9408462082655,26.7,42.93333333333334,23,3,0,0,384.465551845265,382.5129374538819,0,0
2025-03-06 23:15:00+05:30,372.83488633769525,26.53333333333333,44.26666666666667,23,3,0,0,378.9408462082655,377.83648733213306,0,0
2025-03-06 23:30:00+05:30,367.9136959706207,26.3,44.6,23,3,0,0,372.83488633769525,374.5950370584068,0,0
2025-03-06 23:45:00+05:30,364.03834837207467,26.100000000000005,44.9,23,3,0,0,367.9136959706207,368.93003328283726,0,0
2025-03-07 00:00:00+05:30,359.19009890859604,25.933333333333334,45.1,0,4,0,0,364.03834837207467,360.7075101711188,0,0
2025-03-07 00:15:00+05:30,352.29165324612035,25.9,43.96666666666667,0,4,0,0,359.19009890859604,354.9865952693584,0,0
2025-03-07 00:30:00+05:30,345.6676186515575,25.8,44.0,0,4,0,0,352.29165324612035,347.8059939526249,0,0
2025-03-07 00:45:00+05:30,343.2120460373962,25.766666666666666,44.333333333333336,0,4,0,0,345.6676186515575,345.6821230965097,0,0
2025-03-07 01:00:00+05:30,340.7200472019762,25.5,45.23333333333333,1,4,0,0,343.2120460373962,342.2488559922676,0,0
2025-03-07 01:15:00+05:30,338.32094610084,25.3,46.53333333333333,1,4,0,0,340.7200472019762,336.6055241441531,0,0
2025-03-07 01:30:00+05:30,333.90586678001614,25.166666666666668,46.93333333333334,1,4,0,0,338.32094610084,331.6043267046802,0,0
2025-03-07 01:45:00+05:30,331.071706558129,25.166666666666668,46.06666666666666,1,4,0,0,333.90586678001614,327.1271434985325,0,0
2025-03-07 02:00:00+05:30,327.6896343389027,25.166666666666668,45.29999999999999,2,4,0,0,331.071706558129,324.57908503122724,0,0
2025-03-07 02:15:00+05:30,323.5401994258774,25.03333333333333,45.9,2,4,0,0,327.6896343389027,319.7986006098076,0,0
2025-03-07 02:30:00+05:30,318.4297681076686,24.83333333333333,46.43333333333334,2,4,0,0,323.5401994258774,317.5000777604567,0,0
2025-03-07 02:45:00+05:30,314.69828241963904,24.8,47.26666666666667,2,4,0,0,318.4297681076686,314.3567382934301,0,0
2025-03-07 03:00:00+05:30,311.4768870003965,24.566666666666663,49.36666666666667,3,4,0,0,314.69828241963904,312.0524953463328,0,0
2025-03-07 03:15:00+05:30,309.6064360723409,24.5,48.0,3,4,0,0,311.4768870003965,311.6407631889331,0,0
2025-03-07 03:30:00+05:30,306.80096603688173,24.5,48.633333333333326,3,4,0,0,309.6064360723409,307.9549697720703,0,0
2025-03-07 03:45:00+05:30,304.5363595117922,24.33333333333333,48.73333333333333,3,4,0,0,306.80096603688173,304.69989448151154,0,0
2025-03-07 04:00:00+05:30,303.06223873255544,24.23333333333333,49.53333333333333,4,4,0,0,304.5363595117922,303.1688036366846,0,0
2025-03-07 04:15:00+05:30,303.2751650318642,24.166666666666668,49.2,4,4,0,0,303.06223873255544,303.1881125557187,0,0
2025-03-07 04:30:00+05:30,303.34093458276567,24.23333333333333,48.70000000000001,4,4,0,0,303.2751650318642,302.6779309456258,0,0
2025-03-07 04:45:00+05:30,304.267580613118,24.133333333333336,49.63333333333333,4,4,0,0,303.34093458276567,303.32368418235814,0,0
2025-03-07 05:00:00+05:30,304.7481327340016,23.96666666666667,50.9,5,4,0,0,304.267580613118,305.12084046438395,0,0
2025-03-07 05:15:00+05:30,304.7514139006629,23.83333333333333,49.9,5,4,0,0,304.7481327340016,306.7260438007289,0,0
2025-03-07 05:30:00+05:30,309.0741028700821,23.666666666666668,50.5,5,4,0,0,304.7514139006629,311.60861295688665,0,0
2025-03-07 05:45:00+05:30,312.1694499371956,23.7,49.133333333333326,5,4,0,0,309.0741028700821,317.2313064503945,0,0
2025-03-07 06:00:00+05:30,322.76959125837226,23.633333333333336,49.73333333333333,6,4,0,0,312.1694499371956,323.4179049677264,0,0
2025-03-07 06:15:00+05:30,326.3813322044805,23.666666666666668,50.53333333333333,6,4,0,0,322.76959125837226,329.79428498878536,0,0
2025-03-07 06:30:00+05:30,335.05002605287643,23.53333333333333,51.16666666666666,6,4,0,0,326.3813322044805,338.9113590807289,0,0
2025-03-07 06:45:00+05:30,345.2844148522456,23.6,50.96666666666666,6,4,0,0,335.05002605287643,349.7453919487358,0,0
2025-03-07 07:00:00+05:30,356.8617537017477,23.53333333333333,51.6,7,4,0,0,345.2844148522456,362.4633476261142,0,0
2025-03-07 07:15:00+05:30,367.981140208585,23.633333333333336,50.8,7,4,0,0,356.8617537017477,373.1280149534133,0,0
2025-03-07 07:30:00+05:30,383.6550355680136,24.03333333333333,50.5,7,4,0,0,367.981140208585,389.92551518526005,0,0
2025-03-07 07:45:00+05:30,399.5182117108027,24.433333333333334,49.23333333333333,7,4,0,0,383.6550355680136,403.7780471821482,0,0
2025-03-07 08:00:00+05:30,420.2935658700532,25.100000000000005,46.1,8,4,0,0,399.5182117108027,421.5953208402261,0,0
2025-03-07 08:15:00+05:30,436.0296253249307,25.9,45.66666666666666,8,4,0,0,420.2935658700532,440.7113961293498,0,0
2025-03-07 08:30:00+05:30,451.48757316419176,26.566666666666663,39.16666666666666,8,4,0,0,436.0296253249307,457.23596316576953,0,0
2025-03-07 08:45:00+05:30,468.3118199373184,27.3,36.2,8,4,0,0,451.48757316419176,472.1006937809471,0,0
2025-03-07 09:00:00+05:30,479.7529642049988,28.03333333333333,34.26666666666667,9,4,0,1,468.3118199373184,482.2873379120127,0,0
2025-03-07 09:15:00+05:30,491.1683687240798,28.633333333333336,31.933333333333337,9,4,0,1,479.7529642049988,491.7506823140441,0,0
2025-03-07 09:30:00+05:30,501.6771970395627,29.23333333333333,32.13333333333333,9,4,0,1,491.1683687240798,500.7803289149279,0,0
2025-03-07 09:45:00+05:30,512.1223540751369,29.8,31.03333333333333,9,4,0,1,501.6771970395627,510.5728151759049,0,0
2025-03-07 10:00:00+05:30,520.0861461314782,30.53333333333333,29.0,10,4,0,1,512.1223540751369,517.5603258989366,0,0
2025-03-07 10:15:00+05:30,527.0530843969226,31.1,26.566666666666663,10,4,0,1,520.0861461314782,524.7090834159403,0,0
2025-03-07 10:30:00+05:30,528.7587932918912,31.766666666666666,23.933333333333334,10,4,0,1,527.0530843969226,528.8080392339798,0,0
2025-03-07 10:45:00+05:30,530.3805672181948,32.43333333333333,24.566666666666663,10,4,0,1,528.7587932918912,531.9879736043316,0,0
2025-03-07 11:00:00+05:30,535.3934778782018,33.0,24.566666666666663,11,4,0,1,530.3805672181948,536.0976084222824,0,0
2025-03-07 11:15:00+05:30,536.6824658054738,33.5,24.399999999999995,11,4,0,1,535.3934778782018,535.1456258403961,0,0
2025-03-07 11:30:00+05:30,534.459985676816,34.06666666666666,23.46666666666667,11,4,0,1,536.6824658054738,512.5053897438103,0,0
2025-03-07 11:45:00+05:30,543.525863322489,34.46666666666667,25.766666666666666,11,4,0,1,534.459985676816,523.4730309239277,0,0
2025-03-07 12:00:00+05:30,545.437556115435,33.96666666666667,26.96666666666667,12,4,0,1,543.525863322489,532.4559247924782,0,0
2025-03-07 12:15:00+05:30,546.5038576391577,34.03333333333333,26.066666666666663,12,4,0,1,545.437556115435,535.4183943842347,0,0
2025-03-07 12:30:00+05:30,547.0718146739117,34.233333333333334,23.86666666666667,12,4,0,1,546.5038576391577,533.3231850011756,0,0
2025-03-07 12:45:00+05:30,545.2012589025384,34.56666666666667,22.83333333333333,12,4,0,1,547.0718146739117,533.1884781196172,0,0
2025-03-07 13:00:00+05:30,544.3262018979847,34.53333333333334,25.433333333333337,13,4,0,1,545.2012589025384,529.9705742134172,0,0
2025-03-07 13:15:00+05:30,539.1969763449548,34.76666666666667,25.76666666666667,13,4,0,1,544.3262018979847,527.0255212323289,0,0
2025-03-07 13:30:00+05:30,536.4123180853163,34.76666666666667,25.433333333333334,13,4,0,1,539.1969763449548,524.2399619083061,0,0
2025-03-07 13:45:00+05:30,537.0823694063535,34.6,26.166666666666668,13,4,0,1,536.4123180853163,529.3346053753176,0,0
2025-03-07 14:00:00+05:30,544.3823245488225,34.7,26.600000000000005,14,4,0,1,537.0823694063535,532.8064034787121,0,0
2025-03-07 14:15:00+05:30,549.0922706388104,34.6,27.46666666666667,14,4,0,1,544.3823245488225,534.5355438519018,0,0
2025-03-07 14:30:00+05:30,551.711639677064,34.5,27.23333333333333,14,4,0,1,549.0922706388104,535.2810760834526,0,0
2025-03-07 14:45:00+05:30,550.3857778898421,34.333333333333336,27.5,14,4,0,1,551.711639677064,536.5116322383794,0,0
2025-03-07 15:00:00+05:30,551.1850502056161,34.2,27.200000000000003,15,4,0,1,550.3857778898421,537.6859361682527,0,0
2025-03-07 15:15:00+05:30,551.4769117076642,34.26666666666666,27.866666666666664,15,4,0,1,551.1850502056161,537.3595445568684,0,0
2025-03-07 15:30:00+05:30,548.0294970833423,34.23333333333334,27.166666666666668,15,4,0,1,551.4769117076642,537.1913394491655,0,0
2025-03-07 15:45:00+05:30,535.4291576103933,34.46666666666667,26.0,15,4,0,1,548.0294970833423,535.0255811259912,0,0
2025-03-07 16:00:00+05:30,537.6746648050632,34.46666666666666,25.96666666666667,16,4,0,1,535.4291576103933,536.4622234083184,0,0
2025-03-07 16:15:00+05:30,533.7363715236482,34.13333333333333,25.666666666666668,16,4,0,1,537.6746648050632,528.3718735816722,0,0
2025-03-07 16:30:00+05:30,529.6911092341312,34.9,24.666666666666668,16,4,0,1,533.7363715236482,526.9584790567944,0,0
2025-03-07 16:45:00+05:30,524.971483439372,35.36666666666667,24.0,16,4,0,1,529.6911092341312,522.4125786984617,0,0
2025-03-07 17:00:00+05:30,522.3351950318511,35.4,24.166666666666668,17,4,0,1,524.971483439372,517.4435919024778,0,0
2025-03-07 17:15:00+05:30,517.0475699676196,34.766666666666666,25.4,17,4,0,1,522.3351950318511,512.9527320116213,0,0
2025-03-07 17:30:00+05:30,511.99614908156616,33.833333333333336,27.566666666666663,17,4,0,1,517.0475699676196,505.3080081522042,0,0
2025-03-07 17:45:00+05:30,504.7897491967887,33.23333333333333,28.83333333333333,17,4,0,1,511.99614908156616,499.6793312526992,0,0
2025-03-07 18:00:00+05:30,498.8908581853999,32.6,30.666666666666668,18,4,0,0,504.7897491967887,492.5995352212517,0,0
2025-03-07 18:15:00+05:30,492.1297633224432,31.8,31.73333333333333,18,4,0,0,498.8908581853999,484.6146361905064,0,0
2025-03-07 18:30:00+05:30,487.3088024836047,31.23333333333333,33.03333333333333,18,4,0,0,492.1297633224432,479.149101856791,0,0
2025-03-07 18:45:00+05:30,484.0786993602216,30.83333333333333,34.166666666666664,18,4,0,0,487.3088024836047,476.3022113390759,0,0
2025-03-07 19:00:00+05:30,476.68470781541856,30.566666666666663,35.099999999999994,19,4,0,0,484.0786993602216,472.7136486969797,0,0
2025-03-07 19:15:00+05:30,470.7729369368653,30.33333333333333,36.13333333333333,19,4,0,0,476.68470781541856,466.31263982879295,0,0
2025-03-07 19:30:00+05:30,462.4856854662322,30.133333333333336,36.46666666666666,19,4,0,0,470.7729369368653,460.3558542442029,0,0
2025-03-07 19:45:00+05:30,453.9337802943681,29.966666666666665,36.6,19,4,0,0,462.4856854662322,454.3729861364037,0,0
2025-03-07 20:00:00+05:30,445.8974066067237,29.83333333333333,37.4,20,4,0,0,453.9337802943681,445.062545495264,0,0
2025-03-07 20:15:00+05:30,439.15382954694775,29.73333333333333,37.53333333333333,20,4,0,0,445.8974066067237,437.28055396610455,0,0
2025-03-07 20:30:00+05:30,433.83709163367394,29.8,36.63333333333333,20,4,0,0,439.15382954694775,431.24481592527513,0,0
2025-03-07 20:45:00+05:30,430.5803372697754,29.73333333333333,36.1,20,4,0,0,433.83709163367394,424.42500596984667,0,0
2025-03-07 21:00:00+05:30,421.6608453250489,29.566666666666663,36.1,21,4,0,0,430.5803372697754,417.1994477038221,0,0
2025-03-07 21:15:00+05:30,415.8124172581783,29.433333333333334,36.2,21,4,0,0,421.6608453250489,414.4602549641323,0,0
2025-03-07 21:30:00+05:30,409.0999052453025,29.2,36.56666666666667,21,4,0,0,415.8124172581783,411.4455403982643,0,0
2025-03-07 21:45:00+05:30,399.8466197945852,29.0,37.3,21,4,0,0,409.0999052453025,404.2673610370695,0,0
2025-03-07 22:00:00+05:30,392.9269239536826,28.73333333333333,38.3,22,4,0,0,399.8466197945852,396.9534756478894,0,0
2025-03-07 22:15:00+05:30,389.2164448526957,28.366666666666664,39.99999999999999,22,4,0,0,392.9269239536826,393.359440499701,0,0
2025-03-07 22:30:00+05:30,387.3071275171471,28.1,40.900000000000006,22,4,0,0,389.2164448526957,388.9531320817774,0,0
2025-03-07 22:45:00+05:30,384.2867696250131,27.73333333333333,41.2,22,4,0,0,387.3071275171471,384.465551845265,0,0
2025-03-07 23:00:00+05:30,380.8473518968347,27.600000000000005,41.833333333333336,23,4,0,0,384.2867696250131,378.9408462082655,0,0
2025-03-07 23:15:00+05:30,376.1770836082104,27.433333333333334,44.06666666666666,23,4,0,0,380.8473518968347,372.83488633769525,0,0
2025-03-07 23:30:00+05:30,372.0647531332017,27.366666666666664,43.46666666666667,23,4,0,0,376.1770836082104,367.9136959706207,0,0
2025-03-07 23:45:00+05:30,368.505504745399,27.23333333333333,43.2,23,4,0,0,372.0647531332017,364.03834837207467,0,0
2025-03-08 00:00:00+05:30,363.8277610465501,27.575,42.8,0,5,1,0,368.505504745399,359.19009890859604,0,0
2025-03-08 00:15:00+05:30,357.0488132434414,27.425,43.5,0,5,1,0,363.8277610465501,352.29165324612035,0,0
2025-03-08 00:30:00+05:30,350.63399858024746,27.175,44.25,0,5,1,0,357.0488132434414,345.6676186515575,0,0
2025-03-08 00:45:00+05:30,347.1387379781438,27.025,46.275000000000006,0,5,1,0,350.63399858024746,343.2120460373962,0,0
2025-03-08 01:00:00+05:30,342.2139595950045,26.950000000000003,44.95,1,5,1,0,347.1387379781438,340.7200472019762,0,0
2025-03-08 01:15:00+05:30,339.7921889971535,26.775,47.8,1,5,1,0,342.2139595950045,338.32094610084,0,0
2025-03-08 01:30:00+05:30,337.18296781030585,26.725,48.2,1,5,1,0,339.7921889971535,333.90586678001614,0,0
2025-03-08 01:45:00+05:30,334.35096243583064,26.55,49.725,1,5,1,0,337.18296781030585,331.071706558129,0,0
2025-03-08 02:00:00+05:30,331.5478468045302,26.55,48.9,2,5,1,0,334.35096243583064,327.6896343389027,0,0
2025-03-08 02:15:00+05:30,326.5408482206328,26.525,48.775,2,5,1,0,331.5478468045302,323.5401994258774,0,0
2025-03-08 02:30:00+05:30,323.16333053460403,26.550000000000004,47.7,2,5,1,0,326.5408482206328,318.4297681076686,0,0
2025-03-08 02:45:00+05:30,319.52726315621163,26.45,46.925,2,5,1,0,323.16333053460403,314.69828241963904,0,0
2025-03-08 03:00:00+05:30,314.9856831576859,26.35,46.3,3,5,1,0,319.52726315621163,311.4768870003965,0,0
2025-03-08 03:15:00+05:30,311.7822145301008,26.225,46.225,3,5,1,0,314.9856831576859,309.6064360723409,0,0
2025-03-08 03:30:00+05:30,306.9258207451082,26.15,45.3,3,5,1,0,311.7822145301008,306.80096603688173,0,0
2025-03-08 03:45:00+05:30,304.62151438027666,26.075,44.7,3,5,1,0,306.9258207451082,304.5363595117922,0,0
2025-03-08 04:00:00+05:30,303.7916463733095,25.95,44.225,4,5,1,0,304.62151438027666,303.06223873255544,0,0
2025-03-08 04:15:00+05:30,303.5244545449512,25.65,45.825,4,5,1,0,303.7916463733095,303.2751650318642,0,0
2025-03-08 04:30:00+05:30,302.25652286092844,25.45,45.35,4,5,1,0,303.5244545449512,303.34093458276567,0,0
2025-03-08 04:45:00+05:30,302.4925744548432,25.325000000000003,46.05,4,5,1,0,302.25652286092844,304.267580613118,0,0
2025-03-08 05:00:00+05:30,301.9480085722717,25.2,45.875,5,5,1,0,302.4925744548432,304.7481327340016,0,0
2025-03-08 05:15:00+05:30,302.28473658463264,25.025,46.0,5,5,1,0,301.9480085722717,304.7514139006629,0,0
2025-03-08 05:30:00+05:30,305.2595391216192,24.825,48.125,5,5,1,0,302.28473658463264,309.0741028700821,0,0
2025-03-08 05:45:00+05:30,308.96190460032534,24.75,48.925,5,5,1,0,305.2595391216192,312.1694499371956,0,0
2025-03-08 06:00:00+05:30,311.8744218812356,24.625,50.72500000000001,6,5,1,0,308.96190460032534,322.76959125837226,0,0
2025-03-08 06:15:00+05:30,314.3980397354484,24.625,53.95,6,5,1,0,311.8744218812356,326.3813322044805,0,0
2025-03-08 06:30:00+05:30,318.2802809079346,24.525,54.650000000000006,6,5,1,0,314.3980397354484,335.05002605287643,0,0
2025-03-08 06:45:00+05:30,325.2428554366716,24.525,54.925,6,5,1,0,318.2802809079346,345.2844148522456,0,0
2025-03-08 07:00:00+05:30,330.5831725616536,24.475,56.575,7,5,1,0,325.2428554366716,356.8617537017477,0,0
2025-03-08 07:15:00+05:30,335.3993932956884,24.725,56.925,7,5,1,0,330.5831725616536,367.981140208585,0,0
2025-03-08 07:30:00+05:30,341.7908623519749,25.0,57.3,7,5,1,0,335.3993932956884,383.6550355680136,0,0
2025-03-08 07:45:00+05:30,346.29835808302704,25.45,57.6,7,5,1,0,341.7908623519749,399.5182117108027,0,0
2025-03-08 08:00:00+05:30,356.1893300396308,26.075,56.125,8,5,1,0,346.29835808302704,420.2935658700532,0,0
2025-03-08 08:15:00+05:30,370.6866808999155,26.775,53.3,8,5,1,0,356.1893300396308,436.0296253249307,0,0
2025-03-08 08:30:00+05:30,384.722776104067,27.575,48.875,8,5,1,0,370.6866808999155,451.48757316419176,0,0
2025-03-08 08:45:00+05:30,396.15080931380754,28.8,43.175,8,5,1,0,384.722776104067,468.3118199373184,0,0
2025-03-08 09:00:00+05:30,404.51233296031984,29.675,40.625,9,5,1,1,396.15080931380754,479.7529642049988,0,0
2025-03-08 09:15:00+05:30,415.36476054359423,30.175,39.2,9,5,1,1,404.51233296031984,491.1683687240798,0,0
2025-03-08 09:30:00+05:30,426.4277053616919,30.775,37.15,9,5,1,1,415.36476054359423,501.6771970395627,0,0
2025-03-08 09:45:00+05:30,435.8723111776676,31.250000000000004,35.375,9,5,1,1,426.4277053616919,512.1223540751369,0,0
2025-03-08 10:00:00+05:30,446.4651735581381,31.85,34.075,10,5,1,1,435.8723111776676,520.0861461314782,0,0
2025-03-08 10:15:00+05:30,451.1111213782087,32.45,31.425,10,5,1,1,446.4651735581381,527.0530843969226,0,0
2025-03-08 10:30:00+05:30,449.64430328637366,33.224999999999994,31.75,10,5,1,1,451.1111213782087,528.7587932918912,0,0
2025-03-08 10:45:00+05:30,462.1821475027465,33.575,32.375,10,5,1,1,449.64430328637366,530.3805672181948,0,0
2025-03-08 11:00:00+05:30,464.3838523989778,34.075,31.35,11,5,1,1,462.1821475027465,535.3934778782018,0,0
2025-03-08 11:15:00+05:30,465.9392063170002,34.425000000000004,31.85,11,5,1,1,464.3838523989778,536.6824658054738,0,0
2025-03-08 11:30:00+05:30,463.0633899654318,34.55,31.775,11,5,1,1,465.9392063170002,534.459985676816,0,0
2025-03-08 11:45:00+05:30,464.3859377301566,34.875,32.15,11,5,1,1,463.0633899654318,543.525863322489,0,0
2025-03-08 12:00:00+05:30,468.2675873261865,35.075,31.275,12,5,1,1,464.3859377301566,545.437556115435,0,0
2025-03-08 12:15:00+05:30,463.1767225371152,34.3,33.9,12,5,1,1,468.2675873261865,546.5038576391577,0,0
2025-03-08 12:30:00+05:30,463.7700908326266,34.166666666666664,35.1,12,5,1,1,463.1767225371152,547.0718146739117,0,0
2025-03-08 12:45:00+05:30,463.3550235013284,35.175,31.800000000000004,12,5,1,1,463.7700908326266,545.2012589025384,0,0
2025-03-08 13:00:00+05:30,461.23431990940526,34.95,33.25,13,5,1,1,463.3550235013284,544.3262018979847,0,0
2025-03-08 13:15:00+05:30,460.17632658334816,34.85,34.575,13,5,1,1,461.23431990940526,539.1969763449548,0,0
2025-03-08 13:30:00+05:30,457.0227980962709,34.975,35.575,13,5,1,1,460.17632658334816,536.4123180853163,0,0
2025-03-08 13:45:00+05:30,458.45548312424495,34.75,37.675,13,5,1,1,457.0227980962709,537.0823694063535,0,0
2025-03-08 14:00:00+05:30,464.8267868424938,34.625,38.875,14,5,1,1,458.45548312424495,544.3823245488225,0,0
2025-03-08 14:15:00+05:30,470.9772434788924,34.3,38.875,14,5,1,1,464.8267868424938,549.0922706388104,0,0
2025-03-08 14:30:00+05:30,466.7973361358104,34.35,37.975,14,5,1,1,470.9772434788924,551.711639677064,0,0
2025-03-08 14:45:00+05:30,465.7795510445702,34.375,38.05,14,5,1,1,466.7973361358104,550.3857778898421,0,0
2025-03-08 15:00:00+05:30,466.4688383816542,34.35,37.65,15,5,1,1,465.7795510445702,551.1850502056161,0,0
2025-03-08 15:15:00+05:30,465.8973293925477,34.325,38.1,15,5,1,1,466.4688383816542,551.4769117076642,0,0
2025-03-08 15:30:00+05:30,466.09558471194,34.375,37.775,15,5,1,1,465.8973293925477,548.0294970833423,0,0
2025-03-08 15:45:00+05:30,462.79622094780194,34.4,37.65,15,5,1,1,466.09558471194,535.4291576103933,0,0
2025-03-08 16:00:00+05:30,462.4015532125874,34.25,38.3,16,5,1,1,462.79622094780194,537.6746648050632,0,0
2025-03-08 16:15:00+05:30,460.2351105137582,34.675,36.65,16,5,1,1,462.4015532125874,533.7363715236482,0,0
2025-03-08 16:30:00+05:30,455.0228921545916,35.55,35.95,16,5,1,1,460.2351105137582,529.6911092341312,0,0
2025-03-08 16:45:00+05:30,451.8905389619936,35.15,37.55,16,5,1,1,455.0228921545916,524.971483439372,0,0
2025-03-08 17:00:00+05:30,447.2533352979302,35.275,37.6,17,5,1,1,451.8905389619936,522.3351950318511,0,0
2025-03-08 17:15:00+05:30,443.7688914164096,34.45,39.65,17,5,1,1,447.2533352979302,517.0475699676196,0,0
2025-03-08 17:30:00+05:30,440.508789464816,33.775000000000006,41.525000000000006,17,5,1,1,443.7688914164096,511.99614908156616,0,0
2025-03-08 17:45:00+05:30,439.2956599665285,32.625,43.75,17,5,1,1,440.508789464816,504.7897491967887,0,0
2025-03-08 18:00:00+05:30,437.6093261449212,31.625,45.925,18,5,1,0,439.2956599665285,498.8908581853999,0,0
2025-03-08 18:15:00+05:30,434.07956403598297,30.875,47.0,18,5,1,0,437.6093261449212,492.1297633224432,0,0
2025-03-08 18:30:00+05:30,434.1306488791316,30.075000000000003,49.8,18,5,1,0,434.07956403598297,487.3088024836047,0,0
2025-03-08 18:45:00+05:30,435.28672482208856,29.675,51.7,18,5,1,0,434.1306488791316,484.0786993602216,0,0
2025-03-08 19:00:00+05:30,433.0680086208196,29.4,53.575,19,5,1,0,435.28672482208856,476.68470781541856,0,0
2025-03-08 19:15:00+05:30,430.4646118619416,29.2,54.55,19,5,1,0,433.0680086208196,470.7729369368653,0,0
2025-03-08 19:30:00+05:30,425.1057049108599,29.0,55.650000000000006,19,5,1,0,430.4646118619416,462.4856854662322,0,0
2025-03-08 19:45:00+05:30,419.6116126923626,28.85,56.375,19,5,1,0,425.1057049108599,453.9337802943681,0,0
2025-03-08 20:00:00+05:30,414.6650145076276,28.75,57.0,20,5,1,0,419.6116126923626,445.8974066067237,0,0
2025-03-08 20:15:00+05:30,412.4995663046191,28.575,57.525000000000006,20,5,1,0,414.6650145076276,439.15382954694775,0,0
2025-03-08 20:30:00+05:30,409.17823354787225,28.525,57.625,20,5,1,0,412.4995663046191,433.83709163367394,0,0
2025-03-08 20:45:00+05:30,407.6595899816706,28.475,58.125,20,5,1,0,409.17823354787225,430.5803372697754,0,0
2025-03-08 21:00:00+05:30,404.96555614087777,28.35,58.7,21,5,1,0,407.6595899816706,421.6608453250489,0,0
2025-03-08 21:15:00+05:30,402.2699783750629,28.3,59.650000000000006,21,5,1,0,404.96555614087777,415.8124172581783,0,0
2025-03-08 21:30:00+05:30,398.41817267416,28.1,61.175,21,5,1,0,402.2699783750629,409.0999052453025,0,0
2025-03-08 21:45:00+05:30,398.8272394044066,28.1,61.925,21,5,1,0,398.41817267416,399.8466197945852,0,0
2025-03-08 22:00:00+05:30,390.6121447900072,27.975,63.25,22,5,1,0,398.8272394044066,392.9269239536826,0,0
2025-03-08 22:15:00+05:30,386.8890600017801,27.725,65.65,22,5,1,0,390.6121447900072,389.2164448526957,0,0
2025-03-08 22:30:00+05:30,382.9203226936609,27.525,67.35,22,5,1,0,386.8890600017801,387.3071275171471,0,0
2025-03-08 22:45:00+05:30,383.9592678423061,27.5,69.1,22,5,1,0,382.9203226936609,384.2867696250131,0,0
2025-03-08 23:00:00+05:30,377.1380840914259,27.475,70.02499999999999,23,5,1,0,383.9592678423061,380.8473518968347,0,0
2025-03-08 23:15:00+05:30,372.8746218220968,27.35,71.35000000000001,23,5,1,0,377.1380840914259,376.1770836082104,0,0
2025-03-08 23:30:00+05:30,368.5902260829167,27.225,72.44999999999999,23,5,1,0,372.8746218220968,372.0647531332017,0,0
2025-03-08 23:45:00+05:30,366.2330134108093,27.075,73.65,23,5,1,0,368.5902260829167,368.505504745399,0,0
2025-03-09 00:00:00+05:30,362.34561691724,26.925,75.125,0,6,1,0,366.2330134108093,363.8277610465501,0,0
2025-03-09 00:15:00+05:30,359.13560921636736,26.95,75.6,0,6,1,0,362.34561691724,357.0488132434414,0,0
2025-03-09 00:30:00+05:30,352.5863436001686,26.875,76.4,0,6,1,0,359.13560921636736,350.63399858024746,0,0
2025-03-09 00:45:00+05:30,348.3372139091898,26.825,76.825,0,6,1,0,352.5863436001686,347.1387379781438,0,0
2025-03-09 01:00:00+05:30,343.48233835219503,26.8,78.0,1,6,1,0,348.3372139091898,342.2139595950045,0,0
2025-03-09 01:15:00+05:30,340.4527835260588,26.725,78.925,1,6,1,0,343.48233835219503,339.7921889971535,0,0
2025-03-09 01:30:00+05:30,336.249030432685,26.675,79.375,1,6,1,0,340.4527835260588,337.18296781030585,0,0
2025-03-09 01:45:00+05:30,332.6423341791312,26.55,80.175,1,6,1,0,336.249030432685,334.35096243583064,0,0
2025-03-09 02:00:00+05:30,329.2340069621825,26.475,80.5,2,6,1,0,332.6423341791312,331.5478468045302,0,0
2025-03-09 02:15:00+05:30,326.001578441905,26.375,80.7,2,6,1,0,329.2340069621825,326.5408482206328,0,0
2025-03-09 02:30:00+05:30,322.5492791914561,26.375,80.65,2,6,1,0,326.001578441905,323.16333053460403,0,0
2025-03-09 02:45:00+05:30,319.39362950197244,26.275,79.5,2,6,1,0,322.5492791914561,319.52726315621163,0,0
2025-03-09 03:00:00+05:30,314.83819112105,26.2,79.075,3,6,1,0,319.39362950197244,314.9856831576859,0,0
2025-03-09 03:15:00+05:30,312.1829296482875,26.15,78.325,3,6,1,0,314.83819112105,311.7822145301008,0,0
2025-03-09 03:30:00+05:30,310.47800701611,26.05,77.875,3,6,1,0,312.1829296482875,306.9258207451082,0,0
2025-03-09 03:45:00+05:30,308.5837805102649,25.925,78.55,3,6,1,0,310.47800701611,304.62151438027666,0,0
2025-03-09 04:00:00+05:30,307.7633229124888,25.85,78.875,4,6,1,0,308.5837805102649,303.7916463733095,0,0
2025-03-09 04:15:00+05:30,304.7791481143461,25.75,80.175,4,6,1,0,307.7633229124888,303.5244545449512,0,0
2025-03-09 04:30:00+05:30,304.7622160352462,25.6,80.825,4,6,1,0,304.7791481143461,302.25652286092844,0,0
2025-03-09 04:45:00+05:30,304.46872402794503,25.4,80.95,4,6,1,0,304.7622160352462,302.4925744548432,0,0
2025-03-09 05:00:00+05:30,302.8640045942799,25.35,80.7,5,6,1,0,304.46872402794503,301.9480085722717,0,0
2025-03-09 05:15:00+05:30,300.37745500287366,25.25,80.625,5,6,1,0,302.8640045942799,302.28473658463264,0,0
2025-03-09 05:30:00+05:30,303.8057898214163,25.175,80.675,5,6,1,0,300.37745500287366,305.2595391216192,0,0
2025-03-09 05:45:00+05:30,304.43351373290744,25.15,80.95,5,6,1,0,303.8057898214163,308.96190460032534,0,0
2025-03-09 06:00:00+05:30,306.7290483177324,25.1,80.25,6,6,1,0,304.43351373290744,311.8744218812356,0,0
2025-03-09 06:15:00+05:30,309.29319593981614,25.075,79.175,6,6,1,0,306.7290483177324,314.3980397354484,0,0
2025-03-09 06:30:00+05:30,307.5072644677087,24.95,78.225,6,6,1,0,309.29319593981614,318.2802809079346,0,0
2025-03-09 06:45:00+05:30,307.0890868205112,24.925,78.025,6,6,1,0,307.5072644677087,325.2428554366716,0,0
2025-03-09 07:00:00+05:30,307.28473430936486,24.95,78.65,7,6,1,0,307.0890868205112,330.5831725616536,0,0
2025-03-09 07:15:00+05:30,310.2200110882412,25.075,78.825,7,6,1,0,307.28473430936486,335.3993932956884,0,0
2025-03-09 07:30:00+05:30,314.8664471998188,25.4,78.125,7,6,1,0,310.2200110882412,341.7908623519749,0,0
2025-03-09 07:45:00+05:30,316.72256884182383,25.8,76.3,7,6,1,0,314.8664471998188,346.29835808302704,0,0
2025-03-09 08:00:00+05:30,324.462329635325,26.275,74.425,8,6,1,0,316.72256884182383,356.1893300396308,0,0
2025-03-09 08:15:00+05:30,332.44667408917115,26.875,69.575,8,6,1,0,324.462329635325,370.6866808999155,0,0
2025-03-09 08:30:00+05:30,339.8759580920051,27.55,65.05,8,6,1,0,332.44667408917115,384.722776104067,0,0
2025-03-09 08:45:00+05:30,346.3189489301388,28.525,60.75,8,6,1,0,339.8759580920051,396.15080931380754,0,0
2025-03-09 09:00:00+05:30,352.4408130679486,29.25,57.675,9,6,1,1,346.3189489301388,404.51233296031984,0,0
2025-03-09 09:15:00+05:30,357.6818966243537,29.725,55.975,9,6,1,1,352.4408130679486,415.36476054359423,0,0
2025-03-09 09:30:00+05:30,362.37098575692,30.6,52.475,9,6,1,1,357.6818966243537,426.4277053616919,0,0
2025-03-09 09:45:00+05:30,365.3726711459974,31.225,50.375,9,6,1,1,362.37098575692,435.8723111776676,0,0
2025-03-09 10:00:00+05:30,371.6629037971312,31.7,48.3,10,6,1,1,365.3726711459974,446.4651735581381,0,0
2025-03-09 10:15:00+05:30,377.2430720278,32.25,45.175,10,6,1,1,371.6629037971312,451.1111213782087,0,0
2025-03-09 10:30:00+05:30,377.1620151704725,32.625,44.05,10,6,1,1,377.2430720278,449.64430328637366,0,0
2025-03-09 10:45:00+05:30,386.4839062638536,32.8,44.25,10,6,1,1,377.1620151704725,462.1821475027465,0,0
2025-03-09 11:00:00+05:30,386.52499139970496,33.1,44.375,11,6,1,1,386.4839062638536,464.3838523989778,0,0
2025-03-09 11:15:00+05:30,386.58363232021617,33.6,41.375,11,6,1,1,386.52499139970496,465.9392063170002,0,0
2025-03-09 11:30:00+05:30,387.5690435045648,33.8,41.6,11,6,1,1,386.58363232021617,463.0633899654318,0,0
2025-03-09 11:45:00+05:30,389.0008876470625,33.975,42.7,11,6,1,1,387.5690435045648,464.3859377301566,0,0
2025-03-09 12:00:00+05:30,391.2503290573238,34.4,41.9,12,6,1,1,389.0008876470625,468.2675873261865,0,0
2025-03-09 12:15:00+05:30,393.2671866533613,34.525,40.8,12,6,1,1,391.2503290573238,463.1767225371152,0,0
2025-03-09 12:30:00+05:30,391.5037166788674,34.575,41.75,12,6,1,1,393.2671866533613,463.7700908326266,0,0
2025-03-09 12:45:00+05:30,391.8302722250325,34.65,42.3,12,6,1,1,391.5037166788674,463.3550235013284,0,0
2025-03-09 13:00:00+05:30,391.8066190508424,34.65,43.775,13,6,1,1,391.8302722250325,461.23431990940526,0,0
2025-03-09 13:15:00+05:30,392.154059010135,34.825,43.475,13,6,1,1,391.8066190508424,460.17632658334816,0,0
2025-03-09 13:30:00+05:30,391.19860927099126,34.9,42.625,13,6,1,1,392.154059010135,457.0227980962709,0,0
2025-03-09 13:45:00+05:30,395.3561707945351,34.975,41.875,13,6,1,1,391.19860927099126,458.45548312424495,0,0
2025-03-09 14:00:00+05:30,398.1467639480475,34.875,41.075,14,6,1,1,395.3561707945351,464.8267868424938,0,0
2025-03-09 14:15:00+05:30,399.0134772730436,34.85,41.825,14,6,1,1,398.1467639480475,470.9772434788924,0,0
2025-03-09 14:30:00+05:30,401.9562818982724,34.95,41.075,14,6,1,1,399.0134772730436,466.7973361358104,0,0
2025-03-09 14:45:00+05:30,402.0960258480939,34.575,43.65,14,6,1,1,401.9562818982724,465.7795510445702,0,0
2025-03-09 15:00:00+05:30,401.70825248930737,34.375,46.25,15,6,1,1,402.0960258480939,466.4688383816542,0,0
2025-03-09 15:15:00+05:30,395.9373732223437,34.3,47.875,15,6,1,1,401.70825248930737,465.8973293925477,0,0
2025-03-09 15:30:00+05:30,395.7106107070049,34.05,48.5,15,6,1,1,395.9373732223437,466.09558471194,0,0
2025-03-09 15:45:00+05:30,398.13012845397486,34.0,49.6,15,6,1,1,395.7106107070049,462.79622094780194,0,0
2025-03-09 16:00:00+05:30,399.7976020368287,33.725,50.225,16,6,1,1,398.13012845397486,462.4015532125874,0,0
2025-03-09 16:15:00+05:30,399.90654194429,34.4,46.95,16,6,1,1,399.7976020368287,460.2351105137582,0,0
2025-03-09 16:30:00+05:30,398.45100832808106,34.875,46.175,16,6,1,1,399.90654194429,455.0228921545916,0,0
2025-03-09 16:45:00+05:30,397.7935262318487,34.525,48.125,16,6,1,1,398.45100832808106,451.8905389619936,0,0
2025-03-09 17:00:00+05:30,397.82598339434367,34.05,49.2,17,6,1,1,397.7935262318487,447.2533352979302,0,0
2025-03-09 17:15:00+05:30,396.6287713397387,33.875,50.425,17,6,1,1,397.82598339434367,443.7688914164096,0,0
2025-03-09 17:30:00+05:30,395.14947176984,33.175,49.375,17,6,1,1,396.6287713397387,440.508789464816,0,0
2025-03-09 17:45:00+05:30,391.3334344321687,32.325,51.875,17,6,1,1,395.14947176984,439.2956599665285,0,0
2025-03-09 18:00:00+05:30,395.0457605371973,31.475,54.05,18,6,1,0,391.3334344321687,437.6093261449212,0,0
2025-03-09 18:15:00+05:30,393.8243244774238,30.825,56.325,18,6,1,0,395.0457605371973,434.07956403598297,0,0
2025-03-09 18:30:00+05:30,397.4420229141687,30.25,58.45,18,6,1,0,393.8243244774238,434.1306488791316,0,0
2025-03-09 18:45:00+05:30,399.2140262893975,29.95,59.225,18,6,1,0,397.4420229141687,435.28672482208856,0,0
2025-03-09 19:00:00+05:30,400.3206239776338,29.675,60.6,19,6,1,0,399.2140262893975,433.0680086208196,0,0
2025-03-09 19:15:00+05:30,402.15364462602366,29.55,60.325,19,6,1,0,400.3206239776338,430.4646118619416,0,0
2025-03-09 19:30:00+05:30,399.5396091831399,29.425,59.5,19,6,1,0,402.15364462602366,425.1057049108599,0,0
2025-03-09 19:45:00+05:30,397.5439003597012,29.4,58.825,19,6,1,0,399.5396091831399,419.6116126923626,0,0
2025-03-09 20:00:00+05:30,396.8209518395237,29.375,58.825,20,6,1,0,397.5439003597012,414.6650145076276,0,0
2025-03-09 20:15:00+05:30,395.37708140327743,29.225,59.7,20,6,1,0,396.8209518395237,412.4995663046191,0,0
2025-03-09 20:30:00+05:30,392.9855132601185,29.1,60.35,20,6,1,0,395.37708140327743,409.17823354787225,0,0
2025-03-09 20:45:00+05:30,393.84681888861866,29.0,60.525,20,6,1,0,392.9855132601185,407.6595899816706,0,0
2025-03-09 21:00:00+05:30,391.7427995432448,28.85,61.4,21,6,1,0,393.84681888861866,404.96555614087777,0,0
2025-03-09 21:15:00+05:30,389.6804366147736,28.725,62.8,21,6,1,0,391.7427995432448,402.2699783750629,0,0
2025-03-09 21:30:00+05:30,384.4573056910248,28.5,63.95,21,6,1,0,389.6804366147736,398.41817267416,0,0
2025-03-09 21:45:00+05:30,381.800197173425,28.375,64.525,21,6,1,0,384.4573056910248,398.8272394044066,0,0
2025-03-09 22:00:00+05:30,376.9192072845925,28.375,64.65,22,6,1,0,381.800197173425,390.6121447900072,0,0
2025-03-09 22:15:00+05:30,376.91882981186,28.3,65.65,22,6,1,0,376.9192072845925,386.8890600017801,0,0
2025-03-09 22:30:00+05:30,376.71157296003616,28.15,66.375,22,6,1,0,376.91882981186,382.9203226936609,0,0
2025-03-09 22:45:00+05:30,372.7851235074963,28.025,66.75,22,6,1,0,376.71157296003616,383.9592678423061,0,0
2025-03-09 23:00:00+05:30,369.7965308562325,27.975,67.225,23,6,1,0,372.7851235074963,377.1380840914259,0,0
2025-03-09 23:15:00+05:30,367.19035525474,27.925,66.425,23,6,1,0,369.7965308562325,372.8746218220968,0,0
2025-03-09 23:30:00+05:30,363.8053578735762,27.875,66.425,23,6,1,0,367.19035525474,368.5902260829167,0,0
2025-03-09 23:45:00+05:30,359.38261923160866,27.75,66.725,23,6,1,0,363.8053578735762,366.2330134108093,0,0
2025-03-10 00:00:00+05:30,355.3050683754408,27.55,67.7,0,0,0,0,359.38261923160866,362.34561691724,0,0
2025-03-10 00:15:00+05:30,349.28510700976017,27.45,68.425,0,0,0,0,355.3050683754408,359.13560921636736,0,0
2025-03-10 00:30:00+05:30,342.86944047181174,27.45,68.52499999999999,0,0,0,0,349.28510700976017,352.5863436001686,0,0
2025-03-10 00:45:00+05:30,339.0237612109326,27.3,68.55000000000001,0,0,0,0,342.86944047181174,348.3372139091898,0,0
2025-03-10 01:00:00+05:30,335.79488249231963,27.2,69.375,1,0,0,0,339.0237612109326,343.48233835219503,0,0
2025-03-10 01:15:00+05:30,330.66438590835617,27.125,70.35,1,0,0,0,335.79488249231963,340.4527835260588,0,0
2025-03-10 01:30:00+05:30,326.52708963166253,27.2,70.4,1,0,0,0,330.66438590835617,336.249030432685,0,0
2025-03-10 01:45:00+05:30,322.9825853831605,27.15,71.5,1,0,0,0,326.52708963166253,332.6423341791312,0,0
2025-03-10 02:00:00+05:30,320.56927700700464,27.15,73.5,2,0,0,0,322.9825853831605,329.2340069621825,0,0
2025-03-10 02:15:00+05:30,317.22502244318724,27.1,74.30000000000001,2,0,0,0,320.56927700700464,326.001578441905,0,0
2025-03-10 02:30:00+05:30,314.46287081878927,27.000000000000004,74.625,2,0,0,0,317.22502244318724,322.5492791914561,0,0
2025-03-10 02:45:00+05:30,311.576620482499,26.925,74.80000000000001,2,0,0,0,314.46287081878927,319.39362950197244,0,0
2025-03-10 03:00:00+05:30,309.06680828400084,26.8,75.025,3,0,0,0,311.576620482499,314.83819112105,0,0
2025-03-10 03:15:00+05:30,306.32849819898524,26.7,75.1,3,0,0,0,309.06680828400084,312.1829296482875,0,0
2025-03-10 03:30:00+05:30,304.4961217708497,26.625,74.85,3,0,0,0,306.32849819898524,310.47800701611,0,0
2025-03-10 03:45:00+05:30,302.28319141945747,26.55,74.32499999999999,3,0,0,0,304.4961217708497,308.5837805102649,0,0
2025-03-10 04:00:00+05:30,300.94711344171515,26.3,75.625,4,0,0,0,302.28319141945747,307.7633229124888,0,0
2025-03-10 04:15:00+05:30,301.3810321978765,26.35,75.625,4,0,0,0,300.94711344171515,304.7791481143461,0,0
2025-03-10 04:30:00+05:30,302.75553017808954,26.200000000000003,76.0,4,0,0,0,301.3810321978765,304.7622160352462,0,0
2025-03-10 04:45:00+05:30,302.92508323672865,26.15,75.925,4,0,0,0,302.75553017808954,304.46872402794503,0,0
2025-03-10 05:00:00+05:30,305.0863030131808,26.025,76.475,5,0,0,0,302.92508323672865,302.8640045942799,0,0
2025-03-10 05:15:00+05:30,305.8620278155197,25.85,76.125,5,0,0,0,305.0863030131808,300.37745500287366,0,0
2025-03-10 05:30:00+05:30,310.19329962980186,25.975,74.475,5,0,0,0,305.8620278155197,303.8057898214163,0,0
2025-03-10 05:45:00+05:30,316.36259578616625,25.875,75.30000000000001,5,0,0,0,310.19329962980186,304.43351373290744,0,0
2025-03-10 06:00:00+05:30,324.6343570628199,25.9,75.775,6,0,0,0,316.36259578616625,306.7290483177324,0,0
2025-03-10 06:15:00+05:30,331.7462419462567,25.8,74.425,6,0,0,0,324.6343570628199,309.29319593981614,0,0
2025-03-10 06:30:00+05:30,341.596731623758,25.925,72.02499999999999,6,0,0,0,331.7462419462567,307.5072644677087,0,0
2025-03-10 06:45:00+05:30,353.6851723609306,25.95,71.05,6,0,0,0,341.596731623758,307.0890868205112,0,0
2025-03-10 07:00:00+05:30,365.9446671270072,25.975,70.77499999999999,7,0,0,0,353.6851723609306,307.28473430936486,0,0
2025-03-10 07:15:00+05:30,379.72191010760525,26.1,68.225,7,0,0,0,365.9446671270072,310.2200110882412,0,0
2025-03-10 07:30:00+05:30,397.29974448071846,26.275,67.7,7,0,0,0,379.72191010760525,314.8664471998188,0,0
2025-03-10 07:45:00+05:30,412.8775543329471,26.75,66.85,7,0,0,0,397.29974448071846,316.72256884182383,0,0
2025-03-10 08:00:00+05:30,434.3029173572713,27.275,64.625,8,0,0,0,412.8775543329471,324.462329635325,0,0
2025-03-10 08:15:00+05:30,457.3375843822637,27.975,61.125,8,0,0,0,434.3029173572713,332.44667408917115,0,0
2025-03-10 08:30:00+05:30,478.2771555264198,28.725,57.775000000000006,8,0,0,0,457.3375843822637,339.8759580920051,0,0
2025-03-10 08:45:00+05:30,492.04399613254384,29.6,53.925,8,0,0,0,478.2771555264198,346.3189489301388,0,0
2025-03-10 09:00:00+05:30,505.7281746209186,30.475,50.675,9,0,0,1,492.04399613254384,352.4408130679486,0,0
2025-03-10 09:15:00+05:30,518.6480394663273,31.15,47.525,9,0,0,1,505.7281746209186,357.6818966243537,0,0
2025-03-10 09:30:00+05:30,527.8717408141391,31.925,43.325,9,0,0,1,518.6480394663273,362.37098575692,0,0
2025-03-10 09:45:00+05:30,539.5556514165029,32.675,41.35,9,0,0,1,527.8717408141391,365.3726711459974,0,0
2025-03-10 10:00:00+05:30,546.2219778956546,33.474999999999994,40.1,10,0,0,1,539.5556514165029,371.6629037971312,0,0
2025-03-10 10:15:00+05:30,553.7195691706754,34.075,38.125,10,0,0,1,546.2219778956546,377.2430720278,0,0
2025-03-10 10:30:00+05:30,559.0487334715084,34.675,36.075,10,0,0,1,553.7195691706754,377.1620151704725,0,0
2025-03-10 10:45:00+05:30,561.9567077733184,35.325,33.975,10,0,0,1,559.0487334715084,386.4839062638536,0,0
2025-03-10 11:00:00+05:30,565.1894474823462,35.55,36.925,11,0,0,1,561.9567077733184,386.52499139970496,0,0
2025-03-10 11:15:00+05:30,567.6273307088894,35.8,37.275,11,0,0,1,565.1894474823462,386.58363232021617,0,0
2025-03-10 11:30:00+05:30,565.0070549652258,36.2,36.275,11,0,0,1,567.6273307088894,387.5690435045648,0,0
2025-03-10 11:45:00+05:30,566.2242742923331,35.85,40.725,11,0,0,1,565.0070549652258,389.0008876470625,0,0
2025-03-10 12:00:00+05:30,566.91658650942,35.8,41.675,12,0,0,1,566.2242742923331,391.2503290573238,0,0
2025-03-10 12:15:00+05:30,566.1289803016506,35.875,41.3,12,0,0,1,566.91658650942,393.2671866533613,0,0
2025-03-10 12:30:00+05:30,564.4765381602591,36.075,40.475,12,0,0,1,566.1289803016506,391.5037166788674,0,0
2025-03-10 12:45:00+05:30,565.3335973942677,36.275,38.975,12,0,0,1,564.4765381602591,391.8302722250325,0,0
2025-03-10 13:00:00+05:30,562.120779872204,36.25,40.175,13,0,0,1,565.3335973942677,391.8066190508424,0,0
2025-03-10 13:15:00+05:30,561.4628463461294,36.55,40.4,13,0,0,1,562.120779872204,392.154059010135,0,0
2025-03-10 13:30:00+05:30,560.4564465548759,36.975,38.15,13,0,0,1,561.4628463461294,391.19860927099126,0,0
2025-03-10 13:45:00+05:30,561.7630266036333,37.1,37.35,13,0,0,1,560.4564465548759,395.3561707945351,0,0
2025-03-10 14:00:00+05:30,567.8341500855365,37.35,35.625,14,0,0,1,561.7630266036333,398.1467639480475,0,0
2025-03-10 14:15:00+05:30,568.1556189656933,37.3,34.75,14,0,0,1,567.8341500855365,399.0134772730436,0,0
2025-03-10 14:30:00+05:30,569.6747835104421,37.2,33.5,14,0,0,1,568.1556189656933,401.9562818982724,0,0
2025-03-10 14:45:00+05:30,572.1078357149667,37.150000000000006,34.8,14,0,0,1,569.6747835104421,402.0960258480939,0,0
2025-03-10 15:00:00+05:30,572.183411974963,36.875,36.2,15,0,0,1,572.1078357149667,401.70825248930737,0,0
2025-03-10 15:15:00+05:30,571.1366823961074,36.9,34.0,15,0,0,1,572.183411974963,395.9373732223437,0,0
2025-03-10 15:30:00+05:30,570.3912944335854,36.775,33.675,15,0,0,1,571.1366823961074,395.7106107070049,0,0
2025-03-10 15:45:00+05:30,567.4055633470904,36.75,32.35,15,0,0,1,570.3912944335854,398.13012845397486,0,0
2025-03-10 16:00:00+05:30,570.2880992759523,36.475,34.675000000000004,16,0,0,1,567.4055633470904,399.7976020368287,0,0
2025-03-10 16:15:00+05:30,564.2303738757912,36.6,34.275,16,0,0,1,570.2880992759523,399.90654194429,0,0
2025-03-10 16:30:00+05:30,563.3052330558191,36.75,30.45,16,0,0,1,564.2303738757912,398.45100832808106,0,0
2025-03-10 16:45:00+05:30,556.211961694495,36.8,31.525,16,0,0,1,563.3052330558191,397.7935262318487,0,0
2025-03-10 17:00:00+05:30,550.1874862724599,36.5,31.175000000000004,17,0,0,1,556.211961694495,397.82598339434367,0,0
2025-03-10 17:15:00+05:30,544.6681899392815,36.05,30.725,17,0,0,1,550.1874862724599,396.6287713397387,0,0
2025-03-10 17:30:00+05:30,535.2172279191379,35.525,31.8,17,0,0,1,544.6681899392815,395.14947176984,0,0
2025-03-10 17:45:00+05:30,526.8371230443307,34.725,33.05,17,0,0,1,535.2172279191379,391.3334344321687,0,0
2025-03-10 18:00:00+05:30,518.4637991753971,34.125,33.325,18,0,0,0,526.8371230443307,395.0457605371973,0,0
2025-03-10 18:15:00+05:30,510.2516297367482,33.6,32.675000000000004,18,0,0,0,518.4637991753971,393.8243244774238,0,0
2025-03-10 18:30:00+05:30,504.1813996595008,33.224999999999994,32.575,18,0,0,0,510.2516297367482,397.4420229141687,0,0
2025-03-10 18:45:00+05:30,498.0347561477821,32.825,33.15,18,0,0,0,504.1813996595008,399.2140262893975,0,0
2025-03-10 19:00:00+05:30,490.6391743585376,32.475,33.725,19,0,0,0,498.0347561477821,400.3206239776338,0,0
2025-03-10 19:15:00+05:30,482.03909453233615,32.2,34.75,19,0,0,0,490.6391743585376,402.15364462602366,0,0
2025-03-10 19:30:00+05:30,473.9417241543288,32.025,34.825,19,0,0,0,482.03909453233615,399.5396091831399,0,0
2025-03-10 19:45:00+05:30,465.8946265554602,31.8,35.35,19,0,0,0,473.9417241543288,397.5439003597012,0,0
2025-03-10 20:00:00+05:30,455.3086480312308,31.575,36.025,20,0,0,0,465.8946265554602,396.8209518395237,0,0
2025-03-10 20:15:00+05:30,446.22073636228646,31.3,37.825,20,0,0,0,455.3086480312308,395.37708140327743,0,0
2025-03-10 20:30:00+05:30,441.1507030587944,31.125,39.275,20,0,0,0,446.22073636228646,392.9855132601185,0,0
2025-03-10 20:45:00+05:30,438.4048729607738,30.825,40.125,20,0,0,0,441.1507030587944,393.84681888861866,0,0
2025-03-10 21:00:00+05:30,431.28116826433126,30.65,40.45,21,0,0,0,438.4048729607738,391.7427995432448,0,0
2025-03-10 21:15:00+05:30,428.487856594702,30.55,40.925,21,0,0,0,431.28116826433126,389.6804366147736,0,0
2025-03-10 21:30:00+05:30,424.442385541191,30.35,42.45,21,0,0,0,428.487856594702,384.4573056910248,0,0
2025-03-10 21:45:00+05:30,419.77560952501534,30.175,43.975,21,0,0,0,424.442385541191,381.800197173425,0,0
2025-03-10 22:00:00+05:30,413.12890867567046,30.05,44.875,22,0,0,0,419.77560952501534,376.9192072845925,0,0
2025-03-10 22:15:00+05:30,409.6110598482292,29.925,44.6,22,0,0,0,413.12890867567046,376.91882981186,0,0
2025-03-10 22:30:00+05:30,408.4939592102681,29.8,44.475,22,0,0,0,409.6110598482292,376.71157296003616,0,0
2025-03-10 22:45:00+05:30,404.4984095041992,29.65,45.4,22,0,0,0,408.4939592102681,372.7851235074963,0,0
2025-03-10 23:00:00+05:30,401.1488962239817,29.525,45.425,23,0,0,0,404.4984095041992,369.7965308562325,0,0
2025-03-10 23:15:00+05:30,394.5124137804521,29.425,46.1,23,0,0,0,401.1488962239817,367.19035525474,0,0
2025-03-10 23:30:00+05:30,389.8209755176708,29.325,49.675,23,0,0,0,394.5124137804521,363.8053578735762,0,0
2025-03-10 23:45:00+05:30,388.7091297261261,29.175000000000004,50.725,23,0,0,0,389.8209755176708,359.38261923160866,0,0
2025-03-11 00:00:00+05:30,382.440484924592,29.1,50.175,0,1,0,0,388.7091297261261,355.3050683754408,0,0
2025-03-11 00:15:00+05:30,376.9314123846157,29.075,51.425,0,1,0,0,382.440484924592,349.28510700976017,0,0
2025-03-11 00:30:00+05:30,369.59478965186713,29.1,51.575,0,1,0,0,376.9314123846157,342.86944047181174,0,0
2025-03-11 00:45:00+05:30,365.2928231013895,29.025,50.275,0,1,0,0,369.59478965186713,339.0237612109326,0,0
2025-03-11 01:00:00+05:30,360.5998163607247,28.9,50.025,1,1,0,0,365.2928231013895,335.79488249231963,0,0
2025-03-11 01:15:00+05:30,355.8278159521315,28.775,49.2,1,1,0,0,360.5998163607247,330.66438590835617,0,0
2025-03-11 01:30:00+05:30,353.0117608741592,28.7,49.6,1,1,0,0,355.8278159521315,326.52708963166253,0,0
2025-03-11 01:45:00+05:30,348.2947751820677,28.55,48.95,1,1,0,0,353.0117608741592,322.9825853831605,0,0
2025-03-11 02:00:00+05:30,344.9340008068216,28.45,50.475,2,1,0,0,348.2947751820677,320.56927700700464,0,0
2025-03-11 02:15:00+05:30,339.92523519352017,28.3,51.875,2,1,0,0,344.9340008068216,317.22502244318724,0,0
2025-03-11 02:30:00+05:30,337.6054087944191,28.175,51.475,2,1,0,0,339.92523519352017,314.46287081878927,0,0
2025-03-11 02:45:00+05:30,334.89736472974107,28.05,52.4,2,1,0,0,337.6054087944191,311.576620482499,0,0
2025-03-11 03:00:00+05:30,329.9547809888225,28.0,53.2,3,1,0,0,334.89736472974107,309.06680828400084,0,0
2025-03-11 03:15:00+05:30,327.1087434027819,27.975,53.725,3,1,0,0,329.9547809888225,306.32849819898524,0,0
2025-03-11 03:30:00+05:30,325.1552342473654,27.95,55.2,3,1,0,0,327.1087434027819,304.4961217708497,0,0
2025-03-11 03:45:00+05:30,322.3774487162482,27.875,56.45,3,1,0,0,325.1552342473654,302.28319141945747,0,0
2025-03-11 04:00:00+05:30,320.6492707815732,27.725,57.175,4,1,0,0,322.3774487162482,300.94711344171515,0,0
2025-03-11 04:15:00+05:30,317.8607825315635,27.55,55.675,4,1,0,0,320.6492707815732,301.3810321978765,0,0
2025-03-11 04:30:00+05:30,318.00483825697853,27.675,55.525,4,1,0,0,317.8607825315635,302.75553017808954,0,0
2025-03-11 04:45:00+05:30,317.6954580093722,27.65,56.1,4,1,0,0,318.00483825697853,302.92508323672865,0,0
2025-03-11 05:00:00+05:30,317.7101883987439,27.65,55.875,5,1,0,0,317.6954580093722,305.0863030131808,0,0
2025-03-11 05:15:00+05:30,320.90656067510747,27.525,58.45,5,1,0,0,317.7101883987439,305.8620278155197,0,0
2025-03-11 05:30:00+05:30,326.493091318237,27.45,59.85,5,1,0,0,320.90656067510747,310.19329962980186,0,0
2025-03-11 05:45:00+05:30,332.9687742884729,27.475,59.375,5,1,0,0,326.493091318237,316.36259578616625,0,0
2025-03-11 06:00:00+05:30,336.899906377289,27.425,59.325,6,1,0,0,332.9687742884729,324.6343570628199,0,0
2025-03-11 06:15:00+05:30,343.47035328159694,27.425,57.425,6,1,0,0,336.899906377289,331.7462419462567,0,0
2025-03-11 06:30:00+05:30,352.21974762339414,27.275,58.875,6,1,0,0,343.47035328159694,341.596731623758,0,0
2025-03-11 06:45:00+05:30,361.7812825663368,27.225,59.05,6,1,0,0,352.21974762339414,353.6851723609306,0,0
2025-03-11 07:00:00+05:30,373.9673123490031,27.275,60.275,7,1,0,0,361.7812825663368,365.9446671270072,0,0
2025-03-11 07:15:00+05:30,387.3834439151132,27.45,59.95,7,1,0,0,373.9673123490031,379.72191010760525,0,0
2025-03-11 07:30:00+05:30,403.2468497439796,27.65,60.8,7,1,0,0,387.3834439151132,397.29974448071846,0,0
2025-03-11 07:45:00+05:30,419.3967066280949,27.975,60.675,7,1,0,0,403.2468497439796,412.8775543329471,0,0
2025-03-11 08:00:00+05:30,441.4810967925912,28.475,57.775,8,1,0,0,419.3967066280949,434.3029173572713,0,0
2025-03-11 08:15:00+05:30,460.86890650127975,29.025,55.55,8,1,0,0,441.4810967925912,457.3375843822637,0,0
2025-03-11 08:30:00+05:30,476.24205089932514,29.625,52.275,8,1,0,0,460.86890650127975,478.2771555264198,0,0
2025-03-11 08:45:00+05:30,493.7366106059756,30.45,48.675,8,1,0,0,476.24205089932514,492.04399613254384,0,0
2025-03-11 09:00:00+05:30,507.099662989006,31.325,45.25,9,1,0,1,493.7366106059756,505.7281746209186,0,0
2025-03-11 09:15:00+05:30,521.3057776825611,32.1,42.725,9,1,0,1,507.099662989006,518.6480394663273,0,0
2025-03-11 09:30:00+05:30,532.0412315074259,32.675,40.975,9,1,0,1,521.3057776825611,527.8717408141391,0,0
2025-03-11 09:45:00+05:30,543.9331565171072,33.375,39.275,9,1,0,1,532.0412315074259,539.5556514165029,0,0
2025-03-11 10:00:00+05:30,550.5855379934578,33.975,37.225,10,1,0,1,543.9331565171072,546.2219778956546,0,0
2025-03-11 10:15:00+05:30,558.77468204854,34.575,36.4,10,1,0,1,550.5855379934578,553.7195691706754,0,0
2025-03-11 10:30:00+05:30,564.5048767148662,35.225,35.0,10,1,0,1,558.77468204854,559.0487334715084,0,0
2025-03-11 10:45:00+05:30,569.6254476339163,35.75,33.15,10,1,0,1,564.5048767148662,561.9567077733184,0,0
2025-03-11 11:00:00+05:30,574.2068395023101,36.275,31.4,11,1,0,1,569.6254476339163,565.1894474823462,0,0
2025-03-11 11:15:00+05:30,575.406727019987,36.625,29.3,11,1,0,1,574.2068395023101,567.6273307088894,0,0
2025-03-11 11:30:00+05:30,574.342291258893,37.0,32.55,11,1,0,1,575.406727019987,565.0070549652258,0,0
2025-03-11 11:45:00+05:30,574.9123698940257,37.05,31.825,11,1,0,1,574.342291258893,566.2242742923331,0,0
2025-03-11 12:00:00+05:30,576.9615766111898,37.475,31.425,12,1,0,1,574.9123698940257,566.91658650942,0,0
2025-03-11 12:15:00+05:30,577.0218035561492,37.5,30.15,12,1,0,1,576.9615766111898,566.1289803016506,0,0
2025-03-11 12:30:00+05:30,575.7767850003407,37.7,30.3,12,1,0,1,577.0218035561492,564.4765381602591,0,0
2025-03-11 12:45:00+05:30,576.435254774954,37.525,30.75,12,1,0,1,575.7767850003407,565.3335973942677,0,0
2025-03-11 13:00:00+05:30,575.4921787085445,37.8,30.375,13,1,0,1,576.435254774954,562.120779872204,0,0
2025-03-11 13:15:00+05:30,571.6559921592917,37.375,29.325,13,1,0,1,575.4921787085445,561.4628463461294,0,0
2025-03-11 13:30:00+05:30,568.7245021621505,37.2,30.475,13,1,0,1,571.6559921592917,560.4564465548759,0,0
2025-03-11 13:45:00+05:30,570.6735898553217,37.175,32.425,13,1,0,1,568.7245021621505,561.7630266036333,0,0
2025-03-11 14:00:00+05:30,573.9854248115697,36.775,33.6,14,1,0,1,570.6735898553217,567.8341500855365,0,0
2025-03-11 14:15:00+05:30,574.6933541381959,36.55,34.675,14,1,0,1,573.9854248115697,568.1556189656933,0,0
2025-03-11 14:30:00+05:30,576.7094742698459,36.45,35.6,14,1,0,1,574.6933541381959,569.6747835104421,0,0
2025-03-11 14:45:00+05:30,577.9996125031583,36.325,37.4,14,1,0,1,576.7094742698459,572.1078357149667,0,0
2025-03-11 15:00:00+05:30,577.0214382312929,36.1,39.1,15,1,0,1,577.9996125031583,572.183411974963,0,0
2025-03-11 15:15:00+05:30,574.0695114545509,35.85,40.325,15,1,0,1,577.0214382312929,571.1366823961074,0,0
2025-03-11 15:30:00+05:30,575.1771267714353,35.675,41.2,15,1,0,1,574.0695114545509,570.3912944335854,0,0
2025-03-11 15:45:00+05:30,575.0625971996138,35.575,42.8,15,1,0,1,575.1771267714353,567.4055633470904,0,0
2025-03-11 16:00:00+05:30,577.2024983428902,35.3,43.475,16,1,0,1,575.0625971996138,570.2880992759523,0,0
2025-03-11 16:15:00+05:30,573.2675392241644,35.475,43.1,16,1,0,1,577.2024983428902,564.2303738757912,0,0
2025-03-11 16:30:00+05:30,575.9755090817453,35.6,42.75,16,1,0,1,573.2675392241644,563.3052330558191,0,0
2025-03-11 16:45:00+05:30,569.959802799171,35.35,44.325,16,1,0,1,575.9755090817453,556.211961694495,0,0
2025-03-11 17:00:00+05:30,565.0479706285308,34.925,45.625,17,1,0,1,569.959802799171,550.1874862724599,0,0
2025-03-11 17:15:00+05:30,555.7105153950157,34.625,45.9,17,1,0,1,565.0479706285308,544.6681899392815,0,0
2025-03-11 17:30:00+05:30,550.3950538862119,34.175,47.225,17,1,0,1,555.7105153950157,535.2172279191379,0,0
2025-03-11 17:45:00+05:30,540.214156811087,33.525,48.875,17,1,0,1,550.3950538862119,526.8371230443307,0,0
2025-03-11 18:00:00+05:30,530.2590735169373,32.825,51.15,18,1,0,0,540.214156811087,518.4637991753971,0,0
2025-03-11 18:15:00+05:30,521.7956963818949,32.275,53.15,18,1,0,0,530.2590735169373,510.2516297367482,0,0
2025-03-11 18:30:00+05:30,518.7816693896173,31.975,53.875,18,1,0,0,521.7956963818949,504.1813996595008,0,0
2025-03-11 18:45:00+05:30,513.3449388096672,31.825,54.65,18,1,0,0,518.7816693896173,498.0347561477821,0,0
2025-03-11 19:00:00+05:30,508.0353915227355,31.7,54.35,19,1,0,0,513.3449388096672,490.6391743585376,0,0
2025-03-11 19:15:00+05:30,500.4756244708848,31.625,54.325,19,1,0,0,508.0353915227355,482.03909453233615,0,0
2025-03-11 19:30:00+05:30,492.38787444847696,31.55,55.275,19,1,0,0,500.4756244708848,473.9417241543288,0,0
2025-03-11 19:45:00+05:30,487.69746776661634,31.325,55.55,19,1,0,0,492.38787444847696,465.8946265554602,0,0
2025-03-11 20:00:00+05:30,480.45701116138,31.275,55.55,20,1,0,0,487.69746776661634,455.3086480312308,0,0
2025-03-11 20:15:00+05:30,472.2390223866614,31.2,55.575,20,1,0,0,480.45701116138,446.22073636228646,0,0
2025-03-11 20:30:00+05:30,466.72100971483445,31.05,55.625,20,1,0,0,472.2390223866614,441.1507030587944,0,0
2025-03-11 20:45:00+05:30,462.0028830485596,30.975,56.05,20,1,0,0,466.72100971483445,438.4048729607738,0,0
2025-03-11 21:00:00+05:30,456.73481582022737,30.85,55.925,21,1,0,0,462.0028830485596,431.28116826433126,0,0
2025-03-11 21:15:00+05:30,453.2181041780023,30.775,56.025,21,1,0,0,456.73481582022737,428.487856594702,0,0
2025-03-11 21:30:00+05:30,449.573671651246,30.7,57.55,21,1,0,0,453.2181041780023,424.442385541191,0,0
2025-03-11 21:45:00+05:30,444.70795122040624,30.475,58.375,21,1,0,0,449.573671651246,419.77560952501534,0,0
2025-03-11 22:00:00+05:30,437.83984848291226,30.4,58.725,22,1,0,0,444.70795122040624,413.12890867567046,0,0
2025-03-11 22:15:00+05:30,434.348958785023,30.35,57.95,22,1,0,0,437.83984848291226,409.6110598482292,0,0
2025-03-11 22:30:00+05:30,433.167101050908,30.275,57.675,22,1,0,0,434.348958785023,408.4939592102681,0,0
2025-03-11 22:45:00+05:30,429.85637177662113,30.175,57.35,22,1,0,0,433.167101050908,404.4984095041992,0,0
2025-03-11 23:00:00+05:30,423.666720797654,30.15,57.225,23,1,0,0,429.85637177662113,401.1488962239817,0,0
2025-03-11 23:15:00+05:30,418.43972424627697,29.95,57.65,23,1,0,0,423.666720797654,394.5124137804521,0,0
2025-03-11 23:30:00+05:30,412.4045209564649,29.9,57.3,23,1,0,0,418.43972424627697,389.8209755176708,0,0
2025-03-11 23:45:00+05:30,405.546045123229,29.725,57.45,23,1,0,0,412.4045209564649,388.7091297261261,0,0
2025-03-12 00:00:00+05:30,399.05609299704656,29.6,56.75,0,2,0,0,405.546045123229,382.440484924592,0,0
2025-03-12 00:15:00+05:30,392.0966339779403,29.5,56.725,0,2,0,0,399.05609299704656,376.9314123846157,0,0
2025-03-12 00:30:00+05:30,383.2238605076973,29.4,56.8,0,2,0,0,392.0966339779403,369.59478965186713,0,0
2025-03-12 00:45:00+05:30,379.5225382358539,29.325000000000003,56.95,0,2,0,0,383.2238605076973,365.2928231013895,0,0
2025-03-12 01:00:00+05:30,375.47666546128346,29.125,58.35,1,2,0,0,379.5225382358539,360.5998163607247,0,0
2025-03-12 01:15:00+05:30,369.22735910991474,29.1,58.725,1,2,0,0,375.47666546128346,355.8278159521315,0,0
2025-03-12 01:30:00+05:30,363.57411528814015,29.1,58.475,1,2,0,0,369.22735910991474,353.0117608741592,0,0
2025-03-12 01:45:00+05:30,357.32225115908807,29.0,58.825,1,2,0,0,363.57411528814015,348.2947751820677,0,0
2025-03-12 02:00:00+05:30,354.25214913161705,28.875,59.7,2,2,0,0,357.32225115908807,344.9340008068216,0,0
2025-03-12 02:15:00+05:30,349.28642260320385,28.8,58.25,2,2,0,0,354.25214913161705,339.92523519352017,0,0
2025-03-12 02:30:00+05:30,345.0840206433528,28.75,57.925,2,2,0,0,349.28642260320385,337.6054087944191,0,0
2025-03-12 02:45:00+05:30,343.0419535767404,28.675,58.05,2,2,0,0,345.0840206433528,334.89736472974107,0,0
2025-03-12 03:00:00+05:30,339.9579639823138,28.55,57.825,3,2,0,0,343.0419535767404,329.9547809888225,0,0
2025-03-12 03:15:00+05:30,337.27003133340435,28.55,58.45,3,2,0,0,339.9579639823138,327.1087434027819,0,0
2025-03-12 03:30:00+05:30,336.2518277958319,28.375,58.47500000000001,3,2,0,0,337.27003133340435,325.1552342473654,0,0
2025-03-12 03:45:00+05:30,331.32791671680377,28.3,58.8,3,2,0,0,336.2518277958319,322.3774487162482,0,0
2025-03-12 04:00:00+05:30,329.5592091166956,28.2,59.65,4,2,0,0,331.32791671680377,320.6492707815732,0,0
2025-03-12 04:15:00+05:30,327.5689119607736,28.125,61.15,4,2,0,0,329.5592091166956,317.8607825315635,0,0
2025-03-12 04:30:00+05:30,327.18427799480554,28.075,61.325,4,2,0,0,327.5689119607736,318.00483825697853,0,0
2025-03-12 04:45:00+05:30,326.4798580490993,28.0,62.00000000000001,4,2,0,0,327.18427799480554,317.6954580093722,0,0
2025-03-12 05:00:00+05:30,327.3324763762227,27.925,61.15,5,2,0,0,326.4798580490993,317.7101883987439,0,0
2025-03-12 05:15:00+05:30,327.54101873368603,27.775,62.85,5,2,0,0,327.3324763762227,320.90656067510747,0,0
2025-03-12 05:30:00+05:30,330.31769637147926,27.825,61.95,5,2,0,0,327.54101873368603,326.493091318237,0,0
2025-03-12 05:45:00+05:30,336.0263897909658,27.875,61.35,5,2,0,0,330.31769637147926,332.9687742884729,0,0
2025-03-12 06:00:00+05:30,345.73504147572817,27.75,62.45,6,2,0,0,336.0263897909658,336.899906377289,0,0
2025-03-12 06:15:00+05:30,351.28597489419144,27.7,62.925,6,2,0,0,345.73504147572817,343.47035328159694,0,0
2025-03-12 06:30:00+05:30,359.2293255755395,27.7,62.75000000000001,6,2,0,0,351.28597489419144,352.21974762339414,0,0
2025-03-12 06:45:00+05:30,369.93779318821777,27.65,62.875,6,2,0,0,359.2293255755395,361.7812825663368,0,0
2025-03-12 07:00:00+05:30,382.2985408677699,27.75,62.45,7,2,0,0,369.93779318821777,373.9673123490031,0,0
2025-03-12 07:15:00+05:30,395.3507847254462,27.9,60.85,7,2,0,0,382.2985408677699,387.3834439151132,0,0
2025-03-12 07:30:00+05:30,412.1904616771757,28.225,59.55,7,2,0,0,395.3507847254462,403.2468497439796,0,0
2025-03-12 07:45:00+05:30,427.8415234599712,28.6,58.3,7,2,0,0,412.1904616771757,419.3967066280949,0,0
2025-03-12 08:00:00+05:30,447.6321377036364,29.05,58.525,8,2,0,0,427.8415234599712,441.4810967925912,0,0
2025-03-12 08:15:00+05:30,471.3837766499648,29.6,55.225,8,2,0,0,447.6321377036364,460.86890650127975,0,0
2025-03-12 08:30:00+05:30,488.0361300863047,30.125,53.775000000000006,8,2,0,0,471.3837766499648,476.24205089932514,0,0
2025-03-12 08:45:00+05:30,505.59043087082,30.6,52.875,8,2,0,0,488.0361300863047,493.7366106059756,0,0
2025-03-12 09:00:00+05:30,519.5961605242293,31.275,51.425,9,2,0,1,505.59043087082,507.099662989006,0,0
2025-03-12 09:15:00+05:30,534.524291052499,31.85,48.35,9,2,0,1,519.5961605242293,521.3057776825611,0,0
2025-03-12 09:30:00+05:30,541.8502467412989,32.425,46.425,9,2,0,1,534.524291052499,532.0412315074259,0,0
2025-03-12 09:45:00+05:30,551.5675427899542,33.075,43.625,9,2,0,1,541.8502467412989,543.9331565171072,0,0
2025-03-12 10:00:00+05:30,557.8080808278282,33.55,40.475,10,2,0,1,551.5675427899542,550.5855379934578,0,0
2025-03-12 10:15:00+05:30,564.413992662312,34.125,38.25,10,2,0,1,557.8080808278282,558.77468204854,0,0
2025-03-12 10:30:00+05:30,569.9670312981661,34.625,36.75,10,2,0,1,564.413992662312,564.5048767148662,0,0
2025-03-12 10:45:00+05:30,573.8156339099772,35.35,34.225,10,2,0,1,569.9670312981661,569.6254476339163,0,0
2025-03-12 11:00:00+05:30,578.6811259045835,35.825,32.625,11,2,0,1,573.8156339099772,574.2068395023101,0,0
2025-03-12 11:15:00+05:30,577.966958827239,36.575,30.925,11,2,0,1,578.6811259045835,575.406727019987,0,0
2025-03-12 11:30:00+05:30,577.0423383212558,36.95,30.000000000000004,11,2,0,1,577.966958827239,574.342291258893,0,0
2025-03-12 11:45:00+05:30,578.3410989106254,37.25,32.05,11,2,0,1,577.0423383212558,574.9123698940257,0,0
2025-03-12 12:00:00+05:30,579.2182639163545,37.55,33.275,12,2,0,1,578.3410989106254,576.9615766111898,0,0
2025-03-12 12:15:00+05:30,580.433339593197,37.725,32.900000000000006,12,2,0,1,579.2182639163545,577.0218035561492,0,0
2025-03-12 12:30:00+05:30,580.2458132712667,37.9,33.425,12,2,0,1,580.433339593197,575.7767850003407,0,0
2025-03-12 12:45:00+05:30,581.3466293244481,37.95,31.625,12,2,0,1,580.2458132712667,576.435254774954,0,0
2025-03-12 13:00:00+05:30,578.2489826846048,37.625,33.325,13,2,0,1,581.3466293244481,575.4921787085445,0,0
2025-03-12 13:15:00+05:30,574.8509271830467,37.475,34.95,13,2,0,1,578.2489826846048,571.6559921592917,0,0
2025-03-12 13:30:00+05:30,574.4401383909355,37.275,35.775,13,2,0,1,574.8509271830467,568.7245021621505,0,0
2025-03-12 13:45:00+05:30,576.801874167657,37.2,34.975,13,2,0,1,574.4401383909355,570.6735898553217,0,0
2025-03-12 14:00:00+05:30,582.0028716407451,37.05,34.9,14,2,0,1,576.801874167657,573.9854248115697,0,0
2025-03-12 14:15:00+05:30,588.3127329120257,36.95,34.8,14,2,0,1,582.0028716407451,574.6933541381959,0,0
2025-03-12 14:30:00+05:30,588.69184733214,37.075,35.175000000000004,14,2,0,1,588.3127329120257,576.7094742698459,0,0
2025-03-12 14:45:00+05:30,575.6810902039801,36.825,35.6,14,2,0,1,588.69184733214,577.9996125031583,0,0
2025-03-12 15:00:00+05:30,567.5670945429414,36.775,37.25,15,2,0,1,575.6810902039801,577.0214382312929,0,0
2025-03-12 15:15:00+05:30,580.1629841511985,36.525,36.7,15,2,0,1,567.5670945429414,574.0695114545509,0,0
2025-03-12 15:30:00+05:30,582.3610433340085,36.475,37.75,15,2,0,1,580.1629841511985,575.1771267714353,0,0
2025-03-12 15:45:00+05:30,575.5393808473277,36.575,40.125,15,2,0,1,582.3610433340085,575.0625971996138,0,0
2025-03-12 16:00:00+05:30,577.7519522665938,36.25,41.75,16,2,0,1,575.5393808473277,577.2024983428902,0,0
2025-03-12 16:15:00+05:30,571.0818228081846,36.525,40.9,16,2,0,1,577.7519522665938,573.2675392241644,0,0
2025-03-12 16:30:00+05:30,568.356410628636,36.525000000000006,41.400000000000006,16,2,0,1,571.0818228081846,575.9755090817453,0,0
2025-03-12 16:45:00+05:30,564.760777288863,36.025,44.0,16,2,0,1,568.356410628636,569.959802799171,0,0
2025-03-12 17:00:00+05:30,564.4883966690868,35.375,46.675,17,2,0,1,564.760777288863,565.0479706285308,0,0
2025-03-12 17:15:00+05:30,561.3546963986449,34.85,50.125,17,2,0,1,564.4883966690868,555.7105153950157,0,0
2025-03-12 17:30:00+05:30,556.372898536745,34.0,51.24999999999999,17,2,0,1,561.3546963986449,550.3950538862119,0,0
2025-03-12 17:45:00+05:30,548.5920678669643,33.325,51.725,17,2,0,1,556.372898536745,540.214156811087,0,0
2025-03-12 18:00:00+05:30,542.1990322988894,32.7,53.3,18,2,0,0,548.5920678669643,530.2590735169373,0,0
2025-03-12 18:15:00+05:30,534.657625055409,32.225,54.025,18,2,0,0,542.1990322988894,521.7956963818949,0,0
2025-03-12 18:30:00+05:30,529.3356915774399,31.825,54.75,18,2,0,0,534.657625055409,518.7816693896173,0,0
2025-03-12 18:45:00+05:30,524.8266883487767,31.6,55.725,18,2,0,0,529.3356915774399,513.3449388096672,0,0
2025-03-12 19:00:00+05:30,515.0101107483687,31.4,56.1,19,2,0,0,524.8266883487767,508.0353915227355,0,0
2025-03-12 19:15:00+05:30,507.00743922316246,31.275,56.275000000000006,19,2,0,0,515.0101107483687,500.4756244708848,0,0
2025-03-12 19:30:00+05:30,498.3195031315509,31.125,56.0,19,2,0,0,507.00743922316246,492.38787444847696,0,0
2025-03-12 19:45:00+05:30,491.0559488354236,31.125,55.775,19,2,0,0,498.3195031315509,487.69746776661634,0,0
2025-03-12 20:00:00+05:30,482.9801050386198,31.025,56.025,20,2,0,0,491.0559488354236,480.45701116138,0,0
2025-03-12 20:15:00+05:30,474.0751165322102,31.05,56.025000000000006,20,2,0,0,482.9801050386198,472.2390223866614,0,0
2025-03-12 20:30:00+05:30,466.7242328115746,30.975,55.325,20,2,0,0,474.0751165322102,466.72100971483445,0,0
2025-03-12 20:45:00+05:30,464.34484429822425,30.85,55.3,20,2,0,0,466.7242328115746,462.0028830485596,0,0
2025-03-12 21:00:00+05:30,457.99875513736606,30.725,55.55,21,2,0,0,464.34484429822425,456.73481582022737,0,0
2025-03-12 21:15:00+05:30,455.6398741432467,30.625000000000004,55.775,21,2,0,0,457.99875513736606,453.2181041780023,0,0
2025-03-12 21:30:00+05:30,452.7164818623772,30.55,56.05,21,2,0,0,455.6398741432467,449.573671651246,0,0
2025-03-12 21:45:00+05:30,446.2298140896178,30.525,56.6,21,2,0,0,452.7164818623772,444.70795122040624,0,0
2025-03-12 22:00:00+05:30,438.8600212030152,30.525,56.825,22,2,0,0,446.2298140896178,437.83984848291226,0,0
2025-03-12 22:15:00+05:30,436.077287695646,30.35,57.025000000000006,22,2,0,0,438.8600212030152,434.348958785023,0,0
2025-03-12 22:30:00+05:30,434.7561836153203,30.250000000000004,57.25,22,2,0,0,436.077287695646,433.167101050908,0,0
2025-03-12 22:45:00+05:30,431.5862661780631,30.15,57.25000000000001,22,2,0,0,434.7561836153203,429.85637177662113,0,0
2025-03-12 23:00:00+05:30,426.6786924568314,30.0,57.8,23,2,0,0,431.5862661780631,423.666720797654,0,0
2025-03-12 23:15:00+05:30,422.141867821384,29.875000000000004,58.275,23,2,0,0,426.6786924568314,418.43972424627697,0,0
2025-03-12 23:30:00+05:30,417.1151233397232,29.700000000000003,59.1,23,2,0,0,422.141867821384,412.4045209564649,0,0
2025-03-12 23:45:00+05:30,410.0158737690198,29.55,59.25,23,2,0,0,417.1151233397232,405.546045123229,0,0
2025-03-13 00:00:00+05:30,403.719414457192,29.625,58.85,0,3,0,0,410.0158737690198,399.05609299704656,1,1
2025-03-13 00:15:00+05:30,396.93900993301577,29.475,59.5,0,3,0,0,403.719414457192,392.0966339779403,1,1
2025-03-13 00:30:00+05:30,390.4803872442671,29.425,60.5,0,3,0,0,396.93900993301577,383.2238605076973,1,1
2025-03-13 00:45:00+05:30,385.1499580447894,29.325,60.85,0,3,0,0,390.4803872442671,379.5225382358539,1,1
2025-03-13 01:00:00+05:30,379.4654251661246,29.3,60.95,1,3,0,0,385.1499580447894,375.47666546128346,1,1
2025-03-13 01:15:00+05:30,376.7695603229316,29.275,61.025,1,3,0,0,379.4654251661246,369.22735910991474,1,1
2025-03-13 01:30:00+05:30,373.5520346331592,29.2,61.475,1,3,0,0,376.7695603229316,363.57411528814015,1,1
2025-03-13 01:45:00+05:30,369.4104204174677,29.1,62.1,1,3,0,0,373.5520346331592,357.32225115908807,1,1
2025-03-13 02:00:00+05:30,364.9938036606216,29.05,63.025,2,3,0,0,369.4104204174677,354.25214913161705,1,1
2025-03-13 02:15:00+05:30,357.12733549272014,28.975,63.225,2,3,0,0,364.9938036606216,349.28642260320385,1,1
2025-03-13 02:30:00+05:30,353.263076481619,28.85,63.775,2,3,0,0,357.12733549272014,345.0840206433528,1,1
2025-03-13 02:45:00+05:30,348.29806987474115,28.75,65.3,2,3,0,0,353.263076481619,343.0419535767404,1,1
2025-03-13 03:00:00+05:30,343.3654447116224,28.65,65.875,3,3,0,0,348.29806987474115,339.9579639823138,1,1
2025-03-13 03:15:00+05:30,340.04506402478177,28.55,66.85,3,3,0,0,343.3654447116224,337.27003133340435,1,1
2025-03-13 03:30:00+05:30,338.1330302505653,28.4,67.725,3,3,0,0,340.04506402478177,336.2518277958319,1,1
2025-03-13 03:45:00+05:30,336.2664115460483,28.45,67.575,3,3,0,0,338.1330302505653,331.32791671680377,1,1
2025-03-13 04:00:00+05:30,335.7144543105732,28.5,67.3,4,3,0,0,336.2664115460483,329.5592091166956,1,1
2025-03-13 04:15:00+05:30,334.95204866856346,28.525,67.125,4,3,0,0,335.7144543105732,327.5689119607736,1,1
2025-03-13 04:30:00+05:30,333.5299047273785,28.45,67.125,4,3,0,0,334.95204866856346,327.18427799480554,1,1
2025-03-13 04:45:00+05:30,330.1550156831721,28.375,67.15,4,3,0,0,333.5299047273785,326.4798580490993,1,1
2025-03-13 05:00:00+05:30,332.247553924344,28.275,67.525,5,3,0,0,330.1550156831721,327.3324763762227,1,1
2025-03-13 05:15:00+05:30,334.2500431373074,28.15,67.925,5,3,0,0,332.247553924344,327.54101873368603,1,1
2025-03-13 05:30:00+05:30,337.99025603843705,27.95,69.85,5,3,0,0,334.2500431373074,330.31769637147926,1,1
2025-03-13 05:45:00+05:30,343.4401099256729,27.825,70.375,5,3,0,0,337.99025603843705,336.0263897909658,1,1
2025-03-13 06:00:00+05:30,351.16635728028905,27.775,69.15,6,3,0,0,343.4401099256729,345.73504147572817,1,1
2025-03-13 06:15:00+05:30,354.2887278535971,27.825,67.25,6,3,0,0,351.16635728028905,351.28597489419144,1,1
2025-03-13 06:30:00+05:30,362.4236746349941,27.85,66.875,6,3,0,0,354.2887278535971,359.2293255755395,1,1
2025-03-13 06:45:00+05:30,372.7897263473368,27.9,66.375,6,3,0,0,362.4236746349941,369.93779318821777,1,1
2025-03-13 07:00:00+05:30,381.1988040446032,27.95,68.325,7,3,0,0,372.7897263473368,382.2985408677699,1,1
2025-03-13 07:15:00+05:30,397.05465987331326,28.025,67.2,7,3,0,0,381.1988040446032,395.3507847254462,1,1
2025-03-13 07:30:00+05:30,411.7177393443796,28.125,67.2,7,3,0,0,397.05465987331326,412.1904616771757,1,1
2025-03-13 07:45:00+05:30,427.7802492126949,28.35,66.475,7,3,0,0,411.7177393443796,427.8415234599712,1,1
2025-03-13 08:00:00+05:30,448.93776605159127,28.75,64.475,8,3,0,0,427.7802492126949,447.6321377036364,1,1
2025-03-13 08:15:00+05:30,467.4101192646797,29.225,62.975,8,3,0,0,448.93776605159127,471.3837766499648,1,1
2025-03-13 08:30:00+05:30,487.2260070903251,29.525,62.325,8,3,0,0,467.4101192646797,488.0361300863047,1,1
2025-03-13 08:45:00+05:30,505.0134725507757,29.975,59.85,8,3,0,0,487.2260070903251,505.59043087082,1,1
2025-03-13 09:00:00+05:30,520.0157818192062,30.525,56.0,9,3,0,1,505.0134725507757,519.5961605242293,1,1
2025-03-13 09:15:00+05:30,533.6028656395613,31.225,53.2,9,3,0,1,520.0157818192062,534.524291052499,1,1
2025-03-13 09:30:00+05:30,542.390351832826,31.775,51.3,9,3,0,1,533.6028656395613,541.8502467412989,1,1
2025-03-13 09:45:00+05:30,555.1965832451073,32.175,50.575,9,3,0,1,542.390351832826,551.5675427899542,1,1
2025-03-13 10:00:00+05:30,561.8297331904577,32.675,51.25,10,3,0,1,555.1965832451073,557.8080808278282,1,1
2025-03-13 10:15:00+05:30,568.6660484429399,32.975,50.575,10,3,0,1,561.8297331904577,564.413992662312,1,1
2025-03-13 10:30:00+05:30,574.136727000666,33.1,49.0,10,3,0,1,568.6660484429399,569.9670312981661,1,1
2025-03-13 10:45:00+05:30,577.3263478881163,33.6,48.35,10,3,0,1,574.136727000666,573.8156339099772,1,1
2025-03-13 11:00:00+05:30,578.9073186567102,33.775,49.25,11,3,0,1,577.3263478881163,578.6811259045835,1,1
2025-03-13 11:15:00+05:30,578.9450771459868,34.225,47.825,11,3,0,1,578.9073186567102,577.966958827239,1,1
2025-03-13 11:30:00+05:30,578.6104054430932,34.525,46.875,11,3,0,1,578.9450771459868,577.0423383212558,1,1
2025-03-13 11:45:00+05:30,575.3780757316258,34.35,47.9,11,3,0,1,578.6104054430932,578.3410989106254,1,1
2025-03-13 12:00:00+05:30,578.42951583139,34.425,49.3,12,3,0,1,575.3780757316258,579.2182639163545,1,1
2025-03-13 12:15:00+05:30,577.6947935835491,34.6,48.375,12,3,0,1,578.42951583139,580.433339593197,1,1
2025-03-13 12:30:00+05:30,580.4834290573409,34.375,48.775,12,3,0,1,577.6947935835491,580.2458132712667,1,1
2025-03-13 12:45:00+05:30,579.8999965853538,34.65,48.4,12,3,0,1,580.4834290573409,581.3466293244481,1,1
2025-03-13 13:00:00+05:30,576.1876539985444,35.0,47.275,13,3,0,1,579.8999965853538,578.2489826846048,1,1
2025-03-13 13:15:00+05:30,574.2131436814917,34.95,47.275,13,3,0,1,576.1876539985444,574.8509271830467,1,1
2025-03-13 13:30:00+05:30,572.2871992085509,34.975,44.425,13,3,0,1,574.2131436814917,574.4401383909355,1,1
2025-03-13 13:45:00+05:30,572.2524422439217,35.1,45.325,13,3,0,1,572.2871992085509,576.801874167657,1,1
2025-03-13 14:00:00+05:30,577.7601508735697,34.975,46.7,14,3,0,1,572.2524422439217,582.0028716407451,1,1
2025-03-13 14:15:00+05:30,581.4841870217958,35.125,47.05,14,3,0,1,577.7601508735697,588.3127329120257,1,1
2025-03-13 14:30:00+05:30,582.948017468446,35.05,47.45,14,3,0,1,581.4841870217958,588.69184733214,1,1
2025-03-13 14:45:00+05:30,584.7774356539583,34.9,48.875,14,3,0,1,582.948017468446,575.6810902039801,1,1
2025-03-13 15:00:00+05:30,586.5279479066928,34.7,50.475,15,3,0,1,584.7774356539583,567.5670945429414,1,1
2025-03-13 15:15:00+05:30,585.4938298171508,34.475,50.275,15,3,0,1,586.5279479066928,580.1629841511985,1,1
2025-03-13 15:30:00+05:30,583.0050953750352,34.2,53.875,15,3,0,1,585.4938298171508,582.3610433340085,1,1
2025-03-13 15:45:00+05:30,581.6627752946138,34.1,53.325,15,3,0,1,583.0050953750352,575.5393808473277,1,1
2025-03-13 16:00:00+05:30,583.1937151284901,33.725,55.325,16,3,0,1,581.6627752946138,577.7519522665938,1,1
2025-03-13 16:15:00+05:30,577.7424386265645,34.05,56.8,16,3,0,1,583.1937151284901,571.0818228081846,1,1
2025-03-13 16:30:00+05:30,575.0370723707451,33.95,58.225,16,3,0,1,577.7424386265645,568.356410628636,1,1
2025-03-13 16:45:00+05:30,569.8352493655711,33.725,58.225,16,3,0,1,575.0370723707451,564.760777288863,1,1
2025-03-13 17:00:00+05:30,566.2240439613308,33.6,58.825,17,3,0,1,569.8352493655711,564.4883966690868,1,1
2025-03-13 17:15:00+05:30,562.7154243524155,33.45,59.675,17,3,0,1,566.2240439613308,561.3546963986449,1,1
2025-03-13 17:30:00+05:30,552.8624109068119,32.775,62.675,17,3,0,1,562.7154243524155,556.372898536745,1,1
2025-03-13 17:45:00+05:30,543.0849707170871,32.275,64.0,17,3,0,1,552.8624109068119,548.5920678669643,1,1
2025-03-13 18:00:00+05:30,534.5593100435373,31.7,65.7,18,3,0,0,543.0849707170871,542.1990322988894,1,1
2025-03-13 18:15:00+05:30,526.6505393800948,31.1,68.575,18,3,0,0,534.5593100435373,534.657625055409,1,1
2025-03-13 18:30:00+05:30,519.5148682358172,30.7,70.725,18,3,0,0,526.6505393800948,529.3356915774399,1,1
2025-03-13 18:45:00+05:30,515.1290067732673,30.4,71.925,18,3,0,0,519.5148682358172,524.8266883487767,1,1
2025-03-13 19:00:00+05:30,507.95442880713534,30.125,73.45,19,3,0,0,515.1290067732673,515.0101107483687,1,1
2025-03-13 19:15:00+05:30,502.7801821222848,29.875,74.675,19,3,0,0,507.95442880713534,507.00743922316246,1,1
2025-03-13 19:30:00+05:30,493.62581835727696,29.7,75.15,19,3,0,0,502.7801821222848,498.3195031315509,1,1
2025-03-13 19:45:00+05:30,486.20388593681616,29.6,76.85,19,3,0,0,493.62581835727696,491.0559488354236,1,1
2025-03-13 20:00:00+05:30,476.46299043238,29.525,77.325,20,3,0,0,486.20388593681616,482.9801050386198,1,1
2025-03-13 20:15:00+05:30,470.2308241720612,29.45,78.2,20,3,0,0,476.46299043238,474.0751165322102,1,1
2025-03-13 20:30:00+05:30,462.9544170334346,29.375,78.575,20,3,0,0,470.2308241720612,466.7242328115746,1,1
2025-03-13 20:45:00+05:30,457.4642249991597,29.375,78.35,20,3,0,0,462.9544170334346,464.34484429822425,1,1
2025-03-13 21:00:00+05:30,452.7254025478272,29.35,78.4,21,3,0,0,457.4642249991597,457.99875513736606,1,1
2025-03-13 21:15:00+05:30,448.2374704850025,29.35,78.05,21,3,0,0,452.7254025478272,455.6398741432467,1,1
2025-03-13 21:30:00+05:30,446.6335873078461,29.375,77.725,21,3,0,0,448.2374704850025,452.7164818623772,1,1
2025-03-13 21:45:00+05:30,442.2505419220063,29.25,77.65,21,3,0,0,446.6335873078461,446.2298140896178,1,1
2025-03-13 22:00:00+05:30,438.340765546712,29.225,78.575,22,3,0,0,442.2505419220063,438.8600212030152,1,1
2025-03-13 22:15:00+05:30,434.50453697402304,29.25,78.95,22,3,0,0,438.340765546712,436.077287695646,1,1
2025-03-13 22:30:00+05:30,432.4542589949079,29.025,79.875,22,3,0,0,434.50453697402304,434.7561836153203,1,1
2025-03-13 22:45:00+05:30,428.78717068442114,28.925,80.025,22,3,0,0,432.4542589949079,431.5862661780631,1,1
2025-03-13 23:00:00+05:30,423.69463246805407,28.825,80.4,23,3,0,0,428.78717068442114,426.6786924568314,1,1
2025-03-13 23:15:00+05:30,416.685701813877,28.6,81.225,23,3,0,0,423.69463246805407,422.141867821384,1,1
2025-03-13 23:30:00+05:30,412.74847018266496,28.625,81.65,23,3,0,0,416.685701813877,417.1151233397232,1,1
2025-03-13 23:45:00+05:30,409.090913579829,28.6,82.725,23,3,0,0,412.74847018266496,410.0158737690198,1,1
2025-03-14 00:00:00+05:30,404.1874301482114,28.366666666666664,81.23333333333333,0,4,0,0,409.090913579829,403.719414457192,1,1
2025-03-14 00:15:00+05:30,398.9973128025164,28.33333333333333,81.46666666666668,0,4,0,0,404.1874301482114,396.93900993301577,1,1
2025-03-14 00:30:00+05:30,388.9575581272098,28.3,81.83333333333333,0,4,0,0,398.9973128025164,390.4803872442671,1,1
2025-03-14 00:45:00+05:30,382.95969546145415,28.2,82.53333333333333,0,4,0,0,388.9575581272098,385.1499580447894,1,1
2025-03-14 01:00:00+05:30,380.3700154523897,28.266666666666666,83.4,1,4,0,0,382.95969546145415,379.4654251661246,1,1
2025-03-14 01:15:00+05:30,374.0217440505611,28.23333333333333,82.93333333333334,1,4,0,0,380.3700154523897,376.7695603229316,1,1
2025-03-14 01:30:00+05:30,370.6920037258996,28.2,82.93333333333334,1,4,0,0,374.0217440505611,373.5520346331592,1,1
2025-03-14 01:45:00+05:30,365.5917882395646,28.133333333333336,82.96666666666665,1,4,0,0,370.6920037258996,369.4104204174677,1,1
2025-03-14 02:00:00+05:30,361.20939193087423,28.166666666666668,82.89999999999999,2,4,0,0,365.5917882395646,364.9938036606216,1,1
2025-03-14 02:15:00+05:30,357.8828407970741,28.03333333333333,83.13333333333333,2,4,0,0,361.20939193087423,357.12733549272014,1,1
2025-03-14 02:30:00+05:30,352.6140477875793,28.03333333333333,83.0,2,4,0,0,357.8828407970741,353.263076481619,1,1
2025-03-14 02:45:00+05:30,348.20782358556033,27.933333333333337,82.96666666666667,2,4,0,0,352.6140477875793,348.29806987474115,1,1
2025-03-14 03:00:00+05:30,344.71815341993187,27.83333333333333,82.13333333333334,3,4,0,0,348.20782358556033,343.3654447116224,1,1
2025-03-14 03:15:00+05:30,340.16920322610656,27.8,81.56666666666666,3,4,0,0,344.71815341993187,340.04506402478177,1,1
2025-03-14 03:30:00+05:30,336.92761906394264,27.6,82.03333333333333,3,4,0,0,340.16920322610656,338.1330302505653,1,1
2025-03-14 03:45:00+05:30,335.0848452527917,27.6,81.96666666666667,3,4,0,0,336.92761906394264,336.2664115460483,1,1
2025-03-14 04:00:00+05:30,330.98555841563774,27.5,82.43333333333334,4,4,0,0,335.0848452527917,335.7144543105732,1,1
2025-03-14 04:15:00+05:30,328.95401897192073,27.5,82.66666666666667,4,4,0,0,330.98555841563774,334.95204866856346,1,1
2025-03-14 04:30:00+05:30,326.1728599907823,27.5,83.03333333333335,4,4,0,0,328.95401897192073,333.5299047273785,1,1
2025-03-14 04:45:00+05:30,326.438772995186,27.5,83.4,4,4,0,0,326.1728599907823,330.1550156831721,1,1
2025-03-14 05:00:00+05:30,325.11756966850044,27.566666666666663,83.7,5,4,0,0,326.438772995186,332.247553924344,1,1
2025-03-14 05:15:00+05:30,325.25471485369224,27.433333333333337,84.1,5,4,0,0,325.11756966850044,334.2500431373074,1,1
2025-03-14 05:30:00+05:30,325.65460759677273,27.366666666666664,84.66666666666667,5,4,0,0,325.25471485369224,337.99025603843705,1,1
2025-03-14 05:45:00+05:30,325.4001520337827,27.366666666666664,83.86666666666667,5,4,0,0,325.65460759677273,343.4401099256729,1,1
2025-03-14 06:00:00+05:30,325.7428828812362,27.36666666666667,83.60000000000001,6,4,0,0,325.4001520337827,351.16635728028905,1,1
2025-03-14 06:15:00+05:30,325.78587556619505,27.366666666666664,83.8,6,4,0,0,325.7428828812362,354.2887278535971,1,1
2025-03-14 06:30:00+05:30,324.0749303377968,27.266666666666666,84.43333333333332,6,4,0,0,325.78587556619505,362.4236746349941,1,1
2025-03-14 06:45:00+05:30,321.6669134851791,27.33333333333333,84.43333333333334,6,4,0,0,324.0749303377968,372.7897263473368,1,1
2025-03-14 07:00:00+05:30,323.008605067896,27.3,84.4,7,4,0,0,321.6669134851791,381.1988040446032,1,1
2025-03-14 07:15:00+05:30,321.9789490863403,27.46666666666667,84.33333333333333,7,4,0,0,323.008605067896,397.05465987331326,1,1
2025-03-14 07:30:00+05:30,323.1769052736042,27.6,84.43333333333334,7,4,0,0,321.9789490863403,411.7177393443796,1,1
2025-03-14 07:45:00+05:30,324.93479953185545,27.83333333333333,82.96666666666665,7,4,0,0,323.1769052736042,427.7802492126949,1,1
2025-03-14 08:00:00+05:30,328.5670871249475,28.23333333333333,81.93333333333334,8,4,0,0,324.93479953185545,448.93776605159127,1,1
2025-03-14 08:15:00+05:30,332.2018827233995,28.4,81.53333333333333,8,4,0,0,328.5670871249475,467.4101192646797,1,1
2025-03-14 08:30:00+05:30,337.593242770561,28.6,79.89999999999999,8,4,0,0,332.2018827233995,487.2260070903251,1,1
2025-03-14 08:45:00+05:30,341.02017972565767,28.96666666666667,78.03333333333335,8,4,0,0,337.593242770561,505.0134725507757,1,1
2025-03-14 09:00:00+05:30,342.2955785639475,29.46666666666667,76.06666666666666,9,4,0,1,341.02017972565767,520.0157818192062,1,1
2025-03-14 09:15:00+05:30,344.6833712534619,29.9,73.7,9,4,0,1,342.2955785639475,533.6028656395613,1,1
2025-03-14 09:30:00+05:30,348.173127255374,30.366666666666664,70.43333333333334,9,4,0,1,344.6833712534619,542.390351832826,1,1
2025-03-14 09:45:00+05:30,349.67815586749737,30.9,67.43333333333332,9,4,0,1,348.173127255374,555.1965832451073,1,1
2025-03-14 10:00:00+05:30,353.9408373660833,31.266666666666666,63.76666666666666,10,4,0,1,349.67815586749737,561.8297331904577,1,1
2025-03-14 10:15:00+05:30,353.6570614631636,31.766666666666666,59.4,10,4,0,1,353.9408373660833,568.6660484429399,1,1
2025-03-14 10:30:00+05:30,352.17420348730184,32.4,55.70000000000001,10,4,0,1,353.6570614631636,574.136727000666,1,1
2025-03-14 10:45:00+05:30,352.7886998213117,32.86666666666667,52.3,10,4,0,1,352.17420348730184,577.3263478881163,1,1
2025-03-14 11:00:00+05:30,353.3536316110391,33.46666666666667,53.23333333333333,11,4,0,1,352.7886998213117,578.9073186567102,1,1
2025-03-14 11:15:00+05:30,353.990785190874,33.7,47.7,11,4,0,1,353.3536316110391,578.9450771459868,1,1
2025-03-14 11:30:00+05:30,355.93961503775347,33.800000000000004,53.23333333333333,11,4,0,1,353.990785190874,578.6104054430932,1,1
2025-03-14 11:45:00+05:30,358.1990602023522,33.9,53.9,11,4,0,1,355.93961503775347,575.3780757316258,1,1
2025-03-14 12:00:00+05:30,362.82649828092985,33.800000000000004,55.833333333333336,12,4,0,1,358.1990602023522,578.42951583139,1,1
2025-03-14 12:15:00+05:30,368.3869903120681,33.800000000000004,56.2,12,4,0,1,362.82649828092985,577.6947935835491,1,1
2025-03-14 12:30:00+05:30,369.341115510413,33.800000000000004,54.0,12,4,0,1,368.3869903120681,580.4834290573409,1,1
2025-03-14 12:45:00+05:30,371.5054236922424,33.7,54.43333333333334,12,4,0,1,369.341115510413,579.8999965853538,1,1
2025-03-14 13:00:00+05:30,372.18684031670665,33.766666666666666,53.9,13,4,0,1,371.5054236922424,576.1876539985444,1,1
2025-03-14 13:15:00+05:30,372.3227878534244,33.53333333333333,53.73333333333333,13,4,0,1,372.18684031670665,574.2131436814917,1,1
2025-03-14 13:30:00+05:30,374.1362814687739,33.56666666666666,51.16666666666666,13,4,0,1,372.3227878534244,572.2871992085509,1,1
2025-03-14 13:45:00+05:30,375.4179286445996,33.56666666666666,51.833333333333336,13,4,0,1,374.1362814687739,572.2524422439217,1,1
2025-03-14 14:00:00+05:30,376.7179315537387,33.7,50.13333333333333,14,4,0,1,375.4179286445996,577.7601508735697,1,1
2025-03-14 14:15:00+05:30,377.2092880355996,33.666666666666664,48.333333333333336,14,4,0,1,376.7179315537387,581.4841870217958,1,1
2025-03-14 14:30:00+05:30,379.4924614869345,33.7,49.06666666666666,14,4,0,1,377.2092880355996,582.948017468446,1,1
2025-03-14 14:45:00+05:30,378.5723426120061,33.733333333333334,46.96666666666666,14,4,0,1,379.4924614869345,584.7774356539583,1,1
2025-03-14 15:00:00+05:30,380.0603437509907,33.766666666666666,46.366666666666674,15,4,0,1,378.5723426120061,586.5279479066928,1,1
2025-03-14 15:15:00+05:30,382.1231777475616,33.9,45.5,15,4,0,1,380.0603437509907,585.4938298171508,1,1
2025-03-14 15:30:00+05:30,381.27902601733416,34.03333333333334,44.43333333333334,15,4,0,1,382.1231777475616,583.0050953750352,1,1
2025-03-14 15:45:00+05:30,379.9656806265196,34.46666666666667,42.23333333333333,15,4,0,1,381.27902601733416,581.6627752946138,1,1
2025-03-14 16:00:00+05:30,380.3903017497334,34.2,42.66666666666666,16,4,0,1,379.9656806265196,583.1937151284901,1,1
2025-03-14 16:15:00+05:30,378.51270986825415,34.4,40.46666666666667,16,4,0,1,380.3903017497334,577.7424386265645,1,1
2025-03-14 16:30:00+05:30,377.3220491102322,34.6,40.5,16,4,0,1,378.51270986825415,575.0370723707451,1,1
2025-03-14 16:45:00+05:30,375.6304624226543,34.4,40.46666666666666,16,4,0,1,377.3220491102322,569.8352493655711,1,1
2025-03-14 17:00:00+05:30,373.9720221841102,34.5,38.266666666666666,17,4,0,1,375.6304624226543,566.2240439613308,1,1
2025-03-14 17:15:00+05:30,372.3537942784728,34.166666666666664,38.46666666666667,17,4,0,1,373.9720221841102,562.7154243524155,1,1
2025-03-14 17:30:00+05:30,373.4554444840199,33.96666666666667,38.76666666666666,17,4,0,1,372.3537942784728,552.8624109068119,1,1
2025-03-14 17:45:00+05:30,368.5722665950273,33.166666666666664,40.7,17,4,0,1,373.4554444840199,543.0849707170871,1,1
2025-03-14 18:00:00+05:30,371.82285381818696,32.6,41.833333333333336,18,4,0,0,368.5722665950273,534.5593100435373,1,1
2025-03-14 18:15:00+05:30,370.5327132318856,31.933333333333326,43.333333333333336,18,4,0,0,371.82285381818696,526.6505393800948,1,1
2025-03-14 18:30:00+05:30,372.2504334199343,31.399999999999995,45.06666666666667,18,4,0,0,370.5327132318856,519.5148682358172,1,1
2025-03-14 18:45:00+05:30,374.4473644994536,31.066666666666663,45.86666666666667,18,4,0,0,372.2504334199343,515.1290067732673,1,1
2025-03-14 19:00:00+05:30,375.3777067742948,30.7,47.23333333333333,19,4,0,0,374.4473644994536,507.95442880713534,1,1
2025-03-14 19:15:00+05:30,376.6729089044407,30.366666666666664,48.16666666666666,19,4,0,0,375.3777067742948,502.7801821222848,1,1
2025-03-14 19:30:00+05:30,376.61546308136434,30.1,49.7,19,4,0,0,376.6729089044407,493.62581835727696,1,1
2025-03-14 19:45:00+05:30,377.82023427925145,29.9,51.66666666666666,19,4,0,0,376.61546308136434,486.20388593681616,1,1
2025-03-14 20:00:00+05:30,378.816602189623,29.666666666666668,53.9,20,4,0,0,377.82023427925145,476.46299043238,1,1
2025-03-14 20:15:00+05:30,379.1664112308939,29.53333333333333,55.46666666666666,20,4,0,0,378.816602189623,470.2308241720612,1,1
2025-03-14 20:30:00+05:30,376.73333439692135,29.46666666666667,56.5,20,4,0,0,379.1664112308939,462.9544170334346,1,1
2025-03-14 20:45:00+05:30,379.35431734170345,29.433333333333334,56.93333333333334,20,4,0,0,376.73333439692135,457.4642249991597,1,1
2025-03-14 21:00:00+05:30,378.0231535576922,29.433333333333334,57.46666666666666,21,4,0,0,379.35431734170345,452.7254025478272,1,1
2025-03-14 21:15:00+05:30,378.33803693346994,29.2,59.1,21,4,0,0,378.0231535576922,448.2374704850025,1,1
2025-03-14 21:30:00+05:30,378.7517916523114,29.1,60.1,21,4,0,0,378.33803693346994,446.6335873078461,1,1
2025-03-14 21:45:00+05:30,380.2648318441707,28.96666666666667,61.43333333333334,21,4,0,0,378.7517916523114,442.2505419220063,1,1
2025-03-14 22:00:00+05:30,375.69246629719663,28.96666666666667,61.76666666666667,22,4,0,0,380.2648318441707,438.340765546712,1,1
2025-03-14 22:15:00+05:30,373.5036330437033,28.83333333333333,62.06666666666666,22,4,0,0,375.69246629719663,434.50453697402304,1,1
2025-03-14 22:30:00+05:30,373.7179999224297,28.866666666666664,62.4,22,4,0,0,373.5036330437033,432.4542589949079,1,1
2025-03-14 22:45:00+05:30,372.6230985481744,28.7,63.86666666666667,22,4,0,0,373.7179999224297,428.78717068442114,1,1
2025-03-14 23:00:00+05:30,370.9791286013111,28.6,65.69999999999999,23,4,0,0,372.6230985481744,423.69463246805407,1,1
2025-03-14 23:15:00+05:30,367.6653098833772,28.566666666666663,67.13333333333334,23,4,0,0,370.9791286013111,416.685701813877,1,1
2025-03-14 23:30:00+05:30,365.5244713727536,28.5,68.53333333333335,23,4,0,0,367.6653098833772,412.74847018266496,1,1
2025-03-14 23:45:00+05:30,364.8469679697355,28.433333333333334,70.26666666666667,23,4,0,0,365.5244713727536,409.090913579829,1,1
2025-03-15 00:00:00+05:30,362.2287711799482,28.55,74.375,0,5,1,0,364.8469679697355,404.1874301482114,0,0
2025-03-15 00:15:00+05:30,358.7328753607329,28.5,75.775,0,5,1,0,362.2287711799482,398.9973128025164,0,0
2025-03-15 00:30:00+05:30,352.9863442893159,28.45,76.57499999999999,0,5,1,0,358.7328753607329,388.9575581272098,0,0
2025-03-15 00:45:00+05:30,347.96422870893144,28.4,77.725,0,5,1,0,352.9863442893159,382.95969546145415,0,0
2025-03-15 01:00:00+05:30,345.1334554344577,28.325,78.55000000000001,1,5,1,0,347.96422870893144,380.3700154523897,0,0
2025-03-15 01:15:00+05:30,342.98945134897303,28.25,79.225,1,5,1,0,345.1334554344577,374.0217440505611,0,0
2025-03-15 01:30:00+05:30,339.98897986847413,28.175,79.725,1,5,1,0,342.98945134897303,370.6920037258996,0,0
2025-03-15 01:45:00+05:30,335.6839882991658,28.175,80.0,1,5,1,0,339.98897986847413,365.5917882395646,0,0
2025-03-15 02:00:00+05:30,332.4079328182317,28.05,79.85,2,5,1,0,335.6839882991658,361.20939193087423,0,0
2025-03-15 02:15:00+05:30,330.0184480149308,28.0,79.27499999999999,2,5,1,0,332.4079328182317,357.8828407970741,0,0
2025-03-15 02:30:00+05:30,326.5024610726845,27.925,78.9,2,5,1,0,330.0184480149308,352.6140477875793,0,0
2025-03-15 02:45:00+05:30,323.84031009725066,27.875000000000004,78.25,2,5,1,0,326.5024610726845,348.20782358556033,0,0
2025-03-15 03:00:00+05:30,321.5773317011558,27.8,77.72500000000001,3,5,1,0,323.84031009725066,344.71815341993187,0,0
2025-03-15 03:15:00+05:30,317.92696892186655,27.725,77.15,3,5,1,0,321.5773317011558,340.16920322610656,0,0
2025-03-15 03:30:00+05:30,315.56615371989,27.625,77.5,3,5,1,0,317.92696892186655,336.92761906394264,0,0
2025-03-15 03:45:00+05:30,313.43447363016844,27.525,78.225,3,5,1,0,315.56615371989,335.0848452527917,0,0
2025-03-15 04:00:00+05:30,310.1317552278097,27.55,78.65,4,5,1,0,313.43447363016844,330.98555841563774,0,0
2025-03-15 04:15:00+05:30,309.9621605203848,27.5,78.75,4,5,1,0,310.1317552278097,328.95401897192073,0,0
2025-03-15 04:30:00+05:30,307.69733357693224,27.55,78.075,4,5,1,0,309.9621605203848,326.1728599907823,0,0
2025-03-15 04:45:00+05:30,308.3244545763375,27.425,77.45,4,5,1,0,307.69733357693224,326.438772995186,0,0
2025-03-15 05:00:00+05:30,308.0621926388395,27.375,76.77499999999999,5,5,1,0,308.3244545763375,325.11756966850044,0,0
2025-03-15 05:15:00+05:30,308.402370765875,27.25,76.6,5,5,1,0,308.0621926388395,325.25471485369224,0,0
2025-03-15 05:30:00+05:30,310.75356460908915,27.175,76.9,5,5,1,0,308.402370765875,325.65460759677273,0,0
2025-03-15 05:45:00+05:30,313.7444840852553,27.1,77.17500000000001,5,5,1,0,310.75356460908915,325.4001520337827,0,0
2025-03-15 06:00:00+05:30,319.0385020132811,27.0,77.19999999999999,6,5,1,0,313.7444840852553,325.7428828812362,0,0
2025-03-15 06:15:00+05:30,322.7075478919388,26.85,76.875,6,5,1,0,319.0385020132811,325.78587556619505,0,0
2025-03-15 06:30:00+05:30,325.8280940459286,26.775,76.45,6,5,1,0,322.7075478919388,324.0749303377968,0,0
2025-03-15 06:45:00+05:30,331.63776374017965,26.725,76.225,6,5,1,0,325.8280940459286,321.6669134851791,0,0
2025-03-15 07:00:00+05:30,336.3586282730656,26.75,76.125,7,5,1,0,331.63776374017965,323.008605067896,0,0
2025-03-15 07:15:00+05:30,342.752522095831,26.9,75.575,7,5,1,0,336.3586282730656,321.9789490863403,0,0
2025-03-15 07:30:00+05:30,350.77554855193205,27.175,72.94999999999999,7,5,1,0,342.752522095831,323.1769052736042,0,0
2025-03-15 07:45:00+05:30,359.1545064774662,27.625,71.45,7,5,1,0,350.77554855193205,324.93479953185545,0,0
2025-03-15 08:00:00+05:30,372.0231070888587,28.1,68.42500000000001,8,5,1,0,359.1545064774662,328.5670871249475,0,0
2025-03-15 08:15:00+05:30,384.2826896687761,28.55,65.02499999999999,8,5,1,0,372.0231070888587,332.2018827233995,0,0
2025-03-15 08:30:00+05:30,397.562596908128,29.1,61.75,8,5,1,0,384.2826896687761,337.593242770561,0,0
2025-03-15 08:45:00+05:30,411.31009391020814,29.700000000000003,58.525,8,5,1,0,397.562596908128,341.02017972565767,0,0
2025-03-15 09:00:00+05:30,422.6786357166189,30.3,54.400000000000006,9,5,1,1,411.31009391020814,342.2955785639475,0,0
2025-03-15 09:15:00+05:30,434.45531702310143,31.075000000000003,51.725,9,5,1,1,422.6786357166189,344.6833712534619,0,0
2025-03-15 09:30:00+05:30,444.1845911211186,31.575000000000003,48.075,9,5,1,1,434.45531702310143,348.173127255374,0,0
2025-03-15 09:45:00+05:30,451.931215805294,32.075,46.35,9,5,1,1,444.1845911211186,349.67815586749737,0,0
2025-03-15 10:00:00+05:30,461.7829825775489,32.45,44.75,10,5,1,1,451.931215805294,353.9408373660833,0,0
2025-03-15 10:15:00+05:30,466.1019242911806,32.975,43.125,10,5,1,1,461.7829825775489,353.6570614631636,0,0
2025-03-15 10:30:00+05:30,469.37409798861495,33.45,41.025,10,5,1,1,466.1019242911806,352.17420348730184,0,0
2025-03-15 10:45:00+05:30,474.8098885217627,34.175,38.2,10,5,1,1,469.37409798861495,352.7886998213117,0,0
2025-03-15 11:00:00+05:30,476.9516080311416,34.775000000000006,37.275,11,5,1,1,474.8098885217627,353.3536316110391,0,0
2025-03-15 11:15:00+05:30,478.3859263383959,34.650000000000006,39.575,11,5,1,1,476.9516080311416,353.990785190874,0,0
2025-03-15 11:30:00+05:30,476.969932004287,33.95,45.575,11,5,1,1,478.3859263383959,355.93961503775347,0,0
2025-03-15 11:45:00+05:30,477.98792537704526,33.95,47.10000000000001,11,5,1,1,476.969932004287,358.1990602023522,0,0
2025-03-15 12:00:00+05:30,478.64154215524616,33.974999999999994,51.525,12,5,1,1,477.98792537704526,362.82649828092985,0,0
2025-03-15 12:15:00+05:30,477.8930515058311,33.9,53.05,12,5,1,1,478.64154215524616,368.3869903120681,0,0
2025-03-15 12:30:00+05:30,483.03581520527007,34.1,52.97500000000001,12,5,1,1,477.8930515058311,369.341115510413,0,0
2025-03-15 12:45:00+05:30,488.0865376454929,34.2,52.25,12,5,1,1,483.03581520527007,371.5054236922424,0,0
2025-03-15 13:00:00+05:30,485.3618421772858,34.4,51.0,13,5,1,1,488.0865376454929,372.18684031670665,0,0
2025-03-15 13:15:00+05:30,485.4985825252574,34.525,49.1,13,5,1,1,485.3618421772858,372.3227878534244,0,0
2025-03-15 13:30:00+05:30,481.3551496972264,34.675,49.275000000000006,13,5,1,1,485.4985825252574,374.1362814687739,0,0
2025-03-15 13:45:00+05:30,482.54267211626,34.5,49.3,13,5,1,1,481.3551496972264,375.4179286445996,0,0
2025-03-15 14:00:00+05:30,488.6826190629492,34.575,48.15,14,5,1,1,482.54267211626,376.7179315537387,0,0
2025-03-15 14:15:00+05:30,493.1769538032829,34.599999999999994,48.075,14,5,1,1,488.6826190629492,377.2092880355996,0,0
2025-03-15 14:30:00+05:30,489.0400153184768,34.35,48.15,14,5,1,1,493.1769538032829,379.4924614869345,0,0
2025-03-15 14:45:00+05:30,490.7588302945791,34.375,48.8,14,5,1,1,489.0400153184768,378.5723426120061,0,0
2025-03-15 15:00:00+05:30,486.3595885069379,34.25,50.0,15,5,1,1,490.7588302945791,380.0603437509907,0,0
2025-03-15 15:15:00+05:30,487.0369692457147,33.900000000000006,50.875,15,5,1,1,486.3595885069379,382.1231777475616,0,0
2025-03-15 15:30:00+05:30,488.74159297043474,33.7,52.225,15,5,1,1,487.0369692457147,381.27902601733416,0,0
2025-03-15 15:45:00+05:30,485.8963670693263,33.7,50.55,15,5,1,1,488.74159297043474,379.9656806265196,0,0
2025-03-15 16:00:00+05:30,483.0107756047917,33.625,48.8,16,5,1,1,485.8963670693263,380.3903017497334,0,0
2025-03-15 16:15:00+05:30,479.063872581716,34.25,45.45,16,5,1,1,483.0107756047917,378.51270986825415,0,0
2025-03-15 16:30:00+05:30,473.448409280284,34.425,43.025000000000006,16,5,1,1,479.063872581716,377.3220491102322,0,0
2025-03-15 16:45:00+05:30,470.05733211819546,34.4,43.05,16,5,1,1,473.448409280284,375.6304624226543,0,0
2025-03-15 17:00:00+05:30,465.7482385267276,33.925,44.875,17,5,1,1,470.05733211819546,373.9720221841102,0,0
2025-03-15 17:15:00+05:30,462.033736842824,33.3,47.575,17,5,1,1,465.7482385267276,372.3537942784728,0,0
2025-03-15 17:30:00+05:30,457.0839445486839,32.625,50.675,17,5,1,1,462.033736842824,373.4554444840199,0,0
2025-03-15 17:45:00+05:30,450.228178412748,31.950000000000003,53.075,17,5,1,1,457.0839445486839,368.5722665950273,0,0
2025-03-15 18:00:00+05:30,447.8172222703765,31.45,55.9,18,5,1,0,450.228178412748,371.82285381818696,0,0
2025-03-15 18:15:00+05:30,443.5457463388036,30.85,57.925,18,5,1,0,447.8172222703765,370.5327132318856,0,0
2025-03-15 18:30:00+05:30,443.3997675892712,30.375,59.64999999999999,18,5,1,0,443.5457463388036,372.2504334199343,0,0
2025-03-15 18:45:00+05:30,443.5599616188911,30.000000000000004,61.2,18,5,1,0,443.3997675892712,374.4473644994536,0,0
2025-03-15 19:00:00+05:30,439.27215906901256,29.825,62.49999999999999,19,5,1,0,443.5599616188911,375.3777067742948,0,0
2025-03-15 19:15:00+05:30,435.7876458436839,29.65,64.22500000000001,19,5,1,0,439.27215906901256,376.6729089044407,0,0
2025-03-15 19:30:00+05:30,434.305861269126,29.5,65.4,19,5,1,0,435.7876458436839,376.61546308136434,0,0
2025-03-15 19:45:00+05:30,428.00536759475045,29.4,65.92500000000001,19,5,1,0,434.305861269126,377.82023427925145,0,0
2025-03-15 20:00:00+05:30,423.3920876113359,29.325000000000003,65.8,20,5,1,0,428.00536759475045,378.816602189623,0,0
2025-03-15 20:15:00+05:30,418.5588080051567,29.225,65.75,20,5,1,0,423.3920876113359,379.1664112308939,0,0
2025-03-15 20:30:00+05:30,418.6003697513252,29.175,65.05,20,5,1,0,418.5588080051567,376.73333439692135,0,0
2025-03-15 20:45:00+05:30,416.1251818641567,29.15,63.525,20,5,1,0,418.6003697513252,379.35431734170345,0,0
2025-03-15 21:00:00+05:30,415.6736901751775,29.125,62.875,21,5,1,0,416.1251818641567,378.0231535576922,0,0
2025-03-15 21:15:00+05:30,412.2038998601164,29.125,61.6,21,5,1,0,415.6736901751775,378.33803693346994,0,0
2025-03-15 21:30:00+05:30,406.2372557089584,28.925,60.575,21,5,1,0,412.2038998601164,378.7517916523114,0,0
2025-03-15 21:45:00+05:30,403.07747565466354,28.9,59.3,21,5,1,0,406.2372557089584,380.2648318441707,0,0
2025-03-15 22:00:00+05:30,393.4969311133615,28.9,58.1,22,5,1,0,403.07747565466354,375.69246629719663,0,0
2025-03-15 22:15:00+05:30,391.9472244414194,28.8,58.6,22,5,1,0,393.4969311133615,373.5036330437033,0,0
2025-03-15 22:30:00+05:30,390.5953326816624,28.75,58.35,22,5,1,0,391.9472244414194,373.7179999224297,0,0
2025-03-15 22:45:00+05:30,389.2565321090235,28.65,60.27499999999999,22,5,1,0,390.5953326816624,372.6230985481744,0,0
2025-03-15 23:00:00+05:30,384.2842886356474,28.45,62.5,23,5,1,0,389.2565321090235,370.9791286013111,0,0
2025-03-15 23:15:00+05:30,381.7695269906462,28.35,63.6,23,5,1,0,384.2842886356474,367.6653098833772,0,0
2025-03-15 23:30:00+05:30,377.05668717544506,28.275,64.775,23,5,1,0,381.7695269906462,365.5244713727536,0,0
2025-03-15 23:45:00+05:30,376.6299645075741,28.3,65.275,23,5,1,0,377.05668717544506,364.8469679697355,0,0
2025-03-16 00:00:00+05:30,370.943244577792,28.2,66.175,0,6,1,0,376.6299645075741,362.2287711799482,0,0
2025-03-16 00:15:00+05:30,370.29932058961583,28.275,66.55,0,6,1,0,370.943244577792,358.7328753607329,0,0
2025-03-16 00:30:00+05:30,363.02694990566704,28.2,67.075,0,6,1,0,370.29932058961583,352.9863442893159,0,0
2025-03-16 00:45:00+05:30,359.5949687193895,28.175,67.975,0,6,1,0,363.02694990566704,347.96422870893144,0,0
2025-03-16 01:00:00+05:30,353.8678672031248,28.15,68.8,1,6,1,0,359.5949687193895,345.1334554344577,0,0
2025-03-16 01:15:00+05:30,349.68042231773165,28.05,69.475,1,6,1,0,353.8678672031248,342.98945134897303,0,0
2025-03-16 01:30:00+05:30,344.3359932045591,27.95,69.425,1,6,1,0,349.68042231773165,339.98897986847413,0,0
2025-03-16 01:45:00+05:30,341.7485132300678,27.85,69.325,1,6,1,0,344.3359932045591,335.6839882991658,0,0
2025-03-16 02:00:00+05:30,338.8280610258216,27.8,68.675,2,6,1,0,341.7485132300678,332.4079328182317,0,0
2025-03-16 02:15:00+05:30,336.0773232059201,27.775,67.875,2,6,1,0,338.8280610258216,330.0184480149308,0,0
2025-03-16 02:30:00+05:30,333.6481114052189,27.675,67.5,2,6,1,0,336.0773232059201,326.5024610726845,0,0
2025-03-16 02:45:00+05:30,328.6067651567411,27.65,66.575,2,6,1,0,333.6481114052189,323.84031009725066,0,0
2025-03-16 03:00:00+05:30,325.4735947530224,27.625,66.15,3,6,1,0,328.6067651567411,321.5773317011558,0,0
2025-03-16 03:15:00+05:30,322.0863342559819,27.45,66.175,3,6,1,0,325.4735947530224,317.92696892186655,0,0
2025-03-16 03:30:00+05:30,319.2686824401655,27.35,66.05,3,6,1,0,322.0863342559819,315.56615371989,0,0
2025-03-16 03:45:00+05:30,317.80116763064814,27.25,65.375,3,6,1,0,319.2686824401655,313.43447363016844,0,0
2025-03-16 04:00:00+05:30,316.2974497879732,27.15,65.2,4,6,1,0,317.80116763064814,310.1317552278097,0,0
2025-03-16 04:15:00+05:30,315.1019063601636,27.075,64.425,4,6,1,0,316.2974497879732,309.9621605203848,0,0
2025-03-16 04:30:00+05:30,313.22695092677844,27.0,63.975,4,6,1,0,315.1019063601636,307.69733357693224,0,0
2025-03-16 04:45:00+05:30,314.02221932657216,26.875,64.025,4,6,1,0,313.22695092677844,308.3244545763375,0,0
2025-03-16 05:00:00+05:30,313.08927488754387,26.85,63.8,5,6,1,0,314.02221932657216,308.0621926388395,0,0
2025-03-16 05:15:00+05:30,310.14870178230746,26.775,62.975,5,6,1,0,313.08927488754387,308.402370765875,0,0
2025-03-16 05:30:00+05:30,313.353293459237,26.825,62.2,5,6,1,0,310.14870178230746,310.75356460908915,0,0
2025-03-16 05:45:00+05:30,314.31421777787284,26.725,62.625,5,6,1,0,313.353293459237,313.7444840852553,0,0
2025-03-16 06:00:00+05:30,314.203307225089,26.775,61.95,6,6,1,0,314.31421777787284,319.0385020132811,0,0
2025-03-16 06:15:00+05:30,315.7910879937971,26.9,61.2,6,6,1,0,314.203307225089,322.7075478919388,0,0
2025-03-16 06:30:00+05:30,313.6175226625941,26.85,61.225,6,6,1,0,315.7910879937971,325.8280940459286,0,0
2025-03-16 06:45:00+05:30,313.7186294435368,26.8,62.2,6,6,1,0,313.6175226625941,331.63776374017965,0,0
2025-03-16 07:00:00+05:30,313.1130683318031,26.825,62.675,7,6,1,0,313.7186294435368,336.3586282730656,0,0
2025-03-16 07:15:00+05:30,315.8387622815133,27.0,62.375,7,6,1,0,313.1130683318031,342.752522095831,0,0
2025-03-16 07:30:00+05:30,320.7231133017797,27.275,62.5,7,6,1,0,315.8387622815133,350.77554855193205,0,0
2025-03-16 07:45:00+05:30,325.7098193458948,27.675,61.575,7,6,1,0,320.7231133017797,359.1545064774662,0,0
2025-03-16 08:00:00+05:30,332.2116683493911,28.15,60.025,8,6,1,0,325.7098193458948,372.0231070888587,0,0
2025-03-16 08:15:00+05:30,338.9334583768796,28.625,58.325,8,6,1,0,332.2116683493911,384.2826896687761,0,0
2025-03-16 08:30:00+05:30,348.2164571185252,29.2,54.55,8,6,1,0,338.9334583768796,397.562596908128,0,0
2025-03-16 08:45:00+05:30,352.99365203857565,29.6,50.825,8,6,1,0,348.2164571185252,411.31009391020814,0,0
2025-03-16 09:00:00+05:30,356.4380236800061,30.075,49.2,9,6,1,1,352.99365203857565,422.6786357166189,0,0
2025-03-16 09:15:00+05:30,361.8742732511613,30.575,46.8,9,6,1,1,356.4380236800061,434.45531702310143,0,0
2025-03-16 09:30:00+05:30,367.6437911062261,31.2,45.2,9,6,1,1,361.8742732511613,444.1845911211186,0,0
2025-03-16 09:45:00+05:30,372.0007937699072,31.65,44.325,9,6,1,1,367.6437911062261,451.931215805294,0,0
2025-03-16 10:00:00+05:30,374.1541853144578,32.2,43.375,10,6,1,1,372.0007937699072,461.7829825775489,0,0
2025-03-16 10:15:00+05:30,380.0594804639399,32.475,43.75,10,6,1,1,374.1541853144578,466.1019242911806,0,0
2025-03-16 10:30:00+05:30,384.65272190706605,32.525,44.125,10,6,1,1,380.0594804639399,469.37409798861495,0,0
2025-03-16 10:45:00+05:30,388.88963697691634,32.825,44.4,10,6,1,1,384.65272190706605,474.8098885217627,0,0
2025-03-16 11:00:00+05:30,391.6161942061101,33.25,43.05,11,6,1,1,388.88963697691634,476.9516080311416,0,0
2025-03-16 11:15:00+05:30,396.36241391318686,33.325,45.45,11,6,1,1,391.6161942061101,478.3859263383959,0,0
2025-03-16 11:30:00+05:30,396.8582656614933,33.525,45.975,11,6,1,1,396.36241391318686,476.969932004287,0,0
2025-03-16 11:45:00+05:30,396.4338632216256,33.625,47.975,11,6,1,1,396.8582656614933,477.98792537704526,0,0
2025-03-16 12:00:00+05:30,398.7508751349898,33.9,48.2,12,6,1,1,396.4338632216256,478.64154215524616,0,0
2025-03-16 12:15:00+05:30,401.4937931723491,33.925,48.775,12,6,1,1,398.7508751349898,477.8930515058311,0,0
2025-03-16 12:30:00+05:30,400.9595090205408,34.025,48.95,12,6,1,1,401.4937931723491,483.03581520527007,0,0
2025-03-16 12:45:00+05:30,400.480891644954,34.325,48.975,12,6,1,1,400.9595090205408,488.0865376454929,0,0
2025-03-16 13:00:00+05:30,398.9516189049447,33.925,50.425,13,6,1,1,400.480891644954,485.3618421772858,0,0
2025-03-16 13:15:00+05:30,399.35712560569175,34.05,50.3,13,6,1,1,398.9516189049447,485.4985825252574,0,0
2025-03-16 13:30:00+05:30,397.6588284113509,33.95,51.375,13,6,1,1,399.35712560569175,481.3551496972264,0,0
2025-03-16 13:45:00+05:30,399.3534728023217,33.975,52.275,13,6,1,1,397.6588284113509,482.54267211626,0,0
2025-03-16 14:00:00+05:30,402.4128119297697,34.025,52.475,14,6,1,1,399.3534728023217,488.6826190629492,0,0
2025-03-16 14:15:00+05:30,406.247311668996,33.925,52.75,14,6,1,1,402.4128119297697,493.1769538032829,0,0
2025-03-16 14:30:00+05:30,408.5359338310461,33.825,52.6,14,6,1,1,406.247311668996,489.0400153184768,0,0
2025-03-16 14:45:00+05:30,409.9236042723582,33.725,52.975,14,6,1,1,408.5359338310461,490.7588302945791,0,0
2025-03-16 15:00:00+05:30,410.5302138902929,33.6,53.45,15,6,1,1,409.9236042723582,486.3595885069379,0,0
2025-03-16 15:15:00+05:30,410.730733773751,33.425,54.2,15,6,1,1,410.5302138902929,487.0369692457147,0,0
2025-03-16 15:30:00+05:30,408.1986494992351,33.3,54.625,15,6,1,1,410.730733773751,488.74159297043474,0,0
2025-03-16 15:45:00+05:30,407.40772994381376,33.125,55.175,15,6,1,1,408.1986494992351,485.8963670693263,0,0
2025-03-16 16:00:00+05:30,405.04188084709006,32.675,55.975,16,6,1,1,407.40772994381376,483.0107756047917,0,0
2025-03-16 16:15:00+05:30,403.1709228459645,32.9,55.45,16,6,1,1,405.04188084709006,479.063872581716,0,0
2025-03-16 16:30:00+05:30,402.3918421475452,32.65,56.2,16,6,1,1,403.1709228459645,473.448409280284,0,0
2025-03-16 16:45:00+05:30,399.1656536277712,32.425,57.05,16,6,1,1,402.3918421475452,470.05733211819546,0,0
2025-03-16 17:00:00+05:30,396.0216080189309,32.4,57.325,17,6,1,1,399.1656536277712,465.7482385267276,0,0
2025-03-16 17:15:00+05:30,394.7423007480156,32.275,57.55,17,6,1,1,396.0216080189309,462.033736842824,0,0
2025-03-16 17:30:00+05:30,393.286674476812,31.975,56.9,17,6,1,1,394.7423007480156,457.0839445486839,0,0
2025-03-16 17:45:00+05:30,390.3833263716872,31.375,57.95,17,6,1,1,393.286674476812,450.228178412748,0,0
2025-03-16 18:00:00+05:30,395.2991564571372,30.7,59.425,18,6,1,0,390.3833263716872,447.8172222703765,0,0
2025-03-16 18:15:00+05:30,393.2543750130949,30.275,60.15,18,6,1,0,395.2991564571372,443.5457463388036,0,0
2025-03-16 18:30:00+05:30,395.9070691076173,29.95,60.425,18,6,1,0,393.2543750130949,443.3997675892712,0,0
2025-03-16 18:45:00+05:30,397.45705119806735,29.8,60.25,18,6,1,0,395.9070691076173,443.5599616188911,0,0
2025-03-16 19:00:00+05:30,397.4236278905353,29.6,60.475,19,6,1,0,397.45705119806735,439.27215906901256,0,0
2025-03-16 19:15:00+05:30,397.053198199085,29.5,59.775,19,6,1,0,397.4236278905353,435.7876458436839,0,0
2025-03-16 19:30:00+05:30,397.22499126527697,29.425,59.9,19,6,1,0,397.053198199085,434.305861269126,0,0
2025-03-16 19:45:00+05:30,397.6740718808162,29.375,59.75,19,6,1,0,397.22499126527697,428.00536759475045,0,0
2025-03-16 20:00:00+05:30,398.27072359878,29.275,60.325,20,6,1,0,397.6740718808162,423.3920876113359,0,0
2025-03-16 20:15:00+05:30,398.2036588898612,29.25,60.525,20,6,1,0,398.27072359878,418.5588080051567,0,0
2025-03-16 20:30:00+05:30,397.1957323338346,29.25,61.075,20,6,1,0,398.2036588898612,418.6003697513252,0,0
2025-03-16 20:45:00+05:30,400.1205329845597,29.2,61.075,20,6,1,0,397.1957323338346,416.1251818641567,0,0
2025-03-16 21:00:00+05:30,395.97267736282726,29.175,61.35,21,6,1,0,400.1205329845597,415.6736901751775,0,0
2025-03-16 21:15:00+05:30,397.3783871634024,29.15,61.5,21,6,1,0,395.97267736282726,412.2038998601164,0,0
2025-03-16 21:30:00+05:30,397.0875853634462,29.05,61.85,21,6,1,0,397.3783871634024,406.2372557089584,0,0
2025-03-16 21:45:00+05:30,395.3841732184063,28.975,61.775,21,6,1,0,397.0875853634462,403.07747565466354,0,0
2025-03-16 22:00:00+05:30,390.49704070371206,28.925,61.2,22,6,1,0,395.3841732184063,393.4969311133615,0,0
2025-03-16 22:15:00+05:30,387.769752768423,28.9,60.65,22,6,1,0,390.49704070371206,391.9472244414194,0,0
2025-03-16 22:30:00+05:30,386.4022068103079,28.825,60.25,22,6,1,0,387.769752768423,390.5953326816624,0,0
2025-03-16 22:45:00+05:30,381.27326747442106,28.75,59.375,22,6,1,0,386.4022068103079,389.2565321090235,0,0
2025-03-16 23:00:00+05:30,378.583663703454,28.575,58.2,23,6,1,0,381.27326747442106,384.2842886356474,0,0
2025-03-16 23:15:00+05:30,376.4323539642769,28.5,58.6,23,6,1,0,378.583663703454,381.7695269906462,0,0
2025-03-16 23:30:00+05:30,373.2401936312649,28.475,63.025,23,6,1,0,376.4323539642769,377.05668717544506,0,0
2025-03-16 23:45:00+05:30,370.1292641502292,28.425,65.85,23,6,1,0,373.2401936312649,376.6299645075741,0,0
2025-03-17 00:00:00+05:30,365.99381636272784,28.166666666666668,65.26666666666667,0,0,0,0,370.1292641502292,370.943244577792,0,0
2025-03-17 00:15:00+05:30,361.5456172988679,28.1,68.3,0,0,0,0,365.99381636272784,370.29932058961583,0,0
2025-03-17 00:30:00+05:30,355.775396080721,28.0,71.2,0,0,0,0,361.5456172988679,363.02694990566704,0,0
2025-03-17 00:45:00+05:30,353.3298240565727,27.933333333333334,72.56666666666668,0,0,0,0,355.775396080721,359.5949687193895,0,0
2025-03-17 01:00:00+05:30,350.13156669255994,27.8,73.8,1,0,0,0,353.3298240565727,353.8678672031248,0,0
2025-03-17 01:15:00+05:30,346.9360321879418,27.83333333333333,73.93333333333332,1,0,0,0,350.13156669255994,349.68042231773165,0,0
2025-03-17 01:30:00+05:30,343.53001088744475,27.7,74.33333333333333,1,0,0,0,346.9360321879418,344.3359932045591,0,0
2025-03-17 01:45:00+05:30,339.7634308124883,27.666666666666668,74.33333333333333,1,0,0,0,343.53001088744475,341.7485132300678,0,0
2025-03-17 02:00:00+05:30,335.49984018510605,27.6,74.0,2,0,0,0,339.7634308124883,338.8280610258216,0,0
2025-03-17 02:15:00+05:30,330.0241192081752,27.566666666666663,73.66666666666667,2,0,0,0,335.49984018510605,336.0773232059201,0,0
2025-03-17 02:30:00+05:30,326.19841212133525,27.53333333333333,73.8,2,0,0,0,330.0241192081752,333.6481114052189,0,0
2025-03-17 02:45:00+05:30,324.52275175837417,27.46666666666667,73.89999999999999,2,0,0,0,326.19841212133525,328.6067651567411,0,0
2025-03-17 03:00:00+05:30,320.8552392436708,27.46666666666667,74.0,3,0,0,0,324.52275175837417,325.4735947530224,0,0
2025-03-17 03:15:00+05:30,319.9108345217912,27.399999999999995,74.16666666666667,3,0,0,0,320.8552392436708,322.0863342559819,0,0
2025-03-17 03:30:00+05:30,318.006086001855,27.33333333333333,73.7,3,0,0,0,319.9108345217912,319.2686824401655,0,0
2025-03-17 03:45:00+05:30,312.4039472143578,27.3,73.53333333333335,3,0,0,0,318.006086001855,317.80116763064814,0,0
2025-03-17 04:00:00+05:30,311.29875358908964,27.26666666666667,73.16666666666667,4,0,0,0,312.4039472143578,316.2974497879732,0,0
2025-03-17 04:15:00+05:30,310.43691664851406,27.2,73.36666666666666,4,0,0,0,311.29875358908964,315.1019063601636,0,0
2025-03-17 04:30:00+05:30,309.2754631819979,27.166666666666668,72.53333333333335,4,0,0,0,310.43691664851406,313.22695092677844,0,0
2025-03-17 04:45:00+05:30,310.3940224833419,27.166666666666668,71.8,4,0,0,0,309.2754631819979,314.02221932657216,0,0
2025-03-17 05:00:00+05:30,311.2643664271746,27.1,71.9,5,0,0,0,310.3940224833419,313.08927488754387,0,0
2025-03-17 05:15:00+05:30,313.6748649379521,26.96666666666667,72.16666666666667,5,0,0,0,311.2643664271746,310.14870178230746,0,0
2025-03-17 05:30:00+05:30,319.36890001464707,26.86666666666667,72.26666666666667,5,0,0,0,313.6748649379521,313.353293459237,0,0
2025-03-17 05:45:00+05:30,324.1723442340987,26.76666666666667,72.96666666666665,5,0,0,0,319.36890001464707,314.31421777787284,0,0
2025-03-17 06:00:00+05:30,332.0260605782754,26.73333333333333,73.1,6,0,0,0,324.1723442340987,314.203307225089,0,0
2025-03-17 06:15:00+05:30,338.77456391791804,26.633333333333336,73.36666666666666,6,0,0,0,332.0260605782754,315.7910879937971,0,0
2025-03-17 06:30:00+05:30,349.5699413243434,26.633333333333336,73.33333333333333,6,0,0,0,338.77456391791804,313.6175226625941,0,0
2025-03-17 06:45:00+05:30,360.66392186811225,26.6,74.03333333333335,6,0,0,0,349.5699413243434,313.7186294435368,0,0
2025-03-17 07:00:00+05:30,371.1578854895666,26.666666666666668,74.06666666666666,7,0,0,0,360.66392186811225,313.1130683318031,0,0
2025-03-17 07:15:00+05:30,389.3934437614605,26.9,73.56666666666666,7,0,0,0,371.1578854895666,315.8387622815133,0,0
2025-03-17 07:30:00+05:30,408.5286823525945,27.100000000000005,72.76666666666667,7,0,0,0,389.3934437614605,320.7231133017797,0,0
2025-03-17 07:45:00+05:30,427.1181667774816,27.566666666666663,70.66666666666667,7,0,0,0,408.5286823525945,325.7098193458948,0,0
2025-03-17 08:00:00+05:30,448.0940712581836,28.1,66.89999999999999,8,0,0,0,427.1181667774816,332.2116683493911,0,0
2025-03-17 08:15:00+05:30,468.7972514874997,28.5,63.86666666666667,8,0,0,0,448.0940712581836,338.9334583768796,0,0
2025-03-17 08:30:00+05:30,485.6126380401629,29.0,60.66666666666666,8,0,0,0,468.7972514874997,348.2164571185252,0,0
2025-03-17 08:45:00+05:30,501.7995998329043,29.33333333333333,59.0,8,0,0,0,485.6126380401629,352.99365203857565,0,0
2025-03-17 09:00:00+05:30,518.5882155768677,29.6,54.5,9,0,0,1,501.7995998329043,356.4380236800061,0,0
2025-03-17 09:15:00+05:30,530.7351379755472,30.1,50.53333333333333,9,0,0,1,518.5882155768677,361.8742732511613,0,0
2025-03-17 09:30:00+05:30,537.8331190731423,30.633333333333336,47.76666666666667,9,0,0,1,530.7351379755472,367.6437911062261,0,0
2025-03-17 09:45:00+05:30,546.6176764217875,31.2,45.833333333333336,9,0,0,1,537.8331190731423,372.0007937699072,0,0
2025-03-17 10:00:00+05:30,555.6885247850838,31.633333333333336,44.0,10,0,0,1,546.6176764217875,374.1541853144578,0,0
2025-03-17 10:15:00+05:30,562.7386416656092,32.03333333333333,41.63333333333333,10,0,0,1,555.6885247850838,380.0594804639399,0,0
2025-03-17 10:30:00+05:30,566.6274087499763,32.43333333333334,43.9,10,0,0,1,562.7386416656092,384.65272190706605,0,0
2025-03-17 10:45:00+05:30,569.2743068808784,32.733333333333334,42.93333333333334,10,0,0,1,566.6274087499763,388.88963697691634,0,0
2025-03-17 11:00:00+05:30,572.0819058090278,32.96666666666666,44.46666666666667,11,0,0,1,569.2743068808784,391.6161942061101,0,0
2025-03-17 11:15:00+05:30,572.65163422636,33.03333333333333,44.7,11,0,0,1,572.0819058090278,396.36241391318686,0,0
2025-03-17 11:30:00+05:30,567.7068773463011,33.2,46.5,11,0,0,1,572.65163422636,396.8582656614933,0,0
2025-03-17 11:45:00+05:30,568.3115784098169,33.46666666666667,46.53333333333333,11,0,0,1,567.7068773463011,396.4338632216256,0,0
2025-03-17 12:00:00+05:30,568.8236487234909,33.43333333333334,47.866666666666674,12,0,0,1,568.3115784098169,398.7508751349898,0,0
2025-03-17 12:15:00+05:30,569.2290024969008,33.666666666666664,48.6,12,0,0,1,568.8236487234909,401.4937931723491,0,0
2025-03-17 12:30:00+05:30,568.1037085437782,33.800000000000004,47.833333333333336,12,0,0,1,569.2290024969008,400.9595090205408,0,0
2025-03-17 12:45:00+05:30,570.1801534094669,33.56666666666667,48.9,12,0,0,1,568.1037085437782,400.480891644954,0,0
2025-03-17 13:00:00+05:30,564.5979071959423,33.300000000000004,49.6,13,0,0,1,570.1801534094669,398.9516189049447,0,0
2025-03-17 13:15:00+05:30,562.4004597535367,33.46666666666667,48.133333333333326,13,0,0,1,564.5979071959423,399.35712560569175,0,0
2025-03-17 13:30:00+05:30,560.0640406495585,33.53333333333334,47.66666666666666,13,0,0,1,562.4004597535367,397.6588284113509,0,0
2025-03-17 13:45:00+05:30,561.1058408933997,33.5,47.36666666666667,13,0,0,1,560.0640406495585,399.3534728023217,0,0
2025-03-17 14:00:00+05:30,567.94462363103,33.666666666666664,47.1,14,0,0,1,561.1058408933997,402.4128119297697,0,0
2025-03-17 14:15:00+05:30,569.9260750020659,33.833333333333336,46.7,14,0,0,1,567.94462363103,406.247311668996,0,0
2025-03-17 14:30:00+05:30,568.7614684607844,33.9,45.9,14,0,0,1,569.9260750020659,408.5359338310461,0,0
2025-03-17 14:45:00+05:30,569.1893165815628,33.9,45.1,14,0,0,1,568.7614684607844,409.9236042723582,0,0
2025-03-17 15:00:00+05:30,570.0097028129582,33.800000000000004,45.43333333333333,15,0,0,1,569.1893165815628,410.5302138902929,0,0
2025-03-17 15:15:00+05:30,569.8530243129026,33.56666666666667,44.63333333333333,15,0,0,1,570.0097028129582,410.730733773751,0,0
2025-03-17 15:30:00+05:30,568.8743725550171,33.93333333333333,44.03333333333333,15,0,0,1,569.8530243129026,408.1986494992351,0,0
2025-03-17 15:45:00+05:30,568.0828473007718,33.833333333333336,43.4,15,0,0,1,568.8743725550171,407.40772994381376,0,0
2025-03-17 16:00:00+05:30,572.599571517758,33.46666666666667,43.96666666666667,16,0,0,1,568.0828473007718,405.04188084709006,0,0
2025-03-17 16:15:00+05:30,564.9178214271938,33.9,42.5,16,0,0,1,572.599571517758,403.1709228459645,0,0
2025-03-17 16:30:00+05:30,563.8493283555024,33.36666666666667,42.86666666666667,16,0,0,1,564.9178214271938,402.3918421475452,0,0
2025-03-17 16:45:00+05:30,555.1238850921253,33.333333333333336,43.06666666666666,16,0,0,1,563.8493283555024,399.1656536277712,0,0
2025-03-17 17:00:00+05:30,546.6937677158601,33.0,44.53333333333333,17,0,0,1,555.1238850921253,396.0216080189309,0,0
2025-03-17 17:15:00+05:30,541.5295467861021,34.2,38.05,17,0,0,1,546.6937677158601,394.7423007480156,0,0
2025-03-17 17:30:00+05:30,535.4729393949372,34.05,38.400000000000006,17,0,0,1,541.5295467861021,393.286674476812,0,0
2025-03-17 17:45:00+05:30,528.4183948878166,32.849999999999994,42.0,17,0,0,1,535.4729393949372,390.3833263716872,0,0
2025-03-17 18:00:00+05:30,520.9796770024437,32.25,43.25,18,0,0,0,528.4183948878166,395.2991564571372,0,0
2025-03-17 18:15:00+05:30,509.8624607774746,31.25,45.9,18,0,0,0,520.9796770024437,393.2543750130949,0,0
2025-03-17 18:30:00+05:30,507.1996717464468,30.3,51.65,18,0,0,0,509.8624607774746,395.9070691076173,0,0
2025-03-17 18:45:00+05:30,501.3495130489469,29.700000000000003,54.900000000000006,18,0,0,0,507.1996717464468,397.45705119806735,0,0
2025-03-17 19:00:00+05:30,494.33271972741625,29.3,57.6,19,0,0,0,501.3495130489469,397.4236278905353,0,0
2025-03-17 19:15:00+05:30,484.85533875410505,29.05,59.8,19,0,0,0,494.33271972741625,397.053198199085,0,0
2025-03-17 19:30:00+05:30,478.7786878855396,28.8,60.75,19,0,0,0,484.85533875410505,397.22499126527697,0,0
2025-03-17 19:45:00+05:30,472.4100466465202,28.6,62.05,19,0,0,0,478.7786878855396,397.6740718808162,0,0
2025-03-17 20:00:00+05:30,461.7143105444202,28.5,63.3,20,0,0,0,472.4100466465202,398.27072359878,0,0
2025-03-17 20:15:00+05:30,454.220712068503,28.450000000000003,64.3,20,0,0,0,461.7143105444202,398.2036588898612,0,0
2025-03-17 20:30:00+05:30,448.8370613263568,28.25,65.6,20,0,0,0,454.220712068503,397.1957323338346,0,0
2025-03-17 20:45:00+05:30,444.39465501415214,28.15,66.85,20,0,0,0,448.8370613263568,400.1205329845597,0,0
2025-03-17 21:00:00+05:30,436.754427690328,28.05,67.65,21,0,0,0,444.39465501415214,395.97267736282726,0,0
2025-03-17 21:15:00+05:30,432.90292787449897,27.8,69.0,21,0,0,0,436.754427690328,397.3783871634024,0,0
2025-03-17 21:30:00+05:30,429.40380949441743,27.8,69.3,21,0,0,0,432.90292787449897,397.0875853634462,0,0
2025-03-17 21:45:00+05:30,423.71194216351904,27.65,70.1,21,0,0,0,429.40380949441743,395.3841732184063,0,0
2025-03-17 22:00:00+05:30,418.1852974564784,27.6,70.4,22,0,0,0,423.71194216351904,390.49704070371206,0,0
2025-03-17 22:15:00+05:30,416.2270173749295,27.5,70.4,22,0,0,0,418.1852974564784,387.769752768423,0,0
2025-03-17 22:30:00+05:30,413.7551410691584,27.35,71.44999999999999,22,0,0,0,416.2270173749295,386.4022068103079,0,0
2025-03-17 22:45:00+05:30,408.8880278783368,27.25,72.30000000000001,22,0,0,0,413.7551410691584,381.27326747442106,0,0
2025-03-17 23:00:00+05:30,404.2039241826992,27.1,73.5,23,0,0,0,408.8880278783368,378.583663703454,0,0
2025-03-17 23:15:00+05:30,397.7595405336343,26.950000000000003,74.4,23,0,0,0,404.2039241826992,376.4323539642769,0,0
2025-03-17 23:30:00+05:30,390.5628161765284,27.0,74.4,23,0,0,0,397.7595405336343,373.2401936312649,0,0
2025-03-17 23:45:00+05:30,386.1641982618644,26.950000000000003,74.85,23,0,0,0,390.5628161765284,370.1292641502292,0,0
2025-03-18 00:00:00+05:30,380.0880071953918,27.33333333,73.66666667,0,1,0,0,386.1641982618644,365.99381636272784,0,0
2025-03-18 00:15:00+05:30,376.1473424424158,27.2,74.16666667,0,1,0,0,380.0880071953918,361.5456172988679,0,0
2025-03-18 00:30:00+05:30,369.1857696522671,27.1,74.16666667,0,1,0,0,376.1473424424158,355.775396080721,0,0
2025-03-18 00:45:00+05:30,365.9321282111895,27.03333333,74.46666667,0,1,0,0,369.1857696522671,353.3298240565727,0,0
2025-03-18 01:00:00+05:30,362.5465430653247,27.0,74.43333333,1,1,0,0,365.9321282111895,350.13156669255994,0,0
2025-03-18 01:15:00+05:30,357.43926689593167,26.9,74.66666667,1,1,0,0,362.5465430653247,346.9360321879418,0,0
2025-03-18 01:30:00+05:30,354.2145805137592,26.83333333,74.86666667,1,1,0,0,357.43926689593167,343.53001088744475,0,0
2025-03-18 01:45:00+05:30,350.7158532836678,26.73333333,75.53333333,1,1,0,0,354.2145805137592,339.7634308124883,0,0
2025-03-18 02:00:00+05:30,347.5754739480216,26.7,75.9,2,1,0,0,350.7158532836678,335.49984018510605,0,0
2025-03-18 02:15:00+05:30,342.2888943323202,26.6,76.06666667,2,1,0,0,347.5754739480216,330.0241192081752,0,0
2025-03-18 02:30:00+05:30,339.26985956461897,26.56666667,76.13333333,2,1,0,0,342.2888943323202,326.19841212133525,0,0
2025-03-18 02:45:00+05:30,335.9894282987411,26.5,75.93333333,2,1,0,0,339.26985956461897,324.52275175837417,0,0
2025-03-18 03:00:00+05:30,331.7059464898223,26.46666667,76.2,3,1,0,0,335.9894282987411,320.8552392436708,0,0
2025-03-18 03:15:00+05:30,328.671504054582,26.43333333,76.13333333,3,1,0,0,331.7059464898223,319.9108345217912,0,0
2025-03-18 03:30:00+05:30,326.64263645536545,26.36666667,76.33333333,3,1,0,0,328.671504054582,318.006086001855,0,0
2025-03-18 03:45:00+05:30,323.1340550406482,26.3,76.53333333,3,1,0,0,326.64263645536545,312.4039472143578,0,0
2025-03-18 04:00:00+05:30,320.6610637593731,26.23333333,77.1,4,1,0,0,323.1340550406482,311.29875358908964,0,0
2025-03-18 04:15:00+05:30,320.0389917775635,26.1,77.73333333,4,1,0,0,320.6610637593731,310.43691664851406,0,0
2025-03-18 04:30:00+05:30,319.7315793365784,26.06666667,78.16666667,4,1,0,0,320.0389917775635,309.2754631819979,0,0
2025-03-18 04:45:00+05:30,321.25707226917234,25.96666667,78.8,4,1,0,0,319.7315793365784,310.3940224833419,0,0
2025-03-18 05:00:00+05:30,320.30289237174395,25.9,79.13333333,5,1,0,0,321.25707226917234,311.2643664271746,0,0
2025-03-18 05:15:00+05:30,321.5405953485074,25.86666667,79.3,5,1,0,0,320.30289237174395,313.6748649379521,0,0
2025-03-18 05:30:00+05:30,327.925001650437,25.83333333,79.4,5,1,0,0,321.5405953485074,319.36890001464707,0,0
2025-03-18 05:45:00+05:30,333.2199393544728,25.73333333,79.63333333,5,1,0,0,327.925001650437,324.1723442340987,0,0
2025-03-18 06:00:00+05:30,338.8736670958892,25.73333333,79.76666667,6,1,0,0,333.2199393544728,332.0260605782754,0,0
2025-03-18 06:15:00+05:30,345.768109709397,25.6,80.06666667,6,1,0,0,338.8736670958892,338.77456391791804,0,0
2025-03-18 06:30:00+05:30,352.60893553099413,25.6,80.1,6,1,0,0,345.768109709397,349.5699413243434,0,0
2025-03-18 06:45:00+05:30,360.8389704187367,25.6,80.13333333,6,1,0,0,352.60893553099413,360.66392186811225,0,0
2025-03-18 07:00:00+05:30,375.0571430092032,25.7,79.43333333,7,1,0,0,360.8389704187367,371.1578854895666,0,0
2025-03-18 07:15:00+05:30,389.1093781477131,25.96666667,77.86666667,7,1,0,0,375.0571430092032,389.3934437614605,0,0
2025-03-18 07:30:00+05:30,408.3895937435797,26.33333333,76.36666667,7,1,0,0,389.1093781477131,408.5286823525945,0,0
2025-03-18 07:45:00+05:30,428.8326392050948,26.83333333,73.86666667,7,1,0,0,408.3895937435797,427.1181667774816,0,0
2025-03-18 08:00:00+05:30,449.5535104949912,27.3,69.93333333,8,1,0,0,428.8326392050948,448.0940712581836,0,0
2025-03-18 08:15:00+05:30,467.5965983368797,27.76666667,65.23333333,8,1,0,0,449.5535104949912,468.7972514874997,0,0
2025-03-18 08:30:00+05:30,482.06220539792514,28.33333333,60.66666667,8,1,0,0,467.5965983368797,485.6126380401629,0,0
2025-03-18 08:45:00+05:30,481.6451907081756,28.83333333,55.2,8,1,0,0,482.06220539792514,501.7995998329043,0,0
2025-03-18 09:00:00+05:30,493.379446508006,29.4,52.8,9,1,0,1,481.6451907081756,518.5882155768677,0,0
2025-03-18 09:15:00+05:30,518.1152113721614,30.2,49.93333333,9,1,0,1,493.379446508006,530.7351379755472,0,0
2025-03-18 09:30:00+05:30,530.411068675426,30.96666667,45.06666667,9,1,0,1,518.1152113721614,537.8331190731423,0,0
2025-03-18 09:45:00+05:30,540.8998298405073,31.6,44.0,9,1,0,1,530.411068675426,546.6176764217875,0,0
2025-03-18 10:00:00+05:30,545.0072284788579,31.93333333,41.73333333,10,1,0,1,540.8998298405073,555.6885247850838,0,0
2025-03-18 10:15:00+05:30,549.64779688054,32.0,44.43333333,10,1,0,1,545.0072284788579,562.7386416656092,0,0
2025-03-18 10:30:00+05:30,553.520172727666,32.36666667,44.16666667,10,1,0,1,549.64779688054,566.6274087499763,0,0
2025-03-18 10:45:00+05:30,553.0527235233164,32.73333333,44.0,10,1,0,1,553.520172727666,569.2743068808784,0,0
2025-03-18 11:00:00+05:30,554.1409544371103,32.9,44.6,11,1,0,1,553.0527235233164,572.0819058090278,0,0
2025-03-18 11:15:00+05:30,556.1573649551868,33.16666667,44.63333333,11,1,0,1,554.1409544371103,572.65163422636,0,0
2025-03-18 11:30:00+05:30,554.2101958648931,33.33333333,44.96666667,11,1,0,1,556.1573649551868,567.7068773463011,0,0
2025-03-18 11:45:00+05:30,555.7722111688256,33.5,45.46666667,11,1,0,1,554.2101958648931,568.3115784098169,0,0
2025-03-18 12:00:00+05:30,560.9361947877898,33.36666667,44.86666667,12,1,0,1,555.7722111688256,568.8236487234909,0,0
2025-03-18 12:15:00+05:30,561.2789333559491,33.9,46.56666667,12,1,0,1,560.9361947877898,569.2290024969008,0,0
2025-03-18 12:30:00+05:30,560.5600108035409,33.4,49.36666667,12,1,0,1,561.2789333559491,568.1037085437782,0,0
2025-03-18 12:45:00+05:30,561.437454670754,33.23333333,48.83333333,12,1,0,1,560.5600108035409,570.1801534094669,0,0
2025-03-18 13:00:00+05:30,554.7139853829445,33.3,48.83333333,13,1,0,1,561.437454670754,564.5979071959423,0,0
2025-03-18 13:15:00+05:30,551.3060119148915,33.36666667,48.73333333,13,1,0,1,554.7139853829445,562.4004597535367,0,0
2025-03-18 13:30:00+05:30,551.2477016369509,33.43333333,48.6,13,1,0,1,551.3060119148915,560.0640406495585,0,0
2025-03-18 13:45:00+05:30,548.2486409457216,33.5,46.2,13,1,0,1,551.2477016369509,561.1058408933997,0,0
2025-03-18 14:00:00+05:30,557.9590211571697,33.3,46.1,14,1,0,1,548.2486409457216,567.94462363103,0,0
2025-03-18 14:15:00+05:30,561.373099462196,33.225,44.65,14,1,0,1,557.9590211571697,569.9260750020659,0,0
2025-03-18 14:30:00+05:30,560.666899396646,33.075,43.975,14,1,0,1,561.373099462196,568.7614684607844,0,0
2025-03-18 14:45:00+05:30,563.1980561445582,33.125,43.05,14,1,0,1,560.666899396646,569.1893165815628,0,0
2025-03-18 15:00:00+05:30,561.0772815414929,33.15,43.5,15,1,0,1,563.1980561445582,570.0097028129582,0,0
2025-03-18 15:15:00+05:30,560.0860824977507,33.2,43.725,15,1,0,1,561.0772815414929,569.8530243129026,0,0
2025-03-18 15:30:00+05:30,558.9743763536353,33.2,44.15,15,1,0,1,560.0860824977507,568.8743725550171,0,0
2025-03-18 15:45:00+05:30,558.9874269534138,33.05,44.25,15,1,0,1,558.9743763536353,568.0828473007718,0,0
2025-03-18 16:00:00+05:30,560.7645604494901,32.8,45.05,16,1,0,1,558.9874269534138,572.599571517758,0,0
2025-03-18 16:15:00+05:30,543.6039673525645,33.6,43.5,16,1,0,1,560.7645604494901,564.9178214271938,0,0
2025-03-18 16:30:00+05:30,546.9137355469453,33.8,43.2,16,1,0,1,543.6039673525645,563.8493283555024,0,0
2025-03-18 16:45:00+05:30,548.130627633371,33.975,44.175,16,1,0,1,546.9137355469453,555.1238850921253,0,0
2025-03-18 17:00:00+05:30,541.3219446645307,33.475,43.9,17,1,0,1,548.130627633371,546.6937677158601,0,0
2025-03-18 17:15:00+05:30,537.3724108482155,33.1,45.775,17,1,0,1,541.3219446645307,541.5295467861021,0,0
2025-03-18 17:30:00+05:30,531.6929983806118,32.9,47.275,17,1,0,1,537.3724108482155,535.4729393949372,0,0
2025-03-18 17:45:00+05:30,526.7752626818872,32.05,49.3,17,1,0,1,531.6929983806118,528.4183948878166,0,0
2025-03-18 18:00:00+05:30,517.7406677037372,31.025,52.9,18,1,0,0,526.7752626818872,520.9796770024437,0,0
2025-03-18 18:15:00+05:30,509.3740207070948,30.35,55.15,18,1,0,0,517.7406677037372,509.8624607774746,0,0
2025-03-18 18:30:00+05:30,501.12552593841735,29.7,57.425,18,1,0,0,509.3740207070948,507.1996717464468,0,0
2025-03-18 18:45:00+05:30,497.2922194718674,29.275,58.875,18,1,0,0,501.12552593841735,501.3495130489469,0,0
2025-03-18 19:00:00+05:30,491.5855492437356,29.125,59.6,19,1,0,0,497.2922194718674,494.33271972741625,0,0
2025-03-18 19:15:00+05:30,484.4327421108849,29.0,60.375,19,1,0,0,491.5855492437356,484.85533875410505,0,0
2025-03-18 19:30:00+05:30,479.6255527456768,28.8,61.05,19,1,0,0,484.4327421108849,478.7786878855396,0,0
2025-03-18 19:45:00+05:30,468.8555257802162,28.65,61.85,19,1,0,0,479.6255527456768,472.4100466465202,0,0
2025-03-18 20:00:00+05:30,459.44665505257984,28.575,62.575,20,1,0,0,468.8555257802162,461.7143105444202,0,0
2025-03-18 20:15:00+05:30,452.2128068468614,28.45,63.425,20,1,0,0,459.44665505257984,454.220712068503,0,0
2025-03-18 20:30:00+05:30,443.59470125283457,28.35,64.225,20,1,0,0,452.2128068468614,448.8370613263568,0,0
2025-03-18 20:45:00+05:30,442.1567100257597,28.25,65.225,20,1,0,0,443.59470125283457,444.39465501415214,0,0
2025-03-18 21:00:00+05:30,434.892477608227,28.325,65.75,21,1,0,0,442.1567100257597,436.754427690328,0,0
2025-03-18 21:15:00+05:30,427.11775224840255,28.25,66.375,21,1,0,0,434.892477608227,432.90292787449897,0,0
2025-03-18 21:30:00+05:30,423.6266475838463,28.125,66.775,21,1,0,0,427.11775224840255,429.40380949441743,0,0
2025-03-18 21:45:00+05:30,418.6809615386063,28.025,67.425,21,1,0,0,423.6266475838463,423.71194216351904,0,0
2025-03-18 22:00:00+05:30,410.342520847112,28.025,67.675,22,1,0,0,418.6809615386063,418.1852974564784,0,0
2025-03-18 22:15:00+05:30,406.004525642223,27.95,68.05,22,1,0,0,410.342520847112,416.2270173749295,0,0
2025-03-18 22:30:00+05:30,404.906694178908,27.95,68.35,22,1,0,0,406.004525642223,413.7551410691584,0,0
2025-03-18 22:45:00+05:30,400.14038415742107,27.85,68.9,22,1,0,0,404.906694178908,408.8880278783368,0,0
2025-03-18 23:00:00+05:30,392.8527633054541,27.725,69.425,23,1,0,0,400.14038415742107,404.2039241826992,0,0
2025-03-18 23:15:00+05:30,388.4085396416769,27.6,70.225,23,1,0,0,392.8527633054541,397.7595405336343,0,0
2025-03-18 23:30:00+05:30,383.93676857866495,27.475,70.775,23,1,0,0,388.4085396416769,390.5628161765284,0,0
2025-03-18 23:45:00+05:30,379.3331171884293,27.375,71.4,23,1,0,0,383.93676857866495,386.1641982618644,0,0
2025-03-19 00:00:00+05:30,373.781945721757,27.35,71.775,0,2,0,0,379.3331171884293,380.0880071953918,0,0
2025-03-19 00:15:00+05:30,369.1454547062041,27.35,71.875,0,2,0,0,373.781945721757,376.1473424424158,0,0
2025-03-19 00:30:00+05:30,362.20999699712985,27.35,72.1,0,2,0,0,369.1454547062041,369.1857696522671,0,0
2025-03-19 00:45:00+05:30,357.93861770416845,27.2,72.575,0,2,0,0,362.20999699712985,365.9321282111895,0,0
2025-03-19 01:00:00+05:30,353.921375756892,27.175,73.05000000000001,1,2,0,0,357.93861770416845,362.5465430653247,0,0
2025-03-19 01:15:00+05:30,350.7070662916427,27.15,73.42500000000001,1,2,0,0,353.921375756892,357.43926689593167,0,0
2025-03-19 01:30:00+05:30,346.1408720571883,27.075,73.75,1,2,0,0,350.7070662916427,354.2145805137592,0,0
2025-03-19 01:45:00+05:30,342.917451091055,27.05,74.2,1,2,0,0,346.1408720571883,350.7158532836678,0,0
2025-03-19 02:00:00+05:30,340.0127634440028,26.975,74.17500000000001,2,2,0,0,342.917451091055,347.5754739480216,0,0
2025-03-19 02:15:00+05:30,335.273400706548,27.05,74.475,2,2,0,0,340.0127634440028,342.2888943323202,0,0
2025-03-19 02:30:00+05:30,331.18004287194293,27.025,74.75,2,2,0,0,335.273400706548,339.26985956461897,0,0
2025-03-19 02:45:00+05:30,328.44011994023003,26.950000000000003,75.375,2,2,0,0,331.18004287194293,335.9894282987411,0,0
2025-03-19 03:00:00+05:30,324.84762419660416,26.875,75.875,3,2,0,0,328.44011994023003,331.7059464898223,0,0
2025-03-19 03:15:00+05:30,321.70950970545414,26.825,76.75,3,2,0,0,324.84762419660416,328.671504054582,0,0
2025-03-19 03:30:00+05:30,319.1240634024737,26.775,77.0,3,2,0,0,321.70950970545414,326.64263645536545,0,0
2025-03-19 03:45:00+05:30,315.98313381842087,26.725,77.275,3,2,0,0,319.1240634024737,323.1340550406482,0,0
2025-03-19 04:00:00+05:30,314.16152993522223,26.675,77.9,4,2,0,0,315.98313381842087,320.6610637593731,0,0
2025-03-19 04:15:00+05:30,314.1019013241523,26.525,78.225,4,2,0,0,314.16152993522223,320.0389917775635,0,0
2025-03-19 04:30:00+05:30,312.63517996738227,26.475,78.80000000000001,4,2,0,0,314.1019013241523,319.7315793365784,0,0
2025-03-19 04:45:00+05:30,313.87420196417776,26.4,79.275,4,2,0,0,312.63517996738227,321.25707226917234,0,0
2025-03-19 05:00:00+05:30,313.5749422814257,26.275,79.44999999999999,5,2,0,0,313.87420196417776,320.30289237174395,0,0
2025-03-19 05:15:00+05:30,314.0344057553901,26.15,80.0,5,2,0,0,313.5749422814257,321.5405953485074,0,0
2025-03-19 05:30:00+05:30,319.3320153711274,26.025,80.425,5,2,0,0,314.0344057553901,327.925001650437,0,0
2025-03-19 05:45:00+05:30,325.13313030106826,25.975,80.64999999999999,5,2,0,0,319.3320153711274,333.2199393544728,0,0
2025-03-19 06:00:00+05:30,331.5665682283659,25.875,80.8,6,2,0,0,325.13313030106826,338.8736670958892,0,0
2025-03-19 06:15:00+05:30,335.9414996179689,25.825000000000003,80.95000000000002,6,2,0,0,331.5665682283659,345.768109709397,0,0
2025-03-19 06:30:00+05:30,344.2665650814688,25.75,80.975,6,2,0,0,335.9414996179689,352.60893553099413,0,0
2025-03-19 06:45:00+05:30,355.4159638812898,25.775,80.52499999999999,6,2,0,0,344.2665650814688,360.8389704187367,0,0
2025-03-19 07:00:00+05:30,366.5871074309812,25.85,79.475,7,2,0,0,355.4159638812898,375.0571430092032,0,0
2025-03-19 07:15:00+05:30,386.90535388910746,26.1,79.10000000000001,7,2,0,0,366.5871074309812,389.1093781477131,0,0
2025-03-19 07:30:00+05:30,406.8928032816321,26.375,78.325,7,2,0,0,386.90535388910746,408.3895937435797,0,0
2025-03-19 07:45:00+05:30,422.7028788847017,26.725,75.69999999999999,7,2,0,0,406.8928032816321,428.8326392050948,0,0
2025-03-19 08:00:00+05:30,441.1091708367289,27.15,73.25,8,2,0,0,422.7028788847017,449.5535104949912,0,0
2025-03-19 08:15:00+05:30,463.1767946520448,27.675,71.625,8,2,0,0,441.1091708367289,467.5965983368797,0,0
2025-03-19 08:30:00+05:30,479.45744254123815,28.0,68.325,8,2,0,0,463.1767946520448,482.06220539792514,0,0
2025-03-19 08:45:00+05:30,494.39958776063503,28.425000000000004,65.07499999999999,8,2,0,0,479.45744254123815,481.6451907081756,0,0
2025-03-19 09:00:00+05:30,509.12637400238606,28.875,60.825,9,2,0,1,494.39958776063503,493.379446508006,0,0
2025-03-19 09:15:00+05:30,520.4540181289472,29.4,58.65,9,2,0,1,509.12637400238606,518.1152113721614,0,0
2025-03-19 09:30:00+05:30,531.4497144703533,30.1,55.75,9,2,0,1,520.4540181289472,530.411068675426,0,0
2025-03-19 09:45:00+05:30,540.727514766981,30.4,53.85,9,2,0,1,531.4497144703533,540.8998298405073,0,0
2025-03-19 10:00:00+05:30,545.8837431345211,30.975,51.775,10,2,0,1,540.727514766981,545.0072284788579,0,0
2025-03-19 10:15:00+05:30,553.8002949476033,31.45,49.225,10,2,0,1,545.8837431345211,549.64779688054,0,0
2025-03-19 10:30:00+05:30,557.3942843190543,31.65,50.9,10,2,0,1,553.8002949476033,553.520172727666,0,0
2025-03-19 10:45:00+05:30,556.821760918526,31.75,50.575,10,2,0,1,557.3942843190543,553.0527235233164,0,0
2025-03-19 11:00:00+05:30,557.3664852325495,31.950000000000003,51.725,11,2,0,1,556.821760918526,554.1409544371103,0,0
2025-03-19 11:15:00+05:30,556.9002612511115,32.275000000000006,51.650000000000006,11,2,0,1,557.3664852325495,556.1573649551868,0,0
2025-03-19 11:30:00+05:30,558.0059029282331,32.5,51.6,11,2,0,1,556.9002612511115,554.2101958648931,0,0
2025-03-19 11:45:00+05:30,556.9083071330825,32.575,51.5,11,2,0,1,558.0059029282331,555.7722111688256,0,0
2025-03-19 12:00:00+05:30,559.152117907692,32.775000000000006,53.55,12,2,0,1,556.9083071330825,560.9361947877898,0,0
2025-03-19 12:15:00+05:30,558.7035598132858,32.725,54.25,12,2,0,1,559.152117907692,561.2789333559491,0,0
2025-03-19 12:30:00+05:30,559.4777994419458,32.6,55.075,12,2,0,1,558.7035598132858,560.5600108035409,0,0
2025-03-19 12:45:00+05:30,560.5223978053374,32.675,55.0,12,2,0,1,559.4777994419458,561.437454670754,0,0
2025-03-19 13:00:00+05:30,558.1904130497867,32.825,54.725,13,2,0,1,560.5223978053374,554.7139853829445,0,0
2025-03-19 13:15:00+05:30,555.0003358137238,32.825,54.1,13,2,0,1,558.1904130497867,551.3060119148915,0,0
2025-03-19 13:30:00+05:30,553.4304384178996,32.8,54.275,13,2,0,1,555.0003358137238,551.2477016369509,0,0
2025-03-19 13:45:00+05:30,555.1268137781517,32.975,53.275,13,2,0,1,553.4304384178996,548.2486409457216,0,0
2025-03-19 14:00:00+05:30,560.4374522430023,32.975,53.075,14,2,0,1,555.1268137781517,557.9590211571697,0,0
2025-03-19 14:15:00+05:30,563.2313333241987,32.75,53.45,14,2,0,1,560.4374522430023,561.373099462196,0,0
2025-03-19 14:30:00+05:30,564.0779973658421,32.95,53.3,14,2,0,1,563.2313333241987,560.666899396646,0,0
2025-03-19 14:45:00+05:30,564.8813436288688,32.675000000000004,53.2,14,2,0,1,564.0779973658421,563.1980561445582,0,0
2025-03-19 15:00:00+05:30,566.8031392071456,32.575,53.3,15,2,0,1,564.8813436288688,561.0772815414929,0,0
2025-03-19 15:15:00+05:30,567.1846723769194,32.775,52.35,15,2,0,1,566.8031392071456,560.0860824977507,0,0
2025-03-19 15:30:00+05:30,564.7453742184016,32.96666666666667,51.79999999999999,15,2,0,1,567.1846723769194,558.9743763536353,0,0
2025-03-19 15:45:00+05:30,563.2682978636158,33.23333333333333,49.66666666666666,15,2,0,1,564.7453742184016,558.9874269534138,0,0
2025-03-19 16:00:00+05:30,565.1111330351235,33.76666666666667,48.70000000000001,16,2,0,1,563.2682978636158,560.7645604494901,0,0
2025-03-19 16:15:00+05:30,559.8194608815834,34.333333333333336,46.36666666666667,16,2,0,1,565.1111330351235,543.6039673525645,0,0
2025-03-19 16:30:00+05:30,557.6402784119751,35.1,44.46666666666666,16,2,0,1,559.8194608815834,546.9137355469453,0,0
2025-03-19 16:45:00+05:30,551.587367100445,35.23333333333333,42.86666666666667,16,2,0,1,557.6402784119751,548.130627633371,0,0
2025-03-19 17:00:00+05:30,543.3220407495909,35.233333333333334,42.6,17,2,0,1,551.587367100445,541.3219446645307,0,0
2025-03-19 17:15:00+05:30,537.9695697135688,35.1,42.0,17,2,0,1,543.3220407495909,537.3724108482155,0,0
2025-03-19 17:30:00+05:30,529.0842400028274,34.06666666666667,42.6,17,2,0,1,537.9695697135688,531.6929983806118,0,0
2025-03-19 17:45:00+05:30,522.8908774358517,33.33333333333333,43.3,17,2,0,1,529.0842400028274,526.7752626818872,0,0
2025-03-19 18:00:00+05:30,515.1291212182464,32.06666666666667,46.36666666666667,18,2,0,0,522.8908774358517,517.7406677037372,0,0
2025-03-19 18:15:00+05:30,503.9287130783029,31.0,48.66666666666666,18,2,0,0,515.1291212182464,509.3740207070948,0,0
2025-03-19 18:30:00+05:30,500.0601740403972,30.250000000000004,51.6,18,2,0,0,503.9287130783029,501.12552593841735,0,0
2025-03-19 18:45:00+05:30,497.13809151936016,29.8,53.375,18,2,0,0,500.0601740403972,497.2922194718674,0,0
2025-03-19 19:00:00+05:30,490.1114153453888,29.5,55.175,19,2,0,0,497.13809151936016,491.5855492437356,0,0
2025-03-19 19:15:00+05:30,481.876860897598,29.300000000000004,56.675,19,2,0,0,490.1114153453888,484.4327421108849,0,0
2025-03-19 19:30:00+05:30,474.75058727618585,29.075,57.875,19,2,0,0,481.876860897598,479.6255527456768,0,0
2025-03-19 19:45:00+05:30,468.6600893083107,28.925,59.025000000000006,19,2,0,0,474.75058727618585,468.8555257802162,0,0
2025-03-19 20:00:00+05:30,457.4644482217646,28.875,59.85000000000001,20,2,0,0,468.6600893083107,459.44665505257984,0,0
2025-03-19 20:15:00+05:30,449.2339084542873,28.8,60.175,20,2,0,0,457.4644482217646,452.2128068468614,0,0
2025-03-19 20:30:00+05:30,443.1972462987004,28.725,60.775,20,2,0,0,449.2339084542873,443.59470125283457,0,0
2025-03-19 20:45:00+05:30,439.4187673834545,28.625,60.925,20,2,0,0,443.1972462987004,442.1567100257597,0,0
2025-03-19 21:00:00+05:30,433.3752805465778,28.525,61.3,21,2,0,0,439.4187673834545,434.892477608227,0,0
2025-03-19 21:15:00+05:30,429.0386565584194,28.450000000000003,61.4,21,2,0,0,433.3752805465778,427.11775224840255,0,0
2025-03-19 21:30:00+05:30,423.2466404368242,28.325000000000003,62.025,21,2,0,0,429.0386565584194,423.6266475838463,0,0
2025-03-19 21:45:00+05:30,417.6611058232763,28.325,62.5,21,2,0,0,423.2466404368242,418.6809615386063,0,0
2025-03-19 22:00:00+05:30,413.0121240114962,28.250000000000004,63.25,22,2,0,0,417.6611058232763,410.342520847112,0,0
2025-03-19 22:15:00+05:30,407.27207572985947,28.15,63.575,22,2,0,0,413.0121240114962,406.004525642223,0,0
2025-03-19 22:30:00+05:30,405.53539722646383,28.0,64.65,22,2,0,0,407.27207572985947,404.906694178908,0,0
2025-03-19 22:45:00+05:30,402.5398174870284,27.950000000000003,65.14999999999999,22,2,0,0,405.53539722646383,400.14038415742107,0,0
2025-03-19 23:00:00+05:30,397.4070128906664,27.85,65.9,23,2,0,0,402.5398174870284,392.8527633054541,0,0
2025-03-19 23:15:00+05:30,392.1592495313196,27.8,66.525,23,2,0,0,397.4070128906664,388.4085396416769,0,0
2025-03-19 23:30:00+05:30,386.4590416728562,27.8,67.19999999999999,23,2,0,0,392.1592495313196,383.93676857866495,0,0
2025-03-19 23:45:00+05:30,381.3928554889572,27.700000000000003,67.875,23,2,0,0,386.4590416728562,379.3331171884293,0,0
2025-03-20 00:00:00+05:30,374.5370564414612,27.55,68.45,0,3,0,0,381.3928554889572,373.781945721757,0,0
2025-03-20 00:15:00+05:30,367.9677530130012,27.475,69.425,0,3,0,0,374.5370564414612,369.1454547062041,0,0
2025-03-20 00:30:00+05:30,361.87475920132266,27.4,70.32499999999999,0,3,0,0,367.9677530130012,362.20999699712985,0,0
2025-03-20 00:45:00+05:30,358.21689736995086,27.4,70.95,0,3,0,0,361.87475920132266,357.93861770416845,0,0
2025-03-20 01:00:00+05:30,354.5574576793775,27.375,71.175,1,3,0,0,358.21689736995086,353.921375756892,0,0
2025-03-20 01:15:00+05:30,349.1018332804477,27.25,71.875,1,3,0,0,354.5574576793775,350.7070662916427,0,0
2025-03-20 01:30:00+05:30,347.08612638184394,27.15,72.4,1,3,0,0,349.1018332804477,346.1408720571883,0,0
2025-03-20 01:45:00+05:30,343.036708907424,27.175,72.225,1,3,0,0,347.08612638184394,342.917451091055,0,0
2025-03-20 02:00:00+05:30,340.7739626333794,27.15,72.125,2,3,0,0,343.036708907424,340.0127634440028,0,0
2025-03-20 02:15:00+05:30,337.5483907452364,27.15,71.5,2,3,0,0,340.7739626333794,335.273400706548,0,0
2025-03-20 02:30:00+05:30,334.2827716350834,27.05,71.19999999999999,2,3,0,0,337.5483907452364,331.18004287194293,0,0
2025-03-20 02:45:00+05:30,331.1020039303272,27.05,70.4,2,3,0,0,334.2827716350834,328.44011994023003,0,0
2025-03-20 03:00:00+05:30,327.0343481278751,26.975,70.325,3,3,0,0,331.1020039303272,324.84762419660416,0,0
2025-03-20 03:15:00+05:30,324.8875613292331,26.825000000000003,70.825,3,3,0,0,327.0343481278751,321.70950970545414,0,0
2025-03-20 03:30:00+05:30,321.8791175399941,26.8,70.85,3,3,0,0,324.8875613292331,319.1240634024737,0,0
2025-03-20 03:45:00+05:30,319.0494032086985,26.65,70.825,3,3,0,0,321.8791175399941,315.98313381842087,0,0
2025-03-20 04:00:00+05:30,316.2171693407729,26.6,70.775,4,3,0,0,319.0494032086985,314.16152993522223,0,0
2025-03-20 04:15:00+05:30,316.56876948737084,26.5,70.80000000000001,4,3,0,0,316.2171693407729,314.1019013241523,0,0
2025-03-20 04:30:00+05:30,315.6494248871762,26.4,71.175,4,3,0,0,316.56876948737084,312.63517996738227,0,0
2025-03-20 04:45:00+05:30,313.62398226219284,26.3,71.175,4,3,0,0,315.6494248871762,313.87420196417776,0,0
2025-03-20 05:00:00+05:30,314.35295589722205,26.175000000000004,71.2,5,3,0,0,313.62398226219284,313.5749422814257,0,0
2025-03-20 05:15:00+05:30,315.0623958869093,26.175,70.75,5,3,0,0,314.35295589722205,314.0344057553901,0,0
2025-03-20 05:30:00+05:30,323.43409354784575,26.15,70.525,5,3,0,0,315.0623958869093,319.3320153711274,0,0
2025-03-20 05:45:00+05:30,328.679509795018,26.1,70.625,5,3,0,0,323.43409354784575,325.13313030106826,0,0
2025-03-20 06:00:00+05:30,334.50740943532105,26.075000000000003,70.625,6,3,0,0,328.679509795018,331.5665682283659,0,0
2025-03-20 06:15:00+05:30,341.5511521308257,26.000000000000004,71.0,6,3,0,0,334.50740943532105,335.9414996179689,0,0
2025-03-20 06:30:00+05:30,350.4905431878189,25.95,71.175,6,3,0,0,341.5511521308257,344.2665650814688,0,0
2025-03-20 06:45:00+05:30,360.00955180646514,25.975,71.47500000000001,6,3,0,0,350.4905431878189,355.4159638812898,0,0
2025-03-20 07:00:00+05:30,371.16409552539386,26.175,71.125,7,3,0,0,360.00955180646514,366.5871074309812,0,0
2025-03-20 07:15:00+05:30,385.5891124119559,26.375,71.14999999999999,7,3,0,0,371.16409552539386,386.90535388910746,0,0
2025-03-20 07:30:00+05:30,403.7830794089483,26.675,71.17500000000001,7,3,0,0,385.5891124119559,406.8928032816321,0,0
2025-03-20 07:45:00+05:30,421.0219915529349,27.075000000000003,70.67500000000001,7,3,0,0,403.7830794089483,422.7028788847017,0,0
2025-03-20 08:00:00+05:30,441.29951244623567,27.475,69.07499999999999,8,3,0,0,421.0219915529349,441.1091708367289,0,0
2025-03-20 08:15:00+05:30,460.0407230977786,27.975,63.8,8,3,0,0,441.29951244623567,463.1767946520448,0,0
2025-03-20 08:30:00+05:30,476.7129585371599,28.5,59.275,8,3,0,0,460.0407230977786,479.45744254123815,0,0
2025-03-20 08:45:00+05:30,492.8341343844983,28.9,55.575,8,3,0,0,476.7129585371599,494.39958776063503,0,0
2025-03-20 09:00:00+05:30,507.9455371509584,29.45,51.225,9,3,0,1,492.8341343844983,509.12637400238606,0,0
2025-03-20 09:15:00+05:30,519.3785835703601,30.125,47.85,9,3,0,1,507.9455371509584,520.4540181289472,0,0
2025-03-20 09:30:00+05:30,527.2581705912729,30.9,44.3,9,3,0,1,519.3785835703601,531.4497144703533,0,0
2025-03-20 09:45:00+05:30,534.707110934786,31.45,44.75,9,3,0,1,527.2581705912729,540.727514766981,0,0
2025-03-20 10:00:00+05:30,537.9214978145268,31.75,43.95,10,3,0,1,534.707110934786,545.8837431345211,0,0
2025-03-20 10:15:00+05:30,544.6712495610827,32.075,42.525,10,3,0,1,537.9214978145268,553.8002949476033,0,0
2025-03-20 10:30:00+05:30,550.0330620930926,32.575,40.475,10,3,0,1,544.6712495610827,557.3942843190543,0,0
2025-03-20 10:45:00+05:30,551.9090353363969,33.025,39.150000000000006,10,3,0,1,550.0330620930926,556.821760918526,0,0
2025-03-20 11:00:00+05:30,555.6834828713106,33.15,42.475,11,3,0,1,551.9090353363969,557.3664852325495,0,0
2025-03-20 11:15:00+05:30,555.0688776197635,33.375,42.1,11,3,0,1,555.6834828713106,556.9002612511115,0,0
2025-03-20 11:30:00+05:30,557.0469418679022,33.7,41.425,11,3,0,1,555.0688776197635,558.0059029282331,0,0
2025-03-20 11:45:00+05:30,555.9484168187222,34.1,40.55,11,3,0,1,557.0469418679022,556.9083071330825,0,0
2025-03-20 12:00:00+05:30,554.352301607732,34.349999999999994,40.15,12,3,0,1,555.9484168187222,559.152117907692,0,0
2025-03-20 12:15:00+05:30,555.9215369324521,34.7,41.625,12,3,0,1,554.352301607732,558.7035598132858,0,0
2025-03-20 12:30:00+05:30,554.8301844413088,34.6,43.525,12,3,0,1,555.9215369324521,559.4777994419458,0,0
2025-03-20 12:45:00+05:30,554.2813571912715,35.025,41.9,12,3,0,1,554.8301844413088,560.5223978053374,0,0
2025-03-20 13:00:00+05:30,549.2936404285779,35.125,39.925,13,3,0,1,554.2813571912715,558.1904130497867,0,0
2025-03-20 13:15:00+05:30,546.4363114483099,35.075,39.125,13,3,0,1,549.2936404285779,555.0003358137238,0,0
2025-03-20 13:30:00+05:30,544.2029383703157,35.1,38.725,13,3,0,1,546.4363114483099,553.4304384178996,0,0
2025-03-20 13:45:00+05:30,546.154310090195,35.625,39.025000000000006,13,3,0,1,544.2029383703157,555.1268137781517,0,0
2025-03-20 14:00:00+05:30,552.4365603106714,35.75,39.2,14,3,0,1,546.154310090195,560.4374522430023,0,0
2025-03-20 14:15:00+05:30,553.4350754588336,35.125,42.95,14,3,0,1,552.4365603106714,563.2313333241987,0,0
2025-03-20 14:30:00+05:30,555.9959923406329,34.849999999999994,43.1,14,3,0,1,553.4350754588336,564.0779973658421,0,0
2025-03-20 14:45:00+05:30,557.2730589326299,34.75,42.225,14,3,0,1,555.9959923406329,564.8813436288688,0,0
2025-03-20 15:00:00+05:30,558.8565974972918,34.675,41.75,15,3,0,1,557.2730589326299,566.8031392071456,0,0
2025-03-20 15:15:00+05:30,557.8235668688981,34.5,42.175,15,3,0,1,558.8565974972918,567.1846723769194,0,0
2025-03-20 15:30:00+05:30,559.7763188780575,34.599999999999994,42.3,15,3,0,1,557.8235668688981,564.7453742184016,0,0
2025-03-20 15:45:00+05:30,557.2846398519719,34.575,41.05,15,3,0,1,559.7763188780575,563.2682978636158,0,0
2025-03-20 16:00:00+05:30,558.5874783153805,34.55,40.7,16,3,0,1,557.2846398519719,565.1111330351235,0,0
2025-03-20 16:15:00+05:30,553.8605082823232,34.65,40.650000000000006,16,3,0,1,558.5874783153805,559.8194608815834,0,0
2025-03-20 16:30:00+05:30,552.0386973679043,34.725,42.125,16,3,0,1,553.8605082823232,557.6402784119751,0,0
2025-03-20 16:45:00+05:30,544.3945406169274,34.575,42.55,16,3,0,1,552.0386973679043,551.587367100445,0,0
2025-03-20 17:00:00+05:30,540.7983947061158,34.35,43.975,17,3,0,1,544.3945406169274,543.3220407495909,0,0
2025-03-20 17:15:00+05:30,537.691598523008,33.975,44.925,17,3,0,1,540.7983947061158,537.9695697135688,0,0
2025-03-20 17:30:00+05:30,529.0820630044101,33.4,46.875,17,3,0,1,537.691598523008,529.0842400028274,0,0
2025-03-20 17:45:00+05:30,524.0505437468015,32.724999999999994,47.400000000000006,17,3,0,1,529.0820630044101,522.8908774358517,0,0
2025-03-20 18:00:00+05:30,518.0671317468666,31.800000000000004,50.525,18,3,0,0,524.0505437468015,515.1291212182464,0,0
2025-03-20 18:15:00+05:30,508.644148311357,31.15,52.175,18,3,0,0,518.0671317468666,503.9287130783029,0,0
2025-03-20 18:30:00+05:30,504.0221812686762,30.625,53.8,18,3,0,0,508.644148311357,500.0601740403972,0,0
2025-03-20 18:45:00+05:30,499.2476736387304,30.2,54.925,18,3,0,0,504.0221812686762,497.13809151936016,0,0
2025-03-20 19:00:00+05:30,491.4658514171081,29.85,56.2,19,3,0,0,499.2476736387304,490.1114153453888,0,0
2025-03-20 19:15:00+05:30,487.3168478531829,29.75,56.675,19,3,0,0,491.4658514171081,481.876860897598,0,0
2025-03-20 19:30:00+05:30,479.39778094990174,29.55,57.625,19,3,0,0,487.3168478531829,474.75058727618585,0,0
2025-03-20 19:45:00+05:30,469.66926155103846,29.55,56.2,19,3,0,0,479.39778094990174,468.6600893083107,0,0
2025-03-20 20:00:00+05:30,460.6192222175375,29.35,54.225,20,3,0,0,469.66926155103846,457.4644482217646,0,0
2025-03-20 20:15:00+05:30,453.1375731663488,29.375,54.25,20,3,0,0,460.6192222175375,449.2339084542873,0,0
2025-03-20 20:30:00+05:30,446.553031905262,29.35,54.175,20,3,0,0,453.1375731663488,443.1972462987004,0,0
2025-03-20 20:45:00+05:30,442.8481943527185,29.275,54.925,20,3,0,0,446.553031905262,439.4187673834545,0,0
2025-03-20 21:00:00+05:30,436.2716936876935,29.15,55.475,21,3,0,0,442.8481943527185,433.3752805465778,0,0
2025-03-20 21:15:00+05:30,432.90734524028056,29.200000000000003,55.275000000000006,21,3,0,0,436.2716936876935,429.0386565584194,0,0
2025-03-20 21:30:00+05:30,429.6807454455435,29.075,57.575,21,3,0,0,432.90734524028056,423.2466404368242,0,0
2025-03-20 21:45:00+05:30,424.82300603837047,28.875,58.325,21,3,0,0,429.6807454455435,417.6611058232763,0,0
2025-03-20 22:00:00+05:30,417.6795383992604,28.725,59.825,22,3,0,0,424.82300603837047,413.0121240114962,0,0
2025-03-20 22:15:00+05:30,413.0865439031343,28.7,60.55000000000001,22,3,0,0,417.6795383992604,407.27207572985947,0,0
2025-03-20 22:30:00+05:30,409.9236841691371,28.525,62.175,22,3,0,0,413.0865439031343,405.53539722646383,0,0
2025-03-20 22:45:00+05:30,407.6502481338223,28.5,63.175,22,3,0,0,409.9236841691371,402.5398174870284,0,0
2025-03-20 23:00:00+05:30,401.9216409146796,28.475,63.3,23,3,0,0,407.6502481338223,397.4070128906664,0,0
2025-03-20 23:15:00+05:30,398.31163342075865,28.35,61.975,23,3,0,0,401.9216409146796,392.1592495313196,0,0
2025-03-20 23:30:00+05:30,393.6613876309504,28.3,61.27499999999999,23,3,0,0,398.31163342075865,386.4590416728562,0,0
2025-03-20 23:45:00+05:30,387.07237232180063,28.225,59.400000000000006,23,3,0,0,393.6613876309504,381.3928554889572,0,0
2025-03-21 00:00:00+05:30,380.73853141924303,28.15,58.825,0,4,0,0,387.07237232180063,374.5370564414612,0,0
2025-03-21 00:15:00+05:30,375.4197661957048,28.1,60.0,0,4,0,0,380.73853141924303,367.9677530130012,0,0
2025-03-21 00:30:00+05:30,367.43604027825046,27.95,63.45,0,4,0,0,375.4197661957048,361.87475920132266,0,0
2025-03-21 00:45:00+05:30,362.2584653465979,27.9,65.6,0,4,0,0,367.43604027825046,358.21689736995086,0,0
2025-03-21 01:00:00+05:30,357.9272674083452,27.8,67.87500000000001,1,4,0,0,362.2584653465979,354.5574576793775,0,0
2025-03-21 01:15:00+05:30,354.6603414570158,27.575,68.89999999999999,1,4,0,0,357.9272674083452,349.1018332804477,0,0
2025-03-21 01:30:00+05:30,351.1216317853333,27.525,68.875,1,4,0,0,354.6603414570158,347.08612638184394,0,0
2025-03-21 01:45:00+05:30,347.519821282017,27.425,70.15,1,4,0,0,351.1216317853333,343.036708907424,0,0
2025-03-21 02:00:00+05:30,343.60678301652155,27.425,70.9,2,4,0,0,347.519821282017,340.7739626333794,0,0
2025-03-21 02:15:00+05:30,339.6426083710759,27.375,71.85,2,4,0,0,343.60678301652155,337.5483907452364,0,0
2025-03-21 02:30:00+05:30,336.5805692506742,27.275,71.65,2,4,0,0,339.6426083710759,334.2827716350834,0,0
2025-03-21 02:45:00+05:30,333.48713998272933,27.25,71.475,2,4,0,0,336.5805692506742,331.1020039303272,0,0
2025-03-21 03:00:00+05:30,331.2119305237705,27.200000000000003,70.4,3,4,0,0,333.48713998272933,327.0343481278751,0,0
2025-03-21 03:15:00+05:30,327.276497891751,27.15,69.25,3,4,0,0,331.2119305237705,324.8875613292331,0,0
2025-03-21 03:30:00+05:30,322.6997195779621,27.175,68.25,3,4,0,0,327.276497891751,321.8791175399941,0,0
2025-03-21 03:45:00+05:30,320.80541479844413,27.125,67.82499999999999,3,4,0,0,322.6997195779621,319.0494032086985,0,0
2025-03-21 04:00:00+05:30,320.1992615783864,27.1,67.125,4,4,0,0,320.80541479844413,316.2171693407729,0,0
2025-03-21 04:15:00+05:30,320.05638735866603,27.1,67.15,4,4,0,0,320.1992615783864,316.56876948737084,0,0
2025-03-21 04:30:00+05:30,318.3705780174666,27.05,67.25,4,4,0,0,320.05638735866603,315.6494248871762,0,0
2025-03-21 04:45:00+05:30,318.87822961831813,26.95,66.82500000000002,4,4,0,0,318.3705780174666,313.62398226219284,0,0
2025-03-21 05:00:00+05:30,320.9068847767228,26.975,66.4,5,4,0,0,318.87822961831813,314.35295589722205,0,0
2025-03-21 05:15:00+05:30,321.9154334858105,26.875,66.525,5,4,0,0,320.9068847767228,315.0623958869093,0,0
2025-03-21 05:30:00+05:30,326.1748407939568,26.8,66.75,5,4,0,0,321.9154334858105,323.43409354784575,0,0
2025-03-21 05:45:00+05:30,333.12278591110663,26.725,67.2,5,4,0,0,326.1748407939568,328.679509795018,0,0
2025-03-21 06:00:00+05:30,341.2984849294852,26.625,67.55,6,4,0,0,333.12278591110663,334.50740943532105,0,0
2025-03-21 06:15:00+05:30,344.54768295445655,26.575000000000003,67.55,6,4,0,0,341.2984849294852,341.5511521308257,0,0
2025-03-21 06:30:00+05:30,352.76095367442105,26.575,67.4,6,4,0,0,344.54768295445655,350.4905431878189,0,0
2025-03-21 06:45:00+05:30,363.7341029829895,26.675,67.15,6,4,0,0,352.76095367442105,360.00955180646514,0,0
2025-03-21 07:00:00+05:30,374.268851081364,26.825,66.95,7,4,0,0,363.7341029829895,371.16409552539386,0,0
2025-03-21 07:15:00+05:30,390.1725638845827,27.0,66.75,7,4,0,0,374.268851081364,385.5891124119559,0,0
2025-03-21 07:30:00+05:30,407.0422334892736,27.3,65.7,7,4,0,0,390.1725638845827,403.7830794089483,0,0
2025-03-21 07:45:00+05:30,425.5036045853458,27.65,64.6,7,4,0,0,407.0422334892736,421.0219915529349,0,0
2025-03-21 08:00:00+05:30,444.06547758417713,27.975,62.9,8,4,0,0,425.5036045853458,441.29951244623567,0,0
2025-03-21 08:15:00+05:30,463.1919693356343,28.275,61.325,8,4,0,0,444.06547758417713,460.0407230977786,0,0
2025-03-21 08:30:00+05:30,477.94127973953846,28.65,59.2,8,4,0,0,463.1919693356343,476.7129585371599,0,0
2025-03-21 08:45:00+05:30,494.6607606611116,29.200000000000003,56.62499999999999,8,4,0,0,477.94127973953846,492.8341343844983,0,0
2025-03-21 09:00:00+05:30,508.0648241434074,29.700000000000003,53.25,9,4,0,1,494.6607606611116,507.9455371509584,0,0
2025-03-21 09:15:00+05:30,520.1190361682673,30.0,51.95,9,4,0,1,508.0648241434074,519.3785835703601,0,0
2025-03-21 09:30:00+05:30,526.7168622233811,30.875,48.3,9,4,0,1,520.1190361682673,527.2581705912729,0,0
2025-03-21 09:45:00+05:30,535.6025737582228,31.25,45.925,9,4,0,1,526.7168622233811,534.707110934786,0,0
2025-03-21 10:00:00+05:30,541.6808714044698,31.725,43.525,10,4,0,1,535.6025737582228,537.9214978145268,0,0
2025-03-21 10:15:00+05:30,545.8777732176518,31.9,42.3,10,4,0,1,541.6808714044698,544.6712495610827,0,0
2025-03-21 10:30:00+05:30,549.6836454690059,32.325,40.1,10,4,0,1,545.8777732176518,550.0330620930926,0,0
2025-03-21 10:45:00+05:30,552.6919085945686,33.05,37.925,10,4,0,1,549.6836454690059,551.9090353363969,0,0
2025-03-21 11:00:00+05:30,556.0590154376545,33.525,37.45,11,4,0,1,552.6919085945686,555.6834828713106,0,0
2025-03-21 11:15:00+05:30,554.8203623516193,33.95,35.725,11,4,0,1,556.0590154376545,555.0688776197635,0,0
2025-03-21 11:30:00+05:30,551.7381799653313,33.95,37.375,11,4,0,1,554.8203623516193,557.0469418679022,0,0
2025-03-21 11:45:00+05:30,550.8355332394252,34.15,36.025,11,4,0,1,551.7381799653313,555.9484168187222,0,0
2025-03-21 12:00:00+05:30,548.1640230030714,34.225,34.900000000000006,12,4,0,1,550.8355332394252,554.352301607732,0,0
2025-03-21 12:15:00+05:30,545.0822363030273,34.6,35.25,12,4,0,1,548.1640230030714,555.9215369324521,0,0
2025-03-21 12:30:00+05:30,546.0467798021954,34.275,36.650000000000006,12,4,0,1,545.0822363030273,554.8301844413088,0,0
2025-03-21 12:45:00+05:30,542.0787687897072,34.025000000000006,37.925,12,4,0,1,546.0467798021954,554.2813571912715,0,0
2025-03-21 13:00:00+05:30,536.6276009415348,33.85,37.775,13,4,0,1,542.0787687897072,549.2936404285779,0,0
2025-03-21 13:15:00+05:30,531.8399735754837,33.875,38.1,13,4,0,1,536.6276009415348,546.4363114483099,0,0
2025-03-21 13:30:00+05:30,530.892519311834,33.85,38.400000000000006,13,4,0,1,531.8399735754837,544.2029383703157,0,0
2025-03-21 13:45:00+05:30,531.8205410772747,34.0,37.875,13,4,0,1,530.892519311834,546.154310090195,0,0
2025-03-21 14:00:00+05:30,536.3719913395909,33.775,38.175,14,4,0,1,531.8205410772747,552.4365603106714,0,0
2025-03-21 14:15:00+05:30,539.7456306368626,33.725,37.325,14,4,0,1,536.3719913395909,553.4350754588336,0,0
2025-03-21 14:30:00+05:30,540.0584143986592,33.575,36.975,14,4,0,1,539.7456306368626,555.9959923406329,0,0
2025-03-21 14:45:00+05:30,542.0141761284056,33.525,38.225,14,4,0,1,540.0584143986592,557.2730589326299,0,0
2025-03-21 15:00:00+05:30,541.2494839452818,33.65,38.0,15,4,0,1,542.0141761284056,558.8565974972918,0,0
2025-03-21 15:15:00+05:30,540.9193000511588,33.6,38.55,15,4,0,1,541.2494839452818,557.8235668688981,0,0
2025-03-21 15:30:00+05:30,539.0331892854829,33.375,39.5,15,4,0,1,540.9193000511588,559.7763188780575,0,0
2025-03-21 15:45:00+05:30,536.0996992020988,33.325,38.85,15,4,0,1,539.0331892854829,557.2846398519719,0,0
2025-03-21 16:00:00+05:30,536.8125106996116,33.4,39.2,16,4,0,1,536.0996992020988,558.5874783153805,0,0
2025-03-21 16:15:00+05:30,535.1646606770984,33.45,40.5,16,4,0,1,536.8125106996116,553.8605082823232,0,0
2025-03-21 16:30:00+05:30,532.0231581820807,33.175,41.925,16,4,0,1,535.1646606770984,552.0386973679043,0,0
2025-03-21 16:45:00+05:30,525.8120096931642,33.3,41.150000000000006,16,4,0,1,532.0231581820807,544.3945406169274,0,0
2025-03-21 17:00:00+05:30,522.8775082206196,33.275,41.15,17,4,0,1,525.8120096931642,540.7983947061158,0,0
2025-03-21 17:15:00+05:30,520.1994794465293,32.825,41.725,17,4,0,1,522.8775082206196,537.691598523008,0,0
2025-03-21 17:30:00+05:30,515.8972509314424,32.325,43.125,17,4,0,1,520.1994794465293,529.0820630044101,0,0
2025-03-21 17:45:00+05:30,507.1936802481784,32.050000000000004,45.675,17,4,0,1,515.8972509314424,524.0505437468015,0,0
2025-03-21 18:00:00+05:30,501.5564292380656,31.1,48.875,18,4,0,0,507.1936802481784,518.0671317468666,0,0
2025-03-21 18:15:00+05:30,495.0730540366674,30.225,52.0,18,4,0,0,501.5564292380656,508.644148311357,0,0
2025-03-21 18:30:00+05:30,487.8742124981633,29.450000000000003,54.15,18,4,0,0,495.0730540366674,504.0221812686762,0,0
2025-03-21 18:45:00+05:30,484.9790573280021,29.1,55.425,18,4,0,0,487.8742124981633,499.2476736387304,0,0
2025-03-21 19:00:00+05:30,480.55206846518047,28.875,56.025,19,4,0,0,484.9790573280021,491.4658514171081,0,0
2025-03-21 19:15:00+05:30,475.21579480997497,28.625,56.525,19,4,0,0,480.55206846518047,487.3168478531829,0,0
2025-03-21 19:30:00+05:30,467.0338699915074,28.55,57.425,19,4,0,0,475.21579480997497,479.39778094990174,0,0
2025-03-21 19:45:00+05:30,457.1327384824605,28.450000000000003,58.1,19,4,0,0,467.0338699915074,469.66926155103846,0,0
2025-03-21 20:00:00+05:30,448.075443507401,28.325,59.7,20,4,0,0,457.1327384824605,460.6192222175375,0,0
2025-03-21 20:15:00+05:30,441.56374981958487,28.225,61.025,20,4,0,0,448.075443507401,453.1375731663488,0,0
2025-03-21 20:30:00+05:30,436.3342891488266,28.1,62.775000000000006,20,4,0,0,441.56374981958487,446.553031905262,0,0
2025-03-21 20:45:00+05:30,433.6833777976671,27.975,64.7,20,4,0,0,436.3342891488266,442.8481943527185,0,0
2025-03-21 21:00:00+05:30,426.82879704100975,27.875,65.9,21,4,0,0,433.6833777976671,436.2716936876935,0,0
2025-03-21 21:15:00+05:30,421.267602295659,27.75,66.525,21,4,0,0,426.82879704100975,432.90734524028056,0,0
2025-03-21 21:30:00+05:30,414.2810807455976,27.625,67.6,21,4,0,0,421.267602295659,429.6807454455435,0,0
2025-03-21 21:45:00+05:30,407.2262186400367,27.5,68.35,21,4,0,0,414.2810807455976,424.82300603837047,0,0
2025-03-21 22:00:00+05:30,401.3872993834127,27.4,68.94999999999999,22,4,0,0,407.2262186400367,417.6795383992604,0,0
2025-03-21 22:15:00+05:30,396.9140909668304,27.375000000000004,69.25,22,4,0,0,401.3872993834127,413.0865439031343,0,0
2025-03-21 22:30:00+05:30,396.8455889500557,27.2,69.525,22,4,0,0,396.9140909668304,409.9236841691371,0,0
2025-03-21 22:45:00+05:30,393.8393012636234,27.15,69.5,22,4,0,0,396.8455889500557,407.6502481338223,0,0
2025-03-21 23:00:00+05:30,388.0561288091303,27.025,70.125,23,4,0,0,393.8393012636234,401.9216409146796,0,0
2025-03-21 23:15:00+05:30,382.61337799497744,27.05,70.6,23,4,0,0,388.0561288091303,398.31163342075865,0,0
2025-03-21 23:30:00+05:30,380.25060053818936,27.075,71.125,23,4,0,0,382.61337799497744,393.6613876309504,0,0
2025-03-21 23:45:00+05:30,376.31744648291135,27.075000000000003,71.7,23,4,0,0,380.25060053818936,387.07237232180063,0,0
2025-03-22 00:00:00+05:30,373.71398332722185,27.0,71.975,0,5,1,0,376.31744648291135,380.73853141924303,0,0
2025-03-22 00:15:00+05:30,365.1296909892851,26.95,72.1,0,5,1,0,373.71398332722185,375.4197661957048,0,0
2025-03-22 00:30:00+05:30,360.09722606878,26.925,72.22500000000001,0,5,1,0,365.1296909892851,367.43604027825046,0,0
2025-03-22 00:45:00+05:30,354.9041130746524,26.825000000000003,72.525,0,5,1,0,360.09722606878,362.2584653465979,0,0
2025-03-22 01:00:00+05:30,351.5900696994254,26.775,73.3,1,5,1,0,354.9041130746524,357.9272674083452,0,0
2025-03-22 01:15:00+05:30,349.7974509317653,26.7,73.65,1,5,1,0,351.5900696994254,354.6603414570158,0,0
2025-03-22 01:30:00+05:30,345.63300002603773,26.7,73.625,1,5,1,0,349.7974509317653,351.1216317853333,0,0
2025-03-22 01:45:00+05:30,343.5902871725014,26.675,73.75,1,5,1,0,345.63300002603773,347.519821282017,0,0
2025-03-22 02:00:00+05:30,338.1880746982877,26.7,73.72500000000001,2,5,1,0,343.5902871725014,343.60678301652155,0,0
2025-03-22 02:15:00+05:30,335.4505278266538,26.700000000000003,73.275,2,5,1,0,338.1880746982877,339.6426083710759,0,0
2025-03-22 02:30:00+05:30,332.65643559447176,26.65,73.225,2,5,1,0,335.4505278266538,336.5805692506742,0,0
2025-03-22 02:45:00+05:30,328.0795688991172,26.525,73.725,2,5,1,0,332.65643559447176,333.48713998272933,0,0
2025-03-22 03:00:00+05:30,326.061003295672,26.525,73.525,3,5,1,0,328.0795688991172,331.2119305237705,0,0
2025-03-22 03:15:00+05:30,320.9819433477938,26.45,73.9,3,5,1,0,326.061003295672,327.276497891751,0,0
2025-03-22 03:30:00+05:30,319.7027103487586,26.3,74.55,3,5,1,0,320.9819433477938,322.6997195779621,0,0
2025-03-22 03:45:00+05:30,318.3379281155239,26.3,74.525,3,5,1,0,319.7027103487586,320.80541479844413,0,0
2025-03-22 04:00:00+05:30,315.8832704786944,26.175,75.17500000000001,4,5,1,0,318.3379281155239,320.1992615783864,0,0
2025-03-22 04:15:00+05:30,314.19424625977683,26.1,75.35,4,5,1,0,315.8832704786944,320.05638735866603,0,0
2025-03-22 04:30:00+05:30,313.1801105021085,26.025,75.975,4,5,1,0,314.19424625977683,318.3705780174666,0,0
2025-03-22 04:45:00+05:30,312.1684051224475,25.9,76.475,4,5,1,0,313.1801105021085,318.87822961831813,0,0
2025-03-22 05:00:00+05:30,312.8927739136382,25.925000000000004,76.925,5,5,1,0,312.1684051224475,320.9068847767228,0,0
2025-03-22 05:15:00+05:30,313.6318521251303,25.85,77.275,5,5,1,0,312.8927739136382,321.9154334858105,0,0
2025-03-22 05:30:00+05:30,315.0399766743519,25.8,77.4,5,5,1,0,313.6318521251303,326.1748407939568,0,0
2025-03-22 05:45:00+05:30,317.8289182581126,25.775,77.69999999999999,5,5,1,0,315.0399766743519,333.12278591110663,0,0
2025-03-22 06:00:00+05:30,318.21127227277924,25.725,78.07499999999999,6,5,1,0,317.8289182581126,341.2984849294852,0,0
2025-03-22 06:15:00+05:30,321.5460574986488,25.65,78.4,6,5,1,0,318.21127227277924,344.54768295445655,0,0
2025-03-22 06:30:00+05:30,326.25158978340505,25.625,78.75,6,5,1,0,321.5460574986488,352.76095367442105,0,0
2025-03-22 06:45:00+05:30,330.7790810941464,25.55,78.55,6,5,1,0,326.25158978340505,363.7341029829895,0,0
2025-03-22 07:00:00+05:30,339.0803501480212,25.775,77.8,7,5,1,0,330.7790810941464,374.268851081364,0,0
2025-03-22 07:15:00+05:30,346.9211377685699,25.775,77.675,7,5,1,0,339.0803501480212,390.1725638845827,0,0
2025-03-22 07:30:00+05:30,355.39514231385743,26.225,76.275,7,5,1,0,346.9211377685699,407.0422334892736,0,0
2025-03-22 07:45:00+05:30,361.74721893624974,26.575,75.05000000000001,7,5,1,0,355.39514231385743,425.5036045853458,0,0
2025-03-22 08:00:00+05:30,375.60095121099897,26.875,72.65,8,5,1,0,361.74721893624974,444.06547758417713,0,0
2025-03-22 08:15:00+05:30,390.2223780265401,27.3,69.525,8,5,1,0,375.60095121099897,463.1919693356343,0,0
2025-03-22 08:30:00+05:30,402.225229296984,27.75,67.425,8,5,1,0,390.2223780265401,477.94127973953846,0,0
2025-03-22 08:45:00+05:30,416.0374556394988,28.125,64.825,8,5,1,0,402.225229296984,494.6607606611116,0,0
2025-03-22 09:00:00+05:30,427.4460148540869,28.5,62.625,9,5,1,1,416.0374556394988,508.0648241434074,0,0
2025-03-22 09:15:00+05:30,437.1727689114561,29.225,58.55,9,5,1,1,427.4460148540869,520.1190361682673,0,0
2025-03-22 09:30:00+05:30,447.3030506187148,29.825000000000003,54.275,9,5,1,1,437.1727689114561,526.7168622233811,0,0
2025-03-22 09:45:00+05:30,456.4844106553388,30.525,49.325,9,5,1,1,447.3030506187148,535.6025737582228,0,0
2025-03-22 10:00:00+05:30,464.9985211144277,30.825,47.9,10,5,1,1,456.4844106553388,541.6808714044698,0,0
2025-03-22 10:15:00+05:30,469.07675311874056,31.25,44.175,10,5,1,1,464.9985211144277,545.8777732176518,0,0
2025-03-22 10:30:00+05:30,470.892272818015,31.950000000000003,42.025000000000006,10,5,1,1,469.07675311874056,549.6836454690059,0,0
2025-03-22 10:45:00+05:30,478.0938885945712,32.474999999999994,41.47500000000001,10,5,1,1,470.892272818015,552.6919085945686,0,0
2025-03-22 11:00:00+05:30,478.9548745216354,32.5,43.775,11,5,1,1,478.0938885945712,556.0590154376545,0,0
2025-03-22 11:15:00+05:30,479.38035122183055,32.800000000000004,41.525000000000006,11,5,1,1,478.9548745216354,554.8203623516193,0,0
2025-03-22 11:30:00+05:30,475.59132217677086,32.925,40.425,11,5,1,1,479.38035122183055,551.7381799653313,0,0
2025-03-22 11:45:00+05:30,476.6010441398664,32.95,40.275000000000006,11,5,1,1,475.59132217677086,550.8355332394252,0,0
2025-03-22 12:00:00+05:30,478.16018769130267,33.325,40.55,12,5,1,1,476.6010441398664,548.1640230030714,0,0
2025-03-22 12:15:00+05:30,475.5412762008205,33.7,38.45,12,5,1,1,478.16018769130267,545.0822363030273,0,0
2025-03-22 12:30:00+05:30,474.3204774408869,33.725,40.725,12,5,1,1,475.5412762008205,546.0467798021954,0,0
2025-03-22 12:45:00+05:30,471.656798980328,33.825,39.45,12,5,1,1,474.3204774408869,542.0787687897072,0,0
2025-03-22 13:00:00+05:30,467.5144907511694,33.8,39.6,13,5,1,1,471.656798980328,536.6276009415348,0,0
2025-03-22 13:15:00+05:30,468.3176615288916,33.675,41.15,13,5,1,1,467.5144907511694,531.8399735754837,0,0
2025-03-22 13:30:00+05:30,468.61060157371577,33.474999999999994,43.175,13,5,1,1,468.3176615288916,530.892519311834,0,0
2025-03-22 13:45:00+05:30,469.130791073385,33.474999999999994,43.975,13,5,1,1,468.61060157371577,531.8205410772747,0,0
2025-03-22 14:00:00+05:30,470.8452899076226,33.45,44.475,14,5,1,1,469.130791073385,536.3719913395909,0,0
2025-03-22 14:15:00+05:30,474.60023478791055,33.5,42.775,14,5,1,1,470.8452899076226,539.7456306368626,0,0
2025-03-22 14:30:00+05:30,473.8857160779546,33.4,44.075,14,5,1,1,474.60023478791055,540.0584143986592,0,0
2025-03-22 14:45:00+05:30,471.01807625683,33.475,45.6,14,5,1,1,473.8857160779546,542.0141761284056,0,0
2025-03-22 15:00:00+05:30,471.65513614552026,33.525,45.475,15,5,1,1,471.01807625683,541.2494839452818,0,0
2025-03-22 15:15:00+05:30,471.1710406635282,33.425,47.150000000000006,15,5,1,1,471.65513614552026,540.9193000511588,0,0
2025-03-22 15:30:00+05:30,472.6472165856328,33.099999999999994,47.4,15,5,1,1,471.1710406635282,539.0331892854829,0,0
2025-03-22 15:45:00+05:30,470.3487289309419,33.05,49.475,15,5,1,1,472.6472165856328,536.0996992020988,0,0
2025-03-22 16:00:00+05:30,470.4213513471205,33.175,50.575,16,5,1,1,470.3487289309419,536.8125106996116,0,0
2025-03-22 16:15:00+05:30,467.2305557833336,33.75,49.725,16,5,1,1,470.4213513471205,535.1646606770984,0,0
2025-03-22 16:30:00+05:30,466.2584442589624,33.900000000000006,49.2,16,5,1,1,467.2305557833336,532.0231581820807,0,0
2025-03-22 16:45:00+05:30,462.292704729995,33.75,49.875,16,5,1,1,466.2584442589624,525.8120096931642,0,0
2025-03-22 17:00:00+05:30,461.5975919540341,33.900000000000006,49.775000000000006,17,5,1,1,462.292704729995,522.8775082206196,0,0
2025-03-22 17:15:00+05:30,458.9470940760892,33.525,51.025,17,5,1,1,461.5975919540341,520.1994794465293,0,0
2025-03-22 17:30:00+05:30,454.99679866710864,32.875,53.025,17,5,1,1,458.9470940760892,515.8972509314424,0,0
2025-03-22 17:45:00+05:30,451.30586639515934,32.175,55.3,17,5,1,1,454.99679866710864,507.1936802481784,0,0
2025-03-22 18:00:00+05:30,451.5192938742631,31.15,58.675,18,5,1,0,451.30586639515934,501.5564292380656,0,0
2025-03-22 18:15:00+05:30,447.2375412648304,30.35,61.3,18,5,1,0,451.5192938742631,495.0730540366674,0,0
2025-03-22 18:30:00+05:30,446.1231572179972,29.65,64.1,18,5,1,0,447.2375412648304,487.8742124981633,0,0
2025-03-22 18:45:00+05:30,445.9937767481537,29.275,66.5,18,5,1,0,446.1231572179972,484.9790573280021,0,0
2025-03-22 19:00:00+05:30,443.4094796002066,29.025,68.275,19,5,1,0,445.9937767481537,480.55206846518047,0,0
2025-03-22 19:15:00+05:30,442.3682092921024,28.875,69.375,19,5,1,0,443.4094796002066,475.21579480997497,0,0
2025-03-22 19:30:00+05:30,439.52997473695655,28.825000000000003,69.92500000000001,19,5,1,0,442.3682092921024,467.0338699915074,0,0
2025-03-22 19:45:00+05:30,433.3627671173402,28.7,70.75,19,5,1,0,439.52997473695655,457.1327384824605,0,0
2025-03-22 20:00:00+05:30,429.46331926993554,28.65,71.475,20,5,1,0,433.3627671173402,448.075443507401,0,0
2025-03-22 20:15:00+05:30,425.3910734998088,28.55,71.85000000000001,20,5,1,0,429.46331926993554,441.56374981958487,0,0
2025-03-22 20:30:00+05:30,420.8461674142192,28.55,72.25,20,5,1,0,425.3910734998088,436.3342891488266,0,0
2025-03-22 20:45:00+05:30,417.9263580250509,28.425,72.65,20,5,1,0,420.8461674142192,433.6833777976671,0,0
2025-03-22 21:00:00+05:30,418.5936780195741,28.4,72.97500000000001,21,5,1,0,417.9263580250509,426.82879704100975,0,0
2025-03-22 21:15:00+05:30,417.3279160022354,28.325000000000003,73.35,21,5,1,0,418.5936780195741,421.267602295659,0,0
2025-03-22 21:30:00+05:30,415.0099616991646,28.175,74.375,21,5,1,0,417.3279160022354,414.2810807455976,0,0
2025-03-22 21:45:00+05:30,414.23159230729095,28.1,74.775,21,5,1,0,415.0099616991646,407.2262186400367,0,0
2025-03-22 22:00:00+05:30,405.7523835704137,28.075,75.075,22,5,1,0,414.23159230729095,401.3872993834127,0,0
2025-03-22 22:15:00+05:30,400.86696231290864,28.05,75.47500000000001,22,5,1,0,405.7523835704137,396.9140909668304,0,0
2025-03-22 22:30:00+05:30,397.99887976140576,28.0,75.875,22,5,1,0,400.86696231290864,396.8455889500557,0,0
2025-03-22 22:45:00+05:30,397.2499407463826,27.95,75.85,22,5,1,0,397.99887976140576,393.8393012636234,0,0
2025-03-22 23:00:00+05:30,394.04267312651626,27.775,76.0,23,5,1,0,397.2499407463826,388.0561288091303,0,0
2025-03-22 23:15:00+05:30,388.2718964219213,27.675,75.975,23,5,1,0,394.04267312651626,382.61337799497744,0,0
2025-03-22 23:30:00+05:30,381.91670671609256,27.55,76.1,23,5,1,0,388.2718964219213,380.25060053818936,0,0
2025-03-22 23:45:00+05:30,378.1901207214989,27.425,76.675,23,5,1,0,381.91670671609256,376.31744648291135,0,0
2025-03-23 00:00:00+05:30,373.0745891151723,27.2,75.2,0,6,1,0,378.1901207214989,373.71398332722185,0,0
2025-03-23 00:15:00+05:30,367.8041247959368,27.066666666666663,76.26666666666667,0,6,1,0,373.0745891151723,365.1296909892851,0,0
2025-03-23 00:30:00+05:30,361.1691134966667,27.066666666666663,77.53333333333333,0,6,1,0,367.8041247959368,360.09722606878,0,0
2025-03-23 00:45:00+05:30,356.8590316765375,27.1,78.13333333333334,0,6,1,0,361.1691134966667,354.9041130746524,0,0
2025-03-23 01:00:00+05:30,352.367042162967,27.133333333333336,79.13333333333333,1,6,1,0,356.8590316765375,351.5900696994254,0,0
2025-03-23 01:15:00+05:30,350.1052894886808,27.100000000000005,79.66666666666667,1,6,1,0,352.367042162967,349.7974509317653,0,0
2025-03-23 01:30:00+05:30,344.29340111107075,27.03333333333333,80.3,1,6,1,0,350.1052894886808,345.63300002603773,0,0
2025-03-23 01:45:00+05:30,341.8233610886604,26.96666666666667,81.43333333333334,1,6,1,0,344.29340111107075,343.5902871725014,0,0
2025-03-23 02:00:00+05:30,338.33692719766367,26.96666666666667,81.63333333333334,2,6,1,0,341.8233610886604,338.1880746982877,0,0
2025-03-23 02:15:00+05:30,334.59291626167646,27.0,82.06666666666668,2,6,1,0,338.33692719766367,335.4505278266538,0,0
2025-03-23 02:30:00+05:30,332.07617177780463,26.96666666666667,82.0,2,6,1,0,334.59291626167646,332.65643559447176,0,0
2025-03-23 02:45:00+05:30,327.85603164058057,26.866666666666664,82.33333333333333,2,6,1,0,332.07617177780463,328.0795688991172,0,0
2025-03-23 03:00:00+05:30,324.33302494172,26.83333333333333,82.53333333333333,3,6,1,0,327.85603164058057,326.061003295672,0,0
2025-03-23 03:15:00+05:30,321.7527510818037,26.83333333333333,81.8,3,6,1,0,324.33302494172,320.9819433477938,0,0
2025-03-23 03:30:00+05:30,319.8768196008534,26.8,81.5,3,6,1,0,321.7527510818037,319.7027103487586,0,0
2025-03-23 03:45:00+05:30,319.08822240862884,26.8,81.56666666666666,3,6,1,0,319.8768196008534,318.3379281155239,0,0
2025-03-23 04:00:00+05:30,317.2025374635322,26.73333333333333,81.3,4,6,1,0,319.08822240862884,315.8832704786944,0,0
2025-03-23 04:15:00+05:30,315.1780125976727,26.633333333333336,81.53333333333332,4,6,1,0,317.2025374635322,314.19424625977683,0,0
2025-03-23 04:30:00+05:30,314.3955452508435,26.566666666666663,82.36666666666667,4,6,1,0,315.1780125976727,313.1801105021085,0,0
2025-03-23 04:45:00+05:30,313.10736392342204,26.433333333333334,83.0,4,6,1,0,314.3955452508435,312.1684051224475,0,0
2025-03-23 05:00:00+05:30,312.8341914724962,26.433333333333334,83.10000000000001,5,6,1,0,313.10736392342204,312.8927739136382,0,0
2025-03-23 05:15:00+05:30,309.7623574098498,26.33333333333333,83.26666666666667,5,6,1,0,312.8341914724962,313.6318521251303,0,0
2025-03-23 05:30:00+05:30,313.0470548351595,26.3,83.46666666666667,5,6,1,0,309.7623574098498,315.0399766743519,0,0
2025-03-23 05:45:00+05:30,313.9395290804575,26.26666666666667,83.89999999999999,5,6,1,0,313.0470548351595,317.8289182581126,0,0
2025-03-23 06:00:00+05:30,316.65620704438584,26.266666666666666,84.10000000000001,6,6,1,0,313.9395290804575,318.21127227277924,0,0
2025-03-23 06:15:00+05:30,319.4706095776598,26.266666666666666,84.36666666666667,6,6,1,0,316.65620704438584,321.5460574986488,0,0
2025-03-23 06:30:00+05:30,316.8339872128158,26.23333333333333,84.7,6,6,1,0,319.4706095776598,326.25158978340505,0,0
2025-03-23 06:45:00+05:30,318.2648781255216,26.3,84.5,6,6,1,0,316.8339872128158,330.7790810941464,0,0
2025-03-23 07:00:00+05:30,320.8372374259392,26.4,84.46666666666667,7,6,1,0,318.2648781255216,339.0803501480212,0,0
2025-03-23 07:15:00+05:30,323.3404258975815,26.63333333333333,84.36666666666666,7,6,1,0,320.8372374259392,346.9211377685699,0,0
2025-03-23 07:30:00+05:30,327.9714161526048,26.9,83.96666666666665,7,6,1,0,323.3404258975815,355.39514231385743,0,0
2025-03-23 07:45:00+05:30,333.03104437496955,27.166666666666668,83.26666666666667,7,6,1,0,327.9714161526048,361.74721893624974,0,0
2025-03-23 08:00:00+05:30,338.4763239924654,27.6,81.66666666666667,8,6,1,0,333.03104437496955,375.60095121099897,0,0
2025-03-23 08:15:00+05:30,344.47710326139514,28.066666666666663,79.73333333333333,8,6,1,0,338.4763239924654,390.2223780265401,0,0
2025-03-23 08:30:00+05:30,354.503463103582,28.433333333333334,78.26666666666667,8,6,1,0,344.47710326139514,402.225229296984,0,0
2025-03-23 08:45:00+05:30,362.0257803717706,28.73333333333333,76.43333333333334,8,6,1,0,354.503463103582,416.0374556394988,0,0
2025-03-23 09:00:00+05:30,365.5495260259168,29.13333333333333,73.33333333333333,9,6,1,1,362.0257803717706,427.4460148540869,0,0
2025-03-23 09:15:00+05:30,371.8707401423451,29.566666666666663,70.06666666666668,9,6,1,1,365.5495260259168,437.1727689114561,0,0
2025-03-23 09:30:00+05:30,376.0625395044458,30.066666666666663,67.13333333333333,9,6,1,1,371.8707401423451,447.3030506187148,0,0
2025-03-23 09:45:00+05:30,380.704643124338,30.366666666666664,65.53333333333335,9,6,1,1,376.0625395044458,456.4844106553388,0,0
2025-03-23 10:00:00+05:30,386.4555276294979,30.96666666666667,62.7,10,6,1,1,380.704643124338,464.9985211144277,0,0
2025-03-23 10:15:00+05:30,393.090703134122,31.366666666666664,60.1,10,6,1,1,386.4555276294979,469.07675311874056,0,0
2025-03-23 10:30:00+05:30,397.6960848068545,31.933333333333337,58.5,10,6,1,1,393.090703134122,470.892272818015,0,0
2025-03-23 10:45:00+05:30,403.4068582865913,32.233333333333334,59.76666666666667,10,6,1,1,397.6960848068545,478.0938885945712,0,0
2025-03-23 11:00:00+05:30,407.6792125649186,32.233333333333334,61.20000000000001,11,6,1,1,403.4068582865913,478.9548745216354,0,0
2025-03-23 11:15:00+05:30,408.2136149974005,32.5,59.833333333333336,11,6,1,1,407.6792125649186,479.38035122183055,0,0
2025-03-23 11:30:00+05:30,409.31031919039134,32.9,56.73333333333334,11,6,1,1,408.2136149974005,475.59132217677086,0,0
2025-03-23 11:45:00+05:30,411.2496100281999,33.233333333333334,56.03333333333334,11,6,1,1,409.31031919039134,476.6010441398664,0,0
2025-03-23 12:00:00+05:30,410.7079767123846,33.53333333333333,54.333333333333336,12,6,1,1,411.2496100281999,478.16018769130267,0,0
2025-03-23 12:15:00+05:30,401.2912684889152,33.53333333333333,57.76666666666667,12,6,1,1,410.7079767123846,475.5412762008205,0,0
2025-03-23 12:30:00+05:30,412.7285095705615,33.333333333333336,57.4,12,6,1,1,401.2912684889152,474.3204774408869,0,0
2025-03-23 12:45:00+05:30,412.99234795655786,33.5,56.79999999999999,12,6,1,1,412.7285095705615,471.656798980328,0,0
2025-03-23 13:00:00+05:30,412.351981631691,33.46666666666666,55.93333333333334,13,6,1,1,412.99234795655786,467.5144907511694,0,0
2025-03-23 13:15:00+05:30,411.30113982794313,33.53333333333333,55.63333333333333,13,6,1,1,412.351981631691,468.3176615288916,0,0
2025-03-23 13:30:00+05:30,409.5425097335897,33.7,54.43333333333334,13,6,1,1,411.30113982794313,468.61060157371577,0,0
2025-03-23 13:45:00+05:30,411.3353847443772,33.86666666666667,53.7,13,6,1,1,409.5425097335897,469.130791073385,0,0
2025-03-23 14:00:00+05:30,411.2912433818413,33.86666666666667,52.86666666666667,14,6,1,1,411.3353847443772,470.8452899076226,0,0
2025-03-23 14:15:00+05:30,412.9268693106805,33.6,52.4,14,6,1,1,411.2912433818413,474.60023478791055,0,0
2025-03-23 14:30:00+05:30,408.4690657366653,33.76666666666667,51.366666666666674,14,6,1,1,412.9268693106805,473.8857160779546,0,0
2025-03-23 14:45:00+05:30,407.3391949750137,33.53333333333333,51.1,14,6,1,1,408.4690657366653,471.01807625683,0,0
2025-03-23 15:00:00+05:30,405.7394242192176,33.5,51.0,15,6,1,1,407.3391949750137,471.65513614552026,0,0
2025-03-23 15:15:00+05:30,405.1478579411862,33.46666666666667,50.36666666666667,15,6,1,1,405.7394242192176,471.1710406635282,0,0
2025-03-23 15:30:00+05:30,410.3307186186537,33.36666666666667,51.46666666666666,15,6,1,1,405.1478579411862,472.6472165856328,0,0
2025-03-23 15:45:00+05:30,411.79461614588377,33.26666666666667,51.833333333333336,15,6,1,1,410.3307186186537,470.3487289309419,0,0
2025-03-23 16:00:00+05:30,408.8614316723167,33.56666666666667,50.86666666666667,16,6,1,1,411.79461614588377,470.4213513471205,0,0
2025-03-23 16:15:00+05:30,406.2423283483749,34.0,51.03333333333334,16,6,1,1,408.8614316723167,467.2305557833336,0,0
2025-03-23 16:30:00+05:30,402.54295389226,33.666666666666664,52.833333333333336,16,6,1,1,406.2423283483749,466.2584442589624,0,0
2025-03-23 16:45:00+05:30,400.4855205091106,33.5,52.63333333333333,16,6,1,1,402.54295389226,462.292704729995,0,0
2025-03-23 17:00:00+05:30,399.9244214727903,33.36666666666667,54.46666666666667,17,6,1,1,400.4855205091106,461.5975919540341,0,0
2025-03-23 17:15:00+05:30,397.2837297842775,32.800000000000004,57.0,17,6,1,1,399.9244214727903,458.9470940760892,0,0
2025-03-23 17:30:00+05:30,396.5642032539804,32.23333333333334,59.333333333333336,17,6,1,1,397.2837297842775,454.99679866710864,0,0
2025-03-23 17:45:00+05:30,392.162556627964,31.83333333333333,60.53333333333333,17,6,1,1,396.5642032539804,451.30586639515934,0,0
2025-03-23 18:00:00+05:30,395.8340265621077,31.5,61.333333333333336,18,6,1,0,392.162556627964,451.5192938742631,0,0
2025-03-23 18:15:00+05:30,397.3746597247093,31.03333333333333,63.16666666666666,18,6,1,0,395.8340265621077,447.2375412648304,0,0
2025-03-23 18:30:00+05:30,400.4689607980487,30.4,65.7,18,6,1,0,397.3746597247093,446.1231572179972,0,0
2025-03-23 18:45:00+05:30,403.9866789678612,30.166666666666668,67.03333333333335,18,6,1,0,400.4689607980487,445.9937767481537,0,0
2025-03-23 19:00:00+05:30,404.61292027232497,29.933333333333334,68.03333333333333,19,6,1,0,403.9866789678612,443.4094796002066,0,0
2025-03-23 19:15:00+05:30,405.38932285513465,29.766666666666666,69.10000000000001,19,6,1,0,404.61292027232497,442.3682092921024,0,0
2025-03-23 19:30:00+05:30,406.0312083468161,29.7,69.63333333333334,19,6,1,0,405.38932285513465,439.52997473695655,0,0
2025-03-23 19:45:00+05:30,406.13254210248687,29.53333333333333,70.43333333333334,19,6,1,0,406.0312083468161,433.3627671173402,0,0
2025-03-23 20:00:00+05:30,407.63290137331694,29.433333333333334,71.10000000000001,20,6,1,0,406.13254210248687,429.46331926993554,0,0
2025-03-23 20:15:00+05:30,408.2188795898393,29.3,71.73333333333333,20,6,1,0,407.63290137331694,425.3910734998088,0,0
2025-03-23 20:30:00+05:30,403.8924823067853,29.3,71.86666666666667,20,6,1,0,408.2188795898393,420.8461674142192,0,0
2025-03-23 20:45:00+05:30,403.24221952362456,29.3,72.10000000000001,20,6,1,0,403.8924823067853,417.9263580250509,0,0
2025-03-23 21:00:00+05:30,400.5471018723069,29.3,71.83333333333333,21,6,1,0,403.24221952362456,418.5936780195741,0,0
2025-03-23 21:15:00+05:30,401.42002025534936,29.2,71.76666666666667,21,6,1,0,400.5471018723069,417.3279160022354,0,0
2025-03-23 21:30:00+05:30,400.6922756788227,29.133333333333336,71.83333333333334,21,6,1,0,401.42002025534936,415.0099616991646,0,0
2025-03-23 21:45:00+05:30,400.3754786488723,29.066666666666663,72.1,21,6,1,0,400.6922756788227,414.23159230729095,0,0
2025-03-23 22:00:00+05:30,396.1447932487403,28.83333333333333,72.6,22,6,1,0,400.3754786488723,405.7523835704137,0,0
2025-03-23 22:15:00+05:30,392.8658573664371,28.53333333333333,74.60000000000001,22,6,1,0,396.1447932487403,400.86696231290864,0,0
2025-03-23 22:30:00+05:30,391.7243355718401,28.5,75.33333333333333,22,6,1,0,392.8658573664371,397.99887976140576,0,0
2025-03-23 22:45:00+05:30,389.0819660366767,28.433333333333337,74.6,22,6,1,0,391.7243355718401,397.2499407463826,0,0
2025-03-23 23:00:00+05:30,383.3053848139627,28.5,74.03333333333333,23,6,1,0,389.0819660366767,394.04267312651626,0,0
2025-03-23 23:15:00+05:30,380.6335091050526,28.366666666666664,74.1,23,6,1,0,383.3053848139627,388.2718964219213,0,0
2025-03-23 23:30:00+05:30,377.1218655326615,28.23333333333333,72.96666666666667,23,6,1,0,380.6335091050526,381.91670671609256,0,0
2025-03-23 23:45:00+05:30,374.5020282225561,28.166666666666668,73.1,23,6,1,0,377.1218655326615,378.1901207214989,0,0
2025-03-24 00:00:00+05:30,367.3034005097351,28.125,75.075,0,0,0,0,374.5020282225561,373.0745891151723,0,0
2025-03-24 00:15:00+05:30,361.4441771372302,28.075,75.4,0,0,0,0,367.3034005097351,367.8041247959368,0,0
2025-03-24 00:30:00+05:30,355.55795949680305,27.95,76.125,0,0,0,0,361.4441771372302,361.1691134966667,0,0
2025-03-24 00:45:00+05:30,350.9323451857778,27.975,76.825,0,0,0,0,355.55795949680305,356.8590316765375,0,0
2025-03-24 01:00:00+05:30,347.2339564787524,27.875,77.825,1,0,0,0,350.9323451857778,352.367042162967,0,0
2025-03-24 01:15:00+05:30,341.3615074287466,27.775,78.625,1,0,0,0,347.2339564787524,350.1052894886808,0,0
2025-03-24 01:30:00+05:30,336.13332337114,27.725,79.2,1,0,0,0,341.3615074287466,344.29340111107075,0,0
2025-03-24 01:45:00+05:30,333.3350023656978,27.675,79.55,1,0,0,0,336.13332337114,341.8233610886604,0,0
2025-03-24 02:00:00+05:30,332.7946381352376,27.625,80.075,2,0,0,0,333.3350023656978,338.33692719766367,0,0
2025-03-24 02:15:00+05:30,328.6727555276896,27.625,80.125,2,0,0,0,332.7946381352376,334.59291626167646,0,0
2025-03-24 02:30:00+05:30,325.37946606589804,27.5,80.625,2,0,0,0,328.6727555276896,332.07617177780463,0,0
2025-03-24 02:45:00+05:30,323.2011161902658,27.45,81.05,2,0,0,0,325.37946606589804,327.85603164058057,0,0
2025-03-24 03:00:00+05:30,320.42656311939885,27.475,80.95,3,0,0,0,323.2011161902658,324.33302494172,0,0
2025-03-24 03:15:00+05:30,316.9876102222884,27.475,81.0,3,0,0,0,320.42656311939885,321.7527510818037,0,0
2025-03-24 03:30:00+05:30,315.2664715960601,27.3,81.625,3,0,0,0,316.9876102222884,319.8768196008534,0,0
2025-03-24 03:45:00+05:30,313.1242867464464,27.225,81.925,3,0,0,0,315.2664715960601,319.08822240862884,0,0
2025-03-24 04:00:00+05:30,312.2335270035058,27.15,82.15,4,0,0,0,313.1242867464464,317.2025374635322,0,0
2025-03-24 04:15:00+05:30,311.0778993122692,27.125,82.15,4,0,0,0,312.2335270035058,315.1780125976727,0,0
2025-03-24 04:30:00+05:30,312.72656795303993,27.1,82.475,4,0,0,0,311.0778993122692,314.3955452508435,0,0
2025-03-24 04:45:00+05:30,312.73390359064405,27.05,82.75,4,0,0,0,312.72656795303993,313.10736392342204,0,0
2025-03-24 05:00:00+05:30,312.6943564472588,27.075,82.375,5,0,0,0,312.73390359064405,312.8341914724962,0,0
2025-03-24 05:15:00+05:30,314.6181976547712,27.075,82.525,5,0,0,0,312.6943564472588,309.7623574098498,0,0
2025-03-24 05:30:00+05:30,321.3231619335645,26.925,82.975,5,0,0,0,314.6181976547712,313.0470548351595,0,0
2025-03-24 05:45:00+05:30,323.9393439119518,26.9,83.9,5,0,0,0,321.3231619335645,313.9395290804575,0,0
2025-03-24 06:00:00+05:30,334.13510860531943,26.9,84.025,6,0,0,0,323.9393439119518,316.65620704438584,0,0
2025-03-24 06:15:00+05:30,343.2168293698194,26.875,84.175,6,0,0,0,334.13510860531943,319.4706095776598,0,0
2025-03-24 06:30:00+05:30,354.2235700167519,26.825,84.15,6,0,0,0,343.2168293698194,316.8339872128158,0,0
2025-03-24 06:45:00+05:30,366.5419291166289,26.9,84.575,6,0,0,0,354.2235700167519,318.2648781255216,0,0
2025-03-24 07:00:00+05:30,380.2899772667821,27.05,84.375,7,0,0,0,366.5419291166289,320.8372374259392,0,0
2025-03-24 07:15:00+05:30,394.8547612188219,27.325,83.85,7,0,0,0,380.2899772667821,323.3404258975815,0,0
2025-03-24 07:30:00+05:30,413.1037190990174,27.65,82.6,7,0,0,0,394.8547612188219,327.9714161526048,0,0
2025-03-24 07:45:00+05:30,431.79702998374313,28.025,81.275,7,0,0,0,413.1037190990174,333.03104437496955,0,0
2025-03-24 08:00:00+05:30,455.331494882196,28.35,79.95,8,0,0,0,431.79702998374313,338.4763239924654,0,0
2025-03-24 08:15:00+05:30,478.248001919746,28.65,78.325,8,0,0,0,455.331494882196,344.47710326139514,0,0
2025-03-24 08:30:00+05:30,495.6991169513455,28.95,77.125,8,0,0,0,478.248001919746,354.503463103582,0,0
2025-03-24 08:45:00+05:30,512.3969290657973,29.225,76.05,8,0,0,0,495.6991169513455,362.0257803717706,0,0
2025-03-24 09:00:00+05:30,526.6628036023977,29.525,74.8,9,0,0,1,512.3969290657973,365.5495260259168,0,0
2025-03-24 09:15:00+05:30,540.5660408628805,30.025,73.15,9,0,0,1,526.6628036023977,371.8707401423451,0,0
2025-03-24 09:30:00+05:30,552.5075526810201,30.45,71.15,9,0,0,1,540.5660408628805,376.0625395044458,0,0
2025-03-24 09:45:00+05:30,563.0932478757538,31.125,68.55,9,0,0,1,552.5075526810201,380.704643124338,0,0
2025-03-24 10:00:00+05:30,569.9638247208331,31.4,67.775,10,0,0,1,563.0932478757538,386.4555276294979,0,0
2025-03-24 10:15:00+05:30,577.0675255110942,31.825,66.1,10,0,0,1,569.9638247208331,393.090703134122,0,0
2025-03-24 10:30:00+05:30,581.6712408523263,32.175,65.5,10,0,0,1,577.0675255110942,397.6960848068545,0,0
2025-03-24 10:45:00+05:30,585.4026476841171,32.3,65.15,10,0,0,1,581.6712408523263,403.4068582865913,0,0
2025-03-24 11:00:00+05:30,589.1066873343373,32.03333333,66.73333333,11,0,0,1,585.4026476841171,407.6792125649186,0,0
2025-03-24 11:15:00+05:30,588.0800622639902,32.875,63.725,11,0,0,1,589.1066873343373,408.2136149974005,0,0
2025-03-24 11:30:00+05:30,583.6557595942777,33.275,61.925,11,0,0,1,588.0800622639902,409.31031919039134,0,0
2025-03-24 11:45:00+05:30,581.4128094511364,33.475,60.875,11,0,0,1,583.6557595942777,411.2496100281999,0,0
2025-03-24 12:00:00+05:30,588.5384871804952,33.55,60.85,12,0,0,1,581.4128094511364,410.7079767123846,0,0
2025-03-24 12:15:00+05:30,587.6828664916187,33.75,60.95,12,0,0,1,588.5384871804952,401.2912684889152,0,0
2025-03-24 12:30:00+05:30,589.912775811905,33.85,60.975,12,0,0,1,587.6828664916187,412.7285095705615,0,0
2025-03-24 12:45:00+05:30,589.8529637031326,33.75,61.3,12,0,0,1,589.912775811905,412.99234795655786,0,0
2025-03-24 13:00:00+05:30,584.2988816898818,33.825,60.825,13,0,0,1,589.8529637031326,412.351981631691,0,0
2025-03-24 13:15:00+05:30,582.8277392040578,33.65,60.45,13,0,0,1,584.2988816898818,411.30113982794313,0,0
2025-03-24 13:30:00+05:30,582.4629803671058,33.7,59.775,13,0,0,1,582.8277392040578,409.5425097335897,0,0
2025-03-24 13:45:00+05:30,585.5319161279185,33.825,59.55,13,0,0,1,582.4629803671058,411.3353847443772,0,0
2025-03-24 14:00:00+05:30,590.1612209460706,34.0,58.325,14,0,0,1,585.5319161279185,411.2912433818413,0,0
2025-03-24 14:15:00+05:30,591.8257839864559,33.65,59.05,14,0,0,1,590.1612209460706,412.9268693106805,0,0
2025-03-24 14:30:00+05:30,591.3573263435621,33.65,58.1,14,0,0,1,591.8257839864559,408.4690657366653,0,0
2025-03-24 14:45:00+05:30,593.2012678147958,33.575,58.725,14,0,0,1,591.3573263435621,407.3391949750137,0,0
2025-03-24 15:00:00+05:30,591.935205895996,33.525,59.275,15,0,0,1,593.2012678147958,405.7394242192176,0,0
2025-03-24 15:15:00+05:30,591.3516774150465,33.225,60.275,15,0,0,1,591.935205895996,405.1478579411862,0,0
2025-03-24 15:30:00+05:30,590.8118075436971,33.225,60.575,15,0,0,1,591.3516774150465,410.3307186186537,0,0
2025-03-24 15:45:00+05:30,587.0455546392337,32.95,61.125,15,0,0,1,590.8118075436971,411.79461614588377,0,0
2025-03-24 16:00:00+05:30,583.8885808029822,33.2,59.35,16,0,0,1,587.0455546392337,408.8614316723167,0,0
2025-03-24 16:15:00+05:30,580.3091126209831,33.225,58.85,16,0,0,1,583.8885808029822,406.2423283483749,0,0
2025-03-24 16:30:00+05:30,576.3000708931048,33.2,57.45,16,0,0,1,580.3091126209831,402.54295389226,0,0
2025-03-24 16:45:00+05:30,570.4032218764424,33.15,57.05,16,0,0,1,576.3000708931048,400.4855205091106,0,0
2025-03-24 17:00:00+05:30,565.0057801890805,33.125,56.8,17,0,0,1,570.4032218764424,399.9244214727903,0,0
2025-03-24 17:15:00+05:30,557.5179282372455,32.675,58.2,17,0,0,1,565.0057801890805,397.2837297842775,0,0
2025-03-24 17:30:00+05:30,547.9726263188145,32.225,59.0,17,0,0,1,557.5179282372455,396.5642032539804,0,0
2025-03-24 17:45:00+05:30,539.9238792747573,31.775,59.9,17,0,0,1,547.9726263188145,392.162556627964,0,0
2025-03-24 18:00:00+05:30,530.6131184810788,31.175,61.85,18,0,0,0,539.9238792747573,395.8340265621077,0,0
2025-03-24 18:15:00+05:30,519.9225793467108,30.575,63.175,18,0,0,0,530.6131184810788,397.3746597247093,0,0
2025-03-24 18:30:00+05:30,516.4503945253615,30.225,64.15,18,0,0,0,519.9225793467108,400.4689607980487,0,0
2025-03-24 18:45:00+05:30,512.1933336920921,30.0,64.85,18,0,0,0,516.4503945253615,403.9866789678612,0,0
2025-03-24 19:00:00+05:30,505.40715776837936,29.875,65.05,19,0,0,0,512.1933336920921,404.61292027232497,0,0
2025-03-24 19:15:00+05:30,496.7447825211137,29.725,65.575,19,0,0,0,505.40715776837936,405.38932285513465,0,0
2025-03-24 19:30:00+05:30,487.634812831193,29.675,65.75,19,0,0,0,496.7447825211137,406.0312083468161,0,0
2025-03-24 19:45:00+05:30,479.7035409817435,29.575,66.325,19,0,0,0,487.634812831193,406.13254210248687,0,0
2025-03-24 20:00:00+05:30,471.6937404969911,29.575,66.075,20,0,0,0,479.7035409817435,407.63290137331694,0,0
2025-03-24 20:15:00+05:30,466.0290816258342,29.6,65.975,20,0,0,0,471.6937404969911,408.2188795898393,0,0
2025-03-24 20:30:00+05:30,459.05673936550784,29.575,66.15,20,0,0,0,466.0290816258342,403.8924823067853,0,0
2025-03-24 20:45:00+05:30,454.6198480042603,29.575,65.75,20,0,0,0,459.05673936550784,403.24221952362456,0,0
2025-03-24 21:00:00+05:30,448.8078745958503,29.55,65.375,21,0,0,0,454.6198480042603,400.5471018723069,0,0
2025-03-24 21:15:00+05:30,444.1329712241319,29.375,66.275,21,0,0,0,448.8078745958503,401.42002025534936,0,0
2025-03-24 21:30:00+05:30,438.7115438503873,29.25,65.95,21,0,0,0,444.1329712241319,400.6922756788227,0,0
2025-03-24 21:45:00+05:30,433.6608608672182,29.175,65.7,21,0,0,0,438.7115438503873,400.3754786488723,0,0
2025-03-24 22:00:00+05:30,426.8435905429832,29.075,65.65,22,0,0,0,433.6608608672182,396.1447932487403,0,0
2025-03-24 22:15:00+05:30,422.68282220283214,28.975,65.8,22,0,0,0,426.8435905429832,392.8658573664371,0,0
2025-03-24 22:30:00+05:30,420.7595894844985,28.875,66.025,22,0,0,0,422.68282220283214,391.7243355718401,0,0
2025-03-24 22:45:00+05:30,415.9551713574645,28.75,66.4,22,0,0,0,420.7595894844985,389.0819660366767,0,0
2025-03-24 23:00:00+05:30,410.3888757021368,28.7,66.85,23,0,0,0,415.9551713574645,383.3053848139627,0,0
2025-03-24 23:15:00+05:30,404.9604789888863,28.55,67.225,23,0,0,0,410.3888757021368,380.6335091050526,0,0
2025-03-24 23:30:00+05:30,399.6049411311588,28.55,67.925,23,0,0,0,404.9604789888863,377.1218655326615,0,0
2025-03-24 23:45:00+05:30,393.3786478671971,28.45,68.125,23,0,0,0,399.6049411311588,374.5020282225561,0,0
2025-03-25 00:00:00+05:30,387.8193342021353,28.4,67.95,0,1,0,0,393.3786478671971,367.3034005097351,0,0
2025-03-25 00:15:00+05:30,381.51464629103015,28.35,68.05,0,1,0,0,387.8193342021353,361.4441771372302,0,0
2025-03-25 00:30:00+05:30,374.3278366148031,28.225,68.0,0,1,0,0,381.51464629103015,355.55795949680305,0,0
2025-03-25 00:45:00+05:30,371.0320823673777,28.075,68.825,0,1,0,0,374.3278366148031,350.9323451857778,0,0
2025-03-25 01:00:00+05:30,367.7701018045525,27.925,70.025,1,1,0,0,371.0320823673777,347.2339564787524,0,0
2025-03-25 01:15:00+05:30,362.7658203435465,27.75,70.375,1,1,0,0,367.7701018045525,341.3615074287466,0,0
2025-03-25 01:30:00+05:30,358.85731529294003,27.65,70.525,1,1,0,0,362.7658203435465,336.13332337114,0,0
2025-03-25 01:45:00+05:30,354.4772595988979,27.625,70.925,1,1,0,0,358.85731529294003,333.3350023656978,0,0
2025-03-25 02:00:00+05:30,351.52085359803766,27.525,70.375,2,1,0,0,354.4772595988979,332.7946381352376,0,0
2025-03-25 02:15:00+05:30,346.4855216682895,27.425,71.35,2,1,0,0,351.52085359803766,328.6727555276896,0,0
2025-03-25 02:30:00+05:30,343.831733838898,27.375,71.525,2,1,0,0,346.4855216682895,325.37946606589804,0,0
2025-03-25 02:45:00+05:30,339.7343250948659,27.175,72.225,2,1,0,0,343.831733838898,323.2011161902658,0,0
2025-03-25 03:00:00+05:30,334.9406292467989,27.125,72.15,3,1,0,0,339.7343250948659,320.42656311939885,0,0
2025-03-25 03:15:00+05:30,334.4742660010884,27.1,72.175,3,1,0,0,334.9406292467989,316.9876102222884,0,0
2025-03-25 03:30:00+05:30,333.9214680276602,27.1,72.05,3,1,0,0,334.4742660010884,315.2664715960601,0,0
2025-03-25 03:45:00+05:30,330.7933766508464,27.0,72.45,3,1,0,0,333.9214680276602,313.1242867464464,0,0
2025-03-25 04:00:00+05:30,331.25901168970574,26.95,72.9,4,1,0,0,330.7933766508464,312.2335270035058,0,0
2025-03-25 04:15:00+05:30,329.43381115386927,26.8,73.05,4,1,0,0,331.25901168970574,311.0778993122692,0,0
2025-03-25 04:30:00+05:30,326.7871703398399,26.75,73.225,4,1,0,0,329.43381115386927,312.72656795303993,0,0
2025-03-25 04:45:00+05:30,325.6710102564439,26.575,74.175,4,1,0,0,326.7871703398399,312.73390359064405,0,0
2025-03-25 05:00:00+05:30,327.5809819064589,26.5,74.125,5,1,0,0,325.6710102564439,312.6943564472588,0,0
2025-03-25 05:15:00+05:30,328.8871919705711,26.475,74.575,5,1,0,0,327.5809819064589,314.6181976547712,0,0
2025-03-25 05:30:00+05:30,333.2676514871646,26.55,74.05,5,1,0,0,328.8871919705711,321.3231619335645,0,0
2025-03-25 05:45:00+05:30,339.5590314437518,26.55,73.75,5,1,0,0,333.2676514871646,323.9393439119518,0,0
2025-03-25 06:00:00+05:30,346.83429287071937,26.5,73.95,6,1,0,0,339.5590314437518,334.13510860531943,0,0
2025-03-25 06:15:00+05:30,353.1397535252194,26.5,74.875,6,1,0,0,346.83429287071937,343.2168293698194,0,0
2025-03-25 06:30:00+05:30,361.1785849805521,26.65,74.8,6,1,0,0,353.1397535252194,354.2235700167519,0,0
2025-03-25 06:45:00+05:30,370.6043772762289,26.8,75.075,6,1,0,0,361.1785849805521,366.5419291166289,0,0
2025-03-25 07:00:00+05:30,383.33844878658215,27.05,75.375,7,1,0,0,370.6043772762289,380.2899772667821,0,0
2025-03-25 07:15:00+05:30,397.3000267924219,27.3,74.7,7,1,0,0,383.33844878658215,394.8547612188219,0,0
2025-03-25 07:30:00+05:30,414.9121702124175,27.625,74.15,7,1,0,0,397.3000267924219,413.1037190990174,0,0
2025-03-25 07:45:00+05:30,431.0948365101431,28.075,73.025,7,1,0,0,414.9121702124175,431.79702998374313,0,0
2025-03-25 08:00:00+05:30,451.2148742367961,28.475,72.5,8,1,0,0,431.0948365101431,455.331494882196,0,0
2025-03-25 08:15:00+05:30,473.32947955474594,28.9,71.825,8,1,0,0,451.2148742367961,478.248001919746,0,0
2025-03-25 08:30:00+05:30,489.173304094545,29.3,70.95,8,1,0,0,473.32947955474594,495.6991169513455,0,0
2025-03-25 08:45:00+05:30,507.0230384957972,29.575,69.725,8,1,0,0,489.173304094545,512.3969290657973,0,0
2025-03-25 09:00:00+05:30,519.1787205299977,30.0,68.2,9,1,0,1,507.0230384957972,526.6628036023977,0,0
2025-03-25 09:15:00+05:30,533.0625071344805,30.35,66.225,9,1,0,1,519.1787205299977,540.5660408628805,0,0
2025-03-25 09:30:00+05:30,545.8406618186201,30.825,63.85,9,1,0,1,533.0625071344805,552.5075526810201,0,0
2025-03-25 09:45:00+05:30,553.961109870354,31.225,61.475,9,1,0,1,545.8406618186201,563.0932478757538,0,0
2025-03-25 10:00:00+05:30,559.1219326166331,31.75,60.0,10,1,0,1,553.961109870354,569.9638247208331,0,0
2025-03-25 10:15:00+05:30,565.8319645032944,31.925,60.85,10,1,0,1,559.1219326166331,577.0675255110942,0,0
2025-03-25 10:30:00+05:30,571.9425891527262,31.925,60.85,10,1,0,1,565.8319645032944,581.6712408523263,0,0
2025-03-25 10:45:00+05:30,570.8701682147172,32.5,60.075,10,1,0,1,571.9425891527262,585.4026476841171,0,0
2025-03-25 11:00:00+05:30,574.1482645161373,32.75,59.05,11,1,0,1,570.8701682147172,589.1066873343373,0,0
2025-03-25 11:15:00+05:30,578.9134135041901,32.95,59.825,11,1,0,1,574.1482645161373,588.0800622639902,0,0
2025-03-25 11:30:00+05:30,579.0831449594779,33.2,59.375,11,1,0,1,578.9134135041901,583.6557595942777,0,0
2025-03-25 11:45:00+05:30,578.2471691815365,33.2,58.85,11,1,0,1,579.0831449594779,581.4128094511364,0,0
2025-03-25 12:00:00+05:30,583.3624977452951,33.325,58.45,12,1,0,1,578.2471691815365,588.5384871804952,0,0
2025-03-25 12:15:00+05:30,583.6702316334188,33.7,58.3,12,1,0,1,583.3624977452951,587.6828664916187,0,0
2025-03-25 12:30:00+05:30,583.592223470905,33.55,59.15,12,1,0,1,583.6702316334188,589.912775811905,0,0
2025-03-25 12:45:00+05:30,581.5114676919328,33.85,58.45,12,1,0,1,583.592223470905,589.8529637031326,0,0
2025-03-25 13:00:00+05:30,577.0721710194815,33.725,58.625,13,1,0,1,581.5114676919328,584.2988816898818,0,0
2025-03-25 13:15:00+05:30,575.7988141446577,33.7,59.325,13,1,0,1,577.0721710194815,582.8277392040578,0,0
2025-03-25 13:30:00+05:30,576.0203105589057,33.55,59.85,13,1,0,1,575.7988141446577,582.4629803671058,0,0
2025-03-25 13:45:00+05:30,578.5614122389186,33.525,59.85,13,1,0,1,576.0203105589057,585.5319161279185,0,0
2025-03-25 14:00:00+05:30,584.4994408442705,33.75,59.15,14,1,0,1,578.5614122389186,590.1612209460706,0,0
2025-03-25 14:15:00+05:30,587.473277512056,33.775,57.75,14,1,0,1,584.4994408442705,591.8257839864559,0,0
2025-03-25 14:30:00+05:30,590.2391504217621,33.65,58.0,14,1,0,1,587.473277512056,591.3573263435621,0,0
2025-03-25 14:45:00+05:30,590.585499695196,33.6,57.775,14,1,0,1,590.2391504217621,593.2012678147958,0,0
2025-03-25 15:00:00+05:30,590.2700552803959,33.425,58.225,15,1,0,1,590.585499695196,591.935205895996,0,0
2025-03-25 15:15:00+05:30,593.2298274000469,33.2,58.025,15,1,0,1,590.2700552803959,591.3516774150465,0,0
2025-03-25 15:30:00+05:30,592.473860969297,33.0,58.525,15,1,0,1,593.2298274000469,590.8118075436971,0,0
2025-03-25 15:45:00+05:30,588.2175569400334,32.925,58.6,15,1,0,1,592.473860969297,587.0455546392337,0,0
2025-03-25 16:00:00+05:30,589.6017398313821,33.15,57.45,16,1,0,1,588.2175569400334,583.8885808029822,0,0
2025-03-25 16:15:00+05:30,582.9513285321834,33.25,56.8,16,1,0,1,589.6017398313821,580.3091126209831,0,0
2025-03-25 16:30:00+05:30,576.6987118665047,33.1,57.4,16,1,0,1,582.9513285321834,576.3000708931048,0,0
2025-03-25 16:45:00+05:30,570.5386482578424,33.15,56.475,16,1,0,1,576.6987118665047,570.4032218764424,0,0
2025-03-25 17:00:00+05:30,564.7796950432805,32.85,57.55,17,1,0,1,570.5386482578424,565.0057801890805,0,0
2025-03-25 17:15:00+05:30,560.2913284968456,32.375,58.4,17,1,0,1,564.7796950432805,557.5179282372455,0,0
2025-03-25 17:30:00+05:30,548.4937784722146,32.0,60.5,17,1,0,1,560.2913284968456,547.9726263188145,0,0
2025-03-25 17:45:00+05:30,540.5216071683574,31.55,61.85,17,1,0,1,548.4937784722146,539.9238792747573,0,0
2025-03-25 18:00:00+05:30,530.3786591416789,30.775,64.825,18,1,0,0,540.5216071683574,530.6131184810788,0,0
2025-03-25 18:15:00+05:30,521.9525451889108,30.35,66.725,18,1,0,0,530.3786591416789,519.9225793467108,0,0
2025-03-25 18:30:00+05:30,518.6752744449615,29.9,68.875,18,1,0,0,521.9525451889108,516.4503945253615,0,0
2025-03-25 18:45:00+05:30,513.2982804088922,29.725,70.325,18,1,0,0,518.6752744449615,512.1933336920921,0,0
2025-03-25 19:00:00+05:30,506.56351032497935,29.575,71.25,19,1,0,0,513.2982804088922,505.40715776837936,0,0
2025-03-25 19:15:00+05:30,498.6916960143137,29.425,72.425,19,1,0,0,506.56351032497935,496.7447825211137,0,0
2025-03-25 19:30:00+05:30,492.088493592393,29.325,73.025,19,1,0,0,498.6916960143137,487.634812831193,0,0
2025-03-25 19:45:00+05:30,485.9817378443435,29.275,73.65,19,1,0,0,492.088493592393,479.7035409817435,0,0
2025-03-25 20:00:00+05:30,475.0885685943912,29.1,74.65,20,1,0,0,485.9817378443435,471.6937404969911,0,0
2025-03-25 20:15:00+05:30,468.4983751396343,29.025,74.925,20,1,0,0,475.0885685943912,466.0290816258342,0,0
2025-03-25 20:30:00+05:30,461.26983774910775,28.975,75.575,20,1,0,0,468.4983751396343,459.05673936550784,0,0
2025-03-25 20:45:00+05:30,457.4034291028603,28.95,76.025,20,1,0,0,461.26983774910775,454.6198480042603,0,0
2025-03-25 21:00:00+05:30,451.2069027434503,28.875,76.525,21,1,0,0,457.4034291028603,448.8078745958503,0,0
2025-03-25 21:15:00+05:30,445.478319543532,28.825,76.9,21,1,0,0,451.2069027434503,444.1329712241319,0,0
2025-03-25 21:30:00+05:30,442.6452971777875,28.825,77.125,21,1,0,0,445.478319543532,438.7115438503873,0,0
2025-03-25 21:45:00+05:30,436.5559379524185,28.65,77.775,21,1,0,0,442.6452971777875,433.6608608672182,0,0
2025-03-25 22:00:00+05:30,432.1162146913833,28.65,77.975,22,1,0,0,436.5559379524185,426.8435905429832,0,0
2025-03-25 22:15:00+05:30,427.58329042243207,28.575,78.4,22,1,0,0,432.1162146913833,422.68282220283214,0,0
2025-03-25 22:30:00+05:30,424.3318127014985,28.425,79.075,22,1,0,0,427.58329042243207,420.7595894844985,0,0
2025-03-25 22:45:00+05:30,421.84040358466456,28.4,79.275,22,1,0,0,424.3318127014985,415.9551713574645,0,0
2025-03-25 23:00:00+05:30,414.6959327145367,28.35,79.55,23,1,0,0,421.84040358466456,410.3888757021368,0,0
2025-03-25 23:15:00+05:30,408.4495618350864,28.25,80.375,23,1,0,0,414.6959327145367,404.9604789888863,0,0
2025-03-25 23:30:00+05:30,403.8655390949589,28.125,80.175,23,1,0,0,408.4495618350864,399.6049411311588,0,0
2025-03-25 23:45:00+05:30,399.92971328759705,28.075,80.125,23,1,0,0,403.8655390949589,393.3786478671971,0,0
2025-03-26 00:00:00+05:30,395.0034536900153,27.975,80.30000000000001,0,2,0,0,399.92971328759705,387.8193342021353,0,0
2025-03-26 00:15:00+05:30,388.4667874055159,27.975,80.45,0,2,0,0,395.0034536900153,381.51464629103015,0,0
2025-03-26 00:30:00+05:30,381.2722870268343,27.875,80.85,0,2,0,0,388.4667874055159,374.3278366148031,0,0
2025-03-26 00:45:00+05:30,374.1072912181007,27.825,80.94999999999999,0,2,0,0,381.2722870268343,371.0320823673777,0,0
2025-03-26 01:00:00+05:30,368.6280918218815,27.725,81.525,1,2,0,0,374.1072912181007,367.7701018045525,0,0
2025-03-26 01:15:00+05:30,365.1367517794656,27.65,81.65,1,2,0,0,368.6280918218815,362.7658203435465,0,0
2025-03-26 01:30:00+05:30,360.5015880418469,27.65,82.225,1,2,0,0,365.1367517794656,358.85731529294003,0,0
2025-03-26 01:45:00+05:30,355.8297004325792,27.6,82.525,1,2,0,0,360.5015880418469,354.4772595988979,0,0
2025-03-26 02:00:00+05:30,352.40987019860376,27.55,83.025,2,2,0,0,355.8297004325792,351.52085359803766,0,0
2025-03-26 02:15:00+05:30,346.2937238622037,27.5,83.225,2,2,0,0,352.40987019860376,346.4855216682895,0,0
2025-03-26 02:30:00+05:30,343.4689181049019,27.450000000000003,83.275,2,2,0,0,346.2937238622037,343.831733838898,0,0
2025-03-26 02:45:00+05:30,341.7513914214247,27.425,82.975,2,2,0,0,343.4689181049019,339.7343250948659,0,0
2025-03-26 03:00:00+05:30,338.0745854294318,27.425,82.92500000000001,3,2,0,0,341.7513914214247,334.9406292467989,0,0
2025-03-26 03:15:00+05:30,334.8368102673712,27.425,82.92500000000001,3,2,0,0,338.0745854294318,334.4742660010884,0,0
2025-03-26 03:30:00+05:30,332.182550733832,27.4,83.075,3,2,0,0,334.8368102673712,333.9214680276602,0,0
2025-03-26 03:45:00+05:30,329.60726228283403,27.325,83.175,3,2,0,0,332.182550733832,330.7933766508464,0,0
2025-03-26 04:00:00+05:30,327.11961250621755,27.25,83.35,4,2,0,0,329.60726228283403,331.25901168970574,0,0
2025-03-26 04:15:00+05:30,324.92986104966656,27.1,83.5,4,2,0,0,327.11961250621755,329.43381115386927,0,0
2025-03-26 04:30:00+05:30,324.25764247689824,27.075,83.7,4,2,0,0,324.92986104966656,326.7871703398399,0,0
2025-03-26 04:45:00+05:30,325.4195775112127,27.05,83.7,4,2,0,0,324.25764247689824,325.6710102564439,0,0
2025-03-26 05:00:00+05:30,324.82296146756903,27.000000000000004,83.675,5,2,0,0,325.4195775112127,327.5809819064589,0,0
2025-03-26 05:15:00+05:30,326.56350125697804,26.95,83.65,5,2,0,0,324.82296146756903,328.8871919705711,0,0
2025-03-26 05:30:00+05:30,330.5526562813068,26.875,84.125,5,2,0,0,326.56350125697804,333.2676514871646,0,0
2025-03-26 05:45:00+05:30,335.10974770593816,26.85,84.425,5,2,0,0,330.5526562813068,339.5590314437518,0,0
2025-03-26 06:00:00+05:30,345.4861809570901,26.875,84.3,6,2,0,0,335.10974770593816,346.83429287071937,0,0
2025-03-26 06:15:00+05:30,352.76154705396084,26.925,84.5,6,2,0,0,345.4861809570901,353.1397535252194,0,0
2025-03-26 06:30:00+05:30,362.1587709093913,26.975,84.42500000000001,6,2,0,0,352.76154705396084,361.1785849805521,0,0
2025-03-26 06:45:00+05:30,373.4659920068863,27.05,84.15,6,2,0,0,362.1587709093913,370.6043772762289,0,0
2025-03-26 07:00:00+05:30,384.9710536965047,27.125,83.975,7,2,0,0,373.4659920068863,383.33844878658215,0,0
2025-03-26 07:15:00+05:30,398.1181120552487,27.325,84.25,7,2,0,0,384.9710536965047,397.3000267924219,0,0
2025-03-26 07:30:00+05:30,414.5544081799622,27.55,84.375,7,2,0,0,398.1181120552487,414.9121702124175,0,0
2025-03-26 07:45:00+05:30,431.01447971818914,27.925,82.825,7,2,0,0,414.5544081799622,431.0948365101431,0,0
2025-03-26 08:00:00+05:30,454.9467318720396,28.200000000000003,81.4,8,2,0,0,431.01447971818914,451.2148742367961,0,0
2025-03-26 08:15:00+05:30,478.3712792075033,28.625,79.475,8,2,0,0,454.9467318720396,473.32947955474594,0,0
2025-03-26 08:30:00+05:30,498.72320904300574,28.95,78.35,8,2,0,0,478.3712792075033,489.173304094545,0,0
2025-03-26 08:45:00+05:30,515.5598736710532,29.2,76.42500000000001,8,2,0,0,498.72320904300574,507.0230384957972,0,0
2025-03-26 09:00:00+05:30,528.804523219916,29.425,74.625,9,2,0,1,515.5598736710532,519.1787205299977,0,0
2025-03-26 09:15:00+05:30,537.7991944151664,29.85,72.44999999999999,9,2,0,1,528.804523219916,533.0625071344805,0,0
2025-03-26 09:30:00+05:30,546.5176761522308,30.175000000000004,70.7,9,2,0,1,537.7991944151664,545.8406618186201,0,0
2025-03-26 09:45:00+05:30,557.0303424017912,30.55,68.875,9,2,0,1,546.5176761522308,553.961109870354,0,0
2025-03-26 10:00:00+05:30,564.4735153758634,30.825,67.75,10,2,0,1,557.0303424017912,559.1219326166331,0,0
2025-03-26 10:15:00+05:30,570.3000418405126,31.200000000000003,66.95,10,2,0,1,564.4735153758634,565.8319645032944,0,0
2025-03-26 10:30:00+05:30,575.586892849331,31.25,66.8,10,2,0,1,570.3000418405126,571.9425891527262,0,0
2025-03-26 10:45:00+05:30,576.9445459656778,31.675,65.55000000000001,10,2,0,1,575.586892849331,570.8701682147172,0,0
2025-03-26 11:00:00+05:30,578.6789297363267,31.85,63.55,11,2,0,1,576.9445459656778,574.1482645161373,0,0
2025-03-26 11:15:00+05:30,580.6702599900818,31.950000000000003,64.025,11,2,0,1,578.6789297363267,578.9134135041901,0,0
2025-03-26 11:30:00+05:30,581.6263467454023,32.1,63.65,11,2,0,1,580.6702599900818,579.0831449594779,0,0
2025-03-26 11:45:00+05:30,580.9093528952272,32.325,62.725,11,2,0,1,581.6263467454023,578.2471691815365,0,0
2025-03-26 12:00:00+05:30,579.9561160214166,32.325,62.275000000000006,12,2,0,1,580.9093528952272,583.3624977452951,0,0
2025-03-26 12:15:00+05:30,578.2255539680004,32.375,61.475,12,2,0,1,579.9561160214166,583.6702316334188,0,0
2025-03-26 12:30:00+05:30,577.8118581066112,32.625,59.82499999999999,12,2,0,1,578.2255539680004,583.592223470905,0,0
2025-03-26 12:45:00+05:30,576.604083081462,32.75,58.95,12,2,0,1,577.8118581066112,581.5114676919328,0,0
2025-03-26 13:00:00+05:30,565.9172661761952,32.55,58.95,13,2,0,1,576.604083081462,577.0721710194815,0,0
2025-03-26 13:15:00+05:30,562.4020959912604,32.775000000000006,57.89999999999999,13,2,0,1,565.9172661761952,575.7988141446577,0,0
2025-03-26 13:30:00+05:30,562.6572114676409,32.825,57.175,13,2,0,1,562.4020959912604,576.0203105589057,0,0
2025-03-26 13:45:00+05:30,564.7800755850017,32.875,56.825,13,2,0,1,562.6572114676409,578.5614122389186,0,0
2025-03-26 14:00:00+05:30,568.4350608929784,32.975,56.65,14,2,0,1,564.7800755850017,584.4994408442705,0,0
2025-03-26 14:15:00+05:30,570.3289585054492,32.75,57.625,14,2,0,1,568.4350608929784,587.473277512056,0,0
2025-03-26 14:30:00+05:30,570.1690275342912,32.7,57.65,14,2,0,1,570.3289585054492,590.2391504217621,0,0
2025-03-26 14:45:00+05:30,570.6684665729811,32.625,56.8,14,2,0,1,570.1690275342912,590.585499695196,0,0
2025-03-26 15:00:00+05:30,570.9081471558029,32.725,56.025,15,2,0,1,570.6684665729811,590.2700552803959,0,0
2025-03-26 15:15:00+05:30,571.2369618561851,32.65,55.825,15,2,0,1,570.9081471558029,593.2298274000469,0,0
2025-03-26 15:30:00+05:30,569.8093528727799,32.4,56.45,15,2,0,1,571.2369618561851,592.473860969297,0,0
2025-03-26 15:45:00+05:30,564.3099642493725,32.349999999999994,57.2,15,2,0,1,569.8093528727799,588.2175569400334,0,0
2025-03-26 16:00:00+05:30,569.3402428768217,32.575,56.35,16,2,0,1,564.3099642493725,589.6017398313821,0,0
2025-03-26 16:15:00+05:30,565.0973666169084,33.125,55.375,16,2,0,1,569.3402428768217,582.9513285321834,0,0
2025-03-26 16:30:00+05:30,559.6751686767162,32.575,56.25,16,2,0,1,565.0973666169084,576.6987118665047,0,0
2025-03-26 16:45:00+05:30,556.9813070658496,32.425,56.825,16,2,0,1,559.6751686767162,570.5386482578424,0,0
2025-03-26 17:00:00+05:30,551.1824215814594,32.150000000000006,56.875,17,2,0,1,556.9813070658496,564.7796950432805,0,0
2025-03-26 17:15:00+05:30,547.5977094676135,31.875,57.75,17,2,0,1,551.1824215814594,560.2913284968456,0,0
2025-03-26 17:30:00+05:30,539.353360406739,31.75,57.25,17,2,0,1,547.5977094676135,548.4937784722146,0,0
2025-03-26 17:45:00+05:30,530.6693662158211,31.0,59.675,17,2,0,1,539.353360406739,540.5216071683574,0,0
2025-03-26 18:00:00+05:30,522.4193054468392,30.35,61.35,18,2,0,0,530.6693662158211,530.3786591416789,0,0
2025-03-26 18:15:00+05:30,512.6219574990671,29.6,63.6,18,2,0,0,522.4193054468392,521.9525451889108,0,0
2025-03-26 18:30:00+05:30,508.22415516971625,29.1,65.92499999999998,18,2,0,0,512.6219574990671,518.6752744449615,0,0
2025-03-26 18:45:00+05:30,505.18606934710846,28.8,67.575,18,2,0,0,508.22415516971625,513.2982804088922,0,0
2025-03-26 19:00:00+05:30,499.0075365136608,28.575000000000003,69.5,19,2,0,0,505.18606934710846,506.56351032497935,0,0
2025-03-26 19:15:00+05:30,492.71516080169897,28.45,70.7,19,2,0,0,499.0075365136608,498.6916960143137,0,0
2025-03-26 19:30:00+05:30,486.2250923386379,28.325000000000003,71.25,19,2,0,0,492.71516080169897,492.088493592393,0,0
2025-03-26 19:45:00+05:30,478.7790177521248,28.15,71.47500000000001,19,2,0,0,486.2250923386379,485.9817378443435,0,0
2025-03-26 20:00:00+05:30,468.7951169004271,28.15,72.1,20,2,0,0,478.7790177521248,475.0885685943912,0,0
2025-03-26 20:15:00+05:30,459.7272446882556,28.125,72.525,20,2,0,0,468.7951169004271,468.4983751396343,0,0
2025-03-26 20:30:00+05:30,451.0496803805328,28.075,72.625,20,2,0,0,459.7272446882556,461.26983774910775,0,0
2025-03-26 20:45:00+05:30,446.2083496504378,28.05,72.925,20,2,0,0,451.0496803805328,457.4034291028603,0,0
2025-03-26 21:00:00+05:30,440.2613083551299,28.0,72.75,21,2,0,0,446.2083496504378,451.2069027434503,0,0
2025-03-26 21:15:00+05:30,436.3489962274498,27.975,72.95,21,2,0,0,440.2613083551299,445.478319543532,0,0
2025-03-26 21:30:00+05:30,432.44929331072586,27.950000000000003,72.97500000000001,21,2,0,0,436.3489962274498,442.6452971777875,0,0
2025-03-26 21:45:00+05:30,425.5467505906356,27.925000000000004,73.125,21,2,0,0,432.44929331072586,436.5559379524185,0,0
2025-03-26 22:00:00+05:30,421.6506832475399,27.9,73.225,22,2,0,0,425.5467505906356,432.1162146913833,0,0
2025-03-26 22:15:00+05:30,418.17196256110486,27.775,73.5,22,2,0,0,421.6506832475399,427.58329042243207,0,0
2025-03-26 22:30:00+05:30,414.1526435493413,27.725,73.55000000000001,22,2,0,0,418.17196256110486,424.3318127014985,0,0
2025-03-26 22:45:00+05:30,409.6077021611877,27.675,73.775,22,2,0,0,414.1526435493413,421.84040358466456,0,0
2025-03-26 23:00:00+05:30,405.0667621127917,27.625,73.9,23,2,0,0,409.6077021611877,414.6959327145367,0,0
2025-03-26 23:15:00+05:30,399.0931531456658,27.6,73.82499999999999,23,2,0,0,405.0667621127917,408.4495618350864,0,0
2025-03-26 23:30:00+05:30,393.2655154487003,27.5,74.32499999999999,23,2,0,0,399.0931531456658,403.8655390949589,0,0
2025-03-26 23:45:00+05:30,388.5227212505107,27.450000000000003,74.57499999999999,23,2,0,0,393.2655154487003,399.92971328759705,0,0
2025-03-27 00:00:00+05:30,382.4049779505735,27.1,75.03333333333333,0,3,0,0,388.5227212505107,395.0034536900153,0,0
2025-03-27 00:15:00+05:30,375.62251029571337,27.100000000000005,75.43333333333332,0,3,0,0,382.4049779505735,388.4667874055159,0,0
2025-03-27 00:30:00+05:30,370.17303467537926,27.066666666666663,75.60000000000001,0,3,0,0,375.62251029571337,381.2722870268343,0,0
2025-03-27 00:45:00+05:30,365.1901476587131,27.0,75.89999999999999,0,3,0,0,370.17303467537926,374.1072912181007,0,0
2025-03-27 01:00:00+05:30,360.7027261304359,26.966666666666665,76.33333333333333,1,3,0,0,365.1901476587131,368.6280918218815,0,0
2025-03-27 01:15:00+05:30,357.6801803525376,26.933333333333337,77.10000000000001,1,3,0,0,360.7027261304359,365.1367517794656,0,0
2025-03-27 01:30:00+05:30,351.6589387298103,26.866666666666664,77.83333333333333,1,3,0,0,357.6801803525376,360.5015880418469,0,0
2025-03-27 01:45:00+05:30,348.43481496395253,26.866666666666664,77.89999999999999,1,3,0,0,351.6589387298103,355.8297004325792,0,0
2025-03-27 02:00:00+05:30,344.4823014282737,26.83333333333333,77.83333333333333,2,3,0,0,348.43481496395253,352.40987019860376,0,0
2025-03-27 02:15:00+05:30,340.30189557628535,26.73333333333333,78.89999999999999,2,3,0,0,344.4823014282737,346.2937238622037,0,0
2025-03-27 02:30:00+05:30,333.9813974888858,26.7,79.0,2,3,0,0,340.30189557628535,343.4689181049019,0,0
2025-03-27 02:45:00+05:30,329.9496873068611,26.633333333333336,78.7,2,3,0,0,333.9813974888858,341.7513914214247,0,0
2025-03-27 03:00:00+05:30,328.5173819511182,26.6,78.8,3,3,0,0,329.9496873068611,338.0745854294318,0,0
2025-03-27 03:15:00+05:30,324.96441921804364,26.6,78.9,3,3,0,0,328.5173819511182,334.8368102673712,0,0
2025-03-27 03:30:00+05:30,322.8272570216881,26.53333333333333,78.8,3,3,0,0,324.96441921804364,332.182550733832,0,0
2025-03-27 03:45:00+05:30,320.05080618628944,26.5,78.96666666666665,3,3,0,0,322.8272570216881,329.60726228283403,0,0
2025-03-27 04:00:00+05:30,318.3226172639842,26.433333333333337,78.96666666666667,4,3,0,0,320.05080618628944,327.11961250621755,0,0
2025-03-27 04:15:00+05:30,318.4886134067027,26.399999999999995,78.69999999999999,4,3,0,0,318.3226172639842,324.92986104966656,0,0
2025-03-27 04:30:00+05:30,320.2094897974845,26.4,78.76666666666667,4,3,0,0,318.4886134067027,324.25764247689824,0,0
2025-03-27 04:45:00+05:30,320.870977213691,26.4,78.53333333333333,4,3,0,0,320.2094897974845,325.4195775112127,0,0
2025-03-27 05:00:00+05:30,320.4882409434872,26.4,78.56666666666666,5,3,0,0,320.870977213691,324.82296146756903,0,0
2025-03-27 05:15:00+05:30,321.1273936210251,26.366666666666664,78.8,5,3,0,0,320.4882409434872,326.56350125697804,0,0
2025-03-27 05:30:00+05:30,326.50152802226387,26.33333333333333,78.89999999999999,5,3,0,0,321.1273936210251,330.5526562813068,0,0
2025-03-27 05:45:00+05:30,330.3577732844986,26.266666666666666,78.96666666666667,5,3,0,0,326.50152802226387,335.10974770593816,0,0
2025-03-27 06:00:00+05:30,337.9460141129222,26.166666666666668,79.53333333333335,6,3,0,0,330.3577732844986,345.4861809570901,0,0
2025-03-27 06:15:00+05:30,344.4880166656175,26.1,80.1,6,3,0,0,337.9460141129222,352.76154705396084,0,0
2025-03-27 06:30:00+05:30,354.24649667866447,26.1,80.2,6,3,0,0,344.4880166656175,362.1587709093913,0,0
2025-03-27 06:45:00+05:30,365.9439695430364,26.166666666666668,80.26666666666667,6,3,0,0,354.24649667866447,373.4659920068863,0,0
2025-03-27 07:00:00+05:30,378.23111582634255,26.33333333333333,79.83333333333333,7,3,0,0,365.9439695430364,384.9710536965047,0,0
2025-03-27 07:15:00+05:30,392.5568365831504,26.600000000000005,79.4,7,3,0,0,378.23111582634255,398.1181120552487,0,0
2025-03-27 07:30:00+05:30,407.9486664678528,26.96666666666667,78.43333333333334,7,3,0,0,392.5568365831504,414.5544081799622,0,0
2025-03-27 07:45:00+05:30,424.8086829268088,27.3,76.83333333333333,7,3,0,0,407.9486664678528,431.01447971818914,0,0
2025-03-27 08:00:00+05:30,447.0474542172712,27.7,74.73333333333333,8,3,0,0,424.8086829268088,454.9467318720396,0,0
2025-03-27 08:15:00+05:30,467.7846013051517,28.03333333333333,73.06666666666668,8,3,0,0,447.0474542172712,478.3712792075033,0,0
2025-03-27 08:30:00+05:30,482.6155107254982,28.266666666666666,71.53333333333333,8,3,0,0,467.7846013051517,498.72320904300574,0,0
2025-03-27 08:45:00+05:30,499.8805690439154,28.46666666666667,70.8,8,3,0,0,482.6155107254982,515.5598736710532,0,0
2025-03-27 09:00:00+05:30,514.2624463471627,28.96666666666667,69.36666666666666,9,3,0,1,499.8805690439154,528.804523219916,0,0
2025-03-27 09:15:00+05:30,525.5540247217383,29.166666666666668,68.46666666666667,9,3,0,1,514.2624463471627,537.7991944151664,0,0
2025-03-27 09:30:00+05:30,537.4214326546603,29.23333333333333,67.3,9,3,0,1,525.5540247217383,546.5176761522308,0,0
2025-03-27 09:45:00+05:30,545.9289319493921,29.433333333333337,66.43333333333334,9,3,0,1,537.4214326546603,557.0303424017912,0,0
2025-03-27 10:00:00+05:30,554.1396427021651,29.766666666666666,65.63333333333333,10,3,0,1,545.9289319493921,564.4735153758634,0,0
2025-03-27 10:15:00+05:30,560.4585050966151,30.166666666666668,64.56666666666666,10,3,0,1,554.1396427021651,570.3000418405126,0,0
2025-03-27 10:30:00+05:30,562.5899610024325,30.36666666666667,64.13333333333334,10,3,0,1,560.4585050966151,575.586892849331,0,0
2025-03-27 10:45:00+05:30,564.9876956895688,30.53333333333333,64.03333333333335,10,3,0,1,562.5899610024325,576.9445459656778,0,0
2025-03-27 11:00:00+05:30,567.54886331678,30.766666666666666,63.9,11,3,0,1,564.9876956895688,578.6789297363267,0,0
2025-03-27 11:15:00+05:30,567.8134278830539,30.3,64.93333333333334,11,3,0,1,567.54886331678,580.6702599900818,0,0
2025-03-27 11:30:00+05:30,566.5545920027716,30.433333333333334,64.83333333333333,11,3,0,1,567.8134278830539,581.6263467454023,0,0
2025-03-27 11:45:00+05:30,566.6933518551041,30.73333333333333,63.8,11,3,0,1,566.5545920027716,580.9093528952272,0,0
2025-03-27 12:00:00+05:30,567.460864039303,31.133333333333336,62.63333333333335,12,3,0,1,566.6933518551041,579.9561160214166,0,0
2025-03-27 12:15:00+05:30,567.7470325876754,31.066666666666663,62.7,12,3,0,1,567.460864039303,578.2255539680004,0,0
2025-03-27 12:30:00+05:30,563.6632571351308,31.166666666666668,62.333333333333336,12,3,0,1,567.7470325876754,577.8118581066112,0,0
2025-03-27 12:45:00+05:30,562.567905423655,31.133333333333336,62.46666666666666,12,3,0,1,563.6632571351308,576.604083081462,0,0
2025-03-27 13:00:00+05:30,554.526390014611,31.23333333333333,61.76666666666667,13,3,0,1,562.567905423655,565.9172661761952,0,0
2025-03-27 13:15:00+05:30,551.1595620314847,31.133333333333336,61.96666666666667,13,3,0,1,554.526390014611,562.4020959912604,0,0
2025-03-27 13:30:00+05:30,550.3488573115189,31.3,61.66666666666666,13,3,0,1,551.1595620314847,562.6572114676409,0,0
2025-03-27 13:45:00+05:30,551.2964512363556,31.4,61.06666666666666,13,3,0,1,550.3488573115189,564.7800755850017,0,0
2025-03-27 14:00:00+05:30,556.397331434495,31.33333333333333,60.8,14,3,0,1,551.2964512363556,568.4350608929784,0,0
2025-03-27 14:15:00+05:30,559.552109063553,31.3,60.76666666666667,14,3,0,1,556.397331434495,570.3289585054492,0,0
2025-03-27 14:30:00+05:30,557.6849864322267,31.23333333333333,60.7,14,3,0,1,559.552109063553,570.1690275342912,0,0
2025-03-27 14:45:00+05:30,557.4064883608869,31.166666666666668,60.93333333333334,14,3,0,1,557.6849864322267,570.6684665729811,0,0
2025-03-27 15:00:00+05:30,559.1176412103345,30.866666666666664,62.06666666666666,15,3,0,1,557.4064883608869,570.9081471558029,0,0
2025-03-27 15:15:00+05:30,558.6563767710027,30.9,61.53333333333333,15,3,0,1,559.1176412103345,571.2369618561851,0,0
2025-03-27 15:30:00+05:30,559.1473593784137,30.7,62.33333333333332,15,3,0,1,558.6563767710027,569.8093528727799,0,0
2025-03-27 15:45:00+05:30,556.6812857879249,30.666666666666668,61.76666666666667,15,3,0,1,559.1473593784137,564.3099642493725,0,0
2025-03-27 16:00:00+05:30,558.6093199046946,31.1,60.66666666666666,16,3,0,1,556.6812857879249,569.3402428768217,0,0
2025-03-27 16:15:00+05:30,552.8418986398443,31.166666666666668,60.6,16,3,0,1,558.6093199046946,565.0973666169084,0,0
2025-03-27 16:30:00+05:30,550.5343023931313,30.7,61.76666666666667,16,3,0,1,552.8418986398443,559.6751686767162,0,0
2025-03-27 16:45:00+05:30,545.2925821006656,30.8,61.66666666666666,16,3,0,1,550.5343023931313,556.9813070658496,0,0
2025-03-27 17:00:00+05:30,540.757449892384,30.53333333333333,62.16666666666666,17,3,0,1,545.2925821006656,551.1824215814594,0,0
2025-03-27 17:15:00+05:30,534.8589948107445,30.33333333333333,62.4,17,3,0,1,540.757449892384,547.5977094676135,0,0
2025-03-27 17:30:00+05:30,528.1310902692742,29.933333333333334,63.133333333333326,17,3,0,1,534.8589948107445,539.353360406739,0,0
2025-03-27 17:45:00+05:30,519.8026245461244,29.433333333333334,63.76666666666666,17,3,0,1,528.1310902692742,530.6693662158211,0,0
2025-03-27 18:00:00+05:30,510.9002166501272,28.933333333333334,64.03333333333333,18,3,0,0,519.8026245461244,522.4193054468392,0,0
2025-03-27 18:15:00+05:30,502.98683068950027,28.33333333333333,64.93333333333334,18,3,0,0,510.9002166501272,512.6219574990671,0,0
2025-03-27 18:30:00+05:30,499.3892761020233,28.03333333333333,64.53333333333335,18,3,0,0,502.98683068950027,508.22415516971625,0,0
2025-03-27 18:45:00+05:30,495.2707419322288,27.766666666666666,64.60000000000001,18,3,0,0,499.3892761020233,505.18606934710846,0,0
2025-03-27 19:00:00+05:30,489.7808105870992,27.600000000000005,65.8,19,3,0,0,495.2707419322288,499.0075365136608,0,0
2025-03-27 19:15:00+05:30,483.3538697055123,27.46666666666667,66.73333333333333,19,3,0,0,489.7808105870992,492.71516080169897,0,0
2025-03-27 19:30:00+05:30,476.096581196392,27.366666666666664,67.53333333333333,19,3,0,0,483.3538697055123,486.2250923386379,0,0
2025-03-27 19:45:00+05:30,465.49308982745913,27.33333333333333,67.93333333333332,19,3,0,0,476.096581196392,478.7790177521248,0,0
2025-03-27 20:00:00+05:30,455.7688815313995,27.3,68.23333333333333,20,3,0,0,465.49308982745913,468.7951169004271,0,0
2025-03-27 20:15:00+05:30,449.39526363085633,27.266666666666666,68.23333333333333,20,3,0,0,455.7688815313995,459.7272446882556,0,0
2025-03-27 20:30:00+05:30,441.982498735736,27.366666666666664,68.23333333333333,20,3,0,0,449.39526363085633,451.0496803805328,0,0
2025-03-27 20:45:00+05:30,437.920417737145,27.2,68.66666666666667,20,3,0,0,441.982498735736,446.2083496504378,0,0
2025-03-27 21:00:00+05:30,432.9488868434662,27.1,68.83333333333333,21,3,0,0,437.920417737145,440.2613083551299,0,0
2025-03-27 21:15:00+05:30,428.1978938654399,27.03333333333333,69.0,21,3,0,0,432.9488868434662,436.3489962274498,0,0
2025-03-27 21:30:00+05:30,422.7779303721224,27.03333333333333,69.06666666666668,21,3,0,0,428.1978938654399,432.44929331072586,0,0
2025-03-27 21:45:00+05:30,417.1765370555126,26.899999999999995,69.66666666666667,21,3,0,0,422.7779303721224,425.5467505906356,0,0
2025-03-27 22:00:00+05:30,410.0016043581451,26.766666666666666,70.03333333333335,22,3,0,0,417.1765370555126,421.6506832475399,0,0
2025-03-27 22:15:00+05:30,402.6333344348867,26.7,70.53333333333333,22,3,0,0,410.0016043581451,418.17196256110486,0,0
2025-03-27 22:30:00+05:30,402.04453509983097,26.633333333333336,71.0,22,3,0,0,402.6333344348867,414.1526435493413,0,0
2025-03-27 22:45:00+05:30,396.38712653497385,26.633333333333336,71.36666666666666,22,3,0,0,402.04453509983097,409.6077021611877,0,0
2025-03-27 23:00:00+05:30,391.07640740464166,26.666666666666668,71.33333333333333,23,3,0,0,396.38712653497385,405.0667621127917,0,0
2025-03-27 23:15:00+05:30,384.6966398589482,26.666666666666668,71.43333333333332,23,3,0,0,391.07640740464166,399.0931531456658,0,0
2025-03-27 23:30:00+05:30,382.1791193662174,26.633333333333336,72.03333333333333,23,3,0,0,384.6966398589482,393.2655154487003,0,0
2025-03-27 23:45:00+05:30,378.432102353813,26.633333333333336,72.10000000000001,23,3,0,0,382.1791193662174,388.5227212505107,0,0
2025-03-28 00:00:00+05:30,370.8669269907352,26.925000000000004,71.7,0,4,0,0,378.432102353813,382.4049779505735,1,0
2025-03-28 00:15:00+05:30,365.9077853366303,26.875,72.05,0,4,0,0,370.8669269907352,375.62251029571337,1,0
2025-03-28 00:30:00+05:30,359.46202119740315,26.825000000000003,72.7,0,4,0,0,365.9077853366303,370.17303467537926,1,0
2025-03-28 00:45:00+05:30,354.1761683677778,26.775,72.94999999999999,0,4,0,0,359.46202119740315,365.1901476587131,1,0
2025-03-28 01:00:00+05:30,350.1625191973524,26.75,73.30000000000001,1,4,0,0,354.1761683677778,360.7027261304359,1,0
2025-03-28 01:15:00+05:30,346.7036439449466,26.75,73.69999999999999,1,4,0,0,350.1625191973524,357.6801803525376,1,0
2025-03-28 01:30:00+05:30,343.36510611434005,26.675,74.225,1,4,0,0,346.7036439449466,351.6589387298103,1,0
2025-03-28 01:45:00+05:30,339.8914478642979,26.675,74.525,1,4,0,0,343.36510611434005,348.43481496395253,1,0
2025-03-28 02:00:00+05:30,338.31126950843776,26.65,74.725,2,4,0,0,339.8914478642979,344.4823014282737,1,0
2025-03-28 02:15:00+05:30,335.3147762840896,26.65,75.075,2,4,0,0,338.31126950843776,340.30189557628535,1,0
2025-03-28 02:30:00+05:30,330.6750549206979,26.625,75.375,2,4,0,0,335.3147762840896,333.9813974888858,1,0
2025-03-28 02:45:00+05:30,327.4405956594658,26.55,75.65,2,4,0,0,330.6750549206979,329.9496873068611,1,0
2025-03-28 03:00:00+05:30,325.07702172559885,26.5,75.80000000000001,3,4,0,0,327.4405956594658,328.5173819511182,1,0
2025-03-28 03:15:00+05:30,321.8497991714884,26.5,75.975,3,4,0,0,325.07702172559885,324.96441921804364,1,0
2025-03-28 03:30:00+05:30,317.28718783546014,26.425,76.3,3,4,0,0,321.8497991714884,322.8272570216881,1,0
2025-03-28 03:45:00+05:30,315.82215722284644,26.4,76.35,3,4,0,0,317.28718783546014,320.05080618628944,1,0
2025-03-28 04:00:00+05:30,314.57860068450583,26.325000000000003,76.55,4,4,0,0,315.82215722284644,318.3226172639842,1,0
2025-03-28 04:15:00+05:30,313.33119430226924,26.3,76.80000000000001,4,4,0,0,314.57860068450583,318.4886134067027,1,0
2025-03-28 04:30:00+05:30,312.90636697484,26.225,76.9,4,4,0,0,313.33119430226924,320.2094897974845,1,0
2025-03-28 04:45:00+05:30,311.75086124944403,26.1,77.15,4,4,0,0,312.90636697484,320.870977213691,1,0
2025-03-28 05:00:00+05:30,313.7158928384589,26.075000000000003,77.6,5,4,0,0,311.75086124944403,320.4882409434872,1,0
2025-03-28 05:15:00+05:30,316.4582128251711,26.075,77.85,5,4,0,0,313.7158928384589,321.1273936210251,1,0
2025-03-28 05:30:00+05:30,320.6513705941646,26.05,77.825,5,4,0,0,316.4582128251711,326.50152802226387,1,0
2025-03-28 05:45:00+05:30,326.0682052841519,26.05,77.925,5,4,0,0,320.6513705941646,330.3577732844986,1,0
2025-03-28 06:00:00+05:30,332.57529161131947,25.975,78.25,6,4,0,0,326.0682052841519,337.9460141129222,1,0
2025-03-28 06:15:00+05:30,339.9304984408193,25.925,78.4,6,4,0,0,332.57529161131947,344.4880166656175,1,0
2025-03-28 06:30:00+05:30,348.9649757717521,25.975,78.5,6,4,0,0,339.9304984408193,354.24649667866447,1,0
2025-03-28 06:45:00+05:30,361.1714429758289,26.025,78.5,6,4,0,0,348.9649757717521,365.9439695430364,1,0
2025-03-28 07:00:00+05:30,371.8940631743822,26.225,78.15,7,4,0,0,361.1714429758289,378.23111582634255,1,0
2025-03-28 07:15:00+05:30,386.933562062222,26.475,77.725,7,4,0,0,371.8940631743822,392.5568365831504,1,0
2025-03-28 07:30:00+05:30,404.1827798372173,26.8,76.275,7,4,0,0,386.933562062222,407.9486664678528,1,0
2025-03-28 07:45:00+05:30,420.91577622654313,27.125,74.875,7,4,0,0,404.1827798372173,424.8086829268088,1,0
2025-03-28 08:00:00+05:30,440.5694739607961,27.475,73.575,8,4,0,0,420.91577622654313,447.0474542172712,1,0
2025-03-28 08:15:00+05:30,462.1050361397459,27.825000000000003,72.625,8,4,0,0,440.5694739607961,467.7846013051517,1,0
2025-03-28 08:30:00+05:30,478.5757211617452,28.15,71.75,8,4,0,0,462.1050361397459,482.6155107254982,1,0
2025-03-28 08:45:00+05:30,494.0374105357972,28.450000000000003,70.775,8,4,0,0,478.5757211617452,499.8805690439154,1,0
2025-03-28 09:00:00+05:30,509.76158785299776,28.85,69.725,9,4,0,1,494.0374105357972,514.2624463471627,1,0
2025-03-28 09:15:00+05:30,523.3057902874804,29.15,68.4,9,4,0,1,509.76158785299776,525.5540247217383,1,0
2025-03-28 09:30:00+05:30,533.9648421416201,29.7,66.45,9,4,0,1,523.3057902874804,537.4214326546603,1,0
2025-03-28 09:45:00+05:30,542.9303644693539,30.050000000000004,63.975,9,4,0,1,533.9648421416201,545.9289319493921,1,0
2025-03-28 10:00:00+05:30,549.4307011680331,30.425,62.22500000000001,10,4,0,1,542.9303644693539,554.1396427021651,1,0
2025-03-28 10:15:00+05:30,555.9058273808944,30.8,61.475,10,4,0,1,549.4307011680331,560.4585050966151,1,0
2025-03-28 10:30:00+05:30,561.6925856715262,31.425,59.175,10,4,0,1,555.9058273808944,562.5899610024325,1,0
2025-03-28 10:45:00+05:30,560.466654157917,31.95,58.125,10,4,0,1,561.6925856715262,564.9876956895688,1,0
2025-03-28 11:00:00+05:30,560.8209467805372,32.35,57.475,11,4,0,1,560.466654157917,567.54886331678,1,0
2025-03-28 11:15:00+05:30,559.2886498621903,32.525,55.74999999999999,11,4,0,1,560.8209467805372,567.8134278830539,1,0
2025-03-28 11:30:00+05:30,559.9723791180778,32.85,53.85,11,4,0,1,559.2886498621903,566.5545920027716,1,0
2025-03-28 11:45:00+05:30,558.8949168905365,32.775000000000006,55.55,11,4,0,1,559.9723791180778,566.6933518551041,1,0
2025-03-28 12:00:00+05:30,560.1335049800952,32.9,55.2,12,4,0,1,558.8949168905365,567.460864039303,1,0
2025-03-28 12:15:00+05:30,560.3541794652189,33.075,54.125,12,4,0,1,560.1335049800952,567.7470325876754,1,0
2025-03-28 12:30:00+05:30,559.6834953511051,33.175,55.24999999999999,12,4,0,1,560.3541794652189,563.6632571351308,1,0
2025-03-28 12:45:00+05:30,559.9944940065326,33.325,53.975,12,4,0,1,559.6834953511051,562.567905423655,1,0
2025-03-28 13:00:00+05:30,558.5555329482816,33.15,55.2,13,4,0,1,559.9944940065326,554.526390014611,1,0
2025-03-28 13:15:00+05:30,555.0878900968579,33.475,53.3,13,4,0,1,558.5555329482816,551.1595620314847,1,0
2025-03-28 13:30:00+05:30,553.0400200237059,33.5,53.1,13,4,0,1,555.0878900968579,550.3488573115189,1,0
2025-03-28 13:45:00+05:30,552.5578212697183,33.65,52.650000000000006,13,4,0,1,553.0400200237059,551.2964512363556,1,0
2025-03-28 14:00:00+05:30,555.0765686322704,33.625,53.12500000000001,14,4,0,1,552.5578212697183,556.397331434495,1,0
2025-03-28 14:15:00+05:30,558.9704338086559,33.7,52.725,14,4,0,1,555.0765686322704,559.552109063553,1,0
2025-03-28 14:30:00+05:30,563.9586605147622,33.825,51.925,14,4,0,1,558.9704338086559,557.6849864322267,1,0
2025-03-28 14:45:00+05:30,566.100996622796,33.875,51.4,14,4,0,1,563.9586605147622,557.4064883608869,1,0
2025-03-28 15:00:00+05:30,566.287164258196,33.85,50.925,15,4,0,1,566.100996622796,559.1176412103345,1,0
2025-03-28 15:15:00+05:30,567.3802736018467,33.925,50.475,15,4,0,1,566.287164258196,558.6563767710027,1,0
2025-03-28 15:30:00+05:30,566.676846214697,33.825,51.3,15,4,0,1,567.3802736018467,559.1473593784137,1,0
2025-03-28 15:45:00+05:30,562.4070889656335,33.95,50.425,15,4,0,1,566.676846214697,556.6812857879249,1,0
2025-03-28 16:00:00+05:30,565.0567684149821,33.875,51.25,16,4,0,1,562.4070889656335,558.6093199046946,1,0
2025-03-28 16:15:00+05:30,559.6075659921834,34.175,50.65,16,4,0,1,565.0567684149821,552.8418986398443,1,0
2025-03-28 16:30:00+05:30,557.1921647193047,34.0,51.6,16,4,0,1,559.6075659921834,550.5343023931313,1,0
2025-03-28 16:45:00+05:30,553.8684576962424,34.15,51.2,16,4,0,1,557.1921647193047,545.2925821006656,1,0
2025-03-28 17:00:00+05:30,549.5663805874805,33.875,51.650000000000006,17,4,0,1,553.8684576962424,540.757449892384,1,0
2025-03-28 17:15:00+05:30,544.9815682864454,33.475,51.575,17,4,0,1,549.5663805874805,534.8589948107445,1,0
2025-03-28 17:30:00+05:30,538.2729039258146,33.075,51.05,17,4,0,1,544.9815682864454,528.1310902692742,1,0
2025-03-28 17:45:00+05:30,530.6457471863573,32.6,51.77499999999999,17,4,0,1,538.2729039258146,519.8026245461244,1,0
2025-03-28 18:00:00+05:30,523.7024114578787,31.825000000000003,53.225,18,4,0,0,530.6457471863573,510.9002166501272,1,0
2025-03-28 18:15:00+05:30,514.4824037877108,31.2,54.025000000000006,18,4,0,0,523.7024114578787,502.98683068950027,1,0
2025-03-28 18:30:00+05:30,509.2264717727613,30.775,55.25,18,4,0,0,514.4824037877108,499.3892761020233,1,0
2025-03-28 18:45:00+05:30,504.1459025568921,30.525,55.8,18,4,0,0,509.2264717727613,495.2707419322288,1,0
2025-03-28 19:00:00+05:30,498.5806189551794,30.4,56.175,19,4,0,0,504.1459025568921,489.7808105870992,1,0
2025-03-28 19:15:00+05:30,493.5815301045136,30.275,56.0,19,4,0,0,498.5806189551794,483.3538697055123,1,0
2025-03-28 19:30:00+05:30,484.8826993819929,30.225,56.3,19,4,0,0,493.5815301045136,476.096581196392,1,0
2025-03-28 19:45:00+05:30,476.5538669753435,30.175,55.825,19,4,0,0,484.8826993819929,465.49308982745913,1,0
2025-03-28 20:00:00+05:30,467.4627741659911,30.175,53.9,20,4,0,0,476.5538669753435,455.7688815313995,1,0
2025-03-28 20:15:00+05:30,458.1839229620341,30.125,52.675,20,4,0,0,467.4627741659911,449.39526363085633,1,0
2025-03-28 20:30:00+05:30,451.327226627108,30.125,50.425,20,4,0,0,458.1839229620341,441.982498735736,1,0
2025-03-28 20:45:00+05:30,445.2786701614604,30.1,48.3,20,4,0,0,451.327226627108,437.920417737145,1,0
2025-03-28 21:00:00+05:30,435.7120527680503,30.075,46.325,21,4,0,0,445.2786701614604,432.9488868434662,1,0
2025-03-28 21:15:00+05:30,430.0135721937319,30.0,45.075,21,4,0,0,435.7120527680503,428.1978938654399,1,0
2025-03-28 21:30:00+05:30,424.1336092765876,29.9,44.77499999999999,21,4,0,0,430.0135721937319,422.7779303721224,1,0
2025-03-28 21:45:00+05:30,418.1275298470185,29.725,45.05,21,4,0,0,424.1336092765876,417.1765370555126,1,0
2025-03-28 22:00:00+05:30,410.77338552618335,29.6,45.525,22,4,0,0,418.1275298470185,410.0016043581451,1,0
2025-03-28 22:15:00+05:30,405.9974298484322,29.425,46.05,22,4,0,0,410.77338552618335,402.6333344348867,1,0
2025-03-28 22:30:00+05:30,403.2824792262985,29.225,46.4,22,4,0,0,405.9974298484322,402.04453509983097,1,0
2025-03-28 22:45:00+05:30,397.8166222504644,28.975,46.7,22,4,0,0,403.2824792262985,396.38712653497385,1,0
2025-03-28 23:00:00+05:30,390.13256267473696,28.875,46.425,23,4,0,0,397.8166222504644,391.07640740464166,1,0
2025-03-28 23:15:00+05:30,383.5839271500863,28.85,44.975,23,4,0,0,390.13256267473696,384.6966398589482,1,0
2025-03-28 23:30:00+05:30,380.1417361993588,28.775,44.900000000000006,23,4,0,0,383.5839271500863,382.1791193662174,1,0
2025-03-28 23:45:00+05:30,378.42250718919706,28.65,44.25,23,4,0,0,380.1417361993588,378.432102353813,1,0
2025-03-29 00:00:00+05:30,372.2883069734872,28.6,43.85,0,5,1,0,378.42250718919706,370.8669269907352,0,0
2025-03-29 00:15:00+05:30,367.2684909304133,28.450000000000003,43.8,0,5,1,0,372.2883069734872,365.9077853366303,0,0
2025-03-29 00:30:00+05:30,361.7564390683686,28.325,44.075,0,5,1,0,367.2684909304133,359.46202119740315,0,0
2025-03-29 00:45:00+05:30,356.18339309434486,28.225,44.97500000000001,0,5,1,0,361.7564390683686,354.1761683677778,0,0
2025-03-29 01:00:00+05:30,352.0101820338046,28.225,43.775,1,5,1,0,356.18339309434486,350.1625191973524,0,0
2025-03-29 01:15:00+05:30,349.0932852330452,28.325000000000003,42.575,1,5,1,0,352.0101820338046,346.7036439449466,0,0
2025-03-29 01:30:00+05:30,344.8823536763414,28.375,41.85,1,5,1,0,349.0932852330452,343.36510611434005,0,0
2025-03-29 01:45:00+05:30,341.8694197902456,28.425,41.9,1,5,1,0,344.8823536763414,339.8914478642979,0,0
2025-03-29 02:00:00+05:30,338.5596104417156,28.175,42.9,2,5,1,0,341.8694197902456,338.31126950843776,0,0
2025-03-29 02:15:00+05:30,334.3083435975896,28.1,44.375,2,5,1,0,338.5596104417156,335.3147762840896,0,0
2025-03-29 02:30:00+05:30,330.23433954392726,27.975,45.1,2,5,1,0,334.3083435975896,330.6750549206979,0,0
2025-03-29 02:45:00+05:30,327.09092431824195,27.9,46.375,2,5,1,0,330.23433954392726,327.4405956594658,0,0
2025-03-29 03:00:00+05:30,326.63898882271263,27.75,46.5,3,5,1,0,327.09092431824195,325.07702172559885,0,0
2025-03-29 03:15:00+05:30,321.8911068720108,27.7,45.725,3,5,1,0,326.63898882271263,321.8497991714884,0,0
2025-03-29 03:30:00+05:30,318.74048646175606,27.575000000000003,46.125,3,5,1,0,321.8911068720108,317.28718783546014,0,0
2025-03-29 03:45:00+05:30,316.1517657461836,27.475,45.775000000000006,3,5,1,0,318.74048646175606,315.82215722284644,0,0
2025-03-29 04:00:00+05:30,313.6798134336417,27.325000000000003,46.6,4,5,1,0,316.1517657461836,314.57860068450583,0,0
2025-03-29 04:15:00+05:30,313.1996016517859,27.2,45.125,4,5,1,0,313.6798134336417,313.33119430226924,0,0
2025-03-29 04:30:00+05:30,310.6278669095882,27.175,43.975,4,5,1,0,313.1996016517859,312.90636697484,0,0
2025-03-29 04:45:00+05:30,311.66243664220406,27.075,43.925,4,5,1,0,310.6278669095882,311.75086124944403,0,0
2025-03-29 05:00:00+05:30,311.4486170948617,27.025,45.175,5,5,1,0,311.66243664220406,313.7158928384589,0,0
2025-03-29 05:15:00+05:30,314.03354895588853,26.9,45.3,5,5,1,0,311.4486170948617,316.4582128251711,0,0
2025-03-29 05:30:00+05:30,316.3830489054533,26.675,44.95,5,5,1,0,314.03354895588853,320.6513705941646,0,0
2025-03-29 05:45:00+05:30,318.74451852405497,26.55,45.175,5,5,1,0,316.3830489054533,326.0682052841519,0,0
2025-03-29 06:00:00+05:30,323.0912941448005,26.450000000000003,45.35,6,5,1,0,318.74451852405497,332.57529161131947,0,0
2025-03-29 06:15:00+05:30,325.9993766519534,26.325000000000003,44.075,6,5,1,0,323.0912941448005,339.9304984408193,0,0
2025-03-29 06:30:00+05:30,332.74848586342387,26.45,44.0,6,5,1,0,325.9993766519534,348.9649757717521,0,0
2025-03-29 06:45:00+05:30,336.9379920263058,26.45,45.05,6,5,1,0,332.74848586342387,361.1714429758289,0,0
2025-03-29 07:00:00+05:30,345.16206666911,26.525,45.900000000000006,7,5,1,0,336.9379920263058,371.8940631743822,0,0
2025-03-29 07:15:00+05:30,350.55382787677627,26.675,46.225,7,5,1,0,345.16206666911,386.933562062222,0,0
2025-03-29 07:30:00+05:30,358.06079965209045,27.05,45.8,7,5,1,0,350.55382787677627,404.1827798372173,0,0
2025-03-29 07:45:00+05:30,365.7817250451661,27.575,44.05,7,5,1,0,358.06079965209045,420.91577622654313,0,0
2025-03-29 08:00:00+05:30,380.2247322973918,28.15,43.1,8,5,1,0,365.7817250451661,440.5694739607961,0,0
2025-03-29 08:15:00+05:30,392.6332581846207,28.8,41.525,8,5,1,0,380.2247322973918,462.1050361397459,0,0
2025-03-29 08:30:00+05:30,405.2270939859701,29.3,37.47500000000001,8,5,1,0,392.6332581846207,478.5757211617452,0,0
2025-03-29 08:45:00+05:30,419.4215318584557,29.875,34.25,8,5,1,0,405.2270939859701,494.0374105357972,0,0
2025-03-29 09:00:00+05:30,431.66755801451785,30.4,33.0,9,5,1,1,419.4215318584557,509.76158785299776,0,0
2025-03-29 09:15:00+05:30,444.2390310080506,30.925,31.675,9,5,1,1,431.66755801451785,523.3057902874804,0,0
2025-03-29 09:30:00+05:30,454.61375491475695,31.525,29.8,9,5,1,1,444.2390310080506,533.9648421416201,0,0
2025-03-29 09:45:00+05:30,461.95707949894665,32.0,28.75,9,5,1,1,454.61375491475695,542.9303644693539,0,0
2025-03-29 10:00:00+05:30,470.920466734168,32.675,28.775,10,5,1,1,461.95707949894665,549.4307011680331,0,0
2025-03-29 10:15:00+05:30,478.4643631453487,33.1,28.450000000000003,10,5,1,1,470.920466734168,555.9058273808944,0,0
2025-03-29 10:30:00+05:30,482.6670737991544,33.65,28.225,10,5,1,1,478.4643631453487,561.6925856715262,0,0
2025-03-29 10:45:00+05:30,486.8898401591656,34.3,28.225,10,5,1,1,482.6670737991544,560.466654157917,0,0
2025-03-29 11:00:00+05:30,488.1295140000838,34.925,27.05,11,5,1,1,486.8898401591656,560.8209467805372,0,0
2025-03-29 11:15:00+05:30,488.29187993515495,35.475,27.6,11,5,1,1,488.1295140000838,559.2886498621903,0,0
2025-03-29 11:30:00+05:30,488.60789129550017,35.35,30.025,11,5,1,1,488.29187993515495,559.9723791180778,0,0
2025-03-29 11:45:00+05:30,488.6933502420216,35.475,30.275,11,5,1,1,488.60789129550017,558.8949168905365,0,0
2025-03-29 12:00:00+05:30,489.3185524842271,35.45,32.675,12,5,1,1,488.6933502420216,560.1335049800952,0,0
2025-03-29 12:15:00+05:30,486.251428213203,35.349999999999994,33.4,12,5,1,1,489.3185524842271,560.3541794652189,0,0
2025-03-29 12:30:00+05:30,487.31908186450255,35.22500000000001,33.325,12,5,1,1,486.251428213203,559.6834953511051,0,0
2025-03-29 12:45:00+05:30,486.1331961886361,35.475,33.95,12,5,1,1,487.31908186450255,559.9944940065326,0,0
2025-03-29 13:00:00+05:30,485.0856927907961,35.775,34.275,13,5,1,1,486.1331961886361,558.5555329482816,0,0
2025-03-29 13:15:00+05:30,488.0950355578549,35.55,35.775,13,5,1,1,485.0856927907961,555.0878900968579,0,0
2025-03-29 13:30:00+05:30,485.55442015872944,35.775000000000006,36.35,13,5,1,1,488.0950355578549,553.0400200237059,0,0
2025-03-29 13:45:00+05:30,485.257666710654,35.825,37.1,13,5,1,1,485.55442015872944,552.5578212697183,0,0
2025-03-29 14:00:00+05:30,492.26686070316674,35.775,36.3,14,5,1,1,485.257666710654,555.0765686322704,0,0
2025-03-29 14:15:00+05:30,497.22266555747314,35.525000000000006,36.3,14,5,1,1,492.26686070316674,558.9704338086559,0,0
2025-03-29 14:30:00+05:30,497.1765519358327,35.800000000000004,35.85,14,5,1,1,497.22266555747314,563.9586605147622,0,0
2025-03-29 14:45:00+05:30,497.5612898793883,35.849999999999994,37.2,14,5,1,1,497.1765519358327,566.100996622796,0,0
2025-03-29 15:00:00+05:30,496.77897351405454,35.55,38.425,15,5,1,1,497.5612898793883,566.287164258196,0,0
2025-03-29 15:15:00+05:30,492.9098212177549,35.025,40.5,15,5,1,1,496.77897351405454,567.3802736018467,0,0
2025-03-29 15:30:00+05:30,492.7149399704468,34.75,42.2,15,5,1,1,492.9098212177549,566.676846214697,0,0
2025-03-29 15:45:00+05:30,491.2735326603329,34.575,42.95,15,5,1,1,492.7149399704468,562.4070889656335,0,0
2025-03-29 16:00:00+05:30,488.8613574523488,34.65,43.4,16,5,1,1,491.2735326603329,565.0567684149821,0,0
2025-03-29 16:15:00+05:30,486.3801500989399,34.325,44.65,16,5,1,1,488.8613574523488,559.6075659921834,0,0
2025-03-29 16:30:00+05:30,483.41806886575097,34.349999999999994,45.575,16,5,1,1,486.3801500989399,557.1921647193047,0,0
2025-03-29 16:45:00+05:30,479.7498376037315,33.900000000000006,47.35,16,5,1,1,483.41806886575097,553.8684576962424,0,0
2025-03-29 17:00:00+05:30,476.9949598746714,33.325,49.85,17,5,1,1,479.7498376037315,549.5663805874805,0,0
2025-03-29 17:15:00+05:30,471.79841655500337,33.099999999999994,50.525000000000006,17,5,1,1,476.9949598746714,544.9815682864454,0,0
2025-03-29 17:30:00+05:30,469.572108854353,32.7,50.85,17,5,1,1,471.79841655500337,538.2729039258146,0,0
2025-03-29 17:45:00+05:30,466.23906341343206,32.3,50.525000000000006,17,5,1,1,469.572108854353,530.6457471863573,0,0
2025-03-29 18:00:00+05:30,461.434407989701,32.075,49.725,18,5,1,0,466.23906341343206,523.7024114578787,0,0
2025-03-29 18:15:00+05:30,456.8214269340205,31.525,50.3,18,5,1,0,461.434407989701,514.4824037877108,0,0
2025-03-29 18:30:00+05:30,455.2142741660208,31.125,50.85,18,5,1,0,456.8214269340205,509.2264717727613,0,0
2025-03-29 18:45:00+05:30,457.9122076298638,30.825000000000003,52.05,18,5,1,0,455.2142741660208,504.1459025568921,0,0
2025-03-29 19:00:00+05:30,455.23128477780295,30.65,53.625,19,5,1,0,457.9122076298638,498.5806189551794,0,0
2025-03-29 19:15:00+05:30,453.3503940631673,30.575,53.875,19,5,1,0,455.23128477780295,493.5815301045136,0,0
2025-03-29 19:30:00+05:30,450.52809355505,30.425,54.74999999999999,19,5,1,0,453.3503940631673,484.8826993819929,0,0
2025-03-29 19:45:00+05:30,444.4295310227814,30.3,55.975,19,5,1,0,450.52809355505,476.5538669753435,0,0
2025-03-29 20:00:00+05:30,435.75847563123006,30.200000000000003,56.650000000000006,20,5,1,0,444.4295310227814,467.4627741659911,0,0
2025-03-29 20:15:00+05:30,426.5180561396781,30.175,57.1,20,5,1,0,435.75847563123006,458.1839229620341,0,0
2025-03-29 20:30:00+05:30,428.1328744763973,30.175,56.875,20,5,1,0,426.5180561396781,451.327226627108,0,0
2025-03-29 20:45:00+05:30,426.1236941039952,30.15,57.175,20,5,1,0,428.1328744763973,445.2786701614604,0,0
2025-03-29 21:00:00+05:30,422.1899059645704,30.075,57.65,21,5,1,0,426.1236941039952,435.7120527680503,0,0
2025-03-29 21:15:00+05:30,418.4510010089891,29.85,59.2,21,5,1,0,422.1899059645704,430.0135721937319,0,0
2025-03-29 21:30:00+05:30,414.705108485561,29.725,59.7,21,5,1,0,418.4510010089891,424.1336092765876,0,0
2025-03-29 21:45:00+05:30,412.3876144995096,29.675,59.275,21,5,1,0,414.705108485561,418.1275298470185,0,0
2025-03-29 22:00:00+05:30,405.3913691532903,29.625,58.925,22,5,1,0,412.3876144995096,410.77338552618335,0,0
2025-03-29 22:15:00+05:30,402.6525770160982,29.55,58.775000000000006,22,5,1,0,405.3913691532903,405.9974298484322,0,0
2025-03-29 22:30:00+05:30,397.496635014929,29.5,58.725,22,5,1,0,402.6525770160982,403.2824792262985,0,0
2025-03-29 22:45:00+05:30,396.6152889030936,29.425,58.325,22,5,1,0,397.496635014929,397.8166222504644,0,0
2025-03-29 23:00:00+05:30,392.4887483536519,29.325,57.475,23,5,1,0,396.6152889030936,390.13256267473696,0,0
2025-03-29 23:15:00+05:30,387.9618454823232,29.275,58.1,23,5,1,0,392.4887483536519,383.5839271500863,0,0
2025-03-29 23:30:00+05:30,381.53540354940304,29.225,59.425,23,5,1,0,387.9618454823232,380.1417361993588,0,0
2025-03-29 23:45:00+05:30,379.4379342197528,29.1,60.2,23,5,1,0,381.53540354940304,378.42250718919706,0,0
2025-03-30 00:00:00+05:30,372.7388280728945,29.0,59.900000000000006,0,6,1,0,379.4379342197528,372.2883069734872,1,0
2025-03-30 00:15:00+05:30,372.426847708464,28.925,60.2,0,6,1,0,372.7388280728945,367.2684909304133,1,0
2025-03-30 00:30:00+05:30,367.64970676913305,28.85,61.14999999999999,0,6,1,0,372.426847708464,361.7564390683686,1,0
2025-03-30 00:45:00+05:30,362.6657761570942,28.800000000000004,62.85,0,6,1,0,367.64970676913305,356.18339309434486,1,0
2025-03-30 01:00:00+05:30,356.1557995829154,28.700000000000003,64.4,1,6,1,0,362.6657761570942,352.0101820338046,1,0
2025-03-30 01:15:00+05:30,353.842724931831,28.65,66.42500000000001,1,6,1,0,356.1557995829154,349.0932852330452,1,0
2025-03-30 01:30:00+05:30,348.9381048404855,28.625,69.47500000000001,1,6,1,0,353.842724931831,344.8823536763414,1,0
2025-03-30 01:45:00+05:30,345.7439911103453,28.525,71.3,1,6,1,0,348.9381048404855,341.8694197902456,1,0
2025-03-30 02:00:00+05:30,341.9434051817627,28.500000000000004,71.55,2,6,1,0,345.7439911103453,338.5596104417156,1,0
2025-03-30 02:15:00+05:30,339.13734016935354,28.475,71.85,2,6,1,0,341.9434051817627,334.3083435975896,1,0
2025-03-30 02:30:00+05:30,336.5606265228718,28.425000000000004,72.425,2,6,1,0,339.13734016935354,330.23433954392726,1,0
2025-03-30 02:45:00+05:30,332.3403882975152,28.4,72.22500000000001,2,6,1,0,336.5606265228718,327.09092431824195,1,0
2025-03-30 03:00:00+05:30,329.0613380659064,28.275,72.95,3,6,1,0,332.3403882975152,326.63898882271263,1,0
2025-03-30 03:15:00+05:30,328.2656713253017,28.175,73.65,3,6,1,0,329.0613380659064,321.8911068720108,1,0
2025-03-30 03:30:00+05:30,326.8017685546792,28.125,73.80000000000001,3,6,1,0,328.2656713253017,318.74048646175606,1,0
2025-03-30 03:45:00+05:30,324.4499464693972,28.125,74.0,3,6,1,0,326.8017685546792,316.1517657461836,1,0
2025-03-30 04:00:00+05:30,322.6031461805285,28.025,74.475,4,6,1,0,324.4499464693972,313.6798134336417,1,0
2025-03-30 04:15:00+05:30,319.8896798588531,28.0,74.4,4,6,1,0,322.6031461805285,313.1996016517859,1,0
2025-03-30 04:30:00+05:30,319.44470993294675,28.0,74.725,4,6,1,0,319.8896798588531,310.6278669095882,1,0
2025-03-30 04:45:00+05:30,318.0879150138506,27.925,74.85,4,6,1,0,319.44470993294675,311.66243664220406,1,0
2025-03-30 05:00:00+05:30,318.83792635631613,27.8,75.22500000000001,5,6,1,0,318.0879150138506,311.4486170948617,1,0
2025-03-30 05:15:00+05:30,318.49409023581785,27.725,75.475,5,6,1,0,318.83792635631613,314.03354895588853,1,0
2025-03-30 05:30:00+05:30,319.29820202724835,27.6,75.725,5,6,1,0,318.49409023581785,316.3830489054533,1,0
2025-03-30 05:45:00+05:30,319.1331287598439,27.525,76.25,5,6,1,0,319.29820202724835,318.74451852405497,1,0
2025-03-30 06:00:00+05:30,321.6118397208641,27.475,76.75,6,6,1,0,319.1331287598439,323.0912941448005,1,0
2025-03-30 06:15:00+05:30,323.208756922611,27.5,77.175,6,6,1,0,321.6118397208641,325.9993766519534,1,0
2025-03-30 06:30:00+05:30,321.3342069184729,27.475,77.525,6,6,1,0,323.208756922611,332.74848586342387,1,0
2025-03-30 06:45:00+05:30,322.7808812925052,27.475,77.45,6,6,1,0,321.3342069184729,336.9379920263058,1,0
2025-03-30 07:00:00+05:30,324.91361735965967,27.6,77.2,7,6,1,0,322.7808812925052,345.16206666911,1,0
2025-03-30 07:15:00+05:30,327.8478839411073,27.7,76.925,7,6,1,0,324.91361735965967,350.55382787677627,1,0
2025-03-30 07:30:00+05:30,333.0701302539812,27.975,76.05,7,6,1,0,327.8478839411073,358.06079965209045,1,0
2025-03-30 07:45:00+05:30,335.69562555599214,28.225,75.05,7,6,1,0,333.0701302539812,365.7817250451661,1,0
2025-03-30 08:00:00+05:30,342.9720726730511,28.675,74.15,8,6,1,0,335.69562555599214,380.2247322973918,1,0
2025-03-30 08:15:00+05:30,349.56920051523286,29.15,72.025,8,6,1,0,342.9720726730511,392.6332581846207,1,0
2025-03-30 08:30:00+05:30,360.27332602205047,29.625,69.75,8,6,1,0,349.56920051523286,405.2270939859701,1,0
2025-03-30 08:45:00+05:30,366.7437348584231,30.1,67.0,8,6,1,0,360.27332602205047,419.4215318584557,1,0
2025-03-30 09:00:00+05:30,375.3632146304056,30.425,65.175,9,6,1,1,366.7437348584231,431.66755801451785,1,0
2025-03-30 09:15:00+05:30,379.0611208304491,30.75,63.1,9,6,1,1,375.3632146304056,444.2390310080506,1,0
2025-03-30 09:30:00+05:30,383.1695875486721,31.25,59.775000000000006,9,6,1,1,379.0611208304491,454.61375491475695,1,0
2025-03-30 09:45:00+05:30,384.3411402973404,31.75,56.15,9,6,1,1,383.1695875486721,461.95707949894665,1,0
2025-03-30 10:00:00+05:30,388.870407057619,32.325,52.85,10,6,1,1,384.3411402973404,470.920466734168,1,0
2025-03-30 10:15:00+05:30,394.6201704431603,32.8,51.25,10,6,1,1,388.870407057619,478.4643631453487,1,0
2025-03-30 10:30:00+05:30,398.64353738145,33.3,49.325,10,6,1,1,394.6201704431603,482.6670737991544,1,0
2025-03-30 10:45:00+05:30,403.2759451888092,33.75,47.7,10,6,1,1,398.64353738145,486.8898401591656,1,0
2025-03-30 11:00:00+05:30,403.2101780635985,34.2,46.275,11,6,1,1,403.2759451888092,488.1295140000838,1,0
2025-03-30 11:15:00+05:30,404.7215454016302,34.550000000000004,47.7,11,6,1,1,403.2101780635985,488.29187993515495,1,0
2025-03-30 11:30:00+05:30,402.4613510904084,34.5,47.925,11,6,1,1,404.7215454016302,488.60789129550017,1,0
2025-03-30 11:45:00+05:30,404.50940006855546,34.625,48.25,11,6,1,1,402.4613510904084,488.6933502420216,1,0
2025-03-30 12:00:00+05:30,405.798952011168,34.675,48.10000000000001,12,6,1,1,404.50940006855546,489.3185524842271,1,0
2025-03-30 12:15:00+05:30,405.2661955741567,34.75,49.725,12,6,1,1,405.798952011168,486.251428213203,1,0
2025-03-30 12:30:00+05:30,404.1797907262122,34.525,48.525,12,6,1,1,405.2661955741567,487.31908186450255,1,0
2025-03-30 12:45:00+05:30,406.0862224332092,34.725,47.725,12,6,1,1,404.1797907262122,486.1331961886361,1,0
2025-03-30 13:00:00+05:30,404.57818274262905,34.724999999999994,47.75,13,6,1,1,406.0862224332092,485.0856927907961,1,0
2025-03-30 13:15:00+05:30,403.2052819609979,34.8,46.2,13,6,1,1,404.57818274262905,488.0950355578549,1,0
2025-03-30 13:30:00+05:30,401.8525071902978,34.925,45.6,13,6,1,1,403.2052819609979,485.55442015872944,1,0
2025-03-30 13:45:00+05:30,403.5928821492533,35.15,47.425,13,6,1,1,401.8525071902978,485.257666710654,1,0
2025-03-30 14:00:00+05:30,405.347693502306,34.8,48.775,14,6,1,1,403.5928821492533,492.26686070316674,1,0
2025-03-30 14:15:00+05:30,407.3164805074924,34.75,47.25,14,6,1,1,405.347693502306,497.22266555747314,1,0
2025-03-30 14:30:00+05:30,407.2891074127036,34.675,46.975,14,6,1,1,407.3164805074924,497.1765519358327,1,0
2025-03-30 14:45:00+05:30,406.6029214595568,34.800000000000004,45.6,14,6,1,1,407.2891074127036,497.5612898793883,1,0
2025-03-30 15:00:00+05:30,408.9051072637517,34.725,46.475,15,6,1,1,406.6029214595568,496.77897351405454,1,0
2025-03-30 15:15:00+05:30,408.2695050147164,34.625,47.15,15,6,1,1,408.9051072637517,492.9098212177549,1,0
2025-03-30 15:30:00+05:30,408.03280077007526,34.150000000000006,49.075,15,6,1,1,408.2695050147164,492.7149399704468,1,0
2025-03-30 15:45:00+05:30,407.0712462985307,33.95,48.225,15,6,1,1,408.03280077007526,491.2735326603329,1,0
2025-03-30 16:00:00+05:30,405.3798017342041,34.05,46.8,16,6,1,1,407.0712462985307,488.8613574523488,1,0
2025-03-30 16:15:00+05:30,403.8525988999095,34.2,46.5,16,6,1,1,405.3798017342041,486.3801500989399,1,0
2025-03-30 16:30:00+05:30,402.1903244664357,34.1,45.675,16,6,1,1,403.8525988999095,483.41806886575097,1,0
2025-03-30 16:45:00+05:30,398.10756058893753,34.075,44.97500000000001,16,6,1,1,402.1903244664357,479.7498376037315,1,0
2025-03-30 17:00:00+05:30,396.0167234016096,34.0,42.425,17,6,1,1,398.10756058893753,476.9949598746714,1,0
2025-03-30 17:15:00+05:30,394.8347538506518,33.650000000000006,42.0,17,6,1,1,396.0167234016096,471.79841655500337,1,0
2025-03-30 17:30:00+05:30,391.3173889384513,33.25,41.45,17,6,1,1,394.8347538506518,469.572108854353,1,0
2025-03-30 17:45:00+05:30,385.9776118507399,32.900000000000006,41.575,17,6,1,1,391.3173889384513,466.23906341343206,1,0
2025-03-30 18:00:00+05:30,388.5638062082227,32.55,42.2,18,6,1,0,385.9776118507399,461.434407989701,1,0
2025-03-30 18:15:00+05:30,388.9020986915224,32.225,42.62500000000001,18,6,1,0,388.5638062082227,456.8214269340205,1,0
2025-03-30 18:30:00+05:30,391.4027059301472,32.0,41.575,18,6,1,0,388.9020986915224,455.2142741660208,1,0
2025-03-30 18:45:00+05:30,395.2844428941487,31.875,39.85,18,6,1,0,391.4027059301472,457.9122076298638,1,0
2025-03-30 19:00:00+05:30,393.948162279233,31.825,39.35,19,6,1,0,395.2844428941487,455.23128477780295,1,0
2025-03-30 19:15:00+05:30,392.8991564815186,31.875,37.075,19,6,1,0,393.948162279233,453.3503940631673,1,0
2025-03-30 19:30:00+05:30,391.3657991479359,31.875,37.575,19,6,1,0,392.8991564815186,450.52809355505,1,0
2025-03-30 19:45:00+05:30,392.16612864385127,31.85,38.625,19,6,1,0,391.3657991479359,444.4295310227814,1,0
2025-03-30 20:00:00+05:30,392.8901643224824,31.65,40.15,20,6,1,0,392.16612864385127,435.75847563123006,1,0
2025-03-30 20:15:00+05:30,392.5113135210338,31.4,42.1,20,6,1,0,392.8901643224824,426.5180561396781,1,0
2025-03-30 20:30:00+05:30,389.40042839279033,31.25,43.95,20,6,1,0,392.5113135210338,428.1328744763973,1,0
2025-03-30 20:45:00+05:30,388.8702980885572,31.075000000000003,46.325,20,6,1,0,389.40042839279033,426.1236941039952,1,0
2025-03-30 21:00:00+05:30,387.5184722529841,30.95,48.95,21,6,1,0,388.8702980885572,422.1899059645704,1,0
2025-03-30 21:15:00+05:30,387.9302134935205,30.85,51.55,21,6,1,0,387.5184722529841,418.4510010089891,1,0
2025-03-30 21:30:00+05:30,386.7037589713887,30.675000000000004,54.400000000000006,21,6,1,0,387.9302134935205,414.705108485561,1,0
2025-03-30 21:45:00+05:30,385.8369126381266,30.55,54.575,21,6,1,0,386.7037589713887,412.3876144995096,1,0
2025-03-30 22:00:00+05:30,384.2560220057832,30.375,57.275000000000006,22,6,1,0,385.8369126381266,405.3913691532903,1,0
2025-03-30 22:15:00+05:30,382.9754062158314,30.225,59.45,22,6,1,0,384.2560220057832,402.6525770160982,1,0
2025-03-30 22:30:00+05:30,384.492264229542,30.025,61.525,22,6,1,0,382.9754062158314,397.496635014929,1,0
2025-03-30 22:45:00+05:30,382.829579774952,30.0,64.025,22,6,1,0,384.492264229542,396.6152889030936,1,0
2025-03-30 23:00:00+05:30,376.79334398777183,29.925,64.9,23,6,1,0,382.829579774952,392.4887483536519,1,0
2025-03-30 23:15:00+05:30,376.5972935695689,29.8,66.125,23,6,1,0,376.79334398777183,387.9618454823232,1,0
2025-03-30 23:30:00+05:30,374.7130746481108,29.55,68.375,23,6,1,0,376.5972935695689,381.53540354940304,1,0
2025-03-30 23:45:00+05:30,372.6911977543516,29.450000000000003,72.225,23,6,1,0,374.7130746481108,379.4379342197528,1,0
2025-03-31 00:00:00+05:30,371.9961357015352,29.4,72.925,0,0,0,0,372.6911977543516,372.7388280728945,1,0
2025-03-31 00:15:00+05:30,367.87234306743017,29.45,72.0,0,0,0,0,371.9961357015352,372.426847708464,1,0
2025-03-31 00:30:00+05:30,361.372327010003,29.4,71.8,0,0,0,0,367.87234306743017,367.64970676913305,1,0
2025-03-31 00:45:00+05:30,357.05887581877784,29.3,72.1,0,0,0,0,361.372327010003,362.6657761570942,1,0
2025-03-31 01:00:00+05:30,353.14831064695244,29.325,72.5,1,0,0,0,357.05887581877784,356.1557995829154,1,0
2025-03-31 01:15:00+05:30,349.9011081475466,29.25,72.775,1,0,0,0,353.14831064695244,353.842724931831,1,0
2025-03-31 01:30:00+05:30,345.87027475454,29.325,71.85,1,0,0,0,349.9011081475466,348.9381048404855,1,0
2025-03-31 01:45:00+05:30,342.06955405549786,29.15,71.05,1,0,0,0,345.87027475454,345.7439911103453,1,0
2025-03-31 02:00:00+05:30,338.2596350472377,29.1,70.75,2,0,0,0,342.06955405549786,341.9434051817627,1,0
2025-03-31 02:15:00+05:30,334.0551628388896,29.075,69.475,2,0,0,0,338.2596350472377,339.13734016935354,1,0
2025-03-31 02:30:00+05:30,330.4601584120981,29.05,68.35,2,0,0,0,334.0551628388896,336.5606265228718,1,0
2025-03-31 02:45:00+05:30,327.62709789006584,29.0,68.925,2,0,0,0,330.4601584120981,332.3403882975152,1,0
2025-03-31 03:00:00+05:30,325.3653039243988,28.9,69.35,3,0,0,0,327.62709789006584,329.0613380659064,1,0
2025-03-31 03:15:00+05:30,322.7181173146885,28.85,70.5,3,0,0,0,325.3653039243988,328.2656713253017,1,0
2025-03-31 03:30:00+05:30,320.50961470946027,28.7,71.5,3,0,0,0,322.7181173146885,326.8017685546792,1,0
2025-03-31 03:45:00+05:30,316.4023141874464,28.675,71.675,3,0,0,0,320.50961470946027,324.4499464693972,1,0
2025-03-31 04:00:00+05:30,314.65202457410584,28.65,71.15,4,0,0,0,316.4023141874464,322.6031461805285,1,0
2025-03-31 04:15:00+05:30,314.59469413546924,28.6,70.8,4,0,0,0,314.65202457410584,319.8896798588531,1,0
2025-03-31 04:30:00+05:30,315.01425229684,28.425,69.975,4,0,0,0,314.59469413546924,319.44470993294675,1,0
2025-03-31 04:45:00+05:30,315.296593803444,28.4,71.0,4,0,0,0,315.01425229684,318.0879150138506,1,0
2025-03-31 05:00:00+05:30,314.6528756494588,28.275,72.65,5,0,0,0,315.296593803444,318.83792635631613,1,0
2025-03-31 05:15:00+05:30,315.2989740413711,28.2,72.675,5,0,0,0,314.6528756494588,318.49409023581785,1,0
2025-03-31 05:30:00+05:30,319.39277541436456,28.175,72.975,5,0,0,0,315.2989740413711,319.29820202724835,1,0
2025-03-31 05:45:00+05:30,319.5573334163517,28.075,73.7,5,0,0,0,319.39277541436456,319.1331287598439,1,0
2025-03-31 06:00:00+05:30,324.6646697379193,27.975,74.375,6,0,0,0,319.5573334163517,321.6118397208641,1,0
2025-03-31 06:15:00+05:30,328.31270065901936,28.025,74.95,6,0,0,0,324.6646697379193,323.208756922611,1,0
2025-03-31 06:30:00+05:30,332.98683756075206,28.075,75.425,6,0,0,0,328.31270065901936,321.3342069184729,1,0
2025-03-31 06:45:00+05:30,339.4415471030288,28.15,74.725,6,0,0,0,332.98683756075206,322.7808812925052,1,0
2025-03-31 07:00:00+05:30,345.72280869678224,28.25,75.65,7,0,0,0,339.4415471030288,324.91361735965967,1,0
2025-03-31 07:15:00+05:30,353.2999989836219,28.425,76.225,7,0,0,0,345.72280869678224,327.8478839411073,1,0
2025-03-31 07:30:00+05:30,363.1705959372173,28.625,75.45,7,0,0,0,353.2999989836219,333.0701302539812,1,0
2025-03-31 07:45:00+05:30,375.30198431114303,28.8,75.875,7,0,0,0,363.1705959372173,335.69562555599214,1,0
2025-03-31 08:00:00+05:30,391.6787852403961,29.15,75.675,8,0,0,0,375.30198431114303,342.9720726730511,1,0
2025-03-31 08:15:00+05:30,408.356883788346,29.325,75.375,8,0,0,0,391.6787852403961,349.56920051523286,1,0
2025-03-31 08:30:00+05:30,422.1038672983453,29.7,74.0,8,0,0,0,408.356883788346,360.27332602205047,1,0
2025-03-31 08:45:00+05:30,438.5620522785973,29.975,72.6,8,0,0,0,422.1038672983453,366.7437348584231,1,0
2025-03-31 09:00:00+05:30,454.06923155699775,30.25,71.45,9,0,0,1,438.5620522785973,375.3632146304056,1,0
2025-03-31 09:15:00+05:30,464.0892752754804,30.6,70.1,9,0,0,1,454.06923155699775,379.0611208304491,1,0
2025-03-31 09:30:00+05:30,472.4487053666202,30.975,68.4,9,0,0,1,464.0892752754804,383.1695875486721,1,0
2025-03-31 09:45:00+05:30,481.7294378265538,31.375,67.175,9,0,0,1,472.4487053666202,384.3411402973404,1,0
2025-03-31 10:00:00+05:30,489.9468077476333,31.6,65.275,10,0,0,1,481.7294378265538,388.870407057619,1,0
2025-03-31 10:15:00+05:30,495.4395987480944,32.025,63.5,10,0,0,1,489.9468077476333,394.6201704431603,1,0
2025-03-31 10:30:00+05:30,501.42142635972624,32.4,61.275,10,0,0,1,495.4395987480944,398.64353738145,1,0
2025-03-31 10:45:00+05:30,504.8215040641173,32.625,60.7,10,0,0,1,501.42142635972624,403.2759451888092,1,0
2025-03-31 11:00:00+05:30,509.5028332403372,33.05,59.175,11,0,0,1,504.8215040641173,403.2101780635985,1,0
2025-03-31 11:15:00+05:30,510.6249541507902,33.35,59.275,11,0,0,1,509.5028332403372,404.7215454016302,1,0
2025-03-31 11:30:00+05:30,511.2873876516778,33.3,59.45,11,0,0,1,510.6249541507902,402.4613510904084,1,0
2025-03-31 11:45:00+05:30,510.00266858973634,33.3,59.875,11,0,0,1,511.2873876516778,404.50940006855546,1,0
2025-03-31 12:00:00+05:30,511.2344093752949,33.525,59.7,12,0,0,1,510.00266858973634,405.798952011168,1,0
2025-03-31 12:15:00+05:30,508.9959855662187,33.725,58.725,12,0,0,1,511.2344093752949,405.2661955741567,1,0
2025-03-31 12:30:00+05:30,508.8372798039049,33.625,58.225,12,0,0,1,508.9959855662187,404.1797907262122,1,0
2025-03-31 12:45:00+05:30,509.0222544779325,33.9,57.425,12,0,0,1,508.8372798039049,406.0862224332092,1,0
2025-03-31 13:00:00+05:30,504.17862158688166,33.85,57.15,13,0,0,1,509.0222544779325,404.57818274262905,1,0
2025-03-31 13:15:00+05:30,502.6658632412578,34.025,57.375,13,0,0,1,504.17862158688166,403.2052819609979,1,0
2025-03-31 13:30:00+05:30,502.5370806997059,34.05,56.525,13,0,0,1,502.6658632412578,401.8525071902978,1,0
2025-03-31 13:45:00+05:30,507.1066113379184,34.075,56.675,13,0,0,1,502.5370806997059,403.5928821492533,1,0
2025-03-31 14:00:00+05:30,509.1623423378705,34.125,56.375,14,0,0,1,507.1066113379184,405.347693502306,1,0
2025-03-31 14:15:00+05:30,512.132029069456,33.925,56.575,14,0,0,1,509.1623423378705,407.3164805074924,1,0
2025-03-31 14:30:00+05:30,511.72081811236217,33.85,56.5,14,0,0,1,512.132029069456,407.2891074127036,1,0
2025-03-31 14:45:00+05:30,513.182775405796,33.85,55.975,14,0,0,1,511.72081811236217,406.6029214595568,1,0
2025-03-31 15:00:00+05:30,511.9656496823959,33.75,54.5,15,0,0,1,513.182775405796,408.9051072637517,1,0
2025-03-31 15:15:00+05:30,510.2869098318467,33.775,55.425,15,0,0,1,511.9656496823959,408.2695050147164,1,0
2025-03-31 15:30:00+05:30,509.654801531097,33.85,53.975,15,0,0,1,510.2869098318467,408.03280077007526,1,0
2025-03-31 15:45:00+05:30,508.2721358630336,33.775,54.3,15,0,0,1,509.654801531097,407.0712462985307,1,0
2025-03-31 16:00:00+05:30,507.13548755198207,33.525,53.575,16,0,0,1,508.2721358630336,405.3798017342041,1,0
2025-03-31 16:15:00+05:30,501.50044096058326,33.45,53.95,16,0,0,1,507.13548755198207,403.8525988999095,1,0
2025-03-31 16:30:00+05:30,496.4586346429045,33.15,53.825,16,0,0,1,501.50044096058326,402.1903244664357,1,0
2025-03-31 16:45:00+05:30,490.31562091844233,32.8,54.85,16,0,0,1,496.4586346429045,398.10756058893753,1,0
2025-03-31 17:00:00+05:30,485.93654771688057,32.4,55.225,17,0,0,1,490.31562091844233,396.0167234016096,1,0
2025-03-31 17:15:00+05:30,482.6496852440456,31.8,55.525,17,0,0,1,485.93654771688057,394.8347538506518,1,0
2025-03-31 17:30:00+05:30,476.1755003886146,31.65,56.125,17,0,0,1,482.6496852440456,391.3173889384513,1,0
2025-03-31 17:45:00+05:30,471.6431095109573,31.325,56.075,17,0,0,1,476.1755003886146,385.9776118507399,1,0
2025-03-31 18:00:00+05:30,467.8332656096789,31.125,55.5,18,0,0,0,471.6431095109573,388.5638062082227,1,0
2025-03-31 18:15:00+05:30,465.1634101245108,30.975,55.15,18,0,0,0,467.8332656096789,388.9020986915224,1,0
2025-03-31 18:30:00+05:30,464.6495049947615,30.85,54.875,18,0,0,0,465.1634101245108,391.4027059301472,1,0
2025-03-31 18:45:00+05:30,464.9577331348922,30.8,54.75,18,0,0,0,464.6495049947615,395.2844428941487,1,0
2025-03-31 19:00:00+05:30,462.5964569241794,30.8,54.3,19,0,0,0,464.9577331348922,393.948162279233,1,0
2025-03-31 19:15:00+05:30,458.0880961101138,30.775,54.05,19,0,0,0,462.5964569241794,392.8991564815186,1,0
2025-03-31 19:30:00+05:30,452.55092527579296,30.75,54.85,19,0,0,0,458.0880961101138,391.3657991479359,1,0
2025-03-31 19:45:00+05:30,446.64969142134345,30.625,55.4,19,0,0,0,452.55092527579296,392.16612864385127,1,0
2025-03-31 20:00:00+05:30,440.4457401671911,30.45,56.85,20,0,0,0,446.64969142134345,392.8901643224824,1,0
2025-03-31 20:15:00+05:30,436.5788542912341,30.35,58.775,20,0,0,0,440.4457401671911,392.5113135210338,1,0
2025-03-31 20:30:00+05:30,430.0829383525079,30.1,59.625,20,0,0,0,436.5788542912341,389.40042839279033,1,0
2025-03-31 20:45:00+05:30,428.47798821926045,30.05,60.375,20,0,0,0,430.0829383525079,388.8702980885572,1,0
2025-03-31 21:00:00+05:30,422.1495927488501,30.075,59.85,21,0,0,0,428.47798821926045,387.5184722529841,1,0
2025-03-31 21:15:00+05:30,418.4674663427319,29.975,60.1,21,0,0,0,422.1495927488501,387.9302134935205,1,0
2025-03-31 21:30:00+05:30,415.8198293501874,29.9,61.55,21,0,0,0,418.4674663427319,386.7037589713887,1,0
2025-03-31 21:45:00+05:30,412.4107945338183,29.75,63.35,21,0,0,0,415.8198293501874,385.8369126381266,1,0
2025-03-31 22:00:00+05:30,408.9875919203833,29.65,63.875,22,0,0,0,412.4107945338183,384.2560220057832,1,0
2025-03-31 22:15:00+05:30,404.79970536443216,29.525,64.825,22,0,0,0,408.9875919203833,382.9754062158314,1,0
2025-03-31 22:30:00+05:30,405.6495891900985,29.4,64.15,22,0,0,0,404.79970536443216,384.492264229542,1,0
2025-03-31 22:45:00+05:30,402.7226637416644,29.25,65.3,22,0,0,0,405.6495891900985,382.829579774952,1,0
2025-03-31 23:00:00+05:30,397.0216681767369,29.175,66.925,23,0,0,0,402.7226637416644,376.79334398777183,1,0
2025-03-31 23:15:00+05:30,394.0267466746863,29.15,68.775,23,0,0,0,397.0216681767369,376.5972935695689,1,0
2025-03-31 23:30:00+05:30,389.7268353481587,29.05,69.3,23,0,0,0,394.0267466746863,374.7130746481108,1,0
2025-03-31 23:45:00+05:30,386.80635252459706,29.05,68.75,23,0,0,0,389.7268353481587,372.6911977543516,1,0
2025-04-01 00:00:00+05:30,382.7507663001627,29.025,69.325,0,1,0,0,386.80635252459706,371.9961357015352,0,0
2025-04-01 00:15:00+05:30,378.17220624818987,29.0,70.175,0,1,0,0,382.7507663001627,367.87234306743017,0,0
2025-04-01 00:30:00+05:30,370.2716084778365,28.875,70.5,0,1,0,0,378.17220624818987,361.372327010003,0,0
2025-04-01 00:45:00+05:30,365.3840804539397,28.85,69.7,0,1,0,0,370.2716084778365,357.05887581877784,0,0
2025-04-01 01:00:00+05:30,360.1743978713092,28.775,70.05,1,1,0,0,365.3840804539397,353.14831064695244,0,0
2025-04-01 01:15:00+05:30,356.74602211117207,28.7,70.3,1,1,0,0,360.1743978713092,349.9011081475466,0,0
2025-04-01 01:30:00+05:30,351.93020670430485,28.75,70.175,1,1,0,0,356.74602211117207,345.87027475454,0,0
2025-04-01 01:45:00+05:30,349.8854636339517,28.625,71.1,1,1,0,0,351.93020670430485,342.06955405549786,0,0
2025-04-01 02:00:00+05:30,346.9457812774604,28.575,71.775,2,1,0,0,349.8854636339517,338.2596350472377,0,0
2025-04-01 02:15:00+05:30,342.5608886372296,28.425,72.35,2,1,0,0,346.9457812774604,334.0551628388896,0,0
2025-04-01 02:30:00+05:30,338.6648625749432,28.375,72.55,2,1,0,0,342.5608886372296,330.4601584120981,0,0
2025-04-01 02:45:00+05:30,334.55081837899235,28.4,72.325,2,1,0,0,338.6648625749432,327.62709789006584,0,0
2025-04-01 03:00:00+05:30,331.93491402378663,28.4,71.725,3,1,0,0,334.55081837899235,325.3653039243988,0,0
2025-04-01 03:15:00+05:30,327.79938565845663,28.375,71.1,3,1,0,0,331.93491402378663,322.7181173146885,0,0
2025-04-01 03:30:00+05:30,323.239637280387,28.275,71.575,3,1,0,0,327.79938565845663,320.50961470946027,0,0
2025-04-01 03:45:00+05:30,322.8930429971527,28.25,71.45,3,1,0,0,323.239637280387,316.4023141874464,0,0
2025-04-01 04:00:00+05:30,320.4661843347818,28.2,71.5,4,1,0,0,322.8930429971527,314.65202457410584,0,0
2025-04-01 04:15:00+05:30,320.60645105659535,28.2,71.9,4,1,0,0,320.4661843347818,314.59469413546924,0,0
2025-04-01 04:30:00+05:30,319.8905237536513,28.225,71.65,4,1,0,0,320.60645105659535,315.01425229684,0,0
2025-04-01 04:45:00+05:30,318.5230639228708,28.25,71.65,4,1,0,0,319.8905237536513,315.296593803444,0,0
2025-04-01 05:00:00+05:30,318.9483174114211,28.25,72.5,5,1,0,0,318.5230639228708,314.6528756494588,0,0
2025-04-01 05:15:00+05:30,319.6263294828583,28.225,73.375,5,1,0,0,318.9483174114211,315.2989740413711,0,0
2025-04-01 05:30:00+05:30,324.89771648838814,28.225,74.25,5,1,0,0,319.6263294828583,319.39277541436456,0,0
2025-04-01 05:45:00+05:30,329.6866884244911,28.325,74.625,5,1,0,0,324.89771648838814,319.5573334163517,0,0
2025-04-01 06:00:00+05:30,338.9350444648049,28.3,75.375,6,1,0,0,329.6866884244911,324.6646697379193,0,0
2025-04-01 06:15:00+05:30,346.616777592985,28.3,75.15,6,1,0,0,338.9350444648049,328.31270065901936,0,0
2025-04-01 06:30:00+05:30,355.2479139181681,28.2,75.875,6,1,0,0,346.616777592985,332.98683756075206,0,0
2025-04-01 06:45:00+05:30,365.49021798665615,28.325,75.8,6,1,0,0,355.2479139181681,339.4415471030288,0,0
2025-04-01 07:00:00+05:30,378.46063975399227,28.35,76.075,7,1,0,0,365.49021798665615,345.72280869678224,0,0
2025-04-01 07:15:00+05:30,391.52431244758,28.5,75.875,7,1,0,0,378.46063975399227,353.2999989836219,0,0
2025-04-01 07:30:00+05:30,403.59555053167,28.575,75.9,7,1,0,0,391.52431244758,363.1705959372173,0,0
2025-04-01 07:45:00+05:30,421.0263118722431,28.75,75.175,7,1,0,0,403.59555053167,375.30198431114303,0,0
2025-04-01 08:00:00+05:30,440.3805467526008,28.875,74.675,8,1,0,0,421.0263118722431,391.6787852403961,0,0
2025-04-01 08:15:00+05:30,462.35678677860216,29.025,74.15,8,1,0,0,440.3805467526008,408.356883788346,0,0
2025-04-01 08:30:00+05:30,480.96131541935415,29.2,73.475,8,1,0,0,462.35678677860216,422.1038672983453,0,0
2025-04-01 08:45:00+05:30,497.1750554230407,29.475,72.25,8,1,0,0,480.96131541935415,438.5620522785973,0,0
2025-04-01 09:00:00+05:30,511.41534188931934,29.925,71.075,9,1,0,1,497.1750554230407,454.06923155699775,0,0
2025-04-01 09:15:00+05:30,521.4484554219991,30.35,69.05,9,1,0,1,511.41534188931934,464.0892752754804,0,0
2025-04-01 09:30:00+05:30,533.3932023726758,31.125,65.85,9,1,0,1,521.4484554219991,472.4487053666202,0,0
2025-04-01 09:45:00+05:30,544.8833600931365,31.45,61.975,9,1,0,1,533.3932023726758,481.7294378265538,0,0
2025-04-01 10:00:00+05:30,551.5878473807095,31.875,60.175,10,1,0,1,544.8833600931365,489.9468077476333,0,0
2025-04-01 10:15:00+05:30,559.7130274461168,31.95,59.15,10,1,0,1,551.5878473807095,495.4395987480944,0,0
2025-04-01 10:30:00+05:30,565.9183962619294,32.025,57.325,10,1,0,1,559.7130274461168,501.42142635972624,0,0
2025-04-01 10:45:00+05:30,566.5903936915865,32.7,55.1,10,1,0,1,565.9183962619294,504.8215040641173,0,0
2025-04-01 11:00:00+05:30,566.8615528484661,33.25,51.2,11,1,0,1,566.5903936915865,509.5028332403372,0,0
2025-04-01 11:15:00+05:30,566.3438276236109,33.625,51.4125,11,1,0,1,566.8615528484661,510.6249541507902,0,0
2025-04-01 11:30:00+05:30,561.8737504457099,34.225,51.51875,11,1,0,1,566.3438276236109,511.2873876516778,0,0
2025-04-01 11:45:00+05:30,560.9169831989029,34.325,51.571875,11,1,0,1,561.8737504457099,510.00266858973634,0,0
2025-04-01 12:00:00+05:30,560.0979718303894,34.475,51.5984375,12,1,0,1,560.9169831989029,511.2344093752949,0,0
2025-04-01 12:15:00+05:30,557.1997367757889,34.825,51.61171875,12,1,0,1,560.0979718303894,508.9959855662187,0,0
2025-04-01 12:30:00+05:30,555.7854738305008,35.15,51.618359375,12,1,0,1,557.1997367757889,508.8372798039049,0,0
2025-04-01 12:45:00+05:30,555.0960971555857,35.475,51.6216796875,12,1,0,1,555.7854738305008,509.0222544779325,0,0
2025-04-01 13:00:00+05:30,551.4847513565253,36.0,51.62333984375,13,1,0,1,555.0960971555857,504.17862158688166,0,0
2025-04-01 13:15:00+05:30,550.6112322481703,35.9375,51.624169921875,13,1,0,1,551.4847513565253,502.6658632412578,0,0
2025-04-01 13:30:00+05:30,551.1077132529338,35.90625,51.6245849609375,13,1,0,1,550.6112322481703,502.5370806997059,0,0
2025-04-01 13:45:00+05:30,554.9076041609555,35.890625,51.62479248046875,13,1,0,1,551.1077132529338,507.1066113379184,0,0
2025-04-01 14:00:00+05:30,560.6617203293838,35.8828125,51.62489624023438,14,1,0,1,554.9076041609555,509.1623423378705,0,0
2025-04-01 14:15:00+05:30,563.7083918135153,35.875,51.62494812011719,14,1,0,1,560.6617203293838,512.132029069456,0,0
2025-04-01 14:30:00+05:30,565.7787952289568,35.675,51.62497406005859,14,1,0,1,563.7083918135153,511.72081811236217,0,0
2025-04-01 14:45:00+05:30,569.362865978183,34.675,51.624987030029295,14,1,0,1,565.7787952289568,513.182775405796,0,0
2025-04-01 15:00:00+05:30,569.3142376639286,34.125,51.625,15,1,0,1,569.362865978183,511.9656496823959,0,0
2025-04-01 15:15:00+05:30,565.9647369609656,33.175,58.85,15,1,0,1,569.3142376639286,510.2869098318467,0,0
2025-04-01 15:30:00+05:30,565.1318794488444,32.575,63.2,15,1,0,1,565.9647369609656,509.654801531097,0,0
2025-04-01 15:45:00+05:30,563.7956859408018,32.175,64.725,15,1,0,1,565.1318794488444,508.2721358630336,0,0
2025-04-01 16:00:00+05:30,565.5916071219917,31.65,66.925,16,1,0,1,563.7956859408018,507.13548755198207,0,0
2025-04-01 16:15:00+05:30,560.3606146880377,31.525,66.9,16,1,0,1,565.5916071219917,501.50044096058326,0,0
2025-04-01 16:30:00+05:30,553.585461230367,31.25,67.35,16,1,0,1,560.3606146880377,496.4586346429045,0,0
2025-04-01 16:45:00+05:30,548.4063258344329,30.85,68.675,16,1,0,1,553.585461230367,490.31562091844233,0,0
2025-04-01 17:00:00+05:30,545.5867176852113,30.625,68.325,17,1,0,1,548.4063258344329,485.93654771688057,0,0
2025-04-01 17:15:00+05:30,537.757852476349,30.4,68.825,17,1,0,1,545.5867176852113,482.6496852440456,0,0
2025-04-01 17:30:00+05:30,529.6264035508851,30.275,69.325,17,1,0,1,537.757852476349,476.1755003886146,0,0
2025-04-01 17:45:00+05:30,524.4342968012543,30.375,68.825,17,1,0,1,529.6264035508851,471.6431095109573,0,0
2025-04-01 18:00:00+05:30,519.401489585337,30.425,66.925,18,1,0,0,524.4342968012543,467.8332656096789,0,0
2025-04-01 18:15:00+05:30,513.0215371789785,30.45,64.975,18,1,0,0,519.401489585337,465.1634101245108,0,0
2025-04-01 18:30:00+05:30,505.8911593501296,30.375,63.2,18,1,0,0,513.0215371789785,464.6495049947615,0,0
2025-04-01 18:45:00+05:30,502.7883055111132,30.3,63.225,18,1,0,0,505.8911593501296,464.9577331348922,0,0
2025-04-01 19:00:00+05:30,494.8064973402367,30.25,64.25,19,1,0,0,502.7883055111132,462.5964569241794,0,0
2025-04-01 19:15:00+05:30,487.7407064652551,30.15,63.75,19,1,0,0,494.8064973402367,458.0880961101138,0,0
2025-04-01 19:30:00+05:30,480.1673733579871,30.125,64.85,19,1,0,0,487.7407064652551,452.55092527579296,0,0
2025-04-01 19:45:00+05:30,470.0181070257224,29.95,64.925,19,1,0,0,480.1673733579871,446.64969142134345,0,0
2025-04-01 20:00:00+05:30,460.8064282123984,29.825,65.925,20,1,0,0,470.0181070257224,440.4457401671911,0,0
2025-04-01 20:15:00+05:30,455.3480571346501,29.8,66.5,20,1,0,0,460.8064282123984,436.5788542912341,0,0
2025-04-01 20:30:00+05:30,446.3631230528808,29.85,67.6,20,1,0,0,455.3480571346501,430.0829383525079,0,0
2025-04-01 20:45:00+05:30,446.5724630274924,29.9,67.55,20,1,0,0,446.3631230528808,428.47798821926045,0,0
2025-04-01 21:00:00+05:30,442.0369890789883,29.825,67.7,21,1,0,0,446.5724630274924,422.1495927488501,0,0
2025-04-01 21:15:00+05:30,436.84308684595646,29.775,68.025,21,1,0,0,442.0369890789883,418.4674663427319,0,0
2025-04-01 21:30:00+05:30,434.47461419436667,29.825,68.35,21,1,0,0,436.84308684595646,415.8198293501874,0,0
2025-04-01 21:45:00+05:30,430.8037111013617,29.8,68.425,21,1,0,0,434.47461419436667,412.4107945338183,0,0
2025-04-01 22:00:00+05:30,426.38284856842927,29.7,69.325,22,1,0,0,430.8037111013617,408.9875919203833,0,0
2025-04-01 22:15:00+05:30,422.1128076824241,29.625,71.425,22,1,0,0,426.38284856842927,404.79970536443216,0,0
2025-04-01 22:30:00+05:30,420.7429290131572,29.5,72.125,22,1,0,0,422.1128076824241,405.6495891900985,0,0
2025-04-01 22:45:00+05:30,414.2678600199881,29.475,71.8,22,1,0,0,420.7429290131572,402.7226637416644,0,0
2025-04-01 23:00:00+05:30,409.07154171504334,29.475,69.975,23,1,0,0,414.2678600199881,397.0216681767369,0,0
2025-04-01 23:15:00+05:30,406.4826432847455,29.475,71.0,23,1,0,0,409.07154171504334,394.0267466746863,0,0
2025-04-01 23:30:00+05:30,402.5012660493608,29.525,71.225,23,1,0,0,406.4826432847455,389.7268353481587,0,0
2025-04-01 23:45:00+05:30,397.1526831804667,29.55,70.525,23,1,0,0,402.5012660493608,386.80635252459706,0,0
2025-04-02 00:00:00+05:30,391.1234298984028,29.45,70.75,0,2,0,0,397.1526831804667,382.7507663001627,0,0
2025-04-02 00:15:00+05:30,385.7024273167197,29.35,71.3,0,2,0,0,391.1234298984028,378.17220624818987,0,0
2025-04-02 00:30:00+05:30,379.2143199916352,29.225,71.85,0,2,0,0,385.7024273167197,370.2716084778365,0,0
2025-04-02 00:45:00+05:30,373.6756068734952,29.15,72.375,0,2,0,0,379.2143199916352,365.3840804539397,0,0
2025-04-02 01:00:00+05:30,368.3954301270695,29.05,73.325,1,2,0,0,373.6756068734952,360.1743978713092,0,0
2025-04-02 01:15:00+05:30,364.01596043605,28.975,73.675,1,2,0,0,368.3954301270695,356.74602211117207,0,0
2025-04-02 01:30:00+05:30,357.5977242838317,28.975,74.2,1,2,0,0,364.01596043605,351.93020670430485,0,0
2025-04-02 01:45:00+05:30,354.56431215533405,29.5,75.55,1,2,0,0,357.5977242838317,349.8854636339517,0,0
2025-04-02 02:00:00+05:30,352.10166984428696,28.875,75.425,2,2,0,0,354.56431215533405,346.9457812774604,0,0
2025-04-02 02:15:00+05:30,349.2637038442012,28.875,77.2,2,2,0,0,352.10166984428696,342.5608886372296,0,0
2025-04-02 02:30:00+05:30,346.2228958769017,28.7,79.475,2,2,0,0,349.2637038442012,338.6648625749432,0,0
2025-04-02 02:45:00+05:30,342.96853317181325,28.7,78.8,2,2,0,0,346.2228958769017,334.55081837899235,0,0
2025-04-02 03:00:00+05:30,339.26756391448845,28.725,77.95,3,2,0,0,342.96853317181325,331.93491402378663,0,0
2025-04-02 03:15:00+05:30,335.38226059211115,28.725,77.85,3,2,0,0,339.26756391448845,327.79938565845663,0,0
2025-04-02 03:30:00+05:30,331.17126592731245,28.75,77.575,3,2,0,0,335.38226059211115,323.239637280387,0,0
2025-04-02 03:45:00+05:30,327.3742578356653,28.725,77.725,3,2,0,0,331.17126592731245,322.8930429971527,0,0
2025-04-02 04:00:00+05:30,326.12900515178563,28.75,77.35,4,2,0,0,327.3742578356653,320.4661843347818,0,0
2025-04-02 04:15:00+05:30,326.1871446374052,28.725,77.125,4,2,0,0,326.12900515178563,320.60645105659535,0,0
2025-04-02 04:30:00+05:30,324.20172121868774,28.725,77.45,4,2,0,0,326.1871446374052,319.8905237536513,0,0
2025-04-02 04:45:00+05:30,322.3399990277886,28.75,77.6,4,2,0,0,324.20172121868774,318.5230639228708,0,0
2025-04-02 05:00:00+05:30,323.8672838980891,28.775,77.575,5,2,0,0,322.3399990277886,318.9483174114211,0,0
2025-04-02 05:15:00+05:30,326.28970495315133,28.725,77.725,5,2,0,0,323.8672838980891,319.6263294828583,0,0
2025-04-02 05:30:00+05:30,331.20734897400143,28.65,77.875,5,2,0,0,326.28970495315133,324.89771648838814,0,0
2025-04-02 05:45:00+05:30,336.19944354779693,28.675,77.475,5,2,0,0,331.20734897400143,329.6866884244911,0,0
2025-04-02 06:00:00+05:30,344.2594953717621,28.5,77.45,6,2,0,0,336.19944354779693,338.9350444648049,0,0
2025-04-02 06:15:00+05:30,349.6506866781777,28.4,78.15,6,2,0,0,344.2594953717621,346.616777592985,0,0
2025-04-02 06:30:00+05:30,362.0394034769933,28.325,78.45,6,2,0,0,349.6506866781777,355.2479139181681,0,0
2025-04-02 06:45:00+05:30,373.2024578746381,28.425,77.825,6,2,0,0,362.0394034769933,365.49021798665615,0,0
2025-04-02 07:00:00+05:30,386.16417144840887,28.45,78.0,7,2,0,0,373.2024578746381,378.46063975399227,0,0
2025-04-02 07:15:00+05:30,401.3602344892916,28.7,77.025,7,2,0,0,386.16417144840887,391.52431244758,0,0
2025-04-02 07:30:00+05:30,417.9309253199252,29.075,75.85,7,2,0,0,401.3602344892916,403.59555053167,0,0
2025-04-02 07:45:00+05:30,435.6815583399131,29.375,74.475,7,2,0,0,417.9309253199252,421.0263118722431,0,0
2025-04-02 08:00:00+05:30,457.2099243834211,29.675,73.45,8,2,0,0,435.6815583399131,440.3805467526008,0,0
2025-04-02 08:15:00+05:30,478.167511677573,29.85,71.975,8,2,0,0,457.2099243834211,462.35678677860216,0,0
2025-04-02 08:30:00+05:30,497.8293943969599,30.1,70.75,8,2,0,0,478.167511677573,480.96131541935415,0,0
2025-04-02 08:45:00+05:30,515.2969677554963,30.5,68.775,8,2,0,0,497.8293943969599,497.1750554230407,0,0
2025-04-02 09:00:00+05:30,528.6417378386486,30.85,67.3,9,2,0,1,515.2969677554963,511.41534188931934,0,0
2025-04-02 09:15:00+05:30,540.2930753062531,31.4,64.65,9,2,0,1,528.6417378386486,521.4484554219991,0,0
2025-04-02 09:30:00+05:30,549.0054572623291,32.175,60.6,9,2,0,1,540.2930753062531,533.3932023726758,0,0
2025-04-02 09:45:00+05:30,560.9348172555733,32.7,57.375,9,2,0,1,549.0054572623291,544.8833600931365,0,0
2025-04-02 10:00:00+05:30,566.1884793471835,33.4,52.8,10,2,0,1,560.9348172555733,551.5878473807095,0,0
2025-04-02 10:15:00+05:30,572.5242467815739,33.85,49.75,10,2,0,1,566.1884793471835,559.7130274461168,0,0
2025-04-02 10:30:00+05:30,575.8258797589187,34.1,47.875,10,2,0,1,572.5242467815739,565.9183962619294,0,0
2025-04-02 10:45:00+05:30,579.5040580110441,34.525,46.4,10,2,0,1,575.8258797589187,566.5903936915865,0,0
2025-04-02 11:00:00+05:30,581.833081159647,34.875,45.7,11,2,0,1,579.5040580110441,566.8615528484661,0,0
2025-04-02 11:15:00+05:30,583.5538666185046,35.025,46.25,11,2,0,1,581.833081159647,566.3438276236109,0,0
2025-04-02 11:30:00+05:30,583.2688552968467,35.675,45.125,11,2,0,1,583.5538666185046,561.8737504457099,0,0
2025-04-02 11:45:00+05:30,582.8018336526151,35.525,45.775,11,2,0,1,583.2688552968467,560.9169831989029,0,0
2025-04-02 12:00:00+05:30,583.7823419772149,35.275,47.15,12,2,0,1,582.8018336526151,560.0979718303894,0,0
2025-04-02 12:15:00+05:30,581.9980232693227,35.225,46.875,12,2,0,1,583.7823419772149,557.1997367757889,0,0
2025-04-02 12:30:00+05:30,580.4527568150385,35.3,44.95,12,2,0,1,581.9980232693227,555.7854738305008,0,0
2025-04-02 12:45:00+05:30,580.128694287717,35.175,44.5,12,2,0,1,580.4527568150385,555.0960971555857,0,0
2025-04-02 13:00:00+05:30,575.3288698217673,35.25,46.175,13,2,0,1,580.128694287717,551.4847513565253,0,0
2025-04-02 13:15:00+05:30,573.6323930503197,35.125,46.3,13,2,0,1,575.3288698217673,550.6112322481703,0,0
2025-04-02 13:30:00+05:30,571.6178566072277,35.25,47.075,13,2,0,1,573.6323930503197,551.1077132529338,0,0
2025-04-02 13:45:00+05:30,575.2035396587947,35.275,46.625,13,2,0,1,571.6178566072277,554.9076041609555,0,0
2025-04-02 14:00:00+05:30,578.3453576353929,35.3,47.375,14,2,0,1,575.2035396587947,560.6617203293838,0,0
2025-04-02 14:15:00+05:30,582.1622659194514,35.275,47.45,14,2,0,1,578.3453576353929,563.7083918135153,0,0
2025-04-02 14:30:00+05:30,583.7749382495703,35.25,48.825,14,2,0,1,582.1622659194514,565.7787952289568,0,0
2025-04-02 14:45:00+05:30,585.7059923520009,35.25,50.075,14,2,0,1,583.7749382495703,569.362865978183,0,0
2025-04-02 15:00:00+05:30,587.8059933762266,35.05,51.1,15,2,0,1,585.7059923520009,569.3142376639286,0,0
2025-04-02 15:15:00+05:30,587.0152249186577,35.125,51.425,15,2,0,1,587.8059933762266,565.9647369609656,0,0
2025-04-02 15:30:00+05:30,588.005562955687,34.625,52.775,15,2,0,1,587.0152249186577,565.1318794488444,0,0
2025-04-02 15:45:00+05:30,586.7610848003773,34.575,53.275,15,2,0,1,588.005562955687,563.7956859408018,0,0
2025-04-02 16:00:00+05:30,585.7896007056027,34.475,54.8,16,2,0,1,586.7610848003773,565.5916071219917,0,0
2025-04-02 16:15:00+05:30,581.5223761860864,34.125,56.275,16,2,0,1,585.7896007056027,560.3606146880377,0,0
2025-04-02 16:30:00+05:30,578.4868212098074,33.775,57.275,16,2,0,1,581.5223761860864,553.585461230367,0,0
2025-04-02 16:45:00+05:30,573.5696446667732,33.875,59.625,16,2,0,1,578.4868212098074,548.4063258344329,0,0
2025-04-02 17:00:00+05:30,567.1576906479283,33.5,60.225,17,2,0,1,573.5696446667732,545.5867176852113,0,0
2025-04-02 17:15:00+05:30,560.7383351917377,33.125,61.325,17,2,0,1,567.1576906479283,537.757852476349,0,0
2025-04-02 17:30:00+05:30,549.3692213392685,32.6,62.3,17,2,0,1,560.7383351917377,529.6264035508851,0,0
2025-04-02 17:45:00+05:30,542.5003103869826,32.225,63.25,17,2,0,1,549.3692213392685,524.4342968012543,0,0
2025-04-02 18:00:00+05:30,533.3169287,31.95,64.975,18,2,0,0,542.5003103869826,519.401489585337,0,0
2025-04-02 18:15:00+05:30,527.8210135708209,31.525,65.925,18,2,0,0,533.3169287,513.0215371789785,0,0
2025-04-02 18:30:00+05:30,523.3801530621173,31.325,66.525,18,2,0,0,527.8210135708209,505.8911593501296,0,0
2025-04-02 18:45:00+05:30,520.7537526564986,31.175,67.325,18,2,0,0,523.3801530621173,502.7883055111132,0,0
2025-04-02 19:00:00+05:30,514.0261654263714,31.025,68.15,19,2,0,0,520.7537526564986,494.8064973402367,0,0
2025-04-02 19:15:00+05:30,509.23051088952445,30.825,68.775,19,2,0,0,514.0261654263714,487.7407064652551,0,0
2025-04-02 19:30:00+05:30,499.4712204732121,30.75,68.675,19,2,0,0,509.23051088952445,480.1673733579871,0,0
2025-04-02 19:45:00+05:30,491.3039271104508,30.7,68.275,19,2,0,0,499.4712204732121,470.0181070257224,0,0
2025-04-02 20:00:00+05:30,480.9363499946555,30.775,68.325,20,2,0,0,491.3039271104508,460.8064282123984,0,0
2025-04-02 20:15:00+05:30,477.3148046826644,30.725,68.425,20,2,0,0,480.9363499946555,455.3480571346501,0,0
2025-04-02 20:30:00+05:30,470.32693611540935,30.725,68.875,20,2,0,0,477.3148046826644,446.3631230528808,0,0
2025-04-02 20:45:00+05:30,464.435195452186,30.775,69.35,20,2,0,0,470.32693611540935,446.5724630274924,0,0
2025-04-02 21:00:00+05:30,459.3763632281499,30.625,69.625,21,2,0,0,464.435195452186,442.0369890789883,0,0
2025-04-02 21:15:00+05:30,452.7912834197445,30.55,70.3,21,2,0,0,459.3763632281499,436.84308684595646,0,0
2025-04-02 21:30:00+05:30,448.1329592042468,30.475,70.175,21,2,0,0,452.7912834197445,434.47461419436667,0,0
2025-04-02 21:45:00+05:30,445.0655377585834,30.5,71.175,21,2,0,0,448.1329592042468,430.8037111013617,0,0
2025-04-02 22:00:00+05:30,438.92990044033496,30.4,70.075,22,2,0,0,445.0655377585834,426.38284856842927,0,0
2025-04-02 22:15:00+05:30,433.819836442432,30.375,70.45,22,2,0,0,438.92990044033496,422.1128076824241,0,0
2025-04-02 22:30:00+05:30,432.93676939089295,30.225,71.2,22,2,0,0,433.819836442432,420.7429290131572,0,0
2025-04-02 22:45:00+05:30,429.6938063091979,30.15,71.625,22,2,0,0,432.93676939089295,414.2678600199881,0,0
2025-04-02 23:00:00+05:30,425.360902897038,30.125,71.825,23,2,0,0,429.6938063091979,409.07154171504334,0,0
2025-04-02 23:15:00+05:30,421.1161131303269,30.1,72.45,23,2,0,0,425.360902897038,406.4826432847455,0,0
2025-04-02 23:30:00+05:30,416.99435986778286,30.1,72.5,23,2,0,0,421.1161131303269,402.5012660493608,0,0
2025-04-02 23:45:00+05:30,411.1201550141135,30.1,72.35,23,2,0,0,416.99435986778286,397.1526831804667,0,0
2025-04-03 00:00:00+05:30,405.732290142105,29.925,74.525,0,3,0,0,411.1201550141135,391.1234298984028,0,0
2025-04-03 00:15:00+05:30,399.7083956737859,29.875,76.575,0,3,0,0,405.732290142105,385.7024273167197,0,0
2025-04-03 00:30:00+05:30,394.7794073258195,29.8,77.575,0,3,0,0,399.7083956737859,379.2143199916352,0,0
2025-04-03 00:45:00+05:30,389.16415402602775,29.675,78.425,0,3,0,0,394.7794073258195,373.6756068734952,0,0
2025-04-03 01:00:00+05:30,383.2683664510258,29.625,79.15,1,3,0,0,389.16415402602775,368.3954301270695,0,0
2025-04-03 01:15:00+05:30,376.9576365267244,29.525,80.075,1,3,0,0,383.2683664510258,364.01596043605,0,0
2025-04-03 01:30:00+05:30,371.2717348280124,29.375000000000004,79.9,1,3,0,0,376.9576365267244,357.5977242838317,0,0
2025-04-03 01:45:00+05:30,367.9973095569129,29.275,80.225,1,3,0,0,371.2717348280124,354.56431215533405,0,0
2025-04-03 02:00:00+05:30,363.7590355146737,29.200000000000003,79.975,2,3,0,0,367.9973095569129,352.10166984428696,0,0
2025-04-03 02:15:00+05:30,361.53644152591255,29.200000000000003,79.725,2,3,0,0,363.7590355146737,349.2637038442012,0,0
2025-04-03 02:30:00+05:30,357.8220431274855,29.15,80.25,2,3,0,0,361.53644152591255,346.2228958769017,0,0
2025-04-03 02:45:00+05:30,354.8388212215416,29.175,80.27499999999999,2,3,0,0,357.8220431274855,342.96853317181325,0,0
2025-04-03 03:00:00+05:30,350.64942788760254,29.1,80.5,3,3,0,0,354.8388212215416,339.26756391448845,0,0
2025-04-03 03:15:00+05:30,347.2132351224668,29.075000000000003,79.85,3,3,0,0,350.64942788760254,335.38226059211115,0,0
2025-04-03 03:30:00+05:30,342.3279848469383,28.975,79.275,3,3,0,0,347.2132351224668,331.17126592731245,0,0
2025-04-03 03:45:00+05:30,338.22206061805343,28.95,78.8,3,3,0,0,342.3279848469383,327.3742578356653,0,0
2025-04-03 04:00:00+05:30,337.8106333015672,28.925,77.7,4,3,0,0,338.22206061805343,326.12900515178563,0,0
2025-04-03 04:15:00+05:30,337.7068376865093,28.950000000000003,76.15,4,3,0,0,337.8106333015672,326.1871446374052,0,0
2025-04-03 04:30:00+05:30,336.82583983871115,28.950000000000003,75.225,4,3,0,0,337.7068376865093,324.20172121868774,0,0
2025-04-03 04:45:00+05:30,335.7063134980239,28.925,74.55,4,3,0,0,336.82583983871115,322.3399990277886,0,0
2025-04-03 05:00:00+05:30,335.2768812003461,28.85,74.4,5,3,0,0,335.7063134980239,323.8672838980891,0,0
2025-04-03 05:15:00+05:30,336.0070909708192,28.85,74.075,5,3,0,0,335.2768812003461,326.28970495315133,0,0
2025-04-03 05:30:00+05:30,340.06510162300185,28.725,73.825,5,3,0,0,336.0070909708192,331.20734897400143,0,0
2025-04-03 05:45:00+05:30,346.2833383476027,28.800000000000004,73.875,5,3,0,0,340.06510162300185,336.19944354779693,0,0
2025-04-03 06:00:00+05:30,353.855877051559,28.85,73.8,6,3,0,0,346.2833383476027,344.2594953717621,0,0
2025-04-03 06:15:00+05:30,359.62229770341776,28.800000000000004,74.125,6,3,0,0,353.855877051559,349.6506866781777,0,0
2025-04-03 06:30:00+05:30,369.6146515635061,28.75,74.175,6,3,0,0,359.62229770341776,362.0394034769933,0,0
2025-04-03 06:45:00+05:30,383.0912397575608,28.8,74.125,6,3,0,0,369.6146515635061,373.2024578746381,0,0
2025-04-03 07:00:00+05:30,395.8057722793078,28.975,74.075,7,3,0,0,383.0912397575608,386.16417144840887,0,0
2025-04-03 07:15:00+05:30,407.1714544184807,29.2,73.7,7,3,0,0,395.8057722793078,401.3602344892916,0,0
2025-04-03 07:30:00+05:30,423.186072635956,29.475,72.8,7,3,0,0,407.1714544184807,417.9309253199252,0,0
2025-04-03 07:45:00+05:30,442.06086394597145,29.8,72.45,7,3,0,0,423.186072635956,435.6815583399131,0,0
2025-04-03 08:00:00+05:30,462.78069301781255,30.125,70.375,8,3,0,0,442.06086394597145,457.2099243834211,0,0
2025-04-03 08:15:00+05:30,486.2221862084234,30.425,70.35,8,3,0,0,462.78069301781255,478.167511677573,0,0
2025-04-03 08:30:00+05:30,508.1634660966616,30.725,69.25,8,3,0,0,486.2221862084234,497.8293943969599,0,0
2025-04-03 08:45:00+05:30,523.9022901983836,31.125,68.0,8,3,0,0,508.1634660966616,515.2969677554963,0,0
2025-04-03 09:00:00+05:30,539.7399706710464,31.325000000000003,66.44999999999999,9,3,0,1,523.9022901983836,528.6417378386486,0,0
2025-04-03 09:15:00+05:30,551.9743364081924,31.725,64.875,9,3,0,1,539.7399706710464,540.2930753062531,0,0
2025-04-03 09:30:00+05:30,562.3411575374967,32.025,63.9,9,3,0,1,551.9743364081924,549.0054572623291,0,0
2025-04-03 09:45:00+05:30,573.9193379753974,32.2,64.175,9,3,0,1,562.3411575374967,560.9348172555733,0,0
2025-04-03 10:00:00+05:30,579.9761383206419,32.474999999999994,63.6,10,3,0,1,573.9193379753974,566.1884793471835,0,0
2025-04-03 10:15:00+05:30,589.1945924844314,32.8,62.9,10,3,0,1,579.9761383206419,572.5242467815739,0,0
2025-04-03 10:30:00+05:30,595.4100527942296,33.2,61.95,10,3,0,1,589.1945924844314,575.8258797589187,0,0
2025-04-03 10:45:00+05:30,599.2447937389915,33.5,61.2,10,3,0,1,595.4100527942296,579.5040580110441,0,0
2025-04-03 11:00:00+05:30,603.476442311057,33.47500000000001,60.975,11,3,0,1,599.2447937389915,581.833081159647,0,0
2025-04-03 11:15:00+05:30,603.01113263548,33.5,61.35,11,3,0,1,603.476442311057,583.5538666185046,0,0
2025-04-03 11:30:00+05:30,602.4123630467055,33.775,60.875,11,3,0,1,603.01113263548,583.2688552968467,0,0
2025-04-03 11:45:00+05:30,602.7025120452408,33.875,60.975,11,3,0,1,602.4123630467055,582.8018336526151,0,0
2025-04-03 12:00:00+05:30,602.7238347448769,33.849999999999994,60.275,12,3,0,1,602.7025120452408,583.7823419772149,0,0
2025-04-03 12:15:00+05:30,603.2883739731986,34.45,58.6,12,3,0,1,602.7238347448769,581.9980232693227,0,0
2025-04-03 12:30:00+05:30,601.931110308645,34.55,58.925,12,3,0,1,603.2883739731986,580.4527568150385,0,0
2025-04-03 12:45:00+05:30,600.239221891591,34.475,59.45,12,3,0,1,601.931110308645,580.128694287717,0,0
2025-04-03 13:00:00+05:30,597.0689613506781,34.45,60.5,13,3,0,1,600.239221891591,575.3288698217673,0,0
2025-04-03 13:15:00+05:30,594.9878792399334,34.575,60.05,13,3,0,1,597.0689613506781,573.6323930503197,0,0
2025-04-03 13:30:00+05:30,595.165141285796,34.425,60.1,13,3,0,1,594.9878792399334,571.6178566072277,0,0
2025-04-03 13:45:00+05:30,600.0767687352466,34.75,59.8,13,3,0,1,595.165141285796,575.2035396587947,0,0
2025-04-03 14:00:00+05:30,604.1922133840899,34.55,60.15,14,3,0,1,600.0767687352466,578.3453576353929,0,0
2025-04-03 14:15:00+05:30,609.854890757791,34.300000000000004,61.275000000000006,14,3,0,1,604.1922133840899,582.1622659194514,0,0
2025-04-03 14:30:00+05:30,611.7588129613931,34.2,60.95,14,3,0,1,609.854890757791,583.7749382495703,0,0
2025-04-03 14:45:00+05:30,616.6854176396316,33.975,62.2,14,3,0,1,611.7588129613931,585.7059923520009,0,0
2025-04-03 15:00:00+05:30,615.3167757263674,33.925,62.900000000000006,15,3,0,1,616.6854176396316,587.8059933762266,0,0
2025-04-03 15:15:00+05:30,613.8101507953436,33.775000000000006,64.35,15,3,0,1,615.3167757263674,587.0152249186577,0,0
2025-04-03 15:30:00+05:30,614.5254525867813,33.7,64.7,15,3,0,1,613.8101507953436,588.005562955687,0,0
2025-04-03 15:45:00+05:30,612.3759079387534,33.55,65.125,15,3,0,1,614.5254525867813,586.7610848003773,0,0
2025-04-03 16:00:00+05:30,616.6184279589606,33.4,66.325,16,3,0,1,612.3759079387534,585.7896007056027,0,0
2025-04-03 16:15:00+05:30,610.2832573748349,33.175,67.7,16,3,0,1,616.6184279589606,581.5223761860864,0,0
2025-04-03 16:30:00+05:30,606.6136358057693,32.95,69.125,16,3,0,1,610.2832573748349,578.4868212098074,0,0
2025-04-03 16:45:00+05:30,601.423594861955,32.724999999999994,70.15,16,3,0,1,606.6136358057693,573.5696446667732,0,0
2025-04-03 17:00:00+05:30,595.1662464664847,32.475,71.125,17,3,0,1,601.423594861955,567.1576906479283,0,0
2025-04-03 17:15:00+05:30,589.1794441922631,32.05,72.625,17,3,0,1,595.1662464664847,560.7383351917377,0,0
2025-04-03 17:30:00+05:30,577.6113406599444,31.725,74.0,17,3,0,1,589.1794441922631,549.3692213392685,0,0
2025-04-03 17:45:00+05:30,567.6276702447012,31.3,76.1,17,3,0,1,577.6113406599444,542.5003103869826,0,0
2025-04-03 18:00:00+05:30,556.4939684857073,31.05,77.55,18,3,0,0,567.6276702447012,533.3169287,0,0
2025-04-03 18:15:00+05:30,549.5822702684533,30.775,78.44999999999999,18,3,0,0,556.4939684857073,527.8210135708209,0,0
2025-04-03 18:30:00+05:30,545.5633819587671,30.675,79.275,18,3,0,0,549.5822702684533,523.3801530621173,0,0
2025-04-03 18:45:00+05:30,540.3689148952759,30.5,79.925,18,3,0,0,545.5633819587671,520.7537526564986,0,0
2025-04-03 19:00:00+05:30,532.2106387932969,30.5,80.275,19,3,0,0,540.3689148952759,514.0261654263714,0,0
2025-04-03 19:15:00+05:30,524.2419755946805,30.325,80.85,19,3,0,0,532.2106387932969,509.23051088952445,0,0
2025-04-03 19:30:00+05:30,517.6778862545119,30.375,80.675,19,3,0,0,524.2419755946805,499.4712204732121,0,0
2025-04-03 19:45:00+05:30,510.33036787575617,30.325,80.8,19,3,0,0,517.6778862545119,491.3039271104508,0,0
2025-04-03 20:00:00+05:30,499.2463905646222,30.325,80.9,20,3,0,0,510.33036787575617,480.9363499946555,0,0
2025-04-03 20:15:00+05:30,493.0447514720786,30.325000000000003,81.025,20,3,0,0,499.2463905646222,477.3148046826644,0,0
2025-04-03 20:30:00+05:30,489.4275154580461,30.200000000000003,81.075,20,3,0,0,493.0447514720786,470.32693611540935,0,0
2025-04-03 20:45:00+05:30,485.8188327213886,30.275,80.625,20,3,0,0,489.4275154580461,464.435195452186,0,0
2025-04-03 21:00:00+05:30,478.9148280464932,30.225,80.575,21,3,0,0,485.8188327213886,459.3763632281499,0,0
2025-04-03 21:15:00+05:30,474.5527956859586,30.2,80.55,21,3,0,0,478.9148280464932,452.7912834197445,0,0
2025-04-03 21:30:00+05:30,470.40881571732285,30.05,80.875,21,3,0,0,474.5527956859586,448.1329592042468,0,0
2025-04-03 21:45:00+05:30,464.7430432038347,30.1,80.875,21,3,0,0,470.40881571732285,445.0655377585834,0,0
2025-04-03 22:00:00+05:30,459.5167180747338,30.075,81.42500000000001,22,3,0,0,464.7430432038347,438.92990044033496,0,0
2025-04-03 22:15:00+05:30,455.1375290988828,30.1,81.64999999999999,22,3,0,0,459.5167180747338,433.819836442432,0,0
2025-04-03 22:30:00+05:30,451.4935437644058,30.05,82.15,22,3,0,0,455.1375290988828,432.93676939089295,0,0
2025-04-03 22:45:00+05:30,447.6847631417619,30.075,82.2,22,3,0,0,451.4935437644058,429.6938063091979,0,0
2025-04-03 23:00:00+05:30,443.922989017634,30.1,82.47500000000001,23,3,0,0,447.6847631417619,425.360902897038,0,0
2025-04-03 23:15:00+05:30,436.2137357035233,30.0,82.925,23,3,0,0,443.922989017634,421.1161131303269,0,0
2025-04-03 23:30:00+05:30,430.88838566679794,29.975,82.85000000000001,23,3,0,0,436.2137357035233,416.99435986778286,0,0
2025-04-03 23:45:00+05:30,424.9209904500579,29.925,83.125,23,3,0,0,430.88838566679794,411.1201550141135,0,0
2025-04-04 00:00:00+05:30,418.2811255468754,29.75,83.8,0,4,0,0,424.9209904500579,405.732290142105,0,0
2025-04-04 00:15:00+05:30,411.31399930938215,29.7,83.825,0,4,0,0,418.2811255468754,399.7083956737859,0,0
2025-04-04 00:30:00+05:30,402.3429860427818,29.65,83.925,0,4,0,0,411.31399930938215,394.7794073258195,0,0
2025-04-04 00:45:00+05:30,393.7020128782714,29.625,84.275,0,4,0,0,402.3429860427818,389.16415402602775,0,0
2025-04-04 01:00:00+05:30,385.5812598258405,29.55,84.425,1,4,0,0,393.7020128782714,383.2683664510258,0,0
2025-04-04 01:15:00+05:30,381.2829631010036,29.525,84.75,1,4,0,0,385.5812598258405,376.9576365267244,0,0
2025-04-04 01:30:00+05:30,377.4763976882811,29.55,84.55,1,4,0,0,381.2829631010036,371.2717348280124,0,0
2025-04-04 01:45:00+05:30,374.33598341426375,29.45,84.85,1,4,0,0,377.4763976882811,367.9973095569129,0,0
2025-04-04 02:00:00+05:30,370.5186329752121,29.425,84.875,2,4,0,0,374.33598341426375,363.7590355146737,0,0
2025-04-04 02:15:00+05:30,366.80978887479006,29.425,85.1,2,4,0,0,370.5186329752121,361.53644152591255,0,0
2025-04-04 02:30:00+05:30,362.6960843397987,29.325,85.35,2,4,0,0,366.80978887479006,357.8220431274855,0,0
2025-04-04 02:45:00+05:30,359.8199331726227,29.25,85.525,2,4,0,0,362.6960843397987,354.8388212215416,0,0
2025-04-04 03:00:00+05:30,355.3654668746244,29.3,85.625,3,4,0,0,359.8199331726227,350.64942788760254,0,0
2025-04-04 03:15:00+05:30,352.1250011392024,29.2,85.75,3,4,0,0,355.3654668746244,347.2132351224668,0,0
2025-04-04 03:30:00+05:30,347.81791518018167,29.225,86.15,3,4,0,0,352.1250011392024,342.3279848469383,0,0
2025-04-04 03:45:00+05:30,344.6651294063661,29.300000000000004,86.22500000000001,3,4,0,0,347.81791518018167,338.22206061805343,0,0
2025-04-04 04:00:00+05:30,342.62195412597475,29.25,86.32499999999999,4,4,0,0,344.6651294063661,337.8106333015672,0,0
2025-04-04 04:15:00+05:30,341.8038456862868,29.200000000000003,86.425,4,4,0,0,342.62195412597475,337.7068376865093,0,0
2025-04-04 04:30:00+05:30,342.8693087983709,29.2,86.425,4,4,0,0,341.8038456862868,336.82583983871115,0,0
2025-04-04 04:45:00+05:30,343.56969476575574,29.200000000000003,86.325,4,4,0,0,342.8693087983709,335.7063134980239,0,0
2025-04-04 05:00:00+05:30,343.20216326476844,29.2,86.1,5,4,0,0,343.56969476575574,335.2768812003461,0,0
2025-04-04 05:15:00+05:30,343.85384204361907,29.1,86.19999999999999,5,4,0,0,343.20216326476844,336.0070909708192,0,0
2025-04-04 05:30:00+05:30,347.85592724501817,29.075,86.2,5,4,0,0,343.85384204361907,340.06510162300185,0,0
2025-04-04 05:45:00+05:30,352.38443837504224,29.1,85.975,5,4,0,0,347.85592724501817,346.2833383476027,0,0
2025-04-04 06:00:00+05:30,359.057644629002,29.05,85.95,6,4,0,0,352.38443837504224,353.855877051559,0,0
2025-04-04 06:15:00+05:30,364.15974984001423,29.05,86.32500000000002,6,4,0,0,359.057644629002,359.62229770341776,0,0
2025-04-04 06:30:00+05:30,377.7077088496421,29.05,86.175,6,4,0,0,364.15974984001423,369.6146515635061,0,0
2025-04-04 06:45:00+05:30,389.23146376761696,29.025,86.6,6,4,0,0,377.7077088496421,383.0912397575608,0,0
2025-04-04 07:00:00+05:30,403.8662856011338,29.125,86.175,7,4,0,0,389.23146376761696,395.8057722793078,0,0
2025-04-04 07:15:00+05:30,417.3803707183968,29.25,85.475,7,4,0,0,403.8662856011338,407.1714544184807,0,0
2025-04-04 07:30:00+05:30,435.2566958544479,29.425,84.725,7,4,0,0,417.3803707183968,423.186072635956,0,0
2025-04-04 07:45:00+05:30,454.77414077101736,29.7,83.575,7,4,0,0,435.2566958544479,442.06086394597145,0,0
2025-04-04 08:00:00+05:30,476.4565820284735,30.0,82.2,8,4,0,0,454.77414077101736,462.78069301781255,0,0
2025-04-04 08:15:00+05:30,500.337669789948,30.225,80.69999999999999,8,4,0,0,476.4565820284735,486.2221862084234,0,0
2025-04-04 08:30:00+05:30,518.2289985775803,30.6,79.25,8,4,0,0,500.337669789948,508.1634660966616,0,0
2025-04-04 08:45:00+05:30,532.8938280620303,30.925,77.625,8,4,0,0,518.2289985775803,523.9022901983836,0,0
2025-04-04 09:00:00+05:30,549.0397848822887,31.2,76.15,9,4,0,1,532.8938280620303,539.7399706710464,0,0
2025-04-04 09:15:00+05:30,561.9434458534561,31.225,74.75,9,4,0,1,549.0397848822887,551.9743364081924,0,0
2025-04-04 09:30:00+05:30,572.9454640268992,31.75,72.425,9,4,0,1,561.9434458534561,562.3411575374967,0,0
2025-04-04 09:45:00+05:30,585.0472485335432,31.950000000000003,70.875,9,4,0,1,572.9454640268992,573.9193379753974,0,0
2025-04-04 10:00:00+05:30,593.4118696202713,32.175,69.85,10,4,0,1,585.0472485335432,579.9761383206419,0,0
2025-04-04 10:15:00+05:30,601.2832695694846,32.6,68.125,10,4,0,1,593.4118696202713,589.1945924844314,0,0
2025-04-04 10:30:00+05:30,606.1236229902429,32.925,67.1,10,4,0,1,601.2832695694846,595.4100527942296,0,0
2025-04-04 10:45:00+05:30,608.9320612699727,32.75,67.9,10,4,0,1,606.1236229902429,599.2447937389915,0,0
2025-04-04 11:00:00+05:30,609.8812611916176,32.95,67.2,11,4,0,1,608.9320612699727,603.476442311057,0,0
2025-04-04 11:15:00+05:30,609.9911762414232,33.125,66.825,11,4,0,1,609.8812611916176,603.01113263548,0,0
2025-04-04 11:30:00+05:30,610.1093988671922,33.375,65.9,11,4,0,1,609.9911762414232,602.4123630467055,0,0
2025-04-04 11:45:00+05:30,609.2870337208366,33.875,64.3,11,4,0,1,610.1093988671922,602.7025120452408,0,0
2025-04-04 12:00:00+05:30,610.596767172791,34.25,63.1,12,4,0,1,609.2870337208366,602.7238347448769,0,0
2025-04-04 12:15:00+05:30,611.2850832832571,34.5,62.35,12,4,0,1,610.596767172791,603.2883739731986,0,0
2025-04-04 12:30:00+05:30,613.2266613647602,34.55,61.775,12,4,0,1,611.2850832832571,601.931110308645,0,0
2025-04-04 12:45:00+05:30,612.058611887711,34.8,60.275000000000006,12,4,0,1,613.2266613647602,600.239221891591,0,0
2025-04-04 13:00:00+05:30,610.8109982398888,34.724999999999994,60.150000000000006,13,4,0,1,612.058611887711,597.0689613506781,0,0
2025-04-04 13:15:00+05:30,608.4764758516709,34.525000000000006,60.6,13,4,0,1,610.8109982398888,594.9878792399334,0,0
2025-04-04 13:30:00+05:30,606.859072985908,34.9,60.150000000000006,13,4,0,1,608.4764758516709,595.165141285796,0,0
2025-04-04 13:45:00+05:30,608.4139489696552,34.8,60.225,13,4,0,1,606.859072985908,600.0767687352466,0,0
2025-04-04 14:00:00+05:30,614.2460634551977,34.65,61.225,14,4,0,1,608.4139489696552,604.1922133840899,0,0
2025-04-04 14:15:00+05:30,618.1741351457729,34.45,61.55,14,4,0,1,614.2460634551977,609.854890757791,0,0
2025-04-04 14:30:00+05:30,620.3679283634892,34.375,62.35,14,4,0,1,618.1741351457729,611.7588129613931,0,0
2025-04-04 14:45:00+05:30,622.9642251125194,34.1,63.375,14,4,0,1,620.3679283634892,616.6854176396316,0,0
2025-04-04 15:00:00+05:30,624.0911692896624,33.9,63.5,15,4,0,1,622.9642251125194,615.3167757263674,0,0
2025-04-04 15:15:00+05:30,623.913126557678,33.825,64.15,15,4,0,1,624.0911692896624,613.8101507953436,0,0
2025-04-04 15:30:00+05:30,620.6676714511525,33.35,65.15,15,4,0,1,623.913126557678,614.5254525867813,0,0
2025-04-04 15:45:00+05:30,614.7969351775855,33.55,64.85000000000001,15,4,0,1,620.6676714511525,612.3759079387534,0,0
2025-04-04 16:00:00+05:30,612.286147603696,33.475,64.75,16,4,0,1,614.7969351775855,616.6184279589606,0,0
2025-04-04 16:15:00+05:30,610.9836121981399,33.575,63.975,16,4,0,1,612.286147603696,610.2832573748349,0,0
2025-04-04 16:30:00+05:30,606.6790163793316,33.075,55.35,16,4,0,1,610.9836121981399,606.6136358057693,0,0
2025-04-04 16:45:00+05:30,591.1633225742627,33.625,47.400000000000006,16,4,0,1,606.6790163793316,601.423594861955,0,0
2025-04-04 17:00:00+05:30,577.7253861415775,34.225,43.85,17,4,0,1,591.1633225742627,595.1662464664847,0,0
2025-04-04 17:15:00+05:30,567.6155094857801,34.2,42.875,17,4,0,1,577.7253861415775,589.1794441922631,0,0
2025-04-04 17:30:00+05:30,555.4806806766665,33.525,42.025,17,4,0,1,567.6155094857801,577.6113406599444,0,0
2025-04-04 17:45:00+05:30,544.611762540473,32.25,45.775000000000006,17,4,0,1,555.4806806766665,567.6276702447012,0,0
2025-04-04 18:00:00+05:30,528.3872927103366,31.7,46.475,18,4,0,0,544.611762540473,556.4939684857073,0,0
2025-04-04 18:15:00+05:30,513.2213874990505,31.475,47.025000000000006,18,4,0,0,528.3872927103366,549.5822702684533,0,0
2025-04-04 18:30:00+05:30,507.4694090256617,31.0,46.975,18,4,0,0,513.2213874990505,545.5633819587671,0,0
2025-04-04 18:45:00+05:30,503.3053423771937,30.65,47.900000000000006,18,4,0,0,507.4694090256617,540.3689148952759,0,0
2025-04-04 19:00:00+05:30,496.17946481609226,30.35,48.775,19,4,0,0,503.3053423771937,532.2106387932969,0,0
2025-04-04 19:15:00+05:30,488.5854723257439,30.325000000000003,49.375,19,4,0,0,496.17946481609226,524.2419755946805,0,0
2025-04-04 19:30:00+05:30,479.6173043539995,30.15,51.675,19,4,0,0,488.5854723257439,517.6778862545119,0,0
2025-04-04 19:45:00+05:30,473.04376090139726,29.975,52.3,19,4,0,0,479.6173043539995,510.33036787575617,0,0
2025-04-04 20:00:00+05:30,462.786096658065,29.975,52.24999999999999,20,4,0,0,473.04376090139726,499.2463905646222,0,0
2025-04-04 20:15:00+05:30,460.1377114600094,29.875,52.6,20,4,0,0,462.786096658065,493.0447514720786,0,0
2025-04-04 20:30:00+05:30,455.8037999024372,29.9,53.5,20,4,0,0,460.1377114600094,489.4275154580461,0,0
2025-04-04 20:45:00+05:30,450.8557018724211,29.9,54.9,20,4,0,0,455.8037999024372,485.8188327213886,0,0
2025-04-04 21:00:00+05:30,444.78924437477264,29.825000000000003,55.900000000000006,21,4,0,0,450.8557018724211,478.9148280464932,0,0
2025-04-04 21:15:00+05:30,439.2650038802541,29.65,57.8,21,4,0,0,444.78924437477264,474.5527956859586,0,0
2025-04-04 21:30:00+05:30,436.4778421136471,29.450000000000003,60.425,21,4,0,0,439.2650038802541,470.40881571732285,0,0
2025-04-04 21:45:00+05:30,429.4173511346062,29.525,62.15,21,4,0,0,436.4778421136471,464.7430432038347,0,0
2025-04-04 22:00:00+05:30,424.7414741725249,29.425,64.425,22,4,0,0,429.4173511346062,459.5167180747338,0,0
2025-04-04 22:15:00+05:30,422.8492566219255,29.3,65.375,22,4,0,0,424.7414741725249,455.1375290988828,0,0
2025-04-04 22:30:00+05:30,424.5696201528883,29.25,66.55,22,4,0,0,422.8492566219255,451.4935437644058,0,0
2025-04-04 22:45:00+05:30,422.3225536243789,29.200000000000003,66.35,22,4,0,0,424.5696201528883,447.6847631417619,0,0
2025-04-04 23:00:00+05:30,421.1637755672446,29.1,67.35,23,4,0,0,422.3225536243789,443.922989017634,0,0
2025-04-04 23:15:00+05:30,417.0640825226816,29.05,67.95,23,4,0,0,421.1637755672446,436.2137357035233,0,0
2025-04-04 23:30:00+05:30,410.4805162658681,28.925,68.60000000000001,23,4,0,0,417.0640825226816,430.88838566679794,0,0
2025-04-04 23:45:00+05:30,410.9579520783184,28.875000000000004,68.775,23,4,0,0,410.4805162658681,424.9209904500579,0,0
2025-04-05 00:00:00+05:30,403.347132770701,28.75,68.125,0,5,1,0,410.9579520783184,418.2811255468754,0,0
2025-04-05 00:15:00+05:30,397.1276291705458,28.625,67.5,0,5,1,0,403.347132770701,411.31399930938215,0,0
2025-04-05 00:30:00+05:30,390.3440337664501,28.575,66.75,0,5,1,0,397.1276291705458,402.3429860427818,0,0
2025-04-05 00:45:00+05:30,383.134825954562,28.475,66.775,0,5,1,0,390.3440337664501,393.7020128782714,0,0
2025-04-05 01:00:00+05:30,375.3651720695741,28.425,66.825,1,5,1,0,383.134825954562,385.5812598258405,0,0
2025-04-05 01:15:00+05:30,371.2250312557966,28.325,67.325,1,5,1,0,375.3651720695741,381.2829631010036,0,0
2025-04-05 01:30:00+05:30,364.12026728648976,28.125,68.25,1,5,1,0,371.2250312557966,377.4763976882811,0,0
2025-04-05 01:45:00+05:30,363.7833627872773,28.125,68.3,1,5,1,0,364.12026728648976,374.33598341426375,0,0
2025-04-05 02:00:00+05:30,360.17333778703505,28.05,68.3,2,5,1,0,363.7833627872773,370.5186329752121,0,0
2025-04-05 02:15:00+05:30,353.7908932156798,27.975,68.95,2,5,1,0,360.17333778703505,366.80978887479006,0,0
2025-04-05 02:30:00+05:30,349.3085633019121,27.975,70.625,2,5,1,0,353.7908932156798,362.6960843397987,0,0
2025-04-05 02:45:00+05:30,344.98933699760147,27.95,70.7,2,5,1,0,349.3085633019121,359.8199331726227,0,0
2025-04-05 03:00:00+05:30,345.39240438479936,27.875,70.825,3,5,1,0,344.98933699760147,355.3654668746244,0,0
2025-04-05 03:15:00+05:30,340.422791445818,27.825,71.075,3,5,1,0,345.39240438479936,352.1250011392024,0,0
2025-04-05 03:30:00+05:30,335.10393732084526,27.8,72.325,3,5,1,0,340.422791445818,347.81791518018167,0,0
2025-04-05 03:45:00+05:30,330.76787023637564,27.75,73.15,3,5,1,0,335.10393732084526,344.6651294063661,0,0
2025-04-05 04:00:00+05:30,323.8327685206247,27.725,72.075,4,5,1,0,330.76787023637564,342.62195412597475,0,0
2025-04-05 04:15:00+05:30,325.30387525999123,27.65,71.675,4,5,1,0,323.8327685206247,341.8038456862868,0,0
2025-04-05 04:30:00+05:30,324.9355550287385,27.55,72.225,4,5,1,0,325.30387525999123,342.8693087983709,0,0
2025-04-05 04:45:00+05:30,325.557285195858,27.5,72.375,4,5,1,0,324.9355550287385,343.56969476575574,0,0
2025-04-05 05:00:00+05:30,324.7846796202948,27.475,72.4,5,5,1,0,325.557285195858,343.20216326476844,0,0
2025-04-05 05:15:00+05:30,324.2944593636471,27.35,72.725,5,5,1,0,324.7846796202948,343.85384204361907,0,0
2025-04-05 05:30:00+05:30,326.1469869561233,27.35,72.925,5,5,1,0,324.2944593636471,347.85592724501817,0,0
2025-04-05 05:45:00+05:30,327.49156064714896,27.25,73.025,5,5,1,0,326.1469869561233,352.38443837504224,0,0
2025-04-05 06:00:00+05:30,332.43357257944353,27.175,73.25,6,5,1,0,327.49156064714896,359.057644629002,0,0
2025-04-05 06:15:00+05:30,335.73571862472573,27.125,73.55,6,5,1,0,332.43357257944353,364.15974984001423,0,0
2025-04-05 06:30:00+05:30,341.5163166337032,27.2,74.45,6,5,1,0,335.73571862472573,377.7077088496421,0,0
2025-04-05 06:45:00+05:30,347.66577425793633,27.375,74.0,6,5,1,0,341.5163166337032,389.23146376761696,0,0
2025-04-05 07:00:00+05:30,353.7644093700309,27.525,73.55,7,5,1,0,347.66577425793633,403.8662856011338,0,0
2025-04-05 07:15:00+05:30,360.56582154432704,27.775,72.7,7,5,1,0,353.7644093700309,417.3803707183968,0,0
2025-04-05 07:30:00+05:30,367.8618004131656,27.925,69.9,7,5,1,0,360.56582154432704,435.2566958544479,0,0
2025-04-05 07:45:00+05:30,378.7567901568892,28.3,66.825,7,5,1,0,367.8618004131656,454.77414077101736,0,0
2025-04-05 08:00:00+05:30,393.4405769071368,28.675,64.725,8,5,1,0,378.7567901568892,476.4565820284735,0,0
2025-04-05 08:15:00+05:30,408.6732528087679,29.125,62.6,8,5,1,0,393.4405769071368,500.337669789948,0,0
2025-04-05 08:30:00+05:30,419.9752142430141,29.475,60.025,8,5,1,0,408.6732528087679,518.2289985775803,0,0
2025-04-05 08:45:00+05:30,432.74395149340455,29.925,59.325,8,5,1,0,419.9752142430141,532.8938280620303,0,0
2025-04-05 09:00:00+05:30,444.6109587876776,30.375,57.7,9,5,1,1,432.74395149340455,549.0397848822887,0,0
2025-04-05 09:15:00+05:30,456.5444009979386,30.775,55.8,9,5,1,1,444.6109587876776,561.9434458534561,0,0
2025-04-05 09:30:00+05:30,465.21764978624174,31.15,53.8,9,5,1,1,456.5444009979386,572.9454640268992,0,0
2025-04-05 09:45:00+05:30,479.09701121931454,31.75,51.825,9,5,1,1,465.21764978624174,585.0472485335432,0,0
2025-04-05 10:00:00+05:30,489.072754822869,32.375,49.35,10,5,1,1,479.09701121931454,593.4118696202713,0,0
2025-04-05 10:15:00+05:30,495.79916892344806,33.175,47.25,10,5,1,1,489.072754822869,601.2832695694846,0,0
2025-04-05 10:30:00+05:30,498.89161570246506,33.675,45.675,10,5,1,1,495.79916892344806,606.1236229902429,0,0
2025-04-05 10:45:00+05:30,502.7878533497412,34.375,43.875,10,5,1,1,498.89161570246506,608.9320612699727,0,0
2025-04-05 11:00:00+05:30,503.3134313744995,34.65,43.0,11,5,1,1,502.7878533497412,609.8812611916176,0,0
2025-04-05 11:15:00+05:30,504.46091229949616,35.125,42.2,11,5,1,1,503.3134313744995,609.9911762414232,0,0
2025-04-05 11:30:00+05:30,505.1699855664253,35.6,41.3,11,5,1,1,504.46091229949616,610.1093988671922,0,0
2025-04-05 11:45:00+05:30,505.4079533836255,35.725,40.875,11,5,1,1,505.1699855664253,609.2870337208366,0,0
2025-04-05 12:00:00+05:30,504.2058474644813,35.65,39.875,12,5,1,1,505.4079533836255,610.596767172791,0,0
2025-04-05 12:15:00+05:30,504.4236761946037,35.525,41.175,12,5,1,1,504.2058474644813,611.2850832832571,0,0
2025-04-05 12:30:00+05:30,503.1668732139879,35.675,40.575,12,5,1,1,504.4236761946037,613.2266613647602,0,0
2025-04-05 12:45:00+05:30,504.6394729399465,35.85,41.375,12,5,1,1,503.1668732139879,612.058611887711,0,0
2025-04-05 13:00:00+05:30,501.6597517771895,35.575,42.225,13,5,1,1,504.6394729399465,610.8109982398888,0,0
2025-04-05 13:15:00+05:30,498.08694304456174,35.725,41.525,13,5,1,1,501.6597517771895,608.4764758516709,0,0
2025-04-05 13:30:00+05:30,496.5232566829779,35.65,42.25,13,5,1,1,498.08694304456174,606.859072985908,0,0
2025-04-05 13:45:00+05:30,499.17710482358416,35.8,42.55,13,5,1,1,496.5232566829779,608.4139489696552,0,0
2025-04-05 14:00:00+05:30,502.94107209292974,35.875,43.2,14,5,1,1,499.17710482358416,614.2460634551977,0,0
2025-04-05 14:15:00+05:30,510.3947278365845,35.575,45.1,14,5,1,1,502.94107209292974,618.1741351457729,0,0
2025-04-05 14:30:00+05:30,508.9773308233148,35.45,46.95,14,5,1,1,510.3947278365845,620.3679283634892,0,0
2025-04-05 14:45:00+05:30,511.014343504246,35.075,50.5,14,5,1,1,508.9773308233148,622.9642251125194,0,0
2025-04-05 15:00:00+05:30,511.0878314222481,35.05,51.75,15,5,1,1,511.014343504246,624.0911692896624,0,0
2025-04-05 15:15:00+05:30,514.0813413117805,35.0,52.275,15,5,1,1,511.0878314222481,623.913126557678,0,0
2025-04-05 15:30:00+05:30,520.8113316704055,34.8,52.6,15,5,1,1,514.0813413117805,620.6676714511525,0,0
2025-04-05 15:45:00+05:30,518.1957692702816,34.975,52.9,15,5,1,1,520.8113316704055,614.7969351775855,0,0
2025-04-05 16:00:00+05:30,518.0223425057437,35.0,52.775,16,5,1,1,518.1957692702816,612.286147603696,0,0
2025-04-05 16:15:00+05:30,513.8025289992553,35.15,52.375,16,5,1,1,518.0223425057437,610.9836121981399,0,0
2025-04-05 16:30:00+05:30,511.4419306208415,34.925,52.8,16,5,1,1,513.8025289992553,606.6790163793316,0,0
2025-04-05 16:45:00+05:30,508.8666784897704,34.35,54.55,16,5,1,1,511.4419306208415,591.1633225742627,0,0
2025-04-05 17:00:00+05:30,503.4425928419168,34.075,55.05,17,5,1,1,508.8666784897704,577.7253861415775,0,0
2025-04-05 17:15:00+05:30,497.3106135156102,33.875,55.375,17,5,1,1,503.4425928419168,567.6155094857801,0,0
2025-04-05 17:30:00+05:30,491.8223166461379,33.65,56.075,17,5,1,1,497.3106135156102,555.4806806766665,0,0
2025-04-05 17:45:00+05:30,485.6949187777551,33.25,56.75,17,5,1,1,491.8223166461379,544.611762540473,0,0
2025-04-05 18:00:00+05:30,480.0123419566876,32.6,58.9,18,5,1,0,485.6949187777551,528.3872927103366,0,0
2025-04-05 18:15:00+05:30,478.34806465256895,31.975,60.55,18,5,1,0,480.0123419566876,513.2213874990505,0,0
2025-04-05 18:30:00+05:30,475.36679549580896,31.5,62.55,18,5,1,0,478.34806465256895,507.4694090256617,0,0
2025-04-05 18:45:00+05:30,473.6799616555942,31.15,63.775,18,5,1,0,475.36679549580896,503.3053423771937,0,0
2025-04-05 19:00:00+05:30,471.9099377349742,30.95,64.65,19,5,1,0,473.6799616555942,496.17946481609226,0,0
2025-04-05 19:15:00+05:30,466.5658530024889,30.825,65.575,19,5,1,0,471.9099377349742,488.5854723257439,0,0
2025-04-05 19:30:00+05:30,465.7600033644536,30.7,66.375,19,5,1,0,466.5658530024889,479.6173043539995,0,0
2025-04-05 19:45:00+05:30,458.9864546818832,30.6,66.925,19,5,1,0,465.7600033644536,473.04376090139726,0,0
2025-04-05 20:00:00+05:30,455.7357232763658,30.55,67.075,20,5,1,0,458.9864546818832,462.786096658065,0,0
2025-04-05 20:15:00+05:30,451.5532831851296,30.475,67.7,20,5,1,0,455.7357232763658,460.1377114600094,0,0
2025-04-05 20:30:00+05:30,448.1409455099343,30.425,68.225,20,5,1,0,451.5532831851296,455.8037999024372,0,0
2025-04-05 20:45:00+05:30,444.086078366378,30.375,68.425,20,5,1,0,448.1409455099343,450.8557018724211,0,0
2025-04-05 21:00:00+05:30,442.6554823084823,30.35,68.4,21,5,1,0,444.086078366378,444.78924437477264,0,0
2025-04-05 21:15:00+05:30,439.6732258916579,30.25,68.95,21,5,1,0,442.6554823084823,439.2650038802541,0,0
2025-04-05 21:30:00+05:30,437.3489432932255,30.125,69.175,21,5,1,0,439.6732258916579,436.4778421136471,0,0
2025-04-05 21:45:00+05:30,435.7538704625828,30.025,69.625,21,5,1,0,437.3489432932255,429.4173511346062,0,0
2025-04-05 22:00:00+05:30,429.06411796917314,29.925,70.1,22,5,1,0,435.7538704625828,424.7414741725249,0,0
2025-04-05 22:15:00+05:30,425.9044659120663,29.75,70.75,22,5,1,0,429.06411796917314,422.8492566219255,0,0
2025-04-05 22:30:00+05:30,422.0764086549745,29.6,71.075,22,5,1,0,425.9044659120663,424.5696201528883,0,0
2025-04-05 22:45:00+05:30,418.9456928419768,29.425,71.575,22,5,1,0,422.0764086549745,422.3225536243789,0,0
2025-04-05 23:00:00+05:30,415.3554071243557,29.425,71.675,23,5,1,0,418.9456928419768,421.1637755672446,0,0
2025-04-05 23:15:00+05:30,410.73081894380215,29.35,71.525,23,5,1,0,415.3554071243557,417.0640825226816,0,0
2025-04-05 23:30:00+05:30,407.85783213974,29.3,72.425,23,5,1,0,410.73081894380215,410.4805162658681,0,0
2025-04-05 23:45:00+05:30,404.21302405924826,29.225,73.15,23,5,1,0,407.85783213974,410.9579520783184,0,0
2025-04-06 00:00:00+05:30,400.0,29.1,74.675,0,6,1,0,404.21302405924826,403.347132770701,1,0
2025-04-06 00:15:00+05:30,397.0,28.9,76.42500000000001,0,6,1,0,400.0,397.1276291705458,1,0
2025-04-06 00:30:00+05:30,393.0,28.775,78.325,0,6,1,0,397.0,390.3440337664501,1,0
2025-04-06 00:45:00+05:30,389.0,28.825000000000003,80.675,0,6,1,0,393.0,383.134825954562,1,0
2025-04-06 01:00:00+05:30,384.0,28.725,82.925,1,6,1,0,389.0,375.3651720695741,1,0
2025-04-06 01:15:00+05:30,379.0,28.725,84.57499999999999,1,6,1,0,384.0,371.2250312557966,1,0
2025-04-06 01:30:00+05:30,375.0,28.725,85.525,1,6,1,0,379.0,364.12026728648976,1,0
2025-04-06 01:45:00+05:30,369.0,28.675,86.225,1,6,1,0,375.0,363.7833627872773,1,0
2025-04-06 02:00:00+05:30,366.0,28.55,86.7,2,6,1,0,369.0,360.17333778703505,1,0
2025-04-06 02:15:00+05:30,362.0,28.525,86.925,2,6,1,0,366.0,353.7908932156798,1,0
2025-04-06 02:30:00+05:30,355.0,28.525,86.65,2,6,1,0,362.0,349.3085633019121,1,0
2025-04-06 02:45:00+05:30,352.0,28.525,86.175,2,6,1,0,355.0,344.98933699760147,1,0
2025-04-06 03:00:00+05:30,348.0,28.5,85.625,3,6,1,0,352.0,345.39240438479936,1,0
2025-04-06 03:15:00+05:30,345.0,28.525,85.075,3,6,1,0,348.0,340.422791445818,1,0
2025-04-06 03:30:00+05:30,342.0,28.475,84.0,3,6,1,0,345.0,335.10393732084526,1,0
2025-04-06 03:45:00+05:30,338.0,28.4,83.525,3,6,1,0,342.0,330.76787023637564,1,0
2025-04-06 04:00:00+05:30,336.0,28.3,83.075,4,6,1,0,338.0,323.8327685206247,1,0
2025-04-06 04:15:00+05:30,332.0,28.175,82.82500000000002,4,6,1,0,336.0,325.30387525999123,1,0
2025-04-06 04:30:00+05:30,330.0,28.05,82.75,4,6,1,0,332.0,324.9355550287385,1,0
2025-04-06 04:45:00+05:30,328.0,27.975,83.225,4,6,1,0,330.0,325.557285195858,1,0
2025-04-06 05:00:00+05:30,327.0,27.85,83.875,5,6,1,0,328.0,324.7846796202948,1,0
2025-04-06 05:15:00+05:30,324.0,27.775,83.7,5,6,1,0,327.0,324.2944593636471,1,0
2025-04-06 05:30:00+05:30,324.0,27.725,83.975,5,6,1,0,324.0,326.1469869561233,1,0
2025-04-06 05:45:00+05:30,323.0,27.675,84.94999999999999,5,6,1,0,324.0,327.49156064714896,1,0
2025-04-06 06:00:00+05:30,323.0,27.625,84.25,6,6,1,0,323.0,332.43357257944353,1,0
2025-04-06 06:15:00+05:30,325.0,27.625,84.775,6,6,1,0,323.0,335.73571862472573,1,0
2025-04-06 06:30:00+05:30,321.0,27.625,84.675,6,6,1,0,325.0,341.5163166337032,1,0
2025-04-06 06:45:00+05:30,320.0,27.825,84.57499999999999,6,6,1,0,321.0,347.66577425793633,1,0
2025-04-06 07:00:00+05:30,323.0,27.9,84.8,7,6,1,0,320.0,353.7644093700309,1,0
2025-04-06 07:15:00+05:30,327.0,28.15,85.275,7,6,1,0,323.0,360.56582154432704,1,0
2025-04-06 07:30:00+05:30,330.0,28.425,85.0,7,6,1,0,327.0,367.8618004131656,1,0
2025-04-06 07:45:00+05:30,336.0,28.8,82.97500000000001,7,6,1,0,330.0,378.7567901568892,1,0
2025-04-06 08:00:00+05:30,345.0,29.200000000000003,81.075,8,6,1,0,336.0,393.4405769071368,1,0
2025-04-06 08:15:00+05:30,352.0,29.575,79.35,8,6,1,0,345.0,408.6732528087679,1,0
2025-04-06 08:30:00+05:30,359.0,30.025,76.7,8,6,1,0,352.0,419.9752142430141,1,0
2025-04-06 08:45:00+05:30,368.0,30.4,73.65,8,6,1,0,359.0,432.74395149340455,1,0
2025-04-06 09:00:00+05:30,374.0,30.9,70.2,9,6,1,1,368.0,444.6109587876776,1,0
2025-04-06 09:15:00+05:30,379.0,31.275,67.8,9,6,1,1,374.0,456.5444009979386,1,0
2025-04-06 09:30:00+05:30,382.0,31.775,64.42500000000001,9,6,1,1,379.0,465.21764978624174,1,0
2025-04-06 09:45:00+05:30,388.0,32.1,61.400000000000006,9,6,1,1,382.0,479.09701121931454,1,0
2025-04-06 10:00:00+05:30,393.0,32.775,58.725,10,6,1,1,388.0,489.072754822869,1,0
2025-04-06 10:15:00+05:30,401.0,33.4,59.925,10,6,1,1,393.0,495.79916892344806,1,0
2025-04-06 10:30:00+05:30,404.0,33.75,58.75,10,6,1,1,401.0,498.89161570246506,1,0
2025-04-06 10:45:00+05:30,409.0,34.075,59.925,10,6,1,1,404.0,502.7878533497412,1,0
2025-04-06 11:00:00+05:30,411.0,33.975,61.45,11,6,1,1,409.0,503.3134313744995,1,0
2025-04-06 11:15:00+05:30,414.0,34.25,61.375,11,6,1,1,411.0,504.46091229949616,1,0
2025-04-06 11:30:00+05:30,418.0,34.125,61.25,11,6,1,1,414.0,505.1699855664253,1,0
2025-04-06 11:45:00+05:30,421.0,34.275000000000006,60.35,11,6,1,1,418.0,505.4079533836255,1,0
2025-04-06 12:00:00+05:30,426.0,34.175000000000004,61.425,12,6,1,1,421.0,504.2058474644813,1,0
2025-04-06 12:15:00+05:30,429.0,34.15,62.775,12,6,1,1,426.0,504.4236761946037,1,0
2025-04-06 12:30:00+05:30,428.0,33.86666666666667,64.16666666666667,12,6,1,1,429.0,503.1668732139879,1,0
2025-04-06 12:45:00+05:30,429.0,34.03333333333334,62.833333333333336,12,6,1,1,428.0,504.6394729399465,1,0
2025-04-06 13:00:00+05:30,430.0,34.36666666666667,61.333333333333336,13,6,1,1,429.0,501.6597517771895,1,0
2025-04-06 13:15:00+05:30,430.0,34.43333333333333,60.833333333333336,13,6,1,1,430.0,498.08694304456174,1,0
2025-04-06 13:30:00+05:30,430.0,34.333333333333336,61.53333333333333,13,6,1,1,430.0,496.5232566829779,1,0
2025-04-06 13:45:00+05:30,431.0,34.166666666666664,61.96666666666667,13,6,1,1,430.0,499.17710482358416,1,0
2025-04-06 14:00:00+05:30,433.0,34.166666666666664,61.4,14,6,1,1,431.0,502.94107209292974,1,0
2025-04-06 14:15:00+05:30,434.0,34.0,61.19999999999999,14,6,1,1,433.0,510.3947278365845,1,0
2025-04-06 14:30:00+05:30,437.0,34.0,61.6,14,6,1,1,434.0,508.9773308233148,1,0
2025-04-06 14:45:00+05:30,436.0,33.6,61.79999999999999,14,6,1,1,437.0,511.014343504246,1,0
2025-04-06 15:00:00+05:30,437.0,33.66666666666667,61.633333333333326,15,6,1,1,436.0,511.0878314222481,1,0
2025-04-06 15:15:00+05:30,436.0,33.53333333333333,63.833333333333336,15,6,1,1,437.0,514.0813413117805,1,0
2025-04-06 15:30:00+05:30,435.0,33.13333333333333,65.56666666666666,15,6,1,1,436.0,520.8113316704055,1,0
2025-04-06 15:45:00+05:30,433.0,33.43333333333333,64.23333333333333,15,6,1,1,435.0,518.1957692702816,1,0
2025-04-06 16:00:00+05:30,430.0,33.766666666666666,63.366666666666674,16,6,1,1,433.0,518.0223425057437,1,0
2025-04-06 16:15:00+05:30,426.0,34.099999999999994,61.633333333333326,16,6,1,1,430.0,513.8025289992553,1,0
2025-04-06 16:30:00+05:30,425.0,34.1,62.333333333333336,16,6,1,1,426.0,511.4419306208415,1,0
2025-04-06 16:45:00+05:30,420.0,33.43333333333334,63.833333333333336,16,6,1,1,425.0,508.8666784897704,1,0
2025-04-06 17:00:00+05:30,417.0,33.300000000000004,64.43333333333334,17,6,1,1,420.0,503.4425928419168,1,0
2025-04-06 17:15:00+05:30,416.0,32.96666666666667,65.1,17,6,1,1,417.0,497.3106135156102,1,0
2025-04-06 17:30:00+05:30,413.0,32.7,66.36666666666666,17,6,1,1,416.0,491.8223166461379,1,0
2025-04-06 17:45:00+05:30,409.0,32.166666666666664,67.33333333333333,17,6,1,1,413.0,485.6949187777551,1,0
2025-04-06 18:00:00+05:30,410.0,31.899999999999995,68.73333333333333,18,6,1,0,409.0,480.0123419566876,1,0
2025-04-06 18:15:00+05:30,410.0,31.433333333333334,70.53333333333333,18,6,1,0,410.0,478.34806465256895,1,0
2025-04-06 18:30:00+05:30,411.0,31.066666666666663,72.0,18,6,1,0,410.0,475.36679549580896,1,0
2025-04-06 18:45:00+05:30,416.0,30.766666666666666,73.86666666666667,18,6,1,0,411.0,473.6799616555942,1,0
2025-04-06 19:00:00+05:30,417.0,30.633333333333336,74.8,19,6,1,0,416.0,471.9099377349742,1,0
2025-04-06 19:15:00+05:30,418.0,30.53333333333333,75.53333333333333,19,6,1,0,417.0,466.5658530024889,1,0
2025-04-06 19:30:00+05:30,418.0,30.5,75.73333333333333,19,6,1,0,418.0,465.7600033644536,1,0
2025-04-06 19:45:00+05:30,420.0,30.4,75.8,19,6,1,0,418.0,458.9864546818832,1,0
2025-04-06 20:00:00+05:30,419.0,30.33333333333333,75.8,20,6,1,0,420.0,455.7357232763658,1,0
2025-04-06 20:15:00+05:30,418.0,30.26666666666667,76.00000000000001,20,6,1,0,419.0,451.5532831851296,1,0
2025-04-06 20:30:00+05:30,416.0,30.2,76.19999999999999,20,6,1,0,418.0,448.1409455099343,1,0
2025-04-06 20:45:00+05:30,418.0,30.1,76.03333333333333,20,6,1,0,416.0,444.086078366378,1,0
2025-04-06 21:00:00+05:30,416.0,30.03333333333333,76.23333333333333,21,6,1,0,418.0,442.6554823084823,1,0
2025-04-06 21:15:00+05:30,416.0,29.933333333333337,76.3,21,6,1,0,416.0,439.6732258916579,1,0
2025-04-06 21:30:00+05:30,416.0,29.866666666666664,76.8,21,6,1,0,416.0,437.3489432932255,1,0
2025-04-06 21:45:00+05:30,414.0,29.633333333333336,77.63333333333333,21,6,1,0,416.0,435.7538704625828,1,0
2025-04-06 22:00:00+05:30,411.0,29.53333333333333,78.03333333333335,22,6,1,0,414.0,429.06411796917314,1,0
2025-04-06 22:15:00+05:30,410.0,29.433333333333337,78.60000000000001,22,6,1,0,411.0,425.9044659120663,1,0
2025-04-06 22:30:00+05:30,411.0,29.433333333333337,79.10000000000001,22,6,1,0,410.0,422.0764086549745,1,0
2025-04-06 22:45:00+05:30,409.0,29.3,79.63333333333334,22,6,1,0,411.0,418.9456928419768,1,0
2025-04-06 23:00:00+05:30,406.0,29.266666666666666,80.13333333333333,23,6,1,0,409.0,415.3554071243557,1,0
2025-04-06 23:15:00+05:30,406.0,29.23333333333333,80.8,23,6,1,0,406.0,410.73081894380215,1,0
2025-04-06 23:30:00+05:30,402.0,29.3,80.96666666666667,23,6,1,0,406.0,407.85783213974,1,0
2025-04-06 23:45:00+05:30,398.0,29.13333333333333,81.66666666666667,23,6,1,0,402.0,404.21302405924826,1,0
2025-04-07 00:00:00+05:30,392.3513482948265,29.13333333,81.26666667,0,0,0,0,398.0,400.0,0,0
2025-04-07 00:15:00+05:30,386.5819327032473,29.0,80.76666667,0,0,0,0,392.3513482948265,397.0,0,0
2025-04-07 00:30:00+05:30,380.0008889626927,29.1,80.23333333,0,0,0,0,386.5819327032473,393.0,0,0
2025-04-07 00:45:00+05:30,374.29658557458623,29.06666667,79.63333333,0,0,0,0,380.0008889626927,389.0,0,0
2025-04-07 01:00:00+05:30,367.0078203332868,28.8,78.7,1,0,0,0,374.29658557458623,384.0,0,0
2025-04-07 01:15:00+05:30,360.582126497061,28.8,78.8,1,0,0,0,367.0078203332868,379.0,0,0
2025-04-07 01:30:00+05:30,356.76681278345427,28.66666667,79.4,1,0,0,0,360.582126497061,375.0,0,0
2025-04-07 01:45:00+05:30,354.0568545304206,28.5,79.76666667,1,0,0,0,356.76681278345427,369.0,0,0
2025-04-07 02:00:00+05:30,349.57501917686443,28.36666667,79.13333333,2,0,0,0,354.0568545304206,366.0,0,0
2025-04-07 02:15:00+05:30,345.60486189984067,28.3,78.16666667,2,0,0,0,349.57501917686443,362.0,0,0
2025-04-07 02:30:00+05:30,340.99091662267904,28.2,78.33333333,2,0,0,0,345.60486189984067,355.0,0,0
2025-04-07 02:45:00+05:30,337.2464196951756,28.2,78.36666667,2,0,0,0,340.99091662267904,352.0,0,0
2025-04-07 03:00:00+05:30,333.2788402682472,28.2,79.2,3,0,0,0,337.2464196951756,348.0,0,0
2025-04-07 03:15:00+05:30,330.1585098050975,28.23333333,79.8,3,0,0,0,333.2788402682472,345.0,0,0
2025-04-07 03:30:00+05:30,326.91955146085144,28.16666667,80.76666667,3,0,0,0,330.1585098050975,342.0,0,0
2025-04-07 03:45:00+05:30,324.54353017459647,28.06666667,81.96666667,3,0,0,0,326.91955146085144,338.0,0,0
2025-04-07 04:00:00+05:30,323.39007320672283,27.96666667,82.83333333,4,0,0,0,324.54353017459647,336.0,0,0
2025-04-07 04:15:00+05:30,322.24317710996115,27.86666667,83.2,4,0,0,0,323.39007320672283,332.0,0,0
2025-04-07 04:30:00+05:30,321.47309954302534,27.73333333,83.6,4,0,0,0,322.24317710996115,330.0,0,0
2025-04-07 04:45:00+05:30,319.00465938616884,27.73333333,83.66666667,4,0,0,0,321.47309954302534,328.0,0,0
2025-04-07 05:00:00+05:30,318.70555603253047,27.7,82.56666667,5,0,0,0,319.00465938616884,327.0,0,0
2025-04-07 05:15:00+05:30,320.1347673294796,27.56666667,81.76666667,5,0,0,0,318.70555603253047,324.0,0,0
2025-04-07 05:30:00+05:30,328.0690439934225,27.46666667,81.96666667,5,0,0,0,320.1347673294796,324.0,0,0
2025-04-07 05:45:00+05:30,332.4668968505334,27.3,82.36666667,5,0,0,0,328.0690439934225,323.0,0,0
2025-04-07 06:00:00+05:30,341.62599055724274,27.26666667,81.83333333,6,0,0,0,332.4668968505334,323.0,0,0
2025-04-07 06:15:00+05:30,350.48437303752496,27.2,82.06666667,6,0,0,0,341.62599055724274,325.0,0,0
2025-04-07 06:30:00+05:30,359.958074995766,27.3,81.1,6,0,0,0,350.48437303752496,321.0,0,0
2025-04-07 06:45:00+05:30,372.2566017336806,27.43333333,81.33333333,6,0,0,0,359.958074995766,320.0,0,0
2025-04-07 07:00:00+05:30,385.8874191754948,27.73333333,81.2,7,0,0,0,372.2566017336806,323.0,0,0
2025-04-07 07:15:00+05:30,401.70458735103176,28.1,80.6,7,0,0,0,385.8874191754948,327.0,0,0
2025-04-07 07:30:00+05:30,420.48332663917256,28.5,80.03333333,7,0,0,0,401.70458735103176,330.0,0,0
2025-04-07 07:45:00+05:30,439.77883810133176,29.03333333,78.8,7,0,0,0,420.48332663917256,336.0,0,0
2025-04-07 08:00:00+05:30,462.6736173032916,29.53333333,77.23333333,8,0,0,0,439.77883810133176,345.0,0,0
2025-04-07 08:15:00+05:30,486.88319366680366,29.9,75.53333333,8,0,0,0,462.6736173032916,352.0,0,0
2025-04-07 08:30:00+05:30,505.0125336584674,30.3,73.33333333,8,0,0,0,486.88319366680366,359.0,0,0
2025-04-07 08:45:00+05:30,522.1800764718714,30.63333333,72.0,8,0,0,0,505.0125336584674,368.0,0,0
2025-04-07 09:00:00+05:30,537.9942395455444,31.13333333,69.23333333,9,0,0,1,522.1800764718714,374.0,0,0
2025-04-07 09:15:00+05:30,553.4949233511894,31.53333333,67.13333333,9,0,0,1,537.9942395455444,379.0,0,0
2025-04-07 09:30:00+05:30,566.0991842261285,32.03333333,64.76666667,9,0,0,1,553.4949233511894,382.0,0,0
2025-04-07 09:45:00+05:30,577.0711422769059,32.5,63.56666667,9,0,0,1,566.0991842261285,388.0,0,0
2025-04-07 10:00:00+05:30,587.426330139609,32.76666667,61.63333333,10,0,0,1,577.0711422769059,393.0,0,0
2025-04-07 10:15:00+05:30,596.230209887725,33.26666667,60.03333333,10,0,0,1,587.426330139609,401.0,0,0
2025-04-07 10:30:00+05:30,600.4787121529771,33.63333333,59.6,10,0,0,1,596.230209887725,404.0,0,0
2025-04-07 10:45:00+05:30,603.2787533042917,34.1,58.06666667,10,0,0,1,600.4787121529771,409.0,0,0
2025-04-07 11:00:00+05:30,607.1357153297787,34.0,59.6,11,0,0,1,603.2787533042917,411.0,0,0
2025-04-07 11:15:00+05:30,610.522728985801,34.2,60.9,11,0,0,1,607.1357153297787,414.0,0,0
2025-04-07 11:30:00+05:30,608.856795884095,34.3,60.13333333,11,0,0,1,610.522728985801,418.0,0,0
2025-04-07 11:45:00+05:30,609.1927868777667,34.6,59.23333333,11,0,0,1,608.856795884095,421.0,0,0
2025-04-07 12:00:00+05:30,611.4122743131596,34.63333333,59.4,12,0,0,1,609.1927868777667,426.0,0,0
2025-04-07 12:15:00+05:30,611.3600387601577,34.56666667,58.7,12,0,0,1,611.4122743131596,429.0,0,0
2025-04-07 12:30:00+05:30,610.0363099125292,34.6,57.1,12,0,0,1,611.3600387601577,428.0,0,0
2025-04-07 12:45:00+05:30,609.2398956738806,34.46666667,56.66666667,12,0,0,1,610.0363099125292,429.0,0,0
2025-04-07 13:00:00+05:30,607.6423663290178,34.56666667,55.9,13,0,0,1,609.2398956738806,430.0,0,0
2025-04-07 13:15:00+05:30,606.1000138367696,34.8,55.46666667,13,0,0,1,607.6423663290178,430.0,0,0
2025-04-07 13:30:00+05:30,604.0159389841089,34.5,56.23333333,13,0,0,1,606.1000138367696,430.0,0,0
2025-04-07 13:45:00+05:30,605.1990338415649,35.0,55.03333333,13,0,0,1,604.0159389841089,431.0,0,0
2025-04-07 14:00:00+05:30,610.2895963843546,35.16666667,53.23333333,14,0,0,1,605.1990338415649,433.0,0,0
2025-04-07 14:15:00+05:30,613.3284685678277,34.93333333,53.7,14,0,0,1,610.2895963843546,434.0,0,0
2025-04-07 14:30:00+05:30,615.0630015751212,34.96666667,52.7,14,0,0,1,613.3284685678277,437.0,0,0
2025-04-07 14:45:00+05:30,616.6660370665584,35.06666667,49.63333333,14,0,0,1,615.0630015751212,436.0,0,0
2025-04-07 15:00:00+05:30,616.2943337378076,35.33333333,48.7,15,0,0,1,616.6660370665584,437.0,0,0
2025-04-07 15:15:00+05:30,615.7341399089702,35.36666667,46.83333333,15,0,0,1,616.2943337378076,436.0,0,0
2025-04-07 15:30:00+05:30,612.4525493088589,35.23333333,46.26666667,15,0,0,1,615.7341399089702,435.0,0,0
2025-04-07 15:45:00+05:30,608.3820808346411,35.83333333,44.1,15,0,0,1,612.4525493088589,433.0,0,0
2025-04-07 16:00:00+05:30,610.6164121998221,36.03333333,43.06666667,16,0,0,1,608.3820808346411,430.0,0,0
2025-04-07 16:15:00+05:30,604.8900210483521,36.76666667,41.23333333,16,0,0,1,610.6164121998221,426.0,0,0
2025-04-07 16:30:00+05:30,601.0363239209864,36.73333333,41.06666667,16,0,0,1,604.8900210483521,425.0,0,0
2025-04-07 16:45:00+05:30,593.7675506569246,36.0,42.5,16,0,0,1,601.0363239209864,420.0,0,0
2025-04-07 17:00:00+05:30,587.6934584783182,35.33333333,43.93333333,17,0,0,1,593.7675506569246,417.0,0,0
2025-04-07 17:15:00+05:30,583.5410677805443,35.2,43.43333333,17,0,0,1,587.6934584783182,416.0,0,0
2025-04-07 17:30:00+05:30,574.319839701031,34.66666667,44.6,17,0,0,1,583.5410677805443,413.0,0,0
2025-04-07 17:45:00+05:30,566.7842806026903,34.23333333,45.2,17,0,0,1,574.319839701031,409.0,0,0
2025-04-07 18:00:00+05:30,557.0186518780467,33.9,45.63333333,18,0,0,0,566.7842806026903,410.0,0,0
2025-04-07 18:15:00+05:30,546.1421149410797,33.33333333,46.26666667,18,0,0,0,557.0186518780467,410.0,0,0
2025-04-07 18:30:00+05:30,537.9130014330874,32.86666667,48.0,18,0,0,0,546.1421149410797,411.0,0,0
2025-04-07 18:45:00+05:30,531.3635517113702,32.6,49.03333333,18,0,0,0,537.9130014330874,416.0,0,0
2025-04-07 19:00:00+05:30,524.8733247171122,32.26666667,50.63333333,19,0,0,0,531.3635517113702,417.0,0,0
2025-04-07 19:15:00+05:30,517.1743745633634,32.1,51.23333333,19,0,0,0,524.8733247171122,418.0,0,0
2025-04-07 19:30:00+05:30,505.5705399473984,32.0,51.76666667,19,0,0,0,517.1743745633634,418.0,0,0
2025-04-07 19:45:00+05:30,497.57305240286007,32.0,51.9,19,0,0,0,505.5705399473984,420.0,0,0
2025-04-07 20:00:00+05:30,489.97771533539134,31.86666667,52.73333333,20,0,0,0,497.57305240286007,419.0,0,0
2025-04-07 20:15:00+05:30,483.9874750448233,31.66666667,54.93333333,20,0,0,0,489.97771533539134,418.0,0,0
2025-04-07 20:30:00+05:30,477.67541011204185,31.5,55.86666667,20,0,0,0,483.9874750448233,416.0,0,0
2025-04-07 20:45:00+05:30,473.0114390223808,31.26666667,56.83333333,20,0,0,0,477.67541011204185,418.0,0,0
2025-04-07 21:00:00+05:30,467.72588142750976,31.13333333,57.8,21,0,0,0,473.0114390223808,416.0,0,0
2025-04-07 21:15:00+05:30,463.3753309572727,30.96666667,59.76666667,21,0,0,0,467.72588142750976,416.0,0,0
2025-04-07 21:30:00+05:30,460.3724588353836,30.86666667,61.76666667,21,0,0,0,463.3753309572727,416.0,0,0
2025-04-07 21:45:00+05:30,457.8827545542941,30.66666667,62.73333333,21,0,0,0,460.3724588353836,414.0,0,0
2025-04-07 22:00:00+05:30,454.719482248589,30.66666667,61.66666667,22,0,0,0,457.8827545542941,411.0,0,0
2025-04-07 22:15:00+05:30,452.2115855890575,30.6,60.3,22,0,0,0,454.719482248589,410.0,0,0
2025-04-07 22:30:00+05:30,449.2786827154664,30.63333333,59.26666667,22,0,0,0,452.2115855890575,411.0,0,0
2025-04-07 22:45:00+05:30,442.9998373059282,30.6,57.7,22,0,0,0,449.2786827154664,409.0,0,0
2025-04-07 23:00:00+05:30,439.716796527336,30.53333333,56.23333333,23,0,0,0,442.9998373059282,406.0,0,0
2025-04-07 23:15:00+05:30,432.5004484771982,30.46666667,55.43333333,23,0,0,0,439.716796527336,406.0,0,0
2025-04-07 23:30:00+05:30,427.1790079738446,30.4,55.23333333,23,0,0,0,432.5004484771982,402.0,0,0
2025-04-07 23:45:00+05:30,421.3222229001902,30.3,54.76666667,23,0,0,0,427.1790079738446,398.0,0,0
2025-04-08 00:00:00+05:30,415.1379486589061,30.166666666666668,54.4,0,1,0,0,421.3222229001902,392.3513482948265,0,0
2025-04-08 00:15:00+05:30,407.8931293173838,29.96666666666667,55.0,0,1,0,0,415.1379486589061,386.5819327032473,0,0
2025-04-08 00:30:00+05:30,400.53170538462587,30.03333333333333,54.633333333333326,0,1,0,0,407.8931293173838,380.0008889626927,0,0
2025-04-08 00:45:00+05:30,395.56104826886735,29.9,54.96666666666667,0,1,0,0,400.53170538462587,374.29658557458623,0,0
2025-04-08 01:00:00+05:30,389.56919370496814,29.8,55.66666666666666,1,1,0,0,395.56104826886735,367.0078203332868,0,0
2025-04-08 01:15:00+05:30,385.5860926471044,29.766666666666666,55.76666666666667,1,1,0,0,389.56919370496814,360.582126497061,0,0
2025-04-08 01:30:00+05:30,381.9242096153167,29.600000000000005,56.23333333333333,1,1,0,0,385.5860926471044,356.76681278345427,0,0
2025-04-08 01:45:00+05:30,377.5413668205281,29.53333333333333,56.9,1,1,0,0,381.9242096153167,354.0568545304206,0,0
2025-04-08 02:00:00+05:30,373.7244171215793,29.46666666666667,57.43333333333334,2,1,0,0,377.5413668205281,349.57501917686443,0,0
2025-04-08 02:15:00+05:30,369.49132228551554,29.399999999999995,57.5,2,1,0,0,373.7244171215793,345.60486189984067,0,0
2025-04-08 02:30:00+05:30,365.1645525257408,29.166666666666668,58.73333333333333,2,1,0,0,369.49132228551554,340.99091662267904,0,0
2025-04-08 02:45:00+05:30,359.2103318075182,28.933333333333334,59.73333333333333,2,1,0,0,365.1645525257408,337.2464196951756,0,0
2025-04-08 03:00:00+05:30,356.3312955709583,28.766666666666666,60.03333333333333,3,1,0,0,359.2103318075182,333.2788402682472,0,0
2025-04-08 03:15:00+05:30,354.3385697209168,28.666666666666668,60.76666666666666,3,1,0,0,356.3312955709583,330.1585098050975,0,0
2025-04-08 03:30:00+05:30,351.50854921723345,28.366666666666664,62.333333333333336,3,1,0,0,354.3385697209168,326.91955146085144,0,0
2025-04-08 03:45:00+05:30,349.57778709427754,28.4,61.9,3,1,0,0,351.50854921723345,324.54353017459647,0,0
2025-04-08 04:00:00+05:30,347.3589629405607,28.46666666666667,62.4,4,1,0,0,349.57778709427754,323.39007320672283,0,0
2025-04-08 04:15:00+05:30,345.8388994955665,28.2,62.96666666666666,4,1,0,0,347.3589629405607,322.24317710996115,0,0
2025-04-08 04:30:00+05:30,343.7117648600768,28.133333333333336,63.4,4,1,0,0,345.8388994955665,321.47309954302534,0,0
2025-04-08 04:45:00+05:30,341.7024792394026,28.03333333333333,63.333333333333336,4,1,0,0,343.7117648600768,319.00465938616884,0,0
2025-04-08 05:00:00+05:30,343.64873688301105,28.03333333333333,63.333333333333336,5,1,0,0,341.7024792394026,318.70555603253047,0,0
2025-04-08 05:15:00+05:30,344.24892514298705,28.0,64.13333333333334,5,1,0,0,343.64873688301105,320.1347673294796,0,0
2025-04-08 05:30:00+05:30,348.52987484456486,27.9,64.63333333333334,5,1,0,0,344.24892514298705,328.0690439934225,0,0
2025-04-08 05:45:00+05:30,352.2820566738071,27.9,64.73333333333333,5,1,0,0,348.52987484456486,332.4668968505334,0,0
2025-04-08 06:00:00+05:30,360.4897985618352,27.899999999999995,65.56666666666666,6,1,0,0,352.2820566738071,341.62599055724274,0,0
2025-04-08 06:15:00+05:30,364.5423475027853,27.83333333333333,66.16666666666667,6,1,0,0,360.4897985618352,350.48437303752496,0,0
2025-04-08 06:30:00+05:30,374.827029600822,27.766666666666666,67.43333333333332,6,1,0,0,364.5423475027853,359.958074995766,0,0
2025-04-08 06:45:00+05:30,385.6555047659981,27.9,67.66666666666667,6,1,0,0,374.827029600822,372.2566017336806,0,0
2025-04-08 07:00:00+05:30,398.635252994982,28.100000000000005,67.7,7,1,0,0,385.6555047659981,385.8874191754948,0,0
2025-04-08 07:15:00+05:30,413.56939674643127,28.46666666666667,67.26666666666667,7,1,0,0,398.635252994982,401.70458735103176,0,0
2025-04-08 07:30:00+05:30,430.8673674873272,28.933333333333334,66.36666666666667,7,1,0,0,413.56939674643127,420.48332663917256,0,0
2025-04-08 07:45:00+05:30,450.3830366492497,29.46666666666667,65.73333333333333,7,1,0,0,430.8673674873272,439.77883810133176,0,0
2025-04-08 08:00:00+05:30,471.9053954420475,29.933333333333334,64.7,8,1,0,0,450.3830366492497,462.6736173032916,0,0
2025-04-08 08:15:00+05:30,491.84236045777817,30.53333333333333,63.4,8,1,0,0,471.9053954420475,486.88319366680366,0,0
2025-04-08 08:30:00+05:30,510.5576115439303,30.866666666666664,61.1,8,1,0,0,491.84236045777817,505.0125336584674,0,0
2025-04-08 08:45:00+05:30,527.2740209625276,31.2,59.333333333333336,8,1,0,0,510.5576115439303,522.1800764718714,0,0
2025-04-08 09:00:00+05:30,541.2957904082936,31.53333333333333,57.96666666666667,9,1,0,1,527.2740209625276,537.9942395455444,0,0
2025-04-08 09:15:00+05:30,552.6491299731314,32.03333333333333,56.96666666666667,9,1,0,1,541.2957904082936,553.4949233511894,0,0
2025-04-08 09:30:00+05:30,565.5311063309879,32.43333333333333,55.866666666666674,9,1,0,1,552.6491299731314,566.0991842261285,0,0
2025-04-08 09:45:00+05:30,577.1634718803527,32.833333333333336,54.96666666666667,9,1,0,1,565.5311063309879,577.0711422769059,0,0
2025-04-08 10:00:00+05:30,584.307417042318,33.300000000000004,52.9,10,1,0,1,577.1634718803527,587.426330139609,0,0
2025-04-08 10:15:00+05:30,595.9027888348783,33.6,51.0,10,1,0,1,584.307417042318,596.230209887725,0,0
2025-04-08 10:30:00+05:30,601.9132889326366,34.03333333333333,50.66666666666666,10,1,0,1,595.9027888348783,600.4787121529771,0,0
2025-04-08 10:45:00+05:30,605.3909599859516,34.36666666666667,52.06666666666666,10,1,0,1,601.9132889326366,603.2787533042917,0,0
2025-04-08 11:00:00+05:30,609.406766623087,34.53333333333333,51.93333333333334,11,1,0,1,605.3909599859516,607.1357153297787,0,0
2025-04-08 11:15:00+05:30,610.1711199311793,34.36666666666667,53.333333333333336,11,1,0,1,609.406766623087,610.522728985801,0,0
2025-04-08 11:30:00+05:30,608.1044979795632,34.4,52.26666666666667,11,1,0,1,610.1711199311793,608.856795884095,0,0
2025-04-08 11:45:00+05:30,607.6006012803365,34.6,54.5,11,1,0,1,608.1044979795632,609.1927868777667,0,0
2025-04-08 12:00:00+05:30,610.0181928508928,34.733333333333334,55.6,12,1,0,1,607.6006012803365,611.4122743131596,0,0
2025-04-08 12:15:00+05:30,610.7427000478754,34.6,56.53333333333333,12,1,0,1,610.0181928508928,611.3600387601577,0,0
2025-04-08 12:30:00+05:30,609.8909050625986,34.53333333333334,57.46666666666667,12,1,0,1,610.7427000478754,610.0363099125292,0,0
2025-04-08 12:45:00+05:30,610.1684717979571,34.53333333333333,57.5,12,1,0,1,609.8909050625986,609.2398956738806,0,0
2025-04-08 13:00:00+05:30,609.6940500259179,34.63333333333333,56.70000000000001,13,1,0,1,610.1684717979571,607.6423663290178,0,0
2025-04-08 13:15:00+05:30,609.1498404124019,34.800000000000004,55.73333333333333,13,1,0,1,609.6940500259179,606.1000138367696,0,0
2025-04-08 13:30:00+05:30,609.6166857400922,34.86666666666667,54.23333333333333,13,1,0,1,609.1498404124019,604.0159389841089,0,0
2025-04-08 13:45:00+05:30,613.7318094568788,35.23333333333333,52.36666666666667,13,1,0,1,609.6166857400922,605.1990338415649,0,0
2025-04-08 14:00:00+05:30,617.9526855800182,35.23333333333333,51.4,14,1,0,1,613.7318094568788,610.2895963843546,0,0
2025-04-08 14:15:00+05:30,622.3191907453328,34.96666666666667,52.6,14,1,0,1,617.9526855800182,613.3284685678277,0,0
2025-04-08 14:30:00+05:30,622.4115383206267,34.86666666666667,52.63333333333333,14,1,0,1,622.3191907453328,615.0630015751212,0,0
2025-04-08 14:45:00+05:30,624.747364305392,34.76666666666667,51.6,14,1,0,1,622.4115383206267,616.6660370665584,0,0
2025-04-08 15:00:00+05:30,624.2910686306946,35.13333333333333,49.6,15,1,0,1,624.747364305392,616.2943337378076,0,0
2025-04-08 15:15:00+05:30,621.1492472120483,34.833333333333336,50.4,15,1,0,1,624.2910686306946,615.7341399089702,0,0
2025-04-08 15:30:00+05:30,619.8936869848987,34.36666666666667,50.66666666666666,15,1,0,1,621.1492472120483,612.4525493088589,0,0
2025-04-08 15:45:00+05:30,616.5481621472168,34.7,49.53333333333333,15,1,0,1,619.8936869848987,608.3820808346411,0,0
2025-04-08 16:00:00+05:30,617.1577523632147,34.9,50.46666666666666,16,1,0,1,616.5481621472168,610.6164121998221,0,0
2025-04-08 16:15:00+05:30,613.5174223583051,34.6,51.20000000000001,16,1,0,1,617.1577523632147,604.8900210483521,0,0
2025-04-08 16:30:00+05:30,606.2676078801043,34.666666666666664,50.63333333333333,16,1,0,1,613.5174223583051,601.0363239209864,0,0
2025-04-08 16:45:00+05:30,603.1073770393104,34.233333333333334,50.400000000000006,16,1,0,1,606.2676078801043,593.7675506569246,0,0
2025-04-08 17:00:00+05:30,594.8183368470566,33.666666666666664,51.93333333333333,17,1,0,1,603.1073770393104,587.6934584783182,0,0
2025-04-08 17:15:00+05:30,588.0992968972579,33.46666666666666,51.53333333333333,17,1,0,1,594.8183368470566,583.5410677805443,0,0
2025-04-08 17:30:00+05:30,576.2973508577405,33.43333333333333,50.4,17,1,0,1,588.0992968972579,574.319839701031,0,0
2025-04-08 17:45:00+05:30,566.1382429605376,33.1,50.53333333333334,17,1,0,1,576.2973508577405,566.7842806026903,0,0
2025-04-08 18:00:00+05:30,556.4410845538022,32.86666666666667,50.0,18,1,0,0,566.1382429605376,557.0186518780467,0,0
2025-04-08 18:15:00+05:30,545.7886763811132,32.46666666666667,50.79999999999999,18,1,0,0,556.4410845538022,546.1421149410797,0,0
2025-04-08 18:30:00+05:30,541.2142251144309,32.13333333333333,52.06666666666666,18,1,0,0,545.7886763811132,537.9130014330874,0,0
2025-04-08 18:45:00+05:30,536.0048214616838,32.06666666666667,52.2,18,1,0,0,541.2142251144309,531.3635517113702,0,0
2025-04-08 19:00:00+05:30,527.6708634420061,31.9,52.73333333333333,19,1,0,0,536.0048214616838,524.8733247171122,0,0
2025-04-08 19:15:00+05:30,519.1549103253896,31.83333333333333,53.03333333333334,19,1,0,0,527.6708634420061,517.1743745633634,0,0
2025-04-08 19:30:00+05:30,509.9989836507751,31.766666666666666,54.1,19,1,0,0,519.1549103253896,505.5705399473984,0,0
2025-04-08 19:45:00+05:30,501.3996123793028,31.53333333333333,55.03333333333334,19,1,0,0,509.9989836507751,497.57305240286007,0,0
2025-04-08 20:00:00+05:30,491.9274784741514,31.46666666666667,55.93333333333334,20,1,0,0,501.3996123793028,489.97771533539134,0,0
2025-04-08 20:15:00+05:30,484.1424955501863,31.133333333333336,59.20000000000001,20,1,0,0,491.9274784741514,483.9874750448233,0,0
2025-04-08 20:30:00+05:30,479.442847244584,31.133333333333336,59.2,20,1,0,0,484.1424955501863,477.67541011204185,0,0
2025-04-08 20:45:00+05:30,478.7571981054736,31.166666666666668,59.20000000000001,20,1,0,0,479.442847244584,473.0114390223808,0,0
2025-04-08 21:00:00+05:30,474.1665647021669,31.133333333333336,59.63333333333333,21,1,0,0,478.7571981054736,467.72588142750976,0,0
2025-04-08 21:15:00+05:30,467.9601930105681,31.066666666666663,60.53333333333333,21,1,0,0,474.1665647021669,463.3753309572727,0,0
2025-04-08 21:30:00+05:30,464.252107855212,30.96666666666667,61.4,21,1,0,0,467.9601930105681,460.3724588353836,0,0
2025-04-08 21:45:00+05:30,461.6615069248204,30.866666666666664,61.333333333333336,21,1,0,0,464.252107855212,457.8827545542941,0,0
2025-04-08 22:00:00+05:30,456.8314871851166,30.83333333333333,61.1,22,1,0,0,461.6615069248204,454.719482248589,0,0
2025-04-08 22:15:00+05:30,452.44938902883325,30.8,61.366666666666674,22,1,0,0,456.8314871851166,452.2115855890575,0,0
2025-04-08 22:30:00+05:30,451.0518647015801,30.8,60.9,22,1,0,0,452.44938902883325,449.2786827154664,0,0
2025-04-08 22:45:00+05:30,446.8981057621972,30.83333333333333,60.43333333333334,22,1,0,0,451.0518647015801,442.9998373059282,0,0
2025-04-08 23:00:00+05:30,442.6579631504222,30.766666666666666,60.8,23,1,0,0,446.8981057621972,439.716796527336,0,0
2025-04-08 23:15:00+05:30,439.8462372817176,30.53333333333333,61.63333333333333,23,1,0,0,442.6579631504222,432.5004484771982,0,0
2025-04-08 23:30:00+05:30,432.9710759519818,30.366666666666664,62.53333333333334,23,1,0,0,439.8462372817176,427.1790079738446,0,0
2025-04-08 23:45:00+05:30,425.5230964242861,30.266666666666666,63.46666666666667,23,1,0,0,432.9710759519818,421.3222229001902,0,0
2025-04-09 00:00:00+05:30,419.9034111615009,30.166666666666668,64.53333333333333,0,2,0,0,425.5230964242861,415.1379486589061,0,0
2025-04-09 00:15:00+05:30,415.1285057631458,30.03333333333333,65.3,0,2,0,0,419.9034111615009,407.8931293173838,0,0
2025-04-09 00:30:00+05:30,408.90874993565,29.96666666666667,65.80000000000001,0,2,0,0,415.1285057631458,400.53170538462587,0,0
2025-04-09 00:45:00+05:30,402.749119223562,29.83333333333333,66.96666666666665,0,2,0,0,408.90874993565,395.56104826886735,0,0
2025-04-09 01:00:00+05:30,396.024354677974,29.83333333333333,67.66666666666666,1,2,0,0,402.749119223562,389.56919370496814,0,0
2025-04-09 01:15:00+05:30,389.7449365955966,29.7,68.63333333333333,1,2,0,0,396.024354677974,385.5860926471044,0,0
2025-04-09 01:30:00+05:30,384.0778092852899,29.6,69.16666666666667,1,2,0,0,389.7449365955966,381.9242096153167,0,0
2025-04-09 01:45:00+05:30,379.11007529647753,29.433333333333334,69.86666666666666,1,2,0,0,384.0778092852899,377.5413668205281,0,0
2025-04-09 02:00:00+05:30,375.16842629703496,29.33333333333333,70.39999999999999,2,2,0,0,379.11007529647753,373.7244171215793,0,0
2025-04-09 02:15:00+05:30,370.78261878407966,29.2,71.13333333333334,2,2,0,0,375.16842629703496,369.49132228551554,0,0
2025-04-09 02:30:00+05:30,367.18562584031207,29.366666666666664,71.56666666666666,2,2,0,0,370.78261878407966,365.1645525257408,0,0
2025-04-09 02:45:00+05:30,363.3703875046016,29.433333333333337,71.60000000000001,2,2,0,0,367.18562584031207,359.2103318075182,0,0
2025-04-09 03:00:00+05:30,357.5727662729992,29.53333333333333,71.60000000000001,3,2,0,0,363.3703875046016,356.3312955709583,0,0
2025-04-09 03:15:00+05:30,353.60063664981794,29.5,73.03333333333335,3,2,0,0,357.5727662729992,354.3385697209168,0,0
2025-04-09 03:30:00+05:30,349.19208378684533,29.53333333333333,72.43333333333334,3,2,0,0,353.60063664981794,351.50854921723345,0,0
2025-04-09 03:45:00+05:30,347.8693038793757,29.566666666666663,71.53333333333332,3,2,0,0,349.19208378684533,349.57778709427754,0,0
2025-04-09 04:00:00+05:30,346.96889386722466,29.566666666666663,70.83333333333333,4,2,0,0,347.8693038793757,347.3589629405607,0,0
2025-04-09 04:15:00+05:30,346.97137766979137,29.53333333333333,70.13333333333334,4,2,0,0,346.96889386722466,345.8388994955665,0,0
2025-04-09 04:30:00+05:30,344.84088372293866,29.433333333333334,70.7,4,2,0,0,346.97137766979137,343.7117648600768,0,0
2025-04-09 04:45:00+05:30,344.83649803505807,29.3,71.5,4,2,0,0,344.84088372293866,341.7024792394026,0,0
2025-04-09 05:00:00+05:30,344.13155589589485,29.23333333333333,71.93333333333334,5,2,0,0,344.83649803505807,343.64873688301105,0,0
2025-04-09 05:15:00+05:30,344.1083127976472,29.166666666666668,71.7,5,2,0,0,344.13155589589485,344.24892514298705,0,0
2025-04-09 05:30:00+05:30,348.8196864487234,29.1,71.3,5,2,0,0,344.1083127976472,348.52987484456486,0,0
2025-04-09 05:45:00+05:30,353.54398200934884,29.03333333333333,71.8,5,2,0,0,348.8196864487234,352.2820566738071,0,0
2025-04-09 06:00:00+05:30,361.13355372004366,28.9,72.10000000000001,6,2,0,0,353.54398200934884,360.4897985618352,0,0
2025-04-09 06:15:00+05:30,364.2883270149258,28.899999999999995,72.5,6,2,0,0,361.13355372004366,364.5423475027853,0,0
2025-04-09 06:30:00+05:30,374.8000832277032,28.96666666666667,73.10000000000001,6,2,0,0,364.2883270149258,374.827029600822,0,0
2025-04-09 06:45:00+05:30,386.4606698147364,29.066666666666663,73.39999999999999,6,2,0,0,374.8000832277032,385.6555047659981,0,0
2025-04-09 07:00:00+05:30,401.189188528631,29.266666666666666,73.53333333333333,7,2,0,0,386.4606698147364,398.635252994982,0,0
2025-04-09 07:15:00+05:30,416.798905006927,29.53333333333333,73.43333333333334,7,2,0,0,401.189188528631,413.56939674643127,0,0
2025-04-09 07:30:00+05:30,434.3724257733656,29.83333333333333,72.89999999999999,7,2,0,0,416.798905006927,430.8673674873272,0,0
2025-04-09 07:45:00+05:30,455.5181825630892,30.1,72.7,7,2,0,0,434.3724257733656,450.3830366492497,0,0
2025-04-09 08:00:00+05:30,477.00118654293664,30.33333333333333,72.33333333333333,8,2,0,0,455.5181825630892,471.9053954420475,0,0
2025-04-09 08:15:00+05:30,501.750588182568,30.6,71.73333333333333,8,2,0,0,477.00118654293664,491.84236045777817,0,0
2025-04-09 08:30:00+05:30,519.1236210640141,30.9,71.26666666666667,8,2,0,0,501.750588182568,510.5576115439303,0,0
2025-04-09 08:45:00+05:30,535.4588816562045,31.100000000000005,70.80000000000001,8,2,0,0,519.1236210640141,527.2740209625276,0,0
2025-04-09 09:00:00+05:30,551.7363710808776,31.46666666666667,69.93333333333334,9,2,0,1,535.4588816562045,541.2957904082936,0,0
2025-04-09 09:15:00+05:30,567.3187666783389,31.83333333333333,69.06666666666666,9,2,0,1,551.7363710808776,552.6491299731314,0,0
2025-04-09 09:30:00+05:30,580.3510379656418,32.1,67.33333333333333,9,2,0,1,567.3187666783389,565.5311063309879,0,0
2025-04-09 09:45:00+05:30,590.5355195683147,32.5,66.53333333333335,9,2,0,1,580.3510379656418,577.1634718803527,0,0
2025-04-09 10:00:00+05:30,599.861952999269,32.86666666666667,65.1,10,2,0,1,590.5355195683147,584.307417042318,0,0
2025-04-09 10:15:00+05:30,607.360545803648,33.13333333333333,63.36666666666667,10,2,0,1,599.861952999269,595.9027888348783,0,0
2025-04-09 10:30:00+05:30,611.8679718336653,33.666666666666664,61.7,10,2,0,1,607.360545803648,601.9132889326366,0,0
2025-04-09 10:45:00+05:30,614.819977349341,33.93333333333334,61.633333333333326,10,2,0,1,611.8679718336653,605.3909599859516,0,0
2025-04-09 11:00:00+05:30,619.1393093454993,34.36666666666667,60.66666666666666,11,2,0,1,614.819977349341,609.406766623087,0,0
2025-04-09 11:15:00+05:30,619.576904325096,34.13333333333333,61.79999999999999,11,2,0,1,619.1393093454993,610.1711199311793,0,0
2025-04-09 11:30:00+05:30,618.5203049026253,34.333333333333336,61.16666666666666,11,2,0,1,619.576904325096,608.1044979795632,0,0
2025-04-09 11:45:00+05:30,621.8507773530254,33.6,65.55,11,2,0,1,618.5203049026253,607.6006012803365,0,0
2025-04-09 12:00:00+05:30,625.4498029232814,34.6,60.5,12,2,0,1,621.8507773530254,610.0181928508928,0,0
2025-04-09 12:15:00+05:30,626.6206932178037,35.0,56.1,12,2,0,1,625.4498029232814,610.7427000478754,0,0
2025-04-09 12:30:00+05:30,624.9803469479879,34.56666666666667,61.3,12,2,0,1,626.6206932178037,609.8909050625986,0,0
2025-04-09 12:45:00+05:30,627.0542283569466,34.6,61.86666666666667,12,2,0,1,624.9803469479879,610.1684717979571,0,0
2025-04-09 13:00:00+05:30,623.2599416669896,34.50000000000001,62.23333333333333,13,2,0,1,627.0542283569466,609.6940500259179,0,0
2025-04-09 13:15:00+05:30,622.8758501155618,34.43333333333334,62.56666666666667,13,2,0,1,623.2599416669896,609.1498404124019,0,0
2025-04-09 13:30:00+05:30,622.756159764978,34.53333333333333,62.26666666666666,13,2,0,1,622.8758501155618,609.6166857400922,0,0
2025-04-09 13:45:00+05:30,628.1368054239841,34.53333333333334,62.46666666666667,13,2,0,1,622.756159764978,613.7318094568788,0,0
2025-04-09 14:00:00+05:30,634.2464770215298,34.50000000000001,62.96666666666667,14,2,0,1,628.1368054239841,617.9526855800182,0,0
2025-04-09 14:15:00+05:30,636.6008743203847,34.26666666666667,62.49999999999999,14,2,0,1,634.2464770215298,622.3191907453328,0,0
2025-04-09 14:30:00+05:30,639.0393231647147,34.166666666666664,62.56666666666666,14,2,0,1,636.6008743203847,622.4115383206267,0,0
2025-04-09 14:45:00+05:30,639.846090589246,33.96666666666666,63.16666666666666,14,2,0,1,639.0393231647147,624.747364305392,0,0
2025-04-09 15:00:00+05:30,638.4352160524478,34.06666666666666,63.46666666666667,15,2,0,1,639.846090589246,624.2910686306946,0,0
2025-04-09 15:15:00+05:30,635.4217819701807,33.76666666666667,64.06666666666668,15,2,0,1,638.4352160524478,621.1492472120483,0,0
2025-04-09 15:30:00+05:30,635.4774850594055,33.63333333333333,64.13333333333334,15,2,0,1,635.4217819701807,619.8936869848987,0,0
2025-04-09 15:45:00+05:30,633.1651336088815,33.5,64.33333333333334,15,2,0,1,635.4774850594055,616.5481621472168,0,0
2025-04-09 16:00:00+05:30,632.5628708829437,33.6,63.4,16,2,0,1,633.1651336088815,617.1577523632147,0,0
2025-04-09 16:15:00+05:30,627.4922469974551,33.833333333333336,62.333333333333336,16,2,0,1,632.5628708829437,613.5174223583051,0,0
2025-04-09 16:30:00+05:30,623.6790332022416,33.53333333333334,62.6,16,2,0,1,627.4922469974551,606.2676078801043,0,0
2025-04-09 16:45:00+05:30,617.0286001843705,33.2,64.06666666666666,16,2,0,1,623.6790332022416,603.1073770393104,0,0
2025-04-09 17:00:00+05:30,611.5751250129167,32.93333333333334,65.03333333333333,17,2,0,1,617.0286001843705,594.8183368470566,0,0
2025-04-09 17:15:00+05:30,604.7043022352102,32.7,66.46666666666665,17,2,0,1,611.5751250129167,588.0992968972579,0,0
2025-04-09 17:30:00+05:30,594.238815447338,32.43333333333333,67.86666666666667,17,2,0,1,604.7043022352102,576.2973508577405,0,0
2025-04-09 17:45:00+05:30,585.6431443957549,31.7,69.3,17,2,0,1,594.238815447338,566.1382429605376,0,0
2025-04-09 18:00:00+05:30,573.8654980120872,31.53333333333333,70.13333333333333,18,2,0,0,585.6431443957549,556.4410845538022,0,0
2025-04-09 18:15:00+05:30,563.0800104687688,31.166666666666668,70.66666666666667,18,2,0,0,573.8654980120872,545.7886763811132,0,0
2025-04-09 18:30:00+05:30,555.476204939009,30.933333333333334,70.7,18,2,0,0,563.0800104687688,541.2142251144309,0,0
2025-04-09 18:45:00+05:30,546.4954980805941,30.7,71.63333333333333,18,2,0,0,555.476204939009,536.0048214616838,0,0
2025-04-09 19:00:00+05:30,538.4550589937744,30.566666666666663,72.03333333333333,19,2,0,0,546.4954980805941,527.6708634420061,0,0
2025-04-09 19:15:00+05:30,530.4371097304888,30.53333333333333,72.33333333333333,19,2,0,0,538.4550589937744,519.1549103253896,0,0
2025-04-09 19:30:00+05:30,520.1592314050536,30.5,72.76666666666667,19,2,0,0,530.4371097304888,509.9989836507751,0,0
2025-04-09 19:45:00+05:30,512.6941473878832,30.366666666666664,73.5,19,2,0,0,520.1592314050536,501.3996123793028,0,0
2025-04-09 20:00:00+05:30,503.5632156637658,30.3,74.13333333333334,20,2,0,0,512.6941473878832,491.9274784741514,0,0
2025-04-09 20:15:00+05:30,497.96446399352953,30.33333333333333,74.7,20,2,0,0,503.5632156637658,484.1424955501863,0,0
2025-04-09 20:30:00+05:30,489.4693483627344,30.3,75.2,20,2,0,0,497.96446399352953,479.442847244584,0,0
2025-04-09 20:45:00+05:30,485.789340303378,30.1,76.10000000000001,20,2,0,0,489.4693483627344,478.7571981054736,0,0
2025-04-09 21:00:00+05:30,479.95973103848223,30.1,76.03333333333333,21,2,0,0,485.789340303378,474.1665647021669,0,0
2025-04-09 21:15:00+05:30,477.1438544948579,30.133333333333336,76.36666666666666,21,2,0,0,479.95973103848223,467.9601930105681,0,0
2025-04-09 21:30:00+05:30,472.8172183724256,30.133333333333336,76.60000000000001,21,2,0,0,477.1438544948579,464.252107855212,0,0
2025-04-09 21:45:00+05:30,469.4930039455827,30.100000000000005,77.13333333333333,21,2,0,0,472.8172183724256,461.6615069248204,0,0
2025-04-09 22:00:00+05:30,463.8891474161732,29.96666666666667,78.16666666666667,22,2,0,0,469.4930039455827,456.8314871851166,0,0
2025-04-09 22:15:00+05:30,457.5442569910662,29.96666666666667,78.66666666666667,22,2,0,0,463.8891474161732,452.44938902883325,0,0
2025-04-09 22:30:00+05:30,457.6692952097744,29.899999999999995,78.56666666666666,22,2,0,0,457.5442569910662,451.0518647015801,0,0
2025-04-09 22:45:00+05:30,453.1635698227767,29.83333333333333,78.7,22,2,0,0,457.6692952097744,446.8981057621972,0,0
2025-04-09 23:00:00+05:30,447.5436651735557,29.9,79.0,23,2,0,0,453.1635698227767,442.6579631504222,0,0
2025-04-09 23:15:00+05:30,442.8569129094022,29.766666666666666,79.16666666666667,23,2,0,0,447.5436651735557,439.8462372817176,0,0
2025-04-09 23:30:00+05:30,438.5631141297402,29.766666666666666,78.76666666666667,23,2,0,0,442.8569129094022,432.9710759519818,0,0
2025-04-09 23:45:00+05:30,436.24485264304826,29.8,78.1,23,2,0,0,438.5631141297402,425.5230964242861,0,0
2025-04-10 00:00:00+05:30,425.28382050434845,29.73333333333333,78.2,0,3,0,0,436.24485264304826,419.9034111615009,1,1
2025-04-10 00:15:00+05:30,418.95739492453737,29.766666666666666,77.9,0,3,0,0,425.28382050434845,415.1285057631458,1,1
2025-04-10 00:30:00+05:30,411.1056692352614,29.83333333333333,77.9,0,3,0,0,418.95739492453737,408.90874993565,1,1
2025-04-10 00:45:00+05:30,404.3623993361426,29.666666666666668,77.7,0,3,0,0,411.1056692352614,402.749119223562,1,1
2025-04-10 01:00:00+05:30,395.80310012784935,29.633333333333336,77.26666666666667,1,3,0,0,404.3623993361426,396.024354677974,1,1
2025-04-10 01:15:00+05:30,389.377856781071,29.6,77.36666666666666,1,3,0,0,395.80310012784935,389.7449365955966,1,1
2025-04-10 01:30:00+05:30,385.22400127162206,29.633333333333336,77.7,1,3,0,0,389.377856781071,384.0778092852899,1,1
2025-04-10 01:45:00+05:30,381.0936292750795,29.5,77.89999999999999,1,3,0,0,385.22400127162206,379.11007529647753,1,1
2025-04-10 02:00:00+05:30,377.5252353892276,29.5,78.16666666666667,2,3,0,0,381.0936292750795,375.16842629703496,1,1
2025-04-10 02:15:00+05:30,375.1627265263761,29.433333333333334,78.60000000000001,2,3,0,0,377.5252353892276,370.78261878407966,1,1
2025-04-10 02:30:00+05:30,369.5967474748808,29.46666666666667,78.76666666666667,2,3,0,0,375.1627265263761,367.18562584031207,1,1
2025-04-10 02:45:00+05:30,363.5355244002146,29.46666666666667,78.60000000000001,2,3,0,0,369.5967474748808,363.3703875046016,1,1
2025-04-10 03:00:00+05:30,360.6361988126824,29.46666666666667,78.76666666666667,3,3,0,0,363.5355244002146,357.5727662729992,1,1
2025-04-10 03:15:00+05:30,357.2605318577069,29.53333333333333,78.7,3,3,0,0,360.6361988126824,353.60063664981794,1,1
2025-04-10 03:30:00+05:30,353.50520724826714,29.566666666666663,78.53333333333335,3,3,0,0,357.2605318577069,349.19208378684533,1,1
2025-04-10 03:45:00+05:30,349.8335087870618,29.566666666666663,79.03333333333333,3,3,0,0,353.50520724826714,347.8693038793757,1,1
2025-04-10 04:00:00+05:30,347.58597651194896,29.46666666666667,79.23333333333333,4,3,0,0,349.8335087870618,346.96889386722466,1,1
2025-04-10 04:15:00+05:30,346.75169093133854,29.433333333333337,78.93333333333334,4,3,0,0,347.58597651194896,346.97137766979137,1,1
2025-04-10 04:30:00+05:30,346.83280389156613,29.433333333333337,78.7,4,3,0,0,346.75169093133854,344.84088372293866,1,1
2025-04-10 04:45:00+05:30,346.25709034474136,29.366666666666664,78.60000000000001,4,3,0,0,346.83280389156613,344.83649803505807,1,1
2025-04-10 05:00:00+05:30,345.7992417939327,29.3,78.43333333333332,5,3,0,0,346.25709034474136,344.13155589589485,1,1
2025-04-10 05:15:00+05:30,347.09029658942575,29.399999999999995,77.93333333333334,5,3,0,0,345.7992417939327,344.1083127976472,1,1
2025-04-10 05:30:00+05:30,350.2129809741664,29.46666666666667,77.93333333333332,5,3,0,0,347.09029658942575,348.8196864487234,1,1
2025-04-10 05:45:00+05:30,352.76682764201115,29.36666666666667,78.43333333333334,5,3,0,0,350.2129809741664,353.54398200934884,1,1
2025-04-10 06:00:00+05:30,361.3232720010251,29.366666666666664,78.56666666666668,6,3,0,0,352.76682764201115,361.13355372004366,1,1
2025-04-10 06:15:00+05:30,364.27738626265807,29.46666666666667,78.5,6,3,0,0,361.3232720010251,364.2883270149258,1,1
2025-04-10 06:30:00+05:30,372.24618603058354,29.46666666666667,78.86666666666667,6,3,0,0,364.27738626265807,374.8000832277032,1,1
2025-04-10 06:45:00+05:30,381.0911498580736,29.566666666666663,79.2,6,3,0,0,372.24618603058354,386.4606698147364,1,1
2025-04-10 07:00:00+05:30,392.9984567665085,29.666666666666668,79.46666666666667,7,3,0,0,381.0911498580736,401.189188528631,1,1
2025-04-10 07:15:00+05:30,408.439881077916,29.8,78.03333333333333,7,3,0,0,392.9984567665085,416.798905006927,1,1
2025-04-10 07:30:00+05:30,424.6196535991512,30.066666666666663,76.7,7,3,0,0,408.439881077916,434.3724257733656,1,1
2025-04-10 07:45:00+05:30,441.1694284857618,30.23333333333333,75.96666666666667,7,3,0,0,424.6196535991512,455.5181825630892,1,1
2025-04-10 08:00:00+05:30,461.7505695576921,30.53333333333333,75.36666666666666,8,3,0,0,441.1694284857618,477.00118654293664,1,1
2025-04-10 08:15:00+05:30,482.9274545247302,30.866666666666664,73.73333333333333,8,3,0,0,461.7505695576921,501.750588182568,1,1
2025-04-10 08:30:00+05:30,497.54750195820543,31.166666666666668,71.89999999999999,8,3,0,0,482.9274545247302,519.1236210640141,1,1
2025-04-10 08:45:00+05:30,511.982547775036,31.666666666666668,70.83333333333333,8,3,0,0,497.54750195820543,535.4588816562045,1,1
2025-04-10 09:00:00+05:30,527.024050133628,31.6,70.56666666666666,9,3,0,1,511.982547775036,551.7363710808776,1,1
2025-04-10 09:15:00+05:30,538.0141936891779,32.0,69.23333333333333,9,3,0,1,527.024050133628,567.3187666783389,1,1
2025-04-10 09:30:00+05:30,550.451657889635,32.333333333333336,68.26666666666667,9,3,0,1,538.0141936891779,580.3510379656418,1,1
2025-04-10 09:45:00+05:30,561.8780187039226,32.166666666666664,68.4,9,3,0,1,550.451657889635,590.5355195683147,1,1
2025-04-10 10:00:00+05:30,567.8280526732947,32.300000000000004,67.86666666666666,10,3,0,1,561.8780187039226,599.861952999269,1,1
2025-04-10 10:15:00+05:30,574.5790824218216,32.6,66.56666666666668,10,3,0,1,567.8280526732947,607.360545803648,1,1
2025-04-10 10:30:00+05:30,579.2151307614599,32.733333333333334,65.6,10,3,0,1,574.5790824218216,611.8679718336653,1,1
2025-04-10 10:45:00+05:30,583.7807612204404,32.43333333333333,66.73333333333333,10,3,0,1,579.2151307614599,614.819977349341,1,1
2025-04-10 11:00:00+05:30,586.8706572382516,32.63333333333333,65.63333333333333,11,3,0,1,583.7807612204404,619.1393093454993,1,1
2025-04-10 11:15:00+05:30,587.1597724150132,32.733333333333334,65.56666666666668,11,3,0,1,586.8706572382516,619.576904325096,1,1
2025-04-10 11:30:00+05:30,586.5869994246349,33.1,62.56666666666666,11,3,0,1,587.1597724150132,618.5203049026253,1,1
2025-04-10 11:45:00+05:30,585.5491719739962,33.56666666666666,61.76666666666667,11,3,0,1,586.5869994246349,621.8507773530254,1,1
2025-04-10 12:00:00+05:30,586.2450188837788,33.833333333333336,59.96666666666667,12,3,0,1,585.5491719739962,625.4498029232814,1,1
2025-04-10 12:15:00+05:30,584.5995483658933,33.96666666666667,60.13333333333333,12,3,0,1,586.2450188837788,626.6206932178037,1,1
2025-04-10 12:30:00+05:30,585.273573309773,33.96666666666667,59.96666666666666,12,3,0,1,584.5995483658933,624.9803469479879,1,1
2025-04-10 12:45:00+05:30,581.798053875251,33.93333333333334,59.03333333333333,12,3,0,1,585.273573309773,627.0542283569466,1,1
2025-04-10 13:00:00+05:30,579.409944158976,33.93333333333333,59.26666666666667,13,3,0,1,581.798053875251,623.2599416669896,1,1
2025-04-10 13:15:00+05:30,577.4939705836031,33.86666666666667,59.9,13,3,0,1,579.409944158976,622.8758501155618,1,1
2025-04-10 13:30:00+05:30,577.2659641345947,34.166666666666664,58.23333333333333,13,3,0,1,577.4939705836031,622.756159764978,1,1
2025-04-10 13:45:00+05:30,578.6149308706483,34.43333333333334,58.16666666666666,13,3,0,1,577.2659641345947,628.1368054239841,1,1
2025-04-10 14:00:00+05:30,581.9418849177794,34.53333333333334,59.06666666666666,14,3,0,1,578.6149308706483,634.2464770215298,1,1
2025-04-10 14:15:00+05:30,584.4401201333056,34.166666666666664,59.56666666666666,14,3,0,1,581.9418849177794,636.6008743203847,1,1
2025-04-10 14:30:00+05:30,585.0681237656646,33.800000000000004,60.833333333333336,14,3,0,1,584.4401201333056,639.0393231647147,1,1
2025-04-10 14:45:00+05:30,587.7638305819169,33.73333333333334,61.06666666666666,14,3,0,1,585.0681237656646,639.846090589246,1,1
2025-04-10 15:00:00+05:30,586.136148891962,34.0,61.03333333333334,15,3,0,1,587.7638305819169,638.4352160524478,1,1
2025-04-10 15:15:00+05:30,586.7072243648915,33.4,62.5,15,3,0,1,586.136148891962,635.4217819701807,1,1
2025-04-10 15:30:00+05:30,587.9489392936589,33.4,63.93333333333334,15,3,0,1,586.7072243648915,635.4774850594055,1,1
2025-04-10 15:45:00+05:30,587.3646898103596,33.53333333333333,63.26666666666666,15,3,0,1,587.9489392936589,633.1651336088815,1,1
2025-04-10 16:00:00+05:30,588.2393834329268,33.43333333333333,63.2,16,3,0,1,587.3646898103596,632.5628708829437,1,1
2025-04-10 16:15:00+05:30,582.5083590128494,33.56666666666667,62.6,16,3,0,1,588.2393834329268,627.4922469974551,1,1
2025-04-10 16:30:00+05:30,582.1084834115546,33.53333333333333,62.76666666666667,16,3,0,1,582.5083590128494,623.6790332022416,1,1
2025-04-10 16:45:00+05:30,575.6965858777581,33.333333333333336,62.86666666666667,16,3,0,1,582.1084834115546,617.0286001843705,1,1
2025-04-10 17:00:00+05:30,570.7086334105232,33.13333333333333,63.2,17,3,0,1,575.6965858777581,611.5751250129167,1,1
2025-04-10 17:15:00+05:30,562.1253637584896,33.06666666666666,62.73333333333333,17,3,0,1,570.7086334105232,604.7043022352102,1,1
2025-04-10 17:30:00+05:30,554.6000792342544,32.666666666666664,62.76666666666667,17,3,0,1,562.1253637584896,594.238815447338,1,1
2025-04-10 17:45:00+05:30,547.0223861496768,32.46666666666667,63.26666666666667,17,3,0,1,554.6000792342544,585.6431443957549,1,1
2025-04-10 18:00:00+05:30,537.9775694063312,31.83333333333333,65.33333333333333,18,3,0,0,547.0223861496768,573.8654980120872,1,1
2025-04-10 18:15:00+05:30,530.3049940342675,31.3,66.86666666666667,18,3,0,0,537.9775694063312,563.0800104687688,1,1
2025-04-10 18:30:00+05:30,524.4049739216205,30.899999999999995,67.83333333333333,18,3,0,0,530.3049940342675,555.476204939009,1,1
2025-04-10 18:45:00+05:30,520.8775637978536,30.73333333333333,68.66666666666667,18,3,0,0,524.4049739216205,546.4954980805941,1,1
2025-04-10 19:00:00+05:30,516.6003035232015,30.666666666666668,68.89999999999999,19,3,0,0,520.8775637978536,538.4550589937744,1,1
2025-04-10 19:15:00+05:30,509.92020869951415,30.5,69.86666666666666,19,3,0,0,516.6003035232015,530.4371097304888,1,1
2025-04-10 19:30:00+05:30,503.44410648738926,30.466666666666665,69.73333333333333,19,3,0,0,509.92020869951415,520.1592314050536,1,1
2025-04-10 19:45:00+05:30,496.1155186734854,30.399999999999995,69.60000000000001,19,3,0,0,503.44410648738926,512.6941473878832,1,1
2025-04-10 20:00:00+05:30,488.2952586342543,30.33333333333333,70.13333333333334,20,3,0,0,496.1155186734854,503.5632156637658,1,1
2025-04-10 20:15:00+05:30,482.7718321313346,30.133333333333336,70.83333333333333,20,3,0,0,488.2952586342543,497.96446399352953,1,1
2025-04-10 20:30:00+05:30,475.4717188049877,30.133333333333336,70.96666666666667,20,3,0,0,482.7718321313346,489.4693483627344,1,1
2025-04-10 20:45:00+05:30,473.5491351994622,30.03333333333333,70.86666666666667,20,3,0,0,475.4717188049877,485.789340303378,1,1
2025-04-10 21:00:00+05:30,468.43570624182365,29.899999999999995,71.43333333333332,21,3,0,0,473.5491351994622,479.95973103848223,1,1
2025-04-10 21:15:00+05:30,463.01760747733096,29.9,72.16666666666667,21,3,0,0,468.43570624182365,477.1438544948579,1,1
2025-04-10 21:30:00+05:30,459.475016126847,29.766666666666666,72.83333333333333,21,3,0,0,463.01760747733096,472.8172183724256,1,1
2025-04-10 21:45:00+05:30,457.1868630396124,29.666666666666668,73.2,21,3,0,0,459.475016126847,469.4930039455827,1,1
2025-04-10 22:00:00+05:30,451.8408368339256,29.63333333333333,74.0,22,3,0,0,457.1868630396124,463.8891474161732,1,1
2025-04-10 22:15:00+05:30,447.4959421856672,29.566666666666663,74.36666666666666,22,3,0,0,451.8408368339256,457.5442569910662,1,1
2025-04-10 22:30:00+05:30,447.4198973852444,29.566666666666663,74.1,22,3,0,0,447.4959421856672,457.6692952097744,1,1
2025-04-10 22:45:00+05:30,445.3191570381947,29.566666666666663,74.53333333333335,22,3,0,0,447.4198973852444,453.1635698227767,1,1
2025-04-10 23:00:00+05:30,437.9841622140704,29.6,74.86666666666666,23,3,0,0,445.3191570381947,447.5436651735557,1,1
2025-04-10 23:15:00+05:30,434.39750712346085,29.566666666666663,75.03333333333333,23,3,0,0,437.9841622140704,442.8569129094022,1,1
2025-04-10 23:30:00+05:30,430.37313295656713,29.433333333333337,75.53333333333335,23,3,0,0,434.39750712346085,438.5631141297402,1,1
2025-04-10 23:45:00+05:30,425.2935752314498,29.46666666666667,75.36666666666666,23,3,0,0,430.37313295656713,436.24485264304826,1,1
2025-04-11 00:00:00+05:30,418.9699112215111,29.5,75.5,0,4,0,0,425.2935752314498,425.28382050434845,0,0
2025-04-11 00:15:00+05:30,414.7837121599506,29.4,75.73333333,0,4,0,0,418.9699112215111,418.95739492453737,0,0
2025-04-11 00:30:00+05:30,406.854530539313,29.36666667,75.5,0,4,0,0,414.7837121599506,411.1056692352614,0,0
2025-04-11 00:45:00+05:30,401.1525917535316,29.36666667,75.8,0,4,0,0,406.854530539313,404.3623993361426,0,0
2025-04-11 01:00:00+05:30,395.7577781570444,29.26666667,76.23333333,1,4,0,0,401.1525917535316,395.80310012784935,0,0
2025-04-11 01:15:00+05:30,390.2540203273445,29.26666667,76.4,1,4,0,0,395.7577781570444,389.377856781071,0,0
2025-04-11 01:30:00+05:30,384.78631067948334,29.3,76.4,1,4,0,0,390.2540203273445,385.22400127162206,0,0
2025-04-11 01:45:00+05:30,381.08338744067,29.26666667,76.56666667,1,4,0,0,384.78631067948334,381.0936292750795,0,0
2025-04-11 02:00:00+05:30,376.82301287762107,29.16666667,76.83333333,2,4,0,0,381.08338744067,377.5252353892276,0,0
2025-04-11 02:15:00+05:30,373.1843568742967,29.03333333,77.4,2,4,0,0,376.82301287762107,375.1627265263761,0,0
2025-04-11 02:30:00+05:30,368.6020129997108,29.06666667,77.73333333,2,4,0,0,373.1843568742967,369.5967474748808,0,0
2025-04-11 02:45:00+05:30,366.55476650619767,28.93333333,77.66666667,2,4,0,0,368.6020129997108,363.5355244002146,0,0
2025-04-11 03:00:00+05:30,363.7845269900432,28.83333333,77.8,3,4,0,0,366.55476650619767,360.6361988126824,0,0
2025-04-11 03:15:00+05:30,357.1998155411631,28.7,78.4,3,4,0,0,363.7845269900432,357.2605318577069,0,0
2025-04-11 03:30:00+05:30,349.6031373557681,28.66666667,78.9,3,4,0,0,357.1998155411631,353.50520724826714,0,0
2025-04-11 03:45:00+05:30,346.5790810674582,28.63333333,78.7,3,4,0,0,349.6031373557681,349.8335087870618,0,0
2025-04-11 04:00:00+05:30,345.8921848349982,28.46666667,79.4,4,4,0,0,346.5790810674582,347.58597651194896,0,0
2025-04-11 04:15:00+05:30,345.7474635531347,28.43333333,79.6,4,4,0,0,345.8921848349982,346.75169093133854,0,0
2025-04-11 04:30:00+05:30,345.99886253613886,28.4,79.5,4,4,0,0,345.7474635531347,346.83280389156613,0,0
2025-04-11 04:45:00+05:30,345.4811036864614,28.46666667,79.33333333,4,4,0,0,345.99886253613886,346.25709034474136,0,0
2025-04-11 05:00:00+05:30,346.0346030031806,28.36666667,80.5,5,4,0,0,345.4811036864614,345.7992417939327,0,0
2025-04-11 05:15:00+05:30,347.36191625966194,28.3,81.33333333,5,4,0,0,346.0346030031806,347.09029658942575,0,0
2025-04-11 05:30:00+05:30,351.37516146199874,28.26666667,81.66666667,5,4,0,0,347.36191625966194,350.2129809741664,0,0
2025-04-11 05:45:00+05:30,353.05042405733786,28.23333333,81.93333333,5,4,0,0,351.37516146199874,352.76682764201115,0,0
2025-04-11 06:00:00+05:30,361.4001510771863,28.2,82.0,6,4,0,0,353.05042405733786,361.3232720010251,0,0
2025-04-11 06:15:00+05:30,366.2155462415174,28.23333333,82.0,6,4,0,0,361.4001510771863,364.27738626265807,0,0
2025-04-11 06:30:00+05:30,376.5134684024734,28.23333333,82.23333333,6,4,0,0,366.2155462415174,372.24618603058354,0,0
2025-04-11 06:45:00+05:30,388.5881818760646,28.36666667,82.06666667,6,4,0,0,376.5134684024734,381.0911498580736,0,0
2025-04-11 07:00:00+05:30,400.2141537922728,28.63333333,81.36666667,7,4,0,0,388.5881818760646,392.9984567665085,0,0
2025-04-11 07:15:00+05:30,413.9571743364626,28.9,80.6,7,4,0,0,400.2141537922728,408.439881077916,0,0
2025-04-11 07:30:00+05:30,430.46521753147965,29.2,79.2,7,4,0,0,413.9571743364626,424.6196535991512,0,0
2025-04-11 07:45:00+05:30,452.2387230239225,29.33333333,78.46666667,7,4,0,0,430.46521753147965,441.1694284857618,0,0
2025-04-11 08:00:00+05:30,475.2675935932648,29.53333333,77.53333333,8,4,0,0,452.2387230239225,461.7505695576921,0,0
2025-04-11 08:15:00+05:30,496.8993896726497,29.9,75.93333333,8,4,0,0,475.2675935932648,482.9274545247302,0,0
2025-04-11 08:30:00+05:30,514.2456490063108,30.13333333,74.96666667,8,4,0,0,496.8993896726497,497.54750195820543,0,0
2025-04-11 08:45:00+05:30,531.2405908550368,30.46666667,73.83333333,8,4,0,0,514.2456490063108,511.982547775036,0,0
2025-04-11 09:00:00+05:30,547.1201081102781,31.06666667,72.0,9,4,0,1,531.2405908550368,527.024050133628,0,0
2025-04-11 09:15:00+05:30,559.1183118623829,31.1,70.7,9,4,0,1,547.1201081102781,538.0141936891779,0,0
2025-04-11 09:30:00+05:30,571.8201134378122,31.43333333,69.86666667,9,4,0,1,559.1183118623829,550.451657889635,0,0
2025-04-11 09:45:00+05:30,583.8988540710616,31.83333333,67.56666667,9,4,0,1,571.8201134378122,561.8780187039226,0,0
2025-04-11 10:00:00+05:30,590.2145901877694,32.06666667,65.5,10,4,0,1,583.8988540710616,567.8280526732947,0,0
2025-04-11 10:15:00+05:30,600.0831999313508,32.16666667,64.76666667,10,4,0,1,590.2145901877694,574.5790824218216,0,0
2025-04-11 10:30:00+05:30,604.7309115479532,32.63333333,62.9,10,4,0,1,600.0831999313508,579.2151307614599,0,0
2025-04-11 10:45:00+05:30,606.2047028830656,33.1,60.83333333,10,4,0,1,604.7309115479532,583.7807612204404,0,0
2025-04-11 11:00:00+05:30,607.2564615493653,33.26666667,59.06666667,11,4,0,1,606.2047028830656,586.8706572382516,0,0
2025-04-11 11:15:00+05:30,605.1421775528338,33.63333333,58.06666667,11,4,0,1,607.2564615493653,587.1597724150132,0,0
2025-04-11 11:30:00+05:30,604.1571697149147,33.6,59.33333333,11,4,0,1,605.1421775528338,586.5869994246349,0,0
2025-04-11 11:45:00+05:30,603.610920185791,33.53333333,60.33333333,11,4,0,1,604.1571697149147,585.5491719739962,0,0
2025-04-11 12:00:00+05:30,604.958148797294,33.73333333,58.9,12,4,0,1,603.610920185791,586.2450188837788,0,0
2025-04-11 12:15:00+05:30,606.1950813115919,34.0,58.0,12,4,0,1,604.958148797294,584.5995483658933,0,0
2025-04-11 12:30:00+05:30,604.9599203173991,34.13333333,57.36666667,12,4,0,1,606.1950813115919,585.273573309773,0,0
2025-04-11 12:45:00+05:30,604.2739610038914,34.0,58.03333333,12,4,0,1,604.9599203173991,581.798053875251,0,0
2025-04-11 13:00:00+05:30,599.5489881567087,33.96666667,58.4,13,4,0,1,604.2739610038914,579.409944158976,0,0
2025-04-11 13:15:00+05:30,596.7184909138593,34.1,56.96666667,13,4,0,1,599.5489881567087,577.4939705836031,0,0
2025-04-11 13:30:00+05:30,596.6955432551567,34.43333333,57.96666667,13,4,0,1,596.7184909138593,577.2659641345947,0,0
2025-04-11 13:45:00+05:30,600.040461717987,34.63333333,57.86666667,13,4,0,1,596.6955432551567,578.6149308706483,0,0
2025-04-11 14:00:00+05:30,604.5866719635535,34.66666667,57.93333333,14,4,0,1,600.040461717987,581.9418849177794,0,0
2025-04-11 14:15:00+05:30,607.8575746992636,34.06666667,58.66666667,14,4,0,1,604.5866719635535,584.4401201333056,0,0
2025-04-11 14:30:00+05:30,609.6071967847656,34.13333333,55.6,14,4,0,1,607.8575746992636,585.0681237656646,0,0
2025-04-11 14:45:00+05:30,611.1136764003447,34.1,55.9,14,4,0,1,609.6071967847656,587.7638305819169,0,0
2025-04-11 15:00:00+05:30,612.2407363737026,34.1,56.1,15,4,0,1,611.1136764003447,586.136148891962,0,0
2025-04-11 15:15:00+05:30,612.6723877154996,33.96666667,56.56666667,15,4,0,1,612.2407363737026,586.7072243648915,0,0
2025-04-11 15:30:00+05:30,610.7358961141659,33.76666667,57.16666667,15,4,0,1,612.6723877154996,587.9489392936589,0,0
2025-04-11 15:45:00+05:30,607.0083307318343,33.93333333,56.33333333,15,4,0,1,610.7358961141659,587.3646898103596,0,0
2025-04-11 16:00:00+05:30,606.8019653482605,34.06666667,55.93333333,16,4,0,1,607.0083307318343,588.2393834329268,0,0
2025-04-11 16:15:00+05:30,599.5220687385863,34.4,56.8,16,4,0,1,606.8019653482605,582.5083590128494,0,0
2025-04-11 16:30:00+05:30,595.0357284562599,34.23333333,58.1,16,4,0,1,599.5220687385863,582.1084834115546,0,0
2025-04-11 16:45:00+05:30,587.8724106160805,33.9,58.5,16,4,0,1,595.0357284562599,575.6965858777581,0,0
2025-04-11 17:00:00+05:30,584.2441987762639,33.5,59.46666667,17,4,0,1,587.8724106160805,570.7086334105232,0,0
2025-04-11 17:15:00+05:30,579.8917399760227,33.13333333,61.06666667,17,4,0,1,584.2441987762639,562.1253637584896,0,0
2025-04-11 17:30:00+05:30,571.1147086543542,32.56666667,62.36666667,17,4,0,1,579.8917399760227,554.6000792342544,0,0
2025-04-11 17:45:00+05:30,563.9458412597443,32.36666667,63.23333333,17,4,0,1,571.1147086543542,547.0223861496768,0,0
2025-04-11 18:00:00+05:30,554.7041677304686,31.8,64.33333333,18,4,0,0,563.9458412597443,537.9775694063312,0,0
2025-04-11 18:15:00+05:30,542.614442356271,31.36666667,65.7,18,4,0,0,554.7041677304686,530.3049940342675,0,0
2025-04-11 18:30:00+05:30,533.0269771433333,30.96666667,67.26666667,18,4,0,0,542.614442356271,524.4049739216205,0,0
2025-04-11 18:45:00+05:30,527.5285631095257,30.6,68.4,18,4,0,0,533.0269771433333,520.8775637978536,0,0
2025-04-11 19:00:00+05:30,520.1538667378887,30.46666667,69.03333333,19,4,0,0,527.5285631095257,516.6003035232015,0,0
2025-04-11 19:15:00+05:30,512.3104268845142,30.26666667,68.96666667,19,4,0,0,520.1538667378887,509.92020869951415,0,0
2025-04-11 19:30:00+05:30,503.44688117423686,30.2,68.96666667,19,4,0,0,512.3104268845142,503.44410648738926,0,0
2025-04-11 19:45:00+05:30,492.69417706915215,30.13333333,69.23333333,19,4,0,0,503.44688117423686,496.1155186734854,0,0
2025-04-11 20:00:00+05:30,482.2745500460797,29.86666667,70.03333333,20,4,0,0,492.69417706915215,488.2952586342543,0,0
2025-04-11 20:15:00+05:30,474.7032302525095,29.83333333,69.96666667,20,4,0,0,482.2745500460797,482.7718321313346,0,0
2025-04-11 20:30:00+05:30,469.9964832514544,29.73333333,70.03333333,20,4,0,0,474.7032302525095,475.4717188049877,0,0
2025-04-11 20:45:00+05:30,467.2118529317447,29.66666667,69.9,20,4,0,0,469.9964832514544,473.5491351994622,0,0
2025-04-11 21:00:00+05:30,460.8637200705313,29.6,70.13333333,21,4,0,0,467.2118529317447,468.43570624182365,0,0
2025-04-11 21:15:00+05:30,454.8443710826815,29.5,70.43333333,21,4,0,0,460.8637200705313,463.01760747733096,0,0
2025-04-11 21:30:00+05:30,449.2237045842832,29.36666667,70.83333333,21,4,0,0,454.8443710826815,459.475016126847,0,0
2025-04-11 21:45:00+05:30,445.1275613180218,29.16666667,71.7,21,4,0,0,449.2237045842832,457.1868630396124,0,0
2025-04-11 22:00:00+05:30,439.27711868329953,29.1,72.4,22,4,0,0,445.1275613180218,451.8408368339256,0,0
2025-04-11 22:15:00+05:30,433.94711210446246,29.1,72.76666667,22,4,0,0,439.27711868329953,447.4959421856672,0,0
2025-04-11 22:30:00+05:30,435.2152956325971,29.0,73.36666667,22,4,0,0,433.94711210446246,447.4198973852444,0,0
2025-04-11 22:45:00+05:30,431.0691836074272,28.9,73.63333333,22,4,0,0,435.2152956325971,445.3191570381947,0,0
2025-04-11 23:00:00+05:30,427.48301194248114,28.86666667,73.9,23,4,0,0,431.0691836074272,437.9841622140704,0,0
2025-04-11 23:15:00+05:30,421.8768110512542,28.8,74.03333333,23,4,0,0,427.48301194248114,434.39750712346085,0,0
2025-04-11 23:30:00+05:30,418.1100338350605,28.8,74.26666667,23,4,0,0,421.8768110512542,430.37313295656713,0,0
2025-04-11 23:45:00+05:30,412.540881464575,28.83333333,74.36666667,23,4,0,0,418.1100338350605,425.2935752314498,0,0
2025-04-12 00:00:00+05:30,405.93152323891474,28.766666666666666,74.60000000000001,0,5,1,0,412.540881464575,418.9699112215111,0,0
2025-04-12 00:15:00+05:30,401.4539967113908,28.899999999999995,74.66666666666667,0,5,1,0,405.93152323891474,414.7837121599506,0,0
2025-04-12 00:30:00+05:30,396.5977807757205,28.866666666666664,74.9,0,5,1,0,401.4539967113908,406.854530539313,0,0
2025-04-12 00:45:00+05:30,392.4507356070835,28.766666666666666,75.3,0,5,1,0,396.5977807757205,401.1525917535316,0,0
2025-04-12 01:00:00+05:30,386.9937037355869,28.566666666666663,75.96666666666667,1,5,1,0,392.4507356070835,395.7577781570444,0,0
2025-04-12 01:15:00+05:30,383.1912111260496,28.566666666666663,75.73333333333333,1,5,1,0,386.9937037355869,390.2540203273445,0,0
2025-04-12 01:30:00+05:30,378.6104187392371,28.666666666666668,75.63333333333333,1,5,1,0,383.1912111260496,384.78631067948334,0,0
2025-04-12 01:45:00+05:30,373.2490399343244,28.8,75.26666666666667,1,5,1,0,378.6104187392371,381.08338744067,0,0
2025-04-12 02:00:00+05:30,369.4634765935185,28.766666666666666,75.3,2,5,1,0,373.2490399343244,376.82301287762107,0,0
2025-04-12 02:15:00+05:30,364.14388420585686,28.83333333333333,75.43333333333334,2,5,1,0,369.4634765935185,373.1843568742967,0,0
2025-04-12 02:30:00+05:30,360.5996848843145,28.7,75.53333333333332,2,5,1,0,364.14388420585686,368.6020129997108,0,0
2025-04-12 02:45:00+05:30,356.77029717279373,28.6,75.73333333333333,2,5,1,0,360.5996848843145,366.55476650619767,0,0
2025-04-12 03:00:00+05:30,352.93714501102943,28.6,75.7,3,5,1,0,356.77029717279373,363.7845269900432,0,0
2025-04-12 03:15:00+05:30,349.2231760515842,28.633333333333336,75.26666666666667,3,5,1,0,352.93714501102943,357.1998155411631,0,0
2025-04-12 03:30:00+05:30,345.506941721698,28.5,75.93333333333334,3,5,1,0,349.2231760515842,349.6031373557681,0,0
2025-04-12 03:45:00+05:30,341.97619876269465,28.46666666666667,76.30000000000001,3,5,1,0,345.506941721698,346.5790810674582,0,0
2025-04-12 04:00:00+05:30,340.2854479893105,28.46666666666667,76.60000000000001,4,5,1,0,341.97619876269465,345.8921848349982,0,0
2025-04-12 04:15:00+05:30,337.154101524912,28.433333333333334,76.60000000000001,4,5,1,0,340.2854479893105,345.7474635531347,0,0
2025-04-12 04:30:00+05:30,336.2501003895417,28.366666666666664,76.66666666666667,4,5,1,0,337.154101524912,345.99886253613886,0,0
2025-04-12 04:45:00+05:30,334.9180689551322,28.33333333333333,76.63333333333334,4,5,1,0,336.2501003895417,345.4811036864614,0,0
2025-04-12 05:00:00+05:30,333.8780190154856,28.33333333333333,77.39999999999999,5,5,1,0,334.9180689551322,346.0346030031806,0,0
2025-04-12 05:15:00+05:30,333.5717238286943,28.33333333333333,77.89999999999999,5,5,1,0,333.8780190154856,347.36191625966194,0,0
2025-04-12 05:30:00+05:30,335.6326395928179,28.23333333333333,78.66666666666667,5,5,1,0,333.5717238286943,351.37516146199874,0,0
2025-04-12 05:45:00+05:30,335.93981820918214,28.266666666666666,78.96666666666667,5,5,1,0,335.6326395928179,353.05042405733786,0,0
2025-04-12 06:00:00+05:30,341.1102216277703,28.266666666666666,79.16666666666667,6,5,1,0,335.93981820918214,361.4001510771863,0,0
2025-04-12 06:15:00+05:30,341.80479598501057,28.266666666666666,79.43333333333334,6,5,1,0,341.1102216277703,366.2155462415174,0,0
2025-04-12 06:30:00+05:30,347.2656732325158,28.3,79.66666666666667,6,5,1,0,341.80479598501057,376.5134684024734,0,0
2025-04-12 06:45:00+05:30,351.1649105674499,28.46666666666667,79.43333333333334,6,5,1,0,347.2656732325158,388.5881818760646,0,0
2025-04-12 07:00:00+05:30,358.4815433693344,28.766666666666666,78.5,7,5,1,0,351.1649105674499,400.2141537922728,0,0
2025-04-12 07:15:00+05:30,365.4031145615448,29.03333333333333,77.60000000000001,7,5,1,0,358.4815433693344,413.9571743364626,0,0
2025-04-12 07:30:00+05:30,374.0037686558195,29.366666666666664,76.39999999999999,7,5,1,0,365.4031145615448,430.46521753147965,0,0
2025-04-12 07:45:00+05:30,385.86877700651513,29.55,75.85,7,5,1,0,374.0037686558195,452.2387230239225,0,0
2025-04-12 08:00:00+05:30,396.8346243141858,29.85,74.44999999999999,8,5,1,0,385.86877700651513,475.2675935932648,0,0
2025-04-12 08:15:00+05:30,410.5961491048034,30.1,73.1,8,5,1,0,396.8346243141858,496.8993896726497,0,0
2025-04-12 08:30:00+05:30,421.8351894040391,30.4,71.9,8,5,1,0,410.5961491048034,514.2456490063108,0,0
2025-04-12 08:45:00+05:30,435.0415680945631,30.75,70.3,8,5,1,0,421.8351894040391,531.2405908550368,0,0
2025-04-12 09:00:00+05:30,447.07705746622304,31.05,67.55000000000001,9,5,1,1,435.0415680945631,547.1201081102781,0,0
2025-04-12 09:15:00+05:30,455.1534820944546,31.55,65.0,9,5,1,1,447.07705746622304,559.1183118623829,0,0
2025-04-12 09:30:00+05:30,462.87593284707725,31.700000000000003,63.95,9,5,1,1,455.1534820944546,571.8201134378122,0,0
2025-04-12 09:45:00+05:30,473.9509867999657,32.05,61.8,9,5,1,1,462.87593284707725,583.8988540710616,0,0
2025-04-12 10:00:00+05:30,481.53718314174137,32.3,61.3,10,5,1,1,473.9509867999657,590.2145901877694,0,0
2025-04-12 10:15:00+05:30,490.404951356314,32.4,61.2,10,5,1,1,481.53718314174137,600.0831999313508,0,0
2025-04-12 10:30:00+05:30,494.3875009119491,32.6,60.45,10,5,1,1,490.404951356314,604.7309115479532,0,0
2025-04-12 10:45:00+05:30,498.7057675520827,32.85,58.55,10,5,1,1,494.3875009119491,606.2047028830656,0,0
2025-04-12 11:00:00+05:30,502.53718531436056,33.0,58.55,11,5,1,1,498.7057675520827,607.2564615493653,0,0
2025-04-12 11:15:00+05:30,504.13235717720784,33.2,57.75,11,5,1,1,502.53718531436056,605.1421775528338,0,0
2025-04-12 11:30:00+05:30,504.2558160741972,32.800000000000004,59.366666666666674,11,5,1,1,504.13235717720784,604.1571697149147,0,0
2025-04-12 11:45:00+05:30,505.78164355979504,33.166666666666664,60.0,11,5,1,1,504.2558160741972,603.610920185791,0,0
2025-04-12 12:00:00+05:30,506.29129332903096,33.2,59.53333333333333,12,5,1,1,505.78164355979504,604.958148797294,0,0
2025-04-12 12:15:00+05:30,506.5658477343906,32.833333333333336,60.4,12,5,1,1,506.29129332903096,606.1950813115919,0,0
2025-04-12 12:30:00+05:30,504.83296388409394,33.06666666666666,59.79999999999999,12,5,1,1,506.5658477343906,604.9599203173991,0,0
2025-04-12 12:45:00+05:30,502.6649342696728,33.43333333333334,58.400000000000006,12,5,1,1,504.83296388409394,604.2739610038914,0,0
2025-04-12 13:00:00+05:30,499.7119466951722,33.333333333333336,58.0,13,5,1,1,502.6649342696728,599.5489881567087,0,0
2025-04-12 13:15:00+05:30,496.7320911596405,33.56666666666667,57.86666666666667,13,5,1,1,499.7119466951722,596.7184909138593,0,0
2025-04-12 13:30:00+05:30,495.12822606121415,33.833333333333336,57.23333333333333,13,5,1,1,496.7320911596405,596.6955432551567,0,0
2025-04-12 13:45:00+05:30,502.6031663345455,33.93333333333333,55.93333333333334,13,5,1,1,495.12822606121415,600.040461717987,0,0
2025-04-12 14:00:00+05:30,501.5420803358731,34.03333333333333,56.46666666666667,14,5,1,1,502.6031663345455,604.5866719635535,0,0
2025-04-12 14:15:00+05:30,503.5080381816796,33.53333333333334,56.4,14,5,1,1,501.5420803358731,607.8575746992636,0,0
2025-04-12 14:30:00+05:30,502.4062699787177,33.266666666666666,57.4,14,5,1,1,503.5080381816796,609.6071967847656,0,0
2025-04-12 14:45:00+05:30,503.5732004336892,33.1,57.36666666666667,14,5,1,1,502.4062699787177,611.1136764003447,0,0
2025-04-12 15:00:00+05:30,502.8426742984242,33.4,56.9,15,5,1,1,503.5732004336892,612.2407363737026,0,0
2025-04-12 15:15:00+05:30,500.2805236920208,33.25,58.5,15,5,1,1,502.8426742984242,612.6723877154996,0,0
2025-04-12 15:30:00+05:30,499.7062455022933,33.55,58.55,15,5,1,1,500.2805236920208,610.7358961141659,0,0
2025-04-12 15:45:00+05:30,497.8973563486256,33.400000000000006,58.8,15,5,1,1,499.7062455022933,607.0083307318343,0,0
2025-04-12 16:00:00+05:30,499.1979728436427,33.95,57.15,16,5,1,1,497.8973563486256,606.8019653482605,0,0
2025-04-12 16:15:00+05:30,493.9240031848449,34.3,56.0,16,5,1,1,499.1979728436427,599.5220687385863,0,0
2025-04-12 16:30:00+05:30,491.218558970677,34.6,54.35,16,5,1,1,493.9240031848449,595.0357284562599,0,0
2025-04-12 16:45:00+05:30,487.47015479504233,33.8,56.25,16,5,1,1,491.218558970677,587.8724106160805,0,0
2025-04-12 17:00:00+05:30,486.2447692817529,33.65,57.55,17,5,1,1,487.47015479504233,584.2441987762639,0,0
2025-04-12 17:15:00+05:30,483.0989337717876,33.25,58.35,17,5,1,1,486.2447692817529,579.8917399760227,0,0
2025-04-12 17:30:00+05:30,475.9133494122657,32.75,58.85,17,5,1,1,483.0989337717876,571.1147086543542,0,0
2025-04-12 17:45:00+05:30,470.3656351958834,32.0,61.8,17,5,1,1,475.9133494122657,563.9458412597443,0,0
2025-04-12 18:00:00+05:30,464.6920890858158,31.2,63.3,18,5,1,0,470.3656351958834,554.7041677304686,0,0
2025-04-12 18:15:00+05:30,456.6777942421051,30.8,65.19999999999999,18,5,1,0,464.6920890858158,542.614442356271,0,0
2025-04-12 18:30:00+05:30,458.0149714922878,30.3,66.45,18,5,1,0,456.6777942421051,533.0269771433333,0,0
2025-04-12 18:45:00+05:30,458.02395140821534,30.433333333333334,67.13333333333334,18,5,1,0,458.0149714922878,527.5285631095257,0,0
2025-04-12 19:00:00+05:30,456.4237153606053,30.23333333333333,68.03333333333333,19,5,1,0,458.02395140821534,520.1538667378887,0,0
2025-04-12 19:15:00+05:30,452.8454466363052,30.26666666666667,68.33333333333333,19,5,1,0,456.4237153606053,512.3104268845142,0,0
2025-04-12 19:30:00+05:30,449.1590563654232,30.066666666666663,68.7,19,5,1,0,452.8454466363052,503.44688117423686,0,0
2025-04-12 19:45:00+05:30,443.0925675654785,29.9,69.10000000000001,19,5,1,0,449.1590563654232,492.69417706915215,0,0
2025-04-12 20:00:00+05:30,440.91581968115565,29.866666666666664,69.2,20,5,1,0,443.0925675654785,482.2745500460797,0,0
2025-04-12 20:15:00+05:30,440.3562053399223,29.7,70.19999999999999,20,5,1,0,440.91581968115565,474.7032302525095,0,0
2025-04-12 20:30:00+05:30,436.8455541402029,29.73333333333333,69.93333333333334,20,5,1,0,440.3562053399223,469.9964832514544,0,0
2025-04-12 20:45:00+05:30,435.1094012334431,29.8,69.73333333333333,20,5,1,0,436.8455541402029,467.2118529317447,0,0
2025-04-12 21:00:00+05:30,431.6947038808032,29.7,70.0,21,5,1,0,435.1094012334431,460.8637200705313,0,0
2025-04-12 21:15:00+05:30,427.5494486951326,29.600000000000005,70.10000000000001,21,5,1,0,431.6947038808032,454.8443710826815,0,0
2025-04-12 21:30:00+05:30,424.96789581126455,29.566666666666663,70.73333333333333,21,5,1,0,427.5494486951326,449.2237045842832,0,0
2025-04-12 21:45:00+05:30,421.0874590729129,29.4,71.7,21,5,1,0,424.96789581126455,445.1275613180218,0,0
2025-04-12 22:00:00+05:30,417.4218178024266,29.3,72.13333333333333,22,5,1,0,421.0874590729129,439.27711868329953,0,0
2025-04-12 22:15:00+05:30,412.2313580953024,29.23333333333333,72.10000000000001,22,5,1,0,417.4218178024266,433.94711210446246,0,0
2025-04-12 22:30:00+05:30,410.61247813130296,29.2,71.80000000000001,22,5,1,0,412.2313580953024,435.2152956325971,0,0
2025-04-12 22:45:00+05:30,405.17444950817446,29.26666666666667,71.80000000000001,22,5,1,0,410.61247813130296,431.0691836074272,0,0
2025-04-12 23:00:00+05:30,403.156147832505,29.26666666666667,71.63333333333334,23,5,1,0,405.17444950817446,427.48301194248114,0,0
2025-04-12 23:15:00+05:30,401.2313827392085,28.6,73.65,23,5,1,0,403.156147832505,421.8768110512542,0,0
2025-04-12 23:30:00+05:30,399.5550731618928,28.55,73.65,23,5,1,0,401.2313827392085,418.1100338350605,0,0
2025-04-12 23:45:00+05:30,396.4628508424784,28.55,73.65,23,5,1,0,399.5550731618928,412.540881464575,0,0
2025-04-13 00:00:00+05:30,392.675386230111,28.5,73.65,0,6,1,0,396.4628508424784,405.93152323891474,1,0
2025-04-13 00:15:00+05:30,388.5485735149506,28.55,73.4,0,6,1,0,392.675386230111,401.4539967113908,1,0
2025-04-13 00:30:00+05:30,381.6044644269129,28.5,73.85,0,6,1,0,388.5485735149506,396.5977807757205,1,0
2025-04-13 00:45:00+05:30,377.5783723991319,28.25,74.75,0,6,1,0,381.6044644269129,392.4507356070835,1,0
2025-04-13 01:00:00+05:30,371.4075857844445,28.25,74.5,1,6,1,0,377.5783723991319,386.9937037355869,1,0
2025-04-13 01:15:00+05:30,367.2033707311444,28.3,74.15,1,6,1,0,371.4075857844445,383.1912111260496,1,0
2025-04-13 01:30:00+05:30,361.0517871634832,28.25,74.3,1,6,1,0,367.2033707311444,378.6104187392371,1,0
2025-04-13 01:45:00+05:30,357.7114366612701,28.25,74.35,1,6,1,0,361.0517871634832,373.2490399343244,1,0
2025-04-13 02:00:00+05:30,353.82657396442096,28.3,73.75,2,6,1,0,357.7114366612701,369.4634765935185,1,0
2025-04-13 02:15:00+05:30,350.7505276448967,28.2,74.05,2,6,1,0,353.82657396442096,364.14388420585686,1,0
2025-04-13 02:30:00+05:30,346.63470215351083,28.0,74.7,2,6,1,0,350.7505276448967,360.5996848843145,1,0
2025-04-13 02:45:00+05:30,343.5055100087978,27.9,74.9,2,6,1,0,346.63470215351083,356.77029717279373,1,0
2025-04-13 03:00:00+05:30,338.3785180432432,27.75,75.5,3,6,1,0,343.5055100087978,352.93714501102943,1,0
2025-04-13 03:15:00+05:30,334.8683394085631,27.6,76.15,3,6,1,0,338.3785180432432,349.2231760515842,1,0
2025-04-13 03:30:00+05:30,332.231015475368,27.6,76.05,3,6,1,0,334.8683394085631,345.506941721698,1,0
2025-04-13 03:45:00+05:30,327.6883675932584,27.45,76.6,3,6,1,0,332.231015475368,341.97619876269465,1,0
2025-04-13 04:00:00+05:30,324.55546326039814,27.55,76.1,4,6,1,0,327.6883675932584,340.2854479893105,1,0
2025-04-13 04:15:00+05:30,322.9585774763347,27.55,76.15,4,6,1,0,324.55546326039814,337.154101524912,1,0
2025-04-13 04:30:00+05:30,322.03955833693885,27.4,76.35,4,6,1,0,322.9585774763347,336.2501003895417,1,0
2025-04-13 04:45:00+05:30,320.2001667556616,27.93333333,75.9,4,6,1,0,322.03955833693885,334.9180689551322,1,0
2025-04-13 05:00:00+05:30,318.66362664438054,27.86666667,75.8,5,6,1,0,320.2001667556616,333.8780190154856,1,0
2025-04-13 05:15:00+05:30,318.42974084406205,27.93333333,75.73333333,5,6,1,0,318.66362664438054,333.5717238286943,1,0
2025-04-13 05:30:00+05:30,319.5972719173989,27.96666667,75.8,5,6,1,0,318.42974084406205,335.6326395928179,1,0
2025-04-13 05:45:00+05:30,318.5066912483379,27.9,76.06666667,5,6,1,0,319.5972719173989,335.93981820918214,1,0
2025-04-13 06:00:00+05:30,319.4055875041864,27.86666667,76.1,6,6,1,0,318.5066912483379,341.1102216277703,1,0
2025-04-13 06:15:00+05:30,320.2999048147174,27.83333333,76.3,6,6,1,0,319.4055875041864,341.80479598501057,1,0
2025-04-13 06:30:00+05:30,318.1418039526734,28.03333333,76.26666667,6,6,1,0,320.2999048147174,347.2656732325158,1,0
2025-04-13 06:45:00+05:30,319.5146422456646,28.26666667,75.76666667,6,6,1,0,318.1418039526734,351.1649105674499,1,0
2025-04-13 07:00:00+05:30,322.5334893340728,28.46666667,75.63333333,7,6,1,0,319.5146422456646,358.4815433693344,1,0
2025-04-13 07:15:00+05:30,326.0501140486628,28.86666667,75.06666667,7,6,1,0,322.5334893340728,365.4031145615448,1,0
2025-04-13 07:30:00+05:30,329.9346119832796,29.23333333,73.0,7,6,1,0,326.0501140486628,374.0037686558195,1,0
2025-04-13 07:45:00+05:30,335.0340299097227,29.6,71.4,7,6,1,0,329.9346119832796,385.86877700651513,1,0
2025-04-13 08:00:00+05:30,343.287360997265,29.8,70.23333333,8,6,1,0,335.0340299097227,396.8346243141858,1,0
2025-04-13 08:15:00+05:30,348.83052066624987,30.06666667,69.73333333,8,6,1,0,343.287360997265,410.5961491048034,1,0
2025-04-13 08:30:00+05:30,353.523156423111,30.23333333,68.43333333,8,6,1,0,348.83052066624987,421.8351894040391,1,0
2025-04-13 08:45:00+05:30,360.8594349456368,30.6,67.0,8,6,1,0,353.523156423111,435.0415680945631,1,0
2025-04-13 09:00:00+05:30,366.6571093020782,30.53333333,66.56666667,9,6,1,1,360.8594349456368,447.07705746622304,1,0
2025-04-13 09:15:00+05:30,373.1397810795831,30.83333333,66.1,9,6,1,1,366.6571093020782,455.1534820944546,1,0
2025-04-13 09:30:00+05:30,376.8699941352123,31.3,64.6,9,6,1,1,373.1397810795831,462.87593284707725,1,0
2025-04-13 09:45:00+05:30,381.1125296198618,31.76666667,63.33333333,9,6,1,1,376.8699941352123,473.9509867999657,1,0
2025-04-13 10:00:00+05:30,384.6801260539694,31.9,63.06666667,10,6,1,1,381.1125296198618,481.53718314174137,1,0
2025-04-13 10:15:00+05:30,390.5435861217508,32.33333333,62.16666667,10,6,1,1,384.6801260539694,490.404951356314,1,0
2025-04-13 10:30:00+05:30,393.7808534101531,32.4,62.06666667,10,6,1,1,390.5435861217508,494.3875009119491,1,0
2025-04-13 10:45:00+05:30,399.21461851326575,32.5,61.93333333,10,6,1,1,393.7808534101531,498.7057675520827,1,0
2025-04-13 11:00:00+05:30,401.19941396656526,32.56666667,61.5,11,6,1,1,399.21461851326575,502.53718531436056,1,0
2025-04-13 11:15:00+05:30,404.017917923634,32.76666667,60.9,11,6,1,1,401.19941396656526,504.13235717720784,1,0
2025-04-13 11:30:00+05:30,403.4706578309148,33.03333333,60.03333333,11,6,1,1,404.017917923634,504.2558160741972,1,0
2025-04-13 11:45:00+05:30,405.76115617999096,33.03333333,60.3,11,6,1,1,403.4706578309148,505.78164355979504,1,0
2025-04-13 12:00:00+05:30,407.54491785669416,33.63333333,58.86666667,12,6,1,1,405.76115617999096,506.29129332903096,1,0
2025-04-13 12:15:00+05:30,409.0746541417918,33.56666667,58.83333333,12,6,1,1,407.54491785669416,506.5658477343906,1,0
2025-04-13 12:30:00+05:30,409.3445561043991,33.6,58.9,12,6,1,1,409.0746541417918,504.83296388409394,1,0
2025-04-13 12:45:00+05:30,410.0278049730914,33.53333333,58.83333333,12,6,1,1,409.3445561043991,502.6649342696728,1,0
2025-04-13 13:00:00+05:30,408.9126250309089,33.33333333,59.16666667,13,6,1,1,410.0278049730914,499.7119466951722,1,0
2025-04-13 13:15:00+05:30,408.1250530608596,33.36666667,58.9,13,6,1,1,408.9126250309089,496.7320911596405,1,0
2025-04-13 13:30:00+05:30,408.5141200743568,33.56666667,58.83333333,13,6,1,1,408.1250530608596,495.12822606121415,1,0
2025-04-13 13:45:00+05:30,409.9838036447871,33.43333333,59.0,13,6,1,1,408.5141200743568,502.6031663345455,1,0
2025-04-13 14:00:00+05:30,413.4629753115535,33.46666667,59.3,14,6,1,1,409.9838036447871,501.5420803358731,1,0
2025-04-13 14:15:00+05:30,413.8828535066639,33.06666667,60.6,14,6,1,1,413.4629753115535,503.5080381816796,1,0
2025-04-13 14:30:00+05:30,415.9249256143658,33.16666667,60.66666667,14,6,1,1,413.8828535066639,502.4062699787177,1,0
2025-04-13 14:45:00+05:30,416.6258257945448,33.06666667,61.46666667,14,6,1,1,415.9249256143658,503.5732004336892,1,0
2025-04-13 15:00:00+05:30,416.6007302539029,33.1,61.36666667,15,6,1,1,416.6258257945448,502.8426742984242,1,0
2025-04-13 15:15:00+05:30,417.31190091389936,32.8,61.86666667,15,6,1,1,416.6007302539029,500.2805236920208,1,0
2025-04-13 15:30:00+05:30,418.2692708127657,33.2,61.06666667,15,6,1,1,417.31190091389936,499.7062455022933,1,0
2025-04-13 15:45:00+05:30,418.0388525920346,33.36666667,61.36666667,15,6,1,1,418.2692708127657,497.8973563486256,1,0
2025-04-13 16:00:00+05:30,416.55178760806047,33.23333333,61.53333333,16,6,1,1,418.0388525920346,499.1979728436427,1,0
2025-04-13 16:15:00+05:30,416.2826603631864,33.1,62.1,16,6,1,1,416.55178760806047,493.9240031848449,1,0
2025-04-13 16:30:00+05:30,413.80454746586,33.1,62.26666667,16,6,1,1,416.2826603631864,491.218558970677,1,0
2025-04-13 16:45:00+05:30,413.8033487354805,32.9,63.03333333,16,6,1,1,413.80454746586,487.47015479504233,1,0
2025-04-13 17:00:00+05:30,411.2281242174637,32.86666667,63.83333333,17,6,1,1,413.8033487354805,486.2447692817529,1,0
2025-04-13 17:15:00+05:30,409.1661669552228,32.46666667,64.8,17,6,1,1,411.2281242174637,483.0989337717876,1,0
2025-04-13 17:30:00+05:30,407.4760012791542,31.93333333,66.36666667,17,6,1,1,409.1661669552228,475.9133494122657,1,0
2025-04-13 17:45:00+05:30,403.9015853567444,31.73333333,67.03333333,17,6,1,1,407.4760012791542,470.3656351958834,1,0
2025-04-13 18:00:00+05:30,404.0386423092688,31.43333333,68.23333333,18,6,1,0,403.9015853567444,464.6920890858158,1,0
2025-04-13 18:15:00+05:30,402.29418583947086,30.86666667,69.26666667,18,6,1,0,404.0386423092688,456.6777942421051,1,0
2025-04-13 18:30:00+05:30,404.04862410893344,30.33333333,70.83333333,18,6,1,0,402.29418583947086,458.0149714922878,1,0
2025-04-13 18:45:00+05:30,406.2281996263257,30.13333333,71.6,18,6,1,0,404.04862410893344,458.02395140821534,1,0
2025-04-13 19:00:00+05:30,407.9352808724888,30.0,72.33333333,19,6,1,0,406.2281996263257,456.4237153606053,1,0
2025-04-13 19:15:00+05:30,409.19253703471423,30.06666667,72.23333333,19,6,1,0,407.9352808724888,452.8454466363052,1,0
2025-04-13 19:30:00+05:30,409.65001752763686,29.93333333,72.46666667,19,6,1,0,409.19253703471423,449.1590563654232,1,0
2025-04-13 19:45:00+05:30,410.0371217055522,29.96666667,72.46666667,19,6,1,0,409.65001752763686,443.0925675654785,1,0
2025-04-13 20:00:00+05:30,409.6363439146798,29.86666667,72.53333333,20,6,1,0,410.0371217055522,440.91581968115565,1,0
2025-04-13 20:15:00+05:30,408.8867138043094,29.76666667,72.7,20,6,1,0,409.6363439146798,440.3562053399223,1,0
2025-04-13 20:30:00+05:30,406.7524590460546,29.56666667,73.7,20,6,1,0,408.8867138043094,436.8455541402029,1,0
2025-04-13 20:45:00+05:30,408.6989282871447,29.4,74.56666667,20,6,1,0,406.7524590460546,435.1094012334431,1,0
2025-04-13 21:00:00+05:30,407.3974080673314,29.33333333,75.03333333,21,6,1,0,408.6989282871447,431.6947038808032,1,0
2025-04-13 21:15:00+05:30,407.67523123128126,29.23333333,75.7,21,6,1,0,407.3974080673314,427.5494486951326,1,0
2025-04-13 21:30:00+05:30,405.7679246938831,29.23333333,76.03333333,21,6,1,0,407.67523123128126,424.96789581126455,1,0
2025-04-13 21:45:00+05:30,401.2134841874217,29.13333333,76.73333333,21,6,1,0,405.7679246938831,421.0874590729129,1,0
2025-04-13 22:00:00+05:30,396.9542871294995,29.03333333,77.33333333,22,6,1,0,401.2134841874217,417.4218178024266,1,0
2025-04-13 22:15:00+05:30,393.5096059166624,29.0,77.83333333,22,6,1,0,396.9542871294995,412.2313580953024,1,0
2025-04-13 22:30:00+05:30,393.1865598133972,28.9,78.63333333,22,6,1,0,393.5096059166624,410.61247813130296,1,0
2025-04-13 22:45:00+05:30,391.9627354088272,28.76666667,79.06666667,22,6,1,0,393.1865598133972,405.17444950817446,1,0
2025-04-13 23:00:00+05:30,389.7928571544812,28.8,79.16666667,23,6,1,0,391.9627354088272,403.156147832505,1,0
2025-04-13 23:15:00+05:30,387.9891268742544,28.8,79.0,23,6,1,0,389.7928571544812,401.2313827392085,1,0
2025-04-13 23:30:00+05:30,385.7159909618604,28.73333333,78.4,23,6,1,0,387.9891268742544,399.5550731618928,1,0
2025-04-13 23:45:00+05:30,382.878590138975,28.73333333,77.8,23,6,1,0,385.7159909618604,396.4628508424784,1,0
2025-04-14 00:00:00+05:30,379.30243496881167,28.766666666666666,76.73333333333333,0,0,0,0,382.878590138975,392.675386230111,1,1
2025-04-14 00:15:00+05:30,375.3084356188594,28.633333333333336,76.10000000000001,0,0,0,0,379.30243496881167,388.5485735149506,1,1
2025-04-14 00:30:00+05:30,371.56526755274615,28.53333333333333,76.2,0,0,0,0,375.3084356188594,381.6044644269129,1,1
2025-04-14 00:45:00+05:30,366.40311602269264,28.5,76.16666666666667,0,0,0,0,371.56526755274615,377.5783723991319,1,1
2025-04-14 01:00:00+05:30,360.9402616676299,28.46666666666667,75.93333333333334,1,0,0,0,366.40311602269264,371.4075857844445,1,1
2025-04-14 01:15:00+05:30,354.9713577913187,28.4,76.3,1,0,0,0,360.9402616676299,367.2033707311444,1,1
2025-04-14 01:30:00+05:30,349.6620348695879,28.166666666666668,76.63333333333334,1,0,0,0,354.9713577913187,361.0517871634832,1,1
2025-04-14 01:45:00+05:30,345.6319390794951,28.1,77.1,1,0,0,0,349.6620348695879,357.7114366612701,1,1
2025-04-14 02:00:00+05:30,341.5564008129534,28.133333333333336,77.0,2,0,0,0,345.6319390794951,353.82657396442096,1,1
2025-04-14 02:15:00+05:30,337.253586754724,28.1,77.3,2,0,0,0,341.5564008129534,350.7505276448967,1,1
2025-04-14 02:30:00+05:30,333.0353216761298,28.03333333333333,77.36666666666666,2,0,0,0,337.253586754724,346.63470215351083,1,1
2025-04-14 02:45:00+05:30,329.98400233294507,28.0,77.5,2,0,0,0,333.0353216761298,343.5055100087978,1,1
2025-04-14 03:00:00+05:30,326.71335946692807,27.96666666666667,77.76666666666667,3,0,0,0,329.98400233294507,338.3785180432432,1,1
2025-04-14 03:15:00+05:30,324.074920147348,27.9,78.39999999999999,3,0,0,0,326.71335946692807,334.8683394085631,1,1
2025-04-14 03:30:00+05:30,323.8486057108103,27.866666666666664,78.43333333333334,3,0,0,0,324.074920147348,332.231015475368,1,1
2025-04-14 03:45:00+05:30,321.7923600635014,27.9,79.03333333333332,3,0,0,0,323.8486057108103,327.6883675932584,1,1
2025-04-14 04:00:00+05:30,318.6026645523683,27.9,79.06666666666666,4,0,0,0,321.7923600635014,324.55546326039814,1,1
2025-04-14 04:15:00+05:30,315.9072942269569,27.766666666666666,79.86666666666666,4,0,0,0,318.6026645523683,322.9585774763347,1,1
2025-04-14 04:30:00+05:30,316.87249273923607,27.7,80.0,4,0,0,0,315.9072942269569,322.03955833693885,1,1
2025-04-14 04:45:00+05:30,317.8261719515066,27.666666666666668,80.60000000000001,4,0,0,0,316.87249273923607,320.2001667556616,1,1
2025-04-14 05:00:00+05:30,318.2976379673242,27.6,80.83333333333333,5,0,0,0,317.8261719515066,318.66362664438054,1,1
2025-04-14 05:15:00+05:30,317.75528494832787,27.53333333333333,81.33333333333333,5,0,0,0,318.2976379673242,318.42974084406205,1,1
2025-04-14 05:30:00+05:30,320.6330935957004,27.33333333333333,82.03333333333332,5,0,0,0,317.75528494832787,319.5972719173989,1,1
2025-04-14 05:45:00+05:30,322.138087053576,27.2,82.8,5,0,0,0,320.6330935957004,318.5066912483379,1,1
2025-04-14 06:00:00+05:30,327.7251404528332,27.066666666666663,83.33333333333333,6,0,0,0,322.138087053576,319.4055875041864,1,1
2025-04-14 06:15:00+05:30,333.04365190871124,27.0,83.46666666666665,6,0,0,0,327.7251404528332,320.2999048147174,1,1
2025-04-14 06:30:00+05:30,338.78670225312675,27.1,83.56666666666666,6,0,0,0,333.04365190871124,318.1418039526734,1,1
2025-04-14 06:45:00+05:30,347.8991963827498,27.2,83.5,6,0,0,0,338.78670225312675,319.5146422456646,1,1
2025-04-14 07:00:00+05:30,359.49258820557924,27.46666666666667,82.89999999999999,7,0,0,0,347.8991963827498,322.5334893340728,1,1
2025-04-14 07:15:00+05:30,372.8011373534822,27.8,81.8,7,0,0,0,359.49258820557924,326.0501140486628,1,1
2025-04-14 07:30:00+05:30,392.98139736809816,28.26666666666667,79.1,7,0,0,0,372.8011373534822,329.9346119832796,1,1
2025-04-14 07:45:00+05:30,408.33266431282914,28.7,76.83333333333333,7,0,0,0,392.98139736809816,335.0340299097227,1,1
2025-04-14 08:00:00+05:30,427.2616614407402,29.066666666666663,74.7,8,0,0,0,408.33266431282914,343.287360997265,1,1
2025-04-14 08:15:00+05:30,445.3139058001148,29.366666666666664,72.03333333333332,8,0,0,0,427.2616614407402,348.83052066624987,1,1
2025-04-14 08:30:00+05:30,463.0726438137004,29.866666666666664,68.46666666666665,8,0,0,0,445.3139058001148,353.523156423111,1,1
2025-04-14 08:45:00+05:30,474.42629688416406,30.366666666666664,65.16666666666667,8,0,0,0,463.0726438137004,360.8594349456368,1,1
2025-04-14 09:00:00+05:30,488.646516062614,30.8,62.76666666666666,9,0,0,1,474.42629688416406,366.6571093020782,1,1
2025-04-14 09:15:00+05:30,500.5992191660195,31.3,60.66666666666666,9,0,0,1,488.646516062614,373.1397810795831,1,1
2025-04-14 09:30:00+05:30,509.2071040813261,31.899999999999995,59.2,9,0,0,1,500.5992191660195,376.8699941352123,1,1
2025-04-14 09:45:00+05:30,522.4171077638333,32.4,56.76666666666666,9,0,0,1,509.2071040813261,381.1125296198618,1,1
2025-04-14 10:00:00+05:30,531.8290976110127,32.9,55.03333333333333,10,0,0,1,522.4171077638333,384.6801260539694,1,1
2025-04-14 10:15:00+05:30,538.750161879857,33.16666666666667,54.23333333333333,10,0,0,1,531.8290976110127,390.5435861217508,1,1
2025-04-14 10:30:00+05:30,542.5950025343502,33.7,51.63333333333333,10,0,0,1,538.750161879857,393.7808534101531,1,1
2025-04-14 10:45:00+05:30,546.4518621537089,34.23333333333333,51.16666666666666,10,0,0,1,542.5950025343502,399.21461851326575,1,1
2025-04-14 11:00:00+05:30,548.7747604427357,34.56666666666666,51.833333333333336,11,0,0,1,546.4518621537089,401.19941396656526,1,1
2025-04-14 11:15:00+05:30,549.5750518423956,34.96666666666667,50.96666666666667,11,0,0,1,548.7747604427357,404.017917923634,1,1
2025-04-14 11:30:00+05:30,552.1768161867154,35.333333333333336,50.13333333333333,11,0,0,1,549.5750518423956,403.4706578309148,1,1
2025-04-14 11:45:00+05:30,550.3357415158017,35.4,49.333333333333336,11,0,0,1,552.1768161867154,405.76115617999096,1,1
2025-04-14 12:00:00+05:30,555.518405417029,35.6,49.833333333333336,12,0,0,1,550.3357415158017,407.54491785669416,1,1
2025-04-14 12:15:00+05:30,558.6621682645508,35.800000000000004,51.13333333333333,12,0,0,1,555.518405417029,409.0746541417918,1,1
2025-04-14 12:30:00+05:30,557.2349018693085,35.93333333333333,51.63333333333333,12,0,0,1,558.6621682645508,409.3445561043991,1,1
2025-04-14 12:45:00+05:30,556.979948409495,35.76666666666667,52.2,12,0,0,1,557.2349018693085,410.0278049730914,1,1
2025-04-14 13:00:00+05:30,556.7881464736222,35.733333333333334,50.86666666666667,13,0,0,1,556.979948409495,408.9126250309089,1,1
2025-04-14 13:15:00+05:30,553.8491752786786,35.73333333333333,49.9,13,0,0,1,556.7881464736222,408.1250530608596,1,1
2025-04-14 13:30:00+05:30,559.723426527379,35.96666666666667,48.66666666666666,13,0,0,1,553.8491752786786,408.5141200743568,1,1
2025-04-14 13:45:00+05:30,562.5880662717723,35.96666666666667,48.36666666666667,13,0,0,1,559.723426527379,409.9838036447871,1,1
2025-04-14 14:00:00+05:30,559.9093828645598,36.43333333333333,46.633333333333326,14,0,0,1,562.5880662717723,413.4629753115535,1,1
2025-04-14 14:15:00+05:30,562.7715280791713,36.3,42.93333333333334,14,0,0,1,559.9093828645598,413.8828535066639,1,1
2025-04-14 14:30:00+05:30,571.1300182039357,36.36666666666667,37.63333333333333,14,0,0,1,562.7715280791713,415.9249256143658,1,1
2025-04-14 14:45:00+05:30,571.8409905298716,36.5,35.46666666666667,14,0,0,1,571.1300182039357,416.6258257945448,1,1
2025-04-14 15:00:00+05:30,567.3792337587903,36.766666666666666,33.43333333333334,15,0,0,1,571.8409905298716,416.6007302539029,1,1
2025-04-14 15:15:00+05:30,563.6136535829651,36.53333333333333,32.50000000000001,15,0,0,1,567.3792337587903,417.31190091389936,1,1
2025-04-14 15:30:00+05:30,558.8594994605722,36.8,33.03333333333334,15,0,0,1,563.6136535829651,418.2692708127657,1,1
2025-04-14 15:45:00+05:30,554.510008513026,37.13333333333333,30.73333333333333,15,0,0,1,558.8594994605722,418.0388525920346,1,1
2025-04-14 16:00:00+05:30,557.4351240306117,37.400000000000006,30.33333333333333,16,0,0,1,554.510008513026,416.55178760806047,1,1
2025-04-14 16:15:00+05:30,553.1337113413744,37.43333333333334,30.0,16,0,0,1,557.4351240306117,416.2826603631864,1,1
2025-04-14 16:30:00+05:30,548.7871191884669,37.400000000000006,32.15,16,0,0,1,553.1337113413744,413.80454746586,1,1
2025-04-14 16:45:00+05:30,544.1579891531219,37.125,32.325,16,0,0,1,548.7871191884669,413.8033487354805,1,1
2025-04-14 17:00:00+05:30,541.7740449095021,37.075,32.425,17,0,0,1,544.1579891531219,411.2281242174637,1,1
2025-04-14 17:15:00+05:30,534.7279703069872,36.875,33.25,17,0,0,1,541.7740449095021,409.1661669552228,1,1
2025-04-14 17:30:00+05:30,527.5609717852534,36.475,35.225,17,0,0,1,534.7279703069872,407.4760012791542,1,1
2025-04-14 17:45:00+05:30,522.0715379274727,35.4,39.325,17,0,0,1,527.5609717852534,403.9015853567444,1,1
2025-04-14 18:00:00+05:30,515.2407315217795,34.475,42.825,18,0,0,0,522.0715379274727,404.0386423092688,1,1
2025-04-14 18:15:00+05:30,507.4195554143972,33.425,45.7,18,0,0,0,515.2407315217795,402.29418583947086,1,1
2025-04-14 18:30:00+05:30,503.8071455332573,32.7,48.900000000000006,18,0,0,0,507.4195554143972,404.04862410893344,1,1
2025-04-14 18:45:00+05:30,499.2089404190679,32.125,51.05,18,0,0,0,503.8071455332573,406.2281996263257,1,1
2025-04-14 19:00:00+05:30,497.4164702595877,31.8,51.900000000000006,19,0,0,0,499.2089404190679,407.9352808724888,1,1
2025-04-14 19:15:00+05:30,490.7855899757985,31.525,53.05,19,0,0,0,497.4164702595877,409.19253703471423,1,1
2025-04-14 19:30:00+05:30,484.91785224343886,31.275,54.975,19,0,0,0,490.7855899757985,409.65001752763686,1,1
2025-04-14 19:45:00+05:30,480.01139687281255,31.05,57.400000000000006,19,0,0,0,484.91785224343886,410.0371217055522,1,1
2025-04-14 20:00:00+05:30,475.3151072156628,30.75,59.925,20,0,0,0,480.01139687281255,409.6363439146798,1,1
2025-04-14 20:15:00+05:30,470.1226707669203,30.6,62.475,20,0,0,0,475.3151072156628,408.8867138043094,1,1
2025-04-14 20:30:00+05:30,466.09076923690594,30.45,65.025,20,0,0,0,470.1226707669203,406.7524590460546,1,1
2025-04-14 20:45:00+05:30,453.6827782473137,30.425,67.675,20,0,0,0,466.09076923690594,408.6989282871447,1,1
2025-04-14 21:00:00+05:30,450.37230749710096,30.2,69.8,21,0,0,0,453.6827782473137,407.3974080673314,1,1
2025-04-14 21:15:00+05:30,449.3804255197778,30.125,70.8,21,0,0,0,450.37230749710096,407.67523123128126,1,1
2025-04-14 21:30:00+05:30,446.9809534418967,29.975,72.0,21,0,0,0,449.3804255197778,405.7679246938831,1,1
2025-04-14 21:45:00+05:30,446.5546286375095,29.825000000000003,72.5,21,0,0,0,446.9809534418967,401.2134841874217,1,1
2025-04-14 22:00:00+05:30,439.7258962959637,29.75,73.175,22,0,0,0,446.5546286375095,396.9542871294995,1,1
2025-04-14 22:15:00+05:30,436.7104176398748,29.675,73.45,22,0,0,0,439.7258962959637,393.5096059166624,1,1
2025-04-14 22:30:00+05:30,431.18356209927225,29.6,73.775,22,0,0,0,436.7104176398748,393.1865598133972,1,1
2025-04-14 22:45:00+05:30,427.6921930779738,29.575000000000003,74.275,22,0,0,0,431.18356209927225,391.9627354088272,1,1
2025-04-14 23:00:00+05:30,426.1634356545781,29.475,75.3,23,0,0,0,427.6921930779738,389.7928571544812,1,1
2025-04-14 23:15:00+05:30,421.5696874463874,29.4,76.175,23,0,0,0,426.1634356545781,387.9891268742544,1,1
2025-04-14 23:30:00+05:30,417.92158646397706,29.35,76.625,23,0,0,0,421.5696874463874,385.7159909618604,1,1
2025-04-14 23:45:00+05:30,414.7815748608455,29.250000000000004,76.85,23,0,0,0,417.92158646397706,382.878590138975,1,1
2025-04-15 00:00:00+05:30,409.612836485822,29.275,76.775,0,1,0,0,414.7815748608455,379.30243496881167,1,1
2025-04-15 00:15:00+05:30,403.2866116453525,29.2,76.95,0,1,0,0,409.612836485822,375.3084356188594,1,1
2025-04-15 00:30:00+05:30,394.9811216331771,29.275,76.7,0,1,0,0,403.2866116453525,371.56526755274615,1,1
2025-04-15 00:45:00+05:30,388.3693087253739,29.25,76.625,0,1,0,0,394.9811216331771,366.40311602269264,1,1
2025-04-15 01:00:00+05:30,382.4797160575481,29.2,76.4,1,1,0,0,388.3693087253739,360.9402616676299,1,1
2025-04-15 01:15:00+05:30,375.7275886914615,29.175,76.3,1,1,0,0,382.4797160575481,354.9713577913187,1,1
2025-04-15 01:30:00+05:30,369.5037047968909,29.075,76.275,1,1,0,0,375.7275886914615,349.6620348695879,1,1
2025-04-15 01:45:00+05:30,365.60051786446246,29.075,76.325,1,1,0,0,369.5037047968909,345.6319390794951,1,1
2025-04-15 02:00:00+05:30,361.26553646544704,29.025,76.175,2,1,0,0,365.60051786446246,341.5564008129534,1,1
2025-04-15 02:15:00+05:30,359.001713655274,28.95,76.075,2,1,0,0,361.26553646544704,337.253586754724,1,1
2025-04-15 02:30:00+05:30,355.7785383611268,28.925,75.925,2,1,0,0,359.001713655274,333.0353216761298,1,1
2025-04-15 02:45:00+05:30,351.5221810979527,28.9,75.525,2,1,0,0,355.7785383611268,329.98400233294507,1,1
2025-04-15 03:00:00+05:30,350.149697830649,28.85,76.05,3,1,0,0,351.5221810979527,326.71335946692807,1,1
2025-04-15 03:15:00+05:30,346.7505281361535,28.8,76.125,3,1,0,0,350.149697830649,324.074920147348,1,1
2025-04-15 03:30:00+05:30,343.5046555925466,28.75,76.125,3,1,0,0,346.7505281361535,323.8486057108103,1,1
2025-04-15 03:45:00+05:30,340.6748286848094,28.675,76.575,3,1,0,0,343.5046555925466,321.7923600635014,1,1
2025-04-15 04:00:00+05:30,335.5373958594079,28.625,77.0,4,1,0,0,340.6748286848094,318.6026645523683,1,1
2025-04-15 04:15:00+05:30,334.59930722262754,28.525,77.5,4,1,0,0,335.5373958594079,315.9072942269569,1,1
2025-04-15 04:30:00+05:30,333.6397095522713,28.475,77.95,4,1,0,0,334.59930722262754,316.87249273923607,1,1
2025-04-15 04:45:00+05:30,336.52676961078856,28.375,78.425,4,1,0,0,333.6397095522713,317.8261719515066,1,1
2025-04-15 05:00:00+05:30,337.2814053937045,28.375,78.75,5,1,0,0,336.52676961078856,318.2976379673242,1,1
2025-04-15 05:15:00+05:30,337.2388971420509,28.35,79.075,5,1,0,0,337.2814053937045,317.75528494832787,1,1
2025-04-15 05:30:00+05:30,342.21703753304865,28.275,79.425,5,1,0,0,337.2388971420509,320.6330935957004,1,1
2025-04-15 05:45:00+05:30,346.9731250515857,28.15,79.75,5,1,0,0,342.21703753304865,322.138087053576,1,1
2025-04-15 06:00:00+05:30,354.17683262961145,28.125,80.425,6,1,0,0,346.9731250515857,327.7251404528332,1,1
2025-04-15 06:15:00+05:30,357.6587963301048,28.2,80.3,6,1,0,0,354.17683262961145,333.04365190871124,1,1
2025-04-15 06:30:00+05:30,365.3520419893967,28.3,80.15,6,1,0,0,357.6587963301048,338.78670225312675,1,1
2025-04-15 06:45:00+05:30,378.45170503889705,28.45,80.175,6,1,0,0,365.3520419893967,347.8991963827498,1,1
2025-04-15 07:00:00+05:30,393.71110428919775,28.775,79.675,7,1,0,0,378.45170503889705,359.49258820557924,1,1
2025-04-15 07:15:00+05:30,411.2326686002956,29.075,78.8,7,1,0,0,393.71110428919775,372.8011373534822,1,1
2025-04-15 07:30:00+05:30,427.1135501904373,29.525,77.15,7,1,0,0,411.2326686002956,392.98139736809816,1,1
2025-04-15 07:45:00+05:30,448.4048256134664,29.825,75.3,7,1,0,0,427.1135501904373,408.33266431282914,1,1
2025-04-15 08:00:00+05:30,474.03009456267887,30.125,72.975,8,1,0,0,448.4048256134664,427.2616614407402,1,1
2025-04-15 08:15:00+05:30,496.1842261331629,30.5,70.925,8,1,0,0,474.03009456267887,445.3139058001148,1,1
2025-04-15 08:30:00+05:30,515.8420916566262,30.975,69.15,8,1,0,0,496.1842261331629,463.0726438137004,1,1
2025-04-15 08:45:00+05:30,532.8424869074981,31.4,66.5,8,1,0,0,515.8420916566262,474.42629688416406,1,1
2025-04-15 09:00:00+05:30,552.1439078880264,31.825,63.625,9,1,0,1,532.8424869074981,488.646516062614,1,1
2025-04-15 09:15:00+05:30,566.2902262575451,32.325,62.475,9,1,0,1,552.1439078880264,500.5992191660195,1,1
2025-04-15 09:30:00+05:30,576.1021765303146,32.775,60.275,9,1,0,1,566.2902262575451,509.2071040813261,1,1
2025-04-15 09:45:00+05:30,584.9532620977868,32.975,59.1,9,1,0,1,576.1021765303146,522.4171077638333,1,1
2025-04-15 10:00:00+05:30,591.6149754093123,33.325,56.675,10,1,0,1,584.9532620977868,531.8290976110127,1,1
2025-04-15 10:15:00+05:30,600.1232258608568,33.6,56.925,10,1,0,1,591.6149754093123,538.750161879857,1,1
2025-04-15 10:30:00+05:30,604.9407330173182,33.95,56.825,10,1,0,1,600.1232258608568,542.5950025343502,1,1
2025-04-15 10:45:00+05:30,607.1412453592212,34.1,56.925,10,1,0,1,604.9407330173182,546.4518621537089,1,1
2025-04-15 11:00:00+05:30,609.3271751884167,34.55,55.45,11,1,0,1,607.1412453592212,548.7747604427357,1,1
2025-04-15 11:15:00+05:30,609.1998061620412,34.6,55.225,11,1,0,1,609.3271751884167,549.5750518423956,1,1
2025-04-15 11:30:00+05:30,607.2384068809066,34.75,55.625,11,1,0,1,609.1998061620412,552.1768161867154,1,1
2025-04-15 11:45:00+05:30,609.1641741439402,34.75,55.725,11,1,0,1,607.2384068809066,550.3357415158017,1,1
2025-04-15 12:00:00+05:30,611.865618612535,34.975,54.375,12,1,0,1,609.1641741439402,555.518405417029,1,1
2025-04-15 12:15:00+05:30,612.1407461405469,34.925,54.75,12,1,0,1,611.865618612535,558.6621682645508,1,1
2025-04-15 12:30:00+05:30,611.329826540427,34.975,53.725,12,1,0,1,612.1407461405469,557.2349018693085,1,1
2025-04-15 12:45:00+05:30,610.9403709711213,35.175,52.8,12,1,0,1,611.329826540427,556.979948409495,1,1
2025-04-15 13:00:00+05:30,606.1757301393293,35.225,51.4,13,1,0,1,610.9403709711213,556.7881464736222,1,1
2025-04-15 13:15:00+05:30,603.335537207522,35.4,51.075,13,1,0,1,606.1757301393293,553.8491752786786,1,1
2025-04-15 13:30:00+05:30,599.9453230731897,35.525,49.825,13,1,0,1,603.335537207522,559.723426527379,1,1
2025-04-15 13:45:00+05:30,600.6334215089834,35.575,48.225,13,1,0,1,599.9453230731897,562.5880662717723,1,1
2025-04-15 14:00:00+05:30,603.9582742301355,36.025,47.3,14,1,0,1,600.6334215089834,559.9093828645598,1,1
2025-04-15 14:15:00+05:30,607.5592218374987,35.65,47.275,14,1,0,1,603.9582742301355,562.7715280791713,1,1
2025-04-15 14:30:00+05:30,609.6315951838002,35.2,47.825,14,1,0,1,607.5592218374987,571.1300182039357,1,1
2025-04-15 14:45:00+05:30,609.8263901282578,35.225,47.675,14,1,0,1,609.6315951838002,571.8409905298716,1,1
2025-04-15 15:00:00+05:30,609.5633923637392,35.0,49.625,15,1,0,1,609.8263901282578,567.3792337587903,1,1
2025-04-15 15:15:00+05:30,609.8280570505422,34.925,48.775,15,1,0,1,609.5633923637392,563.6136535829651,1,1
2025-04-15 15:30:00+05:30,607.0890137683488,34.875,49.8,15,1,0,1,609.8280570505422,558.8594994605722,1,1
2025-04-15 15:45:00+05:30,603.6119670143237,34.925,49.575,15,1,0,1,607.0890137683488,554.510008513026,1,1
2025-04-15 16:00:00+05:30,600.7647405730369,34.9,49.95,16,1,0,1,603.6119670143237,557.4351240306117,1,1
2025-04-15 16:15:00+05:30,596.7732267128764,34.675,50.275,16,1,0,1,600.7647405730369,553.1337113413744,1,1
2025-04-15 16:30:00+05:30,593.8444721238204,34.35,51.775,16,1,0,1,596.7732267128764,548.7871191884669,1,1
2025-04-15 16:45:00+05:30,589.79417232584,34.225,52.325,16,1,0,1,593.8444721238204,544.1579891531219,1,1
2025-04-15 17:00:00+05:30,585.5444955781699,33.975,54.125,17,1,0,1,589.79417232584,541.7740449095021,1,1
2025-04-15 17:15:00+05:30,581.5230681188654,33.7,55.0,17,1,0,1,585.5444955781699,534.7279703069872,1,1
2025-04-15 17:30:00+05:30,569.4946424540587,33.075,56.8,17,1,0,1,581.5230681188654,527.5609717852534,1,1
2025-04-15 17:45:00+05:30,557.8309718837729,32.625,58.9,17,1,0,1,569.4946424540587,522.0715379274727,1,1
2025-04-15 18:00:00+05:30,550.9472430709932,32.0,60.35,18,1,0,0,557.8309718837729,515.2407315217795,1,1
2025-04-15 18:15:00+05:30,543.1153262749959,31.55,62.35,18,1,0,0,550.9472430709932,507.4195554143972,1,1
2025-04-15 18:30:00+05:30,536.0808653101699,31.05,64.2,18,1,0,0,543.1153262749959,503.8071455332573,1,1
2025-04-15 18:45:00+05:30,530.2341913797604,30.625,66.175,18,1,0,0,536.0808653101699,499.2089404190679,1,1
2025-04-15 19:00:00+05:30,522.2238028063847,30.3,67.6,19,1,0,0,530.2341913797604,497.4164702595877,1,1
2025-04-15 19:15:00+05:30,513.288804230704,30.2,68.15,19,1,0,0,522.2238028063847,490.7855899757985,1,1
2025-04-15 19:30:00+05:30,505.5059267799468,30.05,68.75,19,1,0,0,513.288804230704,484.91785224343886,1,1
2025-04-15 19:45:00+05:30,495.2351991697621,29.975,68.975,19,1,0,0,505.5059267799468,480.01139687281255,1,1
2025-04-15 20:00:00+05:30,484.93837528468185,29.825,69.825,20,1,0,0,495.2351991697621,475.3151072156628,1,1
2025-04-15 20:15:00+05:30,478.5511152554333,29.775,70.375,20,1,0,0,484.93837528468185,470.1226707669203,1,1
2025-04-15 20:30:00+05:30,472.5080680513813,29.7,71.825,20,1,0,0,478.5511152554333,466.09076923690594,1,1
2025-04-15 20:45:00+05:30,470.1893345291605,29.6,73.325,20,1,0,0,472.5080680513813,453.6827782473137,1,1
2025-04-15 21:00:00+05:30,466.47063361388456,29.5,74.25,21,1,0,0,470.1893345291605,450.37230749710096,1,1
2025-04-15 21:15:00+05:30,461.5877676033968,29.475,74.85,21,1,0,0,466.47063361388456,449.3804255197778,1,1
2025-04-15 21:30:00+05:30,457.5878531260442,29.45,74.775,21,1,0,0,461.5877676033968,446.9809534418967,1,1
2025-04-15 21:45:00+05:30,453.46449657404025,29.45,74.225,21,1,0,0,457.5878531260442,446.5546286375095,1,1
2025-04-15 22:00:00+05:30,448.0836135491948,29.4,73.675,22,1,0,0,453.46449657404025,439.7258962959637,1,1
2025-04-15 22:15:00+05:30,445.2131075914693,29.4,72.9,22,1,0,0,448.0836135491948,436.7104176398748,1,1
2025-04-15 22:30:00+05:30,441.6481053234854,29.4,72.025,22,1,0,0,445.2131075914693,431.18356209927225,1,1
2025-04-15 22:45:00+05:30,437.2673749250577,29.325,71.825,22,1,0,0,441.6481053234854,427.6921930779738,1,1
2025-04-15 23:00:00+05:30,434.6779249414347,29.25,71.675,23,1,0,0,437.2673749250577,426.1634356545781,1,1
2025-04-15 23:15:00+05:30,427.4842115525588,29.175,71.55,23,1,0,0,434.6779249414347,421.5696874463874,1,1
2025-04-15 23:30:00+05:30,420.9241900542602,29.2,71.125,23,1,0,0,427.4842115525588,417.92158646397706,1,1
2025-04-15 23:45:00+05:30,416.0237736091288,29.125,71.1,23,1,0,0,420.9241900542602,414.7815748608455,1,1
2025-04-16 00:00:00+05:30,410.4192055452134,29.275,76.775,0,2,0,0,416.0237736091288,409.612836485822,0,0
2025-04-16 00:15:00+05:30,404.0574660013685,29.2,76.95,0,2,0,0,410.4192055452134,403.2866116453525,0,0
2025-04-16 00:30:00+05:30,397.4717683085994,29.275,76.7,0,2,0,0,404.0574660013685,394.9811216331771,0,0
2025-04-16 00:45:00+05:30,394.4703600266937,29.25,76.625,0,2,0,0,397.4717683085994,388.3693087253739,0,0
2025-04-16 01:00:00+05:30,385.61625221295407,29.2,76.4,1,2,0,0,394.4703600266937,382.4797160575481,0,0
2025-04-16 01:15:00+05:30,379.79342351764063,29.175,76.3,1,2,0,0,385.61625221295407,375.7275886914615,0,0
2025-04-16 01:30:00+05:30,372.698469905537,29.075,76.275,1,2,0,0,379.79342351764063,369.5037047968909,0,0
2025-04-16 01:45:00+05:30,366.9917170809137,29.075,76.325,1,2,0,0,372.698469905537,365.60051786446246,0,0
2025-04-16 02:00:00+05:30,363.51661212251406,29.025,76.175,2,2,0,0,366.9917170809137,361.26553646544704,0,0
2025-04-16 02:15:00+05:30,358.87642918351526,28.95,76.075,2,2,0,0,363.51661212251406,359.001713655274,0,0
2025-04-16 02:30:00+05:30,356.2179469459959,28.925,75.925,2,2,0,0,358.87642918351526,355.7785383611268,0,0
2025-04-16 02:45:00+05:30,353.9610670826657,28.9,75.525,2,2,0,0,356.2179469459959,351.5221810979527,0,0
2025-04-16 03:00:00+05:30,349.65876462139374,28.85,76.05,3,2,0,0,353.9610670826657,350.149697830649,0,0
2025-04-16 03:15:00+05:30,345.94210065051425,28.8,76.125,3,2,0,0,349.65876462139374,346.7505281361535,0,0
2025-04-16 03:30:00+05:30,342.187679674348,28.75,76.125,3,2,0,0,345.94210065051425,343.5046555925466,0,0
2025-04-16 03:45:00+05:30,337.47666593041754,28.675,76.575,3,2,0,0,342.187679674348,340.6748286848094,0,0
2025-04-16 04:00:00+05:30,334.99412070482185,28.625,77.0,4,2,0,0,337.47666593041754,335.5373958594079,0,0
2025-04-16 04:15:00+05:30,333.8081434090804,28.525,77.5,4,2,0,0,334.99412070482185,334.59930722262754,0,0
2025-04-16 04:30:00+05:30,333.7750961809423,28.475,77.95,4,2,0,0,333.8081434090804,333.6397095522713,0,0
2025-04-16 04:45:00+05:30,333.9748878188228,28.375,78.425,4,2,0,0,333.7750961809423,336.52676961078856,0,0
2025-04-16 05:00:00+05:30,335.6162157946085,28.375,78.75,5,2,0,0,333.9748878188228,337.2814053937045,0,0
2025-04-16 05:15:00+05:30,335.5547821575063,28.35,79.075,5,2,0,0,335.6162157946085,337.2388971420509,0,0
2025-04-16 05:30:00+05:30,340.13122585636887,28.275,79.425,5,2,0,0,335.5547821575063,342.21703753304865,0,0
2025-04-16 05:45:00+05:30,342.11892032359054,28.15,79.75,5,2,0,0,340.13122585636887,346.9731250515857,0,0
2025-04-16 06:00:00+05:30,349.6285396803384,28.125,80.425,6,2,0,0,342.11892032359054,354.17683262961145,0,0
2025-04-16 06:15:00+05:30,354.71397916711874,28.2,80.3,6,2,0,0,349.6285396803384,357.6587963301048,0,0
2025-04-16 06:30:00+05:30,365.4391284731748,28.3,80.15,6,2,0,0,354.71397916711874,365.3520419893967,0,0
2025-04-16 06:45:00+05:30,376.71364325273146,28.45,80.175,6,2,0,0,365.4391284731748,378.45170503889705,0,0
2025-04-16 07:00:00+05:30,391.76521542260906,28.775,79.675,7,2,0,0,376.71364325273146,393.71110428919775,0,0
2025-04-16 07:15:00+05:30,406.2501272819159,29.075,78.8,7,2,0,0,391.76521542260906,411.2326686002956,0,0
2025-04-16 07:30:00+05:30,424.2995282430279,29.525,77.15,7,2,0,0,406.2501272819159,427.1135501904373,0,0
2025-04-16 07:45:00+05:30,446.33071783753047,29.825,75.3,7,2,0,0,424.2995282430279,448.4048256134664,0,0
2025-04-16 08:00:00+05:30,466.3908940868567,30.125,72.975,8,2,0,0,446.33071783753047,474.03009456267887,0,0
2025-04-16 08:15:00+05:30,491.6114461250029,30.5,70.925,8,2,0,0,466.3908940868567,496.1842261331629,0,0
2025-04-16 08:30:00+05:30,507.69403663557085,30.975,69.15,8,2,0,0,491.6114461250029,515.8420916566262,0,0
2025-04-16 08:45:00+05:30,525.2854784540303,31.4,66.5,8,2,0,0,507.69403663557085,532.8424869074981,0,0
2025-04-16 09:00:00+05:30,541.8012609477239,31.825,63.625,9,2,0,1,525.2854784540303,552.1439078880264,0,0
2025-04-16 09:15:00+05:30,554.5014826467708,32.325,62.475,9,2,0,1,541.8012609477239,566.2902262575451,0,0
2025-04-16 09:30:00+05:30,564.9974069162521,32.775,60.275,9,2,0,1,554.5014826467708,576.1021765303146,0,0
2025-04-16 09:45:00+05:30,576.6207770385528,32.975,59.1,9,2,0,1,564.9974069162521,584.9532620977868,0,0
2025-04-16 10:00:00+05:30,581.3305306608328,33.325,56.675,10,2,0,1,576.6207770385528,591.6149754093123,0,0
2025-04-16 10:15:00+05:30,589.6186975634675,33.6,56.925,10,2,0,1,581.3305306608328,600.1232258608568,0,0
2025-04-16 10:30:00+05:30,596.6411859769453,33.95,56.825,10,2,0,1,589.6186975634675,604.9407330173182,0,0
2025-04-16 10:45:00+05:30,600.4993570919471,34.1,56.925,10,2,0,1,596.6411859769453,607.1412453592212,0,0
2025-04-16 11:00:00+05:30,604.123945913148,34.55,55.45,11,2,0,1,600.4993570919471,609.3271751884167,0,0
2025-04-16 11:15:00+05:30,604.1505435700492,34.6,55.225,11,2,0,1,604.123945913148,609.1998061620412,0,0
2025-04-16 11:30:00+05:30,602.1054493076161,34.75,55.625,11,2,0,1,604.1505435700492,607.2384068809066,0,0
2025-04-16 11:45:00+05:30,599.0944557725408,34.75,55.725,11,2,0,1,602.1054493076161,609.1641741439402,0,0
2025-04-16 12:00:00+05:30,602.2848226570189,34.975,54.375,12,2,0,1,599.0944557725408,611.865618612535,0,0
2025-04-16 12:15:00+05:30,600.8513041674629,34.925,54.75,12,2,0,1,602.2848226570189,612.1407461405469,0,0
2025-04-16 12:30:00+05:30,599.0097253501826,34.975,53.725,12,2,0,1,600.8513041674629,611.329826540427,0,0
2025-04-16 12:45:00+05:30,599.2577778412154,35.175,52.8,12,2,0,1,599.0097253501826,610.9403709711213,0,0
2025-04-16 13:00:00+05:30,594.7176296710435,35.225,51.4,13,2,0,1,599.2577778412154,606.1757301393293,0,0
2025-04-16 13:15:00+05:30,592.4376593762718,35.4,51.075,13,2,0,1,594.7176296710435,603.335537207522,0,0
2025-04-16 13:30:00+05:30,592.0191199531001,35.525,49.825,13,2,0,1,592.4376593762718,599.9453230731897,0,0
2025-04-16 13:45:00+05:30,594.9591299501843,35.575,48.225,13,2,0,1,592.0191199531001,600.6334215089834,0,0
2025-04-16 14:00:00+05:30,599.9781794933257,36.025,47.3,14,2,0,1,594.9591299501843,603.9582742301355,0,0
2025-04-16 14:15:00+05:30,603.7049199525786,35.65,47.275,14,2,0,1,599.9781794933257,607.5592218374987,0,0
2025-04-16 14:30:00+05:30,604.5445045980015,35.2,47.825,14,2,0,1,603.7049199525786,609.6315951838002,0,0
2025-04-16 14:45:00+05:30,607.8573571998644,35.225,47.675,14,2,0,1,604.5445045980015,609.8263901282578,0,0
2025-04-16 15:00:00+05:30,606.9308237880002,35.0,49.625,15,2,0,1,607.8573571998644,609.5633923637392,0,0
2025-04-16 15:15:00+05:30,604.3424025240303,34.925,48.775,15,2,0,1,606.9308237880002,609.8280570505422,0,0
2025-04-16 15:30:00+05:30,605.988101896659,34.875,49.8,15,2,0,1,604.3424025240303,607.0890137683488,0,0
2025-04-16 15:45:00+05:30,603.3261741436006,34.925,49.575,15,2,0,1,605.988101896659,603.6119670143237,0,0
2025-04-16 16:00:00+05:30,604.2745439200872,34.9,49.95,16,2,0,1,603.3261741436006,600.7647405730369,0,0
2025-04-16 16:15:00+05:30,597.2675814483526,34.675,50.275,16,2,0,1,604.2745439200872,596.7732267128764,0,0
2025-04-16 16:30:00+05:30,594.9983019422425,34.35,51.775,16,2,0,1,597.2675814483526,593.8444721238204,0,0
2025-04-16 16:45:00+05:30,590.6144301978712,34.225,52.325,16,2,0,1,594.9983019422425,589.79417232584,0,0
2025-04-16 17:00:00+05:30,583.5653308183461,33.975,54.125,17,2,0,1,590.6144301978712,585.5444955781699,0,0
2025-04-16 17:15:00+05:30,579.75513976935,33.7,55.0,17,2,0,1,583.5653308183461,581.5230681188654,0,0
2025-04-16 17:30:00+05:30,569.1304238854863,33.075,56.8,17,2,0,1,579.75513976935,569.4946424540587,0,0
2025-04-16 17:45:00+05:30,561.8151548609509,32.625,58.9,17,2,0,1,569.1304238854863,557.8309718837729,0,0
2025-04-16 18:00:00+05:30,548.666985044857,32.0,60.35,18,2,0,0,561.8151548609509,550.9472430709932,0,0
2025-04-16 18:15:00+05:30,537.6180368580355,31.55,62.35,18,2,0,0,548.666985044857,543.1153262749959,0,0
2025-04-16 18:30:00+05:30,531.5429463717185,31.05,64.2,18,2,0,0,537.6180368580355,536.0808653101699,0,0
2025-04-16 18:45:00+05:30,526.8289236834466,30.625,66.175,18,2,0,0,531.5429463717185,530.2341913797604,0,0
2025-04-16 19:00:00+05:30,519.3563826432995,30.3,67.6,19,2,0,0,526.8289236834466,522.2238028063847,0,0
2025-04-16 19:15:00+05:30,511.9343880057049,30.2,68.15,19,2,0,0,519.3563826432995,513.288804230704,0,0
2025-04-16 19:30:00+05:30,507.0182816753292,30.05,68.75,19,2,0,0,511.9343880057049,505.5059267799468,0,0
2025-04-16 19:45:00+05:30,499.1571644907412,29.975,68.975,19,2,0,0,507.0182816753292,495.2351991697621,0,0
2025-04-16 20:00:00+05:30,491.13569159172647,29.825,69.825,20,2,0,0,499.1571644907412,484.93837528468185,0,0
2025-04-16 20:15:00+05:30,485.43161216067625,29.775,70.375,20,2,0,0,491.13569159172647,478.5511152554333,0,0
2025-04-16 20:30:00+05:30,478.4915058656049,29.7,71.825,20,2,0,0,485.43161216067625,472.5080680513813,0,0
2025-04-16 20:45:00+05:30,475.9267484202615,29.6,73.325,20,2,0,0,478.4915058656049,470.1893345291605,0,0
2025-04-16 21:00:00+05:30,470.5635398153277,29.5,74.25,21,2,0,0,475.9267484202615,466.47063361388456,0,0
2025-04-16 21:15:00+05:30,466.2461250306167,29.475,74.85,21,2,0,0,470.5635398153277,461.5877676033968,0,0
2025-04-16 21:30:00+05:30,460.8088509268285,29.45,74.775,21,2,0,0,466.2461250306167,457.5878531260442,0,0
2025-04-16 21:45:00+05:30,458.21375814012174,29.45,74.225,21,2,0,0,460.8088509268285,453.46449657404025,0,0
2025-04-16 22:00:00+05:30,451.3565746417921,29.4,73.675,22,2,0,0,458.21375814012174,448.0836135491948,0,0
2025-04-16 22:15:00+05:30,445.9556801797028,29.4,72.9,22,2,0,0,451.3565746417921,445.2131075914693,0,0
2025-04-16 22:30:00+05:30,445.19534044082087,29.4,72.025,22,2,0,0,445.9556801797028,441.6481053234854,0,0
2025-04-16 22:45:00+05:30,437.1815529842838,29.325,71.825,22,2,0,0,445.19534044082087,437.2673749250577,0,0
2025-04-16 23:00:00+05:30,432.5480865128323,29.25,71.675,23,2,0,0,437.1815529842838,434.6779249414347,0,0
2025-04-16 23:15:00+05:30,427.4568794852197,29.175,71.55,23,2,0,0,432.5480865128323,427.4842115525588,0,0
2025-04-16 23:30:00+05:30,422.8520709581669,29.2,71.125,23,2,0,0,427.4568794852197,420.9241900542602,0,0
2025-04-16 23:45:00+05:30,417.2984526871156,29.125,71.1,23,2,0,0,422.8520709581669,416.0237736091288,0,0
2025-04-17 00:00:00+05:30,412.27359881824975,28.9,77.125,0,3,0,0,417.2984526871156,410.4192055452134,0,0
2025-04-17 00:15:00+05:30,404.9354732508847,28.725,77.375,0,3,0,0,412.27359881824975,404.0574660013685,0,0
2025-04-17 00:30:00+05:30,397.39066056014974,28.65,77.94999999999999,0,3,0,0,404.9354732508847,397.4717683085994,0,0
2025-04-17 00:45:00+05:30,392.0023299168812,28.575,78.17500000000001,0,3,0,0,397.39066056014974,394.4703600266937,0,0
2025-04-17 01:00:00+05:30,385.58011761569657,28.45,78.60000000000001,1,3,0,0,392.0023299168812,385.61625221295407,0,0
2025-04-17 01:15:00+05:30,380.2574202512625,28.35,78.8,1,3,0,0,385.58011761569657,379.79342351764063,0,0
2025-04-17 01:30:00+05:30,374.02679617321866,28.325000000000003,78.69999999999999,1,3,0,0,380.2574202512625,372.698469905537,0,0
2025-04-17 01:45:00+05:30,369.2540819834293,28.325,78.9,1,3,0,0,374.02679617321866,366.9917170809137,0,0
2025-04-17 02:00:00+05:30,365.955734540947,28.35,78.525,2,3,0,0,369.2540819834293,363.51661212251406,0,0
2025-04-17 02:15:00+05:30,361.4449789025481,28.35,78.55,2,3,0,0,365.955734540947,358.87642918351526,0,0
2025-04-17 02:30:00+05:30,358.12826368058296,28.325,78.5,2,3,0,0,361.4449789025481,356.2179469459959,0,0
2025-04-17 02:45:00+05:30,355.7147588338416,28.275,78.44999999999999,2,3,0,0,358.12826368058296,353.9610670826657,0,0
2025-04-17 03:00:00+05:30,352.6537402272784,28.200000000000003,78.7,3,3,0,0,355.7147588338416,349.65876462139374,0,0
2025-04-17 03:15:00+05:30,347.1885157315371,28.025,79.4,3,3,0,0,352.6537402272784,345.94210065051425,0,0
2025-04-17 03:30:00+05:30,343.6524955876756,28.025,79.82499999999999,3,3,0,0,347.1885157315371,342.187679674348,0,0
2025-04-17 03:45:00+05:30,338.97049705747656,27.95,80.025,3,3,0,0,343.6524955876756,337.47666593041754,0,0
2025-04-17 04:00:00+05:30,335.2483468752269,27.925,79.925,4,3,0,0,338.97049705747656,334.99412070482185,0,0
2025-04-17 04:15:00+05:30,334.1352862656344,27.825000000000003,79.975,4,3,0,0,335.2483468752269,333.8081434090804,0,0
2025-04-17 04:30:00+05:30,334.51041287464795,27.775,80.15,4,3,0,0,334.1352862656344,333.7750961809423,0,0
2025-04-17 04:45:00+05:30,335.6511204185698,27.725,79.925,4,3,0,0,334.51041287464795,333.9748878188228,0,0
2025-04-17 05:00:00+05:30,335.37000519639884,27.725,79.85,5,3,0,0,335.6511204185698,335.6162157946085,0,0
2025-04-17 05:15:00+05:30,335.06299385341873,27.7,79.52499999999999,5,3,0,0,335.37000519639884,335.5547821575063,0,0
2025-04-17 05:30:00+05:30,340.0819688514245,27.65,79.9,5,3,0,0,335.06299385341873,340.13122585636887,0,0
2025-04-17 05:45:00+05:30,345.129604783879,27.6,80.525,5,3,0,0,340.0819688514245,342.11892032359054,0,0
2025-04-17 06:00:00+05:30,352.9158224505381,27.55,80.875,6,3,0,0,345.129604783879,349.6285396803384,0,0
2025-04-17 06:15:00+05:30,355.7821253001486,27.6,80.89999999999999,6,3,0,0,352.9158224505381,354.71397916711874,0,0
2025-04-17 06:30:00+05:30,368.7258203295305,27.775,80.65,6,3,0,0,355.7821253001486,365.4391284731748,0,0
2025-04-17 06:45:00+05:30,374.8493556950159,28.025,80.45,6,3,0,0,368.7258203295305,376.71364325273146,0,0
2025-04-17 07:00:00+05:30,368.5818209907868,28.325000000000003,79.45,7,3,0,0,374.8493556950159,391.76521542260906,0,0
2025-04-17 07:15:00+05:30,401.8076173476289,28.6,78.45,7,3,0,0,368.5818209907868,406.2501272819159,0,0
2025-04-17 07:30:00+05:30,422.4612100088688,28.9,77.80000000000001,7,3,0,0,401.8076173476289,424.2995282430279,0,0
2025-04-17 07:45:00+05:30,443.9982508562413,29.15,77.05,7,3,0,0,422.4612100088688,446.33071783753047,0,0
2025-04-17 08:00:00+05:30,465.834584367084,29.375,76.05,8,3,0,0,443.9982508562413,466.3908940868567,0,0
2025-04-17 08:15:00+05:30,484.51759121629306,29.75,74.7,8,3,0,0,465.834584367084,491.6114461250029,0,0
2025-04-17 08:30:00+05:30,502.8850495568223,30.000000000000004,73.1,8,3,0,0,484.51759121629306,507.69403663557085,0,0
2025-04-17 08:45:00+05:30,523.2899487076661,30.2,71.75,8,3,0,0,502.8850495568223,525.2854784540303,0,0
2025-04-17 09:00:00+05:30,537.7247043474296,30.475,71.35,9,3,0,1,523.2899487076661,541.8012609477239,0,0
2025-04-17 09:15:00+05:30,553.7313690467438,30.85,69.95,9,3,0,1,537.7247043474296,554.5014826467708,0,0
2025-04-17 09:30:00+05:30,566.9302443040266,31.325,68.4,9,3,0,1,553.7313690467438,564.9974069162521,0,0
2025-04-17 09:45:00+05:30,577.7044511427557,31.25,68.44999999999999,9,3,0,1,566.9302443040266,576.6207770385528,0,0
2025-04-17 10:00:00+05:30,586.9856676851992,31.525,68.17500000000001,10,3,0,1,577.7044511427557,581.3305306608328,0,0
2025-04-17 10:15:00+05:30,590.933018866338,31.85,67.1,10,3,0,1,586.9856676851992,589.6186975634675,0,0
2025-04-17 10:30:00+05:30,594.8216970539404,32.099999999999994,66.175,10,3,0,1,590.933018866338,596.6411859769453,0,0
2025-04-17 10:45:00+05:30,598.4413874558162,32.45,64.825,10,3,0,1,594.8216970539404,600.4993570919471,0,0
2025-04-17 11:00:00+05:30,600.4464896622279,32.825,63.52499999999999,11,3,0,1,598.4413874558162,604.123945913148,0,0
2025-04-17 11:15:00+05:30,600.5544337201954,32.725,64.35,11,3,0,1,600.4464896622279,604.1505435700492,0,0
2025-04-17 11:30:00+05:30,601.1865237568338,33.099999999999994,62.925,11,3,0,1,600.5544337201954,602.1054493076161,0,0
2025-04-17 11:45:00+05:30,598.2477242916253,33.3,62.175,11,3,0,1,601.1865237568338,599.0944557725408,0,0
2025-04-17 12:00:00+05:30,601.3483441797658,33.425,61.875,12,3,0,1,598.2477242916253,602.2848226570189,0,0
2025-04-17 12:15:00+05:30,603.4159091313608,33.575,61.400000000000006,12,3,0,1,601.3483441797658,600.8513041674629,0,0
2025-04-17 12:30:00+05:30,601.2273538431805,33.5,61.0,12,3,0,1,603.4159091313608,599.0097253501826,0,0
2025-04-17 12:45:00+05:30,598.2387134466618,33.26666666666667,61.26666666666667,12,3,0,1,601.2273538431805,599.2577778412154,0,0
2025-04-17 13:00:00+05:30,594.0144014291662,33.53333333333333,60.66666666666666,13,3,0,1,598.2387134466618,594.7176296710435,0,0
2025-04-17 13:15:00+05:30,592.176793051613,33.5,61.20000000000001,13,3,0,1,594.0144014291662,592.4376593762718,0,0
2025-04-17 13:30:00+05:30,589.8538892762808,33.56666666666666,60.366666666666674,13,3,0,1,592.176793051613,592.0191199531001,0,0
2025-04-17 13:45:00+05:30,592.5799703289777,33.23333333333333,60.833333333333336,13,3,0,1,589.8538892762808,594.9591299501843,0,0
2025-04-17 14:00:00+05:30,596.3619823054639,33.43333333333333,60.833333333333336,14,3,0,1,592.5799703289777,599.9781794933257,0,0
2025-04-17 14:15:00+05:30,601.2453120030756,33.333333333333336,61.46666666666666,14,3,0,1,596.3619823054639,603.7049199525786,0,0
2025-04-17 14:30:00+05:30,601.9631502731303,33.0,61.86666666666665,14,3,0,1,601.2453120030756,604.5445045980015,0,0
2025-04-17 14:45:00+05:30,605.935023380047,33.03333333333334,62.366666666666674,14,3,0,1,601.9631502731303,607.8573571998644,0,0
2025-04-17 15:00:00+05:30,605.6242525351919,32.766666666666666,62.96666666666668,15,3,0,1,605.935023380047,606.9308237880002,0,0
2025-04-17 15:15:00+05:30,604.0337326189654,33.03333333333333,62.26666666666667,15,3,0,1,605.6242525351919,604.3424025240303,0,0
2025-04-17 15:30:00+05:30,603.7511991055844,33.233333333333334,61.26666666666667,15,3,0,1,604.0337326189654,605.988101896659,0,0
2025-04-17 15:45:00+05:30,601.5986386906978,33.2,62.16666666666666,15,3,0,1,603.7511991055844,603.3261741436006,0,0
2025-04-17 16:00:00+05:30,601.3920036215966,33.36666666666667,62.43333333333333,16,3,0,1,601.5986386906978,604.2745439200872,0,0
2025-04-17 16:15:00+05:30,596.4117427369617,32.733333333333334,63.4,16,3,0,1,601.3920036215966,597.2675814483526,0,0
2025-04-17 16:30:00+05:30,592.8843283909988,32.86666666666667,63.29999999999999,16,3,0,1,596.4117427369617,594.9983019422425,0,0
2025-04-17 16:45:00+05:30,588.941680341718,32.800000000000004,63.46666666666666,16,3,0,1,592.8843283909988,590.6144301978712,0,0
2025-04-17 17:00:00+05:30,584.6961100881724,32.56666666666667,64.36666666666667,17,3,0,1,588.941680341718,583.5653308183461,0,0
2025-04-17 17:15:00+05:30,578.9006169815048,32.06666666666667,65.33333333333333,17,3,0,1,584.6961100881724,579.75513976935,0,0
2025-04-17 17:30:00+05:30,567.9419708025899,31.83333333333333,66.36666666666666,17,3,0,1,578.9006169815048,569.1304238854863,0,0
2025-04-17 17:45:00+05:30,557.5012212680309,31.73333333333333,66.46666666666667,17,3,0,1,567.9419708025899,561.8151548609509,0,0
2025-04-17 18:00:00+05:30,547.5009022473998,31.2,68.23333333333333,18,3,0,0,557.5012212680309,548.666985044857,0,0
2025-04-17 18:15:00+05:30,536.5722634704284,30.6,69.39999999999999,18,3,0,0,547.5009022473998,537.6180368580355,0,0
2025-04-17 18:30:00+05:30,529.99911721289,30.3,70.73333333333333,18,3,0,0,536.5722634704284,531.5429463717185,0,0
2025-04-17 18:45:00+05:30,526.2434443603757,29.96666666666667,72.43333333333332,18,3,0,0,529.99911721289,526.8289236834466,0,0
2025-04-17 19:00:00+05:30,518.95213624408,29.7,73.7,19,3,0,0,526.2434443603757,519.3563826432995,0,0
2025-04-17 19:15:00+05:30,510.00597176237466,29.633333333333336,74.33333333333333,19,3,0,0,518.95213624408,511.9343880057049,0,0
2025-04-17 19:30:00+05:30,501.2578099314085,29.566666666666663,74.83333333333333,19,3,0,0,510.00597176237466,507.0182816753292,0,0
2025-04-17 19:45:00+05:30,492.733289377092,29.466666666666665,75.23333333333333,19,3,0,0,501.2578099314085,499.1571644907412,0,0
2025-04-17 20:00:00+05:30,484.9999512627924,29.466666666666665,75.06666666666668,20,3,0,0,492.733289377092,491.13569159172647,0,0
2025-04-17 20:15:00+05:30,479.144932868516,29.33333333333333,75.33333333333333,20,3,0,0,484.9999512627924,485.43161216067625,0,0
2025-04-17 20:30:00+05:30,473.618649532422,29.366666666666664,75.60000000000001,20,3,0,0,479.144932868516,478.4915058656049,0,0
2025-04-17 20:45:00+05:30,469.4451303725361,29.3,75.86666666666666,20,3,0,0,473.618649532422,475.9267484202615,0,0
2025-04-17 21:00:00+05:30,462.637565979081,29.4,75.3,21,3,0,0,469.4451303725361,470.5635398153277,0,0
2025-04-17 21:15:00+05:30,457.5907001246511,29.4,75.56666666666666,21,3,0,0,462.637565979081,466.2461250306167,0,0
2025-04-17 21:30:00+05:30,451.9422341140865,29.3,75.73333333333333,21,3,0,0,457.5907001246511,460.8088509268285,0,0
2025-04-17 21:45:00+05:30,448.39914085232897,29.2,76.23333333333333,21,3,0,0,451.9422341140865,458.21375814012174,0,0
2025-04-17 22:00:00+05:30,442.7734735338631,29.166666666666668,75.93333333333332,22,3,0,0,448.39914085232897,451.3565746417921,0,0
2025-04-17 22:15:00+05:30,438.80993034384807,29.23333333333333,76.36666666666666,22,3,0,0,442.7734735338631,445.9556801797028,0,0
2025-04-17 22:30:00+05:30,437.4360052156691,29.166666666666668,76.46666666666667,22,3,0,0,438.80993034384807,445.19534044082087,0,0
2025-04-17 22:45:00+05:30,433.7483390169944,29.066666666666663,76.56666666666668,22,3,0,0,437.4360052156691,437.1815529842838,0,0
2025-04-17 23:00:00+05:30,430.2354265282463,29.066666666666663,76.86666666666666,23,3,0,0,433.7483390169944,432.5480865128323,0,0
2025-04-17 23:15:00+05:30,424.61485848008647,28.866666666666664,77.2,23,3,0,0,430.2354265282463,427.4568794852197,0,0
2025-04-17 23:30:00+05:30,418.82613290977713,28.76666666666667,78.06666666666666,23,3,0,0,424.61485848008647,422.8520709581669,0,0
2025-04-17 23:45:00+05:30,413.0608485024008,28.73333333333333,78.23333333333333,23,3,0,0,418.82613290977713,417.2984526871156,0,0
2025-04-18 00:00:00+05:30,407.8086687248,28.63333333,78.5,0,4,0,0,413.0608485024008,412.27359881824975,1,0
2025-04-18 00:15:00+05:30,401.0455107151999,28.63333333,78.63333333,0,4,0,0,407.8086687248,404.9354732508847,1,0
2025-04-18 00:30:00+05:30,394.3825130172001,28.53333333,78.66666667,0,4,0,0,401.0455107151999,397.39066056014974,1,0
2025-04-18 00:45:00+05:30,388.4718292522001,28.56666667,78.63333333,0,4,0,0,394.3825130172001,392.0023299168812,1,0
2025-04-18 01:00:00+05:30,382.6612296331999,28.43333333,78.83333333,1,4,0,0,388.4718292522001,385.58011761569657,1,0
2025-04-18 01:15:00+05:30,379.2195733225999,28.36666667,79.13333333,1,4,0,0,382.6612296331999,380.2574202512625,1,0
2025-04-18 01:30:00+05:30,372.2655860824,28.3,79.1,1,4,0,0,379.2195733225999,374.02679617321866,1,0
2025-04-18 01:45:00+05:30,367.2420877374,28.23333333,79.56666667,1,4,0,0,372.2655860824,369.2540819834293,1,0
2025-04-18 02:00:00+05:30,364.26531881719984,28.2,79.73333333,2,4,0,0,367.2420877374,365.955734540947,1,0
2025-04-18 02:15:00+05:30,357.8159133174,28.13333333,79.7,2,4,0,0,364.26531881719984,361.4449789025481,1,0
2025-04-18 02:30:00+05:30,353.8877199207999,28.06666667,79.6,2,4,0,0,357.8159133174,358.12826368058296,1,0
2025-04-18 02:45:00+05:30,350.0425262874,28.1,80.0,2,4,0,0,353.8877199207999,355.7147588338416,1,0
2025-04-18 03:00:00+05:30,346.8270302891999,28.06666667,80.43333333,3,4,0,0,350.0425262874,352.6537402272784,1,0
2025-04-18 03:15:00+05:30,343.333512365,28.13333333,80.26666667,3,4,0,0,346.8270302891999,347.1885157315371,1,0
2025-04-18 03:30:00+05:30,338.6114924432,28.06666667,80.23333333,3,4,0,0,343.333512365,343.6524955876756,1,0
2025-04-18 03:45:00+05:30,336.3011196316,28.06666667,80.36666667,3,4,0,0,338.6114924432,338.97049705747656,1,0
2025-04-18 04:00:00+05:30,334.8785454108001,28.03333333,80.3,4,4,0,0,336.3011196316,335.2483468752269,1,0
2025-04-18 04:15:00+05:30,333.8480453864,28.03333333,80.13333333,4,4,0,0,334.8785454108001,334.1352862656344,1,0
2025-04-18 04:30:00+05:30,333.24155425759994,28.03333333,80.3,4,4,0,0,333.8480453864,334.51041287464795,1,0
2025-04-18 04:45:00+05:30,335.3487398028,27.93333333,80.43333333,4,4,0,0,333.24155425759994,335.6511204185698,1,0
2025-04-18 05:00:00+05:30,333.8472616928,27.86666667,80.8,5,4,0,0,335.3487398028,335.37000519639884,1,0
2025-04-18 05:15:00+05:30,331.9918721366,27.86666667,80.8,5,4,0,0,333.8472616928,335.06299385341873,1,0
2025-04-18 05:30:00+05:30,335.1995496212,27.83333333,81.03333333,5,4,0,0,331.9918721366,340.0819688514245,1,0
2025-04-18 05:45:00+05:30,336.2793702722,27.76666667,81.2,5,4,0,0,335.1995496212,345.129604783879,1,0
2025-04-18 06:00:00+05:30,339.3449548568,27.73333333,81.5,6,4,0,0,336.2793702722,352.9158224505381,1,0
2025-04-18 06:15:00+05:30,339.61678076100003,27.76666667,81.73333333,6,4,0,0,339.3449548568,355.7821253001486,1,0
2025-04-18 06:30:00+05:30,343.56609723720004,27.93333333,81.7,6,4,0,0,339.61678076100003,368.7258203295305,1,0
2025-04-18 06:45:00+05:30,350.194218437,28.1,81.56666667,6,4,0,0,343.56609723720004,374.8493556950159,1,0
2025-04-18 07:00:00+05:30,360.4349940696,28.43333333,80.96666667,7,4,0,0,350.194218437,368.5818209907868,1,0
2025-04-18 07:15:00+05:30,367.9671761608,28.7,80.0,7,4,0,0,360.4349940696,401.8076173476289,1,0
2025-04-18 07:30:00+05:30,379.5006699744,29.03333333,79.0,7,4,0,0,367.9671761608,422.4612100088688,1,0
2025-04-18 07:45:00+05:30,394.7333715338,29.26666667,77.96666667,7,4,0,0,379.5006699744,443.9982508562413,1,0
2025-04-18 08:00:00+05:30,412.6820335517999,29.56666667,76.53333333,8,4,0,0,394.7333715338,465.834584367084,1,0
2025-04-18 08:15:00+05:30,431.213679053,30.03333333,75.53333333,8,4,0,0,412.6820335517999,484.51759121629306,1,0
2025-04-18 08:30:00+05:30,443.8459627108,30.16666667,74.83333333,8,4,0,0,431.213679053,502.8850495568223,1,0
2025-04-18 08:45:00+05:30,458.1165994786001,30.5,72.86666667,8,4,0,0,443.8459627108,523.2899487076661,1,0
2025-04-18 09:00:00+05:30,472.2738690334,30.76666667,71.86666667,9,4,0,1,458.1165994786001,537.7247043474296,1,0
2025-04-18 09:15:00+05:30,482.06961741759983,31.03333333,70.66666667,9,4,0,1,472.2738690334,553.7313690467438,1,0
2025-04-18 09:30:00+05:30,492.4265908143999,31.56666667,69.4,9,4,0,1,482.06961741759983,566.9302443040266,1,0
2025-04-18 09:45:00+05:30,500.4980040383999,31.86666667,68.3,9,4,0,1,492.4265908143999,577.7044511427557,1,0
2025-04-18 10:00:00+05:30,507.2845095274,31.8,68.86666667,10,4,0,1,500.4980040383999,586.9856676851992,1,0
2025-04-18 10:15:00+05:30,514.5717649685998,31.96666667,68.43333333,10,4,0,1,507.2845095274,590.933018866338,1,0
2025-04-18 10:30:00+05:30,519.693516935,31.93333333,68.36666667,10,4,0,1,514.5717649685998,594.8216970539404,1,0
2025-04-18 10:45:00+05:30,523.3508061434001,31.9,68.06666667,10,4,0,1,519.693516935,598.4413874558162,1,0
2025-04-18 11:00:00+05:30,524.835753799,32.36666667,66.9,11,4,0,1,523.3508061434001,600.4464896622279,1,0
2025-04-18 11:15:00+05:30,524.9900997612,32.6,66.3,11,4,0,1,524.835753799,600.5544337201954,1,0
2025-04-18 11:30:00+05:30,523.922501862,32.8,65.4,11,4,0,1,524.9900997612,601.1865237568338,1,0
2025-04-18 11:45:00+05:30,521.2890399258001,32.8,64.86666667,11,4,0,1,523.922501862,598.2477242916253,1,0
2025-04-18 12:00:00+05:30,524.7531512579999,32.96666667,64.43333333,12,4,0,1,521.2890399258001,601.3483441797658,1,0
2025-04-18 12:15:00+05:30,525.5996189319999,33.16666667,63.46666667,12,4,0,1,524.7531512579999,603.4159091313608,1,0
2025-04-18 12:30:00+05:30,524.9442378629998,33.33333333,63.0,12,4,0,1,525.5996189319999,601.2273538431805,1,0
2025-04-18 12:45:00+05:30,523.2084883506001,33.26666667,63.13333333,12,4,0,1,524.9442378629998,598.2387134466618,1,0
2025-04-18 13:00:00+05:30,519.350866663,33.36666667,62.6,13,4,0,1,523.2084883506001,594.0144014291662,1,0
2025-04-18 13:15:00+05:30,519.8180040626,33.36666667,62.4,13,4,0,1,519.350866663,592.176793051613,1,0
2025-04-18 13:30:00+05:30,516.7033552476,33.7,60.9,13,4,0,1,519.8180040626,589.8538892762808,1,0
2025-04-18 13:45:00+05:30,519.1363038564001,33.66666667,60.83333333,13,4,0,1,516.7033552476,592.5799703289777,1,0
2025-04-18 14:00:00+05:30,521.7378999752,33.8,60.36666667,14,4,0,1,519.1363038564001,596.3619823054639,1,0
2025-04-18 14:15:00+05:30,526.3751508220001,33.5,60.66666667,14,4,0,1,521.7378999752,601.2453120030756,1,0
2025-04-18 14:30:00+05:30,527.3567966722001,33.16666667,61.96666667,14,4,0,1,526.3751508220001,601.9631502731303,1,0
2025-04-18 14:45:00+05:30,530.5451400708,33.16666667,60.93333333,14,4,0,1,527.3567966722001,605.935023380047,1,0
2025-04-18 15:00:00+05:30,528.687909218,33.16666667,61.1,15,4,0,1,530.5451400708,605.6242525351919,1,0
2025-04-18 15:15:00+05:30,529.5640606182001,33.33333333,60.26666667,15,4,0,1,528.687909218,604.0337326189654,1,0
2025-04-18 15:30:00+05:30,528.5472893258,33.26666667,61.26666667,15,4,0,1,529.5640606182001,603.7511991055844,1,0
2025-04-18 15:45:00+05:30,526.4080320800001,33.23333333,61.56666667,15,4,0,1,528.5472893258,601.5986386906978,1,0
2025-04-18 16:00:00+05:30,527.1478156326,33.33333333,61.26666667,16,4,0,1,526.4080320800001,601.3920036215966,1,0
2025-04-18 16:15:00+05:30,523.0278152856,33.33333333,62.2,16,4,0,1,527.1478156326,596.4117427369617,1,0
2025-04-18 16:30:00+05:30,521.4000350151999,33.46666667,61.73333333,16,4,0,1,523.0278152856,592.8843283909988,1,0
2025-04-18 16:45:00+05:30,521.6160525204,33.5,61.56666667,16,4,0,1,521.4000350151999,588.941680341718,1,0
2025-04-18 17:00:00+05:30,517.8164777562,32.66666667,63.33333333,17,4,0,1,521.6160525204,584.6961100881724,1,0
2025-04-18 17:15:00+05:30,514.9123025275998,32.56666667,63.56666667,17,4,0,1,517.8164777562,578.9006169815048,1,0
2025-04-18 17:30:00+05:30,507.4127522058,32.46666667,64.5,17,4,0,1,514.9123025275998,567.9419708025899,1,0
2025-04-18 17:45:00+05:30,505.95864948920007,32.06666667,65.26666667,17,4,0,1,507.4127522058,557.5012212680309,1,0
2025-04-18 18:00:00+05:30,499.76727557720005,31.6,66.73333333,18,4,0,0,505.95864948920007,547.5009022473998,1,0
2025-04-18 18:15:00+05:30,495.4861305478002,31.1,68.46666667,18,4,0,0,499.76727557720005,536.5722634704284,1,0
2025-04-18 18:30:00+05:30,492.055108641,30.63333333,69.9,18,4,0,0,495.4861305478002,529.99911721289,1,0
2025-04-18 18:45:00+05:30,489.41327326120006,30.26666667,71.5,18,4,0,0,492.055108641,526.2434443603757,1,0
2025-04-18 19:00:00+05:30,484.9512792131999,30.1,72.46666667,19,4,0,0,489.41327326120006,518.95213624408,1,0
2025-04-18 19:15:00+05:30,479.6731063759999,30.0,73.03333333,19,4,0,0,484.9512792131999,510.00597176237466,1,0
2025-04-18 19:30:00+05:30,476.10192657319993,29.93333333,73.53333333,19,4,0,0,479.6731063759999,501.2578099314085,1,0
2025-04-18 19:45:00+05:30,466.98068676580016,29.76666667,74.43333333,19,4,0,0,476.10192657319993,492.733289377092,1,0
2025-04-18 20:00:00+05:30,462.6022938545998,29.7,74.7,20,4,0,0,466.98068676580016,484.9999512627924,1,0
2025-04-18 20:15:00+05:30,460.97580899299993,29.63333333,75.3,20,4,0,0,462.6022938545998,479.144932868516,1,0
2025-04-18 20:30:00+05:30,453.6823610376,29.53333333,76.26666667,20,4,0,0,460.97580899299993,473.618649532422,1,0
2025-04-18 20:45:00+05:30,453.2864962289999,29.46666667,77.16666667,20,4,0,0,453.6823610376,469.4451303725361,1,0
2025-04-18 21:00:00+05:30,448.3474183792,29.46666667,77.6,21,4,0,0,453.2864962289999,462.637565979081,1,0
2025-04-18 21:15:00+05:30,444.3076989428,29.46666667,77.56666667,21,4,0,0,448.3474183792,457.5907001246511,1,0
2025-04-18 21:30:00+05:30,441.3897991363999,29.43333333,78.03333333,21,4,0,0,444.3076989428,451.9422341140865,1,0
2025-04-18 21:45:00+05:30,435.4690500717999,29.3,78.33333333,21,4,0,0,441.3897991363999,448.39914085232897,1,0
2025-04-18 22:00:00+05:30,431.2336377655999,29.3,78.66666667,22,4,0,0,435.4690500717999,442.7734735338631,1,0
2025-04-18 22:15:00+05:30,428.130862164,29.16666667,79.0,22,4,0,0,431.2336377655999,438.80993034384807,1,0
2025-04-18 22:30:00+05:30,426.192008855,29.1,79.4,22,4,0,0,428.130862164,437.4360052156691,1,0
2025-04-18 22:45:00+05:30,422.0943905626,29.0,80.0,22,4,0,0,426.192008855,433.7483390169944,1,0
2025-04-18 23:00:00+05:30,418.543304652,29.1,79.53333333,23,4,0,0,422.0943905626,430.2354265282463,1,0
2025-04-18 23:15:00+05:30,413.155517108,29.1,79.43333333,23,4,0,0,418.543304652,424.61485848008647,1,0
2025-04-18 23:30:00+05:30,408.19052026260016,29.0,79.76666667,23,4,0,0,413.155517108,418.82613290977713,1,0
2025-04-18 23:45:00+05:30,403.345470943,28.9,79.8,23,4,0,0,408.19052026260016,413.0608485024008,1,0
2025-04-19 00:00:00+05:30,395.78001937832016,28.83333333333333,80.10000000000001,0,5,1,0,403.345470943,407.8086687248,0,0
2025-04-19 00:15:00+05:30,395.2229054362046,28.766666666666666,80.8,0,5,1,0,395.78001937832016,401.0455107151999,0,0
2025-04-19 00:30:00+05:30,389.6242031438286,28.7,80.8,0,5,1,0,395.2229054362046,394.3825130172001,0,0
2025-04-19 00:45:00+05:30,383.7959944943105,28.700000000000003,80.86666666666666,0,5,1,0,389.6242031438286,388.4718292522001,0,0
2025-04-19 01:00:00+05:30,377.7590289275116,28.600000000000005,80.93333333333334,1,5,1,0,383.7959944943105,382.6612296331999,0,0
2025-04-19 01:15:00+05:30,374.4839234765285,28.6,80.7,1,5,1,0,377.7590289275116,379.2195733225999,0,0
2025-04-19 01:30:00+05:30,368.8724389965876,28.600000000000005,80.56666666666666,1,5,1,0,374.4839234765285,372.2655860824,0,0
2025-04-19 01:45:00+05:30,365.6993874731687,28.566666666666663,80.43333333333332,1,5,1,0,368.8724389965876,367.2420877374,0,0
2025-04-19 02:00:00+05:30,361.8685401397236,28.433333333333337,80.63333333333333,2,5,1,0,365.6993874731687,364.26531881719984,0,0
2025-04-19 02:15:00+05:30,358.4943777079491,28.46666666666667,80.53333333333333,2,5,1,0,361.8685401397236,357.8159133174,0,0
2025-04-19 02:30:00+05:30,355.1841806179917,28.53333333333333,80.33333333333334,2,5,1,0,358.4943777079491,353.8877199207999,0,0
2025-04-19 02:45:00+05:30,351.22761631100525,28.53333333333333,80.3,2,5,1,0,355.1841806179917,350.0425262874,0,0
2025-04-19 03:00:00+05:30,347.2432345411359,28.633333333333336,80.0,3,5,1,0,351.22761631100525,346.8270302891999,0,0
2025-04-19 03:15:00+05:30,343.2075526512872,28.633333333333336,79.96666666666665,3,5,1,0,347.2432345411359,343.333512365,0,0
2025-04-19 03:30:00+05:30,339.38660733498176,28.5,79.99999999999999,3,5,1,0,343.2075526512872,338.6114924432,0,0
2025-04-19 03:45:00+05:30,337.6241562192922,28.366666666666664,80.26666666666667,3,5,1,0,339.38660733498176,336.3011196316,0,0
2025-04-19 04:00:00+05:30,335.90532428814083,28.366666666666664,80.39999999999999,4,5,1,0,337.6241562192922,334.8785454108001,0,0
2025-04-19 04:15:00+05:30,334.3407114793073,28.3,80.43333333333334,4,5,1,0,335.90532428814083,333.8480453864,0,0
2025-04-19 04:30:00+05:30,335.1798955878095,28.3,80.80000000000001,4,5,1,0,334.3407114793073,333.24155425759994,0,0
2025-04-19 04:45:00+05:30,335.15824187148456,28.26666666666667,81.06666666666666,4,5,1,0,335.1798955878095,335.3487398028,0,0
2025-04-19 05:00:00+05:30,333.02403725562573,28.2,81.86666666666666,5,5,1,0,335.15824187148456,333.8472616928,0,0
2025-04-19 05:15:00+05:30,334.426985424788,28.266666666666666,82.03333333333333,5,5,1,0,333.02403725562573,331.9918721366,0,0
2025-04-19 05:30:00+05:30,336.8591623475884,28.33333333333333,81.73333333333333,5,5,1,0,334.426985424788,335.1995496212,0,0
2025-04-19 05:45:00+05:30,339.85452804937296,28.26666666666667,81.66666666666667,5,5,1,0,336.8591623475884,336.2793702722,0,0
2025-04-19 06:00:00+05:30,343.4213984673875,28.23333333333333,81.93333333333334,6,5,1,0,339.85452804937296,339.3449548568,0,0
2025-04-19 06:15:00+05:30,341.3659728784142,28.26666666666667,81.89999999999999,6,5,1,0,343.4213984673875,339.61678076100003,0,0
2025-04-19 06:30:00+05:30,345.31929226943697,28.5,81.89999999999999,6,5,1,0,341.3659728784142,343.56609723720004,0,0
2025-04-19 06:45:00+05:30,350.4226292910587,28.7,81.39999999999999,6,5,1,0,345.31929226943697,350.194218437,0,0
2025-04-19 07:00:00+05:30,356.95431245237893,28.933333333333334,80.76666666666667,7,5,1,0,350.4226292910587,360.4349940696,0,0
2025-04-19 07:15:00+05:30,367.32288992828194,29.100000000000005,80.06666666666666,7,5,1,0,356.95431245237893,367.9671761608,0,0
2025-04-19 07:30:00+05:30,373.894517045585,29.46666666666667,79.06666666666666,7,5,1,0,367.32288992828194,379.5006699744,0,0
2025-04-19 07:45:00+05:30,387.039300002261,29.83333333333333,77.63333333333334,7,5,1,0,373.894517045585,394.7333715338,0,0
2025-04-19 08:00:00+05:30,403.66997881534303,30.133333333333336,76.03333333333333,8,5,1,0,387.039300002261,412.6820335517999,0,0
2025-04-19 08:15:00+05:30,417.4685650299639,30.366666666666664,74.63333333333334,8,5,1,0,403.66997881534303,431.213679053,0,0
2025-04-19 08:30:00+05:30,434.1856532534068,30.53333333333333,73.53333333333333,8,5,1,0,417.4685650299639,443.8459627108,0,0
2025-04-19 08:45:00+05:30,448.7692499215462,31.03333333333333,72.16666666666667,8,5,1,0,434.1856532534068,458.1165994786001,0,0
2025-04-19 09:00:00+05:30,462.57488794977183,31.46666666666667,70.06666666666666,9,5,1,1,448.7692499215462,472.2738690334,0,0
2025-04-19 09:15:00+05:30,475.4442606090342,31.7,69.16666666666667,9,5,1,1,462.57488794977183,482.06961741759983,0,0
2025-04-19 09:30:00+05:30,487.3647880701011,31.866666666666664,68.16666666666667,9,5,1,1,475.4442606090342,492.4265908143999,0,0
2025-04-19 09:45:00+05:30,499.5493418581256,32.36666666666667,66.39999999999999,9,5,1,1,487.3647880701011,500.4980040383999,0,0
2025-04-19 10:00:00+05:30,508.86185209626217,32.266666666666666,66.13333333333334,10,5,1,1,499.5493418581256,507.2845095274,0,0
2025-04-19 10:15:00+05:30,516.283289554066,32.2,66.26666666666667,10,5,1,1,508.86185209626217,514.5717649685998,0,0
2025-04-19 10:30:00+05:30,520.3414724485768,32.333333333333336,65.93333333333334,10,5,1,1,516.283289554066,519.693516935,0,0
2025-04-19 10:45:00+05:30,528.6585980327388,32.233333333333334,65.7,10,5,1,1,520.3414724485768,523.3508061434001,0,0
2025-04-19 11:00:00+05:30,529.3101670106153,32.56666666666667,64.13333333333333,11,5,1,1,528.6585980327388,524.835753799,0,0
2025-04-19 11:15:00+05:30,528.4458890685227,32.93333333333334,63.93333333333334,11,5,1,1,529.3101670106153,524.9900997612,0,0
2025-04-19 11:30:00+05:30,526.172873147741,32.86666666666667,63.56666666666667,11,5,1,1,528.4458890685227,523.922501862,0,0
2025-04-19 11:45:00+05:30,525.5516079523914,32.63333333333333,64.63333333333334,11,5,1,1,526.172873147741,521.2890399258001,0,0
2025-04-19 12:00:00+05:30,525.0686158487066,32.766666666666666,64.46666666666665,12,5,1,1,525.5516079523914,524.7531512579999,0,0
2025-04-19 12:15:00+05:30,522.767119966645,33.06666666666667,63.33333333333332,12,5,1,1,525.0686158487066,525.5996189319999,0,0
2025-04-19 12:30:00+05:30,521.3211083291111,33.233333333333334,62.53333333333333,12,5,1,1,522.767119966645,524.9442378629998,0,0
2025-04-19 12:45:00+05:30,519.0553666263686,33.233333333333334,62.36666666666667,12,5,1,1,521.3211083291111,523.2084883506001,0,0
2025-04-19 13:00:00+05:30,515.8470390091643,33.46666666666667,61.6,13,5,1,1,519.0553666263686,519.350866663,0,0
2025-04-19 13:15:00+05:30,512.7620536378358,33.36666666666667,61.29999999999999,13,5,1,1,515.8470390091643,519.8180040626,0,0
2025-04-19 13:30:00+05:30,512.4569364568688,33.86666666666667,60.2,13,5,1,1,512.7620536378358,516.7033552476,0,0
2025-04-19 13:45:00+05:30,514.188270649582,33.76666666666667,60.29999999999999,13,5,1,1,512.4569364568688,519.1363038564001,0,0
2025-04-19 14:00:00+05:30,519.1044256791199,33.93333333333333,59.96666666666666,14,5,1,1,514.188270649582,521.7378999752,0,0
2025-04-19 14:15:00+05:30,525.5545178180238,33.73333333333333,60.23333333333333,14,5,1,1,519.1044256791199,526.3751508220001,0,0
2025-04-19 14:30:00+05:30,524.8327175479366,33.666666666666664,60.76666666666667,14,5,1,1,525.5545178180238,527.3567966722001,0,0
2025-04-19 14:45:00+05:30,528.3942311256842,33.53333333333333,61.1,14,5,1,1,524.8327175479366,530.5451400708,0,0
2025-04-19 15:00:00+05:30,526.83858786687,33.43333333333333,61.366666666666674,15,5,1,1,528.3942311256842,528.687909218,0,0
2025-04-19 15:15:00+05:30,526.2218757841308,33.4,61.1,15,5,1,1,526.83858786687,529.5640606182001,0,0
2025-04-19 15:30:00+05:30,524.1219365744214,33.7,60.4,15,5,1,1,526.2218757841308,528.5472893258,0,0
2025-04-19 15:45:00+05:30,521.8155487449139,33.63333333333333,60.03333333333333,15,5,1,1,524.1219365744214,526.4080320800001,0,0
2025-04-19 16:00:00+05:30,518.9108251885094,33.7,59.5,16,5,1,1,521.8155487449139,527.1478156326,0,0
2025-04-19 16:15:00+05:30,513.8533969376987,33.733333333333334,59.70000000000001,16,5,1,1,518.9108251885094,523.0278152856,0,0
2025-04-19 16:30:00+05:30,512.5073630846586,33.53333333333334,59.36666666666667,16,5,1,1,513.8533969376987,521.4000350151999,0,0
2025-04-19 16:45:00+05:30,505.9246738221587,33.4,59.53333333333333,16,5,1,1,512.5073630846586,521.6160525204,0,0
2025-04-19 17:00:00+05:30,505.3762641973226,32.73333333333334,61.333333333333336,17,5,1,1,505.9246738221587,517.8164777562,0,0
2025-04-19 17:15:00+05:30,499.4433288945065,32.46666666666667,61.833333333333336,17,5,1,1,505.3762641973226,514.9123025275998,0,0
2025-04-19 17:30:00+05:30,496.0041205637807,32.23333333333333,62.46666666666666,17,5,1,1,499.4433288945065,507.4127522058,0,0
2025-04-19 17:45:00+05:30,492.6797226827362,31.8,63.366666666666674,17,5,1,1,496.0041205637807,505.95864948920007,0,0
2025-04-19 18:00:00+05:30,485.60364271695227,31.433333333333337,64.0,18,5,1,0,492.6797226827362,499.76727557720005,0,0
2025-04-19 18:15:00+05:30,480.51990537390265,30.966666666666665,65.4,18,5,1,0,485.60364271695227,495.4861305478002,0,0
2025-04-19 18:30:00+05:30,469.7735831164139,30.566666666666663,67.16666666666667,18,5,1,0,480.51990537390265,492.055108641,0,0
2025-04-19 18:45:00+05:30,469.95766046512017,30.33333333333333,67.89999999999999,18,5,1,0,469.7735831164139,489.41327326120006,0,0
2025-04-19 19:00:00+05:30,465.22412888579953,30.066666666666663,68.96666666666667,19,5,1,0,469.95766046512017,484.9512792131999,0,0
2025-04-19 19:15:00+05:30,458.9985890701664,29.933333333333337,70.0,19,5,1,0,465.22412888579953,479.6731063759999,0,0
2025-04-19 19:30:00+05:30,454.79086887375297,29.866666666666664,70.3,19,5,1,0,458.9985890701664,476.10192657319993,0,0
2025-04-19 19:45:00+05:30,449.003761674273,29.766666666666666,70.7,19,5,1,0,454.79086887375297,466.98068676580016,0,0
2025-04-19 20:00:00+05:30,444.1875102684567,29.73333333333333,70.99999999999999,20,5,1,0,449.003761674273,462.6022938545998,0,0
2025-04-19 20:15:00+05:30,439.0464489951156,29.666666666666668,71.26666666666667,20,5,1,0,444.1875102684567,460.97580899299993,0,0
2025-04-19 20:30:00+05:30,433.31071591592666,29.566666666666663,71.13333333333334,20,5,1,0,439.0464489951156,453.6823610376,0,0
2025-04-19 20:45:00+05:30,431.24128153500425,29.6,70.76666666666667,20,5,1,0,433.31071591592666,453.2864962289999,0,0
2025-04-19 21:00:00+05:30,425.7381490281359,29.566666666666663,71.03333333333332,21,5,1,0,431.24128153500425,448.3474183792,0,0
2025-04-19 21:15:00+05:30,423.59401280677855,29.433333333333334,71.23333333333333,21,5,1,0,425.7381490281359,444.3076989428,0,0
2025-04-19 21:30:00+05:30,420.5904799678374,29.433333333333334,71.43333333333334,21,5,1,0,423.59401280677855,441.3897991363999,0,0
2025-04-19 21:45:00+05:30,417.69248612160266,29.366666666666664,72.3,21,5,1,0,420.5904799678374,435.4690500717999,0,0
2025-04-19 22:00:00+05:30,412.97518463708445,29.3,72.73333333333333,22,5,1,0,417.69248612160266,431.2336377655999,0,0
2025-04-19 22:15:00+05:30,411.07098124476624,29.33333333333333,72.96666666666667,22,5,1,0,412.97518463708445,428.130862164,0,0
2025-04-19 22:30:00+05:30,408.1430661715879,29.3,73.56666666666666,22,5,1,0,411.07098124476624,426.192008855,0,0
2025-04-19 22:45:00+05:30,404.9099219671669,29.166666666666668,74.10000000000001,22,5,1,0,408.1430661715879,422.0943905626,0,0
2025-04-19 23:00:00+05:30,404.7484941884499,29.1,74.46666666666665,23,5,1,0,404.9099219671669,418.543304652,0,0
2025-04-19 23:15:00+05:30,401.49189754664593,29.03333333333333,75.2,23,5,1,0,404.7484941884499,413.155517108,0,0
2025-04-19 23:30:00+05:30,401.6467660087216,29.0,75.73333333333333,23,5,1,0,401.49189754664593,408.19052026260016,0,0
2025-04-19 23:45:00+05:30,397.48832444154914,29.03333333333333,76.06666666666666,23,5,1,0,401.6467660087216,403.345470943,0,0
2025-04-20 00:00:00+05:30,392.3085321433314,28.96666666666667,76.53333333333333,0,6,1,0,397.48832444154914,395.78001937832016,1,0
2025-04-20 00:15:00+05:30,388.4886892869976,28.96666666666667,76.73333333333333,0,6,1,0,392.3085321433314,395.2229054362046,1,0
2025-04-20 00:30:00+05:30,381.3346601390005,28.96666666666667,76.66666666666667,0,6,1,0,388.4886892869976,389.6242031438286,1,0
2025-04-20 00:45:00+05:30,375.48846521461616,28.866666666666664,76.7,0,6,1,0,381.3346601390005,383.7959944943105,1,0
2025-04-20 01:00:00+05:30,369.3120758472365,28.76666666666667,77.36666666666666,1,6,1,0,375.48846521461616,377.7590289275116,1,0
2025-04-20 01:15:00+05:30,363.73353656230535,28.7,77.7,1,6,1,0,369.3120758472365,374.4839234765285,1,0
2025-04-20 01:30:00+05:30,360.6294372977255,28.566666666666663,78.06666666666666,1,6,1,0,363.73353656230535,368.8724389965876,1,0
2025-04-20 01:45:00+05:30,354.96024889981067,28.5,78.43333333333334,1,6,1,0,360.6294372977255,365.6993874731687,1,0
2025-04-20 02:00:00+05:30,350.76588210661,28.46666666666667,78.7,2,6,1,0,354.96024889981067,361.8685401397236,1,0
2025-04-20 02:15:00+05:30,347.0919993673268,28.399999999999995,79.03333333333335,2,6,1,0,350.76588210661,358.4943777079491,1,0
2025-04-20 02:30:00+05:30,343.7785884814464,28.33333333333333,79.60000000000001,2,6,1,0,347.0919993673268,355.1841806179917,1,0
2025-04-20 02:45:00+05:30,339.50521956574084,28.2,79.73333333333333,2,6,1,0,343.7785884814464,351.22761631100525,1,0
2025-04-20 03:00:00+05:30,335.91317069186204,28.133333333333336,79.93333333333334,3,6,1,0,339.50521956574084,347.2432345411359,1,0
2025-04-20 03:15:00+05:30,331.9171799391182,28.133333333333336,80.13333333333334,3,6,1,0,335.91317069186204,343.2075526512872,1,0
2025-04-20 03:30:00+05:30,329.51601572405065,28.03333333333333,80.63333333333333,3,6,1,0,331.9171799391182,339.38660733498176,1,0
2025-04-20 03:45:00+05:30,326.51495323367385,28.03333333333333,80.43333333333332,3,6,1,0,329.51601572405065,337.6241562192922,1,0
2025-04-20 04:00:00+05:30,323.63647543999184,27.96666666666667,80.83333333333333,4,6,1,0,326.51495323367385,335.90532428814083,1,0
2025-04-20 04:15:00+05:30,323.3013093472691,27.933333333333334,81.06666666666668,4,6,1,0,323.63647543999184,334.3407114793073,1,0
2025-04-20 04:30:00+05:30,322.73314460653955,27.933333333333337,81.03333333333333,4,6,1,0,323.3013093472691,335.1798955878095,1,0
2025-04-20 04:45:00+05:30,323.2274320297464,27.866666666666664,81.26666666666667,4,6,1,0,322.73314460653955,335.15824187148456,1,0
2025-04-20 05:00:00+05:30,321.8090947828045,27.8,81.73333333333333,5,6,1,0,323.2274320297464,333.02403725562573,1,0
2025-04-20 05:15:00+05:30,320.8554093064219,27.766666666666666,81.66666666666667,5,6,1,0,321.8090947828045,334.426985424788,1,0
2025-04-20 05:30:00+05:30,322.17707372972325,27.7,82.19999999999999,5,6,1,0,320.8554093064219,336.8591623475884,1,0
2025-04-20 05:45:00+05:30,321.802981527406,27.633333333333336,82.23333333333333,5,6,1,0,322.17707372972325,339.85452804937296,1,0
2025-04-20 06:00:00+05:30,321.4895183774752,27.53333333333333,82.86666666666666,6,6,1,0,321.802981527406,343.4213984673875,1,0
2025-04-20 06:15:00+05:30,320.6428262768535,27.53333333333333,82.89999999999999,6,6,1,0,321.4895183774752,341.3659728784142,1,0
2025-04-20 06:30:00+05:30,317.49367071512347,27.8,82.13333333333334,6,6,1,0,320.6428262768535,345.31929226943697,1,0
2025-04-20 06:45:00+05:30,317.7452040099544,28.03333333333333,81.13333333333334,6,6,1,0,317.49367071512347,350.4226292910587,1,0
2025-04-20 07:00:00+05:30,319.69807400172084,28.26666666666667,79.36666666666667,7,6,1,0,317.7452040099544,356.95431245237893,1,0
2025-04-20 07:15:00+05:30,324.49517393820776,28.666666666666668,78.1,7,6,1,0,319.69807400172084,367.32288992828194,1,0
2025-04-20 07:30:00+05:30,328.11770868913743,29.0,75.60000000000001,7,6,1,0,324.49517393820776,373.894517045585,1,0
2025-04-20 07:45:00+05:30,333.4283577858373,29.200000000000003,74.36666666666667,7,6,1,0,328.11770868913743,387.039300002261,1,0
2025-04-20 08:00:00+05:30,342.0191584343802,29.6,72.83333333333333,8,6,1,0,333.4283577858373,403.66997881534303,1,0
2025-04-20 08:15:00+05:30,347.81327135982747,29.86666666666667,70.76666666666667,8,6,1,0,342.0191584343802,417.4685650299639,1,0
2025-04-20 08:30:00+05:30,353.518280102377,30.26666666666667,68.39999999999999,8,6,1,0,347.81327135982747,434.1856532534068,1,0
2025-04-20 08:45:00+05:30,360.6542957441373,30.899999999999995,65.73333333333333,8,6,1,0,353.518280102377,448.7692499215462,1,0
2025-04-20 09:00:00+05:30,364.8908252281058,31.3,63.0,9,6,1,1,360.6542957441373,462.57488794977183,1,0
2025-04-20 09:15:00+05:30,368.3107551708932,31.53333333333333,60.20000000000001,9,6,1,1,364.8908252281058,475.4442606090342,1,0
2025-04-20 09:30:00+05:30,371.4419611034596,32.03333333333333,57.1,9,6,1,1,368.3107551708932,487.3647880701011,1,0
2025-04-20 09:45:00+05:30,377.1865897681827,32.4,54.66666666666666,9,6,1,1,371.4419611034596,499.5493418581256,1,0
2025-04-20 10:00:00+05:30,380.1728184459904,32.833333333333336,52.8,10,6,1,1,377.1865897681827,508.86185209626217,1,0
2025-04-20 10:15:00+05:30,385.7666628017727,33.2,56.43333333333334,10,6,1,1,380.1728184459904,516.283289554066,1,0
2025-04-20 10:30:00+05:30,390.58258813437646,33.1,56.9,10,6,1,1,385.7666628017727,520.3414724485768,1,0
2025-04-20 10:45:00+05:30,396.053037115178,33.53333333333333,57.0,10,6,1,1,390.58258813437646,528.6585980327388,1,0
2025-04-20 11:00:00+05:30,400.1191417416062,33.833333333333336,56.333333333333336,11,6,1,1,396.053037115178,529.3101670106153,1,0
2025-04-20 11:15:00+05:30,403.1742532287368,33.800000000000004,57.06666666666666,11,6,1,1,400.1191417416062,528.4458890685227,1,0
2025-04-20 11:30:00+05:30,404.3669155993745,33.86666666666667,58.26666666666667,11,6,1,1,403.1742532287368,526.172873147741,1,0
2025-04-20 11:45:00+05:30,406.4367118109789,34.03333333333333,58.6,11,6,1,1,404.3669155993745,525.5516079523914,1,0
2025-04-20 12:00:00+05:30,408.0692668417259,33.833333333333336,59.2,12,6,1,1,406.4367118109789,525.0686158487066,1,0
2025-04-20 12:15:00+05:30,410.6555271612692,34.0,58.86666666666667,12,6,1,1,408.0692668417259,522.767119966645,1,0
2025-04-20 12:30:00+05:30,410.5016186241656,34.06666666666667,58.9,12,6,1,1,410.6555271612692,521.3211083291111,1,0
2025-04-20 12:45:00+05:30,411.3571271482157,33.9,58.66666666666666,12,6,1,1,410.5016186241656,519.0553666263686,1,0
2025-04-20 13:00:00+05:30,410.6116444209056,33.733333333333334,58.366666666666674,13,6,1,1,411.3571271482157,515.8470390091643,1,0
2025-04-20 13:15:00+05:30,410.6616552905597,33.666666666666664,57.16666666666666,13,6,1,1,410.6116444209056,512.7620536378358,1,0
2025-04-20 13:30:00+05:30,409.2688013883343,33.9,55.833333333333336,13,6,1,1,410.6616552905597,512.4569364568688,1,0
2025-04-20 13:45:00+05:30,410.3191250512584,33.766666666666666,56.23333333333334,13,6,1,1,409.2688013883343,514.188270649582,1,0
2025-04-20 14:00:00+05:30,410.7041875602558,33.73333333333333,57.13333333333333,14,6,1,1,410.3191250512584,519.1044256791199,1,0
2025-04-20 14:15:00+05:30,413.9757575375581,33.36666666666667,59.3,14,6,1,1,410.7041875602558,525.5545178180238,1,0
2025-04-20 14:30:00+05:30,415.7027754464082,33.49999999999999,59.76666666666666,14,6,1,1,413.9757575375581,524.8327175479366,1,0
2025-04-20 14:45:00+05:30,417.6496303129285,33.233333333333334,60.23333333333333,14,6,1,1,415.7027754464082,528.3942311256842,1,0
2025-04-20 15:00:00+05:30,415.135460975268,33.300000000000004,60.96666666666666,15,6,1,1,417.6496303129285,526.83858786687,1,0
2025-04-20 15:15:00+05:30,414.7932841684853,33.333333333333336,61.36666666666667,15,6,1,1,415.135460975268,526.2218757841308,1,0
2025-04-20 15:30:00+05:30,417.2859617664624,33.46666666666667,59.4,15,6,1,1,414.7932841684853,524.1219365744214,1,0
2025-04-20 15:45:00+05:30,418.8031097408976,33.56666666666667,59.86666666666667,15,6,1,1,417.2859617664624,521.8155487449139,1,0
2025-04-20 16:00:00+05:30,419.26532440181296,33.5,60.23333333333333,16,6,1,1,418.8031097408976,518.9108251885094,1,0
2025-04-20 16:15:00+05:30,416.067453110657,33.5,60.366666666666674,16,6,1,1,419.26532440181296,513.8533969376987,1,0
2025-04-20 16:30:00+05:30,412.4351423068027,33.2,60.333333333333336,16,6,1,1,416.067453110657,512.5073630846586,1,0
2025-04-20 16:45:00+05:30,408.9478780077417,33.233333333333334,60.900000000000006,16,6,1,1,412.4351423068027,505.9246738221587,1,0
2025-04-20 17:00:00+05:30,407.2270645801778,33.0,61.5,17,6,1,1,408.9478780077417,505.3762641973226,1,0
2025-04-20 17:15:00+05:30,403.48940785755497,32.73333333333333,61.833333333333336,17,6,1,1,407.2270645801778,499.4433288945065,1,0
2025-04-20 17:30:00+05:30,402.8874009064951,32.233333333333334,63.70000000000001,17,6,1,1,403.48940785755497,496.0041205637807,1,0
2025-04-20 17:45:00+05:30,403.00805760303336,32.03333333333333,64.23333333333333,17,6,1,1,402.8874009064951,492.6797226827362,1,0
2025-04-20 18:00:00+05:30,405.6480196458291,31.76666666666667,64.7,18,6,1,0,403.00805760303336,485.60364271695227,1,0
2025-04-20 18:15:00+05:30,400.81442131201504,31.0,67.23333333333333,18,6,1,0,405.6480196458291,480.51990537390265,1,0
2025-04-20 18:30:00+05:30,402.6343065607496,30.633333333333336,68.46666666666667,18,6,1,0,400.81442131201504,469.7735831164139,1,0
2025-04-20 18:45:00+05:30,405.0554295672943,30.4,69.66666666666667,18,6,1,0,402.6343065607496,469.95766046512017,1,0
2025-04-20 19:00:00+05:30,408.2620408878963,30.2,71.0,19,6,1,0,405.0554295672943,465.22412888579953,1,0
2025-04-20 19:15:00+05:30,411.6459539691261,30.100000000000005,71.8,19,6,1,0,408.2620408878963,458.9985890701664,1,0
2025-04-20 19:30:00+05:30,410.3281196470221,29.933333333333334,72.2,19,6,1,0,411.6459539691261,454.79086887375297,1,0
2025-04-20 19:45:00+05:30,410.55958607954057,29.866666666666664,72.23333333333333,19,6,1,0,410.3281196470221,449.003761674273,1,0
2025-04-20 20:00:00+05:30,410.1456550525181,29.8,71.8,20,6,1,0,410.55958607954057,444.1875102684567,1,0
2025-04-20 20:15:00+05:30,409.1305928465308,29.73333333333333,71.73333333333333,20,6,1,0,410.1456550525181,439.0464489951156,1,0
2025-04-20 20:30:00+05:30,408.3748182608518,29.7,72.0,20,6,1,0,409.1305928465308,433.31071591592666,1,0
2025-04-20 20:45:00+05:30,409.11355672576,29.633333333333336,72.56666666666668,20,6,1,0,408.3748182608518,431.24128153500425,1,0
2025-04-20 21:00:00+05:30,407.98482577993946,29.566666666666663,73.00000000000001,21,6,1,0,409.11355672576,425.7381490281359,1,0
2025-04-20 21:15:00+05:30,408.49594625504017,29.6,73.46666666666667,21,6,1,0,407.98482577993946,423.59401280677855,1,0
2025-04-20 21:30:00+05:30,409.8378181908933,29.46666666666667,74.2,21,6,1,0,408.49594625504017,420.5904799678374,1,0
2025-04-20 21:45:00+05:30,407.2007366584488,29.366666666666664,74.8,21,6,1,0,409.8378181908933,417.69248612160266,1,0
2025-04-20 22:00:00+05:30,401.56365816976535,29.433333333333334,74.86666666666666,22,6,1,0,407.2007366584488,412.97518463708445,1,0
2025-04-20 22:15:00+05:30,398.935617370581,29.3,75.43333333333332,22,6,1,0,401.56365816976535,411.07098124476624,1,0
2025-04-20 22:30:00+05:30,398.47309822556224,29.33333333333333,75.63333333333334,22,6,1,0,398.935617370581,408.1430661715879,1,0
2025-04-20 22:45:00+05:30,397.02349852821726,29.166666666666668,76.39999999999999,22,6,1,0,398.47309822556224,404.9099219671669,1,0
2025-04-20 23:00:00+05:30,392.9988328302909,29.133333333333336,76.76666666666667,23,6,1,0,397.02349852821726,404.7484941884499,1,0
2025-04-20 23:15:00+05:30,390.1457516117901,29.133333333333336,77.10000000000001,23,6,1,0,392.9988328302909,401.49189754664593,1,0
2025-04-20 23:30:00+05:30,385.6358686861713,29.0,77.43333333333332,23,6,1,0,390.1457516117901,401.6467660087216,1,0
2025-04-20 23:45:00+05:30,381.9548929996441,28.96666666666667,78.03333333333333,23,6,1,0,385.6358686861713,397.48832444154914,1,0
2025-04-21 00:00:00+05:30,376.7243995887813,28.83333333,78.33333333,0,0,0,0,381.9548929996441,392.3085321433314,0,0
2025-04-21 00:15:00+05:30,373.2430511917218,28.8,78.76666667,0,0,0,0,376.7243995887813,388.4886892869976,0,0
2025-04-21 00:30:00+05:30,368.0165769702271,28.8,79.1,0,0,0,0,373.2430511917218,381.3346601390005,0,0
2025-04-21 00:45:00+05:30,365.5987194911117,28.76666667,79.56666667,0,0,0,0,368.0165769702271,375.48846521461616,0,0
2025-04-21 01:00:00+05:30,360.5390226609956,28.7,79.7,1,0,0,0,365.5987194911117,369.3120758472365,0,0
2025-04-21 01:15:00+05:30,355.13594186175874,28.66666667,80.16666667,1,0,0,0,360.5390226609956,363.73353656230535,0,0
2025-04-21 01:30:00+05:30,347.996311797923,28.7,80.43333333,1,0,0,0,355.13594186175874,360.6294372977255,0,0
2025-04-21 01:45:00+05:30,343.25456079482046,28.6,80.46666667,1,0,0,0,347.996311797923,354.96024889981067,0,0
2025-04-21 02:00:00+05:30,339.65679733764443,28.53333333,80.56666667,2,0,0,0,343.25456079482046,350.76588210661,0,0
2025-04-21 02:15:00+05:30,335.8471662213052,28.46666667,80.76666667,2,0,0,0,339.65679733764443,347.0919993673268,0,0
2025-04-21 02:30:00+05:30,331.62299411826467,28.43333333,80.9,2,0,0,0,335.8471662213052,343.7785884814464,0,0
2025-04-21 02:45:00+05:30,329.5487264565572,28.3,81.36666667,2,0,0,0,331.62299411826467,339.50521956574084,0,0
2025-04-21 03:00:00+05:30,327.4673511268886,28.26666667,81.7,3,0,0,0,329.5487264565572,335.91317069186204,0,0
2025-04-21 03:15:00+05:30,324.475352695699,28.23333333,81.83333333,3,0,0,0,327.4673511268886,331.9171799391182,0,0
2025-04-21 03:30:00+05:30,321.26323061188685,28.2,81.83333333,3,0,0,0,324.475352695699,329.51601572405065,0,0
2025-04-21 03:45:00+05:30,318.70446723535633,28.16666667,82.1,3,0,0,0,321.26323061188685,326.51495323367385,0,0
2025-04-21 04:00:00+05:30,316.95259453545907,28.1,82.33333333,4,0,0,0,318.70446723535633,323.63647543999184,0,0
2025-04-21 04:15:00+05:30,315.9374827374202,28.1,82.36666667,4,0,0,0,316.95259453545907,323.3013093472691,0,0
2025-04-21 04:30:00+05:30,316.3891968627969,28.1,82.53333333,4,0,0,0,315.9374827374202,322.73314460653955,0,0
2025-04-21 04:45:00+05:30,315.59765694313285,28.03333333,82.66666667,4,0,0,0,316.3891968627969,323.2274320297464,0,0
2025-04-21 05:00:00+05:30,318.1526134915112,27.93333333,82.83333333,5,0,0,0,315.59765694313285,321.8090947828045,0,0
2025-04-21 05:15:00+05:30,317.3052704405745,28.0,82.73333333,5,0,0,0,318.1526134915112,320.8554093064219,0,0
2025-04-21 05:30:00+05:30,323.7518289049193,28.06666667,82.4,5,0,0,0,317.3052704405745,322.17707372972325,0,0
2025-04-21 05:45:00+05:30,330.08424206833644,28.1,82.4,5,0,0,0,323.7518289049193,321.802981527406,0,0
2025-04-21 06:00:00+05:30,339.5832999036462,28.06666667,82.13333333,6,0,0,0,330.08424206833644,321.4895183774752,0,0
2025-04-21 06:15:00+05:30,344.8108692541401,28.16666667,82.16666667,6,0,0,0,339.5832999036462,320.6428262768535,0,0
2025-04-21 06:30:00+05:30,356.87421695306267,28.4,81.66666667,6,0,0,0,344.8108692541401,317.49367071512347,0,0
2025-04-21 06:45:00+05:30,368.112898094235,28.66666667,80.63333333,6,0,0,0,356.87421695306267,317.7452040099544,0,0
2025-04-21 07:00:00+05:30,381.79134704433056,28.9,79.4,7,0,0,0,368.112898094235,319.69807400172084,0,0
2025-04-21 07:15:00+05:30,399.1281791960992,29.03333333,78.43333333,7,0,0,0,381.79134704433056,324.49517393820776,0,0
2025-04-21 07:30:00+05:30,417.8973590025083,29.36666667,76.93333333,7,0,0,0,399.1281791960992,328.11770868913743,0,0
2025-04-21 07:45:00+05:30,440.0613425375769,29.63333333,75.26666667,7,0,0,0,417.8973590025083,333.4283577858373,0,0
2025-04-21 08:00:00+05:30,462.0295053251352,29.86666667,74.63333333,8,0,0,0,440.0613425375769,342.0191584343802,0,0
2025-04-21 08:15:00+05:30,485.126576665874,30.16666667,73.56666667,8,0,0,0,462.0295053251352,347.81327135982747,0,0
2025-04-21 08:30:00+05:30,502.5773315595784,30.33333333,72.1,8,0,0,0,485.126576665874,353.518280102377,0,0
2025-04-21 08:45:00+05:30,519.004673915512,30.53333333,71.33333333,8,0,0,0,502.5773315595784,360.6542957441373,0,0
2025-04-21 09:00:00+05:30,539.1760495813769,31.03333333,67.6,9,0,0,1,519.004673915512,364.8908252281058,0,0
2025-04-21 09:15:00+05:30,550.7190377809624,31.43333333,65.33333333,9,0,0,1,539.1760495813769,368.3107551708932,0,0
2025-04-21 09:30:00+05:30,563.4562098423464,31.8,65.2,9,0,0,1,550.7190377809624,371.4419611034596,0,0
2025-04-21 09:45:00+05:30,572.8888231005029,31.7,66.83333333,9,0,0,1,563.4562098423464,377.1865897681827,0,0
2025-04-21 10:00:00+05:30,580.755978272465,32.1,65.93333333,10,0,0,1,572.8888231005029,380.1728184459904,0,0
2025-04-21 10:15:00+05:30,589.1075607503993,32.43333333,65.06666667,10,0,0,1,580.755978272465,385.7666628017727,0,0
2025-04-21 10:30:00+05:30,592.579944796808,32.56666667,64.9,10,0,0,1,589.1075607503993,390.58258813437646,0,0
2025-04-21 10:45:00+05:30,595.8589533771677,32.73333333,64.66666667,10,0,0,1,592.579944796808,396.053037115178,0,0
2025-04-21 11:00:00+05:30,597.2072524959239,32.7,64.9,11,0,0,1,595.8589533771677,400.1191417416062,0,0
2025-04-21 11:15:00+05:30,597.6182066399305,33.03333333,64.16666667,11,0,0,1,597.2072524959239,403.1742532287368,0,0
2025-04-21 11:30:00+05:30,594.9672676762516,33.43333333,63.43333333,11,0,0,1,597.6182066399305,404.3669155993745,0,0
2025-04-21 11:45:00+05:30,594.7231394022394,33.5,63.36666667,11,0,0,1,594.9672676762516,406.4367118109789,0,0
2025-04-21 12:00:00+05:30,595.575026865029,33.83333333,62.6,12,0,0,1,594.7231394022394,408.0692668417259,0,0
2025-04-21 12:15:00+05:30,593.6399145010839,33.63333333,63.1,12,0,0,1,595.575026865029,410.6555271612692,0,0
2025-04-21 12:30:00+05:30,593.1430105109349,33.56666667,63.03333333,12,0,0,1,593.6399145010839,410.5016186241656,0,0
2025-04-21 12:45:00+05:30,593.1315736834433,33.5,63.1,12,0,0,1,593.1430105109349,411.3571271482157,0,0
2025-04-21 13:00:00+05:30,589.46940960307,33.63333333,63.0,13,0,0,1,593.1315736834433,410.6116444209056,0,0
2025-04-21 13:15:00+05:30,588.3268081315658,33.16666667,64.3,13,0,0,1,589.46940960307,410.6616552905597,0,0
2025-04-21 13:30:00+05:30,586.2948631658409,33.46666667,63.6,13,0,0,1,588.3268081315658,409.2688013883343,0,0
2025-04-21 13:45:00+05:30,589.3936953978391,33.43333333,63.43333333,13,0,0,1,586.2948631658409,410.3191250512584,0,0
2025-04-21 14:00:00+05:30,595.2547656455199,33.3,63.56666667,14,0,0,1,589.3936953978391,410.7041875602558,0,0
2025-04-21 14:15:00+05:30,600.3456162429356,33.53333333,62.73333333,14,0,0,1,595.2547656455199,413.9757575375581,0,0
2025-04-21 14:30:00+05:30,600.4827828419579,33.1,63.33333333,14,0,0,1,600.3456162429356,415.7027754464082,0,0
2025-04-21 14:45:00+05:30,601.0500424160431,33.23333333,63.33333333,14,0,0,1,600.4827828419579,417.6496303129285,0,0
2025-04-21 15:00:00+05:30,601.9424257645157,33.33333333,62.16666667,15,0,0,1,601.0500424160431,415.135460975268,0,0
2025-04-21 15:15:00+05:30,599.3854534063568,33.13333333,63.1,15,0,0,1,601.9424257645157,414.7932841684853,0,0
2025-04-21 15:30:00+05:30,599.9729633513886,33.43333333,61.4,15,0,0,1,599.3854534063568,417.2859617664624,0,0
2025-04-21 15:45:00+05:30,597.1991742019696,33.36666667,61.4,15,0,0,1,599.9729633513886,418.8031097408976,0,0
2025-04-21 16:00:00+05:30,597.5454576709889,33.1,61.93333333,16,0,0,1,597.1991742019696,419.26532440181296,0,0
2025-04-21 16:15:00+05:30,590.8043716696361,33.4,60.3,16,0,0,1,597.5454576709889,416.067453110657,0,0
2025-04-21 16:30:00+05:30,586.9901534322034,33.1,61.13333333,16,0,0,1,590.8043716696361,412.4351423068027,0,0
2025-04-21 16:45:00+05:30,581.8330622761453,33.4,61.0,16,0,0,1,586.9901534322034,408.9478780077417,0,0
2025-04-21 17:00:00+05:30,578.523263568711,32.63333333,62.56666667,17,0,0,1,581.8330622761453,407.2270645801778,0,0
2025-04-21 17:15:00+05:30,570.2999196645586,32.36666667,64.6,17,0,0,1,578.523263568711,403.48940785755497,0,0
2025-04-21 17:30:00+05:30,558.7829670943315,31.83333333,66.43333333,17,0,0,1,570.2999196645586,402.8874009064951,0,0
2025-04-21 17:45:00+05:30,551.1953886551908,31.5,67.26666667,17,0,0,1,558.7829670943315,403.00805760303336,0,0
2025-04-21 18:00:00+05:30,532.7455229317161,30.9,69.0,18,0,0,0,551.1953886551908,405.6480196458291,0,0
2025-04-21 18:15:00+05:30,513.7845685046918,30.63333333,70.63333333,18,0,0,0,532.7455229317161,400.81442131201504,0,0
2025-04-21 18:30:00+05:30,518.1514141549817,30.33333333,71.96666667,18,0,0,0,513.7845685046918,402.6343065607496,0,0
2025-04-21 18:45:00+05:30,515.2077880977871,30.2,72.36666667,18,0,0,0,518.1514141549817,405.0554295672943,0,0
2025-04-21 19:00:00+05:30,509.9824712271248,30.06666667,73.3,19,0,0,0,515.2077880977871,408.2620408878963,0,0
2025-04-21 19:15:00+05:30,503.790957882982,30.0,73.6,19,0,0,0,509.9824712271248,411.6459539691261,0,0
2025-04-21 19:30:00+05:30,497.23425823847725,29.9,74.3,19,0,0,0,503.790957882982,410.3281196470221,0,0
2025-04-21 19:45:00+05:30,489.3476841207141,29.76666667,74.76666667,19,0,0,0,497.23425823847725,410.55958607954057,0,0
2025-04-21 20:00:00+05:30,480.4760570221224,29.7,75.13333333,20,0,0,0,489.3476841207141,410.1456550525181,0,0
2025-04-21 20:15:00+05:30,472.8810063139589,29.66666667,75.6,20,0,0,0,480.4760570221224,409.1305928465308,0,0
2025-04-21 20:30:00+05:30,462.66479310435767,29.6,76.03333333,20,0,0,0,472.8810063139589,408.3748182608518,0,0
2025-04-21 20:45:00+05:30,460.2327994668326,29.66666667,76.03333333,20,0,0,0,462.66479310435767,409.11355672576,0,0
2025-04-21 21:00:00+05:30,453.27521522538905,29.5,76.43333333,21,0,0,0,460.2327994668326,407.98482577993946,0,0
2025-04-21 21:15:00+05:30,447.7161656284706,29.46666667,76.6,21,0,0,0,453.27521522538905,408.49594625504017,0,0
2025-04-21 21:30:00+05:30,444.9431579178218,29.43333333,77.0,21,0,0,0,447.7161656284706,409.8378181908933,0,0
2025-04-21 21:45:00+05:30,442.3219894656356,29.36666667,77.53333333,21,0,0,0,444.9431579178218,407.2007366584488,0,0
2025-04-21 22:00:00+05:30,437.5798819972706,29.36666667,77.46666667,22,0,0,0,442.3219894656356,401.56365816976535,0,0
2025-04-21 22:15:00+05:30,431.8384787846916,29.33333333,77.43333333,22,0,0,0,437.5798819972706,398.935617370581,0,0
2025-04-21 22:30:00+05:30,430.562298505308,29.36666667,77.3,22,0,0,0,431.8384787846916,398.47309822556224,0,0
2025-04-21 22:45:00+05:30,425.9014696975627,29.33333333,77.4,22,0,0,0,430.562298505308,397.02349852821726,0,0
2025-04-21 23:00:00+05:30,420.1228483250404,29.33333333,77.53333333,23,0,0,0,425.9014696975627,392.9988328302909,0,0
2025-04-21 23:15:00+05:30,414.59010477328405,29.26666667,77.56666667,23,0,0,0,420.1228483250404,390.1457516117901,0,0
2025-04-21 23:30:00+05:30,408.6902243422537,29.23333333,77.56666667,23,0,0,0,414.59010477328405,385.6358686861713,0,0
2025-04-21 23:45:00+05:30,403.58227421583535,29.2,77.9,23,0,0,0,408.6902243422537,381.9548929996441,0,0
2025-04-22 00:00:00+05:30,397.1688760463199,29.166666666666668,78.1,0,1,0,0,403.58227421583535,376.7243995887813,0,0
2025-04-22 00:15:00+05:30,390.6837740808101,29.03333333333333,78.33333333333333,0,1,0,0,397.1688760463199,373.2430511917218,0,0
2025-04-22 00:30:00+05:30,384.29175218594,28.96666666666667,78.5,0,1,0,0,390.6837740808101,368.0165769702271,0,0
2025-04-22 00:45:00+05:30,377.9086826773498,29.0,78.36666666666666,0,1,0,0,384.29175218594,365.5987194911117,0,0
2025-04-22 01:00:00+05:30,372.3864434205699,28.9,78.56666666666668,1,1,0,0,377.9086826773498,360.5390226609956,0,0
2025-04-22 01:15:00+05:30,368.8387104795901,28.866666666666664,78.8,1,1,0,0,372.3864434205699,355.13594186175874,0,0
2025-04-22 01:30:00+05:30,362.1960686707,28.866666666666664,78.63333333333334,1,1,0,0,368.8387104795901,347.996311797923,0,0
2025-04-22 01:45:00+05:30,357.04728504687006,28.8,78.93333333333334,1,1,0,0,362.1960686707,343.25456079482046,0,0
2025-04-22 02:00:00+05:30,352.20188520294994,28.73333333333333,78.9,2,1,0,0,357.04728504687006,339.65679733764443,0,0
2025-04-22 02:15:00+05:30,348.13108758759006,28.600000000000005,79.36666666666666,2,1,0,0,352.20188520294994,335.8471662213052,0,0
2025-04-22 02:30:00+05:30,344.1545889051301,28.53333333333333,79.16666666666667,2,1,0,0,348.13108758759006,331.62299411826467,0,0
2025-04-22 02:45:00+05:30,341.06218727792,28.433333333333334,79.26666666666667,2,1,0,0,344.1545889051301,329.5487264565572,0,0
2025-04-22 03:00:00+05:30,336.91604131534984,28.4,79.2,3,1,0,0,341.06218727792,327.4673511268886,0,0
2025-04-22 03:15:00+05:30,333.5717832574101,28.166666666666668,79.56666666666666,3,1,0,0,336.91604131534984,324.475352695699,0,0
2025-04-22 03:30:00+05:30,329.94037918833004,28.166666666666668,79.66666666666667,3,1,0,0,333.5717832574101,321.26323061188685,0,0
2025-04-22 03:45:00+05:30,327.4999571937801,28.066666666666663,79.66666666666667,3,1,0,0,329.94037918833004,318.70446723535633,0,0
2025-04-22 04:00:00+05:30,325.29768887831,28.066666666666663,79.3,4,1,0,0,327.4999571937801,316.95259453545907,0,0
2025-04-22 04:15:00+05:30,322.69293456103014,28.0,79.43333333333334,4,1,0,0,325.29768887831,315.9374827374202,0,0
2025-04-22 04:30:00+05:30,324.70221562508004,27.933333333333334,79.43333333333334,4,1,0,0,322.69293456103014,316.3891968627969,0,0
2025-04-22 04:45:00+05:30,324.1287501013001,27.76666666666667,79.83333333333333,4,1,0,0,324.70221562508004,315.59765694313285,0,0
2025-04-22 05:00:00+05:30,324.01628384033006,27.73333333333333,80.03333333333333,5,1,0,0,324.1287501013001,318.1526134915112,0,0
2025-04-22 05:15:00+05:30,324.60488542051,27.7,80.13333333333334,5,1,0,0,324.01628384033006,317.3052704405745,0,0
2025-04-22 05:30:00+05:30,330.56970777273,27.566666666666663,80.2,5,1,0,0,324.60488542051,323.7518289049193,0,0
2025-04-22 05:45:00+05:30,332.83556046476,27.433333333333337,81.13333333333334,5,1,0,0,330.56970777273,330.08424206833644,0,0
2025-04-22 06:00:00+05:30,339.53705782596,27.366666666666664,81.26666666666667,6,1,0,0,332.83556046476,339.5832999036462,0,0
2025-04-22 06:15:00+05:30,345.88824883780995,27.366666666666664,81.60000000000001,6,1,0,0,339.53705782596,344.8108692541401,0,0
2025-04-22 06:30:00+05:30,357.08124015751,27.366666666666664,81.60000000000001,6,1,0,0,345.88824883780995,356.87421695306267,0,0
2025-04-22 06:45:00+05:30,369.18880233409,27.633333333333336,80.76666666666667,6,1,0,0,357.08124015751,368.112898094235,0,0
2025-04-22 07:00:00+05:30,382.5161142935999,27.933333333333334,78.83333333333333,7,1,0,0,369.18880233409,381.79134704433056,0,0
2025-04-22 07:15:00+05:30,397.6902619601801,28.36666666666667,77.26666666666667,7,1,0,0,382.5161142935999,399.1281791960992,0,0
2025-04-22 07:30:00+05:30,413.6387165780201,28.83333333333333,75.06666666666666,7,1,0,0,397.6902619601801,417.8973590025083,0,0
2025-04-22 07:45:00+05:30,433.4221748796099,29.2,72.10000000000001,7,1,0,0,413.6387165780201,440.0613425375769,0,0
2025-04-22 08:00:00+05:30,457.2200015011899,29.7,68.5,8,1,0,0,433.4221748796099,462.0295053251352,0,0
2025-04-22 08:15:00+05:30,478.20434905382,30.23333333333333,65.83333333333333,8,1,0,0,457.2200015011899,485.126576665874,0,0
2025-04-22 08:30:00+05:30,495.2856299542002,30.6,61.6,8,1,0,0,478.20434905382,502.5773315595784,0,0
2025-04-22 08:45:00+05:30,510.0807129247,30.96666666666667,58.5,8,1,0,0,495.2856299542002,519.004673915512,0,0
2025-04-22 09:00:00+05:30,525.9998114028201,31.433333333333334,54.8,9,1,0,1,510.0807129247,539.1760495813769,0,0
2025-04-22 09:15:00+05:30,539.81044235341,31.933333333333337,50.93333333333334,9,1,0,1,525.9998114028201,550.7190377809624,0,0
2025-04-22 09:30:00+05:30,547.89867879841,32.4,50.06666666666666,9,1,0,1,539.81044235341,563.4562098423464,0,0
2025-04-22 09:45:00+05:30,561.0308085466701,32.800000000000004,48.5,9,1,0,1,547.89867879841,572.8888231005029,0,0
2025-04-22 10:00:00+05:30,568.8943132726301,33.266666666666666,47.66666666666666,10,1,0,1,561.0308085466701,580.755978272465,0,0
2025-04-22 10:15:00+05:30,576.3806355489298,33.53333333333333,47.79999999999999,10,1,0,1,568.8943132726301,589.1075607503993,0,0
2025-04-22 10:30:00+05:30,580.7441641297299,33.9,49.70000000000001,10,1,0,1,576.3806355489298,592.579944796808,0,0
2025-04-22 10:45:00+05:30,582.3234260400197,34.166666666666664,49.13333333333333,10,1,0,1,580.7441641297299,595.8589533771677,0,0
2025-04-22 11:00:00+05:30,586.3781540503898,34.36666666666667,48.900000000000006,11,1,0,1,582.3234260400197,597.2072524959239,0,0
2025-04-22 11:15:00+05:30,589.4227176432702,34.425000000000004,52.625,11,1,0,1,586.3781540503898,597.6182066399305,0,0
2025-04-22 11:30:00+05:30,594.3416205056099,34.599999999999994,53.825,11,1,0,1,589.4227176432702,594.9672676762516,0,0
2025-04-22 11:45:00+05:30,600.29730961157,34.9,55.05,11,1,0,1,594.3416205056099,594.7231394022394,0,0
2025-04-22 12:00:00+05:30,605.4964799332598,34.974999999999994,55.725,12,1,0,1,600.29730961157,595.575026865029,0,0
2025-04-22 12:15:00+05:30,606.94584971346,34.825,57.125,12,1,0,1,605.4964799332598,593.6399145010839,0,0
2025-04-22 12:30:00+05:30,607.37149540661,34.925000000000004,57.575,12,1,0,1,606.94584971346,593.1430105109349,0,0
2025-04-22 12:45:00+05:30,609.7293179657701,34.775,58.8,12,1,0,1,607.37149540661,593.1315736834433,0,0
2025-04-22 13:00:00+05:30,606.96195068566,34.575,60.775,13,1,0,1,609.7293179657701,589.46940960307,0,0
2025-04-22 13:15:00+05:30,606.75366222633,34.625,61.05,13,1,0,1,606.96195068566,588.3268081315658,0,0
2025-04-22 13:30:00+05:30,605.6520074334699,34.375,62.825,13,1,0,1,606.75366222633,586.2948631658409,0,0
2025-04-22 13:45:00+05:30,610.6050195717401,34.0,64.65,13,1,0,1,605.6520074334699,589.3936953978391,0,0
2025-04-22 14:00:00+05:30,617.4684316408799,34.05,65.275,14,1,0,1,610.6050195717401,595.2547656455199,0,0
2025-04-22 14:15:00+05:30,623.68195837648,33.975,65.625,14,1,0,1,617.4684316408799,600.3456162429356,0,0
2025-04-22 14:30:00+05:30,627.96994883101,34.050000000000004,65.6,14,1,0,1,623.68195837648,600.4827828419579,0,0
2025-04-22 14:45:00+05:30,630.4867442728098,33.975,66.0,14,1,0,1,627.96994883101,601.0500424160431,0,0
2025-04-22 15:00:00+05:30,633.1673102682498,33.925,66.3,15,1,0,1,630.4867442728098,601.9424257645157,0,0
2025-04-22 15:15:00+05:30,632.7435517969001,33.675,67.325,15,1,0,1,633.1673102682498,599.3854534063568,0,0
2025-04-22 15:30:00+05:30,633.05115944854,33.875,67.125,15,1,0,1,632.7435517969001,599.9729633513886,0,0
2025-04-22 15:45:00+05:30,632.1171113910399,33.7,67.2,15,1,0,1,633.05115944854,597.1991742019696,0,0
2025-04-22 16:00:00+05:30,631.2736091680101,33.65,66.725,16,1,0,1,632.1171113910399,597.5454576709889,0,0
2025-04-22 16:15:00+05:30,623.0265208477799,33.775,65.45,16,1,0,1,631.2736091680101,590.8043716696361,0,0
2025-04-22 16:30:00+05:30,619.14084421789,34.0,63.425,16,1,0,1,623.0265208477799,586.9901534322034,0,0
2025-04-22 16:45:00+05:30,612.4976011016699,33.925,62.775000000000006,16,1,0,1,619.14084421789,581.8330622761453,0,0
2025-04-22 17:00:00+05:30,608.97429757407,33.825,61.45,17,1,0,1,612.4976011016699,578.523263568711,0,0
2025-04-22 17:15:00+05:30,598.7125693212299,33.9,60.9,17,1,0,1,608.97429757407,570.2999196645586,0,0
2025-04-22 17:30:00+05:30,586.41046056309,33.5,61.55,17,1,0,1,598.7125693212299,558.7829670943315,0,0
2025-04-22 17:45:00+05:30,576.09752266379,33.15,62.2,17,1,0,1,586.41046056309,551.1953886551908,0,0
2025-04-22 18:00:00+05:30,563.48768789604,32.775000000000006,62.9,18,1,0,0,576.09752266379,532.7455229317161,0,0
2025-04-22 18:15:00+05:30,551.60193463148,32.375,64.375,18,1,0,0,563.48768789604,513.7845685046918,0,0
2025-04-22 18:30:00+05:30,544.5663465039501,31.975,64.975,18,1,0,0,551.60193463148,518.1514141549817,0,0
2025-04-22 18:45:00+05:30,537.22475914834,31.775,65.275,18,1,0,0,544.5663465039501,515.2077880977871,0,0
2025-04-22 19:00:00+05:30,530.77557800925,31.6,65.7,19,1,0,0,537.22475914834,509.9824712271248,0,0
2025-04-22 19:15:00+05:30,525.21892556275,31.5,66.15,19,1,0,0,530.77557800925,503.790957882982,0,0
2025-04-22 19:30:00+05:30,515.8319302715997,31.425,66.725,19,1,0,0,525.21892556275,497.23425823847725,0,0
2025-04-22 19:45:00+05:30,508.16323721418985,31.325000000000003,67.20000000000002,19,1,0,0,515.8319302715997,489.3476841207141,0,0
2025-04-22 20:00:00+05:30,496.3022595022,31.25,67.45,20,1,0,0,508.16323721418985,480.4760570221224,0,0
2025-04-22 20:15:00+05:30,488.34175432507,31.2,67.575,20,1,0,0,496.3022595022,472.8810063139589,0,0
2025-04-22 20:30:00+05:30,482.90019946432,31.15,67.94999999999999,20,1,0,0,488.34175432507,462.66479310435767,0,0
2025-04-22 20:45:00+05:30,480.32974495959,31.05,68.8,20,1,0,0,482.90019946432,460.2327994668326,0,0
2025-04-22 21:00:00+05:30,472.35720864602007,30.925,69.55,21,1,0,0,480.32974495959,453.27521522538905,0,0
2025-04-22 21:15:00+05:30,468.58570828404,30.9,69.725,21,1,0,0,472.35720864602007,447.7161656284706,0,0
2025-04-22 21:30:00+05:30,464.0779847469899,30.775,70.8,21,1,0,0,468.58570828404,444.9431579178218,0,0
2025-04-22 21:45:00+05:30,461.4779777356,30.675,72.0,21,1,0,0,464.0779847469899,442.3219894656356,0,0
2025-04-22 22:00:00+05:30,455.8971020883,30.575,72.85,22,1,0,0,461.4779777356,437.5798819972706,0,0
2025-04-22 22:15:00+05:30,453.64884233260005,30.4,74.52499999999999,22,1,0,0,455.8971020883,431.8384787846916,0,0
2025-04-22 22:30:00+05:30,451.3815500757301,30.35,75.67499999999998,22,1,0,0,453.64884233260005,430.562298505308,0,0
2025-04-22 22:45:00+05:30,443.27032349028,30.3,76.82499999999999,22,1,0,0,451.3815500757301,425.9014696975627,0,0
2025-04-22 23:00:00+05:30,439.0857062668301,30.200000000000003,77.17499999999998,23,1,0,0,443.27032349028,420.1228483250404,0,0
2025-04-22 23:15:00+05:30,434.26664913398014,30.15,78.175,23,1,0,0,439.0857062668301,414.59010477328405,0,0
2025-04-22 23:30:00+05:30,432.30960067936,30.025,79.14999999999999,23,1,0,0,434.26664913398014,408.6902243422537,0,0
2025-04-22 23:45:00+05:30,426.10191854102993,29.925,79.525,23,1,0,0,432.30960067936,403.58227421583535,0,0
2025-04-23 00:00:00+05:30,420.0557082792372,29.925,79.525,0,2,0,0,426.10191854102993,397.1688760463199,0,0
2025-04-23 00:15:00+05:30,414.2699420527063,29.825000000000003,80.07499999999999,0,2,0,0,420.0557082792372,390.6837740808101,0,0
2025-04-23 00:30:00+05:30,406.128195783439,29.85,80.2,0,2,0,0,414.2699420527063,384.29175218594,0,0
2025-04-23 00:45:00+05:30,398.8466291848036,29.7,80.625,0,2,0,0,406.128195783439,377.9086826773498,0,0
2025-04-23 01:00:00+05:30,392.61770345163706,29.6,80.60000000000001,1,2,0,0,398.8466291848036,372.3864434205699,0,0
2025-04-23 01:15:00+05:30,389.1057298936578,29.65,80.17500000000001,1,2,0,0,392.61770345163706,368.8387104795901,0,0
2025-04-23 01:30:00+05:30,382.8759332661772,29.525,80.375,1,2,0,0,389.1057298936578,362.1960686707,0,0
2025-04-23 01:45:00+05:30,376.3070010846652,29.6,80.25,1,2,0,0,382.8759332661772,357.04728504687006,0,0
2025-04-23 02:00:00+05:30,372.35358804857225,29.475,80.2,2,2,0,0,376.3070010846652,352.20188520294994,0,0
2025-04-23 02:15:00+05:30,366.4420567889727,29.425,80.375,2,2,0,0,372.35358804857225,348.13108758759006,0,0
2025-04-23 02:30:00+05:30,360.63087292859166,29.35,80.225,2,2,0,0,366.4420567889727,344.1545889051301,0,0
2025-04-23 02:45:00+05:30,356.9027320064618,29.3,79.7,2,2,0,0,360.63087292859166,341.06218727792,0,0
2025-04-23 03:00:00+05:30,354.1956914631712,29.25,79.75,3,2,0,0,356.9027320064618,336.91604131534984,0,0
2025-04-23 03:15:00+05:30,348.34447970175125,29.200000000000003,79.6,3,2,0,0,354.1956914631712,333.5717832574101,0,0
2025-04-23 03:30:00+05:30,343.86744191932434,29.175000000000004,79.525,3,2,0,0,348.34447970175125,329.94037918833004,0,0
2025-04-23 03:45:00+05:30,340.45629288166066,29.1,79.75,3,2,0,0,343.86744191932434,327.4999571937801,0,0
2025-04-23 04:00:00+05:30,338.787470419109,29.075,79.125,4,2,0,0,340.45629288166066,325.29768887831,0,0
2025-04-23 04:15:00+05:30,337.411704746796,29.025,79.47500000000001,4,2,0,0,338.787470419109,322.69293456103014,0,0
2025-04-23 04:30:00+05:30,339.35752371570334,28.975,79.30000000000001,4,2,0,0,337.411704746796,324.70221562508004,0,0
2025-04-23 04:45:00+05:30,338.5694744822013,28.875,79.2,4,2,0,0,339.35752371570334,324.1287501013001,0,0
2025-04-23 05:00:00+05:30,338.2246679757337,28.85,79.05000000000001,5,2,0,0,338.5694744822013,324.01628384033006,0,0
2025-04-23 05:15:00+05:30,338.19077203849724,28.775,79.175,5,2,0,0,338.2246679757337,324.60488542051,0,0
2025-04-23 05:30:00+05:30,341.9347915964755,28.775,79.05,5,2,0,0,338.19077203849724,330.56970777273,0,0
2025-04-23 05:45:00+05:30,347.7613640240355,28.750000000000004,79.25,5,2,0,0,341.9347915964755,332.83556046476,0,0
2025-04-23 06:00:00+05:30,354.5570124507784,28.675,79.8,6,2,0,0,347.7613640240355,339.53705782596,0,0
2025-04-23 06:15:00+05:30,358.4332203165605,28.6,80.25,6,2,0,0,354.5570124507784,345.88824883780995,0,0
2025-04-23 06:30:00+05:30,371.4312979750407,28.65,80.65,6,2,0,0,358.4332203165605,357.08124015751,0,0
2025-04-23 06:45:00+05:30,383.2564228931163,28.825000000000003,80.975,6,2,0,0,371.4312979750407,369.18880233409,0,0
2025-04-23 07:00:00+05:30,395.8772419009474,29.025,80.875,7,2,0,0,383.2564228931163,382.5161142935999,0,0
2025-04-23 07:15:00+05:30,414.320911327368,29.3,80.32499999999999,7,2,0,0,395.8772419009474,397.6902619601801,0,0
2025-04-23 07:30:00+05:30,436.1636689073048,29.65,79.55,7,2,0,0,414.320911327368,413.6387165780201,0,0
2025-04-23 07:45:00+05:30,457.1592064116648,29.9,78.625,7,2,0,0,436.1636689073048,433.4221748796099,0,0
2025-04-23 08:00:00+05:30,479.7857841159464,30.05,78.27499999999999,8,2,0,0,457.1592064116648,457.2200015011899,0,0
2025-04-23 08:15:00+05:30,505.2001045811765,30.275,77.5,8,2,0,0,479.7857841159464,478.20434905382,0,0
2025-04-23 08:30:00+05:30,522.2845823775035,30.425,77.0,8,2,0,0,505.2001045811765,495.2856299542002,0,0
2025-04-23 08:45:00+05:30,538.7317328715008,30.75,75.425,8,2,0,0,522.2845823775035,510.0807129247,0,0
2025-04-23 09:00:00+05:30,554.983205322111,31.1,73.94999999999999,9,2,0,1,538.7317328715008,525.9998114028201,0,0
2025-04-23 09:15:00+05:30,569.5998469226303,31.6,71.425,9,2,0,1,554.983205322111,539.81044235341,0,0
2025-04-23 09:30:00+05:30,579.3033704819279,31.875,70.225,9,2,0,1,569.5998469226303,547.89867879841,0,0
2025-04-23 09:45:00+05:30,592.536874729032,32.1,68.5,9,2,0,1,579.3033704819279,561.0308085466701,0,0
2025-04-23 10:00:00+05:30,600.001925013346,32.375,67.5,10,2,0,1,592.536874729032,568.8943132726301,0,0
2025-04-23 10:15:00+05:30,608.6900668061601,32.6,67.30000000000001,10,2,0,1,600.001925013346,576.3806355489298,0,0
2025-04-23 10:30:00+05:30,613.3855276801164,32.9,66.275,10,2,0,1,608.6900668061601,580.7441641297299,0,0
2025-04-23 10:45:00+05:30,618.4633131891734,32.9,65.69999999999999,10,2,0,1,613.3855276801164,582.3234260400197,0,0
2025-04-23 11:00:00+05:30,619.231413578498,33.425,63.975,11,2,0,1,618.4633131891734,586.3781540503898,0,0
2025-04-23 11:15:00+05:30,620.4719013476046,33.675,63.175,11,2,0,1,619.231413578498,589.4227176432702,0,0
2025-04-23 11:30:00+05:30,618.2881922655828,33.85,63.1,11,2,0,1,620.4719013476046,594.3416205056099,0,0
2025-04-23 11:45:00+05:30,620.7831094996136,34.25,61.7,11,2,0,1,618.2881922655828,600.29730961157,0,0
2025-04-23 12:00:00+05:30,621.9736647446081,34.275,61.25,12,2,0,1,620.7831094996136,605.4964799332598,0,0
2025-04-23 12:15:00+05:30,620.2493504508988,34.55,60.5,12,2,0,1,621.9736647446081,606.94584971346,0,0
2025-04-23 12:30:00+05:30,617.7384949292301,34.625,59.775,12,2,0,1,620.2493504508988,607.37149540661,0,0
2025-04-23 12:45:00+05:30,618.6000324932286,34.675,59.975,12,2,0,1,617.7384949292301,609.7293179657701,0,0
2025-04-23 13:00:00+05:30,614.4668488855204,34.75,59.4,13,2,0,1,618.6000324932286,606.96195068566,0,0
2025-04-23 13:15:00+05:30,616.5167965976411,34.975,58.525,13,2,0,1,614.4668488855204,606.75366222633,0,0
2025-04-23 13:30:00+05:30,615.1724881977434,34.775,59.05,13,2,0,1,616.5167965976411,605.6520074334699,0,0
2025-04-23 13:45:00+05:30,618.569193334371,34.75,59.45,13,2,0,1,615.1724881977434,610.6050195717401,0,0
2025-04-23 14:00:00+05:30,625.4236213181631,34.7,59.9,14,2,0,1,618.569193334371,617.4684316408799,0,0
2025-04-23 14:15:00+05:30,626.9957856566682,34.375,60.625,14,2,0,1,625.4236213181631,623.68195837648,0,0
2025-04-23 14:30:00+05:30,627.9842009135218,34.425,60.775000000000006,14,2,0,1,626.9957856566682,627.96994883101,0,0
2025-04-23 14:45:00+05:30,630.5666029287007,34.25,61.675,14,2,0,1,627.9842009135218,630.4867442728098,0,0
2025-04-23 15:00:00+05:30,631.0486038997993,33.975,62.575,15,2,0,1,630.5666029287007,633.1673102682498,0,0
2025-04-23 15:15:00+05:30,628.1360882830609,33.95,62.95,15,2,0,1,631.0486038997993,632.7435517969001,0,0
2025-04-23 15:30:00+05:30,628.3378912922728,33.95,62.35,15,2,0,1,628.1360882830609,633.05115944854,0,0
2025-04-23 15:45:00+05:30,626.0116851807803,33.9,62.125,15,2,0,1,628.3378912922728,632.1171113910399,0,0
2025-04-23 16:00:00+05:30,625.1878818183493,34.099999999999994,60.75,16,2,0,1,626.0116851807803,631.2736091680101,0,0
2025-04-23 16:15:00+05:30,619.7832204440651,34.275000000000006,60.5,16,2,0,1,625.1878818183493,623.0265208477799,0,0
2025-04-23 16:30:00+05:30,617.0300121703103,34.15,60.625,16,2,0,1,619.7832204440651,619.14084421789,0,0
2025-04-23 16:45:00+05:30,608.740905397345,33.7,61.075,16,2,0,1,617.0300121703103,612.4976011016699,0,0
2025-04-23 17:00:00+05:30,605.2562124832976,33.775000000000006,61.725,17,2,0,1,608.740905397345,608.97429757407,0,0
2025-04-23 17:15:00+05:30,596.77496799573,33.2,63.175,17,2,0,1,605.2562124832976,598.7125693212299,0,0
2025-04-23 17:30:00+05:30,587.811478695532,33.275000000000006,63.775,17,2,0,1,596.77496799573,586.41046056309,0,0
2025-04-23 17:45:00+05:30,577.0728943610284,32.975,65.225,17,2,0,1,587.811478695532,576.09752266379,0,0
2025-04-23 18:00:00+05:30,568.0306680793218,32.474999999999994,66.875,18,2,0,0,577.0728943610284,563.48768789604,0,0
2025-04-23 18:15:00+05:30,556.4602861820345,31.9,68.42500000000001,18,2,0,0,568.0306680793218,551.60193463148,0,0
2025-04-23 18:30:00+05:30,551.4782992201492,31.525,70.025,18,2,0,0,556.4602861820345,544.5663465039501,0,0
2025-04-23 18:45:00+05:30,541.8047735321422,31.275,71.125,18,2,0,0,551.4782992201492,537.22475914834,0,0
2025-04-23 19:00:00+05:30,535.2446233456366,31.1,71.975,19,2,0,0,541.8047735321422,530.77557800925,0,0
2025-04-23 19:15:00+05:30,529.8860413190904,30.95,71.72500000000001,19,2,0,0,535.2446233456366,525.21892556275,0,0
2025-04-23 19:30:00+05:30,521.2235518601849,30.95,72.075,19,2,0,0,529.8860413190904,515.8319302715997,0,0
2025-04-23 19:45:00+05:30,512.4658700635262,30.85,72.5,19,2,0,0,521.2235518601849,508.16323721418985,0,0
2025-04-23 20:00:00+05:30,503.50740744541537,30.775,73.3,20,2,0,0,512.4658700635262,496.3022595022,0,0
2025-04-23 20:15:00+05:30,495.4895378351949,30.75,73.925,20,2,0,0,503.50740744541537,488.34175432507,0,0
2025-04-23 20:30:00+05:30,488.2027921124961,30.65,74.44999999999999,20,2,0,0,495.4895378351949,482.90019946432,0,0
2025-04-23 20:45:00+05:30,487.04743748803946,30.6,74.875,20,2,0,0,488.2027921124961,480.32974495959,0,0
2025-04-23 21:00:00+05:30,480.9134300916797,30.475,75.425,21,2,0,0,487.04743748803946,472.35720864602007,0,0
2025-04-23 21:15:00+05:30,475.1424785404696,30.4,76.3,21,2,0,0,480.9134300916797,468.58570828404,0,0
2025-04-23 21:30:00+05:30,473.8028346940697,30.325000000000003,76.775,21,2,0,0,475.1424785404696,464.0779847469899,0,0
2025-04-23 21:45:00+05:30,469.6211420321597,30.3,77.14999999999999,21,2,0,0,473.8028346940697,461.4779777356,0,0
2025-04-23 22:00:00+05:30,462.0028293620641,30.25,77.2,22,2,0,0,469.6211420321597,455.8971020883,0,0
2025-04-23 22:15:00+05:30,456.9300060223698,30.25,76.875,22,2,0,0,462.0028293620641,453.64884233260005,0,0
2025-04-23 22:30:00+05:30,454.92241892566346,30.2,76.625,22,2,0,0,456.9300060223698,451.3815500757301,0,0
2025-04-23 22:45:00+05:30,448.86620111153167,30.2,76.5,22,2,0,0,454.92241892566346,443.27032349028,0,0
2025-04-23 23:00:00+05:30,444.0090429102555,30.125,76.125,23,2,0,0,448.86620111153167,439.0857062668301,0,0
2025-04-23 23:15:00+05:30,441.31061400469713,30.1,76.125,23,2,0,0,444.0090429102555,434.26664913398014,0,0
2025-04-23 23:30:00+05:30,434.58675389052,30.05,75.475,23,2,0,0,441.31061400469713,432.30960067936,0,0
2025-04-23 23:45:00+05:30,428.41929851849807,30.025,74.875,23,2,0,0,434.58675389052,426.10191854102993,0,0
2025-04-24 00:00:00+05:30,421.431531094428,29.875,74.4,0,3,0,0,428.41929851849807,420.0557082792372,0,0
2025-04-24 00:15:00+05:30,414.70804356250176,29.85,73.875,0,3,0,0,421.431531094428,414.2699420527063,0,0
2025-04-24 00:30:00+05:30,406.5867173992057,29.7,74.27499999999999,0,3,0,0,414.70804356250176,406.128195783439,0,0
2025-04-24 00:45:00+05:30,400.5400808313612,29.625,74.5,0,3,0,0,406.5867173992057,398.8466291848036,0,0
2025-04-24 01:00:00+05:30,393.49210361145214,29.65,74.425,1,3,0,0,400.5400808313612,392.61770345163706,0,0
2025-04-24 01:15:00+05:30,385.6578838411701,29.525,74.525,1,3,0,0,393.49210361145214,389.1057298936578,0,0
2025-04-24 01:30:00+05:30,378.88251301798255,29.475,74.05,1,3,0,0,385.6578838411701,382.8759332661772,0,0
2025-04-24 01:45:00+05:30,373.203329779071,29.375,74.25,1,3,0,0,378.88251301798255,376.3070010846652,0,0
2025-04-24 02:00:00+05:30,368.0977773501723,29.25,74.45,2,3,0,0,373.203329779071,372.35358804857225,0,0
2025-04-24 02:15:00+05:30,364.0132913801075,29.15,74.775,2,3,0,0,368.0977773501723,366.4420567889727,0,0
2025-04-24 02:30:00+05:30,359.83471349224504,29.15,74.325,2,3,0,0,364.0132913801075,360.63087292859166,0,0
2025-04-24 02:45:00+05:30,356.0600021770024,29.125,74.325,2,3,0,0,359.83471349224504,356.9027320064618,0,0
2025-04-24 03:00:00+05:30,351.36729253410243,29.05,74.6,3,3,0,0,356.0600021770024,354.1956914631712,0,0
2025-04-24 03:15:00+05:30,346.90783480234523,28.925,75.25,3,3,0,0,351.36729253410243,348.34447970175125,0,0
2025-04-24 03:30:00+05:30,343.46722786195284,28.875,75.82499999999999,3,3,0,0,346.90783480234523,343.86744191932434,0,0
2025-04-24 03:45:00+05:30,342.0645487496255,28.825,75.825,3,3,0,0,343.46722786195284,340.45629288166066,0,0
2025-04-24 04:00:00+05:30,339.7575153643488,28.8,76.225,4,3,0,0,342.0645487496255,338.787470419109,0,0
2025-04-24 04:15:00+05:30,339.4658733851587,28.775,76.35,4,3,0,0,339.7575153643488,337.411704746796,0,0
2025-04-24 04:30:00+05:30,339.8300266614602,28.75,75.975,4,3,0,0,339.4658733851587,339.35752371570334,0,0
2025-04-24 04:45:00+05:30,338.0915847075025,28.775,77.375,4,3,0,0,339.8300266614602,338.5694744822013,0,0
2025-04-24 05:00:00+05:30,338.1099504680051,28.75,78.85,5,3,0,0,338.0915847075025,338.2246679757337,0,0
2025-04-24 05:15:00+05:30,337.7441325113689,28.8,79.1,5,3,0,0,338.1099504680051,338.19077203849724,0,0
2025-04-24 05:30:00+05:30,342.19687257753094,28.800000000000004,79.27499999999999,5,3,0,0,337.7441325113689,341.9347915964755,0,0
2025-04-24 05:45:00+05:30,345.6023926689787,28.75,79.875,5,3,0,0,342.19687257753094,347.7613640240355,0,0
2025-04-24 06:00:00+05:30,354.8348092918829,28.675,80.925,6,3,0,0,345.6023926689787,354.5570124507784,0,0
2025-04-24 06:15:00+05:30,361.46258634740775,28.65,81.85,6,3,0,0,354.8348092918829,358.4332203165605,0,0
2025-04-24 06:30:00+05:30,372.310552815654,28.700000000000003,82.2,6,3,0,0,361.46258634740775,371.4312979750407,0,0
2025-04-24 06:45:00+05:30,386.63040532469785,28.9,82.17500000000001,6,3,0,0,372.310552815654,383.2564228931163,0,0
2025-04-24 07:00:00+05:30,399.9979774985432,29.05,81.7,7,3,0,0,386.63040532469785,395.8772419009474,0,0
2025-04-24 07:15:00+05:30,416.1935337877494,29.275,80.85,7,3,0,0,399.9979774985432,414.320911327368,0,0
2025-04-24 07:30:00+05:30,434.8207690841243,29.575000000000003,79.575,7,3,0,0,416.1935337877494,436.1636689073048,0,0
2025-04-24 07:45:00+05:30,456.5813706482468,29.825,78.72500000000001,7,3,0,0,434.8207690841243,457.1592064116648,0,0
2025-04-24 08:00:00+05:30,478.29614162398207,30.125,77.375,8,3,0,0,456.5813706482468,479.7857841159464,0,0
2025-04-24 08:15:00+05:30,503.2176444257681,30.525,75.625,8,3,0,0,478.29614162398207,505.2001045811765,0,0
2025-04-24 08:30:00+05:30,520.3829211691404,30.825000000000003,73.525,8,3,0,0,503.2176444257681,522.2845823775035,0,0
2025-04-24 08:45:00+05:30,537.9413561085871,31.0,71.925,8,3,0,0,520.3829211691404,538.7317328715008,0,0
2025-04-24 09:00:00+05:30,554.4239512849707,31.5,69.2,9,3,0,1,537.9413561085871,554.983205322111,0,0
2025-04-24 09:15:00+05:30,567.9364301274858,31.75,68.6,9,3,0,1,554.4239512849707,569.5998469226303,0,0
2025-04-24 09:30:00+05:30,579.0757810219035,32.0,67.55000000000001,9,3,0,1,567.9364301274858,579.3033704819279,0,0
2025-04-24 09:45:00+05:30,591.5423947866492,32.2,66.5,9,3,0,1,579.0757810219035,592.536874729032,0,0
2025-04-24 10:00:00+05:30,600.3759018241311,32.425,65.5,10,3,0,1,591.5423947866492,600.001925013346,0,0
2025-04-24 10:15:00+05:30,606.6727862507234,32.650000000000006,64.95,10,3,0,1,600.3759018241311,608.6900668061601,0,0
2025-04-24 10:30:00+05:30,609.3033589170166,32.875,63.6,10,3,0,1,606.6727862507234,613.3855276801164,0,0
2025-04-24 10:45:00+05:30,613.9553033453149,32.975,62.525,10,3,0,1,609.3033589170166,618.4633131891734,0,0
2025-04-24 11:00:00+05:30,615.3143802416683,33.224999999999994,61.925,11,3,0,1,613.9553033453149,619.231413578498,0,0
2025-04-24 11:15:00+05:30,613.8868882214467,33.75,61.35,11,3,0,1,615.3143802416683,620.4719013476046,0,0
2025-04-24 11:30:00+05:30,611.0720300237464,33.65,61.1,11,3,0,1,613.8868882214467,618.2881922655828,0,0
2025-04-24 11:45:00+05:30,611.3199624217112,33.974999999999994,60.675,11,3,0,1,611.0720300237464,620.7831094996136,0,0
2025-04-24 12:00:00+05:30,613.1038694667208,34.05,60.35,12,3,0,1,611.3199624217112,621.9736647446081,0,0
2025-04-24 12:15:00+05:30,613.7176788353452,34.300000000000004,59.825,12,3,0,1,613.1038694667208,620.2493504508988,0,0
2025-04-24 12:30:00+05:30,611.7629209057906,34.150000000000006,60.45,12,3,0,1,613.7176788353452,617.7384949292301,0,0
2025-04-24 12:45:00+05:30,612.8803339039674,34.325,60.175,12,3,0,1,611.7629209057906,618.6000324932286,0,0
2025-04-24 13:00:00+05:30,610.3673328531171,34.3,60.3,13,3,0,1,612.8803339039674,614.4668488855204,0,0
2025-04-24 13:15:00+05:30,607.1344883134869,34.425,60.125,13,3,0,1,610.3673328531171,616.5167965976411,0,0
2025-04-24 13:30:00+05:30,607.6097134300259,34.325,61.175,13,3,0,1,607.1344883134869,615.1724881977434,0,0
2025-04-24 13:45:00+05:30,609.7761174316425,33.85,61.725,13,3,0,1,607.6097134300259,618.569193334371,0,0
2025-04-24 14:00:00+05:30,615.9865962870714,34.050000000000004,60.975,14,3,0,1,609.7761174316425,625.4236213181631,0,0
2025-04-24 14:15:00+05:30,620.3106390942933,34.349999999999994,60.0,14,3,0,1,615.9865962870714,626.9957856566682,0,0
2025-04-24 14:30:00+05:30,621.7605047387973,34.15,60.05,14,3,0,1,620.3106390942933,627.9842009135218,0,0
2025-04-24 14:45:00+05:30,623.1248502249098,33.974999999999994,60.125,14,3,0,1,621.7605047387973,630.5666029287007,0,0
2025-04-24 15:00:00+05:30,620.116452425331,33.95,60.05,15,3,0,1,623.1248502249098,631.0486038997993,0,0
2025-04-24 15:15:00+05:30,619.7077388886378,33.775,60.075,15,3,0,1,620.116452425331,628.1360882830609,0,0
2025-04-24 15:30:00+05:30,621.1078848972636,34.05,59.2,15,3,0,1,619.7077388886378,628.3378912922728,0,0
2025-04-24 15:45:00+05:30,620.4137199177799,34.0,58.225,15,3,0,1,621.1078848972636,626.0116851807803,0,0
2025-04-24 16:00:00+05:30,621.2193613346285,33.75,59.525000000000006,16,3,0,1,620.4137199177799,625.1878818183493,0,0
2025-04-24 16:15:00+05:30,613.4743907839453,33.725,59.625,16,3,0,1,621.2193613346285,619.7832204440651,0,0
2025-04-24 16:30:00+05:30,607.5628929155064,33.8,59.12500000000001,16,3,0,1,613.4743907839453,617.0300121703103,0,0
2025-04-24 16:45:00+05:30,600.8218552186432,33.4,60.575,16,3,0,1,607.5628929155064,608.740905397345,0,0
2025-04-24 17:00:00+05:30,596.9425365535673,33.3,61.425,17,3,0,1,600.8218552186432,605.2562124832976,0,0
2025-04-24 17:15:00+05:30,593.0928480525719,32.900000000000006,61.675,17,3,0,1,596.9425365535673,596.77496799573,0,0
2025-04-24 17:30:00+05:30,581.7458072327402,32.85,62.525,17,3,0,1,593.0928480525719,587.811478695532,0,0
2025-04-24 17:45:00+05:30,569.2039948283414,32.575,62.775,17,3,0,1,581.7458072327402,577.0728943610284,0,0
2025-04-24 18:00:00+05:30,556.3587975712941,31.8,64.85000000000001,18,3,0,0,569.2039948283414,568.0306680793218,0,0
2025-04-24 18:15:00+05:30,544.2759605548475,31.35,65.8,18,3,0,0,556.3587975712941,556.4602861820345,0,0
2025-04-24 18:30:00+05:30,536.5814887952746,30.925,67.875,18,3,0,0,544.2759605548475,551.4782992201492,0,0
2025-04-24 18:45:00+05:30,528.8135646202128,30.625000000000004,69.44999999999999,18,3,0,0,536.5814887952746,541.8047735321422,0,0
2025-04-24 19:00:00+05:30,519.8891318213505,30.450000000000003,70.225,19,3,0,0,528.8135646202128,535.2446233456366,0,0
2025-04-24 19:15:00+05:30,514.7110437997035,30.325,70.3,19,3,0,0,519.8891318213505,529.8860413190904,0,0
2025-04-24 19:30:00+05:30,507.1691104935518,30.25,71.15,19,3,0,0,514.7110437997035,521.2235518601849,0,0
2025-04-24 19:45:00+05:30,500.3422266149793,30.200000000000003,71.19999999999999,19,3,0,0,507.1691104935518,512.4658700635262,0,0
2025-04-24 20:00:00+05:30,492.0931846934254,30.175,71.025,20,3,0,0,500.3422266149793,503.50740744541537,0,0
2025-04-24 20:15:00+05:30,485.6989963154177,30.075000000000003,70.975,20,3,0,0,492.0931846934254,495.4895378351949,0,0
2025-04-24 20:30:00+05:30,480.0150401608102,30.125,71.4,20,3,0,0,485.6989963154177,488.2027921124961,0,0
2025-04-24 20:45:00+05:30,478.0278274061622,30.1,71.42500000000001,20,3,0,0,480.0150401608102,487.04743748803946,0,0
2025-04-24 21:00:00+05:30,467.59944966036,30.0,71.175,21,3,0,0,478.0278274061622,480.9134300916797,0,0
2025-04-24 21:15:00+05:30,461.3236707543752,29.950000000000003,71.27499999999999,21,3,0,0,467.59944966036,475.1424785404696,0,0
2025-04-24 21:30:00+05:30,457.77709461173487,29.875,72.0,21,3,0,0,461.3236707543752,473.8028346940697,0,0
2025-04-24 21:45:00+05:30,455.1215211165616,29.875,72.72500000000001,21,3,0,0,457.77709461173487,469.6211420321597,0,0
2025-04-24 22:00:00+05:30,450.0302671216169,29.85,73.05000000000001,22,3,0,0,455.1215211165616,462.0028293620641,0,0
2025-04-24 22:15:00+05:30,443.9165209861959,29.775,73.35,22,3,0,0,450.0302671216169,456.9300060223698,0,0
2025-04-24 22:30:00+05:30,444.3928290386211,29.675,74.17500000000001,22,3,0,0,443.9165209861959,454.92241892566346,0,0
2025-04-24 22:45:00+05:30,443.4295372046806,29.625,74.625,22,3,0,0,444.3928290386211,448.86620111153167,0,0
2025-04-24 23:00:00+05:30,438.37267004644303,29.575,75.15,23,3,0,0,443.4295372046806,444.0090429102555,0,0
2025-04-24 23:15:00+05:30,434.3277562567755,29.525,75.4,23,3,0,0,438.37267004644303,441.31061400469713,0,0
2025-04-24 23:30:00+05:30,429.7973815694466,29.475,76.125,23,3,0,0,434.3277562567755,434.58675389052,0,0
2025-04-24 23:45:00+05:30,426.3499572686314,29.475,76.55,23,3,0,0,429.7973815694466,428.41929851849807,0,0
2025-04-25 00:00:00+05:30,418.7180648860433,29.425,76.625,0,4,0,0,426.3499572686314,421.431531094428,0,0
2025-04-25 00:15:00+05:30,409.2117214018009,29.4,76.875,0,4,0,0,418.7180648860433,414.70804356250176,0,0
2025-04-25 00:30:00+05:30,402.95608711373023,29.325,77.375,0,4,0,0,409.2117214018009,406.5867173992057,0,0
2025-04-25 00:45:00+05:30,399.30626044923065,29.35,77.325,0,4,0,0,402.95608711373023,400.5400808313612,0,0
2025-04-25 01:00:00+05:30,390.8569181190255,29.325,77.47500000000001,1,4,0,0,399.30626044923065,393.49210361145214,0,0
2025-04-25 01:15:00+05:30,387.3845809785604,29.225,77.75,1,4,0,0,390.8569181190255,385.6578838411701,0,0
2025-04-25 01:30:00+05:30,382.4690365788656,29.25,77.94999999999999,1,4,0,0,387.3845809785604,378.88251301798255,0,0
2025-04-25 01:45:00+05:30,378.601239532213,29.275,77.825,1,4,0,0,382.4690365788656,373.203329779071,0,0
2025-04-25 02:00:00+05:30,372.6861728188508,29.15,78.05,2,4,0,0,378.601239532213,368.0977773501723,0,0
2025-04-25 02:15:00+05:30,367.1627788371233,29.0,78.77499999999999,2,4,0,0,372.6861728188508,364.0132913801075,0,0
2025-04-25 02:30:00+05:30,362.61935198735193,28.925,78.975,2,4,0,0,367.1627788371233,359.83471349224504,0,0
2025-04-25 02:45:00+05:30,359.4466933235505,28.8,79.10000000000001,2,4,0,0,362.61935198735193,356.0600021770024,0,0
2025-04-25 03:00:00+05:30,354.88807868885675,28.8,79.15,3,4,0,0,359.4466933235505,351.36729253410243,0,0
2025-04-25 03:15:00+05:30,352.979117775363,28.725,79.375,3,4,0,0,354.88807868885675,346.90783480234523,0,0
2025-04-25 03:30:00+05:30,347.2028490075276,28.725,79.7,3,4,0,0,352.979117775363,343.46722786195284,0,0
2025-04-25 03:45:00+05:30,344.2908052532559,28.700000000000003,79.6,3,4,0,0,347.2028490075276,342.0645487496255,0,0
2025-04-25 04:00:00+05:30,341.0646905259962,28.65,79.6,4,4,0,0,344.2908052532559,339.7575153643488,0,0
2025-04-25 04:15:00+05:30,341.0238077472719,28.65,79.67500000000001,4,4,0,0,341.0646905259962,339.4658733851587,0,0
2025-04-25 04:30:00+05:30,342.37632537664933,28.575,80.04999999999998,4,4,0,0,341.0238077472719,339.8300266614602,0,0
2025-04-25 04:45:00+05:30,342.103201958382,28.525,80.275,4,4,0,0,342.37632537664933,338.0915847075025,0,0
2025-04-25 05:00:00+05:30,343.56585791040203,28.475,80.45,5,4,0,0,342.103201958382,338.1099504680051,0,0
2025-04-25 05:15:00+05:30,344.99496689491474,28.375,80.625,5,4,0,0,343.56585791040203,337.7441325113689,0,0
2025-04-25 05:30:00+05:30,346.4892746098931,28.325000000000003,81.0,5,4,0,0,344.99496689491474,342.19687257753094,0,0
2025-04-25 05:45:00+05:30,351.51183844069607,28.3,80.85,5,4,0,0,346.4892746098931,345.6023926689787,0,0
2025-04-25 06:00:00+05:30,357.76259121984793,28.2,81.3,6,4,0,0,351.51183844069607,354.8348092918829,0,0
2025-04-25 06:15:00+05:30,365.2164940019632,28.225,81.3,6,4,0,0,357.76259121984793,361.46258634740775,0,0
2025-04-25 06:30:00+05:30,374.34518425860585,28.3,81.4,6,4,0,0,365.2164940019632,372.310552815654,0,0
2025-04-25 06:45:00+05:30,383.4392747898693,28.475,81.05,6,4,0,0,374.34518425860585,386.63040532469785,0,0
2025-04-25 07:00:00+05:30,398.12220813885386,28.8,80.325,7,4,0,0,383.4392747898693,399.9979774985432,0,0
2025-04-25 07:15:00+05:30,413.0501816044125,29.15,79.25,7,4,0,0,398.12220813885386,416.1935337877494,0,0
2025-04-25 07:30:00+05:30,431.63666399069257,29.450000000000003,77.575,7,4,0,0,413.0501816044125,434.8207690841243,0,0
2025-04-25 07:45:00+05:30,454.1279149105132,29.8,75.72500000000001,7,4,0,0,431.63666399069257,456.5813706482468,0,0
2025-04-25 08:00:00+05:30,478.43821340167256,30.075000000000003,74.225,8,4,0,0,454.1279149105132,478.29614162398207,0,0
2025-04-25 08:15:00+05:30,502.81392374635095,30.375,72.4,8,4,0,0,478.43821340167256,503.2176444257681,0,0
2025-04-25 08:30:00+05:30,524.5337553908272,30.775,70.47500000000001,8,4,0,0,502.81392374635095,520.3829211691404,0,0
2025-04-25 08:45:00+05:30,540.0346808619782,31.075000000000003,70.275,8,4,0,0,524.5337553908272,537.9413561085871,0,0
2025-04-25 09:00:00+05:30,554.8319527928775,31.2,69.7,9,4,0,1,540.0346808619782,554.4239512849707,0,0
2025-04-25 09:15:00+05:30,566.0100863044606,31.450000000000003,68.375,9,4,0,1,554.8319527928775,567.9364301274858,0,0
2025-04-25 09:30:00+05:30,575.8575407942081,31.95,65.85,9,4,0,1,566.0100863044606,579.0757810219035,0,0
2025-04-25 09:45:00+05:30,588.4602867159638,32.175000000000004,65.95,9,4,0,1,575.8575407942081,591.5423947866492,0,0
2025-04-25 10:00:00+05:30,594.3512506956147,32.275,65.6,10,4,0,1,588.4602867159638,600.3759018241311,0,0
2025-04-25 10:15:00+05:30,602.1532599504984,32.525000000000006,64.85000000000001,10,4,0,1,594.3512506956147,606.6727862507234,0,0
2025-04-25 10:30:00+05:30,607.1946734448708,32.625,64.0,10,4,0,1,602.1532599504984,609.3033589170166,0,0
2025-04-25 10:45:00+05:30,609.897095146683,32.675000000000004,62.9,10,4,0,1,607.1946734448708,613.9553033453149,0,0
2025-04-25 11:00:00+05:30,611.8503878346559,32.900000000000006,61.35,11,4,0,1,609.897095146683,615.3143802416683,0,0
2025-04-25 11:15:00+05:30,610.184768780802,33.075,60.775000000000006,11,4,0,1,611.8503878346559,613.8868882214467,0,0
2025-04-25 11:30:00+05:30,608.3225646966577,33.050000000000004,59.975,11,4,0,1,610.184768780802,611.0720300237464,0,0
2025-04-25 11:45:00+05:30,609.3662430291658,33.225,59.95,11,4,0,1,608.3225646966577,611.3199624217112,0,0
2025-04-25 12:00:00+05:30,610.6460360262712,33.5,59.225,12,4,0,1,609.3662430291658,613.1038694667208,0,0
2025-04-25 12:15:00+05:30,605.6953433990302,33.625,57.45,12,4,0,1,610.6460360262712,613.7176788353452,0,0
2025-04-25 12:30:00+05:30,605.5957884928886,33.724999999999994,56.150000000000006,12,4,0,1,605.6953433990302,611.7629209057906,0,0
2025-04-25 12:45:00+05:30,605.9788402993281,34.225,52.575,12,4,0,1,605.5957884928886,612.8803339039674,0,0
2025-04-25 13:00:00+05:30,602.5670639128579,34.325,52.85,13,4,0,1,605.9788402993281,610.3673328531171,0,0
2025-04-25 13:15:00+05:30,597.9424685902384,34.625,51.975,13,4,0,1,602.5670639128579,607.1344883134869,0,0
2025-04-25 13:30:00+05:30,597.9869139362322,34.7,50.575,13,4,0,1,597.9424685902384,607.6097134300259,0,0
2025-04-25 13:45:00+05:30,601.3494713210196,34.849999999999994,49.025,13,4,0,1,597.9869139362322,609.7761174316425,0,0
2025-04-25 14:00:00+05:30,604.4425360781144,34.599999999999994,48.650000000000006,14,4,0,1,601.3494713210196,615.9865962870714,0,0
2025-04-25 14:15:00+05:30,605.4696108987755,34.724999999999994,47.425,14,4,0,1,604.4425360781144,620.3106390942933,0,0
2025-04-25 14:30:00+05:30,607.0291345501762,34.6,46.85,14,4,0,1,605.4696108987755,621.7605047387973,0,0
2025-04-25 14:45:00+05:30,608.9348899439171,34.725,44.725,14,4,0,1,607.0291345501762,623.1248502249098,0,0
2025-04-25 15:00:00+05:30,605.9512131992174,34.550000000000004,45.45,15,4,0,1,608.9348899439171,620.116452425331,0,0
2025-04-25 15:15:00+05:30,602.9018685913653,34.55,46.3,15,4,0,1,605.9512131992174,619.7077388886378,0,0
2025-04-25 15:30:00+05:30,602.2456858837194,34.5,45.225,15,4,0,1,602.9018685913653,621.1078848972636,0,0
2025-04-25 15:45:00+05:30,598.0723419175569,34.275,47.075,15,4,0,1,602.2456858837194,620.4137199177799,0,0
2025-04-25 16:00:00+05:30,597.9227819264005,34.3,46.725,16,4,0,1,598.0723419175569,621.2193613346285,0,0
2025-04-25 16:15:00+05:30,593.302414027517,34.0,48.025000000000006,16,4,0,1,597.9227819264005,613.4743907839453,0,0
2025-04-25 16:30:00+05:30,589.8640137227903,33.725,48.675,16,4,0,1,593.302414027517,607.5628929155064,0,0
2025-04-25 16:45:00+05:30,582.7218588409469,33.425,50.12499999999999,16,4,0,1,589.8640137227903,600.8218552186432,0,0
2025-04-25 17:00:00+05:30,577.1039883294109,33.15,50.675,17,4,0,1,582.7218588409469,596.9425365535673,0,0
2025-04-25 17:15:00+05:30,572.1962257481757,32.95,52.175,17,4,0,1,577.1039883294109,593.0928480525719,0,0
2025-04-25 17:30:00+05:30,565.0258856760831,32.525,51.725,17,4,0,1,572.1962257481757,581.7458072327402,0,0
2025-04-25 17:45:00+05:30,555.5764358881192,32.150000000000006,53.125,17,4,0,1,565.0258856760831,569.2039948283414,0,0
2025-04-25 18:00:00+05:30,540.0307856781435,31.75,53.8,18,4,0,0,555.5764358881192,556.3587975712941,0,0
2025-04-25 18:15:00+05:30,530.0982847760188,31.325,55.375,18,4,0,0,540.0307856781435,544.2759605548475,0,0
2025-04-25 18:30:00+05:30,523.6533553226622,30.9,57.35,18,4,0,0,530.0982847760188,536.5814887952746,0,0
2025-04-25 18:45:00+05:30,518.698793073592,30.65,58.775000000000006,18,4,0,0,523.6533553226622,528.8135646202128,0,0
2025-04-25 19:00:00+05:30,513.379390352761,30.475,59.5,19,4,0,0,518.698793073592,519.8891318213505,0,0
2025-04-25 19:15:00+05:30,505.5998310071684,30.450000000000003,59.925,19,4,0,0,513.379390352761,514.7110437997035,0,0
2025-04-25 19:30:00+05:30,497.3288150860072,30.375,59.575,19,4,0,0,505.5998310071684,507.1691104935518,0,0
2025-04-25 19:45:00+05:30,489.4705568793416,30.325,60.225,19,4,0,0,497.3288150860072,500.3422266149793,0,0
2025-04-25 20:00:00+05:30,481.5564343784491,30.3,60.9,20,4,0,0,489.4705568793416,492.0931846934254,0,0
2025-04-25 20:15:00+05:30,473.54259975203246,30.175,61.575,20,4,0,0,481.5564343784491,485.6989963154177,0,0
2025-04-25 20:30:00+05:30,468.5537542602291,30.125,62.45,20,4,0,0,473.54259975203246,480.0150401608102,0,0
2025-04-25 20:45:00+05:30,464.5283256911064,29.950000000000003,64.05,20,4,0,0,468.5537542602291,478.0278274061622,0,0
2025-04-25 21:00:00+05:30,459.02019321026,29.9,65.1,21,4,0,0,464.5283256911064,467.59944966036,0,0
2025-04-25 21:15:00+05:30,453.8896763108246,29.875,66.1,21,4,0,0,459.02019321026,461.3236707543752,0,0
2025-04-25 21:30:00+05:30,450.6860888519769,29.8,67.2,21,4,0,0,453.8896763108246,457.77709461173487,0,0
2025-04-25 21:45:00+05:30,447.21249996993095,29.775,68.35,21,4,0,0,450.6860888519769,455.1215211165616,0,0
2025-04-25 22:00:00+05:30,439.7504920103174,29.800000000000004,68.525,22,4,0,0,447.21249996993095,450.0302671216169,0,0
2025-04-25 22:15:00+05:30,434.2961248186895,29.75,69.2,22,4,0,0,439.7504920103174,443.9165209861959,0,0
2025-04-25 22:30:00+05:30,433.55870585703775,29.775,69.375,22,4,0,0,434.2961248186895,444.3928290386211,0,0
2025-04-25 22:45:00+05:30,431.9563501133724,29.700000000000003,69.95,22,4,0,0,433.55870585703775,443.4295372046806,0,0
2025-04-25 23:00:00+05:30,430.72827187765967,29.725,70.6,23,4,0,0,431.9563501133724,438.37267004644303,0,0
2025-04-25 23:15:00+05:30,426.7438804770718,29.75,71.05000000000001,23,4,0,0,430.72827187765967,434.3277562567755,0,0
2025-04-25 23:30:00+05:30,424.1136818422228,29.725,71.07499999999999,23,4,0,0,426.7438804770718,429.7973815694466,0,0
2025-04-25 23:45:00+05:30,420.5755082357316,29.675,71.5,23,4,0,0,424.1136818422228,426.3499572686314,0,0
2025-04-26 00:00:00+05:30,416.0,29.625,72.025,0,5,1,0,420.5755082357316,418.7180648860433,0,0
2025-04-26 00:15:00+05:30,410.0,29.575,72.65,0,5,1,0,416.0,409.2117214018009,0,0
2025-04-26 00:30:00+05:30,405.0,29.575,73.075,0,5,1,0,410.0,402.95608711373023,0,0
2025-04-26 00:45:00+05:30,398.0,29.425,73.44999999999999,0,5,1,0,405.0,399.30626044923065,0,0
2025-04-26 01:00:00+05:30,391.0,29.4,73.32499999999999,1,5,1,0,398.0,390.8569181190255,0,0
2025-04-26 01:15:00+05:30,387.0,29.375,73.725,1,5,1,0,391.0,387.3845809785604,0,0
2025-04-26 01:30:00+05:30,382.0,29.325,74.42500000000001,1,5,1,0,387.0,382.4690365788656,0,0
2025-04-26 01:45:00+05:30,379.0,29.125,75.75,1,5,1,0,382.0,378.601239532213,0,0
2025-04-26 02:00:00+05:30,373.0,28.9,76.2,2,5,1,0,379.0,372.6861728188508,0,0
2025-04-26 02:15:00+05:30,364.0,28.875,76.775,2,5,1,0,373.0,367.1627788371233,0,0
2025-04-26 02:30:00+05:30,359.0,28.775,77.25,2,5,1,0,364.0,362.61935198735193,0,0
2025-04-26 02:45:00+05:30,356.0,28.65,78.0,2,5,1,0,359.0,359.4466933235505,0,0
2025-04-26 03:00:00+05:30,352.0,28.6,78.025,3,5,1,0,356.0,354.88807868885675,0,0
2025-04-26 03:15:00+05:30,349.0,28.575,77.975,3,5,1,0,352.0,352.979117775363,0,0
2025-04-26 03:30:00+05:30,347.0,28.6,76.92500000000001,3,5,1,0,349.0,347.2028490075276,0,0
2025-04-26 03:45:00+05:30,344.0,28.625000000000004,76.15,3,5,1,0,347.0,344.2908052532559,0,0
2025-04-26 04:00:00+05:30,342.0,28.675,75.725,4,5,1,0,344.0,341.0646905259962,0,0
2025-04-26 04:15:00+05:30,341.0,28.550000000000004,76.2,4,5,1,0,342.0,341.0238077472719,0,0
2025-04-26 04:30:00+05:30,341.0,28.5,75.4,4,5,1,0,341.0,342.37632537664933,0,0
2025-04-26 04:45:00+05:30,340.0,28.525,75.32499999999999,4,5,1,0,341.0,342.103201958382,0,0
2025-04-26 05:00:00+05:30,339.0,28.45,75.05,5,5,1,0,340.0,343.56585791040203,0,0
2025-04-26 05:15:00+05:30,338.0,28.35,76.15,5,5,1,0,339.0,344.99496689491474,0,0
2025-04-26 05:30:00+05:30,339.0,28.3,76.45,5,5,1,0,338.0,346.4892746098931,0,0
2025-04-26 05:45:00+05:30,341.0,28.200000000000003,77.3,5,5,1,0,339.0,351.51183844069607,0,0
2025-04-26 06:00:00+05:30,343.0,28.225,77.65,6,5,1,0,341.0,357.76259121984793,0,0
2025-04-26 06:15:00+05:30,348.0,28.225,77.35,6,5,1,0,343.0,365.2164940019632,0,0
2025-04-26 06:30:00+05:30,349.0,28.3,76.9,6,5,1,0,348.0,374.34518425860585,0,0
2025-04-26 06:45:00+05:30,353.0,28.5,76.3,6,5,1,0,349.0,383.4392747898693,0,0
2025-04-26 07:00:00+05:30,358.0,28.85,75.5,7,5,1,0,353.0,398.12220813885386,0,0
2025-04-26 07:15:00+05:30,365.0,29.225,74.275,7,5,1,0,358.0,413.0501816044125,0,0
2025-04-26 07:30:00+05:30,376.0,29.475,73.075,7,5,1,0,365.0,431.63666399069257,0,0
2025-04-26 07:45:00+05:30,388.0,29.95,71.82499999999999,7,5,1,0,376.0,454.1279149105132,0,0
2025-04-26 08:00:00+05:30,405.0,30.375,70.2,8,5,1,0,388.0,478.43821340167256,0,0
2025-04-26 08:15:00+05:30,422.0,30.55,69.42500000000001,8,5,1,0,405.0,502.81392374635095,0,0
2025-04-26 08:30:00+05:30,434.0,30.8,68.15,8,5,1,0,422.0,524.5337553908272,0,0
2025-04-26 08:45:00+05:30,446.0,30.875,67.425,8,5,1,0,434.0,540.0346808619782,0,0
2025-04-26 09:00:00+05:30,457.0,31.25,65.4,9,5,1,1,446.0,554.8319527928775,0,0
2025-04-26 09:15:00+05:30,469.0,31.5,65.42500000000001,9,5,1,1,457.0,566.0100863044606,0,0
2025-04-26 09:30:00+05:30,480.0,31.5,64.55,9,5,1,1,469.0,575.8575407942081,0,0
2025-04-26 09:45:00+05:30,492.0,31.7,63.8,9,5,1,1,480.0,588.4602867159638,0,0
2025-04-26 10:00:00+05:30,500.0,31.925,62.925,10,5,1,1,492.0,594.3512506956147,0,0
2025-04-26 10:15:00+05:30,508.0,32.05,62.05,10,5,1,1,500.0,602.1532599504984,0,0
2025-04-26 10:30:00+05:30,509.0,32.325,60.47500000000001,10,5,1,1,508.0,607.1946734448708,0,0
2025-04-26 10:45:00+05:30,516.0,32.6,59.125,10,5,1,1,509.0,609.897095146683,0,0
2025-04-26 11:00:00+05:30,516.0,33.0,58.150000000000006,11,5,1,1,516.0,611.8503878346559,0,0
2025-04-26 11:15:00+05:30,519.0,33.349999999999994,56.725,11,5,1,1,516.0,610.184768780802,0,0
2025-04-26 11:30:00+05:30,520.0,33.75,54.275,11,5,1,1,519.0,608.3225646966577,0,0
2025-04-26 11:45:00+05:30,522.0,34.175,52.375,11,5,1,1,520.0,609.3662430291658,0,0
2025-04-26 12:00:00+05:30,521.0,34.625,50.475,12,5,1,1,522.0,610.6460360262712,0,0
2025-04-26 12:15:00+05:30,519.0,34.625,49.475,12,5,1,1,521.0,605.6953433990302,0,0
2025-04-26 12:30:00+05:30,518.0,34.575,50.400000000000006,12,5,1,1,519.0,605.5957884928886,0,0
2025-04-26 12:45:00+05:30,515.0,34.6,50.625,12,5,1,1,518.0,605.9788402993281,0,0
2025-04-26 13:00:00+05:30,513.0,34.425,48.65,13,5,1,1,515.0,602.5670639128579,0,0
2025-04-26 13:15:00+05:30,509.0,34.425,49.125,13,5,1,1,513.0,597.9424685902384,0,0
2025-04-26 13:30:00+05:30,508.0,34.375,51.225,13,5,1,1,509.0,597.9869139362322,0,0
2025-04-26 13:45:00+05:30,509.0,34.375,50.95,13,5,1,1,508.0,601.3494713210196,0,0
2025-04-26 14:00:00+05:30,511.0,34.45,51.525,14,5,1,1,509.0,604.4425360781144,0,0
2025-04-26 14:15:00+05:30,516.0,34.35,51.725,14,5,1,1,511.0,605.4696108987755,0,0
2025-04-26 14:30:00+05:30,515.0,34.275,52.575,14,5,1,1,516.0,607.0291345501762,0,0
2025-04-26 14:45:00+05:30,518.0,34.475,53.35,14,5,1,1,515.0,608.9348899439171,0,0
2025-04-26 15:00:00+05:30,516.0,34.2,54.575,15,5,1,1,518.0,605.9512131992174,0,0
2025-04-26 15:15:00+05:30,514.0,34.125,54.27499999999999,15,5,1,1,516.0,602.9018685913653,0,0
2025-04-26 15:30:00+05:30,514.0,34.275,53.625,15,5,1,1,514.0,602.2456858837194,0,0
2025-04-26 15:45:00+05:30,510.0,33.875,55.675,15,5,1,1,514.0,598.0723419175569,0,0
2025-04-26 16:00:00+05:30,509.0,33.875,55.325,16,5,1,1,510.0,597.9227819264005,0,0
2025-04-26 16:15:00+05:30,504.0,33.9,55.875,16,5,1,1,509.0,593.302414027517,0,0
2025-04-26 16:30:00+05:30,500.0,33.775,54.775,16,5,1,1,504.0,589.8640137227903,0,0
2025-04-26 16:45:00+05:30,495.0,33.425,57.325,16,5,1,1,500.0,582.7218588409469,0,0
2025-04-26 17:00:00+05:30,489.0,33.2,57.275000000000006,17,5,1,1,495.0,577.1039883294109,0,0
2025-04-26 17:15:00+05:30,481.0,33.25,57.325,17,5,1,1,489.0,572.1962257481757,0,0
2025-04-26 17:30:00+05:30,481.0,32.875,57.525,17,5,1,1,481.0,565.0258856760831,0,0
2025-04-26 17:45:00+05:30,477.0,32.5,57.975,17,5,1,1,481.0,555.5764358881192,0,0
2025-04-26 18:00:00+05:30,469.0,31.85,59.85,18,5,1,0,477.0,540.0307856781435,0,0
2025-04-26 18:15:00+05:30,466.0,31.475,61.74999999999999,18,5,1,0,469.0,530.0982847760188,0,0
2025-04-26 18:30:00+05:30,463.0,30.975,63.625,18,5,1,0,466.0,523.6533553226622,0,0
2025-04-26 18:45:00+05:30,464.0,30.65,65.475,18,5,1,0,463.0,518.698793073592,0,0
2025-04-26 19:00:00+05:30,463.0,30.425,66.14999999999999,19,5,1,0,464.0,513.379390352761,0,0
2025-04-26 19:15:00+05:30,463.0,30.275,67.0,19,5,1,0,463.0,505.5998310071684,0,0
2025-04-26 19:30:00+05:30,461.0,30.1,67.475,19,5,1,0,463.0,497.3288150860072,0,0
2025-04-26 19:45:00+05:30,457.0,30.05,68.575,19,5,1,0,461.0,489.4705568793416,0,0
2025-04-26 20:00:00+05:30,453.0,30.025,69.175,20,5,1,0,457.0,481.5564343784491,0,0
2025-04-26 20:15:00+05:30,448.0,30.0,69.4,20,5,1,0,453.0,473.54259975203246,0,0
2025-04-26 20:30:00+05:30,446.0,29.975,69.875,20,5,1,0,448.0,468.5537542602291,0,0
2025-04-26 20:45:00+05:30,447.0,29.825,70.375,20,5,1,0,446.0,464.5283256911064,0,0
2025-04-26 21:00:00+05:30,441.0,29.75,70.95,21,5,1,0,447.0,459.02019321026,0,0
2025-04-26 21:15:00+05:30,436.0,29.75,71.475,21,5,1,0,441.0,453.8896763108246,0,0
2025-04-26 21:30:00+05:30,431.0,29.65,72.04999999999998,21,5,1,0,436.0,450.6860888519769,0,0
2025-04-26 21:45:00+05:30,430.0,29.55,72.8,21,5,1,0,431.0,447.21249996993095,0,0
2025-04-26 22:00:00+05:30,422.0,29.475,73.35,22,5,1,0,430.0,439.7504920103174,0,0
2025-04-26 22:15:00+05:30,416.0,29.475,73.95,22,5,1,0,422.0,434.2961248186895,0,0
2025-04-26 22:30:00+05:30,413.0,29.425,74.325,22,5,1,0,416.0,433.55870585703775,0,0
2025-04-26 22:45:00+05:30,412.0,29.375000000000004,74.55,22,5,1,0,413.0,431.9563501133724,0,0
2025-04-26 23:00:00+05:30,411.0,29.325,75.075,23,5,1,0,412.0,430.72827187765967,0,0
2025-04-26 23:15:00+05:30,408.0,29.225,75.55,23,5,1,0,411.0,426.7438804770718,0,0
2025-04-26 23:30:00+05:30,406.0,29.175,76.02499999999999,23,5,1,0,408.0,424.1136818422228,0,0
2025-04-26 23:45:00+05:30,402.0,29.175,76.475,23,5,1,0,406.0,420.5755082357316,0,0
2025-04-27 00:00:00+05:30,398.0,29.15,76.85,0,6,1,0,402.0,416.0,0,0
2025-04-27 00:15:00+05:30,393.0,29.075,77.27499999999999,0,6,1,0,398.0,410.0,0,0
2025-04-27 00:30:00+05:30,389.0,29.05,77.75,0,6,1,0,393.0,405.0,0,0
2025-04-27 00:45:00+05:30,381.0,29.05,77.80000000000001,0,6,1,0,389.0,398.0,0,0
2025-04-27 01:00:00+05:30,375.0,28.975,77.97500000000001,1,6,1,0,381.0,391.0,0,0
2025-04-27 01:15:00+05:30,370.0,29.025,78.175,1,6,1,0,375.0,387.0,0,0
2025-04-27 01:30:00+05:30,368.0,28.975,77.85,1,6,1,0,370.0,382.0,0,0
2025-04-27 01:45:00+05:30,364.0,28.95,78.1,1,6,1,0,368.0,379.0,0,0
2025-04-27 02:00:00+05:30,361.0,28.975,77.97500000000001,2,6,1,0,364.0,373.0,0,0
2025-04-27 02:15:00+05:30,359.0,28.925,77.80000000000001,2,6,1,0,361.0,364.0,0,0
2025-04-27 02:30:00+05:30,355.0,28.9,77.65,2,6,1,0,359.0,359.0,0,0
2025-04-27 02:45:00+05:30,350.0,28.9,77.55,2,6,1,0,355.0,356.0,0,0
2025-04-27 03:00:00+05:30,344.0,28.85,77.69999999999999,3,6,1,0,350.0,352.0,0,0
2025-04-27 03:15:00+05:30,340.0,28.8,77.55000000000001,3,6,1,0,344.0,349.0,0,0
2025-04-27 03:30:00+05:30,338.0,28.8,77.7,3,6,1,0,340.0,347.0,0,0
2025-04-27 03:45:00+05:30,335.0,28.8,77.525,3,6,1,0,338.0,344.0,0,0
2025-04-27 04:00:00+05:30,335.0,28.725,77.675,4,6,1,0,335.0,342.0,0,0
2025-04-27 04:15:00+05:30,335.0,28.700000000000003,78.17500000000001,4,6,1,0,335.0,341.0,0,0
2025-04-27 04:30:00+05:30,333.0,28.575000000000003,78.19999999999999,4,6,1,0,335.0,341.0,0,0
2025-04-27 04:45:00+05:30,331.0,28.6,78.35000000000001,4,6,1,0,333.0,340.0,0,0
2025-04-27 05:00:00+05:30,330.0,28.55,78.325,5,6,1,0,331.0,339.0,0,0
2025-04-27 05:15:00+05:30,328.0,28.55,78.825,5,6,1,0,330.0,338.0,0,0
2025-04-27 05:30:00+05:30,328.0,28.475,79.57499999999999,5,6,1,0,328.0,339.0,0,0
2025-04-27 05:45:00+05:30,327.0,28.45,79.95,5,6,1,0,328.0,341.0,0,0
2025-04-27 06:00:00+05:30,328.0,28.4,80.10000000000001,6,6,1,0,327.0,343.0,0,0
2025-04-27 06:15:00+05:30,328.0,28.35,80.35,6,6,1,0,328.0,348.0,0,0
2025-04-27 06:30:00+05:30,325.0,28.425,80.325,6,6,1,0,328.0,349.0,0,0
2025-04-27 06:45:00+05:30,325.0,28.575000000000003,79.95,6,6,1,0,325.0,353.0,0,0
2025-04-27 07:00:00+05:30,327.0,28.825,79.325,7,6,1,0,325.0,358.0,0,0
2025-04-27 07:15:00+05:30,330.0,29.2,78.1,7,6,1,0,327.0,365.0,0,0
2025-04-27 07:30:00+05:30,333.0,29.45,76.575,7,6,1,0,330.0,376.0,0,0
2025-04-27 07:45:00+05:30,341.0,29.75,75.35,7,6,1,0,333.0,388.0,0,0
2025-04-27 08:00:00+05:30,351.0,29.925,74.82499999999999,8,6,1,0,341.0,405.0,0,0
2025-04-27 08:15:00+05:30,356.0,30.275,73.725,8,6,1,0,351.0,422.0,0,0
2025-04-27 08:30:00+05:30,362.0,30.666666666666668,71.0,8,6,1,0,356.0,434.0,0,0
2025-04-27 08:45:00+05:30,371.0,30.96666666666667,69.06666666666668,8,6,1,0,362.0,446.0,0,0
2025-04-27 09:00:00+05:30,378.0,31.3,68.10000000000001,9,6,1,1,371.0,457.0,0,0
2025-04-27 09:15:00+05:30,383.0,31.53333333333333,66.46666666666665,9,6,1,1,378.0,469.0,0,0
2025-04-27 09:30:00+05:30,386.0,31.7,65.73333333333333,9,6,1,1,383.0,480.0,0,0
2025-04-27 09:45:00+05:30,391.0,31.6,65.33333333333333,9,6,1,1,386.0,492.0,0,0
2025-04-27 10:00:00+05:30,397.0,31.666666666666668,68.39999999999999,10,6,1,1,391.0,500.0,0,0
2025-04-27 10:15:00+05:30,404.0,31.666666666666668,68.66666666666667,10,6,1,1,397.0,508.0,0,0
2025-04-27 10:30:00+05:30,409.0,32.1,67.36666666666666,10,6,1,1,404.0,509.0,0,0
2025-04-27 10:45:00+05:30,414.0,32.166666666666664,67.7,10,6,1,1,409.0,516.0,0,0
2025-04-27 11:00:00+05:30,417.0,32.2,67.53333333333335,11,6,1,1,414.0,516.0,0,0
2025-04-27 11:15:00+05:30,419.0,32.56666666666666,66.73333333333333,11,6,1,1,417.0,519.0,0,0
2025-04-27 11:30:00+05:30,422.0,32.800000000000004,65.8,11,6,1,1,419.0,520.0,0,0
2025-04-27 11:45:00+05:30,425.0,33.03333333333333,65.03333333333333,11,6,1,1,422.0,522.0,0,0
2025-04-27 12:00:00+05:30,426.0,32.96666666666667,65.23333333333333,12,6,1,1,425.0,521.0,0,0
2025-04-27 12:15:00+05:30,427.0,33.43333333333333,63.86666666666667,12,6,1,1,426.0,519.0,0,0
2025-04-27 12:30:00+05:30,426.0,33.46666666666666,63.7,12,6,1,1,427.0,518.0,0,0
2025-04-27 12:45:00+05:30,424.0,33.300000000000004,63.6,12,6,1,1,426.0,515.0,0,0
2025-04-27 13:00:00+05:30,429.0,33.5,62.63333333333333,13,6,1,1,424.0,513.0,0,0
2025-04-27 13:15:00+05:30,429.0,33.76666666666667,61.4,13,6,1,1,429.0,509.0,0,0
2025-04-27 13:30:00+05:30,427.0,33.833333333333336,60.16666666666666,13,6,1,1,429.0,508.0,0,0
2025-04-27 13:45:00+05:30,429.0,33.766666666666666,59.76666666666667,13,6,1,1,427.0,509.0,0,0
2025-04-27 14:00:00+05:30,430.0,33.9,60.03333333333334,14,6,1,1,429.0,511.0,0,0
2025-04-27 14:15:00+05:30,433.0,33.8,58.3,14,6,1,1,430.0,516.0,0,0
2025-04-27 14:30:00+05:30,433.0,34.03333333333333,57.23333333333333,14,6,1,1,433.0,515.0,0,0
2025-04-27 14:45:00+05:30,433.0,33.833333333333336,58.03333333333334,14,6,1,1,433.0,518.0,0,0
2025-04-27 15:00:00+05:30,433.0,33.666666666666664,59.6,15,6,1,1,433.0,516.0,0,0
2025-04-27 15:15:00+05:30,434.0,33.96666666666666,58.833333333333336,15,6,1,1,433.0,514.0,0,0
2025-04-27 15:30:00+05:30,434.0,33.76666666666667,60.96666666666667,15,6,1,1,434.0,514.0,0,0
2025-04-27 15:45:00+05:30,430.0,33.800000000000004,61.16666666666666,15,6,1,1,434.0,510.0,0,0
2025-04-27 16:00:00+05:30,428.0,33.675,59.175,16,6,1,1,430.0,509.0,0,0
2025-04-27 16:15:00+05:30,426.0,33.724999999999994,59.14999999999999,16,6,1,1,428.0,504.0,0,0
2025-04-27 16:30:00+05:30,424.0,34.025,59.02499999999999,16,6,1,1,426.0,500.0,0,0
2025-04-27 16:45:00+05:30,424.0,33.525000000000006,59.39999999999999,16,6,1,1,424.0,495.0,0,0
2025-04-27 17:00:00+05:30,423.0,33.35,59.775,17,6,1,1,424.0,489.0,0,0
2025-04-27 17:15:00+05:30,422.0,33.275000000000006,59.775000000000006,17,6,1,1,423.0,481.0,0,0
2025-04-27 17:30:00+05:30,416.0,33.2,59.275,17,6,1,1,422.0,481.0,0,0
2025-04-27 17:45:00+05:30,411.0,32.85,59.225,17,6,1,1,416.0,477.0,0,0
2025-04-27 18:00:00+05:30,413.0,32.400000000000006,60.0,18,6,1,0,411.0,469.0,0,0
2025-04-27 18:15:00+05:30,412.0,31.9,60.7,18,6,1,0,413.0,466.0,0,0
2025-04-27 18:30:00+05:30,414.0,31.3,62.45,18,6,1,0,412.0,463.0,0,0
2025-04-27 18:45:00+05:30,416.0,30.95,63.9,18,6,1,0,414.0,464.0,0,0
2025-04-27 19:00:00+05:30,416.0,30.7,65.525,19,6,1,0,416.0,463.0,0,0
2025-04-27 19:15:00+05:30,416.0,30.55,66.55,19,6,1,0,416.0,463.0,0,0
2025-04-27 19:30:00+05:30,417.0,30.45,67.325,19,6,1,0,416.0,461.0,0,0
2025-04-27 19:45:00+05:30,418.0,30.325,68.35,19,6,1,0,417.0,457.0,0,0
2025-04-27 20:00:00+05:30,422.0,30.275,69.525,20,6,1,0,418.0,453.0,0,0
2025-04-27 20:15:00+05:30,420.0,30.15,71.19999999999999,20,6,1,0,422.0,448.0,0,0
2025-04-27 20:30:00+05:30,418.0,30.125,72.15,20,6,1,0,420.0,446.0,0,0
2025-04-27 20:45:00+05:30,418.0,30.05,73.07499999999999,20,6,1,0,418.0,447.0,0,0
2025-04-27 21:00:00+05:30,418.0,29.975,74.025,21,6,1,0,418.0,441.0,0,0
2025-04-27 21:15:00+05:30,418.0,29.875,74.4,21,6,1,0,418.0,436.0,0,0
2025-04-27 21:30:00+05:30,416.0,29.875,74.65,21,6,1,0,418.0,431.0,0,0
2025-04-27 21:45:00+05:30,415.0,29.8,75.7,21,6,1,0,416.0,430.0,0,0
2025-04-27 22:00:00+05:30,411.0,29.675,76.6,22,6,1,0,415.0,422.0,0,0
2025-04-27 22:15:00+05:30,411.0,29.65,77.025,22,6,1,0,411.0,416.0,0,0
2025-04-27 22:30:00+05:30,412.0,29.5,77.77499999999999,22,6,1,0,411.0,413.0,0,0
2025-04-27 22:45:00+05:30,413.0,29.5,77.80000000000001,22,6,1,0,412.0,412.0,0,0
2025-04-27 23:00:00+05:30,408.0,29.45,77.975,23,6,1,0,413.0,411.0,0,0
2025-04-27 23:15:00+05:30,406.0,29.325000000000003,78.625,23,6,1,0,408.0,408.0,0,0
2025-04-27 23:30:00+05:30,400.0,29.3,78.55,23,6,1,0,406.0,406.0,0,0
2025-04-27 23:45:00+05:30,397.0,29.325000000000003,78.52499999999999,23,6,1,0,400.0,402.0,0,0
2025-04-28 00:00:00+05:30,393.445988511085,29.275,78.475,0,0,0,0,397.0,398.0,0,0
2025-04-28 00:15:00+05:30,389.0835125438931,29.175,78.575,0,0,0,0,393.445988511085,393.0,0,0
2025-04-28 00:30:00+05:30,382.366154846379,29.15,78.9,0,0,0,0,389.0835125438931,389.0,0,0
2025-04-28 00:45:00+05:30,377.5723986710808,29.025,78.7,0,0,0,0,382.366154846379,381.0,0,0
2025-04-28 01:00:00+05:30,369.4463551168743,28.95,79.05,1,0,0,0,377.5723986710808,375.0,0,0
2025-04-28 01:15:00+05:30,364.6657509381221,29.0,79.125,1,0,0,0,369.4463551168743,370.0,0,0
2025-04-28 01:30:00+05:30,360.0215235611894,28.975,78.575,1,0,0,0,364.6657509381221,368.0,0,0
2025-04-28 01:45:00+05:30,356.593305911502,28.925,78.725,1,0,0,0,360.0215235611894,364.0,0,0
2025-04-28 02:00:00+05:30,353.6424723249609,28.95,78.75,2,0,0,0,356.593305911502,361.0,0,0
2025-04-28 02:15:00+05:30,351.0658043011374,28.9,78.625,2,0,0,0,353.6424723249609,359.0,0,0
2025-04-28 02:30:00+05:30,346.6666805018616,28.85,78.4,2,0,0,0,351.0658043011374,355.0,0,0
2025-04-28 02:45:00+05:30,342.06070103307326,28.925,77.725,2,0,0,0,346.6666805018616,350.0,0,0
2025-04-28 03:00:00+05:30,338.07869372056643,28.725,77.8,3,0,0,0,342.06070103307326,344.0,0,0
2025-04-28 03:15:00+05:30,334.88572815624104,28.7,78.025,3,0,0,0,338.07869372056643,340.0,0,0
2025-04-28 03:30:00+05:30,333.8462306578155,28.65,77.975,3,0,0,0,334.88572815624104,338.0,0,0
2025-04-28 03:45:00+05:30,331.6535683733256,28.7,77.5,3,0,0,0,333.8462306578155,335.0,0,0
2025-04-28 04:00:00+05:30,329.77081354547084,28.675,77.375,4,0,0,0,331.6535683733256,335.0,0,0
2025-04-28 04:15:00+05:30,329.16507158681105,28.725,77.2,4,0,0,0,329.77081354547084,335.0,0,0
2025-04-28 04:30:00+05:30,330.9829352353362,28.725,77.825,4,0,0,0,329.16507158681105,333.0,0,0
2025-04-28 04:45:00+05:30,330.3373831514118,28.7,77.925,4,0,0,0,330.9829352353362,331.0,0,0
2025-04-28 05:00:00+05:30,329.4187284316193,28.625,78.7,5,0,0,0,330.3373831514118,330.0,0,0
2025-04-28 05:15:00+05:30,329.3719546915654,28.575,79.25,5,0,0,0,329.4187284316193,328.0,0,0
2025-04-28 05:30:00+05:30,334.7927172020124,28.575,79.2,5,0,0,0,329.3719546915654,328.0,0,0
2025-04-28 05:45:00+05:30,338.5833552317461,28.5,79.675,5,0,0,0,334.7927172020124,327.0,0,0
2025-04-28 06:00:00+05:30,344.06321918917,28.475,80.05,6,0,0,0,338.5833552317461,328.0,0,0
2025-04-28 06:15:00+05:30,356.5934533441693,28.475,80.275,6,0,0,0,344.06321918917,328.0,0,0
2025-04-28 06:30:00+05:30,363.3625696773867,28.525,80.325,6,0,0,0,356.5934533441693,325.0,0,0
2025-04-28 06:45:00+05:30,376.0219254554693,28.75,80.025,6,0,0,0,363.3625696773867,325.0,0,0
2025-04-28 07:00:00+05:30,390.4188601371836,28.95,79.175,7,0,0,0,376.0219254554693,327.0,0,0
2025-04-28 07:15:00+05:30,403.3162630708958,29.3,77.925,7,0,0,0,390.4188601371836,330.0,0,0
2025-04-28 07:30:00+05:30,422.7762899647626,29.7,76.45,7,0,0,0,403.3162630708958,333.0,0,0
2025-04-28 07:45:00+05:30,444.7741244981756,29.95,75.425,7,0,0,0,422.7762899647626,341.0,0,0
2025-04-28 08:00:00+05:30,470.2433936579102,30.35,73.85,8,0,0,0,444.7741244981756,351.0,0,0
2025-04-28 08:15:00+05:30,492.9845734170594,30.625,71.925,8,0,0,0,470.2433936579102,356.0,0,0
2025-04-28 08:30:00+05:30,515.4892848371824,30.825,71.6,8,0,0,0,492.9845734170594,362.0,0,0
2025-04-28 08:45:00+05:30,534.9559028230606,31.15,70.325,8,0,0,0,515.4892848371824,371.0,0,0
2025-04-28 09:00:00+05:30,549.2766915538848,31.3,68.7,9,0,0,1,534.9559028230606,378.0,0,0
2025-04-28 09:15:00+05:30,562.1829597927682,31.4,68.35,9,0,0,1,549.2766915538848,383.0,0,0
2025-04-28 09:30:00+05:30,570.8858214797872,31.675,67.875,9,0,0,1,562.1829597927682,386.0,0,0
2025-04-28 09:45:00+05:30,582.9101246405183,32.075,66.35,9,0,0,1,570.8858214797872,391.0,0,0
2025-04-28 10:00:00+05:30,589.5632394408615,32.275,64.9,10,0,0,1,582.9101246405183,397.0,0,0
2025-04-28 10:15:00+05:30,599.4068595868234,32.45,63.975,10,0,0,1,589.5632394408615,404.0,0,0
2025-04-28 10:30:00+05:30,605.2194141542998,32.725,62.85,10,0,0,1,599.4068595868234,409.0,0,0
2025-04-28 10:45:00+05:30,609.7284483867674,33.125,61.75,10,0,0,1,605.2194141542998,414.0,0,0
2025-04-28 11:00:00+05:30,609.3528692414163,33.075,61.375,11,0,0,1,609.7284483867674,417.0,0,0
2025-04-28 11:15:00+05:30,607.6619492577172,33.375,60.625,11,0,0,1,609.3528692414163,419.0,0,0
2025-04-28 11:30:00+05:30,611.5072920937727,33.775,59.2,11,0,0,1,607.6619492577172,422.0,0,0
2025-04-28 11:45:00+05:30,611.331592955145,33.95,58.125,11,0,0,1,611.5072920937727,425.0,0,0
2025-04-28 12:00:00+05:30,612.0191349573392,34.05,57.875,12,0,0,1,611.331592955145,426.0,0,0
2025-04-28 12:15:00+05:30,608.5953545385935,34.05,57.95,12,0,0,1,612.0191349573392,427.0,0,0
2025-04-28 12:30:00+05:30,606.144969874556,34.175,57.15,12,0,0,1,608.5953545385935,426.0,0,0
2025-04-28 12:45:00+05:30,604.7143211874658,34.175,57.4,12,0,0,1,606.144969874556,424.0,0,0
2025-04-28 13:00:00+05:30,601.9141076743978,34.1,57.375,13,0,0,1,604.7143211874658,429.0,0,0
2025-04-28 13:15:00+05:30,599.8919150710419,34.35,56.775,13,0,0,1,601.9141076743978,429.0,0,0
2025-04-28 13:30:00+05:30,599.4827920521345,34.425,56.0,13,0,0,1,599.8919150710419,427.0,0,0
2025-04-28 13:45:00+05:30,604.9583716676457,34.1,57.15,13,0,0,1,599.4827920521345,429.0,0,0
2025-04-28 14:00:00+05:30,605.1658049652542,34.3,56.025,14,0,0,1,604.9583716676457,430.0,0,0
2025-04-28 14:15:00+05:30,611.8044052481854,34.275,56.15,14,0,0,1,605.1658049652542,433.0,0,0
2025-04-28 14:30:00+05:30,614.6490236582265,33.85,56.725,14,0,0,1,611.8044052481854,433.0,0,0
2025-04-28 14:45:00+05:30,616.0279546975285,33.85,57.125,14,0,0,1,614.6490236582265,433.0,0,0
2025-04-28 15:00:00+05:30,615.4877879691239,33.925,57.35,15,0,0,1,616.0279546975285,433.0,0,0
2025-04-28 15:15:00+05:30,615.2815475004339,34.0,56.825,15,0,0,1,615.4877879691239,434.0,0,0
2025-04-28 15:30:00+05:30,615.0867895961397,34.1,57.575,15,0,0,1,615.2815475004339,434.0,0,0
2025-04-28 15:45:00+05:30,612.9468640516586,34.075,58.1,15,0,0,1,615.0867895961397,430.0,0,0
2025-04-28 16:00:00+05:30,609.717612192435,34.1,58.55,16,0,0,1,612.9468640516586,428.0,0,0
2025-04-28 16:15:00+05:30,605.4726300816346,33.8,59.35,16,0,0,1,609.717612192435,426.0,0,0
2025-04-28 16:30:00+05:30,602.9157129162509,34.025,58.925,16,0,0,1,605.4726300816346,424.0,0,0
2025-04-28 16:45:00+05:30,596.8220555336596,33.8,58.775,16,0,0,1,602.9157129162509,424.0,0,0
2025-04-28 17:00:00+05:30,589.5587512329065,33.575,59.8,17,0,0,1,596.8220555336596,423.0,0,0
2025-04-28 17:15:00+05:30,587.4290761675022,33.2,61.65,17,0,0,1,589.5587512329065,422.0,0,0
2025-04-28 17:30:00+05:30,579.7740349069674,32.975,62.15,17,0,0,1,587.4290761675022,416.0,0,0
2025-04-28 17:45:00+05:30,566.5768090176573,32.425,64.125,17,0,0,1,579.7740349069674,411.0,0,0
2025-04-28 18:00:00+05:30,554.464711312848,31.925,66.525,18,0,0,0,566.5768090176573,413.0,0,0
2025-04-28 18:15:00+05:30,547.0489612236679,31.275,69.025,18,0,0,0,554.464711312848,412.0,0,0
2025-04-28 18:30:00+05:30,539.5041799590233,30.825,71.125,18,0,0,0,547.0489612236679,414.0,0,0
2025-04-28 18:45:00+05:30,531.9677206448023,30.5,72.475,18,0,0,0,539.5041799590233,416.0,0,0
2025-04-28 19:00:00+05:30,525.0069910954154,30.35,73.45,19,0,0,0,531.9677206448023,416.0,0,0
2025-04-28 19:15:00+05:30,520.2311812201401,30.275,74.45,19,0,0,0,525.0069910954154,416.0,0,0
2025-04-28 19:30:00+05:30,513.9813621582275,30.15,75.325,19,0,0,0,520.2311812201401,417.0,0,0
2025-04-28 19:45:00+05:30,506.5304137297081,30.125,75.55,19,0,0,0,513.9813621582275,418.0,0,0
2025-04-28 20:00:00+05:30,498.553080247486,30.05,76.225,20,0,0,0,506.5304137297081,422.0,0,0
2025-04-28 20:15:00+05:30,488.0337359442704,30.075,76.35,20,0,0,0,498.553080247486,420.0,0,0
2025-04-28 20:30:00+05:30,483.86500460151495,30.05,76.7,20,0,0,0,488.0337359442704,418.0,0,0
2025-04-28 20:45:00+05:30,480.1259719922136,29.95,76.9,20,0,0,0,483.86500460151495,418.0,0,0
2025-04-28 21:00:00+05:30,476.42173071629577,29.925,76.95,21,0,0,0,480.1259719922136,418.0,0,0
2025-04-28 21:15:00+05:30,472.2039446520119,29.925,77.45,21,0,0,0,476.42173071629577,418.0,0,0
2025-04-28 21:30:00+05:30,467.3582374072232,29.9,77.6,21,0,0,0,472.2039446520119,416.0,0,0
2025-04-28 21:45:00+05:30,463.4900303359586,29.875,77.175,21,0,0,0,467.3582374072232,415.0,0,0
2025-04-28 22:00:00+05:30,456.6085823628372,29.8,77.6,22,0,0,0,463.4900303359586,411.0,0,0
2025-04-28 22:15:00+05:30,451.6843019363872,29.775,77.75,22,0,0,0,456.6085823628372,411.0,0,0
2025-04-28 22:30:00+05:30,448.2163596879116,29.725,78.175,22,0,0,0,451.6843019363872,412.0,0,0
2025-04-28 22:45:00+05:30,445.7959999143888,29.675,78.2,22,0,0,0,448.2163596879116,413.0,0,0
2025-04-28 23:00:00+05:30,440.5938797971914,29.65,78.65,23,0,0,0,445.7959999143888,408.0,0,0
2025-04-28 23:15:00+05:30,436.17110172096886,29.575,78.65,23,0,0,0,440.5938797971914,406.0,0,0
2025-04-28 23:30:00+05:30,430.2904034991409,29.55,78.85,23,0,0,0,436.17110172096886,400.0,0,0
2025-04-28 23:45:00+05:30,427.3526277624112,29.575,78.7,23,0,0,0,430.2904034991409,397.0,0,0
2025-04-29 00:00:00+05:30,421.4379952022359,29.6,78.4,0,1,0,0,427.3526277624112,393.445988511085,0,0
2025-04-29 00:15:00+05:30,413.68078453745056,29.5,78.55,0,1,0,0,421.4379952022359,389.0835125438931,0,0
2025-04-29 00:30:00+05:30,405.934784319757,29.475,78.2,0,1,0,0,413.68078453745056,382.366154846379,0,0
2025-04-29 00:45:00+05:30,400.3274675238175,29.375,78.825,0,1,0,0,405.934784319757,377.5723986710808,0,0
2025-04-29 01:00:00+05:30,394.8338390673584,29.325,79.2,1,1,0,0,400.3274675238175,369.4463551168743,0,0
2025-04-29 01:15:00+05:30,387.9718982067695,29.275,79.525,1,1,0,0,394.8338390673584,364.6657509381221,0,0
2025-04-29 01:30:00+05:30,382.35810136051504,29.3,79.225,1,1,0,0,387.9718982067695,360.0215235611894,0,0
2025-04-29 01:45:00+05:30,378.3810271149735,29.175,79.425,1,1,0,0,382.35810136051504,356.593305911502,0,0
2025-04-29 02:00:00+05:30,367.6823513678574,29.075,79.275,2,1,0,0,378.3810271149735,353.6424723249609,0,0
2025-04-29 02:15:00+05:30,365.1732541784094,29.1,79.05,2,1,0,0,367.6823513678574,351.0658043011374,0,0
2025-04-29 02:30:00+05:30,360.8240384872665,29.05,79.175,2,1,0,0,365.1732541784094,346.6666805018616,0,0
2025-04-29 02:45:00+05:30,358.917304128416,29.025,79.1,2,1,0,0,360.8240384872665,342.06070103307326,0,0
2025-04-29 03:00:00+05:30,354.07645474947753,28.925,79.2,3,1,0,0,358.917304128416,338.07869372056643,0,0
2025-04-29 03:15:00+05:30,350.38235919980053,28.9,79.175,3,1,0,0,354.07645474947753,334.88572815624104,0,0
2025-04-29 03:30:00+05:30,347.1341381635866,28.775,79.075,3,1,0,0,350.38235919980053,333.8462306578155,0,0
2025-04-29 03:45:00+05:30,344.82176315422896,28.7,79.5,3,1,0,0,347.1341381635866,331.6535683733256,0,0
2025-04-29 04:00:00+05:30,341.4688510441455,28.7,79.45,4,1,0,0,344.82176315422896,329.77081354547084,0,0
2025-04-29 04:15:00+05:30,340.1950248928415,28.65,79.5,4,1,0,0,341.4688510441455,329.16507158681105,0,0
2025-04-29 04:30:00+05:30,339.768758185374,28.65,79.675,4,1,0,0,340.1950248928415,330.9829352353362,0,0
2025-04-29 04:45:00+05:30,340.177721345965,28.7,79.65,4,1,0,0,339.768758185374,330.3373831514118,0,0
2025-04-29 05:00:00+05:30,342.1716693413465,28.625,79.7,5,1,0,0,340.177721345965,329.4187284316193,0,0
2025-04-29 05:15:00+05:30,344.2478165875356,28.575,80.45,5,1,0,0,342.1716693413465,329.3719546915654,0,0
2025-04-29 05:30:00+05:30,346.4479084860065,28.6,81.025,5,1,0,0,344.2478165875356,334.7927172020124,0,0
2025-04-29 05:45:00+05:30,351.5476694434379,28.55,81.725,5,1,0,0,346.4479084860065,338.5833552317461,0,0
2025-04-29 06:00:00+05:30,357.05805614173806,28.55,81.975,6,1,0,0,351.5476694434379,344.06321918917,0,0
2025-04-29 06:15:00+05:30,365.1548463349805,28.6,82.325,6,1,0,0,357.05805614173806,356.5934533441693,0,0
2025-04-29 06:30:00+05:30,372.2778634004656,28.75,82.2,6,1,0,0,365.1548463349805,363.3625696773867,0,0
2025-04-29 06:45:00+05:30,381.5983647348745,28.9,82.025,6,1,0,0,372.2778634004656,376.0219254554693,0,0
2025-04-29 07:00:00+05:30,397.46046781032,29.125,81.4,7,1,0,0,381.5983647348745,390.4188601371836,0,0
2025-04-29 07:15:00+05:30,413.869159754309,29.4,80.3,7,1,0,0,397.46046781032,403.3162630708958,0,0
2025-04-29 07:30:00+05:30,434.29709556868096,29.625,79.175,7,1,0,0,413.869159754309,422.7762899647626,0,0
2025-04-29 07:45:00+05:30,455.3084632284704,29.875,78.25,7,1,0,0,434.29709556868096,444.7741244981756,0,0
2025-04-29 08:00:00+05:30,478.05877752412937,30.275,75.775,8,1,0,0,455.3084632284704,470.2433936579102,0,0
2025-04-29 08:15:00+05:30,498.042584040671,30.55,74.175,8,1,0,0,478.05877752412937,492.9845734170594,0,0
2025-04-29 08:30:00+05:30,517.97426547039,30.725,72.525,8,1,0,0,498.042584040671,515.4892848371824,0,0
2025-04-29 08:45:00+05:30,536.5035047352148,31.1,70.875,8,1,0,0,517.97426547039,534.9559028230606,0,0
2025-04-29 09:00:00+05:30,551.354209960401,31.3,69.95,9,1,0,1,536.5035047352148,549.2766915538848,0,0
2025-04-29 09:15:00+05:30,565.0468640440804,31.65,68.425,9,1,0,1,551.354209960401,562.1829597927682,0,0
2025-04-29 09:30:00+05:30,573.1414244706905,31.975,67.9,9,1,0,1,565.0468640440804,570.8858214797872,0,0
2025-04-29 09:45:00+05:30,586.5748869191635,31.95,68.05,9,1,0,1,573.1414244706905,582.9101246405183,0,0
2025-04-29 10:00:00+05:30,593.6221082338215,32.175,67.0,10,1,0,1,586.5748869191635,589.5632394408615,0,0
2025-04-29 10:15:00+05:30,597.9726686959764,32.6,65.9,10,1,0,1,593.6221082338215,599.4068595868234,0,0
2025-04-29 10:30:00+05:30,604.9907232097765,32.675,65.825,10,1,0,1,597.9726686959764,605.2194141542998,0,0
2025-04-29 10:45:00+05:30,610.1010213078209,32.825,65.6,10,1,0,1,604.9907232097765,609.7284483867674,0,0
2025-04-29 11:00:00+05:30,610.3812479765094,32.9,65.1,11,1,0,1,610.1010213078209,609.3528692414163,0,0
2025-04-29 11:15:00+05:30,613.0394699666736,32.95,64.75,11,1,0,1,610.3812479765094,607.6619492577172,0,0
2025-04-29 11:30:00+05:30,613.6559314242105,33.325,63.625,11,1,0,1,613.0394699666736,611.5072920937727,0,0
2025-04-29 11:45:00+05:30,612.0814960111885,33.5,63.125,11,1,0,1,613.6559314242105,611.331592955145,0,0
2025-04-29 12:00:00+05:30,612.6368263198029,33.775,62.3,12,1,0,1,612.0814960111885,612.0191349573392,0,0
2025-04-29 12:15:00+05:30,612.1641887564931,34.05,61.175,12,1,0,1,612.6368263198029,608.5953545385935,0,0
2025-04-29 12:30:00+05:30,609.8595905240204,33.925,61.2,12,1,0,1,612.1641887564931,606.144969874556,0,0
2025-04-29 12:45:00+05:30,609.9530536940186,33.9,61.2,12,1,0,1,609.8595905240204,604.7143211874658,0,0
2025-04-29 13:00:00+05:30,606.9543804156629,34.125,59.775,13,1,0,1,609.9530536940186,601.9141076743978,0,0
2025-04-29 13:15:00+05:30,600.7475270671266,34.3,59.325,13,1,0,1,606.9543804156629,599.8919150710419,0,0
2025-04-29 13:30:00+05:30,600.5823023510235,34.175,59.0,13,1,0,1,600.7475270671266,599.4827920521345,0,0
2025-04-29 13:45:00+05:30,605.103719915967,34.275,58.9,13,1,0,1,600.5823023510235,604.9583716676457,0,0
2025-04-29 14:00:00+05:30,606.687163557844,34.45,58.55,14,1,0,1,605.103719915967,605.1658049652542,0,0
2025-04-29 14:15:00+05:30,612.995181532224,34.6,58.05,14,1,0,1,606.687163557844,611.8044052481854,0,0
2025-04-29 14:30:00+05:30,616.5024790162805,34.1,59.025,14,1,0,1,612.995181532224,614.6490236582265,0,0
2025-04-29 14:45:00+05:30,618.0107596717705,34.3,58.45,14,1,0,1,616.5024790162805,616.0279546975285,0,0
2025-04-29 15:00:00+05:30,616.9243757791025,34.325,59.075,15,1,0,1,618.0107596717705,615.4877879691239,0,0
2025-04-29 15:15:00+05:30,617.1952348203849,34.375,59.6,15,1,0,1,616.9243757791025,615.2815475004339,0,0
2025-04-29 15:30:00+05:30,618.507000837487,34.1,61.225,15,1,0,1,617.1952348203849,615.0867895961397,0,0
2025-04-29 15:45:00+05:30,616.6039044487121,34.175,61.6,15,1,0,1,618.507000837487,612.9468640516586,0,0
2025-04-29 16:00:00+05:30,615.3850004236106,34.225,61.175,16,1,0,1,616.6039044487121,609.717612192435,0,0
2025-04-29 16:15:00+05:30,611.359355397649,33.95,62.325,16,1,0,1,615.3850004236106,605.4726300816346,0,0
2025-04-29 16:30:00+05:30,607.6222217938646,33.675,62.825,16,1,0,1,611.359355397649,602.9157129162509,0,0
2025-04-29 16:45:00+05:30,604.6105911656737,33.675,63.3,16,1,0,1,607.6222217938646,596.8220555336596,0,0
2025-04-29 17:00:00+05:30,600.6693169122934,33.575,64.15,17,1,0,1,604.6105911656737,589.5587512329065,0,0
2025-04-29 17:15:00+05:30,595.8263222114113,33.1,65.3,17,1,0,1,600.6693169122934,587.4290761675022,0,0
2025-04-29 17:30:00+05:30,588.3628252810043,33.375,64.575,17,1,0,1,595.8263222114113,579.7740349069674,0,0
2025-04-29 17:45:00+05:30,577.3194534420194,32.4,67.25,17,1,0,1,588.3628252810043,566.5768090176573,0,0
2025-04-29 18:00:00+05:30,563.5218138760019,32.1,68.1,18,1,0,0,577.3194534420194,554.464711312848,0,0
2025-04-29 18:15:00+05:30,552.692366274454,31.675,69.875,18,1,0,0,563.5218138760019,547.0489612236679,0,0
2025-04-29 18:30:00+05:30,543.0405626931876,31.325,70.85,18,1,0,0,552.692366274454,539.5041799590233,0,0
2025-04-29 18:45:00+05:30,538.7416743406769,31.1,71.825,18,1,0,0,543.0405626931876,531.9677206448023,0,0
2025-04-29 19:00:00+05:30,529.6047997152726,30.775,73.025,19,1,0,0,538.7416743406769,525.0069910954154,0,0
2025-04-29 19:15:00+05:30,521.7640858879275,30.575,73.975,19,1,0,0,529.6047997152726,520.2311812201401,0,0
2025-04-29 19:30:00+05:30,514.22982959594,30.475,74.925,19,1,0,0,521.7640858879275,513.9813621582275,0,0
2025-04-29 19:45:00+05:30,508.5362099065394,30.375,75.425,19,1,0,0,514.22982959594,506.5304137297081,0,0
2025-04-29 20:00:00+05:30,498.6208117349898,30.325,75.875,20,1,0,0,508.5362099065394,498.553080247486,0,0
2025-04-29 20:15:00+05:30,491.5737694123636,30.3,76.425,20,1,0,0,498.6208117349898,488.0337359442704,0,0
2025-04-29 20:30:00+05:30,486.5019576140561,30.225,76.875,20,1,0,0,491.5737694123636,483.86500460151495,0,0
2025-04-29 20:45:00+05:30,483.4810754012896,30.2,76.75,20,1,0,0,486.5019576140561,480.1259719922136,0,0
2025-04-29 21:00:00+05:30,478.79972637408105,30.025,77.425,21,1,0,0,483.4810754012896,476.42173071629577,0,0
2025-04-29 21:15:00+05:30,481.035167550002,30.05,77.45,21,1,0,0,478.79972637408105,472.2039446520119,0,0
2025-04-29 21:30:00+05:30,472.2229308438995,29.975,77.725,21,1,0,0,481.035167550002,467.3582374072232,0,0
2025-04-29 21:45:00+05:30,470.5436018235399,29.875,78.15,21,1,0,0,472.2229308438995,463.4900303359586,0,0
2025-04-29 22:00:00+05:30,460.09771993531496,29.875,78.15,22,1,0,0,470.5436018235399,456.6085823628372,0,0
2025-04-29 22:15:00+05:30,451.7620925848301,29.8,78.525,22,1,0,0,460.09771993531496,451.6843019363872,0,0
2025-04-29 22:30:00+05:30,450.3444323188365,29.8,78.575,22,1,0,0,451.7620925848301,448.2163596879116,0,0
2025-04-29 22:45:00+05:30,448.651126142554,29.775,78.425,22,1,0,0,450.3444323188365,445.7959999143888,0,0
2025-04-29 23:00:00+05:30,442.5252067249315,29.75,78.45,23,1,0,0,448.651126142554,440.5938797971914,0,0
2025-04-29 23:15:00+05:30,434.7104694035991,29.775,78.375,23,1,0,0,442.5252067249315,436.17110172096886,0,0
2025-04-29 23:30:00+05:30,431.050609804368,29.625,78.875,23,1,0,0,434.7104694035991,430.2904034991409,0,0
2025-04-29 23:45:00+05:30,428.4009246810415,29.55,79.1,23,1,0,0,431.050609804368,427.3526277624112,0,0
2025-04-30 00:00:00+05:30,422.5620992001043,29.45,79.4,0,2,0,0,428.4009246810415,421.4379952022359,0,0
2025-04-30 00:15:00+05:30,414.8942335657386,29.35,79.5,0,2,0,0,422.5620992001043,413.68078453745056,0,0
2025-04-30 00:30:00+05:30,405.8356767500641,29.325,80.025,0,2,0,0,414.8942335657386,405.934784319757,0,0
2025-04-30 00:45:00+05:30,397.7663855171875,29.25,80.15,0,2,0,0,405.8356767500641,400.3274675238175,0,0
2025-04-30 01:00:00+05:30,392.71250464958666,29.2,80.575,1,2,0,0,397.7663855171875,394.8338390673584,0,0
2025-04-30 01:15:00+05:30,387.62795785328296,29.225,80.125,1,2,0,0,392.71250464958666,387.9718982067695,0,0
2025-04-30 01:30:00+05:30,382.0080021499516,29.225,80.125,1,2,0,0,387.62795785328296,382.35810136051504,0,0
2025-04-30 01:45:00+05:30,378.2348363068903,29.25,79.55,1,2,0,0,382.0080021499516,378.3810271149735,0,0
2025-04-30 02:00:00+05:30,373.2674520490684,29.175,79.175,2,2,0,0,378.2348363068903,367.6823513678574,0,0
2025-04-30 02:15:00+05:30,368.2094621018435,29.125,79.175,2,2,0,0,373.2674520490684,365.1732541784094,0,0
2025-04-30 02:30:00+05:30,365.63130086556913,29.05,78.625,2,2,0,0,368.2094621018435,360.8240384872665,0,0
2025-04-30 02:45:00+05:30,362.3224079295815,29.025,78.95,2,2,0,0,365.63130086556913,358.917304128416,0,0
2025-04-30 03:00:00+05:30,357.8108730893857,28.95,78.7,3,2,0,0,362.3224079295815,354.07645474947753,0,0
2025-04-30 03:15:00+05:30,354.70385543044983,28.95,78.7,3,2,0,0,357.8108730893857,350.38235919980053,0,0
2025-04-30 03:30:00+05:30,351.82362536333915,28.95,78.8,3,2,0,0,354.70385543044983,347.1341381635866,0,0
2025-04-30 03:45:00+05:30,348.093577340133,28.9,79.35,3,2,0,0,351.82362536333915,344.82176315422896,0,0
2025-04-30 04:00:00+05:30,344.9393548747882,28.825,79.575,4,2,0,0,348.093577340133,341.4688510441455,0,0
2025-04-30 04:15:00+05:30,343.7146427464336,28.975,79.625,4,2,0,0,344.9393548747882,340.1950248928415,0,0
2025-04-30 04:30:00+05:30,341.9424706606344,28.95,79.875,4,2,0,0,343.7146427464336,339.768758185374,0,0
2025-04-30 04:45:00+05:30,341.7021237151016,28.925,80.225,4,2,0,0,341.9424706606344,340.177721345965,0,0
2025-04-30 05:00:00+05:30,342.70970643966865,29.0,79.875,5,2,0,0,341.7021237151016,342.1716693413465,0,0
2025-04-30 05:15:00+05:30,341.67874176596825,29.05,79.425,5,2,0,0,342.70970643966865,344.2478165875356,0,0
2025-04-30 05:30:00+05:30,343.58217816207133,28.975,79.475,5,2,0,0,341.67874176596825,346.4479084860065,0,0
2025-04-30 05:45:00+05:30,349.88878614067977,28.95,79.95,5,2,0,0,343.58217816207133,351.5476694434379,0,0
2025-04-30 06:00:00+05:30,357.9552080427282,28.975,79.8,6,2,0,0,349.88878614067977,357.05805614173806,0,0
2025-04-30 06:15:00+05:30,370.01860830544143,29.05,79.775,6,2,0,0,357.9552080427282,365.1548463349805,0,0
2025-04-30 06:30:00+05:30,380.6854808450882,29.2,79.275,6,2,0,0,370.01860830544143,372.2778634004656,0,0
2025-04-30 06:45:00+05:30,390.5700207097796,29.375,79.125,6,2,0,0,380.6854808450882,381.5983647348745,0,0
2025-04-30 07:00:00+05:30,404.20639961356414,29.525,78.8,7,2,0,0,390.5700207097796,397.46046781032,0,0
2025-04-30 07:15:00+05:30,420.2791993940596,29.725,78.6,7,2,0,0,404.20639961356414,413.869159754309,0,0
2025-04-30 07:30:00+05:30,439.2308415355659,30.075,78.3,7,2,0,0,420.2791993940596,434.29709556868096,0,0
2025-04-30 07:45:00+05:30,463.3142138414476,30.4,76.9,7,2,0,0,439.2308415355659,455.3084632284704,0,0
2025-04-30 08:00:00+05:30,483.044233899661,30.7,75.125,8,2,0,0,463.3142138414476,478.05877752412937,0,0
2025-04-30 08:15:00+05:30,504.1166345022238,31.0,73.8,8,2,0,0,483.044233899661,498.042584040671,0,0
2025-04-30 08:30:00+05:30,526.0883589164752,31.35,72.35,8,2,0,0,504.1166345022238,517.97426547039,0,0
2025-04-30 08:45:00+05:30,544.8682383397645,31.45,70.875,8,2,0,0,526.0883589164752,536.5035047352148,0,0
2025-04-30 09:00:00+05:30,557.142526933762,31.5,70.5,9,2,0,1,544.8682383397645,551.354209960401,0,0
2025-04-30 09:15:00+05:30,571.5938127018262,31.725,69.725,9,2,0,1,557.142526933762,565.0468640440804,0,0
2025-04-30 09:30:00+05:30,582.9332924592823,31.925,69.075,9,2,0,1,571.5938127018262,573.1414244706905,0,0
2025-04-30 09:45:00+05:30,592.5883654793555,32.1,68.725,9,2,0,1,582.9332924592823,586.5748869191635,0,0
2025-04-30 10:00:00+05:30,601.3603076363923,32.4,67.3,10,2,0,1,592.5883654793555,593.6221082338215,0,0
2025-04-30 10:15:00+05:30,610.855312142824,32.75,66.75,10,2,0,1,601.3603076363923,597.9726686959764,0,0
2025-04-30 10:30:00+05:30,615.1441070279734,32.8,66.0,10,2,0,1,610.855312142824,604.9907232097765,0,0
2025-04-30 10:45:00+05:30,620.6467255877122,33.2,65.1,10,2,0,1,615.1441070279734,610.1010213078209,0,0
2025-04-30 11:00:00+05:30,622.6166068554363,33.15,65.0,11,2,0,1,620.6467255877122,610.3812479765094,0,0
2025-04-30 11:15:00+05:30,624.053361861724,33.425,63.725,11,2,0,1,622.6166068554363,613.0394699666736,0,0
2025-04-30 11:30:00+05:30,623.4012179572292,33.525,63.425,11,2,0,1,624.053361861724,613.6559314242105,0,0
2025-04-30 11:45:00+05:30,622.896707338842,33.9,62.575,11,2,0,1,623.4012179572292,612.0814960111885,0,0
2025-04-30 12:00:00+05:30,623.7468831972923,33.975,62.225,12,2,0,1,622.896707338842,612.6368263198029,0,0
2025-04-30 12:15:00+05:30,627.5563205619778,34.275,61.725,12,2,0,1,623.7468831972923,612.1641887564931,0,0
2025-04-30 12:30:00+05:30,624.1935050424306,34.3,61.3,12,2,0,1,627.5563205619778,609.8595905240204,0,0
2025-04-30 12:45:00+05:30,620.1766294878573,33.95,62.175,12,2,0,1,624.1935050424306,609.9530536940186,0,0
2025-04-30 13:00:00+05:30,618.4907178107483,34.25,61.425,13,2,0,1,620.1766294878573,606.9543804156629,0,0
2025-04-30 13:15:00+05:30,617.6437742723667,34.3,61.7,13,2,0,1,618.4907178107483,600.7475270671266,0,0
2025-04-30 13:30:00+05:30,614.3772038540186,34.3,61.8,13,2,0,1,617.6437742723667,600.5823023510235,0,0
2025-04-30 13:45:00+05:30,615.6416246664087,34.1,62.475,13,2,0,1,614.3772038540186,605.103719915967,0,0
2025-04-30 14:00:00+05:30,621.7463024404543,34.25,62.5,14,2,0,1,615.6416246664087,606.687163557844,0,0
2025-04-30 14:15:00+05:30,628.6331312699355,34.425,61.975,14,2,0,1,621.7463024404543,612.995181532224,0,0
2025-04-30 14:30:00+05:30,629.1840965506304,34.2,62.175,14,2,0,1,628.6331312699355,616.5024790162805,0,0
2025-04-30 14:45:00+05:30,634.156857310404,34.1,62.075,14,2,0,1,629.1840965506304,618.0107596717705,0,0
2025-04-30 15:00:00+05:30,632.5753008759763,33.7,63.9,15,2,0,1,634.156857310404,616.9243757791025,0,0
2025-04-30 15:15:00+05:30,628.4359118783557,33.95,63.25,15,2,0,1,632.5753008759763,617.1952348203849,0,0
2025-04-30 15:30:00+05:30,627.7694935091539,33.75,64.3,15,2,0,1,628.4359118783557,618.507000837487,0,0
2025-04-30 15:45:00+05:30,624.8218210979446,33.625,65.225,15,2,0,1,627.7694935091539,616.6039044487121,0,0
2025-04-30 16:00:00+05:30,625.5487480321412,33.75,64.55,16,2,0,1,624.8218210979446,615.3850004236106,0,0
2025-04-30 16:15:00+05:30,620.826455002262,33.825,64.075,16,2,0,1,625.5487480321412,611.359355397649,0,0
2025-04-30 16:30:00+05:30,617.7162712201691,33.725,65.3,16,2,0,1,620.826455002262,607.6222217938646,0,0
2025-04-30 16:45:00+05:30,614.9353323877554,33.375,66.325,16,2,0,1,617.7162712201691,604.6105911656737,0,0
2025-04-30 17:00:00+05:30,605.7139159786697,32.875,67.225,17,2,0,1,614.9353323877554,600.6693169122934,0,0
2025-04-30 17:15:00+05:30,598.0175524727144,32.675,68.025,17,2,0,1,605.7139159786697,595.8263222114113,0,0
2025-04-30 17:30:00+05:30,586.6796190549301,32.375,69.425,17,2,0,1,598.0175524727144,588.3628252810043,0,0
2025-04-30 17:45:00+05:30,576.9607562642066,31.95,70.375,17,2,0,1,586.6796190549301,577.3194534420194,0,0
2025-04-30 18:00:00+05:30,565.8854790558776,31.65,71.375,18,2,0,0,576.9607562642066,563.5218138760019,0,0
2025-04-30 18:15:00+05:30,558.7307256051208,31.3,73.075,18,2,0,0,565.8854790558776,552.692366274454,0,0
2025-04-30 18:30:00+05:30,547.0770050752003,30.925,74.15,18,2,0,0,558.7307256051208,543.0405626931876,0,0
2025-04-30 18:45:00+05:30,537.7441387726334,30.675,75.1,18,2,0,0,547.0770050752003,538.7416743406769,0,0
2025-04-30 19:00:00+05:30,533.4169179408883,30.45,75.875,19,2,0,0,537.7441387726334,529.6047997152726,0,0
2025-04-30 19:15:00+05:30,524.8424246523963,30.375,76.675,19,2,0,0,533.4169179408883,521.7640858879275,0,0
2025-04-30 19:30:00+05:30,518.031037095559,30.25,76.825,19,2,0,0,524.8424246523963,514.22982959594,0,0
2025-04-30 19:45:00+05:30,512.2620612392311,30.2,77.05,19,2,0,0,518.031037095559,508.5362099065394,0,0
2025-04-30 20:00:00+05:30,504.7610724886309,30.15,77.275,20,2,0,0,512.2620612392311,498.6208117349898,0,0
2025-04-30 20:15:00+05:30,495.7783570757214,30.125,77.125,20,2,0,0,504.7610724886309,491.5737694123636,0,0
2025-04-30 20:30:00+05:30,487.3501728738556,30.075,77.475,20,2,0,0,495.7783570757214,486.5019576140561,0,0
2025-04-30 20:45:00+05:30,480.6927039975977,29.95,77.95,20,2,0,0,487.3501728738556,483.4810754012896,0,0
2025-04-30 21:00:00+05:30,474.1414017711211,29.925,78.2,21,2,0,0,480.6927039975977,478.79972637408105,0,0
2025-04-30 21:15:00+05:30,472.19193601959,29.875,78.5,21,2,0,0,474.1414017711211,481.035167550002,0,0
2025-04-30 21:30:00+05:30,468.78029446498425,29.8,78.875,21,2,0,0,472.19193601959,472.2229308438995,0,0
2025-04-30 21:45:00+05:30,462.7771772188768,29.8,79.1,21,2,0,0,468.78029446498425,470.5436018235399,0,0
2025-04-30 22:00:00+05:30,454.4712943372567,29.7,79.775,22,2,0,0,462.7771772188768,460.09771993531496,0,0
2025-04-30 22:15:00+05:30,448.3760609064038,29.7,79.85,22,2,0,0,454.4712943372567,451.7620925848301,0,0
2025-04-30 22:30:00+05:30,448.6939616762214,29.675,80.075,22,2,0,0,448.3760609064038,450.3444323188365,0,0
2025-04-30 22:45:00+05:30,445.3789198839223,29.6,80.175,22,2,0,0,448.6939616762214,448.651126142554,0,0
2025-04-30 23:00:00+05:30,438.9695262984768,29.575,80.725,23,2,0,0,445.3789198839223,442.5252067249315,0,0
2025-04-30 23:15:00+05:30,435.53504238606126,29.525,80.725,23,2,0,0,438.9695262984768,434.7104694035991,0,0
2025-04-30 23:30:00+05:30,431.1860576574053,29.5,80.55,23,2,0,0,435.53504238606126,431.050609804368,0,0
2025-04-30 23:45:00+05:30,428.5973990460356,29.5,80.425,23,2,0,0,431.1860576574053,428.4009246810415,0,0
2025-05-01 00:00:00+05:30,422.3911900787038,29.45,80.1,0,3,0,0,428.5973990460356,422.5620992001043,0,0
2025-05-01 00:15:00+05:30,416.6049167299347,29.45,80.475,0,3,0,0,422.3911900787038,414.8942335657386,0,0
2025-05-01 00:30:00+05:30,408.63944147781103,29.4,80.525,0,3,0,0,416.6049167299347,405.8356767500641,0,0
2025-05-01 00:45:00+05:30,403.6025190584939,29.275,80.475,0,3,0,0,408.63944147781103,397.7663855171875,0,0
2025-05-01 01:00:00+05:30,396.1346618184873,29.2,80.8,1,3,0,0,403.6025190584939,392.71250464958666,0,0
2025-05-01 01:15:00+05:30,389.6233495763368,29.225,80.35,1,3,0,0,396.1346618184873,387.62795785328296,0,0
2025-05-01 01:30:00+05:30,386.3008557512538,29.2,80.275,1,3,0,0,389.6233495763368,382.0080021499516,0,0
2025-05-01 01:45:00+05:30,381.6764104261477,29.225,80.1,1,3,0,0,386.3008557512538,378.2348363068903,0,0
2025-05-01 02:00:00+05:30,375.5866485970752,29.15,80.175,2,3,0,0,381.6764104261477,373.2674520490684,0,0
2025-05-01 02:15:00+05:30,371.1561755095344,29.125,80.35,2,3,0,0,375.5866485970752,368.2094621018435,0,0
2025-05-01 02:30:00+05:30,366.5750263478422,29.075,80.625,2,3,0,0,371.1561755095344,365.63130086556913,0,0
2025-05-01 02:45:00+05:30,362.4875395900342,29.0,80.65,2,3,0,0,366.5750263478422,362.3224079295815,0,0
2025-05-01 03:00:00+05:30,356.65360777366453,29.05,80.775,3,3,0,0,362.4875395900342,357.8108730893857,0,0
2025-05-01 03:15:00+05:30,352.37876706432115,29.0,80.625,3,3,0,0,356.65360777366453,354.70385543044983,0,0
2025-05-01 03:30:00+05:30,349.80927075078955,28.925,80.925,3,3,0,0,352.37876706432115,351.82362536333915,0,0
2025-05-01 03:45:00+05:30,346.71126068263726,28.925,80.425,3,3,0,0,349.80927075078955,348.093577340133,0,0
2025-05-01 04:00:00+05:30,344.3388734680888,28.875,80.5,4,3,0,0,346.71126068263726,344.9393548747882,0,0
2025-05-01 04:15:00+05:30,342.87753907122215,28.875,80.725,4,3,0,0,344.3388734680888,343.7146427464336,0,0
2025-05-01 04:30:00+05:30,341.2185419593742,28.8,80.925,4,3,0,0,342.87753907122215,341.9424706606344,0,0
2025-05-01 04:45:00+05:30,339.3718266616156,28.775,81.275,4,3,0,0,341.2185419593742,341.7021237151016,0,0
2025-05-01 05:00:00+05:30,338.48002671962405,28.8,81.175,5,3,0,0,339.3718266616156,342.70970643966865,0,0
2025-05-01 05:15:00+05:30,338.56825363598784,28.825,81.1,5,3,0,0,338.48002671962405,341.67874176596825,0,0
2025-05-01 05:30:00+05:30,339.0173102175914,28.8,81.325,5,3,0,0,338.56825363598784,343.58217816207133,0,0
2025-05-01 05:45:00+05:30,337.75309014455456,28.75,81.275,5,3,0,0,339.0173102175914,349.88878614067977,0,0
2025-05-01 06:00:00+05:30,337.2576322072893,28.43333333,82.36666667,6,3,0,0,337.75309014455456,357.9552080427282,0,0
2025-05-01 06:15:00+05:30,338.15878177080083,28.5,82.9,6,3,0,0,337.2576322072893,370.01860830544143,0,0
2025-05-01 06:30:00+05:30,335.43233336562747,28.66666667,82.9,6,3,0,0,338.15878177080083,380.6854808450882,0,0
2025-05-01 06:45:00+05:30,337.6967889236243,28.96666667,82.83333333,6,3,0,0,335.43233336562747,390.5700207097796,0,0
2025-05-01 07:00:00+05:30,342.39889199363444,29.26666667,82.13333333,7,3,0,0,337.6967889236243,404.20639961356414,0,0
2025-05-01 07:15:00+05:30,347.16244975956147,29.46666667,80.43333333,7,3,0,0,342.39889199363444,420.2791993940596,0,0
2025-05-01 07:30:00+05:30,351.86582070706777,29.76666667,79.03333333,7,3,0,0,347.16244975956147,439.2308415355659,0,0
2025-05-01 07:45:00+05:30,358.9123856718404,30.1,77.1,7,3,0,0,351.86582070706777,463.3142138414476,0,0
2025-05-01 08:00:00+05:30,365.79450108286863,30.4,75.53333333,8,3,0,0,358.9123856718404,483.044233899661,0,0
2025-05-01 08:15:00+05:30,373.0792826190728,30.5,75.03333333,8,3,0,0,365.79450108286863,504.1166345022238,0,0
2025-05-01 08:30:00+05:30,379.7491813411687,31.13333333,72.63333333,8,3,0,0,373.0792826190728,526.0883589164752,0,0
2025-05-01 08:45:00+05:30,388.2526182014936,31.425,71.375,8,3,0,0,379.7491813411687,544.8682383397645,0,0
2025-05-01 09:00:00+05:30,390.96425313952153,31.575,70.65,9,3,0,1,388.2526182014936,557.142526933762,0,0
2025-05-01 09:15:00+05:30,397.1710975437105,31.85,70.425,9,3,0,1,390.96425313952153,571.5938127018262,0,0
2025-05-01 09:30:00+05:30,404.26180642367376,32.3,68.375,9,3,0,1,397.1710975437105,582.9332924592823,0,0
2025-05-01 09:45:00+05:30,410.3000221320583,32.5,68.075,9,3,0,1,404.26180642367376,592.5883654793555,0,0
2025-05-01 10:00:00+05:30,413.4726574416874,32.875,67.15,10,3,0,1,410.3000221320583,601.3603076363923,0,0
2025-05-01 10:15:00+05:30,418.2861690576326,33.075,66.45,10,3,0,1,413.4726574416874,610.855312142824,0,0
2025-05-01 10:30:00+05:30,424.43039240673744,32.9,66.7,10,3,0,1,418.2861690576326,615.1441070279734,0,0
2025-05-01 10:45:00+05:30,430.5063453945413,33.3,65.475,10,3,0,1,424.43039240673744,620.6467255877122,0,0
2025-05-01 11:00:00+05:30,433.3021830566664,33.55,64.975,11,3,0,1,430.5063453945413,622.6166068554363,0,0
2025-05-01 11:15:00+05:30,437.3056338930185,33.8,64.825,11,3,0,1,433.3021830566664,624.053361861724,0,0
2025-05-01 11:30:00+05:30,440.1840935843441,33.85,64.775,11,3,0,1,437.3056338930185,623.4012179572292,0,0
2025-05-01 11:45:00+05:30,443.2626880264656,34.0,64.425,11,3,0,1,440.1840935843441,622.896707338842,0,0
2025-05-01 12:00:00+05:30,443.7848404992855,34.0,64.275,12,3,0,1,443.2626880264656,623.7468831972923,0,0
2025-05-01 12:15:00+05:30,444.159106553332,34.075,64.65,12,3,0,1,443.7848404992855,627.5563205619778,0,0
2025-05-01 12:30:00+05:30,443.5469357039084,34.075,64.5,12,3,0,1,444.159106553332,624.1935050424306,0,0
2025-05-01 12:45:00+05:30,444.40774886776967,34.125,64.35,12,3,0,1,443.5469357039084,620.1766294878573,0,0
2025-05-01 13:00:00+05:30,445.9325761943447,34.375,64.075,13,3,0,1,444.40774886776967,618.4907178107483,0,0
2025-05-01 13:15:00+05:30,445.1297304916396,34.35,63.875,13,3,0,1,445.9325761943447,617.6437742723667,0,0
2025-05-01 13:30:00+05:30,444.0379035957005,34.125,64.475,13,3,0,1,445.1297304916396,614.3772038540186,0,0
2025-05-01 13:45:00+05:30,448.413997651734,34.125,64.475,13,3,0,1,444.0379035957005,615.6416246664087,0,0
2025-05-01 14:00:00+05:30,452.7882112292814,34.225,64.05,14,3,0,1,448.413997651734,621.7463024404543,0,0
2025-05-01 14:15:00+05:30,453.9206351165988,34.45,63.25,14,3,0,1,452.7882112292814,628.6331312699355,0,0
2025-05-01 14:30:00+05:30,456.4665017592734,34.525,63.4,14,3,0,1,453.9206351165988,629.1840965506304,0,0
2025-05-01 14:45:00+05:30,458.9411493688184,34.45,63.0,14,3,0,1,456.4665017592734,634.156857310404,0,0
2025-05-01 15:00:00+05:30,462.40243800937,34.425,63.425,15,3,0,1,458.9411493688184,632.5753008759763,0,0
2025-05-01 15:15:00+05:30,462.0372219365804,34.75,62.175,15,3,0,1,462.40243800937,628.4359118783557,0,0
2025-05-01 15:30:00+05:30,460.47549606324,34.725,61.95,15,3,0,1,462.0372219365804,627.7694935091539,0,0
2025-05-01 15:45:00+05:30,458.2844630007463,34.325,62.75,15,3,0,1,460.47549606324,624.8218210979446,0,0
2025-05-01 16:00:00+05:30,454.86919689811134,34.175,62.95,16,3,0,1,458.2844630007463,625.5487480321412,0,0
2025-05-01 16:15:00+05:30,453.8262511761608,34.35,62.125,16,3,0,1,454.86919689811134,620.826455002262,0,0
2025-05-01 16:30:00+05:30,450.3825191622109,34.375,61.75,16,3,0,1,453.8262511761608,617.7162712201691,0,0
2025-05-01 16:45:00+05:30,443.7860512305091,33.95,63.075,16,3,0,1,450.3825191622109,614.9353323877554,0,0
2025-05-01 17:00:00+05:30,442.1992614082811,33.8,62.975,17,3,0,1,443.7860512305091,605.7139159786697,0,0
2025-05-01 17:15:00+05:30,441.6890213954265,33.375,64.925,17,3,0,1,442.1992614082811,598.0175524727144,0,0
2025-05-01 17:30:00+05:30,436.7272303119132,33.225,65.25,17,3,0,1,441.6890213954265,586.6796190549301,0,0
2025-05-01 17:45:00+05:30,432.1462654237517,32.975,66.65,17,3,0,1,436.7272303119132,576.9607562642066,0,0
2025-05-01 18:00:00+05:30,430.03542023909046,32.375,68.175,18,3,0,0,432.1462654237517,565.8854790558776,0,0
2025-05-01 18:15:00+05:30,426.5600652845061,31.975,68.725,18,3,0,0,430.03542023909046,558.7307256051208,0,0
2025-05-01 18:30:00+05:30,426.2815466340589,31.525,70.075,18,3,0,0,426.5600652845061,547.0770050752003,0,0
2025-05-01 18:45:00+05:30,427.9981309963479,31.2,71.8,18,3,0,0,426.2815466340589,537.7441387726334,0,0
2025-05-01 19:00:00+05:30,430.1730073556348,30.95,72.975,19,3,0,0,427.9981309963479,533.4169179408883,0,0
2025-05-01 19:15:00+05:30,431.69338821273226,30.825,73.725,19,3,0,0,430.1730073556348,524.8424246523963,0,0
2025-05-01 19:30:00+05:30,432.92261167586827,30.775,74.35,19,3,0,0,431.69338821273226,518.031037095559,0,0
2025-05-01 19:45:00+05:30,432.6988731953578,30.625,75.075,19,3,0,0,432.92261167586827,512.2620612392311,0,0
2025-05-01 20:00:00+05:30,433.3561215686025,30.575,75.8,20,3,0,0,432.6988731953578,504.7610724886309,0,0
2025-05-01 20:15:00+05:30,430.7889824293957,30.5,76.35,20,3,0,0,433.3561215686025,495.7783570757214,0,0
2025-05-01 20:30:00+05:30,430.6494432484092,30.35,77.4,20,3,0,0,430.7889824293957,487.3501728738556,0,0
2025-05-01 20:45:00+05:30,432.5852284196218,30.325,77.525,20,3,0,0,430.6494432484092,480.6927039975977,0,0
2025-05-01 21:00:00+05:30,430.9820988592826,30.275,78.125,21,3,0,0,432.5852284196218,474.1414017711211,0,0
2025-05-01 21:15:00+05:30,430.54967196729416,30.2,78.6,21,3,0,0,430.9820988592826,472.19193601959,0,0
2025-05-01 21:30:00+05:30,429.8646977708152,30.225,79.0,21,3,0,0,430.54967196729416,468.78029446498425,0,0
2025-05-01 21:45:00+05:30,428.8044029960171,30.075,79.575,21,3,0,0,429.8646977708152,462.7771772188768,0,0
2025-05-01 22:00:00+05:30,423.3119151552253,30.0,80.1,22,3,0,0,428.8044029960171,454.4712943372567,0,0
2025-05-01 22:15:00+05:30,420.6563241216198,30.075,80.525,22,3,0,0,423.3119151552253,448.3760609064038,0,0
2025-05-01 22:30:00+05:30,420.6197881913994,30.0,80.75,22,3,0,0,420.6563241216198,448.6939616762214,0,0
2025-05-01 22:45:00+05:30,418.4579180910303,29.925,81.1,22,3,0,0,420.6197881913994,445.3789198839223,0,0
2025-05-01 23:00:00+05:30,417.2295507847135,29.875,81.225,23,3,0,0,418.4579180910303,438.9695262984768,0,0
2025-05-01 23:15:00+05:30,413.1639857498935,29.775,81.45,23,3,0,0,417.2295507847135,435.53504238606126,0,0
2025-05-01 23:30:00+05:30,407.9239155999824,29.725,81.45,23,3,0,0,413.1639857498935,431.1860576574053,0,0
2025-05-01 23:45:00+05:30,403.0954984558387,29.7,81.7,23,3,0,0,407.9239155999824,428.5973990460356,0,0
2025-05-02 00:00:00+05:30,398.81816350929535,29.575,82.10000000000001,0,4,0,0,403.0954984558387,422.3911900787038,0,0
2025-05-02 00:15:00+05:30,394.5473959149408,29.525,81.825,0,4,0,0,398.81816350929535,416.6049167299347,0,0
2025-05-02 00:30:00+05:30,386.3678408848687,29.525,81.5,0,4,0,0,394.5473959149408,408.63944147781103,0,0
2025-05-02 00:45:00+05:30,380.5393904826975,29.475,81.05,0,4,0,0,386.3678408848687,403.6025190584939,0,0
2025-05-02 01:00:00+05:30,374.62297630572505,29.475,80.625,1,4,0,0,380.5393904826975,396.1346618184873,0,0
2025-05-02 01:15:00+05:30,368.3546065566329,29.4,80.325,1,4,0,0,374.62297630572505,389.6233495763368,0,0
2025-05-02 01:30:00+05:30,364.5964329807814,29.375,79.825,1,4,0,0,368.3546065566329,386.3008557512538,0,0
2025-05-02 01:45:00+05:30,361.72029760235233,29.275,79.2,1,4,0,0,364.5964329807814,381.6764104261477,0,0
2025-05-02 02:00:00+05:30,357.13302103642883,29.25,79.82499999999999,2,4,0,0,361.72029760235233,375.5866485970752,0,0
2025-05-02 02:15:00+05:30,352.6452072093944,29.225,80.15,2,4,0,0,357.13302103642883,371.1561755095344,0,0
2025-05-02 02:30:00+05:30,348.41627886437146,29.200000000000003,80.05,2,4,0,0,352.6452072093944,366.5750263478422,0,0
2025-05-02 02:45:00+05:30,346.0137343080547,29.125000000000004,80.14999999999999,2,4,0,0,348.41627886437146,362.4875395900342,0,0
2025-05-02 03:00:00+05:30,341.2843584405837,29.125,80.0,3,4,0,0,346.0137343080547,356.65360777366453,0,0
2025-05-02 03:15:00+05:30,338.90165131289547,29.025,80.02499999999999,3,4,0,0,341.2843584405837,352.37876706432115,0,0
2025-05-02 03:30:00+05:30,337.53659365242754,28.975,79.875,3,4,0,0,338.90165131289547,349.80927075078955,0,0
2025-05-02 03:45:00+05:30,333.98153118728374,28.975,79.625,3,4,0,0,337.53659365242754,346.71126068263726,0,0
2025-05-02 04:00:00+05:30,331.3826742791806,29.0,79.55,4,4,0,0,333.98153118728374,344.3388734680888,0,0
2025-05-02 04:15:00+05:30,329.8450660516986,28.875,79.92500000000001,4,4,0,0,331.3826742791806,342.87753907122215,0,0
2025-05-02 04:30:00+05:30,330.8233929069796,28.85,80.225,4,4,0,0,329.8450660516986,341.2185419593742,0,0
2025-05-02 04:45:00+05:30,330.55633176437124,28.8,80.525,4,4,0,0,330.8233929069796,339.3718266616156,0,0
2025-05-02 05:00:00+05:30,331.1720530110614,28.75,80.7,5,4,0,0,330.55633176437124,338.48002671962405,0,0
2025-05-02 05:15:00+05:30,331.942912631269,28.725,80.89999999999999,5,4,0,0,331.1720530110614,338.56825363598784,0,0
2025-05-02 05:30:00+05:30,333.2890012533593,28.725,80.85,5,4,0,0,331.942912631269,339.0173102175914,0,0
2025-05-02 05:45:00+05:30,338.1443615820768,28.65,81.19999999999999,5,4,0,0,333.2890012533593,337.75309014455456,0,0
2025-05-02 06:00:00+05:30,341.2945235973374,28.575,81.475,6,4,0,0,338.1443615820768,337.2576322072893,0,0
2025-05-02 06:15:00+05:30,348.7641107315881,28.55,81.925,6,4,0,0,341.2945235973374,338.15878177080083,0,0
2025-05-02 06:30:00+05:30,361.22911729668976,28.725,81.75,6,4,0,0,348.7641107315881,335.43233336562747,0,0
2025-05-02 06:45:00+05:30,371.260394102922,29.1,80.775,6,4,0,0,361.22911729668976,337.6967889236243,0,0
2025-05-02 07:00:00+05:30,386.951744141062,29.4,79.75,7,4,0,0,371.260394102922,342.39889199363444,0,0
2025-05-02 07:15:00+05:30,404.98757133290826,29.8,78.1,7,4,0,0,386.951744141062,347.16244975956147,0,0
2025-05-02 07:30:00+05:30,425.0086149683573,29.975,76.8,7,4,0,0,404.98757133290826,351.86582070706777,0,0
2025-05-02 07:45:00+05:30,445.7278076445573,30.225,75.60000000000001,7,4,0,0,425.0086149683573,358.9123856718404,0,0
2025-05-02 08:00:00+05:30,471.2807406449541,30.5,74.375,8,4,0,0,445.7278076445573,365.79450108286863,0,0
2025-05-02 08:15:00+05:30,495.5602627519074,30.7,73.1,8,4,0,0,471.2807406449541,373.0792826190728,0,0
2025-05-02 08:30:00+05:30,518.1765679338118,31.125,71.25,8,4,0,0,495.5602627519074,379.7491813411687,0,0
2025-05-02 08:45:00+05:30,536.2383996812376,31.525,68.45,8,4,0,0,518.1765679338118,388.2526182014936,0,0
2025-05-02 09:00:00+05:30,552.1663572740703,31.9,67.025,9,4,0,1,536.2383996812376,390.96425313952153,0,0
2025-05-02 09:15:00+05:30,567.3412904553653,32.099999999999994,65.625,9,4,0,1,552.1663572740703,397.1710975437105,0,0
2025-05-02 09:30:00+05:30,581.0374781369658,32.6,62.875,9,4,0,1,567.3412904553653,404.26180642367376,0,0
2025-05-02 09:45:00+05:30,591.5079608201374,33.025,59.975,9,4,0,1,581.0374781369658,410.3000221320583,0,0
2025-05-02 10:00:00+05:30,596.5387928520164,33.325,59.6,10,4,0,1,591.5079608201374,413.4726574416874,0,0
2025-05-02 10:15:00+05:30,605.058492293221,33.2,59.95,10,4,0,1,596.5387928520164,418.2861690576326,0,0
2025-05-02 10:30:00+05:30,611.3428440455967,33.55,60.175,10,4,0,1,605.058492293221,424.43039240673744,0,0
2025-05-02 10:45:00+05:30,614.7733162714223,33.724999999999994,60.05,10,4,0,1,611.3428440455967,430.5063453945413,0,0
2025-05-02 11:00:00+05:30,615.8592739583414,34.025,59.475,11,4,0,1,614.7733162714223,433.3021830566664,0,0
2025-05-02 11:15:00+05:30,620.2267683177353,34.2,60.6,11,4,0,1,615.8592739583414,437.3056338930185,0,0
2025-05-02 11:30:00+05:30,619.7530546039617,34.4,60.3,11,4,0,1,620.2267683177353,440.1840935843441,0,0
2025-05-02 11:45:00+05:30,617.8648783259473,34.475,60.4,11,4,0,1,619.7530546039617,443.2626880264656,0,0
2025-05-02 12:00:00+05:30,618.6659412335234,34.7,60.075,12,4,0,1,617.8648783259473,443.7848404992855,0,0
2025-05-02 12:15:00+05:30,619.8185191522466,34.724999999999994,59.775000000000006,12,4,0,1,618.6659412335234,444.159106553332,0,0
2025-05-02 12:30:00+05:30,614.8863070389724,34.7,59.925,12,4,0,1,619.8185191522466,443.5469357039084,0,0
2025-05-02 12:45:00+05:30,613.6568416779538,34.65,60.64999999999999,12,4,0,1,614.8863070389724,444.40774886776967,0,0
2025-05-02 13:00:00+05:30,611.34211031867,34.775,60.075,13,4,0,1,613.6568416779538,445.9325761943447,0,0
2025-05-02 13:15:00+05:30,607.812152227696,34.7,59.8,13,4,0,1,611.34211031867,445.1297304916396,0,0
2025-05-02 13:30:00+05:30,606.2831433897325,34.725,59.9,13,4,0,1,607.812152227696,444.0379035957005,0,0
2025-05-02 13:45:00+05:30,607.1544192285255,34.45,60.1,13,4,0,1,606.2831433897325,448.413997651734,0,0
2025-05-02 14:00:00+05:30,579.8121939105637,34.525,59.725,14,4,0,1,607.1544192285255,452.7882112292814,0,0
2025-05-02 14:15:00+05:30,605.5069159112825,34.775,58.95,14,4,0,1,579.8121939105637,453.9206351165988,0,0
2025-05-02 14:30:00+05:30,614.3467547155217,34.725,58.35,14,4,0,1,605.5069159112825,456.4665017592734,0,0
2025-05-02 14:45:00+05:30,620.4008734711826,34.550000000000004,58.225,14,4,0,1,614.3467547155217,458.9411493688184,0,0
2025-05-02 15:00:00+05:30,622.9384004271886,34.4,58.0,15,4,0,1,620.4008734711826,462.40243800937,0,0
2025-05-02 15:15:00+05:30,620.2926688164337,34.724999999999994,56.75,15,4,0,1,622.9384004271886,462.0372219365804,0,0
2025-05-02 15:30:00+05:30,618.9410193877324,34.849999999999994,55.925,15,4,0,1,620.2926688164337,460.47549606324,0,0
2025-05-02 15:45:00+05:30,616.6453236161627,34.8,55.375,15,4,0,1,618.9410193877324,458.2844630007463,0,0
2025-05-02 16:00:00+05:30,613.6808976266393,34.625,56.1,16,4,0,1,616.6453236161627,454.86919689811134,0,0
2025-05-02 16:15:00+05:30,615.1739097358145,34.575,55.225,16,4,0,1,613.6808976266393,453.8262511761608,0,0
2025-05-02 16:30:00+05:30,607.4432568466272,34.425,55.6,16,4,0,1,615.1739097358145,450.3825191622109,0,0
2025-05-02 16:45:00+05:30,599.688957219685,34.825,54.3,16,4,0,1,607.4432568466272,443.7860512305091,0,0
2025-05-02 17:00:00+05:30,592.8543855783691,34.2,56.375,17,4,0,1,599.688957219685,442.1992614082811,0,0
2025-05-02 17:15:00+05:30,586.9776936522554,34.125,56.6,17,4,0,1,592.8543855783691,441.6890213954265,0,0
2025-05-02 17:30:00+05:30,578.7117996202736,34.025,56.825,17,4,0,1,586.9776936522554,436.7272303119132,0,0
2025-05-02 17:45:00+05:30,569.6603007180507,33.5,58.6,17,4,0,1,578.7117996202736,432.1462654237517,0,0
2025-05-02 18:00:00+05:30,560.5724754746182,32.875,60.475,18,4,0,0,569.6603007180507,430.03542023909046,0,0
2025-05-02 18:15:00+05:30,546.3052225393628,32.325,62.325,18,4,0,0,560.5724754746182,426.5600652845061,0,0
2025-05-02 18:30:00+05:30,537.0209630047132,31.75,63.675,18,4,0,0,546.3052225393628,426.2815466340589,0,0
2025-05-02 18:45:00+05:30,531.1430926692549,31.35,65.475,18,4,0,0,537.0209630047132,427.9981309963479,0,0
2025-05-02 19:00:00+05:30,524.4356681755104,31.1,66.44999999999999,19,4,0,0,531.1430926692549,430.1730073556348,0,0
2025-05-02 19:15:00+05:30,516.8281549583737,30.975,67.15,19,4,0,0,524.4356681755104,431.69338821273226,0,0
2025-05-02 19:30:00+05:30,511.29006716915416,30.825,67.775,19,4,0,0,516.8281549583737,432.92261167586827,0,0
2025-05-02 19:45:00+05:30,503.8213779803786,30.725,68.52499999999999,19,4,0,0,511.29006716915416,432.6988731953578,0,0
2025-05-02 20:00:00+05:30,496.7142257620188,30.6,69.4,20,4,0,0,503.8213779803786,433.3561215686025,0,0
2025-05-02 20:15:00+05:30,486.766840753386,30.575,69.32499999999999,20,4,0,0,496.7142257620188,430.7889824293957,0,0
2025-05-02 20:30:00+05:30,481.1936357606395,30.5,69.625,20,4,0,0,486.766840753386,430.6494432484092,0,0
2025-05-02 20:45:00+05:30,475.25177823582,30.375,69.075,20,4,0,0,481.1936357606395,432.5852284196218,0,0
2025-05-02 21:00:00+05:30,471.5377925879962,30.3,68.8,21,4,0,0,475.25177823582,430.9820988592826,0,0
2025-05-02 21:15:00+05:30,465.7456144644132,30.275,68.10000000000001,21,4,0,0,471.5377925879962,430.54967196729416,0,0
2025-05-02 21:30:00+05:30,458.9910967230779,30.275,68.05000000000001,21,4,0,0,465.7456144644132,429.8646977708152,0,0
2025-05-02 21:45:00+05:30,454.422132431808,30.2,67.42500000000001,21,4,0,0,458.9910967230779,428.8044029960171,0,0
2025-05-02 22:00:00+05:30,446.5168291868507,30.15,68.0,22,4,0,0,454.422132431808,423.3119151552253,0,0
2025-05-02 22:15:00+05:30,442.12067299932494,30.1,69.925,22,4,0,0,446.5168291868507,420.6563241216198,0,0
2025-05-02 22:30:00+05:30,438.3554062231296,29.975,71.375,22,4,0,0,442.12067299932494,420.6197881913994,0,0
2025-05-02 22:45:00+05:30,437.2359077312463,29.9,72.625,22,4,0,0,438.3554062231296,418.4579180910303,0,0
2025-05-02 23:00:00+05:30,432.7753240248806,29.8,73.625,23,4,0,0,437.2359077312463,417.2295507847135,0,0
2025-05-02 23:15:00+05:30,429.8903382452817,29.75,74.625,23,4,0,0,432.7753240248806,413.1639857498935,0,0
2025-05-02 23:30:00+05:30,423.985551475628,29.75,76.0,23,4,0,0,429.8903382452817,407.9239155999824,0,0
2025-05-02 23:45:00+05:30,420.8041210883055,29.65,76.875,23,4,0,0,423.985551475628,403.0954984558387,0,0
2025-05-03 00:00:00+05:30,415.28003909025136,29.65,77.875,0,5,1,0,420.8041210883055,398.81816350929535,0,0
2025-05-03 00:15:00+05:30,409.5593777174427,29.575,79.075,0,5,1,0,415.28003909025136,394.5473959149408,0,0
2025-05-03 00:30:00+05:30,402.83750081991474,29.525,79.975,0,5,1,0,409.5593777174427,386.3678408848687,0,0
2025-05-03 00:45:00+05:30,397.0136802422964,29.5,79.825,0,5,1,0,402.83750081991474,380.5393904826975,0,0
2025-05-03 01:00:00+05:30,391.3401300776984,29.525,79.125,1,5,1,0,397.0136802422964,374.62297630572505,0,0
2025-05-03 01:15:00+05:30,387.3647913175765,29.525,78.25,1,5,1,0,391.3401300776984,368.3546065566329,0,0
2025-05-03 01:30:00+05:30,382.6837919985834,29.525,77.625,1,5,1,0,387.3647913175765,364.5964329807814,0,0
2025-05-03 01:45:00+05:30,379.1057374947517,29.5,77.45,1,5,1,0,382.6837919985834,361.72029760235233,0,0
2025-05-03 02:00:00+05:30,375.3945186614493,29.375000000000004,77.8,2,5,1,0,379.1057374947517,357.13302103642883,0,0
2025-05-03 02:15:00+05:30,369.9943138100133,29.4,78.19999999999999,2,5,1,0,375.3945186614493,352.6452072093944,0,0
2025-05-03 02:30:00+05:30,365.08663830312594,29.325,78.325,2,5,1,0,369.9943138100133,348.41627886437146,0,0
2025-05-03 02:45:00+05:30,362.2455448011814,29.25,78.175,2,5,1,0,365.08663830312594,346.0137343080547,0,0
2025-05-03 03:00:00+05:30,357.1695804797355,29.125,78.7,3,5,1,0,362.2455448011814,341.2843584405837,0,0
2025-05-03 03:15:00+05:30,353.7391295854744,29.05,78.55,3,5,1,0,357.1695804797355,338.90165131289547,0,0
2025-05-03 03:30:00+05:30,350.20565399603754,29.05,78.725,3,5,1,0,353.7391295854744,337.53659365242754,0,0
2025-05-03 03:45:00+05:30,346.3275127568485,29.05,78.875,3,5,1,0,350.20565399603754,333.98153118728374,0,0
2025-05-03 04:00:00+05:30,344.0759953274928,29.05,78.825,4,5,1,0,346.3275127568485,331.3826742791806,0,0
2025-05-03 04:15:00+05:30,342.44249711442245,29.0,79.0,4,5,1,0,344.0759953274928,329.8450660516986,0,0
2025-05-03 04:30:00+05:30,341.1621596915037,28.925,78.95,4,5,1,0,342.44249711442245,330.8233929069796,0,0
2025-05-03 04:45:00+05:30,339.8650392012803,28.85,79.32499999999999,4,5,1,0,341.1621596915037,330.55633176437124,0,0
2025-05-03 05:00:00+05:30,338.3240768311158,28.825,79.69999999999999,5,5,1,0,339.8650392012803,331.1720530110614,0,0
2025-05-03 05:15:00+05:30,337.3013225263729,28.725,79.85,5,5,1,0,338.3240768311158,331.942912631269,0,0
2025-05-03 05:30:00+05:30,338.0868842192207,28.675,80.14999999999999,5,5,1,0,337.3013225263729,333.2890012533593,0,0
2025-05-03 05:45:00+05:30,339.8153748044117,28.6,80.35,5,5,1,0,338.0868842192207,338.1443615820768,0,0
2025-05-03 06:00:00+05:30,341.6853893405002,28.575000000000003,80.65,6,5,1,0,339.8153748044117,341.2945235973374,0,0
2025-05-03 06:15:00+05:30,343.01029965076214,28.65,80.725,6,5,1,0,341.6853893405002,348.7641107315881,0,0
2025-05-03 06:30:00+05:30,346.3362995238522,28.85,80.25,6,5,1,0,343.01029965076214,361.22911729668976,0,0
2025-05-03 06:45:00+05:30,350.9593654969591,29.1,79.75,6,5,1,0,346.3362995238522,371.260394102922,0,0
2025-05-03 07:00:00+05:30,360.0464016577554,29.45,78.625,7,5,1,0,350.9593654969591,386.951744141062,0,0
2025-05-03 07:15:00+05:30,369.50262751099854,29.725,77.14999999999999,7,5,1,0,360.0464016577554,404.98757133290826,0,0
2025-05-03 07:30:00+05:30,379.214188718096,29.825000000000003,76.025,7,5,1,0,369.50262751099854,425.0086149683573,0,0
2025-05-03 07:45:00+05:30,397.5062597977365,30.200000000000003,74.475,7,5,1,0,379.214188718096,445.7278076445573,0,0
2025-05-03 08:00:00+05:30,411.6401008959971,30.5,72.825,8,5,1,0,397.5062597977365,471.2807406449541,0,0
2025-05-03 08:15:00+05:30,423.5598053580543,30.8,72.25,8,5,1,0,411.6401008959971,495.5602627519074,0,0
2025-05-03 08:30:00+05:30,438.9546953447865,31.05,71.45,8,5,1,0,423.5598053580543,518.1765679338118,0,0
2025-05-03 08:45:00+05:30,453.9452379378712,31.475,69.97500000000001,8,5,1,0,438.9546953447865,536.2383996812376,0,0
2025-05-03 09:00:00+05:30,469.6413157446328,31.675,68.45,9,5,1,1,453.9452379378712,552.1663572740703,0,0
2025-05-03 09:15:00+05:30,478.3936848212678,31.925,67.4,9,5,1,1,469.6413157446328,567.3412904553653,0,0
2025-05-03 09:30:00+05:30,489.5064558333092,32.175,66.525,9,5,1,1,478.3936848212678,581.0374781369658,0,0
2025-05-03 09:45:00+05:30,499.0174228125532,32.224999999999994,65.825,9,5,1,1,489.5064558333092,591.5079608201374,0,0
2025-05-03 10:00:00+05:30,508.6951464366257,32.625,64.575,10,5,1,1,499.0174228125532,596.5387928520164,0,0
2025-05-03 10:15:00+05:30,518.3026099115101,32.875,63.6,10,5,1,1,508.6951464366257,605.058492293221,0,0
2025-05-03 10:30:00+05:30,524.2658497020526,33.05,62.375,10,5,1,1,518.3026099115101,611.3428440455967,0,0
2025-05-03 10:45:00+05:30,525.9764755484247,33.35,60.24999999999999,10,5,1,1,524.2658497020526,614.7733162714223,0,0
2025-05-03 11:00:00+05:30,529.3808272774337,33.6,58.25,11,5,1,1,525.9764755484247,615.8592739583414,0,0
2025-05-03 11:15:00+05:30,530.8766724345169,33.85,56.625,11,5,1,1,529.3808272774337,620.2267683177353,0,0
2025-05-03 11:30:00+05:30,531.4980779960166,34.175,55.150000000000006,11,5,1,1,530.8766724345169,619.7530546039617,0,0
2025-05-03 11:45:00+05:30,530.2300372673149,34.349999999999994,55.55,11,5,1,1,531.4980779960166,617.8648783259473,0,0
2025-05-03 12:00:00+05:30,529.4244117606196,34.375,54.72500000000001,12,5,1,1,530.2300372673149,618.6659412335234,0,0
2025-05-03 12:15:00+05:30,530.7219030309835,34.45,54.37499999999999,12,5,1,1,529.4244117606196,619.8185191522466,0,0
2025-05-03 12:30:00+05:30,523.7286347629112,34.8,53.8,12,5,1,1,530.7219030309835,614.8863070389724,0,0
2025-05-03 12:45:00+05:30,525.2490092211254,34.725,53.8,12,5,1,1,523.7286347629112,613.6568416779538,0,0
2025-05-03 13:00:00+05:30,518.2222321924078,34.95,54.35,13,5,1,1,525.2490092211254,611.34211031867,0,0
2025-05-03 13:15:00+05:30,515.7256088280819,34.575,55.3,13,5,1,1,518.2222321924078,607.812152227696,0,0
2025-05-03 13:30:00+05:30,516.0010199843582,34.575,55.675,13,5,1,1,515.7256088280819,606.2831433897325,0,0
2025-05-03 13:45:00+05:30,519.4483719493462,34.5,55.85,13,5,1,1,516.0010199843582,607.1544192285255,0,0
2025-05-03 14:00:00+05:30,523.1574845500351,34.875,54.7,14,5,1,1,519.4483719493462,579.8121939105637,0,0
2025-05-03 14:15:00+05:30,530.3447769471902,35.2,54.775000000000006,14,5,1,1,523.1574845500351,605.5069159112825,0,0
2025-05-03 14:30:00+05:30,532.9029835348889,34.5,56.075,14,5,1,1,530.3447769471902,614.3467547155217,0,0
2025-05-03 14:45:00+05:30,532.7663257634362,34.675,56.55,14,5,1,1,532.9029835348889,620.4008734711826,0,0
2025-05-03 15:00:00+05:30,530.5623157428101,34.65,56.2,15,5,1,1,532.7663257634362,622.9384004271886,0,0
2025-05-03 15:15:00+05:30,531.7672599511702,34.650000000000006,57.1,15,5,1,1,530.5623157428101,620.2926688164337,0,0
2025-05-03 15:30:00+05:30,532.3585668744815,34.775,57.475,15,5,1,1,531.7672599511702,618.9410193877324,0,0
2025-05-03 15:45:00+05:30,529.3718825797644,34.55,57.675,15,5,1,1,532.3585668744815,616.6453236161627,0,0
2025-05-03 16:00:00+05:30,526.4536874270963,34.5,57.85,16,5,1,1,529.3718825797644,613.6808976266393,0,0
2025-05-03 16:15:00+05:30,525.1253213784579,34.475,57.55,16,5,1,1,526.4536874270963,615.1739097358145,0,0
2025-05-03 16:30:00+05:30,523.1834771012973,34.35,58.525,16,5,1,1,525.1253213784579,607.4432568466272,0,0
2025-05-03 16:45:00+05:30,515.8961756762203,34.275,58.95,16,5,1,1,523.1834771012973,599.688957219685,0,0
2025-05-03 17:00:00+05:30,509.8157836272064,34.15,58.625,17,5,1,1,515.8961756762203,592.8543855783691,0,0
2025-05-03 17:15:00+05:30,505.38334420020846,33.85,59.0,17,5,1,1,509.8157836272064,586.9776936522554,0,0
2025-05-03 17:30:00+05:30,501.802998836211,33.775,58.725,17,5,1,1,505.38334420020846,578.7117996202736,0,0
2025-05-03 17:45:00+05:30,492.45816389165,33.45,59.7,17,5,1,1,501.802998836211,569.6603007180507,0,0
2025-05-03 18:00:00+05:30,488.2354289999906,32.825,60.9,18,5,1,0,492.45816389165,560.5724754746182,0,0
2025-05-03 18:15:00+05:30,481.1717866524465,32.325,62.475,18,5,1,0,488.2354289999906,546.3052225393628,0,0
2025-05-03 18:30:00+05:30,472.5203837730605,31.825,64.425,18,5,1,0,481.1717866524465,537.0209630047132,0,0
2025-05-03 18:45:00+05:30,474.0596085471834,31.45,65.625,18,5,1,0,472.5203837730605,531.1430926692549,0,0
2025-05-03 19:00:00+05:30,471.1257895028292,31.200000000000003,66.425,19,5,1,0,474.0596085471834,524.4356681755104,0,0
2025-05-03 19:15:00+05:30,466.9314275943128,31.1,66.475,19,5,1,0,471.1257895028292,516.8281549583737,0,0
2025-05-03 19:30:00+05:30,464.1886560619511,31.0,66.80000000000001,19,5,1,0,466.9314275943128,511.29006716915416,0,0
2025-05-03 19:45:00+05:30,461.5298862180574,30.875,67.225,19,5,1,0,464.1886560619511,503.8213779803786,0,0
2025-05-03 20:00:00+05:30,457.0664534995511,30.825,67.1,20,5,1,0,461.5298862180574,496.7142257620188,0,0
2025-05-03 20:15:00+05:30,454.99733891418015,30.75,67.725,20,5,1,0,457.0664534995511,486.766840753386,0,0
2025-05-03 20:30:00+05:30,448.1731262156917,30.675,67.95,20,5,1,0,454.99733891418015,481.1936357606395,0,0
2025-05-03 20:45:00+05:30,448.6347463852002,30.6,67.875,20,5,1,0,448.1731262156917,475.25177823582,0,0
2025-05-03 21:00:00+05:30,446.2409115162593,30.5,67.75,21,5,1,0,448.6347463852002,471.5377925879962,0,0
2025-05-03 21:15:00+05:30,443.6573725043463,30.45,68.25,21,5,1,0,446.2409115162593,465.7456144644132,0,0
2025-05-03 21:30:00+05:30,437.7224859009604,30.375,68.1,21,5,1,0,443.6573725043463,458.9910967230779,0,0
2025-05-03 21:45:00+05:30,433.6994163545003,30.25,68.05,21,5,1,0,437.7224859009604,454.422132431808,0,0
2025-05-03 22:00:00+05:30,428.5499683793405,30.225,68.575,22,5,1,0,433.6994163545003,446.5168291868507,0,0
2025-05-03 22:15:00+05:30,424.2934536998176,30.125,69.375,22,5,1,0,428.5499683793405,442.12067299932494,0,0
2025-05-03 22:30:00+05:30,421.6277586835836,30.05,70.025,22,5,1,0,424.2934536998176,438.3554062231296,0,0
2025-05-03 22:45:00+05:30,419.1737937067361,29.925,70.025,22,5,1,0,421.6277586835836,437.2359077312463,0,0
2025-05-03 23:00:00+05:30,414.4960466416426,29.8,70.825,23,5,1,0,419.1737937067361,432.7753240248806,0,0
2025-05-03 23:15:00+05:30,410.3185448555919,29.800000000000004,70.775,23,5,1,0,414.4960466416426,429.8903382452817,0,0
2025-05-03 23:30:00+05:30,407.4169834769871,29.7,71.075,23,5,1,0,410.3185448555919,423.985551475628,0,0
2025-05-03 23:45:00+05:30,404.8017997268557,29.675,71.375,23,5,1,0,407.4169834769871,420.8041210883055,0,0
2025-05-04 00:00:00+05:30,399.815673152636,29.575,71.9,0,6,1,0,404.8017997268557,415.28003909025136,0,0
2025-05-04 00:15:00+05:30,394.9485636910504,29.425,71.7,0,6,1,0,399.815673152636,409.5593777174427,0,0
2025-05-04 00:30:00+05:30,389.04933378135695,29.45,72.25,0,6,1,0,394.9485636910504,402.83750081991474,0,0
2025-05-04 00:45:00+05:30,383.4986231254175,29.35,72.4,0,6,1,0,389.04933378135695,397.0136802422964,0,0
2025-05-04 01:00:00+05:30,380.0896914505585,29.3,72.5,1,6,1,0,383.4986231254175,391.3401300776984,0,0
2025-05-04 01:15:00+05:30,377.2972113707695,29.275,73.45,1,6,1,0,380.0896914505585,387.3647913175765,0,0
2025-05-04 01:30:00+05:30,376.0840261269151,29.275,73.5,1,6,1,0,377.2972113707695,382.6837919985834,0,0
2025-05-04 01:45:00+05:30,372.0711982085735,29.2,73.825,1,6,1,0,376.0840261269151,379.1057374947517,0,0
2025-05-04 02:00:00+05:30,367.1843843030575,29.175,73.525,2,6,1,0,372.0711982085735,375.3945186614493,0,0
2025-05-04 02:15:00+05:30,363.0240101000095,29.1,74.025,2,6,1,0,367.1843843030575,369.9943138100133,0,0
2025-05-04 02:30:00+05:30,357.20542101046647,29.05,74.4,2,6,1,0,363.0240101000095,365.08663830312594,0,0
2025-05-04 02:45:00+05:30,353.3094848804161,29.075,74.625,2,6,1,0,357.20542101046647,362.2455448011814,0,0
2025-05-04 03:00:00+05:30,349.6824131502774,29.075,74.7,3,6,1,0,353.3094848804161,357.1695804797355,0,0
2025-05-04 03:15:00+05:30,347.9934915902005,29.15,74.65,3,6,1,0,349.6824131502774,353.7391295854744,0,0
2025-05-04 03:30:00+05:30,346.98406645798644,29.1,74.825,3,6,1,0,347.9934915902005,350.20565399603754,0,0
2025-05-04 03:45:00+05:30,344.2077477886291,29.075,74.575,3,6,1,0,346.98406645798644,346.3275127568485,0,0
2025-05-04 04:00:00+05:30,341.0924422257455,29.15,74.175,4,6,1,0,344.2077477886291,344.0759953274928,0,0
2025-05-04 04:15:00+05:30,339.1849325904416,29.125,73.875,4,6,1,0,341.0924422257455,342.44249711442245,0,0
2025-05-04 04:30:00+05:30,337.416438690974,29.175,73.4,4,6,1,0,339.1849325904416,341.1621596915037,0,0
2025-05-04 04:45:00+05:30,335.6811726595651,29.225,73.1,4,6,1,0,337.416438690974,339.8650392012803,0,0
2025-05-04 05:00:00+05:30,334.1989156917464,29.2,72.925,5,6,1,0,335.6811726595651,338.3240768311158,0,0
2025-05-04 05:15:00+05:30,332.6661844491354,29.075,73.65,5,6,1,0,334.1989156917464,337.3013225263729,0,0
2025-05-04 05:30:00+05:30,330.9813145740064,29.0,74.1,5,6,1,0,332.6661844491354,338.0868842192207,0,0
2025-05-04 05:45:00+05:30,329.8753815234379,28.95,74.225,5,6,1,0,330.9813145740064,339.8153748044117,0,0
2025-05-04 06:00:00+05:30,328.55689774173806,28.925,74.325,6,6,1,0,329.8753815234379,341.6853893405002,0,0
2025-05-04 06:15:00+05:30,327.9922342125805,29.0,74.575,6,6,1,0,328.55689774173806,343.01029965076214,0,0
2025-05-04 06:30:00+05:30,325.6898103292656,29.2,73.825,6,6,1,0,327.9922342125805,346.3362995238522,0,0
2025-05-04 06:45:00+05:30,326.88630603087444,29.4,73.2,6,6,1,0,325.6898103292656,350.9593654969591,0,0
2025-05-04 07:00:00+05:30,331.1961636247201,29.675,72.35,7,6,1,0,326.88630603087444,360.0464016577554,0,0
2025-05-04 07:15:00+05:30,334.60132065750884,29.85,71.725,7,6,1,0,331.1961636247201,369.50262751099854,0,0
2025-05-04 07:30:00+05:30,338.0541098974808,30.2,70.725,7,6,1,0,334.60132065750884,379.214188718096,0,0
2025-05-04 07:45:00+05:30,344.3487144444704,30.45,69.65,7,6,1,0,338.0541098974808,397.5062597977365,0,0
2025-05-04 08:00:00+05:30,352.17047970412943,30.8,68.675,8,6,1,0,344.3487144444704,411.6401008959971,0,0
2025-05-04 08:15:00+05:30,356.334149333471,31.025,67.3,8,6,1,0,352.17047970412943,423.5598053580543,0,0
2025-05-04 08:30:00+05:30,364.10669684639015,31.2,66.4,8,6,1,0,356.334149333471,438.9546953447865,0,0
2025-05-04 08:45:00+05:30,368.8286144784151,31.5,65.05,8,6,1,0,364.10669684639015,453.9452379378712,0,0
2025-05-04 09:00:00+05:30,374.9403759172009,31.6,64.875,9,6,1,1,368.8286144784151,469.6413157446328,0,0
2025-05-04 09:15:00+05:30,381.7931282952805,31.8,63.875,9,6,1,1,374.9403759172009,478.3936848212678,0,0
2025-05-04 09:30:00+05:30,384.3656477298905,32.0,62.175,9,6,1,1,381.7931282952805,489.5064558333092,0,0
2025-05-04 09:45:00+05:30,389.7817714207634,32.125,62.675,9,6,1,1,384.3656477298905,499.0174228125532,0,0
2025-05-04 10:00:00+05:30,393.49818934422143,32.1,62.025,10,6,1,1,389.7817714207634,508.6951464366257,0,0
2025-05-04 10:15:00+05:30,398.0696485575765,32.35,61.475,10,6,1,1,393.49818934422143,518.3026099115101,0,0
2025-05-04 10:30:00+05:30,404.2122216929764,32.45,61.175,10,6,1,1,398.0696485575765,524.2658497020526,0,0
2025-05-04 10:45:00+05:30,408.6206819118209,32.725,60.15,10,6,1,1,404.2122216929764,525.9764755484247,0,0
2025-05-04 11:00:00+05:30,415.6318688173095,33.025,59.05,11,6,1,1,408.6206819118209,529.3808272774337,0,0
2025-05-04 11:15:00+05:30,418.58502478827353,33.225,58.6,11,6,1,1,415.6318688173095,530.8766724345169,0,0
2025-05-04 11:30:00+05:30,420.0999930506106,33.525,57.775,11,6,1,1,418.58502478827353,531.4980779960166,0,0
2025-05-04 11:45:00+05:30,421.5289580559885,33.575,57.025,11,6,1,1,420.0999930506106,530.2300372673149,0,0
2025-05-04 12:00:00+05:30,422.1641893526031,34.025,56.2,12,6,1,1,421.5289580559885,529.4244117606196,0,0
2025-05-04 12:15:00+05:30,424.266667018893,33.925,56.55,12,6,1,1,422.1641893526031,530.7219030309835,0,0
2025-05-04 12:30:00+05:30,420.6238800696205,34.175,56.375,12,6,1,1,424.266667018893,523.7286347629112,0,0
2025-05-04 12:45:00+05:30,422.1225586540186,34.1,55.125,12,6,1,1,420.6238800696205,525.2490092211254,0,0
2025-05-04 13:00:00+05:30,421.841520708463,34.25,56.575,13,6,1,1,422.1225586540186,518.2222321924078,0,0
2025-05-04 13:15:00+05:30,416.08286821592657,34.45,55.275,13,6,1,1,421.841520708463,515.7256088280819,0,0
2025-05-04 13:30:00+05:30,415.9505423702235,34.275,55.575,13,6,1,1,416.08286821592657,516.0010199843582,0,0
2025-05-04 13:45:00+05:30,419.0339098655671,34.325,56.1,13,6,1,1,415.9505423702235,519.4483719493462,0,0
2025-05-04 14:00:00+05:30,419.7637105194441,34.525,55.775,14,6,1,1,419.0339098655671,523.1574845500351,0,0
2025-05-04 14:15:00+05:30,426.012330501024,34.675,55.625,14,6,1,1,419.7637105194441,530.3447769471902,0,0
2025-05-04 14:30:00+05:30,428.4375876170804,34.675,55.975,14,6,1,1,426.012330501024,532.9029835348889,0,0
2025-05-04 14:45:00+05:30,429.6997039557705,34.375,56.5,14,6,1,1,428.4375876170804,532.7663257634362,0,0
2025-05-04 15:00:00+05:30,430.3247905423025,34.425,56.425,15,6,1,1,429.6997039557705,530.5623157428101,0,0
2025-05-04 15:15:00+05:30,430.54702293558495,34.475,56.05,15,6,1,1,430.3247905423025,531.7672599511702,0,0
2025-05-04 15:30:00+05:30,430.6389002334869,34.475,56.4,15,6,1,1,430.54702293558495,532.3585668744815,0,0
2025-05-04 15:45:00+05:30,429.9190733783119,34.0,57.775,15,6,1,1,430.6389002334869,529.3718825797644,0,0
2025-05-04 16:00:00+05:30,428.5009148588105,34.15,57.2,16,6,1,1,429.9190733783119,526.4536874270963,0,0
2025-05-04 16:15:00+05:30,426.5640972688488,34.225,58.475,16,6,1,1,428.5009148588105,525.1253213784579,0,0
2025-05-04 16:30:00+05:30,423.5447772410644,33.925,59.7,16,6,1,1,426.5640972688488,523.1834771012973,0,0
2025-05-04 16:45:00+05:30,421.6129038072733,34.075,58.3,16,6,1,1,423.5447772410644,515.8961756762203,0,0
2025-05-04 17:00:00+05:30,416.40584431629367,33.725,59.425,17,6,1,1,421.6129038072733,509.8157836272064,0,0
2025-05-04 17:15:00+05:30,411.3255483610114,33.075,61.125,17,6,1,1,416.40584431629367,505.38334420020846,0,0
2025-05-04 17:30:00+05:30,411.3197750002044,32.55,63.425,17,6,1,1,411.3255483610114,501.802998836211,0,0
2025-05-04 17:45:00+05:30,408.78875590041946,32.225,63.8,17,6,1,1,411.3197750002044,492.45816389165,0,0
2025-05-04 18:00:00+05:30,409.2671342928021,31.9,65.4,18,6,1,0,408.78875590041946,488.2354289999906,0,0
2025-05-04 18:15:00+05:30,411.53667159125393,31.5,66.3,18,6,1,0,409.2671342928021,481.1717866524465,0,0
2025-05-04 18:30:00+05:30,408.5260108723874,31.2,67.625,18,6,1,0,411.53667159125393,472.5203837730605,0,0
2025-05-04 18:45:00+05:30,413.2261966774769,30.975,68.4,18,6,1,0,408.5260108723874,474.0596085471834,0,0
2025-05-04 19:00:00+05:30,416.55214946167246,30.875,69.425,19,6,1,0,413.2261966774769,471.1257895028292,0,0
2025-05-04 19:15:00+05:30,419.3023721367276,30.775,69.925,19,6,1,0,416.55214946167246,466.9314275943128,0,0
2025-05-04 19:30:00+05:30,421.30390015274014,30.725,70.15,19,6,1,0,419.3023721367276,464.1886560619511,0,0
2025-05-04 19:45:00+05:30,421.6941596097394,30.725,70.6,19,6,1,0,421.30390015274014,461.5298862180574,0,0
2025-05-04 20:00:00+05:30,424.8008949261899,30.675,70.675,20,6,1,0,421.6941596097394,457.0664534995511,0,0
2025-05-04 20:15:00+05:30,423.37784550516335,30.525,71.425,20,6,1,0,424.8008949261899,454.99733891418015,0,0
2025-05-04 20:30:00+05:30,422.920753266056,30.45,71.6,20,6,1,0,423.37784550516335,448.1731262156917,0,0
2025-05-04 20:45:00+05:30,424.2471157652896,30.475,71.55,20,6,1,0,422.920753266056,448.6347463852002,0,0
2025-05-04 21:00:00+05:30,421.187155924481,30.4,72.125,21,6,1,0,424.2471157652896,446.2409115162593,0,0
2025-05-04 21:15:00+05:30,422.835748102802,30.35,72.425,21,6,1,0,421.187155924481,443.6573725043463,0,0
2025-05-04 21:30:00+05:30,421.6333792854995,30.3,72.45,21,6,1,0,422.835748102802,437.7224859009604,0,0
2025-05-04 21:45:00+05:30,419.12003078834,30.25,72.725,21,6,1,0,421.6333792854995,433.6994163545003,0,0
2025-05-04 22:00:00+05:30,415.0222409401149,30.2,73.1,22,6,1,0,419.12003078834,428.5499683793405,0,0
2025-05-04 22:15:00+05:30,413.33925991763,30.1,72.95,22,6,1,0,415.0222409401149,424.2934536998176,0,0
2025-05-04 22:30:00+05:30,413.3311404532365,30.075,73.375,22,6,1,0,413.33925991763,421.6277586835836,0,0
2025-05-04 22:45:00+05:30,413.557862633754,30.05,73.575,22,6,1,0,413.3311404532365,419.1737937067361,0,0
2025-05-04 23:00:00+05:30,408.0553652553314,30.175,73.1,23,6,1,0,413.557862633754,414.4960466416426,0,0
2025-05-04 23:15:00+05:30,405.22242507319896,30.125,73.2,23,6,1,0,408.0553652553314,410.3185448555919,0,0
2025-05-04 23:30:00+05:30,405.322475091568,30.025,73.625,23,6,1,0,405.22242507319896,407.4169834769871,0,0
2025-05-04 23:45:00+05:30,402.1130056450416,29.9,73.7,23,6,1,0,405.322475091568,404.8017997268557,0,0
2025-05-05 00:00:00+05:30,396.6068993448222,29.9,73.725,0,0,0,0,402.1130056450416,399.815673152636,0,0
2025-05-05 00:15:00+05:30,390.6124848327855,29.9,74.25,0,0,0,0,396.6068993448222,394.9485636910504,0,0
2025-05-05 00:30:00+05:30,384.7778378617113,29.8,74.4,0,0,0,0,390.6124848327855,389.04933378135695,0,0
2025-05-05 00:45:00+05:30,379.3661626332504,29.675,74.8,0,0,0,0,384.7778378617113,383.4986231254175,0,0
2025-05-05 01:00:00+05:30,374.0039505062676,29.7,74.75,1,0,0,0,379.3661626332504,380.0896914505585,0,0
2025-05-05 01:15:00+05:30,368.9373415715241,29.725,74.6,1,0,0,0,374.0039505062676,377.2972113707695,0,0
2025-05-05 01:30:00+05:30,364.18274245423567,29.725,74.75,1,0,0,0,368.9373415715241,376.0840261269151,0,0
2025-05-05 01:45:00+05:30,360.6275206835684,29.7,74.45,1,0,0,0,364.18274245423567,372.0711982085735,0,0
2025-05-05 02:00:00+05:30,356.14924732819617,29.525,75.3,2,0,0,0,360.6275206835684,367.1843843030575,0,0
2025-05-05 02:15:00+05:30,351.89094090309675,29.4,76.025,2,0,0,0,356.14924732819617,363.0240101000095,0,0
2025-05-05 02:30:00+05:30,346.71670644622185,29.325,75.925,2,0,0,0,351.89094090309675,357.20542101046647,0,0
2025-05-05 02:45:00+05:30,343.51261086059947,29.375,75.725,2,0,0,0,346.71670644622185,353.3094848804161,0,0
2025-05-05 03:00:00+05:30,340.6459174770494,29.35,75.975,3,0,0,0,343.51261086059947,349.6824131502774,0,0
2025-05-05 03:15:00+05:30,338.9531539454351,29.325,76.3,3,0,0,0,340.6459174770494,347.9934915902005,0,0
2025-05-05 03:30:00+05:30,334.6008896775739,29.275,75.75,3,0,0,0,338.9531539454351,346.98406645798644,0,0
2025-05-05 03:45:00+05:30,333.65754489235565,29.225,75.8,3,0,0,0,334.6008896775739,344.2077477886291,0,0
2025-05-05 04:00:00+05:30,329.6525695436709,29.175,75.85,4,0,0,0,333.65754489235565,341.0924422257455,0,0
2025-05-05 04:15:00+05:30,328.8886936798062,29.075,76.375,4,0,0,0,329.6525695436709,339.1849325904416,0,0
2025-05-05 04:30:00+05:30,327.88977873040625,29.025,76.65,4,0,0,0,328.8886936798062,337.416438690974,0,0
2025-05-05 04:45:00+05:30,327.2019959666766,28.975,77.05,4,0,0,0,327.88977873040625,335.6811726595651,0,0
2025-05-05 05:00:00+05:30,328.05295818411935,28.975,77.025,5,0,0,0,327.2019959666766,334.1989156917464,0,0
2025-05-05 05:15:00+05:30,328.1154058440578,29.0,76.85,5,0,0,0,328.05295818411935,332.6661844491354,0,0
2025-05-05 05:30:00+05:30,334.0067646333736,29.05,76.85,5,0,0,0,328.1154058440578,330.9813145740064,0,0
2025-05-05 05:45:00+05:30,338.0688758852902,29.05,77.075,5,0,0,0,334.0067646333736,329.8753815234379,0,0
2025-05-05 06:00:00+05:30,344.03501742457166,29.075,77.0,6,0,0,0,338.0688758852902,328.55689774173806,0,0
2025-05-05 06:15:00+05:30,352.2321338171853,29.15,76.85,6,0,0,0,344.03501742457166,327.9922342125805,0,0
2025-05-05 06:30:00+05:30,363.0561031849956,29.3,76.65,6,0,0,0,352.2321338171853,325.6898103292656,0,0
2025-05-05 06:45:00+05:30,343.4026211526608,29.425,76.275,6,0,0,0,363.0561031849956,326.88630603087444,0,0
2025-05-05 07:00:00+05:30,375.7733069609423,29.775,75.1,7,0,0,0,343.4026211526608,331.1961636247201,0,0
2025-05-05 07:15:00+05:30,401.2265687988261,30.05,73.925,7,0,0,0,375.7733069609423,334.60132065750884,0,0
2025-05-05 07:30:00+05:30,417.7484291902721,30.325,73.375,7,0,0,0,401.2265687988261,338.0541098974808,0,0
2025-05-05 07:45:00+05:30,441.0632271905547,30.65,73.55,7,0,0,0,417.7484291902721,344.3487144444704,0,0
2025-05-05 08:00:00+05:30,467.7244365475296,31.0,72.375,8,0,0,0,441.0632271905547,352.17047970412943,0,0
2025-05-05 08:15:00+05:30,493.2462445892345,31.05,71.9,8,0,0,0,467.7244365475296,356.334149333471,0,0
2025-05-05 08:30:00+05:30,509.80561627087945,31.425,70.175,8,0,0,0,493.2462445892345,364.10669684639015,0,0
2025-05-05 08:45:00+05:30,530.1991167717983,31.4,69.2,8,0,0,0,509.80561627087945,368.8286144784151,0,0
2025-05-05 09:00:00+05:30,546.2667022072598,31.4,68.725,9,0,0,1,530.1991167717983,374.9403759172009,0,0
2025-05-05 09:15:00+05:30,562.1569955291374,31.875,66.5,9,0,0,1,546.2667022072598,381.7931282952805,0,0
2025-05-05 09:30:00+05:30,572.2375692307633,32.2,65.275,9,0,0,1,562.1569955291374,384.3656477298905,0,0
2025-05-05 09:45:00+05:30,582.8565605677828,32.275,64.7,9,0,0,1,572.2375692307633,389.7817714207634,0,0
2025-05-05 10:00:00+05:30,587.8588244364067,32.475,64.025,10,0,0,1,582.8565605677828,393.49818934422143,0,0
2025-05-05 10:15:00+05:30,600.6727043596575,32.725,63.35,10,0,0,1,587.8588244364067,398.0696485575765,0,0
2025-05-05 10:30:00+05:30,602.7244633388535,32.825,62.775,10,0,0,1,600.6727043596575,404.2122216929764,0,0
2025-05-05 10:45:00+05:30,605.9654984036287,33.35,61.325,10,0,0,1,602.7244633388535,408.6206819118209,0,0
2025-05-05 11:00:00+05:30,608.3543748132004,33.275,61.35,11,0,0,1,605.9654984036287,415.6318688173095,0,0
2025-05-05 11:15:00+05:30,607.3423841044913,33.625,60.525,11,0,0,1,608.3543748132004,418.58502478827353,0,0
2025-05-05 11:30:00+05:30,608.6390442578636,33.925,59.7,11,0,0,1,607.3423841044913,420.0999930506106,0,0
2025-05-05 11:45:00+05:30,606.2782383909457,34.075,58.3,11,0,0,1,608.6390442578636,421.5289580559885,0,0
2025-05-05 12:00:00+05:30,607.8048891017014,34.425,57.55,12,0,0,1,606.2782383909457,422.1641893526031,0,0
2025-05-05 12:15:00+05:30,608.4708525366156,34.425,57.5,12,0,0,1,607.8048891017014,424.266667018893,0,0
2025-05-05 12:30:00+05:30,608.2272520741433,34.5,57.5,12,0,0,1,608.4708525366156,420.6238800696205,0,0
2025-05-05 12:45:00+05:30,605.7092828381258,34.5,57.65,12,0,0,1,608.2272520741433,422.1225586540186,0,0
2025-05-05 13:00:00+05:30,603.3960185302079,34.525,57.675,13,0,0,1,605.7092828381258,421.841520708463,0,0
2025-05-05 13:15:00+05:30,600.1069093612498,34.55,57.675,13,0,0,1,603.3960185302079,416.08286821592657,0,0
2025-05-05 13:30:00+05:30,598.7055445451462,34.4,58.4,13,0,0,1,600.1069093612498,415.9505423702235,0,0
2025-05-05 13:45:00+05:30,604.0266809190831,34.45,57.525,13,0,0,1,598.7055445451462,419.0339098655671,0,0
2025-05-05 14:00:00+05:30,607.1073345940176,34.525,58.075,14,0,0,1,604.0266809190831,419.7637105194441,0,0
2025-05-05 14:15:00+05:30,612.1573476647018,34.65,57.425,14,0,0,1,607.1073345940176,426.012330501024,0,0
2025-05-05 14:30:00+05:30,611.3578996093639,34.575,57.85,14,0,0,1,612.1573476647018,428.4375876170804,0,0
2025-05-05 14:45:00+05:30,614.992387605036,34.525,57.725,14,0,0,1,611.3578996093639,429.6997039557705,0,0
2025-05-05 15:00:00+05:30,614.8813086962882,34.375,58.6,15,0,0,1,614.992387605036,430.3247905423025,0,0
2025-05-05 15:15:00+05:30,613.1713666898163,34.575,58.375,15,0,0,1,614.8813086962882,430.54702293558495,0,0
2025-05-05 15:30:00+05:30,613.7489368152449,34.3,59.25,15,0,0,1,613.1713666898163,430.6389002334869,0,0
2025-05-05 15:45:00+05:30,611.6187746889266,34.3,59.7,15,0,0,1,613.7489368152449,429.9190733783119,0,0
2025-05-05 16:00:00+05:30,612.7679225519387,34.0,60.95,16,0,0,1,611.6187746889266,428.5009148588105,0,0
2025-05-05 16:15:00+05:30,605.7071244201801,33.9,60.65,16,0,0,1,612.7679225519387,426.5640972688488,0,0
2025-05-05 16:30:00+05:30,601.7081285325188,33.675,61.625,16,0,0,1,605.7071244201801,423.5447772410644,0,0
2025-05-05 16:45:00+05:30,598.5681345802234,33.525,62.475,16,0,0,1,601.7081285325188,421.6129038072733,0,0
2025-05-05 17:00:00+05:30,591.9879038978032,33.325,63.15,17,0,0,1,598.5681345802234,416.40584431629367,0,0
2025-05-05 17:15:00+05:30,589.0366240469448,33.075,64.25,17,0,0,1,591.9879038978032,411.3255483610114,0,0
2025-05-05 17:30:00+05:30,580.0558751790752,32.375,66.45,17,0,0,1,589.0366240469448,411.3197750002044,0,0
2025-05-05 17:45:00+05:30,570.5025394167928,31.825,67.75,17,0,0,1,580.0558751790752,408.78875590041946,0,0
2025-05-05 18:00:00+05:30,559.3273217105192,31.6,68.65,18,0,0,0,570.5025394167928,409.2671342928021,0,0
2025-05-05 18:15:00+05:30,549.0024482983022,31.375,69.45,18,0,0,0,559.3273217105192,411.53667159125393,0,0
2025-05-05 18:30:00+05:30,540.9998920707837,31.2,70.25,18,0,0,0,549.0024482983022,408.5260108723874,0,0
2025-05-05 18:45:00+05:30,534.4522440549015,30.9,71.25,18,0,0,0,540.9998920707837,413.2261966774769,0,0
2025-05-05 19:00:00+05:30,528.8269510945524,30.75,71.975,19,0,0,0,534.4522440549015,416.55214946167246,0,0
2025-05-05 19:15:00+05:30,520.3759593431271,30.75,72.3,19,0,0,0,528.8269510945524,419.3023721367276,0,0
2025-05-05 19:30:00+05:30,509.4014361798452,30.65,72.575,19,0,0,0,520.3759593431271,421.30390015274014,0,0
2025-05-05 19:45:00+05:30,499.8576388548669,30.65,73.15,19,0,0,0,509.4014361798452,421.6941596097394,0,0
2025-05-05 20:00:00+05:30,492.41943416147865,30.6,73.05,20,0,0,0,499.8576388548669,424.8008949261899,0,0
2025-05-05 20:15:00+05:30,484.05913250555545,30.65,72.8,20,0,0,0,492.41943416147865,423.37784550516335,0,0
2025-05-05 20:30:00+05:30,478.5761856036363,30.625,72.65,20,0,0,0,484.05913250555545,422.920753266056,0,0
2025-05-05 20:45:00+05:30,475.17743479904914,30.625,72.45,20,0,0,0,478.5761856036363,424.2471157652896,0,0
2025-05-05 21:00:00+05:30,468.8862195178144,30.625,72.5,21,0,0,0,475.17743479904914,421.187155924481,0,0
2025-05-05 21:15:00+05:30,465.8791030935722,30.5,72.9,21,0,0,0,468.8862195178144,422.835748102802,0,0
2025-05-05 21:30:00+05:30,460.6114653462539,30.525,73.15,21,0,0,0,465.8791030935722,421.6333792854995,0,0
2025-05-05 21:45:00+05:30,455.320284169581,30.525,73.1,21,0,0,0,460.6114653462539,419.12003078834,0,0
2025-05-05 22:00:00+05:30,450.0098377610419,30.575,73.125,22,0,0,0,455.320284169581,415.0222409401149,0,0
2025-05-05 22:15:00+05:30,445.788887155759,30.525,72.85,22,0,0,0,450.0098377610419,413.33925991763,0,0
2025-05-05 22:30:00+05:30,444.6727601071355,30.45,72.925,22,0,0,0,445.788887155759,413.3311404532365,0,0
2025-05-05 22:45:00+05:30,438.850088915852,30.35,73.375,22,0,0,0,444.6727601071355,413.557862633754,0,0
2025-05-05 23:00:00+05:30,433.3127378712309,30.35,73.5,23,0,0,0,438.850088915852,408.0553652553314,0,0
2025-05-05 23:15:00+05:30,428.9633250869392,30.425,72.775,23,0,0,0,433.3127378712309,405.22242507319896,0,0
2025-05-05 23:30:00+05:30,421.8951046258285,30.35,73.3,23,0,0,0,428.9633250869392,405.322475091568,0,0
2025-05-05 23:45:00+05:30,417.9314554814793,30.25,73.85,23,0,0,0,421.8951046258285,402.1130056450416,0,0
2025-05-06 00:00:00+05:30,411.3583742641771,30.2,74.075,0,1,0,0,417.9314554814793,396.6068993448222,0,0
2025-05-06 00:15:00+05:30,405.846733476282,30.1,74.175,0,1,0,0,411.3583742641771,390.6124848327855,0,0
2025-05-06 00:30:00+05:30,397.41206862368045,30.025,74.45,0,1,0,0,405.846733476282,384.7778378617113,0,0
2025-05-06 00:45:00+05:30,392.6563658289872,30.05,74.625,0,1,0,0,397.41206862368045,379.3661626332504,0,0
2025-05-06 01:00:00+05:30,388.1668388800527,30.0,74.8,1,1,0,0,392.6563658289872,374.0039505062676,0,0
2025-05-06 01:15:00+05:30,383.2787201283376,29.925,75.1,1,1,0,0,388.1668388800527,368.9373415715241,0,0
2025-05-06 01:30:00+05:30,378.2373347082572,29.9,75.075,1,1,0,0,383.2787201283376,364.18274245423567,0,0
2025-05-06 01:45:00+05:30,374.1339814622074,29.9,74.95,1,1,0,0,378.2373347082572,360.6275206835684,0,0
2025-05-06 02:00:00+05:30,369.0590834562301,29.875,75.15,2,1,0,0,374.1339814622074,356.14924732819617,0,0
2025-05-06 02:15:00+05:30,365.1956126309379,29.8,75.325,2,1,0,0,369.0590834562301,351.89094090309675,0,0
2025-05-06 02:30:00+05:30,360.9721213630494,29.725,75.2,2,1,0,0,365.1956126309379,346.71670644622185,0,0
2025-05-06 02:45:00+05:30,358.2132386578453,29.65,75.25,2,1,0,0,360.9721213630494,343.51261086059947,0,0
2025-05-06 03:00:00+05:30,354.8859727409413,29.625,75.975,3,1,0,0,358.2132386578453,340.6459174770494,0,0
2025-05-06 03:15:00+05:30,351.3934670608736,29.6,75.625,3,1,0,0,354.8859727409413,338.9531539454351,0,0
2025-05-06 03:30:00+05:30,348.403110042032,29.65,75.375,3,1,0,0,351.3934670608736,334.6008896775739,0,0
2025-05-06 03:45:00+05:30,346.9713735240142,29.6,75.525,3,1,0,0,348.403110042032,333.65754489235565,0,0
2025-05-06 04:00:00+05:30,345.18776957900025,29.55,76.05,4,1,0,0,346.9713735240142,329.6525695436709,0,0
2025-05-06 04:15:00+05:30,344.74106517571244,29.475,76.675,4,1,0,0,345.18776957900025,328.8886936798062,0,0
2025-05-06 04:30:00+05:30,343.523632552321,29.5,76.475,4,1,0,0,344.74106517571244,327.88977873040625,0,0
2025-05-06 04:45:00+05:30,342.25612145825363,29.55,76.4,4,1,0,0,343.523632552321,327.2019959666766,0,0
2025-05-06 05:00:00+05:30,342.0944819742803,29.525,75.975,5,1,0,0,342.25612145825363,328.05295818411935,0,0
2025-05-06 05:15:00+05:30,343.163798402308,29.575,75.9,5,1,0,0,342.0944819742803,328.1154058440578,0,0
2025-05-06 05:30:00+05:30,346.910154555612,29.5,76.475,5,1,0,0,343.163798402308,334.0067646333736,0,0
2025-05-06 05:45:00+05:30,347.61893906937973,29.45,76.225,5,1,0,0,346.910154555612,338.0688758852902,0,0
2025-05-06 06:00:00+05:30,354.01969415757065,29.475,76.275,6,1,0,0,347.61893906937973,344.03501742457166,0,0
2025-05-06 06:15:00+05:30,357.15241399586205,29.55,76.075,6,1,0,0,354.01969415757065,352.2321338171853,0,0
2025-05-06 06:30:00+05:30,368.1472416971991,29.7,75.925,6,1,0,0,357.15241399586205,363.0561031849956,0,0
2025-05-06 06:45:00+05:30,381.1582454465556,29.9,75.35,6,1,0,0,368.1472416971991,343.4026211526608,0,0
2025-05-06 07:00:00+05:30,393.4906681539446,30.2,73.975,7,1,0,0,381.1582454465556,375.7733069609423,0,0
2025-05-06 07:15:00+05:30,411.236238556056,30.5,72.775,7,1,0,0,393.4906681539446,401.2265687988261,0,0
2025-05-06 07:30:00+05:30,431.59868333310686,30.725,71.8,7,1,0,0,411.236238556056,417.7484291902721,0,0
2025-05-06 07:45:00+05:30,452.067029246636,30.975,70.65,7,1,0,0,431.59868333310686,441.0632271905547,0,0
2025-05-06 08:00:00+05:30,477.3671857221304,31.35,68.975,8,1,0,0,452.067029246636,467.7244365475296,0,0
2025-05-06 08:15:00+05:30,498.4715058881316,31.3,69.05,8,1,0,0,477.3671857221304,493.2462445892345,0,0
2025-05-06 08:30:00+05:30,513.6155351484102,31.425,67.575,8,1,0,0,498.4715058881316,509.80561627087945,0,0
2025-05-06 08:45:00+05:30,530.6817027346348,31.9,66.175,8,1,0,0,513.6155351484102,530.1991167717983,0,0
2025-05-06 09:00:00+05:30,547.2337351371225,32.075,65.95,9,1,0,1,530.6817027346348,546.2667022072598,0,0
2025-05-06 09:15:00+05:30,562.0545794457421,32.125,65.575,9,1,0,1,547.2337351371225,562.1569955291374,0,0
2025-05-06 09:30:00+05:30,575.5246229693213,32.225,65.975,9,1,0,1,562.0545794457421,572.2375692307633,0,0
2025-05-06 09:45:00+05:30,583.0613850592301,32.375,65.075,9,1,0,1,575.5246229693213,582.8565605677828,0,0
2025-05-06 10:00:00+05:30,589.8866220710865,32.775,63.425,10,1,0,1,583.0613850592301,587.8588244364067,0,0
2025-05-06 10:15:00+05:30,600.3381624372364,32.7,63.275,10,1,0,1,589.8866220710865,600.6727043596575,0,0
2025-05-06 10:30:00+05:30,602.8831243438427,32.75,63.7,10,1,0,1,600.3381624372364,602.7244633388535,0,0
2025-05-06 10:45:00+05:30,607.3917141483005,32.675,64.05,10,1,0,1,602.8831243438427,605.9654984036287,0,0
2025-05-06 11:00:00+05:30,608.8250265353728,32.825,63.4,11,1,0,1,607.3917141483005,608.3543748132004,0,0
2025-05-06 11:15:00+05:30,611.4293931340575,32.875,62.85,11,1,0,1,608.8250265353728,607.3423841044913,0,0
2025-05-06 11:30:00+05:30,609.4146173119746,33.175,62.075,11,1,0,1,611.4293931340575,608.6390442578636,0,0
2025-05-06 11:45:00+05:30,611.8828153497599,33.3,61.75,11,1,0,1,609.4146173119746,606.2782383909457,0,0
2025-05-06 12:00:00+05:30,611.3932500160824,33.675,60.625,12,1,0,1,611.8828153497599,607.8048891017014,0,0
2025-05-06 12:15:00+05:30,611.9177323178876,33.875,61.05,12,1,0,1,611.3932500160824,608.4708525366156,0,0
2025-05-06 12:30:00+05:30,611.8506772215776,33.85,60.4,12,1,0,1,611.9177323178876,608.2272520741433,0,0
2025-05-06 12:45:00+05:30,610.2213837411646,34.175,59.925,12,1,0,1,611.8506772215776,605.7092828381258,0,0
2025-05-06 13:00:00+05:30,605.8853774495589,34.075,59.75,13,1,0,1,610.2213837411646,603.3960185302079,0,0
2025-05-06 13:15:00+05:30,602.5998842921525,34.075,60.3,13,1,0,1,605.8853774495589,600.1069093612498,0,0
2025-05-06 13:30:00+05:30,603.5289027660037,34.4,59.2,13,1,0,1,602.5998842921525,598.7055445451462,0,0
2025-05-06 13:45:00+05:30,605.3702398460845,34.5,58.875,13,1,0,1,603.5289027660037,604.0266809190831,0,0
2025-05-06 14:00:00+05:30,612.0400796109099,34.575,58.85,14,1,0,1,605.3702398460845,607.1073345940176,0,0
2025-05-06 14:15:00+05:30,618.0559175535827,34.75,58.95,14,1,0,1,612.0400796109099,612.1573476647018,0,0
2025-05-06 14:30:00+05:30,619.5265504693646,34.425,59.15,14,1,0,1,618.0559175535827,611.3578996093639,0,0
2025-05-06 14:45:00+05:30,622.5507691447036,34.3,59.925,14,1,0,1,619.5265504693646,614.992387605036,0,0
2025-05-06 15:00:00+05:30,623.9039829835358,34.15,60.525,15,1,0,1,622.5507691447036,614.8813086962882,0,0
2025-05-06 15:15:00+05:30,621.9020994439787,34.1,60.25,15,1,0,1,623.9039829835358,613.1713666898163,0,0
2025-05-06 15:30:00+05:30,618.4476987156838,33.975,61.325,15,1,0,1,621.9020994439787,613.7489368152449,0,0
2025-05-06 15:45:00+05:30,615.4112217303162,33.925,61.5,15,1,0,1,618.4476987156838,611.6187746889266,0,0
2025-05-06 16:00:00+05:30,614.4086693578461,33.85,61.3,16,1,0,1,615.4112217303162,612.7679225519387,0,0
2025-05-06 16:15:00+05:30,608.6369838215821,33.55,61.825,16,1,0,1,614.4086693578461,605.7071244201801,0,0
2025-05-06 16:30:00+05:30,605.6478296844316,33.3,62.875,16,1,0,1,608.6369838215821,601.7081285325188,0,0
2025-05-06 16:45:00+05:30,598.9543219032429,33.625,62.4,16,1,0,1,605.6478296844316,598.5681345802234,0,0
2025-05-06 17:00:00+05:30,592.3114963069561,33.025,63.6,17,1,0,1,598.9543219032429,591.9879038978032,0,0
2025-05-06 17:15:00+05:30,586.5087239586227,32.475,65.175,17,1,0,1,592.3114963069561,589.0366240469448,0,0
2025-05-06 17:30:00+05:30,574.0998744790359,32.125,65.975,17,1,0,1,586.5087239586227,580.0558751790752,0,0
2025-05-06 17:45:00+05:30,563.6814012975459,31.95,67.075,17,1,0,1,574.0998744790359,570.5025394167928,0,0
2025-05-06 18:00:00+05:30,554.3303828517562,31.875,67.55,18,1,0,0,563.6814012975459,559.3273217105192,0,0
2025-05-06 18:15:00+05:30,544.947256207222,31.575,68.825,18,1,0,0,554.3303828517562,549.0024482983022,0,0
2025-05-06 18:30:00+05:30,537.5792082791805,31.375,69.25,18,1,0,0,544.947256207222,540.9998920707837,0,0
2025-05-06 18:45:00+05:30,533.0022456759966,31.2,70.25,18,1,0,0,537.5792082791805,534.4522440549015,0,0
2025-05-06 19:00:00+05:30,527.2373879245915,31.1,70.375,19,1,0,0,533.0022456759966,528.8269510945524,0,0
2025-05-06 19:15:00+05:30,521.4154410150774,30.975,71.25,19,1,0,0,527.2373879245915,520.3759593431271,0,0
2025-05-06 19:30:00+05:30,513.9355701896608,30.925,71.325,19,1,0,0,521.4154410150774,509.4014361798452,0,0
2025-05-06 19:45:00+05:30,504.85355593614224,30.9,71.825,19,1,0,0,513.9355701896608,499.8576388548669,0,0
2025-05-06 20:00:00+05:30,496.2210498647632,30.85,72.275,20,1,0,0,504.85355593614224,492.41943416147865,0,0
2025-05-06 20:15:00+05:30,488.090735045001,30.825,71.95,20,1,0,0,496.2210498647632,484.05913250555545,0,0
2025-05-06 20:30:00+05:30,479.03857911133696,30.725,72.675,20,1,0,0,488.090735045001,478.5761856036363,0,0
2025-05-06 20:45:00+05:30,477.3653392844105,30.675,72.2,20,1,0,0,479.03857911133696,475.17743479904914,0,0
2025-05-06 21:00:00+05:30,471.7172061046298,30.65,72.975,21,1,0,0,477.3653392844105,468.8862195178144,0,0
2025-05-06 21:15:00+05:30,464.4888883134261,30.075,72.925,21,1,0,0,471.7172061046298,465.8791030935722,0,0
2025-05-06 21:30:00+05:30,431.04060822696624,27.675,77.45,21,1,0,0,464.4888883134261,460.6114653462539,0,0
2025-05-06 21:45:00+05:30,385.6719792035118,26.25,82.5,21,1,0,0,431.04060822696624,455.320284169581,0,0
2025-05-06 22:00:00+05:30,401.7109985674098,25.975,82.675,22,1,0,0,385.6719792035118,450.0098377610419,0,0
2025-05-06 22:15:00+05:30,401.56912074924713,25.875,81.5,22,1,0,0,401.7109985674098,445.788887155759,0,0
2025-05-06 22:30:00+05:30,396.7562252838031,26.025,80.575,22,1,0,0,401.56912074924713,444.6727601071355,0,0
2025-05-06 22:45:00+05:30,391.9940294328208,26.0,80.75,22,1,0,0,396.7562252838031,438.850088915852,0,0
2025-05-06 23:00:00+05:30,387.4984874114039,25.9,80.55,23,1,0,0,391.9940294328208,433.3127378712309,0,0
2025-05-06 23:15:00+05:30,382.9604824885882,26.0,80.075,23,1,0,0,387.4984874114039,428.9633250869392,0,0
2025-05-06 23:30:00+05:30,376.5951612772343,25.8,80.5,23,1,0,0,382.9604824885882,421.8951046258285,0,0
2025-05-06 23:45:00+05:30,369.6391818754013,25.625,81.775,23,1,0,0,376.5951612772343,417.9314554814793,0,0
2025-05-07 00:00:00+05:30,363.2875600919865,25.5,81.30000000000001,0,2,0,0,369.6391818754013,411.3583742641771,0,0
2025-05-07 00:15:00+05:30,359.4057351802237,25.35,81.225,0,2,0,0,363.2875600919865,405.846733476282,0,0
2025-05-07 00:30:00+05:30,352.2210470251449,25.625,79.44999999999999,0,2,0,0,359.4057351802237,397.41206862368045,0,0
2025-05-07 00:45:00+05:30,348.004691281999,25.375,79.925,0,2,0,0,352.2210470251449,392.6563658289872,0,0
2025-05-07 01:00:00+05:30,342.4623391386152,25.5,79.05000000000001,1,2,0,0,348.004691281999,388.1668388800527,0,0
2025-05-07 01:15:00+05:30,338.6844891485956,25.725,78.6,1,2,0,0,342.4623391386152,383.2787201283376,0,0
2025-05-07 01:30:00+05:30,335.30197786307144,25.75,78.44999999999999,1,2,0,0,338.6844891485956,378.2373347082572,0,0
2025-05-07 01:45:00+05:30,332.86903938349224,25.95,77.67500000000001,1,2,0,0,335.30197786307144,374.1339814622074,0,0
2025-05-07 02:00:00+05:30,330.4172211989427,26.05,77.475,2,2,0,0,332.86903938349224,369.0590834562301,0,0
2025-05-07 02:15:00+05:30,328.8068409939995,26.25,76.775,2,2,0,0,330.4172211989427,365.1956126309379,0,0
2025-05-07 02:30:00+05:30,326.42107980381286,26.325,75.075,2,2,0,0,328.8068409939995,360.9721213630494,0,0
2025-05-07 02:45:00+05:30,323.8708198153474,26.4,74.35,2,2,0,0,326.42107980381286,358.2132386578453,0,0
2025-05-07 03:00:00+05:30,320.7273718475981,26.425,73.575,3,2,0,0,323.8708198153474,354.8859727409413,0,0
2025-05-07 03:15:00+05:30,327.740147141556,26.55,73.72500000000001,3,2,0,0,320.7273718475981,351.3934670608736,0,0
2025-05-07 03:30:00+05:30,324.7339445558518,26.625,73.8,3,2,0,0,327.740147141556,348.403110042032,0,0
2025-05-07 03:45:00+05:30,322.8549461394934,26.65,74.85000000000001,3,2,0,0,324.7339445558518,346.9713735240142,0,0
2025-05-07 04:00:00+05:30,321.48646578838765,26.775,74.52499999999999,4,2,0,0,322.8549461394934,345.18776957900025,0,0
2025-05-07 04:15:00+05:30,320.7588286903708,26.825,74.975,4,2,0,0,321.48646578838765,344.74106517571244,0,0
2025-05-07 04:30:00+05:30,321.13385528207056,27.000000000000004,74.97500000000001,4,2,0,0,320.7588286903708,343.523632552321,0,0
2025-05-07 04:45:00+05:30,322.16450191935377,27.025,75.19999999999999,4,2,0,0,321.13385528207056,342.25612145825363,0,0
2025-05-07 05:00:00+05:30,323.34102696350976,27.125,75.17500000000001,5,2,0,0,322.16450191935377,342.0944819742803,0,0
2025-05-07 05:15:00+05:30,324.9369133163101,27.25,75.35,5,2,0,0,323.34102696350976,343.163798402308,0,0
2025-05-07 05:30:00+05:30,329.5348167307982,27.2,75.65,5,2,0,0,324.9369133163101,346.910154555612,0,0
2025-05-07 05:45:00+05:30,325.43915646890105,27.275,75.77499999999999,5,2,0,0,329.5348167307982,347.61893906937973,0,0
2025-05-07 06:00:00+05:30,330.48586918058805,27.25,76.5,6,2,0,0,325.43915646890105,354.01969415757065,0,0
2025-05-07 06:15:00+05:30,336.2265792984829,27.275,76.27499999999999,6,2,0,0,330.48586918058805,357.15241399586205,0,0
2025-05-07 06:30:00+05:30,349.5121539991046,27.575,75.075,6,2,0,0,336.2265792984829,368.1472416971991,0,0
2025-05-07 06:45:00+05:30,359.88262073232926,27.8,73.75,6,2,0,0,349.5121539991046,381.1582454465556,0,0
2025-05-07 07:00:00+05:30,374.0884170627082,27.975,73.65,7,2,0,0,359.88262073232926,393.4906681539446,0,0
2025-05-07 07:15:00+05:30,390.64373651736224,28.175,72.47500000000001,7,2,0,0,374.0884170627082,411.236238556056,0,0
2025-05-07 07:30:00+05:30,405.07043562953777,28.45,71.9,7,2,0,0,390.64373651736224,431.59868333310686,0,0
2025-05-07 07:45:00+05:30,424.2801830280284,28.9,69.825,7,2,0,0,405.07043562953777,452.067029246636,0,0
2025-05-07 08:00:00+05:30,446.0716088840561,29.325000000000003,68.27499999999999,8,2,0,0,424.2801830280284,477.3671857221304,0,0
2025-05-07 08:15:00+05:30,470.25085965010567,29.65,67.6,8,2,0,0,446.0716088840561,498.4715058881316,0,0
2025-05-07 08:30:00+05:30,482.8037548988975,29.975,67.89999999999999,8,2,0,0,470.25085965010567,513.6155351484102,0,0
2025-05-07 08:45:00+05:30,502.14788573749337,30.200000000000003,68.625,8,2,0,0,482.8037548988975,530.6817027346348,0,0
2025-05-07 09:00:00+05:30,516.777611692827,30.825000000000003,68.475,9,2,0,1,502.14788573749337,547.2337351371225,0,0
2025-05-07 09:15:00+05:30,533.3352516439153,30.825000000000003,68.375,9,2,0,1,516.777611692827,562.0545794457421,0,0
2025-05-07 09:30:00+05:30,544.818387224821,30.65,69.77499999999999,9,2,0,1,533.3352516439153,575.5246229693213,0,0
2025-05-07 09:45:00+05:30,554.4203426910237,30.4,70.5,9,2,0,1,544.818387224821,583.0613850592301,0,0
2025-05-07 10:00:00+05:30,560.6029289359057,30.3,70.4,10,2,0,1,554.4203426910237,589.8866220710865,0,0
2025-05-07 10:15:00+05:30,569.2072071453654,30.200000000000003,71.225,10,2,0,1,560.6029289359057,600.3381624372364,0,0
2025-05-07 10:30:00+05:30,569.4441872004179,29.625,74.54999999999998,10,2,0,1,569.2072071453654,602.8831243438427,0,0
2025-05-07 10:45:00+05:30,573.3317427387865,29.15,74.85,10,2,0,1,569.4441872004179,607.3917141483005,0,0
2025-05-07 11:00:00+05:30,555.8338054294584,28.475,73.225,11,2,0,1,573.3317427387865,608.8250265353728,0,0
2025-05-07 11:15:00+05:30,552.5103414265704,28.25,73.125,11,2,0,1,555.8338054294584,611.4293931340575,0,0
2025-05-07 11:30:00+05:30,557.3759737016986,28.575,71.3,11,2,0,1,552.5103414265704,609.4146173119746,0,0
2025-05-07 11:45:00+05:30,550.3981735224625,28.425,69.55,11,2,0,1,557.3759737016986,611.8828153497599,0,0
2025-05-07 12:00:00+05:30,545.5793655632458,28.55,67.80000000000001,12,2,0,1,550.3981735224625,611.3932500160824,0,0
2025-05-07 12:15:00+05:30,541.561532786147,28.625,66.875,12,2,0,1,545.5793655632458,611.9177323178876,0,0
2025-05-07 12:30:00+05:30,537.7174918058338,29.275,64.775,12,2,0,1,541.561532786147,611.8506772215776,0,0
2025-05-07 12:45:00+05:30,537.9652481950873,29.95,62.575,12,2,0,1,537.7174918058338,610.2213837411646,0,0
2025-05-07 13:00:00+05:30,531.2159608263013,30.925,60.1,13,2,0,1,537.9652481950873,605.8853774495589,0,0
2025-05-07 13:15:00+05:30,527.798374788455,31.8,59.575,13,2,0,1,531.2159608263013,602.5998842921525,0,0
2025-05-07 13:30:00+05:30,530.7216329705426,32.275,58.45,13,2,0,1,527.798374788455,603.5289027660037,0,0
2025-05-07 13:45:00+05:30,534.5893555485392,32.6,59.325,13,2,0,1,530.7216329705426,605.3702398460845,0,0
2025-05-07 14:00:00+05:30,544.81840981648,32.525,60.8,14,2,0,1,534.5893555485392,612.0400796109099,0,0
2025-05-07 14:15:00+05:30,553.2746317786797,32.675000000000004,61.325,14,2,0,1,544.81840981648,618.0559175535827,0,0
2025-05-07 14:30:00+05:30,557.1511590815777,33.45,58.55,14,2,0,1,553.2746317786797,619.5265504693646,0,0
2025-05-07 14:45:00+05:30,559.8853314441209,33.525,59.12499999999999,14,2,0,1,557.1511590815777,622.5507691447036,0,0
2025-05-07 15:00:00+05:30,564.5887087828302,33.3,60.525,15,2,0,1,559.8853314441209,623.9039829835358,0,0
2025-05-07 15:15:00+05:30,566.1373043835537,32.7,61.7,15,2,0,1,564.5887087828302,621.9020994439787,0,0
2025-05-07 15:30:00+05:30,564.5513604891939,31.55,64.625,15,2,0,1,566.1373043835537,618.4476987156838,0,0
2025-05-07 15:45:00+05:30,558.3654775634504,30.35,66.85,15,2,0,1,564.5513604891939,615.4112217303162,0,0
2025-05-07 16:00:00+05:30,547.6576908695444,29.1,67.375,16,2,0,1,558.3654775634504,614.4086693578461,0,0
2025-05-07 16:15:00+05:30,535.2084761660658,27.475,70.775,16,2,0,1,547.6576908695444,608.6369838215821,0,0
2025-05-07 16:30:00+05:30,523.0891338534298,25.275,80.75,16,2,0,1,535.2084761660658,605.6478296844316,0,0
2025-05-07 16:45:00+05:30,509.9745038366919,25.025,84.85,16,2,0,1,523.0891338534298,598.9543219032429,0,0
2025-05-07 17:00:00+05:30,507.0641832564256,25.1,85.02499999999999,17,2,0,1,509.9745038366919,592.3114963069561,0,0
2025-05-07 17:15:00+05:30,503.1435740308502,25.05,85.425,17,2,0,1,507.0641832564256,586.5087239586227,0,0
2025-05-07 17:30:00+05:30,496.25362044577946,25.0,85.05,17,2,0,1,503.1435740308502,574.0998744790359,0,0
2025-05-07 17:45:00+05:30,487.2745002225971,24.8,84.35,17,2,0,1,496.25362044577946,563.6814012975459,0,0
2025-05-07 18:00:00+05:30,480.5320405519759,24.825,84.6,18,2,0,0,487.2745002225971,554.3303828517562,0,0
2025-05-07 18:15:00+05:30,473.9831946299111,25.05,83.5,18,2,0,0,480.5320405519759,544.947256207222,0,0
2025-05-07 18:30:00+05:30,465.8548840342049,25.125,82.95,18,2,0,0,473.9831946299111,537.5792082791805,0,0
2025-05-07 18:45:00+05:30,463.3138439462493,25.0,83.15,18,2,0,0,465.8548840342049,533.0022456759966,0,0
2025-05-07 19:00:00+05:30,456.51738225782447,25.0,83.55000000000001,19,2,0,0,463.3138439462493,527.2373879245915,0,0
2025-05-07 19:15:00+05:30,449.18724619617774,24.825,85.8,19,2,0,0,456.51738225782447,521.4154410150774,0,0
2025-05-07 19:30:00+05:30,442.27392493310913,24.7,86.15,19,2,0,0,449.18724619617774,513.9355701896608,0,0
2025-05-07 19:45:00+05:30,434.7186324026708,24.575,86.65,19,2,0,0,442.27392493310913,504.85355593614224,0,0
2025-05-07 20:00:00+05:30,422.6141099142859,24.6,86.625,20,2,0,0,434.7186324026708,496.2210498647632,0,0
2025-05-07 20:15:00+05:30,415.7257201215651,24.625,88.6,20,2,0,0,422.6141099142859,488.090735045001,0,0
2025-05-07 20:30:00+05:30,409.67664233251134,24.625,90.2,20,2,0,0,415.7257201215651,479.03857911133696,0,0
2025-05-07 20:45:00+05:30,406.3287445723025,24.675,90.575,20,2,0,0,409.67664233251134,477.3653392844105,0,0
2025-05-07 21:00:00+05:30,401.6659221074476,24.825000000000003,91.3,21,2,0,0,406.3287445723025,471.7172061046298,0,0
2025-05-07 21:15:00+05:30,399.4796610988898,24.8,91.975,21,2,0,0,401.6659221074476,464.4888883134261,0,0
2025-05-07 21:30:00+05:30,395.2326177433854,24.9,92.025,21,2,0,0,399.4796610988898,431.04060822696624,0,0
2025-05-07 21:45:00+05:30,389.4885350774809,24.9,91.7,21,2,0,0,395.2326177433854,385.6719792035118,0,0
2025-05-07 22:00:00+05:30,383.0180679126439,24.950000000000003,91.35,22,2,0,0,389.4885350774809,401.7109985674098,0,0
2025-05-07 22:15:00+05:30,378.28643600215526,24.95,91.175,22,2,0,0,383.0180679126439,401.56912074924713,0,0
2025-05-07 22:30:00+05:30,372.88033388524616,25.0,90.65,22,2,0,0,378.28643600215526,396.7562252838031,0,0
2025-05-07 22:45:00+05:30,367.6585316494516,25.0,90.175,22,2,0,0,372.88033388524616,391.9940294328208,0,0
2025-05-07 23:00:00+05:30,362.4879787236398,25.075,89.35,23,2,0,0,367.6585316494516,387.4984874114039,0,0
2025-05-07 23:15:00+05:30,358.71205235638854,25.15,89.125,23,2,0,0,362.4879787236398,382.9604824885882,0,0
2025-05-07 23:30:00+05:30,354.86611503018327,25.15,88.6,23,2,0,0,358.71205235638854,376.5951612772343,0,0
2025-05-07 23:45:00+05:30,349.950395115102,25.125,87.925,23,2,0,0,354.86611503018327,369.6391818754013,0,0
2025-05-08 00:00:00+05:30,343.4106979529973,25.15,88.25,0,3,0,0,349.950395115102,363.2875600919865,0,0
2025-05-08 00:15:00+05:30,337.8458718098026,25.275,88.52499999999999,0,3,0,0,343.4106979529973,359.4057351802237,0,0
2025-05-08 00:30:00+05:30,335.0427805478986,25.450000000000003,87.425,0,3,0,0,337.8458718098026,352.2210470251449,0,0
2025-05-08 00:45:00+05:30,329.8861869741023,25.575,86.55000000000001,0,3,0,0,335.0427805478986,348.004691281999,0,0
2025-05-08 01:00:00+05:30,324.83681555406446,25.725,86.325,1,3,0,0,329.8861869741023,342.4623391386152,0,0
2025-05-08 01:15:00+05:30,321.1538831563347,25.825000000000003,85.975,1,3,0,0,324.83681555406446,338.6844891485956,0,0
2025-05-08 01:30:00+05:30,319.06758270383307,25.95,85.5,1,3,0,0,321.1538831563347,335.30197786307144,0,0
2025-05-08 01:45:00+05:30,317.0690050436132,26.15,84.25,1,3,0,0,319.06758270383307,332.86903938349224,0,0
2025-05-08 02:00:00+05:30,314.2526592433992,26.25,82.77499999999999,2,3,0,0,317.0690050436132,330.4172211989427,0,0
2025-05-08 02:15:00+05:30,310.8538164149612,26.3,82.10000000000001,2,3,0,0,314.2526592433992,328.8068409939995,0,0
2025-05-08 02:30:00+05:30,306.2795360163236,26.3,82.375,2,3,0,0,310.8538164149612,326.42107980381286,0,0
2025-05-08 02:45:00+05:30,304.4006197159396,26.25,82.775,2,3,0,0,306.2795360163236,323.8708198153474,0,0
2025-05-08 03:00:00+05:30,302.8321890952363,26.175,83.85,3,3,0,0,304.4006197159396,320.7273718475981,0,0
2025-05-08 03:15:00+05:30,300.4104255573937,26.175,83.47500000000001,3,3,0,0,302.8321890952363,327.740147141556,0,0
2025-05-08 03:30:00+05:30,299.24774266584353,26.050000000000004,83.325,3,3,0,0,300.4104255573937,324.7339445558518,0,0
2025-05-08 03:45:00+05:30,299.5967282522875,26.0,84.325,3,3,0,0,299.24774266584353,322.8549461394934,0,0
2025-05-08 04:00:00+05:30,298.16977099093293,26.0,84.4,4,3,0,0,299.5967282522875,321.48646578838765,0,0
2025-05-08 04:15:00+05:30,297.36020807008674,26.05,84.5,4,3,0,0,298.16977099093293,320.7588286903708,0,0
2025-05-08 04:30:00+05:30,297.7580226724827,26.05,84.55000000000001,4,3,0,0,297.36020807008674,321.13385528207056,0,0
2025-05-08 04:45:00+05:30,297.5833930513992,25.95,85.0,4,3,0,0,297.7580226724827,322.16450191935377,0,0
2025-05-08 05:00:00+05:30,298.6979475436849,26.0,85.05000000000001,5,3,0,0,297.5833930513992,323.34102696350976,0,0
2025-05-08 05:15:00+05:30,300.50882184134974,26.125,84.525,5,3,0,0,298.6979475436849,324.9369133163101,0,0
2025-05-08 05:30:00+05:30,305.00261529623754,25.975,86.2,5,3,0,0,300.50882184134974,329.5348167307982,0,0
2025-05-08 05:45:00+05:30,309.2330144670891,25.925,86.5,5,3,0,0,305.00261529623754,325.43915646890105,0,0
2025-05-08 06:00:00+05:30,313.3486001248493,25.9,86.825,6,3,0,0,309.2330144670891,330.48586918058805,0,0
2025-05-08 06:15:00+05:30,319.91226853281853,26.075,86.275,6,3,0,0,313.3486001248493,336.2265792984829,0,0
2025-05-08 06:30:00+05:30,329.9200916641667,26.175,86.05,6,3,0,0,319.91226853281853,349.5121539991046,0,0
2025-05-08 06:45:00+05:30,340.2291038208458,26.3,85.35,6,3,0,0,329.9200916641667,359.88262073232926,0,0
2025-05-08 07:00:00+05:30,352.7752954346495,26.45,85.5,7,3,0,0,340.2291038208458,374.0884170627082,0,0
2025-05-08 07:15:00+05:30,368.52445840132685,26.225,86.55,7,3,0,0,352.7752954346495,390.64373651736224,0,0
2025-05-08 07:30:00+05:30,384.5263046883846,26.275,85.775,7,3,0,0,368.52445840132685,405.07043562953777,0,0
2025-05-08 07:45:00+05:30,401.1284407741665,26.55,84.94999999999999,7,3,0,0,384.5263046883846,424.2801830280284,0,0
2025-05-08 08:00:00+05:30,424.9428345342861,26.95,83.55,8,3,0,0,401.1284407741665,446.0716088840561,0,0
2025-05-08 08:15:00+05:30,445.95560207874456,27.25,82.875,8,3,0,0,424.9428345342861,470.25085965010567,0,0
2025-05-08 08:30:00+05:30,465.0573362305532,27.55,81.44999999999999,8,3,0,0,445.95560207874456,482.8037548988975,0,0
2025-05-08 08:45:00+05:30,479.4361176877978,27.7,81.45,8,3,0,0,465.0573362305532,502.14788573749337,0,0
2025-05-08 09:00:00+05:30,494.6638180452716,27.725,81.275,9,3,0,1,479.4361176877978,516.777611692827,0,0
2025-05-08 09:15:00+05:30,508.1580828086808,27.5,82.55000000000001,9,3,0,1,494.6638180452716,533.3352516439153,0,0
2025-05-08 09:30:00+05:30,517.1163729815427,27.85,82.275,9,3,0,1,508.1580828086808,544.818387224821,0,0
2025-05-08 09:45:00+05:30,525.8577402258873,28.025,81.5,9,3,0,1,517.1163729815427,554.4203426910237,0,0
2025-05-08 10:00:00+05:30,531.8898378563202,28.200000000000003,80.65,10,3,0,1,525.8577402258873,560.6029289359057,0,0
2025-05-08 10:15:00+05:30,539.651474631648,28.8,78.725,10,3,0,1,531.8898378563202,569.2072071453654,0,0
2025-05-08 10:30:00+05:30,542.8713873256348,29.200000000000003,76.92500000000001,10,3,0,1,539.651474631648,569.4441872004179,0,0
2025-05-08 10:45:00+05:30,547.3653927449856,29.725,75.22500000000001,10,3,0,1,542.8713873256348,573.3317427387865,0,0
2025-05-08 11:00:00+05:30,551.4129546769412,29.975,73.2,11,3,0,1,547.3653927449856,555.8338054294584,0,0
2025-05-08 11:15:00+05:30,551.5698068782656,30.275,72.275,11,3,0,1,551.4129546769412,552.5103414265704,0,0
2025-05-08 11:30:00+05:30,551.1377259748971,30.575,71.5,11,3,0,1,551.5698068782656,557.3759737016986,0,0
2025-05-08 11:45:00+05:30,553.9818058322434,30.75,70.15,11,3,0,1,551.1377259748971,550.3981735224625,0,0
2025-05-08 12:00:00+05:30,550.5324376144755,30.625,71.57500000000002,12,3,0,1,553.9818058322434,545.5793655632458,0,0
2025-05-08 12:15:00+05:30,545.7764516481059,30.625,71.92500000000001,12,3,0,1,550.5324376144755,541.561532786147,0,0
2025-05-08 12:30:00+05:30,543.653135751189,31.025,70.6,12,3,0,1,545.7764516481059,537.7174918058338,0,0
2025-05-08 12:45:00+05:30,542.6559476202868,31.325000000000003,68.5,12,3,0,1,543.653135751189,537.9652481950873,0,0
2025-05-08 13:00:00+05:30,537.9705112259638,31.55,67.1,13,3,0,1,542.6559476202868,531.2159608263013,0,0
2025-05-08 13:15:00+05:30,536.305722249129,31.700000000000003,66.225,13,3,0,1,537.9705112259638,527.798374788455,0,0
2025-05-08 13:30:00+05:30,533.9313128384659,31.325,65.4,13,3,0,1,536.305722249129,530.7216329705426,0,0
2025-05-08 13:45:00+05:30,539.138397480567,30.65,67.2,13,3,0,1,533.9313128384659,534.5893555485392,0,0
2025-05-08 14:00:00+05:30,543.7773214938269,29.4,71.65,14,3,0,1,539.138397480567,544.81840981648,0,0
2025-05-08 14:15:00+05:30,535.8483347441944,28.275,76.25,14,3,0,1,543.7773214938269,553.2746317786797,0,0
2025-05-08 14:30:00+05:30,530.5965588560584,27.975,77.275,14,3,0,1,535.8483347441944,557.1511590815777,0,0
2025-05-08 14:45:00+05:30,521.9578913953804,28.65,76.225,14,3,0,1,530.5965588560584,559.8853314441209,0,0
2025-05-08 15:00:00+05:30,517.6752144326089,29.0,75.625,15,3,0,1,521.9578913953804,564.5887087828302,0,0
2025-05-08 15:15:00+05:30,517.2952833523265,29.425,74.025,15,3,0,1,517.6752144326089,566.1373043835537,0,0
2025-05-08 15:30:00+05:30,518.3738634038376,30.525,71.25,15,3,0,1,517.2952833523265,564.5513604891939,0,0
2025-05-08 15:45:00+05:30,520.2761273948851,31.375,69.05,15,3,0,1,518.3738634038376,558.3654775634504,0,0
2025-05-08 16:00:00+05:30,523.4779448901501,30.575,70.825,16,3,0,1,520.2761273948851,547.6576908695444,0,0
2025-05-08 16:15:00+05:30,521.9390206287904,30.175,71.225,16,3,0,1,523.4779448901501,535.2084761660658,0,0
2025-05-08 16:30:00+05:30,520.4257764266907,30.45,69.15,16,3,0,1,521.9390206287904,523.0891338534298,0,0
2025-05-08 16:45:00+05:30,517.4264345015881,30.15,67.25,16,3,0,1,520.4257764266907,509.9745038366919,0,0
2025-05-08 17:00:00+05:30,516.1952649143706,29.825,69.8,17,3,0,1,517.4264345015881,507.0641832564256,0,0
2025-05-08 17:15:00+05:30,508.3287632227148,30.0,69.65,17,3,0,1,516.1952649143706,503.1435740308502,0,0
2025-05-08 17:30:00+05:30,501.5582263363864,29.45,72.0,17,3,0,1,508.3287632227148,496.25362044577946,0,0
2025-05-08 17:45:00+05:30,499.4864479545093,29.075,74.95,17,3,0,1,501.5582263363864,487.2745002225971,0,0
2025-05-08 18:00:00+05:30,493.8534761008333,28.85,76.025,18,3,0,0,499.4864479545093,480.5320405519759,0,0
2025-05-08 18:15:00+05:30,485.9934461758791,28.925,75.5,18,3,0,0,493.8534761008333,473.9831946299111,0,0
2025-05-08 18:30:00+05:30,479.30848211695474,28.65,75.65,18,3,0,0,485.9934461758791,465.8548840342049,0,0
2025-05-08 18:45:00+05:30,478.48688053106576,28.475,75.6,18,3,0,0,479.30848211695474,463.3138439462493,0,0
2025-05-08 19:00:00+05:30,474.714414100205,28.25,75.47500000000001,19,3,0,0,478.48688053106576,456.51738225782447,0,0
2025-05-08 19:15:00+05:30,469.3970310304448,28.15,75.55,19,3,0,0,474.714414100205,449.18724619617774,0,0
2025-05-08 19:30:00+05:30,461.376892869286,28.1,75.6,19,3,0,0,469.3970310304448,442.27392493310913,0,0
2025-05-08 19:45:00+05:30,453.0098686358449,28.125,75.60000000000001,19,3,0,0,461.376892869286,434.7186324026708,0,0
2025-05-08 20:00:00+05:30,444.4273130616218,28.05,76.69999999999999,20,3,0,0,453.0098686358449,422.6141099142859,0,0
2025-05-08 20:15:00+05:30,435.8685359156681,28.075,77.2,20,3,0,0,444.4273130616218,415.7257201215651,0,0
2025-05-08 20:30:00+05:30,431.699864695102,28.15,77.65,20,3,0,0,435.8685359156681,409.67664233251134,0,0
2025-05-08 20:45:00+05:30,428.0600706346958,28.175,77.9,20,3,0,0,431.699864695102,406.3287445723025,0,0
2025-05-08 21:00:00+05:30,421.9031919719738,28.25,76.525,21,3,0,0,428.0600706346958,401.6659221074476,0,0
2025-05-08 21:15:00+05:30,419.34953126879424,28.225,76.9,21,3,0,0,421.9031919719738,399.4796610988898,0,0
2025-05-08 21:30:00+05:30,414.3380988151246,28.25,77.175,21,3,0,0,419.34953126879424,395.2326177433854,0,0
2025-05-08 21:45:00+05:30,408.80269179609127,28.225,77.0,21,3,0,0,414.3380988151246,389.4885350774809,0,0
2025-05-08 22:00:00+05:30,401.6087891325111,28.25,77.45,22,3,0,0,408.80269179609127,383.0180679126439,0,0
2025-05-08 22:15:00+05:30,397.921370552369,28.225,77.25,22,3,0,0,401.6087891325111,378.28643600215526,0,0
2025-05-08 22:30:00+05:30,393.0200660870896,28.2,78.0,22,3,0,0,397.921370552369,372.88033388524616,0,0
2025-05-08 22:45:00+05:30,386.38883328722505,28.200000000000003,78.9,22,3,0,0,393.0200660870896,367.6585316494516,0,0
2025-05-08 23:00:00+05:30,381.9952282973112,28.125,79.30000000000001,23,3,0,0,386.38883328722505,362.4879787236398,0,0
2025-05-08 23:15:00+05:30,376.8398115665625,28.075,79.6,23,3,0,0,381.9952282973112,358.71205235638854,0,0
2025-05-08 23:30:00+05:30,373.0088490858321,28.0,79.225,23,3,0,0,376.8398115665625,354.86611503018327,0,0
2025-05-08 23:45:00+05:30,366.5471306532237,27.875,80.60000000000001,23,3,0,0,373.0088490858321,349.950395115102,0,0
2025-05-09 00:00:00+05:30,361.52502302640414,27.8,81.85,0,4,0,0,366.5471306532237,343.4106979529973,1,1
2025-05-09 00:15:00+05:30,355.95108645701794,27.775,82.625,0,4,0,0,361.52502302640414,337.8458718098026,1,1
2025-05-09 00:30:00+05:30,352.9000778883292,27.725,83.05,0,4,0,0,355.95108645701794,335.0427805478986,1,1
2025-05-09 00:45:00+05:30,347.2579822797066,27.7,83.25,0,4,0,0,352.9000778883292,329.8861869741023,1,1
2025-05-09 01:00:00+05:30,341.6298631819506,27.675,83.575,1,4,0,0,347.2579822797066,324.83681555406446,1,1
2025-05-09 01:15:00+05:30,338.13460532127107,27.6,84.0,1,4,0,0,341.6298631819506,321.1538831563347,1,1
2025-05-09 01:30:00+05:30,336.1758465383292,27.475,84.2,1,4,0,0,338.13460532127107,319.06758270383307,1,1
2025-05-09 01:45:00+05:30,332.0213433652648,26.475,89.425,1,4,0,0,336.1758465383292,317.0690050436132,1,1
2025-05-09 02:00:00+05:30,328.4721142622246,26.35,89.25,2,4,0,0,332.0213433652648,314.2526592433992,1,1
2025-05-09 02:15:00+05:30,325.99570032324897,26.225,87.2,2,4,0,0,328.4721142622246,310.8538164149612,1,1
2025-05-09 02:30:00+05:30,321.5505827013031,26.225,87.725,2,4,0,0,325.99570032324897,306.2795360163236,1,1
2025-05-09 02:45:00+05:30,318.48778452619507,26.2,87.925,2,4,0,0,321.5505827013031,304.4006197159396,1,1
2025-05-09 03:00:00+05:30,314.12343688072366,26.1,88.05,3,4,0,0,318.48778452619507,302.8321890952363,1,1
2025-05-09 03:15:00+05:30,310.69066383585044,25.975,88.825,3,4,0,0,314.12343688072366,300.4104255573937,1,1
2025-05-09 03:30:00+05:30,307.6812100842872,26.1,88.175,3,4,0,0,310.69066383585044,299.24774266584353,1,1
2025-05-09 03:45:00+05:30,306.14374540927764,26.175,88.7,3,4,0,0,307.6812100842872,299.5967282522875,1,1
2025-05-09 04:00:00+05:30,306.01799775917823,26.125,89.525,4,4,0,0,306.14374540927764,298.16977099093293,1,1
2025-05-09 04:15:00+05:30,304.55421178967947,26.2,89.425,4,4,0,0,306.01799775917823,297.36020807008674,1,1
2025-05-09 04:30:00+05:30,305.0459759979054,26.25,89.85,4,4,0,0,304.55421178967947,297.7580226724827,1,1
2025-05-09 04:45:00+05:30,307.1033956298268,26.275,90.2,4,4,0,0,305.0459759979054,297.5833930513992,1,1
2025-05-09 05:00:00+05:30,308.6008981817991,26.375,89.475,5,4,0,0,307.1033956298268,298.6979475436849,1,1
2025-05-09 05:15:00+05:30,308.6950382489987,26.35,88.3,5,4,0,0,308.6008981817991,300.50882184134974,1,1
2025-05-09 05:30:00+05:30,312.48806688290614,26.375,88.475,5,4,0,0,308.6950382489987,305.00261529623754,1,1
2025-05-09 05:45:00+05:30,314.832695572306,26.325,87.775,5,4,0,0,312.48806688290614,309.2330144670891,1,1
2025-05-09 06:00:00+05:30,319.6407444917711,26.45,87.775,6,4,0,0,314.832695572306,313.3486001248493,1,1
2025-05-09 06:15:00+05:30,328.0289187876315,26.5,87.025,6,4,0,0,319.6407444917711,319.91226853281853,1,1
2025-05-09 06:30:00+05:30,339.3433302450423,26.725,86.8,6,4,0,0,328.0289187876315,329.9200916641667,1,1
2025-05-09 06:45:00+05:30,349.8343729789308,27.025,86.45,6,4,0,0,339.3433302450423,340.2291038208458,1,1
2025-05-09 07:00:00+05:30,361.46187646684393,27.35,84.475,7,4,0,0,349.8343729789308,352.7752954346495,1,1
2025-05-09 07:15:00+05:30,374.4277353169934,27.575,83.925,7,4,0,0,361.46187646684393,368.52445840132685,1,1
2025-05-09 07:30:00+05:30,392.43608574312685,27.95,82.625,7,4,0,0,374.4277353169934,384.5263046883846,1,1
2025-05-09 07:45:00+05:30,408.9505724734468,28.275,80.85,7,4,0,0,392.43608574312685,401.1284407741665,1,1
2025-05-09 08:00:00+05:30,431.416474282563,28.6,79.275,8,4,0,0,408.9505724734468,424.9428345342861,1,1
2025-05-09 08:15:00+05:30,449.96687429083744,28.9,78.4,8,4,0,0,431.416474282563,445.95560207874456,1,1
2025-05-09 08:30:00+05:30,466.9898423593104,29.25,76.8,8,4,0,0,449.96687429083744,465.0573362305532,1,1
2025-05-09 08:45:00+05:30,485.8786255759741,29.55,75.025,8,4,0,0,466.9898423593104,479.4361176877978,1,1
2025-05-09 09:00:00+05:30,503.17204677722094,30.1,72.85,9,4,0,1,485.8786255759741,494.6638180452716,1,1
2025-05-09 09:15:00+05:30,517.3487021560363,30.5,71.25,9,4,0,1,503.17204677722094,508.1580828086808,1,1
2025-05-09 09:30:00+05:30,530.992723356636,30.4,71.05,9,4,0,1,517.3487021560363,517.1163729815427,1,1
2025-05-09 09:45:00+05:30,539.5454186010854,30.7,69.675,9,4,0,1,530.992723356636,525.8577402258873,1,1
2025-05-09 10:00:00+05:30,549.6459913689304,31.025,69.025,10,4,0,1,539.5454186010854,531.8898378563202,1,1
2025-05-09 10:15:00+05:30,554.9789349376179,31.05,68.975,10,4,0,1,549.6459913689304,539.651474631648,1,1
2025-05-09 10:30:00+05:30,558.7781459102075,31.225,67.95,10,4,0,1,554.9789349376179,542.8713873256348,1,1
2025-05-09 10:45:00+05:30,561.6414658167099,31.35,68.2,10,4,0,1,558.7781459102075,547.3653927449856,1,1
2025-05-09 11:00:00+05:30,565.238900202684,31.175,68.725,11,4,0,1,561.6414658167099,551.4129546769412,1,1
2025-05-09 11:15:00+05:30,562.2159248908199,30.65,70.425,11,4,0,1,565.238900202684,551.5698068782656,1,1
2025-05-09 11:30:00+05:30,563.000390129,30.85,70.0,11,4,0,1,562.2159248908199,551.1377259748971,1,1
2025-05-09 11:45:00+05:30,559.817516224669,30.725,71.525,11,4,0,1,563.000390129,553.9818058322434,1,1
2025-05-09 12:00:00+05:30,555.7086115192528,31.2,71.0,12,4,0,1,559.817516224669,550.5324376144755,1,1
2025-05-09 12:15:00+05:30,553.7856967958284,31.675,68.425,12,4,0,1,555.7086115192528,545.7764516481059,1,1
2025-05-09 12:30:00+05:30,552.8005453849396,32.175,67.325,12,4,0,1,553.7856967958284,543.653135751189,1,1
2025-05-09 12:45:00+05:30,550.4079608629576,32.375,64.7,12,4,0,1,552.8005453849396,542.6559476202868,1,1
2025-05-09 13:00:00+05:30,546.6393222682398,32.575,63.075,13,4,0,1,550.4079608629576,537.9705112259638,1,1
2025-05-09 13:15:00+05:30,547.15512488697,32.3,64.175,13,4,0,1,546.6393222682398,536.305722249129,1,1
2025-05-09 13:30:00+05:30,545.3090722342722,32.85,62.1,13,4,0,1,547.15512488697,533.9313128384659,1,1
2025-05-09 13:45:00+05:30,544.0952007722885,32.9,60.375,13,4,0,1,545.3090722342722,539.138397480567,1,1
2025-05-09 14:00:00+05:30,549.6050814290319,33.45,58.025,14,4,0,1,544.0952007722885,543.7773214938269,1,1
2025-05-09 14:15:00+05:30,552.3393071905327,33.475,57.875,14,4,0,1,549.6050814290319,535.8483347441944,1,1
2025-05-09 14:30:00+05:30,553.3970880018264,33.725,58.7,14,4,0,1,552.3393071905327,530.5965588560584,1,1
2025-05-09 14:45:00+05:30,552.975539560382,33.225,58.925,14,4,0,1,553.3970880018264,521.9578913953804,1,1
2025-05-09 15:00:00+05:30,557.1451982659872,33.025,60.25,15,4,0,1,552.975539560382,517.6752144326089,1,1
2025-05-09 15:15:00+05:30,558.2144987215657,33.2,60.275,15,4,0,1,557.1451982659872,517.2952833523265,1,1
2025-05-09 15:30:00+05:30,557.3178329284526,32.925,60.675,15,4,0,1,558.2144987215657,518.3738634038376,1,1
2025-05-09 15:45:00+05:30,556.5142668511563,33.05,61.1,15,4,0,1,557.3178329284526,520.2761273948851,1,1
2025-05-09 16:00:00+05:30,553.47265016131,33.4,59.925,16,4,0,1,556.5142668511563,523.4779448901501,1,1
2025-05-09 16:15:00+05:30,553.0863305460064,33.35,60.875,16,4,0,1,553.47265016131,521.9390206287904,1,1
2025-05-09 16:30:00+05:30,549.1668941101711,32.95,63.35,16,4,0,1,553.0863305460064,520.4257764266907,1,1
2025-05-09 16:45:00+05:30,546.6731396971498,32.675,64.125,16,4,0,1,549.1668941101711,517.4264345015881,1,1
2025-05-09 17:00:00+05:30,545.0481611213588,32.7,64.3,17,4,0,1,546.6731396971498,516.1952649143706,1,1
2025-05-09 17:15:00+05:30,540.1436935449609,32.275,66.475,17,4,0,1,545.0481611213588,508.3287632227148,1,1
2025-05-09 17:30:00+05:30,533.4201413780343,32.45,65.825,17,4,0,1,540.1436935449609,501.5582263363864,1,1
2025-05-09 17:45:00+05:30,525.9553275991584,32.625,65.375,17,4,0,1,533.4201413780343,499.4864479545093,1,1
2025-05-09 18:00:00+05:30,517.4272199601618,31.75,67.925,18,4,0,0,525.9553275991584,493.8534761008333,1,1
2025-05-09 18:15:00+05:30,508.6770894381714,31.275,68.65,18,4,0,0,517.4272199601618,485.9934461758791,1,1
2025-05-09 18:30:00+05:30,501.88202508980817,30.725,70.325,18,4,0,0,508.6770894381714,479.30848211695474,1,1
2025-05-09 18:45:00+05:30,498.5040480358831,30.275,71.775,18,4,0,0,501.88202508980817,478.48688053106576,1,1
2025-05-09 19:00:00+05:30,491.7783502077491,30.1,72.45,19,4,0,0,498.5040480358831,474.714414100205,1,1
2025-05-09 19:15:00+05:30,485.6702462843712,29.85,73.275,19,4,0,0,491.7783502077491,469.3970310304448,1,1
2025-05-09 19:30:00+05:30,479.547649065103,29.9,73.875,19,4,0,0,485.6702462843712,461.376892869286,1,1
2025-05-09 19:45:00+05:30,470.7844994774923,29.775,73.75,19,4,0,0,479.547649065103,453.0098686358449,1,1
2025-05-09 20:00:00+05:30,462.08871005328047,29.825,73.9,20,4,0,0,470.7844994774923,444.4273130616218,1,1
2025-05-09 20:15:00+05:30,455.1405909967454,29.675,74.125,20,4,0,0,462.08871005328047,435.8685359156681,1,1
2025-05-09 20:30:00+05:30,449.4309244511932,29.675,74.45,20,4,0,0,455.1405909967454,431.699864695102,1,1
2025-05-09 20:45:00+05:30,443.50265812322505,29.575,75.25,20,4,0,0,449.4309244511932,428.0600706346958,1,1
2025-05-09 21:00:00+05:30,438.3605540575769,29.575,75.475,21,4,0,0,443.50265812322505,421.9031919719738,1,1
2025-05-09 21:15:00+05:30,434.03138572918186,29.575,75.875,21,4,0,0,438.3605540575769,419.34953126879424,1,1
2025-05-09 21:30:00+05:30,429.7507200101044,29.525,76.15,21,4,0,0,434.03138572918186,414.3380988151246,1,1
2025-05-09 21:45:00+05:30,424.075042368203,29.5,76.75,21,4,0,0,429.7507200101044,408.80269179609127,1,1
2025-05-09 22:00:00+05:30,417.3037114637493,28.95,77.625,22,4,0,0,424.075042368203,401.6087891325111,1,1
2025-05-09 22:15:00+05:30,411.81958752210846,28.975,78.625,22,4,0,0,417.3037114637493,397.921370552369,1,1
2025-05-09 22:30:00+05:30,407.5478848461748,28.95,78.35,22,4,0,0,411.81958752210846,393.0200660870896,1,1
2025-05-09 22:45:00+05:30,401.5960114907065,28.975,79.25,22,4,0,0,407.5478848461748,386.38883328722505,1,1
2025-05-09 23:00:00+05:30,395.6120054845651,28.975,79.425,23,4,0,0,401.5960114907065,381.9952282973112,1,1
2025-05-09 23:15:00+05:30,388.75257388073913,29.05,79.4,23,4,0,0,395.6120054845651,376.8398115665625,1,1
2025-05-09 23:30:00+05:30,383.5160402802296,28.925,79.6,23,4,0,0,388.75257388073913,373.0088490858321,1,1
2025-05-09 23:45:00+05:30,378.38353717162937,28.875,79.425,23,4,0,0,383.5160402802296,366.5471306532237,1,1
2025-05-10 00:00:00+05:30,372.3648578397125,28.825,79.575,0,5,1,0,378.38353717162937,361.52502302640414,0,0
2025-05-10 00:15:00+05:30,367.3009131120175,28.775,79.825,0,5,1,0,372.3648578397125,355.95108645701794,0,0
2025-05-10 00:30:00+05:30,362.14410458632113,28.625,80.65,0,5,1,0,367.3009131120175,352.9000778883292,0,0
2025-05-10 00:45:00+05:30,358.1747983772449,28.5,80.775,0,5,1,0,362.14410458632113,347.2579822797066,0,0
2025-05-10 01:00:00+05:30,354.89626724582234,28.65,80.675,1,5,1,0,358.1747983772449,341.6298631819506,0,0
2025-05-10 01:15:00+05:30,350.53139886330024,28.6,81.525,1,5,1,0,354.89626724582234,338.13460532127107,0,0
2025-05-10 01:30:00+05:30,348.6538250591789,28.525,81.525,1,5,1,0,350.53139886330024,336.1758465383292,0,0
2025-05-10 01:45:00+05:30,345.6096926988152,28.525,81.85,1,5,1,0,348.6538250591789,332.0213433652648,0,0
2025-05-10 02:00:00+05:30,340.84317114047064,28.4,82.375,2,5,1,0,345.6096926988152,328.4721142622246,0,0
2025-05-10 02:15:00+05:30,338.31380568890626,28.35,82.9,2,5,1,0,340.84317114047064,325.99570032324897,0,0
2025-05-10 02:30:00+05:30,335.5617523510217,28.3,83.325,2,5,1,0,338.31380568890626,321.5505827013031,0,0
2025-05-10 02:45:00+05:30,332.1425809985369,28.325,83.525,2,5,1,0,335.5617523510217,318.48778452619507,0,0
2025-05-10 03:00:00+05:30,328.4607409540097,28.275,83.175,3,5,1,0,332.1425809985369,314.12343688072366,0,0
2025-05-10 03:15:00+05:30,324.90430147878726,28.275,83.05,3,5,1,0,328.4607409540097,310.69066383585044,0,0
2025-05-10 03:30:00+05:30,320.4063588021717,28.275,83.125,3,5,1,0,324.90430147878726,307.6812100842872,0,0
2025-05-10 03:45:00+05:30,319.16431408260524,28.3,82.675,3,5,1,0,320.4063588021717,306.14374540927764,0,0
2025-05-10 04:00:00+05:30,319.1847724791672,28.2,81.65,4,5,1,0,319.16431408260524,306.01799775917823,0,0
2025-05-10 04:15:00+05:30,317.7091639515005,28.25,81.15,4,5,1,0,319.1847724791672,304.55421178967947,0,0
2025-05-10 04:30:00+05:30,317.33118051583864,28.275,81.325,4,5,1,0,317.7091639515005,305.0459759979054,0,0
2025-05-10 04:45:00+05:30,317.55842604315364,28.225,81.35,4,5,1,0,317.33118051583864,307.1033956298268,0,0
2025-05-10 05:00:00+05:30,318.7121210268792,28.25,81.525,5,5,1,0,317.55842604315364,308.6008981817991,0,0
2025-05-10 05:15:00+05:30,317.90535475915,28.125,81.425,5,5,1,0,318.7121210268792,308.6950382489987,0,0
2025-05-10 05:30:00+05:30,319.4292690483352,28.15,80.8,5,5,1,0,317.90535475915,312.48806688290614,0,0
2025-05-10 05:45:00+05:30,322.9797054764274,27.975,80.825,5,5,1,0,319.4292690483352,314.832695572306,0,0
2025-05-10 06:00:00+05:30,325.5852248155391,27.95,82.0,6,5,1,0,322.9797054764274,319.6407444917711,0,0
2025-05-10 06:15:00+05:30,328.8242123208981,27.975,81.875,6,5,1,0,325.5852248155391,328.0289187876315,0,0
2025-05-10 06:30:00+05:30,334.3778696299093,28.05,81.225,6,5,1,0,328.8242123208981,339.3433302450423,0,0
2025-05-10 06:45:00+05:30,337.7341638622725,28.225,80.85,6,5,1,0,334.3778696299093,349.8343729789308,0,0
2025-05-10 07:00:00+05:30,342.42478195282354,28.525,79.05,7,5,1,0,337.7341638622725,361.46187646684393,0,0
2025-05-10 07:15:00+05:30,347.2992432955285,28.8,77.5,7,5,1,0,342.42478195282354,374.4277353169934,0,0
2025-05-10 07:30:00+05:30,355.6969891279833,29.225,76.025,7,5,1,0,347.2992432955285,392.43608574312685,0,0
2025-05-10 07:45:00+05:30,363.6581229744225,29.45,74.775,7,5,1,0,355.6969891279833,408.9505724734468,0,0
2025-05-10 08:00:00+05:30,377.4524185587725,29.725,73.5,8,5,1,0,363.6581229744225,431.416474282563,0,0
2025-05-10 08:15:00+05:30,391.698160055205,30.075,71.55,8,5,1,0,377.4524185587725,449.96687429083744,0,0
2025-05-10 08:30:00+05:30,402.69556362498594,30.4,70.05,8,5,1,0,391.698160055205,466.9898423593104,0,0
2025-05-10 08:45:00+05:30,412.51934912350094,30.7,68.675,8,5,1,0,402.69556362498594,485.8786255759741,0,0
2025-05-10 09:00:00+05:30,422.4754978105904,31.1,67.4,9,5,1,1,412.51934912350094,503.17204677722094,0,0
2025-05-10 09:15:00+05:30,433.33852778681785,31.375,65.2,9,5,1,1,422.4754978105904,517.3487021560363,0,0
2025-05-10 09:30:00+05:30,443.201877437432,31.675,64.35,9,5,1,1,433.33852778681785,530.992723356636,0,0
2025-05-10 09:45:00+05:30,449.69211753694543,31.85,62.95,9,5,1,1,443.201877437432,539.5454186010854,0,0
2025-05-10 10:00:00+05:30,455.5813569002517,31.95,63.275,10,5,1,1,449.69211753694543,549.6459913689304,0,0
2025-05-10 10:15:00+05:30,463.6806513227394,32.25,62.525,10,5,1,1,455.5813569002517,554.9789349376179,0,0
2025-05-10 10:30:00+05:30,467.9440204098673,32.0,63.325,10,5,1,1,463.6806513227394,558.7781459102075,0,0
2025-05-10 10:45:00+05:30,476.9165916904048,32.1,63.35,10,5,1,1,467.9440204098673,561.6414658167099,0,0
2025-05-10 11:00:00+05:30,477.55976530037736,32.35,62.075,11,5,1,1,476.9165916904048,565.238900202684,0,0
2025-05-10 11:15:00+05:30,476.722709877047,32.625,61.275,11,5,1,1,477.55976530037736,562.2159248908199,0,0
2025-05-10 11:30:00+05:30,477.297602034535,32.525,62.05,11,5,1,1,476.722709877047,563.000390129,0,0
2025-05-10 11:45:00+05:30,475.9385707568055,33.0,60.975,11,5,1,1,477.297602034535,559.817516224669,0,0
2025-05-10 12:00:00+05:30,476.6949792426413,33.3,59.9,12,5,1,1,475.9385707568055,555.7086115192528,0,0
2025-05-10 12:15:00+05:30,476.4910257186998,33.5,59.675,12,5,1,1,476.6949792426413,553.7856967958284,0,0
2025-05-10 12:30:00+05:30,475.786851864484,33.625,59.55,12,5,1,1,476.4910257186998,552.8005453849396,0,0
2025-05-10 12:45:00+05:30,473.97235930358914,33.725,59.525,12,5,1,1,475.786851864484,550.4079608629576,0,0
2025-05-10 13:00:00+05:30,470.62519025635135,33.675,59.475,13,5,1,1,473.97235930358914,546.6393222682398,0,0
2025-05-10 13:15:00+05:30,468.9759406714234,33.45,60.475,13,5,1,1,470.62519025635135,547.15512488697,0,0
2025-05-10 13:30:00+05:30,467.7417768593387,33.25,61.0,13,5,1,1,468.9759406714234,545.3090722342722,0,0
2025-05-10 13:45:00+05:30,467.740549783238,33.15,61.425,13,5,1,1,467.7417768593387,544.0952007722885,0,0
2025-05-10 14:00:00+05:30,470.8148705768072,33.325,61.325,14,5,1,1,467.740549783238,549.6050814290319,0,0
2025-05-10 14:15:00+05:30,472.1768278956087,33.25,61.825,14,5,1,1,470.8148705768072,552.3393071905327,0,0
2025-05-10 14:30:00+05:30,474.81262442798135,33.85,60.975,14,5,1,1,472.1768278956087,553.3970880018264,0,0
2025-05-10 14:45:00+05:30,476.8177010439214,33.625,61.2,14,5,1,1,474.81262442798135,552.975539560382,0,0
2025-05-10 15:00:00+05:30,477.5963158452864,33.7,61.025,15,5,1,1,476.8177010439214,557.1451982659872,0,0
2025-05-10 15:15:00+05:30,478.86094519646616,33.975,61.025,15,5,1,1,477.5963158452864,558.2144987215657,0,0
2025-05-10 15:30:00+05:30,478.50929390001727,33.775,61.6,15,5,1,1,478.86094519646616,557.3178329284526,0,0
2025-05-10 15:45:00+05:30,479.5278696195776,34.225,60.925,15,5,1,1,478.50929390001727,556.5142668511563,0,0
2025-05-10 16:00:00+05:30,477.484689471784,34.125,59.925,16,5,1,1,479.5278696195776,553.47265016131,0,0
2025-05-10 16:15:00+05:30,474.3458334258378,34.0,60.375,16,5,1,1,477.484689471784,553.0863305460064,0,0
2025-05-10 16:30:00+05:30,470.2779616728005,34.125,59.875,16,5,1,1,474.3458334258378,549.1668941101711,0,0
2025-05-10 16:45:00+05:30,466.8802613453772,33.8,61.225,16,5,1,1,470.2779616728005,546.6731396971498,0,0
2025-05-10 17:00:00+05:30,464.22171757692536,33.325,63.25,17,5,1,1,466.8802613453772,545.0481611213588,0,0
2025-05-10 17:15:00+05:30,459.6806968591904,33.225,63.425,17,5,1,1,464.22171757692536,540.1436935449609,0,0
2025-05-10 17:30:00+05:30,454.3924495577355,33.45,62.5,17,5,1,1,459.6806968591904,533.4201413780343,0,0
2025-05-10 17:45:00+05:30,450.2724665253508,32.9,63.7,17,5,1,1,454.3924495577355,525.9553275991584,0,0
2025-05-10 18:00:00+05:30,445.4857208272247,32.95,64.0,18,5,1,0,450.2724665253508,517.4272199601618,0,0
2025-05-10 18:15:00+05:30,441.4224753214984,32.025,66.5,18,5,1,0,445.4857208272247,508.6770894381714,0,0
2025-05-10 18:30:00+05:30,439.1011420423666,31.425,68.875,18,5,1,0,441.4224753214984,501.88202508980817,0,0
2025-05-10 18:45:00+05:30,437.0687324154176,31.05,70.025,18,5,1,0,439.1011420423666,498.5040480358831,0,0
2025-05-10 19:00:00+05:30,437.843010540432,30.775,71.0,19,5,1,0,437.0687324154176,491.7783502077491,0,0
2025-05-10 19:15:00+05:30,437.7306360822988,30.575,71.85,19,5,1,0,437.843010540432,485.6702462843712,0,0
2025-05-10 19:30:00+05:30,435.0312499669999,30.575,72.35,19,5,1,0,437.7306360822988,479.547649065103,0,0
2025-05-10 19:45:00+05:30,430.4089708571384,30.475,73.3,19,5,1,0,435.0312499669999,470.7844994774923,0,0
2025-05-10 20:00:00+05:30,428.4623617378239,30.4,73.675,20,5,1,0,430.4089708571384,462.08871005328047,0,0
2025-05-10 20:15:00+05:30,425.569401116241,30.425,73.95,20,5,1,0,428.4623617378239,455.1405909967454,0,0
2025-05-10 20:30:00+05:30,422.3608090591624,30.35,74.5,20,5,1,0,425.569401116241,449.4309244511932,0,0
2025-05-10 20:45:00+05:30,422.3210415441584,30.35,74.3,20,5,1,0,422.3608090591624,443.50265812322505,0,0
2025-05-10 21:00:00+05:30,418.7071744025188,30.275,74.75,21,5,1,0,422.3210415441584,438.3605540575769,0,0
2025-05-10 21:15:00+05:30,416.7751549823091,30.275,74.75,21,5,1,0,418.7071744025188,434.03138572918186,0,0
2025-05-10 21:30:00+05:30,414.0823458848699,30.15,75.05,21,5,1,0,416.7751549823091,429.7507200101044,0,0
2025-05-10 21:45:00+05:30,407.38046494051,30.2,74.975,21,5,1,0,414.0823458848699,424.075042368203,0,0
2025-05-10 22:00:00+05:30,405.4328951067323,30.15,75.125,22,5,1,0,407.38046494051,417.3037114637493,0,0
2025-05-10 22:15:00+05:30,401.6842387941419,30.125,75.2,22,5,1,0,405.4328951067323,411.81958752210846,0,0
2025-05-10 22:30:00+05:30,398.4253713125714,30.1,75.225,22,5,1,0,401.6842387941419,407.5478848461748,0,0
2025-05-10 22:45:00+05:30,395.45101354204,30.0,75.525,22,5,1,0,398.4253713125714,401.5960114907065,0,0
2025-05-10 23:00:00+05:30,391.8878617036832,29.9,75.775,23,5,1,0,395.45101354204,395.6120054845651,0,0
2025-05-10 23:15:00+05:30,389.0421390696762,29.85,75.9,23,5,1,0,391.8878617036832,388.75257388073913,0,0
2025-05-10 23:30:00+05:30,385.079439905464,29.75,76.25,23,5,1,0,389.0421390696762,383.5160402802296,0,0
2025-05-10 23:45:00+05:30,379.754954376094,29.625,77.05,23,5,1,0,385.079439905464,378.38353717162937,0,0
2025-05-11 00:00:00+05:30,376.0054604424625,29.55,77.5,0,6,1,0,379.754954376094,372.3648578397125,0,0
2025-05-11 00:15:00+05:30,372.3643062110908,29.625,76.925,0,6,1,0,376.0054604424625,367.3009131120175,0,0
2025-05-11 00:30:00+05:30,368.57397431423567,29.6,77.325,0,6,1,0,372.3643062110908,362.14410458632113,0,0
2025-05-11 00:45:00+05:30,364.3790882335597,29.55,77.825,0,6,1,0,368.57397431423567,358.1747983772449,0,0
2025-05-11 01:00:00+05:30,358.49643126228176,29.6,77.7,1,6,1,0,364.3790882335597,354.89626724582234,0,0
2025-05-11 01:15:00+05:30,353.8060886592244,29.575,78.0,1,6,1,0,358.49643126228176,350.53139886330024,0,0
2025-05-11 01:30:00+05:30,351.43781220938706,29.55,77.875,1,6,1,0,353.8060886592244,348.6538250591789,0,0
2025-05-11 01:45:00+05:30,349.1622489358908,29.475,78.0,1,6,1,0,351.43781220938706,345.6096926988152,0,0
2025-05-11 02:00:00+05:30,344.5609158119356,29.45,78.475,2,6,1,0,349.1622489358908,340.84317114047064,0,0
2025-05-11 02:15:00+05:30,341.97726848120203,29.425,78.55,2,6,1,0,344.5609158119356,338.31380568890626,0,0
2025-05-11 02:30:00+05:30,337.90971620580257,29.275,79.675,2,6,1,0,341.97726848120203,335.5617523510217,0,0
2025-05-11 02:45:00+05:30,332.7579302840772,29.275,80.25,2,6,1,0,337.90971620580257,332.1425809985369,0,0
2025-05-11 03:00:00+05:30,329.0436669156257,29.25,80.4,3,6,1,0,332.7579302840772,328.4607409540097,0,0
2025-05-11 03:15:00+05:30,327.2995403045742,29.275,80.45,3,6,1,0,329.0436669156257,324.90430147878726,0,0
2025-05-11 03:30:00+05:30,323.2039243953287,29.225,80.6,3,6,1,0,327.2995403045742,320.4063588021717,0,0
2025-05-11 03:45:00+05:30,321.9873312463442,29.225,80.325,3,6,1,0,323.2039243953287,319.16431408260524,0,0
2025-05-11 04:00:00+05:30,321.3508920692903,29.1,81.1,4,6,1,0,321.9873312463442,319.1847724791672,0,0
2025-05-11 04:15:00+05:30,319.61918787566657,28.6,84.325,4,6,1,0,321.3508920692903,317.7091639515005,0,0
2025-05-11 04:30:00+05:30,319.6649216026197,28.375,84.925,4,6,1,0,319.61918787566657,317.33118051583864,0,0
2025-05-11 04:45:00+05:30,318.89147985350235,28.325,84.925,4,6,1,0,319.6649216026197,317.55842604315364,0,0
2025-05-11 05:00:00+05:30,317.06040617786334,28.275,85.2,5,6,1,0,318.89147985350235,318.7121210268792,0,0
2025-05-11 05:15:00+05:30,315.8960907932793,28.175,85.675,5,6,1,0,317.06040617786334,317.90535475915,0,0
2025-05-11 05:30:00+05:30,318.2422424518976,28.175,85.925,5,6,1,0,315.8960907932793,319.4292690483352,0,0
2025-05-11 05:45:00+05:30,315.9345084951757,28.175,86.225,5,6,1,0,318.2422424518976,322.9797054764274,0,0
2025-05-11 06:00:00+05:30,315.699421029878,28.175,86.45,6,6,1,0,315.9345084951757,325.5852248155391,0,0
2025-05-11 06:15:00+05:30,316.142657815736,28.2,86.775,6,6,1,0,315.699421029878,328.8242123208981,0,0
2025-05-11 06:30:00+05:30,315.7692407075318,28.35,86.325,6,6,1,0,316.142657815736,334.3778696299093,0,0
2025-05-11 06:45:00+05:30,316.43050575380204,28.7,85.875,6,6,1,0,315.7692407075318,337.7341638622725,0,0
2025-05-11 07:00:00+05:30,319.2737021841894,29.05,84.825,7,6,1,0,316.43050575380204,342.42478195282354,0,0
2025-05-11 07:15:00+05:30,322.1767872028505,29.3,83.25,7,6,1,0,319.2737021841894,347.2992432955285,0,0
2025-05-11 07:30:00+05:30,324.68383179793653,29.575,81.475,7,6,1,0,322.1767872028505,355.6969891279833,0,0
2025-05-11 07:45:00+05:30,328.66133641921067,29.875,79.775,7,6,1,0,324.68383179793653,363.6581229744225,0,0
2025-05-11 08:00:00+05:30,336.56291176784185,30.25,78.05,8,6,1,0,328.66133641921067,377.4524185587725,0,0
2025-05-11 08:15:00+05:30,340.94866794898746,30.625,76.95,8,6,1,0,336.56291176784185,391.698160055205,0,0
2025-05-11 08:30:00+05:30,350.74131364066795,30.925,75.55,8,6,1,0,340.94866794898746,402.69556362498594,0,0
2025-05-11 08:45:00+05:30,354.1757761544951,31.375,73.65,8,6,1,0,350.74131364066795,412.51934912350094,0,0
2025-05-11 09:00:00+05:30,358.92113309565525,31.65,71.7,9,6,1,1,354.1757761544951,422.4754978105904,0,0
2025-05-11 09:15:00+05:30,366.06594715537926,31.925,70.175,9,6,1,1,358.92113309565525,433.33852778681785,0,0
2025-05-11 09:30:00+05:30,370.08079775989904,32.175,68.475,9,6,1,1,366.06594715537926,443.201877437432,0,0
2025-05-11 09:45:00+05:30,371.6436841176761,32.475,67.1,9,6,1,1,370.08079775989904,449.69211753694543,0,0
2025-05-11 10:00:00+05:30,375.7186890870237,32.65,65.75,10,6,1,1,371.6436841176761,455.5813569002517,0,0
2025-05-11 10:15:00+05:30,381.6392209215432,32.95,63.95,10,6,1,1,375.7186890870237,463.6806513227394,0,0
2025-05-11 10:30:00+05:30,384.5428265376504,33.325,62.5,10,6,1,1,381.6392209215432,467.9440204098673,0,0
2025-05-11 10:45:00+05:30,388.9436113388469,33.625,60.15,10,6,1,1,384.5428265376504,476.9165916904048,0,0
2025-05-11 11:00:00+05:30,394.6357414374786,33.95,57.75,11,6,1,1,388.9436113388469,477.55976530037736,0,0
2025-05-11 11:15:00+05:30,397.9540304660285,34.35,59.425,11,6,1,1,394.6357414374786,476.722709877047,0,0
2025-05-11 11:30:00+05:30,398.6484729292784,34.075,60.85,11,6,1,1,397.9540304660285,477.297602034535,0,0
2025-05-11 11:45:00+05:30,399.4721552582509,34.125,60.95,11,6,1,1,398.6484729292784,475.9385707568055,0,0
2025-05-11 12:00:00+05:30,399.8453019383707,34.325,60.0,12,6,1,1,399.4721552582509,476.6949792426413,0,0
2025-05-11 12:15:00+05:30,399.3122682014842,34.25,60.275,12,6,1,1,399.8453019383707,476.4910257186998,0,0
2025-05-11 12:30:00+05:30,401.1973663084371,34.375,60.0,12,6,1,1,399.3122682014842,475.786851864484,0,0
2025-05-11 12:45:00+05:30,400.55259254929047,33.9,61.025,12,6,1,1,401.1973663084371,473.97235930358914,0,0
2025-05-11 13:00:00+05:30,400.8633355371538,34.025,60.6,13,6,1,1,400.55259254929047,470.62519025635135,0,0
2025-05-11 13:15:00+05:30,399.03010180137136,34.125,60.425,13,6,1,1,400.8633355371538,468.9759406714234,0,0
2025-05-11 13:30:00+05:30,399.7701057219483,33.95,60.3,13,6,1,1,399.03010180137136,467.7417768593387,0,0
2025-05-11 13:45:00+05:30,399.9032149846916,33.9,60.375,13,6,1,1,399.7701057219483,467.740549783238,0,0
2025-05-11 14:00:00+05:30,403.1619359562571,34.35,59.825,14,6,1,1,399.9032149846916,470.8148705768072,0,0
2025-05-11 14:15:00+05:30,403.52500155776,34.225,60.15,14,6,1,1,403.1619359562571,472.1768278956087,0,0
2025-05-11 14:30:00+05:30,404.96154968360497,34.475,59.8,14,6,1,1,403.52500155776,474.81262442798135,0,0
2025-05-11 14:45:00+05:30,404.52234522735193,34.25,60.7,14,6,1,1,404.96154968360497,476.8177010439214,0,0
2025-05-11 15:00:00+05:30,404.5883398168413,34.05,61.0,15,6,1,1,404.52234522735193,477.5963158452864,0,0
2025-05-11 15:15:00+05:30,404.95675627238137,33.925,60.65,15,6,1,1,404.5883398168413,478.86094519646616,0,0
2025-05-11 15:30:00+05:30,403.8450409272175,34.125,60.6,15,6,1,1,404.95675627238137,478.50929390001727,0,0
2025-05-11 15:45:00+05:30,404.14126657402863,34.175,60.95,15,6,1,1,403.8450409272175,479.5278696195776,0,0
2025-05-11 16:00:00+05:30,403.33813059722894,34.075,60.5,16,6,1,1,404.14126657402863,477.484689471784,0,0
2025-05-11 16:15:00+05:30,401.9661648906141,34.35,59.85,16,6,1,1,403.33813059722894,474.3458334258378,0,0
2025-05-11 16:30:00+05:30,400.35980199610896,34.225,60.1,16,6,1,1,401.9661648906141,470.2779616728005,0,0
2025-05-11 16:45:00+05:30,398.3917956011716,33.75,60.7,16,6,1,1,400.35980199610896,466.8802613453772,0,0
2025-05-11 17:00:00+05:30,398.6672536957939,33.85,61.2,17,6,1,1,398.3917956011716,464.22171757692536,0,0
2025-05-11 17:15:00+05:30,398.17845618622,33.6,62.25,17,6,1,1,398.6672536957939,459.6806968591904,0,0
2025-05-11 17:30:00+05:30,396.7963880399847,33.1,64.525,17,6,1,1,398.17845618622,454.3924495577355,0,0
2025-05-11 17:45:00+05:30,394.24042892866856,33.1,64.175,17,6,1,1,396.7963880399847,450.2724665253508,0,0
2025-05-11 18:00:00+05:30,395.0490628129064,32.625,65.075,18,6,1,0,394.24042892866856,445.4857208272247,0,0
2025-05-11 18:15:00+05:30,394.0996246675938,32.1,66.725,18,6,1,0,395.0490628129064,441.4224753214984,0,0
2025-05-11 18:30:00+05:30,393.7176905774628,31.725,68.1,18,6,1,0,394.0996246675938,439.1011420423666,0,0
2025-05-11 18:45:00+05:30,396.2268909813381,31.25,69.875,18,6,1,0,393.7176905774628,437.0687324154176,0,0
2025-05-11 19:00:00+05:30,398.4238925820953,31.1,70.675,19,6,1,0,396.2268909813381,437.843010540432,0,0
2025-05-11 19:15:00+05:30,400.4254565383032,30.95,71.15,19,6,1,0,398.4238925820953,437.7306360822988,0,0
2025-05-11 19:30:00+05:30,402.6321774614408,30.85,71.3,19,6,1,0,400.4254565383032,435.0312499669999,0,0
2025-05-11 19:45:00+05:30,405.4626635782433,30.85,71.8,19,6,1,0,402.6321774614408,430.4089708571384,0,0
2025-05-11 20:00:00+05:30,405.2441693598698,30.8,71.875,20,6,1,0,405.4626635782433,428.4623617378239,0,0
2025-05-11 20:15:00+05:30,405.9129696619942,30.7,72.675,20,6,1,0,405.2441693598698,425.569401116241,0,0
2025-05-11 20:30:00+05:30,404.21214369224487,30.675,73.2,20,6,1,0,405.9129696619942,422.3608090591624,0,0
2025-05-11 20:45:00+05:30,403.4412767975744,30.625,73.7,20,6,1,0,404.21214369224487,422.3210415441584,0,0
2025-05-11 21:00:00+05:30,402.1727557162527,30.625,73.875,21,6,1,0,403.4412767975744,418.7071744025188,0,0
2025-05-11 21:15:00+05:30,401.7571683100224,30.575,74.125,21,6,1,0,402.1727557162527,416.7751549823091,0,0
2025-05-11 21:30:00+05:30,400.7363315008195,30.55,74.3,21,6,1,0,401.7571683100224,414.0823458848699,0,0
2025-05-11 21:45:00+05:30,399.9692299659316,30.575,74.225,21,6,1,0,400.7363315008195,407.38046494051,0,0
2025-05-11 22:00:00+05:30,396.5073659662267,30.475,74.4,22,6,1,0,399.9692299659316,405.4328951067323,0,0
2025-05-11 22:15:00+05:30,395.4030433192585,30.425,74.5,22,6,1,0,396.5073659662267,401.6842387941419,0,0
2025-05-11 22:30:00+05:30,393.30376609892585,30.375,75.0,22,6,1,0,395.4030433192585,398.4253713125714,0,0
2025-05-11 22:45:00+05:30,392.4719004514546,30.325,75.35,22,6,1,0,393.30376609892585,395.45101354204,0,0
2025-05-11 23:00:00+05:30,390.9539057230322,30.25,75.6,23,6,1,0,392.4719004514546,391.8878617036832,0,0
2025-05-11 23:15:00+05:30,388.95151049371407,30.15,75.65,23,6,1,0,390.9539057230322,389.0421390696762,0,0
2025-05-11 23:30:00+05:30,386.301572494966,30.125,75.875,23,6,1,0,388.95151049371407,385.079439905464,0,0
2025-05-11 23:45:00+05:30,382.2774030578283,30.1,75.425,23,6,1,0,386.301572494966,379.754954376094,0,0
2025-05-12 00:00:00+05:30,377.4522041624041,30.075,75.55,0,0,0,0,382.2774030578283,376.0054604424625,1,1
2025-05-12 00:15:00+05:30,372.75581015301793,29.925,75.975,0,0,0,0,377.4522041624041,372.3643062110908,1,1
2025-05-12 00:30:00+05:30,366.9023579531292,29.875,76.7,0,0,0,0,372.75581015301793,368.57397431423567,1,1
2025-05-12 00:45:00+05:30,362.5887149565066,29.8,77.6,0,0,0,0,366.9023579531292,364.3790882335597,1,1
2025-05-12 01:00:00+05:30,358.1492370875506,29.775,77.8,1,0,0,0,362.5887149565066,358.49643126228176,1,1
2025-05-12 01:15:00+05:30,354.456544219671,29.75,77.675,1,0,0,0,358.1492370875506,353.8060886592244,1,1
2025-05-12 01:30:00+05:30,350.2421540255292,29.725,77.95,1,0,0,0,354.456544219671,351.43781220938706,1,1
2025-05-12 01:45:00+05:30,346.8079039220647,29.65,77.95,1,0,0,0,350.2421540255292,349.1622489358908,1,1
2025-05-12 02:00:00+05:30,342.7133360758246,29.625,78.225,2,0,0,0,346.8079039220647,344.5609158119356,1,1
2025-05-12 02:15:00+05:30,340.54120862004913,29.575,78.2,2,0,0,0,342.7133360758246,341.97726848120203,1,1
2025-05-12 02:30:00+05:30,336.9094868453031,29.575,77.7,2,0,0,0,340.54120862004913,337.90971620580257,1,1
2025-05-12 02:45:00+05:30,333.9518937197951,29.625,78.0,2,0,0,0,336.9094868453031,332.7579302840772,1,1
2025-05-12 03:00:00+05:30,330.4180742175236,29.525,79.0,3,0,0,0,333.9518937197951,329.0436669156257,1,1
2025-05-12 03:15:00+05:30,328.6996590414504,29.5,79.6,3,0,0,0,330.4180742175236,327.2995403045742,1,1
2025-05-12 03:30:00+05:30,326.19165664588706,29.425,80.125,3,0,0,0,328.6996590414504,323.2039243953287,1,1
2025-05-12 03:45:00+05:30,324.3262477532776,29.325,80.575,3,0,0,0,326.19165664588706,321.9873312463442,1,1
2025-05-12 04:00:00+05:30,323.12906677517816,29.275,80.75,4,0,0,0,324.3262477532776,321.3508920692903,1,1
2025-05-12 04:15:00+05:30,322.14743697767926,29.225,81.275,4,0,0,0,323.12906677517816,319.61918787566657,1,1
2025-05-12 04:30:00+05:30,322.3197550603053,29.225,81.425,4,0,0,0,322.14743697767926,319.6649216026197,1,1
2025-05-12 04:45:00+05:30,323.0923959826267,29.25,81.875,4,0,0,0,322.3197550603053,318.89147985350235,1,1
2025-05-12 05:00:00+05:30,323.5475673217992,29.2,82.175,5,0,0,0,323.0923959826267,317.06040617786334,1,1
2025-05-12 05:15:00+05:30,325.4576649097987,29.15,82.525,5,0,0,0,323.5475673217992,315.8960907932793,1,1
2025-05-12 05:30:00+05:30,328.70310679570616,29.025,82.95,5,0,0,0,325.4576649097987,318.2422424518976,1,1
2025-05-12 05:45:00+05:30,330.43831194670605,29.025,82.8,5,0,0,0,328.70310679570616,315.9345084951757,1,1
2025-05-12 06:00:00+05:30,337.12156991097106,29.025,83.075,6,0,0,0,330.43831194670605,315.699421029878,1,1
2025-05-12 06:15:00+05:30,343.45064107723164,29.125,82.85,6,0,0,0,337.12156991097106,316.142657815736,1,1
2025-05-12 06:30:00+05:30,355.51443625704223,29.3,82.2,6,0,0,0,343.45064107723164,315.7692407075318,1,1
2025-05-12 06:45:00+05:30,367.30286986053073,29.55,81.5,6,0,0,0,355.51443625704223,316.43050575380204,1,1
2025-05-12 07:00:00+05:30,378.556707996444,29.825,79.8,7,0,0,0,367.30286986053073,319.2737021841894,1,1
2025-05-12 07:15:00+05:30,394.1268363713936,30.1,78.75,7,0,0,0,378.556707996444,322.1767872028505,1,1
2025-05-12 07:30:00+05:30,409.16610299032703,30.4,77.2,7,0,0,0,394.1268363713936,324.68383179793653,1,1
2025-05-12 07:45:00+05:30,423.64054569104695,30.65,75.65,7,0,0,0,409.16610299032703,328.66133641921067,1,1
2025-05-12 08:00:00+05:30,444.7975461009631,30.9,73.925,8,0,0,0,423.64054569104695,336.56291176784185,1,1
2025-05-12 08:15:00+05:30,463.78459305723743,31.15,71.975,8,0,0,0,444.7975461009631,340.94866794898746,1,1
2025-05-12 08:30:00+05:30,479.8575053265105,31.55,70.15,8,0,0,0,463.78459305723743,350.74131364066795,1,1
2025-05-12 08:45:00+05:30,492.1456277207743,31.85,68.225,8,0,0,0,479.8575053265105,354.1757761544951,1,1
2025-05-12 09:00:00+05:30,506.325527338021,32.325,65.825,9,0,0,1,492.1456277207743,358.92113309565525,1,1
2025-05-12 09:15:00+05:30,516.8372116648366,32.525,64.725,9,0,0,1,506.325527338021,366.06594715537926,1,1
2025-05-12 09:30:00+05:30,526.0059455734361,32.65,64.05,9,0,0,1,516.8372116648366,370.08079775989904,1,1
2025-05-12 09:45:00+05:30,532.9391001834853,32.8,64.425,9,0,0,1,526.0059455734361,371.6436841176761,1,1
2025-05-12 10:00:00+05:30,537.7452481481304,32.9,63.225,10,0,0,1,532.9391001834853,375.7186890870237,1,1
2025-05-12 10:15:00+05:30,542.8774653592177,33.1,62.25,10,0,0,1,537.7452481481304,381.6392209215432,1,1
2025-05-12 10:30:00+05:30,546.4934750158077,33.45,60.6,10,0,0,1,542.8774653592177,384.5428265376504,1,1
2025-05-12 10:45:00+05:30,548.7970970743098,33.8,59.3,10,0,0,1,546.4934750158077,388.9436113388469,1,1
2025-05-12 11:00:00+05:30,552.280196100284,33.725,59.425,11,0,0,1,548.7970970743098,394.6357414374786,1,1
2025-05-12 11:15:00+05:30,553.2659079340198,33.75,59.5,11,0,0,1,552.280196100284,397.9540304660285,1,1
2025-05-12 11:30:00+05:30,550.3503139465998,34.075,58.65,11,0,0,1,553.2659079340198,398.6484729292784,1,1
2025-05-12 11:45:00+05:30,552.2970570182689,34.25,58.05,11,0,0,1,550.3503139465998,399.4721552582509,1,1
2025-05-12 12:00:00+05:30,553.923544757653,34.075,58.5,12,0,0,1,552.2970570182689,399.8453019383707,1,1
2025-05-12 12:15:00+05:30,552.1982017822282,34.375,57.55,12,0,0,1,553.923544757653,399.3122682014842,1,1
2025-05-12 12:30:00+05:30,552.8704969625395,34.225,58.4,12,0,0,1,552.1982017822282,401.1973663084371,1,1
2025-05-12 12:45:00+05:30,551.4832349709575,34.45,58.675,12,0,0,1,552.8704969625395,400.55259254929047,1,1
2025-05-12 13:00:00+05:30,548.3416005178398,34.275,60.725,13,0,0,1,551.4832349709575,400.8633355371538,1,1
2025-05-12 13:15:00+05:30,546.3691346245702,34.375,60.7,13,0,0,1,548.3416005178398,399.03010180137136,1,1
2025-05-12 13:30:00+05:30,544.6564116742725,34.275,61.275,13,0,0,1,546.3691346245702,399.7701057219483,1,1
2025-05-12 13:45:00+05:30,544.5971998786887,34.15,61.475,13,0,0,1,544.6564116742725,399.9032149846916,1,1
2025-05-12 14:00:00+05:30,547.5448888994318,34.5,60.425,14,0,0,1,544.5971998786887,403.1619359562571,1,1
2025-05-12 14:15:00+05:30,550.6931823625328,34.275,61.65,14,0,0,1,547.5448888994318,403.52500155776,1,1
2025-05-12 14:30:00+05:30,554.9194616562264,34.55,61.25,14,0,0,1,550.6931823625328,404.96154968360497,1,1
2025-05-12 14:45:00+05:30,555.372665297982,34.225,62.0,14,0,0,1,554.9194616562264,404.52234522735193,1,1
2025-05-12 15:00:00+05:30,557.6780933515872,34.3,61.95,15,0,0,1,555.372665297982,404.5883398168413,1,1
2025-05-12 15:15:00+05:30,557.7511215551658,34.275,60.85,15,0,0,1,557.6780933515872,404.95675627238137,1,1
2025-05-12 15:30:00+05:30,556.6338223540527,34.0,62.425,15,0,0,1,557.7511215551658,403.8450409272175,1,1
2025-05-12 15:45:00+05:30,555.5852938911564,34.475,62.0,15,0,0,1,556.6338223540527,404.14126657402863,1,1
2025-05-12 16:00:00+05:30,554.6710388877099,33.875,62.775,16,0,0,1,555.5852938911564,403.33813059722894,1,1
2025-05-12 16:15:00+05:30,553.1711773660065,33.7,62.7,16,0,0,1,554.6710388877099,401.9661648906141,1,1
2025-05-12 16:30:00+05:30,550.5022917133713,33.675,63.075,16,0,0,1,553.1711773660065,400.35980199610896,1,1
2025-05-12 16:45:00+05:30,546.59828445475,33.8,63.075,16,0,0,1,550.5022917133713,398.3917956011716,1,1
2025-05-12 17:00:00+05:30,542.6827832797588,33.45,64.55,17,0,0,1,546.59828445475,398.6672536957939,1,1
2025-05-12 17:15:00+05:30,537.1566353905608,33.55,63.4,17,0,0,1,542.6827832797588,398.17845618622,1,1
2025-05-12 17:30:00+05:30,529.4090476372343,33.525,63.9,17,0,0,1,537.1566353905608,396.7963880399847,1,1
2025-05-12 17:45:00+05:30,530.5186657719585,33.325,63.95,17,0,0,1,529.4090476372343,394.24042892866856,1,1
2025-05-12 18:00:00+05:30,531.9007920065618,32.975,65.0,18,0,0,0,530.5186657719585,395.0490628129064,1,1
2025-05-12 18:15:00+05:30,525.4286821653712,32.4,66.225,18,0,0,0,531.9007920065618,394.0996246675938,1,1
2025-05-12 18:30:00+05:30,518.9822873194081,31.925,68.2,18,0,0,0,525.4286821653712,393.7176905774628,1,1
2025-05-12 18:45:00+05:30,511.8940651598832,31.5,69.65,18,0,0,0,518.9822873194081,396.2268909813381,1,1
2025-05-12 19:00:00+05:30,509.1265592901489,31.2,70.2,19,0,0,0,511.8940651598832,398.4238925820953,1,1
2025-05-12 19:15:00+05:30,503.2354059643712,31.025,70.5,19,0,0,0,509.1265592901489,400.4254565383032,1,1
2025-05-12 19:30:00+05:30,496.396748070703,31.025,71.075,19,0,0,0,503.2354059643712,402.6321774614408,1,1
2025-05-12 19:45:00+05:30,489.9184003606924,31.0,71.25,19,0,0,0,496.396748070703,405.4626635782433,1,1
2025-05-12 20:00:00+05:30,484.7679741428804,30.975,71.175,20,0,0,0,489.9184003606924,405.2441693598698,1,1
2025-05-12 20:15:00+05:30,478.33915934394525,30.95,71.275,20,0,0,0,484.7679741428804,405.9129696619942,1,1
2025-05-12 20:30:00+05:30,470.8052069007932,30.975,71.4,20,0,0,0,478.33915934394525,404.21214369224487,1,1
2025-05-12 20:45:00+05:30,467.49895101282505,30.925,71.7,20,0,0,0,470.8052069007932,403.4412767975744,1,1
2025-05-12 21:00:00+05:30,461.80976006717685,30.925,71.95,21,0,0,0,467.49895101282505,402.1727557162527,1,1
2025-05-12 21:15:00+05:30,458.940623647582,30.875,71.725,21,0,0,0,461.80976006717685,401.7571683100224,1,1
2025-05-12 21:30:00+05:30,456.1750433565045,30.875,72.15,21,0,0,0,458.940623647582,400.7363315008195,1,1
2025-05-12 21:45:00+05:30,449.4230231754031,30.875,71.975,21,0,0,0,456.1750433565045,399.9692299659316,1,1
2025-05-12 22:00:00+05:30,444.9786736909493,30.825,72.0,22,0,0,0,449.4230231754031,396.5073659662267,1,1
2025-05-12 22:15:00+05:30,441.4722062165084,30.8,72.125,22,0,0,0,444.9786736909493,395.4030433192585,1,1
2025-05-12 22:30:00+05:30,439.6481346533745,30.725,72.05,22,0,0,0,441.4722062165084,393.30376609892585,1,1
2025-05-12 22:45:00+05:30,434.9366992811063,30.7,72.35,22,0,0,0,439.6481346533745,392.4719004514546,1,1
2025-05-12 23:00:00+05:30,431.9522078181649,30.65,72.675,23,0,0,0,434.9366992811063,390.9539057230322,1,1
2025-05-12 23:15:00+05:30,426.11793173913895,30.625,72.775,23,0,0,0,431.9522078181649,388.95151049371407,1,1
2025-05-12 23:30:00+05:30,417.8111461690296,30.65,72.725,23,0,0,0,426.11793173913895,386.301572494966,1,1
2025-05-12 23:45:00+05:30,413.2372643852296,30.525,73.15,23,0,0,0,417.8111461690296,382.2774030578283,1,1
2025-05-13 00:00:00+05:30,407.45405712504345,30.425,73.575,0,1,0,0,413.2372643852296,377.4522041624041,0,0
2025-05-13 00:15:00+05:30,402.15684800278206,30.35,73.725,0,1,0,0,407.45405712504345,372.75581015301793,0,0
2025-05-13 00:30:00+05:30,397.3752553479574,30.3,74.15,0,1,0,0,402.15684800278206,366.9023579531292,0,0
2025-05-13 00:45:00+05:30,390.9061247399916,30.225,74.35,0,1,0,0,397.3752553479574,362.5887149565066,0,0
2025-05-13 01:00:00+05:30,384.84647791997406,30.225,74.575,1,1,0,0,390.9061247399916,358.1492370875506,0,0
2025-05-13 01:15:00+05:30,378.2924621695496,30.1,75.275,1,1,0,0,384.84647791997406,354.456544219671,0,0
2025-05-13 01:30:00+05:30,375.0104251351595,30.0,75.07499999999999,1,1,0,0,378.2924621695496,350.2421540255292,0,0
2025-05-13 01:45:00+05:30,370.8859934823711,29.975,75.175,1,1,0,0,375.0104251351595,346.8079039220647,0,0
2025-05-13 02:00:00+05:30,366.54852456029744,29.975,75.475,2,1,0,0,370.8859934823711,342.7133360758246,0,0
2025-05-13 02:15:00+05:30,361.9825287338483,30.0,75.475,2,1,0,0,366.54852456029744,340.54120862004913,0,0
2025-05-13 02:30:00+05:30,356.49437224393284,29.95,75.7,2,1,0,0,361.9825287338483,336.9094868453031,0,0
2025-05-13 02:45:00+05:30,352.30458447310133,29.825,76.75,2,1,0,0,356.49437224393284,333.9518937197951,0,0
2025-05-13 03:00:00+05:30,348.1974559876052,29.85,76.55,3,1,0,0,352.30458447310133,330.4180742175236,0,0
2025-05-13 03:15:00+05:30,345.1673609441466,29.825000000000003,77.175,3,1,0,0,348.1974559876052,328.6996590414504,0,0
2025-05-13 03:30:00+05:30,341.9940440711653,29.775,77.25,3,1,0,0,345.1673609441466,326.19165664588706,0,0
2025-05-13 03:45:00+05:30,340.70855099261456,29.700000000000003,78.05,3,1,0,0,341.9940440711653,324.3262477532776,0,0
2025-05-13 04:00:00+05:30,339.25755878098835,29.725,78.0,4,1,0,0,340.70855099261456,323.12906677517816,0,0
2025-05-13 04:15:00+05:30,338.85138249739384,29.75,78.80000000000001,4,1,0,0,339.25755878098835,322.14743697767926,0,0
2025-05-13 04:30:00+05:30,337.8140120655684,29.625,79.475,4,1,0,0,338.85138249739384,322.3197550603053,0,0
2025-05-13 04:45:00+05:30,337.4813617608724,29.575,79.925,4,1,0,0,337.8140120655684,323.0923959826267,0,0
2025-05-13 05:00:00+05:30,338.7181550649772,29.6,80.05000000000001,5,1,0,0,337.4813617608724,323.5475673217992,0,0
2025-05-13 05:15:00+05:30,338.8012032539221,29.575,80.225,5,1,0,0,338.7181550649772,325.4576649097987,0,0
2025-05-13 05:30:00+05:30,343.71328876824714,29.6,80.17500000000001,5,1,0,0,338.8012032539221,328.70310679570616,0,0
2025-05-13 05:45:00+05:30,347.1722680067371,29.625,80.5,5,1,0,0,343.71328876824714,330.43831194670605,0,0
2025-05-13 06:00:00+05:30,352.19320923732744,29.7,80.875,6,1,0,0,347.1722680067371,337.12156991097106,0,0
2025-05-13 06:15:00+05:30,357.7718020712413,29.825,80.625,6,1,0,0,352.19320923732744,343.45064107723164,0,0
2025-05-13 06:30:00+05:30,369.920119798072,30.075,79.35,6,1,0,0,357.7718020712413,355.51443625704223,0,0
2025-05-13 06:45:00+05:30,381.39862363848624,30.275,78.8,6,1,0,0,369.920119798072,367.30286986053073,0,0
2025-05-13 07:00:00+05:30,393.62630431779866,30.525,77.775,7,1,0,0,381.39862363848624,378.556707996444,0,0
2025-05-13 07:15:00+05:30,414.2953995329955,30.7,76.55,7,1,0,0,393.62630431779866,394.1268363713936,0,0
2025-05-13 07:30:00+05:30,433.6181003405948,30.8,76.3,7,1,0,0,414.2953995329955,409.16610299032703,0,0
2025-05-13 07:45:00+05:30,454.20413015180026,30.775,76.39999999999999,7,1,0,0,433.6181003405948,423.64054569104695,0,0
2025-05-13 08:00:00+05:30,478.0984199473471,30.875,76.075,8,1,0,0,454.20413015180026,444.7975461009631,0,0
2025-05-13 08:15:00+05:30,498.9508065087029,31.225,74.5,8,1,0,0,478.0984199473471,463.78459305723743,0,0
2025-05-13 08:30:00+05:30,515.3521080402651,31.3,74.1,8,1,0,0,498.9508065087029,479.8575053265105,0,0
2025-05-13 08:45:00+05:30,534.0333340249243,31.425,73.67500000000001,8,1,0,0,515.3521080402651,492.1456277207743,0,0
2025-05-13 09:00:00+05:30,551.0621262520909,31.2,73.82499999999999,9,1,0,1,534.0333340249243,506.325527338021,0,0
2025-05-13 09:15:00+05:30,561.1617275361759,30.9,74.85,9,1,0,1,551.0621262520909,516.8372116648366,0,0
2025-05-13 09:30:00+05:30,570.3551663175765,30.525,76.3,9,1,0,1,561.1617275361759,526.0059455734361,0,0
2025-05-13 09:45:00+05:30,574.5976040237944,30.7,74.52499999999999,9,1,0,1,570.3551663175765,532.9391001834853,0,0
2025-05-13 10:00:00+05:30,581.6945555775377,31.15,72.30000000000001,10,1,0,1,574.5976040237944,537.7452481481304,0,0
2025-05-13 10:15:00+05:30,587.5329795457369,32.175,68.7,10,1,0,1,581.6945555775377,542.8774653592177,0,0
2025-05-13 10:30:00+05:30,593.165314688325,32.775,67.125,10,1,0,1,587.5329795457369,546.4934750158077,0,0
2025-05-13 10:45:00+05:30,601.0788304778156,32.7,67.0,10,1,0,1,593.165314688325,548.7970970743098,0,0
2025-05-13 11:00:00+05:30,603.6356228796769,33.025,65.94999999999999,11,1,0,1,601.0788304778156,552.280196100284,0,0
2025-05-13 11:15:00+05:30,604.0274012065942,33.3,64.75,11,1,0,1,603.6356228796769,553.2659079340198,0,0
2025-05-13 11:30:00+05:30,603.994251561561,33.475,64.775,11,1,0,1,604.0274012065942,550.3503139465998,0,0
2025-05-13 11:45:00+05:30,604.0542926329667,33.2,64.775,11,1,0,1,603.994251561561,552.2970570182689,0,0
2025-05-13 12:00:00+05:30,602.8985148663256,33.425,63.72500000000001,12,1,0,1,604.0542926329667,553.923544757653,0,0
2025-05-13 12:15:00+05:30,602.0877201520915,33.675,63.1,12,1,0,1,602.8985148663256,552.1982017822282,0,0
2025-05-13 12:30:00+05:30,602.0213985698804,33.925,61.77499999999999,12,1,0,1,602.0877201520915,552.8704969625395,0,0
2025-05-13 12:45:00+05:30,601.1358235360694,34.075,61.225,12,1,0,1,602.0213985698804,551.4832349709575,0,0
2025-05-13 13:00:00+05:30,596.3290800448679,34.400000000000006,60.650000000000006,13,1,0,1,601.1358235360694,548.3416005178398,0,0
2025-05-13 13:15:00+05:30,594.8736924035331,34.474999999999994,59.3,13,1,0,1,596.3290800448679,546.3691346245702,0,0
2025-05-13 13:30:00+05:30,594.6597375867291,34.475,59.325,13,1,0,1,594.8736924035331,544.6564116742725,0,0
2025-05-13 13:45:00+05:30,597.2492389231046,34.724999999999994,57.625,13,1,0,1,594.6597375867291,544.5971998786887,0,0
2025-05-13 14:00:00+05:30,602.374249476623,34.849999999999994,58.0,14,1,0,1,597.2492389231046,547.5448888994318,0,0
2025-05-13 14:15:00+05:30,605.2791333551676,34.975,57.625,14,1,0,1,602.374249476623,550.6931823625328,0,0
2025-05-13 14:30:00+05:30,609.0193582687738,35.125,58.6,14,1,0,1,605.2791333551676,554.9194616562264,0,0
2025-05-13 14:45:00+05:30,609.5348587344284,34.6,60.0,14,1,0,1,609.0193582687738,555.372665297982,0,0
2025-05-13 15:00:00+05:30,612.6918379745598,34.475,61.00000000000001,15,1,0,1,609.5348587344284,557.6780933515872,0,0
2025-05-13 15:15:00+05:30,615.2358476302433,34.325,61.275,15,1,0,1,612.6918379745598,557.7511215551658,0,0
2025-05-13 15:30:00+05:30,613.4599387062266,34.125,62.25,15,1,0,1,615.2358476302433,556.6338223540527,0,0
2025-05-13 15:45:00+05:30,610.9646229681485,33.849999999999994,62.25,15,1,0,1,613.4599387062266,555.5852938911564,0,0
2025-05-13 16:00:00+05:30,607.0033035986112,33.75,62.825,16,1,0,1,610.9646229681485,554.6710388877099,0,0
2025-05-13 16:15:00+05:30,602.8477464385801,33.725,62.875,16,1,0,1,607.0033035986112,553.1711773660065,0,0
2025-05-13 16:30:00+05:30,599.3055173317691,33.55,63.525,16,1,0,1,602.8477464385801,550.5022917133713,0,0
2025-05-13 16:45:00+05:30,594.3730400062507,33.175,64.65,16,1,0,1,599.3055173317691,546.59828445475,0,0
2025-05-13 17:00:00+05:30,590.0475132425339,32.75,65.7,17,1,0,1,594.3730400062507,542.6827832797588,0,0
2025-05-13 17:15:00+05:30,585.6779450013855,32.625,66.4,17,1,0,1,590.0475132425339,537.1566353905608,0,0
2025-05-13 17:30:00+05:30,574.6689154132719,32.3,66.89999999999999,17,1,0,1,585.6779450013855,529.4090476372343,0,0
2025-05-13 17:45:00+05:30,564.5962083425933,32.025,67.64999999999999,17,1,0,1,574.6689154132719,530.5186657719585,0,0
2025-05-13 18:00:00+05:30,552.7613629110152,31.9,68.125,18,1,0,0,564.5962083425933,531.9007920065618,0,0
2025-05-13 18:15:00+05:30,544.8788076400288,31.75,68.375,18,1,0,0,552.7613629110152,525.4286821653712,0,0
2025-05-13 18:30:00+05:30,539.2005796927679,31.525,68.95,18,1,0,0,544.8788076400288,518.9822873194081,0,0
2025-05-13 18:45:00+05:30,534.375245029186,31.4,70.025,18,1,0,0,539.2005796927679,511.8940651598832,0,0
2025-05-13 19:00:00+05:30,525.9127164530826,31.375,70.22500000000001,19,1,0,0,534.375245029186,509.1265592901489,0,0
2025-05-13 19:15:00+05:30,519.5263653170633,31.225,70.3,19,1,0,0,525.9127164530826,503.2354059643712,0,0
2025-05-13 19:30:00+05:30,511.3883659666462,31.200000000000003,70.5,19,1,0,0,519.5263653170633,496.396748070703,0,0
2025-05-13 19:45:00+05:30,503.7196320667825,31.175,70.92500000000001,19,1,0,0,511.3883659666462,489.9184003606924,0,0
2025-05-13 20:00:00+05:30,495.28421206528594,31.075,71.725,20,1,0,0,503.7196320667825,484.7679741428804,0,0
2025-05-13 20:15:00+05:30,486.5991982510641,30.975,72.4,20,1,0,0,495.28421206528594,478.33915934394525,0,0
2025-05-13 20:30:00+05:30,481.3362151046832,30.975,72.69999999999999,20,1,0,0,486.5991982510641,470.8052069007932,0,0
2025-05-13 20:45:00+05:30,479.2422887964517,30.875,73.125,20,1,0,0,481.3362151046832,467.49895101282505,0,0
2025-05-13 21:00:00+05:30,473.2601002834644,30.875,73.675,21,1,0,0,479.2422887964517,461.80976006717685,0,0
2025-05-13 21:15:00+05:30,470.1096491789975,30.75,73.95,21,1,0,0,473.2601002834644,458.940623647582,0,0
2025-05-13 21:30:00+05:30,467.09900464800296,30.725,73.72500000000001,21,1,0,0,470.1096491789975,456.1750433565045,0,0
2025-05-13 21:45:00+05:30,462.2688735577244,30.7,73.85,21,1,0,0,467.09900464800296,449.4230231754031,0,0
2025-05-13 22:00:00+05:30,454.66530108735486,30.625,74.5,22,1,0,0,462.2688735577244,444.9786736909493,0,0
2025-05-13 22:15:00+05:30,450.0063042760801,30.575,74.8,22,1,0,0,454.66530108735486,441.4722062165084,0,0
2025-05-13 22:30:00+05:30,446.669728252257,30.55,74.625,22,1,0,0,450.0063042760801,439.6481346533745,0,0
2025-05-13 22:45:00+05:30,441.92487569322816,30.5,75.125,22,1,0,0,446.669728252257,434.9366992811063,0,0
2025-05-13 23:00:00+05:30,439.331948423034,30.525,75.325,23,1,0,0,441.92487569322816,431.9522078181649,0,0
2025-05-13 23:15:00+05:30,435.00083449298506,30.5,75.15,23,1,0,0,439.331948423034,426.11793173913895,0,0
2025-05-13 23:30:00+05:30,428.5141077439076,30.425,75.44999999999999,23,1,0,0,435.00083449298506,417.8111461690296,0,0
2025-05-13 23:45:00+05:30,421.9509817951355,30.35,76.35,23,1,0,0,428.5141077439076,413.2372643852296,0,0
2025-05-14 00:00:00+05:30,414.79051667118193,30.375,75.9,0,2,0,0,421.9509817951355,407.45405712504345,0,0
2025-05-14 00:15:00+05:30,408.0057916882523,30.3,75.575,0,2,0,0,414.79051667118193,402.15684800278206,0,0
2025-05-14 00:30:00+05:30,401.5231790943369,30.25,75.425,0,2,0,0,408.0057916882523,397.3752553479574,0,0
2025-05-14 00:45:00+05:30,395.74341812574073,30.2,75.15,0,2,0,0,401.5231790943369,390.9061247399916,0,0
2025-05-14 01:00:00+05:30,388.0206055346172,30.175,75.425,1,2,0,0,395.74341812574073,384.84647791997406,0,0
2025-05-14 01:15:00+05:30,381.3925505215203,30.2,75.875,1,2,0,0,388.0206055346172,378.2924621695496,0,0
2025-05-14 01:30:00+05:30,376.2256317655543,30.2,75.775,1,2,0,0,381.3925505215203,375.0104251351595,0,0
2025-05-14 01:45:00+05:30,372.00541371490647,30.075,76.45,1,2,0,0,376.2256317655543,370.8859934823711,0,0
2025-05-14 02:00:00+05:30,367.9353009542188,30.05,76.525,2,2,0,0,372.00541371490647,366.54852456029744,0,0
2025-05-14 02:15:00+05:30,364.1158646735908,29.95,76.5,2,2,0,0,367.9353009542188,361.9825287338483,0,0
2025-05-14 02:30:00+05:30,361.5698127363917,29.975,76.675,2,2,0,0,364.1158646735908,356.49437224393284,0,0
2025-05-14 02:45:00+05:30,358.585396103558,29.925,75.9,2,2,0,0,361.5698127363917,352.30458447310133,0,0
2025-05-14 03:00:00+05:30,354.1087129661175,29.95,75.5,3,2,0,0,358.585396103558,348.1974559876052,0,0
2025-05-14 03:15:00+05:30,349.9765170062705,30.0,76.55,3,2,0,0,354.1087129661175,345.1673609441466,0,0
2025-05-14 03:30:00+05:30,345.44909674956483,29.975,76.825,3,2,0,0,349.9765170062705,341.9940440711653,0,0
2025-05-14 03:45:00+05:30,342.5215733683412,29.875,77.375,3,2,0,0,345.44909674956483,340.70855099261456,0,0
2025-05-14 04:00:00+05:30,340.9528109769989,29.75,77.95,4,2,0,0,342.5215733683412,339.25755878098835,0,0
2025-05-14 04:15:00+05:30,341.3896625929517,29.625,77.675,4,2,0,0,340.9528109769989,338.85138249739384,0,0
2025-05-14 04:30:00+05:30,341.5517099984268,29.675,76.95,4,2,0,0,341.3896625929517,337.8140120655684,0,0
2025-05-14 04:45:00+05:30,341.57869538712674,29.55,77.95,4,2,0,0,341.5517099984268,337.4813617608724,0,0
2025-05-14 05:00:00+05:30,342.5546710952717,29.5,77.575,5,2,0,0,341.57869538712674,338.7181550649772,0,0
2025-05-14 05:15:00+05:30,341.99084570559563,29.45,78.375,5,2,0,0,342.5546710952717,338.8012032539221,0,0
2025-05-14 05:30:00+05:30,344.7511971695475,29.45,79.1,5,2,0,0,341.99084570559563,343.71328876824714,0,0
2025-05-14 05:45:00+05:30,346.4938300131035,29.375,78.875,5,2,0,0,344.7511971695475,347.1722680067371,0,0
2025-05-14 06:00:00+05:30,353.4047830918548,29.4,78.9,6,2,0,0,346.4938300131035,352.19320923732744,0,0
2025-05-14 06:15:00+05:30,361.0015979021725,29.55,78.025,6,2,0,0,353.4047830918548,357.7718020712413,0,0
2025-05-14 06:30:00+05:30,370.79058033469767,29.75,78.5,6,2,0,0,361.0015979021725,369.920119798072,0,0
2025-05-14 06:45:00+05:30,379.01451306685,29.725,78.475,6,2,0,0,370.79058033469767,381.39862363848624,0,0
2025-05-14 07:00:00+05:30,393.56555523951215,29.9,77.7,7,2,0,0,379.01451306685,393.62630431779866,0,0
2025-05-14 07:15:00+05:30,410.66308104228136,30.2,76.2,7,2,0,0,393.56555523951215,414.2953995329955,0,0
2025-05-14 07:30:00+05:30,430.58607905076144,30.25,76.075,7,2,0,0,410.66308104228136,433.6181003405948,0,0
2025-05-14 07:45:00+05:30,449.29492565014783,30.45,75.65,7,2,0,0,430.58607905076144,454.20413015180026,0,0
2025-05-14 08:00:00+05:30,471.8962817038488,30.7,75.275,8,2,0,0,449.29492565014783,478.0984199473471,0,0
2025-05-14 08:15:00+05:30,495.6457289925618,31.175,73.25,8,2,0,0,471.8962817038488,498.9508065087029,0,0
2025-05-14 08:30:00+05:30,512.8716433395505,31.575,71.55,8,2,0,0,495.6457289925618,515.3521080402651,0,0
2025-05-14 08:45:00+05:30,532.1323258295906,32.15,69.1,8,2,0,0,512.8716433395505,534.0333340249243,0,0
2025-05-14 09:00:00+05:30,548.4375925102855,32.775,66.45,9,2,0,1,532.1323258295906,551.0621262520909,0,0
2025-05-14 09:15:00+05:30,563.2182956334706,32.7,64.7,9,2,0,1,548.4375925102855,561.1617275361759,0,0
2025-05-14 09:30:00+05:30,577.3600828898905,33.025,63.375,9,2,0,1,563.2182956334706,570.3551663175765,0,0
2025-05-14 09:45:00+05:30,586.4123928341371,32.925,63.075,9,2,0,1,577.3600828898905,574.5976040237944,0,0
2025-05-14 10:00:00+05:30,596.3716340314573,33.2,64.075,10,2,0,1,586.4123928341371,581.6945555775377,0,0
2025-05-14 10:15:00+05:30,601.8314702356316,33.125,63.75,10,2,0,1,596.3716340314573,587.5329795457369,0,0
2025-05-14 10:30:00+05:30,604.9346028727557,33.175,63.85,10,2,0,1,601.8314702356316,593.165314688325,0,0
2025-05-14 10:45:00+05:30,609.3165374805972,33.575,63.725,10,2,0,1,604.9346028727557,601.0788304778156,0,0
2025-05-14 11:00:00+05:30,615.9377362130165,33.375,64.25,11,2,0,1,609.3165374805972,603.6356228796769,0,0
2025-05-14 11:15:00+05:30,612.2333943713253,33.775,63.425,11,2,0,1,615.9377362130165,604.0274012065942,0,0
2025-05-14 11:30:00+05:30,610.8207239633848,33.75,63.825,11,2,0,1,612.2333943713253,603.994251561561,0,0
2025-05-14 11:45:00+05:30,610.7917777713261,33.775,63.925,11,2,0,1,610.8207239633848,604.0542926329667,0,0
2025-05-14 12:00:00+05:30,611.9828344717168,33.9,63.55,12,2,0,1,610.7917777713261,602.8985148663256,0,0
2025-05-14 12:15:00+05:30,611.9079572155014,34.225,62.8,12,2,0,1,611.9828344717168,602.0877201520915,0,0
2025-05-14 12:30:00+05:30,610.8033557033293,34.625,61.975,12,2,0,1,611.9079572155014,602.0213985698804,0,0
2025-05-14 12:45:00+05:30,611.3382111168402,34.625,61.425,12,2,0,1,610.8033557033293,601.1358235360694,0,0
2025-05-14 13:00:00+05:30,609.8104214241494,34.675,61.35,13,2,0,1,611.3382111168402,596.3290800448679,0,0
2025-05-14 13:15:00+05:30,606.894965437915,34.6,61.025,13,2,0,1,609.8104214241494,594.8736924035331,0,0
2025-05-14 13:30:00+05:30,608.0734278553026,34.55,60.525,13,2,0,1,606.894965437915,594.6597375867291,0,0
2025-05-14 13:45:00+05:30,609.7488417584703,34.65,59.725,13,2,0,1,608.0734278553026,597.2492389231046,0,0
2025-05-14 14:00:00+05:30,613.598899091347,35.025,59.025,14,2,0,1,609.7488417584703,602.374249476623,0,0
2025-05-14 14:15:00+05:30,617.3677080276864,35.3,58.75,14,2,0,1,613.598899091347,605.2791333551676,0,0
2025-05-14 14:30:00+05:30,619.0900926331295,35.025,59.075,14,2,0,1,617.3677080276864,609.0193582687738,0,0
2025-05-14 14:45:00+05:30,621.8066851718175,34.9,59.7,14,2,0,1,619.0900926331295,609.5348587344284,0,0
2025-05-14 15:00:00+05:30,623.0822219530689,34.675,61.025,15,2,0,1,621.8066851718175,612.6918379745598,0,0
2025-05-14 15:15:00+05:30,624.1085670812325,34.1,63.075,15,2,0,1,623.0822219530689,615.2358476302433,0,0
2025-05-14 15:30:00+05:30,621.136684352187,33.975,63.75,15,2,0,1,624.1085670812325,613.4599387062266,0,0
2025-05-14 15:45:00+05:30,619.4455152176392,33.575,65.15,15,2,0,1,621.136684352187,610.9646229681485,0,0
2025-05-14 16:00:00+05:30,618.2944875416543,32.875,66.875,16,2,0,1,619.4455152176392,607.0033035986112,0,0
2025-05-14 16:15:00+05:30,614.7431985438711,32.35,68.5,16,2,0,1,618.2944875416543,602.8477464385801,0,0
2025-05-14 16:30:00+05:30,611.1324074103802,32.175,69.375,16,2,0,1,614.7431985438711,599.3055173317691,0,0
2025-05-14 16:45:00+05:30,604.9363181883242,31.95,69.625,16,2,0,1,611.1324074103802,594.3730400062507,0,0
2025-05-14 17:00:00+05:30,596.7707155248222,31.825,70.4,17,2,0,1,604.9363181883242,590.0475132425339,0,0
2025-05-14 17:15:00+05:30,589.9323627633512,31.725,70.8,17,2,0,1,596.7707155248222,585.6779450013855,0,0
2025-05-14 17:30:00+05:30,579.6439772440633,31.725,70.85,17,2,0,1,589.9323627633512,574.6689154132719,0,0
2025-05-14 17:45:00+05:30,571.151140491009,31.625,71.0,17,2,0,1,579.6439772440633,564.5962083425933,0,0
2025-05-14 18:00:00+05:30,560.0024964622427,31.4,71.7,18,2,0,0,571.151140491009,552.7613629110152,0,0
2025-05-14 18:15:00+05:30,552.1231055379595,31.25,72.425,18,2,0,0,560.0024964622427,544.8788076400288,0,0
2025-05-14 18:30:00+05:30,543.603839991608,31.25,72.325,18,2,0,0,552.1231055379595,539.2005796927679,0,0
2025-05-14 18:45:00+05:30,535.0456460854282,31.225,69.825,18,2,0,0,543.603839991608,534.375245029186,0,0
2025-05-14 19:00:00+05:30,523.7018925078673,31.175,70.0,19,2,0,0,535.0456460854282,525.9127164530826,0,0
2025-05-14 19:15:00+05:30,515.1428698438382,31.1,70.425,19,2,0,0,523.7018925078673,519.5263653170633,0,0
2025-05-14 19:30:00+05:30,506.5184793693059,31.125,70.575,19,2,0,0,515.1428698438382,511.3883659666462,0,0
2025-05-14 19:45:00+05:30,497.1687056316296,31.025,70.95,19,2,0,0,506.5184793693059,503.7196320667825,0,0
2025-05-14 20:00:00+05:30,490.6794042889752,31.0,70.7,20,2,0,0,497.1687056316296,495.28421206528594,0,0
2025-05-14 20:15:00+05:30,482.2393146335769,30.9,70.325,20,2,0,0,490.6794042889752,486.5991982510641,0,0
2025-05-14 20:30:00+05:30,479.01932384436657,30.775,70.625,20,2,0,0,482.2393146335769,481.3362151046832,0,0
2025-05-14 20:45:00+05:30,475.95739517778657,30.675,70.675,20,2,0,0,479.01932384436657,479.2422887964517,0,0
2025-05-14 21:00:00+05:30,470.1769452573254,30.55,71.15,21,2,0,0,475.95739517778657,473.2601002834644,0,0
2025-05-14 21:15:00+05:30,464.88679244483205,30.525,71.575,21,2,0,0,470.1769452573254,470.1096491789975,0,0
2025-05-14 21:30:00+05:30,461.1526444728879,30.425,72.625,21,2,0,0,464.88679244483205,467.09900464800296,0,0
2025-05-14 21:45:00+05:30,455.2570983140755,30.275,73.275,21,2,0,0,461.1526444728879,462.2688735577244,0,0
2025-05-14 22:00:00+05:30,447.1982386545468,30.075,73.25,22,2,0,0,455.2570983140755,454.66530108735486,0,0
2025-05-14 22:15:00+05:30,439.6062659203707,29.975,73.025,22,2,0,0,447.1982386545468,450.0063042760801,0,0
2025-05-14 22:30:00+05:30,437.2333000034124,29.975,72.5,22,2,0,0,439.6062659203707,446.669728252257,0,0
2025-05-14 22:45:00+05:30,433.7204204649447,29.975,72.475,22,2,0,0,437.2333000034124,441.92487569322816,0,0
2025-05-14 23:00:00+05:30,429.60863714967314,29.825,73.225,23,2,0,0,433.7204204649447,439.331948423034,0,0
2025-05-14 23:15:00+05:30,425.3936023080655,29.825,73.1,23,2,0,0,429.60863714967314,435.00083449298506,0,0
2025-05-14 23:30:00+05:30,420.2268388841826,29.75,73.025,23,2,0,0,425.3936023080655,428.5141077439076,0,0
2025-05-14 23:45:00+05:30,414.4517420296178,29.65,73.45,23,2,0,0,420.2268388841826,421.9509817951355,0,0
2025-05-15 00:00:00+05:30,406.9503227040343,29.6,73.325,0,3,0,0,414.4517420296178,414.79051667118193,0,0
2025-05-15 00:15:00+05:30,402.59413108429857,29.625000000000004,73.22500000000001,0,3,0,0,406.9503227040343,408.0057916882523,0,0
2025-05-15 00:30:00+05:30,399.5496482276151,29.675,73.55,0,3,0,0,402.59413108429857,401.5231790943369,0,0
2025-05-15 00:45:00+05:30,393.7380012662894,29.575,73.5,0,3,0,0,399.5496482276151,395.74341812574073,0,0
2025-05-15 01:00:00+05:30,387.4560847586878,29.6,73.45,1,3,0,0,393.7380012662894,388.0206055346172,0,0
2025-05-15 01:15:00+05:30,381.4936335217597,29.6,73.60000000000001,1,3,0,0,387.4560847586878,381.3925505215203,0,0
2025-05-15 01:30:00+05:30,377.39519324631664,29.6,74.05,1,3,0,0,381.4936335217597,376.2256317655543,0,0
2025-05-15 01:45:00+05:30,371.72052232262666,29.55,74.42500000000001,1,3,0,0,377.39519324631664,372.00541371490647,0,0
2025-05-15 02:00:00+05:30,366.4237559731288,29.6,73.85000000000001,2,3,0,0,371.72052232262666,367.9353009542188,0,0
2025-05-15 02:15:00+05:30,364.28931105885965,29.525,74.775,2,3,0,0,366.4237559731288,364.1158646735908,0,0
2025-05-15 02:30:00+05:30,360.30042751468375,29.475,75.39999999999999,2,3,0,0,364.28931105885965,361.5698127363917,0,0
2025-05-15 02:45:00+05:30,357.6069655936384,29.325,75.7,2,3,0,0,360.30042751468375,358.585396103558,0,0
2025-05-15 03:00:00+05:30,353.4828163182482,29.325,74.775,3,3,0,0,357.6069655936384,354.1087129661175,0,0
2025-05-15 03:15:00+05:30,349.9913981681575,29.325,75.67500000000001,3,3,0,0,353.4828163182482,349.9765170062705,0,0
2025-05-15 03:30:00+05:30,345.2049892432154,29.275,75.5,3,3,0,0,349.9913981681575,345.44909674956483,0,0
2025-05-15 03:45:00+05:30,342.09229646801003,29.275,75.775,3,3,0,0,345.2049892432154,342.5215733683412,0,0
2025-05-15 04:00:00+05:30,340.64802751532824,29.200000000000003,75.25,4,3,0,0,342.09229646801003,340.9528109769989,0,0
2025-05-15 04:15:00+05:30,338.33934902347363,29.225,75.10000000000001,4,3,0,0,340.64802751532824,341.3896625929517,0,0
2025-05-15 04:30:00+05:30,338.14221672314585,29.200000000000003,75.675,4,3,0,0,338.33934902347363,341.5517099984268,0,0
2025-05-15 04:45:00+05:30,337.3608609610914,29.075000000000003,76.0,4,3,0,0,338.14221672314585,341.57869538712674,0,0
2025-05-15 05:00:00+05:30,338.1713517176352,29.075,76.125,5,3,0,0,337.3608609610914,342.5546710952717,0,0
2025-05-15 05:15:00+05:30,338.76515726759624,29.125,75.85,5,3,0,0,338.1713517176352,341.99084570559563,0,0
2025-05-15 05:30:00+05:30,342.9119371257128,29.075,76.375,5,3,0,0,338.76515726759624,344.7511971695475,0,0
2025-05-15 05:45:00+05:30,346.386631495969,29.075,75.7,5,3,0,0,342.9119371257128,346.4938300131035,0,0
2025-05-15 06:00:00+05:30,350.63164191106915,29.075,76.80000000000001,6,3,0,0,346.386631495969,353.4047830918548,0,0
2025-05-15 06:15:00+05:30,356.7114437986467,29.25,76.6,6,3,0,0,350.63164191106915,361.0015979021725,0,0
2025-05-15 06:30:00+05:30,368.13591749105495,29.475,76.125,6,3,0,0,356.7114437986467,370.79058033469767,0,0
2025-05-15 06:45:00+05:30,377.3561109274893,29.75,75.825,6,3,0,0,368.13591749105495,379.01451306685,0,0
2025-05-15 07:00:00+05:30,390.8447893874025,29.9,75.325,7,3,0,0,377.3561109274893,393.56555523951215,0,0
2025-05-15 07:15:00+05:30,406.4816879814955,30.025,74.92500000000001,7,3,0,0,390.8447893874025,410.66308104228136,0,0
2025-05-15 07:30:00+05:30,424.1121295675173,30.425,73.8,7,3,0,0,406.4816879814955,430.58607905076144,0,0
2025-05-15 07:45:00+05:30,443.66009655012914,30.700000000000003,72.75,7,3,0,0,424.1121295675173,449.29492565014783,0,0
2025-05-15 08:00:00+05:30,469.1668243032796,31.0,72.125,8,3,0,0,443.66009655012914,471.8962817038488,0,0
2025-05-15 08:15:00+05:30,493.500079222106,31.475,71.3,8,3,0,0,469.1668243032796,495.6457289925618,0,0
2025-05-15 08:30:00+05:30,512.4049565160225,31.65,70.6,8,3,0,0,493.500079222106,512.8716433395505,0,0
2025-05-15 08:45:00+05:30,531.1075017130306,32.2,69.27499999999999,8,3,0,0,512.4049565160225,532.1323258295906,0,0
2025-05-15 09:00:00+05:30,547.9201309982734,32.2,68.85,9,3,0,1,531.1075017130306,548.4375925102855,0,0
2025-05-15 09:15:00+05:30,563.8681000608203,32.25,68.775,9,3,0,1,547.9201309982734,563.2182956334706,0,0
2025-05-15 09:30:00+05:30,576.2250646538706,32.325,69.075,9,3,0,1,563.8681000608203,577.3600828898905,0,0
2025-05-15 09:45:00+05:30,587.8811642913516,32.65,67.975,9,3,0,1,576.2250646538706,586.4123928341371,0,0
2025-05-15 10:00:00+05:30,595.5065600151534,33.125,66.425,10,3,0,1,587.8811642913516,596.3716340314573,0,0
2025-05-15 10:15:00+05:30,601.0770758827152,33.175,66.275,10,3,0,1,595.5065600151534,601.8314702356316,0,0
2025-05-15 10:30:00+05:30,604.4004064281221,33.0,66.80000000000001,10,3,0,1,601.0770758827152,604.9346028727557,0,0
2025-05-15 10:45:00+05:30,609.8318909994248,33.150000000000006,66.425,10,3,0,1,604.4004064281221,609.3165374805972,0,0
2025-05-15 11:00:00+05:30,613.8213318185932,33.099999999999994,66.57499999999999,11,3,0,1,609.8318909994248,615.9377362130165,0,0
2025-05-15 11:15:00+05:30,611.9329030177488,33.425,65.5,11,3,0,1,613.8213318185932,612.2333943713253,0,0
2025-05-15 11:30:00+05:30,612.8113269241207,33.45,65.525,11,3,0,1,611.9329030177488,610.8207239633848,0,0
2025-05-15 11:45:00+05:30,611.5205890614848,33.45,65.8,11,3,0,1,612.8113269241207,610.7917777713261,0,0
2025-05-15 12:00:00+05:30,609.9009183736617,33.675,65.175,12,3,0,1,611.5205890614848,611.9828344717168,0,0
2025-05-15 12:15:00+05:30,609.8212453512166,33.675,65.0,12,3,0,1,609.9009183736617,611.9079572155014,0,0
2025-05-15 12:30:00+05:30,610.5035104338491,33.8,64.625,12,3,0,1,609.8212453512166,610.8033557033293,0,0
2025-05-15 12:45:00+05:30,608.2062414852571,34.15,63.6,12,3,0,1,610.5035104338491,611.3382111168402,0,0
2025-05-15 13:00:00+05:30,606.3981721793671,34.25,62.725,13,3,0,1,608.2062414852571,609.8104214241494,0,0
2025-05-15 13:15:00+05:30,605.3079038847728,34.15,62.9,13,3,0,1,606.3981721793671,606.894965437915,0,0
2025-05-15 13:30:00+05:30,606.6748088073705,34.375,62.65,13,3,0,1,605.3079038847728,608.0734278553026,0,0
2025-05-15 13:45:00+05:30,608.6123419311812,34.45,62.275,13,3,0,1,606.6748088073705,609.7488417584703,0,0
2025-05-15 14:00:00+05:30,612.4541156186916,34.474999999999994,61.825,14,3,0,1,608.6123419311812,613.598899091347,0,0
2025-05-15 14:15:00+05:30,616.9503270154412,34.475,61.575,14,3,0,1,612.4541156186916,617.3677080276864,0,0
2025-05-15 14:30:00+05:30,621.4119357130013,34.75,60.9,14,3,0,1,616.9503270154412,619.0900926331295,0,0
2025-05-15 14:45:00+05:30,620.0553145771934,34.85,60.75,14,3,0,1,621.4119357130013,621.8066851718175,0,0
2025-05-15 15:00:00+05:30,618.1053103286253,34.65,60.925,15,3,0,1,620.0553145771934,623.0822219530689,0,0
2025-05-15 15:15:00+05:30,621.0339723201411,34.675,60.0,15,3,0,1,618.1053103286253,624.1085670812325,0,0
2025-05-15 15:30:00+05:30,619.0585228024942,34.65,60.4,15,3,0,1,621.0339723201411,621.136684352187,0,0
2025-05-15 15:45:00+05:30,619.1647287698121,34.675,59.975,15,3,0,1,619.0585228024942,619.4455152176392,0,0
2025-05-15 16:00:00+05:30,616.9917708772338,34.525,60.475,16,3,0,1,619.1647287698121,618.2944875416543,0,0
2025-05-15 16:15:00+05:30,616.4470045727957,34.475,60.875,16,3,0,1,616.9917708772338,614.7431985438711,0,0
2025-05-15 16:30:00+05:30,612.2743419560605,33.925,62.1,16,3,0,1,616.4470045727957,611.1324074103802,0,0
2025-05-15 16:45:00+05:30,606.5112957842279,33.550000000000004,62.75,16,3,0,1,612.2743419560605,604.9363181883242,0,0
2025-05-15 17:00:00+05:30,599.6924322700405,33.025,64.3,17,3,0,1,606.5112957842279,596.7707155248222,0,0
2025-05-15 17:15:00+05:30,593.4936142640443,32.875,64.89999999999999,17,3,0,1,599.6924322700405,589.9323627633512,0,0
2025-05-15 17:30:00+05:30,581.7595752584008,32.625,65.85,17,3,0,1,593.4936142640443,579.6439772440633,0,0
2025-05-15 17:45:00+05:30,572.0210921210023,32.325,66.57499999999999,17,3,0,1,581.7595752584008,571.151140491009,0,0
2025-05-15 18:00:00+05:30,561.8237708201027,32.050000000000004,66.75,18,3,0,0,572.0210921210023,560.0024964622427,0,0
2025-05-15 18:15:00+05:30,549.4498377139406,31.975,67.3,18,3,0,0,561.8237708201027,552.1231055379595,0,0
2025-05-15 18:30:00+05:30,542.6848808890886,31.775,66.94999999999999,18,3,0,0,549.4498377139406,543.603839991608,0,0
2025-05-15 18:45:00+05:30,534.6728726117626,31.575000000000003,67.9,18,3,0,0,542.6848808890886,535.0456460854282,0,0
2025-05-15 19:00:00+05:30,527.3314600435992,31.45,68.02499999999999,19,3,0,0,534.6728726117626,523.7018925078673,0,0
2025-05-15 19:15:00+05:30,519.4027216153537,31.325,68.85,19,3,0,0,527.3314600435992,515.1428698438382,0,0
2025-05-15 19:30:00+05:30,511.86235336300746,31.25,69.25,19,3,0,0,519.4027216153537,506.5184793693059,0,0
2025-05-15 19:45:00+05:30,504.4417898601925,31.175,69.625,19,3,0,0,511.86235336300746,497.1687056316296,0,0
2025-05-15 20:00:00+05:30,497.6337416805749,31.200000000000003,69.875,20,3,0,0,504.4417898601925,490.6794042889752,0,0
2025-05-15 20:15:00+05:30,490.772059690973,31.25,70.22500000000001,20,3,0,0,497.6337416805749,482.2393146335769,0,0
2025-05-15 20:30:00+05:30,486.9410222353713,31.2,70.825,20,3,0,0,490.772059690973,479.01932384436657,0,0
2025-05-15 20:45:00+05:30,482.7032639703398,31.175,71.07499999999999,20,3,0,0,486.9410222353713,475.95739517778657,0,0
2025-05-15 21:00:00+05:30,477.9534178579318,31.1,71.525,21,3,0,0,482.7032639703398,470.1769452573254,0,0
2025-05-15 21:15:00+05:30,474.90261005972985,31.1,71.725,21,3,0,0,477.9534178579318,464.88679244483205,0,0
2025-05-15 21:30:00+05:30,471.7072812303478,31.125000000000004,71.725,21,3,0,0,474.90261005972985,461.1526444728879,0,0
2025-05-15 21:45:00+05:30,468.33734665262,30.975,72.25,21,3,0,0,471.7072812303478,455.2570983140755,0,0
2025-05-15 22:00:00+05:30,463.3360067540153,31.0,72.55,22,3,0,0,468.33734665262,447.1982386545468,0,0
2025-05-15 22:15:00+05:30,457.2357744780742,31.0,72.5,22,3,0,0,463.3360067540153,439.6062659203707,0,0
2025-05-15 22:30:00+05:30,455.3465932795041,30.9,73.05000000000001,22,3,0,0,457.2357744780742,437.2333000034124,0,0
2025-05-15 22:45:00+05:30,450.2810388045596,30.875,73.225,22,3,0,0,455.3465932795041,433.7204204649447,0,0
2025-05-15 23:00:00+05:30,447.5549419266357,30.85,73.3,23,3,0,0,450.2810388045596,429.60863714967314,0,0
2025-05-15 23:15:00+05:30,441.61270745789176,30.8,73.25,23,3,0,0,447.5549419266357,425.3936023080655,0,0
2025-05-15 23:30:00+05:30,433.7017003936031,30.8,73.75,23,3,0,0,441.61270745789176,420.2268388841826,0,0
2025-05-15 23:45:00+05:30,426.6892046172471,30.75,74.2,23,3,0,0,433.7017003936031,414.4517420296178,0,0
2025-05-16 00:00:00+05:30,421.300057876004,30.725,74.375,0,4,0,0,426.6892046172471,406.9503227040343,0,0
2025-05-16 00:15:00+05:30,417.441442888218,30.7,74.5,0,4,0,0,421.300057876004,402.59413108429857,0,0
2025-05-16 00:30:00+05:30,409.7997128667291,30.65,74.75,0,4,0,0,417.441442888218,399.5496482276151,0,0
2025-05-16 00:45:00+05:30,402.8166328285066,30.6,75.75,0,4,0,0,409.7997128667291,393.7380012662894,0,0
2025-05-16 01:00:00+05:30,396.3207339003505,30.5,76.125,1,4,0,0,402.8166328285066,387.4560847586878,0,0
2025-05-16 01:15:00+05:30,389.944641629271,30.375,76.275,1,4,0,0,396.3207339003505,381.4936335217597,0,0
2025-05-16 01:30:00+05:30,386.0938909687291,30.4,76.325,1,4,0,0,389.944641629271,377.39519324631664,0,0
2025-05-16 01:45:00+05:30,382.1005563572648,30.4,76.325,1,4,0,0,386.0938909687291,371.72052232262666,0,0
2025-05-16 02:00:00+05:30,379.53948047502456,30.375,76.7,2,4,0,0,382.1005563572648,366.4237559731288,0,0
2025-05-16 02:15:00+05:30,375.8010280008492,30.4,76.525,2,4,0,0,379.53948047502456,364.28931105885965,0,0
2025-05-16 02:30:00+05:30,371.74331217650325,30.375,76.775,2,4,0,0,375.8010280008492,360.30042751468375,0,0
2025-05-16 02:45:00+05:30,367.5224110357953,30.325,76.925,2,4,0,0,371.74331217650325,357.6069655936384,0,0
2025-05-16 03:00:00+05:30,365.0156515663237,30.3,76.7,3,4,0,0,367.5224110357953,353.4828163182482,0,0
2025-05-16 03:15:00+05:30,360.9829487998506,30.25,76.65,3,4,0,0,365.0156515663237,349.9913981681575,0,0
2025-05-16 03:30:00+05:30,356.16220611548727,30.275,76.85,3,4,0,0,360.9829487998506,345.2049892432154,0,0
2025-05-16 03:45:00+05:30,352.5789635692776,30.325,76.975,3,4,0,0,356.16220611548727,342.09229646801003,0,0
2025-05-16 04:00:00+05:30,350.80620154157816,30.275,77.175,4,4,0,0,352.5789635692776,340.64802751532824,0,0
2025-05-16 04:15:00+05:30,348.8377593896793,30.15,77.975,4,4,0,0,350.80620154157816,338.33934902347363,0,0
2025-05-16 04:30:00+05:30,346.3575966203054,29.9,80.375,4,4,0,0,348.8377593896793,338.14221672314585,0,0
2025-05-16 04:45:00+05:30,347.00613453942674,29.825,81.075,4,4,0,0,346.3575966203054,337.3608609610914,0,0
2025-05-16 05:00:00+05:30,348.70151377379915,29.825,81.9,5,4,0,0,347.00613453942674,338.1713517176352,0,0
2025-05-16 05:15:00+05:30,351.9880406641987,29.875,79.95,5,4,0,0,348.70151377379915,338.76515726759624,0,0
2025-05-16 05:30:00+05:30,355.296192763706,29.775,79.275,5,4,0,0,351.9880406641987,342.9119371257128,0,0
2025-05-16 05:45:00+05:30,357.0855698203061,29.75,78.7,5,4,0,0,355.296192763706,346.386631495969,0,0
2025-05-16 06:00:00+05:30,359.13908781257106,29.775,80.4,6,4,0,0,357.0855698203061,350.63164191106915,0,0
2025-05-16 06:15:00+05:30,366.16321307483145,29.8,80.025,6,4,0,0,359.13908781257106,356.7114437986467,0,0
2025-05-16 06:30:00+05:30,377.9406919274423,29.925,79.825,6,4,0,0,366.16321307483145,368.13591749105495,0,0
2025-05-16 06:45:00+05:30,388.2271930333308,30.25,78.4,6,4,0,0,377.9406919274423,377.3561109274893,0,0
2025-05-16 07:00:00+05:30,396.4036996884441,30.6,76.675,7,4,0,0,388.2271930333308,390.8447893874025,0,0
2025-05-16 07:15:00+05:30,412.8382734873937,30.7,76.65,7,4,0,0,396.4036996884441,406.4816879814955,0,0
2025-05-16 07:30:00+05:30,432.7567352847269,30.8,75.9,7,4,0,0,412.8382734873937,424.1121295675173,0,0
2025-05-16 07:45:00+05:30,456.50616674064696,31.0,74.925,7,4,0,0,432.7567352847269,443.66009655012914,0,0
2025-05-16 08:00:00+05:30,479.9559452377628,31.175,73.0,8,4,0,0,456.50616674064696,469.1668243032796,0,0
2025-05-16 08:15:00+05:30,500.5316929124374,31.225,72.05,8,4,0,0,479.9559452377628,493.500079222106,0,0
2025-05-16 08:30:00+05:30,516.3193338281104,31.425,71.25,8,4,0,0,500.5316929124374,512.4049565160225,0,0
2025-05-16 08:45:00+05:30,535.6368336983742,32.125,69.45,8,4,0,0,516.3193338281104,531.1075017130306,0,0
2025-05-16 09:00:00+05:30,553.2230598636208,32.375,68.375,9,4,0,1,535.6368336983742,547.9201309982734,0,0
2025-05-16 09:15:00+05:30,567.7719393312365,32.65,67.425,9,4,0,1,553.2230598636208,563.8681000608203,0,0
2025-05-16 09:30:00+05:30,579.274967626236,32.8,66.575,9,4,0,1,567.7719393312365,576.2250646538706,0,0
2025-05-16 09:45:00+05:30,585.5397291866852,32.65,66.975,9,4,0,1,579.274967626236,587.8811642913516,0,0
2025-05-16 10:00:00+05:30,595.1259639321305,32.75,66.025,10,4,0,1,585.5397291866852,595.5065600151534,0,0
2025-05-16 10:15:00+05:30,605.4853820848178,32.875,65.45,10,4,0,1,595.1259639321305,601.0770758827152,0,0
2025-05-16 10:30:00+05:30,608.7674982454078,32.875,64.825,10,4,0,1,605.4853820848178,604.4004064281221,0,0
2025-05-16 10:45:00+05:30,614.3926035255099,33.175,64.675,10,4,0,1,608.7674982454078,609.8318909994248,0,0
2025-05-16 11:00:00+05:30,617.4809442554841,33.475,64.25,11,4,0,1,614.3926035255099,613.8213318185932,0,0
2025-05-16 11:15:00+05:30,612.8177861684198,33.8,62.475,11,4,0,1,617.4809442554841,611.9329030177488,0,0
2025-05-16 11:30:00+05:30,611.4563450162,33.55,63.6,11,4,0,1,612.8177861684198,612.8113269241207,0,0
2025-05-16 11:45:00+05:30,613.9398641254693,33.5,63.0,11,4,0,1,611.4563450162,611.5205890614848,0,0
2025-05-16 12:00:00+05:30,613.7884512120528,33.675,62.475,12,4,0,1,613.9398641254693,609.9009183736617,0,0
2025-05-16 12:15:00+05:30,614.1831855430285,33.5,63.85,12,4,0,1,613.7884512120528,609.8212453512166,0,0
2025-05-16 12:30:00+05:30,612.0960903257393,33.875,63.275,12,4,0,1,614.1831855430285,610.5035104338491,0,0
2025-05-16 12:45:00+05:30,612.5656605917576,34.075,63.375,12,4,0,1,612.0960903257393,608.2062414852571,0,0
2025-05-16 13:00:00+05:30,608.6047915602398,33.875,64.0,13,4,0,1,612.5656605917576,606.3981721793671,0,0
2025-05-16 13:15:00+05:30,608.4071693389702,33.45,65.275,13,4,0,1,608.6047915602398,605.3079038847728,0,0
2025-05-16 13:30:00+05:30,611.2547147414724,32.75,67.025,13,4,0,1,608.4071693389702,606.6748088073705,0,0
2025-05-16 13:45:00+05:30,613.1746211114887,32.525,67.65,13,4,0,1,611.2547147414724,608.6123419311812,0,0
2025-05-16 14:00:00+05:30,615.3589534698316,32.425,67.7,14,4,0,1,613.1746211114887,612.4541156186916,0,0
2025-05-16 14:15:00+05:30,616.3747949793328,32.5,67.375,14,4,0,1,615.3589534698316,616.9503270154412,0,0
2025-05-16 14:30:00+05:30,614.3809484250264,32.9,66.125,14,4,0,1,616.3747949793328,621.4119357130013,0,0
2025-05-16 14:45:00+05:30,607.618885301182,33.95,63.175,14,4,0,1,614.3809484250264,620.0553145771934,0,0
2025-05-16 15:00:00+05:30,611.8354256891874,34.125,62.175,15,4,0,1,607.618885301182,618.1053103286253,0,0
2025-05-16 15:15:00+05:30,614.9218155967656,34.025,61.75,15,4,0,1,611.8354256891874,621.0339723201411,0,0
2025-05-16 15:30:00+05:30,612.9323859860525,33.85,62.075,15,4,0,1,614.9218155967656,619.0585228024942,0,0
2025-05-16 15:45:00+05:30,610.7836556943564,33.175,63.55,15,4,0,1,612.9323859860525,619.1647287698121,0,0
2025-05-16 16:00:00+05:30,606.0571679045099,32.825,64.55,16,4,0,1,610.7836556943564,616.9917708772338,0,0
2025-05-16 16:15:00+05:30,600.7146989980064,32.575,65.625,16,4,0,1,606.0571679045099,616.4470045727957,0,0
2025-05-16 16:30:00+05:30,592.3162312893713,32.25,66.425,16,4,0,1,600.7146989980064,612.2743419560605,0,0
2025-05-16 16:45:00+05:30,586.4005975251497,32.1,67.55,16,4,0,1,592.3162312893713,606.5112957842279,0,0
2025-05-16 17:00:00+05:30,581.812330958959,32.05,67.475,17,4,0,1,586.4005975251497,599.6924322700405,0,0
2025-05-16 17:15:00+05:30,574.8593179041609,31.975,67.675,17,4,0,1,581.812330958959,593.4936142640443,0,0
2025-05-16 17:30:00+05:30,567.7621692748342,31.8,68.5,17,4,0,1,574.8593179041609,581.7595752584008,0,0
2025-05-16 17:45:00+05:30,558.5282375559585,31.65,68.65,17,4,0,1,567.7621692748342,572.0210921210023,0,0
2025-05-16 18:00:00+05:30,550.416470296962,31.5,69.025,18,4,0,0,558.5282375559585,561.8237708201027,0,0
2025-05-16 18:15:00+05:30,540.7966096877713,31.4,69.725,18,4,0,0,550.416470296962,549.4498377139406,0,0
2025-05-16 18:30:00+05:30,529.3414827514081,31.3,70.15,18,4,0,0,540.7966096877713,542.6848808890886,0,0
2025-05-16 18:45:00+05:30,525.0301100038832,31.175,70.55,18,4,0,0,529.3414827514081,534.6728726117626,0,0
2025-05-16 19:00:00+05:30,519.4671602557487,31.15,70.55,19,4,0,0,525.0301100038832,527.3314600435992,0,0
2025-05-16 19:15:00+05:30,511.1628752731711,31.025,70.825,19,4,0,0,519.4671602557487,519.4027216153537,0,0
2025-05-16 19:30:00+05:30,503.9851199739031,31.05,70.7,19,4,0,0,511.1628752731711,511.86235336300746,0,0
2025-05-16 19:45:00+05:30,497.4448777526923,31.0,70.8,19,4,0,0,503.9851199739031,504.4417898601925,0,0
2025-05-16 20:00:00+05:30,488.60084364768034,30.925,71.05,20,4,0,0,497.4448777526923,497.6337416805749,0,0
2025-05-16 20:15:00+05:30,482.22855019034535,30.975,70.95,20,4,0,0,488.60084364768034,490.772059690973,0,0
2025-05-16 20:30:00+05:30,478.0197634423931,31.025,70.725,20,4,0,0,482.22855019034535,486.9410222353713,0,0
2025-05-16 20:45:00+05:30,472.217799865625,31.0,71.075,20,4,0,0,478.0197634423931,482.7032639703398,0,0
2025-05-16 21:00:00+05:30,468.5050886439769,30.85,71.575,21,4,0,0,472.217799865625,477.9534178579318,0,0
2025-05-16 21:15:00+05:30,464.29728414438193,30.825,71.475,21,4,0,0,468.5050886439769,474.90261005972985,0,0
2025-05-16 21:30:00+05:30,458.2184201813046,30.85,71.475,21,4,0,0,464.29728414438193,471.7072812303478,0,0
2025-05-16 21:45:00+05:30,454.6219263498029,30.775,71.35,21,4,0,0,458.2184201813046,468.33734665262,0,0
2025-05-16 22:00:00+05:30,451.94471489334927,30.75,71.15,22,4,0,0,454.6219263498029,463.3360067540153,0,0
2025-05-16 22:15:00+05:30,446.1622465709085,30.7,71.625,22,4,0,0,451.94471489334927,457.2357744780742,0,0
2025-05-16 22:30:00+05:30,444.0484841309748,30.6,72.275,22,4,0,0,446.1622465709085,455.3465932795041,0,0
2025-05-16 22:45:00+05:30,440.6581816667061,30.6,72.675,22,4,0,0,444.0484841309748,450.2810388045596,0,0
2025-05-16 23:00:00+05:30,436.1178623365649,30.55,73.0,23,4,0,0,440.6581816667061,447.5549419266357,0,0
2025-05-16 23:15:00+05:30,432.83214958953903,30.6,73.25,23,4,0,0,436.1178623365649,441.61270745789176,0,0
2025-05-16 23:30:00+05:30,426.0322864962296,30.425,73.9,23,4,0,0,432.83214958953903,433.7017003936031,0,0
2025-05-16 23:45:00+05:30,422.4926197532295,30.4,73.975,23,4,0,0,426.0322864962296,426.6892046172471,0,0
2025-05-17 00:00:00+05:30,417.7025749798085,30.375,74.025,0,5,1,0,422.4926197532295,421.300057876004,0,0
2025-05-17 00:15:00+05:30,414.4644732815056,30.425,73.6,0,5,1,0,417.7025749798085,417.441442888218,0,0
2025-05-17 00:30:00+05:30,410.8430421326861,30.4,74.15,0,5,1,0,414.4644732815056,409.7997128667291,0,0
2025-05-17 00:45:00+05:30,404.6428870580425,30.375,74.125,0,5,1,0,410.8430421326861,402.8166328285066,0,0
2025-05-17 01:00:00+05:30,397.4764582399393,30.275,74.725,1,5,1,0,404.6428870580425,396.3207339003505,0,0
2025-05-17 01:15:00+05:30,391.42109238632304,30.275,75.025,1,5,1,0,397.4764582399393,389.944641629271,0,0
2025-05-17 01:30:00+05:30,387.4967141950255,30.275,75.225,1,5,1,0,391.42109238632304,386.0938909687291,0,0
2025-05-17 01:45:00+05:30,383.6206231089091,30.275,75.175,1,5,1,0,387.4967141950255,382.1005563572648,0,0
2025-05-17 02:00:00+05:30,377.3175270258321,30.25,74.875,2,5,1,0,383.6206231089091,379.53948047502456,0,0
2025-05-17 02:15:00+05:30,372.79409910193374,30.275,74.65,2,5,1,0,377.3175270258321,375.8010280008492,0,0
2025-05-17 02:30:00+05:30,371.0584711084949,30.325,74.85,2,5,1,0,372.79409910193374,371.74331217650325,0,0
2025-05-17 02:45:00+05:30,367.3823357982048,30.3,75.025,2,5,1,0,371.0584711084949,367.5224110357953,0,0
2025-05-17 03:00:00+05:30,362.28699499241,30.2,75.0,3,5,1,0,367.3823357982048,365.0156515663237,0,0
2025-05-17 03:15:00+05:30,358.53844635835674,30.225,75.375,3,5,1,0,362.28699499241,360.9829487998506,0,0
2025-05-17 03:30:00+05:30,356.84832710567287,30.2,75.475,3,5,1,0,358.53844635835674,356.16220611548727,0,0
2025-05-17 03:45:00+05:30,353.14303935540335,30.1,75.675,3,5,1,0,356.84832710567287,352.5789635692776,0,0
2025-05-17 04:00:00+05:30,351.8036721199403,30.1,75.65,4,5,1,0,353.14303935540335,350.80620154157816,0,0
2025-05-17 04:15:00+05:30,349.72451519575947,30.075,75.425,4,5,1,0,351.8036721199403,348.8377593896793,0,0
2025-05-17 04:30:00+05:30,347.50126521540705,30.175,75.35,4,5,1,0,349.72451519575947,346.3575966203054,0,0
2025-05-17 04:45:00+05:30,346.9887396904114,30.15,75.525,4,5,1,0,347.50126521540705,347.00613453942674,0,0
2025-05-17 05:00:00+05:30,346.644758508721,30.1,75.975,5,5,1,0,346.9887396904114,348.70151377379915,0,0
2025-05-17 05:15:00+05:30,345.6270811997589,30.05,76.525,5,5,1,0,346.644758508721,351.9880406641987,0,0
2025-05-17 05:30:00+05:30,347.51465422368494,30.1,76.4,5,5,1,0,345.6270811997589,355.296192763706,0,0
2025-05-17 05:45:00+05:30,348.14644380928524,30.1,76.575,5,5,1,0,347.51465422368494,357.0855698203061,0,0
2025-05-17 06:00:00+05:30,348.9922017567202,30.175,76.125,6,5,1,0,348.14644380928524,359.13908781257106,0,0
2025-05-17 06:15:00+05:30,350.9339940784644,30.2,76.325,6,5,1,0,348.9922017567202,366.16321307483145,0,0
2025-05-17 06:30:00+05:30,357.93335229957097,30.125,76.45,6,5,1,0,350.9339940784644,377.9406919274423,0,0
2025-05-17 06:45:00+05:30,363.1550557204515,30.15,77.475,6,5,1,0,357.93335229957097,388.2271930333308,0,0
2025-05-17 07:00:00+05:30,369.0979332075411,29.625,80.825,7,5,1,0,363.1550557204515,396.4036996884441,0,0
2025-05-17 07:15:00+05:30,376.69236225169175,29.625,81.65,7,5,1,0,369.0979332075411,412.8382734873937,0,0
2025-05-17 07:30:00+05:30,383.141251091204,29.6,83.35,7,5,1,0,376.69236225169175,432.7567352847269,0,0
2025-05-17 07:45:00+05:30,392.4317909800979,29.6,83.875,7,5,1,0,383.141251091204,456.50616674064696,0,0
2025-05-17 08:00:00+05:30,407.14283954191967,29.325,83.7125,8,5,1,0,392.4317909800979,479.9559452377628,0,0
2025-05-17 08:15:00+05:30,421.53751642326336,29.3,83.63125,8,5,1,0,407.14283954191967,500.5316929124374,0,0
2025-05-17 08:30:00+05:30,434.1639834524577,29.525,83.59062499999999,8,5,1,0,421.53751642326336,516.3193338281104,0,0
2025-05-17 08:45:00+05:30,444.8633015545917,29.9,83.5703125,8,5,1,0,434.1639834524577,535.6368336983742,0,0
2025-05-17 09:00:00+05:30,456.65584811096335,29.975,83.56015625,9,5,1,1,444.8633015545917,553.2230598636208,0,0
2025-05-17 09:15:00+05:30,467.8549236050324,30.1,83.55,9,5,1,1,456.65584811096335,567.7719393312365,0,0
2025-05-17 09:30:00+05:30,479.82095608766303,30.6,82.625,9,5,1,1,467.8549236050324,579.274967626236,0,0
2025-05-17 09:45:00+05:30,486.9892744134373,30.925,80.925,9,5,1,1,479.82095608766303,585.5397291866852,0,0
2025-05-17 10:00:00+05:30,499.2927197610627,30.9,81.4,10,5,1,1,486.9892744134373,595.1259639321305,0,0
2025-05-17 10:15:00+05:30,506.435638830942,30.65,82.4,10,5,1,1,499.2927197610627,605.4853820848178,0,0
2025-05-17 10:30:00+05:30,513.0850989848535,30.6,81.5,10,5,1,1,506.435638830942,608.7674982454078,0,0
2025-05-17 10:45:00+05:30,516.9355770958097,30.9,81.725,10,5,1,1,513.0850989848535,614.3926035255099,0,0
2025-05-17 11:00:00+05:30,518.7881788668901,31.175,80.775,11,5,1,1,516.9355770958097,617.4809442554841,0,0
2025-05-17 11:15:00+05:30,522.7120372277456,31.25,79.025,11,5,1,1,518.7881788668901,612.8177861684198,0,0
2025-05-17 11:30:00+05:30,523.9780229942642,31.075,80.15,11,5,1,1,522.7120372277456,611.4563450162,0,0
2025-05-17 11:45:00+05:30,524.7768408795184,31.45,78.55,11,5,1,1,523.9780229942642,613.9398641254693,0,0
2025-05-17 12:00:00+05:30,526.8667666272128,31.825,76.65,12,5,1,1,524.7768408795184,613.7884512120528,0,0
2025-05-17 12:15:00+05:30,522.8785847705202,31.95,75.75,12,5,1,1,526.8667666272128,614.1831855430285,0,0
2025-05-17 12:30:00+05:30,522.1659022935801,32.025,74.65,12,5,1,1,522.8785847705202,612.0960903257393,0,0
2025-05-17 12:45:00+05:30,520.8042685365571,32.15,73.0,12,5,1,1,522.1659022935801,612.5656605917576,0,0
2025-05-17 13:00:00+05:30,520.7893931652113,32.2,71.975,13,5,1,1,520.8042685365571,608.6047915602398,0,0
2025-05-17 13:15:00+05:30,520.1937746518355,32.5,70.575,13,5,1,1,520.7893931652113,608.4071693389702,0,0
2025-05-17 13:30:00+05:30,519.1874775140077,32.475,70.95,13,5,1,1,520.1937746518355,611.2547147414724,0,0
2025-05-17 13:45:00+05:30,519.7528053766325,32.575,69.95,13,5,1,1,519.1874775140077,613.1746211114887,0,0
2025-05-17 14:00:00+05:30,521.3530334041753,33.025,69.025,14,5,1,1,519.7528053766325,615.3589534698316,0,0
2025-05-17 14:15:00+05:30,525.0690803024154,33.25,67.375,14,5,1,1,521.3530334041753,616.3747949793328,0,0
2025-05-17 14:30:00+05:30,527.7119957905123,33.8,65.6,14,5,1,1,525.0690803024154,614.3809484250264,0,0
2025-05-17 14:45:00+05:30,527.8627953001836,34.2,64.9,14,5,1,1,527.7119957905123,607.618885301182,0,0
2025-05-17 15:00:00+05:30,527.7056923608113,33.85,65.3,15,5,1,1,527.8627953001836,611.8354256891874,0,0
2025-05-17 15:15:00+05:30,527.759107181314,33.95,65.125,15,5,1,1,527.7056923608113,614.9218155967656,0,0
2025-05-17 15:30:00+05:30,525.5173015208117,33.9,64.775,15,5,1,1,527.759107181314,612.9323859860525,0,0
2025-05-17 15:45:00+05:30,521.4205412114511,33.625,64.475,15,5,1,1,525.5173015208117,610.7836556943564,0,0
2025-05-17 16:00:00+05:30,517.8649692000607,33.95,63.35,16,5,1,1,521.4205412114511,606.0571679045099,0,0
2025-05-17 16:15:00+05:30,516.3777762426017,33.825,63.6,16,5,1,1,517.8649692000607,600.7146989980064,0,0
2025-05-17 16:30:00+05:30,514.5091730230698,33.3,64.975,16,5,1,1,516.3777762426017,592.3162312893713,0,0
2025-05-17 16:45:00+05:30,508.0994645645519,33.1,64.875,16,5,1,1,514.5091730230698,586.4005975251497,0,0
2025-05-17 17:00:00+05:30,504.23873540616887,33.0,64.875,17,5,1,1,508.0994645645519,581.812330958959,0,0
2025-05-17 17:15:00+05:30,500.00703781559525,32.975,64.575,17,5,1,1,504.23873540616887,574.8593179041609,0,0
2025-05-17 17:30:00+05:30,497.1096472284506,32.775,65.45,17,5,1,1,500.00703781559525,567.7621692748342,0,0
2025-05-17 17:45:00+05:30,488.7021122887071,32.375,65.75,17,5,1,1,497.1096472284506,558.5282375559585,0,0
2025-05-17 18:00:00+05:30,484.1567205608724,32.2,66.2,18,5,1,0,488.7021122887071,550.416470296962,0,0
2025-05-17 18:15:00+05:30,476.4376631652396,31.875,67.025,18,5,1,0,484.1567205608724,540.7966096877713,0,0
2025-05-17 18:30:00+05:30,473.2910068029209,31.525,67.075,18,5,1,0,476.4376631652396,529.3414827514081,0,0
2025-05-17 18:45:00+05:30,472.090818817999,31.225,68.075,18,5,1,0,473.2910068029209,525.0301100038832,0,0
2025-05-17 19:00:00+05:30,470.6836999361864,30.925,68.65,19,5,1,0,472.090818817999,519.4671602557487,0,0
2025-05-17 19:15:00+05:30,467.3360411867386,30.8,69.85,19,5,1,0,470.6836999361864,511.1628752731711,0,0
2025-05-17 19:30:00+05:30,463.1455946277106,30.625,71.175,19,5,1,0,467.3360411867386,503.9851199739031,0,0
2025-05-17 19:45:00+05:30,457.942176494132,30.625,71.65,19,5,1,0,463.1455946277106,497.4448777526923,0,0
2025-05-17 20:00:00+05:30,453.9228722123543,30.6,71.925,20,5,1,0,457.942176494132,488.60084364768034,0,0
2025-05-17 20:15:00+05:30,451.5440874036748,30.55,72.55,20,5,1,0,453.9228722123543,482.22855019034535,0,0
2025-05-17 20:30:00+05:30,449.3966386951262,30.45,72.725,20,5,1,0,451.5440874036748,478.0197634423931,0,0
2025-05-17 20:45:00+05:30,447.7468079039948,30.45,73.0,20,5,1,0,449.3966386951262,472.217799865625,0,0
2025-05-17 21:00:00+05:30,444.5874465830156,30.475,72.875,21,5,1,0,447.7468079039948,468.5050886439769,0,0
2025-05-17 21:15:00+05:30,442.44692229147904,30.375,72.775,21,5,1,0,444.5874465830156,464.29728414438193,0,0
2025-05-17 21:30:00+05:30,440.4614342965322,30.35,72.85,21,5,1,0,442.44692229147904,458.2184201813046,0,0
2025-05-17 21:45:00+05:30,437.50168028744713,30.3,72.95,21,5,1,0,440.4614342965322,454.6219263498029,0,0
2025-05-17 22:00:00+05:30,430.6677475819302,30.3,72.875,22,5,1,0,437.50168028744713,451.94471489334927,0,0
2025-05-17 22:15:00+05:30,428.1150847871551,30.2,73.15,22,5,1,0,430.6677475819302,446.1622465709085,0,0
2025-05-17 22:30:00+05:30,421.3574805127115,30.225,73.5,22,5,1,0,428.1150847871551,444.0484841309748,0,0
2025-05-17 22:45:00+05:30,419.6251510845259,30.225,73.625,22,5,1,0,421.3574805127115,440.6581816667061,0,0
2025-05-17 23:00:00+05:30,415.3289876049706,30.175,73.9,23,5,1,0,419.6251510845259,436.1178623365649,0,0
2025-05-17 23:15:00+05:30,413.17142851126624,30.125,74.025,23,5,1,0,415.3289876049706,432.83214958953903,0,0
2025-05-17 23:30:00+05:30,411.52599555779625,30.05,74.025,23,5,1,0,413.17142851126624,426.0322864962296,0,0
2025-05-17 23:45:00+05:30,407.08609117273136,30.0,74.3,23,5,1,0,411.52599555779625,422.4926197532295,0,0
2025-05-18 00:00:00+05:30,401.1531284746302,29.925,74.875,0,6,1,0,407.08609117273136,417.7025749798085,0,0
2025-05-18 00:15:00+05:30,397.6983861333444,29.9,74.75,0,6,1,0,401.1531284746302,414.4644732815056,0,0
2025-05-18 00:30:00+05:30,393.8180981202367,29.9,74.725,0,6,1,0,397.6983861333444,410.8430421326861,0,0
2025-05-18 00:45:00+05:30,388.3442851768324,29.9,74.55,0,6,1,0,393.8180981202367,404.6428870580425,0,0
2025-05-18 01:00:00+05:30,383.8457957599637,29.875,74.85,1,6,1,0,388.3442851768324,397.4764582399393,0,0
2025-05-18 01:15:00+05:30,378.54780869925736,29.85,75.375,1,6,1,0,383.8457957599637,391.42109238632304,0,0
2025-05-18 01:30:00+05:30,375.72247058318015,29.825,75.375,1,6,1,0,378.54780869925736,387.4967141950255,0,0
2025-05-18 01:45:00+05:30,373.00218572878674,29.8,75.425,1,6,1,0,375.72247058318015,383.6206231089091,0,0
2025-05-18 02:00:00+05:30,368.8723164910895,29.825,75.0,2,6,1,0,373.00218572878674,377.3175270258321,0,0
2025-05-18 02:15:00+05:30,363.6003543469116,29.8,75.525,2,6,1,0,368.8723164910895,372.79409910193374,0,0
2025-05-18 02:30:00+05:30,359.99529625113854,29.8,75.575,2,6,1,0,363.6003543469116,371.0584711084949,0,0
2025-05-18 02:45:00+05:30,357.65564278487807,29.725,76.2,2,6,1,0,359.99529625113854,367.3823357982048,0,0
2025-05-18 03:00:00+05:30,352.46663461258805,29.65,76.7,3,6,1,0,357.65564278487807,362.28699499241,0,0
2025-05-18 03:15:00+05:30,348.1543178000805,29.65,76.6,3,6,1,0,352.46663461258805,358.53844635835674,0,0
2025-05-18 03:30:00+05:30,345.3874959231325,29.6,76.725,3,6,1,0,348.1543178000805,356.84832710567287,0,0
2025-05-18 03:45:00+05:30,342.65875752594934,29.625,77.15,3,6,1,0,345.3874959231325,353.14303935540335,0,0
2025-05-18 04:00:00+05:30,339.73407492720725,29.65,77.25,4,6,1,0,342.65875752594934,351.8036721199403,0,0
2025-05-18 04:15:00+05:30,337.7977115079589,29.625,77.725,4,6,1,0,339.73407492720725,349.72451519575947,0,0
2025-05-18 04:30:00+05:30,336.411219370582,29.7,77.525,4,6,1,0,337.7977115079589,347.50126521540705,0,0
2025-05-18 04:45:00+05:30,336.551169285479,29.7,78.275,4,6,1,0,336.411219370582,346.9887396904114,0,0
2025-05-18 05:00:00+05:30,335.343503066012,29.675,78.575,5,6,1,0,336.551169285479,346.644758508721,0,0
2025-05-18 05:15:00+05:30,334.24452436944574,29.575,78.7,5,6,1,0,335.343503066012,345.6270811997589,0,0
2025-05-18 05:30:00+05:30,335.1727825900344,29.6,78.55,5,6,1,0,334.24452436944574,347.51465422368494,0,0
2025-05-18 05:45:00+05:30,333.997578237829,29.46666667,78.23333333,5,6,1,0,335.1727825900344,348.14644380928524,0,0
2025-05-18 06:00:00+05:30,333.84855577778256,29.53333333,77.7,6,6,1,0,333.997578237829,348.9922017567202,0,0
2025-05-18 06:15:00+05:30,333.1222450924508,29.63333333,77.1,6,6,1,0,333.84855577778256,350.9339940784644,0,0
2025-05-18 06:30:00+05:30,332.04695041515583,29.73333333,77.26666667,6,6,1,0,333.1222450924508,357.93335229957097,0,0
2025-05-18 06:45:00+05:30,334.24810581188655,29.96666667,76.33333333,6,6,1,0,332.04695041515583,363.1550557204515,0,0
2025-05-18 07:00:00+05:30,334.9147000772715,30.1,75.76666667,7,6,1,0,334.24810581188655,369.0979332075411,0,0
2025-05-18 07:15:00+05:30,338.7263088370803,30.2,74.6,7,6,1,0,334.9147000772715,376.69236225169175,0,0
2025-05-18 07:30:00+05:30,342.6475694363071,30.5,74.26666667,7,6,1,0,338.7263088370803,383.141251091204,0,0
2025-05-18 07:45:00+05:30,348.0520443035421,31.06666667,72.63333333,7,6,1,0,342.6475694363071,392.4317909800979,0,0
2025-05-18 08:00:00+05:30,355.40081708732475,31.53333333,70.16666667,8,6,1,0,348.0520443035421,407.14283954191967,0,0
2025-05-18 08:15:00+05:30,363.56420547978433,31.8,69.33333333,8,6,1,0,355.40081708732475,421.53751642326336,0,0
2025-05-18 08:30:00+05:30,368.9838081380865,31.93333333,68.83333333,8,6,1,0,363.56420547978433,434.1639834524577,0,0
2025-05-18 08:45:00+05:30,375.2894936812764,32.16666667,67.66666667,8,6,1,0,368.9838081380865,444.8633015545917,0,0
2025-05-18 09:00:00+05:30,382.41156361285016,32.16666667,67.76666667,9,6,1,1,375.2894936812764,456.65584811096335,0,0
2025-05-18 09:15:00+05:30,388.0703856691313,32.0,68.13333333,9,6,1,1,382.41156361285016,467.8549236050324,0,0
2025-05-18 09:30:00+05:30,392.18007315307113,32.16666667,67.36666667,9,6,1,1,388.0703856691313,479.82095608766303,0,0
2025-05-18 09:45:00+05:30,399.3602973777376,32.03333333,67.83333333,9,6,1,1,392.18007315307113,486.9892744134373,0,0
2025-05-18 10:00:00+05:30,403.8385422873044,32.53333333,66.56666667,10,6,1,1,399.3602973777376,499.2927197610627,0,0
2025-05-18 10:15:00+05:30,409.0887918439061,32.83333333,66.0,10,6,1,1,403.8385422873044,506.435638830942,0,0
2025-05-18 10:30:00+05:30,412.841838256478,33.2,64.83333333,10,6,1,1,409.0887918439061,513.0850989848535,0,0
2025-05-18 10:45:00+05:30,417.8807194405301,33.4,63.96666667,10,6,1,1,412.841838256478,516.9355770958097,0,0
2025-05-18 11:00:00+05:30,421.576305455223,33.46666667,64.3,11,6,1,1,417.8807194405301,518.7881788668901,0,0
2025-05-18 11:15:00+05:30,423.2939808423929,33.4,64.36666667,11,6,1,1,421.576305455223,522.7120372277456,0,0
2025-05-18 11:30:00+05:30,424.5877511649862,33.0,65.36666667,11,6,1,1,423.2939808423929,523.9780229942642,0,0
2025-05-18 11:45:00+05:30,429.0959606291532,33.06666667,65.43333333,11,6,1,1,424.5877511649862,524.7768408795184,0,0
2025-05-18 12:00:00+05:30,430.198274516471,33.03333333,65.23333333,12,6,1,1,429.0959606291532,526.8667666272128,0,0
2025-05-18 12:15:00+05:30,425.4898421887265,33.33333333,64.4,12,6,1,1,430.198274516471,522.8785847705202,0,0
2025-05-18 12:30:00+05:30,424.1665094894803,33.43333333,63.96666667,12,6,1,1,425.4898421887265,522.1659022935801,0,0
2025-05-18 12:45:00+05:30,423.4179724339568,34.2,60.96666667,12,6,1,1,424.1665094894803,520.8042685365571,0,0
2025-05-18 13:00:00+05:30,423.7876133143575,33.85,61.75,13,6,1,1,423.4179724339568,520.7893931652113,0,0
2025-05-18 13:15:00+05:30,423.5629228670184,34.025,60.75,13,6,1,1,423.7876133143575,520.1937746518355,0,0
2025-05-18 13:30:00+05:30,425.9886795907182,33.75,60.85,13,6,1,1,423.5629228670184,519.1874775140077,0,0
2025-05-18 13:45:00+05:30,426.5898135846074,33.9,60.35,13,6,1,1,425.9886795907182,519.7528053766325,0,0
2025-05-18 14:00:00+05:30,427.9398547593361,34.35,58.375,14,6,1,1,426.5898135846074,521.3530334041753,0,0
2025-05-18 14:15:00+05:30,430.45279349820106,34.425,58.075,14,6,1,1,427.9398547593361,525.0690803024154,0,0
2025-05-18 14:30:00+05:30,430.1239983216396,34.25,57.425,14,6,1,1,430.45279349820106,527.7119957905123,0,0
2025-05-18 14:45:00+05:30,430.8551502105717,34.75,56.9,14,6,1,1,430.1239983216396,527.8627953001836,0,0
2025-05-18 15:00:00+05:30,430.3790695789271,34.525,56.6,15,6,1,1,430.8551502105717,527.7056923608113,0,0
2025-05-18 15:15:00+05:30,429.9783914302441,34.2,57.3,15,6,1,1,430.3790695789271,527.759107181314,0,0
2025-05-18 15:30:00+05:30,427.3146453706124,34.075,57.7,15,6,1,1,429.9783914302441,525.5173015208117,0,0
2025-05-18 15:45:00+05:30,426.3158712556376,34.225,58.525,15,6,1,1,427.3146453706124,521.4205412114511,0,0
2025-05-18 16:00:00+05:30,424.29928482816285,34.125,58.875,16,6,1,1,426.3158712556376,517.8649692000607,0,0
2025-05-18 16:15:00+05:30,425.18550564408,33.675,59.925,16,6,1,1,424.29928482816285,516.3777762426017,0,0
2025-05-18 16:30:00+05:30,424.1728469063183,33.4,60.525,16,6,1,1,425.18550564408,514.5091730230698,0,0
2025-05-18 16:45:00+05:30,420.6097373364431,32.725,62.15,16,6,1,1,424.1728469063183,508.0994645645519,0,0
2025-05-18 17:00:00+05:30,417.0033643595695,32.35,63.975,17,6,1,1,420.6097373364431,504.23873540616887,0,0
2025-05-18 17:15:00+05:30,415.3549116912372,31.975,65.05,17,6,1,1,417.0033643595695,500.00703781559525,0,0
2025-05-18 17:30:00+05:30,413.607802060808,31.675,66.05,17,6,1,1,415.3549116912372,497.1096472284506,0,0
2025-05-18 17:45:00+05:30,410.5644396850637,31.5,67.2,17,6,1,1,413.607802060808,488.7021122887071,0,0
2025-05-18 18:00:00+05:30,412.3676784845973,31.375,67.775,18,6,1,0,410.5644396850637,484.1567205608724,0,0
2025-05-18 18:15:00+05:30,412.0893232119848,31.275,67.95,18,6,1,0,412.3676784845973,476.4376631652396,0,0
2025-05-18 18:30:00+05:30,414.94760249771474,31.275,68.45,18,6,1,0,412.0893232119848,473.2910068029209,0,0
2025-05-18 18:45:00+05:30,414.78681506067534,31.15,69.225,18,6,1,0,414.94760249771474,472.090818817999,0,0
2025-05-18 19:00:00+05:30,417.19452796681935,31.1,69.625,19,6,1,0,414.78681506067534,470.6836999361864,0,0
2025-05-18 19:15:00+05:30,419.3070926547269,31.075,69.725,19,6,1,0,417.19452796681935,467.3360411867386,0,0
2025-05-18 19:30:00+05:30,420.9180348000175,30.975,69.9,19,6,1,0,419.3070926547269,463.1455946277106,0,0
2025-05-18 19:45:00+05:30,420.7376412685119,30.85,70.225,19,6,1,0,420.9180348000175,457.942176494132,0,0
2025-05-18 20:00:00+05:30,421.8212278585853,30.875,70.75,20,6,1,0,420.7376412685119,453.9228722123543,0,0
2025-05-18 20:15:00+05:30,422.44763947205286,30.825,71.225,20,6,1,0,421.8212278585853,451.5440874036748,0,0
2025-05-18 20:30:00+05:30,421.48741048463967,30.775,71.85,20,6,1,0,422.44763947205286,449.3966386951262,0,0
2025-05-18 20:45:00+05:30,423.258175214493,30.775,72.175,20,6,1,0,421.48741048463967,447.7468079039948,0,0
2025-05-18 21:00:00+05:30,421.9283370794966,30.7,71.825,21,6,1,0,423.258175214493,444.5874465830156,0,0
2025-05-18 21:15:00+05:30,419.44495785437647,30.725,71.425,21,6,1,0,421.9283370794966,442.44692229147904,0,0
2025-05-18 21:30:00+05:30,418.8673615479763,30.775,71.525,21,6,1,0,419.44495785437647,440.4614342965322,0,0
2025-05-18 21:45:00+05:30,418.5479420701694,30.8,70.925,21,6,1,0,418.8673615479763,437.50168028744713,0,0
2025-05-18 22:00:00+05:30,417.181778487214,30.75,71.525,22,6,1,0,418.5479420701694,430.6677475819302,0,0
2025-05-18 22:15:00+05:30,417.1332264151447,30.8,71.4,22,6,1,0,417.181778487214,428.1150847871551,0,0
2025-05-18 22:30:00+05:30,415.2446577587599,30.75,71.775,22,6,1,0,417.1332264151447,421.3574805127115,0,0
2025-05-18 22:45:00+05:30,413.3008410672188,30.775,71.975,22,6,1,0,415.2446577587599,419.6251510845259,0,0
2025-05-18 23:00:00+05:30,410.9774536653147,30.675,72.425,23,6,1,0,413.3008410672188,415.3289876049706,0,0
2025-05-18 23:15:00+05:30,407.32640197416976,30.625,72.975,23,6,1,0,410.9774536653147,413.17142851126624,0,0
2025-05-18 23:30:00+05:30,403.1194089496108,30.625,73.275,23,6,1,0,407.32640197416976,411.52599555779625,0,0
2025-05-18 23:45:00+05:30,400.5483352367698,30.6,73.5,23,6,1,0,403.1194089496108,407.08609117273136,0,0
2025-05-19 00:00:00+05:30,396.7522210460675,30.6,73.5,0,0,0,0,400.5483352367698,401.1531284746302,0,0
2025-05-19 00:15:00+05:30,391.7612467054013,30.575000000000003,73.525,0,0,0,0,396.7522210460675,397.6983861333444,0,0
2025-05-19 00:30:00+05:30,387.5396249112398,30.6,73.69999999999999,0,0,0,0,391.7612467054013,393.8180981202367,0,0
2025-05-19 00:45:00+05:30,383.7145123322963,30.575000000000003,73.82499999999999,0,0,0,0,387.5396249112398,388.3442851768324,0,0
2025-05-19 01:00:00+05:30,378.5498323724103,30.475,74.2,1,0,0,0,383.7145123322963,383.8457957599637,0,0
2025-05-19 01:15:00+05:30,373.83097907814766,30.45,74.525,1,0,0,0,378.5498323724103,378.54780869925736,0,0
2025-05-19 01:30:00+05:30,369.68880631942415,30.425,75.0,1,0,0,0,373.83097907814766,375.72247058318015,0,0
2025-05-19 01:45:00+05:30,365.7374860106866,30.45,75.575,1,0,0,0,369.68880631942415,373.00218572878674,0,0
2025-05-19 02:00:00+05:30,361.2967060975941,30.475,75.15,2,0,0,0,365.7374860106866,368.8723164910895,0,0
2025-05-19 02:15:00+05:30,356.16284381846185,30.425,75.30000000000001,2,0,0,0,361.2967060975941,363.6003543469116,0,0
2025-05-19 02:30:00+05:30,351.2652121664672,30.375,75.325,2,0,0,0,356.16284381846185,359.99529625113854,0,0
2025-05-19 02:45:00+05:30,347.48238734704364,30.3,75.65,2,0,0,0,351.2652121664672,357.65564278487807,0,0
2025-05-19 03:00:00+05:30,344.8834139307112,30.35,75.375,3,0,0,0,347.48238734704364,352.46663461258805,0,0
2025-05-19 03:15:00+05:30,341.3313185118479,30.35,75.425,3,0,0,0,344.8834139307112,348.1543178000805,0,0
2025-05-19 03:30:00+05:30,338.2476199155515,30.325,75.4,3,0,0,0,341.3313185118479,345.3874959231325,0,0
2025-05-19 03:45:00+05:30,338.3992994681818,30.325,75.22500000000001,3,0,0,0,338.2476199155515,342.65875752594934,0,0
2025-05-19 04:00:00+05:30,336.3038521480338,30.325,75.30000000000001,4,0,0,0,338.3992994681818,339.73407492720725,0,0
2025-05-19 04:15:00+05:30,333.9722447959004,30.275,76.725,4,0,0,0,336.3038521480338,337.7977115079589,0,0
2025-05-19 04:30:00+05:30,333.98861838216214,30.225,76.875,4,0,0,0,333.9722447959004,336.411219370582,0,0
2025-05-19 04:45:00+05:30,334.43727804101576,30.125,77.625,4,0,0,0,333.98861838216214,336.551169285479,0,0
2025-05-19 05:00:00+05:30,335.59479147393995,30.0,78.32499999999999,5,0,0,0,334.43727804101576,335.343503066012,0,0
2025-05-19 05:15:00+05:30,338.2598304794743,29.875,78.85,5,0,0,0,335.59479147393995,334.24452436944574,0,0
2025-05-19 05:30:00+05:30,343.0223384446479,29.825,79.625,5,0,0,0,338.2598304794743,335.1727825900344,0,0
2025-05-19 05:45:00+05:30,347.40036641314435,29.85,79.875,5,0,0,0,343.0223384446479,333.997578237829,0,0
2025-05-19 06:00:00+05:30,352.8315588757683,29.925,79.825,6,0,0,0,347.40036641314435,333.84855577778256,0,0
2025-05-19 06:15:00+05:30,359.24829164951745,30.025,79.89999999999999,6,0,0,0,352.8315588757683,333.1222450924508,0,0
2025-05-19 06:30:00+05:30,371.64291255042673,29.975,79.525,6,0,0,0,359.24829164951745,332.04695041515583,0,0
2025-05-19 06:45:00+05:30,386.0882721568877,30.025,79.35,6,0,0,0,371.64291255042673,334.24810581188655,0,0
2025-05-19 07:00:00+05:30,399.9253874212,30.125,78.80000000000001,7,0,0,0,386.0882721568877,334.9147000772715,0,0
2025-05-19 07:15:00+05:30,420.4417663723727,30.25,78.375,7,0,0,0,399.9253874212,338.7263088370803,0,0
2025-05-19 07:30:00+05:30,435.24072361315774,30.35,77.875,7,0,0,0,420.4417663723727,342.6475694363071,0,0
2025-05-19 07:45:00+05:30,454.2242039700494,30.675,76.5,7,0,0,0,435.24072361315774,348.0520443035421,0,0
2025-05-19 08:00:00+05:30,481.1195874502424,31.075000000000003,74.5,8,0,0,0,454.2242039700494,355.40081708732475,0,0
2025-05-19 08:15:00+05:30,503.1865711141788,31.2,73.875,8,0,0,0,481.1195874502424,363.56420547978433,0,0
2025-05-19 08:30:00+05:30,522.8798057697528,31.55,72.975,8,0,0,0,503.1865711141788,368.9838081380865,0,0
2025-05-19 08:45:00+05:30,537.372228380959,31.925,71.15,8,0,0,0,522.8798057697528,375.2894936812764,0,0
2025-05-19 09:00:00+05:30,554.1262460546512,31.875,71.025,9,0,0,1,537.372228380959,382.41156361285016,0,0
2025-05-19 09:15:00+05:30,570.7332825399375,31.95,70.75,9,0,0,1,554.1262460546512,388.0703856691313,0,0
2025-05-19 09:30:00+05:30,585.8259710288316,32.075,70.325,9,0,0,1,570.7332825399375,392.18007315307113,0,0
2025-05-19 09:45:00+05:30,595.485179932446,32.325,69.2,9,0,0,1,585.8259710288316,399.3602973777376,0,0
2025-05-19 10:00:00+05:30,603.7793102123347,32.65,68.0,10,0,0,1,595.485179932446,403.8385422873044,0,0
2025-05-19 10:15:00+05:30,611.4544636250245,32.775,67.27499999999999,10,0,0,1,603.7793102123347,409.0887918439061,0,0
2025-05-19 10:30:00+05:30,613.6675035364899,33.125,65.55,10,0,0,1,611.4544636250245,412.841838256478,0,0
2025-05-19 10:45:00+05:30,615.1679983154409,33.175,65.375,10,0,0,1,613.6675035364899,417.8807194405301,0,0
2025-05-19 11:00:00+05:30,615.150765197036,33.025000000000006,65.3,11,0,0,1,615.1679983154409,421.576305455223,0,0
2025-05-19 11:15:00+05:30,614.6237476506744,33.075,64.625,11,0,0,1,615.150765197036,423.2939808423929,0,0
2025-05-19 11:30:00+05:30,612.8760655371807,33.275,63.3,11,0,0,1,614.6237476506744,424.5877511649862,0,0
2025-05-19 11:45:00+05:30,608.5435750504972,33.5,63.3,11,0,0,1,612.8760655371807,429.0959606291532,0,0
2025-05-19 12:00:00+05:30,609.1640738998539,33.7,62.675,12,0,0,1,608.5435750504972,430.198274516471,0,0
2025-05-19 12:15:00+05:30,610.0970199771609,33.675,62.975,12,0,0,1,609.1640738998539,425.4898421887265,0,0
2025-05-19 12:30:00+05:30,610.7161311410674,33.875,63.325,12,0,0,1,610.0970199771609,424.1665094894803,0,0
2025-05-19 12:45:00+05:30,610.5987581303586,34.125,62.14999999999999,12,0,0,1,610.7161311410674,423.4179724339568,0,0
2025-05-19 13:00:00+05:30,608.5947510109673,34.3,62.25,13,0,0,1,610.5987581303586,423.7876133143575,0,0
2025-05-19 13:15:00+05:30,605.0046916321879,34.125,62.875,13,0,0,1,608.5947510109673,423.5629228670184,0,0
2025-05-19 13:30:00+05:30,606.0952631066602,33.9,63.725,13,0,0,1,605.0046916321879,425.9886795907182,0,0
2025-05-19 13:45:00+05:30,609.6607094710256,34.150000000000006,63.5,13,0,0,1,606.0952631066602,426.5898135846074,0,0
2025-05-19 14:00:00+05:30,615.9243278227697,34.3,63.175,14,0,0,1,609.6607094710256,427.9398547593361,0,0
2025-05-19 14:15:00+05:30,619.7403326941412,34.125,63.6,14,0,0,1,615.9243278227697,430.45279349820106,0,0
2025-05-19 14:30:00+05:30,622.7117644813371,34.099999999999994,63.725,14,0,0,1,619.7403326941412,430.1239983216396,0,0
2025-05-19 14:45:00+05:30,620.4343894672486,34.1,63.7,14,0,0,1,622.7117644813371,430.8551502105717,0,0
2025-05-19 15:00:00+05:30,623.6058689681478,34.2,63.375,15,0,0,1,620.4343894672486,430.3790695789271,0,0
2025-05-19 15:15:00+05:30,624.3408184388619,34.0,63.9,15,0,0,1,623.6058689681478,429.9783914302441,0,0
2025-05-19 15:30:00+05:30,622.0218409240653,33.75,63.75,15,0,0,1,624.3408184388619,427.3146453706124,0,0
2025-05-19 15:45:00+05:30,621.2954092599625,33.575,64.175,15,0,0,1,622.0218409240653,426.3158712556376,0,0
2025-05-19 16:00:00+05:30,616.2621631865326,33.99999999999999,62.2,16,0,0,1,621.2954092599625,424.29928482816285,0,0
2025-05-19 16:15:00+05:30,610.045387411994,34.03333333333333,62.26666666666667,16,0,0,1,616.2621631865326,425.18550564408,0,0
2025-05-19 16:30:00+05:30,604.0708653202882,34.06666666666666,62.333333333333336,16,0,0,1,610.045387411994,424.1728469063183,0,0
2025-05-19 16:45:00+05:30,601.3500416854769,33.025000000000006,66.325,16,0,0,1,604.0708653202882,420.6097373364431,0,0
2025-05-19 17:00:00+05:30,596.9937459088086,32.275,68.025,17,0,0,1,601.3500416854769,417.0033643595695,0,0
2025-05-19 17:15:00+05:30,589.0200286045589,31.925,69.19999999999999,17,0,0,1,596.9937459088086,415.3549116912372,0,0
2025-05-19 17:30:00+05:30,577.9852651331345,31.775,69.525,17,0,0,1,589.0200286045589,413.607802060808,0,0
2025-05-19 17:45:00+05:30,570.5964527551253,31.65,70.175,17,0,0,1,577.9852651331345,410.5644396850637,0,0
2025-05-19 18:00:00+05:30,560.9302586775727,31.475,70.275,18,0,0,0,570.5964527551253,412.3676784845973,0,0
2025-05-19 18:15:00+05:30,552.2806077568982,31.325,72.0,18,0,0,0,560.9302586775727,412.0893232119848,0,0
2025-05-19 18:30:00+05:30,544.5528435644374,31.075,73.5,18,0,0,0,552.2806077568982,414.94760249771474,0,0
2025-05-19 18:45:00+05:30,538.2081388707329,31.075000000000003,73.45,18,0,0,0,544.5528435644374,414.78681506067534,0,0
2025-05-19 19:00:00+05:30,531.7160518527955,31.0,73.675,19,0,0,0,538.2081388707329,417.19452796681935,0,0
2025-05-19 19:15:00+05:30,524.1363360131362,30.8,75.05,19,0,0,0,531.7160518527955,419.3070926547269,0,0
2025-05-19 19:30:00+05:30,515.4980940049844,30.675000000000004,76.375,19,0,0,0,524.1363360131362,420.9180348000175,0,0
2025-05-19 19:45:00+05:30,506.683598615792,30.475,77.97500000000001,19,0,0,0,515.4980940049844,420.7376412685119,0,0
2025-05-19 20:00:00+05:30,498.08617656131855,30.4,78.625,20,0,0,0,506.683598615792,421.8212278585853,0,0
2025-05-19 20:15:00+05:30,491.47915910221553,30.4,78.69999999999999,20,0,0,0,498.08617656131855,422.44763947205286,0,0
2025-05-19 20:30:00+05:30,479.9874165102036,30.35,79.60000000000001,20,0,0,0,491.47915910221553,421.48741048463967,0,0
2025-05-19 20:45:00+05:30,478.2566831465292,30.325,79.775,20,0,0,0,479.9874165102036,423.258175214493,0,0
2025-05-19 21:00:00+05:30,471.5036347969868,30.325,80.375,21,0,0,0,478.2566831465292,421.9283370794966,0,0
2025-05-19 21:15:00+05:30,468.7177284497536,30.375,80.775,21,0,0,0,471.5036347969868,419.44495785437647,0,0
2025-05-19 21:30:00+05:30,464.75534759578807,30.35,80.875,21,0,0,0,468.7177284497536,418.8673615479763,0,0
2025-05-19 21:45:00+05:30,464.4079278587341,30.4,81.25,21,0,0,0,464.75534759578807,418.5479420701694,0,0
2025-05-19 22:00:00+05:30,458.97952659645046,30.35,80.975,22,0,0,0,464.4079278587341,417.181778487214,0,0
2025-05-19 22:15:00+05:30,453.1332040076457,30.4,80.75,22,0,0,0,458.97952659645046,417.1332264151447,0,0
2025-05-19 22:30:00+05:30,450.9378137458414,30.4,81.625,22,0,0,0,453.1332040076457,415.2446577587599,0,0
2025-05-19 22:45:00+05:30,446.95340916137934,30.375,81.9,22,0,0,0,450.9378137458414,413.3008410672188,0,0
2025-05-19 23:00:00+05:30,445.0946548694032,30.275,81.82499999999999,23,0,0,0,446.95340916137934,410.9774536653147,0,0
2025-05-19 23:15:00+05:30,441.6659763812722,30.325,81.525,23,0,0,0,445.0946548694032,407.32640197416976,0,0
2025-05-19 23:30:00+05:30,431.6347509583312,30.175,81.5,23,0,0,0,441.6659763812722,403.1194089496108,0,0
2025-05-19 23:45:00+05:30,424.9737948398448,30.075,80.82499999999999,23,0,0,0,431.6347509583312,400.5483352367698,0,0
2025-05-20 00:00:00+05:30,417.1622078373185,30.15,80.55,0,1,0,0,424.9737948398448,396.7522210460675,0,0
2025-05-20 00:15:00+05:30,412.81686349871217,30.125,80.1,0,1,0,0,417.1622078373185,391.7612467054013,0,0
2025-05-20 00:30:00+05:30,408.831133762434,30.15,79.45,0,1,0,0,412.81686349871217,387.5396249112398,0,0
2025-05-20 00:45:00+05:30,402.34969443309575,30.15,78.975,0,1,0,0,408.831133762434,383.7145123322963,0,0
2025-05-20 01:00:00+05:30,394.31838115589136,30.225,78.75,1,1,0,0,402.34969443309575,378.5498323724103,0,0
2025-05-20 01:15:00+05:30,388.1996916749464,30.225,79.15,1,1,0,0,394.31838115589136,373.83097907814766,0,0
2025-05-20 01:30:00+05:30,384.1726969205186,30.2,79.025,1,1,0,0,388.1996916749464,369.68880631942415,0,0
2025-05-20 01:45:00+05:30,379.6535858798475,30.225,79.575,1,1,0,0,384.1726969205186,365.7374860106866,0,0
2025-05-20 02:00:00+05:30,376.3263584197685,30.1,79.45,2,1,0,0,379.6535858798475,361.2967060975941,0,0
2025-05-20 02:15:00+05:30,373.984036593026,30.075,79.1,2,1,0,0,376.3263584197685,356.16284381846185,0,0
2025-05-20 02:30:00+05:30,369.6812982168281,30.025,79.25,2,1,0,0,373.984036593026,351.2652121664672,0,0
2025-05-20 02:45:00+05:30,365.6858421950124,30.025,79.35,2,1,0,0,369.6812982168281,347.48238734704364,0,0
2025-05-20 03:00:00+05:30,360.3621969725799,30.0,79.75,3,1,0,0,365.6858421950124,344.8834139307112,0,0
2025-05-20 03:15:00+05:30,356.71076556855445,29.9,80.275,3,1,0,0,360.3621969725799,341.3313185118479,0,0
2025-05-20 03:30:00+05:30,353.3390910028552,29.9,80.425,3,1,0,0,356.71076556855445,338.2476199155515,0,0
2025-05-20 03:45:00+05:30,351.62089444726246,29.95,80.2,3,1,0,0,353.3390910028552,338.3992994681818,0,0
2025-05-20 04:00:00+05:30,349.3722688043045,30.0,79.95,4,1,0,0,351.62089444726246,336.3038521480338,0,0
2025-05-20 04:15:00+05:30,347.24016960473494,30.0,80.1,4,1,0,0,349.3722688043045,333.9722447959004,0,0
2025-05-20 04:30:00+05:30,347.1231975392791,30.05,79.975,4,1,0,0,347.24016960473494,333.98861838216214,0,0
2025-05-20 04:45:00+05:30,345.7625917713983,30.05,79.8,4,1,0,0,347.1231975392791,334.43727804101576,0,0
2025-05-20 05:00:00+05:30,347.3945217828003,30.05,79.4,5,1,0,0,345.7625917713983,335.59479147393995,0,0
2025-05-20 05:15:00+05:30,350.4890117941988,30.05,79.45,5,1,0,0,347.3945217828003,338.2598304794743,0,0
2025-05-20 05:30:00+05:30,353.8005612017806,30.05,79.3,5,1,0,0,350.4890117941988,343.0223384446479,0,0
2025-05-20 05:45:00+05:30,357.4039863732713,29.975,79.7,5,1,0,0,353.8005612017806,347.40036641314435,0,0
2025-05-20 06:00:00+05:30,359.6897745396306,29.95,79.725,6,1,0,0,357.4039863732713,352.8315588757683,0,0
2025-05-20 06:15:00+05:30,366.0097573029229,30.0,80.25,6,1,0,0,359.6897745396306,359.24829164951745,0,0
2025-05-20 06:30:00+05:30,378.9637735370856,30.125,79.55,6,1,0,0,366.0097573029229,371.64291255042673,0,0
2025-05-20 06:45:00+05:30,391.5631591660722,30.225,79.125,6,1,0,0,378.9637735370856,386.0882721568877,0,0
2025-05-20 07:00:00+05:30,404.7986836454708,30.3,79.025,7,1,0,0,391.5631591660722,399.9253874212,0,0
2025-05-20 07:15:00+05:30,420.1331692557976,30.4,78.875,7,1,0,0,404.7986836454708,420.4417663723727,0,0
2025-05-20 07:30:00+05:30,439.2332673570695,30.6,78.2,7,1,0,0,420.1331692557976,435.24072361315774,0,0
2025-05-20 07:45:00+05:30,457.7244661602928,30.875,77.0,7,1,0,0,439.2332673570695,454.2242039700494,0,0
2025-05-20 08:00:00+05:30,482.6939393031893,31.15,75.75,8,1,0,0,457.7244661602928,481.1195874502424,0,0
2025-05-20 08:15:00+05:30,504.5897530149312,31.5,74.425,8,1,0,0,482.6939393031893,503.1865711141788,0,0
2025-05-20 08:30:00+05:30,524.1565357967787,31.925,73.45,8,1,0,0,504.5897530149312,522.8798057697528,0,0
2025-05-20 08:45:00+05:30,541.0543718438798,32.175,72.675,8,1,0,0,524.1565357967787,537.372228380959,0,0
2025-05-20 09:00:00+05:30,555.4583211525568,32.15,72.425,9,1,0,1,541.0543718438798,554.1262460546512,0,0
2025-05-20 09:15:00+05:30,574.121431739708,31.925,72.85,9,1,0,1,555.4583211525568,570.7332825399375,0,0
2025-05-20 09:30:00+05:30,587.6288462210641,32.2,72.325,9,1,0,1,574.121431739708,585.8259710288316,0,0
2025-05-20 09:45:00+05:30,593.4484037841119,32.425,71.7,9,1,0,1,587.6288462210641,595.485179932446,0,0
2025-05-20 10:00:00+05:30,604.6100615002815,32.65,70.925,10,1,0,1,593.4484037841119,603.7793102123347,0,0
2025-05-20 10:15:00+05:30,614.5176011640181,32.8,70.2,10,1,0,1,604.6100615002815,611.4544636250245,0,0
2025-05-20 10:30:00+05:30,619.3471232022359,32.675,70.55,10,1,0,1,614.5176011640181,613.6675035364899,0,0
2025-05-20 10:45:00+05:30,624.6317560996688,32.975,69.675,10,1,0,1,619.3471232022359,615.1679983154409,0,0
2025-05-20 11:00:00+05:30,627.2052189114064,33.125,69.35,11,1,0,1,624.6317560996688,615.150765197036,0,0
2025-05-20 11:15:00+05:30,625.2373157849038,33.125,69.725,11,1,0,1,627.2052189114064,614.6237476506744,0,0
2025-05-20 11:30:00+05:30,626.617244265066,32.975,69.2,11,1,0,1,625.2373157849038,612.8760655371807,0,0
2025-05-20 11:45:00+05:30,624.1320047862979,32.95,69.175,11,1,0,1,626.617244265066,608.5435750504972,0,0
2025-05-20 12:00:00+05:30,624.6005091854087,32.8,69.9,12,1,0,1,624.1320047862979,609.1640738998539,0,0
2025-05-20 12:15:00+05:30,623.7832763049478,32.8,69.975,12,1,0,1,624.6005091854087,610.0970199771609,0,0
2025-05-20 12:30:00+05:30,623.4476029305168,32.825,69.65,12,1,0,1,623.7832763049478,610.7161311410674,0,0
2025-05-20 12:45:00+05:30,620.6753725573574,33.2,68.65,12,1,0,1,623.4476029305168,610.5987581303586,0,0
2025-05-20 13:00:00+05:30,616.3158278942441,33.4,68.025,13,1,0,1,620.6753725573574,608.5947510109673,0,0
2025-05-20 13:15:00+05:30,609.2691526938867,33.525,67.85,13,1,0,1,616.3158278942441,605.0046916321879,0,0
2025-05-20 13:30:00+05:30,612.6489706978589,33.825,67.1,13,1,0,1,609.2691526938867,606.0952631066602,0,0
2025-05-20 13:45:00+05:30,614.2676858853824,34.2,65.9,13,1,0,1,612.6489706978589,609.6607094710256,0,0
2025-05-20 14:00:00+05:30,618.5191916148755,34.275,66.125,14,1,0,1,614.2676858853824,615.9243278227697,0,0
2025-05-20 14:15:00+05:30,624.7839743687102,34.25,65.425,14,1,0,1,618.5191916148755,619.7403326941412,0,0
2025-05-20 14:30:00+05:30,626.6649396893846,34.425,64.825,14,1,0,1,624.7839743687102,622.7117644813371,0,0
2025-05-20 14:45:00+05:30,627.5045065712856,34.65,64.175,14,1,0,1,626.6649396893846,620.4343894672486,0,0
2025-05-20 15:00:00+05:30,627.522667657488,34.525,63.75,15,1,0,1,627.5045065712856,623.6058689681478,0,0
2025-05-20 15:15:00+05:30,628.1909076784727,34.175,63.775,15,1,0,1,627.522667657488,624.3408184388619,0,0
2025-05-20 15:30:00+05:30,624.2522559056126,34.0,63.575,15,1,0,1,628.1909076784727,622.0218409240653,0,0
2025-05-20 15:45:00+05:30,622.8951194488144,34.025,64.1,15,1,0,1,624.2522559056126,621.2954092599625,0,0
2025-05-20 16:00:00+05:30,620.3959913932969,33.75,64.75,16,1,0,1,622.8951194488144,616.2621631865326,0,0
2025-05-20 16:15:00+05:30,619.6333355638689,33.125,67.05,16,1,0,1,620.3959913932969,610.045387411994,0,0
2025-05-20 16:30:00+05:30,616.9745296385316,32.85,67.7,16,1,0,1,619.6333355638689,604.0708653202882,0,0
2025-05-20 16:45:00+05:30,611.7468762628,32.35,69.0,16,1,0,1,616.9745296385316,601.3500416854769,0,0
2025-05-20 17:00:00+05:30,603.666928523633,32.225,69.975,17,1,0,1,611.7468762628,596.9937459088086,0,0
2025-05-20 17:15:00+05:30,595.6756100274984,32.2,69.4,17,1,0,1,603.666928523633,589.0200286045589,0,0
2025-05-20 17:30:00+05:30,584.9409180953385,32.0,69.05,17,1,0,1,595.6756100274984,577.9852651331345,0,0
2025-05-20 17:45:00+05:30,575.9059966537911,31.825,70.275,17,1,0,1,584.9409180953385,570.5964527551253,0,0
2025-05-20 18:00:00+05:30,565.7057030445411,31.725,70.6,18,1,0,0,575.9059966537911,560.9302586775727,0,0
2025-05-20 18:15:00+05:30,553.9249793430101,31.025,71.55,18,1,0,0,565.7057030445411,552.2806077568982,0,0
2025-05-20 18:30:00+05:30,546.8292994287124,30.65,73.2,18,1,0,0,553.9249793430101,544.5528435644374,0,0
2025-05-20 18:45:00+05:30,538.8582567303617,30.55,73.025,18,1,0,0,546.8292994287124,538.2081388707329,0,0
2025-05-20 19:00:00+05:30,527.4540824323946,30.45,72.575,19,1,0,0,538.8582567303617,531.7160518527955,0,0
2025-05-20 19:15:00+05:30,517.8358751359887,30.225,72.6,19,1,0,0,527.4540824323946,524.1363360131362,0,0
2025-05-20 19:30:00+05:30,503.4708862291331,29.7,75.7,19,1,0,0,517.8358751359887,515.4980940049844,0,0
2025-05-20 19:45:00+05:30,492.0247822390276,29.2,80.575,19,1,0,0,503.4708862291331,506.683598615792,0,0
2025-05-20 20:00:00+05:30,476.1852250344184,28.6,82.75,20,1,0,0,492.0247822390276,498.08617656131855,0,0
2025-05-20 20:15:00+05:30,460.0968677508047,27.55,84.3,20,1,0,0,476.1852250344184,491.47915910221553,0,0
2025-05-20 20:30:00+05:30,450.95930465712166,27.125,85.425,20,1,0,0,460.0968677508047,479.9874165102036,0,0
2025-05-20 20:45:00+05:30,444.60340296374295,27.175,86.4,20,1,0,0,450.95930465712166,478.2566831465292,0,0
2025-05-20 21:00:00+05:30,439.0062774061869,27.15,85.975,21,1,0,0,444.60340296374295,471.5036347969868,0,0
2025-05-20 21:15:00+05:30,434.76735434224616,27.175,86.475,21,1,0,0,439.0062774061869,468.7177284497536,0,0
2025-05-20 21:30:00+05:30,427.7651633643874,27.3,87.125,21,1,0,0,434.76735434224616,464.75534759578807,0,0
2025-05-20 21:45:00+05:30,423.7016925083575,27.075,88.05,21,1,0,0,427.7651633643874,464.4079278587341,0,0
2025-05-20 22:00:00+05:30,417.5710417932978,26.925,89.25,22,1,0,0,423.7016925083575,458.97952659645046,0,0
2025-05-20 22:15:00+05:30,409.4539182923272,26.55,91.25,22,1,0,0,417.5710417932978,453.1332040076457,0,0
2025-05-20 22:30:00+05:30,405.9435769660601,26.35,92.1,22,1,0,0,409.4539182923272,450.9378137458414,0,0
2025-05-20 22:45:00+05:30,400.516310186965,26.35,92.1,22,1,0,0,405.9435769660601,446.95340916137934,0,0
2025-05-20 23:00:00+05:30,395.4430103293044,26.325,91.175,23,1,0,0,400.516310186965,445.0946548694032,0,0
2025-05-20 23:15:00+05:30,392.9001390310784,26.425,90.625,23,1,0,0,395.4430103293044,441.6659763812722,0,0
2025-05-20 23:30:00+05:30,389.2073594198882,26.475,90.65,23,1,0,0,392.9001390310784,431.6347509583312,0,0
2025-05-20 23:45:00+05:30,383.5422924325106,26.575,90.675,23,1,0,0,389.2073594198882,424.9737948398448,0,0
2025-05-21 00:00:00+05:30,376.2240187030487,26.575,90.65,0,2,0,0,383.5422924325106,417.1622078373185,0,0
2025-05-21 00:15:00+05:30,371.0361732127031,26.75,90.5,0,2,0,0,376.2240187030487,412.81686349871217,0,0
2025-05-21 00:30:00+05:30,367.9673141159611,26.85,90.625,0,2,0,0,371.0361732127031,408.831133762434,0,0
2025-05-21 00:45:00+05:30,363.9543557961287,26.825,90.75,0,2,0,0,367.9673141159611,402.34969443309575,0,0
2025-05-21 01:00:00+05:30,361.47849096078494,26.825,91.1,1,2,0,0,363.9543557961287,394.31838115589136,0,0
2025-05-21 01:15:00+05:30,357.4209132665704,26.8,91.125,1,2,0,0,361.47849096078494,388.1996916749464,0,0
2025-05-21 01:30:00+05:30,354.5440409696742,26.875,91.125,1,2,0,0,357.4209132665704,384.1726969205186,0,0
2025-05-21 01:45:00+05:30,352.3928651131594,26.925,90.8,1,2,0,0,354.5440409696742,379.6535858798475,0,0
2025-05-21 02:00:00+05:30,348.80474318076807,26.875,90.15,2,2,0,0,352.3928651131594,376.3263584197685,0,0
2025-05-21 02:15:00+05:30,346.7319016151587,26.825,90.125,2,2,0,0,348.80474318076807,373.984036593026,0,0
2025-05-21 02:30:00+05:30,341.7526296838085,26.825,90.25,2,2,0,0,346.7319016151587,369.6812982168281,0,0
2025-05-21 02:45:00+05:30,338.99529839207,26.825,90.225,2,2,0,0,341.7526296838085,365.6858421950124,0,0
2025-05-21 03:00:00+05:30,334.91955828463216,26.85,90.025,3,2,0,0,338.99529839207,360.3621969725799,0,0
2025-05-21 03:15:00+05:30,331.4534209974199,26.85,89.925,3,2,0,0,334.91955828463216,356.71076556855445,0,0
2025-05-21 03:30:00+05:30,328.0577115560838,27.0,89.325,3,2,0,0,331.4534209974199,353.3390910028552,0,0
2025-05-21 03:45:00+05:30,325.8998384791078,26.975,90.225,3,2,0,0,328.0577115560838,351.62089444726246,0,0
2025-05-21 04:00:00+05:30,324.7351255026286,27.025,90.5,4,2,0,0,325.8998384791078,349.3722688043045,0,0
2025-05-21 04:15:00+05:30,324.7543631429569,27.125,89.4,4,2,0,0,324.7351255026286,347.24016960473494,0,0
2025-05-21 04:30:00+05:30,324.1248324685067,27.175,88.925,4,2,0,0,324.7543631429569,347.1231975392791,0,0
2025-05-21 04:45:00+05:30,324.16855084164433,27.175,88.6,4,2,0,0,324.1248324685067,345.7625917713983,0,0
2025-05-21 05:00:00+05:30,325.5143409264173,27.275,88.35,5,2,0,0,324.16855084164433,347.3945217828003,0,0
2025-05-21 05:15:00+05:30,328.0622452661246,27.2,88.675,5,2,0,0,325.5143409264173,350.4890117941988,0,0
2025-05-21 05:30:00+05:30,331.67046379091465,27.15,88.95,5,2,0,0,328.0622452661246,353.8005612017806,0,0
2025-05-21 05:45:00+05:30,333.4050805276537,27.2,88.25,5,2,0,0,331.67046379091465,357.4039863732713,0,0
2025-05-21 06:00:00+05:30,337.7211467481634,27.3,88.1,6,2,0,0,333.4050805276537,359.6897745396306,0,0
2025-05-21 06:15:00+05:30,345.09275275751486,27.375,88.125,6,2,0,0,337.7211467481634,366.0097573029229,0,0
2025-05-21 06:30:00+05:30,358.21311825537595,27.475,87.65,6,2,0,0,345.09275275751486,378.9637735370856,0,0
2025-05-21 06:45:00+05:30,369.00728564116537,27.65,87.65,6,2,0,0,358.21311825537595,391.5631591660722,0,0
2025-05-21 07:00:00+05:30,383.9542726850559,27.875,87.325,7,2,0,0,369.00728564116537,404.7986836454708,0,0
2025-05-21 07:15:00+05:30,399.7190226257676,28.15,85.525,7,2,0,0,383.9542726850559,420.1331692557976,0,0
2025-05-21 07:30:00+05:30,416.62872124367055,28.55,84.0,7,2,0,0,399.7190226257676,439.2332673570695,0,0
2025-05-21 07:45:00+05:30,435.0139622782429,28.875,82.25,7,2,0,0,416.62872124367055,457.7244661602928,0,0
2025-05-21 08:00:00+05:30,457.4737750924579,29.225,81.2,8,2,0,0,435.0139622782429,482.6939393031893,0,0
2025-05-21 08:15:00+05:30,475.7476260786855,29.575,78.8,8,2,0,0,457.4737750924579,504.5897530149312,0,0
2025-05-21 08:30:00+05:30,491.1995462906338,30.025,77.3,8,2,0,0,475.7476260786855,524.1565357967787,0,0
2025-05-21 08:45:00+05:30,513.1213623033309,30.275,76.275,8,2,0,0,491.1995462906338,541.0543718438798,0,0
2025-05-21 09:00:00+05:30,527.7662476985312,30.275,75.05,9,2,0,1,513.1213623033309,555.4583211525568,0,0
2025-05-21 09:15:00+05:30,542.0627559453902,30.425,75.6,9,2,0,1,527.7662476985312,574.121431739708,0,0
2025-05-21 09:30:00+05:30,554.608149525251,30.6,74.325,9,2,0,1,542.0627559453902,587.6288462210641,0,0
2025-05-21 09:45:00+05:30,567.2250038947499,30.725,74.025,9,2,0,1,554.608149525251,593.4484037841119,0,0
2025-05-21 10:00:00+05:30,574.5866392650199,30.7,73.575,10,2,0,1,567.2250038947499,604.6100615002815,0,0
2025-05-21 10:15:00+05:30,584.4852357949496,30.5,74.425,10,2,0,1,574.5866392650199,614.5176011640181,0,0
2025-05-21 10:30:00+05:30,585.0927432083754,30.625,75.05,10,2,0,1,584.4852357949496,619.3471232022359,0,0
2025-05-21 10:45:00+05:30,588.4144467916476,30.625,75.275,10,2,0,1,585.0927432083754,624.6317560996688,0,0
2025-05-21 11:00:00+05:30,591.4760825190397,30.75,75.175,11,2,0,1,588.4144467916476,627.2052189114064,0,0
2025-05-21 11:15:00+05:30,590.3756315192486,30.725,76.3,11,2,0,1,591.4760825190397,625.2373157849038,0,0
2025-05-21 11:30:00+05:30,591.9882569117499,30.8,76.375,11,2,0,1,590.3756315192486,626.617244265066,0,0
2025-05-21 11:45:00+05:30,591.6203350737932,30.925,76.75,11,2,0,1,591.9882569117499,624.1320047862979,0,0
2025-05-21 12:00:00+05:30,591.6127619253056,31.025,77.0,12,2,0,1,591.6203350737932,624.6005091854087,0,0
2025-05-21 12:15:00+05:30,592.205933753272,31.175,77.0,12,2,0,1,591.6127619253056,623.7832763049478,0,0
2025-05-21 12:30:00+05:30,591.6616532416573,31.425,76.3,12,2,0,1,592.205933753272,623.4476029305168,0,0
2025-05-21 12:45:00+05:30,591.5430043896872,31.675,75.925,12,2,0,1,591.6616532416573,620.6753725573574,0,0
2025-05-21 13:00:00+05:30,590.2334767119552,31.75,75.6,13,2,0,1,591.5430043896872,616.3158278942441,0,0
2025-05-21 13:15:00+05:30,589.3725976750939,31.9,75.0,13,2,0,1,590.2334767119552,609.2691526938867,0,0
2025-05-21 13:30:00+05:30,589.0811533941882,32.2,73.225,13,2,0,1,589.3725976750939,612.6489706978589,0,0
2025-05-21 13:45:00+05:30,586.5875567308959,32.65,71.05,13,2,0,1,589.0811533941882,614.2676858853824,0,0
2025-05-21 14:00:00+05:30,589.6406812604397,33.225,69.25,14,2,0,1,586.5875567308959,618.5191916148755,0,0
2025-05-21 14:15:00+05:30,590.83543415365,33.175,68.475,14,2,0,1,589.6406812604397,624.7839743687102,0,0
2025-05-21 14:30:00+05:30,593.7764893858351,33.125,67.625,14,2,0,1,590.83543415365,626.6649396893846,0,0
2025-05-21 14:45:00+05:30,595.416375079799,32.75,68.025,14,2,0,1,593.7764893858351,627.5045065712856,0,0
2025-05-21 15:00:00+05:30,594.5597206408715,32.525,67.925,15,2,0,1,595.416375079799,627.522667657488,0,0
2025-05-21 15:15:00+05:30,590.8749127764959,32.225,67.675,15,2,0,1,594.5597206408715,628.1909076784727,0,0
2025-05-21 15:30:00+05:30,588.3487849932638,32.15,67.125,15,2,0,1,590.8749127764959,624.2522559056126,0,0
2025-05-21 15:45:00+05:30,584.9121372430682,32.075,66.825,15,2,0,1,588.3487849932638,622.8951194488144,0,0
2025-05-21 16:00:00+05:30,583.0854676330712,32.25,66.5,16,2,0,1,584.9121372430682,620.3959913932969,0,0
2025-05-21 16:15:00+05:30,579.8801780788133,32.275,66.875,16,2,0,1,583.0854676330712,619.6333355638689,0,0
2025-05-21 16:30:00+05:30,578.3037940406631,32.375,66.55,16,2,0,1,579.8801780788133,616.9745296385316,0,0
2025-05-21 16:45:00+05:30,574.6507793447724,32.65,65.5,16,2,0,1,578.3037940406631,611.7468762628,0,0
2025-05-21 17:00:00+05:30,570.3093202916706,32.475,66.825,17,2,0,1,574.6507793447724,603.666928523633,0,0
2025-05-21 17:15:00+05:30,564.0746472233207,31.95,68.775,17,2,0,1,570.3093202916706,595.6756100274984,0,0
2025-05-21 17:30:00+05:30,555.6081492566414,31.65,69.275,17,2,0,1,564.0746472233207,584.9409180953385,0,0
2025-05-21 17:45:00+05:30,549.3603907869024,31.55,70.4,17,2,0,1,555.6081492566414,575.9059966537911,0,0
2025-05-21 18:00:00+05:30,539.0910657142292,31.275,71.35,18,2,0,0,549.3603907869024,565.7057030445411,0,0
2025-05-21 18:15:00+05:30,529.6863612797391,31.0,72.65,18,2,0,0,539.0910657142292,553.9249793430101,0,0
2025-05-21 18:30:00+05:30,523.2420085431041,30.775,73.875,18,2,0,0,529.6863612797391,546.8292994287124,0,0
2025-05-21 18:45:00+05:30,519.2426450464064,30.6,75.35,18,2,0,0,523.2420085431041,538.8582567303617,0,0
2025-05-21 19:00:00+05:30,514.1491004825319,30.475,75.6,19,2,0,0,519.2426450464064,527.4540824323946,0,0
2025-05-21 19:15:00+05:30,507.7255387296229,30.375,76.375,19,2,0,0,514.1491004825319,517.8358751359887,0,0
2025-05-21 19:30:00+05:30,501.0878410099135,30.35,77.475,19,2,0,0,507.7255387296229,503.4708862291331,0,0
2025-05-21 19:45:00+05:30,493.9763281913973,30.375,78.25,19,2,0,0,501.0878410099135,492.0247822390276,0,0
2025-05-21 20:00:00+05:30,489.13514325145707,30.35,79.1,20,2,0,0,493.9763281913973,476.1852250344184,0,0
2025-05-21 20:15:00+05:30,481.95379259175417,30.275,79.675,20,2,0,0,489.13514325145707,460.0968677508047,0,0
2025-05-21 20:30:00+05:30,478.194225407222,30.275,80.0,20,2,0,0,481.95379259175417,450.95930465712166,0,0
2025-05-21 20:45:00+05:30,473.9182536229472,30.3,80.075,20,2,0,0,478.194225407222,444.60340296374295,0,0
2025-05-21 21:00:00+05:30,468.71049008823616,30.175,79.725,21,2,0,0,473.9182536229472,439.0062774061869,0,0
2025-05-21 21:15:00+05:30,464.10596302984834,29.9,81.25,21,2,0,0,468.71049008823616,434.76735434224616,0,0
2025-05-21 21:30:00+05:30,459.7618182316727,29.9,81.0,21,2,0,0,464.10596302984834,427.7651633643874,0,0
2025-05-21 21:45:00+05:30,453.8946285329303,29.85,81.175,21,2,0,0,459.7618182316727,423.7016925083575,0,0
2025-05-21 22:00:00+05:30,451.3522062413808,29.775,79.375,22,2,0,0,453.8946285329303,417.5710417932978,0,0
2025-05-21 22:15:00+05:30,446.36649312943695,29.525,79.5,22,2,0,0,451.3522062413808,409.4539182923272,0,0
2025-05-21 22:30:00+05:30,442.6440635327794,29.3,79.825,22,2,0,0,446.36649312943695,405.9435769660601,0,0
2025-05-21 22:45:00+05:30,437.3905921373466,29.2,80.975,22,2,0,0,442.6440635327794,400.516310186965,0,0
2025-05-21 23:00:00+05:30,433.4750188425148,29.05,81.925,23,2,0,0,437.3905921373466,395.4430103293044,0,0
2025-05-21 23:15:00+05:30,427.0858034048402,28.975,82.025,23,2,0,0,433.4750188425148,392.9001390310784,0,0
2025-05-21 23:30:00+05:30,420.4476300211299,28.775,81.95,23,2,0,0,427.0858034048402,389.2073594198882,0,0
2025-05-21 23:45:00+05:30,406.5597859207978,27.825,84.725,23,2,0,0,420.4476300211299,383.5422924325106,0,0
2025-05-22 00:00:00+05:30,386.3998200631548,27.075,88.925,0,3,0,0,406.5597859207978,376.2240187030487,0,0
2025-05-22 00:15:00+05:30,374.7130399741309,26.8,90.75,0,3,0,0,386.3998200631548,371.0361732127031,0,0
2025-05-22 00:30:00+05:30,367.7672883071989,26.7,91.55,0,3,0,0,374.7130399741309,367.9673141159611,0,0
2025-05-22 00:45:00+05:30,363.1625079704949,26.65,91.5,0,3,0,0,367.7672883071989,363.9543557961287,0,0
2025-05-22 01:00:00+05:30,356.4440330782608,26.725,91.325,1,3,0,0,363.1625079704949,361.47849096078494,0,0
2025-05-22 01:15:00+05:30,352.38776399080456,26.725,91.75,1,3,0,0,356.4440330782608,357.4209132665704,0,0
2025-05-22 01:30:00+05:30,348.873355529656,26.775,91.95,1,3,0,0,352.38776399080456,354.5440409696742,0,0
2025-05-22 01:45:00+05:30,347.17200799185764,26.75,92.0,1,3,0,0,348.873355529656,352.3928651131594,0,0
2025-05-22 02:00:00+05:30,344.84375896410984,26.6,92.125,2,3,0,0,347.17200799185764,348.80474318076807,0,0
2025-05-22 02:15:00+05:30,341.8495626565072,26.65,92.15,2,3,0,0,344.84375896410984,346.7319016151587,0,0
2025-05-22 02:30:00+05:30,338.2528314941813,26.525,92.45,2,3,0,0,341.8495626565072,341.7526296838085,0,0
2025-05-22 02:45:00+05:30,335.4907779680439,26.675,92.45,2,3,0,0,338.2528314941813,338.99529839207,0,0
2025-05-22 03:00:00+05:30,332.0192815465241,26.725,92.375,3,3,0,0,335.4907779680439,334.91955828463216,0,0
2025-05-22 03:15:00+05:30,330.13091246044144,26.7,92.55,3,3,0,0,332.0192815465241,331.4534209974199,0,0
2025-05-22 03:30:00+05:30,327.0197036086211,26.85,92.6,3,3,0,0,330.13091246044144,328.0577115560838,0,0
2025-05-22 03:45:00+05:30,325.3264460831776,26.775,92.45,3,3,0,0,327.0197036086211,325.8998384791078,0,0
2025-05-22 04:00:00+05:30,326.1460578452931,26.725,92.625,4,3,0,0,325.3264460831776,324.7351255026286,0,0
2025-05-22 04:15:00+05:30,325.45507449672675,26.75,92.7,4,3,0,0,326.1460578452931,324.7543631429569,0,0
2025-05-22 04:30:00+05:30,325.35264963337846,26.575,92.45,4,3,0,0,325.45507449672675,324.1248324685067,0,0
2025-05-22 04:45:00+05:30,326.30049179791865,26.425,92.025,4,3,0,0,325.35264963337846,324.16855084164433,0,0
2025-05-22 05:00:00+05:30,326.88927793039346,26.25,91.75,5,3,0,0,326.30049179791865,325.5143409264173,0,0
2025-05-22 05:15:00+05:30,326.71477925562056,26.325,91.45,5,3,0,0,326.88927793039346,328.0622452661246,0,0
2025-05-22 05:30:00+05:30,330.7851694196733,26.475,91.425,5,3,0,0,326.71477925562056,331.67046379091465,0,0
2025-05-22 05:45:00+05:30,333.0998507178045,26.525,91.3,5,3,0,0,330.7851694196733,333.4050805276537,0,0
2025-05-22 06:00:00+05:30,337.2770836828936,26.6,90.975,6,3,0,0,333.0998507178045,337.7211467481634,0,0
2025-05-22 06:15:00+05:30,344.40667367083563,26.7,91.0,6,3,0,0,337.2770836828936,345.09275275751486,0,0
2025-05-22 06:30:00+05:30,360.1955215333461,26.825,90.65,6,3,0,0,344.40667367083563,358.21311825537595,0,0
2025-05-22 06:45:00+05:30,366.6667896089723,27.025,90.975,6,3,0,0,360.1955215333461,369.00728564116537,0,0
2025-05-22 07:00:00+05:30,378.9532041795192,27.125,90.7,7,3,0,0,366.6667896089723,383.9542726850559,0,0
2025-05-22 07:15:00+05:30,397.19862510812186,27.425,90.45,7,3,0,0,378.9532041795192,399.7190226257676,0,0
2025-05-22 07:30:00+05:30,416.07612617239545,27.7,89.35,7,3,0,0,397.19862510812186,416.62872124367055,0,0
2025-05-22 07:45:00+05:30,434.0068500712468,28.1,87.725,7,3,0,0,416.07612617239545,435.0139622782429,0,0
2025-05-22 08:00:00+05:30,452.0155992616367,28.525,85.775,8,3,0,0,434.0068500712468,457.4737750924579,0,0
2025-05-22 08:15:00+05:30,474.0154445037177,28.825,83.5,8,3,0,0,452.0155992616367,475.7476260786855,0,0
2025-05-22 08:30:00+05:30,494.591745285296,29.1,81.65,8,3,0,0,474.0154445037177,491.1995462906338,0,0
2025-05-22 08:45:00+05:30,508.6580389411776,29.5,79.7,8,3,0,0,494.591745285296,513.1213623033309,0,0
2025-05-22 09:00:00+05:30,522.7115753488581,29.65,77.7,9,3,0,1,508.6580389411776,527.7662476985312,0,0
2025-05-22 09:15:00+05:30,536.0149101200636,30.1,75.85,9,3,0,1,522.7115753488581,542.0627559453902,0,0
2025-05-22 09:30:00+05:30,549.3503547496,30.5,74.075,9,3,0,1,536.0149101200636,554.608149525251,0,0
2025-05-22 09:45:00+05:30,561.3366033484385,30.85,72.7,9,3,0,1,549.3503547496,567.2250038947499,0,0
2025-05-22 10:00:00+05:30,573.1165984809757,31.05,71.4,10,3,0,1,561.3366033484385,574.5866392650199,0,0
2025-05-22 10:15:00+05:30,580.8989836013538,31.375,69.55,10,3,0,1,573.1165984809757,584.4852357949496,0,0
2025-05-22 10:30:00+05:30,586.3538429574194,31.45,68.2,10,3,0,1,580.8989836013538,585.0927432083754,0,0
2025-05-22 10:45:00+05:30,588.6094138037395,31.625,67.7,10,3,0,1,586.3538429574194,588.4144467916476,0,0
2025-05-22 11:00:00+05:30,591.8731833596556,31.775,66.925,11,3,0,1,588.6094138037395,591.4760825190397,0,0
2025-05-22 11:15:00+05:30,585.5093303480409,31.9,66.125,11,3,0,1,591.8731833596556,590.3756315192486,0,0
2025-05-22 11:30:00+05:30,585.495640825401,32.075,65.275,11,3,0,1,585.5093303480409,591.9882569117499,0,0
2025-05-22 11:45:00+05:30,585.2040884110722,32.5,64.575,11,3,0,1,585.495640825401,591.6203350737932,0,0
2025-05-22 12:00:00+05:30,585.7144427711439,32.65,63.175,12,3,0,1,585.2040884110722,591.6127619253056,0,0
2025-05-22 12:15:00+05:30,586.2627916313392,32.825,62.525,12,3,0,1,585.7144427711439,592.205933753272,0,0
2025-05-22 12:30:00+05:30,582.8677175533227,33.0,62.525,12,3,0,1,586.2627916313392,591.6616532416573,0,0
2025-05-22 12:45:00+05:30,579.5158868135015,33.15,61.625,12,3,0,1,582.8677175533227,591.5430043896872,0,0
2025-05-22 13:00:00+05:30,576.9677937956817,33.225,61.425,13,3,0,1,579.5158868135015,590.2334767119552,0,0
2025-05-22 13:15:00+05:30,575.1113373495814,33.475,60.725,13,3,0,1,576.9677937956817,589.3725976750939,0,0
2025-05-22 13:30:00+05:30,575.7460789687323,33.975,59.325,13,3,0,1,575.1113373495814,589.0811533941882,0,0
2025-05-22 13:45:00+05:30,578.544167609631,34.075,59.725,13,3,0,1,575.7460789687323,586.5875567308959,0,0
2025-05-22 14:00:00+05:30,584.2564468871421,33.575,61.05,14,3,0,1,578.544167609631,589.6406812604397,0,0
2025-05-22 14:15:00+05:30,589.3705591899213,33.475,61.45,14,3,0,1,584.2564468871421,590.83543415365,0,0
2025-05-22 14:30:00+05:30,590.8527986017176,33.925,60.425,14,3,0,1,589.3705591899213,593.7764893858351,0,0
2025-05-22 14:45:00+05:30,594.3446993631983,33.75,61.6,14,3,0,1,590.8527986017176,595.416375079799,0,0
2025-05-22 15:00:00+05:30,594.7288239575536,33.4,62.75,15,3,0,1,594.3446993631983,594.5597206408715,0,0
2025-05-22 15:15:00+05:30,595.263335128869,32.9,63.375,15,3,0,1,594.7288239575536,590.8749127764959,0,0
2025-05-22 15:30:00+05:30,592.4488480941626,32.45,64.325,15,3,0,1,595.263335128869,588.3487849932638,0,0
2025-05-22 15:45:00+05:30,584.148483278295,32.025,66.05,15,3,0,1,592.4488480941626,584.9121372430682,0,0
2025-05-22 16:00:00+05:30,582.95027975172,31.85,67.1,16,3,0,1,584.148483278295,583.0854676330712,0,0
2025-05-22 16:15:00+05:30,583.9266332092955,31.675,68.775,16,3,0,1,582.95027975172,579.8801780788133,0,0
2025-05-22 16:30:00+05:30,580.3186331485492,31.525,70.225,16,3,0,1,583.9266332092955,578.3037940406631,0,0
2025-05-22 16:45:00+05:30,576.6557219563335,31.325,71.725,16,3,0,1,580.3186331485492,574.6507793447724,0,0
2025-05-22 17:00:00+05:30,573.2985947136868,31.125,74.25,17,3,0,1,576.6557219563335,570.3093202916706,0,0
2025-05-22 17:15:00+05:30,569.3103276826461,30.925,75.575,17,3,0,1,573.2985947136868,564.0746472233207,0,0
2025-05-22 17:30:00+05:30,562.4360433732726,30.775,77.15,17,3,0,1,569.3103276826461,555.6081492566414,0,0
2025-05-22 17:45:00+05:30,553.9394505406165,30.45,78.9,17,3,0,1,562.4360433732726,549.3603907869024,0,0
2025-05-22 18:00:00+05:30,543.2960002300607,30.35,79.825,18,3,0,0,553.9394505406165,539.0910657142292,0,0
2025-05-22 18:15:00+05:30,536.8456397648013,30.125,81.125,18,3,0,0,543.2960002300607,529.6863612797391,0,0
2025-05-22 18:30:00+05:30,529.045098865786,29.95,81.875,18,3,0,0,536.8456397648013,523.2420085431041,0,0
2025-05-22 18:45:00+05:30,524.3384763519065,29.85,82.525,18,3,0,0,529.045098865786,519.2426450464064,0,0
2025-05-22 19:00:00+05:30,522.6112919110409,29.75,82.925,19,3,0,0,524.3384763519065,514.1491004825319,0,0
2025-05-22 19:15:00+05:30,512.0021959686826,29.7,83.1,19,3,0,0,522.6112919110409,507.7255387296229,0,0
2025-05-22 19:30:00+05:30,504.2757180062162,29.75,83.025,19,3,0,0,512.0021959686826,501.0878410099135,0,0
2025-05-22 19:45:00+05:30,499.3178258170082,29.775,83.35,19,3,0,0,504.2757180062162,493.9763281913973,0,0
2025-05-22 20:00:00+05:30,492.1597678787656,29.775,83.675,20,3,0,0,499.3178258170082,489.13514325145707,0,0
2025-05-22 20:15:00+05:30,484.7583521115832,29.775,83.95,20,3,0,0,492.1597678787656,481.95379259175417,0,0
2025-05-22 20:30:00+05:30,479.2120093041708,29.75,84.1,20,3,0,0,484.7583521115832,478.194225407222,0,0
2025-05-22 20:45:00+05:30,475.19846563109326,29.725,84.425,20,3,0,0,479.2120093041708,473.9182536229472,0,0
2025-05-22 21:00:00+05:30,467.8208073627436,29.75,84.5,21,3,0,0,475.19846563109326,468.71049008823616,0,0
2025-05-22 21:15:00+05:30,465.83135164016846,29.775,84.425,21,3,0,0,467.8208073627436,464.10596302984834,0,0
2025-05-22 21:30:00+05:30,461.89443093846734,29.775,84.5,21,3,0,0,465.83135164016846,459.7618182316727,0,0
2025-05-22 21:45:00+05:30,457.83733713665833,29.775,84.5,21,3,0,0,461.89443093846734,453.8946285329303,0,0
2025-05-22 22:00:00+05:30,451.506591276705,29.775,84.775,22,3,0,0,457.83733713665833,451.3522062413808,0,0
2025-05-22 22:15:00+05:30,446.41670746297854,29.75,84.825,22,3,0,0,451.506591276705,446.36649312943695,0,0
2025-05-22 22:30:00+05:30,445.8976595560152,29.7,84.975,22,3,0,0,446.41670746297854,442.6440635327794,0,0
2025-05-22 22:45:00+05:30,439.1744090581335,29.6,84.875,22,3,0,0,445.8976595560152,437.3905921373466,0,0
2025-05-22 23:00:00+05:30,435.2554772039302,29.6,84.6,23,3,0,0,439.1744090581335,433.4750188425148,0,0
2025-05-22 23:15:00+05:30,428.2572959356132,29.55,84.65,23,3,0,0,435.2554772039302,427.0858034048402,0,0
2025-05-22 23:30:00+05:30,421.9984728266057,29.55,84.85,23,3,0,0,428.2572959356132,420.4476300211299,0,0
2025-05-22 23:45:00+05:30,414.7359911974021,29.525,85.75,23,3,0,0,421.9984728266057,406.5597859207978,0,0
2025-05-23 00:00:00+05:30,409.91519706186114,29.525,85.4,0,4,0,0,414.7359911974021,386.3998200631548,0,0
2025-05-23 00:15:00+05:30,402.7757108524464,29.45,85.675,0,4,0,0,409.91519706186114,374.7130399741309,0,0
2025-05-23 00:30:00+05:30,395.2513970957392,29.375,85.925,0,4,0,0,402.7757108524464,367.7672883071989,0,0
2025-05-23 00:45:00+05:30,389.3511499603485,29.35,86.125,0,4,0,0,395.2513970957392,363.1625079704949,0,0
2025-05-23 01:00:00+05:30,383.813242189188,29.375,86.225,1,4,0,0,389.3511499603485,356.4440330782608,0,0
2025-05-23 01:15:00+05:30,379.1245485507766,29.375,85.575,1,4,0,0,383.813242189188,352.38776399080456,0,0
2025-05-23 01:30:00+05:30,376.6625579080958,29.375,85.75,1,4,0,0,379.1245485507766,348.873355529656,0,0
2025-05-23 01:45:00+05:30,370.37135223808855,29.35,85.85,1,4,0,0,376.6625579080958,347.17200799185764,0,0
2025-05-23 02:00:00+05:30,366.0358519125536,29.3,86.1,2,4,0,0,370.37135223808855,344.84375896410984,0,0
2025-05-23 02:15:00+05:30,363.0691254433992,29.3,85.975,2,4,0,0,366.0358519125536,341.8495626565072,0,0
2025-05-23 02:30:00+05:30,358.3702847813541,29.275,85.825,2,4,0,0,363.0691254433992,338.2528314941813,0,0
2025-05-23 02:45:00+05:30,355.43657956352024,29.325,85.55,2,4,0,0,358.3702847813541,335.4907779680439,0,0
2025-05-23 03:00:00+05:30,352.0213784910316,29.05,87.025,3,4,0,0,355.43657956352024,332.0192815465241,0,0
2025-05-23 03:15:00+05:30,346.23459540613214,28.675,87.625,3,4,0,0,352.0213784910316,330.13091246044144,0,0
2025-05-23 03:30:00+05:30,341.2948257727492,28.575,87.875,3,4,0,0,346.23459540613214,327.0197036086211,0,0
2025-05-23 03:45:00+05:30,338.9367336917634,28.575,87.875,3,4,0,0,341.2948257727492,325.3264460831776,0,0
2025-05-23 04:00:00+05:30,337.00873451261145,28.575,88.125,4,4,0,0,338.9367336917634,326.1460578452931,0,0
2025-05-23 04:15:00+05:30,335.39561107433224,28.55,88.45,4,4,0,0,337.00873451261145,325.45507449672675,0,0
2025-05-23 04:30:00+05:30,334.3040444587272,28.65,88.4,4,4,0,0,335.39561107433224,325.35264963337846,0,0
2025-05-23 04:45:00+05:30,335.054719948739,28.65,88.775,4,4,0,0,334.3040444587272,326.30049179791865,0,0
2025-05-23 05:00:00+05:30,337.7307869644693,28.625,89.0,5,4,0,0,335.054719948739,326.88927793039346,0,0
2025-05-23 05:15:00+05:30,338.1154151326932,28.675,89.125,5,4,0,0,337.7307869644693,326.71477925562056,0,0
2025-05-23 05:30:00+05:30,341.4508541615016,28.575,89.3,5,4,0,0,338.1154151326932,330.7851694196733,0,0
2025-05-23 05:45:00+05:30,343.46231871985,28.55,89.625,5,4,0,0,341.4508541615016,333.0998507178045,0,0
2025-05-23 06:00:00+05:30,347.55806755914506,28.625,89.675,6,4,0,0,343.46231871985,337.2770836828936,0,0
2025-05-23 06:15:00+05:30,352.8413363516299,28.675,90.075,6,4,0,0,347.55806755914506,344.40667367083563,0,0
2025-05-23 06:30:00+05:30,369.4269547291239,28.725,90.3,6,4,0,0,352.8413363516299,360.1955215333461,0,0
2025-05-23 06:45:00+05:30,381.60996722896033,28.85,90.125,6,4,0,0,369.4269547291239,366.6667896089723,0,0
2025-05-23 07:00:00+05:30,396.89390880444887,28.925,90.2,7,4,0,0,381.60996722896033,378.9532041795192,0,0
2025-05-23 07:15:00+05:30,413.3452311390009,29.0,90.025,7,4,0,0,396.89390880444887,397.19862510812186,0,0
2025-05-23 07:30:00+05:30,431.5704650299287,29.25,90.0,7,4,0,0,413.3452311390009,416.07612617239545,0,0
2025-05-23 07:45:00+05:30,454.2548585419621,29.375,89.675,7,4,0,0,431.5704650299287,434.0068500712468,0,0
2025-05-23 08:00:00+05:30,476.06430776716326,29.55,89.275,8,4,0,0,454.2548585419621,452.0155992616367,0,0
2025-05-23 08:15:00+05:30,495.0655088791905,29.7,88.6,8,4,0,0,476.06430776716326,474.0154445037177,0,0
2025-05-23 08:30:00+05:30,514.6213503403283,29.875,87.7,8,4,0,0,495.0655088791905,494.591745285296,0,0
2025-05-23 08:45:00+05:30,531.1598466973014,30.35,86.325,8,4,0,0,514.6213503403283,508.6580389411776,0,0
2025-05-23 09:00:00+05:30,545.1755637467644,30.9,83.875,9,4,0,1,531.1598466973014,522.7115753488581,0,0
2025-05-23 09:15:00+05:30,560.358680637139,31.375,81.25,9,4,0,1,545.1755637467644,536.0149101200636,0,0
2025-05-23 09:30:00+05:30,574.0449461502967,31.85,78.35,9,4,0,1,560.358680637139,549.3503547496,0,0
2025-05-23 09:45:00+05:30,588.8917078758427,32.075,77.4,9,4,0,1,574.0449461502967,561.3366033484385,0,0
2025-05-23 10:00:00+05:30,600.5068808029911,32.375,76.4,10,4,0,1,588.8917078758427,573.1165984809757,0,0
2025-05-23 10:15:00+05:30,609.221697019661,32.275,77.075,10,4,0,1,600.5068808029911,580.8989836013538,0,0
2025-05-23 10:30:00+05:30,612.51484743127,31.85,78.175,10,4,0,1,609.221697019661,586.3538429574194,0,0
2025-05-23 10:45:00+05:30,613.4705533720438,31.725,78.8,10,4,0,1,612.51484743127,588.6094138037395,0,0
2025-05-23 11:00:00+05:30,614.9377695813149,31.7,80.075,11,4,0,1,613.4705533720438,591.8731833596556,0,0
2025-05-23 11:15:00+05:30,614.9573962221908,31.875,80.225,11,4,0,1,614.9377695813149,585.5093303480409,0,0
2025-05-23 11:30:00+05:30,613.4013654424008,32.05,79.4,11,4,0,1,614.9573962221908,585.495640825401,0,0
2025-05-23 11:45:00+05:30,614.1247159365773,32.325,78.575,11,4,0,1,613.4013654424008,585.2040884110722,0,0
2025-05-23 12:00:00+05:30,614.4785512338055,32.7,76.675,12,4,0,1,614.1247159365773,585.7144427711439,0,0
2025-05-23 12:15:00+05:30,616.287710098002,32.9,75.9,12,4,0,1,614.4785512338055,586.2627916313392,0,0
2025-05-23 12:30:00+05:30,615.0554768607217,33.05,75.125,12,4,0,1,616.287710098002,582.8677175533227,0,0
2025-05-23 12:45:00+05:30,613.9188668614842,33.25,74.875,12,4,0,1,615.0554768607217,579.5158868135015,0,0
2025-05-23 13:00:00+05:30,611.6977628318792,33.425,73.925,13,4,0,1,613.9188668614842,576.9677937956817,0,0
2025-05-23 13:15:00+05:30,609.5042934289154,33.575,72.45,13,4,0,1,611.6977628318792,575.1113373495814,0,0
2025-05-23 13:30:00+05:30,609.3811578616119,33.625,72.15,13,4,0,1,609.5042934289154,575.7460789687323,0,0
2025-05-23 13:45:00+05:30,611.4278985146632,33.575,72.35,13,4,0,1,609.3811578616119,578.544167609631,0,0
2025-05-23 14:00:00+05:30,616.2580993539747,33.975,71.775,14,4,0,1,611.4278985146632,584.2564468871421,0,0
2025-05-23 14:15:00+05:30,621.6175915634985,33.9,71.85,14,4,0,1,616.2580993539747,589.3705591899213,0,0
2025-05-23 14:30:00+05:30,625.7039569991686,33.625,72.925,14,4,0,1,621.6175915634985,590.8527986017176,0,0
2025-05-23 14:45:00+05:30,624.595988383448,33.225,74.65,14,4,0,1,625.7039569991686,594.3446993631983,0,0
2025-05-23 15:00:00+05:30,622.5352192440319,32.825,73.975,15,4,0,1,624.595988383448,594.7288239575536,0,0
2025-05-23 15:15:00+05:30,620.2435896229919,32.15,76.0,15,4,0,1,622.5352192440319,595.263335128869,0,0
2025-05-23 15:30:00+05:30,609.6839276926512,31.425,75.775,15,4,0,1,620.2435896229919,592.4488480941626,0,0
2025-05-23 15:45:00+05:30,600.0467598559989,31.0,73.525,15,4,0,1,609.6839276926512,584.148483278295,0,0
2025-05-23 16:00:00+05:30,591.29787671965,30.725,73.525,16,4,0,1,600.0467598559989,582.95027975172,0,0
2025-05-23 16:15:00+05:30,581.307283822411,30.45,73.525,16,4,0,1,591.29787671965,583.9266332092955,0,0
2025-05-23 16:30:00+05:30,574.9219220479406,30.3,72.425,16,4,0,1,581.307283822411,580.3186331485492,0,0
2025-05-23 16:45:00+05:30,565.86512732435,30.025,73.25,16,4,0,1,574.9219220479406,576.6557219563335,0,0
2025-05-23 17:00:00+05:30,558.154442203039,29.75,73.475,17,4,0,1,565.86512732435,573.2985947136868,0,0
2025-05-23 17:15:00+05:30,548.6976138537293,29.775,73.475,17,4,0,1,558.154442203039,569.3103276826461,0,0
2025-05-23 17:30:00+05:30,542.7126522647908,29.875,73.525,17,4,0,1,548.6976138537293,562.4360433732726,0,0
2025-05-23 17:45:00+05:30,531.386403888052,29.825,74.025,17,4,0,1,542.7126522647908,553.9394505406165,0,0
2025-05-23 18:00:00+05:30,518.6430018866279,29.775,75.575,18,4,0,0,531.386403888052,543.2960002300607,0,0
2025-05-23 18:15:00+05:30,511.4844040313367,29.85,74.925,18,4,0,0,518.6430018866279,536.8456397648013,0,0
2025-05-23 18:30:00+05:30,507.212587594749,29.85,74.9,18,4,0,0,511.4844040313367,529.045098865786,0,0
2025-05-23 18:45:00+05:30,504.44767110006273,29.675,76.2,18,4,0,0,507.212587594749,524.3384763519065,0,0
2025-05-23 19:00:00+05:30,500.6256434390194,29.625,77.1,19,4,0,0,504.44767110006273,522.6112919110409,0,0
2025-05-23 19:15:00+05:30,496.0884769109193,29.55,77.4,19,4,0,0,500.6256434390194,512.0021959686826,0,0
2025-05-23 19:30:00+05:30,488.37164063063904,29.625,77.5,19,4,0,0,496.0884769109193,504.2757180062162,0,0
2025-05-23 19:45:00+05:30,482.2139919060475,29.625,77.775,19,4,0,0,488.37164063063904,499.3178258170082,0,0
2025-05-23 20:00:00+05:30,474.769198677317,29.675,78.3,20,4,0,0,482.2139919060475,492.1597678787656,0,0
2025-05-23 20:15:00+05:30,466.1936105734869,29.625,78.35,20,4,0,0,474.769198677317,484.7583521115832,0,0
2025-05-23 20:30:00+05:30,461.9606691353521,29.6,78.75,20,4,0,0,466.1936105734869,479.2120093041708,0,0
2025-05-23 20:45:00+05:30,458.6784057640708,29.525,79.5,20,4,0,0,461.9606691353521,475.19846563109326,0,0
2025-05-23 21:00:00+05:30,455.0162047222258,29.55,79.15,21,4,0,0,458.6784057640708,467.8208073627436,0,0
2025-05-23 21:15:00+05:30,450.7708257977229,29.525,79.975,21,4,0,0,455.0162047222258,465.83135164016846,0,0
2025-05-23 21:30:00+05:30,447.11340704178775,29.525,80.3,21,4,0,0,450.7708257977229,461.89443093846734,0,0
2025-05-23 21:45:00+05:30,442.4147158385736,29.475,80.1,21,4,0,0,447.11340704178775,457.83733713665833,0,0
2025-05-23 22:00:00+05:30,437.8393914279927,29.5,80.1,22,4,0,0,442.4147158385736,451.506591276705,0,0
2025-05-23 22:15:00+05:30,431.7288128597045,29.525,79.775,22,4,0,0,437.8393914279927,446.41670746297854,0,0
2025-05-23 22:30:00+05:30,429.33163916317807,29.525,79.775,22,4,0,0,431.7288128597045,445.8976595560152,0,0
2025-05-23 22:45:00+05:30,423.907328511842,29.525,79.075,22,4,0,0,429.33163916317807,439.1744090581335,0,0
2025-05-23 23:00:00+05:30,420.9606791840813,29.5,79.875,23,4,0,0,423.907328511842,435.2554772039302,0,0
2025-05-23 23:15:00+05:30,417.1948703116473,29.475,79.85,23,4,0,0,420.9606791840813,428.2572959356132,0,0
2025-05-23 23:30:00+05:30,410.3861282708937,29.35,80.575,23,4,0,0,417.1948703116473,421.9984728266057,0,0
2025-05-23 23:45:00+05:30,400.8433642141717,29.325,80.875,23,4,0,0,410.3861282708937,414.7359911974021,0,0
2025-05-24 00:00:00+05:30,397.2757652289506,29.275,81.475,0,5,1,0,400.8433642141717,409.91519706186114,0,0
2025-05-24 00:15:00+05:30,392.5597049825625,29.275,81.275,0,5,1,0,397.2757652289506,402.7757108524464,0,0
2025-05-24 00:30:00+05:30,386.3386435266054,29.3,82.05,0,5,1,0,392.5597049825625,395.2513970957392,0,0
2025-05-24 00:45:00+05:30,382.5565580463351,29.325,82.45,0,5,1,0,386.3386435266054,389.3511499603485,0,0
2025-05-24 01:00:00+05:30,376.8937112188918,29.325000000000003,82.35,1,5,1,0,382.5565580463351,383.813242189188,0,0
2025-05-24 01:15:00+05:30,373.5997692188305,29.375,81.3,1,5,1,0,376.8937112188918,379.1245485507766,0,0
2025-05-24 01:30:00+05:30,369.7108521221684,29.375,80.1,1,5,1,0,373.5997692188305,376.6625579080958,0,0
2025-05-24 01:45:00+05:30,362.9561287782271,29.325,80.19999999999999,1,5,1,0,369.7108521221684,370.37135223808855,0,0
2025-05-24 02:00:00+05:30,358.7343437902106,29.325,80.625,2,5,1,0,362.9561287782271,366.0358519125536,0,0
2025-05-24 02:15:00+05:30,356.48900949002893,29.3,80.2,2,5,1,0,358.7343437902106,363.0691254433992,0,0
2025-05-24 02:30:00+05:30,352.3560118753546,29.35,79.725,2,5,1,0,356.48900949002893,358.3702847813541,0,0
2025-05-24 02:45:00+05:30,348.66251575504134,29.375,79.675,2,5,1,0,352.3560118753546,355.43657956352024,0,0
2025-05-24 03:00:00+05:30,343.9530736820137,29.325,79.05000000000001,3,5,1,0,348.66251575504134,352.0213784910316,0,0
2025-05-24 03:15:00+05:30,339.7122269635758,29.35,79.47500000000001,3,5,1,0,343.9530736820137,346.23459540613214,0,0
2025-05-24 03:30:00+05:30,338.31543828273266,29.35,79.625,3,5,1,0,339.7122269635758,341.2948257727492,0,0
2025-05-24 03:45:00+05:30,336.63652905466506,29.35,79.5,3,5,1,0,338.31543828273266,338.9367336917634,0,0
2025-05-24 04:00:00+05:30,335.23573876032884,29.300000000000004,80.14999999999999,4,5,1,0,336.63652905466506,337.00873451261145,0,0
2025-05-24 04:15:00+05:30,335.15297546996976,29.275,80.525,4,5,1,0,335.23573876032884,335.39561107433224,0,0
2025-05-24 04:30:00+05:30,334.488671324653,29.225,80.94999999999999,4,5,1,0,335.15297546996976,334.3040444587272,0,0
2025-05-24 04:45:00+05:30,333.73560152594257,29.2,80.85,4,5,1,0,334.488671324653,335.054719948739,0,0
2025-05-24 05:00:00+05:30,334.2869100644571,29.2,81.425,5,5,1,0,333.73560152594257,337.7307869644693,0,0
2025-05-24 05:15:00+05:30,333.86605435438605,29.15,81.975,5,5,1,0,334.2869100644571,338.1154151326932,0,0
2025-05-24 05:30:00+05:30,336.2486403349199,29.050000000000004,82.75,5,5,1,0,333.86605435438605,341.4508541615016,0,0
2025-05-24 05:45:00+05:30,337.24110542674606,29.075,82.825,5,5,1,0,336.2486403349199,343.46231871985,0,0
2025-05-24 06:00:00+05:30,337.7222691822914,28.975,82.325,6,5,1,0,337.24110542674606,347.55806755914506,0,0
2025-05-24 06:15:00+05:30,340.05860065395314,29.075000000000003,83.1,6,5,1,0,337.7222691822914,352.8413363516299,0,0
2025-05-24 06:30:00+05:30,348.3919019864865,29.25,81.975,6,5,1,0,340.05860065395314,369.4269547291239,0,0
2025-05-24 06:45:00+05:30,352.9447790498016,29.425,82.15,6,5,1,0,348.3919019864865,381.60996722896033,0,0
2025-05-24 07:00:00+05:30,362.56490885410767,29.575000000000003,81.55,7,5,1,0,352.9447790498016,396.89390880444887,0,0
2025-05-24 07:15:00+05:30,367.94875443322405,29.85,80.35000000000001,7,5,1,0,362.56490885410767,413.3452311390009,0,0
2025-05-24 07:30:00+05:30,375.9298877236821,30.25,79.775,7,5,1,0,367.94875443322405,431.5704650299287,0,0
2025-05-24 07:45:00+05:30,388.176912916983,30.575000000000003,78.44999999999999,7,5,1,0,375.9298877236821,454.2548585419621,0,0
2025-05-24 08:00:00+05:30,403.51311310564654,30.8,78.375,8,5,1,0,388.176912916983,476.06430776716326,0,0
2025-05-24 08:15:00+05:30,414.270214246264,31.075,77.85000000000001,8,5,1,0,403.51311310564654,495.0655088791905,0,0
2025-05-24 08:30:00+05:30,424.9896392366904,31.575000000000003,76.67500000000001,8,5,1,0,414.270214246264,514.6213503403283,0,0
2025-05-24 08:45:00+05:30,446.0666006572132,31.700000000000003,75.375,8,5,1,0,424.9896392366904,531.1598466973014,0,0
2025-05-24 09:00:00+05:30,460.6878851149808,32.25,72.1,9,5,1,1,446.0666006572132,545.1755637467644,0,0
2025-05-24 09:15:00+05:30,474.5615984057511,32.75,70.775,9,5,1,1,460.6878851149808,560.358680637139,0,0
2025-05-24 09:30:00+05:30,488.2407014147122,32.825,69.35,9,5,1,1,474.5615984057511,574.0449461502967,0,0
2025-05-24 09:45:00+05:30,499.7730948932258,32.625,67.525,9,5,1,1,488.2407014147122,588.8917078758427,0,0
2025-05-24 10:00:00+05:30,505.8700443172904,32.45,67.15,10,5,1,1,499.7730948932258,600.5068808029911,0,0
2025-05-24 10:15:00+05:30,509.0399497557584,32.525,67.67500000000001,10,5,1,1,505.8700443172904,609.221697019661,0,0
2025-05-24 10:30:00+05:30,517.3527780611087,32.575,67.6,10,5,1,1,509.0399497557584,612.51484743127,0,0
2025-05-24 10:45:00+05:30,520.8314977056673,32.525000000000006,70.525,10,5,1,1,517.3527780611087,613.4705533720438,0,0
2025-05-24 11:00:00+05:30,522.5436221121398,32.050000000000004,72.75,11,5,1,1,520.8314977056673,614.9377695813149,0,0
2025-05-24 11:15:00+05:30,523.0427925052786,32.025,72.4,11,5,1,1,522.5436221121398,614.9573962221908,0,0
2025-05-24 11:30:00+05:30,523.3850547136735,32.475,71.75,11,5,1,1,523.0427925052786,613.4013654424008,0,0
2025-05-24 11:45:00+05:30,523.7026077337661,32.725,70.55000000000001,11,5,1,1,523.3850547136735,614.1247159365773,0,0
2025-05-24 12:00:00+05:30,521.5158631129108,32.375,72.82499999999999,12,5,1,1,523.7026077337661,614.4785512338055,0,0
2025-05-24 12:15:00+05:30,520.1335323959312,32.150000000000006,73.44999999999999,12,5,1,1,521.5158631129108,616.287710098002,0,0
2025-05-24 12:30:00+05:30,519.365753758773,32.575,72.2,12,5,1,1,520.1335323959312,615.0554768607217,0,0
2025-05-24 12:45:00+05:30,520.1918623497581,32.625,70.425,12,5,1,1,519.365753758773,613.9188668614842,0,0
2025-05-24 13:00:00+05:30,519.9020822689264,32.675,69.9,13,5,1,1,520.1918623497581,611.6977628318792,0,0
2025-05-24 13:15:00+05:30,518.3477613409893,32.725,68.9,13,5,1,1,519.9020822689264,609.5042934289154,0,0
2025-05-24 13:30:00+05:30,515.7798011733854,33.075,66.72500000000001,13,5,1,1,518.3477613409893,609.3811578616119,0,0
2025-05-24 13:45:00+05:30,517.4278672529208,33.5,65.4,13,5,1,1,515.7798011733854,611.4278985146632,0,0
2025-05-24 14:00:00+05:30,517.9299211943717,33.85,64.14999999999999,14,5,1,1,517.4278672529208,616.2580993539747,0,0
2025-05-24 14:15:00+05:30,520.0572200579702,34.15,62.35,14,5,1,1,517.9299211943717,621.6175915634985,0,0
2025-05-24 14:30:00+05:30,519.616063203981,34.325,61.5,14,5,1,1,520.0572200579702,625.7039569991686,0,0
2025-05-24 14:45:00+05:30,517.5149606129296,34.575,59.7,14,5,1,1,519.616063203981,624.595988383448,0,0
2025-05-24 15:00:00+05:30,518.0701485047529,34.75,58.175,15,5,1,1,517.5149606129296,622.5352192440319,0,0
2025-05-24 15:15:00+05:30,519.556524322099,34.474999999999994,58.275,15,5,1,1,518.0701485047529,620.2435896229919,0,0
2025-05-24 15:30:00+05:30,520.7475733705286,34.075,58.77499999999999,15,5,1,1,519.556524322099,609.6839276926512,0,0
2025-05-24 15:45:00+05:30,516.1904738317837,33.7,61.275,15,5,1,1,520.7475733705286,600.0467598559989,0,0
2025-05-24 16:00:00+05:30,508.6244263380741,33.599999999999994,60.64999999999999,16,5,1,1,516.1904738317837,591.29787671965,0,0
2025-05-24 16:15:00+05:30,505.5999813291688,33.150000000000006,62.62500000000001,16,5,1,1,508.6244263380741,581.307283822411,0,0
2025-05-24 16:30:00+05:30,499.3822963102067,32.9,64.6,16,5,1,1,505.5999813291688,574.9219220479406,0,0
2025-05-24 16:45:00+05:30,490.69933057464686,32.6,67.375,16,5,1,1,499.3822963102067,565.86512732435,0,0
2025-05-24 17:00:00+05:30,481.6674278116887,32.1,68.9,17,5,1,1,490.69933057464686,558.154442203039,0,0
2025-05-24 17:15:00+05:30,474.5916765294986,32.05,69.14999999999999,17,5,1,1,481.6674278116887,548.6976138537293,0,0
2025-05-24 17:30:00+05:30,470.1714991006397,31.925,69.625,17,5,1,1,474.5916765294986,542.7126522647908,0,0
2025-05-24 17:45:00+05:30,467.42237099788986,31.775,70.55000000000001,17,5,1,1,470.1714991006397,531.386403888052,0,0
2025-05-24 18:00:00+05:30,463.542741523778,31.575,71.0,18,5,1,0,467.42237099788986,518.6430018866279,0,0
2025-05-24 18:15:00+05:30,461.3735153559057,31.375,70.775,18,5,1,0,463.542741523778,511.4844040313367,0,0
2025-05-24 18:30:00+05:30,459.382620778536,31.25,70.55000000000001,18,5,1,0,461.3735153559057,507.212587594749,0,0
2025-05-24 18:45:00+05:30,460.8291454800095,31.2,70.35000000000001,18,5,1,0,459.382620778536,504.44767110006273,0,0
2025-05-24 19:00:00+05:30,460.7032944343128,31.125,70.75,19,5,1,0,460.8291454800095,500.6256434390194,0,0
2025-05-24 19:15:00+05:30,459.4825477321211,31.025,71.475,19,5,1,0,460.7032944343128,496.0884769109193,0,0
2025-05-24 19:30:00+05:30,458.20498739010543,31.0,72.15,19,5,1,0,459.4825477321211,488.37164063063904,0,0
2025-05-24 19:45:00+05:30,457.852583056667,30.825,75.3,19,5,1,0,458.20498739010543,482.2139919060475,0,0
2025-05-24 20:00:00+05:30,455.85896764933005,30.65,77.25,20,5,1,0,457.852583056667,474.769198677317,0,0
2025-05-24 20:15:00+05:30,451.79474670056607,30.625,78.05,20,5,1,0,455.85896764933005,466.1936105734869,0,0
2025-05-24 20:30:00+05:30,450.4175329893209,30.525,79.02499999999999,20,5,1,0,451.79474670056607,461.9606691353521,0,0
2025-05-24 20:45:00+05:30,448.4793295605159,30.525,79.25,20,5,1,0,450.4175329893209,458.6784057640708,0,0
2025-05-24 21:00:00+05:30,449.13809990236655,30.5,79.30000000000001,21,5,1,0,448.4793295605159,455.0162047222258,0,0
2025-05-24 21:15:00+05:30,444.58742569115645,30.525,79.225,21,5,1,0,449.13809990236655,450.7708257977229,0,0
2025-05-24 21:30:00+05:30,441.8634581685968,30.475,78.55000000000001,21,5,1,0,444.58742569115645,447.11340704178775,0,0
2025-05-24 21:45:00+05:30,439.5587887273368,30.525,78.025,21,5,1,0,441.8634581685968,442.4147158385736,0,0
2025-05-24 22:00:00+05:30,433.4612263498462,30.575,78.275,22,5,1,0,439.5587887273368,437.8393914279927,0,0
2025-05-24 22:15:00+05:30,429.02014533588624,30.525,79.02499999999999,22,5,1,0,433.4612263498462,431.7288128597045,0,0
2025-05-24 22:30:00+05:30,426.08668022889776,30.5,79.5,22,5,1,0,429.02014533588624,429.33163916317807,0,0
2025-05-24 22:45:00+05:30,422.49235130386046,30.425,79.82499999999999,22,5,1,0,426.08668022889776,423.907328511842,0,0
2025-05-24 23:00:00+05:30,419.9188520275048,30.15,80.775,23,5,1,0,422.49235130386046,420.9606791840813,0,0
2025-05-24 23:15:00+05:30,407.76893555065857,29.525,82.725,23,5,1,0,419.9188520275048,417.1948703116473,0,0
2025-05-24 23:30:00+05:30,396.80394729942367,29.0,84.675,23,5,1,0,407.76893555065857,410.3861282708937,0,0
2025-05-24 23:45:00+05:30,389.9003236011973,28.775,86.85,23,5,1,0,396.80394729942367,400.8433642141717,0,0
2025-05-25 00:00:00+05:30,382.77469156748026,28.55,88.225,0,6,1,0,389.9003236011973,397.2757652289506,0,0
2025-05-25 00:15:00+05:30,378.60760283197175,28.375,88.15,0,6,1,0,382.77469156748026,392.5597049825625,0,0
2025-05-25 00:30:00+05:30,372.5432762908725,28.35,89.775,0,6,1,0,378.60760283197175,386.3386435266054,0,0
2025-05-25 00:45:00+05:30,368.8859232430775,28.45,89.425,0,6,1,0,372.5432762908725,382.5565580463351,0,0
2025-05-25 01:00:00+05:30,365.7640881858903,28.55,89.4,1,6,1,0,368.8859232430775,376.8937112188918,0,0
2025-05-25 01:15:00+05:30,361.525462618612,28.55,90.15,1,6,1,0,365.7640881858903,373.5997692188305,0,0
2025-05-25 01:30:00+05:30,357.89814017881,28.6,89.7,1,6,1,0,361.525462618612,369.7108521221684,0,0
2025-05-25 01:45:00+05:30,354.02480296231886,28.725,88.925,1,6,1,0,357.89814017881,362.9561287782271,0,0
2025-05-25 02:00:00+05:30,350.38402067443286,28.8,88.7,2,6,1,0,354.02480296231886,358.7343437902106,0,0
2025-05-25 02:15:00+05:30,347.7207444504435,28.825,89.1,2,6,1,0,350.38402067443286,356.48900949002893,0,0
2025-05-25 02:30:00+05:30,342.938212917799,28.825,88.8,2,6,1,0,347.7207444504435,352.3560118753546,0,0
2025-05-25 02:45:00+05:30,339.6571673690413,28.8,89.125,2,6,1,0,342.938212917799,348.66251575504134,0,0
2025-05-25 03:00:00+05:30,336.22822438157,28.575,89.775,3,6,1,0,339.6571673690413,343.9530736820137,0,0
2025-05-25 03:15:00+05:30,331.5215759989792,28.45,91.7,3,6,1,0,336.22822438157,339.7122269635758,0,0
2025-05-25 03:30:00+05:30,330.4613781271537,28.3,92.225,3,6,1,0,331.5215759989792,338.31543828273266,0,0
2025-05-25 03:45:00+05:30,329.0549401394106,28.35,92.95,3,6,1,0,330.4613781271537,336.63652905466506,0,0
2025-05-25 04:00:00+05:30,327.6001337040573,27.425,94.525,4,6,1,0,329.0549401394106,335.23573876032884,0,0
2025-05-25 04:15:00+05:30,324.921842574878,27.575,95.325,4,6,1,0,327.6001337040573,335.15297546996976,0,0
2025-05-25 04:30:00+05:30,324.1226807666101,27.35,95.875,4,6,1,0,324.921842574878,334.488671324653,0,0
2025-05-25 04:45:00+05:30,322.7093554554143,27.25,96.0,4,6,1,0,324.1226807666101,333.73560152594257,0,0
2025-05-25 05:00:00+05:30,322.1081278994664,27.3,96.225,5,6,1,0,322.7093554554143,334.2869100644571,0,0
2025-05-25 05:15:00+05:30,321.4992281644264,27.4,96.3,5,6,1,0,322.1081278994664,333.86605435438605,0,0
2025-05-25 05:30:00+05:30,323.0639547693589,27.45,96.175,5,6,1,0,321.4992281644264,336.2486403349199,0,0
2025-05-25 05:45:00+05:30,324.1941241503322,27.575,96.175,5,6,1,0,323.0639547693589,337.24110542674606,0,0
2025-05-25 06:00:00+05:30,324.6496341286196,27.575,96.125,6,6,1,0,324.1941241503322,337.7222691822914,0,0
2025-05-25 06:15:00+05:30,323.3950605671746,27.625,95.85,6,6,1,0,324.6496341286196,340.05860065395314,0,0
2025-05-25 06:30:00+05:30,323.95477303142906,27.65,95.675,6,6,1,0,323.3950605671746,348.3919019864865,0,0
2025-05-25 06:45:00+05:30,325.0287450216259,27.675,95.45,6,6,1,0,323.95477303142906,352.9447790498016,0,0
2025-05-25 07:00:00+05:30,327.98277579337974,27.675,95.2,7,6,1,0,325.0287450216259,362.56490885410767,0,0
2025-05-25 07:15:00+05:30,330.3674031221001,27.65,95.075,7,6,1,0,327.98277579337974,367.94875443322405,0,0
2025-05-25 07:30:00+05:30,332.8654839291748,27.525,95.1,7,6,1,0,330.3674031221001,375.9298877236821,0,0
2025-05-25 07:45:00+05:30,337.6871276228185,27.525,95.075,7,6,1,0,332.8654839291748,388.176912916983,0,0
2025-05-25 08:00:00+05:30,344.3595783335949,27.65,94.8,8,6,1,0,337.6871276228185,403.51311310564654,0,0
2025-05-25 08:15:00+05:30,347.5423985386176,27.775,94.65,8,6,1,0,344.3595783335949,414.270214246264,0,0
2025-05-25 08:30:00+05:30,358.45241153310235,27.875,94.5,8,6,1,0,347.5423985386176,424.9896392366904,0,0
2025-05-25 08:45:00+05:30,363.5666715696989,27.8,94.0,8,6,1,0,358.45241153310235,446.0666006572132,0,0
2025-05-25 09:00:00+05:30,366.78635193832025,27.85,93.775,9,6,1,1,363.5666715696989,460.6878851149808,0,0
2025-05-25 09:15:00+05:30,370.236714945391,28.0,93.25,9,6,1,1,366.78635193832025,474.5615984057511,0,0
2025-05-25 09:30:00+05:30,374.55103432976057,28.2,92.95,9,6,1,1,370.236714945391,488.2407014147122,0,0
2025-05-25 09:45:00+05:30,382.79343002679263,28.275,92.725,9,6,1,1,374.55103432976057,499.7730948932258,0,0
2025-05-25 10:00:00+05:30,389.4463781930088,28.45,92.2,10,6,1,1,382.79343002679263,505.8700443172904,0,0
2025-05-25 10:15:00+05:30,393.9225629330565,28.7,91.7,10,6,1,1,389.4463781930088,509.0399497557584,0,0
2025-05-25 10:30:00+05:30,398.33742485233296,28.85,91.85,10,6,1,1,393.9225629330565,517.3527780611087,0,0
2025-05-25 10:45:00+05:30,400.8445385347904,29.15,91.525,10,6,1,1,398.33742485233296,520.8314977056673,0,0
2025-05-25 11:00:00+05:30,403.6780240990662,29.575,90.925,11,6,1,1,400.8445385347904,522.5436221121398,0,0
2025-05-25 11:15:00+05:30,407.0521930556778,29.625,91.1,11,6,1,1,403.6780240990662,523.0427925052786,0,0
2025-05-25 11:30:00+05:30,409.0778842768681,29.5,91.725,11,6,1,1,407.0521930556778,523.3850547136735,0,0
2025-05-25 11:45:00+05:30,413.4648763985566,29.575,92.225,11,6,1,1,409.0778842768681,523.7026077337661,0,0
2025-05-25 12:00:00+05:30,414.4568783995722,29.675,92.0,12,6,1,1,413.4648763985566,521.5158631129108,0,0
2025-05-25 12:15:00+05:30,414.3301185996745,29.65,91.75,12,6,1,1,414.4568783995722,520.1335323959312,0,0
2025-05-25 12:30:00+05:30,416.7821449882094,29.7,91.45,12,6,1,1,414.3301185996745,519.365753758773,0,0
2025-05-25 12:45:00+05:30,417.35595729896687,29.875,90.775,12,6,1,1,416.7821449882094,520.1918623497581,0,0
2025-05-25 13:00:00+05:30,418.1648406232304,29.8,90.725,13,6,1,1,417.35595729896687,519.9020822689264,0,0
2025-05-25 13:15:00+05:30,416.4043509200594,29.9,90.425,13,6,1,1,418.1648406232304,518.3477613409893,0,0
2025-05-25 13:30:00+05:30,416.5692272978409,29.95,90.075,13,6,1,1,416.4043509200594,515.7798011733854,0,0
2025-05-25 13:45:00+05:30,415.0223639399152,30.1,89.9,13,6,1,1,416.5692272978409,517.4278672529208,0,0
2025-05-25 14:00:00+05:30,415.5635114071763,30.075,90.075,14,6,1,1,415.0223639399152,517.9299211943717,0,0
2025-05-25 14:15:00+05:30,416.7706837537309,30.025,90.05,14,6,1,1,415.5635114071763,520.0572200579702,0,0
2025-05-25 14:30:00+05:30,417.5386051293783,29.975,89.775,14,6,1,1,416.7706837537309,519.616063203981,0,0
2025-05-25 14:45:00+05:30,416.2711223437214,29.975,89.675,14,6,1,1,417.5386051293783,517.5149606129296,0,0
2025-05-25 15:00:00+05:30,415.8078307955712,30.0,89.55,15,6,1,1,416.2711223437214,518.0701485047529,0,0
2025-05-25 15:15:00+05:30,412.737214314645,30.15,89.3,15,6,1,1,415.8078307955712,519.556524322099,0,0
2025-05-25 15:30:00+05:30,412.7275639099124,30.125,88.725,15,6,1,1,412.737214314645,520.7475733705286,0,0
2025-05-25 15:45:00+05:30,410.98251953767823,30.1,88.925,15,6,1,1,412.7275639099124,516.1904738317837,0,0
2025-05-25 16:00:00+05:30,410.6408312114492,30.175,88.475,16,6,1,1,410.98251953767823,508.6244263380741,0,0
2025-05-25 16:15:00+05:30,407.2505696076297,30.075,88.45,16,6,1,1,410.6408312114492,505.5999813291688,0,0
2025-05-25 16:30:00+05:30,403.40417336222407,30.0,88.225,16,6,1,1,407.2505696076297,499.3822963102067,0,0
2025-05-25 16:45:00+05:30,401.0468583035291,30.025,88.75,16,6,1,1,403.40417336222407,490.69933057464686,0,0
2025-05-25 17:00:00+05:30,401.2358708022895,30.025,88.7,17,6,1,1,401.0468583035291,481.6674278116887,0,0
2025-05-25 17:15:00+05:30,401.74795206055467,30.0,88.825,17,6,1,1,401.2358708022895,474.5916765294986,0,0
2025-05-25 17:30:00+05:30,399.6581048448523,30.0,89.0,17,6,1,1,401.74795206055467,470.1714991006397,0,0
2025-05-25 17:45:00+05:30,398.9301308804834,30.0,88.675,17,6,1,1,399.6581048448523,467.42237099788986,0,0
2025-05-25 18:00:00+05:30,401.3456049719136,29.975,88.675,18,6,1,0,398.9301308804834,463.542741523778,0,0
2025-05-25 18:15:00+05:30,403.8164605732608,29.95,89.55,18,6,1,0,401.3456049719136,461.3735153559057,0,0
2025-05-25 18:30:00+05:30,407.83824459296216,29.875,90.1,18,6,1,0,403.8164605732608,459.382620778536,0,0
2025-05-25 18:45:00+05:30,412.2608991919253,29.825,90.35,18,6,1,0,407.83824459296216,460.8291454800095,0,0
2025-05-25 19:00:00+05:30,417.2302164364809,29.8,90.225,19,6,1,0,412.2608991919253,460.7032944343128,0,0
2025-05-25 19:15:00+05:30,419.4518981390771,29.775,90.375,19,6,1,0,417.2302164364809,459.4825477321211,0,0
2025-05-25 19:30:00+05:30,420.9955749549685,29.775,91.025,19,6,1,0,419.4518981390771,458.20498739010543,0,0
2025-05-25 19:45:00+05:30,422.3249087395745,29.725,91.425,19,6,1,0,420.9955749549685,457.852583056667,0,0
2025-05-25 20:00:00+05:30,421.843915813456,29.7,91.15,20,6,1,0,422.3249087395745,455.85896764933005,0,0
2025-05-25 20:15:00+05:30,420.4616917911495,29.725,91.3,20,6,1,0,421.843915813456,451.79474670056607,0,0
2025-05-25 20:30:00+05:30,421.0871115157965,29.775,91.075,20,6,1,0,420.4616917911495,450.4175329893209,0,0
2025-05-25 20:45:00+05:30,421.5840147805079,29.8,90.575,20,6,1,0,421.0871115157965,448.4793295605159,0,0
2025-05-25 21:00:00+05:30,420.5628423666206,29.825,90.45,21,6,1,0,421.5840147805079,449.13809990236655,0,0
2025-05-25 21:15:00+05:30,420.1646074799605,29.75,90.675,21,6,1,0,420.5628423666206,444.58742569115645,0,0
2025-05-25 21:30:00+05:30,420.7212491247584,29.75,90.825,21,6,1,0,420.1646074799605,441.8634581685968,0,0
2025-05-25 21:45:00+05:30,419.90284272499554,29.7,91.5,21,6,1,0,420.7212491247584,439.5587887273368,0,0
2025-05-25 22:00:00+05:30,416.63577880688064,29.65,91.8,22,6,1,0,419.90284272499554,433.4612263498462,0,0
2025-05-25 22:15:00+05:30,410.4286767720076,29.475,92.975,22,6,1,0,416.63577880688064,429.02014533588624,0,0
2025-05-25 22:30:00+05:30,406.1869156514634,29.15,93.775,22,6,1,0,410.4286767720076,426.08668022889776,0,0
2025-05-25 22:45:00+05:30,401.721755371416,28.8,94.1,22,6,1,0,406.1869156514634,422.49235130386046,0,0
2025-05-25 23:00:00+05:30,398.428358777339,28.7,94.125,23,6,1,0,401.721755371416,419.9188520275048,0,0
2025-05-25 23:15:00+05:30,392.5396059271403,28.15,94.325,23,6,1,0,398.428358777339,407.76893555065857,0,0
2025-05-25 23:30:00+05:30,387.9944248329758,28.0,94.5,23,6,1,0,392.5396059271403,396.80394729942367,0,0
2025-05-25 23:45:00+05:30,384.8983203801248,27.9,94.575,23,6,1,0,387.9944248329758,389.9003236011973,0,0
2025-05-26 00:00:00+05:30,380.4866075521469,28.25,94.85,0,0,0,0,384.8983203801248,382.77469156748026,0,0
2025-05-26 00:15:00+05:30,375.8780498952333,28.625,94.85,0,0,0,0,380.4866075521469,378.60760283197175,0,0
2025-05-26 00:30:00+05:30,369.60523851066216,28.7,94.8,0,0,0,0,375.8780498952333,372.5432762908725,0,0
2025-05-26 00:45:00+05:30,364.6699108823424,28.825000000000003,94.825,0,0,0,0,369.60523851066216,368.8859232430775,0,0
2025-05-26 01:00:00+05:30,360.5799678333551,28.9,94.55,1,0,0,0,364.6699108823424,365.7640881858903,0,0
2025-05-26 01:15:00+05:30,356.85433362552106,28.9,94.4,1,0,0,0,360.5799678333551,361.525462618612,0,0
2025-05-26 01:30:00+05:30,352.7386680226813,28.5,94.45,1,0,0,0,356.85433362552106,357.89814017881,0,0
2025-05-26 01:45:00+05:30,348.8228373445795,28.35,94.7,1,0,0,0,352.7386680226813,354.02480296231886,0,0
2025-05-26 02:00:00+05:30,346.06766821795026,28.275,94.475,2,0,0,0,348.8228373445795,350.38402067443286,0,0
2025-05-26 02:15:00+05:30,342.84560947784314,28.325,94.675,2,0,0,0,346.06766821795026,347.7207444504435,0,0
2025-05-26 02:30:00+05:30,340.2022037296361,28.525,94.9,2,0,0,0,342.84560947784314,342.938212917799,0,0
2025-05-26 02:45:00+05:30,336.7958636301033,28.625,95.2,2,0,0,0,340.2022037296361,339.6571673690413,0,0
2025-05-26 03:00:00+05:30,334.1261362226126,28.425,95.35,3,0,0,0,336.7958636301033,336.22822438157,0,0
2025-05-26 03:15:00+05:30,331.4688582538654,28.4,95.5,3,0,0,0,334.1261362226126,331.5215759989792,0,0
2025-05-26 03:30:00+05:30,329.52512740616095,28.125,95.275,3,0,0,0,331.4688582538654,330.4613781271537,0,0
2025-05-26 03:45:00+05:30,326.8799296071583,28.1,94.975,3,0,0,0,329.52512740616095,329.0549401394106,0,0
2025-05-26 04:00:00+05:30,325.08784052819635,28.15,95.075,4,0,0,0,326.8799296071583,327.6001337040573,0,0
2025-05-26 04:15:00+05:30,325.582617787795,28.35,95.1,4,0,0,0,325.08784052819635,324.921842574878,0,0
2025-05-26 04:30:00+05:30,327.3405254865604,28.6,95.0,4,0,0,0,325.582617787795,324.1226807666101,0,0
2025-05-26 04:45:00+05:30,327.63146169146086,28.775,94.625,4,0,0,0,327.3405254865604,322.7093554554143,0,0
2025-05-26 05:00:00+05:30,330.0907068242437,28.875,94.17499999999998,5,0,0,0,327.63146169146086,322.1081278994664,0,0
2025-05-26 05:15:00+05:30,331.9982043643284,28.925,94.25,5,0,0,0,330.0907068242437,321.4992281644264,0,0
2025-05-26 05:30:00+05:30,333.2743896190328,28.75,94.7,5,0,0,0,331.9982043643284,323.0639547693589,0,0
2025-05-26 05:45:00+05:30,336.51261993909867,28.675,95.175,5,0,0,0,333.2743896190328,324.1941241503322,0,0
2025-05-26 06:00:00+05:30,343.3422476616713,28.65,95.35,6,0,0,0,336.51261993909867,324.6496341286196,0,0
2025-05-26 06:15:00+05:30,354.08726174728776,28.65,95.275,6,0,0,0,343.3422476616713,323.3950605671746,0,0
2025-05-26 06:30:00+05:30,361.80042294448106,27.975,95.2,6,0,0,0,354.08726174728776,323.95477303142906,0,0
2025-05-26 06:45:00+05:30,370.9745881399404,27.0,95.125,6,0,0,0,361.80042294448106,325.0287450216259,0,0
2025-05-26 07:00:00+05:30,385.2992163256214,26.8,95.2,7,0,0,0,370.9745881399404,327.98277579337974,0,0
2025-05-26 07:15:00+05:30,399.1479342954759,27.425,95.625,7,0,0,0,385.2992163256214,330.3674031221001,0,0
2025-05-26 07:30:00+05:30,417.8863186559655,27.6,95.6,7,0,0,0,399.1479342954759,332.8654839291748,0,0
2025-05-26 07:45:00+05:30,440.8117888848186,27.9,95.65,7,0,0,0,417.8863186559655,337.6871276228185,0,0
2025-05-26 08:00:00+05:30,463.633320213744,28.025,95.875,8,0,0,0,440.8117888848186,344.3595783335949,0,0
2025-05-26 08:15:00+05:30,486.3387992475567,28.1,96.4,8,0,0,0,463.633320213744,347.5423985386176,0,0
2025-05-26 08:30:00+05:30,507.70470139720095,27.625,96.67499999999998,8,0,0,0,486.3387992475567,358.45241153310235,0,0
2025-05-26 08:45:00+05:30,522.4860992166404,27.75,96.775,8,0,0,0,507.70470139720095,363.5666715696989,0,0
2025-05-26 09:00:00+05:30,533.4911758824682,26.95,96.875,9,0,0,1,522.4860992166404,366.78635193832025,0,0
2025-05-26 09:15:00+05:30,544.1467191448544,26.775,96.975,9,0,0,1,533.4911758824682,370.236714945391,0,0
2025-05-26 09:30:00+05:30,551.0690989919397,26.750000000000004,97.025,9,0,0,1,544.1467191448544,374.55103432976057,0,0
2025-05-26 09:45:00+05:30,558.730712471133,26.450000000000003,96.575,9,0,0,1,551.0690989919397,382.79343002679263,0,0
2025-05-26 10:00:00+05:30,567.1906208018353,26.4,96.25,10,0,0,1,558.730712471133,389.4463781930088,0,0
2025-05-26 10:15:00+05:30,568.2685858065603,26.425,96.025,10,0,0,1,567.1906208018353,393.9225629330565,0,0
2025-05-26 10:30:00+05:30,568.8508392789,26.525,96.275,10,0,0,1,568.2685858065603,398.33742485233296,0,0
2025-05-26 10:45:00+05:30,568.6772813994513,26.4,96.35,10,0,0,1,568.8508392789,400.8445385347904,0,0
2025-05-26 11:00:00+05:30,569.0700893981782,26.55,96.575,11,0,0,1,568.6772813994513,403.6780240990662,0,0
2025-05-26 11:15:00+05:30,564.5163740195443,26.55,96.625,11,0,0,1,569.0700893981782,407.0521930556778,0,0
2025-05-26 11:30:00+05:30,565.8555364173804,26.450000000000003,96.65,11,0,0,1,564.5163740195443,409.0778842768681,0,0
2025-05-26 11:45:00+05:30,564.0942841626938,26.5,96.45,11,0,0,1,565.8555364173804,413.4648763985566,0,0
2025-05-26 12:00:00+05:30,563.5255118098136,26.65,96.45,12,0,0,1,564.0942841626938,414.4568783995722,0,0
2025-05-26 12:15:00+05:30,559.7570438549424,26.925,96.6,12,0,0,1,563.5255118098136,414.3301185996745,0,0
2025-05-26 12:30:00+05:30,557.1911812099809,26.975,96.75,12,0,0,1,559.7570438549424,416.7821449882094,0,0
2025-05-26 12:45:00+05:30,553.9200410545666,26.975,96.65,12,0,0,1,557.1911812099809,417.35595729896687,0,0
2025-05-26 13:00:00+05:30,550.9987279578748,26.85,96.4,13,0,0,1,553.9200410545666,418.1648406232304,0,0
2025-05-26 13:15:00+05:30,547.2082664882014,27.0,95.85,13,0,0,1,550.9987279578748,416.4043509200594,0,0
2025-05-26 13:30:00+05:30,541.6251390038216,27.0,95.8,13,0,0,1,547.2082664882014,416.5692272978409,0,0
2025-05-26 13:45:00+05:30,542.2442861998028,27.0,95.975,13,0,0,1,541.6251390038216,415.0223639399152,0,0
2025-05-26 14:00:00+05:30,544.6061626517062,26.925000000000004,96.325,14,0,0,1,542.2442861998028,415.5635114071763,0,0
2025-05-26 14:15:00+05:30,545.3490326559669,26.9,96.35,14,0,0,1,544.6061626517062,416.7706837537309,0,0
2025-05-26 14:30:00+05:30,545.5065113387158,26.875,96.525,14,0,0,1,545.3490326559669,417.5386051293783,0,0
2025-05-26 14:45:00+05:30,541.9611415534137,26.7,96.625,14,0,0,1,545.5065113387158,416.2711223437214,0,0
2025-05-26 15:00:00+05:30,539.9340211905328,26.775,96.725,15,0,0,1,541.9611415534137,415.8078307955712,0,0
2025-05-26 15:15:00+05:30,537.815439339887,26.925,96.9,15,0,0,1,539.9340211905328,412.737214314645,0,0
2025-05-26 15:30:00+05:30,535.0486892219495,27.025,96.925,15,0,0,1,537.815439339887,412.7275639099124,0,0
2025-05-26 15:45:00+05:30,532.5168035822027,27.25,96.85,15,0,0,1,535.0486892219495,410.98251953767823,0,0
2025-05-26 16:00:00+05:30,535.8220664799003,27.475,96.575,16,0,0,1,532.5168035822027,410.6408312114492,0,0
2025-05-26 16:15:00+05:30,534.3136388298976,27.6,96.35,16,0,0,1,535.8220664799003,407.2505696076297,0,0
2025-05-26 16:30:00+05:30,533.9656468999125,27.675000000000004,96.225,16,0,0,1,534.3136388298976,403.40417336222407,0,0
2025-05-26 16:45:00+05:30,531.0526170994484,27.825000000000003,96.325,16,0,0,1,533.9656468999125,401.0468583035291,0,0
2025-05-26 17:00:00+05:30,530.5626274262389,27.9,96.3,17,0,0,1,531.0526170994484,401.2358708022895,0,0
2025-05-26 17:15:00+05:30,523.2884372466391,28.025,96.3,17,0,0,1,530.5626274262389,401.74795206055467,0,0
2025-05-26 17:30:00+05:30,519.111074903147,28.075,96.175,17,0,0,1,523.2884372466391,399.6581048448523,0,0
2025-05-26 17:45:00+05:30,511.7311922085928,28.0,96.025,17,0,0,1,519.111074903147,398.9301308804834,0,0
2025-05-26 18:00:00+05:30,502.8619772674194,28.0,95.9,18,0,0,0,511.7311922085928,401.3456049719136,0,0
2025-05-26 18:15:00+05:30,493.2266497169219,27.975,95.975,18,0,0,0,502.8619772674194,403.8164605732608,0,0
2025-05-26 18:30:00+05:30,488.5200134702043,27.875,95.775,18,0,0,0,493.2266497169219,407.83824459296216,0,0
2025-05-26 18:45:00+05:30,486.8124689912706,27.925,95.6,18,0,0,0,488.5200134702043,412.2608991919253,0,0
2025-05-26 19:00:00+05:30,480.9958091965578,28.025,95.55,19,0,0,0,486.8124689912706,417.2302164364809,0,0
2025-05-26 19:15:00+05:30,475.0551492715237,28.05,95.625,19,0,0,0,480.9958091965578,419.4518981390771,0,0
2025-05-26 19:30:00+05:30,468.0631480151508,28.1,95.475,19,0,0,0,475.0551492715237,420.9955749549685,0,0
2025-05-26 19:45:00+05:30,464.2430496280815,28.175,95.25,19,0,0,0,468.0631480151508,422.3249087395745,0,0
2025-05-26 20:00:00+05:30,456.0061740037722,28.15,95.425,20,0,0,0,464.2430496280815,421.843915813456,0,0
2025-05-26 20:15:00+05:30,453.0231597918691,28.125,95.5,20,0,0,0,456.0061740037722,420.4616917911495,0,0
2025-05-26 20:30:00+05:30,448.9086435115001,28.125,95.625,20,0,0,0,453.0231597918691,421.0871115157965,0,0
2025-05-26 20:45:00+05:30,444.4740275573675,28.025,95.7,20,0,0,0,448.9086435115001,421.5840147805079,0,0
2025-05-26 21:00:00+05:30,441.2371876397535,28.15,94.925,21,0,0,0,444.4740275573675,420.5628423666206,0,0
2025-05-26 21:15:00+05:30,436.36331907405895,28.225,94.825,21,0,0,0,441.2371876397535,420.1646074799605,0,0
2025-05-26 21:30:00+05:30,431.0287358548504,28.15,95.2,21,0,0,0,436.36331907405895,420.7212491247584,0,0
2025-05-26 21:45:00+05:30,426.26938735289593,28.275,95.175,21,0,0,0,431.0287358548504,419.90284272499554,0,0
2025-05-26 22:00:00+05:30,418.7100781555876,28.175,95.35,22,0,0,0,426.26938735289593,416.63577880688064,0,0
2025-05-26 22:15:00+05:30,410.8818030486761,28.0,95.75,22,0,0,0,418.7100781555876,410.4286767720076,0,0
2025-05-26 22:30:00+05:30,406.0350375268365,27.825,95.75,22,0,0,0,410.8818030486761,406.1869156514634,0,0
2025-05-26 22:45:00+05:30,402.6305654807945,27.7,96.125,22,0,0,0,406.0350375268365,401.721755371416,0,0
2025-05-26 23:00:00+05:30,395.3002570095491,27.625,96.225,23,0,0,0,402.6305654807945,398.428358777339,0,0
2025-05-26 23:15:00+05:30,387.1692961823396,27.575,96.475,23,0,0,0,395.3002570095491,392.5396059271403,0,0
2025-05-26 23:30:00+05:30,382.6143681810755,27.6,96.7,23,0,0,0,387.1692961823396,387.9944248329758,0,0
2025-05-26 23:45:00+05:30,379.3560077608825,27.7,96.95,23,0,0,0,382.6143681810755,384.8983203801248,0,0
2025-05-27 00:00:00+05:30,375.9123531179463,27.8,97.375,0,1,0,0,379.3560077608825,380.4866075521469,0,0
2025-05-27 00:15:00+05:30,371.16315700897314,28.0,97.45,0,1,0,0,375.9123531179463,375.8780498952333,0,0
2025-05-27 00:30:00+05:30,366.21394284536905,28.15,97.475,0,1,0,0,371.16315700897314,369.60523851066216,0,0
2025-05-27 00:45:00+05:30,360.9576553295637,28.2,97.575,0,1,0,0,366.21394284536905,364.6699108823424,0,0
2025-05-27 01:00:00+05:30,354.67955046823585,27.95,97.4,1,1,0,0,360.9576553295637,360.5799678333551,0,0
2025-05-27 01:15:00+05:30,347.8957800398816,27.7,97.425,1,1,0,0,354.67955046823585,356.85433362552106,0,0
2025-05-27 01:30:00+05:30,343.0025516537096,27.575,97.4,1,1,0,0,347.8957800398816,352.7386680226813,0,0
2025-05-27 01:45:00+05:30,341.465395267163,27.35,97.55,1,1,0,0,343.0025516537096,348.8228373445795,0,0
2025-05-27 02:00:00+05:30,338.46936146119134,27.3,96.75,2,1,0,0,341.465395267163,346.06766821795026,0,0
2025-05-27 02:15:00+05:30,333.4615011724814,26.95,96.575,2,1,0,0,338.46936146119134,342.84560947784314,0,0
2025-05-27 02:30:00+05:30,328.3199059737892,26.525,96.6,2,1,0,0,333.4615011724814,340.2022037296361,0,0
2025-05-27 02:45:00+05:30,324.0235966775493,26.0,96.625,2,1,0,0,328.3199059737892,336.7958636301033,0,0
2025-05-27 03:00:00+05:30,321.10419527713145,25.95,96.575,3,1,0,0,324.0235966775493,334.1261362226126,0,0
2025-05-27 03:15:00+05:30,318.61423909947035,25.95,96.625,3,1,0,0,321.10419527713145,331.4688582538654,0,0
2025-05-27 03:30:00+05:30,314.9694358791559,25.875,96.325,3,1,0,0,318.61423909947035,329.52512740616095,0,0
2025-05-27 03:45:00+05:30,309.87787735444,25.8,96.05,3,1,0,0,314.9694358791559,326.8799296071583,0,0
2025-05-27 04:00:00+05:30,306.84097894205433,25.825,95.775,4,1,0,0,309.87787735444,325.08784052819635,0,0
2025-05-27 04:15:00+05:30,305.20086344029414,25.775,95.65,4,1,0,0,306.84097894205433,325.582617787795,0,0
2025-05-27 04:30:00+05:30,305.0595815437196,25.775,95.35,4,1,0,0,305.20086344029414,327.3405254865604,0,0
2025-05-27 04:45:00+05:30,306.50343573508354,25.85,95.325,4,1,0,0,305.0595815437196,327.63146169146086,0,0
2025-05-27 05:00:00+05:30,309.20697092349315,25.85,95.225,5,1,0,0,306.50343573508354,330.0907068242437,0,0
2025-05-27 05:15:00+05:30,311.4749983950851,25.825,95.25,5,1,0,0,309.20697092349315,331.9982043643284,0,0
2025-05-27 05:30:00+05:30,315.3352022508109,25.85,95.3,5,1,0,0,311.4749983950851,333.2743896190328,0,0
2025-05-27 05:45:00+05:30,317.4401963215757,25.9,95.225,5,1,0,0,315.3352022508109,336.51261993909867,0,0
2025-05-27 06:00:00+05:30,322.0746273039087,25.875,95.25,6,1,0,0,317.4401963215757,343.3422476616713,0,0
2025-05-27 06:15:00+05:30,329.272306623336,25.875,95.275,6,1,0,0,322.0746273039087,354.08726174728776,0,0
2025-05-27 06:30:00+05:30,341.4340279905376,25.975,95.475,6,1,0,0,329.272306623336,361.80042294448106,0,0
2025-05-27 06:45:00+05:30,351.5951333985446,26.025,95.6,6,1,0,0,341.4340279905376,370.9745881399404,0,0
2025-05-27 07:00:00+05:30,368.8575273279107,26.125,95.525,7,1,0,0,351.5951333985446,385.2992163256214,0,0
2025-05-27 07:15:00+05:30,383.5348379616751,26.225,95.55,7,1,0,0,368.8575273279107,399.1479342954759,0,0
2025-05-27 07:30:00+05:30,401.974409313436,26.375,95.675,7,1,0,0,383.5348379616751,417.8863186559655,0,0
2025-05-27 07:45:00+05:30,424.5847565953976,26.5,95.45,7,1,0,0,401.974409313436,440.8117888848186,0,0
2025-05-27 08:00:00+05:30,446.333226812875,26.575,95.475,8,1,0,0,424.5847565953976,463.633320213744,0,0
2025-05-27 08:15:00+05:30,464.5455303114068,26.7,95.4,8,1,0,0,446.333226812875,486.3387992475567,0,0
2025-05-27 08:30:00+05:30,481.9063436005672,26.925,95.475,8,1,0,0,464.5455303114068,507.70470139720095,0,0
2025-05-27 08:45:00+05:30,496.075914988894,27.1,95.1,8,1,0,0,481.9063436005672,522.4860992166404,0,0
2025-05-27 09:00:00+05:30,509.2769886439643,27.45,94.475,9,1,0,1,496.075914988894,533.4911758824682,0,0
2025-05-27 09:15:00+05:30,520.3227133608013,27.875,93.3,9,1,0,1,509.2769886439643,544.1467191448544,0,0
2025-05-27 09:30:00+05:30,534.9818792581525,28.2,91.825,9,1,0,1,520.3227133608013,551.0690989919397,0,0
2025-05-27 09:45:00+05:30,543.4243114819728,28.45,90.2,9,1,0,1,534.9818792581525,558.730712471133,0,0
2025-05-27 10:00:00+05:30,552.4084632948782,28.275,89.6,10,1,0,1,543.4243114819728,567.1906208018353,0,0
2025-05-27 10:15:00+05:30,558.1936445879635,28.15,89.7,10,1,0,1,552.4084632948782,568.2685858065603,0,0
2025-05-27 10:30:00+05:30,563.0073198400764,28.0,90.175,10,1,0,1,558.1936445879635,568.8508392789,0,0
2025-05-27 10:45:00+05:30,565.8402389318109,28.025,90.15,10,1,0,1,563.0073198400764,568.6772813994513,0,0
2025-05-27 11:00:00+05:30,560.8903982764729,28.15,89.675,11,1,0,1,565.8402389318109,569.0700893981782,0,0
2025-05-27 11:15:00+05:30,559.2267858515339,28.35,90.2,11,1,0,1,560.8903982764729,564.5163740195443,0,0
2025-05-27 11:30:00+05:30,560.9547535129047,28.475,89.825,11,1,0,1,559.2267858515339,565.8555364173804,0,0
2025-05-27 11:45:00+05:30,559.0424071157887,28.225,89.925,11,1,0,1,560.9547535129047,564.0942841626938,0,0
2025-05-27 12:00:00+05:30,558.2806665129135,28.275,89.9,12,1,0,1,559.0424071157887,563.5255118098136,0,0
2025-05-27 12:15:00+05:30,557.3049162938906,27.925,91.3,12,1,0,1,558.2806665129135,559.7570438549424,0,0
2025-05-27 12:30:00+05:30,558.2021894703588,27.95,90.85,12,1,0,1,557.3049162938906,557.1911812099809,0,0
2025-05-27 12:45:00+05:30,552.4986110231785,27.8,91.35,12,1,0,1,558.2021894703588,553.9200410545666,0,0
2025-05-27 13:00:00+05:30,547.7863244936689,27.5,92.85,13,1,0,1,552.4986110231785,550.9987279578748,0,0
2025-05-27 13:15:00+05:30,544.1162272577365,27.425,93.05,13,1,0,1,547.7863244936689,547.2082664882014,0,0
2025-05-27 13:30:00+05:30,541.2020608744688,27.55,92.9,13,1,0,1,544.1162272577365,541.6251390038216,0,0
2025-05-27 13:45:00+05:30,538.0116960398395,28.125,91.525,13,1,0,1,541.2020608744688,542.2442861998028,0,0
2025-05-27 14:00:00+05:30,541.2312811080575,28.05,90.825,14,1,0,1,538.0116960398395,544.6061626517062,0,0
2025-05-27 14:15:00+05:30,545.6937049886844,27.675,91.45,14,1,0,1,541.2312811080575,545.3490326559669,0,0
2025-05-27 14:30:00+05:30,546.7545116686694,27.575,91.925,14,1,0,1,545.6937049886844,545.5065113387158,0,0
2025-05-27 14:45:00+05:30,544.0007802502555,27.5,91.7,14,1,0,1,546.7545116686694,541.9611415534137,0,0
2025-05-27 15:00:00+05:30,539.4849396460727,27.675,91.55,15,1,0,1,544.0007802502555,539.9340211905328,0,0
2025-05-27 15:15:00+05:30,541.2346488679929,27.775,90.7,15,1,0,1,539.4849396460727,537.815439339887,0,0
2025-05-27 15:30:00+05:30,538.0096127003368,27.55,91.075,15,1,0,1,541.2346488679929,535.0486892219495,0,0
2025-05-27 15:45:00+05:30,535.1663188762343,27.425,91.125,15,1,0,1,538.0096127003368,532.5168035822027,0,0
2025-05-27 16:00:00+05:30,533.648476435317,27.03333333,92.4,16,1,0,1,535.1663188762343,535.8220664799003,0,0
2025-05-27 16:15:00+05:30,528.6454848752882,26.93333333,91.83333333,16,1,0,1,533.648476435317,534.3136388298976,0,0
2025-05-27 16:30:00+05:30,525.1433650762732,26.93333333,91.8,16,1,0,1,528.6454848752882,533.9656468999125,0,0
2025-05-27 16:45:00+05:30,522.2165088300726,26.96666667,91.8,16,1,0,1,525.1433650762732,531.0526170994484,0,0
2025-05-27 17:00:00+05:30,519.477053772055,27.1,91.06666667,17,1,0,1,522.2165088300726,530.5626274262389,0,0
2025-05-27 17:15:00+05:30,514.019967633487,27.36666667,90.13333333,17,1,0,1,519.477053772055,523.2884372466391,0,0
2025-05-27 17:30:00+05:30,509.4268104656897,27.3,89.8,17,1,0,1,514.019967633487,519.111074903147,0,0
2025-05-27 17:45:00+05:30,505.2972696479793,27.16666667,91.0,17,1,0,1,509.4268104656897,511.7311922085928,0,0
2025-05-27 18:00:00+05:30,498.644999737558,27.13333333,91.53333333,18,1,0,0,505.2972696479793,502.8619772674194,0,0
2025-05-27 18:15:00+05:30,490.2683929866377,27.325,90.225,18,1,0,0,498.644999737558,493.2266497169219,0,0
2025-05-27 18:30:00+05:30,487.2781798718742,27.325,90.35,18,1,0,0,490.2683929866377,488.5200134702043,0,0
2025-05-27 18:45:00+05:30,484.9635772388492,27.25,90.65,18,1,0,0,487.2781798718742,486.8124689912706,0,0
2025-05-27 19:00:00+05:30,478.98164668565687,27.125,91.25,19,1,0,0,484.9635772388492,480.9958091965578,0,0
2025-05-27 19:15:00+05:30,471.3727381705232,27.1,91.3,19,1,0,0,478.98164668565687,475.0551492715237,0,0
2025-05-27 19:30:00+05:30,465.30992892162,27.075,91.175,19,1,0,0,471.3727381705232,468.0631480151508,0,0
2025-05-27 19:45:00+05:30,458.8025875161558,27.075,90.65,19,1,0,0,465.30992892162,464.2430496280815,0,0
2025-05-27 20:00:00+05:30,451.9608815392232,27.1,90.725,20,1,0,0,458.8025875161558,456.0061740037722,0,0
2025-05-27 20:15:00+05:30,443.167764022672,27.075,91.075,20,1,0,0,451.9608815392232,453.0231597918691,0,0
2025-05-27 20:30:00+05:30,438.88265189760665,27.075,91.25,20,1,0,0,443.167764022672,448.9086435115001,0,0
2025-05-27 20:45:00+05:30,431.0168361082024,27.0,91.3,20,1,0,0,438.88265189760665,444.4740275573675,0,0
2025-05-27 21:00:00+05:30,425.5574259164895,27.025,91.275,21,1,0,0,431.0168361082024,441.2371876397535,0,0
2025-05-27 21:15:00+05:30,419.48824729412246,27.025,91.325,21,1,0,0,425.5574259164895,436.36331907405895,0,0
2025-05-27 21:30:00+05:30,415.6733449617605,27.0,91.55,21,1,0,0,419.48824729412246,431.0287358548504,0,0
2025-05-27 21:45:00+05:30,409.54977336558585,26.95,91.525,21,1,0,0,415.6733449617605,426.26938735289593,0,0
2025-05-27 22:00:00+05:30,403.6661768710565,26.975,91.35,22,1,0,0,409.54977336558585,418.7100781555876,0,0
2025-05-27 22:15:00+05:30,397.8933298783271,26.95,91.175,22,1,0,0,403.6661768710565,410.8818030486761,0,0
2025-05-27 22:30:00+05:30,393.8097542719303,26.95,91.125,22,1,0,0,397.8933298783271,406.0350375268365,0,0
2025-05-27 22:45:00+05:30,389.0099840324052,26.95,91.25,22,1,0,0,393.8097542719303,402.6305654807945,0,0
2025-05-27 23:00:00+05:30,383.8850120049521,26.975,91.625,23,1,0,0,389.0099840324052,395.3002570095491,0,0
2025-05-27 23:15:00+05:30,378.9265185572633,26.9,91.575,23,1,0,0,383.8850120049521,387.1692961823396,0,0
2025-05-27 23:30:00+05:30,371.7121766812871,26.875,91.6,23,1,0,0,378.9265185572633,382.6143681810755,0,0
2025-05-27 23:45:00+05:30,366.64186621139856,26.925,91.75,23,1,0,0,371.7121766812871,379.3560077608825,0,0
2025-05-28 00:00:00+05:30,361.847093072693,26.925,91.9,0,2,0,0,366.64186621139856,375.9123531179463,0,0
2025-05-28 00:15:00+05:30,355.49516331248054,26.925,91.975,0,2,0,0,361.847093072693,371.16315700897314,0,0
2025-05-28 00:30:00+05:30,350.5924880131696,26.975,91.85,0,2,0,0,355.49516331248054,366.21394284536905,0,0
2025-05-28 00:45:00+05:30,345.4575024064075,27.025,91.575,0,2,0,0,350.5924880131696,360.9576553295637,0,0
2025-05-28 01:00:00+05:30,343.3256913569272,27.025,91.675,1,2,0,0,345.4575024064075,354.67955046823585,0,0
2025-05-28 01:15:00+05:30,338.9382401968921,27.025,91.425,1,2,0,0,343.3256913569272,347.8957800398816,0,0
2025-05-28 01:30:00+05:30,335.81389715607,27.05,91.25,1,2,0,0,338.9382401968921,343.0025516537096,0,0
2025-05-28 01:45:00+05:30,334.43671971269816,27.025,91.15,1,2,0,0,335.81389715607,341.465395267163,0,0
2025-05-28 02:00:00+05:30,331.01975083207606,27.05,91.0,2,2,0,0,334.43671971269816,338.46936146119134,0,0
2025-05-28 02:15:00+05:30,327.2429473466345,27.025,91.05,2,2,0,0,331.01975083207606,333.4615011724814,0,0
2025-05-28 02:30:00+05:30,324.4870927793727,27.0,91.025,2,2,0,0,327.2429473466345,328.3199059737892,0,0
2025-05-28 02:45:00+05:30,320.3993938986648,26.975,91.125,2,2,0,0,324.4870927793727,324.0235966775493,0,0
2025-05-28 03:00:00+05:30,316.67019477245776,26.95,91.29999999999998,3,2,0,0,320.3993938986648,321.10419527713145,0,0
2025-05-28 03:15:00+05:30,313.7457894883005,26.975,91.54999999999998,3,2,0,0,316.67019477245776,318.61423909947035,0,0
2025-05-28 03:30:00+05:30,311.80967945418496,26.95,91.875,3,2,0,0,313.7457894883005,314.9694358791559,0,0
2025-05-28 03:45:00+05:30,308.8198951059286,26.975,91.79999999999998,3,2,0,0,311.80967945418496,309.87787735444,0,0
2025-05-28 04:00:00+05:30,307.0995951173202,27.0,91.775,4,2,0,0,308.8198951059286,306.84097894205433,0,0
2025-05-28 04:15:00+05:30,305.16564096170686,26.95,92.125,4,2,0,0,307.0995951173202,305.20086344029414,0,0
2025-05-28 04:30:00+05:30,303.17448365159845,26.975,92.4,4,2,0,0,305.16564096170686,305.0595815437196,0,0
2025-05-28 04:45:00+05:30,303.09501561680105,26.9,92.725,4,2,0,0,303.17448365159845,306.50343573508354,0,0
2025-05-28 05:00:00+05:30,304.0659537193733,26.825,92.85,5,2,0,0,303.09501561680105,309.20697092349315,0,0
2025-05-28 05:15:00+05:30,304.84457289998136,26.9,93.075,5,2,0,0,304.0659537193733,311.4749983950851,0,0
2025-05-28 05:30:00+05:30,308.47747402600646,26.925,93.04999999999998,5,2,0,0,304.84457289998136,315.3352022508109,0,0
2025-05-28 05:45:00+05:30,311.6488768839531,26.925,92.75,5,2,0,0,308.47747402600646,317.4401963215757,0,0
2025-05-28 06:00:00+05:30,318.4559440097564,27.025,93.05,6,2,0,0,311.6488768839531,322.0746273039087,0,0
2025-05-28 06:15:00+05:30,326.8518812924001,27.125,93.05,6,2,0,0,318.4559440097564,329.272306623336,0,0
2025-05-28 06:30:00+05:30,338.9200122165298,27.25,92.95000000000002,6,2,0,0,326.8518812924001,341.4340279905376,0,0
2025-05-28 06:45:00+05:30,349.1905366561458,27.375,92.475,6,2,0,0,338.9200122165298,351.5951333985446,0,0
2025-05-28 07:00:00+05:30,363.6193048517747,27.4,92.4,7,2,0,0,349.1905366561458,368.8575273279107,0,0
2025-05-28 07:15:00+05:30,380.6473748121162,27.4,92.15,7,2,0,0,363.6193048517747,383.5348379616751,0,0
2025-05-28 07:30:00+05:30,399.3204354045785,27.525,92.075,7,2,0,0,380.6473748121162,401.974409313436,0,0
2025-05-28 07:45:00+05:30,418.8785172593363,27.65,91.6,7,2,0,0,399.3204354045785,424.5847565953976,0,0
2025-05-28 08:00:00+05:30,441.0848290223352,27.875,91.1,8,2,0,0,418.8785172593363,446.333226812875,0,0
2025-05-28 08:15:00+05:30,460.62730926402674,28.05,90.3,8,2,0,0,441.0848290223352,464.5455303114068,0,0
2025-05-28 08:30:00+05:30,479.5364722520301,28.025,89.77499999999999,8,2,0,0,460.62730926402674,481.9063436005672,0,0
2025-05-28 08:45:00+05:30,495.0694763252143,28.3,89.025,8,2,0,0,479.5364722520301,496.075914988894,0,0
2025-05-28 09:00:00+05:30,506.4879285054778,28.4,88.30000000000001,9,2,0,1,495.0694763252143,509.2769886439643,0,0
2025-05-28 09:15:00+05:30,520.9038700456379,28.6,88.30000000000001,9,2,0,1,506.4879285054778,520.3227133608013,0,0
2025-05-28 09:30:00+05:30,531.7236396379241,28.775,87.825,9,2,0,1,520.9038700456379,534.9818792581525,0,0
2025-05-28 09:45:00+05:30,540.0793693551001,28.9,87.225,9,2,0,1,531.7236396379241,543.4243114819728,0,0
2025-05-28 10:00:00+05:30,548.0494453187629,29.325,86.14999999999999,10,2,0,1,540.0793693551001,552.4084632948782,0,0
2025-05-28 10:15:00+05:30,552.6067531263371,29.825000000000003,84.19999999999999,10,2,0,1,548.0494453187629,558.1936445879635,0,0
2025-05-28 10:30:00+05:30,557.9331634793707,29.3375,86.02499999999999,10,2,0,1,552.6067531263371,563.0073198400764,0,0
2025-05-28 10:45:00+05:30,562.2955218479974,29.09375,86.9375,10,2,0,1,557.9331634793707,565.8402389318109,0,0
2025-05-28 11:00:00+05:30,565.0523285427743,28.971875,87.39375,11,2,0,1,562.2955218479974,560.8903982764729,0,0
2025-05-28 11:15:00+05:30,564.5325689487156,28.910937500000003,87.62187499999999,11,2,0,1,565.0523285427743,559.2267858515339,0,0
2025-05-28 11:30:00+05:30,566.3549163051393,28.88046875,87.73593749999999,11,2,0,1,564.5325689487156,560.9547535129047,0,0
2025-05-28 11:45:00+05:30,567.3875292834288,28.865234375,87.79296875,11,2,0,1,566.3549163051393,559.0424071157887,0,0
2025-05-28 12:00:00+05:30,568.8883251375526,28.8576171875,87.821484375,12,2,0,1,567.3875292834288,558.2806665129135,0,0
2025-05-28 12:15:00+05:30,571.5063570670125,28.853808593750003,87.83574218749999,12,2,0,1,568.8883251375526,557.3049162938906,0,0
2025-05-28 12:30:00+05:30,572.5667284382333,28.851904296875,87.84287109374999,12,2,0,1,571.5063570670125,558.2021894703588,0,0
2025-05-28 12:45:00+05:30,569.0320171790318,28.8509521484375,87.846435546875,12,2,0,1,572.5667284382333,552.4986110231785,0,0
2025-05-28 13:00:00+05:30,565.0664952309389,28.85047607421875,87.8482177734375,13,2,0,1,569.0320171790318,547.7863244936689,0,0
2025-05-28 13:15:00+05:30,563.8279489893787,28.85023803710937,87.84910888671874,13,2,0,1,565.0664952309389,544.1162272577365,0,0
2025-05-28 13:30:00+05:30,562.4186965346045,28.85011901855469,87.84955444335937,13,2,0,1,563.8279489893787,541.2020608744688,0,0
2025-05-28 13:45:00+05:30,564.8799647109452,28.850059509277344,87.84977722167969,13,2,0,1,562.4186965346045,538.0116960398395,0,0
2025-05-28 14:00:00+05:30,566.8290859882679,28.85002975463868,87.84988861083984,14,2,0,1,564.8799647109452,541.2312811080575,0,0
2025-05-28 14:15:00+05:30,568.0443348521807,28.85001487731934,87.84994430541991,14,2,0,1,566.8290859882679,545.6937049886844,0,0
2025-05-28 14:30:00+05:30,563.7054550420617,28.85,87.84997215270995,14,2,0,1,568.0443348521807,546.7545116686694,0,0
2025-05-28 14:45:00+05:30,546.8025853007529,27.575,87.85,14,2,0,1,563.7054550420617,544.0007802502555,0,0
2025-05-28 15:00:00+05:30,535.0082500220905,26.775,88.85,15,2,0,1,546.8025853007529,539.4849396460727,0,0
2025-05-28 15:15:00+05:30,530.9324255957811,25.975,93.025,15,2,0,1,535.0082500220905,541.2346488679929,0,0
2025-05-28 15:30:00+05:30,526.2012829636423,25.875,93.625,15,2,0,1,530.9324255957811,538.0096127003368,0,0
2025-05-28 15:45:00+05:30,526.3186888126974,26.05,93.67499999999998,15,2,0,1,526.2012829636423,535.1663188762343,0,0
2025-05-28 16:00:00+05:30,524.3231510789482,25.975,93.625,16,2,0,1,526.3186888126974,533.648476435317,0,0
2025-05-28 16:15:00+05:30,521.461164200901,26.025,93.575,16,2,0,1,524.3231510789482,528.6454848752882,0,0
2025-05-28 16:30:00+05:30,516.8300198601949,26.15,92.3,16,2,0,1,521.461164200901,525.1433650762732,0,0
2025-05-28 16:45:00+05:30,512.7408929683197,26.3,91.5,16,2,0,1,516.8300198601949,522.2165088300726,0,0
2025-05-28 17:00:00+05:30,509.5195064936781,26.55,91.35,17,2,0,1,512.7408929683197,519.477053772055,0,0
2025-05-28 17:15:00+05:30,505.74876143341294,26.775,90.95,17,2,0,1,509.5195064936781,514.019967633487,0,0
2025-05-28 17:30:00+05:30,502.3765205192283,26.925000000000004,90.7,17,2,0,1,505.74876143341294,509.4268104656897,0,0
2025-05-28 17:45:00+05:30,496.891756053351,26.950000000000003,91.05,17,2,0,1,502.3765205192283,505.2972696479793,0,0
2025-05-28 18:00:00+05:30,489.571144400216,26.875,91.35,18,2,0,0,496.891756053351,498.644999737558,0,0
2025-05-28 18:15:00+05:30,483.2233010100982,26.75,91.25,18,2,0,0,489.571144400216,490.2683929866377,0,0
2025-05-28 18:30:00+05:30,482.35798293529086,26.65,91.125,18,2,0,0,483.2233010100982,487.2781798718742,0,0
2025-05-28 18:45:00+05:30,478.5739116434934,26.625,91.65,18,2,0,0,482.35798293529086,484.9635772388492,0,0
2025-05-28 19:00:00+05:30,471.3824033004888,26.575,91.5,19,2,0,0,478.5739116434934,478.98164668565687,0,0
2025-05-28 19:15:00+05:30,465.4540630380666,26.525,91.225,19,2,0,0,471.3824033004888,471.3727381705232,0,0
2025-05-28 19:30:00+05:30,458.6137893915771,26.55,90.6,19,2,0,0,465.4540630380666,465.30992892162,0,0
2025-05-28 19:45:00+05:30,450.1426220725044,26.625,90.775,19,2,0,0,458.6137893915771,458.8025875161558,0,0
2025-05-28 20:00:00+05:30,441.84800045052685,26.65,90.525,20,2,0,0,450.1426220725044,451.9608815392232,0,0
2025-05-28 20:15:00+05:30,435.0785645733126,26.575,90.275,20,2,0,0,441.84800045052685,443.167764022672,0,0
2025-05-28 20:30:00+05:30,429.2480574069915,26.65,90.55,20,2,0,0,435.0785645733126,438.88265189760665,0,0
2025-05-28 20:45:00+05:30,423.0803320573178,26.700000000000003,91.0,20,2,0,0,429.2480574069915,431.0168361082024,0,0
2025-05-28 21:00:00+05:30,416.95155566062266,26.625,91.15,21,2,0,0,423.0803320573178,425.5574259164895,0,0
2025-05-28 21:15:00+05:30,410.5715931274282,26.725,90.775,21,2,0,0,416.95155566062266,419.48824729412246,0,0
2025-05-28 21:30:00+05:30,406.92293920801296,26.7,91.04999999999998,21,2,0,0,410.5715931274282,415.6733449617605,0,0
2025-05-28 21:45:00+05:30,401.1641333710207,26.675,90.825,21,2,0,0,406.92293920801296,409.54977336558585,0,0
2025-05-28 22:00:00+05:30,394.97718664320064,26.75,90.95,22,2,0,0,401.1641333710207,403.6661768710565,0,0
2025-05-28 22:15:00+05:30,389.336682107515,26.675,90.8,22,2,0,0,394.97718664320064,397.8933298783271,0,0
2025-05-28 22:30:00+05:30,383.3980054637028,26.675,91.125,22,2,0,0,389.336682107515,393.8097542719303,0,0
2025-05-28 22:45:00+05:30,377.6517117233605,26.625,91.925,22,2,0,0,383.3980054637028,389.0099840324052,0,0
2025-05-28 23:00:00+05:30,373.4337258488128,26.625,92.225,23,2,0,0,377.6517117233605,383.8850120049521,0,0
2025-05-28 23:15:00+05:30,365.88521931082784,26.625,91.775,23,2,0,0,373.4337258488128,378.9265185572633,0,0
2025-05-28 23:30:00+05:30,359.81326357418203,26.625,91.575,23,2,0,0,365.88521931082784,371.7121766812871,0,0
2025-05-28 23:45:00+05:30,354.375508928463,26.625000000000004,90.9,23,2,0,0,359.81326357418203,366.64186621139856,0,0
2025-05-29 00:00:00+05:30,347.95236017487315,26.75,90.75,0,3,0,0,354.375508928463,361.847093072693,0,0
2025-05-29 00:15:00+05:30,342.250818108649,26.675,91.0,0,3,0,0,347.95236017487315,355.49516331248054,0,0
2025-05-29 00:30:00+05:30,337.8233789219656,26.875,90.975,0,3,0,0,342.250818108649,350.5924880131696,0,0
2025-05-29 00:45:00+05:30,335.65563663046566,26.85,90.85,0,3,0,0,337.8233789219656,345.4575024064075,0,0
2025-05-29 01:00:00+05:30,331.28945229258653,26.825,90.85,1,3,0,0,335.65563663046566,343.3256913569272,0,0
2025-05-29 01:15:00+05:30,328.3862055375735,26.8,91.175,1,3,0,0,331.28945229258653,338.9382401968921,0,0
2025-05-29 01:30:00+05:30,325.5917491432934,26.75,90.8,1,3,0,0,328.3862055375735,335.81389715607,0,0
2025-05-29 01:45:00+05:30,323.8237537477599,26.775,91.65,1,3,0,0,325.5917491432934,334.43671971269816,0,0
2025-05-29 02:00:00+05:30,321.6634699753845,26.775,91.825,2,3,0,0,323.8237537477599,331.01975083207606,0,0
2025-05-29 02:15:00+05:30,318.28170644979974,26.75,91.9,2,3,0,0,321.6634699753845,327.2429473466345,0,0
2025-05-29 02:30:00+05:30,313.6064702097476,26.775,91.92499999999998,2,3,0,0,318.28170644979974,324.4870927793727,0,0
2025-05-29 02:45:00+05:30,311.02386450437285,26.9,91.525,2,3,0,0,313.6064702097476,320.3993938986648,0,0
2025-05-29 03:00:00+05:30,308.48027235750715,26.875,92.175,3,3,0,0,311.02386450437285,316.67019477245776,0,0
2025-05-29 03:15:00+05:30,304.84769122290464,26.875,92.525,3,3,0,0,308.48027235750715,313.7457894883005,0,0
2025-05-29 03:30:00+05:30,303.23475658428094,26.875,92.2,3,3,0,0,304.84769122290464,311.80967945418496,0,0
2025-05-29 03:45:00+05:30,301.2751380498188,26.875,92.625,3,3,0,0,303.23475658428094,308.8198951059286,0,0
2025-05-29 04:00:00+05:30,300.54018009857384,26.9,92.0,4,3,0,0,301.2751380498188,307.0995951173202,0,0
2025-05-29 04:15:00+05:30,300.4728514143451,26.9,92.225,4,3,0,0,300.54018009857384,305.16564096170686,0,0
2025-05-29 04:30:00+05:30,301.12366283625414,26.875,92.475,4,3,0,0,300.4728514143451,303.17448365159845,0,0
2025-05-29 04:45:00+05:30,303.77554048336407,26.925,92.625,4,3,0,0,301.12366283625414,303.09501561680105,0,0
2025-05-29 05:00:00+05:30,305.79804383115425,26.925,93.1,5,3,0,0,303.77554048336407,304.0659537193733,0,0
2025-05-29 05:15:00+05:30,307.02028644646134,26.925,93.125,5,3,0,0,305.79804383115425,304.84457289998136,0,0
2025-05-29 05:30:00+05:30,310.8419884009085,26.925,92.475,5,3,0,0,307.02028644646134,308.47747402600646,0,0
2025-05-29 05:45:00+05:30,315.7782235650744,27.0,92.125,5,3,0,0,310.8419884009085,311.6488768839531,0,0
2025-05-29 06:00:00+05:30,326.68952106054155,27.125,92.4,6,3,0,0,315.7782235650744,318.4559440097564,0,0
2025-05-29 06:15:00+05:30,335.95139320719926,27.1,92.9,6,3,0,0,326.68952106054155,326.8518812924001,0,0
2025-05-29 06:30:00+05:30,346.72100693051766,27.3,92.725,6,3,0,0,335.95139320719926,338.9200122165298,0,0
2025-05-29 06:45:00+05:30,356.7520570460932,27.475,92.95,6,3,0,0,346.72100693051766,349.1905366561458,0,0
2025-05-29 07:00:00+05:30,371.2895822200021,27.625,92.79999999999998,7,3,0,0,356.7520570460932,363.6193048517747,0,0
2025-05-29 07:15:00+05:30,392.35732544201466,27.875,92.2,7,3,0,0,371.2895822200021,380.6473748121162,0,0
2025-05-29 07:30:00+05:30,414.1973134901312,28.3,91.17499999999998,7,3,0,0,392.35732544201466,399.3204354045785,0,0
2025-05-29 07:45:00+05:30,432.2476013563847,28.7,90.3,7,3,0,0,414.1973134901312,418.8785172593363,0,0
2025-05-29 08:00:00+05:30,454.7718895967703,29.0,89.6,8,3,0,0,432.2476013563847,441.0848290223352,0,0
2025-05-29 08:15:00+05:30,474.7950211171016,29.000000000000004,89.375,8,3,0,0,454.7718895967703,460.62730926402674,0,0
2025-05-29 08:30:00+05:30,490.6380650305048,29.0,89.47500000000001,8,3,0,0,474.7950211171016,479.5364722520301,0,0
2025-05-29 08:45:00+05:30,510.2296870709679,29.3,89.125,8,3,0,0,490.6380650305048,495.0694763252143,0,0
2025-05-29 09:00:00+05:30,525.2472435322885,29.875,87.625,9,3,0,1,510.2296870709679,506.4879285054778,0,0
2025-05-29 09:15:00+05:30,540.2726659001797,30.375,86.125,9,3,0,1,525.2472435322885,520.9038700456379,0,0
2025-05-29 09:30:00+05:30,553.4832981926603,30.450000000000003,85.925,9,3,0,1,540.2726659001797,531.7236396379241,0,0
2025-05-29 09:45:00+05:30,565.507770319269,30.550000000000004,86.05000000000001,9,3,0,1,553.4832981926603,540.0793693551001,0,0
2025-05-29 10:00:00+05:30,572.4520211916771,30.525,86.55000000000001,10,3,0,1,565.507770319269,548.0494453187629,0,0
2025-05-29 10:15:00+05:30,579.1686724792726,30.750000000000004,85.87500000000001,10,3,0,1,572.4520211916771,552.6067531263371,0,0
2025-05-29 10:30:00+05:30,581.7065979510265,31.5,84.05,10,3,0,1,579.1686724792726,557.9331634793707,0,0
2025-05-29 10:45:00+05:30,585.8971626030267,31.625,82.775,10,3,0,1,581.7065979510265,562.2955218479974,0,0
2025-05-29 11:00:00+05:30,589.030222234816,31.725,82.0,11,3,0,1,585.8971626030267,565.0523285427743,0,0
2025-05-29 11:15:00+05:30,590.3589127402271,32.05,80.80000000000001,11,3,0,1,589.030222234816,564.5325689487156,0,0
2025-05-29 11:30:00+05:30,588.9112014097406,32.175,80.25,11,3,0,1,590.3589127402271,566.3549163051393,0,0
2025-05-29 11:45:00+05:30,587.5309622200897,32.45,78.925,11,3,0,1,588.9112014097406,567.3875292834288,0,0
2025-05-29 12:00:00+05:30,587.7890135178162,32.474999999999994,78.175,12,3,0,1,587.5309622200897,568.8883251375526,0,0
2025-05-29 12:15:00+05:30,586.8373644463177,32.6,78.25,12,3,0,1,587.7890135178162,571.5063570670125,0,0
2025-05-29 12:30:00+05:30,585.3912030296004,32.425,77.85,12,3,0,1,586.8373644463177,572.5667284382333,0,0
2025-05-29 12:45:00+05:30,584.4733157051135,32.575,77.4,12,3,0,1,585.3912030296004,569.0320171790318,0,0
2025-05-29 13:00:00+05:30,582.948951993195,32.7,76.35,13,3,0,1,584.4733157051135,565.0664952309389,0,0
2025-05-29 13:15:00+05:30,582.5844513009546,32.85,76.35,13,3,0,1,582.948951993195,563.8279489893787,0,0
2025-05-29 13:30:00+05:30,579.3058910067742,33.075,76.05,13,3,0,1,582.5844513009546,562.4186965346045,0,0
2025-05-29 13:45:00+05:30,583.3922513798482,33.325,74.67500000000001,13,3,0,1,579.3058910067742,564.8799647109452,0,0
2025-05-29 14:00:00+05:30,587.8283365557066,33.525,73.92499999999998,14,3,0,1,583.3922513798482,566.8290859882679,0,0
2025-05-29 14:15:00+05:30,594.1150073135296,33.35,74.15,14,3,0,1,587.8283365557066,568.0443348521807,0,0
2025-05-29 14:30:00+05:30,596.5702519468579,33.625,72.75,14,3,0,1,594.1150073135296,563.7054550420617,0,0
2025-05-29 14:45:00+05:30,596.2555049058061,33.550000000000004,72.975,14,3,0,1,596.5702519468579,546.8025853007529,0,0
2025-05-29 15:00:00+05:30,595.9292169760201,33.675,72.19999999999999,15,3,0,1,596.2555049058061,535.0082500220905,0,0
2025-05-29 15:15:00+05:30,598.013148537045,33.175,74.375,15,3,0,1,595.9292169760201,530.9324255957811,0,0
2025-05-29 15:30:00+05:30,592.3271285787553,33.075,74.1,15,3,0,1,598.013148537045,526.2012829636423,0,0
2025-05-29 15:45:00+05:30,589.6875035095886,33.1,73.275,15,3,0,1,592.3271285787553,526.3186888126974,0,0
2025-05-29 16:00:00+05:30,595.452213248338,33.45,72.225,16,3,0,1,589.6875035095886,524.3231510789482,0,0
2025-05-29 16:15:00+05:30,591.6238275117607,33.1,73.375,16,3,0,1,595.452213248338,521.461164200901,0,0
2025-05-29 16:30:00+05:30,588.4386806288986,32.75,74.525,16,3,0,1,591.6238275117607,516.8300198601949,0,0
2025-05-29 16:45:00+05:30,583.8379331678959,32.6,74.975,16,3,0,1,588.4386806288986,512.7408929683197,0,0
2025-05-29 17:00:00+05:30,579.469817388132,32.575,75.525,17,3,0,1,583.8379331678959,509.5195064936781,0,0
2025-05-29 17:15:00+05:30,573.6340851298046,31.975,77.05,17,3,0,1,579.469817388132,505.74876143341294,0,0
2025-05-29 17:30:00+05:30,563.5280961133634,31.975,77.57499999999999,17,3,0,1,573.6340851298046,502.3765205192283,0,0
2025-05-29 17:45:00+05:30,557.2951762078899,31.575000000000003,78.675,17,3,0,1,563.5280961133634,496.891756053351,0,0
2025-05-29 18:00:00+05:30,545.8671899494824,31.225,79.525,18,3,0,0,557.2951762078899,489.571144400216,0,0
2025-05-29 18:15:00+05:30,536.6436205574378,31.075000000000003,80.72500000000001,18,3,0,0,545.8671899494824,483.2233010100982,0,0
2025-05-29 18:30:00+05:30,529.6635466977393,30.9,81.14999999999999,18,3,0,0,536.6436205574378,482.35798293529086,0,0
2025-05-29 18:45:00+05:30,523.4549703735368,30.675,82.32499999999999,18,3,0,0,529.6635466977393,478.5739116434934,0,0
2025-05-29 19:00:00+05:30,514.5916623796764,30.475,83.1,19,3,0,0,523.4549703735368,471.3824033004888,0,0
2025-05-29 19:15:00+05:30,509.36295504962914,30.4,83.575,19,3,0,0,514.5916623796764,465.4540630380666,0,0
2025-05-29 19:30:00+05:30,507.3094032545487,30.325,84.575,19,3,0,0,509.36295504962914,458.6137893915771,0,0
2025-05-29 19:45:00+05:30,498.96539980404833,30.225,85.325,19,3,0,0,507.3094032545487,450.1426220725044,0,0
2025-05-29 20:00:00+05:30,488.7829465199162,30.2,85.80000000000001,20,3,0,0,498.96539980404833,441.84800045052685,0,0
2025-05-29 20:15:00+05:30,482.10307010843457,30.175,86.225,20,3,0,0,488.7829465199162,435.0785645733126,0,0
2025-05-29 20:30:00+05:30,473.4440591496187,30.15,86.42500000000001,20,3,0,0,482.10307010843457,429.2480574069915,0,0
2025-05-29 20:45:00+05:30,469.9475270307012,30.075,86.5,20,3,0,0,473.4440591496187,423.0803320573178,0,0
2025-05-29 21:00:00+05:30,464.9014463776942,30.05,86.625,21,3,0,0,469.9475270307012,416.95155566062266,0,0
2025-05-29 21:15:00+05:30,460.1876446451796,29.975,87.37499999999999,21,3,0,0,464.9014463776942,410.5715931274282,0,0
2025-05-29 21:30:00+05:30,455.2193179501506,29.95,87.64999999999999,21,3,0,0,460.1876446451796,406.92293920801296,0,0
2025-05-29 21:45:00+05:30,450.71257397986034,29.95,87.7,21,3,0,0,455.2193179501506,401.1641333710207,0,0
2025-05-29 22:00:00+05:30,443.3355644880358,29.875,87.875,22,3,0,0,450.71257397986034,394.97718664320064,0,0
2025-05-29 22:15:00+05:30,435.1168221598431,29.9,87.85,22,3,0,0,443.3355644880358,389.336682107515,0,0
2025-05-29 22:30:00+05:30,431.2533874398128,29.875,88.1,22,3,0,0,435.1168221598431,383.3980054637028,0,0
2025-05-29 22:45:00+05:30,426.8286445068479,29.775,88.5,22,3,0,0,431.2533874398128,377.6517117233605,0,0
2025-05-29 23:00:00+05:30,421.8756729265904,29.775,88.85,23,3,0,0,426.8286445068479,373.4337258488128,0,0
2025-05-29 23:15:00+05:30,414.51579222799256,29.75,89.0,23,3,0,0,421.8756729265904,365.88521931082784,0,0
2025-05-29 23:30:00+05:30,409.4323118800694,29.75,89.32499999999999,23,3,0,0,414.51579222799256,359.81326357418203,0,0
2025-05-29 23:45:00+05:30,406.2790607980163,29.7,89.925,23,3,0,0,409.4323118800694,354.375508928463,0,0
2025-05-30 00:00:00+05:30,401.4222154267465,29.675,90.525,0,4,0,0,406.2790607980163,347.95236017487315,0,0
2025-05-30 00:15:00+05:30,394.363758634573,29.75,89.575,0,4,0,0,401.4222154267465,342.250818108649,0,0
2025-05-30 00:30:00+05:30,387.13034023496897,29.7,89.625,0,4,0,0,394.363758634573,337.8233789219656,0,0
2025-05-30 00:45:00+05:30,382.2123559023637,29.725,89.75,0,4,0,0,387.13034023496897,335.65563663046566,0,0
2025-05-30 01:00:00+05:30,377.14404646823584,29.775,89.6,1,4,0,0,382.2123559023637,331.28945229258653,0,0
2025-05-30 01:15:00+05:30,373.0124855318815,29.75,89.325,1,4,0,0,377.14404646823584,328.3862055375735,0,0
2025-05-30 01:30:00+05:30,366.6969021105096,29.75,89.275,1,4,0,0,373.0124855318815,325.5917491432934,0,0
2025-05-30 01:45:00+05:30,365.0217118135629,29.725,90.1,1,4,0,0,366.6969021105096,323.8237537477599,0,0
2025-05-30 02:00:00+05:30,361.2873738107914,29.75,90.575,2,4,0,0,365.0217118135629,321.6634699753845,0,0
2025-05-30 02:15:00+05:30,357.7877213172812,29.725,89.525,2,4,0,0,361.2873738107914,318.28170644979974,0,0
2025-05-30 02:30:00+05:30,354.73305187218904,29.7,89.425,2,4,0,0,357.7877213172812,313.6064702097476,0,0
2025-05-30 02:45:00+05:30,351.87399296074926,29.625,88.975,2,4,0,0,354.73305187218904,311.02386450437285,0,0
2025-05-30 03:00:00+05:30,347.6027732379316,29.65,89.05,3,4,0,0,351.87399296074926,308.48027235750715,0,0
2025-05-30 03:15:00+05:30,344.2627752378704,29.65,89.35,3,4,0,0,347.6027732379316,304.84769122290464,0,0
2025-05-30 03:30:00+05:30,340.11372542475584,29.65,88.875,3,4,0,0,344.2627752378704,303.23475658428094,0,0
2025-05-30 03:45:00+05:30,336.28567257604004,29.625,89.5,3,4,0,0,340.11372542475584,301.2751380498188,0,0
2025-05-30 04:00:00+05:30,335.36883186365446,29.6,88.975,4,4,0,0,336.28567257604004,300.54018009857384,0,0
2025-05-30 04:15:00+05:30,333.471790789894,29.575,89.225,4,4,0,0,335.36883186365446,300.4728514143451,0,0
2025-05-30 04:30:00+05:30,333.6892912749195,29.575,89.35,4,4,0,0,333.471790789894,301.12366283625414,0,0
2025-05-30 04:45:00+05:30,334.29551308868355,29.575,89.05,4,4,0,0,333.6892912749195,303.77554048336407,0,0
2025-05-30 05:00:00+05:30,336.2325389322931,29.6,89.225,5,4,0,0,334.29551308868355,305.79804383115425,0,0
2025-05-30 05:15:00+05:30,337.2511524062851,29.575,89.45,5,4,0,0,336.2325389322931,307.02028644646134,0,0
2025-05-30 05:30:00+05:30,340.8628784268108,29.575,89.65,5,4,0,0,337.2511524062851,310.8419884009085,0,0
2025-05-30 05:45:00+05:30,344.09825878877564,29.575,89.375,5,4,0,0,340.8628784268108,315.7782235650744,0,0
2025-05-30 06:00:00+05:30,351.36007335350854,29.6,89.2,6,4,0,0,344.09825878877564,326.68952106054155,0,0
2025-05-30 06:15:00+05:30,358.03649158413594,29.675,89.125,6,4,0,0,351.36007335350854,335.95139320719926,0,0
2025-05-30 06:30:00+05:30,367.5516831345374,29.75,88.825,6,4,0,0,358.03649158413594,346.72100693051766,0,0
2025-05-30 06:45:00+05:30,378.4837907097445,29.925,88.575,6,4,0,0,367.5516831345374,356.7520570460932,0,0
2025-05-30 07:00:00+05:30,396.71727779351073,30.05,88.075,7,4,0,0,378.4837907097445,371.2895822200021,0,0
2025-05-30 07:15:00+05:30,422.1325444400752,30.325,87.425,7,4,0,0,396.71727779351073,392.35732544201466,0,0
2025-05-30 07:30:00+05:30,439.603803795836,30.45,86.475,7,4,0,0,422.1325444400752,414.1973134901312,0,0
2025-05-30 07:45:00+05:30,462.3843149793976,30.575,85.55,7,4,0,0,439.603803795836,432.2476013563847,0,0
2025-05-30 08:00:00+05:30,487.3740231552752,30.675,85.35,8,4,0,0,462.3843149793976,454.7718895967703,0,0
2025-05-30 08:15:00+05:30,506.8025412210067,30.95,83.65,8,4,0,0,487.3740231552752,474.7950211171016,0,0
2025-05-30 08:30:00+05:30,523.486078893367,31.1,82.75,8,4,0,0,506.8025412210067,490.6380650305048,0,0
2025-05-30 08:45:00+05:30,543.5036440248938,31.2,82.575,8,4,0,0,523.486078893367,510.2296870709679,0,0
2025-05-30 09:00:00+05:30,560.1698097399643,31.325,81.475,9,4,0,1,543.5036440248938,525.2472435322885,0,0
2025-05-30 09:15:00+05:30,571.7839501984013,31.525,81.025,9,4,0,1,560.1698097399643,540.2726659001797,0,0
2025-05-30 09:30:00+05:30,583.7505595813526,31.425,81.025,9,4,0,1,571.7839501984013,553.4832981926603,0,0
2025-05-30 09:45:00+05:30,598.2286300547729,31.6,80.15,9,4,0,1,583.7505595813526,565.507770319269,0,0
2025-05-30 10:00:00+05:30,604.0685870300783,31.725,78.85,10,4,0,1,598.2286300547729,572.4520211916771,0,0
2025-05-30 10:15:00+05:30,610.5687619951636,31.775,79.05,10,4,0,1,604.0685870300783,579.1686724792726,0,0
2025-05-30 10:30:00+05:30,616.0208358448764,31.95,77.825,10,4,0,1,610.5687619951636,581.7065979510265,0,0
2025-05-30 10:45:00+05:30,618.0288776150109,31.925,77.1,10,4,0,1,616.0208358448764,585.8971626030267,0,0
2025-05-30 11:00:00+05:30,614.915544646873,32.15,76.525,11,4,0,1,618.0288776150109,589.030222234816,0,0
2025-05-30 11:15:00+05:30,612.933158470734,32.125,76.4,11,4,0,1,614.915544646873,590.3589127402271,0,0
2025-05-30 11:30:00+05:30,612.1952543945047,32.35,75.25,11,4,0,1,612.933158470734,588.9112014097406,0,0
2025-05-30 11:45:00+05:30,608.9985315909886,32.525,74.4,11,4,0,1,612.1952543945047,587.5309622200897,0,0
2025-05-30 12:00:00+05:30,610.1046671017133,32.975,72.5,12,4,0,1,608.9985315909886,587.7890135178162,0,0
2025-05-30 12:15:00+05:30,611.4452678546907,32.875,72.675,12,4,0,1,610.1046671017133,586.8373644463177,0,0
2025-05-30 12:30:00+05:30,611.4442661959589,32.9,72.825,12,4,0,1,611.4452678546907,585.3912030296004,0,0
2025-05-30 12:45:00+05:30,608.5700844039784,32.75,72.725,12,4,0,1,611.4442661959589,584.4733157051135,0,0
2025-05-30 13:00:00+05:30,602.367552728069,32.95,72.275,13,4,0,1,608.5700844039784,582.948951993195,0,0
2025-05-30 13:15:00+05:30,601.1297780537365,33.025,71.275,13,4,0,1,602.367552728069,582.5844513009546,0,0
2025-05-30 13:30:00+05:30,598.9678345672689,33.1,71.075,13,4,0,1,601.1297780537365,579.3058910067742,0,0
2025-05-30 13:45:00+05:30,600.7465982430396,33.475,70.35,13,4,0,1,598.9678345672689,583.3922513798482,0,0
2025-05-30 14:00:00+05:30,606.1373289712573,33.525,69.65,14,4,0,1,600.7465982430396,587.8283365557066,0,0
2025-05-30 14:15:00+05:30,608.5406877078844,33.775,69.125,14,4,0,1,606.1373289712573,594.1150073135296,0,0
2025-05-30 14:30:00+05:30,608.4737327350695,34.05,67.55,14,4,0,1,608.5406877078844,596.5702519468579,0,0
2025-05-30 14:45:00+05:30,610.2940845846554,34.075,68.45,14,4,0,1,608.4737327350695,596.2555049058061,0,0
2025-05-30 15:00:00+05:30,609.8354807732729,34.25,67.45,15,4,0,1,610.2940845846554,595.9292169760201,0,0
2025-05-30 15:15:00+05:30,609.3916711071928,33.875,68.45,15,4,0,1,609.8354807732729,598.013148537045,0,0
2025-05-30 15:30:00+05:30,610.5170465651368,33.8,68.725,15,4,0,1,609.3916711071928,592.3271285787553,0,0
2025-05-30 15:45:00+05:30,609.6941098586344,33.6,69.25,15,4,0,1,610.5170465651368,589.6875035095886,0,0
2025-05-30 16:00:00+05:30,610.8764464777169,33.675,68.875,16,4,0,1,609.6941098586344,595.452213248338,0,0
2025-05-30 16:15:00+05:30,604.9447711312882,33.425,68.775,16,4,0,1,610.8764464777169,591.6238275117607,0,0
2025-05-30 16:30:00+05:30,602.2085599826731,33.425,69.65,16,4,0,1,604.9447711312882,588.4386806288986,0,0
2025-05-30 16:45:00+05:30,597.9184018676726,33.15,70.75,16,4,0,1,602.2085599826731,583.8379331678959,0,0
2025-05-30 17:00:00+05:30,592.441910740055,33.2,70.725,17,4,0,1,597.9184018676726,579.469817388132,0,0
2025-05-30 17:15:00+05:30,588.9143273118871,32.825,71.575,17,4,0,1,592.441910740055,573.6340851298046,0,0
2025-05-30 17:30:00+05:30,579.7491883760896,32.625,73.0,17,4,0,1,588.9143273118871,563.5280961133634,0,0
2025-05-30 17:45:00+05:30,570.2977043047792,32.175,74.075,17,4,0,1,579.7491883760896,557.2951762078899,0,0
2025-05-30 18:00:00+05:30,556.033793919158,31.8,75.275,18,4,0,0,570.2977043047792,545.8671899494824,0,0
2025-05-30 18:15:00+05:30,548.2784837858376,31.5,76.725,18,4,0,0,556.033793919158,536.6436205574378,0,0
2025-05-30 18:30:00+05:30,541.6772152606741,31.2,77.475,18,4,0,0,548.2784837858376,529.6635466977393,0,0
2025-05-30 18:45:00+05:30,533.4639232460491,31.05,78.75,18,4,0,0,541.6772152606741,523.4549703735368,0,0
2025-05-30 19:00:00+05:30,526.7228271840569,30.9,79.875,19,4,0,0,533.4639232460491,514.5916623796764,0,0
2025-05-30 19:15:00+05:30,521.1917796513234,30.875,80.375,19,4,0,0,526.7228271840569,509.36295504962914,0,0
2025-05-30 19:30:00+05:30,513.2852430960199,30.75,80.875,19,4,0,0,521.1917796513234,507.3094032545487,0,0
2025-05-30 19:45:00+05:30,508.178623246556,30.75,81.05,19,4,0,0,513.2852430960199,498.96539980404833,0,0
2025-05-30 20:00:00+05:30,501.3910164288234,30.7,81.325,20,4,0,0,508.178623246556,488.7829465199162,0,0
2025-05-30 20:15:00+05:30,494.6734982314719,30.625,81.75,20,4,0,0,501.3910164288234,482.10307010843457,0,0
2025-05-30 20:30:00+05:30,486.2150411440066,30.6,81.975,20,4,0,0,494.6734982314719,473.4440591496187,0,0
2025-05-30 20:45:00+05:30,482.8228589866027,30.575,82.475,20,4,0,0,486.2150411440066,469.9475270307012,0,0
2025-05-30 21:00:00+05:30,478.6324098300895,30.525,83.3,21,4,0,0,482.8228589866027,464.9014463776942,0,0
2025-05-30 21:15:00+05:30,474.1286211933224,30.55,83.1,21,4,0,0,478.6324098300895,460.1876446451796,0,0
2025-05-30 21:30:00+05:30,466.5298485489605,30.5,83.275,21,4,0,0,474.1286211933224,455.2193179501506,0,0
2025-05-30 21:45:00+05:30,463.2493774079858,30.5,83.525,21,4,0,0,466.5298485489605,450.71257397986034,0,0
2025-05-30 22:00:00+05:30,457.19840187745655,30.45,83.95,22,4,0,0,463.2493774079858,443.3355644880358,0,0
2025-05-30 22:15:00+05:30,449.4573637151271,30.4,83.7,22,4,0,0,457.19840187745655,435.1168221598431,0,0
2025-05-30 22:30:00+05:30,446.3446820975304,30.4,83.85,22,4,0,0,449.4573637151271,431.2533874398128,0,0
2025-05-30 22:45:00+05:30,442.8139838524051,30.375,83.875,22,4,0,0,446.3446820975304,426.8286445068479,0,0
2025-05-30 23:00:00+05:30,435.990971699352,30.35,84.2,23,4,0,0,442.8139838524051,421.8756729265904,0,0
2025-05-30 23:15:00+05:30,431.21569703486335,30.3,84.35,23,4,0,0,435.990971699352,414.51579222799256,0,0
2025-05-30 23:30:00+05:30,422.8252176316869,30.25,84.6,23,4,0,0,431.21569703486335,409.4323118800694,0,0
2025-05-30 23:45:00+05:30,419.7861165305985,30.25,84.325,23,4,0,0,422.8252176316869,406.2790607980163,0,0
2025-05-31 00:00:00+05:30,413.5958209832826,30.225,84.5,0,5,1,0,419.7861165305985,401.4222154267465,0,0
2025-05-31 00:15:00+05:30,408.2788457715824,30.2,84.82499999999999,0,5,1,0,413.5958209832826,394.363758634573,0,0
2025-05-31 00:30:00+05:30,400.68021116765055,30.15,84.625,0,5,1,0,408.2788457715824,387.13034023496897,0,0
2025-05-31 00:45:00+05:30,394.691224112912,30.075,84.925,0,5,1,0,400.68021116765055,382.2123559023637,0,0
2025-05-31 01:00:00+05:30,388.25578842238144,30.075,85.2,1,5,1,0,394.691224112912,377.14404646823584,0,0
2025-05-31 01:15:00+05:30,385.004336760191,30.05,85.30000000000001,1,5,1,0,388.25578842238144,373.0124855318815,0,0
2025-05-31 01:30:00+05:30,380.5175631652152,29.95,85.55,1,5,1,0,385.004336760191,366.6969021105096,0,0
2025-05-31 01:45:00+05:30,374.27303286939696,30.0,85.325,1,5,1,0,380.5175631652152,365.0217118135629,0,0
2025-05-31 02:00:00+05:30,371.1195095889818,29.975,85.55000000000001,2,5,1,0,374.27303286939696,361.2873738107914,0,0
2025-05-31 02:15:00+05:30,366.170644961465,29.950000000000003,85.6,2,5,1,0,371.1195095889818,357.7877213172812,0,0
2025-05-31 02:30:00+05:30,362.8588381838316,29.925,85.425,2,5,1,0,366.170644961465,354.73305187218904,0,0
2025-05-31 02:45:00+05:30,358.3722396213501,29.95,85.2,2,5,1,0,362.8588381838316,351.87399296074926,0,0
2025-05-31 03:00:00+05:30,356.8560490860927,29.925,85.525,3,5,1,0,358.3722396213501,347.6027732379316,0,0
2025-05-31 03:15:00+05:30,352.55461389085593,29.9,84.64999999999999,3,5,1,0,356.8560490860927,344.2627752378704,0,0
2025-05-31 03:30:00+05:30,347.34574665602025,29.85,85.15,3,5,1,0,352.55461389085593,340.11372542475584,0,0
2025-05-31 03:45:00+05:30,343.0688378286586,29.9,85.45,3,5,1,0,347.34574665602025,336.28567257604004,0,0
2025-05-31 04:00:00+05:30,341.7649806631139,29.9,85.4,4,5,1,0,343.0688378286586,335.36883186365446,0,0
2025-05-31 04:15:00+05:30,341.68115285411875,29.9,85.325,4,5,1,0,341.7649806631139,333.471790789894,0,0
2025-05-31 04:30:00+05:30,341.77310639552746,29.9,84.875,4,5,1,0,341.68115285411875,333.6892912749195,0,0
2025-05-31 04:45:00+05:30,344.0388799298089,29.85,85.275,4,5,1,0,341.77310639552746,334.29551308868355,0,0
2025-05-31 05:00:00+05:30,343.7284134343072,29.9,85.275,5,5,1,0,344.0388799298089,336.2325389322931,0,0
2025-05-31 05:15:00+05:30,343.68992386296947,29.85,85.15,5,5,1,0,343.7284134343072,337.2511524062851,0,0
2025-05-31 05:30:00+05:30,344.4016179283843,29.825,85.05,5,5,1,0,343.68992386296947,340.8628784268108,0,0
2025-05-31 05:45:00+05:30,343.4320059109104,29.775,84.80000000000001,5,5,1,0,344.4016179283843,344.09825878877564,0,0
2025-05-31 06:00:00+05:30,346.8229741948489,29.85,84.925,6,5,1,0,343.4320059109104,351.36007335350854,0,0
2025-05-31 06:15:00+05:30,346.6253688597004,29.875,84.65,6,5,1,0,346.8229741948489,358.03649158413594,0,0
2025-05-31 06:30:00+05:30,354.4530053951826,30.0,84.525,6,5,1,0,346.6253688597004,367.5516831345374,0,0
2025-05-31 06:45:00+05:30,361.2483841297572,30.0,84.425,6,5,1,0,354.4530053951826,378.4837907097445,0,0
2025-05-31 07:00:00+05:30,374.89512677552784,30.125,83.75,7,5,1,0,361.2483841297572,396.71727779351073,0,0
2025-05-31 07:15:00+05:30,388.073966993205,30.275,83.42500000000001,7,5,1,0,374.89512677552784,422.1325444400752,0,0
2025-05-31 07:30:00+05:30,396.8297913140044,30.45,82.725,7,5,1,0,388.073966993205,439.603803795836,0,0
2025-05-31 07:45:00+05:30,409.0986761244865,30.575000000000003,82.55,7,5,1,0,396.8297913140044,462.3843149793976,0,0
2025-05-31 08:00:00+05:30,424.64423589351816,30.675,81.75,8,5,1,0,409.0986761244865,487.3740231552752,0,0
2025-05-31 08:15:00+05:30,439.7179548161047,30.9,81.225,8,5,1,0,424.64423589351816,506.8025412210067,0,0
2025-05-31 08:30:00+05:30,454.8754289785011,31.075,80.325,8,5,1,0,439.7179548161047,523.486078893367,0,0
2025-05-31 08:45:00+05:30,470.8443923883008,31.3,80.025,8,5,1,0,454.8754289785011,543.5036440248938,0,0
2025-05-31 09:00:00+05:30,485.9499428213918,31.475,78.85,9,5,1,1,470.8443923883008,560.1698097399643,0,0
2025-05-31 09:15:00+05:30,494.7980160134865,31.525,77.1,9,5,1,1,485.9499428213918,571.7839501984013,0,0
2025-05-31 09:30:00+05:30,505.5925374571223,31.35,77.85000000000001,9,5,1,1,494.7980160134865,583.7505595813526,0,0
2025-05-31 09:45:00+05:30,512.3478124437191,31.75,77.22500000000001,9,5,1,1,505.5925374571223,598.2286300547729,0,0
2025-05-31 10:00:00+05:30,517.3465845772215,31.85,76.625,10,5,1,1,512.3478124437191,604.0685870300783,0,0
2025-05-31 10:15:00+05:30,526.6380552048422,32.05,74.94999999999999,10,5,1,1,517.3465845772215,610.5687619951636,0,0
2025-05-31 10:30:00+05:30,531.1149589360022,32.2,74.325,10,5,1,1,526.6380552048422,616.0208358448764,0,0
2025-05-31 10:45:00+05:30,533.4820605127527,32.375,74.22500000000001,10,5,1,1,531.1149589360022,618.0288776150109,0,0
2025-05-31 11:00:00+05:30,535.9740034941964,32.675000000000004,74.07499999999999,11,5,1,1,533.4820605127527,614.915544646873,0,0
2025-05-31 11:15:00+05:30,536.250920510258,32.650000000000006,72.675,11,5,1,1,535.9740034941964,612.933158470734,0,0
2025-05-31 11:30:00+05:30,536.0152265804674,32.5,73.5,11,5,1,1,536.250920510258,612.1952543945047,0,0
2025-05-31 11:45:00+05:30,535.7206803116609,32.775000000000006,72.75,11,5,1,1,536.0152265804674,608.9985315909886,0,0
2025-05-31 12:00:00+05:30,536.723469262059,33.025,71.825,12,5,1,1,535.7206803116609,610.1046671017133,0,0
2025-05-31 12:15:00+05:30,537.8563571903153,32.975,71.65,12,5,1,1,536.723469262059,611.4452678546907,0,0
2025-05-31 12:30:00+05:30,538.2592958149719,32.925,71.225,12,5,1,1,537.8563571903153,611.4442661959589,0,0
2025-05-31 12:45:00+05:30,551.3208831342785,33.275,69.95,12,5,1,1,538.2592958149719,608.5700844039784,0,0
2025-05-31 13:00:00+05:30,549.1775786879191,33.275000000000006,70.3,13,5,1,1,551.3208831342785,602.367552728069,0,0
2025-05-31 13:15:00+05:30,529.325808561264,33.2,69.875,13,5,1,1,549.1775786879191,601.1297780537365,0,0
2025-05-31 13:30:00+05:30,530.5983100430783,33.075,70.025,13,5,1,1,529.325808561264,598.9678345672689,0,0
2025-05-31 13:45:00+05:30,533.2365813137161,33.474999999999994,68.5,13,5,1,1,530.5983100430783,600.7465982430396,0,0
2025-05-31 14:00:00+05:30,532.264848913897,33.4,69.375,14,5,1,1,533.2365813137161,606.1373289712573,0,0
2025-05-31 14:15:00+05:30,535.3763855758717,33.25,69.82499999999999,14,5,1,1,532.264848913897,608.5406877078844,0,0
2025-05-31 14:30:00+05:30,533.0540467255676,33.599999999999994,68.5,14,5,1,1,535.3763855758717,608.4737327350695,0,0
2025-05-31 14:45:00+05:30,536.8454910851112,33.65,68.925,14,5,1,1,533.0540467255676,610.2940845846554,0,0
2025-05-31 15:00:00+05:30,535.024125304171,33.8,68.05,15,5,1,1,536.8454910851112,609.8354807732729,0,0
2025-05-31 15:15:00+05:30,531.3377609494435,33.375,68.82499999999999,15,5,1,1,535.024125304171,609.3916711071928,0,0
2025-05-31 15:30:00+05:30,530.8611948904996,33.325,68.67500000000001,15,5,1,1,531.3377609494435,610.5170465651368,0,0
2025-05-31 15:45:00+05:30,530.2198890572618,33.45,68.35,15,5,1,1,530.8611948904996,609.6941098586344,0,0
2025-05-31 16:00:00+05:30,528.7608556718749,33.525,67.9,16,5,1,1,530.2198890572618,610.8764464777169,0,0
2025-05-31 16:15:00+05:30,525.7395624354642,33.625,68.875,16,5,1,1,528.7608556718749,604.9447711312882,0,0
2025-05-31 16:30:00+05:30,521.5735328135327,33.35,69.075,16,5,1,1,525.7395624354642,602.2085599826731,0,0
2025-05-31 16:45:00+05:30,514.2819009388137,33.225,68.5,16,5,1,1,521.5735328135327,597.9184018676726,0,0
2025-05-31 17:00:00+05:30,507.8440684767982,32.95,69.39999999999999,17,5,1,1,514.2819009388137,592.441910740055,0,0
2025-05-31 17:15:00+05:30,501.9387302030136,32.775,70.675,17,5,1,1,507.8440684767982,588.9143273118871,0,0
2025-05-31 17:30:00+05:30,489.8709100201994,32.2,71.7,17,5,1,1,501.9387302030136,579.7491883760896,0,0
2025-05-31 17:45:00+05:30,484.8979030151697,31.85,73.0,17,5,1,1,489.8709100201994,570.2977043047792,0,0
2025-05-31 18:00:00+05:30,478.3385719538643,31.65,73.5,18,5,1,0,484.8979030151697,556.033793919158,0,0
2025-05-31 18:15:00+05:30,473.8895039269202,31.525,74.125,18,5,1,0,478.3385719538643,548.2784837858376,0,0
2025-05-31 18:30:00+05:30,471.7178341816197,31.15,75.10000000000001,18,5,1,0,473.8895039269202,541.6772152606741,0,0
2025-05-31 18:45:00+05:30,471.2654601901148,30.95,75.725,18,5,1,0,471.7178341816197,533.4639232460491,0,0
2025-05-31 19:00:00+05:30,470.562883520749,30.775,76.7,19,5,1,0,471.2654601901148,526.7228271840569,0,0
2025-05-31 19:15:00+05:30,469.2176212202827,30.675,77.075,19,5,1,0,470.562883520749,521.1917796513234,0,0
2025-05-31 19:30:00+05:30,466.17592166025366,30.625,77.35,19,5,1,0,469.2176212202827,513.2852430960199,0,0
2025-05-31 19:45:00+05:30,461.6656435871043,30.6,77.175,19,5,1,0,466.17592166025366,508.178623246556,0,0
2025-05-31 20:00:00+05:30,457.3510710660488,30.55,77.875,20,5,1,0,461.6656435871043,501.3910164288234,0,0
2025-05-31 20:15:00+05:30,456.1590338822077,30.45,78.05,20,5,1,0,457.3510710660488,494.6734982314719,0,0
2025-05-31 20:30:00+05:30,450.59623432060886,30.425,78.525,20,5,1,0,456.1590338822077,486.2150411440066,0,0
2025-05-31 20:45:00+05:30,447.1892465362698,30.425,78.95,20,5,1,0,450.59623432060886,482.8228589866027,0,0
2025-05-31 21:00:00+05:30,443.11634116414245,30.4,78.64999999999999,21,5,1,0,447.1892465362698,478.6324098300895,0,0
2025-05-31 21:15:00+05:30,438.5123379873585,30.375,78.975,21,5,1,0,443.11634116414245,474.1286211933224,0,0
2025-05-31 21:30:00+05:30,437.3907161025527,30.25,80.775,21,5,1,0,438.5123379873585,466.5298485489605,0,0
2025-05-31 21:45:00+05:30,432.4552464553552,30.225,80.32499999999999,21,5,1,0,437.3907161025527,463.2493774079858,0,0
2025-05-31 22:00:00+05:30,428.30022953648535,30.25,80.55,22,5,1,0,432.4552464553552,457.19840187745655,0,0
2025-05-31 22:15:00+05:30,424.62688643206246,30.2,80.725,22,5,1,0,428.30022953648535,449.4573637151271,0,0
2025-05-31 22:30:00+05:30,422.86869078359325,30.2,80.65,22,5,1,0,424.62688643206246,446.3446820975304,0,0
2025-05-31 22:45:00+05:30,419.17029111179744,30.25,80.325,22,5,1,0,422.86869078359325,442.8139838524051,0,0
2025-05-31 23:00:00+05:30,416.2191691543949,30.225,80.725,23,5,1,0,419.17029111179744,435.990971699352,0,0
2025-05-31 23:15:00+05:30,410.85180190296126,30.2,81.4,23,5,1,0,416.2191691543949,431.21569703486335,0,0
2025-05-31 23:30:00+05:30,406.20843639130896,30.15,81.39999999999999,23,5,1,0,410.85180190296126,422.8252176316869,0,0
2025-05-31 23:45:00+05:30,402.3867892006072,30.175,81.125,23,5,1,0,406.20843639130896,419.7861165305985,0,0
