datetime,wdLoad,temp,rh,year,month
2024-06-01 00:00:00+05:30,412.2245069107733,29.5,83.0,2024,6
2024-06-01 00:15:00+05:30,408.4887631704028,29.4,84.0,2024,6
2024-06-01 00:30:00+05:30,401.1940486329309,29.3,84.0,2024,6
2024-06-01 00:45:00+05:30,397.5322621551719,29.2,85.0,2024,6
2024-06-01 01:00:00+05:30,388.32930847658287,29.2,84.0,2024,6
2024-06-01 01:15:00+05:30,381.7089048551935,29.2,85.0,2024,6
2024-06-01 01:30:00+05:30,377.5672064820277,29.1,85.0,2024,6
2024-06-01 01:45:00+05:30,372.0256374206744,29.1,85.0,2024,6
2024-06-01 02:00:00+05:30,364.9783698770981,29.0,85.0,2024,6
2024-06-01 02:15:00+05:30,363.4810365291045,28.9,85.0,2024,6
2024-06-01 02:30:00+05:30,360.3320737873715,28.9,85.0,2024,6
2024-06-01 02:45:00+05:30,354.6447761061769,28.8,85.0,2024,6
2024-06-01 03:00:00+05:30,354.7000835876173,28.8,86.0,2024,6
2024-06-01 03:15:00+05:30,351.0749698844068,28.7,86.0,2024,6
2024-06-01 03:30:00+05:30,349.09085568357494,28.7,86.0,2024,6
2024-06-01 03:45:00+05:30,346.2806607817716,28.7,86.0,2024,6
2024-06-01 04:00:00+05:30,346.4331859634076,28.6,86.0,2024,6
2024-06-01 04:15:00+05:30,341.3259333633221,28.6,86.0,2024,6
2024-06-01 04:30:00+05:30,339.7731395420731,28.5,86.0,2024,6
2024-06-01 04:45:00+05:30,337.8650669711031,28.6,86.0,2024,6
2024-06-01 05:00:00+05:30,338.0425956067781,28.6,85.0,2024,6
2024-06-01 05:15:00+05:30,335.4853798134047,28.6,85.0,2024,6
2024-06-01 05:30:00+05:30,335.05147661485086,28.7,85.0,2024,6
2024-06-01 05:45:00+05:30,333.8013610673227,28.7,85.0,2024,6
2024-06-01 06:00:00+05:30,335.495175225242,28.8,85.0,2024,6
2024-06-01 06:15:00+05:30,338.51200655261306,28.8,85.0,2024,6
2024-06-01 06:30:00+05:30,335.0514339155352,28.8,85.0,2024,6
2024-06-01 06:45:00+05:30,338.925618747796,28.9,84.0,2024,6
2024-06-01 07:00:00+05:30,343.1740736385254,29.0,84.0,2024,6
2024-06-01 07:15:00+05:30,347.18477361867104,29.2,83.0,2024,6
2024-06-01 07:30:00+05:30,354.9294475434,29.5,82.0,2024,6
2024-06-01 07:45:00+05:30,367.1107156916039,29.7,81.0,2024,6
2024-06-01 08:00:00+05:30,382.9359090693102,30.0,80.0,2024,6
2024-06-01 08:15:00+05:30,402.0252014024063,30.2,78.0,2024,6
2024-06-01 08:30:00+05:30,414.7461056916261,30.5,77.0,2024,6
2024-06-01 08:45:00+05:30,427.4618249726741,30.7,76.0,2024,6
2024-06-01 09:00:00+05:30,439.1010118990513,31.1,75.0,2024,6
2024-06-01 09:15:00+05:30,459.0344830665676,31.3,73.0,2024,6
2024-06-01 09:30:00+05:30,466.0591634069682,31.6,72.0,2024,6
2024-06-01 09:45:00+05:30,484.294072450203,31.8,71.0,2024,6
2024-06-01 10:00:00+05:30,489.99452115601207,32.1,70.0,2024,6
2024-06-01 10:15:00+05:30,498.450496917992,32.4,69.0,2024,6
2024-06-01 10:30:00+05:30,506.9703733317632,32.7,68.0,2024,6
2024-06-01 10:45:00+05:30,514.4174212211536,32.9,67.0,2024,6
2024-06-01 11:00:00+05:30,518.2922667873437,33.4,65.0,2024,6
2024-06-01 11:15:00+05:30,520.6746427732321,33.7,64.0,2024,6
2024-06-01 11:30:00+05:30,518.2642477107647,33.9,64.0,2024,6
2024-06-01 11:45:00+05:30,518.7436007391308,34.1,63.0,2024,6
2024-06-01 12:00:00+05:30,519.8639868611989,34.1,64.0,2024,6
2024-06-01 12:15:00+05:30,521.5330492725001,34.2,64.0,2024,6
2024-06-01 12:30:00+05:30,519.413115512501,34.3,63.0,2024,6
2024-06-01 12:45:00+05:30,518.5565076333155,34.4,63.0,2024,6
2024-06-01 13:00:00+05:30,514.10632732978,34.5,63.0,2024,6
2024-06-01 13:15:00+05:30,512.4910441311356,34.5,63.0,2024,6
2024-06-01 13:30:00+05:30,511.55550117755314,34.6,63.0,2024,6
2024-06-01 13:45:00+05:30,509.2939865441028,34.6,63.0,2024,6
2024-06-01 14:00:00+05:30,513.1402960347069,35.0,62.0,2024,6
2024-06-01 14:15:00+05:30,518.5739518927221,34.9,62.0,2024,6
2024-06-01 14:30:00+05:30,523.2329665529531,34.8,62.0,2024,6
2024-06-01 14:45:00+05:30,522.4172069645856,34.8,62.0,2024,6
2024-06-01 15:00:00+05:30,523.7582313284921,34.8,62.0,2024,6
2024-06-01 15:15:00+05:30,526.4597214281094,34.7,62.0,2024,6
2024-06-01 15:30:00+05:30,523.1057794729201,34.6,63.0,2024,6
2024-06-01 15:45:00+05:30,517.3719254918093,34.5,63.0,2024,6
2024-06-01 16:00:00+05:30,515.4253971894425,34.3,64.0,2024,6
2024-06-01 16:15:00+05:30,511.2274585834938,34.2,64.0,2024,6
2024-06-01 16:30:00+05:30,506.83047447368654,34.0,65.0,2024,6
2024-06-01 16:45:00+05:30,500.7810154095176,33.9,65.0,2024,6
2024-06-01 17:00:00+05:30,498.2320167774165,33.6,66.0,2024,6
2024-06-01 17:15:00+05:30,493.1560907268032,33.5,66.0,2024,6
2024-06-01 17:30:00+05:30,485.43181792722726,33.3,67.0,2024,6
2024-06-01 17:45:00+05:30,474.004109641814,33.1,68.0,2024,6
2024-06-01 18:00:00+05:30,464.924116129916,32.8,68.0,2024,6
2024-06-01 18:15:00+05:30,458.020835979642,32.5,69.0,2024,6
2024-06-01 18:30:00+05:30,453.0948863316815,32.3,70.0,2024,6
2024-06-01 18:45:00+05:30,451.9254246354829,32.1,71.0,2024,6
2024-06-01 19:00:00+05:30,450.6472067376175,31.9,72.0,2024,6
2024-06-01 19:15:00+05:30,446.9038048383533,31.7,74.0,2024,6
2024-06-01 19:30:00+05:30,442.9628229310235,31.5,75.0,2024,6
2024-06-01 19:45:00+05:30,442.6134683276901,31.3,76.0,2024,6
2024-06-01 20:00:00+05:30,439.8992569578131,31.2,76.0,2024,6
2024-06-01 20:15:00+05:30,436.6682026748346,31.1,77.0,2024,6
2024-06-01 20:30:00+05:30,436.1495736310849,30.9,77.0,2024,6
2024-06-01 20:45:00+05:30,434.4270887065308,30.8,78.0,2024,6
2024-06-01 21:00:00+05:30,432.2210607644122,30.7,78.0,2024,6
2024-06-01 21:15:00+05:30,431.87738657029416,30.6,79.0,2024,6
2024-06-01 21:30:00+05:30,429.081187856359,30.5,79.0,2024,6
2024-06-01 21:45:00+05:30,427.2841446625064,30.4,80.0,2024,6
2024-06-01 22:00:00+05:30,423.8669660595083,30.3,80.0,2024,6
2024-06-01 22:15:00+05:30,419.20812858249246,30.2,81.0,2024,6
2024-06-01 22:30:00+05:30,416.4582044366235,30.1,81.0,2024,6
2024-06-01 22:45:00+05:30,415.3195931655167,30.0,81.0,2024,6
2024-06-01 23:00:00+05:30,416.1756421640544,29.9,82.0,2024,6
2024-06-01 23:15:00+05:30,415.1875133113877,29.7,83.0,2024,6
2024-06-01 23:30:00+05:30,409.0785039355079,29.6,84.0,2024,6
2024-06-01 23:45:00+05:30,407.1159685754217,29.5,84.0,2024,6
2024-06-02 00:00:00+05:30,402.72,31.52,72.52000000000001,2024,6
2024-06-02 00:15:00+05:30,400.1,31.48,72.55999999999999,2024,6
2024-06-02 00:30:00+05:30,391.48,31.42,72.41999999999999,2024,6
2024-06-02 00:45:00+05:30,385.89,31.48,72.38000000000001,2024,6
2024-06-02 01:00:00+05:30,380.57,31.4,72.34,2024,6
2024-06-02 01:15:00+05:30,373.89,31.42,72.4,2024,6
2024-06-02 01:30:00+05:30,371.67,31.32,72.72,2024,6
2024-06-02 01:45:00+05:30,367.66,31.3,72.8,2024,6
2024-06-02 02:00:00+05:30,360.99,31.32,72.4,2024,6
2024-06-02 02:15:00+05:30,358.17,31.22,72.72,2024,6
2024-06-02 02:30:00+05:30,355.55,31.16,72.66,2024,6
2024-06-02 02:45:00+05:30,352.47,31.1,72.64,2024,6
2024-06-02 03:00:00+05:30,348.93,30.98,72.97999999999999,2024,6
2024-06-02 03:15:00+05:30,346.3,30.96,73.14,2024,6
2024-06-02 03:30:00+05:30,342.23,30.96,73.28,2024,6
2024-06-02 03:45:00+05:30,338.63,30.92,73.61999999999999,2024,6
2024-06-02 04:00:00+05:30,337.38,30.86,73.92,2024,6
2024-06-02 04:15:00+05:30,334.82,30.78,74.17999999999999,2024,6
2024-06-02 04:30:00+05:30,335.79,30.78,74.1,2024,6
2024-06-02 04:45:00+05:30,330.2,30.76,74.04,2024,6
2024-06-02 05:00:00+05:30,330.37,30.82,74.16,2024,6
2024-06-02 05:15:00+05:30,328.92,30.7,74.72,2024,6
2024-06-02 05:30:00+05:30,328.32,30.72,74.74,2024,6
2024-06-02 05:45:00+05:30,325.68,30.64,74.74,2024,6
2024-06-02 06:00:00+05:30,324.88,30.68,74.38000000000001,2024,6
2024-06-02 06:15:00+05:30,324.18,30.7,74.42,2024,6
2024-06-02 06:30:00+05:30,322.15,30.78,74.53999999999999,2024,6
2024-06-02 06:45:00+05:30,324.03,31.02,73.82000000000001,2024,6
2024-06-02 07:00:00+05:30,325.66,31.28,72.92,2024,6
2024-06-02 07:15:00+05:30,322.26,31.559999999999995,72.05999999999999,2024,6
2024-06-02 07:30:00+05:30,328.06,31.9,70.9,2024,6
2024-06-02 07:45:00+05:30,332.26,32.17999999999999,70.17999999999999,2024,6
2024-06-02 08:00:00+05:30,338.78,32.419999999999995,68.66,2024,6
2024-06-02 08:15:00+05:30,344.31,32.6,68.04,2024,6
2024-06-02 08:30:00+05:30,350.12,33.0,66.46000000000001,2024,6
2024-06-02 08:45:00+05:30,353.38,33.31999999999999,64.92,2024,6
2024-06-02 09:00:00+05:30,358.74,33.6,63.98,2024,6
2024-06-02 09:15:00+05:30,362.43,33.8,63.74,2024,6
2024-06-02 09:30:00+05:30,366.61,33.739999999999995,63.42,2024,6
2024-06-02 09:45:00+05:30,373.32,33.980000000000004,61.94,2024,6
2024-06-02 10:00:00+05:30,380.65,34.2,61.04,2024,6
2024-06-02 10:15:00+05:30,386.19,34.459999999999994,59.81999999999999,2024,6
2024-06-02 10:30:00+05:30,387.67,34.64,59.46,2024,6
2024-06-02 10:45:00+05:30,395.28,34.7,58.36,2024,6
2024-06-02 11:00:00+05:30,401.75,34.760000000000005,58.8,2024,6
2024-06-02 11:15:00+05:30,403.87,34.92,58.04,2024,6
2024-06-02 11:30:00+05:30,405.99,35.0,58.0,2024,6
2024-06-02 11:45:00+05:30,406.12,35.02,58.2,2024,6
2024-06-02 12:00:00+05:30,405.31,35.14,57.3,2024,6
2024-06-02 12:15:00+05:30,409.2,35.12,56.17999999999999,2024,6
2024-06-02 12:30:00+05:30,410.74,35.2,55.620000000000005,2024,6
2024-06-02 12:45:00+05:30,411.44,35.400000000000006,55.38000000000001,2024,6
2024-06-02 13:00:00+05:30,406.41,35.849999999999994,52.375,2024,6
2024-06-02 13:15:00+05:30,406.16,35.58,55.080000000000005,2024,6
2024-06-02 13:30:00+05:30,407.72,35.64,53.42,2024,6
2024-06-02 13:45:00+05:30,409.24,35.739999999999995,53.220000000000006,2024,6
2024-06-02 14:00:00+05:30,411.79,35.96,52.21999999999999,2024,6
2024-06-02 14:15:00+05:30,414.34,35.86,52.540000000000006,2024,6
2024-06-02 14:30:00+05:30,419.75,35.81999999999999,53.05999999999999,2024,6
2024-06-02 14:45:00+05:30,423.82,35.52,54.16,2024,6
2024-06-02 15:00:00+05:30,427.12,35.599999999999994,54.16,2024,6
2024-06-02 15:15:00+05:30,426.93,35.739999999999995,54.31999999999999,2024,6
2024-06-02 15:30:00+05:30,426.91,35.6,54.67999999999999,2024,6
2024-06-02 15:45:00+05:30,425.69,35.86,54.02,2024,6
2024-06-02 16:00:00+05:30,420.24,35.779999999999994,54.24,2024,6
2024-06-02 16:15:00+05:30,417.9,35.68,54.720000000000006,2024,6
2024-06-02 16:30:00+05:30,416.42,35.67999999999999,55.4,2024,6
2024-06-02 16:45:00+05:30,414.17,35.62,55.2,2024,6
2024-06-02 17:00:00+05:30,413.29,35.440000000000005,56.260000000000005,2024,6
2024-06-02 17:15:00+05:30,411.77,35.38,57.1,2024,6
2024-06-02 17:30:00+05:30,409.76,35.06,57.88,2024,6
2024-06-02 17:45:00+05:30,407.3,34.86,58.720000000000006,2024,6
2024-06-02 18:00:00+05:30,402.42,34.46,60.05999999999999,2024,6
2024-06-02 18:15:00+05:30,403.59,34.0,60.94,2024,6
2024-06-02 18:30:00+05:30,399.11,33.52,62.94,2024,6
2024-06-02 18:45:00+05:30,399.41,33.02,64.34,2024,6
2024-06-02 19:00:00+05:30,400.74,32.660000000000004,66.04,2024,6
2024-06-02 19:15:00+05:30,403.81,32.46,67.28,2024,6
2024-06-02 19:30:00+05:30,405.15,32.28,68.1,2024,6
2024-06-02 19:45:00+05:30,406.97,32.2,68.50000000000001,2024,6
2024-06-02 20:00:00+05:30,409.29,32.12,68.8,2024,6
2024-06-02 20:15:00+05:30,407.79,32.1,68.82000000000001,2024,6
2024-06-02 20:30:00+05:30,406.9,32.08,69.08,2024,6
2024-06-02 20:45:00+05:30,409.53,32.059999999999995,69.38,2024,6
2024-06-02 21:00:00+05:30,409.93,31.98,69.72,2024,6
2024-06-02 21:15:00+05:30,412.11,31.96,69.66,2024,6
2024-06-02 21:30:00+05:30,410.52,31.940000000000005,69.9,2024,6
2024-06-02 21:45:00+05:30,413.36,31.96,69.89999999999999,2024,6
2024-06-02 22:00:00+05:30,410.39,31.94,70.02,2024,6
2024-06-02 22:15:00+05:30,408.35,31.86,70.22,2024,6
2024-06-02 22:30:00+05:30,408.42,31.78,70.42,2024,6
2024-06-02 22:45:00+05:30,407.29,31.76,70.9,2024,6
2024-06-02 23:00:00+05:30,404.67,31.7,71.00000000000001,2024,6
2024-06-02 23:15:00+05:30,404.08,31.68,71.86,2024,6
2024-06-02 23:30:00+05:30,403.05,31.58,72.3,2024,6
2024-06-02 23:45:00+05:30,399.96,31.58,72.4,2024,6
2024-06-03 00:00:00+05:30,394.88165617196535,31.5,72.6,2024,6
2024-06-03 00:15:00+05:30,391.37025207245614,31.4,73.2,2024,6
2024-06-03 00:30:00+05:30,386.21595441436864,31.4,73.4,2024,6
2024-06-03 00:45:00+05:30,381.28544151166136,31.4,73.2,2024,6
2024-06-03 01:00:00+05:30,376.4190541534976,31.4,73.2,2024,6
2024-06-03 01:15:00+05:30,369.4494306292952,31.3,73.4,2024,6
2024-06-03 01:30:00+05:30,362.9729300910397,31.2,74.0,2024,6
2024-06-03 01:45:00+05:30,357.95128963049183,31.2,73.6,2024,6
2024-06-03 02:00:00+05:30,353.5510088014454,31.2,73.9,2024,6
2024-06-03 02:15:00+05:30,351.65154925518505,31.2,74.1,2024,6
2024-06-03 02:30:00+05:30,350.3166865164129,31.2,74.1,2024,6
2024-06-03 02:45:00+05:30,345.27393493625993,31.1,74.1,2024,6
2024-06-03 03:00:00+05:30,341.8812156340299,31.1,74.2,2024,6
2024-06-03 03:15:00+05:30,340.4676839336506,31.0,74.1,2024,6
2024-06-03 03:30:00+05:30,336.93441179803165,31.1,74.1,2024,6
2024-06-03 03:45:00+05:30,334.93490130484264,31.1,74.2,2024,6
2024-06-03 04:00:00+05:30,334.0769867865639,31.1,74.5,2024,6
2024-06-03 04:15:00+05:30,333.19840290557227,31.1,74.3,2024,6
2024-06-03 04:30:00+05:30,332.8121101466387,31.1,74.1,2024,6
2024-06-03 04:45:00+05:30,332.5786739746908,31.1,74.2,2024,6
2024-06-03 05:00:00+05:30,333.29742840454986,31.1,74.0,2024,6
2024-06-03 05:15:00+05:30,333.55840833851886,31.1,74.2,2024,6
2024-06-03 05:30:00+05:30,336.02758168456035,31.1,73.9,2024,6
2024-06-03 05:45:00+05:30,335.7259896026284,31.0,73.8,2024,6
2024-06-03 06:00:00+05:30,337.73269236054426,31.0,74.0,2024,6
2024-06-03 06:15:00+05:30,344.6204856208136,31.0,73.8,2024,6
2024-06-03 06:30:00+05:30,350.9680635540781,31.1,74.3,2024,6
2024-06-03 06:45:00+05:30,360.9264831300485,31.2,73.7,2024,6
2024-06-03 07:00:00+05:30,373.3134908147778,31.4,73.3,2024,6
2024-06-03 07:15:00+05:30,385.4609850172187,31.5,72.7,2024,6
2024-06-03 07:30:00+05:30,405.6350020224937,31.8,72.0,2024,6
2024-06-03 07:45:00+05:30,425.76898079676425,32.1,70.8,2024,6
2024-06-03 08:00:00+05:30,450.901342165518,32.3,69.6,2024,6
2024-06-03 08:15:00+05:30,474.3502866474311,32.5,68.8,2024,6
2024-06-03 08:30:00+05:30,494.833819643973,32.8,68.5,2024,6
2024-06-03 08:45:00+05:30,513.407790446535,33.0,67.2,2024,6
2024-06-03 09:00:00+05:30,534.5438990365097,32.9,68.0,2024,6
2024-06-03 09:15:00+05:30,550.7979158995439,32.9,68.5,2024,6
2024-06-03 09:30:00+05:30,563.3559524815366,33.0,67.5,2024,6
2024-06-03 09:45:00+05:30,573.1568459634321,33.2,66.5,2024,6
2024-06-03 10:00:00+05:30,579.5007655154217,33.5,66.1,2024,6
2024-06-03 10:15:00+05:30,584.896767530798,33.5,66.4,2024,6
2024-06-03 10:30:00+05:30,588.5338792377248,33.5,65.7,2024,6
2024-06-03 10:45:00+05:30,594.969414251726,33.8,64.3,2024,6
2024-06-03 11:00:00+05:30,603.0747019662163,33.9,63.8,2024,6
2024-06-03 11:15:00+05:30,604.6841148708796,34.1,63.0,2024,6
2024-06-03 11:30:00+05:30,603.7718145164463,34.3,62.8,2024,6
2024-06-03 11:45:00+05:30,605.3485208055239,34.7,62.0,2024,6
2024-06-03 12:00:00+05:30,605.6916360212314,34.3,62.9,2024,6
2024-06-03 12:15:00+05:30,601.7149864719174,34.3,62.2,2024,6
2024-06-03 12:30:00+05:30,599.3064507390811,34.4,62.3,2024,6
2024-06-03 12:45:00+05:30,596.6360833474898,34.3,62.2,2024,6
2024-06-03 13:00:00+05:30,595.93928577549,34.4,61.8,2024,6
2024-06-03 13:15:00+05:30,599.0070419284267,34.7,60.8,2024,6
2024-06-03 13:30:00+05:30,599.2134078936111,34.8,60.0,2024,6
2024-06-03 13:45:00+05:30,600.1840182043946,35.1,59.2,2024,6
2024-06-03 14:00:00+05:30,604.9829677828343,35.1,58.5,2024,6
2024-06-03 14:15:00+05:30,606.2309491627191,34.9,58.2,2024,6
2024-06-03 14:30:00+05:30,609.4768856917824,35.4,57.1,2024,6
2024-06-03 14:45:00+05:30,609.4835883281196,35.4,57.8,2024,6
2024-06-03 15:00:00+05:30,612.4848167120424,35.6,56.8,2024,6
2024-06-03 15:15:00+05:30,611.3358758740544,35.9,56.5,2024,6
2024-06-03 15:30:00+05:30,604.202644812446,35.8,55.6,2024,6
2024-06-03 15:45:00+05:30,609.5021427596149,36.0,54.8,2024,6
2024-06-03 16:00:00+05:30,606.3261489590757,35.9,55.3,2024,6
2024-06-03 16:15:00+05:30,598.0144623131147,35.5,55.8,2024,6
2024-06-03 16:30:00+05:30,598.8117137220211,35.6,55.8,2024,6
2024-06-03 16:45:00+05:30,589.2875271477825,35.6,56.4,2024,6
2024-06-03 17:00:00+05:30,582.6715318968375,35.1,57.4,2024,6
2024-06-03 17:15:00+05:30,575.2435769132753,35.2,57.3,2024,6
2024-06-03 17:30:00+05:30,565.2571173005308,34.9,59.1,2024,6
2024-06-03 17:45:00+05:30,549.0198066487461,34.7,59.2,2024,6
2024-06-03 18:00:00+05:30,541.3797408822602,34.4,60.8,2024,6
2024-06-03 18:15:00+05:30,530.2376830578278,34.1,61.3,2024,6
2024-06-03 18:30:00+05:30,520.0660210746845,33.6,62.9,2024,6
2024-06-03 18:45:00+05:30,510.0584029939006,33.2,64.1,2024,6
2024-06-03 19:00:00+05:30,501.67444992189104,32.9,65.4,2024,6
2024-06-03 19:15:00+05:30,497.953306155409,32.6,66.2,2024,6
2024-06-03 19:30:00+05:30,492.5669154799277,32.4,66.7,2024,6
2024-06-03 19:45:00+05:30,487.5838274568816,32.3,67.3,2024,6
2024-06-03 20:00:00+05:30,477.81245081217673,32.2,67.5,2024,6
2024-06-03 20:15:00+05:30,471.3930332461946,32.2,68.0,2024,6
2024-06-03 20:30:00+05:30,467.659669056187,32.1,68.9,2024,6
2024-06-03 20:45:00+05:30,465.7823573246963,32.0,69.4,2024,6
2024-06-03 21:00:00+05:30,462.81430892785806,31.9,69.9,2024,6
2024-06-03 21:15:00+05:30,460.94399963722,31.9,70.0,2024,6
2024-06-03 21:30:00+05:30,455.2204905989472,31.9,70.2,2024,6
2024-06-03 21:45:00+05:30,452.134778977245,31.8,70.2,2024,6
2024-06-03 22:00:00+05:30,446.2637278009798,31.8,70.4,2024,6
2024-06-03 22:15:00+05:30,440.7557116669857,31.8,70.9,2024,6
2024-06-03 22:30:00+05:30,442.2968553090828,31.7,71.5,2024,6
2024-06-03 22:45:00+05:30,438.54889565332144,31.7,72.1,2024,6
2024-06-03 23:00:00+05:30,435.9547184894582,31.7,72.0,2024,6
2024-06-03 23:15:00+05:30,430.27869327510473,31.7,71.8,2024,6
2024-06-03 23:30:00+05:30,427.6389400370813,31.6,71.5,2024,6
2024-06-03 23:45:00+05:30,421.9661890654605,31.6,72.2,2024,6
2024-06-04 00:00:00+05:30,416.32,31.58,72.3,2024,6
2024-06-04 00:15:00+05:30,411.76,31.46,72.03999999999999,2024,6
2024-06-04 00:30:00+05:30,403.21,31.52,72.24,2024,6
2024-06-04 00:45:00+05:30,397.39,31.44,72.44,2024,6
2024-06-04 01:00:00+05:30,388.47,31.380000000000003,72.78,2024,6
2024-06-04 01:15:00+05:30,384.45,31.379999999999995,72.94,2024,6
2024-06-04 01:30:00+05:30,378.34,31.3,72.92,2024,6
2024-06-04 01:45:00+05:30,373.29,31.360000000000003,73.24000000000001,2024,6
2024-06-04 02:00:00+05:30,369.43,31.3,72.66,2024,6
2024-06-04 02:15:00+05:30,367.8,31.3,72.94000000000001,2024,6
2024-06-04 02:30:00+05:30,363.44,31.18,73.02000000000001,2024,6
2024-06-04 02:45:00+05:30,361.65,31.16,73.11999999999999,2024,6
2024-06-04 03:00:00+05:30,357.15,31.1,73.58,2024,6
2024-06-04 03:15:00+05:30,353.32,31.1,73.66,2024,6
2024-06-04 03:30:00+05:30,350.96,31.059999999999995,73.58,2024,6
2024-06-04 03:45:00+05:30,348.51,30.94,73.53999999999999,2024,6
2024-06-04 04:00:00+05:30,346.57,30.860000000000003,73.58,2024,6
2024-06-04 04:15:00+05:30,342.91,30.9,73.46000000000001,2024,6
2024-06-04 04:30:00+05:30,340.47,30.9,73.58,2024,6
2024-06-04 04:45:00+05:30,338.5,30.86,73.8,2024,6
2024-06-04 05:00:00+05:30,343.06,30.78,73.84,2024,6
2024-06-04 05:15:00+05:30,342.12,30.76,74.08,2024,6
2024-06-04 05:30:00+05:30,346.7,30.76,74.34,2024,6
2024-06-04 05:45:00+05:30,349.86,30.72000000000001,74.6,2024,6
2024-06-04 06:00:00+05:30,348.92,30.72,74.86000000000001,2024,6
2024-06-04 06:15:00+05:30,353.11,30.72,75.02,2024,6
2024-06-04 06:30:00+05:30,357.39,30.82,74.8,2024,6
2024-06-04 06:45:00+05:30,364.42,31.04,74.42,2024,6
2024-06-04 07:00:00+05:30,375.79,31.22,73.54,2024,6
2024-06-04 07:15:00+05:30,390.54,31.56,72.75999999999999,2024,6
2024-06-04 07:30:00+05:30,414.61,31.76,71.76,2024,6
2024-06-04 07:45:00+05:30,435.19,31.940000000000005,71.58000000000001,2024,6
2024-06-04 08:00:00+05:30,458.95,32.120000000000005,70.8,2024,6
2024-06-04 08:15:00+05:30,483.3,32.32,69.94,2024,6
2024-06-04 08:30:00+05:30,504.72,32.720000000000006,67.46000000000001,2024,6
2024-06-04 08:45:00+05:30,521.06,33.32000000000001,64.52000000000001,2024,6
2024-06-04 09:00:00+05:30,537.6,33.82000000000001,62.78,2024,6
2024-06-04 09:15:00+05:30,549.46,33.92,62.84,2024,6
2024-06-04 09:30:00+05:30,559.67,33.96,61.260000000000005,2024,6
2024-06-04 09:45:00+05:30,572.29,34.14,59.96,2024,6
2024-06-04 10:00:00+05:30,583.15,34.8,57.14,2024,6
2024-06-04 10:15:00+05:30,588.59,34.92,57.06,2024,6
2024-06-04 10:30:00+05:30,588.45,34.8,57.18000000000001,2024,6
2024-06-04 10:45:00+05:30,596.47,34.82000000000001,56.94,2024,6
2024-06-04 11:00:00+05:30,595.15,35.06,56.66,2024,6
2024-06-04 11:15:00+05:30,593.52,35.279999999999994,56.17999999999999,2024,6
2024-06-04 11:30:00+05:30,594.73,35.38,55.02,2024,6
2024-06-04 11:45:00+05:30,592.85,35.34,54.96,2024,6
2024-06-04 12:00:00+05:30,590.54,35.260000000000005,54.96,2024,6
2024-06-04 12:15:00+05:30,593.17,35.6,53.84,2024,6
2024-06-04 12:30:00+05:30,592.81,35.72,53.48,2024,6
2024-06-04 12:45:00+05:30,590.36,35.86,53.02,2024,6
2024-06-04 13:00:00+05:30,590.0,35.879999999999995,53.78,2024,6
2024-06-04 13:15:00+05:30,587.57,35.779999999999994,54.64,2024,6
2024-06-04 13:30:00+05:30,589.5,35.660000000000004,55.220000000000006,2024,6
2024-06-04 13:45:00+05:30,593.65,35.84,55.120000000000005,2024,6
2024-06-04 14:00:00+05:30,598.79,35.98,55.11999999999999,2024,6
2024-06-04 14:15:00+05:30,604.73,35.82,55.98,2024,6
2024-06-04 14:30:00+05:30,610.04,35.78,56.5,2024,6
2024-06-04 14:45:00+05:30,610.7,35.540000000000006,57.4,2024,6
2024-06-04 15:00:00+05:30,611.96,35.4,57.56,2024,6
2024-06-04 15:15:00+05:30,610.9,35.559999999999995,57.38,2024,6
2024-06-04 15:30:00+05:30,608.17,35.54,58.24,2024,6
2024-06-04 15:45:00+05:30,606.75,35.68,57.52,2024,6
2024-06-04 16:00:00+05:30,606.54,35.32,59.08,2024,6
2024-06-04 16:15:00+05:30,604.48,35.28000000000001,59.0,2024,6
2024-06-04 16:30:00+05:30,600.82,35.42,58.1,2024,6
2024-06-04 16:45:00+05:30,592.43,35.440000000000005,58.28,2024,6
2024-06-04 17:00:00+05:30,589.48,35.480000000000004,59.14,2024,6
2024-06-04 17:15:00+05:30,582.31,35.04,59.88,2024,6
2024-06-04 17:30:00+05:30,571.27,35.0,61.06,2024,6
2024-06-04 17:45:00+05:30,560.96,34.26,63.17999999999999,2024,6
2024-06-04 18:00:00+05:30,550.54,34.06,63.86,2024,6
2024-06-04 18:15:00+05:30,538.54,33.7,64.91999999999999,2024,6
2024-06-04 18:30:00+05:30,523.38,33.5,64.54,2024,6
2024-06-04 18:45:00+05:30,514.14,33.300000000000004,65.12,2024,6
2024-06-04 19:00:00+05:30,504.19,33.04,65.52000000000001,2024,6
2024-06-04 19:15:00+05:30,503.37,32.9,66.14000000000001,2024,6
2024-06-04 19:30:00+05:30,493.54,32.760000000000005,66.28,2024,6
2024-06-04 19:45:00+05:30,486.05,32.66,66.35999999999999,2024,6
2024-06-04 20:00:00+05:30,477.42,32.54,67.08,2024,6
2024-06-04 20:15:00+05:30,470.05,32.52,67.34,2024,6
2024-06-04 20:30:00+05:30,464.92,32.46,67.48,2024,6
2024-06-04 20:45:00+05:30,462.16,32.480000000000004,67.42,2024,6
2024-06-04 21:00:00+05:30,459.72,32.38,67.88,2024,6
2024-06-04 21:15:00+05:30,457.05,32.3,68.02000000000001,2024,6
2024-06-04 21:30:00+05:30,453.69,32.34,68.0,2024,6
2024-06-04 21:45:00+05:30,452.27,32.3,68.06,2024,6
2024-06-04 22:00:00+05:30,448.3,32.2,68.8,2024,6
2024-06-04 22:15:00+05:30,446.62,32.22,69.16,2024,6
2024-06-04 22:30:00+05:30,444.53,32.16,69.6,2024,6
2024-06-04 22:45:00+05:30,440.67,32.1,69.69999999999999,2024,6
2024-06-04 23:00:00+05:30,435.68,32.08,69.64000000000001,2024,6
2024-06-04 23:15:00+05:30,434.34,31.98,70.28,2024,6
2024-06-04 23:30:00+05:30,427.68,32.0,70.14000000000001,2024,6
2024-06-04 23:45:00+05:30,423.7,31.94,70.24,2024,6
2024-06-05 00:00:00+05:30,417.94,31.880000000000003,70.6,2024,6
2024-06-05 00:15:00+05:30,412.74,31.82,71.12,2024,6
2024-06-05 00:30:00+05:30,406.95,31.78,71.33999999999999,2024,6
2024-06-05 00:45:00+05:30,400.63,31.74,71.66000000000001,2024,6
2024-06-05 01:00:00+05:30,392.42,31.68,71.84,2024,6
2024-06-05 01:15:00+05:30,386.38,31.6,72.05999999999999,2024,6
2024-06-05 01:30:00+05:30,381.14,31.52,72.53999999999999,2024,6
2024-06-05 01:45:00+05:30,378.65,31.540000000000003,72.74,2024,6
2024-06-05 02:00:00+05:30,371.22,31.46,73.1,2024,6
2024-06-05 02:15:00+05:30,367.07,31.4,72.96000000000001,2024,6
2024-06-05 02:30:00+05:30,366.05,31.46,73.4,2024,6
2024-06-05 02:45:00+05:30,361.72,31.44,73.56,2024,6
2024-06-05 03:00:00+05:30,355.65,31.18,75.52,2024,6
2024-06-05 03:15:00+05:30,354.54,31.1,75.96000000000001,2024,6
2024-06-05 03:30:00+05:30,350.98,31.04,75.85999999999999,2024,6
2024-06-05 03:45:00+05:30,349.28,31.020000000000003,76.74,2024,6
2024-06-05 04:00:00+05:30,346.21,31.040000000000003,76.05999999999999,2024,6
2024-06-05 04:15:00+05:30,344.36,31.04,76.10000000000001,2024,6
2024-06-05 04:30:00+05:30,343.85,31.02,76.14000000000001,2024,6
2024-06-05 04:45:00+05:30,342.83,31.0,76.03999999999999,2024,6
2024-06-05 05:00:00+05:30,342.04,30.98,76.0,2024,6
2024-06-05 05:15:00+05:30,341.4,30.940000000000005,76.2,2024,6
2024-06-05 05:30:00+05:30,344.3,30.880000000000003,76.72,2024,6
2024-06-05 05:45:00+05:30,348.24,30.84,77.14000000000001,2024,6
2024-06-05 06:00:00+05:30,350.38,30.880000000000003,77.06000000000002,2024,6
2024-06-05 06:15:00+05:30,355.96,30.940000000000005,77.53999999999999,2024,6
2024-06-05 06:30:00+05:30,362.92,31.12,77.02000000000001,2024,6
2024-06-05 06:45:00+05:30,369.05,31.28,76.17999999999999,2024,6
2024-06-05 07:00:00+05:30,380.28,31.24,76.34,2024,6
2024-06-05 07:15:00+05:30,395.52,31.3,75.76,2024,6
2024-06-05 07:30:00+05:30,411.65,31.380000000000003,75.56,2024,6
2024-06-05 07:45:00+05:30,432.65,31.58,75.14000000000001,2024,6
2024-06-05 08:00:00+05:30,455.52,31.6,75.8,2024,6
2024-06-05 08:15:00+05:30,478.02,31.660000000000004,74.88000000000001,2024,6
2024-06-05 08:30:00+05:30,465.61,31.84,75.26,2024,6
2024-06-05 08:45:00+05:30,495.03,32.3,74.1,2024,6
2024-06-05 09:00:00+05:30,526.35,32.94,72.8,2024,6
2024-06-05 09:15:00+05:30,544.27,33.32,70.74,2024,6
2024-06-05 09:30:00+05:30,559.68,33.26,70.22,2024,6
2024-06-05 09:45:00+05:30,568.75,33.16,69.94000000000001,2024,6
2024-06-05 10:00:00+05:30,577.5,33.44,69.02000000000001,2024,6
2024-06-05 10:15:00+05:30,584.45,33.660000000000004,67.42,2024,6
2024-06-05 10:30:00+05:30,586.77,33.660000000000004,67.16,2024,6
2024-06-05 10:45:00+05:30,593.08,33.92,65.10000000000001,2024,6
2024-06-05 11:00:00+05:30,596.98,34.32000000000001,63.08,2024,6
2024-06-05 11:15:00+05:30,595.21,34.46,61.65999999999999,2024,6
2024-06-05 11:30:00+05:30,596.59,34.58,60.56,2024,6
2024-06-05 11:45:00+05:30,592.66,34.84,59.220000000000006,2024,6
2024-06-05 12:00:00+05:30,590.79,34.9,58.3,2024,6
2024-06-05 12:15:00+05:30,592.74,35.14,58.48,2024,6
2024-06-05 12:30:00+05:30,592.71,35.22,57.74,2024,6
2024-06-05 12:45:00+05:30,592.29,35.42,57.42,2024,6
2024-06-05 13:00:00+05:30,589.4,35.52,57.31999999999999,2024,6
2024-06-05 13:15:00+05:30,588.81,35.5,57.28,2024,6
2024-06-05 13:30:00+05:30,590.65,35.46,57.64000000000001,2024,6
2024-06-05 13:45:00+05:30,593.35,35.480000000000004,57.3,2024,6
2024-06-05 14:00:00+05:30,601.76,35.739999999999995,55.8,2024,6
2024-06-05 14:15:00+05:30,601.9,35.61999999999999,56.8,2024,6
2024-06-05 14:30:00+05:30,605.47,35.48,57.96,2024,6
2024-06-05 14:45:00+05:30,604.65,35.379999999999995,58.8,2024,6
2024-06-05 15:00:00+05:30,610.49,35.46,58.34,2024,6
2024-06-05 15:15:00+05:30,612.7,35.64,58.17999999999999,2024,6
2024-06-05 15:30:00+05:30,612.06,35.74,57.48,2024,6
2024-06-05 15:45:00+05:30,607.76,35.58,58.88,2024,6
2024-06-05 16:00:00+05:30,605.95,35.7,58.92,2024,6
2024-06-05 16:15:00+05:30,604.71,35.58,58.88,2024,6
2024-06-05 16:30:00+05:30,603.13,35.58,59.90000000000001,2024,6
2024-06-05 16:45:00+05:30,594.78,35.3,60.54,2024,6
2024-06-05 17:00:00+05:30,590.83,35.160000000000004,61.28,2024,6
2024-06-05 17:15:00+05:30,587.53,34.9,62.08,2024,6
2024-06-05 17:30:00+05:30,576.47,35.02,61.6,2024,6
2024-06-05 17:45:00+05:30,565.14,34.58,62.6,2024,6
2024-06-05 18:00:00+05:30,553.41,34.52,62.92,2024,6
2024-06-05 18:15:00+05:30,540.48,33.919999999999995,64.33999999999999,2024,6
2024-06-05 18:30:00+05:30,530.93,33.7,65.03999999999999,2024,6
2024-06-05 18:45:00+05:30,519.85,33.46,66.28,2024,6
2024-06-05 19:00:00+05:30,510.38,33.1,66.97999999999999,2024,6
2024-06-05 19:15:00+05:30,504.45,32.9,68.12,2024,6
2024-06-05 19:30:00+05:30,495.67,32.67999999999999,69.52,2024,6
2024-06-05 19:45:00+05:30,495.82,32.52,69.93999999999998,2024,6
2024-06-05 20:00:00+05:30,487.86,32.480000000000004,70.3,2024,6
2024-06-05 20:15:00+05:30,483.54,32.480000000000004,70.08,2024,6
2024-06-05 20:30:00+05:30,480.95,32.440000000000005,70.43999999999998,2024,6
2024-06-05 20:45:00+05:30,477.14,32.36,70.6,2024,6
2024-06-05 21:00:00+05:30,471.59,32.26,70.64000000000001,2024,6
2024-06-05 21:15:00+05:30,467.08,32.2,71.24000000000001,2024,6
2024-06-05 21:30:00+05:30,459.92,32.2,71.67999999999999,2024,6
2024-06-05 21:45:00+05:30,460.55,32.22,71.53999999999999,2024,6
2024-06-05 22:00:00+05:30,455.28,32.22,70.98,2024,6
2024-06-05 22:15:00+05:30,455.57,32.14,71.38,2024,6
2024-06-05 22:30:00+05:30,452.56,32.14,71.53999999999999,2024,6
2024-06-05 22:45:00+05:30,449.17,32.059999999999995,71.55999999999999,2024,6
2024-06-05 23:00:00+05:30,440.5,32.040000000000006,71.8,2024,6
2024-06-05 23:15:00+05:30,436.59,32.3,70.55,2024,6
2024-06-05 23:30:00+05:30,432.07,31.899999999999995,72.64000000000001,2024,6
2024-06-05 23:45:00+05:30,429.08,31.860000000000003,72.82,2024,6
2024-06-06 00:00:00+05:30,421.22,31.72,73.36,2024,6
2024-06-06 00:15:00+05:30,414.13,31.66,74.0,2024,6
2024-06-06 00:30:00+05:30,407.77,31.64,74.44,2024,6
2024-06-06 00:45:00+05:30,402.03,31.62,74.84,2024,6
2024-06-06 01:00:00+05:30,392.86,31.62,74.84,2024,6
2024-06-06 01:15:00+05:30,390.54,31.6,74.94,2024,6
2024-06-06 01:30:00+05:30,384.63,31.64,75.02,2024,6
2024-06-06 01:45:00+05:30,381.28,31.44,75.96000000000001,2024,6
2024-06-06 02:00:00+05:30,373.39,31.36,76.16,2024,6
2024-06-06 02:15:00+05:30,369.33,31.1,77.1,2024,6
2024-06-06 02:30:00+05:30,364.71,31.1,76.84,2024,6
2024-06-06 02:45:00+05:30,362.11,31.06,77.3,2024,6
2024-06-06 03:00:00+05:30,357.45,31.02,77.74000000000001,2024,6
2024-06-06 03:15:00+05:30,354.69,31.02,78.22,2024,6
2024-06-06 03:30:00+05:30,350.62,30.98,78.5,2024,6
2024-06-06 03:45:00+05:30,348.66,30.92,78.38,2024,6
2024-06-06 04:00:00+05:30,346.5,30.94,78.76,2024,6
2024-06-06 04:15:00+05:30,345.14,30.9,79.08000000000001,2024,6
2024-06-06 04:30:00+05:30,344.23,30.920000000000005,79.14,2024,6
2024-06-06 04:45:00+05:30,342.29,30.860000000000003,79.44,2024,6
2024-06-06 05:00:00+05:30,342.57,30.8,79.4,2024,6
2024-06-06 05:15:00+05:30,344.07,30.7,79.30000000000001,2024,6
2024-06-06 05:30:00+05:30,346.18,30.600000000000005,79.84,2024,6
2024-06-06 05:45:00+05:30,347.52,30.56,80.34,2024,6
2024-06-06 06:00:00+05:30,349.84,30.58,80.22,2024,6
2024-06-06 06:15:00+05:30,353.07,30.74,80.08,2024,6
2024-06-06 06:30:00+05:30,364.05,30.96,78.88,2024,6
2024-06-06 06:45:00+05:30,374.35,31.14,78.52000000000001,2024,6
2024-06-06 07:00:00+05:30,383.57,31.4,77.62,2024,6
2024-06-06 07:15:00+05:30,399.4,31.58,77.49999999999999,2024,6
2024-06-06 07:30:00+05:30,419.14,31.84,76.46000000000001,2024,6
2024-06-06 07:45:00+05:30,439.05,32.14,75.14,2024,6
2024-06-06 08:00:00+05:30,465.16,32.34,73.8,2024,6
2024-06-06 08:15:00+05:30,485.57,32.559999999999995,73.47999999999999,2024,6
2024-06-06 08:30:00+05:30,508.06,32.5,73.46000000000001,2024,6
2024-06-06 08:45:00+05:30,529.05,32.52,73.4,2024,6
2024-06-06 09:00:00+05:30,546.98,32.760000000000005,72.54,2024,6
2024-06-06 09:15:00+05:30,559.67,33.06,71.75999999999999,2024,6
2024-06-06 09:30:00+05:30,574.23,33.32000000000001,69.44,2024,6
2024-06-06 09:45:00+05:30,581.97,33.42,69.1,2024,6
2024-06-06 10:00:00+05:30,586.0,33.58,67.67999999999999,2024,6
2024-06-06 10:15:00+05:30,591.18,34.02,65.7,2024,6
2024-06-06 10:30:00+05:30,594.26,34.3,63.98,2024,6
2024-06-06 10:45:00+05:30,596.31,34.3,63.4,2024,6
2024-06-06 11:00:00+05:30,601.06,34.660000000000004,61.74000000000001,2024,6
2024-06-06 11:15:00+05:30,603.97,34.8,61.540000000000006,2024,6
2024-06-06 11:30:00+05:30,600.82,34.92,61.54,2024,6
2024-06-06 11:45:00+05:30,600.94,34.92,61.14,2024,6
2024-06-06 12:00:00+05:30,603.74,34.94,60.8,2024,6
2024-06-06 12:15:00+05:30,602.12,35.06,61.220000000000006,2024,6
2024-06-06 12:30:00+05:30,597.26,34.94,62.0,2024,6
2024-06-06 12:45:00+05:30,595.73,34.980000000000004,63.08,2024,6
2024-06-06 13:00:00+05:30,594.63,35.059999999999995,61.92,2024,6
2024-06-06 13:15:00+05:30,595.46,35.160000000000004,62.260000000000005,2024,6
2024-06-06 13:30:00+05:30,594.87,35.2,62.46,2024,6
2024-06-06 13:45:00+05:30,597.29,35.54,61.68000000000001,2024,6
2024-06-06 14:00:00+05:30,604.85,35.3,60.96,2024,6
2024-06-06 14:15:00+05:30,612.67,35.14,60.88,2024,6
2024-06-06 14:30:00+05:30,617.54,34.96,61.96,2024,6
2024-06-06 14:45:00+05:30,619.6,34.7,62.67999999999999,2024,6
2024-06-06 15:00:00+05:30,620.86,34.7,62.8,2024,6
2024-06-06 15:15:00+05:30,621.47,34.82,63.260000000000005,2024,6
2024-06-06 15:30:00+05:30,619.47,35.02,62.52,2024,6
2024-06-06 15:45:00+05:30,614.13,34.92,63.78,2024,6
2024-06-06 16:00:00+05:30,610.12,35.220000000000006,63.260000000000005,2024,6
2024-06-06 16:15:00+05:30,608.97,34.86,63.78,2024,6
2024-06-06 16:30:00+05:30,606.31,34.84,63.92,2024,6
2024-06-06 16:45:00+05:30,600.96,34.8,63.14,2024,6
2024-06-06 17:00:00+05:30,591.62,34.72,63.2,2024,6
2024-06-06 17:15:00+05:30,586.09,34.1,64.76,2024,6
2024-06-06 17:30:00+05:30,579.72,33.919999999999995,65.75999999999999,2024,6
2024-06-06 17:45:00+05:30,567.79,33.62,66.88,2024,6
2024-06-06 18:00:00+05:30,553.2,33.279999999999994,67.7,2024,6
2024-06-06 18:15:00+05:30,542.78,33.06,68.68,2024,6
2024-06-06 18:30:00+05:30,528.84,32.92,68.74000000000001,2024,6
2024-06-06 18:45:00+05:30,520.39,32.660000000000004,69.78,2024,6
2024-06-06 19:00:00+05:30,512.58,32.36,70.63999999999999,2024,6
2024-06-06 19:15:00+05:30,506.39,32.3,70.34,2024,6
2024-06-06 19:30:00+05:30,496.5,32.2,70.66,2024,6
2024-06-06 19:45:00+05:30,495.88,32.14,70.5,2024,6
2024-06-06 20:00:00+05:30,484.47,32.08,70.52000000000001,2024,6
2024-06-06 20:15:00+05:30,478.92,32.1,70.5,2024,6
2024-06-06 20:30:00+05:30,473.34,32.04,70.78,2024,6
2024-06-06 20:45:00+05:30,471.04,31.96,70.64,2024,6
2024-06-06 21:00:00+05:30,469.33,31.82,71.36,2024,6
2024-06-06 21:15:00+05:30,461.9,31.76,71.8,2024,6
2024-06-06 21:30:00+05:30,459.21,31.78,71.92,2024,6
2024-06-06 21:45:00+05:30,459.62,31.76,72.36,2024,6
2024-06-06 22:00:00+05:30,450.63,31.72,72.28,2024,6
2024-06-06 22:15:00+05:30,449.02,31.7,71.84,2024,6
2024-06-06 22:30:00+05:30,448.23,31.68,71.94000000000001,2024,6
2024-06-06 22:45:00+05:30,446.58,31.6,72.0,2024,6
2024-06-06 23:00:00+05:30,447.0,31.6,71.96000000000001,2024,6
2024-06-06 23:15:00+05:30,439.0,31.56,72.44,2024,6
2024-06-06 23:30:00+05:30,431.57,31.52,72.34,2024,6
2024-06-06 23:45:00+05:30,426.2,31.46,72.36,2024,6
2024-06-07 00:00:00+05:30,420.33,29.54,82.16000000000001,2024,6
2024-06-07 00:15:00+05:30,415.37,29.56,82.2,2024,6
2024-06-07 00:30:00+05:30,407.91,29.24,84.36,2024,6
2024-06-07 00:45:00+05:30,406.31,28.660000000000004,85.58,2024,6
2024-06-07 01:00:00+05:30,400.37,28.360000000000003,85.58000000000001,2024,6
2024-06-07 01:15:00+05:30,395.25,28.4,85.96000000000001,2024,6
2024-06-07 01:30:00+05:30,389.14,28.140000000000004,87.0,2024,6
2024-06-07 01:45:00+05:30,379.75,28.079999999999995,88.12,2024,6
2024-06-07 02:00:00+05:30,377.26,27.880000000000003,88.70000000000002,2024,6
2024-06-07 02:15:00+05:30,374.34,27.860000000000003,88.96000000000001,2024,6
2024-06-07 02:30:00+05:30,371.11,27.820000000000004,89.3,2024,6
2024-06-07 02:45:00+05:30,366.84,27.9,89.52,2024,6
2024-06-07 03:00:00+05:30,359.63,27.92,89.66,2024,6
2024-06-07 03:15:00+05:30,355.76,28.02,89.52,2024,6
2024-06-07 03:30:00+05:30,352.46,28.1,89.24,2024,6
2024-06-07 03:45:00+05:30,349.82,27.92,89.23999999999998,2024,6
2024-06-07 04:00:00+05:30,350.19,27.9,89.44000000000001,2024,6
2024-06-07 04:15:00+05:30,347.68,27.92,89.66000000000001,2024,6
2024-06-07 04:30:00+05:30,348.13,27.92,90.08,2024,6
2024-06-07 04:45:00+05:30,348.98,27.9,90.18,2024,6
2024-06-07 05:00:00+05:30,349.56,27.9,90.12,2024,6
2024-06-07 05:15:00+05:30,346.78,28.02,89.92,2024,6
2024-06-07 05:30:00+05:30,348.07,27.98,89.91999999999999,2024,6
2024-06-07 05:45:00+05:30,350.04,27.98,89.5,2024,6
2024-06-07 06:00:00+05:30,353.34,27.96,89.6,2024,6
2024-06-07 06:15:00+05:30,356.13,28.0,89.53999999999999,2024,6
2024-06-07 06:30:00+05:30,363.15,28.020000000000003,88.97999999999999,2024,6
2024-06-07 06:45:00+05:30,369.87,28.26,89.14,2024,6
2024-06-07 07:00:00+05:30,381.33,28.46,87.42,2024,6
2024-06-07 07:15:00+05:30,395.86,28.660000000000004,86.78,2024,6
2024-06-07 07:30:00+05:30,413.95,28.74,87.28,2024,6
2024-06-07 07:45:00+05:30,431.78,28.84,87.08,2024,6
2024-06-07 08:00:00+05:30,457.83,28.78,87.1,2024,6
2024-06-07 08:15:00+05:30,476.11,28.22,87.92,2024,6
2024-06-07 08:30:00+05:30,494.33,27.64,89.53999999999999,2024,6
2024-06-07 08:45:00+05:30,515.81,27.3,90.58,2024,6
2024-06-07 09:00:00+05:30,535.43,27.26,91.42,2024,6
2024-06-07 09:15:00+05:30,548.28,27.22,91.36,2024,6
2024-06-07 09:30:00+05:30,561.51,27.42,91.76,2024,6
2024-06-07 09:45:00+05:30,570.73,27.94,90.44,2024,6
2024-06-07 10:00:00+05:30,576.38,28.540000000000003,89.53999999999999,2024,6
2024-06-07 10:15:00+05:30,586.47,29.08,87.34,2024,6
2024-06-07 10:30:00+05:30,589.04,29.46,86.06,2024,6
2024-06-07 10:45:00+05:30,590.94,29.6,85.46000000000001,2024,6
2024-06-07 11:00:00+05:30,599.57,30.08,83.18,2024,6
2024-06-07 11:15:00+05:30,599.39,30.32,81.64,2024,6
2024-06-07 11:30:00+05:30,604.06,30.660000000000004,79.5,2024,6
2024-06-07 11:45:00+05:30,601.0,31.08,77.62,2024,6
2024-06-07 12:00:00+05:30,604.29,31.5,75.4,2024,6
2024-06-07 12:15:00+05:30,604.35,31.48,73.46000000000001,2024,6
2024-06-07 12:30:00+05:30,604.77,31.72,72.92,2024,6
2024-06-07 12:45:00+05:30,599.16,32.26,71.88000000000001,2024,6
2024-06-07 13:00:00+05:30,596.24,31.68,73.18,2024,6
2024-06-07 13:15:00+05:30,598.15,31.34,76.16,2024,6
2024-06-07 13:30:00+05:30,597.78,30.68,76.6,2024,6
2024-06-07 13:45:00+05:30,597.06,30.98,77.97999999999999,2024,6
2024-06-07 14:00:00+05:30,598.25,31.46,75.35999999999999,2024,6
2024-06-07 14:15:00+05:30,598.68,31.54,74.5,2024,6
2024-06-07 14:30:00+05:30,600.98,32.02,72.74000000000001,2024,6
2024-06-07 14:45:00+05:30,607.45,32.02,70.9,2024,6
2024-06-07 15:00:00+05:30,606.85,31.660000000000004,71.44,2024,6
2024-06-07 15:15:00+05:30,608.31,31.56,72.02000000000001,2024,6
2024-06-07 15:30:00+05:30,607.15,31.54,72.52,2024,6
2024-06-07 15:45:00+05:30,605.42,31.74,71.56,2024,6
2024-06-07 16:00:00+05:30,599.42,32.260000000000005,70.94,2024,6
2024-06-07 16:15:00+05:30,595.7,32.64,70.0,2024,6
2024-06-07 16:30:00+05:30,591.62,32.86,69.2,2024,6
2024-06-07 16:45:00+05:30,590.64,32.6,70.22,2024,6
2024-06-07 17:00:00+05:30,582.45,31.880000000000003,71.84,2024,6
2024-06-07 17:15:00+05:30,574.72,31.58,73.56,2024,6
2024-06-07 17:30:00+05:30,567.02,31.860000000000003,73.06,2024,6
2024-06-07 17:45:00+05:30,556.37,31.34,74.46000000000001,2024,6
2024-06-07 18:00:00+05:30,539.33,31.32,75.10000000000001,2024,6
2024-06-07 18:15:00+05:30,527.7,31.360000000000003,75.88000000000001,2024,6
2024-06-07 18:30:00+05:30,518.63,31.140000000000004,76.41999999999999,2024,6
2024-06-07 18:45:00+05:30,511.65,30.9,76.62,2024,6
2024-06-07 19:00:00+05:30,505.27,30.62,77.72,2024,6
2024-06-07 19:15:00+05:30,503.17,30.380000000000003,78.32,2024,6
2024-06-07 19:30:00+05:30,495.73,30.18,78.94000000000001,2024,6
2024-06-07 19:45:00+05:30,492.51,30.14,79.34,2024,6
2024-06-07 20:00:00+05:30,484.56,30.040000000000003,79.84,2024,6
2024-06-07 20:15:00+05:30,474.74,29.94,80.38,2024,6
2024-06-07 20:30:00+05:30,474.23,29.9,81.12,2024,6
2024-06-07 20:45:00+05:30,470.94,29.82,81.78,2024,6
2024-06-07 21:00:00+05:30,463.05,29.72,82.1,2024,6
2024-06-07 21:15:00+05:30,462.56,29.7,82.14000000000001,2024,6
2024-06-07 21:30:00+05:30,457.35,29.660000000000004,82.47999999999999,2024,6
2024-06-07 21:45:00+05:30,457.49,29.600000000000005,82.84,2024,6
2024-06-07 22:00:00+05:30,452.03,29.54,83.3,2024,6
2024-06-07 22:15:00+05:30,447.29,29.46,83.34,2024,6
2024-06-07 22:30:00+05:30,444.0,29.46,83.38,2024,6
2024-06-07 22:45:00+05:30,443.73,29.42,83.53999999999999,2024,6
2024-06-07 23:00:00+05:30,438.95,29.4,83.8,2024,6
2024-06-07 23:15:00+05:30,435.75,29.34,83.78,2024,6
2024-06-07 23:30:00+05:30,432.47,29.3,84.17999999999999,2024,6
2024-06-07 23:45:00+05:30,430.47,29.32,84.14,2024,6
2024-06-08 00:00:00+05:30,424.4632036919578,31.4,72.9,2024,6
2024-06-08 00:15:00+05:30,421.5772272647973,31.4,72.7,2024,6
2024-06-08 00:30:00+05:30,416.0922236367169,31.4,72.6,2024,6
2024-06-08 00:45:00+05:30,407.6494418017744,31.3,72.6,2024,6
2024-06-08 01:00:00+05:30,403.09111402978687,31.3,72.9,2024,6
2024-06-08 01:15:00+05:30,395.31565458442594,31.3,72.9,2024,6
2024-06-08 01:30:00+05:30,390.4227058996266,31.2,73.3,2024,6
2024-06-08 01:45:00+05:30,381.4251741429312,31.2,73.2,2024,6
2024-06-08 02:00:00+05:30,377.2846056478048,31.1,73.8,2024,6
2024-06-08 02:15:00+05:30,371.4963211804288,31.1,74.1,2024,6
2024-06-08 02:30:00+05:30,368.27162870923104,31.0,74.3,2024,6
2024-06-08 02:45:00+05:30,366.3843926281528,31.0,74.7,2024,6
2024-06-08 03:00:00+05:30,363.353974377546,31.0,75.3,2024,6
2024-06-08 03:15:00+05:30,359.732140557646,30.9,75.0,2024,6
2024-06-08 03:30:00+05:30,356.4228796589239,31.0,74.5,2024,6
2024-06-08 03:45:00+05:30,353.895872191041,31.0,74.7,2024,6
2024-06-08 04:00:00+05:30,352.39158543272083,30.9,74.8,2024,6
2024-06-08 04:15:00+05:30,351.2523161688292,30.9,74.7,2024,6
2024-06-08 04:30:00+05:30,351.3724160967529,31.0,74.6,2024,6
2024-06-08 04:45:00+05:30,346.04366901087985,30.8,74.5,2024,6
2024-06-08 05:00:00+05:30,348.593918660457,30.6,74.8,2024,6
2024-06-08 05:15:00+05:30,346.0959106176879,30.2,74.7,2024,6
2024-06-08 05:30:00+05:30,344.23662057162727,29.7,76.2,2024,6
2024-06-08 05:45:00+05:30,343.313542588983,29.5,77.2,2024,6
2024-06-08 06:00:00+05:30,342.739577089804,29.4,77.3,2024,6
2024-06-08 06:15:00+05:30,341.2477685768182,29.2,78.3,2024,6
2024-06-08 06:30:00+05:30,340.85141412871207,29.1,78.8,2024,6
2024-06-08 06:45:00+05:30,345.73240418876065,29.1,78.4,2024,6
2024-06-08 07:00:00+05:30,349.0841308653273,29.2,78.8,2024,6
2024-06-08 07:15:00+05:30,355.9986955488564,29.3,77.7,2024,6
2024-06-08 07:30:00+05:30,363.2371591395479,29.4,77.4,2024,6
2024-06-08 07:45:00+05:30,370.1529554856977,29.6,76.7,2024,6
2024-06-08 08:00:00+05:30,387.3989541097888,29.7,76.3,2024,6
2024-06-08 08:15:00+05:30,400.9817743206893,29.9,76.6,2024,6
2024-06-08 08:30:00+05:30,409.7394969299482,30.3,74.6,2024,6
2024-06-08 08:45:00+05:30,418.7102031672037,30.7,72.3,2024,6
2024-06-08 09:00:00+05:30,433.4489766685055,31.3,70.2,2024,6
2024-06-08 09:15:00+05:30,442.070803042588,31.7,68.6,2024,6
2024-06-08 09:30:00+05:30,454.2084320607756,31.9,67.4,2024,6
2024-06-08 09:45:00+05:30,463.12850451336817,32.4,66.1,2024,6
2024-06-08 10:00:00+05:30,476.954719721509,32.9,64.6,2024,6
2024-06-08 10:15:00+05:30,482.9572315435919,33.4,63.8,2024,6
2024-06-08 10:30:00+05:30,487.7316405176778,33.9,62.3,2024,6
2024-06-08 10:45:00+05:30,495.4031756262128,34.3,60.4,2024,6
2024-06-08 11:00:00+05:30,501.4605837027287,34.2,60.6,2024,6
2024-06-08 11:15:00+05:30,507.506891951427,33.9,60.5,2024,6
2024-06-08 11:30:00+05:30,512.2230410176114,34.2,59.1,2024,6
2024-06-08 11:45:00+05:30,506.2104332276054,34.7,56.6,2024,6
2024-06-08 12:00:00+05:30,506.34629639433234,34.6,58.7,2024,6
2024-06-08 12:15:00+05:30,503.105449578793,34.8,58.6,2024,6
2024-06-08 12:30:00+05:30,506.8149288839417,34.9,57.9,2024,6
2024-06-08 12:45:00+05:30,507.6979476283975,35.0,58.0,2024,6
2024-06-08 13:00:00+05:30,503.8949391408887,35.3,57.8,2024,6
2024-06-08 13:15:00+05:30,506.5808710585539,35.2,58.4,2024,6
2024-06-08 13:30:00+05:30,501.8670927410255,35.4,56.5,2024,6
2024-06-08 13:45:00+05:30,506.22692502117184,35.6,56.9,2024,6
2024-06-08 14:00:00+05:30,512.5811629308009,35.7,56.2,2024,6
2024-06-08 14:15:00+05:30,515.2762193414352,35.8,56.1,2024,6
2024-06-08 14:30:00+05:30,519.6076959199653,35.7,57.9,2024,6
2024-06-08 14:45:00+05:30,520.5293501052337,35.2,60.1,2024,6
2024-06-08 15:00:00+05:30,521.6263971993327,35.1,60.6,2024,6
2024-06-08 15:15:00+05:30,521.5264053632955,35.2,60.4,2024,6
2024-06-08 15:30:00+05:30,521.0747992748542,35.4,60.2,2024,6
2024-06-08 15:45:00+05:30,520.871345248196,35.2,60.3,2024,6
2024-06-08 16:00:00+05:30,517.1257207658609,34.9,60.6,2024,6
2024-06-08 16:15:00+05:30,512.775944302182,34.8,60.2,2024,6
2024-06-08 16:30:00+05:30,511.19154954139617,34.7,61.3,2024,6
2024-06-08 16:45:00+05:30,503.491424946546,34.7,61.2,2024,6
2024-06-08 17:00:00+05:30,494.38700981896966,34.3,62.1,2024,6
2024-06-08 17:15:00+05:30,489.2054822370217,33.9,63.6,2024,6
2024-06-08 17:30:00+05:30,479.0821662186352,33.8,63.6,2024,6
2024-06-08 17:45:00+05:30,473.3662627337608,33.4,65.5,2024,6
2024-06-08 18:00:00+05:30,465.79610774352216,33.2,66.3,2024,6
2024-06-08 18:15:00+05:30,460.7675026314601,32.8,66.6,2024,6
2024-06-08 18:30:00+05:30,458.3950145036277,32.6,66.5,2024,6
2024-06-08 18:45:00+05:30,457.27121679864337,32.5,66.3,2024,6
2024-06-08 19:00:00+05:30,453.2815444268467,32.4,65.8,2024,6
2024-06-08 19:15:00+05:30,449.56598285881154,32.3,65.5,2024,6
2024-06-08 19:30:00+05:30,448.9046315491274,32.2,66.0,2024,6
2024-06-08 19:45:00+05:30,447.8528529441876,32.1,67.0,2024,6
2024-06-08 20:00:00+05:30,446.4786827349493,32.0,67.8,2024,6
2024-06-08 20:15:00+05:30,442.259983670932,32.0,68.4,2024,6
2024-06-08 20:30:00+05:30,440.0359715357071,31.9,69.0,2024,6
2024-06-08 20:45:00+05:30,438.3950497008805,31.8,69.4,2024,6
2024-06-08 21:00:00+05:30,436.9531692173007,31.8,70.0,2024,6
2024-06-08 21:15:00+05:30,434.1608376849896,31.8,70.5,2024,6
2024-06-08 21:30:00+05:30,430.9092950786704,31.7,71.4,2024,6
2024-06-08 21:45:00+05:30,432.72453231285925,31.8,71.7,2024,6
2024-06-08 22:00:00+05:30,431.17228367645305,31.8,72.3,2024,6
2024-06-08 22:15:00+05:30,425.7501114713217,31.7,73.1,2024,6
2024-06-08 22:30:00+05:30,427.2954554601405,31.7,73.6,2024,6
2024-06-08 22:45:00+05:30,425.9980680575041,31.7,74.0,2024,6
2024-06-08 23:00:00+05:30,425.87089022487015,31.7,74.4,2024,6
2024-06-08 23:15:00+05:30,425.0705836056252,31.7,74.6,2024,6
2024-06-08 23:30:00+05:30,424.9935054848125,31.7,75.4,2024,6
2024-06-08 23:45:00+05:30,424.2762604088865,31.6,75.7,2024,6
2024-06-09 00:00:00+05:30,417.0,31.52,76.18,2024,6
2024-06-09 00:15:00+05:30,412.0,31.5,76.28,2024,6
2024-06-09 00:30:00+05:30,402.0,31.46,76.38,2024,6
2024-06-09 00:45:00+05:30,395.0,31.34,74.55999999999999,2024,6
2024-06-09 01:00:00+05:30,385.0,30.78,74.16,2024,6
2024-06-09 01:15:00+05:30,380.0,30.62,75.91999999999999,2024,6
2024-06-09 01:30:00+05:30,373.0,30.5,77.54,2024,6
2024-06-09 01:45:00+05:30,370.0,30.360000000000003,76.0,2024,6
2024-06-09 02:00:00+05:30,365.0,30.32,77.1,2024,6
2024-06-09 02:15:00+05:30,364.0,30.26,79.64,2024,6
2024-06-09 02:30:00+05:30,362.0,30.32,79.84,2024,6
2024-06-09 02:45:00+05:30,359.0,30.34,79.78,2024,6
2024-06-09 03:00:00+05:30,353.0,30.120000000000005,79.0,2024,6
2024-06-09 03:15:00+05:30,351.0,29.94,79.26,2024,6
2024-06-09 03:30:00+05:30,350.0,29.8,80.12,2024,6
2024-06-09 03:45:00+05:30,346.0,29.380000000000003,82.08,2024,6
2024-06-09 04:00:00+05:30,341.0,29.12,82.8,2024,6
2024-06-09 04:15:00+05:30,337.0,29.0,83.0,2024,6
2024-06-09 04:30:00+05:30,334.0,28.98,82.53999999999999,2024,6
2024-06-09 04:45:00+05:30,331.0,28.9,82.53999999999999,2024,6
2024-06-09 05:00:00+05:30,333.0,28.540000000000003,82.58,2024,6
2024-06-09 05:15:00+05:30,328.0,28.360000000000003,82.5,2024,6
2024-06-09 05:30:00+05:30,326.0,28.06,83.67999999999999,2024,6
2024-06-09 05:45:00+05:30,322.0,27.9,84.46000000000001,2024,6
2024-06-09 06:00:00+05:30,321.0,27.9,84.56,2024,6
2024-06-09 06:15:00+05:30,320.0,27.92,85.28,2024,6
2024-06-09 06:30:00+05:30,316.0,27.92,85.32,2024,6
2024-06-09 06:45:00+05:30,315.0,27.9,85.42,2024,6
2024-06-09 07:00:00+05:30,313.0,27.940000000000005,86.3,2024,6
2024-06-09 07:15:00+05:30,318.0,27.82,87.08,2024,6
2024-06-09 07:30:00+05:30,320.0,27.7,87.78,2024,6
2024-06-09 07:45:00+05:30,319.0,27.76,87.82000000000001,2024,6
2024-06-09 08:00:00+05:30,327.0,27.74,88.17999999999999,2024,6
2024-06-09 08:15:00+05:30,330.0,27.82,88.02,2024,6
2024-06-09 08:30:00+05:30,331.0,27.92,87.7,2024,6
2024-06-09 08:45:00+05:30,335.0,28.0,87.17999999999999,2024,6
2024-06-09 09:00:00+05:30,341.0,27.92,87.06,2024,6
2024-06-09 09:15:00+05:30,346.0,28.04,86.0,2024,6
2024-06-09 09:30:00+05:30,348.0,28.22,84.17999999999999,2024,6
2024-06-09 09:45:00+05:30,348.0,28.579999999999995,83.12,2024,6
2024-06-09 10:00:00+05:30,353.0,28.92,81.72,2024,6
2024-06-09 10:15:00+05:30,355.0,29.18,80.36,2024,6
2024-06-09 10:30:00+05:30,358.0,29.26,79.36,2024,6
2024-06-09 10:45:00+05:30,363.0,29.380000000000003,79.04,2024,6
2024-06-09 11:00:00+05:30,365.0,29.540000000000003,80.12,2024,6
2024-06-09 11:15:00+05:30,367.0,29.7,79.16,2024,6
2024-06-09 11:30:00+05:30,369.0,30.18,78.2,2024,6
2024-06-09 11:45:00+05:30,370.0,30.62,76.98,2024,6
2024-06-09 12:00:00+05:30,373.0,31.225,74.95,2024,6
2024-06-09 12:15:00+05:30,375.0,31.35,73.625,2024,6
2024-06-09 12:30:00+05:30,375.0,31.58,73.44,2024,6
2024-06-09 12:45:00+05:30,376.0,31.860000000000003,72.16,2024,6
2024-06-09 13:00:00+05:30,374.0,32.120000000000005,71.1,2024,6
2024-06-09 13:15:00+05:30,375.0,32.18,70.32,2024,6
2024-06-09 13:30:00+05:30,377.0,32.34,69.55999999999999,2024,6
2024-06-09 13:45:00+05:30,380.0,32.08,70.05999999999999,2024,6
2024-06-09 14:00:00+05:30,389.0,31.92,70.3,2024,6
2024-06-09 14:15:00+05:30,391.0,31.940000000000005,70.6,2024,6
2024-06-09 14:30:00+05:30,392.0,32.3,69.85999999999999,2024,6
2024-06-09 14:45:00+05:30,392.0,32.26,70.82000000000001,2024,6
2024-06-09 15:00:00+05:30,392.0,32.34,70.7,2024,6
2024-06-09 15:15:00+05:30,392.0,32.26,71.1,2024,6
2024-06-09 15:30:00+05:30,391.0,32.559999999999995,70.03999999999999,2024,6
2024-06-09 15:45:00+05:30,391.0,32.58,70.34,2024,6
2024-06-09 16:00:00+05:30,395.0,32.660000000000004,70.24000000000001,2024,6
2024-06-09 16:15:00+05:30,392.0,32.72,70.16,2024,6
2024-06-09 16:30:00+05:30,391.0,32.64,70.33999999999999,2024,6
2024-06-09 16:45:00+05:30,388.0,32.559999999999995,71.05999999999999,2024,6
2024-06-09 17:00:00+05:30,390.0,32.96,70.46,2024,6
2024-06-09 17:15:00+05:30,396.0,33.08,70.25999999999999,2024,6
2024-06-09 17:30:00+05:30,395.0,32.62,71.78,2024,6
2024-06-09 17:45:00+05:30,385.0,32.42,72.66,2024,6
2024-06-09 18:00:00+05:30,388.0,32.38,72.9,2024,6
2024-06-09 18:15:00+05:30,389.0,31.84,74.44,2024,6
2024-06-09 18:30:00+05:30,392.0,31.56,75.1,2024,6
2024-06-09 18:45:00+05:30,393.0,31.44,75.66,2024,6
2024-06-09 19:00:00+05:30,398.0,31.34,75.86000000000001,2024,6
2024-06-09 19:15:00+05:30,402.0,31.26,76.30000000000001,2024,6
2024-06-09 19:30:00+05:30,402.0,31.12,76.96000000000001,2024,6
2024-06-09 19:45:00+05:30,407.0,31.020000000000003,76.16,2024,6
2024-06-09 20:00:00+05:30,408.0,30.94,77.41999999999999,2024,6
2024-06-09 20:15:00+05:30,407.0,30.96,78.1,2024,6
2024-06-09 20:30:00+05:30,407.0,30.74,80.25999999999999,2024,6
2024-06-09 20:45:00+05:30,406.0,30.54,80.9,2024,6
2024-06-09 21:00:00+05:30,403.0,30.28,82.34,2024,6
2024-06-09 21:15:00+05:30,404.0,30.2,82.74000000000001,2024,6
2024-06-09 21:30:00+05:30,399.0,30.18,84.1,2024,6
2024-06-09 21:45:00+05:30,395.0,29.880000000000003,84.42,2024,6
2024-06-09 22:00:00+05:30,387.0,29.52,85.12,2024,6
2024-06-09 22:15:00+05:30,379.0,29.06,85.85999999999999,2024,6
2024-06-09 22:30:00+05:30,376.0,28.72,87.7,2024,6
2024-06-09 22:45:00+05:30,369.0,28.04,87.08000000000001,2024,6
2024-06-09 23:00:00+05:30,361.0,27.6,88.38,2024,6
2024-06-09 23:15:00+05:30,356.0,27.360000000000003,89.22,2024,6
2024-06-09 23:30:00+05:30,351.0,27.08,90.66,2024,6
2024-06-09 23:45:00+05:30,345.0,26.76,91.9,2024,6
2024-06-10 00:00:00+05:30,342.98409927617325,26.5,92.4,2024,6
2024-06-10 00:15:00+05:30,340.0802412494028,26.2,92.8,2024,6
2024-06-10 00:30:00+05:30,332.79240593313096,26.2,92.8,2024,6
2024-06-10 00:45:00+05:30,331.86963118657206,26.3,92.4,2024,6
2024-06-10 01:00:00+05:30,329.900079778383,26.4,92.0,2024,6
2024-06-10 01:15:00+05:30,323.8369055085933,26.4,91.8,2024,6
2024-06-10 01:30:00+05:30,319.80462812602786,26.5,91.7,2024,6
2024-06-10 01:45:00+05:30,318.9222788632744,26.5,91.4,2024,6
2024-06-10 02:00:00+05:30,313.1915445932981,26.5,91.3,2024,6
2024-06-10 02:15:00+05:30,311.34220432010443,26.6,91.6,2024,6
2024-06-10 02:30:00+05:30,310.51561660037146,26.6,91.5,2024,6
2024-06-10 02:45:00+05:30,304.33072380397704,26.6,92.0,2024,6
2024-06-10 03:00:00+05:30,303.7483924442173,26.6,92.2,2024,6
2024-06-10 03:15:00+05:30,301.5104057646068,26.7,91.9,2024,6
2024-06-10 03:30:00+05:30,297.7352938101749,26.7,91.7,2024,6
2024-06-10 03:45:00+05:30,297.11649336757154,26.7,91.7,2024,6
2024-06-10 04:00:00+05:30,295.8352859716077,26.6,92.2,2024,6
2024-06-10 04:15:00+05:30,294.1409387415221,26.7,92.1,2024,6
2024-06-10 04:30:00+05:30,293.4180305104732,26.7,92.0,2024,6
2024-06-10 04:45:00+05:30,294.0111064965032,26.8,92.1,2024,6
2024-06-10 05:00:00+05:30,297.57171245377816,26.7,91.9,2024,6
2024-06-10 05:15:00+05:30,296.0882183606047,26.7,91.8,2024,6
2024-06-10 05:30:00+05:30,302.8708689440508,26.7,92.0,2024,6
2024-06-10 05:45:00+05:30,307.6157399565228,26.7,92.1,2024,6
2024-06-10 06:00:00+05:30,315.1514255698421,26.9,92.3,2024,6
2024-06-10 06:15:00+05:30,319.94893954541305,26.9,92.3,2024,6
2024-06-10 06:30:00+05:30,327.4233204323352,27.1,92.2,2024,6
2024-06-10 06:45:00+05:30,337.149184572596,27.3,91.6,2024,6
2024-06-10 07:00:00+05:30,349.0874278281254,27.4,91.2,2024,6
2024-06-10 07:15:00+05:30,364.88692482727095,27.4,90.9,2024,6
2024-06-10 07:30:00+05:30,381.8728184016,27.5,90.4,2024,6
2024-06-10 07:45:00+05:30,398.147416705404,27.7,89.6,2024,6
2024-06-10 08:00:00+05:30,425.3874193755103,27.8,89.7,2024,6
2024-06-10 08:15:00+05:30,448.4961139018062,27.8,88.8,2024,6
2024-06-10 08:30:00+05:30,461.97986951182605,27.9,88.7,2024,6
2024-06-10 08:45:00+05:30,477.102505891074,28.0,88.4,2024,6
2024-06-10 09:00:00+05:30,494.0640040564515,28.3,87.8,2024,6
2024-06-10 09:15:00+05:30,509.9133871517676,28.5,86.7,2024,6
2024-06-10 09:30:00+05:30,521.3167911057683,28.9,85.7,2024,6
2024-06-10 09:45:00+05:30,529.030845730603,29.0,84.3,2024,6
2024-06-10 10:00:00+05:30,538.0951264602121,29.2,83.5,2024,6
2024-06-10 10:15:00+05:30,546.8953111221921,29.4,83.1,2024,6
2024-06-10 10:30:00+05:30,548.0933831799632,29.7,81.5,2024,6
2024-06-10 10:45:00+05:30,557.4837643255538,29.9,79.9,2024,6
2024-06-10 11:00:00+05:30,558.3294364245437,30.2,78.8,2024,6
2024-06-10 11:15:00+05:30,560.936929233032,30.6,77.5,2024,6
2024-06-10 11:30:00+05:30,556.2370938543646,30.7,76.6,2024,6
2024-06-10 11:45:00+05:30,555.685494385531,31.0,75.9,2024,6
2024-06-10 12:00:00+05:30,556.3270534547988,31.0,75.3,2024,6
2024-06-10 12:15:00+05:30,553.0876844902998,31.1,75.1,2024,6
2024-06-10 12:30:00+05:30,555.577351144101,31.5,73.7,2024,6
2024-06-10 12:45:00+05:30,553.8129189449154,31.8,72.6,2024,6
2024-06-10 13:00:00+05:30,553.34239744258,31.9,71.4,2024,6
2024-06-10 13:15:00+05:30,549.3668696623357,31.6,71.9,2024,6
2024-06-10 13:30:00+05:30,547.444582953353,31.2,73.1,2024,6
2024-06-10 13:45:00+05:30,543.1651858543026,31.2,72.9,2024,6
2024-06-10 14:00:00+05:30,551.8829185281071,31.7,71.8,2024,6
2024-06-10 14:15:00+05:30,554.314466723322,31.8,71.1,2024,6
2024-06-10 14:30:00+05:30,557.622315315553,31.8,70.7,2024,6
2024-06-10 14:45:00+05:30,552.0976830613856,31.7,70.8,2024,6
2024-06-10 15:00:00+05:30,551.7242191880922,31.6,71.1,2024,6
2024-06-10 15:15:00+05:30,551.5960447041094,31.6,71.9,2024,6
2024-06-10 15:30:00+05:30,548.96217404172,31.7,71.9,2024,6
2024-06-10 15:45:00+05:30,547.3811066976093,31.4,72.7,2024,6
2024-06-10 16:00:00+05:30,548.5066144126425,31.3,73.5,2024,6
2024-06-10 16:15:00+05:30,547.0038641108938,31.0,74.2,2024,6
2024-06-10 16:30:00+05:30,543.9618752570866,30.8,74.7,2024,6
2024-06-10 16:45:00+05:30,536.8142101389179,30.8,75.3,2024,6
2024-06-10 17:00:00+05:30,527.8427709954167,30.7,75.7,2024,6
2024-06-10 17:15:00+05:30,525.1447880204033,30.6,76.5,2024,6
2024-06-10 17:30:00+05:30,520.9725803866276,30.5,76.7,2024,6
2024-06-10 17:45:00+05:30,515.5971992074142,30.5,77.4,2024,6
2024-06-10 18:00:00+05:30,506.0989030779161,30.4,77.8,2024,6
2024-06-10 18:15:00+05:30,495.9176073380421,30.3,78.5,2024,6
2024-06-10 18:30:00+05:30,490.1257649222816,29.7,81.6,2024,6
2024-06-10 18:45:00+05:30,483.0953952770829,29.4,83.2,2024,6
2024-06-10 19:00:00+05:30,476.6601321062176,29.4,84.4,2024,6
2024-06-10 19:15:00+05:30,468.9634443601535,29.4,84.8,2024,6
2024-06-10 19:30:00+05:30,465.3277137234236,29.3,84.9,2024,6
2024-06-10 19:45:00+05:30,457.62167741129,29.2,85.2,2024,6
2024-06-10 20:00:00+05:30,447.5301867174133,29.1,85.3,2024,6
2024-06-10 20:15:00+05:30,436.8793164326346,28.9,87.0,2024,6
2024-06-10 20:30:00+05:30,430.864446893885,28.4,89.0,2024,6
2024-06-10 20:45:00+05:30,425.5433461439307,28.2,90.2,2024,6
2024-06-10 21:00:00+05:30,417.56908172581234,28.1,91.0,2024,6
2024-06-10 21:15:00+05:30,409.68991455429415,27.8,91.0,2024,6
2024-06-10 21:30:00+05:30,404.1351258017591,27.5,91.6,2024,6
2024-06-10 21:45:00+05:30,404.0403092281061,27.4,91.8,2024,6
2024-06-10 22:00:00+05:30,398.8112604205084,27.4,91.8,2024,6
2024-06-10 22:15:00+05:30,395.8180364694924,27.5,91.8,2024,6
2024-06-10 22:30:00+05:30,390.95938208462354,27.5,91.7,2024,6
2024-06-10 22:45:00+05:30,387.7352345823167,27.4,91.6,2024,6
2024-06-10 23:00:00+05:30,385.8476722830543,27.5,91.2,2024,6
2024-06-10 23:15:00+05:30,381.2452960277878,27.6,91.3,2024,6
2024-06-10 23:30:00+05:30,374.40953350110783,27.6,91.3,2024,6
2024-06-10 23:45:00+05:30,371.4594517230215,27.7,91.3,2024,6
2024-06-11 00:00:00+05:30,364.8757190682952,27.8,91.0,2024,6
2024-06-11 00:15:00+05:30,359.0604059296892,27.8,90.9,2024,6
2024-06-11 00:30:00+05:30,351.0367646116499,27.8,90.8,2024,6
2024-06-11 00:45:00+05:30,345.2915175864028,27.8,90.9,2024,6
2024-06-11 01:00:00+05:30,340.9597480016723,27.7,91.2,2024,6
2024-06-11 01:15:00+05:30,337.34963068545045,27.6,90.3,2024,6
2024-06-11 01:30:00+05:30,329.11579944310506,27.5,89.9,2024,6
2024-06-11 01:45:00+05:30,322.06876645133445,27.4,90.2,2024,6
2024-06-11 02:00:00+05:30,319.0098670865078,27.4,91.0,2024,6
2024-06-11 02:15:00+05:30,314.0053656061303,27.4,91.1,2024,6
2024-06-11 02:30:00+05:30,315.3724138495065,27.4,91.2,2024,6
2024-06-11 02:45:00+05:30,311.87201153490963,27.4,90.4,2024,6
2024-06-11 03:00:00+05:30,311.14830532525707,27.4,90.1,2024,6
2024-06-11 03:15:00+05:30,307.1248998917791,27.3,89.9,2024,6
2024-06-11 03:30:00+05:30,305.38058989786,27.3,90.7,2024,6
2024-06-11 03:45:00+05:30,303.1786473268272,27.3,91.0,2024,6
2024-06-11 04:00:00+05:30,301.5967348988548,27.4,90.7,2024,6
2024-06-11 04:15:00+05:30,302.03999046149875,27.4,90.1,2024,6
2024-06-11 04:30:00+05:30,301.4840813938497,27.4,89.5,2024,6
2024-06-11 04:45:00+05:30,301.3849543053673,27.5,89.3,2024,6
2024-06-11 05:00:00+05:30,303.9375434096156,27.5,89.6,2024,6
2024-06-11 05:15:00+05:30,306.0608151769204,27.6,89.8,2024,6
2024-06-11 05:30:00+05:30,309.029673630001,27.5,90.5,2024,6
2024-06-11 05:45:00+05:30,313.04748622376127,27.6,90.9,2024,6
2024-06-11 06:00:00+05:30,319.3294759385236,27.6,90.8,2024,6
2024-06-11 06:15:00+05:30,326.5775783926324,27.6,90.6,2024,6
2024-06-11 06:30:00+05:30,337.4028685693175,27.6,90.9,2024,6
2024-06-11 06:45:00+05:30,349.8888616530656,27.7,91.2,2024,6
2024-06-11 07:00:00+05:30,358.3529488421044,27.8,91.6,2024,6
2024-06-11 07:15:00+05:30,368.3395514608893,27.7,91.6,2024,6
2024-06-11 07:30:00+05:30,383.8482094213396,27.9,91.2,2024,6
2024-06-11 07:45:00+05:30,405.55748657844345,28.2,90.1,2024,6
2024-06-11 08:00:00+05:30,430.4113179619951,28.5,89.7,2024,6
2024-06-11 08:15:00+05:30,447.67741163647247,28.8,88.7,2024,6
2024-06-11 08:30:00+05:30,469.2109924579172,29.1,88.1,2024,6
2024-06-11 08:45:00+05:30,483.5988761172389,29.6,86.5,2024,6
2024-06-11 09:00:00+05:30,502.4572253237413,30.3,84.1,2024,6
2024-06-11 09:15:00+05:30,516.7527143957524,30.7,82.2,2024,6
2024-06-11 09:30:00+05:30,529.0680140444894,31.0,81.6,2024,6
2024-06-11 09:45:00+05:30,540.7209514842929,31.0,80.6,2024,6
2024-06-11 10:00:00+05:30,549.491814162993,31.0,79.6,2024,6
2024-06-11 10:15:00+05:30,558.9695841400247,31.5,77.7,2024,6
2024-06-11 10:30:00+05:30,562.9608017815334,31.8,76.3,2024,6
2024-06-11 10:45:00+05:30,564.1779790237495,32.0,75.6,2024,6
2024-06-11 11:00:00+05:30,571.8449631535317,32.1,74.7,2024,6
2024-06-11 11:15:00+05:30,571.2852401846909,32.5,73.3,2024,6
2024-06-11 11:30:00+05:30,569.8462369234045,32.5,73.0,2024,6
2024-06-11 11:45:00+05:30,567.9267013272856,31.6,77.0,2024,6
2024-06-11 12:00:00+05:30,565.6984133375074,31.2,78.4,2024,6
2024-06-11 12:15:00+05:30,563.5305136613688,30.7,80.1,2024,6
2024-06-11 12:30:00+05:30,561.035316456745,31.0,79.5,2024,6
2024-06-11 12:45:00+05:30,555.6484400571787,30.8,79.3,2024,6
2024-06-11 13:00:00+05:30,552.7042218151901,30.5,80.9,2024,6
2024-06-11 13:15:00+05:30,550.2230857833665,30.2,82.7,2024,6
2024-06-11 13:30:00+05:30,546.6787800719371,30.2,83.1,2024,6
2024-06-11 13:45:00+05:30,546.2404111083754,30.3,83.4,2024,6
2024-06-11 14:00:00+05:30,548.0929832389178,30.3,84.0,2024,6
2024-06-11 14:15:00+05:30,551.1444769091399,30.5,84.8,2024,6
2024-06-11 14:30:00+05:30,554.446673349978,30.8,82.6,2024,6
2024-06-11 14:45:00+05:30,551.0157341748654,30.7,81.6,2024,6
2024-06-11 15:00:00+05:30,551.6040927263565,30.9,81.0,2024,6
2024-06-11 15:15:00+05:30,553.1345175364486,30.8,80.8,2024,6
2024-06-11 15:30:00+05:30,547.5682665456042,30.8,80.7,2024,6
2024-06-11 15:45:00+05:30,547.9035042187024,31.1,79.7,2024,6
2024-06-11 16:00:00+05:30,548.0576935838427,31.4,79.1,2024,6
2024-06-11 16:15:00+05:30,545.6291620139951,31.9,76.8,2024,6
2024-06-11 16:30:00+05:30,545.3160754974479,31.9,75.9,2024,6
2024-06-11 16:45:00+05:30,543.7136014202131,31.8,76.1,2024,6
2024-06-11 17:00:00+05:30,537.2694407750117,31.8,76.8,2024,6
2024-06-11 17:15:00+05:30,530.5956033696575,32.0,76.3,2024,6
2024-06-11 17:30:00+05:30,522.9710352295049,32.1,75.9,2024,6
2024-06-11 17:45:00+05:30,516.4067317126703,31.1,76.7,2024,6
2024-06-11 18:00:00+05:30,503.685841429244,30.9,77.0,2024,6
2024-06-11 18:15:00+05:30,493.2494385603909,30.7,77.6,2024,6
2024-06-11 18:30:00+05:30,485.3912378558905,30.5,78.2,2024,6
2024-06-11 18:45:00+05:30,477.6789329577016,30.1,80.7,2024,6
2024-06-11 19:00:00+05:30,469.6662269836784,30.0,82.5,2024,6
2024-06-11 19:15:00+05:30,467.6322468062217,30.0,83.6,2024,6
2024-06-11 19:30:00+05:30,463.4198623683724,30.0,84.4,2024,6
2024-06-11 19:45:00+05:30,456.4443697285936,29.9,85.4,2024,6
2024-06-11 20:00:00+05:30,449.5041597682823,29.9,85.9,2024,6
2024-06-11 20:15:00+05:30,446.3042808167962,29.8,86.1,2024,6
2024-06-11 20:30:00+05:30,446.3431145938043,29.9,86.2,2024,6
2024-06-11 20:45:00+05:30,437.1970907600007,29.8,86.2,2024,6
2024-06-11 21:00:00+05:30,430.80678129118365,29.8,86.2,2024,6
2024-06-11 21:15:00+05:30,429.4809864755486,29.8,86.5,2024,6
2024-06-11 21:30:00+05:30,423.2569689343928,29.8,86.5,2024,6
2024-06-11 21:45:00+05:30,419.9708793600642,29.7,86.3,2024,6
2024-06-11 22:00:00+05:30,414.46948385144185,29.7,86.1,2024,6
2024-06-11 22:15:00+05:30,410.1546918933466,29.7,86.1,2024,6
2024-06-11 22:30:00+05:30,406.01118041543424,29.7,86.1,2024,6
2024-06-11 22:45:00+05:30,403.9029980716245,29.7,86.3,2024,6
2024-06-11 23:00:00+05:30,398.0379033004699,29.7,86.0,2024,6
2024-06-11 23:15:00+05:30,394.5527723479085,29.7,86.0,2024,6
2024-06-11 23:30:00+05:30,389.2913687799469,29.7,86.1,2024,6
2024-06-11 23:45:00+05:30,383.1366884406208,29.7,86.3,2024,6
2024-06-12 00:00:00+05:30,379.9372440880245,29.620000000000005,86.4,2024,6
2024-06-12 00:15:00+05:30,375.6634292267426,29.620000000000005,86.46,2024,6
2024-06-12 00:30:00+05:30,367.86037149047417,29.620000000000005,86.54,2024,6
2024-06-12 00:45:00+05:30,361.8706810534735,29.58,86.67999999999999,2024,6
2024-06-12 01:00:00+05:30,355.4071627257537,29.58,86.84,2024,6
2024-06-12 01:15:00+05:30,348.7091464078737,29.540000000000003,87.02000000000001,2024,6
2024-06-12 01:30:00+05:30,342.7355848806664,29.540000000000003,87.06,2024,6
2024-06-12 01:45:00+05:30,337.2034189758405,29.48,87.03999999999999,2024,6
2024-06-12 02:00:00+05:30,333.34141289561313,29.46,87.17999999999999,2024,6
2024-06-12 02:15:00+05:30,329.71125229013927,29.440000000000005,87.12,2024,6
2024-06-12 02:30:00+05:30,327.22753976608294,29.48,86.94000000000001,2024,6
2024-06-12 02:45:00+05:30,325.28435064694816,29.5,86.5,2024,6
2024-06-12 03:00:00+05:30,323.7897140163465,29.52,86.4,2024,6
2024-06-12 03:15:00+05:30,322.1484689523064,29.48,86.58,2024,6
2024-06-12 03:30:00+05:30,319.8454588586862,29.320000000000004,85.64,2024,6
2024-06-12 03:45:00+05:30,316.13069528643285,29.18,86.47999999999999,2024,6
2024-06-12 04:00:00+05:30,314.1763957583772,29.1,86.25999999999999,2024,6
2024-06-12 04:15:00+05:30,314.021203243656,29.1,86.25999999999999,2024,6
2024-06-12 04:30:00+05:30,312.57537066848937,29.08,86.56,2024,6
2024-06-12 04:45:00+05:30,310.25872375172787,28.94,86.12,2024,6
2024-06-12 05:00:00+05:30,316.57248886372923,28.94,86.24,2024,6
2024-06-12 05:15:00+05:30,317.14800923856444,28.94,86.4,2024,6
2024-06-12 05:30:00+05:30,320.8482673965883,28.9,87.14,2024,6
2024-06-12 05:45:00+05:30,322.13745319875653,28.84,87.88,2024,6
2024-06-12 06:00:00+05:30,326.4773296952199,28.68,88.99999999999999,2024,6
2024-06-12 06:15:00+05:30,331.5556343218724,28.72,89.26,2024,6
2024-06-12 06:30:00+05:30,340.3049118072183,28.76,89.1,2024,6
2024-06-12 06:45:00+05:30,347.3883743108162,28.92,88.62,2024,6
2024-06-12 07:00:00+05:30,360.7367899455991,29.08,88.75999999999999,2024,6
2024-06-12 07:15:00+05:30,373.7506108468375,29.160000000000004,89.02000000000001,2024,6
2024-06-12 07:30:00+05:30,391.6191507888,29.18,88.66,2024,6
2024-06-12 07:45:00+05:30,409.69915741933386,28.52,87.34,2024,6
2024-06-12 08:00:00+05:30,431.27155895848455,28.48,86.93999999999998,2024,6
2024-06-12 08:15:00+05:30,450.623348131016,28.84,86.44,2024,6
2024-06-12 08:30:00+05:30,469.6874777160348,29.14,85.64,2024,6
2024-06-12 08:45:00+05:30,486.6673603927503,29.44,84.97999999999999,2024,6
2024-06-12 09:00:00+05:30,500.1929479113386,29.640000000000004,84.34,2024,6
2024-06-12 09:15:00+05:30,513.864288520759,29.92,83.69999999999999,2024,6
2024-06-12 09:30:00+05:30,523.8330167785895,30.54,82.98,2024,6
2024-06-12 09:45:00+05:30,535.6187199116629,30.78,82.06,2024,6
2024-06-12 10:00:00+05:30,543.4225592227418,31.24,80.72,2024,6
2024-06-12 10:15:00+05:30,549.5464268981024,31.56,80.38000000000001,2024,6
2024-06-12 10:30:00+05:30,556.7914800635549,31.88000000000001,78.28,2024,6
2024-06-12 10:45:00+05:30,561.3701626607962,32.120000000000005,75.54,2024,6
2024-06-12 11:00:00+05:30,563.0513310429264,32.18,74.49999999999999,2024,6
2024-06-12 11:15:00+05:30,564.6220292516306,32.44,74.12,2024,6
2024-06-12 11:30:00+05:30,562.2682129562365,32.2,74.42,2024,6
2024-06-12 11:45:00+05:30,562.7253803570844,32.34,74.2,2024,6
2024-06-12 12:00:00+05:30,563.1997500832089,32.660000000000004,70.64000000000001,2024,6
2024-06-12 12:15:00+05:30,558.9449857193351,32.8,69.34,2024,6
2024-06-12 12:30:00+05:30,557.9184861543661,33.0,69.36,2024,6
2024-06-12 12:45:00+05:30,559.4519710151598,33.3,69.16,2024,6
2024-06-12 13:00:00+05:30,556.9039676405511,33.36,68.22,2024,6
2024-06-12 13:15:00+05:30,551.0010977968188,33.260000000000005,67.97999999999999,2024,6
2024-06-12 13:30:00+05:30,553.6865501672156,33.32000000000001,68.67999999999999,2024,6
2024-06-12 13:45:00+05:30,555.8559826344576,33.5,67.53999999999999,2024,6
2024-06-12 14:00:00+05:30,559.5465764752817,33.8,66.35999999999999,2024,6
2024-06-12 14:15:00+05:30,563.808826141356,33.72,66.04,2024,6
2024-06-12 14:30:00+05:30,566.3269151119455,33.7,66.24000000000001,2024,6
2024-06-12 14:45:00+05:30,567.0936544277262,33.78,66.64000000000001,2024,6
2024-06-12 15:00:00+05:30,567.6939981796575,33.86,65.58000000000001,2024,6
2024-06-12 15:15:00+05:30,571.2910224122639,34.059999999999995,65.4,2024,6
2024-06-12 15:30:00+05:30,571.4262554608039,33.84,66.74,2024,6
2024-06-12 15:45:00+05:30,567.2564196369489,33.540000000000006,66.58000000000001,2024,6
2024-06-12 16:00:00+05:30,567.1591330480904,33.62,67.18,2024,6
2024-06-12 16:15:00+05:30,564.8965311412492,33.739999999999995,66.42,2024,6
2024-06-12 16:30:00+05:30,564.4115121779522,33.84,65.36,2024,6
2024-06-12 16:45:00+05:30,561.973307337012,34.14,65.14,2024,6
2024-06-12 17:00:00+05:30,557.7684358959357,34.379999999999995,64.58000000000001,2024,6
2024-06-12 17:15:00+05:30,553.507813907613,33.4,67.04,2024,6
2024-06-12 17:30:00+05:30,546.4146032669962,33.08,67.72,2024,6
2024-06-12 17:45:00+05:30,534.7138985981834,33.5,67.24000000000001,2024,6
2024-06-12 18:00:00+05:30,523.78434370771,33.2,68.08000000000001,2024,6
2024-06-12 18:15:00+05:30,510.8914392324301,33.14,68.02,2024,6
2024-06-12 18:30:00+05:30,503.2527591922674,32.76,68.82,2024,6
2024-06-12 18:45:00+05:30,496.63016024010864,32.32,70.56,2024,6
2024-06-12 19:00:00+05:30,486.7207527044566,31.82,71.96000000000001,2024,6
2024-06-12 19:15:00+05:30,480.2842597873257,31.58,72.9,2024,6
2024-06-12 19:30:00+05:30,477.4034861791923,31.380000000000003,74.55999999999999,2024,6
2024-06-12 19:45:00+05:30,469.7243203487854,31.160000000000004,75.96,2024,6
2024-06-12 20:00:00+05:30,462.90569618698254,30.96,76.62,2024,6
2024-06-12 20:15:00+05:30,457.52840365981285,30.98,76.53999999999999,2024,6
2024-06-12 20:30:00+05:30,452.2650712100108,30.94,77.28,2024,6
2024-06-12 20:45:00+05:30,447.6512768480843,30.84,77.64,2024,6
2024-06-12 21:00:00+05:30,445.4625868203016,30.84,77.64,2024,6
2024-06-12 21:15:00+05:30,441.1538267353496,30.8,77.66,2024,6
2024-06-12 21:30:00+05:30,436.679295114091,30.68,77.79999999999998,2024,6
2024-06-12 21:45:00+05:30,430.9429526153311,30.6,77.46,2024,6
2024-06-12 22:00:00+05:30,427.13365999661295,30.6,77.28,2024,6
2024-06-12 22:15:00+05:30,421.5610149418178,30.54,77.47999999999999,2024,6
2024-06-12 22:30:00+05:30,419.1627112643922,30.54,77.64000000000001,2024,6
2024-06-12 22:45:00+05:30,417.8626354310508,30.54,77.52,2024,6
2024-06-12 23:00:00+05:30,412.5847096929216,30.559999999999995,78.31999999999998,2024,6
2024-06-12 23:15:00+05:30,410.7099179616784,30.5,79.38000000000001,2024,6
2024-06-12 23:30:00+05:30,403.84303520715247,30.42,79.72,2024,6
2024-06-12 23:45:00+05:30,400.1404625627204,30.44,79.5,2024,6
2024-06-13 00:00:00+05:30,395.0,30.4,79.3,2024,6
2024-06-13 00:15:00+05:30,389.0,30.3,79.6,2024,6
2024-06-13 00:30:00+05:30,381.0,30.3,78.9,2024,6
2024-06-13 00:45:00+05:30,376.0,30.3,78.7,2024,6
2024-06-13 01:00:00+05:30,368.0,30.2,79.8,2024,6
2024-06-13 01:15:00+05:30,361.0,30.0,80.8,2024,6
2024-06-13 01:30:00+05:30,356.0,30.0,80.8,2024,6
2024-06-13 01:45:00+05:30,352.0,29.9,81.3,2024,6
2024-06-13 02:00:00+05:30,346.0,29.8,82.5,2024,6
2024-06-13 02:15:00+05:30,343.0,29.8,83.4,2024,6
2024-06-13 02:30:00+05:30,340.0,29.7,83.5,2024,6
2024-06-13 02:45:00+05:30,337.0,29.6,83.6,2024,6
2024-06-13 03:00:00+05:30,334.0,29.6,83.8,2024,6
2024-06-13 03:15:00+05:30,332.0,29.6,84.1,2024,6
2024-06-13 03:30:00+05:30,330.0,29.5,83.8,2024,6
2024-06-13 03:45:00+05:30,325.0,29.5,83.6,2024,6
2024-06-13 04:00:00+05:30,326.0,29.4,83.6,2024,6
2024-06-13 04:15:00+05:30,324.0,29.4,84.0,2024,6
2024-06-13 04:30:00+05:30,321.0,29.2,83.7,2024,6
2024-06-13 04:45:00+05:30,319.0,29.0,82.8,2024,6
2024-06-13 05:00:00+05:30,322.0,29.1,82.6,2024,6
2024-06-13 05:15:00+05:30,323.0,28.9,82.4,2024,6
2024-06-13 05:30:00+05:30,326.0,28.9,83.3,2024,6
2024-06-13 05:45:00+05:30,328.0,28.9,83.5,2024,6
2024-06-13 06:00:00+05:30,331.0,28.9,83.9,2024,6
2024-06-13 06:15:00+05:30,340.0,28.9,84.1,2024,6
2024-06-13 06:30:00+05:30,349.0,29.0,83.9,2024,6
2024-06-13 06:45:00+05:30,356.0,29.2,83.4,2024,6
2024-06-13 07:00:00+05:30,367.0,29.4,82.4,2024,6
2024-06-13 07:15:00+05:30,386.0,29.7,81.6,2024,6
2024-06-13 07:30:00+05:30,400.0,30.1,80.4,2024,6
2024-06-13 07:45:00+05:30,419.0,30.3,80.1,2024,6
2024-06-13 08:00:00+05:30,442.0,30.4,80.0,2024,6
2024-06-13 08:15:00+05:30,461.0,30.4,80.4,2024,6
2024-06-13 08:30:00+05:30,480.0,30.7,79.0,2024,6
2024-06-13 08:45:00+05:30,496.0,31.1,78.2,2024,6
2024-06-13 09:00:00+05:30,513.0,31.0,78.0,2024,6
2024-06-13 09:15:00+05:30,522.0,30.5,79.2,2024,6
2024-06-13 09:30:00+05:30,525.0,30.3,80.3,2024,6
2024-06-13 09:45:00+05:30,531.0,29.9,82.0,2024,6
2024-06-13 10:00:00+05:30,537.0,30.0,82.4,2024,6
2024-06-13 10:15:00+05:30,542.0,30.4,81.5,2024,6
2024-06-13 10:30:00+05:30,549.0,30.8,80.2,2024,6
2024-06-13 10:45:00+05:30,557.0,30.9,79.7,2024,6
2024-06-13 11:00:00+05:30,557.0,31.0,78.2,2024,6
2024-06-13 11:15:00+05:30,558.0,31.2,77.4,2024,6
2024-06-13 11:30:00+05:30,557.0,32.0,74.5,2024,6
2024-06-13 11:45:00+05:30,559.0,32.6,72.3,2024,6
2024-06-13 12:00:00+05:30,563.0,33.0,70.6,2024,6
2024-06-13 12:15:00+05:30,569.0,33.1,69.7,2024,6
2024-06-13 12:30:00+05:30,571.0,33.0,70.3,2024,6
2024-06-13 12:45:00+05:30,557.0,32.9,70.9,2024,6
2024-06-13 13:00:00+05:30,560.0,32.8,71.2,2024,6
2024-06-13 13:15:00+05:30,559.0,33.0,69.8,2024,6
2024-06-13 13:30:00+05:30,560.0,33.3,69.5,2024,6
2024-06-13 13:45:00+05:30,566.0,32.9,68.9,2024,6
2024-06-13 14:00:00+05:30,573.0,33.2,67.6,2024,6
2024-06-13 14:15:00+05:30,575.0,33.5,67.4,2024,6
2024-06-13 14:30:00+05:30,577.0,33.3,67.2,2024,6
2024-06-13 14:45:00+05:30,579.0,33.3,66.8,2024,6
2024-06-13 15:00:00+05:30,577.0,33.5,66.4,2024,6
2024-06-13 15:15:00+05:30,573.0,33.6,65.9,2024,6
2024-06-13 15:30:00+05:30,574.0,33.3,67.6,2024,6
2024-06-13 15:45:00+05:30,572.0,33.7,66.7,2024,6
2024-06-13 16:00:00+05:30,571.0,33.6,66.8,2024,6
2024-06-13 16:15:00+05:30,569.0,34.1,66.2,2024,6
2024-06-13 16:30:00+05:30,565.0,34.4,65.3,2024,6
2024-06-13 16:45:00+05:30,564.0,34.0,66.6,2024,6
2024-06-13 17:00:00+05:30,557.0,33.5,67.4,2024,6
2024-06-13 17:15:00+05:30,554.0,32.8,69.7,2024,6
2024-06-13 17:30:00+05:30,546.0,31.7,73.2,2024,6
2024-06-13 17:45:00+05:30,530.0,31.3,74.0,2024,6
2024-06-13 18:00:00+05:30,514.0,30.9,75.2,2024,6
2024-06-13 18:15:00+05:30,501.0,30.6,76.0,2024,6
2024-06-13 18:30:00+05:30,495.0,30.5,75.9,2024,6
2024-06-13 18:45:00+05:30,487.0,30.3,76.7,2024,6
2024-06-13 19:00:00+05:30,476.0,30.2,77.3,2024,6
2024-06-13 19:15:00+05:30,471.0,30.1,77.4,2024,6
2024-06-13 19:30:00+05:30,463.0,30.0,76.6,2024,6
2024-06-13 19:45:00+05:30,461.0,29.9,76.8,2024,6
2024-06-13 20:00:00+05:30,453.0,29.9,77.6,2024,6
2024-06-13 20:15:00+05:30,448.0,29.9,77.0,2024,6
2024-06-13 20:30:00+05:30,444.0,29.9,77.0,2024,6
2024-06-13 20:45:00+05:30,437.0,29.9,77.3,2024,6
2024-06-13 21:00:00+05:30,435.0,29.9,78.1,2024,6
2024-06-13 21:15:00+05:30,428.0,29.9,79.1,2024,6
2024-06-13 21:30:00+05:30,426.0,29.9,79.0,2024,6
2024-06-13 21:45:00+05:30,423.0,29.9,79.5,2024,6
2024-06-13 22:00:00+05:30,418.0,29.9,79.7,2024,6
2024-06-13 22:15:00+05:30,416.0,29.8,80.1,2024,6
2024-06-13 22:30:00+05:30,414.0,29.8,79.9,2024,6
2024-06-13 22:45:00+05:30,414.0,29.8,80.7,2024,6
2024-06-13 23:00:00+05:30,410.0,29.7,81.6,2024,6
2024-06-13 23:15:00+05:30,408.0,29.7,81.7,2024,6
2024-06-13 23:30:00+05:30,401.0,29.6,82.0,2024,6
2024-06-13 23:45:00+05:30,395.0,29.6,82.1,2024,6
2024-06-14 00:00:00+05:30,388.0,29.54,82.16000000000001,2024,6
2024-06-14 00:15:00+05:30,382.0,29.56,82.2,2024,6
2024-06-14 00:30:00+05:30,376.0,29.24,84.36,2024,6
2024-06-14 00:45:00+05:30,369.0,28.660000000000004,85.58,2024,6
2024-06-14 01:00:00+05:30,359.0,28.360000000000003,85.58000000000001,2024,6
2024-06-14 01:15:00+05:30,351.0,28.4,85.96000000000001,2024,6
2024-06-14 01:30:00+05:30,346.0,28.140000000000004,87.0,2024,6
2024-06-14 01:45:00+05:30,342.0,28.079999999999995,88.12,2024,6
2024-06-14 02:00:00+05:30,340.0,27.880000000000003,88.70000000000002,2024,6
2024-06-14 02:15:00+05:30,339.0,27.860000000000003,88.96000000000001,2024,6
2024-06-14 02:30:00+05:30,335.0,27.820000000000004,89.3,2024,6
2024-06-14 02:45:00+05:30,332.0,27.9,89.52,2024,6
2024-06-14 03:00:00+05:30,329.0,27.92,89.66,2024,6
2024-06-14 03:15:00+05:30,325.0,28.02,89.52,2024,6
2024-06-14 03:30:00+05:30,322.0,28.1,89.24,2024,6
2024-06-14 03:45:00+05:30,319.0,27.92,89.23999999999998,2024,6
2024-06-14 04:00:00+05:30,318.0,27.9,89.44000000000001,2024,6
2024-06-14 04:15:00+05:30,316.0,27.92,89.66000000000001,2024,6
2024-06-14 04:30:00+05:30,316.0,27.92,90.08,2024,6
2024-06-14 04:45:00+05:30,315.0,27.9,90.18,2024,6
2024-06-14 05:00:00+05:30,317.0,27.9,90.12,2024,6
2024-06-14 05:15:00+05:30,319.0,28.02,89.92,2024,6
2024-06-14 05:30:00+05:30,323.0,27.98,89.91999999999999,2024,6
2024-06-14 05:45:00+05:30,326.0,27.98,89.5,2024,6
2024-06-14 06:00:00+05:30,331.0,27.96,89.6,2024,6
2024-06-14 06:15:00+05:30,338.0,28.0,89.53999999999999,2024,6
2024-06-14 06:30:00+05:30,345.0,28.020000000000003,88.97999999999999,2024,6
2024-06-14 06:45:00+05:30,355.0,28.26,89.14,2024,6
2024-06-14 07:00:00+05:30,367.0,28.46,87.42,2024,6
2024-06-14 07:15:00+05:30,383.0,28.660000000000004,86.78,2024,6
2024-06-14 07:30:00+05:30,396.0,28.74,87.28,2024,6
2024-06-14 07:45:00+05:30,415.0,28.84,87.08,2024,6
2024-06-14 08:00:00+05:30,440.0,28.78,87.1,2024,6
2024-06-14 08:15:00+05:30,457.0,28.22,87.92,2024,6
2024-06-14 08:30:00+05:30,468.0,27.64,89.53999999999999,2024,6
2024-06-14 08:45:00+05:30,480.0,27.3,90.58,2024,6
2024-06-14 09:00:00+05:30,495.0,27.26,91.42,2024,6
2024-06-14 09:15:00+05:30,502.0,27.22,91.36,2024,6
2024-06-14 09:30:00+05:30,512.0,27.42,91.76,2024,6
2024-06-14 09:45:00+05:30,522.0,27.94,90.44,2024,6
2024-06-14 10:00:00+05:30,528.0,28.540000000000003,89.53999999999999,2024,6
2024-06-14 10:15:00+05:30,537.0,29.08,87.34,2024,6
2024-06-14 10:30:00+05:30,542.0,29.46,86.06,2024,6
2024-06-14 10:45:00+05:30,544.0,29.6,85.46000000000001,2024,6
2024-06-14 11:00:00+05:30,540.0,30.08,83.18,2024,6
2024-06-14 11:15:00+05:30,544.0,30.32,81.64,2024,6
2024-06-14 11:30:00+05:30,544.0,30.660000000000004,79.5,2024,6
2024-06-14 11:45:00+05:30,542.0,31.08,77.62,2024,6
2024-06-14 12:00:00+05:30,546.0,31.5,75.4,2024,6
2024-06-14 12:15:00+05:30,547.0,31.48,73.46000000000001,2024,6
2024-06-14 12:30:00+05:30,549.0,31.72,72.92,2024,6
2024-06-14 12:45:00+05:30,549.0,32.26,71.88000000000001,2024,6
2024-06-14 13:00:00+05:30,546.0,31.68,73.18,2024,6
2024-06-14 13:15:00+05:30,544.0,31.34,76.16,2024,6
2024-06-14 13:30:00+05:30,544.0,30.68,76.6,2024,6
2024-06-14 13:45:00+05:30,542.0,30.98,77.97999999999999,2024,6
2024-06-14 14:00:00+05:30,545.0,31.46,75.35999999999999,2024,6
2024-06-14 14:15:00+05:30,548.0,31.54,74.5,2024,6
2024-06-14 14:30:00+05:30,557.0,32.02,72.74000000000001,2024,6
2024-06-14 14:45:00+05:30,559.0,32.02,70.9,2024,6
2024-06-14 15:00:00+05:30,555.0,31.660000000000004,71.44,2024,6
2024-06-14 15:15:00+05:30,552.0,31.56,72.02000000000001,2024,6
2024-06-14 15:30:00+05:30,547.0,31.54,72.52,2024,6
2024-06-14 15:45:00+05:30,546.0,31.74,71.56,2024,6
2024-06-14 16:00:00+05:30,545.0,32.260000000000005,70.94,2024,6
2024-06-14 16:15:00+05:30,546.0,32.64,70.0,2024,6
2024-06-14 16:30:00+05:30,545.0,32.86,69.2,2024,6
2024-06-14 16:45:00+05:30,543.0,32.6,70.22,2024,6
2024-06-14 17:00:00+05:30,538.0,31.880000000000003,71.84,2024,6
2024-06-14 17:15:00+05:30,531.0,31.58,73.56,2024,6
2024-06-14 17:30:00+05:30,525.0,31.860000000000003,73.06,2024,6
2024-06-14 17:45:00+05:30,516.0,31.34,74.46000000000001,2024,6
2024-06-14 18:00:00+05:30,510.0,31.32,75.10000000000001,2024,6
2024-06-14 18:15:00+05:30,502.0,31.360000000000003,75.88000000000001,2024,6
2024-06-14 18:30:00+05:30,495.0,31.140000000000004,76.41999999999999,2024,6
2024-06-14 18:45:00+05:30,489.0,30.9,76.62,2024,6
2024-06-14 19:00:00+05:30,482.0,30.62,77.72,2024,6
2024-06-14 19:15:00+05:30,475.0,30.380000000000003,78.32,2024,6
2024-06-14 19:30:00+05:30,468.0,30.18,78.94000000000001,2024,6
2024-06-14 19:45:00+05:30,461.0,30.14,79.34,2024,6
2024-06-14 20:00:00+05:30,454.0,30.040000000000003,79.84,2024,6
2024-06-14 20:15:00+05:30,451.0,29.94,80.38,2024,6
2024-06-14 20:30:00+05:30,445.0,29.9,81.12,2024,6
2024-06-14 20:45:00+05:30,440.0,29.82,81.78,2024,6
2024-06-14 21:00:00+05:30,436.0,29.72,82.1,2024,6
2024-06-14 21:15:00+05:30,430.0,29.7,82.14000000000001,2024,6
2024-06-14 21:30:00+05:30,424.0,29.660000000000004,82.47999999999999,2024,6
2024-06-14 21:45:00+05:30,419.0,29.600000000000005,82.84,2024,6
2024-06-14 22:00:00+05:30,416.0,29.54,83.3,2024,6
2024-06-14 22:15:00+05:30,414.0,29.46,83.34,2024,6
2024-06-14 22:30:00+05:30,409.0,29.46,83.38,2024,6
2024-06-14 22:45:00+05:30,403.0,29.42,83.53999999999999,2024,6
2024-06-14 23:00:00+05:30,397.0,29.4,83.8,2024,6
2024-06-14 23:15:00+05:30,394.0,29.34,83.78,2024,6
2024-06-14 23:30:00+05:30,392.0,29.3,84.17999999999999,2024,6
2024-06-14 23:45:00+05:30,390.0,29.32,84.14,2024,6
2024-06-15 00:00:00+05:30,388.1663498854247,29.3,84.3,2024,6
2024-06-15 00:15:00+05:30,379.6484475955427,29.2,84.5,2024,6
2024-06-15 00:30:00+05:30,371.87844062507423,29.1,84.9,2024,6
2024-06-15 00:45:00+05:30,366.7626551254735,29.1,85.3,2024,6
2024-06-15 01:00:00+05:30,359.3103165891538,29.0,85.7,2024,6
2024-06-15 01:15:00+05:30,355.50321938987366,29.0,85.9,2024,6
2024-06-15 01:30:00+05:30,349.3118486768664,28.9,85.8,2024,6
2024-06-15 01:45:00+05:30,346.2806893184407,28.9,85.6,2024,6
2024-06-15 02:00:00+05:30,341.6136683210131,28.8,85.4,2024,6
2024-06-15 02:15:00+05:30,340.0497470927393,28.8,85.2,2024,6
2024-06-15 02:30:00+05:30,332.16310255228296,28.8,85.3,2024,6
2024-06-15 02:45:00+05:30,330.59465770254826,28.8,84.7,2024,6
2024-06-15 03:00:00+05:30,325.50162611194645,28.7,84.6,2024,6
2024-06-15 03:15:00+05:30,323.6845515523065,28.7,84.4,2024,6
2024-06-15 03:30:00+05:30,320.1215341354862,28.5,84.5,2024,6
2024-06-15 03:45:00+05:30,317.31344660043294,28.5,84.6,2024,6
2024-06-15 04:00:00+05:30,315.5786797091772,28.4,84.8,2024,6
2024-06-15 04:15:00+05:30,313.73706920785594,28.4,84.8,2024,6
2024-06-15 04:30:00+05:30,311.8514300540896,28.3,84.8,2024,6
2024-06-15 04:45:00+05:30,309.508238325728,28.2,85.3,2024,6
2024-06-15 05:00:00+05:30,311.30657694852925,28.2,85.3,2024,6
2024-06-15 05:15:00+05:30,313.8460239505644,28.1,85.6,2024,6
2024-06-15 05:30:00+05:30,313.3297106579883,28.1,85.4,2024,6
2024-06-15 05:45:00+05:30,314.4972700613567,28.0,85.8,2024,6
2024-06-15 06:00:00+05:30,318.3540751454199,28.0,86.1,2024,6
2024-06-15 06:15:00+05:30,317.0973475550725,28.0,85.9,2024,6
2024-06-15 06:30:00+05:30,320.2647738248185,28.0,85.9,2024,6
2024-06-15 06:45:00+05:30,324.41759307501627,28.2,84.8,2024,6
2024-06-15 07:00:00+05:30,329.8343946665992,28.4,83.9,2024,6
2024-06-15 07:15:00+05:30,337.1211744346375,28.6,83.2,2024,6
2024-06-15 07:30:00+05:30,348.49996957860003,28.7,82.5,2024,6
2024-06-15 07:45:00+05:30,359.30228039593385,29.1,81.4,2024,6
2024-06-15 08:00:00+05:30,376.3152589972847,29.4,80.2,2024,6
2024-06-15 08:15:00+05:30,390.6074409434159,29.7,79.0,2024,6
2024-06-15 08:30:00+05:30,404.8480181696348,30.1,77.8,2024,6
2024-06-15 08:45:00+05:30,416.9473969093504,30.6,76.3,2024,6
2024-06-15 09:00:00+05:30,428.3893061269388,30.9,75.2,2024,6
2024-06-15 09:15:00+05:30,439.4827060529592,30.9,74.9,2024,6
2024-06-15 09:30:00+05:30,448.2106050769896,31.0,74.1,2024,6
2024-06-15 09:45:00+05:30,457.721957320463,31.5,72.5,2024,6
2024-06-15 10:00:00+05:30,463.4909692585416,31.7,72.1,2024,6
2024-06-15 10:15:00+05:30,473.9296297095024,32.0,70.9,2024,6
2024-06-15 10:30:00+05:30,476.6018662787552,32.4,69.6,2024,6
2024-06-15 10:45:00+05:30,480.0314263539961,32.7,68.9,2024,6
2024-06-15 11:00:00+05:30,482.5134357311266,32.5,69.3,2024,6
2024-06-15 11:15:00+05:30,483.4205367822307,32.8,67.9,2024,6
2024-06-15 11:30:00+05:30,486.0672585080366,33.0,67.3,2024,6
2024-06-15 11:45:00+05:30,486.6671587398845,33.3,66.4,2024,6
2024-06-15 12:00:00+05:30,486.5926921920089,33.3,66.6,2024,6
2024-06-15 12:15:00+05:30,485.4814161815351,33.2,67.6,2024,6
2024-06-15 12:30:00+05:30,485.3812313753661,32.9,68.4,2024,6
2024-06-15 12:45:00+05:30,485.2367892753596,32.9,68.2,2024,6
2024-06-15 13:00:00+05:30,481.1498768407511,32.9,68.4,2024,6
2024-06-15 13:15:00+05:30,476.9515983018189,32.7,69.0,2024,6
2024-06-15 13:30:00+05:30,478.0265182424156,32.8,68.5,2024,6
2024-06-15 13:45:00+05:30,477.9384611164576,32.9,68.2,2024,6
2024-06-15 14:00:00+05:30,465.84582008328186,33.0,68.6,2024,6
2024-06-15 14:15:00+05:30,482.259681046156,32.9,69.1,2024,6
2024-06-15 14:30:00+05:30,485.7839899283453,32.8,69.0,2024,6
2024-06-15 14:45:00+05:30,486.5093862529263,32.7,69.6,2024,6
2024-06-15 15:00:00+05:30,483.9124945032575,32.7,70.0,2024,6
2024-06-15 15:15:00+05:30,479.15178017506406,32.8,69.6,2024,6
2024-06-15 15:30:00+05:30,479.71883772400406,33.5,68.2,2024,6
2024-06-15 15:45:00+05:30,481.3091773907488,33.6,67.9,2024,6
2024-06-15 16:00:00+05:30,476.8170520820904,33.4,68.5,2024,6
2024-06-15 16:15:00+05:30,477.162613076049,33.5,68.6,2024,6
2024-06-15 16:30:00+05:30,473.0730171247524,33.6,68.1,2024,6
2024-06-15 16:45:00+05:30,465.3893764254119,33.5,68.4,2024,6
2024-06-15 17:00:00+05:30,456.93907125433583,34.0,66.2,2024,6
2024-06-15 17:15:00+05:30,456.6924283446131,33.6,67.2,2024,6
2024-06-15 17:30:00+05:30,454.78933628699593,33.5,67.6,2024,6
2024-06-15 17:45:00+05:30,453.9027042449833,33.1,68.6,2024,6
2024-06-15 18:00:00+05:30,448.1961524111102,32.5,71.3,2024,6
2024-06-15 18:15:00+05:30,445.08275845903006,32.2,72.3,2024,6
2024-06-15 18:30:00+05:30,440.9756010424674,32.3,71.9,2024,6
2024-06-15 18:45:00+05:30,435.6215558681087,31.9,73.0,2024,6
2024-06-15 19:00:00+05:30,432.8530577818567,31.5,75.0,2024,6
2024-06-15 19:15:00+05:30,430.84912542772565,31.2,76.1,2024,6
2024-06-15 19:30:00+05:30,428.7963312507925,31.0,77.0,2024,6
2024-06-15 19:45:00+05:30,426.10777445678536,30.8,77.8,2024,6
2024-06-15 20:00:00+05:30,424.7107061633824,30.7,78.3,2024,6
2024-06-15 20:15:00+05:30,422.5129027520129,30.6,78.6,2024,6
2024-06-15 20:30:00+05:30,422.6588223188109,30.4,79.2,2024,6
2024-06-15 20:45:00+05:30,417.4566473428844,30.4,79.3,2024,6
2024-06-15 21:00:00+05:30,412.6978483715019,30.4,79.3,2024,6
2024-06-15 21:15:00+05:30,406.3977423661496,30.3,79.5,2024,6
2024-06-15 21:30:00+05:30,402.9242500136912,30.2,79.8,2024,6
2024-06-15 21:45:00+05:30,399.5041858959311,30.1,80.1,2024,6
2024-06-15 22:00:00+05:30,393.103765101813,30.0,80.3,2024,6
2024-06-15 22:15:00+05:30,393.1426880982178,30.0,80.3,2024,6
2024-06-15 22:30:00+05:30,391.02588253579233,30.0,80.4,2024,6
2024-06-15 22:45:00+05:30,388.4971491156508,29.9,81.0,2024,6
2024-06-15 23:00:00+05:30,384.1265968397216,29.8,81.2,2024,6
2024-06-15 23:15:00+05:30,381.0720114780783,29.8,81.0,2024,6
2024-06-15 23:30:00+05:30,377.44638825155255,29.7,81.1,2024,6
2024-06-15 23:45:00+05:30,373.2773743221205,29.6,81.0,2024,6
2024-06-16 00:00:00+05:30,368.0,29.6,81.5,2024,6
2024-06-16 00:15:00+05:30,367.0,29.5,81.5,2024,6
2024-06-16 00:30:00+05:30,361.0,29.4,81.9,2024,6
2024-06-16 00:45:00+05:30,356.0,29.4,81.7,2024,6
2024-06-16 01:00:00+05:30,351.0,29.3,81.5,2024,6
2024-06-16 01:15:00+05:30,346.0,29.2,81.8,2024,6
2024-06-16 01:30:00+05:30,342.0,29.1,82.0,2024,6
2024-06-16 01:45:00+05:30,339.0,29.1,82.0,2024,6
2024-06-16 02:00:00+05:30,331.0,29.0,82.2,2024,6
2024-06-16 02:15:00+05:30,329.0,29.0,82.3,2024,6
2024-06-16 02:30:00+05:30,327.0,29.0,82.5,2024,6
2024-06-16 02:45:00+05:30,323.0,28.9,83.0,2024,6
2024-06-16 03:00:00+05:30,320.0,28.9,83.4,2024,6
2024-06-16 03:15:00+05:30,317.0,28.8,83.6,2024,6
2024-06-16 03:30:00+05:30,314.0,28.8,83.8,2024,6
2024-06-16 03:45:00+05:30,312.0,28.8,83.7,2024,6
2024-06-16 04:00:00+05:30,309.0,28.8,83.9,2024,6
2024-06-16 04:15:00+05:30,308.0,28.7,83.7,2024,6
2024-06-16 04:30:00+05:30,306.0,28.7,83.4,2024,6
2024-06-16 04:45:00+05:30,305.0,28.7,83.3,2024,6
2024-06-16 05:00:00+05:30,306.0,28.6,83.7,2024,6
2024-06-16 05:15:00+05:30,302.0,28.5,83.8,2024,6
2024-06-16 05:30:00+05:30,302.0,28.5,83.6,2024,6
2024-06-16 05:45:00+05:30,301.0,28.5,83.3,2024,6
2024-06-16 06:00:00+05:30,301.0,28.5,83.4,2024,6
2024-06-16 06:15:00+05:30,302.0,28.5,83.4,2024,6
2024-06-16 06:30:00+05:30,301.0,28.5,83.3,2024,6
2024-06-16 06:45:00+05:30,302.0,28.7,82.7,2024,6
2024-06-16 07:00:00+05:30,301.0,28.9,82.1,2024,6
2024-06-16 07:15:00+05:30,305.0,29.1,81.6,2024,6
2024-06-16 07:30:00+05:30,308.0,29.4,80.9,2024,6
2024-06-16 07:45:00+05:30,311.0,29.6,79.9,2024,6
2024-06-16 08:00:00+05:30,318.0,29.9,79.0,2024,6
2024-06-16 08:15:00+05:30,323.0,30.2,78.0,2024,6
2024-06-16 08:30:00+05:30,328.0,30.6,76.5,2024,6
2024-06-16 08:45:00+05:30,332.0,31.2,74.6,2024,6
2024-06-16 09:00:00+05:30,338.0,31.7,73.1,2024,6
2024-06-16 09:15:00+05:30,343.0,32.1,71.9,2024,6
2024-06-16 09:30:00+05:30,345.0,32.3,71.2,2024,6
2024-06-16 09:45:00+05:30,355.0,32.3,70.5,2024,6
2024-06-16 10:00:00+05:30,362.0,32.5,70.1,2024,6
2024-06-16 10:15:00+05:30,366.0,32.5,70.0,2024,6
2024-06-16 10:30:00+05:30,373.0,32.6,69.8,2024,6
2024-06-16 10:45:00+05:30,378.0,32.8,69.3,2024,6
2024-06-16 11:00:00+05:30,379.0,32.7,69.6,2024,6
2024-06-16 11:15:00+05:30,379.0,32.9,69.5,2024,6
2024-06-16 11:30:00+05:30,381.0,33.2,67.8,2024,6
2024-06-16 11:45:00+05:30,383.0,33.4,67.4,2024,6
2024-06-16 12:00:00+05:30,384.0,32.7,69.0,2024,6
2024-06-16 12:15:00+05:30,386.0,32.6,69.6,2024,6
2024-06-16 12:30:00+05:30,386.0,32.6,69.3,2024,6
2024-06-16 12:45:00+05:30,385.0,33.0,67.8,2024,6
2024-06-16 13:00:00+05:30,385.0,33.1,66.3,2024,6
2024-06-16 13:15:00+05:30,383.0,33.5,64.1,2024,6
2024-06-16 13:30:00+05:30,384.0,33.7,63.3,2024,6
2024-06-16 13:45:00+05:30,384.0,33.9,62.9,2024,6
2024-06-16 14:00:00+05:30,388.0,34.5,60.7,2024,6
2024-06-16 14:15:00+05:30,388.0,34.6,60.2,2024,6
2024-06-16 14:30:00+05:30,386.0,34.9,59.1,2024,6
2024-06-16 14:45:00+05:30,387.0,34.5,60.9,2024,6
2024-06-16 15:00:00+05:30,387.0,34.3,61.6,2024,6
2024-06-16 15:15:00+05:30,390.0,34.5,62.0,2024,6
2024-06-16 15:30:00+05:30,392.0,34.3,62.8,2024,6
2024-06-16 15:45:00+05:30,392.0,34.2,63.4,2024,6
2024-06-16 16:00:00+05:30,391.0,34.5,62.7,2024,6
2024-06-16 16:15:00+05:30,390.0,34.2,63.2,2024,6
2024-06-16 16:30:00+05:30,386.0,34.2,63.7,2024,6
2024-06-16 16:45:00+05:30,384.0,34.3,64.0,2024,6
2024-06-16 17:00:00+05:30,386.0,34.5,63.9,2024,6
2024-06-16 17:15:00+05:30,383.0,34.6,64.2,2024,6
2024-06-16 17:30:00+05:30,380.0,33.9,65.6,2024,6
2024-06-16 17:45:00+05:30,384.0,34.0,65.4,2024,6
2024-06-16 18:00:00+05:30,382.0,33.8,65.9,2024,6
2024-06-16 18:15:00+05:30,378.0,33.4,67.4,2024,6
2024-06-16 18:30:00+05:30,379.0,33.1,68.2,2024,6
2024-06-16 18:45:00+05:30,378.0,32.5,69.7,2024,6
2024-06-16 19:00:00+05:30,385.0,32.0,71.3,2024,6
2024-06-16 19:15:00+05:30,387.0,31.8,72.5,2024,6
2024-06-16 19:30:00+05:30,392.0,31.5,73.6,2024,6
2024-06-16 19:45:00+05:30,390.0,31.4,74.7,2024,6
2024-06-16 20:00:00+05:30,390.0,31.3,75.6,2024,6
2024-06-16 20:15:00+05:30,392.0,31.3,76.0,2024,6
2024-06-16 20:30:00+05:30,392.0,31.3,76.4,2024,6
2024-06-16 20:45:00+05:30,394.0,31.2,77.0,2024,6
2024-06-16 21:00:00+05:30,395.0,31.2,77.2,2024,6
2024-06-16 21:15:00+05:30,393.0,31.2,77.1,2024,6
2024-06-16 21:30:00+05:30,390.0,31.1,77.7,2024,6
2024-06-16 21:45:00+05:30,389.0,31.1,77.2,2024,6
2024-06-16 22:00:00+05:30,389.0,31.1,77.0,2024,6
2024-06-16 22:15:00+05:30,385.0,31.1,77.0,2024,6
2024-06-16 22:30:00+05:30,385.0,31.0,77.2,2024,6
2024-06-16 22:45:00+05:30,387.0,30.9,76.9,2024,6
2024-06-16 23:00:00+05:30,383.0,31.0,76.9,2024,6
2024-06-16 23:15:00+05:30,383.0,31.0,77.2,2024,6
2024-06-16 23:30:00+05:30,384.0,30.9,77.7,2024,6
2024-06-16 23:45:00+05:30,383.0,30.9,77.5,2024,6
2024-06-17 00:00:00+05:30,377.0,30.9,77.1,2024,6
2024-06-17 00:15:00+05:30,372.0,30.8,78.1,2024,6
2024-06-17 00:30:00+05:30,366.0,30.9,78.1,2024,6
2024-06-17 00:45:00+05:30,362.0,30.8,78.6,2024,6
2024-06-17 01:00:00+05:30,355.0,30.8,78.8,2024,6
2024-06-17 01:15:00+05:30,349.0,30.5,80.5,2024,6
2024-06-17 01:30:00+05:30,346.0,30.4,81.4,2024,6
2024-06-17 01:45:00+05:30,342.0,30.4,81.9,2024,6
2024-06-17 02:00:00+05:30,336.0,30.5,81.9,2024,6
2024-06-17 02:15:00+05:30,335.0,30.4,81.8,2024,6
2024-06-17 02:30:00+05:30,332.0,30.3,81.5,2024,6
2024-06-17 02:45:00+05:30,329.0,30.3,81.6,2024,6
2024-06-17 03:00:00+05:30,327.0,30.2,81.7,2024,6
2024-06-17 03:15:00+05:30,318.0,30.2,82.5,2024,6
2024-06-17 03:30:00+05:30,317.0,30.1,83.3,2024,6
2024-06-17 03:45:00+05:30,315.0,30.1,83.3,2024,6
2024-06-17 04:00:00+05:30,312.0,30.1,83.3,2024,6
2024-06-17 04:15:00+05:30,312.0,30.1,83.5,2024,6
2024-06-17 04:30:00+05:30,311.0,30.1,83.3,2024,6
2024-06-17 04:45:00+05:30,312.0,30.0,83.4,2024,6
2024-06-17 05:00:00+05:30,314.0,30.0,83.5,2024,6
2024-06-17 05:15:00+05:30,314.0,29.9,84.0,2024,6
2024-06-17 05:30:00+05:30,317.0,29.9,84.3,2024,6
2024-06-17 05:45:00+05:30,318.0,29.8,84.4,2024,6
2024-06-17 06:00:00+05:30,320.0,29.9,84.5,2024,6
2024-06-17 06:15:00+05:30,323.0,29.8,84.3,2024,6
2024-06-17 06:30:00+05:30,328.0,29.9,84.5,2024,6
2024-06-17 06:45:00+05:30,337.0,29.8,84.9,2024,6
2024-06-17 07:00:00+05:30,347.0,29.9,84.7,2024,6
2024-06-17 07:15:00+05:30,362.0,30.1,84.8,2024,6
2024-06-17 07:30:00+05:30,372.0,30.2,84.3,2024,6
2024-06-17 07:45:00+05:30,388.0,30.5,83.7,2024,6
2024-06-17 08:00:00+05:30,407.0,30.8,82.8,2024,6
2024-06-17 08:15:00+05:30,426.0,31.0,82.1,2024,6
2024-06-17 08:30:00+05:30,442.0,31.1,81.2,2024,6
2024-06-17 08:45:00+05:30,458.0,31.6,79.2,2024,6
2024-06-17 09:00:00+05:30,473.0,32.3,76.8,2024,6
2024-06-17 09:15:00+05:30,483.0,32.3,76.2,2024,6
2024-06-17 09:30:00+05:30,497.0,32.5,75.0,2024,6
2024-06-17 09:45:00+05:30,506.0,32.6,74.3,2024,6
2024-06-17 10:00:00+05:30,514.0,32.6,74.6,2024,6
2024-06-17 10:15:00+05:30,518.0,32.7,73.2,2024,6
2024-06-17 10:30:00+05:30,521.0,32.7,73.2,2024,6
2024-06-17 10:45:00+05:30,525.0,32.8,72.5,2024,6
2024-06-17 11:00:00+05:30,529.0,32.8,72.4,2024,6
2024-06-17 11:15:00+05:30,528.0,32.8,70.9,2024,6
2024-06-17 11:30:00+05:30,527.0,33.2,70.2,2024,6
2024-06-17 11:45:00+05:30,528.0,33.5,69.3,2024,6
2024-06-17 12:00:00+05:30,525.0,33.8,68.3,2024,6
2024-06-17 12:15:00+05:30,527.0,33.4,68.7,2024,6
2024-06-17 12:30:00+05:30,524.0,32.9,68.8,2024,6
2024-06-17 12:45:00+05:30,521.0,32.7,70.3,2024,6
2024-06-17 13:00:00+05:30,517.0,33.0,69.7,2024,6
2024-06-17 13:15:00+05:30,517.0,33.1,67.5,2024,6
2024-06-17 13:30:00+05:30,514.0,32.8,68.8,2024,6
2024-06-17 13:45:00+05:30,515.0,32.8,67.6,2024,6
2024-06-17 14:00:00+05:30,519.0,32.9,66.8,2024,6
2024-06-17 14:15:00+05:30,518.0,32.3,67.7,2024,6
2024-06-17 14:30:00+05:30,521.0,32.3,68.2,2024,6
2024-06-17 14:45:00+05:30,514.0,31.8,69.0,2024,6
2024-06-17 15:00:00+05:30,509.0,31.5,69.3,2024,6
2024-06-17 15:15:00+05:30,505.0,31.1,72.0,2024,6
2024-06-17 15:30:00+05:30,501.0,30.9,73.3,2024,6
2024-06-17 15:45:00+05:30,498.0,30.8,73.5,2024,6
2024-06-17 16:00:00+05:30,494.0,30.4,75.8,2024,6
2024-06-17 16:15:00+05:30,489.0,30.4,76.4,2024,6
2024-06-17 16:30:00+05:30,484.0,30.6,76.6,2024,6
2024-06-17 16:45:00+05:30,478.0,30.8,75.4,2024,6
2024-06-17 17:00:00+05:30,477.0,30.9,75.7,2024,6
2024-06-17 17:15:00+05:30,476.0,30.9,75.9,2024,6
2024-06-17 17:30:00+05:30,471.0,30.8,75.3,2024,6
2024-06-17 17:45:00+05:30,464.0,30.6,76.4,2024,6
2024-06-17 18:00:00+05:30,458.0,30.5,75.4,2024,6
2024-06-17 18:15:00+05:30,456.0,30.4,74.5,2024,6
2024-06-17 18:30:00+05:30,451.0,30.4,74.6,2024,6
2024-06-17 18:45:00+05:30,447.0,30.3,74.7,2024,6
2024-06-17 19:00:00+05:30,445.0,30.2,75.7,2024,6
2024-06-17 19:15:00+05:30,441.0,30.2,76.8,2024,6
2024-06-17 19:30:00+05:30,436.0,30.2,78.0,2024,6
2024-06-17 19:45:00+05:30,434.0,29.8,79.2,2024,6
2024-06-17 20:00:00+05:30,428.0,29.7,79.5,2024,6
2024-06-17 20:15:00+05:30,424.0,29.5,80.2,2024,6
2024-06-17 20:30:00+05:30,420.0,29.3,80.5,2024,6
2024-06-17 20:45:00+05:30,418.0,29.2,80.0,2024,6
2024-06-17 21:00:00+05:30,412.0,29.2,79.6,2024,6
2024-06-17 21:15:00+05:30,409.0,29.2,79.3,2024,6
2024-06-17 21:30:00+05:30,403.0,29.1,78.9,2024,6
2024-06-17 21:45:00+05:30,398.0,29.0,78.8,2024,6
2024-06-17 22:00:00+05:30,396.0,29.1,78.7,2024,6
2024-06-17 22:15:00+05:30,393.0,29.0,79.4,2024,6
2024-06-17 22:30:00+05:30,389.0,29.0,79.6,2024,6
2024-06-17 22:45:00+05:30,387.0,29.1,78.8,2024,6
2024-06-17 23:00:00+05:30,384.0,29.1,78.9,2024,6
2024-06-17 23:15:00+05:30,383.0,29.1,79.6,2024,6
2024-06-17 23:30:00+05:30,378.0,29.0,80.6,2024,6
2024-06-17 23:45:00+05:30,372.0,29.0,81.2,2024,6
2024-06-18 00:00:00+05:30,367.0,28.94,81.30000000000001,2024,6
2024-06-18 00:15:00+05:30,363.0,28.92,81.42,2024,6
2024-06-18 00:30:00+05:30,357.0,28.96,81.64,2024,6
2024-06-18 00:45:00+05:30,357.0,28.940000000000005,80.97999999999999,2024,6
2024-06-18 01:00:00+05:30,350.0,28.880000000000003,82.03999999999999,2024,6
2024-06-18 01:15:00+05:30,347.0,28.8,82.55999999999999,2024,6
2024-06-18 01:30:00+05:30,339.0,28.78,82.44000000000001,2024,6
2024-06-18 01:45:00+05:30,335.0,28.72,82.75999999999999,2024,6
2024-06-18 02:00:00+05:30,330.0,28.7,82.82000000000001,2024,6
2024-06-18 02:15:00+05:30,327.0,28.66,83.14000000000001,2024,6
2024-06-18 02:30:00+05:30,322.0,28.62,83.61999999999999,2024,6
2024-06-18 02:45:00+05:30,319.0,28.56,83.74,2024,6
2024-06-18 03:00:00+05:30,318.0,28.5,83.52000000000001,2024,6
2024-06-18 03:15:00+05:30,315.0,28.46,84.0,2024,6
2024-06-18 03:30:00+05:30,312.0,28.380000000000003,84.28,2024,6
2024-06-18 03:45:00+05:30,309.0,28.380000000000003,84.16,2024,6
2024-06-18 04:00:00+05:30,308.0,28.34,84.00000000000001,2024,6
2024-06-18 04:15:00+05:30,306.0,28.34,83.98,2024,6
2024-06-18 04:30:00+05:30,306.0,28.26,83.97999999999999,2024,6
2024-06-18 04:45:00+05:30,309.0,28.3,83.82000000000001,2024,6
2024-06-18 05:00:00+05:30,309.0,28.26,83.72,2024,6
2024-06-18 05:15:00+05:30,311.0,28.26,83.66000000000001,2024,6
2024-06-18 05:30:00+05:30,313.0,28.24,83.55999999999999,2024,6
2024-06-18 05:45:00+05:30,316.0,28.28,83.86,2024,6
2024-06-18 06:00:00+05:30,319.0,28.26,83.86,2024,6
2024-06-18 06:15:00+05:30,328.0,28.34,83.97999999999999,2024,6
2024-06-18 06:30:00+05:30,335.0,28.48,83.44,2024,6
2024-06-18 06:45:00+05:30,343.0,28.68,82.84,2024,6
2024-06-18 07:00:00+05:30,357.0,28.96,82.1,2024,6
2024-06-18 07:15:00+05:30,376.0,29.160000000000004,81.14,2024,6
2024-06-18 07:30:00+05:30,396.0,29.42,80.4,2024,6
2024-06-18 07:45:00+05:30,416.0,29.660000000000004,79.6,2024,6
2024-06-18 08:00:00+05:30,443.0,29.94,79.3,2024,6
2024-06-18 08:15:00+05:30,467.0,30.1,78.52,2024,6
2024-06-18 08:30:00+05:30,484.0,30.42,77.89999999999999,2024,6
2024-06-18 08:45:00+05:30,501.0,30.860000000000003,76.88,2024,6
2024-06-18 09:00:00+05:30,517.0,31.18,75.96,2024,6
2024-06-18 09:15:00+05:30,533.0,31.48,75.24,2024,6
2024-06-18 09:30:00+05:30,545.0,31.64,74.86,2024,6
2024-06-18 09:45:00+05:30,553.0,31.76,74.46000000000001,2024,6
2024-06-18 10:00:00+05:30,560.0,32.02,72.88,2024,6
2024-06-18 10:15:00+05:30,565.0,32.16,72.47999999999999,2024,6
2024-06-18 10:30:00+05:30,571.0,32.54,70.86,2024,6
2024-06-18 10:45:00+05:30,576.0,32.660000000000004,69.72,2024,6
2024-06-18 11:00:00+05:30,579.0,32.959999999999994,68.36,2024,6
2024-06-18 11:15:00+05:30,578.0,32.67999999999999,69.41999999999999,2024,6
2024-06-18 11:30:00+05:30,578.0,32.9,67.56000000000002,2024,6
2024-06-18 11:45:00+05:30,577.0,33.14,66.92,2024,6
2024-06-18 12:00:00+05:30,576.0,33.28,66.56000000000002,2024,6
2024-06-18 12:15:00+05:30,572.0,32.94,65.9,2024,6
2024-06-18 12:30:00+05:30,570.0,32.52,66.44000000000001,2024,6
2024-06-18 12:45:00+05:30,572.0,32.48,68.66,2024,6
2024-06-18 13:00:00+05:30,571.0,32.56,68.38,2024,6
2024-06-18 13:15:00+05:30,568.0,32.480000000000004,67.2,2024,6
2024-06-18 13:30:00+05:30,555.0,31.6,71.1,2024,6
2024-06-18 13:45:00+05:30,553.0,31.42,70.24,2024,6
2024-06-18 14:00:00+05:30,556.0,30.82,73.03999999999999,2024,6
2024-06-18 14:15:00+05:30,552.0,30.68,73.3,2024,6
2024-06-18 14:30:00+05:30,550.0,31.18,72.8,2024,6
2024-06-18 14:45:00+05:30,552.0,31.04,74.47999999999999,2024,6
2024-06-18 15:00:00+05:30,550.0,30.96,75.53999999999999,2024,6
2024-06-18 15:15:00+05:30,549.0,31.44,73.67999999999999,2024,6
2024-06-18 15:30:00+05:30,549.0,31.46,73.04,2024,6
2024-06-18 15:45:00+05:30,545.0,31.9,72.42,2024,6
2024-06-18 16:00:00+05:30,544.0,32.6,70.34,2024,6
2024-06-18 16:15:00+05:30,549.0,32.64,70.34,2024,6
2024-06-18 16:30:00+05:30,542.0,31.12,74.06,2024,6
2024-06-18 16:45:00+05:30,527.0,29.78,80.16,2024,6
2024-06-18 17:00:00+05:30,520.0,29.24,82.56000000000002,2024,6
2024-06-18 17:15:00+05:30,513.0,28.840000000000003,83.82000000000001,2024,6
2024-06-18 17:30:00+05:30,505.0,28.74,84.35999999999999,2024,6
2024-06-18 17:45:00+05:30,496.0,28.94,83.76000000000002,2024,6
2024-06-18 18:00:00+05:30,486.0,28.78,84.62,2024,6
2024-06-18 18:15:00+05:30,484.0,28.96,85.22,2024,6
2024-06-18 18:30:00+05:30,476.0,28.94,85.85999999999999,2024,6
2024-06-18 18:45:00+05:30,467.0,28.92,86.46,2024,6
2024-06-18 19:00:00+05:30,460.0,28.92,87.18,2024,6
2024-06-18 19:15:00+05:30,457.0,28.860000000000003,87.46000000000001,2024,6
2024-06-18 19:30:00+05:30,451.0,28.840000000000003,87.35999999999999,2024,6
2024-06-18 19:45:00+05:30,446.0,28.8,87.54,2024,6
2024-06-18 20:00:00+05:30,438.0,28.8,87.16000000000001,2024,6
2024-06-18 20:15:00+05:30,433.0,28.7,87.03999999999999,2024,6
2024-06-18 20:30:00+05:30,427.0,28.640000000000004,87.25999999999999,2024,6
2024-06-18 20:45:00+05:30,426.0,28.58,88.03999999999999,2024,6
2024-06-18 21:00:00+05:30,419.0,28.520000000000003,88.26,2024,6
2024-06-18 21:15:00+05:30,419.0,28.46,88.36,2024,6
2024-06-18 21:30:00+05:30,414.0,28.380000000000003,88.24,2024,6
2024-06-18 21:45:00+05:30,410.0,28.42,87.92,2024,6
2024-06-18 22:00:00+05:30,405.0,28.4,88.38,2024,6
2024-06-18 22:15:00+05:30,398.0,28.22,88.2,2024,6
2024-06-18 22:30:00+05:30,397.0,28.22,87.92,2024,6
2024-06-18 22:45:00+05:30,389.0,28.2,87.68,2024,6
2024-06-18 23:00:00+05:30,387.0,28.18,87.62,2024,6
2024-06-18 23:15:00+05:30,385.0,28.2,87.66,2024,6
2024-06-18 23:30:00+05:30,377.0,28.2,87.64,2024,6
2024-06-18 23:45:00+05:30,370.0,28.08,87.3,2024,6
2024-06-19 00:00:00+05:30,361.0,27.940000000000005,87.24000000000001,2024,6
2024-06-19 00:15:00+05:30,359.0,27.92,87.46,2024,6
2024-06-19 00:30:00+05:30,352.0,27.92,87.62,2024,6
2024-06-19 00:45:00+05:30,345.0,27.96,87.75999999999999,2024,6
2024-06-19 01:00:00+05:30,339.0,27.96,87.64000000000001,2024,6
2024-06-19 01:15:00+05:30,335.0,27.98,87.83999999999999,2024,6
2024-06-19 01:30:00+05:30,331.0,28.0,87.97999999999999,2024,6
2024-06-19 01:45:00+05:30,327.0,27.940000000000005,88.52000000000001,2024,6
2024-06-19 02:00:00+05:30,324.0,27.879999999999995,88.56,2024,6
2024-06-19 02:15:00+05:30,321.0,27.78,89.23999999999998,2024,6
2024-06-19 02:30:00+05:30,320.0,27.660000000000004,90.36,2024,6
2024-06-19 02:45:00+05:30,316.0,27.64,90.52,2024,6
2024-06-19 03:00:00+05:30,313.0,27.42,92.1,2024,6
2024-06-19 03:15:00+05:30,312.0,27.320000000000004,92.08,2024,6
2024-06-19 03:30:00+05:30,310.0,27.18,92.04,2024,6
2024-06-19 03:45:00+05:30,309.0,27.16,91.56,2024,6
2024-06-19 04:00:00+05:30,305.0,27.08,91.72,2024,6
2024-06-19 04:15:00+05:30,304.0,27.16,91.76,2024,6
2024-06-19 04:30:00+05:30,303.0,27.14,91.86,2024,6
2024-06-19 04:45:00+05:30,304.0,27.160000000000004,92.1,2024,6
2024-06-19 05:00:00+05:30,306.0,27.08,92.43999999999998,2024,6
2024-06-19 05:15:00+05:30,308.0,27.06,92.58,2024,6
2024-06-19 05:30:00+05:30,310.0,26.96,92.92,2024,6
2024-06-19 05:45:00+05:30,315.0,26.84,93.0,2024,6
2024-06-19 06:00:00+05:30,318.0,26.82,92.93999999999998,2024,6
2024-06-19 06:15:00+05:30,323.0,26.76,92.76,2024,6
2024-06-19 06:30:00+05:30,332.0,26.660000000000004,93.12,2024,6
2024-06-19 06:45:00+05:30,338.0,26.8,93.28,2024,6
2024-06-19 07:00:00+05:30,351.0,26.76,93.48,2024,6
2024-06-19 07:15:00+05:30,367.0,27.0,93.54,2024,6
2024-06-19 07:30:00+05:30,380.0,27.18,93.44,2024,6
2024-06-19 07:45:00+05:30,396.0,27.380000000000003,93.06,2024,6
2024-06-19 08:00:00+05:30,421.0,27.58,92.4,2024,6
2024-06-19 08:15:00+05:30,440.0,27.74,92.1,2024,6
2024-06-19 08:30:00+05:30,459.0,27.92,91.44,2024,6
2024-06-19 08:45:00+05:30,478.0,28.340000000000003,90.88,2024,6
2024-06-19 09:00:00+05:30,489.0,28.56,89.58,2024,6
2024-06-19 09:15:00+05:30,503.0,28.58,89.28,2024,6
2024-06-19 09:30:00+05:30,510.0,28.160000000000004,90.38,2024,6
2024-06-19 09:45:00+05:30,519.0,28.34,90.8,2024,6
2024-06-19 10:00:00+05:30,527.0,28.48,90.38,2024,6
2024-06-19 10:15:00+05:30,530.0,28.2,89.97999999999999,2024,6
2024-06-19 10:30:00+05:30,534.0,27.78,90.4,2024,6
2024-06-19 10:45:00+05:30,536.0,28.1,90.36,2024,6
2024-06-19 11:00:00+05:30,536.0,28.52,89.58,2024,6
2024-06-19 11:15:00+05:30,541.0,28.74,88.52000000000001,2024,6
2024-06-19 11:30:00+05:30,538.0,29.14,87.41999999999999,2024,6
2024-06-19 11:45:00+05:30,539.0,29.72,86.11999999999999,2024,6
2024-06-19 12:00:00+05:30,540.0,30.18,84.44,2024,6
2024-06-19 12:15:00+05:30,543.0,30.46,82.38,2024,6
2024-06-19 12:30:00+05:30,540.0,30.3,82.28,2024,6
2024-06-19 12:45:00+05:30,539.0,30.46,82.16,2024,6
2024-06-19 13:00:00+05:30,537.0,30.64,81.38,2024,6
2024-06-19 13:15:00+05:30,536.0,30.62,80.46000000000001,2024,6
2024-06-19 13:30:00+05:30,536.0,30.61,79.96000000000001,2024,6
2024-06-19 13:45:00+05:30,539.0,30.605,79.52000000000001,2024,6
2024-06-19 14:00:00+05:30,548.0,30.6025,79.42,2024,6
2024-06-19 14:15:00+05:30,550.0,30.60125,78.72,2024,6
2024-06-19 14:30:00+05:30,554.0,30.600625,78.72999999999999,2024,6
2024-06-19 14:45:00+05:30,555.0,30.6003125,78.73499999999999,2024,6
2024-06-19 15:00:00+05:30,548.0,30.60015625,78.73749999999998,2024,6
2024-06-19 15:15:00+05:30,544.0,30.6,78.74,2024,6
2024-06-19 15:30:00+05:30,538.0,30.5,79.00000000000001,2024,6
2024-06-19 15:45:00+05:30,538.0,30.7,78.74000000000001,2024,6
2024-06-19 16:00:00+05:30,536.0,30.96,78.7,2024,6
2024-06-19 16:15:00+05:30,534.0,30.84,78.94000000000001,2024,6
2024-06-19 16:30:00+05:30,523.0,29.62,80.82000000000001,2024,6
2024-06-19 16:45:00+05:30,514.0,28.64,84.72,2024,6
2024-06-19 17:00:00+05:30,510.0,28.52,85.34,2024,6
2024-06-19 17:15:00+05:30,504.0,28.540000000000003,85.14,2024,6
2024-06-19 17:30:00+05:30,495.0,28.42,87.66,2024,6
2024-06-19 17:45:00+05:30,489.0,28.48,87.64,2024,6
2024-06-19 18:00:00+05:30,483.0,28.52,87.56,2024,6
2024-06-19 18:15:00+05:30,476.0,28.599999999999994,87.7,2024,6
2024-06-19 18:30:00+05:30,471.0,28.52,88.88,2024,6
2024-06-19 18:45:00+05:30,464.0,28.46,88.67999999999999,2024,6
2024-06-19 19:00:00+05:30,457.0,28.44,89.46,2024,6
2024-06-19 19:15:00+05:30,454.0,28.40000000000001,89.89999999999999,2024,6
2024-06-19 19:30:00+05:30,445.0,28.32,90.02000000000001,2024,6
2024-06-19 19:45:00+05:30,441.0,28.320000000000004,90.34,2024,6
2024-06-19 20:00:00+05:30,431.0,28.340000000000003,89.2,2024,6
2024-06-19 20:15:00+05:30,423.0,28.44,88.47999999999999,2024,6
2024-06-19 20:30:00+05:30,420.0,28.54,88.34,2024,6
2024-06-19 20:45:00+05:30,418.0,28.559999999999995,88.56,2024,6
2024-06-19 21:00:00+05:30,413.0,28.62,88.8,2024,6
2024-06-19 21:15:00+05:30,410.0,28.660000000000004,90.05999999999999,2024,6
2024-06-19 21:30:00+05:30,403.0,28.68,90.3,2024,6
2024-06-19 21:45:00+05:30,402.0,28.74,89.92,2024,6
2024-06-19 22:00:00+05:30,401.0,28.76,89.47999999999999,2024,6
2024-06-19 22:15:00+05:30,397.0,28.94,89.0,2024,6
2024-06-19 22:30:00+05:30,394.0,29.0,88.34,2024,6
2024-06-19 22:45:00+05:30,393.0,29.04,86.84,2024,6
2024-06-19 23:00:00+05:30,388.0,29.06,86.22,2024,6
2024-06-19 23:15:00+05:30,382.0,29.1,85.86000000000001,2024,6
2024-06-19 23:30:00+05:30,377.0,29.12,85.52000000000001,2024,6
2024-06-19 23:45:00+05:30,374.0,29.1,85.24,2024,6
2024-06-20 00:00:00+05:30,364.0,29.1,84.7,2024,6
2024-06-20 00:15:00+05:30,358.0,29.06,85.32,2024,6
2024-06-20 00:30:00+05:30,351.0,28.72000000000001,86.2,2024,6
2024-06-20 00:45:00+05:30,343.0,28.24,87.61999999999999,2024,6
2024-06-20 01:00:00+05:30,340.0,27.94,88.41999999999999,2024,6
2024-06-20 01:15:00+05:30,332.0,27.82,89.38000000000001,2024,6
2024-06-20 01:30:00+05:30,327.0,27.559999999999995,90.66,2024,6
2024-06-20 01:45:00+05:30,320.0,27.360000000000003,91.86,2024,6
2024-06-20 02:00:00+05:30,318.0,27.22,92.52,2024,6
2024-06-20 02:15:00+05:30,311.0,27.24,92.7,2024,6
2024-06-20 02:30:00+05:30,307.0,27.2,92.66,2024,6
2024-06-20 02:45:00+05:30,305.0,26.96,93.46,2024,6
2024-06-20 03:00:00+05:30,303.0,26.820000000000004,94.12,2024,6
2024-06-20 03:15:00+05:30,300.0,26.86,94.24,2024,6
2024-06-20 03:30:00+05:30,298.0,27.08,94.26,2024,6
2024-06-20 03:45:00+05:30,298.0,27.24,94.14,2024,6
2024-06-20 04:00:00+05:30,296.0,27.22000000000001,94.38000000000002,2024,6
2024-06-20 04:15:00+05:30,295.0,27.26,94.38,2024,6
2024-06-20 04:30:00+05:30,295.0,27.24,94.38,2024,6
2024-06-20 04:45:00+05:30,294.0,27.18,94.58,2024,6
2024-06-20 05:00:00+05:30,299.0,27.360000000000003,94.52,2024,6
2024-06-20 05:15:00+05:30,299.0,27.4,94.44,2024,6
2024-06-20 05:30:00+05:30,303.0,27.160000000000004,94.66,2024,6
2024-06-20 05:45:00+05:30,303.0,27.140000000000004,94.82,2024,6
2024-06-20 06:00:00+05:30,312.0,27.22,94.98,2024,6
2024-06-20 06:15:00+05:30,322.0,27.28,94.9,2024,6
2024-06-20 06:30:00+05:30,326.0,27.3,94.74,2024,6
2024-06-20 06:45:00+05:30,337.0,27.42,94.9,2024,6
2024-06-20 07:00:00+05:30,347.0,27.559999999999995,94.82,2024,6
2024-06-20 07:15:00+05:30,360.0,27.660000000000004,94.82,2024,6
2024-06-20 07:30:00+05:30,380.0,27.68,94.93999999999998,2024,6
2024-06-20 07:45:00+05:30,398.0,27.82,94.96,2024,6
2024-06-20 08:00:00+05:30,420.0,28.08,94.56,2024,6
2024-06-20 08:15:00+05:30,447.0,28.3,94.24,2024,6
2024-06-20 08:30:00+05:30,462.0,28.44,93.98,2024,6
2024-06-20 08:45:00+05:30,479.0,28.34,94.34,2024,6
2024-06-20 09:00:00+05:30,490.0,28.340000000000003,94.78,2024,6
2024-06-20 09:15:00+05:30,509.0,28.379999999999995,95.04,2024,6
2024-06-20 09:30:00+05:30,520.0,28.5,94.96,2024,6
2024-06-20 09:45:00+05:30,523.0,28.660000000000004,94.42,2024,6
2024-06-20 10:00:00+05:30,531.0,28.7,94.44,2024,6
2024-06-20 10:15:00+05:30,540.0,28.860000000000003,94.44,2024,6
2024-06-20 10:30:00+05:30,545.0,28.94,94.28,2024,6
2024-06-20 10:45:00+05:30,547.0,29.120000000000005,93.72,2024,6
2024-06-20 11:00:00+05:30,550.0,29.32,92.36,2024,6
2024-06-20 11:15:00+05:30,552.0,29.24,93.28,2024,6
2024-06-20 11:30:00+05:30,551.0,29.4,92.72,2024,6
2024-06-20 11:45:00+05:30,546.0,29.46,92.0,2024,6
2024-06-20 12:00:00+05:30,548.0,29.54,91.46,2024,6
2024-06-20 12:15:00+05:30,549.0,29.6,90.64,2024,6
2024-06-20 12:30:00+05:30,548.0,29.64,90.16,2024,6
2024-06-20 12:45:00+05:30,546.0,29.72,89.75999999999999,2024,6
2024-06-20 13:00:00+05:30,542.0,29.72,89.9,2024,6
2024-06-20 13:15:00+05:30,538.0,29.660000000000004,89.84,2024,6
2024-06-20 13:30:00+05:30,532.0,29.620000000000005,89.7,2024,6
2024-06-20 13:45:00+05:30,533.0,29.6,89.74,2024,6
2024-06-20 14:00:00+05:30,534.0,29.660000000000004,89.84,2024,6
2024-06-20 14:15:00+05:30,537.0,29.8,89.7,2024,6
2024-06-20 14:30:00+05:30,537.0,29.78,89.73999999999998,2024,6
2024-06-20 14:45:00+05:30,534.0,29.78,89.82000000000001,2024,6
2024-06-20 15:00:00+05:30,535.0,29.78,89.72,2024,6
2024-06-20 15:15:00+05:30,536.0,29.74,89.78000000000002,2024,6
2024-06-20 15:30:00+05:30,532.0,29.78,89.63999999999999,2024,6
2024-06-20 15:45:00+05:30,528.0,29.78,89.88000000000001,2024,6
2024-06-20 16:00:00+05:30,527.0,29.76,90.08,2024,6
2024-06-20 16:15:00+05:30,522.0,29.76,90.02000000000001,2024,6
2024-06-20 16:30:00+05:30,512.0,29.860000000000003,89.94,2024,6
2024-06-20 16:45:00+05:30,514.0,29.880000000000003,89.93999999999998,2024,6
2024-06-20 17:00:00+05:30,514.0,29.92,90.26,2024,6
2024-06-20 17:15:00+05:30,510.0,30.04,90.1,2024,6
2024-06-20 17:30:00+05:30,508.0,30.120000000000005,89.8,2024,6
2024-06-20 17:45:00+05:30,503.0,30.24,89.42,2024,6
2024-06-20 18:00:00+05:30,494.0,30.320000000000004,89.02,2024,6
2024-06-20 18:15:00+05:30,488.0,30.26,89.1,2024,6
2024-06-20 18:30:00+05:30,484.0,30.24,89.53999999999999,2024,6
2024-06-20 18:45:00+05:30,476.0,30.18,89.22,2024,6
2024-06-20 19:00:00+05:30,470.0,30.08,89.08,2024,6
2024-06-20 19:15:00+05:30,462.0,30.0,89.41999999999999,2024,6
2024-06-20 19:30:00+05:30,458.0,29.98,89.52000000000001,2024,6
2024-06-20 19:45:00+05:30,458.0,29.880000000000003,90.02000000000001,2024,6
2024-06-20 20:00:00+05:30,454.0,29.86,89.85999999999999,2024,6
2024-06-20 20:15:00+05:30,447.0,29.880000000000003,89.82,2024,6
2024-06-20 20:30:00+05:30,441.0,29.880000000000003,89.88,2024,6
2024-06-20 20:45:00+05:30,436.0,29.860000000000003,89.9,2024,6
2024-06-20 21:00:00+05:30,432.0,29.880000000000003,90.02000000000001,2024,6
2024-06-20 21:15:00+05:30,428.0,29.880000000000003,89.76,2024,6
2024-06-20 21:30:00+05:30,426.0,29.920000000000005,89.72,2024,6
2024-06-20 21:45:00+05:30,422.0,29.9,90.0,2024,6
2024-06-20 22:00:00+05:30,417.0,29.880000000000003,89.78,2024,6
2024-06-20 22:15:00+05:30,416.0,29.9,89.66,2024,6
2024-06-20 22:30:00+05:30,410.0,29.840000000000003,89.7,2024,6
2024-06-20 22:45:00+05:30,407.0,29.84,89.14000000000001,2024,6
2024-06-20 23:00:00+05:30,402.0,29.76,89.12,2024,6
2024-06-20 23:15:00+05:30,396.0,29.74,89.33999999999999,2024,6
2024-06-20 23:30:00+05:30,390.0,29.72,89.31999999999998,2024,6
2024-06-20 23:45:00+05:30,385.0,29.8,89.67999999999999,2024,6
2024-06-21 00:00:00+05:30,378.7322530161634,29.78,89.5,2024,6
2024-06-21 00:15:00+05:30,374.0498023256756,29.78,88.64000000000001,2024,6
2024-06-21 00:30:00+05:30,364.6503384058007,29.82,88.48,2024,6
2024-06-21 00:45:00+05:30,362.6211266528398,29.82,88.38,2024,6
2024-06-21 01:00:00+05:30,352.07340876340606,29.64,87.96000000000001,2024,6
2024-06-21 01:15:00+05:30,345.4774907502599,29.54,87.58,2024,6
2024-06-21 01:30:00+05:30,342.7532199102431,29.42,88.26,2024,6
2024-06-21 01:45:00+05:30,338.37000053885856,29.380000000000003,88.8,2024,6
2024-06-21 02:00:00+05:30,335.51932034193254,29.24,87.67999999999999,2024,6
2024-06-21 02:15:00+05:30,328.81612382177235,29.06,87.2,2024,6
2024-06-21 02:30:00+05:30,327.09655289395874,29.02,87.44000000000001,2024,6
2024-06-21 02:45:00+05:30,324.6204843766708,28.98,88.0,2024,6
2024-06-21 03:00:00+05:30,320.5347644435291,29.04,88.36,2024,6
2024-06-21 03:15:00+05:30,317.278014808681,29.12,88.83999999999999,2024,6
2024-06-21 03:30:00+05:30,314.6673205413919,29.18,89.46000000000001,2024,6
2024-06-21 03:45:00+05:30,313.66925998488125,29.22,89.58,2024,6
2024-06-21 04:00:00+05:30,311.27107971308834,29.26,89.84,2024,6
2024-06-21 04:15:00+05:30,309.5036724575731,29.26,89.6,2024,6
2024-06-21 04:30:00+05:30,309.89709149962505,29.28,88.97999999999999,2024,6
2024-06-21 04:45:00+05:30,313.4256177936616,29.26,88.39999999999999,2024,6
2024-06-21 05:00:00+05:30,311.92499684004287,29.160000000000004,89.22,2024,6
2024-06-21 05:15:00+05:30,314.4594778995462,29.059999999999995,89.76000000000002,2024,6
2024-06-21 05:30:00+05:30,320.085379256739,29.1,89.64000000000001,2024,6
2024-06-21 05:45:00+05:30,323.18400811990875,29.2,89.11999999999999,2024,6
2024-06-21 06:00:00+05:30,327.25227006309893,29.08,89.38000000000002,2024,6
2024-06-21 06:15:00+05:30,333.53773846238875,28.96,88.97999999999999,2024,6
2024-06-21 06:30:00+05:30,343.4168189402874,28.82,88.1,2024,6
2024-06-21 06:45:00+05:30,350.23068211977545,28.9,88.42,2024,6
2024-06-21 07:00:00+05:30,361.1240235153292,29.04,88.91999999999999,2024,6
2024-06-21 07:15:00+05:30,376.4396099078155,29.040000000000003,89.24,2024,6
2024-06-21 07:30:00+05:30,393.44957783582,29.02,90.36,2024,6
2024-06-21 07:45:00+05:30,411.4257337836669,29.12,90.44,2024,6
2024-06-21 08:00:00+05:30,435.6084326269704,29.24,90.46,2024,6
2024-06-21 08:15:00+05:30,457.049620183545,29.380000000000003,90.4,2024,6
2024-06-21 08:30:00+05:30,475.6091241046132,29.54,90.26000000000002,2024,6
2024-06-21 08:45:00+05:30,490.9330405118828,29.68,90.56,2024,6
2024-06-21 09:00:00+05:30,509.7741412755619,29.96,89.91999999999999,2024,6
2024-06-21 09:15:00+05:30,526.2587970140111,30.4,88.69999999999999,2024,6
2024-06-21 09:30:00+05:30,536.6933309024103,30.660000000000004,87.72,2024,6
2024-06-21 09:45:00+05:30,544.6179290512599,31.059999999999995,86.46,2024,6
2024-06-21 10:00:00+05:30,555.8682627068844,31.52,85.04,2024,6
2024-06-21 10:15:00+05:30,560.1271692269373,31.98,82.2,2024,6
2024-06-21 10:30:00+05:30,568.2387190904074,31.96,81.76,2024,6
2024-06-21 10:45:00+05:30,571.7619786674661,32.22,80.84,2024,6
2024-06-21 11:00:00+05:30,578.3037216875701,32.279999999999994,80.34,2024,6
2024-06-21 11:15:00+05:30,580.0179623796893,32.42,79.58000000000001,2024,6
2024-06-21 11:30:00+05:30,580.5793318507347,32.440000000000005,79.12,2024,6
2024-06-21 11:45:00+05:30,579.6152691465502,32.540000000000006,78.56000000000002,2024,6
2024-06-21 12:00:00+05:30,580.3356878613085,32.559999999999995,78.12,2024,6
2024-06-21 12:15:00+05:30,574.4153108242783,32.64,77.16,2024,6
2024-06-21 12:30:00+05:30,573.9689457184478,32.660000000000004,76.94,2024,6
2024-06-21 12:45:00+05:30,576.9464083761417,32.76,76.72,2024,6
2024-06-21 13:00:00+05:30,572.5699014522336,32.76,77.12,2024,6
2024-06-21 13:15:00+05:30,572.3866051899878,32.9,76.16,2024,6
2024-06-21 13:30:00+05:30,569.6083827271148,33.00000000000001,75.9,2024,6
2024-06-21 13:45:00+05:30,568.2162612375947,33.08,75.23999999999998,2024,6
2024-06-21 14:00:00+05:30,570.9381089034576,33.419999999999995,74.5,2024,6
2024-06-21 14:15:00+05:30,574.7456654826883,33.42,74.52,2024,6
2024-06-21 14:30:00+05:30,579.5150219592082,33.67999999999999,73.7,2024,6
2024-06-21 14:45:00+05:30,582.2547894959798,33.68,73.02,2024,6
2024-06-21 15:00:00+05:30,584.4779545039847,33.72,72.67999999999999,2024,6
2024-06-21 15:15:00+05:30,586.1958409806508,33.58,72.97999999999999,2024,6
2024-06-21 15:30:00+05:30,580.9453749682539,33.68000000000001,72.46000000000001,2024,6
2024-06-21 15:45:00+05:30,579.0353211355815,33.660000000000004,72.9,2024,6
2024-06-21 16:00:00+05:30,572.2161709765259,33.7,73.1,2024,6
2024-06-21 16:15:00+05:30,571.8914995305668,33.239999999999995,74.62,2024,6
2024-06-21 16:30:00+05:30,569.2520388627845,32.94,75.54,2024,6
2024-06-21 16:45:00+05:30,561.9941059852214,32.62,75.24,2024,6
2024-06-21 17:00:00+05:30,549.7923608402189,31.600000000000005,75.28,2024,6
2024-06-21 17:15:00+05:30,533.7031388013925,30.98,76.76,2024,6
2024-06-21 17:30:00+05:30,524.9536717801763,31.500000000000007,76.89999999999999,2024,6
2024-06-21 17:45:00+05:30,520.0854038934242,31.64,77.58000000000001,2024,6
2024-06-21 18:00:00+05:30,510.05638750569466,31.64,78.34,2024,6
2024-06-21 18:15:00+05:30,503.8488261786786,31.440000000000005,79.28,2024,6
2024-06-21 18:30:00+05:30,498.39708802736425,31.140000000000004,80.14000000000001,2024,6
2024-06-21 18:45:00+05:30,484.5266945330831,30.46,80.97999999999999,2024,6
2024-06-21 19:00:00+05:30,474.7771416479538,29.860000000000003,80.72,2024,6
2024-06-21 19:15:00+05:30,469.13751651496943,29.54,81.96000000000001,2024,6
2024-06-21 19:30:00+05:30,464.7322000722328,29.48,82.94,2024,6
2024-06-21 19:45:00+05:30,455.0499906875363,29.58,84.14000000000001,2024,6
2024-06-21 20:00:00+05:30,449.6190935756934,29.6,85.46000000000001,2024,6
2024-06-21 20:15:00+05:30,442.9174286886524,29.660000000000004,85.0,2024,6
2024-06-21 20:30:00+05:30,442.5668725133702,29.76,85.08,2024,6
2024-06-21 20:45:00+05:30,436.3714418673501,29.78,85.25999999999999,2024,6
2024-06-21 21:00:00+05:30,427.4714957610768,29.72,86.28,2024,6
2024-06-21 21:15:00+05:30,420.5235446289821,29.360000000000003,86.63999999999999,2024,6
2024-06-21 21:30:00+05:30,412.0923714104566,29.22,87.1,2024,6
2024-06-21 21:45:00+05:30,409.0120828438445,29.160000000000004,87.3,2024,6
2024-06-21 22:00:00+05:30,403.5206545085124,29.08,88.17999999999999,2024,6
2024-06-21 22:15:00+05:30,396.0005348218271,29.059999999999995,88.55999999999999,2024,6
2024-06-21 22:30:00+05:30,395.6814547167728,29.059999999999995,88.58,2024,6
2024-06-21 22:45:00+05:30,391.6248504782384,28.98,89.08,2024,6
2024-06-21 23:00:00+05:30,385.9705200151356,28.9,89.22,2024,6
2024-06-21 23:15:00+05:30,387.6277193902444,28.96,89.46,2024,6
2024-06-21 23:30:00+05:30,385.1044265268149,29.020000000000003,89.64000000000001,2024,6
2024-06-21 23:45:00+05:30,380.1664426472944,29.02,89.75999999999999,2024,6
2024-06-22 00:00:00+05:30,371.4851584817635,29.1,90.2,2024,6
2024-06-22 00:15:00+05:30,369.6397418888755,29.2,90.5,2024,6
2024-06-22 00:30:00+05:30,365.7910147586007,29.2,90.8,2024,6
2024-06-22 00:45:00+05:30,360.2428078630398,29.3,90.1,2024,6
2024-06-22 01:00:00+05:30,355.01537501200613,29.3,90.6,2024,6
2024-06-22 01:15:00+05:30,350.2056691390601,29.2,90.6,2024,6
2024-06-22 01:30:00+05:30,344.434802917443,29.2,90.6,2024,6
2024-06-22 01:45:00+05:30,340.28228894745854,29.1,90.9,2024,6
2024-06-22 02:00:00+05:30,336.56770816293255,29.1,90.8,2024,6
2024-06-22 02:15:00+05:30,332.0478479253724,29.0,89.8,2024,6
2024-06-22 02:30:00+05:30,329.8742535163588,28.8,89.3,2024,6
2024-06-22 02:45:00+05:30,327.55585459247067,28.7,89.7,2024,6
2024-06-22 03:00:00+05:30,324.6837078071291,28.6,90.0,2024,6
2024-06-22 03:15:00+05:30,321.23905027148106,28.6,90.8,2024,6
2024-06-22 03:30:00+05:30,316.3207507285919,28.5,91.3,2024,6
2024-06-22 03:45:00+05:30,310.27121237528127,28.4,90.8,2024,6
2024-06-22 04:00:00+05:30,308.4934527990884,28.1,91.0,2024,6
2024-06-22 04:15:00+05:30,309.9216925187733,28.1,92.0,2024,6
2024-06-22 04:30:00+05:30,307.6289683764249,28.1,92.0,2024,6
2024-06-22 04:45:00+05:30,308.5861471696617,28.2,92.5,2024,6
2024-06-22 05:00:00+05:30,307.7221862688429,28.2,91.9,2024,6
2024-06-22 05:15:00+05:30,304.77701762554625,28.2,91.9,2024,6
2024-06-22 05:30:00+05:30,305.5910562935389,28.0,92.4,2024,6
2024-06-22 05:45:00+05:30,308.6666295743088,28.0,93.2,2024,6
2024-06-22 06:00:00+05:30,312.224641045499,27.9,93.9,2024,6
2024-06-22 06:15:00+05:30,315.99870879058886,27.9,93.7,2024,6
2024-06-22 06:30:00+05:30,322.2769630354875,28.0,93.5,2024,6
2024-06-22 06:45:00+05:30,326.0060659333754,28.1,93.4,2024,6
2024-06-22 07:00:00+05:30,331.8711367927291,28.2,92.4,2024,6
2024-06-22 07:15:00+05:30,338.4039841400156,28.3,93.2,2024,6
2024-06-22 07:30:00+05:30,345.16720364122006,28.6,93.3,2024,6
2024-06-22 07:45:00+05:30,353.6743523534672,28.8,92.4,2024,6
2024-06-22 08:00:00+05:30,369.2275504733704,29.1,90.9,2024,6
2024-06-22 08:15:00+05:30,384.1962304311451,29.2,90.3,2024,6
2024-06-22 08:30:00+05:30,395.0605981590131,29.4,89.9,2024,6
2024-06-22 08:45:00+05:30,404.4617288422828,29.9,88.5,2024,6
2024-06-22 09:00:00+05:30,420.8645242131618,30.7,85.7,2024,6
2024-06-22 09:15:00+05:30,437.18749998021127,31.1,84.1,2024,6
2024-06-22 09:30:00+05:30,447.47576157781015,31.15,82.2,2024,6
2024-06-22 09:45:00+05:30,455.99568578245976,31.175,81.2,2024,6
2024-06-22 10:00:00+05:30,470.9625327252844,31.1875,79.8,2024,6
2024-06-22 10:15:00+05:30,474.12451510853737,31.19375,81.2,2024,6
2024-06-22 10:30:00+05:30,480.1951735122073,31.196875,81.7,2024,6
2024-06-22 10:45:00+05:30,483.3442361024662,31.2,81.7,2024,6
2024-06-22 11:00:00+05:30,483.7867240919704,31.1,80.6,2024,6
2024-06-22 11:15:00+05:30,484.2582027894892,31.05,79.1,2024,6
2024-06-22 11:30:00+05:30,477.1740864799347,31.0,78.6,2024,6
2024-06-22 11:45:00+05:30,470.5227288111502,29.8,80.2,2024,6
2024-06-22 12:00:00+05:30,468.46792559890855,29.6,82.8,2024,6
2024-06-22 12:15:00+05:30,467.13751238567824,29.8,80.9,2024,6
2024-06-22 12:30:00+05:30,466.0417722720479,30.0,80.2,2024,6
2024-06-22 12:45:00+05:30,460.2842980211416,30.1,80.5,2024,6
2024-06-22 13:00:00+05:30,457.3360766280336,29.9,81.1,2024,6
2024-06-22 13:15:00+05:30,457.20570974338784,29.7,81.5,2024,6
2024-06-22 13:30:00+05:30,454.6070480085147,29.5,80.5,2024,6
2024-06-22 13:45:00+05:30,453.6631736195946,29.5,80.1,2024,6
2024-06-22 14:00:00+05:30,453.6155129788577,29.3,80.6,2024,6
2024-06-22 14:15:00+05:30,454.3623224534883,29.1,83.1,2024,6
2024-06-22 14:30:00+05:30,453.4072730454084,28.8,82.7,2024,6
2024-06-22 14:45:00+05:30,444.8489671899799,28.3,81.0,2024,6
2024-06-22 15:00:00+05:30,439.2352972529848,28.3,82.2,2024,6
2024-06-22 15:15:00+05:30,435.71401798145087,28.8,80.7,2024,6
2024-06-22 15:30:00+05:30,432.6497307094539,29.2,79.9,2024,6
2024-06-22 15:45:00+05:30,431.7103372719816,29.7,79.2,2024,6
2024-06-22 16:00:00+05:30,430.7351123819259,30.4,75.8,2024,6
2024-06-22 16:15:00+05:30,431.6963702427668,30.8,73.4,2024,6
2024-06-22 16:30:00+05:30,431.2392292635847,30.9,73.2,2024,6
2024-06-22 16:45:00+05:30,429.2330603710213,30.9,72.7,2024,6
2024-06-22 17:00:00+05:30,427.9041175030189,30.5,73.2,2024,6
2024-06-22 17:15:00+05:30,425.0016562077925,30.2,74.6,2024,6
2024-06-22 17:30:00+05:30,420.9732453141763,29.9,75.8,2024,6
2024-06-22 17:45:00+05:30,419.2044998954242,29.5,78.8,2024,6
2024-06-22 18:00:00+05:30,417.8870362096947,29.8,77.9,2024,6
2024-06-22 18:15:00+05:30,416.0380396914785,30.0,78.6,2024,6
2024-06-22 18:30:00+05:30,414.8783768679641,29.8,79.8,2024,6
2024-06-22 18:45:00+05:30,412.2375487590834,29.8,80.5,2024,6
2024-06-22 19:00:00+05:30,412.30381591615367,29.7,81.1,2024,6
2024-06-22 19:15:00+05:30,413.75774310796953,29.5,81.3,2024,6
2024-06-22 19:30:00+05:30,411.4480622448327,29.3,81.9,2024,6
2024-06-22 19:45:00+05:30,409.7697552675361,29.2,82.2,2024,6
2024-06-22 20:00:00+05:30,411.7988032518933,29.1,82.6,2024,6
2024-06-22 20:15:00+05:30,409.5985584720522,29.1,82.6,2024,6
2024-06-22 20:30:00+05:30,403.97535874257017,29.0,83.0,2024,6
2024-06-22 20:45:00+05:30,404.08965524855006,29.0,82.8,2024,6
2024-06-22 21:00:00+05:30,397.9051409050766,29.0,83.4,2024,6
2024-06-22 21:15:00+05:30,396.2829269445821,29.0,83.6,2024,6
2024-06-22 21:30:00+05:30,393.5139368648565,29.1,83.3,2024,6
2024-06-22 21:45:00+05:30,391.97993715664455,29.1,83.9,2024,6
2024-06-22 22:00:00+05:30,385.92552571811245,29.0,84.3,2024,6
2024-06-22 22:15:00+05:30,381.5913967944269,29.0,84.6,2024,6
2024-06-22 22:30:00+05:30,381.9428967271728,29.0,85.4,2024,6
2024-06-22 22:45:00+05:30,378.8186003068385,29.0,85.6,2024,6
2024-06-22 23:00:00+05:30,373.69611929693554,29.0,85.8,2024,6
2024-06-22 23:15:00+05:30,369.4195543366444,29.0,86.4,2024,6
2024-06-22 23:30:00+05:30,367.770333343615,29.0,86.8,2024,6
2024-06-22 23:45:00+05:30,363.2651692288943,29.0,86.9,2024,6
2024-06-23 00:00:00+05:30,359.0,28.98,87.34,2024,6
2024-06-23 00:15:00+05:30,355.0,28.880000000000003,87.72,2024,6
2024-06-23 00:30:00+05:30,351.0,28.9,88.05999999999999,2024,6
2024-06-23 00:45:00+05:30,349.0,28.82,88.53999999999999,2024,6
2024-06-23 01:00:00+05:30,342.0,28.8,89.02000000000001,2024,6
2024-06-23 01:15:00+05:30,339.0,28.8,89.4,2024,6
2024-06-23 01:30:00+05:30,336.0,28.82,89.52000000000001,2024,6
2024-06-23 01:45:00+05:30,333.0,28.84,89.26,2024,6
2024-06-23 02:00:00+05:30,327.0,28.78,89.4,2024,6
2024-06-23 02:15:00+05:30,321.0,28.660000000000004,90.18,2024,6
2024-06-23 02:30:00+05:30,319.0,28.625,90.9,2024,6
2024-06-23 02:45:00+05:30,314.0,28.5,90.9,2024,6
2024-06-23 03:00:00+05:30,312.0,28.475,91.325,2024,6
2024-06-23 03:15:00+05:30,309.0,28.4,91.25,2024,6
2024-06-23 03:30:00+05:30,308.0,28.425,91.225,2024,6
2024-06-23 03:45:00+05:30,306.0,28.4,91.42499999999998,2024,6
2024-06-23 04:00:00+05:30,304.0,28.35,91.35,2024,6
2024-06-23 04:15:00+05:30,302.0,28.35,91.325,2024,6
2024-06-23 04:30:00+05:30,303.0,28.35,91.275,2024,6
2024-06-23 04:45:00+05:30,301.0,28.35,91.25,2024,6
2024-06-23 05:00:00+05:30,301.0,28.22,91.2,2024,6
2024-06-23 05:15:00+05:30,300.0,28.2,91.32,2024,6
2024-06-23 05:30:00+05:30,298.0,28.160000000000004,91.22,2024,6
2024-06-23 05:45:00+05:30,298.0,28.160000000000004,91.2,2024,6
2024-06-23 06:00:00+05:30,299.0,28.160000000000004,91.22,2024,6
2024-06-23 06:15:00+05:30,301.0,28.140000000000004,91.28,2024,6
2024-06-23 06:30:00+05:30,300.0,28.14,91.24,2024,6
2024-06-23 06:45:00+05:30,301.0,28.22,91.22,2024,6
2024-06-23 07:00:00+05:30,304.0,28.34,91.02,2024,6
2024-06-23 07:15:00+05:30,311.0,28.52,90.42,2024,6
2024-06-23 07:30:00+05:30,312.0,28.74,89.1,2024,6
2024-06-23 07:45:00+05:30,314.0,29.04,88.03999999999999,2024,6
2024-06-23 08:00:00+05:30,321.0,29.140000000000004,87.06,2024,6
2024-06-23 08:15:00+05:30,327.0,29.26,86.74,2024,6
2024-06-23 08:30:00+05:30,332.0,29.54,85.4,2024,6
2024-06-23 08:45:00+05:30,340.0,29.74,83.96000000000001,2024,6
2024-06-23 09:00:00+05:30,345.0,29.2,85.24,2024,6
2024-06-23 09:15:00+05:30,347.0,29.3,85.82,2024,6
2024-06-23 09:30:00+05:30,351.0,29.3,86.84,2024,6
2024-06-23 09:45:00+05:30,354.0,29.64,86.52000000000001,2024,6
2024-06-23 10:00:00+05:30,361.0,30.26,85.18,2024,6
2024-06-23 10:15:00+05:30,366.0,30.540000000000003,83.14,2024,6
2024-06-23 10:30:00+05:30,369.0,30.72,81.24000000000001,2024,6
2024-06-23 10:45:00+05:30,375.0,31.22000000000001,78.9,2024,6
2024-06-23 11:00:00+05:30,377.0,31.64,77.08,2024,6
2024-06-23 11:15:00+05:30,381.0,31.7,76.12,2024,6
2024-06-23 11:30:00+05:30,388.0,31.76,75.2,2024,6
2024-06-23 11:45:00+05:30,386.0,31.879999999999995,74.32000000000001,2024,6
2024-06-23 12:00:00+05:30,386.0,32.1,73.58,2024,6
2024-06-23 12:15:00+05:30,386.0,32.1,73.30000000000001,2024,6
2024-06-23 12:30:00+05:30,384.0,32.34,72.55999999999999,2024,6
2024-06-23 12:45:00+05:30,386.0,32.5,72.53999999999999,2024,6
2024-06-23 13:00:00+05:30,385.0,32.42,73.28,2024,6
2024-06-23 13:15:00+05:30,383.0,32.46,73.32,2024,6
2024-06-23 13:30:00+05:30,384.0,32.480000000000004,72.82000000000001,2024,6
2024-06-23 13:45:00+05:30,384.0,32.660000000000004,72.54,2024,6
2024-06-23 14:00:00+05:30,386.0,32.6,72.25999999999999,2024,6
2024-06-23 14:15:00+05:30,389.0,32.82,71.64,2024,6
2024-06-23 14:30:00+05:30,390.0,32.86,71.6,2024,6
2024-06-23 14:45:00+05:30,390.0,32.760000000000005,71.02000000000001,2024,6
2024-06-23 15:00:00+05:30,391.0,33.18000000000001,69.78,2024,6
2024-06-23 15:15:00+05:30,388.0,32.82,70.84,2024,6
2024-06-23 15:30:00+05:30,387.0,32.779999999999994,70.72,2024,6
2024-06-23 15:45:00+05:30,386.0,32.52,71.38,2024,6
2024-06-23 16:00:00+05:30,385.0,31.98,72.91999999999999,2024,6
2024-06-23 16:15:00+05:30,378.0,31.58,74.34,2024,6
2024-06-23 16:30:00+05:30,377.0,31.140000000000004,75.76,2024,6
2024-06-23 16:45:00+05:30,373.0,30.78,76.64000000000001,2024,6
2024-06-23 17:00:00+05:30,369.0,30.76,77.2,2024,6
2024-06-23 17:15:00+05:30,368.0,30.5,78.17999999999999,2024,6
2024-06-23 17:30:00+05:30,370.0,30.3,79.28,2024,6
2024-06-23 17:45:00+05:30,372.0,30.22,79.86000000000001,2024,6
2024-06-23 18:00:00+05:30,371.0,30.12,80.36,2024,6
2024-06-23 18:15:00+05:30,370.0,30.0,80.4,2024,6
2024-06-23 18:30:00+05:30,369.0,29.92,80.78,2024,6
2024-06-23 18:45:00+05:30,370.0,29.86,80.66,2024,6
2024-06-23 19:00:00+05:30,375.0,29.82,80.85999999999999,2024,6
2024-06-23 19:15:00+05:30,377.0,29.78,81.0,2024,6
2024-06-23 19:30:00+05:30,379.0,29.660000000000004,81.82000000000001,2024,6
2024-06-23 19:45:00+05:30,379.0,29.6,82.48,2024,6
2024-06-23 20:00:00+05:30,380.0,29.42,83.1,2024,6
2024-06-23 20:15:00+05:30,379.0,29.36,84.14000000000001,2024,6
2024-06-23 20:30:00+05:30,378.0,29.22,84.72,2024,6
2024-06-23 20:45:00+05:30,377.0,29.12,85.56,2024,6
2024-06-23 21:00:00+05:30,376.0,29.08,85.86000000000001,2024,6
2024-06-23 21:15:00+05:30,375.0,29.02,85.76,2024,6
2024-06-23 21:30:00+05:30,374.0,29.0,86.0,2024,6
2024-06-23 21:45:00+05:30,372.0,28.94,86.26,2024,6
2024-06-23 22:00:00+05:30,368.0,28.860000000000003,86.4,2024,6
2024-06-23 22:15:00+05:30,366.0,28.840000000000003,86.66,2024,6
2024-06-23 22:30:00+05:30,365.0,28.8,86.86000000000001,2024,6
2024-06-23 22:45:00+05:30,365.0,28.78,86.75999999999999,2024,6
2024-06-23 23:00:00+05:30,362.0,28.78,86.7,2024,6
2024-06-23 23:15:00+05:30,358.0,28.82,86.58,2024,6
2024-06-23 23:30:00+05:30,356.0,28.78,86.84,2024,6
2024-06-23 23:45:00+05:30,350.0,28.8,86.82000000000001,2024,6
2024-06-24 00:00:00+05:30,347.6824897772725,28.8,86.9,2024,6
2024-06-24 00:15:00+05:30,343.2199423719048,28.9,86.7,2024,6
2024-06-24 00:30:00+05:30,337.0720460698675,28.7,87.4,2024,6
2024-06-24 00:45:00+05:30,329.597763416462,28.6,87.8,2024,6
2024-06-24 01:00:00+05:30,324.4460261956753,28.6,87.9,2024,6
2024-06-24 01:15:00+05:30,320.735906793974,28.6,88.1,2024,6
2024-06-24 01:30:00+05:30,318.8726577690033,28.6,88.5,2024,6
2024-06-24 01:45:00+05:30,315.20754875623663,28.6,88.3,2024,6
2024-06-24 02:00:00+05:30,312.9069993380232,28.6,88.3,2024,6
2024-06-24 02:15:00+05:30,309.880632469264,28.6,88.5,2024,6
2024-06-24 02:30:00+05:30,307.3353401608737,28.5,88.5,2024,6
2024-06-24 02:45:00+05:30,305.17161938254804,28.6,88.5,2024,6
2024-06-24 03:00:00+05:30,303.2549959804711,28.6,88.3,2024,6
2024-06-24 03:15:00+05:30,301.5031600074632,28.5,87.9,2024,6
2024-06-24 03:30:00+05:30,300.83210850017804,28.5,87.7,2024,6
2024-06-24 03:45:00+05:30,296.88426258277235,28.4,88.9,2024,6
2024-06-24 04:00:00+05:30,294.04177060496096,28.3,88.8,2024,6
2024-06-24 04:15:00+05:30,290.72385209663,28.0,89.4,2024,6
2024-06-24 04:30:00+05:30,290.4080512371044,27.8,90.4,2024,6
2024-06-24 04:45:00+05:30,293.3404242812828,27.8,90.9,2024,6
2024-06-24 05:00:00+05:30,293.46518964943215,27.8,91.5,2024,6
2024-06-24 05:15:00+05:30,294.6718072621216,27.7,91.8,2024,6
2024-06-24 05:30:00+05:30,295.9295027048143,27.8,92.1,2024,6
2024-06-24 05:45:00+05:30,302.8425161993789,27.9,92.2,2024,6
2024-06-24 06:00:00+05:30,310.3756628692232,27.9,92.3,2024,6
2024-06-24 06:15:00+05:30,316.167204935749,27.9,92.1,2024,6
2024-06-24 06:30:00+05:30,329.67136517968737,28.0,91.5,2024,6
2024-06-24 06:45:00+05:30,339.3472137626267,28.0,91.0,2024,6
2024-06-24 07:00:00+05:30,352.30722999286195,28.1,90.5,2024,6
2024-06-24 07:15:00+05:30,367.741654075826,28.4,89.8,2024,6
2024-06-24 07:30:00+05:30,385.1975270462921,28.7,88.7,2024,6
2024-06-24 07:45:00+05:30,405.979003966631,29.0,87.9,2024,6
2024-06-24 08:00:00+05:30,430.7673061705699,29.2,86.8,2024,6
2024-06-24 08:15:00+05:30,449.57389052683607,29.3,86.4,2024,6
2024-06-24 08:30:00+05:30,469.6255380104786,29.3,85.6,2024,6
2024-06-24 08:45:00+05:30,484.8610090296815,29.6,84.6,2024,6
2024-06-24 09:00:00+05:30,499.7640289102933,29.8,83.8,2024,6
2024-06-24 09:15:00+05:30,507.3507749283182,30.0,82.5,2024,6
2024-06-24 09:30:00+05:30,521.0845634153472,30.3,81.4,2024,6
2024-06-24 09:45:00+05:30,532.6118222600829,30.2,80.9,2024,6
2024-06-24 10:00:00+05:30,541.0466504292053,30.1,81.3,2024,6
2024-06-24 10:15:00+05:30,544.8925267582545,30.1,81.1,2024,6
2024-06-24 10:30:00+05:30,548.6757034056487,30.2,80.7,2024,6
2024-06-24 10:45:00+05:30,550.6658840825572,30.4,80.0,2024,6
2024-06-24 11:00:00+05:30,552.2416628148957,31.1,77.4,2024,6
2024-06-24 11:15:00+05:30,552.7182414150574,31.4,76.1,2024,6
2024-06-24 11:30:00+05:30,551.1613758877472,31.2,76.1,2024,6
2024-06-24 11:45:00+05:30,550.7558423945734,31.4,75.6,2024,6
2024-06-24 12:00:00+05:30,554.5683996095621,31.8,74.1,2024,6
2024-06-24 12:15:00+05:30,552.0088206401998,31.7,74.3,2024,6
2024-06-24 12:30:00+05:30,552.2955316356417,32.1,73.1,2024,6
2024-06-24 12:45:00+05:30,548.7700511657029,32.2,73.1,2024,6
2024-06-24 13:00:00+05:30,547.3633247604181,32.2,73.3,2024,6
2024-06-24 13:15:00+05:30,547.0214169677552,32.0,73.5,2024,6
2024-06-24 13:30:00+05:30,545.046567131068,32.6,71.9,2024,6
2024-06-24 13:45:00+05:30,540.938751827411,32.3,72.3,2024,6
2024-06-24 14:00:00+05:30,550.1304593794933,32.1,73.2,2024,6
2024-06-24 14:15:00+05:30,556.09232005955,32.0,73.4,2024,6
2024-06-24 14:30:00+05:30,555.5050918376463,32.0,73.6,2024,6
2024-06-24 14:45:00+05:30,557.3205608061346,32.3,72.9,2024,6
2024-06-24 15:00:00+05:30,555.9040066449286,32.5,72.3,2024,6
2024-06-24 15:15:00+05:30,554.7641400899857,32.6,71.8,2024,6
2024-06-24 15:30:00+05:30,552.9489499715567,32.7,72.0,2024,6
2024-06-24 15:45:00+05:30,550.3029525393711,32.8,71.1,2024,6
2024-06-24 16:00:00+05:30,550.712634119713,32.6,71.6,2024,6
2024-06-24 16:15:00+05:30,547.1374596486489,32.5,72.0,2024,6
2024-06-24 16:30:00+05:30,543.6966284076559,32.3,72.7,2024,6
2024-06-24 16:45:00+05:30,542.0834762360385,32.5,72.4,2024,6
2024-06-24 17:00:00+05:30,536.421709636385,32.8,71.3,2024,6
2024-06-24 17:15:00+05:30,529.0328852311143,32.0,73.4,2024,6
2024-06-24 17:30:00+05:30,523.3208997470871,31.4,75.0,2024,6
2024-06-24 17:45:00+05:30,515.1013689486847,31.0,76.1,2024,6
2024-06-24 18:00:00+05:30,504.5775198688292,30.8,77.1,2024,6
2024-06-24 18:15:00+05:30,498.796095829712,30.5,78.5,2024,6
2024-06-24 18:30:00+05:30,490.3145071522805,30.4,78.3,2024,6
2024-06-24 18:45:00+05:30,479.8224814582514,30.4,78.9,2024,6
2024-06-24 19:00:00+05:30,470.0896497626,30.3,79.3,2024,6
2024-06-24 19:15:00+05:30,466.4201155558989,30.3,79.1,2024,6
2024-06-24 19:30:00+05:30,460.5043640520296,30.1,79.7,2024,6
2024-06-24 19:45:00+05:30,455.40744071161794,30.0,79.8,2024,6
2024-06-24 20:00:00+05:30,444.8160802367983,29.9,80.2,2024,6
2024-06-24 20:15:00+05:30,437.5154385335814,29.8,80.6,2024,6
2024-06-24 20:30:00+05:30,433.6563317705282,29.8,80.9,2024,6
2024-06-24 20:45:00+05:30,427.5751722372131,29.8,80.9,2024,6
2024-06-24 21:00:00+05:30,423.078645435599,29.7,80.9,2024,6
2024-06-24 21:15:00+05:30,420.1318997018456,29.8,80.4,2024,6
2024-06-24 21:30:00+05:30,417.0675337351483,29.8,80.0,2024,6
2024-06-24 21:45:00+05:30,411.05123968975454,29.8,80.5,2024,6
2024-06-24 22:00:00+05:30,409.6343446953709,29.8,80.6,2024,6
2024-06-24 22:15:00+05:30,406.860442962186,29.7,81.2,2024,6
2024-06-24 22:30:00+05:30,404.6139409265148,29.6,82.0,2024,6
2024-06-24 22:45:00+05:30,399.5357892056924,29.5,82.9,2024,6
2024-06-24 23:00:00+05:30,395.61385726733465,29.4,83.3,2024,6
2024-06-24 23:15:00+05:30,388.7337784828108,29.4,83.3,2024,6
2024-06-24 23:30:00+05:30,381.1129514316533,29.4,83.5,2024,6
2024-06-24 23:45:00+05:30,373.5809147490091,29.3,83.8,2024,6
2024-06-25 00:00:00+05:30,372.0,29.2,84.17999999999999,2024,6
2024-06-25 00:15:00+05:30,366.0,29.12,84.56,2024,6
2024-06-25 00:30:00+05:30,360.0,29.020000000000003,84.76,2024,6
2024-06-25 00:45:00+05:30,355.0,28.96,84.55999999999999,2024,6
2024-06-25 01:00:00+05:30,345.0,28.860000000000003,84.66,2024,6
2024-06-25 01:15:00+05:30,337.0,28.84,84.72,2024,6
2024-06-25 01:30:00+05:30,336.0,28.74,84.82000000000001,2024,6
2024-06-25 01:45:00+05:30,331.0,28.72,84.6,2024,6
2024-06-25 02:00:00+05:30,326.0,28.72,84.53999999999999,2024,6
2024-06-25 02:15:00+05:30,320.0,28.64,84.5,2024,6
2024-06-25 02:30:00+05:30,317.0,28.58,84.64,2024,6
2024-06-25 02:45:00+05:30,316.0,28.5,84.78,2024,6
2024-06-25 03:00:00+05:30,314.0,28.48,84.94000000000001,2024,6
2024-06-25 03:15:00+05:30,313.0,28.42,85.1,2024,6
2024-06-25 03:30:00+05:30,314.0,28.420000000000005,85.33999999999999,2024,6
2024-06-25 03:45:00+05:30,312.0,28.380000000000003,85.76,2024,6
2024-06-25 04:00:00+05:30,311.0,28.32,86.22,2024,6
2024-06-25 04:15:00+05:30,307.0,28.34,86.44000000000001,2024,6
2024-06-25 04:30:00+05:30,305.0,28.3,86.72,2024,6
2024-06-25 04:45:00+05:30,305.0,28.3,86.9,2024,6
2024-06-25 05:00:00+05:30,309.0,28.22,86.92,2024,6
2024-06-25 05:15:00+05:30,307.0,28.28,86.85999999999999,2024,6
2024-06-25 05:30:00+05:30,310.0,28.2,87.00000000000001,2024,6
2024-06-25 05:45:00+05:30,315.0,28.18,87.11999999999999,2024,6
2024-06-25 06:00:00+05:30,321.0,28.2,86.97999999999999,2024,6
2024-06-25 06:15:00+05:30,331.0,28.28,86.55999999999999,2024,6
2024-06-25 06:30:00+05:30,338.0,28.3,86.58,2024,6
2024-06-25 06:45:00+05:30,347.0,28.440000000000005,86.44,2024,6
2024-06-25 07:00:00+05:30,360.0,28.64,85.34,2024,6
2024-06-25 07:15:00+05:30,376.0,28.9,84.44,2024,6
2024-06-25 07:30:00+05:30,393.0,29.12,83.47999999999999,2024,6
2024-06-25 07:45:00+05:30,412.0,29.360000000000003,82.52000000000001,2024,6
2024-06-25 08:00:00+05:30,435.0,29.660000000000004,81.35999999999999,2024,6
2024-06-25 08:15:00+05:30,458.0,30.0,80.00000000000001,2024,6
2024-06-25 08:30:00+05:30,482.0,30.48,78.52000000000001,2024,6
2024-06-25 08:45:00+05:30,498.0,30.98,76.3,2024,6
2024-06-25 09:00:00+05:30,510.0,31.4,74.84,2024,6
2024-06-25 09:15:00+05:30,522.0,31.8,73.67999999999999,2024,6
2024-06-25 09:30:00+05:30,534.0,32.040000000000006,72.96000000000001,2024,6
2024-06-25 09:45:00+05:30,542.0,32.38,71.92,2024,6
2024-06-25 10:00:00+05:30,550.0,32.459999999999994,71.08,2024,6
2024-06-25 10:15:00+05:30,557.0,32.760000000000005,70.24,2024,6
2024-06-25 10:30:00+05:30,562.0,32.92,69.4,2024,6
2024-06-25 10:45:00+05:30,565.0,32.84,69.17999999999999,2024,6
2024-06-25 11:00:00+05:30,566.0,33.0,69.36,2024,6
2024-06-25 11:15:00+05:30,568.0,32.98,68.88,2024,6
2024-06-25 11:30:00+05:30,565.0,33.220000000000006,67.94,2024,6
2024-06-25 11:45:00+05:30,564.0,33.3,67.02000000000001,2024,6
2024-06-25 12:00:00+05:30,565.0,33.44,66.98,2024,6
2024-06-25 12:15:00+05:30,563.0,33.64,65.86,2024,6
2024-06-25 12:30:00+05:30,559.0,33.55,66.25,2024,6
2024-06-25 12:45:00+05:30,559.0,34.075,64.975,2024,6
2024-06-25 13:00:00+05:30,560.0,34.475,64.275,2024,6
2024-06-25 13:15:00+05:30,557.0,34.475,64.67500000000001,2024,6
2024-06-25 13:30:00+05:30,558.0,34.15,65.85,2024,6
2024-06-25 13:45:00+05:30,564.0,34.075,66.2,2024,6
2024-06-25 14:00:00+05:30,567.0,33.925,66.6,2024,6
2024-06-25 14:15:00+05:30,568.0,34.6,65.30000000000001,2024,6
2024-06-25 14:30:00+05:30,569.0,34.975,63.150000000000006,2024,6
2024-06-25 14:45:00+05:30,571.0,35.225,63.225,2024,6
2024-06-25 15:00:00+05:30,577.0,35.2,64.375,2024,6
2024-06-25 15:15:00+05:30,580.0,35.099999999999994,65.32499999999999,2024,6
2024-06-25 15:30:00+05:30,578.0,33.974999999999994,66.975,2024,6
2024-06-25 15:45:00+05:30,575.0,34.325,65.77499999999999,2024,6
2024-06-25 16:00:00+05:30,571.0,34.54,65.54,2024,6
2024-06-25 16:15:00+05:30,563.0,34.739999999999995,64.58,2024,6
2024-06-25 16:30:00+05:30,563.0,34.58,65.75999999999999,2024,6
2024-06-25 16:45:00+05:30,561.0,34.28,66.52000000000001,2024,6
2024-06-25 17:00:00+05:30,556.0,33.86,68.24,2024,6
2024-06-25 17:15:00+05:30,552.0,33.52,67.91999999999999,2024,6
2024-06-25 17:30:00+05:30,545.0,33.58,67.16,2024,6
2024-06-25 17:45:00+05:30,536.0,33.52,67.16,2024,6
2024-06-25 18:00:00+05:30,523.0,33.7,66.75999999999999,2024,6
2024-06-25 18:15:00+05:30,514.0,33.3,67.86,2024,6
2024-06-25 18:30:00+05:30,507.0,33.260000000000005,67.7,2024,6
2024-06-25 18:45:00+05:30,500.0,32.480000000000004,69.88000000000001,2024,6
2024-06-25 19:00:00+05:30,490.0,32.08,70.78,2024,6
2024-06-25 19:15:00+05:30,484.0,31.8,71.82000000000001,2024,6
2024-06-25 19:30:00+05:30,478.0,31.48,72.82000000000001,2024,6
2024-06-25 19:45:00+05:30,473.0,31.3,73.82,2024,6
2024-06-25 20:00:00+05:30,459.0,31.08,75.04,2024,6
2024-06-25 20:15:00+05:30,453.0,30.94,75.66,2024,6
2024-06-25 20:30:00+05:30,446.0,30.8,76.38000000000001,2024,6
2024-06-25 20:45:00+05:30,445.0,30.7,76.88000000000001,2024,6
2024-06-25 21:00:00+05:30,435.0,30.54,77.94,2024,6
2024-06-25 21:15:00+05:30,430.0,30.380000000000003,79.0,2024,6
2024-06-25 21:30:00+05:30,428.0,30.2,80.66,2024,6
2024-06-25 21:45:00+05:30,424.0,29.98,82.5,2024,6
2024-06-25 22:00:00+05:30,413.0,29.860000000000003,84.17999999999999,2024,6
2024-06-25 22:15:00+05:30,411.0,29.9,84.47999999999999,2024,6
2024-06-25 22:30:00+05:30,413.0,29.820000000000004,85.12,2024,6
2024-06-25 22:45:00+05:30,410.0,29.72,85.76,2024,6
2024-06-25 23:00:00+05:30,405.0,29.74,86.30000000000001,2024,6
2024-06-25 23:15:00+05:30,402.0,29.68,86.34,2024,6
2024-06-25 23:30:00+05:30,400.0,29.660000000000004,86.44,2024,6
2024-06-25 23:45:00+05:30,393.0,29.48,87.08,2024,6
2024-06-26 00:00:00+05:30,385.0,29.380000000000003,87.14,2024,6
2024-06-26 00:15:00+05:30,377.0,29.22,87.86,2024,6
2024-06-26 00:30:00+05:30,370.0,29.2,88.8,2024,6
2024-06-26 00:45:00+05:30,364.0,29.18,89.02,2024,6
2024-06-26 01:00:00+05:30,358.0,29.140000000000004,88.94000000000001,2024,6
2024-06-26 01:15:00+05:30,356.0,29.160000000000004,88.7,2024,6
2024-06-26 01:30:00+05:30,350.0,29.140000000000004,88.92,2024,6
2024-06-26 01:45:00+05:30,345.0,29.06,88.88000000000001,2024,6
2024-06-26 02:00:00+05:30,338.0,29.04,88.92,2024,6
2024-06-26 02:15:00+05:30,335.0,29.04,89.4,2024,6
2024-06-26 02:30:00+05:30,333.0,28.86,89.54,2024,6
2024-06-26 02:45:00+05:30,330.0,28.82,89.52,2024,6
2024-06-26 03:00:00+05:30,325.0,28.78,90.05999999999999,2024,6
2024-06-26 03:15:00+05:30,322.0,28.62,90.86,2024,6
2024-06-26 03:30:00+05:30,319.0,28.5,91.62,2024,6
2024-06-26 03:45:00+05:30,316.0,28.52,92.02,2024,6
2024-06-26 04:00:00+05:30,315.0,28.379999999999995,92.36,2024,6
2024-06-26 04:15:00+05:30,312.0,28.26,92.76,2024,6
2024-06-26 04:30:00+05:30,311.0,28.08,93.16,2024,6
2024-06-26 04:45:00+05:30,311.0,28.02,93.3,2024,6
2024-06-26 05:00:00+05:30,312.0,28.04,93.24,2024,6
2024-06-26 05:15:00+05:30,313.0,28.04,93.28,2024,6
2024-06-26 05:30:00+05:30,318.0,28.12,93.4,2024,6
2024-06-26 05:45:00+05:30,325.0,28.14,93.46,2024,6
2024-06-26 06:00:00+05:30,330.0,28.140000000000004,93.54,2024,6
2024-06-26 06:15:00+05:30,341.0,28.22000000000001,93.56,2024,6
2024-06-26 06:30:00+05:30,349.0,28.28,93.43999999999998,2024,6
2024-06-26 06:45:00+05:30,355.0,28.440000000000005,93.14,2024,6
2024-06-26 07:00:00+05:30,366.0,28.54,92.94,2024,6
2024-06-26 07:15:00+05:30,383.0,28.68,92.54,2024,6
2024-06-26 07:30:00+05:30,400.0,28.84,92.32,2024,6
2024-06-26 07:45:00+05:30,419.0,29.06,91.7,2024,6
2024-06-26 08:00:00+05:30,445.0,29.36,91.02,2024,6
2024-06-26 08:15:00+05:30,467.0,29.579999999999995,89.88,2024,6
2024-06-26 08:30:00+05:30,485.0,29.64,88.97999999999999,2024,6
2024-06-26 08:45:00+05:30,498.0,29.84,88.56,2024,6
2024-06-26 09:00:00+05:30,515.0,30.360000000000003,87.62,2024,6
2024-06-26 09:15:00+05:30,529.0,30.74,85.97999999999999,2024,6
2024-06-26 09:30:00+05:30,544.0,30.96,85.22,2024,6
2024-06-26 09:45:00+05:30,550.0,31.18,83.96,2024,6
2024-06-26 10:00:00+05:30,554.0,31.160000000000004,83.44,2024,6
2024-06-26 10:15:00+05:30,561.0,31.3,83.76,2024,6
2024-06-26 10:30:00+05:30,567.0,30.98,84.74,2024,6
2024-06-26 10:45:00+05:30,571.0,31.24,83.9,2024,6
2024-06-26 11:00:00+05:30,575.0,31.64,81.52,2024,6
2024-06-26 11:15:00+05:30,577.0,32.04,80.03999999999999,2024,6
2024-06-26 11:30:00+05:30,577.0,32.040000000000006,78.7,2024,6
2024-06-26 11:45:00+05:30,574.0,32.28,77.14,2024,6
2024-06-26 12:00:00+05:30,573.0,32.44,76.36,2024,6
2024-06-26 12:15:00+05:30,572.0,32.7,74.56000000000002,2024,6
2024-06-26 12:30:00+05:30,573.0,32.86,74.64,2024,6
2024-06-26 12:45:00+05:30,573.0,32.84,75.1,2024,6
2024-06-26 13:00:00+05:30,569.0,33.0,73.74000000000001,2024,6
2024-06-26 13:15:00+05:30,564.0,33.1,73.42,2024,6
2024-06-26 13:30:00+05:30,565.0,33.02,74.61999999999999,2024,6
2024-06-26 13:45:00+05:30,570.0,33.02,76.08,2024,6
2024-06-26 14:00:00+05:30,570.0,32.22,77.56000000000002,2024,6
2024-06-26 14:15:00+05:30,570.0,32.2,78.16,2024,6
2024-06-26 14:30:00+05:30,570.0,32.1,78.18,2024,6
2024-06-26 14:45:00+05:30,570.0,31.98,78.58,2024,6
2024-06-26 15:00:00+05:30,570.0,31.14,81.32,2024,6
2024-06-26 15:15:00+05:30,568.0,31.18,81.08000000000001,2024,6
2024-06-26 15:30:00+05:30,563.0,30.9,82.16,2024,6
2024-06-26 15:45:00+05:30,559.0,30.7,82.28,2024,6
2024-06-26 16:00:00+05:30,554.0,30.56,82.02000000000001,2024,6
2024-06-26 16:15:00+05:30,552.0,30.54,81.52000000000001,2024,6
2024-06-26 16:30:00+05:30,544.0,30.32,82.1,2024,6
2024-06-26 16:45:00+05:30,537.0,30.48,82.0,2024,6
2024-06-26 17:00:00+05:30,535.0,30.58,81.8,2024,6
2024-06-26 17:15:00+05:30,532.0,30.640000000000004,82.3,2024,6
2024-06-26 17:30:00+05:30,523.0,30.32,84.02000000000001,2024,6
2024-06-26 17:45:00+05:30,515.0,30.08,85.97999999999999,2024,6
2024-06-26 18:00:00+05:30,508.0,30.02,86.32000000000001,2024,6
2024-06-26 18:15:00+05:30,499.0,30.08,86.32000000000001,2024,6
2024-06-26 18:30:00+05:30,502.0,30.059999999999995,86.55999999999999,2024,6
2024-06-26 18:45:00+05:30,493.0,29.96,86.64000000000001,2024,6
2024-06-26 19:00:00+05:30,480.0,29.9,86.06,2024,6
2024-06-26 19:15:00+05:30,476.0,29.9,85.32,2024,6
2024-06-26 19:30:00+05:30,471.0,29.9,85.28,2024,6
2024-06-26 19:45:00+05:30,464.0,29.860000000000003,84.9,2024,6
2024-06-26 20:00:00+05:30,458.0,29.660000000000004,86.16,2024,6
2024-06-26 20:15:00+05:30,452.0,29.46,88.33999999999999,2024,6
2024-06-26 20:30:00+05:30,446.0,29.04,90.52,2024,6
2024-06-26 20:45:00+05:30,437.0,28.98,90.44,2024,6
2024-06-26 21:00:00+05:30,429.0,28.860000000000003,90.74,2024,6
2024-06-26 21:15:00+05:30,430.0,28.82,91.78,2024,6
2024-06-26 21:30:00+05:30,422.0,28.84,92.12,2024,6
2024-06-26 21:45:00+05:30,420.0,28.86,92.36,2024,6
2024-06-26 22:00:00+05:30,416.0,28.9,92.34,2024,6
2024-06-26 22:15:00+05:30,413.0,28.82,92.28,2024,6
2024-06-26 22:30:00+05:30,407.0,28.6,92.4,2024,6
2024-06-26 22:45:00+05:30,400.0,28.48,92.9,2024,6
2024-06-26 23:00:00+05:30,395.0,28.22,93.56,2024,6
2024-06-26 23:15:00+05:30,390.0,28.3,94.06000000000002,2024,6
2024-06-26 23:30:00+05:30,390.0,28.360000000000003,93.92,2024,6
2024-06-26 23:45:00+05:30,388.0,28.420000000000005,93.72,2024,6
2024-06-27 00:00:00+05:30,378.0,28.6,93.58,2024,6
2024-06-27 00:15:00+05:30,370.0,28.55,94.175,2024,6
2024-06-27 00:30:00+05:30,365.0,28.425,94.1,2024,6
2024-06-27 00:45:00+05:30,358.0,28.4,94.1,2024,6
2024-06-27 01:00:00+05:30,353.0,28.3,94.25,2024,6
2024-06-27 01:15:00+05:30,349.0,28.175,94.2,2024,6
2024-06-27 01:30:00+05:30,344.0,28.05,93.825,2024,6
2024-06-27 01:45:00+05:30,341.0,27.875,94.3,2024,6
2024-06-27 02:00:00+05:30,337.0,27.8,94.425,2024,6
2024-06-27 02:15:00+05:30,331.0,27.8,94.35,2024,6
2024-06-27 02:30:00+05:30,330.0,27.825000000000003,94.175,2024,6
2024-06-27 02:45:00+05:30,325.0,27.8,94.325,2024,6
2024-06-27 03:00:00+05:30,322.0,27.75,94.225,2024,6
2024-06-27 03:15:00+05:30,317.0,27.75,94.45,2024,6
2024-06-27 03:30:00+05:30,316.0,27.675,94.65,2024,6
2024-06-27 03:45:00+05:30,315.0,27.575,94.6,2024,6
2024-06-27 04:00:00+05:30,316.0,27.575,94.75,2024,6
2024-06-27 04:15:00+05:30,314.0,27.625,95.025,2024,6
2024-06-27 04:30:00+05:30,312.0,27.475,94.9,2024,6
2024-06-27 04:45:00+05:30,312.0,27.450000000000003,94.775,2024,6
2024-06-27 05:00:00+05:30,315.0,27.35,94.275,2024,6
2024-06-27 05:15:00+05:30,315.0,27.475,93.525,2024,6
2024-06-27 05:30:00+05:30,317.0,27.55,93.05,2024,6
2024-06-27 05:45:00+05:30,322.0,27.525,93.375,2024,6
2024-06-27 06:00:00+05:30,327.0,27.6,93.65,2024,6
2024-06-27 06:15:00+05:30,334.0,27.6,93.875,2024,6
2024-06-27 06:30:00+05:30,343.0,27.65,94.05,2024,6
2024-06-27 06:45:00+05:30,350.0,27.7,94.2,2024,6
2024-06-27 07:00:00+05:30,363.0,27.85,94.2,2024,6
2024-06-27 07:15:00+05:30,379.0,28.0,93.825,2024,6
2024-06-27 07:30:00+05:30,397.0,28.225,93.6,2024,6
2024-06-27 07:45:00+05:30,416.0,28.325000000000003,93.575,2024,6
2024-06-27 08:00:00+05:30,439.0,28.525,93.29999999999998,2024,6
2024-06-27 08:15:00+05:30,458.0,28.45,93.07500000000002,2024,6
2024-06-27 08:30:00+05:30,475.0,28.375,93.4,2024,6
2024-06-27 08:45:00+05:30,488.0,28.325000000000003,93.35,2024,6
2024-06-27 09:00:00+05:30,503.0,28.675,92.775,2024,6
2024-06-27 09:15:00+05:30,512.0,29.125,90.85,2024,6
2024-06-27 09:30:00+05:30,524.0,29.55,89.4,2024,6
2024-06-27 09:45:00+05:30,536.0,30.025,86.55,2024,6
2024-06-27 10:00:00+05:30,547.0,30.275,84.775,2024,6
2024-06-27 10:15:00+05:30,553.0,30.3,84.125,2024,6
2024-06-27 10:30:00+05:30,560.0,30.175,84.3,2024,6
2024-06-27 10:45:00+05:30,561.0,30.225,84.4,2024,6
2024-06-27 11:00:00+05:30,562.0,30.425,84.25,2024,6
2024-06-27 11:15:00+05:30,560.0,31.175,82.375,2024,6
2024-06-27 11:30:00+05:30,561.0,30.875,82.25,2024,6
2024-06-27 11:45:00+05:30,550.0,30.300000000000004,84.17500000000001,2024,6
2024-06-27 12:00:00+05:30,554.0,30.5,84.65,2024,6
2024-06-27 12:15:00+05:30,553.0,30.575000000000003,84.175,2024,6
2024-06-27 12:30:00+05:30,555.0,31.0,82.7,2024,6
2024-06-27 12:45:00+05:30,558.0,31.275,81.225,2024,6
2024-06-27 13:00:00+05:30,553.0,30.725,81.725,2024,6
2024-06-27 13:15:00+05:30,548.0,31.1,82.5,2024,6
2024-06-27 13:30:00+05:30,547.0,31.15,81.4,2024,6
2024-06-27 13:45:00+05:30,546.0,30.7,82.65,2024,6
2024-06-27 14:00:00+05:30,543.0,29.85,83.92500000000001,2024,6
2024-06-27 14:15:00+05:30,541.0,29.5,86.25,2024,6
2024-06-27 14:30:00+05:30,546.0,29.35,89.92499999999998,2024,6
2024-06-27 14:45:00+05:30,542.0,29.525,88.3,2024,6
2024-06-27 15:00:00+05:30,545.0,29.45,88.25,2024,6
2024-06-27 15:15:00+05:30,542.0,28.825,89.67499999999998,2024,6
2024-06-27 15:30:00+05:30,536.0,28.6,91.45,2024,6
2024-06-27 15:45:00+05:30,530.0,28.325,92.35,2024,6
2024-06-27 16:00:00+05:30,525.0,28.45,92.55,2024,6
2024-06-27 16:15:00+05:30,523.0,28.85,91.65,2024,6
2024-06-27 16:30:00+05:30,523.0,29.0,90.85,2024,6
2024-06-27 16:45:00+05:30,524.0,29.075000000000003,90.05000000000001,2024,6
2024-06-27 17:00:00+05:30,521.0,29.275,88.9,2024,6
2024-06-27 17:15:00+05:30,515.0,29.475,87.7,2024,6
2024-06-27 17:30:00+05:30,510.0,29.1,88.72500000000001,2024,6
2024-06-27 17:45:00+05:30,505.0,28.775,89.17500000000001,2024,6
2024-06-27 18:00:00+05:30,490.0,28.125,90.725,2024,6
2024-06-27 18:15:00+05:30,479.0,27.625,92.9,2024,6
2024-06-27 18:30:00+05:30,476.0,27.450000000000003,93.675,2024,6
2024-06-27 18:45:00+05:30,474.0,27.4,93.975,2024,6
2024-06-27 19:00:00+05:30,465.0,27.35,94.0,2024,6
2024-06-27 19:15:00+05:30,456.0,27.275,93.6,2024,6
2024-06-27 19:30:00+05:30,449.0,27.225,93.925,2024,6
2024-06-27 19:45:00+05:30,441.0,27.175,94.525,2024,6
2024-06-27 20:00:00+05:30,431.0,27.075,94.65,2024,6
2024-06-27 20:15:00+05:30,420.0,26.975,94.92499999999998,2024,6
2024-06-27 20:30:00+05:30,417.0,26.775,95.4,2024,6
2024-06-27 20:45:00+05:30,412.0,26.675,95.5,2024,6
2024-06-27 21:00:00+05:30,404.0,26.75,95.425,2024,6
2024-06-27 21:15:00+05:30,401.0,26.566666666666663,96.59999999999998,2024,6
2024-06-27 21:30:00+05:30,396.0,26.23333333333333,97.13333333333333,2024,6
2024-06-27 21:45:00+05:30,389.0,26.133333333333336,97.76666666666668,2024,6
2024-06-27 22:00:00+05:30,386.0,26.166666666666668,97.8,2024,6
2024-06-27 22:15:00+05:30,385.0,26.33333333333333,97.53333333333336,2024,6
2024-06-27 22:30:00+05:30,378.0,26.53333333333333,97.33333333333331,2024,6
2024-06-27 22:45:00+05:30,375.0,26.7,96.93333333333334,2024,6
2024-06-27 23:00:00+05:30,373.0,26.866666666666664,96.83333333333331,2024,6
2024-06-27 23:15:00+05:30,369.0,27.0,96.7,2024,6
2024-06-27 23:30:00+05:30,368.0,27.166666666666668,96.53333333333336,2024,6
2024-06-27 23:45:00+05:30,364.0,27.33333333333333,96.16666666666669,2024,6
2024-06-28 00:00:00+05:30,356.45873894076345,27.4,96.0,2024,6
2024-06-28 00:15:00+05:30,352.3913304723588,27.3,95.8,2024,6
2024-06-28 00:30:00+05:30,346.70531763934093,27.0,96.1,2024,6
2024-06-28 00:45:00+05:30,342.7018086205328,26.8,96.6,2024,6
2024-06-28 01:00:00+05:30,337.8004395456952,26.8,96.8,2024,6
2024-06-28 01:15:00+05:30,332.3271459836622,26.8,97.2,2024,6
2024-06-28 01:30:00+05:30,325.74903534724206,26.9,97.1,2024,6
2024-06-28 01:45:00+05:30,321.4865683537253,26.8,97.1,2024,6
2024-06-28 02:00:00+05:30,317.1019293300815,26.9,97.3,2024,6
2024-06-28 02:15:00+05:30,313.39188473991214,27.0,97.6,2024,6
2024-06-28 02:30:00+05:30,311.640503389928,27.0,97.5,2024,6
2024-06-28 02:45:00+05:30,309.4937797440228,27.0,97.6,2024,6
2024-06-28 03:00:00+05:30,307.3546255236617,27.1,97.6,2024,6
2024-06-28 03:15:00+05:30,306.4096734362285,27.1,97.4,2024,6
2024-06-28 03:30:00+05:30,306.6981579199346,27.1,97.4,2024,6
2024-06-28 03:45:00+05:30,304.6591603362665,27.4,95.8,2024,6
2024-06-28 04:00:00+05:30,303.1473445776363,27.1,95.7,2024,6
2024-06-28 04:15:00+05:30,302.9076091410742,27.0,96.2,2024,6
2024-06-28 04:30:00+05:30,303.04520277372467,27.0,96.5,2024,6
2024-06-28 04:45:00+05:30,305.1293710171887,27.1,96.5,2024,6
2024-06-28 05:00:00+05:30,303.5231183242608,27.2,96.4,2024,6
2024-06-28 05:15:00+05:30,306.10467723239435,27.2,96.1,2024,6
2024-06-28 05:30:00+05:30,308.9617696902057,27.4,96.0,2024,6
2024-06-28 05:45:00+05:30,311.9145900543848,27.5,95.9,2024,6
2024-06-28 06:00:00+05:30,319.77238659431254,27.5,95.4,2024,6
2024-06-28 06:15:00+05:30,328.58767872050043,27.5,95.1,2024,6
2024-06-28 06:30:00+05:30,334.5233844803066,27.6,95.3,2024,6
2024-06-28 06:45:00+05:30,345.5339795267986,27.7,95.0,2024,6
2024-06-28 07:00:00+05:30,357.96716374498664,27.9,94.2,2024,6
2024-06-28 07:15:00+05:30,372.2908779731128,28.1,93.7,2024,6
2024-06-28 07:30:00+05:30,388.6924286419567,28.3,93.2,2024,6
2024-06-28 07:45:00+05:30,408.0286456395497,28.5,92.7,2024,6
2024-06-28 08:00:00+05:30,429.91472988770886,28.6,92.2,2024,6
2024-06-28 08:15:00+05:30,455.0128423982516,28.7,91.9,2024,6
2024-06-28 08:30:00+05:30,475.8150509062565,28.7,91.8,2024,6
2024-06-28 08:45:00+05:30,487.8400967680964,28.6,92.8,2024,6
2024-06-28 09:00:00+05:30,499.8828060462469,28.6,92.8,2024,6
2024-06-28 09:15:00+05:30,513.5848758374276,29.1,92.1,2024,6
2024-06-28 09:30:00+05:30,520.9381282926453,29.2,91.3,2024,6
2024-06-28 09:45:00+05:30,528.6635741622816,29.3,90.2,2024,6
2024-06-28 10:00:00+05:30,535.9141746584454,29.2,90.4,2024,6
2024-06-28 10:15:00+05:30,543.8369860687942,28.9,90.6,2024,6
2024-06-28 10:30:00+05:30,544.970743239304,28.7,90.9,2024,6
2024-06-28 10:45:00+05:30,545.9547906598511,28.8,90.9,2024,6
2024-06-28 11:00:00+05:30,547.2241915422635,28.4,91.4,2024,6
2024-06-28 11:15:00+05:30,550.5192553383279,28.3,91.7,2024,6
2024-06-28 11:30:00+05:30,542.2924926268498,28.0,92.1,2024,6
2024-06-28 11:45:00+05:30,535.0766809560131,28.0,91.8,2024,6
2024-06-28 12:00:00+05:30,533.9601851631073,28.2,92.2,2024,6
2024-06-28 12:15:00+05:30,533.1118950054625,28.4,91.6,2024,6
2024-06-28 12:30:00+05:30,535.43065029568,28.6,91.7,2024,6
2024-06-28 12:45:00+05:30,529.9588431885746,28.1,91.8,2024,6
2024-06-28 13:00:00+05:30,522.416721542201,27.9,92.7,2024,6
2024-06-28 13:15:00+05:30,519.0743011654303,27.9,93.1,2024,6
2024-06-28 13:30:00+05:30,511.928417341042,27.8,93.1,2024,6
2024-06-28 13:45:00+05:30,508.9690238898684,27.5,93.9,2024,6
2024-06-28 14:00:00+05:30,509.1334058051365,27.0,95.1,2024,6
2024-06-28 14:15:00+05:30,508.5890597499145,27.2,95.6,2024,6
2024-06-28 14:30:00+05:30,511.60901644698606,27.4,95.7,2024,6
2024-06-28 14:45:00+05:30,512.7956282691164,27.8,95.8,2024,6
2024-06-28 15:00:00+05:30,514.1830201948128,28.2,96.1,2024,6
2024-06-28 15:15:00+05:30,512.6156357480994,28.5,96.3,2024,6
2024-06-28 15:30:00+05:30,514.8102654514145,28.8,95.8,2024,6
2024-06-28 15:45:00+05:30,517.6945090127857,28.9,95.2,2024,6
2024-06-28 16:00:00+05:30,520.719671296342,29.0,95.2,2024,6
2024-06-28 16:15:00+05:30,518.3806137229928,28.8,95.2,2024,6
2024-06-28 16:30:00+05:30,515.0499485376099,28.9,95.1,2024,6
2024-06-28 16:45:00+05:30,511.2672763885144,28.8,95.0,2024,6
2024-06-28 17:00:00+05:30,506.7515526992648,28.8,94.9,2024,6
2024-06-28 17:15:00+05:30,504.6397982149558,28.8,94.7,2024,6
2024-06-28 17:30:00+05:30,501.0476169029743,28.8,94.0,2024,6
2024-06-28 17:45:00+05:30,497.14000635225074,28.8,94.2,2024,6
2024-06-28 18:00:00+05:30,491.507165587574,28.8,94.6,2024,6
2024-06-28 18:15:00+05:30,484.3117518608779,28.9,94.5,2024,6
2024-06-28 18:30:00+05:30,483.165318583588,29.0,94.3,2024,6
2024-06-28 18:45:00+05:30,472.2887031173838,29.0,94.3,2024,6
2024-06-28 19:00:00+05:30,464.3672324365583,29.0,94.4,2024,6
2024-06-28 19:15:00+05:30,458.6639235404176,28.9,94.4,2024,6
2024-06-28 19:30:00+05:30,452.15375271544144,28.9,94.6,2024,6
2024-06-28 19:45:00+05:30,445.4943743995557,29.0,94.7,2024,6
2024-06-28 20:00:00+05:30,437.9678648531454,28.8,94.6,2024,6
2024-06-28 20:15:00+05:30,434.2254835806392,28.8,94.5,2024,6
2024-06-28 20:30:00+05:30,428.2189459439225,28.7,94.3,2024,6
2024-06-28 20:45:00+05:30,420.1746003769206,28.7,94.6,2024,6
2024-06-28 21:00:00+05:30,414.1976559548476,28.4,94.8,2024,6
2024-06-28 21:15:00+05:30,409.4972110983821,28.4,94.6,2024,6
2024-06-28 21:30:00+05:30,404.11428485165646,28.6,94.1,2024,6
2024-06-28 21:45:00+05:30,399.6403906862445,28.6,94.1,2024,6
2024-06-28 22:00:00+05:30,391.2598410349124,28.4,93.6,2024,6
2024-06-28 22:15:00+05:30,387.0305591916269,28.2,92.8,2024,6
2024-06-28 22:30:00+05:30,383.1266944515727,28.2,92.3,2024,6
2024-06-28 22:45:00+05:30,379.52118603283833,28.2,92.2,2024,6
2024-06-28 23:00:00+05:30,372.6817734603354,28.3,92.3,2024,6
2024-06-28 23:15:00+05:30,370.6601453332444,28.4,92.9,2024,6
2024-06-28 23:30:00+05:30,366.5330303500149,28.4,93.3,2024,6
2024-06-28 23:45:00+05:30,362.54412715909456,28.5,93.7,2024,6
2024-06-29 00:00:00+05:30,361.4267493438153,28.525,94.075,2024,6
2024-06-29 00:15:00+05:30,352.8769030496493,28.525,93.975,2024,6
2024-06-29 00:30:00+05:30,351.21548810387094,28.425,94.225,2024,6
2024-06-29 00:45:00+05:30,348.43466734270885,28.375,93.65,2024,6
2024-06-29 01:00:00+05:30,347.1213140554693,28.425,93.8,2024,6
2024-06-29 01:15:00+05:30,340.5364299701592,28.525,93.975,2024,6
2024-06-29 01:30:00+05:30,331.1723174164096,28.625,93.975,2024,6
2024-06-29 01:45:00+05:30,330.23011506674794,28.725,94.15,2024,6
2024-06-29 02:00:00+05:30,327.2507006602925,28.775,94.475,2024,6
2024-06-29 02:15:00+05:30,324.9865277691422,28.65,94.475,2024,6
2024-06-29 02:30:00+05:30,322.2340209202839,28.6,94.475,2024,6
2024-06-29 02:45:00+05:30,320.42691522504015,28.66,94.12,2024,6
2024-06-29 03:00:00+05:30,318.24985837702627,28.7,93.94,2024,6
2024-06-29 03:15:00+05:30,314.51452722381146,28.76,93.84,2024,6
2024-06-29 03:30:00+05:30,314.3601034126321,28.84,93.48000000000002,2024,6
2024-06-29 03:45:00+05:30,313.07919383355585,28.8,93.4,2024,6
2024-06-29 04:00:00+05:30,311.2856557560788,28.840000000000003,93.5,2024,6
2024-06-29 04:15:00+05:30,308.6269801858177,28.72,93.72,2024,6
2024-06-29 04:30:00+05:30,306.7265800085636,28.7,93.92,2024,6
2024-06-29 04:45:00+05:30,305.8181345121202,28.68,93.96,2024,6
2024-06-29 05:00:00+05:30,307.55898779592854,28.68,93.86,2024,6
2024-06-29 05:15:00+05:30,308.5855904495815,28.6,93.98,2024,6
2024-06-29 05:30:00+05:30,306.35363340811926,28.54,93.92,2024,6
2024-06-29 05:45:00+05:30,306.29625695523663,28.58,94.2,2024,6
2024-06-29 06:00:00+05:30,313.6965893613562,28.62,94.06,2024,6
2024-06-29 06:15:00+05:30,314.2921681288601,28.640000000000004,93.88,2024,6
2024-06-29 06:30:00+05:30,317.22206501248854,28.74,94.0,2024,6
2024-06-29 06:45:00+05:30,323.0512063535874,28.880000000000003,93.78,2024,6
2024-06-29 07:00:00+05:30,331.4379006221876,28.940000000000005,92.94,2024,6
2024-06-29 07:15:00+05:30,341.26904824670737,28.96,91.74,2024,6
2024-06-29 07:30:00+05:30,350.7830209518861,29.0,91.46,2024,6
2024-06-29 07:45:00+05:30,365.1619642476857,29.14,91.46,2024,6
2024-06-29 08:00:00+05:30,379.7983108320914,29.3,91.34,2024,6
2024-06-29 08:15:00+05:30,391.5600636512398,29.380000000000003,91.24,2024,6
2024-06-29 08:30:00+05:30,410.2662517314042,29.6,90.62,2024,6
2024-06-29 08:45:00+05:30,422.171820204773,30.079999999999995,89.34,2024,6
2024-06-29 09:00:00+05:30,435.243755239566,30.42,88.38,2024,6
2024-06-29 09:15:00+05:30,445.0040377339002,30.440000000000005,87.46,2024,6
2024-06-29 09:30:00+05:30,448.9432339441828,30.22,87.91999999999999,2024,6
2024-06-29 09:45:00+05:30,454.8256813580629,29.84,86.84,2024,6
2024-06-29 10:00:00+05:30,464.1035749705823,29.62,87.28,2024,6
2024-06-29 10:15:00+05:30,475.127769458647,29.5,88.52000000000001,2024,6
2024-06-29 10:30:00+05:30,473.2057611580053,29.8,88.6,2024,6
2024-06-29 10:45:00+05:30,476.45061325337525,29.660000000000004,89.17999999999999,2024,6
2024-06-29 11:00:00+05:30,480.7943116371536,29.880000000000003,89.44000000000001,2024,6
2024-06-29 11:15:00+05:30,479.0946265962765,29.68,89.0,2024,6
2024-06-29 11:30:00+05:30,481.1763873034408,29.8,88.36,2024,6
2024-06-29 11:45:00+05:30,478.7203337703734,29.76,88.3,2024,6
2024-06-29 12:00:00+05:30,479.2522077298609,29.94,87.47999999999999,2024,6
2024-06-29 12:15:00+05:30,477.800516957065,30.28,86.76,2024,6
2024-06-29 12:30:00+05:30,482.6082674240314,30.82,86.02000000000001,2024,6
2024-06-29 12:45:00+05:30,479.4527292336807,31.12,85.54,2024,6
2024-06-29 13:00:00+05:30,480.8183387348949,31.28,84.3,2024,6
2024-06-29 13:15:00+05:30,477.4647461961836,31.04,85.14,2024,6
2024-06-29 13:30:00+05:30,477.1725042272499,30.860000000000003,83.54,2024,6
2024-06-29 13:45:00+05:30,476.18961570507565,30.98,84.34,2024,6
2024-06-29 14:00:00+05:30,474.9619778298181,30.84,85.42,2024,6
2024-06-29 14:15:00+05:30,474.6106425336922,30.86,86.46000000000001,2024,6
2024-06-29 14:30:00+05:30,477.1644878180636,31.2,84.5,2024,6
2024-06-29 14:45:00+05:30,477.397715924075,31.16,84.2,2024,6
2024-06-29 15:00:00+05:30,474.7428971851768,31.36,83.74,2024,6
2024-06-29 15:15:00+05:30,471.7802817600542,31.46,82.46,2024,6
2024-06-29 15:30:00+05:30,471.8172602326543,31.4,82.41999999999999,2024,6
2024-06-29 15:45:00+05:30,468.71762092323394,31.14,81.7,2024,6
2024-06-29 16:00:00+05:30,461.6723224405279,30.82,82.25999999999999,2024,6
2024-06-29 16:15:00+05:30,458.6616007112871,30.880000000000003,82.66,2024,6
2024-06-29 16:30:00+05:30,459.6662662953543,31.18,82.1,2024,6
2024-06-29 16:45:00+05:30,458.3754746156145,31.26,81.84,2024,6
2024-06-29 17:00:00+05:30,456.6129557277272,31.3,82.03999999999999,2024,6
2024-06-29 17:15:00+05:30,456.13174215977847,31.2,81.97999999999999,2024,6
2024-06-29 17:30:00+05:30,450.985555309416,30.84,82.82000000000001,2024,6
2024-06-29 17:45:00+05:30,445.0731447359508,30.46,82.67999999999999,2024,6
2024-06-29 18:00:00+05:30,441.9556489837402,30.3,83.8,2024,6
2024-06-29 18:15:00+05:30,438.8644701504982,30.1,84.35999999999999,2024,6
2024-06-29 18:30:00+05:30,436.30164875234107,30.02,85.12,2024,6
2024-06-29 18:45:00+05:30,434.35215552400496,29.940000000000005,86.22,2024,6
2024-06-29 19:00:00+05:30,432.67774726101527,29.840000000000003,87.17999999999999,2024,6
2024-06-29 19:15:00+05:30,433.22779071376425,29.360000000000003,89.72,2024,6
2024-06-29 19:30:00+05:30,431.4164738182688,29.040000000000003,89.92,2024,6
2024-06-29 19:45:00+05:30,426.4870983680769,28.94,89.76,2024,6
2024-06-29 20:00:00+05:30,421.81848161004734,28.96,90.18,2024,6
2024-06-29 20:15:00+05:30,421.5530872428232,29.02,90.12,2024,6
2024-06-29 20:30:00+05:30,417.8526284775152,29.12,90.5,2024,6
2024-06-29 20:45:00+05:30,414.77633404273087,29.079999999999995,90.1,2024,6
2024-06-29 21:00:00+05:30,403.4554110979788,28.62,91.58,2024,6
2024-06-29 21:15:00+05:30,401.40994570769936,28.62,91.70000000000002,2024,6
2024-06-29 21:30:00+05:30,394.71659656623535,28.76,91.82,2024,6
2024-06-29 21:45:00+05:30,391.86378371032646,28.82,91.54,2024,6
2024-06-29 22:00:00+05:30,388.69261083414034,28.880000000000003,91.86,2024,6
2024-06-29 22:15:00+05:30,384.7417380989894,28.92,91.82,2024,6
2024-06-29 22:30:00+05:30,382.0122283508574,28.98,91.9,2024,6
2024-06-29 22:45:00+05:30,379.33096634105584,28.98,91.96,2024,6
2024-06-29 23:00:00+05:30,372.1786055261511,28.98,92.04,2024,6
2024-06-29 23:15:00+05:30,367.132978773166,28.98,91.88,2024,6
2024-06-29 23:30:00+05:30,364.37042186981006,28.62,92.0,2024,6
2024-06-29 23:45:00+05:30,361.7916873465657,28.7,92.02,2024,6
2024-06-30 00:00:00+05:30,360.0,28.64,92.84,2024,6
2024-06-30 00:15:00+05:30,357.0,28.58,93.02,2024,6
2024-06-30 00:30:00+05:30,355.0,28.44,93.26,2024,6
2024-06-30 00:45:00+05:30,351.0,28.380000000000003,93.5,2024,6
2024-06-30 01:00:00+05:30,344.0,28.380000000000003,93.8,2024,6
2024-06-30 01:15:00+05:30,339.0,28.380000000000003,93.9,2024,6
2024-06-30 01:30:00+05:30,332.0,28.46,93.7,2024,6
2024-06-30 01:45:00+05:30,326.0,28.5,93.84,2024,6
2024-06-30 02:00:00+05:30,321.0,28.52,93.68,2024,6
2024-06-30 02:15:00+05:30,318.0,28.3,93.76,2024,6
2024-06-30 02:30:00+05:30,314.0,28.08,94.02,2024,6
2024-06-30 02:45:00+05:30,313.0,28.04,93.64,2024,6
2024-06-30 03:00:00+05:30,313.0,27.98,93.6,2024,6
2024-06-30 03:15:00+05:30,310.0,28.08,93.5,2024,6
2024-06-30 03:30:00+05:30,309.0,28.22,93.34,2024,6
2024-06-30 03:45:00+05:30,307.0,28.36,93.64,2024,6
2024-06-30 04:00:00+05:30,305.0,28.42,93.88000000000002,2024,6
2024-06-30 04:15:00+05:30,304.0,28.44,93.82,2024,6
2024-06-30 04:30:00+05:30,303.0,28.44,93.34,2024,6
2024-06-30 04:45:00+05:30,302.0,28.48,93.44,2024,6
2024-06-30 05:00:00+05:30,304.0,28.6,93.42,2024,6
2024-06-30 05:15:00+05:30,300.0,28.6,93.64,2024,6
2024-06-30 05:30:00+05:30,300.0,28.56,93.42,2024,6
2024-06-30 05:45:00+05:30,299.0,28.48,93.1,2024,6
2024-06-30 06:00:00+05:30,299.0,28.52,92.82,2024,6
2024-06-30 06:15:00+05:30,302.0,28.54,93.42,2024,6
2024-06-30 06:30:00+05:30,300.0,28.6,94.14,2024,6
2024-06-30 06:45:00+05:30,301.0,28.68,94.22,2024,6
2024-06-30 07:00:00+05:30,302.0,28.72,94.18,2024,6
2024-06-30 07:15:00+05:30,306.0,28.880000000000003,94.2,2024,6
2024-06-30 07:30:00+05:30,310.0,29.06,94.06,2024,6
2024-06-30 07:45:00+05:30,315.0,29.160000000000004,93.9,2024,6
2024-06-30 08:00:00+05:30,325.0,29.24,92.82,2024,6
2024-06-30 08:15:00+05:30,332.0,29.34,93.34,2024,6
2024-06-30 08:30:00+05:30,337.0,29.68,92.1,2024,6
2024-06-30 08:45:00+05:30,343.0,29.8,91.12,2024,6
2024-06-30 09:00:00+05:30,347.0,29.840000000000003,90.44,2024,6
2024-06-30 09:15:00+05:30,354.0,30.0,90.12,2024,6
2024-06-30 09:30:00+05:30,358.0,29.82,89.64,2024,6
2024-06-30 09:45:00+05:30,362.0,29.74,89.14000000000001,2024,6
2024-06-30 10:00:00+05:30,368.0,29.94,89.36,2024,6
2024-06-30 10:15:00+05:30,374.0,30.160000000000004,89.61999999999998,2024,6
2024-06-30 10:30:00+05:30,379.0,30.320000000000004,89.42,2024,6
2024-06-30 10:45:00+05:30,387.0,30.380000000000003,88.3,2024,6
2024-06-30 11:00:00+05:30,391.0,30.3,88.12,2024,6
2024-06-30 11:15:00+05:30,393.0,30.48,88.1,2024,6
2024-06-30 11:30:00+05:30,394.0,30.52,87.8,2024,6
2024-06-30 11:45:00+05:30,396.0,30.12,88.14,2024,6
2024-06-30 12:00:00+05:30,396.0,29.5,90.68,2024,6
2024-06-30 12:15:00+05:30,393.0,29.44,90.20000000000002,2024,6
2024-06-30 12:30:00+05:30,396.0,29.380000000000003,90.46,2024,6
2024-06-30 12:45:00+05:30,393.0,29.5,91.12,2024,6
2024-06-30 13:00:00+05:30,391.0,29.72,91.0,2024,6
2024-06-30 13:15:00+05:30,393.0,29.66,90.52,2024,6
2024-06-30 13:30:00+05:30,392.0,29.82,90.34,2024,6
2024-06-30 13:45:00+05:30,391.0,30.0,90.14,2024,6
2024-06-30 14:00:00+05:30,390.0,30.1,89.44,2024,6
2024-06-30 14:15:00+05:30,394.0,30.160000000000004,88.96,2024,6
2024-06-30 14:30:00+05:30,391.0,30.14,88.9,2024,6
2024-06-30 14:45:00+05:30,389.0,30.18,88.3,2024,6
2024-06-30 15:00:00+05:30,387.0,30.22,88.1,2024,6
2024-06-30 15:15:00+05:30,382.0,30.3,87.3,2024,6
2024-06-30 15:30:00+05:30,381.0,30.4,86.96000000000001,2024,6
2024-06-30 15:45:00+05:30,382.0,30.540000000000003,86.33999999999999,2024,6
2024-06-30 16:00:00+05:30,381.0,30.68,85.74,2024,6
2024-06-30 16:15:00+05:30,376.0,30.64,85.56,2024,6
2024-06-30 16:30:00+05:30,376.0,30.74,84.66,2024,6
2024-06-30 16:45:00+05:30,372.0,30.76,84.0,2024,6
2024-06-30 17:00:00+05:30,375.0,30.84,83.58,2024,6
2024-06-30 17:15:00+05:30,373.0,30.8,84.12,2024,6
2024-06-30 17:30:00+05:30,371.0,30.7,84.18,2024,6
2024-06-30 17:45:00+05:30,370.0,30.72000000000001,83.82000000000001,2024,6
2024-06-30 18:00:00+05:30,370.0,30.62,83.94,2024,6
2024-06-30 18:15:00+05:30,369.0,30.420000000000005,84.08,2024,6
2024-06-30 18:30:00+05:30,375.0,30.26,84.0,2024,6
2024-06-30 18:45:00+05:30,374.0,30.14,84.62,2024,6
2024-06-30 19:00:00+05:30,378.0,29.98,84.98,2024,6
2024-06-30 19:15:00+05:30,381.0,29.84,86.17999999999999,2024,6
2024-06-30 19:30:00+05:30,383.0,29.7,86.8,2024,6
2024-06-30 19:45:00+05:30,384.0,29.6,87.16,2024,6
2024-06-30 20:00:00+05:30,384.0,29.62,86.76000000000002,2024,6
2024-06-30 20:15:00+05:30,385.0,29.68,86.33999999999999,2024,6
2024-06-30 20:30:00+05:30,384.0,29.76,85.92,2024,6
2024-06-30 20:45:00+05:30,381.0,29.74,85.62,2024,6
2024-06-30 21:00:00+05:30,377.0,29.78,85.64000000000001,2024,6
2024-06-30 21:15:00+05:30,375.0,29.76,86.08,2024,6
2024-06-30 21:30:00+05:30,373.0,29.78,86.14000000000001,2024,6
2024-06-30 21:45:00+05:30,369.0,29.540000000000003,86.41999999999999,2024,6
2024-06-30 22:00:00+05:30,367.0,29.380000000000003,87.4,2024,6
2024-06-30 22:15:00+05:30,367.0,29.380000000000003,87.62,2024,6
2024-06-30 22:30:00+05:30,366.0,29.440000000000005,87.42,2024,6
2024-06-30 22:45:00+05:30,362.0,29.44,87.08,2024,6
2024-06-30 23:00:00+05:30,360.0,29.4,87.56,2024,6
2024-06-30 23:15:00+05:30,358.0,29.28,88.28,2024,6
2024-06-30 23:30:00+05:30,358.0,29.28,88.74000000000001,2024,6
2024-06-30 23:45:00+05:30,354.0,29.3,88.2,2024,6
2024-07-01 00:00:00+05:30,356.2639072416948,29.4,87.9,2024,7
2024-07-01 00:15:00+05:30,345.0328011316718,29.4,87.6,2024,7
2024-07-01 00:30:00+05:30,338.4287916503569,29.5,87.4,2024,7
2024-07-01 00:45:00+05:30,333.9154065258068,29.2,88.2,2024,7
2024-07-01 01:00:00+05:30,328.27385176161727,29.2,88.8,2024,7
2024-07-01 01:15:00+05:30,324.6167651250928,29.1,88.3,2024,7
2024-07-01 01:30:00+05:30,321.4787565939212,29.3,88.4,2024,7
2024-07-01 01:45:00+05:30,319.7648221998919,29.4,87.8,2024,7
2024-07-01 02:00:00+05:30,314.41763393975134,29.5,87.3,2024,7
2024-07-01 02:15:00+05:30,310.3014957993384,29.5,86.9,2024,7
2024-07-01 02:30:00+05:30,310.03721725193105,29.6,86.5,2024,7
2024-07-01 02:45:00+05:30,304.8238625717172,29.5,86.9,2024,7
2024-07-01 03:00:00+05:30,302.53522262684896,29.5,87.2,2024,7
2024-07-01 03:15:00+05:30,301.4902515130027,29.1,87.6,2024,7
2024-07-01 03:30:00+05:30,301.14531060855,29.1,88.3,2024,7
2024-07-01 03:45:00+05:30,299.9057606401664,29.0,89.0,2024,7
2024-07-01 04:00:00+05:30,299.6310761960648,29.0,88.7,2024,7
2024-07-01 04:15:00+05:30,297.68163517109485,29.2,88.7,2024,7
2024-07-01 04:30:00+05:30,299.4836061315048,29.2,88.8,2024,7
2024-07-01 04:45:00+05:30,299.1895048080705,29.3,87.5,2024,7
2024-07-01 05:00:00+05:30,302.2361965427474,29.4,87.4,2024,7
2024-07-01 05:15:00+05:30,303.10077913323994,29.5,87.3,2024,7
2024-07-01 05:30:00+05:30,308.52771987781364,29.4,87.4,2024,7
2024-07-01 05:45:00+05:30,311.7405339660112,29.4,87.3,2024,7
2024-07-01 06:00:00+05:30,319.2414289553126,29.4,87.2,2024,7
2024-07-01 06:15:00+05:30,328.236088503253,29.4,87.7,2024,7
2024-07-01 06:30:00+05:30,334.01397358009785,29.4,87.6,2024,7
2024-07-01 06:45:00+05:30,342.67145096217337,29.5,87.5,2024,7
2024-07-01 07:00:00+05:30,355.88122896834534,29.6,87.1,2024,7
2024-07-01 07:15:00+05:30,374.3800539200034,29.7,86.7,2024,7
2024-07-01 07:30:00+05:30,391.57068739006365,29.7,86.3,2024,7
2024-07-01 07:45:00+05:30,409.96327097634617,29.8,86.0,2024,7
2024-07-01 08:00:00+05:30,432.64339420191504,29.9,85.5,2024,7
2024-07-01 08:15:00+05:30,455.2593306468385,29.9,85.3,2024,7
2024-07-01 08:30:00+05:30,472.5905045516317,30.0,85.6,2024,7
2024-07-01 08:45:00+05:30,493.7791371937834,30.1,85.9,2024,7
2024-07-01 09:00:00+05:30,509.2485343546581,30.3,85.1,2024,7
2024-07-01 09:15:00+05:30,517.9108390672393,30.3,84.5,2024,7
2024-07-01 09:30:00+05:30,529.2580307355222,30.6,83.5,2024,7
2024-07-01 09:45:00+05:30,537.7856724234125,30.6,83.0,2024,7
2024-07-01 10:00:00+05:30,546.7373413592628,30.8,82.6,2024,7
2024-07-01 10:15:00+05:30,553.0563299454705,30.8,82.5,2024,7
2024-07-01 10:30:00+05:30,559.5261361373023,30.9,81.8,2024,7
2024-07-01 10:45:00+05:30,562.1372203448658,31.2,80.8,2024,7
2024-07-01 11:00:00+05:30,560.747246272871,31.5,80.0,2024,7
2024-07-01 11:15:00+05:30,564.5476546845532,31.8,79.1,2024,7
2024-07-01 11:30:00+05:30,564.0606910577078,31.9,78.4,2024,7
2024-07-01 11:45:00+05:30,561.7599489679772,31.9,77.6,2024,7
2024-07-01 12:00:00+05:30,560.3061645042875,32.0,77.3,2024,7
2024-07-01 12:15:00+05:30,566.2660745701108,31.9,77.2,2024,7
2024-07-01 12:30:00+05:30,563.5514920782848,32.2,76.3,2024,7
2024-07-01 12:45:00+05:30,564.8317380957059,32.2,75.9,2024,7
2024-07-01 13:00:00+05:30,553.4946205129214,32.4,75.6,2024,7
2024-07-01 13:15:00+05:30,552.732504505173,31.8,78.2,2024,7
2024-07-01 13:30:00+05:30,550.7148603772674,31.7,78.8,2024,7
2024-07-01 13:45:00+05:30,551.2435470679732,31.2,80.3,2024,7
2024-07-01 14:00:00+05:30,553.1855147244916,30.9,81.1,2024,7
2024-07-01 14:15:00+05:30,553.5359542337694,30.7,81.6,2024,7
2024-07-01 14:30:00+05:30,550.8150054653237,30.5,81.2,2024,7
2024-07-01 14:45:00+05:30,549.9903552874553,30.9,81.1,2024,7
2024-07-01 15:00:00+05:30,549.4276279359023,31.3,79.8,2024,7
2024-07-01 15:15:00+05:30,546.9432206613434,31.3,80.2,2024,7
2024-07-01 15:30:00+05:30,548.2768467628164,31.7,78.7,2024,7
2024-07-01 15:45:00+05:30,549.4769081968581,32.0,78.0,2024,7
2024-07-01 16:00:00+05:30,547.5295925826243,32.1,77.8,2024,7
2024-07-01 16:15:00+05:30,542.7706319023594,31.6,78.0,2024,7
2024-07-01 16:30:00+05:30,534.8755231260168,31.6,77.8,2024,7
2024-07-01 16:45:00+05:30,536.400432738887,32.0,76.2,2024,7
2024-07-01 17:00:00+05:30,531.069257392862,31.7,77.1,2024,7
2024-07-01 17:15:00+05:30,529.7620185044628,31.3,78.2,2024,7
2024-07-01 17:30:00+05:30,518.5871263645398,30.9,79.5,2024,7
2024-07-01 17:45:00+05:30,511.4534016436789,30.7,80.3,2024,7
2024-07-01 18:00:00+05:30,502.2700633307408,30.5,81.2,2024,7
2024-07-01 18:15:00+05:30,493.98817833285,30.3,81.8,2024,7
2024-07-01 18:30:00+05:30,487.8401128293059,30.0,82.5,2024,7
2024-07-01 18:45:00+05:30,480.192120461139,29.4,85.9,2024,7
2024-07-01 19:00:00+05:30,475.1210318462061,29.2,87.2,2024,7
2024-07-01 19:15:00+05:30,466.660524038551,29.1,87.4,2024,7
2024-07-01 19:30:00+05:30,457.2049922676512,29.3,87.8,2024,7
2024-07-01 19:45:00+05:30,455.8486181784393,29.3,87.6,2024,7
2024-07-01 20:00:00+05:30,447.1894500826888,29.4,86.7,2024,7
2024-07-01 20:15:00+05:30,436.7737288111397,29.0,87.8,2024,7
2024-07-01 20:30:00+05:30,429.2981820140517,28.7,88.9,2024,7
2024-07-01 20:45:00+05:30,421.3186262189225,28.1,90.1,2024,7
2024-07-01 21:00:00+05:30,414.5325225108628,28.3,90.6,2024,7
2024-07-01 21:15:00+05:30,412.4205715973831,28.4,90.5,2024,7
2024-07-01 21:30:00+05:30,407.3341635064237,28.3,91.0,2024,7
2024-07-01 21:45:00+05:30,401.34636500296233,28.4,90.9,2024,7
2024-07-01 22:00:00+05:30,395.7318927973668,28.3,91.2,2024,7
2024-07-01 22:15:00+05:30,395.3841777471855,28.5,90.9,2024,7
2024-07-01 22:30:00+05:30,390.5648917114841,28.6,90.5,2024,7
2024-07-01 22:45:00+05:30,383.2341681917065,28.2,90.3,2024,7
2024-07-01 23:00:00+05:30,377.46059597819874,28.0,90.7,2024,7
2024-07-01 23:15:00+05:30,373.9491010315222,28.1,91.2,2024,7
2024-07-01 23:30:00+05:30,367.9174310868742,27.7,92.0,2024,7
2024-07-01 23:45:00+05:30,364.3780558410799,27.7,91.6,2024,7
2024-07-02 00:00:00+05:30,358.0,27.86,90.72,2024,7
2024-07-02 00:15:00+05:30,350.0,27.640000000000004,91.28,2024,7
2024-07-02 00:30:00+05:30,346.0,27.08,94.46,2024,7
2024-07-02 00:45:00+05:30,340.0,26.94,95.02,2024,7
2024-07-02 01:00:00+05:30,333.0,26.9,95.34,2024,7
2024-07-02 01:15:00+05:30,328.0,26.78,95.84,2024,7
2024-07-02 01:30:00+05:30,328.0,26.8,95.84,2024,7
2024-07-02 01:45:00+05:30,321.0,26.68,95.5,2024,7
2024-07-02 02:00:00+05:30,315.0,26.58,95.14,2024,7
2024-07-02 02:15:00+05:30,309.0,26.5,94.88,2024,7
2024-07-02 02:30:00+05:30,305.0,26.52,94.78,2024,7
2024-07-02 02:45:00+05:30,302.0,26.58,94.36,2024,7
2024-07-02 03:00:00+05:30,304.0,26.68,94.26,2024,7
2024-07-02 03:15:00+05:30,303.0,26.78,94.64,2024,7
2024-07-02 03:30:00+05:30,301.0,27.0,94.74,2024,7
2024-07-02 03:45:00+05:30,299.0,27.2,94.82,2024,7
2024-07-02 04:00:00+05:30,297.0,26.92,94.64,2024,7
2024-07-02 04:15:00+05:30,298.0,26.96,94.72,2024,7
2024-07-02 04:30:00+05:30,300.0,27.22,94.96,2024,7
2024-07-02 04:45:00+05:30,299.0,27.36,94.98,2024,7
2024-07-02 05:00:00+05:30,304.0,27.66,95.44,2024,7
2024-07-02 05:15:00+05:30,311.0,27.96,95.52,2024,7
2024-07-02 05:30:00+05:30,318.0,28.18,95.38,2024,7
2024-07-02 05:45:00+05:30,323.0,28.360000000000003,94.78,2024,7
2024-07-02 06:00:00+05:30,332.0,28.48,94.4,2024,7
2024-07-02 06:15:00+05:30,342.0,28.62,93.92,2024,7
2024-07-02 06:30:00+05:30,348.0,28.82,93.42,2024,7
2024-07-02 06:45:00+05:30,358.0,28.920000000000005,93.06000000000002,2024,7
2024-07-02 07:00:00+05:30,371.0,29.06,92.54,2024,7
2024-07-02 07:15:00+05:30,387.0,29.2,91.92,2024,7
2024-07-02 07:30:00+05:30,403.0,29.24,91.76,2024,7
2024-07-02 07:45:00+05:30,417.0,29.360000000000003,90.94,2024,7
2024-07-02 08:00:00+05:30,441.0,29.62,90.3,2024,7
2024-07-02 08:15:00+05:30,465.0,29.8,89.68,2024,7
2024-07-02 08:30:00+05:30,485.0,29.96,89.1,2024,7
2024-07-02 08:45:00+05:30,504.0,30.2,88.12,2024,7
2024-07-02 09:00:00+05:30,519.0,30.360000000000003,87.23999999999998,2024,7
2024-07-02 09:15:00+05:30,535.0,30.48,86.67999999999999,2024,7
2024-07-02 09:30:00+05:30,544.0,30.44,86.53999999999999,2024,7
2024-07-02 09:45:00+05:30,554.0,30.6,86.22,2024,7
2024-07-02 10:00:00+05:30,562.0,30.8,85.48,2024,7
2024-07-02 10:15:00+05:30,569.0,30.74,85.56,2024,7
2024-07-02 10:30:00+05:30,572.0,30.9,85.26,2024,7
2024-07-02 10:45:00+05:30,576.0,30.9,84.78,2024,7
2024-07-02 11:00:00+05:30,577.0,30.94,85.17999999999999,2024,7
2024-07-02 11:15:00+05:30,577.0,31.22,84.06,2024,7
2024-07-02 11:30:00+05:30,576.0,31.160000000000004,83.9,2024,7
2024-07-02 11:45:00+05:30,574.0,31.0,84.88,2024,7
2024-07-02 12:00:00+05:30,571.0,30.880000000000003,84.8,2024,7
2024-07-02 12:15:00+05:30,568.0,30.94,84.48,2024,7
2024-07-02 12:30:00+05:30,567.0,31.02,84.48,2024,7
2024-07-02 12:45:00+05:30,564.0,31.14,84.02000000000001,2024,7
2024-07-02 13:00:00+05:30,561.0,31.380000000000003,83.24,2024,7
2024-07-02 13:15:00+05:30,559.0,31.98,81.5,2024,7
2024-07-02 13:30:00+05:30,559.0,31.94,80.92,2024,7
2024-07-02 13:45:00+05:30,559.0,31.86,80.62,2024,7
2024-07-02 14:00:00+05:30,565.0,31.86,80.43999999999998,2024,7
2024-07-02 14:15:00+05:30,568.0,32.18,79.62,2024,7
2024-07-02 14:30:00+05:30,570.0,32.059999999999995,80.02000000000001,2024,7
2024-07-02 14:45:00+05:30,570.0,32.0,79.94,2024,7
2024-07-02 15:00:00+05:30,572.0,32.12,79.28,2024,7
2024-07-02 15:15:00+05:30,572.0,32.3,78.66,2024,7
2024-07-02 15:30:00+05:30,569.0,32.0,79.3,2024,7
2024-07-02 15:45:00+05:30,568.0,31.98,79.44000000000001,2024,7
2024-07-02 16:00:00+05:30,564.0,31.78,79.4,2024,7
2024-07-02 16:15:00+05:30,560.0,31.44,80.44,2024,7
2024-07-02 16:30:00+05:30,555.0,31.18,81.43999999999998,2024,7
2024-07-02 16:45:00+05:30,548.0,31.08,82.04,2024,7
2024-07-02 17:00:00+05:30,544.0,30.98,82.35999999999999,2024,7
2024-07-02 17:15:00+05:30,538.0,30.92,82.32000000000001,2024,7
2024-07-02 17:30:00+05:30,529.0,30.8,82.74,2024,7
2024-07-02 17:45:00+05:30,518.0,30.840000000000003,82.98,2024,7
2024-07-02 18:00:00+05:30,511.0,30.6,83.3,2024,7
2024-07-02 18:15:00+05:30,501.0,30.520000000000003,83.92,2024,7
2024-07-02 18:30:00+05:30,490.0,30.42,84.34,2024,7
2024-07-02 18:45:00+05:30,483.0,30.4,84.66,2024,7
2024-07-02 19:00:00+05:30,476.0,30.32,85.08,2024,7
2024-07-02 19:15:00+05:30,472.0,30.24,85.28,2024,7
2024-07-02 19:30:00+05:30,468.0,30.22,85.32000000000001,2024,7
2024-07-02 19:45:00+05:30,461.0,30.14,85.68,2024,7
2024-07-02 20:00:00+05:30,453.0,30.1,85.56,2024,7
2024-07-02 20:15:00+05:30,445.0,30.08,85.88000000000001,2024,7
2024-07-02 20:30:00+05:30,440.0,30.06,86.28,2024,7
2024-07-02 20:45:00+05:30,436.0,30.04,86.44,2024,7
2024-07-02 21:00:00+05:30,431.0,30.0,86.58,2024,7
2024-07-02 21:15:00+05:30,426.0,29.98,86.94000000000001,2024,7
2024-07-02 21:30:00+05:30,423.0,29.940000000000005,87.06,2024,7
2024-07-02 21:45:00+05:30,419.0,29.940000000000005,86.94,2024,7
2024-07-02 22:00:00+05:30,410.0,29.860000000000003,87.47999999999999,2024,7
2024-07-02 22:15:00+05:30,407.0,29.82,87.41999999999999,2024,7
2024-07-02 22:30:00+05:30,405.0,29.8,87.85999999999999,2024,7
2024-07-02 22:45:00+05:30,403.0,29.820000000000004,87.74000000000001,2024,7
2024-07-02 23:00:00+05:30,398.0,29.8,87.83999999999999,2024,7
2024-07-02 23:15:00+05:30,394.0,29.820000000000004,87.8,2024,7
2024-07-02 23:30:00+05:30,387.0,29.8,87.72,2024,7
2024-07-02 23:45:00+05:30,381.0,29.78,87.88,2024,7
2024-07-03 00:00:00+05:30,376.79685867868864,29.7,88.6,2024,7
2024-07-03 00:15:00+05:30,369.6442291581496,29.7,88.9,2024,7
2024-07-03 00:30:00+05:30,361.2632430073459,29.7,88.9,2024,7
2024-07-03 00:45:00+05:30,359.4328156840551,29.7,88.8,2024,7
2024-07-03 01:00:00+05:30,352.1505709282541,29.8,88.2,2024,7
2024-07-03 01:15:00+05:30,345.88578599113845,29.8,88.1,2024,7
2024-07-03 01:30:00+05:30,339.93498900425965,29.7,87.8,2024,7
2024-07-03 01:45:00+05:30,335.54011139059526,29.7,87.6,2024,7
2024-07-03 02:00:00+05:30,332.51007066441406,29.7,87.8,2024,7
2024-07-03 02:15:00+05:30,327.6513890623448,29.7,87.7,2024,7
2024-07-03 02:30:00+05:30,324.537814950699,29.7,88.0,2024,7
2024-07-03 02:45:00+05:30,322.9972967645818,29.6,88.3,2024,7
2024-07-03 03:00:00+05:30,320.9990350090606,29.6,88.5,2024,7
2024-07-03 03:15:00+05:30,321.620011035333,29.5,88.4,2024,7
2024-07-03 03:30:00+05:30,319.9554155035308,29.5,88.3,2024,7
2024-07-03 03:45:00+05:30,317.1554466660242,29.5,88.1,2024,7
2024-07-03 04:00:00+05:30,314.18624230150925,29.6,87.7,2024,7
2024-07-03 04:15:00+05:30,313.36558542534385,29.6,87.7,2024,7
2024-07-03 04:30:00+05:30,312.8565204746363,29.6,87.5,2024,7
2024-07-03 04:45:00+05:30,314.4250982384776,29.6,87.6,2024,7
2024-07-03 05:00:00+05:30,316.6907356562376,29.6,87.6,2024,7
2024-07-03 05:15:00+05:30,317.8442302729697,29.6,87.2,2024,7
2024-07-03 05:30:00+05:30,319.0940863558648,29.6,87.3,2024,7
2024-07-03 05:45:00+05:30,322.8371000107521,29.6,87.6,2024,7
2024-07-03 06:00:00+05:30,333.7825480034025,29.7,87.4,2024,7
2024-07-03 06:15:00+05:30,344.79483851482297,29.6,87.8,2024,7
2024-07-03 06:30:00+05:30,352.52459208606075,29.7,87.2,2024,7
2024-07-03 06:45:00+05:30,362.5702914186951,29.7,87.0,2024,7
2024-07-03 07:00:00+05:30,372.264704156704,29.8,87.2,2024,7
2024-07-03 07:15:00+05:30,389.7167596800592,29.9,86.8,2024,7
2024-07-03 07:30:00+05:30,407.9855353699938,29.9,86.9,2024,7
2024-07-03 07:45:00+05:30,429.067373693069,30.1,86.8,2024,7
2024-07-03 08:00:00+05:30,451.0992712568403,30.1,86.5,2024,7
2024-07-03 08:15:00+05:30,471.5985515447168,30.4,86.0,2024,7
2024-07-03 08:30:00+05:30,490.30093586619887,30.7,84.4,2024,7
2024-07-03 08:45:00+05:30,508.61454169826425,30.8,84.0,2024,7
2024-07-03 09:00:00+05:30,524.7303922123796,31.0,83.6,2024,7
2024-07-03 09:15:00+05:30,537.4625423329848,31.2,82.8,2024,7
2024-07-03 09:30:00+05:30,549.3308681266604,31.5,81.8,2024,7
2024-07-03 09:45:00+05:30,556.8115577396875,31.6,81.4,2024,7
2024-07-03 10:00:00+05:30,564.3685379148661,31.6,80.8,2024,7
2024-07-03 10:15:00+05:30,572.9807823234576,31.6,80.9,2024,7
2024-07-03 10:30:00+05:30,576.8351383572952,31.9,80.0,2024,7
2024-07-03 10:45:00+05:30,582.532330462904,32.1,79.2,2024,7
2024-07-03 11:00:00+05:30,587.5951808945806,32.4,78.3,2024,7
2024-07-03 11:15:00+05:30,581.8721821007603,32.3,78.2,2024,7
2024-07-03 11:30:00+05:30,581.3051724531737,32.1,78.9,2024,7
2024-07-03 11:45:00+05:30,580.7329605396903,32.0,79.1,2024,7
2024-07-03 12:00:00+05:30,579.0495367449937,32.1,78.6,2024,7
2024-07-03 12:15:00+05:30,577.7146645691743,32.2,77.8,2024,7
2024-07-03 12:30:00+05:30,574.3057675874488,32.5,77.2,2024,7
2024-07-03 12:45:00+05:30,573.8595196198701,32.6,76.5,2024,7
2024-07-03 13:00:00+05:30,569.0119293732093,32.6,77.4,2024,7
2024-07-03 13:15:00+05:30,564.7986801330582,32.5,77.2,2024,7
2024-07-03 13:30:00+05:30,567.1541538668455,32.6,76.7,2024,7
2024-07-03 13:45:00+05:30,569.4957614684181,32.6,76.0,2024,7
2024-07-03 14:00:00+05:30,571.6688189541438,32.8,75.6,2024,7
2024-07-03 14:15:00+05:30,575.5672195230322,32.5,77.0,2024,7
2024-07-03 14:30:00+05:30,576.9415202735477,32.4,77.6,2024,7
2024-07-03 14:45:00+05:30,575.703880679642,32.4,77.5,2024,7
2024-07-03 15:00:00+05:30,570.4015673231997,32.2,78.1,2024,7
2024-07-03 15:15:00+05:30,572.5079069696915,32.4,77.3,2024,7
2024-07-03 15:30:00+05:30,572.9771996264919,32.2,77.7,2024,7
2024-07-03 15:45:00+05:30,565.8022072189797,32.4,76.8,2024,7
2024-07-03 16:00:00+05:30,564.4664881906825,32.1,77.5,2024,7
2024-07-03 16:15:00+05:30,562.1787422278046,32.1,77.6,2024,7
2024-07-03 16:30:00+05:30,556.0377129853878,31.9,77.6,2024,7
2024-07-03 16:45:00+05:30,559.0034523666384,31.7,78.3,2024,7
2024-07-03 17:00:00+05:30,550.4667962625829,31.6,79.2,2024,7
2024-07-03 17:15:00+05:30,542.732775022963,31.6,79.1,2024,7
2024-07-03 17:30:00+05:30,533.1601091739966,31.3,79.8,2024,7
2024-07-03 17:45:00+05:30,532.286053347236,31.5,79.4,2024,7
2024-07-03 18:00:00+05:30,525.4678613524449,30.8,83.0,2024,7
2024-07-03 18:15:00+05:30,514.8953749561999,30.5,84.7,2024,7
2024-07-03 18:30:00+05:30,502.3060614981251,30.4,84.2,2024,7
2024-07-03 18:45:00+05:30,492.895026341264,30.2,85.4,2024,7
2024-07-03 19:00:00+05:30,482.0807762990409,30.2,85.6,2024,7
2024-07-03 19:15:00+05:30,475.47371791152153,29.9,85.5,2024,7
2024-07-03 19:30:00+05:30,469.5183438657546,29.9,86.5,2024,7
2024-07-03 19:45:00+05:30,466.323417771538,30.0,86.1,2024,7
2024-07-03 20:00:00+05:30,457.17738986890384,30.0,85.7,2024,7
2024-07-03 20:15:00+05:30,452.6805725187489,30.0,85.9,2024,7
2024-07-03 20:30:00+05:30,446.41657313317967,30.0,86.0,2024,7
2024-07-03 20:45:00+05:30,440.1308356544627,29.9,86.7,2024,7
2024-07-03 21:00:00+05:30,436.9708810041903,29.9,86.6,2024,7
2024-07-03 21:15:00+05:30,428.10999675025073,29.9,86.5,2024,7
2024-07-03 21:30:00+05:30,428.23013880453607,30.0,86.3,2024,7
2024-07-03 21:45:00+05:30,424.38272907807465,30.0,85.8,2024,7
2024-07-03 22:00:00+05:30,416.8920870473105,30.0,86.0,2024,7
2024-07-03 22:15:00+05:30,410.414525940548,29.9,86.4,2024,7
2024-07-03 22:30:00+05:30,411.38831119335134,29.9,86.9,2024,7
2024-07-03 22:45:00+05:30,406.4866379322336,29.9,86.5,2024,7
2024-07-03 23:00:00+05:30,398.4197267437892,29.6,88.5,2024,7
2024-07-03 23:15:00+05:30,399.7551789848124,29.6,88.0,2024,7
2024-07-03 23:30:00+05:30,392.77939152883687,29.7,87.8,2024,7
2024-07-03 23:45:00+05:30,387.9518430595775,29.6,88.0,2024,7
2024-07-04 00:00:00+05:30,381.2796709652298,29.7,87.9,2024,7
2024-07-04 00:15:00+05:30,375.4422419805314,29.8,87.5,2024,7
2024-07-04 00:30:00+05:30,370.2278143875736,29.7,87.4,2024,7
2024-07-04 00:45:00+05:30,363.3202523141026,29.7,87.7,2024,7
2024-07-04 01:00:00+05:30,354.74316103128825,29.7,87.6,2024,7
2024-07-04 01:15:00+05:30,350.2404411864224,29.7,87.2,2024,7
2024-07-04 01:30:00+05:30,345.9799293019095,29.7,87.3,2024,7
2024-07-04 01:45:00+05:30,342.80702666506266,29.7,87.5,2024,7
2024-07-04 02:00:00+05:30,340.5330457871214,29.7,87.3,2024,7
2024-07-04 02:15:00+05:30,338.0355936056329,29.7,87.4,2024,7
2024-07-04 02:30:00+05:30,334.24063147086684,29.7,87.1,2024,7
2024-07-04 02:45:00+05:30,330.8088620695386,29.8,86.7,2024,7
2024-07-04 03:00:00+05:30,326.85900099186057,29.7,85.9,2024,7
2024-07-04 03:15:00+05:30,324.00779809635816,29.7,85.8,2024,7
2024-07-04 03:30:00+05:30,320.9973214881539,29.6,86.8,2024,7
2024-07-04 03:45:00+05:30,318.95118039172013,29.6,86.9,2024,7
2024-07-04 04:00:00+05:30,317.6742377924064,29.6,87.1,2024,7
2024-07-04 04:15:00+05:30,317.57093648834945,29.7,87.3,2024,7
2024-07-04 04:30:00+05:30,318.80934629166995,29.7,87.0,2024,7
2024-07-04 04:45:00+05:30,317.2384774215545,29.7,87.0,2024,7
2024-07-04 05:00:00+05:30,316.74773673635383,29.7,87.1,2024,7
2024-07-04 05:15:00+05:30,316.9084397019519,29.6,86.9,2024,7
2024-07-04 05:30:00+05:30,319.992651357361,29.4,87.5,2024,7
2024-07-04 05:45:00+05:30,323.91976583556584,29.4,87.6,2024,7
2024-07-04 06:00:00+05:30,329.9472213848413,29.4,87.5,2024,7
2024-07-04 06:15:00+05:30,342.9871745358027,29.4,87.6,2024,7
2024-07-04 06:30:00+05:30,353.4409294250918,29.5,87.9,2024,7
2024-07-04 06:45:00+05:30,363.8357390305416,29.6,87.9,2024,7
2024-07-04 07:00:00+05:30,373.1564481167765,29.7,87.1,2024,7
2024-07-04 07:15:00+05:30,387.5604505023728,29.8,87.0,2024,7
2024-07-04 07:30:00+05:30,410.636602442362,29.8,86.1,2024,7
2024-07-04 07:45:00+05:30,429.6018214296364,30.0,85.7,2024,7
2024-07-04 08:00:00+05:30,449.4663762033571,30.4,85.0,2024,7
2024-07-04 08:15:00+05:30,471.5761837408035,30.5,85.2,2024,7
2024-07-04 08:30:00+05:30,489.3579745091792,30.7,84.1,2024,7
2024-07-04 08:45:00+05:30,508.790721191644,30.9,82.7,2024,7
2024-07-04 09:00:00+05:30,525.2693546649803,31.2,82.3,2024,7
2024-07-04 09:15:00+05:30,544.9272244712674,31.6,80.7,2024,7
2024-07-04 09:30:00+05:30,553.9496482170566,31.7,80.1,2024,7
2024-07-04 09:45:00+05:30,557.906523744179,31.8,80.2,2024,7
2024-07-04 10:00:00+05:30,566.473889275021,31.8,80.3,2024,7
2024-07-04 10:15:00+05:30,573.9630799150398,31.7,79.2,2024,7
2024-07-04 10:30:00+05:30,578.9968758934573,31.9,80.0,2024,7
2024-07-04 10:45:00+05:30,581.9927406683855,32.1,78.6,2024,7
2024-07-04 11:00:00+05:30,587.507635193159,32.5,77.4,2024,7
2024-07-04 11:15:00+05:30,586.3064825123538,32.3,77.4,2024,7
2024-07-04 11:30:00+05:30,585.1054942547149,32.4,77.4,2024,7
2024-07-04 11:45:00+05:30,581.7791978225475,32.3,77.3,2024,7
2024-07-04 12:00:00+05:30,581.0120731556387,32.2,77.3,2024,7
2024-07-04 12:15:00+05:30,580.8131540776935,32.3,77.4,2024,7
2024-07-04 12:30:00+05:30,583.9164351567524,32.5,76.8,2024,7
2024-07-04 12:45:00+05:30,580.2968297165324,32.6,76.6,2024,7
2024-07-04 13:00:00+05:30,578.0389162043083,32.6,76.4,2024,7
2024-07-04 13:15:00+05:30,573.5150518063414,32.5,76.8,2024,7
2024-07-04 13:30:00+05:30,571.6958918752599,32.4,77.0,2024,7
2024-07-04 13:45:00+05:30,570.2543569137745,32.4,76.4,2024,7
2024-07-04 14:00:00+05:30,575.8986340519017,32.8,76.0,2024,7
2024-07-04 14:15:00+05:30,579.455198701073,32.7,76.1,2024,7
2024-07-04 14:30:00+05:30,580.3044824252058,32.9,75.3,2024,7
2024-07-04 14:45:00+05:30,579.06500502393,32.8,75.0,2024,7
2024-07-04 15:00:00+05:30,578.4601113593643,32.6,74.7,2024,7
2024-07-04 15:15:00+05:30,578.0286012505802,32.9,74.7,2024,7
2024-07-04 15:30:00+05:30,578.7562551255866,33.0,74.4,2024,7
2024-07-04 15:45:00+05:30,577.6965030405757,32.8,74.9,2024,7
2024-07-04 16:00:00+05:30,573.9639477175652,32.5,75.6,2024,7
2024-07-04 16:15:00+05:30,570.9789792405674,31.9,77.5,2024,7
2024-07-04 16:30:00+05:30,563.6842096895376,30.9,80.9,2024,7
2024-07-04 16:45:00+05:30,557.5540553923591,30.1,82.9,2024,7
2024-07-04 17:00:00+05:30,547.8393603938856,29.8,85.1,2024,7
2024-07-04 17:15:00+05:30,538.4058956986788,29.7,86.1,2024,7
2024-07-04 17:30:00+05:30,526.6790300415491,29.8,85.6,2024,7
2024-07-04 17:45:00+05:30,516.4882374436348,29.7,85.5,2024,7
2024-07-04 18:00:00+05:30,505.4054962238429,29.7,86.3,2024,7
2024-07-04 18:15:00+05:30,500.1073300065258,29.7,86.1,2024,7
2024-07-04 18:30:00+05:30,488.5747123765355,30.0,85.4,2024,7
2024-07-04 18:45:00+05:30,480.8902607787813,30.1,85.1,2024,7
2024-07-04 19:00:00+05:30,475.05573134179855,30.0,86.2,2024,7
2024-07-04 19:15:00+05:30,466.2853588988596,29.6,87.7,2024,7
2024-07-04 19:30:00+05:30,460.77828620408303,29.4,88.5,2024,7
2024-07-04 19:45:00+05:30,453.9749382902803,29.3,88.9,2024,7
2024-07-04 20:00:00+05:30,447.4668831881508,29.4,89.2,2024,7
2024-07-04 20:15:00+05:30,442.6050128460256,29.5,89.7,2024,7
2024-07-04 20:30:00+05:30,438.6086386194768,29.5,89.9,2024,7
2024-07-04 20:45:00+05:30,433.3331254996889,29.6,89.5,2024,7
2024-07-04 21:00:00+05:30,423.6233356835557,29.7,88.8,2024,7
2024-07-04 21:15:00+05:30,422.9170397352147,29.7,88.5,2024,7
2024-07-04 21:30:00+05:30,418.7825055029359,29.8,88.2,2024,7
2024-07-04 21:45:00+05:30,415.119096201021,29.7,88.4,2024,7
2024-07-04 22:00:00+05:30,410.8628455560553,29.7,88.4,2024,7
2024-07-04 22:15:00+05:30,406.15494275029823,29.6,88.5,2024,7
2024-07-04 22:30:00+05:30,404.4059452982322,29.6,88.7,2024,7
2024-07-04 22:45:00+05:30,404.0576923056617,29.6,88.4,2024,7
2024-07-04 23:00:00+05:30,402.6161809942574,29.6,88.5,2024,7
2024-07-04 23:15:00+05:30,397.7940058891462,29.7,88.5,2024,7
2024-07-04 23:30:00+05:30,393.3969012133026,29.7,88.0,2024,7
2024-07-04 23:45:00+05:30,387.4871030424232,29.7,87.9,2024,7
2024-07-05 00:00:00+05:30,369.9327767253116,29.7,88.0,2024,7
2024-07-05 00:15:00+05:30,364.8562446370099,29.6,88.2,2024,7
2024-07-05 00:30:00+05:30,359.2468894602372,29.6,88.6,2024,7
2024-07-05 00:45:00+05:30,349.29605309154323,29.2,88.8,2024,7
2024-07-05 01:00:00+05:30,340.42006856377066,28.9,89.6,2024,7
2024-07-05 01:15:00+05:30,337.9849178745605,28.8,91.1,2024,7
2024-07-05 01:30:00+05:30,334.20697077434147,28.9,91.5,2024,7
2024-07-05 01:45:00+05:30,326.7383680177579,28.8,90.7,2024,7
2024-07-05 02:00:00+05:30,308.88559386124064,28.2,90.6,2024,7
2024-07-05 02:15:00+05:30,302.99179852818884,28.0,91.2,2024,7
2024-07-05 02:30:00+05:30,306.1315124265148,27.9,91.4,2024,7
2024-07-05 02:45:00+05:30,308.45122591305613,27.9,91.5,2024,7
2024-07-05 03:00:00+05:30,305.6306930928923,28.1,92.4,2024,7
2024-07-05 03:15:00+05:30,304.9570308518344,28.5,92.4,2024,7
2024-07-05 03:30:00+05:30,307.24256121415544,28.7,92.2,2024,7
2024-07-05 03:45:00+05:30,304.57710310103545,28.8,91.8,2024,7
2024-07-05 04:00:00+05:30,303.6003395605381,29.0,91.3,2024,7
2024-07-05 04:15:00+05:30,302.60663535422424,29.0,90.8,2024,7
2024-07-05 04:30:00+05:30,301.00050722583643,28.9,90.6,2024,7
2024-07-05 04:45:00+05:30,301.35951980109496,28.6,91.1,2024,7
2024-07-05 05:00:00+05:30,304.3110905456182,28.6,91.7,2024,7
2024-07-05 05:15:00+05:30,303.9509033306793,28.5,91.6,2024,7
2024-07-05 05:30:00+05:30,308.9681485438011,28.4,91.5,2024,7
2024-07-05 05:45:00+05:30,312.444245419452,28.4,91.9,2024,7
2024-07-05 06:00:00+05:30,319.9025666940542,28.5,91.7,2024,7
2024-07-05 06:15:00+05:30,328.78778084049384,28.6,91.1,2024,7
2024-07-05 06:30:00+05:30,340.2881539627688,28.7,90.9,2024,7
2024-07-05 06:45:00+05:30,347.0483668683859,28.9,90.6,2024,7
2024-07-05 07:00:00+05:30,362.6043809798269,28.9,90.8,2024,7
2024-07-05 07:15:00+05:30,378.2077567783265,29.1,89.8,2024,7
2024-07-05 07:30:00+05:30,396.8773504147345,29.2,89.4,2024,7
2024-07-05 07:45:00+05:30,415.42444075754736,29.3,88.6,2024,7
2024-07-05 08:00:00+05:30,439.743036170241,29.4,88.2,2024,7
2024-07-05 08:15:00+05:30,459.4888024544212,29.5,88.5,2024,7
2024-07-05 08:30:00+05:30,478.7110085879324,29.6,88.1,2024,7
2024-07-05 08:45:00+05:30,493.4868508290752,29.6,87.5,2024,7
2024-07-05 09:00:00+05:30,507.3562942597176,29.8,86.7,2024,7
2024-07-05 09:15:00+05:30,521.269030178931,29.8,86.3,2024,7
2024-07-05 09:30:00+05:30,531.0992941908557,29.9,86.3,2024,7
2024-07-05 09:45:00+05:30,540.447756047979,29.9,85.1,2024,7
2024-07-05 10:00:00+05:30,549.4923528426997,30.0,84.9,2024,7
2024-07-05 10:15:00+05:30,553.8374285491718,30.2,85.0,2024,7
2024-07-05 10:30:00+05:30,559.7228452405288,30.5,84.6,2024,7
2024-07-05 10:45:00+05:30,563.4556347180526,30.7,83.8,2024,7
2024-07-05 11:00:00+05:30,559.1239196706438,30.4,83.8,2024,7
2024-07-05 11:15:00+05:30,557.2440475297147,30.4,85.0,2024,7
2024-07-05 11:30:00+05:30,559.6550824166808,30.4,85.6,2024,7
2024-07-05 11:45:00+05:30,557.82038039279,30.0,86.4,2024,7
2024-07-05 12:00:00+05:30,554.9476134165126,29.7,86.8,2024,7
2024-07-05 12:15:00+05:30,554.6102271646852,29.7,87.5,2024,7
2024-07-05 12:30:00+05:30,550.1676256664332,29.9,86.6,2024,7
2024-07-05 12:45:00+05:30,551.1134195108248,30.0,86.5,2024,7
2024-07-05 13:00:00+05:30,545.0464613683075,30.1,86.0,2024,7
2024-07-05 13:15:00+05:30,541.2632828562539,30.5,85.1,2024,7
2024-07-05 13:30:00+05:30,536.9163116590024,30.4,84.7,2024,7
2024-07-05 13:45:00+05:30,529.6436292787517,29.9,84.1,2024,7
2024-07-05 14:00:00+05:30,526.5765548040757,29.9,84.4,2024,7
2024-07-05 14:15:00+05:30,533.158150671552,30.5,84.3,2024,7
2024-07-05 14:30:00+05:30,537.3295803279041,30.4,85.2,2024,7
2024-07-05 14:45:00+05:30,534.6176181253298,30.2,85.1,2024,7
2024-07-05 15:00:00+05:30,534.2794618418751,30.4,84.0,2024,7
2024-07-05 15:15:00+05:30,538.1419294598866,30.4,84.3,2024,7
2024-07-05 15:30:00+05:30,530.9118659296048,29.8,85.3,2024,7
2024-07-05 15:45:00+05:30,528.723469936549,30.0,85.5,2024,7
2024-07-05 16:00:00+05:30,527.9809385872126,30.2,85.5,2024,7
2024-07-05 16:15:00+05:30,525.2253460170683,30.5,84.6,2024,7
2024-07-05 16:30:00+05:30,524.934595824449,30.7,84.2,2024,7
2024-07-05 16:45:00+05:30,521.6518491636757,30.9,84.1,2024,7
2024-07-05 17:00:00+05:30,521.2199499523533,30.5,85.0,2024,7
2024-07-05 17:15:00+05:30,514.2853686278859,30.5,84.8,2024,7
2024-07-05 17:30:00+05:30,504.09134698124177,30.3,85.5,2024,7
2024-07-05 17:45:00+05:30,499.2511638091166,30.1,85.6,2024,7
2024-07-05 18:00:00+05:30,490.9754368457815,29.8,86.2,2024,7
2024-07-05 18:15:00+05:30,484.9102524608584,29.8,86.2,2024,7
2024-07-05 18:30:00+05:30,477.42213553817135,29.8,85.7,2024,7
2024-07-05 18:45:00+05:30,467.6928581799959,29.6,86.7,2024,7
2024-07-05 19:00:00+05:30,461.4095517641164,29.4,86.9,2024,7
2024-07-05 19:15:00+05:30,453.6266187066784,29.3,87.8,2024,7
2024-07-05 19:30:00+05:30,446.02808998643377,29.0,88.5,2024,7
2024-07-05 19:45:00+05:30,438.6094020959613,28.9,88.9,2024,7
2024-07-05 20:00:00+05:30,430.8134995140232,28.8,89.7,2024,7
2024-07-05 20:15:00+05:30,424.2765731858968,28.8,90.4,2024,7
2024-07-05 20:30:00+05:30,419.69653119635433,28.9,90.8,2024,7
2024-07-05 20:45:00+05:30,416.2648689006687,29.0,90.8,2024,7
2024-07-05 21:00:00+05:30,409.4347116874061,29.0,90.9,2024,7
2024-07-05 21:15:00+05:30,405.8507678052521,29.1,90.9,2024,7
2024-07-05 21:30:00+05:30,403.43303156974486,29.0,90.8,2024,7
2024-07-05 21:45:00+05:30,400.1750010555103,29.0,91.3,2024,7
2024-07-05 22:00:00+05:30,395.5146544140351,29.0,91.7,2024,7
2024-07-05 22:15:00+05:30,391.7877855119448,29.1,91.4,2024,7
2024-07-05 22:30:00+05:30,388.6078325318583,29.1,91.8,2024,7
2024-07-05 22:45:00+05:30,387.0842191676917,29.0,91.1,2024,7
2024-07-05 23:00:00+05:30,380.3628612233086,29.0,90.6,2024,7
2024-07-05 23:15:00+05:30,375.9936686120984,28.8,90.8,2024,7
2024-07-05 23:30:00+05:30,373.5656731922178,28.7,91.5,2024,7
2024-07-05 23:45:00+05:30,371.76695290153367,28.7,92.1,2024,7
2024-07-06 00:00:00+05:30,380.6373518055116,28.8,92.2,2024,7
2024-07-06 00:15:00+05:30,375.6820703078099,28.8,92.4,2024,7
2024-07-06 00:30:00+05:30,366.4619468426371,28.9,92.4,2024,7
2024-07-06 00:45:00+05:30,362.6400323825432,28.6,93.8,2024,7
2024-07-06 01:00:00+05:30,358.0220985075707,28.6,93.7,2024,7
2024-07-06 01:15:00+05:30,353.0725343547605,28.7,93.2,2024,7
2024-07-06 01:30:00+05:30,350.1873751247414,28.7,92.9,2024,7
2024-07-06 01:45:00+05:30,343.92822844415787,28.8,92.8,2024,7
2024-07-06 02:00:00+05:30,341.2356547854407,28.7,92.5,2024,7
2024-07-06 02:15:00+05:30,338.0330904409889,28.6,92.2,2024,7
2024-07-06 02:30:00+05:30,337.1752082003148,28.5,91.9,2024,7
2024-07-06 02:45:00+05:30,332.830323764256,28.5,91.3,2024,7
2024-07-06 03:00:00+05:30,329.5277870970924,28.6,91.9,2024,7
2024-07-06 03:15:00+05:30,326.1371823482344,28.6,92.1,2024,7
2024-07-06 03:30:00+05:30,323.6401629445554,28.6,91.1,2024,7
2024-07-06 03:45:00+05:30,320.51557664583544,28.3,90.8,2024,7
2024-07-06 04:00:00+05:30,317.30748970333804,28.1,92.8,2024,7
2024-07-06 04:15:00+05:30,314.2629762076241,28.0,94.2,2024,7
2024-07-06 04:30:00+05:30,315.7513508272364,28.2,94.2,2024,7
2024-07-06 04:45:00+05:30,315.024127235895,28.4,93.7,2024,7
2024-07-06 05:00:00+05:30,319.1895022426181,28.5,93.4,2024,7
2024-07-06 05:15:00+05:30,319.6351333646794,28.7,92.6,2024,7
2024-07-06 05:30:00+05:30,321.88833410820104,28.7,92.0,2024,7
2024-07-06 05:45:00+05:30,323.6748358140521,28.8,90.8,2024,7
2024-07-06 06:00:00+05:30,326.3718263938542,28.9,90.4,2024,7
2024-07-06 06:15:00+05:30,329.3810424858939,28.9,90.5,2024,7
2024-07-06 06:30:00+05:30,333.6313335907688,29.0,90.4,2024,7
2024-07-06 06:45:00+05:30,339.2881441437859,29.2,89.4,2024,7
2024-07-06 07:00:00+05:30,347.30407419642694,29.2,88.6,2024,7
2024-07-06 07:15:00+05:30,356.5286346981265,29.3,88.6,2024,7
2024-07-06 07:30:00+05:30,365.42080157433446,29.5,87.9,2024,7
2024-07-06 07:45:00+05:30,375.7614064485475,29.7,87.5,2024,7
2024-07-06 08:00:00+05:30,388.75148190944105,29.7,86.9,2024,7
2024-07-06 08:15:00+05:30,404.8438897554213,29.7,86.2,2024,7
2024-07-06 08:30:00+05:30,415.8564821661324,29.4,86.9,2024,7
2024-07-06 08:45:00+05:30,426.2601103878751,29.4,88.1,2024,7
2024-07-06 09:00:00+05:30,439.1106114247176,29.5,88.3,2024,7
2024-07-06 09:15:00+05:30,456.1102623085311,29.6,87.6,2024,7
2024-07-06 09:30:00+05:30,463.8554398464556,29.7,86.9,2024,7
2024-07-06 09:45:00+05:30,466.8066421967791,29.9,86.9,2024,7
2024-07-06 10:00:00+05:30,475.6991463898997,30.2,85.8,2024,7
2024-07-06 10:15:00+05:30,483.846663970572,30.6,84.4,2024,7
2024-07-06 10:30:00+05:30,493.4282403175287,30.7,83.6,2024,7
2024-07-06 10:45:00+05:30,494.9451182006525,30.8,83.0,2024,7
2024-07-06 11:00:00+05:30,489.6222384174437,30.8,81.9,2024,7
2024-07-06 11:15:00+05:30,496.14191276151496,31.3,81.1,2024,7
2024-07-06 11:30:00+05:30,494.9888136812808,31.5,80.2,2024,7
2024-07-06 11:45:00+05:30,493.9548566263896,31.5,80.9,2024,7
2024-07-06 12:00:00+05:30,491.6994352705128,31.4,80.9,2024,7
2024-07-06 12:15:00+05:30,488.5952897162852,31.6,80.0,2024,7
2024-07-06 12:30:00+05:30,493.1358453308331,31.7,79.7,2024,7
2024-07-06 12:45:00+05:30,492.41355934582486,31.8,78.8,2024,7
2024-07-06 13:00:00+05:30,492.29836671690737,31.6,78.6,2024,7
2024-07-06 13:15:00+05:30,489.340208852454,31.8,78.3,2024,7
2024-07-06 13:30:00+05:30,485.19071366360265,32.1,77.2,2024,7
2024-07-06 13:45:00+05:30,482.51309492855165,32.0,77.4,2024,7
2024-07-06 14:00:00+05:30,482.0337924950755,31.8,77.7,2024,7
2024-07-06 14:15:00+05:30,482.31104991435205,31.9,77.7,2024,7
2024-07-06 14:30:00+05:30,482.9003428927042,32.1,76.3,2024,7
2024-07-06 14:45:00+05:30,483.5804238847298,31.5,77.3,2024,7
2024-07-06 15:00:00+05:30,476.6978426626752,30.9,79.4,2024,7
2024-07-06 15:15:00+05:30,469.8184052812866,31.2,79.7,2024,7
2024-07-06 15:30:00+05:30,468.0102191502048,31.5,79.3,2024,7
2024-07-06 15:45:00+05:30,466.634993036749,31.8,78.7,2024,7
2024-07-06 16:00:00+05:30,470.4555418138127,31.8,78.0,2024,7
2024-07-06 16:15:00+05:30,469.4119582434682,31.7,78.1,2024,7
2024-07-06 16:30:00+05:30,466.4484309542492,31.4,77.6,2024,7
2024-07-06 16:45:00+05:30,457.8419746286758,31.0,79.6,2024,7
2024-07-06 17:00:00+05:30,456.4710734247535,30.9,80.2,2024,7
2024-07-06 17:15:00+05:30,450.76171918608594,31.1,79.6,2024,7
2024-07-06 17:30:00+05:30,446.537913072242,30.7,80.6,2024,7
2024-07-06 17:45:00+05:30,439.6466959883165,30.5,81.4,2024,7
2024-07-06 18:00:00+05:30,432.48668107238143,30.3,82.1,2024,7
2024-07-06 18:15:00+05:30,427.9034265120584,29.8,82.6,2024,7
2024-07-06 18:30:00+05:30,427.4624220315712,29.1,84.1,2024,7
2024-07-06 18:45:00+05:30,419.827437761196,28.9,86.0,2024,7
2024-07-06 19:00:00+05:30,419.7005995121165,29.1,87.1,2024,7
2024-07-06 19:15:00+05:30,417.90252698067854,29.3,87.8,2024,7
2024-07-06 19:30:00+05:30,417.36223822523374,29.4,87.1,2024,7
2024-07-06 19:45:00+05:30,411.96867908736135,29.5,87.1,2024,7
2024-07-06 20:00:00+05:30,410.7291625868231,29.5,86.2,2024,7
2024-07-06 20:15:00+05:30,407.25016525169656,29.5,86.0,2024,7
2024-07-06 20:30:00+05:30,403.7033311147544,29.6,86.3,2024,7
2024-07-06 20:45:00+05:30,399.3021075298687,29.6,85.9,2024,7
2024-07-06 21:00:00+05:30,395.454818636406,29.5,86.8,2024,7
2024-07-06 21:15:00+05:30,393.1532701772521,29.4,87.2,2024,7
2024-07-06 21:30:00+05:30,387.4443316817449,29.3,87.1,2024,7
2024-07-06 21:45:00+05:30,384.1027532531104,29.2,87.8,2024,7
2024-07-06 22:00:00+05:30,380.187347437235,29.2,88.7,2024,7
2024-07-06 22:15:00+05:30,377.7580766345448,29.3,89.0,2024,7
2024-07-06 22:30:00+05:30,375.24917629705817,29.4,88.9,2024,7
2024-07-06 22:45:00+05:30,374.6940166012917,29.4,88.9,2024,7
2024-07-06 23:00:00+05:30,372.4925657771087,29.5,88.5,2024,7
2024-07-06 23:15:00+05:30,371.0627760830984,29.5,88.4,2024,7
2024-07-06 23:30:00+05:30,367.9244026412178,29.5,89.1,2024,7
2024-07-06 23:45:00+05:30,364.9089386331337,29.5,88.9,2024,7
2024-07-07 00:00:00+05:30,366.82743887923215,29.4,89.2,2024,7
2024-07-07 00:15:00+05:30,363.2745634567398,29.5,88.8,2024,7
2024-07-07 00:30:00+05:30,358.39767484965887,29.5,88.8,2024,7
2024-07-07 00:45:00+05:30,352.1074959645623,29.5,88.1,2024,7
2024-07-07 01:00:00+05:30,349.0496942350744,29.4,88.1,2024,7
2024-07-07 01:15:00+05:30,344.39297214678453,29.2,87.9,2024,7
2024-07-07 01:30:00+05:30,335.20468340130014,29.2,87.7,2024,7
2024-07-07 01:45:00+05:30,331.07374821754826,29.0,87.7,2024,7
2024-07-07 02:00:00+05:30,327.90341767792194,28.8,88.6,2024,7
2024-07-07 02:15:00+05:30,323.5759763826412,28.6,88.5,2024,7
2024-07-07 02:30:00+05:30,320.0862201937703,28.3,88.7,2024,7
2024-07-07 02:45:00+05:30,315.6629897056374,27.9,89.7,2024,7
2024-07-07 03:00:00+05:30,311.74389608322724,27.5,91.7,2024,7
2024-07-07 03:15:00+05:30,309.2754409662237,26.9,92.5,2024,7
2024-07-07 03:30:00+05:30,306.89539940168845,26.8,93.0,2024,7
2024-07-07 03:45:00+05:30,305.3264102991346,26.8,93.6,2024,7
2024-07-07 04:00:00+05:30,302.6333416625445,27.0,93.7,2024,7
2024-07-07 04:15:00+05:30,303.63123171609385,27.2,94.2,2024,7
2024-07-07 04:30:00+05:30,305.4839452440032,27.7,93.9,2024,7
2024-07-07 04:45:00+05:30,304.14925236941923,27.9,93.9,2024,7
2024-07-07 05:00:00+05:30,307.9226388149298,28.1,94.0,2024,7
2024-07-07 05:15:00+05:30,301.3116728250158,28.3,93.9,2024,7
2024-07-07 05:30:00+05:30,302.02936033237097,28.4,93.8,2024,7
2024-07-07 05:45:00+05:30,301.41179308980566,28.4,93.7,2024,7
2024-07-07 06:00:00+05:30,302.4489358270269,28.2,93.1,2024,7
2024-07-07 06:15:00+05:30,305.1469720862969,28.1,93.8,2024,7
2024-07-07 06:30:00+05:30,304.3488861958608,28.2,94.2,2024,7
2024-07-07 06:45:00+05:30,304.6979056436924,28.1,94.7,2024,7
2024-07-07 07:00:00+05:30,306.54944802932386,28.1,95.1,2024,7
2024-07-07 07:15:00+05:30,306.4549823550122,28.2,95.2,2024,7
2024-07-07 07:30:00+05:30,309.33625919596534,28.2,95.3,2024,7
2024-07-07 07:45:00+05:30,312.2002775743641,28.2,95.5,2024,7
2024-07-07 08:00:00+05:30,318.93048949776266,28.3,95.4,2024,7
2024-07-07 08:15:00+05:30,325.0174419494895,28.3,95.5,2024,7
2024-07-07 08:30:00+05:30,330.6126991479416,28.2,95.0,2024,7
2024-07-07 08:45:00+05:30,335.4712623537441,28.0,94.8,2024,7
2024-07-07 09:00:00+05:30,342.12915333504884,28.1,94.6,2024,7
2024-07-07 09:15:00+05:30,348.4997779329176,28.1,94.6,2024,7
2024-07-07 09:30:00+05:30,353.06669484372605,28.3,94.9,2024,7
2024-07-07 09:45:00+05:30,358.5057537910748,28.4,95.1,2024,7
2024-07-07 10:00:00+05:30,364.9367761609843,28.5,95.0,2024,7
2024-07-07 10:15:00+05:30,369.542084645411,28.7,94.9,2024,7
2024-07-07 10:30:00+05:30,373.4185039588753,28.8,94.4,2024,7
2024-07-07 10:45:00+05:30,376.135395422318,28.9,94.1,2024,7
2024-07-07 11:00:00+05:30,381.6421988798601,29.3,93.5,2024,7
2024-07-07 11:15:00+05:30,383.5390469143325,29.5,92.7,2024,7
2024-07-07 11:30:00+05:30,385.0182600334165,29.5,92.0,2024,7
2024-07-07 11:45:00+05:30,384.0915893943341,29.7,91.5,2024,7
2024-07-07 12:00:00+05:30,386.3490503683402,29.8,91.0,2024,7
2024-07-07 12:15:00+05:30,384.8364408331736,30.1,90.1,2024,7
2024-07-07 12:30:00+05:30,384.45145867576986,30.4,89.0,2024,7
2024-07-07 12:45:00+05:30,384.8700296241578,30.3,88.9,2024,7
2024-07-07 13:00:00+05:30,384.4768759475545,30.4,88.5,2024,7
2024-07-07 13:15:00+05:30,385.74748586079824,30.6,88.0,2024,7
2024-07-07 13:30:00+05:30,383.0420811691489,30.6,87.7,2024,7
2024-07-07 13:45:00+05:30,382.1987309793956,30.7,86.6,2024,7
2024-07-07 14:00:00+05:30,384.1383257927994,30.9,85.5,2024,7
2024-07-07 14:15:00+05:30,384.49329012270346,30.8,84.7,2024,7
2024-07-07 14:30:00+05:30,385.65883939186034,31.0,84.3,2024,7
2024-07-07 14:45:00+05:30,383.8882160579606,30.8,84.8,2024,7
2024-07-07 15:00:00+05:30,381.2415205345372,30.6,85.8,2024,7
2024-07-07 15:15:00+05:30,380.1922311607992,30.7,85.2,2024,7
2024-07-07 15:30:00+05:30,375.7997486176586,31.0,84.4,2024,7
2024-07-07 15:45:00+05:30,377.5409562180804,30.9,84.7,2024,7
2024-07-07 16:00:00+05:30,377.7106517758232,30.9,84.3,2024,7
2024-07-07 16:15:00+05:30,375.04959309298783,31.1,83.8,2024,7
2024-07-07 16:30:00+05:30,375.1944162524353,31.0,83.5,2024,7
2024-07-07 16:45:00+05:30,371.09902319467847,31.0,83.9,2024,7
2024-07-07 17:00:00+05:30,370.5277407659787,30.7,84.4,2024,7
2024-07-07 17:15:00+05:30,369.6120155715095,30.2,85.9,2024,7
2024-07-07 17:30:00+05:30,367.1408887044757,29.7,87.1,2024,7
2024-07-07 17:45:00+05:30,367.3842942994179,29.3,88.0,2024,7
2024-07-07 18:00:00+05:30,368.6471185055868,29.2,89.1,2024,7
2024-07-07 18:15:00+05:30,369.3750828061835,29.2,90.1,2024,7
2024-07-07 18:30:00+05:30,371.4913947111075,29.1,90.9,2024,7
2024-07-07 18:45:00+05:30,370.609896582342,29.1,91.2,2024,7
2024-07-07 19:00:00+05:30,373.1351985142368,29.1,91.4,2024,7
2024-07-07 19:15:00+05:30,374.1231991246329,28.9,90.7,2024,7
2024-07-07 19:30:00+05:30,375.210018935262,28.6,90.5,2024,7
2024-07-07 19:45:00+05:30,377.3625760477523,28.5,91.3,2024,7
2024-07-07 20:00:00+05:30,376.057909824233,28.6,91.9,2024,7
2024-07-07 20:15:00+05:30,375.7531856611381,28.7,92.2,2024,7
2024-07-07 20:30:00+05:30,376.77485051996246,28.7,92.3,2024,7
2024-07-07 20:45:00+05:30,376.0749094128622,28.8,93.6,2024,7
2024-07-07 21:00:00+05:30,376.32743607134944,28.9,93.4,2024,7
2024-07-07 21:15:00+05:30,375.10362441359206,29.0,92.6,2024,7
2024-07-07 21:30:00+05:30,371.7937353993468,28.9,91.3,2024,7
2024-07-07 21:45:00+05:30,370.3083006657082,28.7,92.1,2024,7
2024-07-07 22:00:00+05:30,368.23775853823895,28.7,92.4,2024,7
2024-07-07 22:15:00+05:30,366.5738252896323,28.7,92.4,2024,7
2024-07-07 22:30:00+05:30,370.5452567600969,28.9,92.7,2024,7
2024-07-07 22:45:00+05:30,367.2363060701547,28.9,93.2,2024,7
2024-07-07 23:00:00+05:30,365.79004701831474,28.8,93.4,2024,7
2024-07-07 23:15:00+05:30,366.12403910034806,28.9,93.6,2024,7
2024-07-07 23:30:00+05:30,358.1254876030289,28.9,93.4,2024,7
2024-07-07 23:45:00+05:30,354.60984316358787,29.0,93.4,2024,7
2024-07-08 00:00:00+05:30,349.0793181333401,29.0,92.9,2024,7
2024-07-08 00:15:00+05:30,347.0162306045684,29.0,92.8,2024,7
2024-07-08 00:30:00+05:30,341.9016261181381,29.0,93.2,2024,7
2024-07-08 00:45:00+05:30,334.5419756390745,29.0,92.8,2024,7
2024-07-08 01:00:00+05:30,329.23433517611346,29.0,92.6,2024,7
2024-07-08 01:15:00+05:30,325.38282988791514,28.9,92.8,2024,7
2024-07-08 01:30:00+05:30,321.62724901975565,28.9,92.5,2024,7
2024-07-08 01:45:00+05:30,316.2962084861382,28.5,93.4,2024,7
2024-07-08 02:00:00+05:30,307.4995280796163,28.1,93.7,2024,7
2024-07-08 02:15:00+05:30,304.0415061433923,27.9,94.0,2024,7
2024-07-08 02:30:00+05:30,301.951613375838,27.8,94.3,2024,7
2024-07-08 02:45:00+05:30,300.4128654598911,27.6,94.0,2024,7
2024-07-08 03:00:00+05:30,296.434456773547,27.4,94.1,2024,7
2024-07-08 03:15:00+05:30,291.90045546681483,27.2,95.6,2024,7
2024-07-08 03:30:00+05:30,289.497517356403,26.9,96.1,2024,7
2024-07-08 03:45:00+05:30,288.0235805877032,26.9,96.4,2024,7
2024-07-08 04:00:00+05:30,286.3455122410226,26.6,96.6,2024,7
2024-07-08 04:15:00+05:30,285.3164518214877,26.6,96.7,2024,7
2024-07-08 04:30:00+05:30,287.5034508990761,26.4,96.6,2024,7
2024-07-08 04:45:00+05:30,287.4297037727744,26.5,96.8,2024,7
2024-07-08 05:00:00+05:30,289.8975192713,26.7,96.8,2024,7
2024-07-08 05:15:00+05:30,290.1191730838277,26.7,96.8,2024,7
2024-07-08 05:30:00+05:30,293.4688030582545,26.7,96.7,2024,7
2024-07-08 05:45:00+05:30,298.2520465975657,26.6,96.8,2024,7
2024-07-08 06:00:00+05:30,305.5065977629372,26.7,96.8,2024,7
2024-07-08 06:15:00+05:30,313.48893703133183,26.8,96.8,2024,7
2024-07-08 06:30:00+05:30,319.9924816568581,26.8,96.8,2024,7
2024-07-08 06:45:00+05:30,329.044463602292,26.9,96.9,2024,7
2024-07-08 07:00:00+05:30,340.6570572044085,26.9,96.9,2024,7
2024-07-08 07:15:00+05:30,352.6581509402894,27.0,96.9,2024,7
2024-07-08 07:30:00+05:30,368.4272436573895,26.9,96.9,2024,7
2024-07-08 07:45:00+05:30,381.0290524256101,26.8,96.6,2024,7
2024-07-08 08:00:00+05:30,399.75435208904935,26.8,96.7,2024,7
2024-07-08 08:15:00+05:30,423.4375892934258,26.9,96.7,2024,7
2024-07-08 08:30:00+05:30,442.7927922868564,27.0,96.5,2024,7
2024-07-08 08:45:00+05:30,453.6472389063438,27.2,96.3,2024,7
2024-07-08 09:00:00+05:30,468.73702019777056,27.1,96.2,2024,7
2024-07-08 09:15:00+05:30,480.2277022995967,27.1,95.9,2024,7
2024-07-08 09:30:00+05:30,494.1549499498291,27.4,95.4,2024,7
2024-07-08 09:45:00+05:30,502.7177133852264,27.9,94.5,2024,7
2024-07-08 10:00:00+05:30,504.76315129192176,27.9,93.5,2024,7
2024-07-08 10:15:00+05:30,514.5867876964576,27.8,93.1,2024,7
2024-07-08 10:30:00+05:30,520.3184613448659,27.7,93.6,2024,7
2024-07-08 10:45:00+05:30,522.83711282805,27.8,93.8,2024,7
2024-07-08 11:00:00+05:30,523.4763301734583,27.8,94.5,2024,7
2024-07-08 11:15:00+05:30,523.5434527596892,27.9,94.7,2024,7
2024-07-08 11:30:00+05:30,520.7184232775676,28.2,94.1,2024,7
2024-07-08 11:45:00+05:30,519.0365914501956,28.3,93.5,2024,7
2024-07-08 12:00:00+05:30,520.9036858181983,28.0,93.8,2024,7
2024-07-08 12:15:00+05:30,520.5055775060879,28.1,93.7,2024,7
2024-07-08 12:30:00+05:30,513.2733047716218,27.8,94.0,2024,7
2024-07-08 12:45:00+05:30,516.4707304820305,28.3,93.5,2024,7
2024-07-08 13:00:00+05:30,512.0947122226015,28.5,92.0,2024,7
2024-07-08 13:15:00+05:30,508.9796050185405,28.6,91.5,2024,7
2024-07-08 13:30:00+05:30,504.9045631049985,28.4,91.6,2024,7
2024-07-08 13:45:00+05:30,501.159313644701,28.1,92.8,2024,7
2024-07-08 14:00:00+05:30,502.04106227461216,27.8,93.6,2024,7
2024-07-08 14:15:00+05:30,500.943681480499,27.7,94.3,2024,7
2024-07-08 14:30:00+05:30,502.26506416509073,27.9,93.9,2024,7
2024-07-08 14:45:00+05:30,498.70791148148567,27.8,93.5,2024,7
2024-07-08 15:00:00+05:30,498.4055419724048,27.8,93.9,2024,7
2024-07-08 15:15:00+05:30,495.2474209824147,27.7,94.1,2024,7
2024-07-08 15:30:00+05:30,494.586500503459,27.6,94.2,2024,7
2024-07-08 15:45:00+05:30,493.3639579567298,27.5,94.6,2024,7
2024-07-08 16:00:00+05:30,493.5192136808743,27.6,94.7,2024,7
2024-07-08 16:15:00+05:30,489.8729381322778,27.6,94.9,2024,7
2024-07-08 16:30:00+05:30,489.20243447441067,27.6,94.8,2024,7
2024-07-08 16:45:00+05:30,482.3352728118503,27.6,94.7,2024,7
2024-07-08 17:00:00+05:30,478.4434835000927,27.6,94.5,2024,7
2024-07-08 17:15:00+05:30,476.5463028183955,27.6,94.6,2024,7
2024-07-08 17:30:00+05:30,470.9350005448466,27.5,94.9,2024,7
2024-07-08 17:45:00+05:30,466.4209465510676,27.3,95.2,2024,7
2024-07-08 18:00:00+05:30,458.98464435818767,27.2,95.4,2024,7
2024-07-08 18:15:00+05:30,448.20301136461376,27.0,95.7,2024,7
2024-07-08 18:30:00+05:30,443.3369958230361,26.8,96.1,2024,7
2024-07-08 18:45:00+05:30,437.7885399144389,26.7,96.1,2024,7
2024-07-08 19:00:00+05:30,430.5506933351688,26.7,96.3,2024,7
2024-07-08 19:15:00+05:30,423.2387800517568,26.5,96.4,2024,7
2024-07-08 19:30:00+05:30,415.3024407048347,26.5,96.6,2024,7
2024-07-08 19:45:00+05:30,405.4421137068787,26.5,96.6,2024,7
2024-07-08 20:00:00+05:30,399.4616584366594,26.5,96.4,2024,7
2024-07-08 20:15:00+05:30,396.2224572318223,26.4,96.1,2024,7
2024-07-08 20:30:00+05:30,395.06012744926215,26.3,96.1,2024,7
2024-07-08 20:45:00+05:30,388.37596684262826,26.3,96.2,2024,7
2024-07-08 21:00:00+05:30,382.6020455640913,26.3,96.3,2024,7
2024-07-08 21:15:00+05:30,376.63741749734834,26.2,96.4,2024,7
2024-07-08 21:30:00+05:30,375.5647289138947,26.1,96.3,2024,7
2024-07-08 21:45:00+05:30,370.73795325311033,26.1,96.3,2024,7
2024-07-08 22:00:00+05:30,363.826147437235,26.0,96.4,2024,7
2024-07-08 22:15:00+05:30,359.7334766345449,26.0,96.5,2024,7
2024-07-08 22:30:00+05:30,355.3175762970583,26.0,96.4,2024,7
2024-07-08 22:45:00+05:30,351.12261660129184,26.0,96.5,2024,7
2024-07-08 23:00:00+05:30,346.51266577710874,26.0,96.4,2024,7
2024-07-08 23:15:00+05:30,342.2446760830982,26.0,96.3,2024,7
2024-07-08 23:30:00+05:30,351.2033026412179,26.0,96.4,2024,7
2024-07-08 23:45:00+05:30,334.8242386331338,26.0,96.4,2024,7
2024-07-09 00:00:00+05:30,325.7175599620439,26.0,96.3,2024,7
2024-07-09 00:15:00+05:30,323.6578198788048,26.1,95.8,2024,7
2024-07-09 00:30:00+05:30,320.5139998256752,26.1,95.5,2024,7
2024-07-09 00:45:00+05:30,315.0292728890495,25.9,95.9,2024,7
2024-07-09 01:00:00+05:30,309.16529567680794,26.0,96.0,2024,7
2024-07-09 01:15:00+05:30,306.85192941994154,25.9,96.0,2024,7
2024-07-09 01:30:00+05:30,305.6816833277408,26.0,95.9,2024,7
2024-07-09 01:45:00+05:30,301.08563947434766,26.0,96.1,2024,7
2024-07-09 02:00:00+05:30,297.72755638961013,25.9,96.0,2024,7
2024-07-09 02:15:00+05:30,295.50954999566875,25.9,96.0,2024,7
2024-07-09 02:30:00+05:30,290.6286727634026,25.9,96.1,2024,7
2024-07-09 02:45:00+05:30,289.047726595732,25.8,96.2,2024,7
2024-07-09 03:00:00+05:30,289.1603477588554,25.8,96.4,2024,7
2024-07-09 03:15:00+05:30,287.18211453993115,25.8,96.5,2024,7
2024-07-09 03:30:00+05:30,284.3381296074802,25.9,96.3,2024,7
2024-07-09 03:45:00+05:30,283.23584187913843,25.9,96.0,2024,7
2024-07-09 04:00:00+05:30,281.6045670546397,25.9,95.8,2024,7
2024-07-09 04:15:00+05:30,280.5588960731266,25.9,95.5,2024,7
2024-07-09 04:30:00+05:30,281.4521074083083,25.9,95.6,2024,7
2024-07-09 04:45:00+05:30,281.3625846909621,25.9,95.6,2024,7
2024-07-09 05:00:00+05:30,283.64519840603015,25.9,95.8,2024,7
2024-07-09 05:15:00+05:30,284.6509087116545,25.9,95.8,2024,7
2024-07-09 05:30:00+05:30,289.4802137041041,25.9,95.9,2024,7
2024-07-09 05:45:00+05:30,291.7124043605266,25.9,96.0,2024,7
2024-07-09 06:00:00+05:30,298.2103737116982,25.9,96.1,2024,7
2024-07-09 06:15:00+05:30,305.9778132242968,25.9,96.0,2024,7
2024-07-09 06:30:00+05:30,315.36731639719767,26.0,95.7,2024,7
2024-07-09 06:45:00+05:30,322.2761160541137,26.0,95.5,2024,7
2024-07-09 07:00:00+05:30,333.1701570724706,26.1,95.5,2024,7
2024-07-09 07:15:00+05:30,348.55071989076487,26.2,95.3,2024,7
2024-07-09 07:30:00+05:30,368.54254467149,26.3,95.0,2024,7
2024-07-09 07:45:00+05:30,385.12317925953903,26.4,94.8,2024,7
2024-07-09 08:00:00+05:30,406.0315737139834,26.7,94.4,2024,7
2024-07-09 08:15:00+05:30,426.8538398515772,26.9,93.9,2024,7
2024-07-09 08:30:00+05:30,443.1348265803273,27.1,93.9,2024,7
2024-07-09 08:45:00+05:30,458.7577004904216,27.4,93.4,2024,7
2024-07-09 09:00:00+05:30,474.77252359461255,27.8,92.1,2024,7
2024-07-09 09:15:00+05:30,484.9990610918578,28.3,91.4,2024,7
2024-07-09 09:30:00+05:30,497.6576090042356,28.8,89.9,2024,7
2024-07-09 09:45:00+05:30,506.8834463168438,28.9,89.3,2024,7
2024-07-09 10:00:00+05:30,512.6970366645161,29.0,88.5,2024,7
2024-07-09 10:15:00+05:30,518.0900747939274,28.8,87.8,2024,7
2024-07-09 10:30:00+05:30,521.3843017547777,28.7,88.2,2024,7
2024-07-09 10:45:00+05:30,524.6312109241417,28.8,88.2,2024,7
2024-07-09 11:00:00+05:30,530.5917363483422,29.3,86.5,2024,7
2024-07-09 11:15:00+05:30,531.3469144595938,29.8,85.2,2024,7
2024-07-09 11:30:00+05:30,531.8825369708883,30.0,84.2,2024,7
2024-07-09 11:45:00+05:30,531.6504335812849,29.8,84.9,2024,7
2024-07-09 12:00:00+05:30,530.878349508507,29.3,85.6,2024,7
2024-07-09 12:15:00+05:30,528.2076185427273,29.0,87.2,2024,7
2024-07-09 12:30:00+05:30,523.9489504569095,28.8,87.8,2024,7
2024-07-09 12:45:00+05:30,521.8836065932293,28.8,87.8,2024,7
2024-07-09 13:00:00+05:30,515.1628514321776,28.8,88.3,2024,7
2024-07-09 13:15:00+05:30,512.8588069796326,28.7,88.4,2024,7
2024-07-09 13:30:00+05:30,506.7775135794228,28.6,88.2,2024,7
2024-07-09 13:45:00+05:30,504.7119179784157,28.4,89.1,2024,7
2024-07-09 14:00:00+05:30,504.7247931710598,28.3,89.5,2024,7
2024-07-09 14:15:00+05:30,504.5606788347879,28.1,90.3,2024,7
2024-07-09 14:30:00+05:30,502.2887454065356,28.0,90.6,2024,7
2024-07-09 14:45:00+05:30,502.4985506288579,27.8,90.4,2024,7
2024-07-09 15:00:00+05:30,501.944250867992,27.6,91.1,2024,7
2024-07-09 15:15:00+05:30,495.61348909195306,27.5,92.0,2024,7
2024-07-09 15:30:00+05:30,490.186355048353,27.6,92.0,2024,7
2024-07-09 15:45:00+05:30,489.6408985018019,27.6,91.7,2024,7
2024-07-09 16:00:00+05:30,490.52643839554,27.5,92.5,2024,7
2024-07-09 16:15:00+05:30,486.69283717802375,27.7,92.0,2024,7
2024-07-09 16:30:00+05:30,488.4854355267374,27.6,91.4,2024,7
2024-07-09 16:45:00+05:30,485.2870661585374,27.6,90.7,2024,7
2024-07-09 17:00:00+05:30,483.428279203552,27.5,90.8,2024,7
2024-07-09 17:15:00+05:30,479.2121837662045,27.3,91.6,2024,7
2024-07-09 17:30:00+05:30,469.521764969754,27.2,91.2,2024,7
2024-07-09 17:45:00+05:30,462.97720576986967,27.1,90.5,2024,7
2024-07-09 18:00:00+05:30,457.0667871964425,27.0,91.7,2024,7
2024-07-09 18:15:00+05:30,448.5095929228088,27.0,91.5,2024,7
2024-07-09 18:30:00+05:30,446.886295805178,26.8,92.5,2024,7
2024-07-09 18:45:00+05:30,444.0554051160548,26.8,92.6,2024,7
2024-07-09 19:00:00+05:30,440.3416541968394,26.9,92.8,2024,7
2024-07-09 19:15:00+05:30,430.9287754700349,26.9,92.9,2024,7
2024-07-09 19:30:00+05:30,424.1945804794107,26.9,92.3,2024,7
2024-07-09 19:45:00+05:30,419.6425697640987,27.0,91.4,2024,7
2024-07-09 20:00:00+05:30,409.64407531776845,27.0,91.1,2024,7
2024-07-09 20:15:00+05:30,405.4264287685608,27.1,90.7,2024,7
2024-07-09 20:30:00+05:30,400.07048530203815,27.2,90.8,2024,7
2024-07-09 20:45:00+05:30,393.2727268888512,27.1,90.9,2024,7
2024-07-09 21:00:00+05:30,389.1926114772001,27.1,90.8,2024,7
2024-07-09 21:15:00+05:30,382.5143934740892,27.0,90.7,2024,7
2024-07-09 21:30:00+05:30,380.415217667184,27.0,90.7,2024,7
2024-07-09 21:45:00+05:30,375.6163463174036,27.0,90.0,2024,7
2024-07-09 22:00:00+05:30,370.2032011310525,27.1,90.4,2024,7
2024-07-09 22:15:00+05:30,364.2076675660561,27.1,90.9,2024,7
2024-07-09 22:30:00+05:30,364.990331075785,27.0,91.7,2024,7
2024-07-09 22:45:00+05:30,359.0089957000895,26.9,92.4,2024,7
2024-07-09 23:00:00+05:30,353.59998166290893,26.9,92.6,2024,7
2024-07-09 23:15:00+05:30,347.99474729587416,26.8,93.2,2024,7
2024-07-09 23:30:00+05:30,343.3665344865095,26.8,93.2,2024,7
2024-07-09 23:45:00+05:30,339.2253485699008,26.8,93.2,2024,7
2024-07-10 00:00:00+05:30,330.1091075981166,26.7,93.5,2024,7
2024-07-10 00:15:00+05:30,325.0863352521627,26.7,93.5,2024,7
2024-07-10 00:30:00+05:30,320.51342213943,26.6,93.5,2024,7
2024-07-10 00:45:00+05:30,315.1787746758715,26.5,93.5,2024,7
2024-07-10 01:00:00+05:30,311.6598097580185,26.5,93.4,2024,7
2024-07-10 01:15:00+05:30,309.1942440731641,26.5,93.5,2024,7
2024-07-10 01:30:00+05:30,306.04691204693995,26.5,93.7,2024,7
2024-07-10 01:45:00+05:30,300.4033991907753,26.4,93.7,2024,7
2024-07-10 02:00:00+05:30,299.9379570850992,26.5,93.4,2024,7
2024-07-10 02:15:00+05:30,298.53244205248814,26.4,93.4,2024,7
2024-07-10 02:30:00+05:30,295.2339424137044,26.5,93.5,2024,7
2024-07-10 02:45:00+05:30,293.2331653425312,26.5,93.2,2024,7
2024-07-10 03:00:00+05:30,288.43739569380176,26.4,93.2,2024,7
2024-07-10 03:15:00+05:30,289.8965534490801,26.5,93.2,2024,7
2024-07-10 03:30:00+05:30,284.6497385417842,26.4,93.4,2024,7
2024-07-10 03:45:00+05:30,282.4715005422281,26.4,93.0,2024,7
2024-07-10 04:00:00+05:30,281.4820156714684,26.4,92.9,2024,7
2024-07-10 04:15:00+05:30,280.4419098465428,26.4,92.6,2024,7
2024-07-10 04:30:00+05:30,282.7983143531323,26.4,92.8,2024,7
2024-07-10 04:45:00+05:30,282.63120548061926,26.4,92.8,2024,7
2024-07-10 05:00:00+05:30,286.852584416792,26.4,92.7,2024,7
2024-07-10 05:15:00+05:30,286.52729073639324,26.4,92.7,2024,7
2024-07-10 05:30:00+05:30,291.0736415578747,26.4,92.7,2024,7
2024-07-10 05:45:00+05:30,295.69272889893523,26.4,92.7,2024,7
2024-07-10 06:00:00+05:30,305.10181097687115,26.3,92.7,2024,7
2024-07-10 06:15:00+05:30,310.5938302600294,26.4,92.8,2024,7
2024-07-10 06:30:00+05:30,318.2994383967525,26.4,92.7,2024,7
2024-07-10 06:45:00+05:30,326.4609445169952,26.5,92.7,2024,7
2024-07-10 07:00:00+05:30,339.93965790410044,26.7,92.3,2024,7
2024-07-10 07:15:00+05:30,352.3600722631135,26.8,92.2,2024,7
2024-07-10 07:30:00+05:30,369.1997707947585,26.8,91.8,2024,7
2024-07-10 07:45:00+05:30,388.03526914474577,26.9,91.2,2024,7
2024-07-10 08:00:00+05:30,410.9218471101682,27.1,91.0,2024,7
2024-07-10 08:15:00+05:30,432.1502018170256,27.1,91.0,2024,7
2024-07-10 08:30:00+05:30,443.718870667512,27.1,91.1,2024,7
2024-07-10 08:45:00+05:30,457.8657247802249,27.2,91.0,2024,7
2024-07-10 09:00:00+05:30,474.2995706242777,27.5,90.5,2024,7
2024-07-10 09:15:00+05:30,484.86300142499545,27.7,89.6,2024,7
2024-07-10 09:30:00+05:30,490.74507826646646,27.8,88.7,2024,7
2024-07-10 09:45:00+05:30,498.89288740651705,28.2,88.4,2024,7
2024-07-10 10:00:00+05:30,508.1349427308588,28.5,87.1,2024,7
2024-07-10 10:15:00+05:30,512.5342409372264,29.0,85.8,2024,7
2024-07-10 10:30:00+05:30,517.5281439594712,29.4,83.9,2024,7
2024-07-10 10:45:00+05:30,520.9615219501269,29.7,82.6,2024,7
2024-07-10 11:00:00+05:30,524.8389343614483,30.2,80.9,2024,7
2024-07-10 11:15:00+05:30,524.3263615165914,30.2,79.9,2024,7
2024-07-10 11:30:00+05:30,520.1729680760957,30.5,79.2,2024,7
2024-07-10 11:45:00+05:30,521.408064116949,30.7,78.5,2024,7
2024-07-10 12:00:00+05:30,526.71692908122,30.9,77.7,2024,7
2024-07-10 12:15:00+05:30,523.3031234460341,31.1,77.2,2024,7
2024-07-10 12:30:00+05:30,525.8612412635572,31.2,76.3,2024,7
2024-07-10 12:45:00+05:30,523.9517379794361,30.2,77.2,2024,7
2024-07-10 13:00:00+05:30,514.3351631961033,29.2,80.3,2024,7
2024-07-10 13:15:00+05:30,505.8784185153854,28.1,85.3,2024,7
2024-07-10 13:30:00+05:30,502.7375259142714,27.9,86.9,2024,7
2024-07-10 13:45:00+05:30,501.6233455838163,27.8,87.2,2024,7
2024-07-10 14:00:00+05:30,497.9663967924992,28.1,86.3,2024,7
2024-07-10 14:15:00+05:30,496.2155370224248,28.6,85.0,2024,7
2024-07-10 14:30:00+05:30,499.12236441944026,29.2,82.7,2024,7
2024-07-10 14:45:00+05:30,500.2673543832511,29.6,80.3,2024,7
2024-07-10 15:00:00+05:30,500.69821370684696,30.6,77.1,2024,7
2024-07-10 15:15:00+05:30,505.8591573534702,31.2,74.3,2024,7
2024-07-10 15:30:00+05:30,505.4091751871949,31.7,73.6,2024,7
2024-07-10 15:45:00+05:30,505.06309200885033,31.6,73.9,2024,7
2024-07-10 16:00:00+05:30,504.9629817420004,31.6,73.7,2024,7
2024-07-10 16:15:00+05:30,505.9602639299884,31.8,74.1,2024,7
2024-07-10 16:30:00+05:30,506.9306129095139,31.8,74.2,2024,7
2024-07-10 16:45:00+05:30,502.6856375467056,32.0,73.7,2024,7
2024-07-10 17:00:00+05:30,502.85751977262,32.0,74.6,2024,7
2024-07-10 17:15:00+05:30,500.4807969295536,31.6,75.6,2024,7
2024-07-10 17:30:00+05:30,497.1309729364831,31.7,75.8,2024,7
2024-07-10 17:45:00+05:30,491.9856218067791,30.9,77.8,2024,7
2024-07-10 18:00:00+05:30,481.0290792812529,30.3,79.2,2024,7
2024-07-10 18:15:00+05:30,471.3850918875092,29.8,81.3,2024,7
2024-07-10 18:30:00+05:30,468.877383395115,29.4,83.4,2024,7
2024-07-10 18:45:00+05:30,464.8020583419022,29.1,83.7,2024,7
2024-07-10 19:00:00+05:30,457.39130711611153,28.9,84.8,2024,7
2024-07-10 19:15:00+05:30,447.915769163882,28.7,86.8,2024,7
2024-07-10 19:30:00+05:30,436.6730723368616,28.4,88.0,2024,7
2024-07-10 19:45:00+05:30,426.9511795069204,27.9,88.7,2024,7
2024-07-10 20:00:00+05:30,414.0479591672608,27.3,90.0,2024,7
2024-07-10 20:15:00+05:30,408.05104946895136,27.1,90.8,2024,7
2024-07-10 20:30:00+05:30,402.647929587944,26.9,91.8,2024,7
2024-07-10 20:45:00+05:30,397.3887440444873,26.8,92.6,2024,7
2024-07-10 21:00:00+05:30,391.5316722473309,26.8,93.0,2024,7
2024-07-10 21:15:00+05:30,387.1167592216572,26.9,93.1,2024,7
2024-07-10 21:30:00+05:30,380.6888009047828,26.9,93.4,2024,7
2024-07-10 21:45:00+05:30,373.9532307496564,26.9,93.7,2024,7
2024-07-10 22:00:00+05:30,368.5698219679565,26.8,94.2,2024,7
2024-07-10 22:15:00+05:30,363.5613722185329,26.8,94.4,2024,7
2024-07-10 22:30:00+05:30,358.1698056307558,26.9,94.5,2024,7
2024-07-10 22:45:00+05:30,355.32338439816755,26.9,94.7,2024,7
2024-07-10 23:00:00+05:30,351.38494990546565,26.9,94.6,2024,7
2024-07-10 23:15:00+05:30,347.2283317029775,26.8,94.8,2024,7
2024-07-10 23:30:00+05:30,343.48429917005365,26.8,95.1,2024,7
2024-07-10 23:45:00+05:30,340.6875473001609,26.8,95.4,2024,7
2024-07-11 00:00:00+05:30,333.74923039098326,26.7,93.5,2024,7
2024-07-11 00:15:00+05:30,326.8239441515203,26.7,93.5,2024,7
2024-07-11 00:30:00+05:30,322.7461560217881,26.6,93.5,2024,7
2024-07-11 00:45:00+05:30,317.26844451414854,26.5,93.5,2024,7
2024-07-11 01:00:00+05:30,311.50932400485283,26.5,93.4,2024,7
2024-07-11 01:15:00+05:30,305.9781628335161,26.5,93.5,2024,7
2024-07-11 01:30:00+05:30,303.3095705053418,26.5,93.7,2024,7
2024-07-11 01:45:00+05:30,301.27688464096235,26.4,93.7,2024,7
2024-07-11 02:00:00+05:30,298.85860937774424,26.5,93.4,2024,7
2024-07-11 02:15:00+05:30,297.21395516110164,26.4,93.4,2024,7
2024-07-11 02:30:00+05:30,292.78720342467994,26.5,93.5,2024,7
2024-07-11 02:45:00+05:30,288.1751272630922,26.5,93.2,2024,7
2024-07-11 03:00:00+05:30,288.0082653864294,26.4,93.2,2024,7
2024-07-11 03:15:00+05:30,283.8322459596147,26.5,93.2,2024,7
2024-07-11 03:30:00+05:30,284.3478034226115,26.4,93.4,2024,7
2024-07-11 03:45:00+05:30,282.01122205602,26.4,93.0,2024,7
2024-07-11 04:00:00+05:30,281.2953314427975,26.4,92.9,2024,7
2024-07-11 04:15:00+05:30,280.7941813589279,26.4,92.6,2024,7
2024-07-11 04:30:00+05:30,285.234190340227,26.4,92.8,2024,7
2024-07-11 04:45:00+05:30,283.8813626162911,26.4,92.8,2024,7
2024-07-11 05:00:00+05:30,284.812203702458,26.4,92.7,2024,7
2024-07-11 05:15:00+05:30,286.0235315177724,26.4,92.7,2024,7
2024-07-11 05:30:00+05:30,291.6048932277566,26.4,92.7,2024,7
2024-07-11 05:45:00+05:30,298.1854665664614,26.4,92.7,2024,7
2024-07-11 06:00:00+05:30,303.92902491624017,26.3,92.7,2024,7
2024-07-11 06:15:00+05:30,310.6869712360645,26.4,92.8,2024,7
2024-07-11 06:30:00+05:30,320.79810729255564,26.4,92.7,2024,7
2024-07-11 06:45:00+05:30,328.64052053363844,26.5,92.7,2024,7
2024-07-11 07:00:00+05:30,339.1772643759742,26.7,92.3,2024,7
2024-07-11 07:15:00+05:30,355.0874935385432,26.8,92.2,2024,7
2024-07-11 07:30:00+05:30,370.6653676199492,26.8,91.8,2024,7
2024-07-11 07:45:00+05:30,386.45853177616016,26.9,91.2,2024,7
2024-07-11 08:00:00+05:30,406.6959545988532,27.1,91.0,2024,7
2024-07-11 08:15:00+05:30,426.8845022191621,27.1,91.0,2024,7
2024-07-11 08:30:00+05:30,443.7879495548583,27.1,91.1,2024,7
2024-07-11 08:45:00+05:30,461.56501606530543,27.2,91.0,2024,7
2024-07-11 09:00:00+05:30,472.7656309563404,27.5,90.5,2024,7
2024-07-11 09:15:00+05:30,482.7053417542015,27.7,89.6,2024,7
2024-07-11 09:30:00+05:30,491.7121200025236,27.8,88.7,2024,7
2024-07-11 09:45:00+05:30,499.3469900911391,28.2,88.4,2024,7
2024-07-11 10:00:00+05:30,505.15368571790657,28.5,87.1,2024,7
2024-07-11 10:15:00+05:30,510.8399435478986,29.0,85.8,2024,7
2024-07-11 10:30:00+05:30,515.1501619744294,29.4,83.9,2024,7
2024-07-11 10:45:00+05:30,515.1657161898758,29.7,82.6,2024,7
2024-07-11 11:00:00+05:30,513.0669429126533,30.2,80.9,2024,7
2024-07-11 11:15:00+05:30,507.5259532754782,30.2,79.9,2024,7
2024-07-11 11:30:00+05:30,505.8128223012728,30.5,79.2,2024,7
2024-07-11 11:45:00+05:30,501.8572241967978,30.7,78.5,2024,7
2024-07-11 12:00:00+05:30,503.2869858776235,30.9,77.7,2024,7
2024-07-11 12:15:00+05:30,500.3748527009005,31.1,77.2,2024,7
2024-07-11 12:30:00+05:30,498.3924071695821,31.2,76.3,2024,7
2024-07-11 12:45:00+05:30,498.46036243683386,30.2,77.2,2024,7
2024-07-11 13:00:00+05:30,496.30890254893495,29.2,80.3,2024,7
2024-07-11 13:15:00+05:30,494.37086019621165,28.1,85.3,2024,7
2024-07-11 13:30:00+05:30,492.3148667752244,27.9,86.9,2024,7
2024-07-11 13:45:00+05:30,494.4298361677546,27.8,87.2,2024,7
2024-07-11 14:00:00+05:30,497.44828083767857,28.1,86.3,2024,7
2024-07-11 14:15:00+05:30,498.5661268067549,28.6,85.0,2024,7
2024-07-11 14:30:00+05:30,500.0849753623072,29.2,82.7,2024,7
2024-07-11 14:45:00+05:30,499.705664155333,29.6,80.3,2024,7
2024-07-11 15:00:00+05:30,502.29128051687815,30.6,77.1,2024,7
2024-07-11 15:15:00+05:30,500.1382242440896,31.2,74.3,2024,7
2024-07-11 15:30:00+05:30,492.81551345180753,31.7,73.6,2024,7
2024-07-11 15:45:00+05:30,486.917673121352,31.6,73.9,2024,7
2024-07-11 16:00:00+05:30,490.3672901562156,31.6,73.7,2024,7
2024-07-11 16:15:00+05:30,485.8882484330712,31.8,74.1,2024,7
2024-07-11 16:30:00+05:30,482.4784406264521,31.8,74.2,2024,7
2024-07-11 16:45:00+05:30,479.87665482407874,32.0,73.7,2024,7
2024-07-11 17:00:00+05:30,479.6444806821564,32.0,74.6,2024,7
2024-07-11 17:15:00+05:30,475.9624568826889,31.6,75.6,2024,7
2024-07-11 17:30:00+05:30,466.038987761332,31.7,75.8,2024,7
2024-07-11 17:45:00+05:30,459.81746656011575,30.9,77.8,2024,7
2024-07-11 18:00:00+05:30,445.3438889346564,30.3,79.2,2024,7
2024-07-11 18:15:00+05:30,443.3858736573369,29.8,81.3,2024,7
2024-07-11 18:30:00+05:30,443.9909857950138,29.4,83.4,2024,7
2024-07-11 18:45:00+05:30,441.0480662185415,29.1,83.7,2024,7
2024-07-11 19:00:00+05:30,434.2678728925916,28.9,84.8,2024,7
2024-07-11 19:15:00+05:30,426.4117785731965,28.7,86.8,2024,7
2024-07-11 19:30:00+05:30,420.0588349880431,28.4,88.0,2024,7
2024-07-11 19:45:00+05:30,414.1065917028532,27.9,88.7,2024,7
2024-07-11 20:00:00+05:30,406.1369458669498,27.3,90.0,2024,7
2024-07-11 20:15:00+05:30,403.0801778169467,27.1,90.8,2024,7
2024-07-11 20:30:00+05:30,397.2362645257045,26.9,91.8,2024,7
2024-07-11 20:45:00+05:30,392.9291215201415,26.8,92.6,2024,7
2024-07-11 21:00:00+05:30,388.8988048514512,26.8,93.0,2024,7
2024-07-11 21:15:00+05:30,386.1423968345752,26.9,93.1,2024,7
2024-07-11 21:30:00+05:30,380.4190299969381,26.9,93.4,2024,7
2024-07-11 21:45:00+05:30,375.4212059663119,26.9,93.7,2024,7
2024-07-11 22:00:00+05:30,367.568310903364,26.8,94.2,2024,7
2024-07-11 22:15:00+05:30,362.7090269027008,26.8,94.4,2024,7
2024-07-11 22:30:00+05:30,358.1626903173112,26.9,94.5,2024,7
2024-07-11 22:45:00+05:30,354.8198817368616,26.9,94.7,2024,7
2024-07-11 23:00:00+05:30,351.2843122984691,26.9,94.6,2024,7
2024-07-11 23:15:00+05:30,347.89494906946,26.8,94.8,2024,7
2024-07-11 23:30:00+05:30,341.3297399514664,26.8,95.1,2024,7
2024-07-11 23:45:00+05:30,337.665052234412,26.8,95.4,2024,7
2024-07-12 00:00:00+05:30,331.2264381499116,26.7,93.5,2024,7
2024-07-12 00:15:00+05:30,322.25361110500995,26.7,93.5,2024,7
2024-07-12 00:30:00+05:30,315.6103131514372,26.6,93.5,2024,7
2024-07-12 00:45:00+05:30,311.94907265234326,26.5,93.5,2024,7
2024-07-12 01:00:00+05:30,308.3192643425707,26.5,93.4,2024,7
2024-07-12 01:15:00+05:30,301.5705321277604,26.5,93.5,2024,7
2024-07-12 01:30:00+05:30,298.93566460274144,26.5,93.7,2024,7
2024-07-12 01:45:00+05:30,296.623903886158,26.4,93.7,2024,7
2024-07-12 02:00:00+05:30,293.03320572524075,26.5,93.4,2024,7
2024-07-12 02:15:00+05:30,292.5326490975889,26.4,93.4,2024,7
2024-07-12 02:30:00+05:30,288.2107535827149,26.5,93.5,2024,7
2024-07-12 02:45:00+05:30,286.5032117470561,26.5,93.2,2024,7
2024-07-12 03:00:00+05:30,284.4947634110923,26.4,93.2,2024,7
2024-07-12 03:15:00+05:30,282.98041725203444,26.5,93.2,2024,7
2024-07-12 03:30:00+05:30,282.30348337795544,26.4,93.4,2024,7
2024-07-12 03:45:00+05:30,280.47396833163566,26.4,93.0,2024,7
2024-07-12 04:00:00+05:30,278.08975712113806,26.4,92.9,2024,7
2024-07-12 04:15:00+05:30,277.19271870162424,26.4,92.6,2024,7
2024-07-12 04:30:00+05:30,279.9972667540364,26.4,92.8,2024,7
2024-07-12 04:45:00+05:30,281.841689155895,26.4,92.8,2024,7
2024-07-12 05:00:00+05:30,284.8122257688182,26.4,92.7,2024,7
2024-07-12 05:15:00+05:30,286.2330358484794,26.4,92.7,2024,7
2024-07-12 05:30:00+05:30,290.55192865960106,26.4,92.7,2024,7
2024-07-12 05:45:00+05:30,294.56536618945205,26.4,92.7,2024,7
2024-07-12 06:00:00+05:30,302.55367206585413,26.3,92.7,2024,7
2024-07-12 06:15:00+05:30,309.2198249766939,26.4,92.8,2024,7
2024-07-12 06:30:00+05:30,317.6556579953688,26.4,92.7,2024,7
2024-07-12 06:45:00+05:30,325.64017730718604,26.5,92.7,2024,7
2024-07-12 07:00:00+05:30,332.9008760620268,26.7,92.3,2024,7
2024-07-12 07:15:00+05:30,349.2973675439265,26.8,92.2,2024,7
2024-07-12 07:30:00+05:30,365.3284364521345,26.8,91.8,2024,7
2024-07-12 07:45:00+05:30,382.4337948853474,26.9,91.2,2024,7
2024-07-12 08:00:00+05:30,399.5322645132409,27.1,91.0,2024,7
2024-07-12 08:15:00+05:30,419.6229237074213,27.1,91.0,2024,7
2024-07-12 08:30:00+05:30,434.2686763619325,27.1,91.1,2024,7
2024-07-12 08:45:00+05:30,450.7978386620751,27.2,91.0,2024,7
2024-07-12 09:00:00+05:30,463.87321402651736,27.5,90.5,2024,7
2024-07-12 09:15:00+05:30,470.8163775473311,27.7,89.6,2024,7
2024-07-12 09:30:00+05:30,479.0519362378556,27.8,88.7,2024,7
2024-07-12 09:45:00+05:30,490.9755894369793,28.2,88.4,2024,7
2024-07-12 10:00:00+05:30,498.28268962869976,28.5,87.1,2024,7
2024-07-12 10:15:00+05:30,504.2860352151719,29.0,85.8,2024,7
2024-07-12 10:30:00+05:30,508.86258503072906,29.4,83.9,2024,7
2024-07-12 10:45:00+05:30,509.3679382544525,29.7,82.6,2024,7
2024-07-12 11:00:00+05:30,508.243615169044,30.2,80.9,2024,7
2024-07-12 11:15:00+05:30,510.506701642115,30.2,79.9,2024,7
2024-07-12 11:30:00+05:30,508.2356246384808,30.5,79.2,2024,7
2024-07-12 11:45:00+05:30,507.20792665979,30.7,78.5,2024,7
2024-07-12 12:00:00+05:30,511.1880945675127,30.9,77.7,2024,7
2024-07-12 12:15:00+05:30,509.3695808192851,31.1,77.2,2024,7
2024-07-12 12:30:00+05:30,510.271902220033,31.2,76.3,2024,7
2024-07-12 12:45:00+05:30,511.8195316536247,30.2,77.2,2024,7
2024-07-12 13:00:00+05:30,509.5042235679075,29.2,80.3,2024,7
2024-07-12 13:15:00+05:30,509.645822776854,28.1,85.3,2024,7
2024-07-12 13:30:00+05:30,505.5040903150024,27.9,86.9,2024,7
2024-07-12 13:45:00+05:30,503.4152011875518,27.8,87.2,2024,7
2024-07-12 14:00:00+05:30,503.5899249454757,28.1,86.3,2024,7
2024-07-12 14:15:00+05:30,505.977899065752,28.6,85.0,2024,7
2024-07-12 14:30:00+05:30,506.105593127304,29.2,82.7,2024,7
2024-07-12 14:45:00+05:30,505.66601007053,29.6,80.3,2024,7
2024-07-12 15:00:00+05:30,504.9984501410753,30.6,77.1,2024,7
2024-07-12 15:15:00+05:30,509.80816902788655,31.2,74.3,2024,7
2024-07-12 15:30:00+05:30,508.7577151008048,31.7,73.6,2024,7
2024-07-12 15:45:00+05:30,504.2058347695489,31.6,73.9,2024,7
2024-07-12 16:00:00+05:30,496.1747866716127,31.6,73.7,2024,7
2024-07-12 16:15:00+05:30,491.4016279006683,31.8,74.1,2024,7
2024-07-12 16:30:00+05:30,488.5777918058493,31.8,74.2,2024,7
2024-07-12 16:45:00+05:30,482.2615324068757,32.0,73.7,2024,7
2024-07-12 17:00:00+05:30,482.22463321055335,32.0,74.6,2024,7
2024-07-12 17:15:00+05:30,475.26904385888594,31.6,75.6,2024,7
2024-07-12 17:30:00+05:30,471.63846862924186,31.7,75.8,2024,7
2024-07-12 17:45:00+05:30,469.8361456041167,30.9,77.8,2024,7
2024-07-12 18:00:00+05:30,468.3818173079815,30.3,79.2,2024,7
2024-07-12 18:15:00+05:30,464.7741365232583,29.8,81.3,2024,7
2024-07-12 18:30:00+05:30,460.3539560021713,29.4,83.4,2024,7
2024-07-12 18:45:00+05:30,454.61723318579607,29.1,83.7,2024,7
2024-07-12 19:00:00+05:30,446.3246230969163,28.9,84.8,2024,7
2024-07-12 19:15:00+05:30,439.77450649947855,28.7,86.8,2024,7
2024-07-12 19:30:00+05:30,429.6530269416338,28.4,88.0,2024,7
2024-07-12 19:45:00+05:30,420.14399361056127,27.9,88.7,2024,7
2024-07-12 20:00:00+05:30,415.0116880282232,27.3,90.0,2024,7
2024-07-12 20:15:00+05:30,411.1881148922967,27.1,90.8,2024,7
2024-07-12 20:30:00+05:30,409.0057014569543,26.9,91.8,2024,7
2024-07-12 20:45:00+05:30,403.0913110148687,26.8,92.6,2024,7
2024-07-12 21:00:00+05:30,393.512698314406,26.8,93.0,2024,7
2024-07-12 21:15:00+05:30,384.1925403496521,26.9,93.1,2024,7
2024-07-12 21:30:00+05:30,375.82824842434496,26.9,93.4,2024,7
2024-07-12 21:45:00+05:30,371.6471074751105,26.9,93.7,2024,7
2024-07-12 22:00:00+05:30,365.61746313023497,26.8,94.2,2024,7
2024-07-12 22:15:00+05:30,361.68683780034496,26.8,94.4,2024,7
2024-07-12 22:30:00+05:30,357.58365968965813,26.9,94.5,2024,7
2024-07-12 22:45:00+05:30,350.9407469308918,26.9,94.7,2024,7
2024-07-12 23:00:00+05:30,347.4320880925087,26.9,94.6,2024,7
2024-07-12 23:15:00+05:30,344.5249473342983,26.8,94.8,2024,7
2024-07-12 23:30:00+05:30,339.87887775541793,26.8,95.1,2024,7
2024-07-12 23:45:00+05:30,337.11348736973366,26.8,95.4,2024,7
2024-07-13 00:00:00+05:30,327.4750260479185,26.0,97.4,2024,7
2024-07-13 00:15:00+05:30,323.0362052954929,26.1,97.4,2024,7
2024-07-13 00:30:00+05:30,320.01141731323395,26.2,97.6,2024,7
2024-07-13 00:45:00+05:30,316.2936252794421,26.2,97.8,2024,7
2024-07-13 01:00:00+05:30,312.3805027389351,26.2,97.6,2024,7
2024-07-13 01:15:00+05:30,308.4288733191386,26.2,97.3,2024,7
2024-07-13 01:30:00+05:30,305.5410997286835,26.2,97.0,2024,7
2024-07-13 01:45:00+05:30,301.77902867561886,26.3,96.9,2024,7
2024-07-13 02:00:00+05:30,297.991362163434,26.3,96.8,2024,7
2024-07-13 02:15:00+05:30,298.1341891414708,26.4,96.7,2024,7
2024-07-13 02:30:00+05:30,295.6080443461757,26.4,96.6,2024,7
2024-07-13 02:45:00+05:30,292.8341631474675,26.5,96.4,2024,7
2024-07-13 03:00:00+05:30,290.52555758447414,26.5,96.4,2024,7
2024-07-13 03:15:00+05:30,288.765626188167,26.5,96.4,2024,7
2024-07-13 03:30:00+05:30,286.0929049878927,26.6,96.4,2024,7
2024-07-13 03:45:00+05:30,284.6207206327558,26.7,96.5,2024,7
2024-07-13 04:00:00+05:30,283.2072666774547,26.8,96.2,2024,7
2024-07-13 04:15:00+05:30,281.91477194715253,26.9,95.9,2024,7
2024-07-13 04:30:00+05:30,283.69742471629786,27.0,95.8,2024,7
2024-07-13 04:45:00+05:30,281.7648337123599,27.1,95.7,2024,7
2024-07-13 05:00:00+05:30,284.75382682081226,27.0,95.6,2024,7
2024-07-13 05:15:00+05:30,284.0575317806436,27.0,95.5,2024,7
2024-07-13 05:30:00+05:30,285.7747208607544,26.6,95.6,2024,7
2024-07-13 05:45:00+05:30,289.77501020784337,26.5,95.4,2024,7
2024-07-13 06:00:00+05:30,292.19661394989924,26.4,95.2,2024,7
2024-07-13 06:15:00+05:30,296.0923257340158,26.5,95.4,2024,7
2024-07-13 06:30:00+05:30,299.0579767915989,26.5,95.5,2024,7
2024-07-13 06:45:00+05:30,304.86855056303483,26.6,95.8,2024,7
2024-07-13 07:00:00+05:30,313.3566270479318,26.8,96.0,2024,7
2024-07-13 07:15:00+05:30,320.44887844374927,27.0,96.2,2024,7
2024-07-13 07:30:00+05:30,326.558219921974,27.1,96.2,2024,7
2024-07-13 07:45:00+05:30,334.1829317563298,26.8,96.5,2024,7
2024-07-13 08:00:00+05:30,347.0512636779678,26.4,96.7,2024,7
2024-07-13 08:15:00+05:30,359.67069042617607,26.2,96.6,2024,7
2024-07-13 08:30:00+05:30,371.5345145449374,26.1,96.3,2024,7
2024-07-13 08:45:00+05:30,380.4397035213236,26.3,96.4,2024,7
2024-07-13 09:00:00+05:30,392.3729896395123,26.5,96.5,2024,7
2024-07-13 09:15:00+05:30,404.4449750231722,26.6,96.5,2024,7
2024-07-13 09:30:00+05:30,415.578360571858,26.9,96.1,2024,7
2024-07-13 09:45:00+05:30,420.2788724244104,27.1,96.0,2024,7
2024-07-13 10:00:00+05:30,429.36455754259777,27.4,95.8,2024,7
2024-07-13 10:15:00+05:30,436.332524990244,27.5,95.5,2024,7
2024-07-13 10:30:00+05:30,438.766824785524,26.7,95.6,2024,7
2024-07-13 10:45:00+05:30,437.3657672581292,26.6,95.5,2024,7
2024-07-13 11:00:00+05:30,438.685414955006,26.6,94.9,2024,7
2024-07-13 11:15:00+05:30,438.2613065167936,26.7,94.9,2024,7
2024-07-13 11:30:00+05:30,433.36699066581934,26.3,94.9,2024,7
2024-07-13 11:45:00+05:30,435.7899939382605,26.2,95.7,2024,7
2024-07-13 12:00:00+05:30,436.3492954094371,26.3,96.0,2024,7
2024-07-13 12:15:00+05:30,433.6168195551761,26.6,96.1,2024,7
2024-07-13 12:30:00+05:30,428.2582097224613,26.5,96.1,2024,7
2024-07-13 12:45:00+05:30,426.7351164250655,26.4,96.5,2024,7
2024-07-13 13:00:00+05:30,427.3075403237625,26.6,96.8,2024,7
2024-07-13 13:15:00+05:30,426.3370981610326,26.8,97.0,2024,7
2024-07-13 13:30:00+05:30,423.2267873574991,26.9,96.8,2024,7
2024-07-13 13:45:00+05:30,419.6683121571386,26.9,96.8,2024,7
2024-07-13 14:00:00+05:30,418.2381904369794,26.6,97.0,2024,7
2024-07-13 14:15:00+05:30,416.7877335417136,26.6,97.2,2024,7
2024-07-13 14:30:00+05:30,416.04293330302505,26.9,97.4,2024,7
2024-07-13 14:45:00+05:30,416.6256246583844,26.9,97.3,2024,7
2024-07-13 15:00:00+05:30,413.9227776526112,27.0,97.0,2024,7
2024-07-13 15:15:00+05:30,413.8035780131589,27.0,97.1,2024,7
2024-07-13 15:30:00+05:30,411.3703392996444,27.0,97.1,2024,7
2024-07-13 15:45:00+05:30,410.4402719059188,26.9,96.9,2024,7
2024-07-13 16:00:00+05:30,406.8697796702148,26.9,96.6,2024,7
2024-07-13 16:15:00+05:30,404.3691196314384,26.7,96.3,2024,7
2024-07-13 16:30:00+05:30,403.4554301826456,26.7,96.1,2024,7
2024-07-13 16:45:00+05:30,399.1205887337936,26.6,96.0,2024,7
2024-07-13 17:00:00+05:30,397.23553059313934,26.3,95.7,2024,7
2024-07-13 17:15:00+05:30,394.916942343362,26.2,96.1,2024,7
2024-07-13 17:30:00+05:30,392.6250579338978,26.1,96.4,2024,7
2024-07-13 17:45:00+05:30,391.1704049482608,26.2,96.6,2024,7
2024-07-13 18:00:00+05:30,388.3444904048944,26.3,96.7,2024,7
2024-07-13 18:15:00+05:30,391.3053360374276,26.5,97.0,2024,7
2024-07-13 18:30:00+05:30,394.9318578072124,26.6,96.9,2024,7
2024-07-13 18:45:00+05:30,395.20475546513353,26.5,96.8,2024,7
2024-07-13 19:00:00+05:30,389.8504701374466,26.4,96.8,2024,7
2024-07-13 19:15:00+05:30,386.8315762010325,26.4,96.9,2024,7
2024-07-13 19:30:00+05:30,384.8977768033053,26.5,97.0,2024,7
2024-07-13 19:45:00+05:30,378.7643972949565,26.5,96.9,2024,7
2024-07-13 20:00:00+05:30,376.13384428988405,25.8,97.8,2024,7
2024-07-13 20:15:00+05:30,371.1096740019173,25.9,98.2,2024,7
2024-07-13 20:30:00+05:30,370.36914997347367,26.1,98.3,2024,7
2024-07-13 20:45:00+05:30,368.7625720401093,26.3,98.5,2024,7
2024-07-13 21:00:00+05:30,368.1409016744533,26.4,98.5,2024,7
2024-07-13 21:15:00+05:30,365.8737598940035,26.6,98.6,2024,7
2024-07-13 21:30:00+05:30,362.2134531827276,26.7,98.5,2024,7
2024-07-13 21:45:00+05:30,358.3753993332237,26.8,98.5,2024,7
2024-07-13 22:00:00+05:30,354.78701939518095,26.9,98.3,2024,7
2024-07-13 22:15:00+05:30,351.0427850386411,27.0,98.3,2024,7
2024-07-13 22:30:00+05:30,345.41142703131845,26.9,97.8,2024,7
2024-07-13 22:45:00+05:30,338.56580232338365,27.0,97.8,2024,7
2024-07-13 23:00:00+05:30,334.06168778643536,26.9,97.8,2024,7
2024-07-13 23:15:00+05:30,329.00681735510346,26.3,97.9,2024,7
2024-07-13 23:30:00+05:30,324.39413108117395,26.3,98.1,2024,7
2024-07-13 23:45:00+05:30,322.67885660905563,26.3,98.2,2024,7
2024-07-14 00:00:00+05:30,317.467797476916,26.5,98.2,2024,7
2024-07-14 00:15:00+05:30,312.7874697854493,26.5,98.3,2024,7
2024-07-14 00:30:00+05:30,308.87971016304533,26.7,98.4,2024,7
2024-07-14 00:45:00+05:30,305.3591172822061,26.8,98.4,2024,7
2024-07-14 01:00:00+05:30,301.171257985142,26.9,98.4,2024,7
2024-07-14 01:15:00+05:30,298.2272398108424,26.9,98.3,2024,7
2024-07-14 01:30:00+05:30,296.1487245973243,26.8,98.3,2024,7
2024-07-14 01:45:00+05:30,294.4156247371601,27.0,98.2,2024,7
2024-07-14 02:00:00+05:30,298.82688355885875,27.0,98.2,2024,7
2024-07-14 02:15:00+05:30,289.4455202119595,27.1,98.2,2024,7
2024-07-14 02:30:00+05:30,288.6068067949993,27.2,98.3,2024,7
2024-07-14 02:45:00+05:30,285.3182665025233,27.3,98.3,2024,7
2024-07-14 03:00:00+05:30,284.7038576872977,27.4,98.1,2024,7
2024-07-14 03:15:00+05:30,283.7326907268327,27.3,98.0,2024,7
2024-07-14 03:30:00+05:30,282.0209666264876,27.1,97.7,2024,7
2024-07-14 03:45:00+05:30,280.1525312542838,26.9,97.8,2024,7
2024-07-14 04:00:00+05:30,279.46133132361126,26.9,98.0,2024,7
2024-07-14 04:15:00+05:30,278.7255085436331,26.9,97.8,2024,7
2024-07-14 04:30:00+05:30,280.2282019321648,27.0,97.8,2024,7
2024-07-14 04:45:00+05:30,280.75133553984017,27.1,97.9,2024,7
2024-07-14 05:00:00+05:30,279.59422427786734,27.2,97.9,2024,7
2024-07-14 05:15:00+05:30,280.70508770511543,27.2,97.7,2024,7
2024-07-14 05:30:00+05:30,280.98541355726104,27.2,97.7,2024,7
2024-07-14 05:45:00+05:30,280.70577488771954,27.3,97.6,2024,7
2024-07-14 06:00:00+05:30,282.30793848344155,27.4,97.4,2024,7
2024-07-14 06:15:00+05:30,283.6592295154192,27.1,97.3,2024,7
2024-07-14 06:30:00+05:30,284.7519802647502,26.7,97.2,2024,7
2024-07-14 06:45:00+05:30,285.1818415168467,26.6,97.3,2024,7
2024-07-14 07:00:00+05:30,286.74591083195554,26.7,97.1,2024,7
2024-07-14 07:15:00+05:30,286.47423852014026,26.7,96.8,2024,7
2024-07-14 07:30:00+05:30,291.5623138395877,26.7,96.6,2024,7
2024-07-14 07:45:00+05:30,296.74586470855,26.6,97.1,2024,7
2024-07-14 08:00:00+05:30,303.5385524302488,27.0,97.5,2024,7
2024-07-14 08:15:00+05:30,311.26623115908023,27.3,97.5,2024,7
2024-07-14 08:30:00+05:30,318.862510594476,27.5,97.5,2024,7
2024-07-14 08:45:00+05:30,325.0483441584413,27.5,97.2,2024,7
2024-07-14 09:00:00+05:30,329.63576044019163,27.7,97.1,2024,7
2024-07-14 09:15:00+05:30,335.82097647608464,27.8,97.1,2024,7
2024-07-14 09:30:00+05:30,342.3578247296328,28.0,97.1,2024,7
2024-07-14 09:45:00+05:30,350.2399645251301,28.1,97.1,2024,7
2024-07-14 10:00:00+05:30,355.75078144469484,28.2,97.0,2024,7
2024-07-14 10:15:00+05:30,358.90172303515334,28.3,96.9,2024,7
2024-07-14 10:30:00+05:30,363.9656825290224,28.4,96.6,2024,7
2024-07-14 10:45:00+05:30,366.76140957978,28.5,96.5,2024,7
2024-07-14 11:00:00+05:30,370.72911636106153,28.8,96.2,2024,7
2024-07-14 11:15:00+05:30,374.2844998904292,28.9,96.1,2024,7
2024-07-14 11:30:00+05:30,375.3169261260269,28.8,96.1,2024,7
2024-07-14 11:45:00+05:30,378.6205865096805,28.9,95.3,2024,7
2024-07-14 12:00:00+05:30,376.969341446847,29.1,95.3,2024,7
2024-07-14 12:15:00+05:30,375.0046948394008,29.2,95.2,2024,7
2024-07-14 12:30:00+05:30,375.4732161657816,29.6,94.8,2024,7
2024-07-14 12:45:00+05:30,375.70880041928353,30.0,93.4,2024,7
2024-07-14 13:00:00+05:30,376.1984249569521,30.0,92.4,2024,7
2024-07-14 13:15:00+05:30,375.9736060975412,30.0,92.0,2024,7
2024-07-14 13:30:00+05:30,375.21756634448246,29.9,91.8,2024,7
2024-07-14 13:45:00+05:30,372.33219622141416,29.8,92.3,2024,7
2024-07-14 14:00:00+05:30,374.2371699244418,29.7,92.4,2024,7
2024-07-14 14:15:00+05:30,372.4412365872643,29.7,92.4,2024,7
2024-07-14 14:30:00+05:30,370.6585050342391,29.8,92.4,2024,7
2024-07-14 14:45:00+05:30,369.02719667941335,29.8,92.6,2024,7
2024-07-14 15:00:00+05:30,365.30006097528144,29.2,93.2,2024,7
2024-07-14 15:15:00+05:30,362.9817765423324,28.9,92.7,2024,7
2024-07-14 15:30:00+05:30,360.1574908108645,28.6,93.6,2024,7
2024-07-14 15:45:00+05:30,355.3663559619316,28.4,94.6,2024,7
2024-07-14 16:00:00+05:30,355.842753536652,28.4,94.7,2024,7
2024-07-14 16:15:00+05:30,352.55451333526486,28.5,95.1,2024,7
2024-07-14 16:30:00+05:30,351.26753580797674,28.6,95.0,2024,7
2024-07-14 16:45:00+05:30,350.0242372409221,28.7,94.7,2024,7
2024-07-14 17:00:00+05:30,350.9922164888958,28.8,94.5,2024,7
2024-07-14 17:15:00+05:30,350.37336358400177,28.8,94.4,2024,7
2024-07-14 17:30:00+05:30,351.9347337224497,28.8,94.4,2024,7
2024-07-14 17:45:00+05:30,352.4028114522708,28.9,94.5,2024,7
2024-07-14 18:00:00+05:30,353.74395817800234,28.9,94.7,2024,7
2024-07-14 18:15:00+05:30,355.2555266798853,28.9,94.8,2024,7
2024-07-14 18:30:00+05:30,354.8952075086325,28.8,95.0,2024,7
2024-07-14 18:45:00+05:30,356.2298143565861,28.8,95.1,2024,7
2024-07-14 19:00:00+05:30,360.1363437777906,28.8,95.2,2024,7
2024-07-14 19:15:00+05:30,362.5616719012546,28.7,95.3,2024,7
2024-07-14 19:30:00+05:30,364.76927210778223,28.6,95.4,2024,7
2024-07-14 19:45:00+05:30,363.8211995267933,28.6,95.5,2024,7
2024-07-14 20:00:00+05:30,363.865203974282,28.5,95.6,2024,7
2024-07-14 20:15:00+05:30,364.075552894312,28.5,95.7,2024,7
2024-07-14 20:30:00+05:30,363.9930488828166,28.5,95.8,2024,7
2024-07-14 20:45:00+05:30,362.5480737205754,28.5,95.9,2024,7
2024-07-14 21:00:00+05:30,361.8341980565856,28.6,96.0,2024,7
2024-07-14 21:15:00+05:30,360.3280346761894,28.6,96.1,2024,7
2024-07-14 21:30:00+05:30,358.8355880022576,28.6,96.1,2024,7
2024-07-14 21:45:00+05:30,357.45634697405484,28.5,96.1,2024,7
2024-07-14 22:00:00+05:30,354.55581741177326,28.6,96.2,2024,7
2024-07-14 22:15:00+05:30,352.75197194801774,28.5,96.3,2024,7
2024-07-14 22:30:00+05:30,350.9224835478055,28.5,96.3,2024,7
2024-07-14 22:45:00+05:30,346.2428069970272,28.5,96.3,2024,7
2024-07-14 23:00:00+05:30,341.5567880766532,28.5,96.4,2024,7
2024-07-14 23:15:00+05:30,338.1217678457434,28.5,96.4,2024,7
2024-07-14 23:30:00+05:30,334.14548146455707,28.6,96.4,2024,7
2024-07-14 23:45:00+05:30,329.88188219027705,28.5,96.4,2024,7
2024-07-15 00:00:00+05:30,326.15138392431595,28.5,96.4,2024,7
2024-07-15 00:15:00+05:30,320.3285974398495,28.5,96.4,2024,7
2024-07-15 00:30:00+05:30,314.73194721084536,28.5,96.3,2024,7
2024-07-15 00:45:00+05:30,310.5249160228061,28.5,96.3,2024,7
2024-07-15 01:00:00+05:30,305.129893572542,28.5,96.3,2024,7
2024-07-15 01:15:00+05:30,300.5437938360423,28.5,96.3,2024,7
2024-07-15 01:30:00+05:30,296.2008407045244,28.5,96.4,2024,7
2024-07-15 01:45:00+05:30,293.13477625596005,28.5,96.4,2024,7
2024-07-15 02:00:00+05:30,294.4466215952585,28.5,96.4,2024,7
2024-07-15 02:15:00+05:30,288.6804398659594,28.5,96.4,2024,7
2024-07-15 02:30:00+05:30,285.6199084811992,28.5,96.4,2024,7
2024-07-15 02:45:00+05:30,284.5713222473232,28.5,96.4,2024,7
2024-07-15 03:00:00+05:30,282.34142275929764,28.5,96.4,2024,7
2024-07-15 03:15:00+05:30,281.29531979063273,28.5,96.4,2024,7
2024-07-15 03:30:00+05:30,279.80729690628766,28.4,96.5,2024,7
2024-07-15 03:45:00+05:30,279.06402024628386,28.4,96.5,2024,7
2024-07-15 04:00:00+05:30,279.3506807014112,28.4,96.5,2024,7
2024-07-15 04:15:00+05:30,278.9787112774331,28.4,96.5,2024,7
2024-07-15 04:30:00+05:30,279.8499384169646,28.4,96.5,2024,7
2024-07-15 04:45:00+05:30,279.21174470484027,28.4,96.5,2024,7
2024-07-15 05:00:00+05:30,281.1623474448673,28.4,96.6,2024,7
2024-07-15 05:15:00+05:30,283.3708487199154,28.4,96.6,2024,7
2024-07-15 05:30:00+05:30,289.050043109461,28.4,96.7,2024,7
2024-07-15 05:45:00+05:30,294.1769466353195,28.4,96.7,2024,7
2024-07-15 06:00:00+05:30,301.74814403864144,28.3,96.8,2024,7
2024-07-15 06:15:00+05:30,311.4885436550192,28.3,96.8,2024,7
2024-07-15 06:30:00+05:30,325.3300308159503,28.3,96.9,2024,7
2024-07-15 06:45:00+05:30,332.5278875464468,28.3,96.9,2024,7
2024-07-15 07:00:00+05:30,348.3792785299556,28.3,96.9,2024,7
2024-07-15 07:15:00+05:30,365.9031799399402,28.3,96.9,2024,7
2024-07-15 07:30:00+05:30,381.1581735381877,28.3,96.9,2024,7
2024-07-15 07:45:00+05:30,398.14293202355,28.3,96.9,2024,7
2024-07-15 08:00:00+05:30,421.1429090010489,28.2,96.9,2024,7
2024-07-15 08:15:00+05:30,441.8713901208801,28.2,96.9,2024,7
2024-07-15 08:30:00+05:30,457.07495194827607,28.3,96.9,2024,7
2024-07-15 08:45:00+05:30,473.8156983668415,28.3,96.9,2024,7
2024-07-15 09:00:00+05:30,488.24985747659167,28.3,97.0,2024,7
2024-07-15 09:15:00+05:30,496.6761093898848,28.3,97.0,2024,7
2024-07-15 09:30:00+05:30,505.4799287014329,28.2,97.0,2024,7
2024-07-15 09:45:00+05:30,511.91719780093007,28.2,97.0,2024,7
2024-07-15 10:00:00+05:30,521.5476049588948,28.2,97.1,2024,7
2024-07-15 10:15:00+05:30,523.1009049829534,28.2,97.1,2024,7
2024-07-15 10:30:00+05:30,528.0366094790223,28.2,97.2,2024,7
2024-07-15 10:45:00+05:30,530.6029091683799,28.2,97.2,2024,7
2024-07-15 11:00:00+05:30,530.8076109650615,28.2,97.2,2024,7
2024-07-15 11:15:00+05:30,529.3090508058291,28.2,97.2,2024,7
2024-07-15 11:30:00+05:30,530.3684915192268,28.2,97.2,2024,7
2024-07-15 11:45:00+05:30,529.4892370302806,28.2,97.2,2024,7
2024-07-15 12:00:00+05:30,526.554534281847,28.2,97.2,2024,7
2024-07-15 12:15:00+05:30,523.9870553442007,28.2,97.2,2024,7
2024-07-15 12:30:00+05:30,519.5284689293816,28.1,97.1,2024,7
2024-07-15 12:45:00+05:30,519.6780916608833,28.1,97.1,2024,7
2024-07-15 13:00:00+05:30,514.9824882067522,28.2,97.1,2024,7
2024-07-15 13:15:00+05:30,513.7694799409411,28.2,97.1,2024,7
2024-07-15 13:30:00+05:30,509.0425876278823,28.1,96.9,2024,7
2024-07-15 13:45:00+05:30,508.0126633326141,28.1,96.9,2024,7
2024-07-15 14:00:00+05:30,509.6490899344418,28.2,96.9,2024,7
2024-07-15 14:15:00+05:30,509.09135579026446,28.2,96.9,2024,7
2024-07-15 14:30:00+05:30,509.0559930928389,28.2,96.8,2024,7
2024-07-15 14:45:00+05:30,506.21340747681353,28.2,96.8,2024,7
2024-07-15 15:00:00+05:30,504.8073392850816,28.3,96.5,2024,7
2024-07-15 15:15:00+05:30,503.9779969393323,28.3,96.5,2024,7
2024-07-15 15:30:00+05:30,495.2164861562645,28.4,96.3,2024,7
2024-07-15 15:45:00+05:30,491.9263356557316,28.4,96.3,2024,7
2024-07-15 16:00:00+05:30,488.91310942345206,28.4,95.9,2024,7
2024-07-15 16:15:00+05:30,484.08251083586487,28.4,95.9,2024,7
2024-07-15 16:30:00+05:30,482.7957445183768,28.4,95.5,2024,7
2024-07-15 16:45:00+05:30,478.788163506722,28.4,95.5,2024,7
2024-07-15 17:00:00+05:30,476.1260744940957,28.5,94.6,2024,7
2024-07-15 17:15:00+05:30,469.71486883720166,28.5,94.6,2024,7
2024-07-15 17:30:00+05:30,466.4916938294498,28.6,93.8,2024,7
2024-07-15 17:45:00+05:30,461.58530318747074,28.6,93.8,2024,7
2024-07-15 18:00:00+05:30,457.4522963584024,28.65,92.8,2024,7
2024-07-15 18:15:00+05:30,450.92006732748536,28.675,92.3,2024,7
2024-07-15 18:30:00+05:30,451.95221613603263,28.6875,92.05,2024,7
2024-07-15 18:45:00+05:30,447.6553014801862,28.69375,91.925,2024,7
2024-07-15 19:00:00+05:30,437.8627974517906,28.696875,91.8625,2024,7
2024-07-15 19:15:00+05:30,434.6143873596546,28.7,91.83125,2024,7
2024-07-15 19:30:00+05:30,426.2970391571821,28.4,91.815625,2024,7
2024-07-15 19:45:00+05:30,419.8012351553933,27.9,91.8078125,2024,7
2024-07-15 20:00:00+05:30,411.4057128796821,28.2,91.80390625,2024,7
2024-07-15 20:15:00+05:30,406.3008861123119,28.35,91.801953125,2024,7
2024-07-15 20:30:00+05:30,401.7117283188167,28.425,91.8,2024,7
2024-07-15 20:45:00+05:30,394.6348537875753,28.4625,92.6,2024,7
2024-07-15 21:00:00+05:30,385.79221642658575,28.48125,93.0,2024,7
2024-07-15 21:15:00+05:30,382.6258463963894,28.490625,93.1,2024,7
2024-07-15 21:30:00+05:30,377.4591140364576,28.4953125,93.4,2024,7
2024-07-15 21:45:00+05:30,374.2477946832549,28.49765625,93.7,2024,7
2024-07-15 22:00:00+05:30,368.6779661323733,28.498828125,94.2,2024,7
2024-07-15 22:15:00+05:30,363.36462610161766,28.4994140625,94.4,2024,7
2024-07-15 22:30:00+05:30,360.00508789940545,28.49970703125,94.5,2024,7
2024-07-15 22:45:00+05:30,356.9377559542272,28.499853515625,94.7,2024,7
2024-07-15 23:00:00+05:30,353.32431739725314,28.4999267578125,94.6,2024,7
2024-07-15 23:15:00+05:30,347.95213885434345,28.49996337890625,94.8,2024,7
2024-07-15 23:30:00+05:30,342.8282102355571,28.49998168945313,95.1,2024,7
2024-07-15 23:45:00+05:30,338.9433896676771,28.49999084472656,95.4,2024,7
2024-07-16 00:00:00+05:30,332.66060734799737,27.26,95.14,2024,7
2024-07-16 00:15:00+05:30,328.1657342001613,27.26,95.14,2024,7
2024-07-16 00:30:00+05:30,322.74466347428506,27.2,95.18,2024,7
2024-07-16 00:45:00+05:30,319.17367772586647,27.2,95.18,2024,7
2024-07-16 01:00:00+05:30,312.9289033882876,27.2,95.28,2024,7
2024-07-16 01:15:00+05:30,308.9854868889841,27.2,95.28,2024,7
2024-07-16 01:30:00+05:30,307.7714441552794,27.24,95.24,2024,7
2024-07-16 01:45:00+05:30,304.7896927367684,27.24,95.24,2024,7
2024-07-16 02:00:00+05:30,304.2685620331632,27.160000000000004,95.32,2024,7
2024-07-16 02:15:00+05:30,297.355502336154,27.160000000000004,95.32,2024,7
2024-07-16 02:30:00+05:30,294.8389596975848,27.1,95.4,2024,7
2024-07-16 02:45:00+05:30,293.0382523108173,27.1,95.4,2024,7
2024-07-16 03:00:00+05:30,290.78196352323954,27.08,95.24,2024,7
2024-07-16 03:15:00+05:30,288.9407448274034,27.08,95.24,2024,7
2024-07-16 03:30:00+05:30,286.8635655955856,27.08,95.06,2024,7
2024-07-16 03:45:00+05:30,285.5899588485549,27.08,95.06,2024,7
2024-07-16 04:00:00+05:30,284.1504152883575,27.12,94.98,2024,7
2024-07-16 04:15:00+05:30,284.1777030800844,27.12,94.98,2024,7
2024-07-16 04:30:00+05:30,283.56784619982585,27.1,94.92,2024,7
2024-07-16 04:45:00+05:30,280.7821188944634,27.1,94.92,2024,7
2024-07-16 05:00:00+05:30,283.0420712148628,27.08,94.9,2024,7
2024-07-16 05:15:00+05:30,284.9821838891941,27.08,94.9,2024,7
2024-07-16 05:30:00+05:30,292.6489906901659,27.14,94.9,2024,7
2024-07-16 05:45:00+05:30,300.63288144069054,27.14,94.9,2024,7
2024-07-16 06:00:00+05:30,306.4938097525818,27.18,94.9,2024,7
2024-07-16 06:15:00+05:30,318.40125044595806,27.18,94.9,2024,7
2024-07-16 06:30:00+05:30,329.98123220250216,27.2,94.98,2024,7
2024-07-16 06:45:00+05:30,337.88092975413065,27.2,94.98,2024,7
2024-07-16 07:00:00+05:30,350.569703785544,27.18,95.02,2024,7
2024-07-16 07:15:00+05:30,363.2422155778398,27.18,95.02,2024,7
2024-07-16 07:30:00+05:30,377.82542975721344,27.18,95.08,2024,7
2024-07-16 07:45:00+05:30,394.9212616534677,27.18,95.08,2024,7
2024-07-16 08:00:00+05:30,412.7491144232094,27.22,95.22,2024,7
2024-07-16 08:15:00+05:30,432.95484006858527,27.22,95.22,2024,7
2024-07-16 08:30:00+05:30,450.2239116474712,27.160000000000004,95.36,2024,7
2024-07-16 08:45:00+05:30,464.282554491707,27.160000000000004,95.36,2024,7
2024-07-16 09:00:00+05:30,477.93469641955744,27.14,95.42,2024,7
2024-07-16 09:15:00+05:30,485.6862971779804,27.14,95.42,2024,7
2024-07-16 09:30:00+05:30,496.6406572664049,27.140000000000004,95.5,2024,7
2024-07-16 09:45:00+05:30,506.21094608063146,27.140000000000004,95.5,2024,7
2024-07-16 10:00:00+05:30,514.7865014468625,27.08,95.62,2024,7
2024-07-16 10:15:00+05:30,516.8955063713234,27.08,95.62,2024,7
2024-07-16 10:30:00+05:30,518.8485931032109,27.12,95.66,2024,7
2024-07-16 10:45:00+05:30,525.0443366202454,27.12,95.66,2024,7
2024-07-16 11:00:00+05:30,523.1800291031537,27.08,95.72,2024,7
2024-07-16 11:15:00+05:30,520.5586676750116,27.08,95.72,2024,7
2024-07-16 11:30:00+05:30,519.9530101905683,27.1,95.76,2024,7
2024-07-16 11:45:00+05:30,521.1825225627606,27.1,95.76,2024,7
2024-07-16 12:00:00+05:30,519.1000593385595,27.1,95.76,2024,7
2024-07-16 12:15:00+05:30,518.346100206924,27.1,95.76,2024,7
2024-07-16 12:30:00+05:30,519.5962385438366,27.1,95.79999999999998,2024,7
2024-07-16 12:45:00+05:30,522.8217797561299,27.1,95.79999999999998,2024,7
2024-07-16 13:00:00+05:30,520.1176296667899,27.12,95.70000000000002,2024,7
2024-07-16 13:15:00+05:30,516.7142583989704,27.12,95.70000000000002,2024,7
2024-07-16 13:30:00+05:30,510.57084736607766,27.12,95.62000000000002,2024,7
2024-07-16 13:45:00+05:30,507.2457822964472,27.12,95.62000000000002,2024,7
2024-07-16 14:00:00+05:30,501.9876573021751,27.14,95.64,2024,7
2024-07-16 14:15:00+05:30,501.6145675664342,27.14,95.64,2024,7
2024-07-16 14:30:00+05:30,503.2378861889203,27.2,95.68,2024,7
2024-07-16 14:45:00+05:30,503.1059387494128,27.2,95.68,2024,7
2024-07-16 15:00:00+05:30,502.73737519936185,27.18,95.6,2024,7
2024-07-16 15:15:00+05:30,501.4908333930393,27.18,95.6,2024,7
2024-07-16 15:30:00+05:30,498.6076419127244,27.24,95.62,2024,7
2024-07-16 15:45:00+05:30,500.6692985439554,27.24,95.62,2024,7
2024-07-16 16:00:00+05:30,499.4519799198566,27.4,95.64,2024,7
2024-07-16 16:15:00+05:30,492.34383781881655,27.4,95.64,2024,7
2024-07-16 16:30:00+05:30,492.37430010595824,27.62,95.38000000000002,2024,7
2024-07-16 16:45:00+05:30,488.8066493777472,27.62,95.38000000000002,2024,7
2024-07-16 17:00:00+05:30,483.7843984742878,27.92,94.5,2024,7
2024-07-16 17:15:00+05:30,481.28949821544455,27.92,94.5,2024,7
2024-07-16 17:30:00+05:30,474.3514192684538,28.14,93.4,2024,7
2024-07-16 17:45:00+05:30,470.1696242887107,28.14,93.4,2024,7
2024-07-16 18:00:00+05:30,462.6376876463033,28.24,92.70000000000002,2024,7
2024-07-16 18:15:00+05:30,459.7504131338266,28.24,92.70000000000002,2024,7
2024-07-16 18:30:00+05:30,450.5406498586328,28.54,91.58,2024,7
2024-07-16 18:45:00+05:30,444.3624588808607,28.54,91.58,2024,7
2024-07-16 19:00:00+05:30,436.8032046068366,28.880000000000003,90.34,2024,7
2024-07-16 19:15:00+05:30,430.0863577409978,28.880000000000003,90.34,2024,7
2024-07-16 19:30:00+05:30,428.19918954951737,28.8,89.96000000000001,2024,7
2024-07-16 19:45:00+05:30,423.7851913354341,28.8,89.96000000000001,2024,7
2024-07-16 20:00:00+05:30,411.775263211765,28.82,89.96000000000001,2024,7
2024-07-16 20:15:00+05:30,405.9004101008857,28.82,89.96000000000001,2024,7
2024-07-16 20:30:00+05:30,401.9765643804981,28.640000000000004,89.96,2024,7
2024-07-16 20:45:00+05:30,399.4846505209956,28.640000000000004,89.96,2024,7
2024-07-16 21:00:00+05:30,392.7911752899517,29.0,92.55,2024,7
2024-07-16 21:15:00+05:30,385.10777942007286,29.0,93.845,2024,7
2024-07-16 21:30:00+05:30,380.6559142706229,29.380000000000003,94.4925,2024,7
2024-07-16 21:45:00+05:30,377.50598651938094,29.380000000000003,94.81625,2024,7
2024-07-16 22:00:00+05:30,369.67146717313614,29.26,94.978125,2024,7
2024-07-16 22:15:00+05:30,365.27610869137845,29.26,95.0590625,2024,7
2024-07-16 22:30:00+05:30,361.3515057522036,29.14,95.09953125,2024,7
2024-07-16 22:45:00+05:30,357.4535678386045,29.14,95.119765625,2024,7
2024-07-16 23:00:00+05:30,354.21634720711063,29.22,95.1298828125,2024,7
2024-07-16 23:15:00+05:30,347.2234542821715,29.22,95.13494140625,2024,7
2024-07-16 23:30:00+05:30,341.38100697833033,29.3,95.137470703125,2024,7
2024-07-16 23:45:00+05:30,338.3647600263758,29.3,95.1387353515625,2024,7
2024-07-17 00:00:00+05:30,332.3782420152621,27.640000000000004,92.6,2024,7
2024-07-17 00:15:00+05:30,325.2469383355191,27.640000000000004,92.56,2024,7
2024-07-17 00:30:00+05:30,324.0961374767521,27.6,92.64,2024,7
2024-07-17 00:45:00+05:30,318.985726185639,27.58,92.9,2024,7
2024-07-17 01:00:00+05:30,314.7251662286012,27.58,93.02,2024,7
2024-07-17 01:15:00+05:30,309.9417089388843,27.54,93.12,2024,7
2024-07-17 01:30:00+05:30,305.9662160851574,27.46,93.42,2024,7
2024-07-17 01:45:00+05:30,303.01739505668013,27.420000000000005,93.6,2024,7
2024-07-17 02:00:00+05:30,301.3523075947118,27.34,93.68,2024,7
2024-07-17 02:15:00+05:30,295.1459051592594,27.24,93.7,2024,7
2024-07-17 02:30:00+05:30,293.5993441329303,27.140000000000004,93.92,2024,7
2024-07-17 02:45:00+05:30,291.4646831933992,27.1,94.12,2024,7
2024-07-17 03:00:00+05:30,291.6154776321732,27.04,94.36,2024,7
2024-07-17 03:15:00+05:30,288.8277578489488,26.98,94.54,2024,7
2024-07-17 03:30:00+05:30,286.35374090231943,26.94,94.62,2024,7
2024-07-17 03:45:00+05:30,284.963571705038,26.9,94.82,2024,7
2024-07-17 04:00:00+05:30,283.58801715053994,26.9,94.72,2024,7
2024-07-17 04:15:00+05:30,283.6020362953526,26.880000000000003,94.68,2024,7
2024-07-17 04:30:00+05:30,284.58754187323,26.9,94.7,2024,7
2024-07-17 04:45:00+05:30,286.92415134298403,26.880000000000003,94.52,2024,7
2024-07-17 05:00:00+05:30,284.8772558730818,26.9,94.56000000000002,2024,7
2024-07-17 05:15:00+05:30,289.1718596034436,26.94,94.5,2024,7
2024-07-17 05:30:00+05:30,293.59991396216213,26.98,94.42,2024,7
2024-07-17 05:45:00+05:30,294.99976248154087,26.98,94.32,2024,7
2024-07-17 06:00:00+05:30,298.1314721870494,27.0,94.28,2024,7
2024-07-17 06:15:00+05:30,302.55625686233424,26.98,94.28,2024,7
2024-07-17 06:30:00+05:30,311.1738574983795,27.02,94.18,2024,7
2024-07-17 06:45:00+05:30,318.17069413418994,27.08,94.06,2024,7
2024-07-17 07:00:00+05:30,330.12070453601274,27.2,93.84,2024,7
2024-07-17 07:15:00+05:30,345.7928326597115,27.3,93.68,2024,7
2024-07-17 07:30:00+05:30,360.5317694660732,27.4,93.48,2024,7
2024-07-17 07:45:00+05:30,369.6130751907496,27.48,93.38,2024,7
2024-07-17 08:00:00+05:30,392.7113580259624,27.52,93.36,2024,7
2024-07-17 08:15:00+05:30,412.7288106263076,27.620000000000005,93.28,2024,7
2024-07-17 08:30:00+05:30,425.1256391160175,27.78,93.28,2024,7
2024-07-17 08:45:00+05:30,437.0765755384971,28.020000000000003,92.86,2024,7
2024-07-17 09:00:00+05:30,449.58222020196143,28.28,92.56,2024,7
2024-07-17 09:15:00+05:30,462.1124472816239,28.7,91.48,2024,7
2024-07-17 09:30:00+05:30,473.8063957669048,29.1,89.78,2024,7
2024-07-17 09:45:00+05:30,484.6617894855287,29.4,88.54,2024,7
2024-07-17 10:00:00+05:30,490.0292708251848,29.6,88.0,2024,7
2024-07-17 10:15:00+05:30,494.6055717912934,30.1,86.32000000000001,2024,7
2024-07-17 10:30:00+05:30,500.7542038233107,30.2,85.78,2024,7
2024-07-17 10:45:00+05:30,498.80366261091285,30.26,86.17999999999999,2024,7
2024-07-17 11:00:00+05:30,498.8264349451201,30.340000000000003,86.46,2024,7
2024-07-17 11:15:00+05:30,501.8402969365407,30.26,86.32,2024,7
2024-07-17 11:30:00+05:30,494.8427570900292,30.22000000000001,86.55999999999999,2024,7
2024-07-17 11:45:00+05:30,498.09211417962416,30.160000000000004,85.82000000000001,2024,7
2024-07-17 12:00:00+05:30,498.6470066025929,30.28,85.72,2024,7
2024-07-17 12:15:00+05:30,498.3579863820596,30.559999999999995,84.32000000000001,2024,7
2024-07-17 12:30:00+05:30,499.9990367448668,30.54,83.96000000000001,2024,7
2024-07-17 12:45:00+05:30,497.73898130782015,31.24,82.06,2024,7
2024-07-17 13:00:00+05:30,492.3991722850367,31.34,80.82,2024,7
2024-07-17 13:15:00+05:30,495.50661839334,31.2,81.02,2024,7
2024-07-17 13:30:00+05:30,489.96257238970384,31.14,81.26,2024,7
2024-07-17 13:45:00+05:30,494.4002156285477,31.22,80.52000000000001,2024,7
2024-07-17 14:00:00+05:30,494.3251923888544,31.46,79.53999999999999,2024,7
2024-07-17 14:15:00+05:30,497.9081988238994,31.320000000000004,80.19999999999999,2024,7
2024-07-17 14:30:00+05:30,502.6276298508758,31.0,81.66,2024,7
2024-07-17 14:45:00+05:30,499.00888904842975,31.22,81.08000000000001,2024,7
2024-07-17 15:00:00+05:30,496.9371721231406,31.44,80.00000000000001,2024,7
2024-07-17 15:15:00+05:30,501.7700300228796,31.28,79.35999999999999,2024,7
2024-07-17 15:30:00+05:30,498.4205258386896,30.96,80.08,2024,7
2024-07-17 15:45:00+05:30,493.967069765306,30.74,80.17999999999999,2024,7
2024-07-17 16:00:00+05:30,490.8062583771832,30.44,81.7,2024,7
2024-07-17 16:15:00+05:30,485.3653876923986,30.26,83.56,2024,7
2024-07-17 16:30:00+05:30,485.7592048676024,30.0,84.5,2024,7
2024-07-17 16:45:00+05:30,478.6430027739609,29.860000000000003,85.42,2024,7
2024-07-17 17:00:00+05:30,469.525708626704,29.879999999999995,84.3,2024,7
2024-07-17 17:15:00+05:30,466.7234772695004,29.82,83.84,2024,7
2024-07-17 17:30:00+05:30,462.0849709046829,29.96,83.46000000000001,2024,7
2024-07-17 17:45:00+05:30,453.3681625410258,29.78,83.22,2024,7
2024-07-17 18:00:00+05:30,450.6720642169808,29.6,84.08000000000001,2024,7
2024-07-17 18:15:00+05:30,446.7483910997944,29.4,85.32000000000001,2024,7
2024-07-17 18:30:00+05:30,447.6024432888274,29.32,86.1,2024,7
2024-07-17 18:45:00+05:30,443.18414369538016,29.24,87.1,2024,7
2024-07-17 19:00:00+05:30,441.9518455281067,29.08,88.4,2024,7
2024-07-17 19:15:00+05:30,434.520846627564,28.78,89.98,2024,7
2024-07-17 19:30:00+05:30,425.52306737045313,28.54,90.72,2024,7
2024-07-17 19:45:00+05:30,420.6446951615747,28.42,92.04,2024,7
2024-07-17 20:00:00+05:30,416.6372432931083,28.34,92.98,2024,7
2024-07-17 20:15:00+05:30,407.6775583945441,28.24,93.58,2024,7
2024-07-17 20:30:00+05:30,406.6334730231745,28.12,93.86,2024,7
2024-07-17 20:45:00+05:30,401.3346068321927,27.98,93.78,2024,7
2024-07-17 21:00:00+05:30,397.55787761467184,27.78,94.0,2024,7
2024-07-17 21:15:00+05:30,389.3466491255939,27.76,93.82,2024,7
2024-07-17 21:30:00+05:30,382.92995580692417,27.78,93.86,2024,7
2024-07-17 21:45:00+05:30,380.3585728787404,27.68,94.08,2024,7
2024-07-17 22:00:00+05:30,372.2473820460124,27.64,94.26,2024,7
2024-07-17 22:15:00+05:30,366.7375783504413,27.66,94.28,2024,7
2024-07-17 22:30:00+05:30,363.7139396496778,27.660000000000004,94.4,2024,7
2024-07-17 22:45:00+05:30,361.3255331182421,27.7,94.54,2024,7
2024-07-17 23:00:00+05:30,356.0634706462584,27.76,94.79999999999998,2024,7
2024-07-17 23:15:00+05:30,351.12516246194303,27.860000000000003,94.94,2024,7
2024-07-17 23:30:00+05:30,344.14101794864,27.880000000000003,94.9,2024,7
2024-07-17 23:45:00+05:30,338.5460488963552,27.9,94.96,2024,7
2024-07-18 00:00:00+05:30,334.1731966061366,27.9,95.0,2024,7
2024-07-18 00:15:00+05:30,330.0487151709437,27.9,95.0,2024,7
2024-07-18 00:30:00+05:30,325.13174769324365,27.9,95.2,2024,7
2024-07-18 00:45:00+05:30,321.7603088437921,27.9,95.3,2024,7
2024-07-18 01:00:00+05:30,319.68780817782493,27.9,95.5,2024,7
2024-07-18 01:15:00+05:30,317.30183299148484,27.9,95.5,2024,7
2024-07-18 01:30:00+05:30,317.8106098334349,27.9,95.7,2024,7
2024-07-18 01:45:00+05:30,312.5517818421916,27.9,95.7,2024,7
2024-07-18 02:00:00+05:30,313.0332570596896,27.8,95.4,2024,7
2024-07-18 02:15:00+05:30,303.45744931801534,27.5,94.9,2024,7
2024-07-18 02:30:00+05:30,301.766534517369,27.3,95.1,2024,7
2024-07-18 02:45:00+05:30,296.83855274430465,27.3,95.3,2024,7
2024-07-18 03:00:00+05:30,291.6193345545927,27.2,95.2,2024,7
2024-07-18 03:15:00+05:30,289.90007274651833,27.0,95.4,2024,7
2024-07-18 03:30:00+05:30,290.68611248200824,26.9,95.7,2024,7
2024-07-18 03:45:00+05:30,288.1194885928869,27.0,95.8,2024,7
2024-07-18 04:00:00+05:30,288.5983101047764,27.1,95.9,2024,7
2024-07-18 04:15:00+05:30,286.3234573351116,27.1,96.0,2024,7
2024-07-18 04:30:00+05:30,288.0171436190789,27.2,96.0,2024,7
2024-07-18 04:45:00+05:30,290.2807774491193,26.9,96.1,2024,7
2024-07-18 05:00:00+05:30,291.308255424573,26.9,96.3,2024,7
2024-07-18 05:15:00+05:30,292.5441263449228,26.7,96.0,2024,7
2024-07-18 05:30:00+05:30,297.3490546937024,26.5,96.2,2024,7
2024-07-18 05:45:00+05:30,299.951980238035,26.4,96.2,2024,7
2024-07-18 06:00:00+05:30,308.2574308236433,26.3,96.2,2024,7
2024-07-18 06:15:00+05:30,317.9505062860507,26.4,96.4,2024,7
2024-07-18 06:30:00+05:30,325.2423501175879,26.2,96.6,2024,7
2024-07-18 06:45:00+05:30,332.563433617434,26.3,96.6,2024,7
2024-07-18 07:00:00+05:30,346.63127261024044,26.4,96.6,2024,7
2024-07-18 07:15:00+05:30,359.5114832532022,26.3,96.9,2024,7
2024-07-18 07:30:00+05:30,378.0879604525195,26.3,97.1,2024,7
2024-07-18 07:45:00+05:30,393.96886892615726,26.3,97.1,2024,7
2024-07-18 08:00:00+05:30,412.7715922208822,26.4,96.8,2024,7
2024-07-18 08:15:00+05:30,431.9688363906182,26.5,96.7,2024,7
2024-07-18 08:30:00+05:30,449.69419890541286,26.5,96.7,2024,7
2024-07-18 08:45:00+05:30,460.9688504521478,26.6,96.7,2024,7
2024-07-18 09:00:00+05:30,474.4476179458185,26.7,96.7,2024,7
2024-07-18 09:15:00+05:30,483.86035286927125,26.6,96.4,2024,7
2024-07-18 09:30:00+05:30,493.492592685137,26.5,96.0,2024,7
2024-07-18 09:45:00+05:30,497.80621941440256,26.2,95.9,2024,7
2024-07-18 10:00:00+05:30,502.98473315552906,26.2,95.8,2024,7
2024-07-18 10:15:00+05:30,506.7194257433108,26.4,96.0,2024,7
2024-07-18 10:30:00+05:30,510.178772799153,26.6,95.7,2024,7
2024-07-18 10:45:00+05:30,511.5180066143234,26.6,95.5,2024,7
2024-07-18 11:00:00+05:30,510.5487507656693,26.7,95.7,2024,7
2024-07-18 11:15:00+05:30,511.7723639188302,26.9,95.3,2024,7
2024-07-18 11:30:00+05:30,512.3157491384522,27.0,94.7,2024,7
2024-07-18 11:45:00+05:30,506.2961776077893,26.8,94.5,2024,7
2024-07-18 12:00:00+05:30,504.1667425733909,26.7,95.0,2024,7
2024-07-18 12:15:00+05:30,502.5865974550601,26.7,95.2,2024,7
2024-07-18 12:30:00+05:30,502.815868992397,26.7,95.2,2024,7
2024-07-18 12:45:00+05:30,500.3234875527781,27.0,94.9,2024,7
2024-07-18 13:00:00+05:30,500.5999286387792,27.0,94.4,2024,7
2024-07-18 13:15:00+05:30,496.3167096853445,26.7,94.6,2024,7
2024-07-18 13:30:00+05:30,491.9761549820388,26.9,94.2,2024,7
2024-07-18 13:45:00+05:30,489.7825105401494,26.9,93.4,2024,7
2024-07-18 14:00:00+05:30,490.8288337396426,26.7,94.0,2024,7
2024-07-18 14:15:00+05:30,492.93507457710274,26.8,94.3,2024,7
2024-07-18 14:30:00+05:30,494.4024637416471,27.0,94.6,2024,7
2024-07-18 14:45:00+05:30,493.2800871743282,27.3,94.6,2024,7
2024-07-18 15:00:00+05:30,490.1813796983211,27.7,94.0,2024,7
2024-07-18 15:15:00+05:30,491.3475104387292,27.35,93.5,2024,7
2024-07-18 15:30:00+05:30,491.24712941640456,27.175,94.05,2024,7
2024-07-18 15:45:00+05:30,490.1114531526077,27.0875,94.325,2024,7
2024-07-18 16:00:00+05:30,487.35350428480615,27.0,94.4625,2024,7
2024-07-18 16:15:00+05:30,488.1091173107484,26.8,94.6,2024,7
2024-07-18 16:30:00+05:30,485.9442786020224,26.9,94.9,2024,7
2024-07-18 16:45:00+05:30,482.4967799252888,26.9,94.9,2024,7
2024-07-18 17:00:00+05:30,480.88801490336914,27.1,94.9,2024,7
2024-07-18 17:15:00+05:30,477.4584743004516,27.0,94.4,2024,7
2024-07-18 17:30:00+05:30,470.2373545684193,27.0,94.7,2024,7
2024-07-18 17:45:00+05:30,462.5214101842674,27.0,95.0,2024,7
2024-07-18 18:00:00+05:30,458.8990105218124,27.1,95.6,2024,7
2024-07-18 18:15:00+05:30,455.30859234237954,27.3,95.7,2024,7
2024-07-18 18:30:00+05:30,453.1222358452614,27.4,95.7,2024,7
2024-07-18 18:45:00+05:30,449.74598064706896,27.4,95.3,2024,7
2024-07-18 19:00:00+05:30,441.1619197955599,27.2,95.3,2024,7
2024-07-18 19:15:00+05:30,433.3927150058756,27.1,95.3,2024,7
2024-07-18 19:30:00+05:30,425.8764632956575,27.1,94.7,2024,7
2024-07-18 19:45:00+05:30,419.2004602700674,27.1,94.3,2024,7
2024-07-18 20:00:00+05:30,410.2209220794429,27.2,94.4,2024,7
2024-07-18 20:15:00+05:30,406.0322211524163,27.2,94.7,2024,7
2024-07-18 20:30:00+05:30,402.3076372011095,27.2,95.1,2024,7
2024-07-18 20:45:00+05:30,396.6614416977179,27.1,95.2,2024,7
2024-07-18 21:00:00+05:30,390.7301032913236,26.9,95.4,2024,7
2024-07-18 21:15:00+05:30,385.0575629566456,26.9,95.7,2024,7
2024-07-18 21:30:00+05:30,379.601074835809,26.7,95.7,2024,7
2024-07-18 21:45:00+05:30,375.6116094597021,26.7,95.6,2024,7
2024-07-18 22:00:00+05:30,369.65502237865377,26.8,95.5,2024,7
2024-07-18 22:15:00+05:30,365.08921476850986,26.9,95.5,2024,7
2024-07-18 22:30:00+05:30,361.17970118346767,26.9,95.6,2024,7
2024-07-18 22:45:00+05:30,356.19427302926755,27.0,95.6,2024,7
2024-07-18 23:00:00+05:30,349.4161236710074,27.0,95.8,2024,7
2024-07-18 23:15:00+05:30,346.16836675818473,27.1,96.0,2024,7
2024-07-18 23:30:00+05:30,340.4502299590864,27.2,96.1,2024,7
2024-07-18 23:45:00+05:30,335.92239147095967,27.3,96.1,2024,7
2024-07-19 00:00:00+05:30,329.85170459063727,27.4,96.2,2024,7
2024-07-19 00:15:00+05:30,325.7024203908876,27.5,96.2,2024,7
2024-07-19 00:30:00+05:30,321.6326437353963,27.5,96.2,2024,7
2024-07-19 00:45:00+05:30,317.2717818413344,27.6,96.1,2024,7
2024-07-19 01:00:00+05:30,310.21490789410143,27.0,95.6,2024,7
2024-07-19 01:15:00+05:30,305.9708480327899,27.0,95.6,2024,7
2024-07-19 01:30:00+05:30,304.84788105683674,26.9,95.5,2024,7
2024-07-19 01:45:00+05:30,301.46212804046297,26.9,95.4,2024,7
2024-07-19 02:00:00+05:30,302.374123470532,27.0,95.6,2024,7
2024-07-19 02:15:00+05:30,296.4903525089608,27.1,95.7,2024,7
2024-07-19 02:30:00+05:30,295.48269833960296,27.3,95.8,2024,7
2024-07-19 02:45:00+05:30,292.254698899486,27.4,95.8,2024,7
2024-07-19 03:00:00+05:30,287.7842398937652,27.4,95.4,2024,7
2024-07-19 03:15:00+05:30,286.2518699372153,27.5,95.0,2024,7
2024-07-19 03:30:00+05:30,283.95290181684334,27.4,95.0,2024,7
2024-07-19 03:45:00+05:30,281.8340962272506,27.5,95.1,2024,7
2024-07-19 04:00:00+05:30,283.38370790868925,27.5,95.2,2024,7
2024-07-19 04:15:00+05:30,283.21451381106607,27.5,95.2,2024,7
2024-07-19 04:30:00+05:30,283.2243656027779,27.6,95.0,2024,7
2024-07-19 04:45:00+05:30,283.2870034307842,27.5,95.2,2024,7
2024-07-19 05:00:00+05:30,284.0277269573539,27.4,95.2,2024,7
2024-07-19 05:15:00+05:30,287.10716975503817,27.5,95.5,2024,7
2024-07-19 05:30:00+05:30,294.2053113094858,27.6,95.6,2024,7
2024-07-19 05:45:00+05:30,299.61424256530813,27.7,95.4,2024,7
2024-07-19 06:00:00+05:30,307.99360043734214,27.7,95.3,2024,7
2024-07-19 06:15:00+05:30,316.1734571081596,27.5,95.3,2024,7
2024-07-19 06:30:00+05:30,327.71085697078786,27.5,95.1,2024,7
2024-07-19 06:45:00+05:30,333.0588376656356,27.4,95.6,2024,7
2024-07-19 07:00:00+05:30,343.41694538374,27.2,96.2,2024,7
2024-07-19 07:15:00+05:30,355.6251137835489,27.1,96.7,2024,7
2024-07-19 07:30:00+05:30,374.9463861528707,27.0,96.9,2024,7
2024-07-19 07:45:00+05:30,389.2499041929151,26.6,97.0,2024,7
2024-07-19 08:00:00+05:30,408.4011968915172,26.6,97.2,2024,7
2024-07-19 08:15:00+05:30,427.3295535265181,26.6,97.3,2024,7
2024-07-19 08:30:00+05:30,443.8679596831984,26.6,97.1,2024,7
2024-07-19 08:45:00+05:30,459.2596282055024,26.6,97.2,2024,7
2024-07-19 09:00:00+05:30,471.4621698187864,26.6,97.2,2024,7
2024-07-19 09:15:00+05:30,479.61280322322136,26.6,97.2,2024,7
2024-07-19 09:30:00+05:30,486.1801454747906,26.6,97.1,2024,7
2024-07-19 09:45:00+05:30,496.02720168877056,26.8,97.0,2024,7
2024-07-19 10:00:00+05:30,500.5484299834782,26.9,97.0,2024,7
2024-07-19 10:15:00+05:30,504.3673003663889,27.0,96.9,2024,7
2024-07-19 10:30:00+05:30,507.5260059630321,27.1,96.6,2024,7
2024-07-19 10:45:00+05:30,509.1979734170288,27.2,96.0,2024,7
2024-07-19 11:00:00+05:30,513.9380900835537,27.4,95.4,2024,7
2024-07-19 11:15:00+05:30,515.5335369316291,27.6,94.9,2024,7
2024-07-19 11:30:00+05:30,514.470110084827,27.5,94.4,2024,7
2024-07-19 11:45:00+05:30,514.0746315594804,27.3,94.6,2024,7
2024-07-19 12:00:00+05:30,513.6253906778471,27.0,94.7,2024,7
2024-07-19 12:15:00+05:30,509.4453736004008,27.0,95.0,2024,7
2024-07-19 12:30:00+05:30,505.3990625037816,27.0,95.2,2024,7
2024-07-19 12:45:00+05:30,501.5927863640835,27.2,95.0,2024,7
2024-07-19 13:00:00+05:30,497.6660189227521,27.4,95.1,2024,7
2024-07-19 13:15:00+05:30,494.9128303029413,27.6,94.6,2024,7
2024-07-19 13:30:00+05:30,493.91598913948246,27.5,94.2,2024,7
2024-07-19 13:45:00+05:30,494.1401127790141,27.6,94.6,2024,7
2024-07-19 14:00:00+05:30,493.4252952154418,27.6,94.0,2024,7
2024-07-19 14:15:00+05:30,491.5992588860645,27.5,94.6,2024,7
2024-07-19 14:30:00+05:30,492.9951750138391,27.6,94.6,2024,7
2024-07-19 14:45:00+05:30,490.6030293672136,27.7,94.6,2024,7
2024-07-19 15:00:00+05:30,490.2999949106816,28.2,93.9,2024,7
2024-07-19 15:15:00+05:30,493.51988341443314,28.2,93.4,2024,7
2024-07-19 15:30:00+05:30,493.1363374334479,28.2,93.6,2024,7
2024-07-19 15:45:00+05:30,491.1198266542875,28.2,93.4,2024,7
2024-07-19 16:00:00+05:30,491.7824412802719,28.2,93.45,2024,7
2024-07-19 16:15:00+05:30,487.2611155955469,28.2,93.475,2024,7
2024-07-19 16:30:00+05:30,486.9832564866856,28.2,93.4875,2024,7
2024-07-19 16:45:00+05:30,485.839565715199,28.2,93.49375,2024,7
2024-07-19 17:00:00+05:30,482.9160263846159,28.2,93.496875,2024,7
2024-07-19 17:15:00+05:30,478.5440506101495,28.2,93.4984375,2024,7
2024-07-19 17:30:00+05:30,471.3464400828939,28.2,93.49921875,2024,7
2024-07-19 17:45:00+05:30,467.44578943111605,28.2,93.499609375,2024,7
2024-07-19 18:00:00+05:30,464.0255408632729,28.2,93.4998046875,2024,7
2024-07-19 18:15:00+05:30,457.7547952437244,28.2,93.49990234375,2024,7
2024-07-19 18:30:00+05:30,448.4044976982879,27.7,93.5,2024,7
2024-07-19 18:45:00+05:30,441.6116161599863,27.6,93.6,2024,7
2024-07-19 19:00:00+05:30,438.4260847665905,27.5,93.8,2024,7
2024-07-19 19:15:00+05:30,433.8792257284547,27.6,94.0,2024,7
2024-07-19 19:30:00+05:30,430.3299892869821,27.6,94.4,2024,7
2024-07-19 19:45:00+05:30,425.0675651329932,27.6,94.5,2024,7
2024-07-19 20:00:00+05:30,411.50131945748205,27.6,94.8,2024,7
2024-07-19 20:15:00+05:30,404.95781198911175,27.6,94.9,2024,7
2024-07-19 20:30:00+05:30,400.4155695590166,27.6,95.2,2024,7
2024-07-19 20:45:00+05:30,396.2703371533754,27.6,95.4,2024,7
2024-07-19 21:00:00+05:30,391.4403527045857,27.6,95.5,2024,7
2024-07-19 21:15:00+05:30,388.3119766683896,27.6,95.4,2024,7
2024-07-19 21:30:00+05:30,380.2801000976576,27.6,95.4,2024,7
2024-07-19 21:45:00+05:30,376.2170455904548,27.6,95.4,2024,7
2024-07-19 22:00:00+05:30,370.6024200653733,27.6,95.4,2024,7
2024-07-19 22:15:00+05:30,364.4391128028177,27.7,95.8,2024,7
2024-07-19 22:30:00+05:30,361.5344674822055,27.6,95.7,2024,7
2024-07-19 22:45:00+05:30,357.13176577122715,27.6,95.9,2024,7
2024-07-19 23:00:00+05:30,352.3166224882533,27.5,95.9,2024,7
2024-07-19 23:15:00+05:30,347.82634227894334,27.4,96.2,2024,7
2024-07-19 23:30:00+05:30,341.85398750915704,27.4,96.3,2024,7
2024-07-19 23:45:00+05:30,337.30659670147713,27.4,96.3,2024,7
2024-07-20 00:00:00+05:30,334.551933280716,27.4,96.3,2024,7
2024-07-20 00:15:00+05:30,328.07849294084946,27.3,96.3,2024,7
2024-07-20 00:30:00+05:30,325.48627054924526,27.2,96.3,2024,7
2024-07-20 00:45:00+05:30,322.0848801694061,27.2,96.2,2024,7
2024-07-20 01:00:00+05:30,314.84285842054214,27.3,96.1,2024,7
2024-07-20 01:15:00+05:30,311.2750972280424,27.3,96.0,2024,7
2024-07-20 01:30:00+05:30,307.3694292793244,27.3,96.0,2024,7
2024-07-20 01:45:00+05:30,306.8130003647601,27.2,96.1,2024,7
2024-07-20 02:00:00+05:30,306.27256079745865,27.2,96.2,2024,7
2024-07-20 02:15:00+05:30,298.7859259405594,27.2,96.2,2024,7
2024-07-20 02:30:00+05:30,295.3763258229992,27.2,95.9,2024,7
2024-07-20 02:45:00+05:30,292.8221950091232,27.2,95.7,2024,7
2024-07-20 03:00:00+05:30,292.4812697162977,27.1,95.9,2024,7
2024-07-20 03:15:00+05:30,289.6613836108328,27.1,96.0,2024,7
2024-07-20 03:30:00+05:30,286.0846031670876,27.1,96.2,2024,7
2024-07-20 03:45:00+05:30,284.85036845968386,27.0,96.4,2024,7
2024-07-20 04:00:00+05:30,282.9404028092112,26.9,96.7,2024,7
2024-07-20 04:15:00+05:30,282.7123507734332,26.8,96.7,2024,7
2024-07-20 04:30:00+05:30,282.51144047696454,26.8,97.0,2024,7
2024-07-20 04:45:00+05:30,284.6095207728402,26.6,97.2,2024,7
2024-07-20 05:00:00+05:30,285.1925168482673,26.5,97.3,2024,7
2024-07-20 05:15:00+05:30,285.8476864639153,26.4,97.2,2024,7
2024-07-20 05:30:00+05:30,287.55117860246094,26.3,97.2,2024,7
2024-07-20 05:45:00+05:30,290.34789474851937,26.4,97.3,2024,7
2024-07-20 06:00:00+05:30,296.30158782904147,26.5,97.5,2024,7
2024-07-20 06:15:00+05:30,298.81692003261924,26.5,97.6,2024,7
2024-07-20 06:30:00+05:30,303.7846543739503,26.6,97.7,2024,7
2024-07-20 06:45:00+05:30,306.58475859364665,26.6,98.0,2024,7
2024-07-20 07:00:00+05:30,313.2091560901556,26.4,98.2,2024,7
2024-07-20 07:15:00+05:30,321.0840979947402,26.3,98.2,2024,7
2024-07-20 07:30:00+05:30,330.79648355098783,26.2,98.3,2024,7
2024-07-20 07:45:00+05:30,341.08462091975,26.1,98.3,2024,7
2024-07-20 08:00:00+05:30,355.82247952224884,26.2,98.3,2024,7
2024-07-20 08:15:00+05:30,366.69542632808015,26.3,98.3,2024,7
2024-07-20 08:30:00+05:30,377.722807601076,26.2,98.4,2024,7
2024-07-20 08:45:00+05:30,388.5040926560413,26.0,98.4,2024,7
2024-07-20 09:00:00+05:30,400.0244572995915,26.0,98.3,2024,7
2024-07-20 09:15:00+05:30,411.8089737774847,26.1,98.4,2024,7
2024-07-20 09:30:00+05:30,420.4170400810329,26.1,98.3,2024,7
2024-07-20 09:45:00+05:30,429.6569999773302,26.3,98.3,2024,7
2024-07-20 10:00:00+05:30,436.4403998362948,26.4,98.3,2024,7
2024-07-20 10:15:00+05:30,441.11803960635336,26.4,98.2,2024,7
2024-07-20 10:30:00+05:30,443.7164597490224,26.4,98.0,2024,7
2024-07-20 10:45:00+05:30,445.6977433971799,26.4,97.6,2024,7
2024-07-20 11:00:00+05:30,447.7594314498616,26.7,97.3,2024,7
2024-07-20 11:15:00+05:30,451.0760305066292,27.0,96.3,2024,7
2024-07-20 11:30:00+05:30,449.8820388080271,27.0,96.7,2024,7
2024-07-20 11:45:00+05:30,450.1792407824804,27.2,96.5,2024,7
2024-07-20 12:00:00+05:30,450.129704676847,27.2,96.2,2024,7
2024-07-20 12:15:00+05:30,451.1409163280008,27.3,96.2,2024,7
2024-07-20 12:30:00+05:30,445.7446564951815,27.2,96.1,2024,7
2024-07-20 12:45:00+05:30,444.8783001316836,27.2,96.2,2024,7
2024-07-20 13:00:00+05:30,438.4826922489522,27.2,96.5,2024,7
2024-07-20 13:15:00+05:30,436.8320712023413,27.1,96.6,2024,7
2024-07-20 13:30:00+05:30,431.4693094544824,27.1,96.7,2024,7
2024-07-20 13:45:00+05:30,427.87265087961424,27.1,96.4,2024,7
2024-07-20 14:00:00+05:30,426.3623730520417,27.2,96.6,2024,7
2024-07-20 14:15:00+05:30,427.7204236096642,27.6,96.2,2024,7
2024-07-20 14:30:00+05:30,429.47745984923904,27.8,95.6,2024,7
2024-07-20 14:45:00+05:30,425.50659069441343,27.4,95.3,2024,7
2024-07-20 15:00:00+05:30,426.9567765804815,27.0,95.3,2024,7
2024-07-20 15:15:00+05:30,427.4523612889323,27.1,95.6,2024,7
2024-07-20 15:30:00+05:30,429.58778169586446,27.2,96.0,2024,7
2024-07-20 15:45:00+05:30,425.5539026453316,27.2,96.1,2024,7
2024-07-20 16:00:00+05:30,422.3638822596521,27.0,96.1,2024,7
2024-07-20 16:15:00+05:30,419.335632603665,27.0,96.3,2024,7
2024-07-20 16:30:00+05:30,420.8383702009768,27.1,96.2,2024,7
2024-07-20 16:45:00+05:30,417.92409217592194,27.2,96.2,2024,7
2024-07-20 17:00:00+05:30,406.4522644618958,27.2,95.8,2024,7
2024-07-20 17:15:00+05:30,410.07002510000166,27.3,95.5,2024,7
2024-07-20 17:30:00+05:30,405.7991888444497,27.4,95.5,2024,7
2024-07-20 17:45:00+05:30,402.4303389128708,27.3,95.6,2024,7
2024-07-20 18:00:00+05:30,400.77958191680233,27.1,95.5,2024,7
2024-07-20 18:15:00+05:30,402.2926516764854,26.9,95.9,2024,7
2024-07-20 18:30:00+05:30,403.5083374516327,26.9,96.3,2024,7
2024-07-20 18:45:00+05:30,398.70368939658624,26.9,96.3,2024,7
2024-07-20 19:00:00+05:30,401.06421935639054,27.0,96.2,2024,7
2024-07-20 19:15:00+05:30,397.4064306418547,27.1,96.0,2024,7
2024-07-20 19:30:00+05:30,393.6569173481821,27.1,96.0,2024,7
2024-07-20 19:45:00+05:30,389.7085027265933,27.2,95.9,2024,7
2024-07-20 20:00:00+05:30,384.6490302916821,27.3,95.9,2024,7
2024-07-20 20:15:00+05:30,378.6446733851117,27.3,96.1,2024,7
2024-07-20 20:30:00+05:30,377.9696396558165,27.2,96.0,2024,7
2024-07-20 20:45:00+05:30,371.4182261031753,27.1,96.2,2024,7
2024-07-20 21:00:00+05:30,368.33729388658577,27.2,96.3,2024,7
2024-07-20 21:15:00+05:30,365.1716192875895,27.2,96.1,2024,7
2024-07-20 21:30:00+05:30,362.5197488970577,27.2,96.2,2024,7
2024-07-20 21:45:00+05:30,356.885095048455,27.3,96.3,2024,7
2024-07-20 22:00:00+05:30,352.1191270131732,27.3,96.2,2024,7
2024-07-20 22:15:00+05:30,345.4319735270176,27.4,96.1,2024,7
2024-07-20 22:30:00+05:30,343.8104689864053,27.4,96.0,2024,7
2024-07-20 22:45:00+05:30,340.4568259878272,27.5,95.7,2024,7
2024-07-20 23:00:00+05:30,335.94114607085334,27.5,95.6,2024,7
2024-07-20 23:15:00+05:30,332.4974619411435,27.6,95.5,2024,7
2024-07-20 23:30:00+05:30,328.645784961957,27.6,95.5,2024,7
2024-07-20 23:45:00+05:30,324.84335991207706,27.6,95.3,2024,7
2024-07-21 00:00:00+05:30,319.90222377656744,27.7,94.8,2024,7
2024-07-21 00:15:00+05:30,317.2030927388248,27.6,95.0,2024,7
2024-07-21 00:30:00+05:30,313.7322126574667,27.6,95.1,2024,7
2024-07-21 00:45:00+05:30,308.7721836365321,27.5,95.3,2024,7
2024-07-21 01:00:00+05:30,304.3173834796476,27.3,95.8,2024,7
2024-07-21 01:15:00+05:30,298.21040923420804,27.3,96.2,2024,7
2024-07-21 01:30:00+05:30,294.54761059741054,27.3,96.1,2024,7
2024-07-21 01:45:00+05:30,293.05401440733306,27.4,96.3,2024,7
2024-07-21 02:00:00+05:30,298.50292644602115,27.4,96.3,2024,7
2024-07-21 02:15:00+05:30,290.6056194814609,27.5,96.1,2024,7
2024-07-21 02:30:00+05:30,291.16131199387814,27.3,96.1,2024,7
2024-07-21 02:45:00+05:30,288.3600294265533,27.1,96.2,2024,7
2024-07-21 03:00:00+05:30,282.64275508285505,27.1,96.4,2024,7
2024-07-21 03:15:00+05:30,282.4828063324408,27.2,96.6,2024,7
2024-07-21 03:30:00+05:30,281.25887325539,27.2,96.7,2024,7
2024-07-21 03:45:00+05:30,279.259490242507,27.3,96.8,2024,7
2024-07-21 04:00:00+05:30,275.9011229208264,27.3,96.9,2024,7
2024-07-21 04:15:00+05:30,278.5844016937168,27.3,96.9,2024,7
2024-07-21 04:30:00+05:30,277.9998011242502,27.2,96.9,2024,7
2024-07-21 04:45:00+05:30,277.49814705428975,27.2,96.9,2024,7
2024-07-21 05:00:00+05:30,275.6262123047153,27.1,96.8,2024,7
2024-07-21 05:15:00+05:30,276.0751849436133,27.0,96.7,2024,7
2024-07-21 05:30:00+05:30,275.3894943289669,27.0,96.8,2024,7
2024-07-21 05:45:00+05:30,276.6166141124726,27.0,96.9,2024,7
2024-07-21 06:00:00+05:30,279.50158983469964,27.1,97.1,2024,7
2024-07-21 06:15:00+05:30,285.55761626502306,27.1,97.2,2024,7
2024-07-21 06:30:00+05:30,289.06854890377315,27.3,97.2,2024,7
2024-07-21 06:45:00+05:30,285.56497779533913,27.3,97.1,2024,7
2024-07-21 07:00:00+05:30,288.7181260429312,27.3,97.0,2024,7
2024-07-21 07:15:00+05:30,294.36509325716247,27.4,97.0,2024,7
2024-07-21 07:30:00+05:30,299.0470726274741,27.6,96.9,2024,7
2024-07-21 07:45:00+05:30,300.3334142008952,27.8,96.8,2024,7
2024-07-21 08:00:00+05:30,310.1447520552464,27.9,96.5,2024,7
2024-07-21 08:15:00+05:30,319.4092093139713,28.0,96.4,2024,7
2024-07-21 08:30:00+05:30,322.2648069509057,28.1,96.0,2024,7
2024-07-21 08:45:00+05:30,327.3352029109583,28.05,95.5,2024,7
2024-07-21 09:00:00+05:30,334.8461540689007,28.025,95.3,2024,7
2024-07-21 09:15:00+05:30,338.5669312972232,28.0,95.3,2024,7
2024-07-21 09:30:00+05:30,344.74975932602,27.5,96.0,2024,7
2024-07-21 09:45:00+05:30,346.65688739729626,27.4,96.4,2024,7
2024-07-21 10:00:00+05:30,352.53731980203594,27.3,96.5,2024,7
2024-07-21 10:15:00+05:30,359.29744224452827,27.3,96.7,2024,7
2024-07-21 10:30:00+05:30,366.5742830542499,27.0,97.0,2024,7
2024-07-21 10:45:00+05:30,369.2130370831393,27.0,97.3,2024,7
2024-07-21 11:00:00+05:30,370.993383057393,26.9,97.4,2024,7
2024-07-21 11:15:00+05:30,374.3675636802705,27.0,97.6,2024,7
2024-07-21 11:30:00+05:30,373.3494457548178,27.0,97.5,2024,7
2024-07-21 11:45:00+05:30,374.0183974951594,26.8,97.5,2024,7
2024-07-21 12:00:00+05:30,373.4837421686973,26.8,97.8,2024,7
2024-07-21 12:15:00+05:30,372.6472098644788,26.4,97.8,2024,7
2024-07-21 12:30:00+05:30,369.8811716971029,26.3,98.0,2024,7
2024-07-21 12:45:00+05:30,366.6484841261348,26.4,98.2,2024,7
2024-07-21 13:00:00+05:30,365.4016067789053,26.4,98.2,2024,7
2024-07-21 13:15:00+05:30,363.8007964538193,26.3,98.2,2024,7
2024-07-21 13:30:00+05:30,361.2718539590856,26.3,98.1,2024,7
2024-07-21 13:45:00+05:30,358.5602569182895,26.1,98.2,2024,7
2024-07-21 14:00:00+05:30,357.62088236462245,26.1,98.1,2024,7
2024-07-21 14:15:00+05:30,355.13606004772834,26.2,98.4,2024,7
2024-07-21 14:30:00+05:30,346.80397615812234,26.2,98.6,2024,7
2024-07-21 14:45:00+05:30,345.3785098586921,26.2,98.5,2024,7
2024-07-21 15:00:00+05:30,343.2176086534737,26.4,98.3,2024,7
2024-07-21 15:15:00+05:30,342.9027124372609,26.5,98.5,2024,7
2024-07-21 15:30:00+05:30,340.6075091079218,26.4,98.5,2024,7
2024-07-21 15:45:00+05:30,339.3271328269333,26.7,98.5,2024,7
2024-07-21 16:00:00+05:30,339.1258859162474,26.6,98.4,2024,7
2024-07-21 16:15:00+05:30,338.36906166080115,26.7,98.3,2024,7
2024-07-21 16:30:00+05:30,337.1802272941656,26.7,98.3,2024,7
2024-07-21 16:45:00+05:30,335.8200770139532,26.8,98.3,2024,7
2024-07-21 17:00:00+05:30,338.4797271260867,26.8,98.1,2024,7
2024-07-21 17:15:00+05:30,338.31625961840314,26.4,97.9,2024,7
2024-07-21 17:30:00+05:30,339.539351834257,26.3,98.1,2024,7
2024-07-21 17:45:00+05:30,338.8840577884923,26.5,98.3,2024,7
2024-07-21 18:00:00+05:30,340.4361711225823,26.5,98.3,2024,7
2024-07-21 18:15:00+05:30,340.5849238576568,26.7,98.4,2024,7
2024-07-21 18:30:00+05:30,341.9886968417105,26.8,98.4,2024,7
2024-07-21 18:45:00+05:30,342.3608728549335,26.9,98.1,2024,7
2024-07-21 19:00:00+05:30,347.54616575979776,26.9,97.8,2024,7
2024-07-21 19:15:00+05:30,347.87187634096364,26.9,97.7,2024,7
2024-07-21 19:30:00+05:30,349.87167301778163,27.0,97.8,2024,7
2024-07-21 19:45:00+05:30,348.6257645305458,26.8,97.6,2024,7
2024-07-21 20:00:00+05:30,347.5887053088369,26.8,97.5,2024,7
2024-07-21 20:15:00+05:30,347.7928794757979,26.9,97.5,2024,7
2024-07-21 20:30:00+05:30,346.3245610565854,27.0,97.6,2024,7
2024-07-21 20:45:00+05:30,346.5515959646025,27.0,97.5,2024,7
2024-07-21 21:00:00+05:30,344.18935270458564,26.9,97.3,2024,7
2024-07-21 21:15:00+05:30,342.9655766683896,27.0,96.8,2024,7
2024-07-21 21:30:00+05:30,338.8065000976576,27.1,96.5,2024,7
2024-07-21 21:45:00+05:30,337.67984559045493,27.2,96.5,2024,7
2024-07-21 22:00:00+05:30,332.0334200653733,27.2,96.6,2024,7
2024-07-21 22:15:00+05:30,328.8065128028176,27.4,96.7,2024,7
2024-07-21 22:30:00+05:30,329.77466748220536,27.4,96.7,2024,7
2024-07-21 22:45:00+05:30,324.3719657712272,27.5,96.7,2024,7
2024-07-21 23:00:00+05:30,321.4932224882533,27.6,96.7,2024,7
2024-07-21 23:15:00+05:30,317.9711422789434,27.6,96.6,2024,7
2024-07-21 23:30:00+05:30,312.87158750915705,27.5,96.5,2024,7
2024-07-21 23:45:00+05:30,310.2605967014771,27.1,96.5,2024,7
2024-07-22 00:00:00+05:30,304.27426843551603,27.1,96.9,2024,7
2024-07-22 00:15:00+05:30,299.46334450064944,27.2,97.0,2024,7
2024-07-22 00:30:00+05:30,296.5508714622453,27.3,97.1,2024,7
2024-07-22 00:45:00+05:30,293.8624391060061,27.3,97.0,2024,7
2024-07-22 01:00:00+05:30,289.5879887065421,27.4,97.2,2024,7
2024-07-22 01:15:00+05:30,286.3696849688424,27.5,97.2,2024,7
2024-07-22 01:30:00+05:30,284.7833471211244,27.6,97.0,2024,7
2024-07-22 01:45:00+05:30,283.18529741756004,27.7,97.0,2024,7
2024-07-22 02:00:00+05:30,284.35445762825856,27.7,96.8,2024,7
2024-07-22 02:15:00+05:30,278.8174950001596,27.7,96.5,2024,7
2024-07-22 02:30:00+05:30,276.1709681499992,27.7,96.5,2024,7
2024-07-22 02:45:00+05:30,273.98693397132325,27.7,96.4,2024,7
2024-07-22 03:00:00+05:30,271.7705177980978,27.8,96.2,2024,7
2024-07-22 03:15:00+05:30,271.9042456714328,27.7,95.4,2024,7
2024-07-22 03:30:00+05:30,270.9589008206876,27.7,95.3,2024,7
2024-07-22 03:45:00+05:30,269.9432767060838,27.7,95.2,2024,7
2024-07-22 04:00:00+05:30,269.0853684786112,27.8,95.4,2024,7
2024-07-22 04:15:00+05:30,269.764752696433,27.6,95.3,2024,7
2024-07-22 04:30:00+05:30,271.3341195481646,27.5,95.4,2024,7
2024-07-22 04:45:00+05:30,271.4078400546403,27.4,95.4,2024,7
2024-07-22 05:00:00+05:30,276.29948677586736,27.4,95.2,2024,7
2024-07-22 05:15:00+05:30,279.6985433971155,27.4,95.4,2024,7
2024-07-22 05:30:00+05:30,284.0979757244609,27.5,95.6,2024,7
2024-07-22 05:45:00+05:30,287.9308066413193,27.5,95.7,2024,7
2024-07-22 06:00:00+05:30,297.05717118484154,27.5,95.6,2024,7
2024-07-22 06:15:00+05:30,305.6429651094191,27.3,95.8,2024,7
2024-07-22 06:30:00+05:30,313.96090869015035,27.1,96.3,2024,7
2024-07-22 06:45:00+05:30,324.05353450724675,26.8,97.0,2024,7
2024-07-22 07:00:00+05:30,336.6140849587555,26.5,97.1,2024,7
2024-07-22 07:15:00+05:30,350.1603482125403,26.2,97.0,2024,7
2024-07-22 07:30:00+05:30,368.38285739118766,26.0,97.0,2024,7
2024-07-22 07:45:00+05:30,387.0228021569501,26.0,97.3,2024,7
2024-07-22 08:00:00+05:30,404.8466052476488,25.9,97.4,2024,7
2024-07-22 08:15:00+05:30,429.1077845528801,26.0,97.6,2024,7
2024-07-22 08:30:00+05:30,442.77368664467593,26.1,97.6,2024,7
2024-07-22 08:45:00+05:30,456.3050785100414,26.0,97.5,2024,7
2024-07-22 09:00:00+05:30,468.0374880105917,26.1,97.2,2024,7
2024-07-22 09:15:00+05:30,475.6975894536845,26.2,97.1,2024,7
2024-07-22 09:30:00+05:30,485.1113472290329,26.4,97.0,2024,7
2024-07-22 09:45:00+05:30,492.6653090277301,26.5,97.2,2024,7
2024-07-22 10:00:00+05:30,497.4296727310948,26.6,97.4,2024,7
2024-07-22 10:15:00+05:30,505.5324797485533,26.5,97.5,2024,7
2024-07-22 10:30:00+05:30,511.3392715770223,26.7,97.2,2024,7
2024-07-22 10:45:00+05:30,515.80645463458,27.0,97.1,2024,7
2024-07-22 11:00:00+05:30,515.9712321168615,27.1,97.2,2024,7
2024-07-22 11:15:00+05:30,518.6201711852291,27.3,97.3,2024,7
2024-07-22 11:30:00+05:30,518.7486419990269,27.5,97.2,2024,7
2024-07-22 11:45:00+05:30,512.9169035284805,27.4,97.1,2024,7
2024-07-22 12:00:00+05:30,504.622904819247,26.9,96.6,2024,7
2024-07-22 12:15:00+05:30,503.5114540482009,27.1,96.3,2024,7
2024-07-22 12:30:00+05:30,510.79864623638144,27.4,96.3,2024,7
2024-07-22 12:45:00+05:30,511.9078232228836,27.6,96.4,2024,7
2024-07-22 13:00:00+05:30,507.6283348093522,27.8,96.4,2024,7
2024-07-22 13:15:00+05:30,505.3411997887412,28.0,96.0,2024,7
2024-07-22 13:30:00+05:30,502.5990352096825,28.1,95.4,2024,7
2024-07-22 13:45:00+05:30,502.2125953954141,28.1,95.1,2024,7
2024-07-22 14:00:00+05:30,502.8938547584417,28.0,94.3,2024,7
2024-07-22 14:15:00+05:30,499.5400416274644,27.0,94.5,2024,7
2024-07-22 14:30:00+05:30,496.19858888383897,26.8,95.1,2024,7
2024-07-22 14:45:00+05:30,495.3224077036136,26.7,94.6,2024,7
2024-07-22 15:00:00+05:30,492.5251472848815,26.9,94.9,2024,7
2024-07-22 15:15:00+05:30,489.18584847553234,27.0,95.0,2024,7
2024-07-22 15:30:00+05:30,490.3182978942644,27.2,94.9,2024,7
2024-07-22 15:45:00+05:30,489.2995312565316,27.3,94.2,2024,7
2024-07-22 16:00:00+05:30,489.4437457900521,27.2,93.9,2024,7
2024-07-22 16:15:00+05:30,486.1668506920647,27.4,93.5,2024,7
2024-07-22 16:30:00+05:30,485.0322465441768,27.5,93.1,2024,7
2024-07-22 16:45:00+05:30,483.574193010322,27.7,93.4,2024,7
2024-07-22 17:00:00+05:30,482.1178152936959,27.7,93.8,2024,7
2024-07-22 17:15:00+05:30,477.15827546860174,27.7,93.7,2024,7
2024-07-22 17:30:00+05:30,471.3444628512498,27.7,93.2,2024,7
2024-07-22 17:45:00+05:30,464.8907860452708,27.7,93.2,2024,7
2024-07-22 18:00:00+05:30,461.3965492672023,27.5,93.5,2024,7
2024-07-22 18:15:00+05:30,454.6419360310856,27.0,94.2,2024,7
2024-07-22 18:30:00+05:30,447.5697943514327,26.8,94.9,2024,7
2024-07-22 18:45:00+05:30,444.26909876358616,26.8,95.0,2024,7
2024-07-22 19:00:00+05:30,438.0153738773906,26.9,95.3,2024,7
2024-07-22 19:15:00+05:30,429.5289017820545,26.9,95.6,2024,7
2024-07-22 19:30:00+05:30,422.26104955018207,27.1,95.9,2024,7
2024-07-22 19:45:00+05:30,418.2753013009933,26.9,96.1,2024,7
2024-07-22 20:00:00+05:30,413.584085019482,26.8,96.3,2024,7
2024-07-22 20:15:00+05:30,411.0487943367117,26.8,96.2,2024,7
2024-07-22 20:30:00+05:30,408.0857184236166,26.9,96.5,2024,7
2024-07-22 20:45:00+05:30,402.9174565225752,27.0,96.5,2024,7
2024-07-22 21:00:00+05:30,397.6144925963858,27.1,96.5,2024,7
2024-07-22 21:15:00+05:30,393.1131791797895,26.9,96.2,2024,7
2024-07-22 21:30:00+05:30,383.2813844978576,26.5,96.4,2024,7
2024-07-22 21:45:00+05:30,376.64769383665487,26.4,96.8,2024,7
2024-07-22 22:00:00+05:30,368.1199842621733,26.5,96.7,2024,7
2024-07-22 22:15:00+05:30,360.8557436710176,26.5,96.6,2024,7
2024-07-22 22:30:00+05:30,355.7777694204053,26.6,96.5,2024,7
2024-07-22 22:45:00+05:30,348.91145275322714,26.7,96.8,2024,7
2024-07-22 23:00:00+05:30,345.1593157990532,26.5,96.8,2024,7
2024-07-22 23:15:00+05:30,339.46082608574346,26.4,96.7,2024,7
2024-07-22 23:30:00+05:30,333.0657994185571,26.4,97.0,2024,7
2024-07-22 23:45:00+05:30,331.2291905768772,26.3,97.2,2024,7
2024-07-23 00:00:00+05:30,325.7685915703344,26.3,97.2,2024,7
2024-07-23 00:15:00+05:30,319.8751081846422,26.4,97.2,2024,7
2024-07-23 00:30:00+05:30,317.4233996075079,26.5,97.4,2024,7
2024-07-23 00:45:00+05:30,312.8036877552297,26.3,97.4,2024,7
2024-07-23 01:00:00+05:30,306.81004205897534,26.2,97.3,2024,7
2024-07-23 01:15:00+05:30,302.89154439505586,26.2,97.1,2024,7
2024-07-23 01:30:00+05:30,298.2276503970554,26.2,97.0,2024,7
2024-07-23 01:45:00+05:30,296.31742485982846,26.3,97.2,2024,7
2024-07-23 02:00:00+05:30,298.70989462338974,26.4,97.4,2024,7
2024-07-23 02:15:00+05:30,291.90698368078824,26.3,97.6,2024,7
2024-07-23 02:30:00+05:30,290.41811150716643,26.4,97.8,2024,7
2024-07-23 02:45:00+05:30,289.6460539709299,26.4,97.8,2024,7
2024-07-23 03:00:00+05:30,287.31887198922743,26.5,97.8,2024,7
2024-07-23 03:15:00+05:30,286.43437474005054,26.6,97.8,2024,7
2024-07-23 03:30:00+05:30,285.7064532381618,26.5,97.7,2024,7
2024-07-23 03:45:00+05:30,283.22599840450385,26.3,97.5,2024,7
2024-07-23 04:00:00+05:30,281.5346600000231,26.1,97.5,2024,7
2024-07-23 04:15:00+05:30,283.8647892131371,25.9,98.0,2024,7
2024-07-23 04:30:00+05:30,286.0852382401808,25.9,97.9,2024,7
2024-07-23 04:45:00+05:30,288.0462759846165,26.0,98.0,2024,7
2024-07-23 05:00:00+05:30,288.41410307398843,26.1,98.0,2024,7
2024-07-23 05:15:00+05:30,293.41091724998176,26.2,97.9,2024,7
2024-07-23 05:30:00+05:30,300.69573340943896,26.3,97.9,2024,7
2024-07-23 05:45:00+05:30,302.9323941516154,26.4,97.6,2024,7
2024-07-23 06:00:00+05:30,310.5326336559184,26.5,97.4,2024,7
2024-07-23 06:15:00+05:30,320.33934430749235,26.5,97.2,2024,7
2024-07-23 06:30:00+05:30,330.18587151823874,26.6,96.9,2024,7
2024-07-23 06:45:00+05:30,342.47544213934543,26.7,96.8,2024,7
2024-07-23 07:00:00+05:30,354.66034601409194,26.8,96.8,2024,7
2024-07-23 07:15:00+05:30,372.6064380961221,26.7,96.9,2024,7
2024-07-23 07:30:00+05:30,380.84937812878775,26.7,96.8,2024,7
2024-07-23 07:45:00+05:30,404.9161300716364,26.9,97.0,2024,7
2024-07-23 08:00:00+05:30,428.6287877261663,27.0,97.1,2024,7
2024-07-23 08:15:00+05:30,442.71663801378014,27.0,96.9,2024,7
2024-07-23 08:30:00+05:30,457.1349555721558,26.9,96.9,2024,7
2024-07-23 08:45:00+05:30,471.1556575210818,26.7,96.9,2024,7
2024-07-23 09:00:00+05:30,483.4637635754245,26.8,97.0,2024,7
2024-07-23 09:15:00+05:30,494.5684391093796,27.0,96.9,2024,7
2024-07-23 09:30:00+05:30,506.7973095281564,27.2,97.0,2024,7
2024-07-23 09:45:00+05:30,514.2138372361118,27.5,96.9,2024,7
2024-07-23 10:00:00+05:30,523.5761816543493,27.8,96.6,2024,7
2024-07-23 10:15:00+05:30,528.9881825316389,27.9,96.3,2024,7
2024-07-23 10:30:00+05:30,534.2646999518322,28.2,96.0,2024,7
2024-07-23 10:45:00+05:30,538.5035002818832,28.4,94.7,2024,7
2024-07-23 11:00:00+05:30,540.3194600389593,28.7,94.0,2024,7
2024-07-23 11:15:00+05:30,538.1999953365455,28.5,93.8,2024,7
2024-07-23 11:30:00+05:30,536.2728459819583,28.6,93.9,2024,7
2024-07-23 11:45:00+05:30,535.6494203564396,28.9,92.6,2024,7
2024-07-23 12:00:00+05:30,537.4199915007422,28.55,92.2,2024,7
2024-07-23 12:15:00+05:30,532.386996069653,28.375,91.5,2024,7
2024-07-23 12:30:00+05:30,530.778855789231,28.2875,91.8,2024,7
2024-07-23 12:45:00+05:30,531.2709274487164,28.24375,91.95,2024,7
2024-07-23 13:00:00+05:30,525.8423618249886,28.221875,92.025,2024,7
2024-07-23 13:15:00+05:30,526.2710686694589,28.2109375,92.0625,2024,7
2024-07-23 13:30:00+05:30,520.9527716562292,28.20546875,92.08125,2024,7
2024-07-23 13:45:00+05:30,519.6921996158403,28.202734375,92.090625,2024,7
2024-07-23 14:00:00+05:30,516.9994654556605,28.2,92.0953125,2024,7
2024-07-23 14:15:00+05:30,513.1513049274432,28.0,92.1,2024,7
2024-07-23 14:30:00+05:30,514.8708634778893,28.1,92.7,2024,7
2024-07-23 14:45:00+05:30,513.6091555836721,27.8,93.0,2024,7
2024-07-23 15:00:00+05:30,511.2824719953891,27.4,94.0,2024,7
2024-07-23 15:15:00+05:30,511.0206461878348,27.1,94.5,2024,7
2024-07-23 15:30:00+05:30,508.6070185867622,27.0,94.8,2024,7
2024-07-23 15:45:00+05:30,506.62722792442446,27.0,95.0,2024,7
2024-07-23 16:00:00+05:30,505.2494117591398,27.4,95.3,2024,7
2024-07-23 16:15:00+05:30,502.7778997737477,27.5,95.5,2024,7
2024-07-23 16:30:00+05:30,501.4665038088351,27.5,95.0,2024,7
2024-07-23 16:45:00+05:30,496.7356599565408,27.6,94.2,2024,7
2024-07-23 17:00:00+05:30,495.24395589111305,27.7,93.9,2024,7
2024-07-23 17:15:00+05:30,490.3395543896009,27.7,93.8,2024,7
2024-07-23 17:30:00+05:30,483.9349002247199,27.5,94.6,2024,7
2024-07-23 17:45:00+05:30,477.4980622716806,27.3,94.9,2024,7
2024-07-23 18:00:00+05:30,474.9091439261292,27.2,95.5,2024,7
2024-07-23 18:15:00+05:30,472.6448500643143,27.2,95.8,2024,7
2024-07-23 18:30:00+05:30,466.4581125342342,27.3,96.1,2024,7
2024-07-23 18:45:00+05:30,458.1543533784236,27.3,96.1,2024,7
2024-07-23 19:00:00+05:30,454.3756510415747,27.2,96.0,2024,7
2024-07-23 19:15:00+05:30,443.5614859693227,27.0,96.3,2024,7
2024-07-23 19:30:00+05:30,437.1200153956429,26.9,96.8,2024,7
2024-07-23 19:45:00+05:30,432.0192910431449,26.5,97.3,2024,7
2024-07-23 20:00:00+05:30,422.5295420138914,26.4,97.5,2024,7
2024-07-23 20:15:00+05:30,415.8994036782649,26.5,97.3,2024,7
2024-07-23 20:30:00+05:30,410.8894407444025,26.6,97.3,2024,7
2024-07-23 20:45:00+05:30,404.0071194490906,26.8,97.4,2024,7
2024-07-23 21:00:00+05:30,395.4249386465585,26.8,97.4,2024,7
2024-07-23 21:15:00+05:30,393.17759846291136,27.0,97.4,2024,7
2024-07-23 21:30:00+05:30,391.4073477392933,27.0,97.3,2024,7
2024-07-23 21:45:00+05:30,385.2080750671266,26.8,97.2,2024,7
2024-07-23 22:00:00+05:30,377.3139385676714,26.9,97.2,2024,7
2024-07-23 22:15:00+05:30,372.70892801732265,27.0,97.0,2024,7
2024-07-23 22:30:00+05:30,367.1126642766503,27.1,97.0,2024,7
2024-07-23 22:45:00+05:30,364.35314199395583,26.9,96.9,2024,7
2024-07-23 23:00:00+05:30,359.04055866323165,26.7,97.1,2024,7
2024-07-23 23:15:00+05:30,350.11477967360366,26.7,97.1,2024,7
2024-07-23 23:30:00+05:30,344.23734026917424,26.8,97.1,2024,7
2024-07-23 23:45:00+05:30,340.0702104910707,26.6,96.8,2024,7
2024-07-24 00:00:00+05:30,336.0526054343133,26.78,96.8,2024,7
2024-07-24 00:15:00+05:30,333.187173722537,26.94,96.98,2024,7
2024-07-24 00:30:00+05:30,326.953394327222,27.05,97.125,2024,7
2024-07-24 00:45:00+05:30,326.5058759467204,27.200000000000003,96.7,2024,7
2024-07-24 01:00:00+05:30,321.8578987941411,27.1,96.425,2024,7
2024-07-24 01:15:00+05:30,319.67761573491686,27.200000000000003,96.4,2024,7
2024-07-24 01:30:00+05:30,316.28306931150576,27.325,96.275,2024,7
2024-07-24 01:45:00+05:30,311.9302977619671,27.3,95.95,2024,7
2024-07-24 02:00:00+05:30,311.367133962088,27.200000000000003,95.775,2024,7
2024-07-24 02:15:00+05:30,302.98382240842614,27.25,95.775,2024,7
2024-07-24 02:30:00+05:30,301.49597795411034,27.325,95.925,2024,7
2024-07-24 02:45:00+05:30,300.52998306018003,27.275,95.825,2024,7
2024-07-24 03:00:00+05:30,297.87867386355435,26.9,95.725,2024,7
2024-07-24 03:15:00+05:30,296.6549947320008,26.98,95.08,2024,7
2024-07-24 03:30:00+05:30,295.0487449922261,27.02,95.1,2024,7
2024-07-24 03:45:00+05:30,292.4506099528081,27.22,95.38000000000002,2024,7
2024-07-24 04:00:00+05:30,291.2042628529216,27.4,95.42000000000002,2024,7
2024-07-24 04:15:00+05:30,291.7223099320331,27.5,95.62,2024,7
2024-07-24 04:30:00+05:30,293.5871035708549,27.6,95.48,2024,7
2024-07-24 04:45:00+05:30,295.1650760133858,27.72,94.5,2024,7
2024-07-24 05:00:00+05:30,297.7985030353096,27.74,93.9,2024,7
2024-07-24 05:15:00+05:30,297.5003309055488,27.7,93.38,2024,7
2024-07-24 05:30:00+05:30,305.90655489422267,27.76,93.36,2024,7
2024-07-24 05:45:00+05:30,308.75646828061423,27.7,93.9,2024,7
2024-07-24 06:00:00+05:30,317.27156248537,27.7,94.22,2024,7
2024-07-24 06:15:00+05:30,329.29793976647704,27.64,94.0,2024,7
2024-07-24 06:30:00+05:30,338.2623955667413,27.7,93.84,2024,7
2024-07-24 06:45:00+05:30,346.88355749678334,27.74,93.48,2024,7
2024-07-24 07:00:00+05:30,357.04690741430176,27.5,92.86,2024,7
2024-07-24 07:15:00+05:30,371.5822989113711,27.34,93.2,2024,7
2024-07-24 07:30:00+05:30,390.1923059978227,27.18,94.16,2024,7
2024-07-24 07:45:00+05:30,409.6838781995172,27.360000000000003,94.44,2024,7
2024-07-24 08:00:00+05:30,431.7172274306456,27.54,94.36,2024,7
2024-07-24 08:15:00+05:30,449.2340025943024,27.64,93.9,2024,7
2024-07-24 08:30:00+05:30,466.895379324044,27.62,93.6,2024,7
2024-07-24 08:45:00+05:30,480.422879003789,27.62,94.0,2024,7
2024-07-24 09:00:00+05:30,490.7891823207208,27.24,94.18000000000002,2024,7
2024-07-24 09:15:00+05:30,499.64587598956274,27.0,95.1,2024,7
2024-07-24 09:30:00+05:30,510.5988007781365,27.22,95.34,2024,7
2024-07-24 09:45:00+05:30,516.0545589935064,27.160000000000004,94.74,2024,7
2024-07-24 10:00:00+05:30,519.7296483204256,27.16,95.32,2024,7
2024-07-24 10:15:00+05:30,524.0797381342858,27.26,95.96,2024,7
2024-07-24 10:30:00+05:30,530.5593508520301,27.380000000000003,95.92,2024,7
2024-07-24 10:45:00+05:30,534.9938076199729,27.56,94.9,2024,7
2024-07-24 11:00:00+05:30,533.9559296667163,27.74,94.68,2024,7
2024-07-24 11:15:00+05:30,532.2334619398149,27.9,94.26,2024,7
2024-07-24 11:30:00+05:30,534.344707623999,28.02,93.94,2024,7
2024-07-24 11:45:00+05:30,532.1854956277726,28.140000000000004,93.48,2024,7
2024-07-24 12:00:00+05:30,531.2548630617397,28.0,93.12,2024,7
2024-07-24 12:15:00+05:30,529.4074638915394,28.2,92.52,2024,7
2024-07-24 12:30:00+05:30,527.0742647355646,28.26,92.4,2024,7
2024-07-24 12:45:00+05:30,525.9318202478249,28.32,91.66,2024,7
2024-07-24 13:00:00+05:30,522.3226991685807,28.379999999999995,91.52,2024,7
2024-07-24 13:15:00+05:30,519.4866474778555,28.52,91.1,2024,7
2024-07-24 13:30:00+05:30,514.869301434602,28.360000000000003,91.43,2024,7
2024-07-24 13:45:00+05:30,511.0230314243017,27.520000000000003,91.76000000000002,2024,7
2024-07-24 14:00:00+05:30,508.886797143812,27.52,92.3,2024,7
2024-07-24 14:15:00+05:30,511.010397657875,27.64,92.98,2024,7
2024-07-24 14:30:00+05:30,514.1714994963111,27.76,92.66,2024,7
2024-07-24 14:45:00+05:30,512.3672498093725,27.8,93.54,2024,7
2024-07-24 15:00:00+05:30,512.5295452439489,27.72,93.68,2024,7
2024-07-24 15:15:00+05:30,513.507899734659,27.5,94.24,2024,7
2024-07-24 15:30:00+05:30,511.56277175528567,27.340000000000003,94.86,2024,7
2024-07-24 15:45:00+05:30,507.610453169829,27.5,94.84,2024,7
2024-07-24 16:00:00+05:30,505.92748707329406,27.76,94.3,2024,7
2024-07-24 16:15:00+05:30,505.40881899789,27.74,93.92,2024,7
2024-07-24 16:30:00+05:30,500.81940756730006,27.620000000000005,93.62,2024,7
2024-07-24 16:45:00+05:30,497.8303754627936,27.660000000000004,93.64,2024,7
2024-07-24 17:00:00+05:30,497.01192898389286,27.8,93.14,2024,7
2024-07-24 17:15:00+05:30,495.8462028523634,27.72000000000001,92.76,2024,7
2024-07-24 17:30:00+05:30,490.6854810122101,27.62,93.3,2024,7
2024-07-24 17:45:00+05:30,484.5447867071487,27.82,93.84,2024,7
2024-07-24 18:00:00+05:30,479.612284571219,27.860000000000003,93.94,2024,7
2024-07-24 18:15:00+05:30,476.01885042189286,27.76,94.18,2024,7
2024-07-24 18:30:00+05:30,471.0811207233686,27.84,93.92,2024,7
2024-07-24 18:45:00+05:30,468.0552533608827,27.9,93.58,2024,7
2024-07-24 19:00:00+05:30,458.03087353878897,27.860000000000003,93.48,2024,7
2024-07-24 19:15:00+05:30,450.9175914286425,27.860000000000003,94.02,2024,7
2024-07-24 19:30:00+05:30,441.8037016343622,27.12,95.06,2024,7
2024-07-24 19:45:00+05:30,436.1578344253694,26.860000000000003,96.26000000000002,2024,7
2024-07-24 20:00:00+05:30,427.27873771873954,26.9,96.36,2024,7
2024-07-24 20:15:00+05:30,421.8233350891333,26.860000000000003,95.92,2024,7
2024-07-24 20:30:00+05:30,414.2150669844038,26.76,95.42,2024,7
2024-07-24 20:45:00+05:30,403.29067719030985,26.78,95.1,2024,7
2024-07-24 21:00:00+05:30,398.2892343315472,26.82,95.04,2024,7
2024-07-24 21:15:00+05:30,391.1266904760816,26.860000000000003,95.42,2024,7
2024-07-24 21:30:00+05:30,382.3381659115514,26.840000000000003,95.56,2024,7
2024-07-24 21:45:00+05:30,375.5472135250794,26.64,95.6,2024,7
2024-07-24 22:00:00+05:30,368.7237971376062,26.68,96.06,2024,7
2024-07-24 22:15:00+05:30,364.1815732076611,26.860000000000003,96.34,2024,7
2024-07-24 22:30:00+05:30,359.6984466847433,27.08,96.5,2024,7
2024-07-24 22:45:00+05:30,352.7790273124056,27.059999999999995,96.56,2024,7
2024-07-24 23:00:00+05:30,348.63426290396126,26.860000000000003,97.02,2024,7
2024-07-24 23:15:00+05:30,345.1384338416045,26.92,97.2,2024,7
2024-07-24 23:30:00+05:30,336.68582769388865,26.880000000000003,97.38,2024,7
2024-07-24 23:45:00+05:30,334.6589633054626,27.04,97.28,2024,7
2024-07-25 00:00:00+05:30,329.8351524308526,27.08,97.52,2024,7
2024-07-25 00:15:00+05:30,327.5808935114396,27.1,97.58,2024,7
2024-07-25 00:30:00+05:30,320.90572725411386,26.98,97.48,2024,7
2024-07-25 00:45:00+05:30,314.8421205496208,26.94,97.68,2024,7
2024-07-25 01:00:00+05:30,309.7353428130043,26.96,98.0,2024,7
2024-07-25 01:15:00+05:30,306.074116199778,27.0,98.14,2024,7
2024-07-25 01:30:00+05:30,303.76465386875475,26.98,97.62,2024,7
2024-07-25 01:45:00+05:30,303.1856792567457,27.1,97.48,2024,7
2024-07-25 02:00:00+05:30,304.2262700770907,27.0,97.94,2024,7
2024-07-25 02:15:00+05:30,295.8261784448344,27.100000000000005,98.46,2024,7
2024-07-25 02:30:00+05:30,294.36516930808125,27.1,98.28,2024,7
2024-07-25 02:45:00+05:30,293.4203873978079,27.12,98.18,2024,7
2024-07-25 03:00:00+05:30,289.48909631869725,26.940000000000005,97.78,2024,7
2024-07-25 03:15:00+05:30,286.9432166019125,26.84,97.12000000000002,2024,7
2024-07-25 03:30:00+05:30,285.0710589705242,26.7,97.04,2024,7
2024-07-25 03:45:00+05:30,282.95178657748977,26.58,97.06,2024,7
2024-07-25 04:00:00+05:30,281.63177112924933,26.4,96.84,2024,7
2024-07-25 04:15:00+05:30,280.00356553993504,26.3,97.62,2024,7
2024-07-25 04:30:00+05:30,280.8224183363717,26.06,97.68,2024,7
2024-07-25 04:45:00+05:30,282.5209072429252,26.02,97.6,2024,7
2024-07-25 05:00:00+05:30,284.636342241245,26.2,97.62,2024,7
2024-07-25 05:15:00+05:30,286.61357776944266,26.16,97.68,2024,7
2024-07-25 05:30:00+05:30,289.3523673075848,26.3,97.8,2024,7
2024-07-25 05:45:00+05:30,293.0969670785802,26.56,97.9,2024,7
2024-07-25 06:00:00+05:30,304.4511283987578,26.54,97.86,2024,7
2024-07-25 06:15:00+05:30,315.312235631579,26.02,98.24,2024,7
2024-07-25 06:30:00+05:30,330.7081520318617,26.18,98.62000000000002,2024,7
2024-07-25 06:45:00+05:30,339.9967234714459,26.380000000000003,98.32,2024,7
2024-07-25 07:00:00+05:30,351.28104828975466,26.4,98.06,2024,7
2024-07-25 07:15:00+05:30,364.5612383623996,26.56,98.20000000000002,2024,7
2024-07-25 07:30:00+05:30,382.5566021239216,26.48,98.20000000000002,2024,7
2024-07-25 07:45:00+05:30,399.4177460904992,26.360000000000003,98.46,2024,7
2024-07-25 08:00:00+05:30,418.04963510483697,26.26,97.92,2024,7
2024-07-25 08:15:00+05:30,434.5299320717625,25.98,97.72,2024,7
2024-07-25 08:30:00+05:30,446.9077304041511,25.7,97.70000000000002,2024,7
2024-07-25 08:45:00+05:30,458.8060904602794,25.72,97.88,2024,7
2024-07-25 09:00:00+05:30,474.28158538426055,25.5,98.22,2024,7
2024-07-25 09:15:00+05:30,479.654592405569,25.46,98.44,2024,7
2024-07-25 09:30:00+05:30,493.0901894685872,25.62,98.5,2024,7
2024-07-25 09:45:00+05:30,497.7241386612294,25.66,98.68,2024,7
2024-07-25 10:00:00+05:30,503.0336072777814,25.8,98.92,2024,7
2024-07-25 10:15:00+05:30,505.3488304014786,26.04,99.0,2024,7
2024-07-25 10:30:00+05:30,513.951242038511,26.04,98.94,2024,7
2024-07-25 10:45:00+05:30,514.4057908675259,25.82,98.88,2024,7
2024-07-25 11:00:00+05:30,513.9854911444805,25.78,98.68,2024,7
2024-07-25 11:15:00+05:30,515.5364251308091,25.78,98.72,2024,7
2024-07-25 11:30:00+05:30,511.3858053034418,25.78,98.98,2024,7
2024-07-25 11:45:00+05:30,508.9991829542001,25.56,98.88,2024,7
2024-07-25 12:00:00+05:30,505.9243746599158,25.6,98.88,2024,7
2024-07-25 12:15:00+05:30,507.27662122427154,25.7,98.92,2024,7
2024-07-25 12:30:00+05:30,505.8251039618144,25.72,98.66,2024,7
2024-07-25 12:45:00+05:30,503.0449014974621,25.76,98.70000000000002,2024,7
2024-07-25 13:00:00+05:30,500.4345976308576,25.96,98.74,2024,7
2024-07-25 13:15:00+05:30,497.9551475625638,26.02,98.82,2024,7
2024-07-25 13:30:00+05:30,493.576797389645,26.28,98.72,2024,7
2024-07-25 13:45:00+05:30,492.1129287136847,26.66,98.38,2024,7
2024-07-25 14:00:00+05:30,494.0854328106152,26.96,98.14,2024,7
2024-07-25 14:15:00+05:30,495.7554490761856,26.9,98.0,2024,7
2024-07-25 14:30:00+05:30,497.8693547851724,27.0,97.88,2024,7
2024-07-25 14:45:00+05:30,499.6359054463469,26.9,97.72,2024,7
2024-07-25 15:00:00+05:30,497.3485663039386,26.74,97.42000000000002,2024,7
2024-07-25 15:15:00+05:30,494.8723795656866,26.42,97.42,2024,7
2024-07-25 15:30:00+05:30,491.3333171240175,26.32,97.48,2024,7
2024-07-25 15:45:00+05:30,488.2902853239291,26.44,97.56,2024,7
2024-07-25 16:00:00+05:30,487.2163520252948,26.64,97.62,2024,7
2024-07-25 16:15:00+05:30,484.3358964802404,26.8,97.68,2024,7
2024-07-25 16:30:00+05:30,481.888072912336,26.96,97.29999999999998,2024,7
2024-07-25 16:45:00+05:30,480.1041902952094,27.1,96.76,2024,7
2024-07-25 17:00:00+05:30,476.513914058658,27.14,96.18,2024,7
2024-07-25 17:15:00+05:30,474.71218703727936,27.059999999999995,96.06,2024,7
2024-07-25 17:30:00+05:30,470.42815636901344,27.02,96.26,2024,7
2024-07-25 17:45:00+05:30,466.2017291004353,27.020000000000003,96.34,2024,7
2024-07-25 18:00:00+05:30,455.9762891669241,26.6,96.34,2024,7
2024-07-25 18:15:00+05:30,450.4766702067888,25.825,97.35,2024,7
2024-07-25 18:30:00+05:30,439.9694322811013,26.14,97.0,2024,7
2024-07-25 18:45:00+05:30,439.4782350832185,25.62,97.38,2024,7
2024-07-25 19:00:00+05:30,435.797841838057,25.48,96.82,2024,7
2024-07-25 19:15:00+05:30,426.0286724356053,25.6,96.42,2024,7
2024-07-25 19:30:00+05:30,421.3456512754859,25.68,96.44,2024,7
2024-07-25 19:45:00+05:30,413.4967694227357,25.92,96.76,2024,7
2024-07-25 20:00:00+05:30,410.0808474044478,26.14,96.74,2024,7
2024-07-25 20:15:00+05:30,405.0878144262133,26.28,96.96,2024,7
2024-07-25 20:30:00+05:30,401.0317963404792,26.420000000000005,96.82,2024,7
2024-07-25 20:45:00+05:30,395.7645226139607,26.5,96.62,2024,7
2024-07-25 21:00:00+05:30,389.86082409518974,26.660000000000004,96.5,2024,7
2024-07-25 21:15:00+05:30,383.907925469971,26.8,96.42,2024,7
2024-07-25 21:30:00+05:30,377.4741744756421,26.9,96.20000000000002,2024,7
2024-07-25 21:45:00+05:30,369.1761734278449,26.96,95.94,2024,7
2024-07-25 22:00:00+05:30,362.77922819623,27.0,95.84,2024,7
2024-07-25 22:15:00+05:30,357.328664930192,27.0,95.9,2024,7
2024-07-25 22:30:00+05:30,354.7200058265687,27.06,96.0,2024,7
2024-07-25 22:45:00+05:30,349.295197958859,27.08,96.22,2024,7
2024-07-25 23:00:00+05:30,345.3074408805836,27.12,96.44,2024,7
2024-07-25 23:15:00+05:30,341.83409775321945,27.12,96.56,2024,7
2024-07-25 23:30:00+05:30,335.35946915937234,27.1,96.70000000000002,2024,7
2024-07-25 23:45:00+05:30,331.74843848140904,27.18,96.64,2024,7
2024-07-26 00:00:00+05:30,326.3197744249102,27.2,96.7,2024,7
2024-07-26 00:15:00+05:30,320.97371095064693,27.1,96.8,2024,7
2024-07-26 00:30:00+05:30,317.04489051909303,27.1,96.8,2024,7
2024-07-26 00:45:00+05:30,312.1808383639558,27.2,96.9,2024,7
2024-07-26 01:00:00+05:30,308.704757910675,27.2,96.8,2024,7
2024-07-26 01:15:00+05:30,303.9018553323903,27.2,96.7,2024,7
2024-07-26 01:30:00+05:30,303.2861280819882,27.1,96.5,2024,7
2024-07-26 01:45:00+05:30,299.018852071232,27.2,96.4,2024,7
2024-07-26 02:00:00+05:30,299.13456957783586,27.2,96.4,2024,7
2024-07-26 02:15:00+05:30,292.4748268459415,27.3,96.2,2024,7
2024-07-26 02:30:00+05:30,289.91505812609915,27.3,96.1,2024,7
2024-07-26 02:45:00+05:30,285.3745335769672,27.2,96.2,2024,7
2024-07-26 03:00:00+05:30,283.90256261856285,27.2,96.2,2024,7
2024-07-26 03:15:00+05:30,281.29726491847106,27.3,96.2,2024,7
2024-07-26 03:30:00+05:30,281.0951518354933,27.2,96.2,2024,7
2024-07-26 03:45:00+05:30,280.8112727865097,27.2,96.3,2024,7
2024-07-26 04:00:00+05:30,281.3304355258807,27.2,96.2,2024,7
2024-07-26 04:15:00+05:30,281.1104552371515,27.3,96.3,2024,7
2024-07-26 04:30:00+05:30,281.69562744249635,27.2,96.4,2024,7
2024-07-26 04:45:00+05:30,280.9730416648082,27.2,96.3,2024,7
2024-07-26 05:00:00+05:30,285.7555938438539,27.3,96.3,2024,7
2024-07-26 05:15:00+05:30,290.63981632081965,27.3,96.2,2024,7
2024-07-26 05:30:00+05:30,295.5717672605978,27.3,96.0,2024,7
2024-07-26 05:45:00+05:30,300.61714435844334,27.3,95.9,2024,7
2024-07-26 06:00:00+05:30,307.67628552287937,27.4,96.0,2024,7
2024-07-26 06:15:00+05:30,314.77374965803824,27.4,96.0,2024,7
2024-07-26 06:30:00+05:30,329.3859220307628,27.5,95.9,2024,7
2024-07-26 06:45:00+05:30,340.3450035104643,27.5,95.7,2024,7
2024-07-26 07:00:00+05:30,353.65985317107777,27.5,95.7,2024,7
2024-07-26 07:15:00+05:30,369.5198673180733,27.5,95.7,2024,7
2024-07-26 07:30:00+05:30,387.4428023123984,27.6,95.7,2024,7
2024-07-26 07:45:00+05:30,405.5373534821225,27.7,95.5,2024,7
2024-07-26 08:00:00+05:30,428.4521962780564,27.8,95.5,2024,7
2024-07-26 08:15:00+05:30,446.82101093686606,27.9,95.3,2024,7
2024-07-26 08:30:00+05:30,465.0525488767723,28.0,95.3,2024,7
2024-07-26 08:45:00+05:30,474.9379613188092,28.2,94.9,2024,7
2024-07-26 09:00:00+05:30,491.5456712161821,28.4,94.4,2024,7
2024-07-26 09:15:00+05:30,502.9614840970906,28.5,93.7,2024,7
2024-07-26 09:30:00+05:30,509.65279180113134,28.5,93.6,2024,7
2024-07-26 09:45:00+05:30,518.0241025634635,28.7,93.4,2024,7
2024-07-26 10:00:00+05:30,524.22322014695,28.8,92.8,2024,7
2024-07-26 10:15:00+05:30,530.8421082583556,28.9,92.2,2024,7
2024-07-26 10:30:00+05:30,536.9240145639212,29.1,91.6,2024,7
2024-07-26 10:45:00+05:30,537.826693543271,29.0,91.7,2024,7
2024-07-26 11:00:00+05:30,540.3339387221683,29.0,91.7,2024,7
2024-07-26 11:15:00+05:30,540.3695060720477,29.1,91.1,2024,7
2024-07-26 11:30:00+05:30,538.2250728389856,29.2,91.1,2024,7
2024-07-26 11:45:00+05:30,540.0317398869064,29.3,90.9,2024,7
2024-07-26 12:00:00+05:30,537.3044489713548,29.4,91.0,2024,7
2024-07-26 12:15:00+05:30,533.5043482067807,29.5,90.0,2024,7
2024-07-26 12:30:00+05:30,533.0492720729924,29.6,89.3,2024,7
2024-07-26 12:45:00+05:30,525.5990186818794,29.5,89.3,2024,7
2024-07-26 13:00:00+05:30,524.3830577742144,29.7,88.8,2024,7
2024-07-26 13:15:00+05:30,521.3289052789942,29.7,88.6,2024,7
2024-07-26 13:30:00+05:30,521.2315596385083,29.6,88.7,2024,7
2024-07-26 13:45:00+05:30,520.2534763478635,29.4,89.8,2024,7
2024-07-26 14:00:00+05:30,519.5364867836696,29.3,90.2,2024,7
2024-07-26 14:15:00+05:30,522.6860065999612,29.4,89.8,2024,7
2024-07-26 14:30:00+05:30,521.783210897747,29.3,90.1,2024,7
2024-07-26 14:45:00+05:30,521.6050099848527,29.3,89.7,2024,7
2024-07-26 15:00:00+05:30,522.5178783079474,29.3,89.2,2024,7
2024-07-26 15:15:00+05:30,518.7872260767557,29.3,89.4,2024,7
2024-07-26 15:30:00+05:30,513.8500547099212,29.2,89.4,2024,7
2024-07-26 15:45:00+05:30,511.44657480328505,29.1,89.3,2024,7
2024-07-26 16:00:00+05:30,512.2992154016495,29.0,89.8,2024,7
2024-07-26 16:15:00+05:30,506.2379941965117,28.9,89.9,2024,7
2024-07-26 16:30:00+05:30,502.8568305534377,28.9,90.4,2024,7
2024-07-26 16:45:00+05:30,500.07441259899593,29.0,89.6,2024,7
2024-07-26 17:00:00+05:30,498.10912475211103,28.8,90.1,2024,7
2024-07-26 17:15:00+05:30,495.6592420734915,28.7,91.4,2024,7
2024-07-26 17:30:00+05:30,492.5721787330372,28.6,91.8,2024,7
2024-07-26 17:45:00+05:30,486.2740552983572,28.6,91.9,2024,7
2024-07-26 18:00:00+05:30,483.6412030823623,28.6,92.0,2024,7
2024-07-26 18:15:00+05:30,477.8517879518812,28.5,92.5,2024,7
2024-07-26 18:30:00+05:30,468.6222577816711,28.5,92.5,2024,7
2024-07-26 18:45:00+05:30,462.89648290758697,28.4,92.8,2024,7
2024-07-26 19:00:00+05:30,457.5967554512611,28.4,92.4,2024,7
2024-07-26 19:15:00+05:30,454.6412824218318,28.4,92.4,2024,7
2024-07-26 19:30:00+05:30,441.807134394433,28.4,92.6,2024,7
2024-07-26 19:45:00+05:30,433.3473838197435,28.4,92.5,2024,7
2024-07-26 20:00:00+05:30,425.373468016808,28.4,92.6,2024,7
2024-07-26 20:15:00+05:30,421.02294770945616,28.4,92.4,2024,7
2024-07-26 20:30:00+05:30,412.726754660466,28.4,92.2,2024,7
2024-07-26 20:45:00+05:30,406.2168755089066,28.4,92.1,2024,7
2024-07-26 21:00:00+05:30,399.9706650693564,28.4,91.8,2024,7
2024-07-26 21:15:00+05:30,394.5782078349701,28.4,91.6,2024,7
2024-07-26 21:30:00+05:30,387.3654150927748,28.4,91.4,2024,7
2024-07-26 21:45:00+05:30,384.00622331093217,28.4,91.1,2024,7
2024-07-26 22:00:00+05:30,381.6269290621047,28.4,91.2,2024,7
2024-07-26 22:15:00+05:30,372.4314971626768,28.4,91.6,2024,7
2024-07-26 22:30:00+05:30,366.1245541080951,28.4,91.5,2024,7
2024-07-26 22:45:00+05:30,360.58650748266587,28.4,91.5,2024,7
2024-07-26 23:00:00+05:30,354.60823136384056,28.4,91.5,2024,7
2024-07-26 23:15:00+05:30,349.8749751649962,28.3,91.4,2024,7
2024-07-26 23:30:00+05:30,344.7217381336992,28.3,91.1,2024,7
2024-07-26 23:45:00+05:30,340.98263686640325,28.3,91.3,2024,7
2024-07-27 00:00:00+05:30,338.07622715911015,28.3,91.4,2024,7
2024-07-27 00:15:00+05:30,332.09426331604686,28.3,91.5,2024,7
2024-07-27 00:30:00+05:30,326.92823015049305,28.3,91.8,2024,7
2024-07-27 00:45:00+05:30,323.4882163149558,28.3,91.9,2024,7
2024-07-27 01:00:00+05:30,319.640209614875,28.2,91.6,2024,7
2024-07-27 01:15:00+05:30,313.9809727439903,28.1,91.6,2024,7
2024-07-27 01:30:00+05:30,308.9557349931881,28.1,91.6,2024,7
2024-07-27 01:45:00+05:30,306.432038106232,28.1,92.1,2024,7
2024-07-27 02:00:00+05:30,301.3410962130359,28.1,92.1,2024,7
2024-07-27 02:15:00+05:30,299.2561963729415,28.1,91.6,2024,7
2024-07-27 02:30:00+05:30,296.93172587669915,28.1,91.6,2024,7
2024-07-27 02:45:00+05:30,295.06581906876715,28.0,91.7,2024,7
2024-07-27 03:00:00+05:30,291.9374690553628,28.0,91.7,2024,7
2024-07-27 03:15:00+05:30,291.95825583147115,27.8,91.7,2024,7
2024-07-27 03:30:00+05:30,288.22919955629334,27.6,92.1,2024,7
2024-07-27 03:45:00+05:30,288.6051311021096,27.6,92.2,2024,7
2024-07-27 04:00:00+05:30,285.4695614952808,27.5,92.5,2024,7
2024-07-27 04:15:00+05:30,283.98138676575144,27.5,92.9,2024,7
2024-07-27 04:30:00+05:30,283.9507018588964,27.5,93.2,2024,7
2024-07-27 04:45:00+05:30,285.61525543700816,27.6,93.2,2024,7
2024-07-27 05:00:00+05:30,287.27695267025393,27.7,93.4,2024,7
2024-07-27 05:15:00+05:30,287.29211420901964,27.6,93.5,2024,7
2024-07-27 05:30:00+05:30,289.30226452719785,27.6,93.3,2024,7
2024-07-27 05:45:00+05:30,296.4633588522434,27.6,93.4,2024,7
2024-07-27 06:00:00+05:30,302.46629854387936,27.6,93.5,2024,7
2024-07-27 06:15:00+05:30,303.4176597738382,27.5,93.6,2024,7
2024-07-27 06:30:00+05:30,309.84153960096285,27.5,93.4,2024,7
2024-07-27 06:45:00+05:30,314.2132012192643,27.6,93.3,2024,7
2024-07-27 07:00:00+05:30,321.2488634962778,27.7,93.1,2024,7
2024-07-27 07:15:00+05:30,330.07073555787326,27.8,92.5,2024,7
2024-07-27 07:30:00+05:30,337.9010107413984,27.9,92.2,2024,7
2024-07-27 07:45:00+05:30,345.1942114189226,28.0,92.5,2024,7
2024-07-27 08:00:00+05:30,359.44012712285667,28.0,92.7,2024,7
2024-07-27 08:15:00+05:30,373.9204894222661,28.0,93.0,2024,7
2024-07-27 08:30:00+05:30,385.7119976141723,28.1,92.5,2024,7
2024-07-27 08:45:00+05:30,399.74274621840925,28.2,92.6,2024,7
2024-07-27 09:00:00+05:30,407.363480711382,28.2,92.6,2024,7
2024-07-27 09:15:00+05:30,415.79506158509054,28.3,92.7,2024,7
2024-07-27 09:30:00+05:30,422.7439906737313,28.5,92.2,2024,7
2024-07-27 09:45:00+05:30,429.2967374966637,28.9,90.7,2024,7
2024-07-27 10:00:00+05:30,438.33966485835015,29.2,89.6,2024,7
2024-07-27 10:15:00+05:30,445.2504449355557,29.4,88.9,2024,7
2024-07-27 10:30:00+05:30,456.5862013335213,29.4,88.6,2024,7
2024-07-27 10:45:00+05:30,463.3153899178709,29.4,88.4,2024,7
2024-07-27 11:00:00+05:30,462.9695011683684,29.35,87.9,2024,7
2024-07-27 11:15:00+05:30,463.0568527430478,29.3,88.8,2024,7
2024-07-27 11:30:00+05:30,463.4495442563855,29.2,89.1,2024,7
2024-07-27 11:45:00+05:30,458.24771523370646,28.6,89.7,2024,7
2024-07-27 12:00:00+05:30,457.7130799691548,28.5,90.2,2024,7
2024-07-27 12:15:00+05:30,450.2733528233808,28.7,90.1,2024,7
2024-07-27 12:30:00+05:30,448.8898964175926,28.7,89.3,2024,7
2024-07-27 12:45:00+05:30,450.77608215607927,28.8,89.2,2024,7
2024-07-27 13:00:00+05:30,446.0838816446144,28.8,89.4,2024,7
2024-07-27 13:15:00+05:30,440.4031135953943,28.9,89.2,2024,7
2024-07-27 13:30:00+05:30,434.8016712289082,28.9,90.4,2024,7
2024-07-27 13:45:00+05:30,435.9672778932634,29.1,90.8,2024,7
2024-07-27 14:00:00+05:30,432.88573410346976,29.2,89.7,2024,7
2024-07-27 14:15:00+05:30,438.6450130587612,29.2,87.9,2024,7
2024-07-27 14:30:00+05:30,438.6604536519472,29.1,88.3,2024,7
2024-07-27 14:45:00+05:30,435.5398129186528,29.3,86.8,2024,7
2024-07-27 15:00:00+05:30,437.1019721205474,29.5,87.2,2024,7
2024-07-27 15:15:00+05:30,439.07089183855584,29.4,88.1,2024,7
2024-07-27 15:30:00+05:30,433.8533225889213,29.1,89.2,2024,7
2024-07-27 15:45:00+05:30,427.12035068488495,29.2,89.0,2024,7
2024-07-27 16:00:00+05:30,426.3809079326495,28.7,89.8,2024,7
2024-07-27 16:15:00+05:30,423.9853393157116,28.4,91.1,2024,7
2024-07-27 16:30:00+05:30,417.7386464926379,28.2,91.6,2024,7
2024-07-27 16:45:00+05:30,414.399282537196,28.4,91.2,2024,7
2024-07-27 17:00:00+05:30,416.3241312749111,28.4,90.9,2024,7
2024-07-27 17:15:00+05:30,411.21153048969154,28.3,91.4,2024,7
2024-07-27 17:30:00+05:30,409.5348344602373,28.2,92.2,2024,7
2024-07-27 17:45:00+05:30,407.7792758777572,28.1,93.1,2024,7
2024-07-27 18:00:00+05:30,403.0234422799623,28.1,93.1,2024,7
2024-07-27 18:15:00+05:30,404.4332498970812,28.1,93.3,2024,7
2024-07-27 18:30:00+05:30,404.38202175747097,28.1,93.5,2024,7
2024-07-27 18:45:00+05:30,403.87058058898697,28.1,93.3,2024,7
2024-07-27 19:00:00+05:30,403.2560327574611,28.1,93.5,2024,7
2024-07-27 19:15:00+05:30,398.7511010694319,28.0,93.6,2024,7
2024-07-27 19:30:00+05:30,395.89239379483297,28.0,93.5,2024,7
2024-07-27 19:45:00+05:30,393.8140919415436,28.0,93.6,2024,7
2024-07-27 20:00:00+05:30,389.6368961508079,28.0,93.2,2024,7
2024-07-27 20:15:00+05:30,387.3489777058562,28.1,93.3,2024,7
2024-07-27 20:30:00+05:30,385.2738174808658,28.1,93.4,2024,7
2024-07-27 20:45:00+05:30,381.7775185995064,28.1,93.6,2024,7
2024-07-27 21:00:00+05:30,378.5669145293563,28.1,94.0,2024,7
2024-07-27 21:15:00+05:30,373.9657475591701,28.1,93.8,2024,7
2024-07-27 21:30:00+05:30,369.2221269703748,28.1,93.8,2024,7
2024-07-27 21:45:00+05:30,365.22625573153215,28.0,94.4,2024,7
2024-07-27 22:00:00+05:30,361.2078198139045,28.0,94.4,2024,7
2024-07-27 22:15:00+05:30,355.08052998387694,28.0,94.4,2024,7
2024-07-27 22:30:00+05:30,354.04121786929505,28.0,94.4,2024,7
2024-07-27 22:45:00+05:30,352.48733366386585,28.1,94.3,2024,7
2024-07-27 23:00:00+05:30,345.8365595358406,28.0,94.3,2024,7
2024-07-27 23:15:00+05:30,338.83616117799625,28.1,94.2,2024,7
2024-07-27 23:30:00+05:30,335.7594016974991,28.1,94.2,2024,7
2024-07-27 23:45:00+05:30,331.9005978576032,28.0,94.2,2024,7
2024-07-28 00:00:00+05:30,327.32411010555614,28.04,94.42,2024,7
2024-07-28 00:15:00+05:30,325.6206836469388,27.86,94.32,2024,7
2024-07-28 00:30:00+05:30,321.72002836749806,27.84,94.26,2024,7
2024-07-28 00:45:00+05:30,316.5507658403046,27.84,94.2,2024,7
2024-07-28 01:00:00+05:30,313.82676437909805,27.9,93.92,2024,7
2024-07-28 01:15:00+05:30,307.9005194857701,27.9,93.76,2024,7
2024-07-28 01:30:00+05:30,303.8474514307999,27.86,94.04,2024,7
2024-07-28 01:45:00+05:30,301.2969053886747,27.8,94.44,2024,7
2024-07-28 02:00:00+05:30,299.7379310166748,27.76,94.78,2024,7
2024-07-28 02:15:00+05:30,294.99884143166787,27.8,95.04,2024,7
2024-07-28 02:30:00+05:30,295.2924480405647,27.8,94.9,2024,7
2024-07-28 02:45:00+05:30,290.51150533012003,27.84,94.94,2024,7
2024-07-28 03:00:00+05:30,287.6103903727449,27.86,94.88,2024,7
2024-07-28 03:15:00+05:30,287.62790160651326,27.88,94.72,2024,7
2024-07-28 03:30:00+05:30,287.4706295740954,27.88,94.66,2024,7
2024-07-28 03:45:00+05:30,284.72172807019155,27.88,94.46,2024,7
2024-07-28 04:00:00+05:30,283.23445936553486,27.9,94.34,2024,7
2024-07-28 04:15:00+05:30,283.4100115054662,27.9,94.16,2024,7
2024-07-28 04:30:00+05:30,283.3909361844232,27.86,94.14,2024,7
2024-07-28 04:45:00+05:30,283.8227095837571,27.92,94.06,2024,7
2024-07-28 05:00:00+05:30,283.14634165673044,27.92,94.02,2024,7
2024-07-28 05:15:00+05:30,282.81422915089786,27.92,93.96,2024,7
2024-07-28 05:30:00+05:30,281.6989186259606,27.92,93.96,2024,7
2024-07-28 05:45:00+05:30,281.4660241753531,27.94,94.02,2024,7
2024-07-28 06:00:00+05:30,282.90465915050913,27.92,94.04,2024,7
2024-07-28 06:15:00+05:30,284.0532145154472,27.98,94.08,2024,7
2024-07-28 06:30:00+05:30,285.70901808749664,27.96,93.94,2024,7
2024-07-28 06:45:00+05:30,287.10704240182054,28.0,93.96,2024,7
2024-07-28 07:00:00+05:30,291.9230450915245,28.08,94.0,2024,7
2024-07-28 07:15:00+05:30,295.95810234633666,28.08,94.06,2024,7
2024-07-28 07:30:00+05:30,298.73811216014155,28.16,93.98,2024,7
2024-07-28 07:45:00+05:30,301.21779444270334,28.28,93.7,2024,7
2024-07-28 08:00:00+05:30,306.07395061778175,28.42,93.46,2024,7
2024-07-28 08:15:00+05:30,315.92841375965673,28.54,93.22,2024,7
2024-07-28 08:30:00+05:30,323.02906441207216,28.58,93.0,2024,7
2024-07-28 08:45:00+05:30,327.93370898291903,28.66,92.56,2024,7
2024-07-28 09:00:00+05:30,332.70127009270294,28.8,92.26,2024,7
2024-07-28 09:15:00+05:30,338.71176179092754,29.0,91.92,2024,7
2024-07-28 09:30:00+05:30,350.15819738976967,29.18,91.24,2024,7
2024-07-28 09:45:00+05:30,356.2294367134954,29.08,91.52,2024,7
2024-07-28 10:00:00+05:30,364.51441620137257,29.22,91.42,2024,7
2024-07-28 10:15:00+05:30,367.66177002247264,29.6,90.4,2024,7
2024-07-28 10:30:00+05:30,371.7477460287583,29.72,89.6,2024,7
2024-07-28 10:45:00+05:30,376.004798680167,29.74,88.92,2024,7
2024-07-28 11:00:00+05:30,381.7405341067845,29.78,88.24,2024,7
2024-07-28 11:15:00+05:30,384.0291031591078,29.82,88.25999999999999,2024,7
2024-07-28 11:30:00+05:30,383.7588512328039,29.8,88.27,2024,7
2024-07-28 11:45:00+05:30,384.8155243260418,29.7,88.275,2024,7
2024-07-28 12:00:00+05:30,386.39638775318326,29.74,88.2775,2024,7
2024-07-28 12:15:00+05:30,384.35102966475387,29.74,88.28,2024,7
2024-07-28 12:30:00+05:30,385.4353388189545,29.5,88.7,2024,7
2024-07-28 12:45:00+05:30,382.80519629804206,29.44,88.76,2024,7
2024-07-28 13:00:00+05:30,381.7363538221751,29.36,89.2,2024,7
2024-07-28 13:15:00+05:30,379.4226448258103,29.32,89.82,2024,7
2024-07-28 13:30:00+05:30,376.9562613355952,29.06,90.66,2024,7
2024-07-28 13:45:00+05:30,374.9565769933653,28.94,91.32,2024,7
2024-07-28 14:00:00+05:30,373.5600202308432,28.82,91.76,2024,7
2024-07-28 14:15:00+05:30,370.7976345281131,28.78,92.08,2024,7
2024-07-28 14:30:00+05:30,370.1395763407404,28.82,92.06,2024,7
2024-07-28 14:45:00+05:30,368.7584046951671,28.86,92.0,2024,7
2024-07-28 15:00:00+05:30,365.32742986424586,28.9,91.66,2024,7
2024-07-28 15:15:00+05:30,363.7824893167584,28.94,91.38,2024,7
2024-07-28 15:30:00+05:30,361.4615915383477,28.84,91.68,2024,7
2024-07-28 15:45:00+05:30,360.2524266714545,28.8,91.64,2024,7
2024-07-28 16:00:00+05:30,361.1936179993126,28.78,91.66,2024,7
2024-07-28 16:15:00+05:30,363.16163950035633,28.74,92.16,2024,7
2024-07-28 16:30:00+05:30,362.39081011451526,28.68,92.56,2024,7
2024-07-28 16:45:00+05:30,358.4067139550647,28.54,92.52,2024,7
2024-07-28 17:00:00+05:30,358.5122490121394,28.4,93.06,2024,7
2024-07-28 17:15:00+05:30,355.56946774144853,28.44,93.52,2024,7
2024-07-28 17:30:00+05:30,358.4798761880634,28.48,93.66,2024,7
2024-07-28 17:45:00+05:30,354.057971433505,28.46,93.44,2024,7
2024-07-28 18:00:00+05:30,354.8287702115822,28.52,93.1,2024,7
2024-07-28 18:15:00+05:30,357.58982254454884,28.44,93.2,2024,7
2024-07-28 18:30:00+05:30,359.52999099317594,28.44,93.26,2024,7
2024-07-28 18:45:00+05:30,360.10874204194005,28.4,93.52,2024,7
2024-07-28 19:00:00+05:30,362.40640296829565,28.32,93.56,2024,7
2024-07-28 19:15:00+05:30,363.3705130898078,28.32,93.44,2024,7
2024-07-28 19:30:00+05:30,364.53391653551375,28.28,93.68,2024,7
2024-07-28 19:45:00+05:30,364.3992402628279,28.24,93.86,2024,7
2024-07-28 20:00:00+05:30,365.59050468354167,28.22,94.1,2024,7
2024-07-28 20:15:00+05:30,365.0221907944669,28.2,94.32,2024,7
2024-07-28 20:30:00+05:30,363.8519057917859,28.2,94.48,2024,7
2024-07-28 20:45:00+05:30,361.1333571625248,28.18,94.58,2024,7
2024-07-28 21:00:00+05:30,359.92346080547674,28.2,94.48,2024,7
2024-07-28 21:15:00+05:30,361.144471319663,28.2,94.38,2024,7
2024-07-28 21:30:00+05:30,357.2876150927748,28.22,94.42,2024,7
2024-07-28 21:45:00+05:30,354.92842331093226,28.22,94.4,2024,7
2024-07-28 22:00:00+05:30,350.61272906210473,28.2,94.32,2024,7
2024-07-28 22:15:00+05:30,347.2264971626768,28.22,94.26,2024,7
2024-07-28 22:30:00+05:30,349.63335410809515,28.22,94.34,2024,7
2024-07-28 22:45:00+05:30,343.1271074826659,28.24,94.5,2024,7
2024-07-28 23:00:00+05:30,339.08523136384065,28.24,94.34,2024,7
2024-07-28 23:15:00+05:30,335.3837751649963,28.24,94.34,2024,7
2024-07-28 23:30:00+05:30,333.10333813369914,28.22,94.36,2024,7
2024-07-28 23:45:00+05:30,329.3960368664033,28.22,94.34,2024,7
2024-07-29 00:00:00+05:30,326.9702499240185,28.2,94.4,2024,7
2024-07-29 00:15:00+05:30,319.9567355326368,28.2,94.4,2024,7
2024-07-29 00:30:00+05:30,316.4523237539404,28.2,94.3,2024,7
2024-07-29 00:45:00+05:30,314.1785126657975,28.2,94.2,2024,7
2024-07-29 01:00:00+05:30,306.5231601740083,28.1,94.5,2024,7
2024-07-29 01:15:00+05:30,302.31282099502755,28.0,94.9,2024,7
2024-07-29 01:30:00+05:30,300.2871493024349,27.9,95.2,2024,7
2024-07-29 01:45:00+05:30,296.2513610602208,27.9,95.5,2024,7
2024-07-29 02:00:00+05:30,293.57097196802994,27.9,95.6,2024,7
2024-07-29 02:15:00+05:30,292.1082775500315,27.9,95.8,2024,7
2024-07-29 02:30:00+05:30,288.22715325383774,27.8,96.0,2024,7
2024-07-29 02:45:00+05:30,286.23076876313405,27.8,96.2,2024,7
2024-07-29 03:00:00+05:30,285.7272859733441,27.7,96.2,2024,7
2024-07-29 03:15:00+05:30,284.0794938729381,27.8,96.2,2024,7
2024-07-29 03:30:00+05:30,282.1346763809689,27.8,96.2,2024,7
2024-07-29 03:45:00+05:30,281.1767532568064,27.8,96.3,2024,7
2024-07-29 04:00:00+05:30,281.2459223182807,27.7,96.3,2024,7
2024-07-29 04:15:00+05:30,281.0466861402292,27.7,96.5,2024,7
2024-07-29 04:30:00+05:30,281.1342369442572,27.7,96.6,2024,7
2024-07-29 04:45:00+05:30,280.2317353672281,27.7,96.6,2024,7
2024-07-29 05:00:00+05:30,283.7298428208184,27.7,96.9,2024,7
2024-07-29 05:15:00+05:30,288.57981253711614,27.7,96.9,2024,7
2024-07-29 05:30:00+05:30,294.02438199474574,27.6,97.0,2024,7
2024-07-29 05:45:00+05:30,301.61542126062966,27.6,97.0,2024,7
2024-07-29 06:00:00+05:30,308.0841638612852,27.6,96.9,2024,7
2024-07-29 06:15:00+05:30,317.30230224150426,27.6,96.9,2024,7
2024-07-29 06:30:00+05:30,329.7303665558184,27.6,96.8,2024,7
2024-07-29 06:45:00+05:30,338.19960984884136,27.7,96.7,2024,7
2024-07-29 07:00:00+05:30,347.1515415420942,27.8,96.6,2024,7
2024-07-29 07:15:00+05:30,367.216853288179,27.8,96.4,2024,7
2024-07-29 07:30:00+05:30,384.3163718562169,28.0,96.1,2024,7
2024-07-29 07:45:00+05:30,400.8974408152383,28.0,95.9,2024,7
2024-07-29 08:00:00+05:30,420.7392001397762,28.1,95.7,2024,7
2024-07-29 08:15:00+05:30,441.4589195683659,28.2,95.2,2024,7
2024-07-29 08:30:00+05:30,455.4976565978985,28.3,94.8,2024,7
2024-07-29 08:45:00+05:30,472.2634799097349,28.5,94.1,2024,7
2024-07-29 09:00:00+05:30,479.9999322791254,28.5,93.7,2024,7
2024-07-29 09:15:00+05:30,495.94426875125504,28.6,93.3,2024,7
2024-07-29 09:30:00+05:30,507.0148605914585,28.7,92.9,2024,7
2024-07-29 09:45:00+05:30,512.3288273237933,28.8,92.0,2024,7
2024-07-29 10:00:00+05:30,521.3294172499324,28.5,91.3,2024,7
2024-07-29 10:15:00+05:30,516.8308047308301,27.7,93.5,2024,7
2024-07-29 10:30:00+05:30,520.1845074262179,27.5,93.2,2024,7
2024-07-29 10:45:00+05:30,518.2725826673369,27.5,94.2,2024,7
2024-07-29 11:00:00+05:30,523.2923512689176,29.78,88.24,2024,7
2024-07-29 11:15:00+05:30,521.0517939165699,29.82,87.94,2024,7
2024-07-29 11:30:00+05:30,519.5725869767421,29.8,87.64,2024,7
2024-07-29 11:45:00+05:30,530.8779107151034,29.7,87.84,2024,7
2024-07-29 12:00:00+05:30,533.5465981213384,29.74,87.84,2024,7
2024-07-29 12:15:00+05:30,530.6684813310227,29.74,88.28,2024,7
2024-07-29 12:30:00+05:30,527.598055982889,29.5,88.7,2024,7
2024-07-29 12:45:00+05:30,525.1550261683199,29.44,88.76,2024,7
2024-07-29 13:00:00+05:30,522.1575471833107,29.36,89.2,2024,7
2024-07-29 13:15:00+05:30,516.7004388488568,29.32,89.82,2024,7
2024-07-29 13:30:00+05:30,511.16771092642045,29.06,90.66,2024,7
2024-07-29 13:45:00+05:30,512.0333608404035,28.94,91.32,2024,7
2024-07-29 14:00:00+05:30,514.1789460449215,28.82,91.76,2024,7
2024-07-29 14:15:00+05:30,513.3041538685948,28.78,92.08,2024,7
2024-07-29 14:30:00+05:30,511.6711738599028,28.82,92.06,2024,7
2024-07-29 14:45:00+05:30,513.1677863205471,28.86,92.0,2024,7
2024-07-29 15:00:00+05:30,512.3656522907739,28.9,91.66,2024,7
2024-07-29 15:15:00+05:30,513.4531090489163,28.94,91.38,2024,7
2024-07-29 15:30:00+05:30,512.5611542915404,28.84,91.68,2024,7
2024-07-29 15:45:00+05:30,512.4848084109088,28.8,91.64,2024,7
2024-07-29 16:00:00+05:30,512.2904262126731,28.78,91.66,2024,7
2024-07-29 16:15:00+05:30,507.1223876026645,28.74,92.16,2024,7
2024-07-29 16:30:00+05:30,502.66515394325927,28.68,92.56,2024,7
2024-07-29 16:45:00+05:30,497.3618749911862,28.54,92.52,2024,7
2024-07-29 17:00:00+05:30,497.1079073999478,28.4,93.06,2024,7
2024-07-29 17:15:00+05:30,491.8107751571336,28.44,93.52,2024,7
2024-07-29 17:30:00+05:30,484.7818818261579,28.48,93.66,2024,7
2024-07-29 17:45:00+05:30,476.38367187676886,28.46,93.44,2024,7
2024-07-29 18:00:00+05:30,473.1746440511705,28.52,93.1,2024,7
2024-07-29 18:15:00+05:30,463.9468401510797,28.44,93.2,2024,7
2024-07-29 18:30:00+05:30,569.8004107636709,28.44,93.26,2024,7
2024-07-29 18:45:00+05:30,564.7709018551869,28.4,93.52,2024,7
2024-07-29 19:00:00+05:30,557.0171231996611,28.32,93.56,2024,7
2024-07-29 19:15:00+05:30,552.1129341466318,28.32,93.44,2024,7
2024-07-29 19:30:00+05:30,542.902221040633,28.28,93.68,2024,7
2024-07-29 19:45:00+05:30,535.6857345087436,28.24,93.86,2024,7
2024-07-29 20:00:00+05:30,531.079913879408,28.22,94.1,2024,7
2024-07-29 20:15:00+05:30,525.2446527178562,28.2,94.32,2024,7
2024-07-29 20:30:00+05:30,522.5927319690658,28.2,94.48,2024,7
2024-07-29 20:45:00+05:30,517.4514359737065,28.18,94.58,2024,7
2024-07-29 21:00:00+05:30,513.0372681563563,28.2,94.48,2024,7
2024-07-29 21:15:00+05:30,510.79817732537,28.2,94.38,2024,7
2024-07-29 21:30:00+05:30,506.47674347997474,28.22,94.42,2024,7
2024-07-29 21:45:00+05:30,502.3983731773322,28.22,94.4,2024,7
2024-07-29 22:00:00+05:30,493.3737157961046,28.2,94.32,2024,7
2024-07-29 22:15:00+05:30,489.5423742788769,28.22,94.26,2024,7
2024-07-29 22:30:00+05:30,488.07994042029503,28.22,94.34,2024,7
2024-07-29 22:45:00+05:30,484.8891756062658,28.24,94.5,2024,7
2024-07-29 23:00:00+05:30,476.7693630806406,28.24,94.34,2024,7
2024-07-29 23:15:00+05:30,472.5932570427962,28.24,94.34,2024,7
2024-07-29 23:30:00+05:30,466.9875036636992,28.22,94.36,2024,7
2024-07-29 23:45:00+05:30,463.6372015022033,28.22,94.34,2024,7
2024-07-30 00:00:00+05:30,342.01778169567274,28.2,94.4,2024,7
2024-07-30 00:15:00+05:30,338.1054310192826,28.2,94.4,2024,7
2024-07-30 00:30:00+05:30,333.14486943277905,28.2,94.3,2024,7
2024-07-30 00:45:00+05:30,328.0306037799935,28.2,94.2,2024,7
2024-07-30 01:00:00+05:30,323.79782086440275,28.1,94.5,2024,7
2024-07-30 01:15:00+05:30,315.77638767825675,28.0,94.9,2024,7
2024-07-30 01:30:00+05:30,311.5543766363042,27.9,95.2,2024,7
2024-07-30 01:45:00+05:30,306.4622161170723,27.9,95.5,2024,7
2024-07-30 02:00:00+05:30,302.7532626042329,27.9,95.6,2024,7
2024-07-30 02:15:00+05:30,302.39885383566,27.9,95.8,2024,7
2024-07-30 02:30:00+05:30,300.88279721460344,27.8,96.0,2024,7
2024-07-30 02:45:00+05:30,297.48098605501417,27.8,96.2,2024,7
2024-07-30 03:00:00+05:30,293.8105093821732,27.7,96.2,2024,7
2024-07-30 03:15:00+05:30,296.73160970957434,27.8,96.2,2024,7
2024-07-30 03:30:00+05:30,296.87029250298264,27.8,96.2,2024,7
2024-07-30 03:45:00+05:30,293.50892139586705,27.8,96.3,2024,7
2024-07-30 04:00:00+05:30,294.1479015078401,27.7,96.3,2024,7
2024-07-30 04:15:00+05:30,294.3055780184691,27.7,96.5,2024,7
2024-07-30 04:30:00+05:30,294.4340745617737,27.7,96.6,2024,7
2024-07-30 04:45:00+05:30,292.61281599615944,27.7,96.6,2024,7
2024-07-30 05:00:00+05:30,293.7015062777692,27.7,96.9,2024,7
2024-07-30 05:15:00+05:30,299.07884677032723,27.7,96.9,2024,7
2024-07-30 05:30:00+05:30,305.1433740076031,27.6,97.0,2024,7
2024-07-30 05:45:00+05:30,309.62872439773014,27.6,97.0,2024,7
2024-07-30 06:00:00+05:30,318.1818554747383,27.6,96.9,2024,7
2024-07-30 06:15:00+05:30,325.7233597037846,27.6,96.9,2024,7
2024-07-30 06:30:00+05:30,336.5561959175426,27.6,96.8,2024,7
2024-07-30 06:45:00+05:30,346.67087650008,27.7,96.7,2024,7
2024-07-30 07:00:00+05:30,356.6883217731087,27.8,96.6,2024,7
2024-07-30 07:15:00+05:30,372.3797917238975,27.8,96.4,2024,7
2024-07-30 07:30:00+05:30,391.2990230582981,28.0,96.1,2024,7
2024-07-30 07:45:00+05:30,406.7280154329312,28.0,95.9,2024,7
2024-07-30 08:00:00+05:30,430.7905470488072,28.1,95.7,2024,7
2024-07-30 08:15:00+05:30,451.3080941152009,28.2,95.2,2024,7
2024-07-30 08:30:00+05:30,465.3767157108314,28.3,94.8,2024,7
2024-07-30 08:45:00+05:30,482.239241780514,28.5,94.1,2024,7
2024-07-30 09:00:00+05:30,493.3447821092886,28.5,93.7,2024,7
2024-07-30 09:15:00+05:30,505.62975346048336,28.6,93.3,2024,7
2024-07-30 09:30:00+05:30,514.7443353643538,28.7,92.9,2024,7
2024-07-30 09:45:00+05:30,520.7996293624058,28.8,92.0,2024,7
2024-07-30 10:00:00+05:30,528.2669151227726,28.5,91.3,2024,7
2024-07-30 10:15:00+05:30,536.663390821305,27.7,93.5,2024,7
2024-07-30 10:30:00+05:30,539.8585184889638,27.5,93.2,2024,7
2024-07-30 10:45:00+05:30,542.1006037248185,27.5,94.2,2024,7
2024-07-30 11:00:00+05:30,540.8259571008285,29.78,88.24,2024,7
2024-07-30 11:15:00+05:30,537.384156315913,29.82,87.94,2024,7
2024-07-30 11:30:00+05:30,535.5384428223997,29.8,87.64,2024,7
2024-07-30 11:45:00+05:30,532.6150381357405,29.7,87.84,2024,7
2024-07-30 12:00:00+05:30,536.9157131372629,29.74,87.84,2024,7
2024-07-30 12:15:00+05:30,541.0553386722751,29.74,88.28,2024,7
2024-07-30 12:30:00+05:30,537.0526573448351,29.5,88.7,2024,7
2024-07-30 12:45:00+05:30,534.183162602871,29.44,88.76,2024,7
2024-07-30 13:00:00+05:30,532.8207793754974,29.36,89.2,2024,7
2024-07-30 13:15:00+05:30,528.497795855745,29.32,89.82,2024,7
2024-07-30 13:30:00+05:30,526.1088923100721,29.06,90.66,2024,7
2024-07-30 13:45:00+05:30,527.0248448533733,28.94,91.32,2024,7
2024-07-30 14:00:00+05:30,530.3076636648066,28.82,91.76,2024,7
2024-07-30 14:15:00+05:30,529.8836923907855,28.78,92.08,2024,7
2024-07-30 14:30:00+05:30,534.2815000581095,28.82,92.06,2024,7
2024-07-30 14:45:00+05:30,532.815249017465,28.86,92.0,2024,7
2024-07-30 15:00:00+05:30,533.2669343335184,28.9,91.66,2024,7
2024-07-30 15:15:00+05:30,534.430618116838,28.94,91.38,2024,7
2024-07-30 15:30:00+05:30,528.9841016653266,28.84,91.68,2024,7
2024-07-30 15:45:00+05:30,522.6340298138675,28.8,91.64,2024,7
2024-07-30 16:00:00+05:30,522.9440836642499,28.78,91.66,2024,7
2024-07-30 16:15:00+05:30,521.9549097523598,28.74,92.16,2024,7
2024-07-30 16:30:00+05:30,514.3234109980061,28.68,92.56,2024,7
2024-07-30 16:45:00+05:30,512.7820339084248,28.54,92.52,2024,7
2024-07-30 17:00:00+05:30,510.4949962178417,28.4,93.06,2024,7
2024-07-30 17:15:00+05:30,504.3858208669489,28.44,93.52,2024,7
2024-07-30 17:30:00+05:30,498.7880681128189,28.48,93.66,2024,7
2024-07-30 17:45:00+05:30,493.18505512904426,28.46,93.44,2024,7
2024-07-30 18:00:00+05:30,486.1010631404675,28.52,93.1,2024,7
2024-07-30 18:15:00+05:30,481.3356795732304,28.44,93.2,2024,7
2024-07-30 18:30:00+05:30,474.76717733380514,28.44,93.26,2024,7
2024-07-30 18:45:00+05:30,467.58648391031136,28.4,93.52,2024,7
2024-07-30 19:00:00+05:30,464.5415928028579,28.32,93.56,2024,7
2024-07-30 19:15:00+05:30,458.2065250062166,28.32,93.44,2024,7
2024-07-30 19:30:00+05:30,452.9004883669689,28.28,93.68,2024,7
2024-07-30 19:45:00+05:30,447.0071492914456,28.24,93.86,2024,7
2024-07-30 20:00:00+05:30,441.4224984399552,28.22,94.1,2024,7
2024-07-30 20:15:00+05:30,436.5186656320183,28.2,94.32,2024,7
2024-07-30 20:30:00+05:30,431.3042952443084,28.2,94.48,2024,7
2024-07-30 20:45:00+05:30,422.4450583466148,28.18,94.58,2024,7
2024-07-30 21:00:00+05:30,414.6721033191861,28.2,94.48,2024,7
2024-07-30 21:15:00+05:30,412.3108566566223,28.2,94.38,2024,7
2024-07-30 21:30:00+05:30,405.14796575020046,28.22,94.42,2024,7
2024-07-30 21:45:00+05:30,397.92962719689046,28.22,94.4,2024,7
2024-07-30 22:00:00+05:30,391.2108493272905,28.2,94.32,2024,7
2024-07-30 22:15:00+05:30,387.360802870054,28.22,94.26,2024,7
2024-07-30 22:30:00+05:30,383.468163691873,28.22,94.34,2024,7
2024-07-30 22:45:00+05:30,378.72604190747103,28.24,94.5,2024,7
2024-07-30 23:00:00+05:30,372.0151462863311,28.24,94.34,2024,7
2024-07-30 23:15:00+05:30,368.3126473922012,28.24,94.34,2024,7
2024-07-30 23:30:00+05:30,365.0557778354471,28.22,94.36,2024,7
2024-07-30 23:45:00+05:30,359.29147423800805,28.22,94.34,2024,7
2024-07-31 00:00:00+05:30,354.2759711418552,28.42,92.38,2024,7
2024-07-31 00:15:00+05:30,349.0512410292958,28.34,92.81999999999998,2024,7
2024-07-31 00:30:00+05:30,344.02448900277506,28.1,93.38,2024,7
2024-07-31 00:45:00+05:30,334.39450659942764,27.90000000000001,93.82,2024,7
2024-07-31 01:00:00+05:30,330.74127696854475,27.84,94.04,2024,7
2024-07-31 01:15:00+05:30,323.22827536773434,27.820000000000004,94.26,2024,7
2024-07-31 01:30:00+05:30,320.2602032587168,27.72,94.54,2024,7
2024-07-31 01:45:00+05:30,317.48787978833974,27.640000000000004,94.62,2024,7
2024-07-31 02:00:00+05:30,312.96829510615265,27.64,94.84,2024,7
2024-07-31 02:15:00+05:30,311.55208081923604,27.660000000000004,94.88,2024,7
2024-07-31 02:30:00+05:30,308.0571806644796,27.620000000000005,95.1,2024,7
2024-07-31 02:45:00+05:30,306.60386861591803,27.62,95.28,2024,7
2024-07-31 03:00:00+05:30,303.7613290223964,27.46,95.34,2024,7
2024-07-31 03:15:00+05:30,302.5518193289884,27.46,95.42,2024,7
2024-07-31 03:30:00+05:30,299.6818669140859,27.5,95.42,2024,7
2024-07-31 03:45:00+05:30,297.38154310599634,27.5,95.6,2024,7
2024-07-31 04:00:00+05:30,297.5623035942717,27.54,95.82000000000002,2024,7
2024-07-31 04:15:00+05:30,299.46685292157395,27.62,95.86,2024,7
2024-07-31 04:30:00+05:30,298.9430813475517,27.68,95.92,2024,7
2024-07-31 04:45:00+05:30,301.7191182253744,27.559999999999995,95.8,2024,7
2024-07-31 05:00:00+05:30,302.3577228200353,27.58,95.64,2024,7
2024-07-31 05:15:00+05:30,300.6604555313569,27.62,95.54,2024,7
2024-07-31 05:30:00+05:30,305.92004000816803,27.640000000000004,95.6,2024,7
2024-07-31 05:45:00+05:30,312.31221397574404,27.56,95.76,2024,7
2024-07-31 06:00:00+05:30,319.3143937532797,27.540000000000003,95.68,2024,7
2024-07-31 06:15:00+05:30,328.5517270887045,27.52,95.96,2024,7
2024-07-31 06:30:00+05:30,337.4455902304182,27.540000000000003,96.32000000000002,2024,7
2024-07-31 06:45:00+05:30,348.30343717947443,27.440000000000005,96.22,2024,7
2024-07-31 07:00:00+05:30,358.58144732805346,27.52,96.2,2024,7
2024-07-31 07:15:00+05:30,375.7949846204155,27.62,96.29999999999998,2024,7
2024-07-31 07:30:00+05:30,393.8207457353044,27.6,96.38,2024,7
2024-07-31 07:45:00+05:30,408.1633636912311,27.660000000000004,96.4,2024,7
2024-07-31 08:00:00+05:30,430.3168768766634,27.72,96.16,2024,7
2024-07-31 08:15:00+05:30,452.3309800959678,27.82,96.20000000000002,2024,7
2024-07-31 08:30:00+05:30,467.3931619793993,28.08,96.14,2024,7
2024-07-31 08:45:00+05:30,479.7700861975911,28.22,95.88,2024,7
2024-07-31 09:00:00+05:30,495.2620281609408,28.4,95.29999999999998,2024,7
2024-07-31 09:15:00+05:30,504.83618555195136,28.58,94.8,2024,7
2024-07-31 09:30:00+05:30,517.5782979772504,28.72,94.08,2024,7
2024-07-31 09:45:00+05:30,527.9895981258987,28.940000000000005,93.52,2024,7
2024-07-31 10:00:00+05:30,533.7917492752042,29.2,92.6,2024,7
2024-07-31 10:15:00+05:30,537.5217932823217,29.32,92.3,2024,7
2024-07-31 10:30:00+05:30,542.5267725152542,29.48,91.0,2024,7
2024-07-31 10:45:00+05:30,543.3911941662961,29.64,90.0,2024,7
2024-07-31 11:00:00+05:30,548.0941784888877,29.96,88.78,2024,7
2024-07-31 11:15:00+05:30,548.8670280082691,30.14,87.66000000000001,2024,7
2024-07-31 11:30:00+05:30,547.0384564260253,30.4,86.86,2024,7
2024-07-31 11:45:00+05:30,546.946639340526,30.3,86.4,2024,7
2024-07-31 12:00:00+05:30,543.9861443973316,30.42,85.78,2024,7
2024-07-31 12:15:00+05:30,540.0876354734257,30.5,85.55999999999999,2024,7
2024-07-31 12:30:00+05:30,539.6505349801845,30.72,84.52000000000001,2024,7
2024-07-31 12:45:00+05:30,541.1663475885965,30.84,84.28,2024,7
2024-07-31 13:00:00+05:30,538.692333954766,30.6,84.49999999999999,2024,7
2024-07-31 13:15:00+05:30,534.2107980763516,30.46,85.42,2024,7
2024-07-31 13:30:00+05:30,532.0939699151502,31.08,83.55999999999999,2024,7
2024-07-31 13:45:00+05:30,531.8518612318295,31.24,82.02,2024,7
2024-07-31 14:00:00+05:30,532.5318625245302,30.92,82.78,2024,7
2024-07-31 14:15:00+05:30,537.9245069555059,31.04,82.62,2024,7
2024-07-31 14:30:00+05:30,540.0293620971661,31.32,81.2,2024,7
2024-07-31 14:45:00+05:30,540.9926966786551,31.3,81.06,2024,7
2024-07-31 15:00:00+05:30,541.2288037821337,31.24,80.83999999999999,2024,7
2024-07-31 15:15:00+05:30,541.5453193289452,30.8,82.58,2024,7
2024-07-31 15:30:00+05:30,536.6220655802404,30.140000000000004,85.74,2024,7
2024-07-31 15:45:00+05:30,530.640256859228,30.62,84.84,2024,7
2024-07-31 16:00:00+05:30,528.9085590181325,30.6,84.03999999999999,2024,7
2024-07-31 16:15:00+05:30,527.646118945942,30.3,84.1,2024,7
2024-07-31 16:30:00+05:30,524.5661214227783,29.98,85.14000000000001,2024,7
2024-07-31 16:45:00+05:30,519.7794907351729,30.2,85.9,2024,7
2024-07-31 17:00:00+05:30,518.8776526564312,30.04,85.8,2024,7
2024-07-31 17:15:00+05:30,514.2853952971026,30.06,85.42,2024,7
2024-07-31 17:30:00+05:30,511.79656608250383,29.84,85.7,2024,7
2024-07-31 17:45:00+05:30,512.702916383843,29.74,85.94,2024,7
2024-07-31 18:00:00+05:30,507.098182799044,29.58,86.86,2024,7
2024-07-31 18:15:00+05:30,499.4888121071591,29.46,87.2,2024,7
2024-07-31 18:30:00+05:30,491.2423406655448,29.380000000000003,87.64000000000001,2024,7
2024-07-31 18:45:00+05:30,475.2575862491937,29.18,88.32000000000001,2024,7
2024-07-31 19:00:00+05:30,466.8030965118632,29.08,88.76000000000002,2024,7
2024-07-31 19:15:00+05:30,463.8366151432095,28.96,89.22,2024,7
2024-07-31 19:30:00+05:30,458.97628789146034,28.9,89.6,2024,7
2024-07-31 19:45:00+05:30,451.1088315515331,28.82,89.97999999999999,2024,7
2024-07-31 20:00:00+05:30,441.0862604900316,28.76,90.0,2024,7
2024-07-31 20:15:00+05:30,438.7643191344071,28.72000000000001,89.85999999999999,2024,7
2024-07-31 20:30:00+05:30,430.0785096039421,28.72,89.88,2024,7
2024-07-31 20:45:00+05:30,423.3719711186415,28.72000000000001,90.12,2024,7
2024-07-31 21:00:00+05:30,420.0814298559636,28.660000000000004,90.3,2024,7
2024-07-31 21:15:00+05:30,411.619584900549,28.620000000000005,90.62,2024,7
2024-07-31 21:30:00+05:30,405.1593469891484,28.64,90.79999999999998,2024,7
2024-07-31 21:45:00+05:30,400.4655522487832,28.579999999999995,91.54,2024,7
2024-07-31 22:00:00+05:30,396.64852274126446,28.5,92.1,2024,7
2024-07-31 22:15:00+05:30,391.50628324339215,28.5,92.12,2024,7
2024-07-31 22:30:00+05:30,387.478009339067,28.5,92.24,2024,7
2024-07-31 22:45:00+05:30,382.1746560575664,28.42,92.43999999999998,2024,7
2024-07-31 23:00:00+05:30,376.7127100436695,28.42,92.32,2024,7
2024-07-31 23:15:00+05:30,371.7154013862902,28.440000000000005,92.46,2024,7
2024-07-31 23:30:00+05:30,366.7051633500906,28.380000000000003,92.58,2024,7
2024-07-31 23:45:00+05:30,363.6130613876061,28.34,92.62,2024,7
2024-08-01 00:00:00+05:30,360.0,28.18,93.12,2024,8
2024-08-01 00:15:00+05:30,353.0,28.2,93.12,2024,8
2024-08-01 00:30:00+05:30,349.0,28.24,93.0,2024,8
2024-08-01 00:45:00+05:30,342.0,28.24,92.98,2024,8
2024-08-01 01:00:00+05:30,337.0,28.26,92.96,2024,8
2024-08-01 01:15:00+05:30,333.0,28.26,92.86,2024,8
2024-08-01 01:30:00+05:30,328.0,28.3,92.72,2024,8
2024-08-01 01:45:00+05:30,325.0,28.160000000000004,92.70000000000002,2024,8
2024-08-01 02:00:00+05:30,320.0,28.040000000000003,93.14,2024,8
2024-08-01 02:15:00+05:30,317.0,28.02,93.42,2024,8
2024-08-01 02:30:00+05:30,316.0,28.06,93.42,2024,8
2024-08-01 02:45:00+05:30,311.0,28.04,93.62,2024,8
2024-08-01 03:00:00+05:30,307.0,28.1,93.7,2024,8
2024-08-01 03:15:00+05:30,305.0,28.06,93.84,2024,8
2024-08-01 03:30:00+05:30,303.0,28.02,93.44,2024,8
2024-08-01 03:45:00+05:30,301.0,27.92,93.02,2024,8
2024-08-01 04:00:00+05:30,301.0,27.96,92.96,2024,8
2024-08-01 04:15:00+05:30,300.0,27.9,93.32,2024,8
2024-08-01 04:30:00+05:30,300.0,27.92,93.46,2024,8
2024-08-01 04:45:00+05:30,295.0,27.92,93.68,2024,8
2024-08-01 05:00:00+05:30,295.0,27.92,93.8,2024,8
2024-08-01 05:15:00+05:30,300.0,27.74,93.98,2024,8
2024-08-01 05:30:00+05:30,307.0,27.7,94.3,2024,8
2024-08-01 05:45:00+05:30,317.0,27.72,94.68,2024,8
2024-08-01 06:00:00+05:30,326.0,27.76,94.86,2024,8
2024-08-01 06:15:00+05:30,335.0,27.8,95.04,2024,8
2024-08-01 06:30:00+05:30,343.0,27.840000000000003,94.96,2024,8
2024-08-01 06:45:00+05:30,352.0,27.879999999999995,94.72,2024,8
2024-08-01 07:00:00+05:30,363.0,27.8,94.44,2024,8
2024-08-01 07:15:00+05:30,375.0,27.98,94.34,2024,8
2024-08-01 07:30:00+05:30,394.0,28.2,93.86,2024,8
2024-08-01 07:45:00+05:30,410.0,28.440000000000005,93.48,2024,8
2024-08-01 08:00:00+05:30,434.0,28.62,92.66,2024,8
2024-08-01 08:15:00+05:30,454.0,28.58,92.26,2024,8
2024-08-01 08:30:00+05:30,470.0,28.660000000000004,92.36,2024,8
2024-08-01 08:45:00+05:30,485.0,29.08,90.9,2024,8
2024-08-01 09:00:00+05:30,500.0,29.4,89.64000000000001,2024,8
2024-08-01 09:15:00+05:30,512.0,29.46,88.9,2024,8
2024-08-01 09:30:00+05:30,525.0,29.380000000000003,88.20000000000002,2024,8
2024-08-01 09:45:00+05:30,531.0,29.36,88.2,2024,8
2024-08-01 10:00:00+05:30,538.0,29.34,88.14,2024,8
2024-08-01 10:15:00+05:30,544.0,29.54,87.9,2024,8
2024-08-01 10:30:00+05:30,549.0,29.92,86.72,2024,8
2024-08-01 10:45:00+05:30,551.0,30.0,85.46000000000001,2024,8
2024-08-01 11:00:00+05:30,551.0,30.3,83.86,2024,8
2024-08-01 11:15:00+05:30,547.0,30.32,82.86,2024,8
2024-08-01 11:30:00+05:30,545.0,30.379999999999995,82.22,2024,8
2024-08-01 11:45:00+05:30,543.0,30.54,82.28,2024,8
2024-08-01 12:00:00+05:30,544.0,30.520000000000003,82.3,2024,8
2024-08-01 12:15:00+05:30,542.0,30.72,81.67999999999999,2024,8
2024-08-01 12:30:00+05:30,543.0,30.4,83.1,2024,8
2024-08-01 12:45:00+05:30,547.0,30.5,82.96,2024,8
2024-08-01 13:00:00+05:30,538.0,30.48,82.28,2024,8
2024-08-01 13:15:00+05:30,534.0,30.68,81.17999999999999,2024,8
2024-08-01 13:30:00+05:30,535.0,30.98,80.41999999999999,2024,8
2024-08-01 13:45:00+05:30,533.0,30.82,80.46000000000001,2024,8
2024-08-01 14:00:00+05:30,535.0,30.74,80.26,2024,8
2024-08-01 14:15:00+05:30,538.0,30.640000000000004,81.14000000000001,2024,8
2024-08-01 14:30:00+05:30,537.0,30.6,80.02,2024,8
2024-08-01 14:45:00+05:30,532.0,30.42,80.67999999999999,2024,8
2024-08-01 15:00:00+05:30,531.0,30.68,80.7,2024,8
2024-08-01 15:15:00+05:30,533.0,30.6,80.56,2024,8
2024-08-01 15:30:00+05:30,530.0,30.3,81.67999999999999,2024,8
2024-08-01 15:45:00+05:30,529.0,30.54,81.22,2024,8
2024-08-01 16:00:00+05:30,530.0,30.440000000000005,81.54,2024,8
2024-08-01 16:15:00+05:30,527.0,30.440000000000005,81.17999999999999,2024,8
2024-08-01 16:30:00+05:30,522.0,30.44,81.0,2024,8
2024-08-01 16:45:00+05:30,517.0,30.4,81.00000000000001,2024,8
2024-08-01 17:00:00+05:30,510.0,30.14,81.28,2024,8
2024-08-01 17:15:00+05:30,511.0,29.9,82.0,2024,8
2024-08-01 17:30:00+05:30,504.0,29.6,83.52,2024,8
2024-08-01 17:45:00+05:30,497.0,29.42,84.3,2024,8
2024-08-01 18:00:00+05:30,486.0,29.22,85.58,2024,8
2024-08-01 18:15:00+05:30,478.0,29.06,86.42,2024,8
2024-08-01 18:30:00+05:30,470.0,28.820000000000004,87.8,2024,8
2024-08-01 18:45:00+05:30,467.0,28.64,88.3,2024,8
2024-08-01 19:00:00+05:30,466.0,28.54,89.2,2024,8
2024-08-01 19:15:00+05:30,458.0,28.360000000000003,89.61999999999999,2024,8
2024-08-01 19:30:00+05:30,449.0,27.94,90.82,2024,8
2024-08-01 19:45:00+05:30,443.0,27.860000000000003,89.52000000000001,2024,8
2024-08-01 20:00:00+05:30,433.0,27.94,90.02,2024,8
2024-08-01 20:15:00+05:30,427.0,27.96,89.47999999999999,2024,8
2024-08-01 20:30:00+05:30,422.0,27.98,89.55999999999999,2024,8
2024-08-01 20:45:00+05:30,414.0,27.880000000000003,90.76,2024,8
2024-08-01 21:00:00+05:30,408.0,27.68,91.46,2024,8
2024-08-01 21:15:00+05:30,406.0,27.58,91.58,2024,8
2024-08-01 21:30:00+05:30,401.0,27.62,91.4,2024,8
2024-08-01 21:45:00+05:30,394.0,27.660000000000004,91.6,2024,8
2024-08-01 22:00:00+05:30,390.0,27.56,92.12,2024,8
2024-08-01 22:15:00+05:30,384.0,27.56,92.93999999999998,2024,8
2024-08-01 22:30:00+05:30,380.0,27.660000000000004,93.28,2024,8
2024-08-01 22:45:00+05:30,375.0,27.660000000000004,93.72,2024,8
2024-08-01 23:00:00+05:30,370.0,27.840000000000003,93.74,2024,8
2024-08-01 23:15:00+05:30,365.0,27.860000000000003,93.52,2024,8
2024-08-01 23:30:00+05:30,364.0,27.860000000000003,92.46,2024,8
2024-08-01 23:45:00+05:30,360.0,27.92,92.3,2024,8
2024-08-02 00:00:00+05:30,355.41247139631025,27.9,92.2,2024,8
2024-08-02 00:15:00+05:30,345.8231399244469,28.0,91.9,2024,8
2024-08-02 00:30:00+05:30,343.07052668649305,28.0,91.9,2024,8
2024-08-02 00:45:00+05:30,336.0333238521557,28.0,91.3,2024,8
2024-08-02 01:00:00+05:30,312.05317687367494,27.7,91.4,2024,8
2024-08-02 01:15:00+05:30,313.0112984975903,27.3,93.1,2024,8
2024-08-02 01:30:00+05:30,316.23268106098817,27.1,94.2,2024,8
2024-08-02 01:45:00+05:30,311.353996838432,27.2,94.3,2024,8
2024-08-02 02:00:00+05:30,302.5502074778358,27.0,94.1,2024,8
2024-08-02 02:15:00+05:30,304.42246538134145,26.9,94.2,2024,8
2024-08-02 02:30:00+05:30,309.2115105950992,27.0,94.7,2024,8
2024-08-02 02:45:00+05:30,307.6449821491672,27.2,94.5,2024,8
2024-08-02 03:00:00+05:30,305.9558713517629,27.4,94.3,2024,8
2024-08-02 03:15:00+05:30,304.7329534728711,27.5,93.8,2024,8
2024-08-02 03:30:00+05:30,303.5324782362933,27.4,93.5,2024,8
2024-08-02 03:45:00+05:30,301.3376687153096,27.4,93.4,2024,8
2024-08-02 04:00:00+05:30,299.23253921768065,27.3,93.5,2024,8
2024-08-02 04:15:00+05:30,299.8772018415514,27.4,93.5,2024,8
2024-08-02 04:30:00+05:30,305.11001989709627,27.5,93.2,2024,8
2024-08-02 04:45:00+05:30,300.55272543060835,27.6,93.1,2024,8
2024-08-02 05:00:00+05:30,300.5862385696539,27.5,93.3,2024,8
2024-08-02 05:15:00+05:30,305.9700580648197,27.5,93.6,2024,8
2024-08-02 05:30:00+05:30,310.98605268579786,27.5,93.7,2024,8
2024-08-02 05:45:00+05:30,313.7435792218434,27.6,93.5,2024,8
2024-08-02 06:00:00+05:30,321.5068656162794,27.5,93.3,2024,8
2024-08-02 06:15:00+05:30,331.8445583660382,27.4,93.3,2024,8
2024-08-02 06:30:00+05:30,340.6300926767628,27.6,93.5,2024,8
2024-08-02 06:45:00+05:30,351.2784156582643,27.7,93.2,2024,8
2024-08-02 07:00:00+05:30,361.6232427196778,27.8,92.8,2024,8
2024-08-02 07:15:00+05:30,377.6696616086732,27.9,92.3,2024,8
2024-08-02 07:30:00+05:30,397.0394809633982,28.0,91.8,2024,8
2024-08-02 07:45:00+05:30,413.3560485699226,28.0,91.1,2024,8
2024-08-02 08:00:00+05:30,430.2193074642565,27.8,91.7,2024,8
2024-08-02 08:15:00+05:30,450.4122340884662,28.0,91.6,2024,8
2024-08-02 08:30:00+05:30,469.3112472043722,28.2,91.1,2024,8
2024-08-02 08:45:00+05:30,485.2696209096092,28.5,89.9,2024,8
2024-08-02 09:00:00+05:30,497.7295117621819,28.9,87.7,2024,8
2024-08-02 09:15:00+05:30,513.2642023682905,29.3,85.6,2024,8
2024-08-02 09:30:00+05:30,524.8719815663312,29.1,86.2,2024,8
2024-08-02 09:45:00+05:30,532.2778549382635,28.8,87.1,2024,8
2024-08-02 10:00:00+05:30,535.5724343765501,28.4,87.4,2024,8
2024-08-02 10:15:00+05:30,537.4873797229558,28.3,88.0,2024,8
2024-08-02 10:30:00+05:30,535.9616135933212,28.6,88.1,2024,8
2024-08-02 10:45:00+05:30,540.3753430700712,28.8,87.7,2024,8
2024-08-02 11:00:00+05:30,541.8174723767687,29.1,87.2,2024,8
2024-08-02 11:15:00+05:30,540.6676639948478,29.3,86.6,2024,8
2024-08-02 11:30:00+05:30,541.4037508609855,29.7,85.0,2024,8
2024-08-02 11:45:00+05:30,541.0578140161065,29.7,84.0,2024,8
2024-08-02 12:00:00+05:30,539.1896972961547,29.6,84.8,2024,8
2024-08-02 12:15:00+05:30,538.7819926577808,29.8,84.4,2024,8
2024-08-02 12:30:00+05:30,532.4811863721925,29.9,84.0,2024,8
2024-08-02 12:45:00+05:30,534.6108576882795,30.0,83.1,2024,8
2024-08-02 13:00:00+05:30,529.5530593626144,29.9,83.1,2024,8
2024-08-02 13:15:00+05:30,522.3999571915944,28.8,85.3,2024,8
2024-08-02 13:30:00+05:30,515.8369743949082,28.2,88.0,2024,8
2024-08-02 13:45:00+05:30,516.2194791042634,28.5,88.3,2024,8
2024-08-02 14:00:00+05:30,517.6754779290695,29.1,87.3,2024,8
2024-08-02 14:15:00+05:30,522.8455653355612,29.6,84.7,2024,8
2024-08-02 14:30:00+05:30,529.899616794147,29.8,83.6,2024,8
2024-08-02 14:45:00+05:30,529.4916550466528,29.8,83.9,2024,8
2024-08-02 15:00:00+05:30,524.5294300249474,29.6,83.8,2024,8
2024-08-02 15:15:00+05:30,527.6287825329557,29.5,84.4,2024,8
2024-08-02 15:30:00+05:30,519.8360590615212,29.1,85.9,2024,8
2024-08-02 15:45:00+05:30,514.9157742536848,28.8,88.2,2024,8
2024-08-02 16:00:00+05:30,522.3201709520495,28.8,88.1,2024,8
2024-08-02 16:15:00+05:30,512.2218566171117,28.9,86.9,2024,8
2024-08-02 16:30:00+05:30,507.82677881443794,29.0,86.3,2024,8
2024-08-02 16:45:00+05:30,505.7547615979959,28.8,86.7,2024,8
2024-08-02 17:00:00+05:30,500.7569178817111,28.4,88.0,2024,8
2024-08-02 17:15:00+05:30,495.7367615288915,28.3,88.8,2024,8
2024-08-02 17:30:00+05:30,488.18902608243735,27.8,90.7,2024,8
2024-08-02 17:45:00+05:30,485.05383502135714,27.8,92.2,2024,8
2024-08-02 18:00:00+05:30,477.4620040867623,28.0,92.1,2024,8
2024-08-02 18:15:00+05:30,474.06608028068126,28.0,91.9,2024,8
2024-08-02 18:30:00+05:30,470.5541107150709,27.9,91.9,2024,8
2024-08-02 18:45:00+05:30,462.3035445769869,27.5,91.8,2024,8
2024-08-02 19:00:00+05:30,460.1337857684611,27.5,91.9,2024,8
2024-08-02 19:15:00+05:30,455.3637427094319,27.5,92.6,2024,8
2024-08-02 19:30:00+05:30,448.24543602783297,27.7,92.2,2024,8
2024-08-02 19:45:00+05:30,441.00219868974375,27.8,91.3,2024,8
2024-08-02 20:00:00+05:30,433.9461860996079,27.9,90.8,2024,8
2024-08-02 20:15:00+05:30,428.3186482718562,28.3,89.2,2024,8
2024-08-02 20:30:00+05:30,423.6379876320659,28.4,88.9,2024,8
2024-08-02 20:45:00+05:30,419.8331162377064,28.4,87.9,2024,8
2024-08-02 21:00:00+05:30,415.4557236605563,28.3,88.5,2024,8
2024-08-02 21:15:00+05:30,411.8153364393701,28.4,88.2,2024,8
2024-08-02 21:30:00+05:30,405.38651371037474,28.5,88.0,2024,8
2024-08-02 21:45:00+05:30,399.9383929099322,28.4,87.9,2024,8
2024-08-02 22:00:00+05:30,402.1839686743047,28.4,88.1,2024,8
2024-08-02 22:15:00+05:30,394.7407067880768,28.3,88.3,2024,8
2024-08-02 22:30:00+05:30,393.1222347148951,28.2,89.2,2024,8
2024-08-02 22:45:00+05:30,386.4316581026659,28.2,89.7,2024,8
2024-08-02 23:00:00+05:30,380.26915199704047,28.2,89.3,2024,8
2024-08-02 23:15:00+05:30,374.4151667795962,28.3,89.1,2024,8
2024-08-02 23:30:00+05:30,365.7318408418992,28.3,89.4,2024,8
2024-08-02 23:45:00+05:30,361.4508930454033,28.3,89.7,2024,8
2024-08-03 00:00:00+05:30,353.6179698839489,28.4,89.1,2024,8
2024-08-03 00:15:00+05:30,349.72324611942804,28.3,89.4,2024,8
2024-08-03 00:30:00+05:30,347.148591691545,28.2,89.7,2024,8
2024-08-03 00:45:00+05:30,340.14100431086075,27.7,90.9,2024,8
2024-08-03 01:00:00+05:30,335.4752989687082,27.8,91.1,2024,8
2024-08-03 01:15:00+05:30,331.0270801877559,27.9,90.9,2024,8
2024-08-03 01:30:00+05:30,326.98847583130845,28.0,90.4,2024,8
2024-08-03 01:45:00+05:30,323.24766951401085,28.1,89.9,2024,8
2024-08-03 02:00:00+05:30,319.40180097356574,28.1,90.0,2024,8
2024-08-03 02:15:00+05:30,315.93436417087224,28.0,90.6,2024,8
2024-08-03 02:30:00+05:30,312.66128886914373,27.9,91.1,2024,8
2024-08-03 02:45:00+05:30,310.54149610976884,27.8,92.1,2024,8
2024-08-03 03:00:00+05:30,308.0464045862435,27.9,91.8,2024,8
2024-08-03 03:15:00+05:30,305.7158374183712,27.9,91.4,2024,8
2024-08-03 03:30:00+05:30,305.06652088241174,27.8,91.0,2024,8
2024-08-03 03:45:00+05:30,303.2596648172798,27.7,91.6,2024,8
2024-08-03 04:00:00+05:30,303.5654432545864,27.8,91.4,2024,8
2024-08-03 04:15:00+05:30,302.32907095712744,27.9,90.7,2024,8
2024-08-03 04:30:00+05:30,304.5506719513366,28.0,90.5,2024,8
2024-08-03 04:45:00+05:30,303.29622265653126,28.1,89.8,2024,8
2024-08-03 05:00:00+05:30,302.7762961122745,28.1,89.4,2024,8
2024-08-03 05:15:00+05:30,303.0087433526241,28.1,89.6,2024,8
2024-08-03 05:30:00+05:30,305.6881957065225,28.2,89.5,2024,8
2024-08-03 05:45:00+05:30,308.2127138971167,28.0,89.9,2024,8
2024-08-03 06:00:00+05:30,313.8026994346693,28.1,89.6,2024,8
2024-08-03 06:15:00+05:30,318.06599285589306,27.8,90.7,2024,8
2024-08-03 06:30:00+05:30,320.9932137849933,27.8,90.3,2024,8
2024-08-03 06:45:00+05:30,330.16263949709577,27.9,90.2,2024,8
2024-08-03 07:00:00+05:30,333.90989361264417,28.0,90.4,2024,8
2024-08-03 07:15:00+05:30,341.9944839155322,27.8,90.8,2024,8
2024-08-03 07:30:00+05:30,350.828962423178,27.4,92.4,2024,8
2024-08-03 07:45:00+05:30,361.8396203597349,27.3,92.6,2024,8
2024-08-03 08:00:00+05:30,376.4525294816717,27.3,93.7,2024,8
2024-08-03 08:15:00+05:30,386.9391908346397,27.5,93.5,2024,8
2024-08-03 08:30:00+05:30,405.0757499366419,27.7,93.2,2024,8
2024-08-03 08:45:00+05:30,413.6109860693573,27.2,93.7,2024,8
2024-08-03 09:00:00+05:30,424.641202094676,27.1,94.5,2024,8
2024-08-03 09:15:00+05:30,435.24802935532375,27.5,94.6,2024,8
2024-08-03 09:30:00+05:30,442.27868702380135,27.3,94.2,2024,8
2024-08-03 09:45:00+05:30,448.6204989638847,27.4,94.0,2024,8
2024-08-03 10:00:00+05:30,457.0939623856287,27.5,94.2,2024,8
2024-08-03 10:15:00+05:30,463.4455857865604,27.6,93.9,2024,8
2024-08-03 10:30:00+05:30,465.11719027295806,27.5,94.1,2024,8
2024-08-03 10:45:00+05:30,469.4303455857241,27.3,93.9,2024,8
2024-08-03 11:00:00+05:30,472.3547349203356,26.6,96.0,2024,8
2024-08-03 11:15:00+05:30,471.79539605821,26.4,96.6,2024,8
2024-08-03 11:30:00+05:30,469.8401740600462,26.45,96.8,2024,8
2024-08-03 11:45:00+05:30,468.3145399031469,26.5,96.8,2024,8
2024-08-03 12:00:00+05:30,469.1461580934308,26.5,96.8,2024,8
2024-08-03 12:15:00+05:30,467.5878140201698,26.7,96.7,2024,8
2024-08-03 12:30:00+05:30,465.8193815525971,26.4,96.9,2024,8
2024-08-03 12:45:00+05:30,459.9994515614499,26.4,97.1,2024,8
2024-08-03 13:00:00+05:30,453.07848530036136,26.5,97.1,2024,8
2024-08-03 13:15:00+05:30,447.9968240605752,26.3,97.1,2024,8
2024-08-03 13:30:00+05:30,442.8705534701457,26.3,97.7,2024,8
2024-08-03 13:45:00+05:30,443.32271455144513,26.3,98.2,2024,8
2024-08-03 14:00:00+05:30,441.7741617158496,26.3,98.3,2024,8
2024-08-03 14:15:00+05:30,442.43692602316565,26.3,98.4,2024,8
2024-08-03 14:30:00+05:30,445.257777065341,26.3,98.5,2024,8
2024-08-03 14:45:00+05:30,443.5941018996758,26.5,98.7,2024,8
2024-08-03 15:00:00+05:30,439.16644790722296,26.6,98.7,2024,8
2024-08-03 15:15:00+05:30,438.58303837699697,26.8,98.6,2024,8
2024-08-03 15:30:00+05:30,436.5699815598048,26.9,98.3,2024,8
2024-08-03 15:45:00+05:30,435.5071477118795,26.9,98.1,2024,8
2024-08-03 16:00:00+05:30,433.3674284005266,26.9,97.5,2024,8
2024-08-03 16:15:00+05:30,431.057592792434,26.8,97.0,2024,8
2024-08-03 16:30:00+05:30,430.5150243874997,27.1,96.7,2024,8
2024-08-03 16:45:00+05:30,429.9886163913049,27.3,95.9,2024,8
2024-08-03 17:00:00+05:30,428.2439492828419,27.5,95.2,2024,8
2024-08-03 17:15:00+05:30,426.0209947818642,27.6,94.6,2024,8
2024-08-03 17:30:00+05:30,424.27233392124,27.8,94.3,2024,8
2024-08-03 17:45:00+05:30,420.46496303768686,27.6,94.1,2024,8
2024-08-03 18:00:00+05:30,418.8109098987024,27.5,94.7,2024,8
2024-08-03 18:15:00+05:30,416.307432764555,27.3,95.2,2024,8
2024-08-03 18:30:00+05:30,415.31420192814943,27.3,95.4,2024,8
2024-08-03 18:45:00+05:30,413.5869143359825,27.3,95.5,2024,8
2024-08-03 19:00:00+05:30,413.611285341608,27.4,95.5,2024,8
2024-08-03 19:15:00+05:30,408.4514125145625,27.5,95.1,2024,8
2024-08-03 19:30:00+05:30,406.12753434573096,27.6,94.7,2024,8
2024-08-03 19:45:00+05:30,401.51319409986513,27.6,94.3,2024,8
2024-08-03 20:00:00+05:30,395.5404524739973,27.7,94.0,2024,8
2024-08-03 20:15:00+05:30,394.1211100932211,27.7,94.1,2024,8
2024-08-03 20:30:00+05:30,391.2207559065786,27.7,94.1,2024,8
2024-08-03 20:45:00+05:30,386.7426102576968,27.6,94.3,2024,8
2024-08-03 21:00:00+05:30,384.5262637547132,27.7,94.1,2024,8
2024-08-03 21:15:00+05:30,382.25368677050494,27.7,94.1,2024,8
2024-08-03 21:30:00+05:30,377.39975700269343,27.7,93.8,2024,8
2024-08-03 21:45:00+05:30,372.801755875821,27.7,93.8,2024,8
2024-08-03 22:00:00+05:30,367.74091925903787,27.7,93.7,2024,8
2024-08-03 22:15:00+05:30,364.8449917296535,27.6,93.7,2024,8
2024-08-03 22:30:00+05:30,361.4605575099524,27.6,93.9,2024,8
2024-08-03 22:45:00+05:30,356.8409879378673,27.6,94.2,2024,8
2024-08-03 23:00:00+05:30,351.827383205702,27.6,94.3,2024,8
2024-08-03 23:15:00+05:30,348.9324938309077,27.5,94.2,2024,8
2024-08-03 23:30:00+05:30,344.8794719573914,27.5,94.4,2024,8
2024-08-03 23:45:00+05:30,341.1046195855463,27.5,94.5,2024,8
2024-08-04 00:00:00+05:30,353.6179698839489,27.6,94.3,2024,8
2024-08-04 00:15:00+05:30,349.72324611942804,27.6,94.0,2024,8
2024-08-04 00:30:00+05:30,347.148591691545,27.6,94.0,2024,8
2024-08-04 00:45:00+05:30,340.14100431086075,27.6,94.0,2024,8
2024-08-04 01:00:00+05:30,335.4752989687082,27.6,93.9,2024,8
2024-08-04 01:15:00+05:30,331.0270801877559,27.4,93.9,2024,8
2024-08-04 01:30:00+05:30,326.98847583130845,27.1,95.0,2024,8
2024-08-04 01:45:00+05:30,323.24766951401085,27.1,95.4,2024,8
2024-08-04 02:00:00+05:30,319.40180097356574,27.2,95.4,2024,8
2024-08-04 02:15:00+05:30,315.93436417087224,27.3,95.5,2024,8
2024-08-04 02:30:00+05:30,312.66128886914373,27.3,95.6,2024,8
2024-08-04 02:45:00+05:30,310.54149610976884,27.2,95.3,2024,8
2024-08-04 03:00:00+05:30,308.0464045862435,27.1,95.7,2024,8
2024-08-04 03:15:00+05:30,305.7158374183712,27.0,95.5,2024,8
2024-08-04 03:30:00+05:30,305.06652088241174,27.0,95.9,2024,8
2024-08-04 03:45:00+05:30,303.2596648172798,27.0,96.6,2024,8
2024-08-04 04:00:00+05:30,303.5654432545864,27.1,96.9,2024,8
2024-08-04 04:15:00+05:30,302.32907095712744,27.1,96.9,2024,8
2024-08-04 04:30:00+05:30,304.5506719513366,26.8,96.7,2024,8
2024-08-04 04:45:00+05:30,303.29622265653126,26.6,96.5,2024,8
2024-08-04 05:00:00+05:30,302.7762961122745,26.8,96.7,2024,8
2024-08-04 05:15:00+05:30,303.0087433526241,26.9,96.5,2024,8
2024-08-04 05:30:00+05:30,305.6881957065225,27.0,96.3,2024,8
2024-08-04 05:45:00+05:30,308.2127138971167,27.0,96.3,2024,8
2024-08-04 06:00:00+05:30,313.8026994346693,27.0,96.0,2024,8
2024-08-04 06:15:00+05:30,318.06599285589306,27.0,95.9,2024,8
2024-08-04 06:30:00+05:30,320.9932137849933,27.1,95.7,2024,8
2024-08-04 06:45:00+05:30,330.16263949709577,27.1,95.6,2024,8
2024-08-04 07:00:00+05:30,333.90989361264417,27.2,95.4,2024,8
2024-08-04 07:15:00+05:30,341.9944839155322,27.1,95.3,2024,8
2024-08-04 07:30:00+05:30,350.828962423178,27.2,95.2,2024,8
2024-08-04 07:45:00+05:30,361.8396203597349,27.2,95.0,2024,8
2024-08-04 08:00:00+05:30,376.4525294816717,27.3,94.9,2024,8
2024-08-04 08:15:00+05:30,386.9391908346397,27.4,94.7,2024,8
2024-08-04 08:30:00+05:30,405.0757499366419,27.1,94.4,2024,8
2024-08-04 08:45:00+05:30,413.6109860693573,26.9,94.3,2024,8
2024-08-04 09:00:00+05:30,424.641202094676,26.8,94.7,2024,8
2024-08-04 09:15:00+05:30,435.24802935532375,27.0,95.0,2024,8
2024-08-04 09:30:00+05:30,442.27868702380135,27.1,95.0,2024,8
2024-08-04 09:45:00+05:30,448.6204989638847,27.2,95.2,2024,8
2024-08-04 10:00:00+05:30,457.0939623856287,27.4,94.8,2024,8
2024-08-04 10:15:00+05:30,463.4455857865604,27.6,94.3,2024,8
2024-08-04 10:30:00+05:30,465.11719027295806,27.8,93.5,2024,8
2024-08-04 10:45:00+05:30,469.4303455857241,27.8,93.4,2024,8
2024-08-04 11:00:00+05:30,472.3547349203356,27.9,92.8,2024,8
2024-08-04 11:15:00+05:30,471.79539605821,28.1,92.5,2024,8
2024-08-04 11:30:00+05:30,469.8401740600462,28.2,92.1,2024,8
2024-08-04 11:45:00+05:30,468.3145399031469,28.3,91.9,2024,8
2024-08-04 12:00:00+05:30,469.1461580934308,28.3,92.0,2024,8
2024-08-04 12:15:00+05:30,467.5878140201698,28.1,92.3,2024,8
2024-08-04 12:30:00+05:30,465.8193815525971,28.2,93.1,2024,8
2024-08-04 12:45:00+05:30,459.9994515614499,28.4,92.9,2024,8
2024-08-04 13:00:00+05:30,453.07848530036136,28.4,92.4,2024,8
2024-08-04 13:15:00+05:30,447.9968240605752,28.4,92.2,2024,8
2024-08-04 13:30:00+05:30,442.8705534701457,28.6,91.4,2024,8
2024-08-04 13:45:00+05:30,443.32271455144513,28.6,90.6,2024,8
2024-08-04 14:00:00+05:30,441.7741617158496,28.7,90.2,2024,8
2024-08-04 14:15:00+05:30,442.43692602316565,28.7,89.9,2024,8
2024-08-04 14:30:00+05:30,445.257777065341,28.7,89.9,2024,8
2024-08-04 14:45:00+05:30,443.5941018996758,28.6,89.9,2024,8
2024-08-04 15:00:00+05:30,439.16644790722296,28.6,89.8,2024,8
2024-08-04 15:15:00+05:30,438.58303837699697,28.6,90.0,2024,8
2024-08-04 15:30:00+05:30,436.5699815598048,28.6,89.7,2024,8
2024-08-04 15:45:00+05:30,435.5071477118795,28.6,90.1,2024,8
2024-08-04 16:00:00+05:30,433.3674284005266,28.7,89.8,2024,8
2024-08-04 16:15:00+05:30,431.057592792434,28.6,89.6,2024,8
2024-08-04 16:30:00+05:30,430.5150243874997,28.6,89.5,2024,8
2024-08-04 16:45:00+05:30,429.9886163913049,28.5,89.5,2024,8
2024-08-04 17:00:00+05:30,428.2439492828419,28.5,89.7,2024,8
2024-08-04 17:15:00+05:30,426.0209947818642,28.4,90.5,2024,8
2024-08-04 17:30:00+05:30,424.27233392124,28.3,90.8,2024,8
2024-08-04 17:45:00+05:30,420.46496303768686,28.0,91.9,2024,8
2024-08-04 18:00:00+05:30,418.8109098987024,27.9,92.5,2024,8
2024-08-04 18:15:00+05:30,416.307432764555,27.8,92.9,2024,8
2024-08-04 18:30:00+05:30,415.31420192814943,27.6,93.2,2024,8
2024-08-04 18:45:00+05:30,413.5869143359825,27.4,93.7,2024,8
2024-08-04 19:00:00+05:30,413.611285341608,27.3,94.2,2024,8
2024-08-04 19:15:00+05:30,408.4514125145625,27.4,94.6,2024,8
2024-08-04 19:30:00+05:30,406.12753434573096,27.4,94.4,2024,8
2024-08-04 19:45:00+05:30,401.51319409986513,27.4,94.3,2024,8
2024-08-04 20:00:00+05:30,395.5404524739973,27.5,94.3,2024,8
2024-08-04 20:15:00+05:30,394.1211100932211,27.5,94.4,2024,8
2024-08-04 20:30:00+05:30,391.2207559065786,27.6,94.4,2024,8
2024-08-04 20:45:00+05:30,386.7426102576968,27.6,94.4,2024,8
2024-08-04 21:00:00+05:30,384.5262637547132,27.6,94.4,2024,8
2024-08-04 21:15:00+05:30,382.25368677050494,27.6,94.2,2024,8
2024-08-04 21:30:00+05:30,377.39975700269343,27.6,93.9,2024,8
2024-08-04 21:45:00+05:30,372.801755875821,27.7,93.5,2024,8
2024-08-04 22:00:00+05:30,367.74091925903787,27.7,93.2,2024,8
2024-08-04 22:15:00+05:30,364.8449917296535,27.8,93.0,2024,8
2024-08-04 22:30:00+05:30,361.4605575099524,27.8,93.1,2024,8
2024-08-04 22:45:00+05:30,356.8409879378673,27.8,92.8,2024,8
2024-08-04 23:00:00+05:30,351.827383205702,27.7,93.0,2024,8
2024-08-04 23:15:00+05:30,348.9324938309077,27.8,93.4,2024,8
2024-08-04 23:30:00+05:30,344.8794719573914,27.7,93.8,2024,8
2024-08-04 23:45:00+05:30,341.1046195855463,27.8,93.7,2024,8
2024-08-05 00:00:00+05:30,316.75201577812743,27.8,93.5,2024,8
2024-08-05 00:15:00+05:30,312.00680749676155,27.8,93.0,2024,8
2024-08-05 00:30:00+05:30,309.01591419222194,27.8,92.2,2024,8
2024-08-05 00:45:00+05:30,305.95863906424734,27.8,92.2,2024,8
2024-08-05 01:00:00+05:30,298.8426101545916,27.7,92.0,2024,8
2024-08-05 01:15:00+05:30,293.81151527461907,27.5,93.3,2024,8
2024-08-05 01:30:00+05:30,290.684593752302,27.4,94.0,2024,8
2024-08-05 01:45:00+05:30,288.04609361770395,27.4,94.5,2024,8
2024-08-05 02:00:00+05:30,285.60534758705194,27.5,94.5,2024,8
2024-08-05 02:15:00+05:30,283.25698890177455,27.5,94.2,2024,8
2024-08-05 02:30:00+05:30,281.27798618861834,27.6,94.0,2024,8
2024-08-05 02:45:00+05:30,278.96132999424594,27.5,94.1,2024,8
2024-08-05 03:00:00+05:30,278.0601370395332,27.6,93.7,2024,8
2024-08-05 03:15:00+05:30,277.27035853158753,27.5,93.8,2024,8
2024-08-05 03:30:00+05:30,275.0754197681412,27.6,93.4,2024,8
2024-08-05 03:45:00+05:30,275.0897472365268,27.6,93.2,2024,8
2024-08-05 04:00:00+05:30,275.69679529732,27.6,93.6,2024,8
2024-08-05 04:15:00+05:30,275.18302528765514,27.5,93.8,2024,8
2024-08-05 04:30:00+05:30,275.951184166118,27.6,93.7,2024,8
2024-08-05 04:45:00+05:30,276.4268140853993,27.6,93.4,2024,8
2024-08-05 05:00:00+05:30,279.2249723902149,27.6,93.7,2024,8
2024-08-05 05:15:00+05:30,279.44803669441114,27.5,93.9,2024,8
2024-08-05 05:30:00+05:30,286.0697268326239,27.5,93.8,2024,8
2024-08-05 05:45:00+05:30,292.2226362832919,27.5,94.1,2024,8
2024-08-05 06:00:00+05:30,300.7890842690029,27.5,94.2,2024,8
2024-08-05 06:15:00+05:30,311.69361816856576,27.6,94.0,2024,8
2024-08-05 06:30:00+05:30,322.79120443140766,27.6,93.8,2024,8
2024-08-05 06:45:00+05:30,332.6718431457598,27.7,93.8,2024,8
2024-08-05 07:00:00+05:30,348.70738704476383,27.7,93.6,2024,8
2024-08-05 07:15:00+05:30,365.7543673685732,27.8,93.3,2024,8
2024-08-05 07:30:00+05:30,379.9924625269412,28.0,92.5,2024,8
2024-08-05 07:45:00+05:30,394.97353029733927,28.1,92.0,2024,8
2024-08-05 08:00:00+05:30,421.1036876834564,28.2,90.9,2024,8
2024-08-05 08:15:00+05:30,443.04503802366617,28.4,90.7,2024,8
2024-08-05 08:30:00+05:30,460.5863754587722,28.6,90.0,2024,8
2024-08-05 08:45:00+05:30,470.8313154300092,28.6,90.0,2024,8
2024-08-05 09:00:00+05:30,485.491218230182,28.7,89.8,2024,8
2024-08-05 09:15:00+05:30,497.3427255182904,28.6,89.5,2024,8
2024-08-05 09:30:00+05:30,502.57682566373126,28.5,90.2,2024,8
2024-08-05 09:45:00+05:30,512.4997881214637,28.8,89.7,2024,8
2024-08-05 10:00:00+05:30,519.72675856895,28.9,89.2,2024,8
2024-08-05 10:15:00+05:30,522.1066548233557,29.1,88.7,2024,8
2024-08-05 10:30:00+05:30,527.0801012401214,29.5,87.4,2024,8
2024-08-05 10:45:00+05:30,531.940164616871,29.7,86.8,2024,8
2024-08-05 11:00:00+05:30,533.5845655739683,29.8,86.0,2024,8
2024-08-05 11:15:00+05:30,531.9285000850477,30.0,85.4,2024,8
2024-08-05 11:30:00+05:30,531.9484545805856,30.1,84.0,2024,8
2024-08-05 11:45:00+05:30,533.4425399815065,30.3,83.3,2024,8
2024-08-05 12:00:00+05:30,528.1399511439548,29.5,84.4,2024,8
2024-08-05 12:15:00+05:30,524.8768849203807,29.9,82.9,2024,8
2024-08-05 12:30:00+05:30,523.5502093785924,30.2,81.3,2024,8
2024-08-05 12:45:00+05:30,525.0687170458795,30.2,80.8,2024,8
2024-08-05 13:00:00+05:30,530.6996179766145,30.2,80.7,2024,8
2024-08-05 13:15:00+05:30,531.7934587877943,30.2,81.0,2024,8
2024-08-05 13:30:00+05:30,529.9100596825084,30.2,81.6,2024,8
2024-08-05 13:45:00+05:30,527.3954071400634,30.2,80.8,2024,8
2024-08-05 14:00:00+05:30,531.6223504546697,30.2,81.0,2024,8
2024-08-05 14:15:00+05:30,531.6938059417612,30.2,80.6,2024,8
2024-08-05 14:30:00+05:30,531.2225662631472,30.2,82.3,2024,8
2024-08-05 14:45:00+05:30,525.0074378988529,30.1,83.4,2024,8
2024-08-05 15:00:00+05:30,520.8149551651475,29.2,84.2,2024,8
2024-08-05 15:15:00+05:30,515.5896238789558,28.5,87.3,2024,8
2024-08-05 15:30:00+05:30,503.5108808889213,28.1,89.0,2024,8
2024-08-05 15:45:00+05:30,498.58988299068506,28.0,89.2,2024,8
2024-08-05 16:00:00+05:30,499.08176086464937,28.1,89.1,2024,8
2024-08-05 16:15:00+05:30,494.6936277095116,28.3,88.3,2024,8
2024-08-05 16:30:00+05:30,494.1432781640378,28.4,88.1,2024,8
2024-08-05 16:45:00+05:30,491.6381674773959,28.4,88.1,2024,8
2024-08-05 17:00:00+05:30,488.5240303143111,28.3,87.7,2024,8
2024-08-05 17:15:00+05:30,483.8552058352915,28.2,87.8,2024,8
2024-08-05 17:30:00+05:30,482.9208897594374,28.1,88.5,2024,8
2024-08-05 17:45:00+05:30,476.9437238721573,27.4,90.0,2024,8
2024-08-05 18:00:00+05:30,463.7795613093623,27.3,91.2,2024,8
2024-08-05 18:15:00+05:30,459.3563616394813,27.3,92.1,2024,8
2024-08-05 18:30:00+05:30,451.29606121987104,27.3,92.6,2024,8
2024-08-05 18:45:00+05:30,446.13549535198695,27.3,92.6,2024,8
2024-08-05 19:00:00+05:30,440.29987052826107,27.4,93.0,2024,8
2024-08-05 19:15:00+05:30,434.901734442032,27.4,93.5,2024,8
2024-08-05 19:30:00+05:30,431.35451982263305,27.3,94.0,2024,8
2024-08-05 19:45:00+05:30,424.1585668763437,27.3,94.4,2024,8
2024-08-05 20:00:00+05:30,415.415693484608,27.4,94.6,2024,8
2024-08-05 20:15:00+05:30,410.79689138965625,27.1,94.3,2024,8
2024-08-05 20:30:00+05:30,407.1292910810657,27.1,93.8,2024,8
2024-08-05 20:45:00+05:30,401.9144602957065,27.2,94.0,2024,8
2024-08-05 21:00:00+05:30,393.90706506935646,27.2,94.1,2024,8
2024-08-05 21:15:00+05:30,393.3556078349701,27.4,94.4,2024,8
2024-08-05 21:30:00+05:30,385.1428150927748,27.3,93.9,2024,8
2024-08-05 21:45:00+05:30,378.9108233109321,27.2,94.2,2024,8
2024-08-05 22:00:00+05:30,373.6269290621047,27.2,94.5,2024,8
2024-08-05 22:15:00+05:30,368.3360971626769,27.2,94.6,2024,8
2024-08-05 22:30:00+05:30,364.9337541080951,27.2,94.5,2024,8
2024-08-05 22:45:00+05:30,362.332107482666,27.3,94.1,2024,8
2024-08-05 23:00:00+05:30,353.44923136384057,27.3,93.9,2024,8
2024-08-05 23:15:00+05:30,349.7159751649962,27.4,94.0,2024,8
2024-08-05 23:30:00+05:30,347.4673381336992,27.5,93.7,2024,8
2024-08-05 23:45:00+05:30,342.7600368664033,27.5,93.9,2024,8
2024-08-06 00:00:00+05:30,336.16591880631046,27.52,94.02,2024,8
2024-08-06 00:15:00+05:30,329.8036720312165,27.58,93.82,2024,8
2024-08-06 00:30:00+05:30,323.846064081857,27.58,93.86,2024,8
2024-08-06 00:45:00+05:30,318.54778019529766,27.54,94.32,2024,8
2024-08-06 01:00:00+05:30,314.6062686489953,27.559999999999995,94.5,2024,8
2024-08-06 01:15:00+05:30,312.4952527687986,27.64,94.4,2024,8
2024-08-06 01:30:00+05:30,309.17614974547024,27.68,94.14,2024,8
2024-08-06 01:45:00+05:30,306.445333532416,27.72000000000001,94.02,2024,8
2024-08-06 02:00:00+05:30,302.8912433485647,27.7,93.92,2024,8
2024-08-06 02:15:00+05:30,302.45895943008094,27.640000000000004,93.82,2024,8
2024-08-06 02:30:00+05:30,298.69807824998713,27.660000000000004,93.34,2024,8
2024-08-06 02:45:00+05:30,298.243930546832,27.660000000000004,93.58,2024,8
2024-08-06 03:00:00+05:30,296.6345302597273,27.6,93.64,2024,8
2024-08-06 03:15:00+05:30,293.5668214279014,27.44,93.94,2024,8
2024-08-06 03:30:00+05:30,292.02670291489494,27.380000000000003,94.02,2024,8
2024-08-06 03:45:00+05:30,290.69534216853896,27.4,94.02,2024,8
2024-08-06 04:00:00+05:30,288.90002694141623,27.4,93.54,2024,8
2024-08-06 04:15:00+05:30,290.0624963870522,27.42,93.48,2024,8
2024-08-06 04:30:00+05:30,291.4005869201714,27.42,93.6,2024,8
2024-08-06 04:45:00+05:30,290.4567978903264,27.48,93.4,2024,8
2024-08-06 05:00:00+05:30,291.92633869819866,27.48,93.32,2024,8
2024-08-06 05:15:00+05:30,294.5617051688203,27.48,93.06,2024,8
2024-08-06 05:30:00+05:30,299.41638194063137,27.46,93.06,2024,8
2024-08-06 05:45:00+05:30,305.06494388590266,27.48,92.86,2024,8
2024-08-06 06:00:00+05:30,314.4668276456305,27.46,92.92,2024,8
2024-08-06 06:15:00+05:30,324.4553394026154,27.48,92.96,2024,8
2024-08-06 06:30:00+05:30,335.1084028644974,27.5,93.0,2024,8
2024-08-06 06:45:00+05:30,343.2716461766136,27.56,92.78,2024,8
2024-08-06 07:00:00+05:30,357.8330637522346,27.64,92.8,2024,8
2024-08-06 07:15:00+05:30,372.2422042833174,27.76,92.56,2024,8
2024-08-06 07:30:00+05:30,387.89323862279866,27.9,92.18,2024,8
2024-08-06 07:45:00+05:30,405.7952207152123,28.059999999999995,91.96,2024,8
2024-08-06 08:00:00+05:30,426.54390881131474,28.24,91.58,2024,8
2024-08-06 08:15:00+05:30,445.5324140769531,28.26,90.92,2024,8
2024-08-06 08:30:00+05:30,461.35771469908224,28.54,90.02000000000001,2024,8
2024-08-06 08:45:00+05:30,475.5485996846302,28.879999999999995,88.35999999999999,2024,8
2024-08-06 09:00:00+05:30,490.0495579341232,29.18,87.17999999999999,2024,8
2024-08-06 09:15:00+05:30,501.8816706210016,29.32,86.4,2024,8
2024-08-06 09:30:00+05:30,509.9011108611747,29.44,86.4,2024,8
2024-08-06 09:45:00+05:30,518.3038680272884,29.58,85.58000000000001,2024,8
2024-08-06 10:00:00+05:30,524.6963063980849,29.559999999999995,85.34,2024,8
2024-08-06 10:15:00+05:30,528.726462002828,29.54,85.36,2024,8
2024-08-06 10:30:00+05:30,530.6314175506778,29.540000000000003,85.28,2024,8
2024-08-06 10:45:00+05:30,530.70986170208,29.76,84.53999999999999,2024,8
2024-08-06 11:00:00+05:30,534.8151072273363,29.9,83.91999999999999,2024,8
2024-08-06 11:15:00+05:30,535.2074697285668,30.28,81.43999999999998,2024,8
2024-08-06 11:30:00+05:30,531.53537005106,30.46,80.62,2024,8
2024-08-06 11:45:00+05:30,531.0008072377104,30.54,80.46000000000001,2024,8
2024-08-06 12:00:00+05:30,530.5560551625023,30.52,80.47999999999999,2024,8
2024-08-06 12:15:00+05:30,530.2462257012721,30.54,80.02000000000001,2024,8
2024-08-06 12:30:00+05:30,531.8727869218274,30.18,81.2,2024,8
2024-08-06 12:45:00+05:30,537.376331351458,30.18,81.66,2024,8
2024-08-06 13:00:00+05:30,537.2466690445366,30.4,80.7,2024,8
2024-08-06 13:15:00+05:30,536.4527466180601,30.52,80.16,2024,8
2024-08-06 13:30:00+05:30,533.6179842751179,30.559999999999995,79.92,2024,8
2024-08-06 13:45:00+05:30,529.1837684950168,30.78,79.42,2024,8
2024-08-06 14:00:00+05:30,524.7773485719665,30.32,79.34,2024,8
2024-08-06 14:15:00+05:30,522.9706070569948,30.059999999999995,79.66000000000001,2024,8
2024-08-06 14:30:00+05:30,521.5514186784271,30.02,80.52000000000001,2024,8
2024-08-06 14:45:00+05:30,521.7606401758687,30.059999999999995,80.96000000000001,2024,8
2024-08-06 15:00:00+05:30,521.5643149728031,30.12,81.78,2024,8
2024-08-06 15:15:00+05:30,523.207941217251,30.02,82.24,2024,8
2024-08-06 15:30:00+05:30,520.0787800611736,30.02,82.58000000000001,2024,8
2024-08-06 15:45:00+05:30,514.2779058463436,29.46,83.67999999999999,2024,8
2024-08-06 16:00:00+05:30,511.7563324686468,28.86,85.46000000000001,2024,8
2024-08-06 16:15:00+05:30,505.5835114563176,28.18,88.64000000000001,2024,8
2024-08-06 16:30:00+05:30,499.3769629181685,27.4,90.6,2024,8
2024-08-06 16:45:00+05:30,494.5517611925121,26.9,93.36,2024,8
2024-08-06 17:00:00+05:30,485.98229104229966,26.880000000000003,93.84,2024,8
2024-08-06 17:15:00+05:30,480.816549180273,27.02,92.70000000000002,2024,8
2024-08-06 17:30:00+05:30,476.0797008792166,27.1,92.37999999999998,2024,8
2024-08-06 17:45:00+05:30,471.3086840998242,27.160000000000004,92.18,2024,8
2024-08-06 18:00:00+05:30,465.5018896580009,27.24,91.94,2024,8
2024-08-06 18:15:00+05:30,460.8753651161266,27.26,92.84,2024,8
2024-08-06 18:30:00+05:30,454.06447849946886,27.3,92.92,2024,8
2024-08-06 18:45:00+05:30,450.22926983050746,27.32,91.88,2024,8
2024-08-06 19:00:00+05:30,445.9363986854996,27.3,92.01999999999998,2024,8
2024-08-06 19:15:00+05:30,439.2484971904952,27.34,91.96,2024,8
2024-08-06 19:30:00+05:30,431.9135467610621,27.380000000000003,92.3,2024,8
2024-08-06 19:45:00+05:30,425.9725168623522,27.380000000000003,92.66,2024,8
2024-08-06 20:00:00+05:30,416.8990782290551,27.0,93.62,2024,8
2024-08-06 20:15:00+05:30,414.4267442903487,26.8,93.92,2024,8
2024-08-06 20:30:00+05:30,408.2784011755426,26.82,94.6,2024,8
2024-08-06 20:45:00+05:30,404.5013979512586,26.840000000000003,94.48,2024,8
2024-08-06 21:00:00+05:30,399.7998500009719,27.0,94.32,2024,8
2024-08-06 21:15:00+05:30,397.4823049302093,27.14,94.4,2024,8
2024-08-06 21:30:00+05:30,391.0061328484536,27.24,94.62,2024,8
2024-08-06 21:45:00+05:30,387.3627971328257,27.32,94.94,2024,8
2024-08-06 22:00:00+05:30,380.93697928405794,27.4,94.98,2024,8
2024-08-06 22:15:00+05:30,376.2602142327745,27.420000000000005,94.82000000000002,2024,8
2024-08-06 22:30:00+05:30,371.2238078771644,27.48,94.92,2024,8
2024-08-06 22:45:00+05:30,366.049144273983,27.52,94.8,2024,8
2024-08-06 23:00:00+05:30,359.6453016701312,27.6,94.68,2024,8
2024-08-06 23:15:00+05:30,356.3224804306783,27.620000000000005,94.52,2024,8
2024-08-06 23:30:00+05:30,350.7838596971037,27.64,94.62,2024,8
2024-08-06 23:45:00+05:30,348.8013620793647,27.62,94.78,2024,8
2024-08-07 00:00:00+05:30,342.72494738899184,27.64,94.6,2024,8
2024-08-07 00:15:00+05:30,338.31601612781253,27.6,94.6,2024,8
2024-08-07 00:30:00+05:30,334.2035799587836,27.5,93.64,2024,8
2024-08-07 00:45:00+05:30,326.90928826922743,27.5,93.6,2024,8
2024-08-07 01:00:00+05:30,321.7978254482031,27.5,93.68,2024,8
2024-08-07 01:15:00+05:30,316.7090872967498,27.440000000000005,93.8,2024,8
2024-08-07 01:30:00+05:30,314.9390183240833,27.42,93.68,2024,8
2024-08-07 01:45:00+05:30,311.8687796384412,27.4,93.14,2024,8
2024-08-07 02:00:00+05:30,307.2454854388375,27.44,93.1,2024,8
2024-08-07 02:15:00+05:30,305.1452246495042,27.48,93.22,2024,8
2024-08-07 02:30:00+05:30,300.7015243387376,27.48,93.3,2024,8
2024-08-07 02:45:00+05:30,299.7847818271629,27.440000000000005,93.44,2024,8
2024-08-07 03:00:00+05:30,298.2370674091656,27.28,93.43999999999998,2024,8
2024-08-07 03:15:00+05:30,296.7630469627396,26.860000000000003,94.76,2024,8
2024-08-07 03:30:00+05:30,295.8777019370605,26.82,94.5,2024,8
2024-08-07 03:45:00+05:30,293.2719255885981,26.84,94.70000000000002,2024,8
2024-08-07 04:00:00+05:30,293.6178084604761,26.82,94.74,2024,8
2024-08-07 04:15:00+05:30,290.29893726913366,26.880000000000003,93.74,2024,8
2024-08-07 04:30:00+05:30,290.98642619063213,26.94,93.66,2024,8
2024-08-07 04:45:00+05:30,291.6136121792331,27.02,94.46,2024,8
2024-08-07 05:00:00+05:30,293.8979608584752,27.1,94.52,2024,8
2024-08-07 05:15:00+05:30,295.3363329998331,27.12,94.34,2024,8
2024-08-07 05:30:00+05:30,299.5144118659455,27.18,94.32,2024,8
2024-08-07 05:45:00+05:30,305.52524959815463,27.2,94.58,2024,8
2024-08-07 06:00:00+05:30,316.6886522235034,27.26,94.46,2024,8
2024-08-07 06:15:00+05:30,323.96704832435046,27.26,94.6,2024,8
2024-08-07 06:30:00+05:30,334.1155673404097,27.14,95.02,2024,8
2024-08-07 06:45:00+05:30,343.080069019023,27.18,94.76,2024,8
2024-08-07 07:00:00+05:30,355.4734365603226,27.24,94.70000000000002,2024,8
2024-08-07 07:15:00+05:30,368.5037439147196,27.340000000000003,94.4,2024,8
2024-08-07 07:30:00+05:30,386.0760140774103,27.440000000000005,94.6,2024,8
2024-08-07 07:45:00+05:30,403.1475960782352,27.58,94.44,2024,8
2024-08-07 08:00:00+05:30,424.4159562566829,27.72,93.92,2024,8
2024-08-07 08:15:00+05:30,443.0721440829446,27.98,93.0,2024,8
2024-08-07 08:30:00+05:30,459.35135055964446,28.18,92.44,2024,8
2024-08-07 08:45:00+05:30,475.1596754615989,28.44,91.5,2024,8
2024-08-07 09:00:00+05:30,489.132154651419,28.68,90.36,2024,8
2024-08-07 09:15:00+05:30,500.7325973910303,28.72,89.66,2024,8
2024-08-07 09:30:00+05:30,508.0133587979839,29.160000000000004,88.38,2024,8
2024-08-07 09:45:00+05:30,515.5956533305738,28.74,89.48,2024,8
2024-08-07 10:00:00+05:30,522.6841853514296,28.92,89.94,2024,8
2024-08-07 10:15:00+05:30,527.5353920036413,29.48,88.08,2024,8
2024-08-07 10:30:00+05:30,533.2963660204937,29.52,87.02000000000001,2024,8
2024-08-07 10:45:00+05:30,538.3485110591713,29.42,86.5,2024,8
2024-08-07 11:00:00+05:30,537.1733330464463,29.18,86.28,2024,8
2024-08-07 11:15:00+05:30,534.865371519892,28.98,86.7,2024,8
2024-08-07 11:30:00+05:30,534.5993533298299,29.24,85.53999999999999,2024,8
2024-08-07 11:45:00+05:30,532.5515150522087,29.360000000000003,85.0,2024,8
2024-08-07 12:00:00+05:30,526.8376540679907,29.360000000000003,85.1,2024,8
2024-08-07 12:15:00+05:30,526.9944718264261,29.94,83.8,2024,8
2024-08-07 12:30:00+05:30,532.1664118494507,30.1,83.26000000000002,2024,8
2024-08-07 12:45:00+05:30,532.4392824245446,30.120000000000005,83.4,2024,8
2024-08-07 13:00:00+05:30,528.3274942348784,30.24,82.28,2024,8
2024-08-07 13:15:00+05:30,524.8946821525003,30.46,81.9,2024,8
2024-08-07 13:30:00+05:30,523.6818062879602,30.46,81.4,2024,8
2024-08-07 13:45:00+05:30,525.9134082251735,30.640000000000004,80.12,2024,8
2024-08-07 14:00:00+05:30,528.8358897662799,30.6,80.48,2024,8
2024-08-07 14:15:00+05:30,530.6707915256869,30.48,80.4,2024,8
2024-08-07 14:30:00+05:30,531.7056620260977,30.7,79.84,2024,8
2024-08-07 14:45:00+05:30,531.1591519691132,30.42,80.52000000000001,2024,8
2024-08-07 15:00:00+05:30,529.1460619953782,30.4,80.36,2024,8
2024-08-07 15:15:00+05:30,528.0941939383748,30.72000000000001,79.62,2024,8
2024-08-07 15:30:00+05:30,529.3648779868668,30.28,81.1,2024,8
2024-08-07 15:45:00+05:30,526.4488110147132,30.12,80.82000000000001,2024,8
2024-08-07 16:00:00+05:30,522.6635584715222,29.82,82.84,2024,8
2024-08-07 16:15:00+05:30,516.043983275569,29.96,83.41999999999999,2024,8
2024-08-07 16:30:00+05:30,518.1862765237612,29.940000000000005,82.53999999999999,2024,8
2024-08-07 16:45:00+05:30,514.8075352918925,29.58,83.1,2024,8
2024-08-07 17:00:00+05:30,511.7513101746841,29.58,83.38,2024,8
2024-08-07 17:15:00+05:30,507.5643886680791,29.48,84.1,2024,8
2024-08-07 17:30:00+05:30,499.0748474320206,29.32,84.36,2024,8
2024-08-07 17:45:00+05:30,492.87721888530166,29.16,84.62,2024,8
2024-08-07 18:00:00+05:30,486.9448115739224,29.1,85.26,2024,8
2024-08-07 18:15:00+05:30,478.8124627124609,28.98,85.76,2024,8
2024-08-07 18:30:00+05:30,473.9108604225528,28.84,86.32000000000001,2024,8
2024-08-07 18:45:00+05:30,466.7355747017775,28.7,86.6,2024,8
2024-08-07 19:00:00+05:30,457.6179319673581,28.7,86.96000000000001,2024,8
2024-08-07 19:15:00+05:30,451.0968129748225,28.52,87.2,2024,8
2024-08-07 19:30:00+05:30,443.5653319159625,28.380000000000003,87.28,2024,8
2024-08-07 19:45:00+05:30,435.71436427507183,28.3,87.76,2024,8
2024-08-07 20:00:00+05:30,427.8633013126732,28.3,87.8,2024,8
2024-08-07 20:15:00+05:30,422.62974305758047,28.24,88.18,2024,8
2024-08-07 20:30:00+05:30,418.33584607618633,28.059999999999995,88.53999999999999,2024,8
2024-08-07 20:45:00+05:30,414.10263737574616,28.040000000000003,87.36,2024,8
2024-08-07 21:00:00+05:30,406.3062262466405,28.0,87.56,2024,8
2024-08-07 21:15:00+05:30,400.9917017262222,28.06,87.67999999999999,2024,8
2024-08-07 21:30:00+05:30,396.1813301585607,28.08,87.92,2024,8
2024-08-07 21:45:00+05:30,394.3440658569033,28.040000000000003,88.73999999999998,2024,8
2024-08-07 22:00:00+05:30,387.5480856581147,28.08,88.97999999999999,2024,8
2024-08-07 22:15:00+05:30,379.5046414722227,28.059999999999995,89.34,2024,8
2024-08-07 22:30:00+05:30,376.4262936931252,28.14,89.64000000000001,2024,8
2024-08-07 22:45:00+05:30,371.414565009413,28.160000000000004,89.66,2024,8
2024-08-07 23:00:00+05:30,365.2180302740212,28.16,89.28,2024,8
2024-08-07 23:15:00+05:30,361.0162650535076,28.2,88.86000000000001,2024,8
2024-08-07 23:30:00+05:30,355.00995442024634,28.18,89.02,2024,8
2024-08-07 23:45:00+05:30,350.29122329480634,28.22,89.02000000000001,2024,8
2024-08-08 00:00:00+05:30,344.95459533738506,28.16,89.3,2024,8
2024-08-08 00:15:00+05:30,337.5145817684614,28.12,89.47999999999999,2024,8
2024-08-08 00:30:00+05:30,334.2679114024959,28.14,89.54,2024,8
2024-08-08 00:45:00+05:30,329.41288190183815,28.160000000000004,89.75999999999999,2024,8
2024-08-08 01:00:00+05:30,324.4506613194531,28.020000000000003,90.22,2024,8
2024-08-08 01:15:00+05:30,320.30763708740386,27.96,90.84,2024,8
2024-08-08 01:30:00+05:30,318.6248192892193,27.98,90.76,2024,8
2024-08-08 01:45:00+05:30,313.2104790892995,27.98,90.96,2024,8
2024-08-08 02:00:00+05:30,310.37104619798293,27.98,91.34,2024,8
2024-08-08 02:15:00+05:30,307.93040493426514,27.96,91.56,2024,8
2024-08-08 02:30:00+05:30,304.92213965467295,27.94,91.28,2024,8
2024-08-08 02:45:00+05:30,301.07904221247014,27.9,91.18,2024,8
2024-08-08 03:00:00+05:30,300.1473707093129,27.9,91.28,2024,8
2024-08-08 03:15:00+05:30,298.6047561576248,27.880000000000003,91.43999999999998,2024,8
2024-08-08 03:30:00+05:30,296.62465774755464,27.860000000000003,91.66,2024,8
2024-08-08 03:45:00+05:30,294.774490125231,27.860000000000003,91.6,2024,8
2024-08-08 04:00:00+05:30,293.02340612041763,27.9,91.46,2024,8
2024-08-08 04:15:00+05:30,292.1713419683269,27.9,91.2,2024,8
2024-08-08 04:30:00+05:30,293.05586663008,27.9,91.02,2024,8
2024-08-08 04:45:00+05:30,294.82551879687566,27.9,90.98,2024,8
2024-08-08 05:00:00+05:30,294.77014403175366,27.92,90.82,2024,8
2024-08-08 05:15:00+05:30,297.0188360262893,27.9,90.8,2024,8
2024-08-08 05:30:00+05:30,301.4478487890921,27.9,91.1,2024,8
2024-08-08 05:45:00+05:30,306.0029570202606,27.880000000000003,91.2,2024,8
2024-08-08 06:00:00+05:30,314.0501676166728,27.860000000000003,91.14,2024,8
2024-08-08 06:15:00+05:30,323.0426727759647,27.94,91.22,2024,8
2024-08-08 06:30:00+05:30,333.4307320830199,27.94,91.0,2024,8
2024-08-08 06:45:00+05:30,344.4879917833652,27.98,91.22,2024,8
2024-08-08 07:00:00+05:30,356.8123273095686,28.02,90.94,2024,8
2024-08-08 07:15:00+05:30,371.17623547278265,28.08,90.88,2024,8
2024-08-08 07:30:00+05:30,388.0976708910732,28.16,90.8,2024,8
2024-08-08 07:45:00+05:30,404.46451989005857,28.26,90.62,2024,8
2024-08-08 08:00:00+05:30,426.3970527439358,28.48,89.52000000000001,2024,8
2024-08-08 08:15:00+05:30,445.361985765073,28.68,89.18,2024,8
2024-08-08 08:30:00+05:30,459.5364002406404,28.74,89.14000000000001,2024,8
2024-08-08 08:45:00+05:30,475.4847912294483,28.74,88.72,2024,8
2024-08-08 09:00:00+05:30,494.3344735013769,28.86,88.1,2024,8
2024-08-08 09:15:00+05:30,510.4574607992074,28.8,87.48,2024,8
2024-08-08 09:30:00+05:30,514.9458056081107,28.72,87.00000000000001,2024,8
2024-08-08 09:45:00+05:30,521.7994544621749,28.880000000000003,86.86,2024,8
2024-08-08 10:00:00+05:30,529.8152287556296,28.98,86.38,2024,8
2024-08-08 10:15:00+05:30,534.4303841743772,29.12,86.24,2024,8
2024-08-08 10:30:00+05:30,538.4365524824093,29.22,85.9,2024,8
2024-08-08 10:45:00+05:30,539.0616690666986,29.36,85.78,2024,8
2024-08-08 11:00:00+05:30,542.5131840338875,29.34,86.05999999999999,2024,8
2024-08-08 11:15:00+05:30,539.0058915278105,29.42,87.14,2024,8
2024-08-08 11:30:00+05:30,537.6433137598076,29.840000000000003,85.58,2024,8
2024-08-08 11:45:00+05:30,538.676533107886,29.94,84.2,2024,8
2024-08-08 12:00:00+05:30,539.43639609925,30.18,83.4,2024,8
2024-08-08 12:15:00+05:30,538.0318717654712,30.26,82.28,2024,8
2024-08-08 12:30:00+05:30,535.7173348400262,30.5,81.4,2024,8
2024-08-08 12:45:00+05:30,536.0116179925269,30.44,81.22,2024,8
2024-08-08 13:00:00+05:30,532.6979478905718,30.52,80.86,2024,8
2024-08-08 13:15:00+05:30,528.8539793041814,30.7,79.78,2024,8
2024-08-08 13:30:00+05:30,524.8830918656571,30.86,79.35999999999999,2024,8
2024-08-08 13:45:00+05:30,525.4090929578576,30.82,78.58,2024,8
2024-08-08 14:00:00+05:30,530.2879082545417,31.1,77.72,2024,8
2024-08-08 14:15:00+05:30,533.6718416073601,31.24,77.55999999999999,2024,8
2024-08-08 14:30:00+05:30,534.5358327881552,30.94,78.08,2024,8
2024-08-08 14:45:00+05:30,533.4359911435172,30.74,77.7,2024,8
2024-08-08 15:00:00+05:30,531.0502141626396,30.90000000000001,77.33999999999999,2024,8
2024-08-08 15:15:00+05:30,531.3871126004368,30.9,78.03999999999999,2024,8
2024-08-08 15:30:00+05:30,527.6244342516684,31.02,77.22,2024,8
2024-08-08 15:45:00+05:30,528.4803944654483,30.58,77.7,2024,8
2024-08-08 16:00:00+05:30,527.0492028615266,30.58,78.02000000000001,2024,8
2024-08-08 16:15:00+05:30,521.465883596044,30.34,78.28,2024,8
2024-08-08 16:30:00+05:30,517.7247297567859,30.4,78.44,2024,8
2024-08-08 16:45:00+05:30,515.4355835612112,30.48,78.16,2024,8
2024-08-08 17:00:00+05:30,510.9017697050971,30.24,78.44,2024,8
2024-08-08 17:15:00+05:30,507.46471459012827,29.94,79.67999999999999,2024,8
2024-08-08 17:30:00+05:30,498.7045491682656,29.74,79.94000000000001,2024,8
2024-08-08 17:45:00+05:30,491.6406790746556,29.7,80.46,2024,8
2024-08-08 18:00:00+05:30,485.2114601641748,29.6,80.93999999999998,2024,8
2024-08-08 18:15:00+05:30,478.8708642139388,29.4,81.34,2024,8
2024-08-08 18:30:00+05:30,469.7020131878394,29.3,82.1,2024,8
2024-08-08 18:45:00+05:30,461.27300701945046,29.22000000000001,82.67999999999999,2024,8
2024-08-08 19:00:00+05:30,456.863082304787,29.06,83.66000000000001,2024,8
2024-08-08 19:15:00+05:30,451.4628261469072,29.0,84.24,2024,8
2024-08-08 19:30:00+05:30,445.701305456476,28.92,84.78,2024,8
2024-08-08 19:45:00+05:30,439.9905867330748,28.880000000000003,85.22,2024,8
2024-08-08 20:00:00+05:30,432.32797082187534,28.8,85.67999999999999,2024,8
2024-08-08 20:15:00+05:30,426.81738046175343,28.78,85.92,2024,8
2024-08-08 20:30:00+05:30,421.5734309976625,28.76,86.1,2024,8
2024-08-08 20:45:00+05:30,415.111149484359,28.660000000000004,86.46,2024,8
2024-08-08 21:00:00+05:30,408.7729659956096,28.660000000000004,86.48,2024,8
2024-08-08 21:15:00+05:30,404.28294346774095,28.68,86.74,2024,8
2024-08-08 21:30:00+05:30,398.5192730718726,28.64,86.4,2024,8
2024-08-08 21:45:00+05:30,392.6381943186859,28.62,87.1,2024,8
2024-08-08 22:00:00+05:30,386.02567644231686,28.58,87.61999999999999,2024,8
2024-08-08 22:15:00+05:30,380.81624263305446,28.559999999999995,87.58,2024,8
2024-08-08 22:30:00+05:30,380.4443182419333,28.58,87.55999999999999,2024,8
2024-08-08 22:45:00+05:30,375.0197666985008,28.62,87.44000000000001,2024,8
2024-08-08 23:00:00+05:30,368.99847659573663,28.579999999999995,87.55999999999999,2024,8
2024-08-08 23:15:00+05:30,362.2677321366114,28.54,87.97999999999999,2024,8
2024-08-08 23:30:00+05:30,356.52890804923084,28.5,87.58,2024,8
2024-08-08 23:45:00+05:30,354.7530168145847,28.440000000000005,88.41999999999999,2024,8
2024-08-09 00:00:00+05:30,349.40979719591013,28.4,88.8,2024,8
2024-08-09 00:15:00+05:30,345.81293542124683,28.4,88.5,2024,8
2024-08-09 00:30:00+05:30,341.68435070349307,28.5,88.2,2024,8
2024-08-09 00:45:00+05:30,335.79482708275583,28.4,88.7,2024,8
2024-08-09 01:00:00+05:30,330.455631854275,28.3,90.0,2024,8
2024-08-09 01:15:00+05:30,325.5192691243904,28.1,90.4,2024,8
2024-08-09 01:30:00+05:30,324.89906987838816,28.0,90.9,2024,8
2024-08-09 01:45:00+05:30,318.952973240032,28.0,90.5,2024,8
2024-08-09 02:00:00+05:30,313.63354009143575,28.0,90.5,2024,8
2024-08-09 02:15:00+05:30,312.3204497921416,28.0,90.9,2024,8
2024-08-09 02:30:00+05:30,309.5118970682991,28.0,90.6,2024,8
2024-08-09 02:45:00+05:30,308.0867039785671,28.0,91.1,2024,8
2024-08-09 03:00:00+05:30,306.05798777776283,28.0,91.5,2024,8
2024-08-09 03:15:00+05:30,302.95781229347097,27.9,91.8,2024,8
2024-08-09 03:30:00+05:30,301.0124414900933,27.4,92.6,2024,8
2024-08-09 03:45:00+05:30,298.8918221467097,27.0,93.0,2024,8
2024-08-09 04:00:00+05:30,300.44892977168064,26.9,93.6,2024,8
2024-08-09 04:15:00+05:30,299.4915450311515,26.9,93.7,2024,8
2024-08-09 04:30:00+05:30,300.8123080188963,27.0,94.0,2024,8
2024-08-09 04:45:00+05:30,301.3455566360082,27.0,94.0,2024,8
2024-08-09 05:00:00+05:30,303.351897446254,27.2,94.0,2024,8
2024-08-09 05:15:00+05:30,306.9644501262196,27.4,94.1,2024,8
2024-08-09 05:30:00+05:30,310.66428083659787,27.5,94.3,2024,8
2024-08-09 05:45:00+05:30,316.01210926224337,27.6,94.5,2024,8
2024-08-09 06:00:00+05:30,325.00101936307954,27.6,94.2,2024,8
2024-08-09 06:15:00+05:30,335.90380916143823,27.7,93.9,2024,8
2024-08-09 06:30:00+05:30,346.8774241143629,27.7,93.9,2024,8
2024-08-09 06:45:00+05:30,356.24273960766425,27.7,94.0,2024,8
2024-08-09 07:00:00+05:30,368.8720649230778,27.8,94.0,2024,8
2024-08-09 07:15:00+05:30,384.6694943694732,27.8,93.9,2024,8
2024-08-09 07:30:00+05:30,401.2712598763983,28.0,93.7,2024,8
2024-08-09 07:45:00+05:30,415.62422107312256,28.1,93.1,2024,8
2024-08-09 08:00:00+05:30,437.76673784025655,28.3,92.2,2024,8
2024-08-09 08:15:00+05:30,459.9107905602663,28.5,91.4,2024,8
2024-08-09 08:30:00+05:30,477.9848819307721,28.7,91.0,2024,8
2024-08-09 08:45:00+05:30,492.6070529882092,28.7,90.7,2024,8
2024-08-09 09:00:00+05:30,502.332625893582,28.6,89.7,2024,8
2024-08-09 09:15:00+05:30,515.9321803146904,28.7,90.0,2024,8
2024-08-09 09:30:00+05:30,522.4147537513312,28.7,90.5,2024,8
2024-08-09 09:45:00+05:30,530.8449321748639,29.0,90.1,2024,8
2024-08-09 10:00:00+05:30,538.48476732355,29.2,89.5,2024,8
2024-08-09 10:15:00+05:30,542.9495310635555,29.5,88.8,2024,8
2024-08-09 10:30:00+05:30,547.3565949525213,29.3,87.4,2024,8
2024-08-09 10:45:00+05:30,547.304027762671,29.4,87.6,2024,8
2024-08-09 11:00:00+05:30,551.1675034463685,29.7,87.7,2024,8
2024-08-09 11:15:00+05:30,550.5121597994477,29.8,86.8,2024,8
2024-08-09 11:30:00+05:30,550.5280400419855,30.1,85.4,2024,8
2024-08-09 11:45:00+05:30,552.0222630145064,30.0,84.3,2024,8
2024-08-09 12:00:00+05:30,548.7015662575548,29.9,83.7,2024,8
2024-08-09 12:15:00+05:30,544.3045336827807,29.9,83.9,2024,8
2024-08-09 12:30:00+05:30,540.9767644501925,30.0,83.2,2024,8
2024-08-09 12:45:00+05:30,538.0215592196794,30.4,82.2,2024,8
2024-08-09 13:00:00+05:30,533.1326319216146,30.5,80.8,2024,8
2024-08-09 13:15:00+05:30,530.1291440521942,30.7,79.6,2024,8
2024-08-09 13:30:00+05:30,530.6152860025082,30.5,79.4,2024,8
2024-08-09 13:45:00+05:30,529.6498910858635,30.5,79.2,2024,8
2024-08-09 14:00:00+05:30,535.3604226988696,30.2,79.8,2024,8
2024-08-09 14:15:00+05:30,537.502848260161,30.1,80.0,2024,8
2024-08-09 14:30:00+05:30,541.0545526797471,29.9,80.3,2024,8
2024-08-09 14:45:00+05:30,539.3389598360528,29.7,80.8,2024,8
2024-08-09 15:00:00+05:30,530.5049467515473,29.6,78.8,2024,8
2024-08-09 15:15:00+05:30,528.7593978471558,29.5,78.6,2024,8
2024-08-09 15:30:00+05:30,523.2281037243213,29.6,78.2,2024,8
2024-08-09 15:45:00+05:30,518.9534076696851,29.6,77.6,2024,8
2024-08-09 16:00:00+05:30,519.5093608646494,29.6,77.7,2024,8
2024-08-09 16:15:00+05:30,516.0894277095116,29.7,77.2,2024,8
2024-08-09 16:30:00+05:30,514.6026781640379,29.7,78.4,2024,8
2024-08-09 16:45:00+05:30,509.161167477396,29.7,78.6,2024,8
2024-08-09 17:00:00+05:30,506.0788303143111,29.9,78.9,2024,8
2024-08-09 17:15:00+05:30,501.4100058352916,29.8,79.4,2024,8
2024-08-09 17:30:00+05:30,494.6028897594373,29.7,80.4,2024,8
2024-08-09 17:45:00+05:30,489.6257238721573,29.7,80.8,2024,8
2024-08-09 18:00:00+05:30,484.2389613093623,29.7,81.1,2024,8
2024-08-09 18:15:00+05:30,476.8475616394812,29.4,82.1,2024,8
2024-08-09 18:30:00+05:30,470.723661219871,29.3,82.8,2024,8
2024-08-09 18:45:00+05:30,466.53129535198696,29.1,83.7,2024,8
2024-08-09 19:00:00+05:30,460.72747052826094,28.9,84.6,2024,8
2024-08-09 19:15:00+05:30,454.3929344420319,28.8,85.5,2024,8
2024-08-09 19:30:00+05:30,449.8775198226331,28.8,86.1,2024,8
2024-08-09 19:45:00+05:30,443.6179668763437,28.6,86.5,2024,8
2024-08-09 20:00:00+05:30,437.779693484608,28.6,87.0,2024,8
2024-08-09 20:15:00+05:30,431.2244913896561,28.6,87.3,2024,8
2024-08-09 20:30:00+05:30,424.65229108106575,28.5,87.7,2024,8
2024-08-09 20:45:00+05:30,414.6282602957066,28.5,88.0,2024,8
2024-08-09 21:00:00+05:30,405.6844650693563,28.5,88.5,2024,8
2024-08-09 21:15:00+05:30,402.2284078349701,28.5,89.1,2024,8
2024-08-09 21:30:00+05:30,395.9838150927748,28.4,89.3,2024,8
2024-08-09 21:45:00+05:30,391.62462331093207,28.5,89.3,2024,8
2024-08-09 22:00:00+05:30,384.40432906210464,28.4,89.3,2024,8
2024-08-09 22:15:00+05:30,379.0816971626769,28.4,89.6,2024,8
2024-08-09 22:30:00+05:30,374.7111541080952,28.4,89.8,2024,8
2024-08-09 22:45:00+05:30,372.1095074826659,28.4,89.9,2024,8
2024-08-09 23:00:00+05:30,366.1312313638406,28.4,89.9,2024,8
2024-08-09 23:15:00+05:30,361.4615751649962,28.4,89.8,2024,8
2024-08-09 23:30:00+05:30,355.3401381336992,28.3,90.0,2024,8
2024-08-09 23:45:00+05:30,353.53743686640325,28.3,89.7,2024,8
2024-08-10 00:00:00+05:30,349.4546810975101,28.3,89.9,2024,8
2024-08-10 00:15:00+05:30,348.0499068570469,28.2,90.2,2024,8
2024-08-10 00:30:00+05:30,343.02721060669296,28.2,90.2,2024,8
2024-08-10 00:45:00+05:30,336.72455698755584,28.2,90.4,2024,8
2024-08-10 01:00:00+05:30,331.591351048275,28.2,90.0,2024,8
2024-08-10 01:15:00+05:30,325.71373558099026,28.2,89.8,2024,8
2024-08-10 01:30:00+05:30,320.95041909898816,28.1,89.8,2024,8
2024-08-10 01:45:00+05:30,317.08461699163195,28.0,89.9,2024,8
2024-08-10 02:00:00+05:30,315.4325774992357,28.0,90.2,2024,8
2024-08-10 02:15:00+05:30,313.5220832869416,28.0,90.6,2024,8
2024-08-10 02:30:00+05:30,308.9874521604992,27.9,91.1,2024,8
2024-08-10 02:45:00+05:30,305.3379977351672,27.9,91.2,2024,8
2024-08-10 03:00:00+05:30,302.3164680819629,27.9,91.3,2024,8
2024-08-10 03:15:00+05:30,302.2942512574711,27.9,91.9,2024,8
2024-08-10 03:30:00+05:30,301.4021365488934,27.8,92.3,2024,8
2024-08-10 03:45:00+05:30,300.6222267907097,27.8,92.2,2024,8
2024-08-10 04:00:00+05:30,300.0127330614807,27.7,92.2,2024,8
2024-08-10 04:15:00+05:30,299.53209910015147,27.7,92.6,2024,8
2024-08-10 04:30:00+05:30,299.8653846130963,27.7,92.8,2024,8
2024-08-10 04:45:00+05:30,297.77332785280817,27.7,92.4,2024,8
2024-08-10 05:00:00+05:30,297.813547145454,27.8,92.5,2024,8
2024-08-10 05:15:00+05:30,299.9214979718197,27.7,92.8,2024,8
2024-08-10 05:30:00+05:30,304.02179386159787,27.7,92.6,2024,8
2024-08-10 05:45:00+05:30,308.4364412598435,27.7,92.7,2024,8
2024-08-10 06:00:00+05:30,310.9588776268794,27.7,92.8,2024,8
2024-08-10 06:15:00+05:30,312.72369423203816,27.8,92.6,2024,8
2024-08-10 06:30:00+05:30,316.2916779489629,27.7,92.7,2024,8
2024-08-10 06:45:00+05:30,320.95966495086435,27.8,92.8,2024,8
2024-08-10 07:00:00+05:30,327.4511155384777,27.8,92.9,2024,8
2024-08-10 07:15:00+05:30,334.98268849347323,28.0,92.5,2024,8
2024-08-10 07:30:00+05:30,344.2043832751984,28.2,91.8,2024,8
2024-08-10 07:45:00+05:30,354.0742165107226,28.3,91.2,2024,8
2024-08-10 08:00:00+05:30,369.7110323152565,28.4,91.1,2024,8
2024-08-10 08:15:00+05:30,383.2648360460662,28.4,91.4,2024,8
2024-08-10 08:30:00+05:30,394.5359022077722,28.4,91.3,2024,8
2024-08-10 08:45:00+05:30,407.3070467358093,28.4,90.6,2024,8
2024-08-10 09:00:00+05:30,420.186205168582,27.9,92.1,2024,8
2024-08-10 09:15:00+05:30,428.24666082389047,27.8,93.4,2024,8
2024-08-10 09:30:00+05:30,438.32201120873134,28.1,92.4,2024,8
2024-08-10 09:45:00+05:30,442.70674650386377,28.3,91.2,2024,8
2024-08-10 10:00:00+05:30,449.59083493595,28.5,89.2,2024,8
2024-08-10 10:15:00+05:30,458.5086550237556,28.9,86.4,2024,8
2024-08-10 10:30:00+05:30,461.90215901732125,29.3,84.4,2024,8
2024-08-10 10:45:00+05:30,463.2290809254709,29.3,84.6,2024,8
2024-08-10 11:00:00+05:30,466.5319090081686,29.6,83.2,2024,8
2024-08-10 11:15:00+05:30,469.8251977836475,29.9,82.9,2024,8
2024-08-10 11:30:00+05:30,471.1726060667857,29.6,83.5,2024,8
2024-08-10 11:45:00+05:30,464.8223297315064,28.7,86.8,2024,8
2024-08-10 12:00:00+05:30,463.0706311049548,29.0,88.7,2024,8
2024-08-10 12:15:00+05:30,464.8205795059806,29.3,87.4,2024,8
2024-08-10 12:30:00+05:30,464.0389575395925,29.0,87.6,2024,8
2024-08-10 12:45:00+05:30,461.04639802107954,28.9,88.6,2024,8
2024-08-10 13:00:00+05:30,454.17770037381456,29.0,88.7,2024,8
2024-08-10 13:15:00+05:30,453.4600377389943,29.3,87.5,2024,8
2024-08-10 13:30:00+05:30,450.8241607293083,29.3,86.8,2024,8
2024-08-10 13:45:00+05:30,451.54817742766335,29.5,85.5,2024,8
2024-08-10 14:00:00+05:30,449.9649200848697,29.5,84.3,2024,8
2024-08-10 14:15:00+05:30,448.7629498865612,29.6,82.9,2024,8
2024-08-10 14:30:00+05:30,448.1984504123469,29.9,81.6,2024,8
2024-08-10 14:45:00+05:30,446.2179588210528,30.0,79.8,2024,8
2024-08-10 15:00:00+05:30,446.9897687867475,30.0,79.7,2024,8
2024-08-10 15:15:00+05:30,447.02451928855584,30.3,79.3,2024,8
2024-08-10 15:30:00+05:30,445.4182202125213,30.3,80.3,2024,8
2024-08-10 15:45:00+05:30,446.17629908288495,30.2,81.2,2024,8
2024-08-10 16:00:00+05:30,445.8167582960495,29.9,82.3,2024,8
2024-08-10 16:15:00+05:30,441.9466644613117,29.7,82.3,2024,8
2024-08-10 16:30:00+05:30,439.1137995714381,29.8,82.0,2024,8
2024-08-10 16:45:00+05:30,433.5041578793959,30.1,80.9,2024,8
2024-08-10 17:00:00+05:30,434.003533140911,29.8,81.2,2024,8
2024-08-10 17:15:00+05:30,434.8720856436917,29.6,82.0,2024,8
2024-08-10 17:30:00+05:30,430.12671326923737,29.3,82.6,2024,8
2024-08-10 17:45:00+05:30,427.42270019315725,29.3,83.2,2024,8
2024-08-10 18:00:00+05:30,423.9812033107622,29.2,83.5,2024,8
2024-08-10 18:15:00+05:30,421.5096036070811,29.2,84.2,2024,8
2024-08-10 18:30:00+05:30,421.365434519671,28.9,85.0,2024,8
2024-08-10 18:45:00+05:30,420.318309139987,28.7,85.5,2024,8
2024-08-10 19:00:00+05:30,421.642981284661,28.5,85.7,2024,8
2024-08-10 19:15:00+05:30,418.6869576704318,28.5,85.9,2024,8
2024-08-10 19:30:00+05:30,417.582958404433,28.4,86.1,2024,8
2024-08-10 19:45:00+05:30,413.1207094093436,28.4,86.3,2024,8
2024-08-10 20:00:00+05:30,407.52709899840806,28.4,86.5,2024,8
2024-08-10 20:15:00+05:30,403.84059867065616,28.3,86.9,2024,8
2024-08-10 20:30:00+05:30,398.9257859732659,28.3,87.3,2024,8
2024-08-10 20:45:00+05:30,391.8887946411065,28.3,87.5,2024,8
2024-08-10 21:00:00+05:30,388.3144892369564,28.3,87.5,2024,8
2024-08-10 21:15:00+05:30,387.05517600377016,28.4,87.7,2024,8
2024-08-10 21:30:00+05:30,383.0691855631747,28.4,87.2,2024,8
2024-08-10 21:45:00+05:30,377.3885369689322,28.4,87.4,2024,8
2024-08-10 22:00:00+05:30,372.9334137007047,28.4,87.7,2024,8
2024-08-10 22:15:00+05:30,370.0643387114768,28.3,88.4,2024,8
2024-08-10 22:30:00+05:30,368.1917023770951,28.3,88.6,2024,8
2024-08-10 22:45:00+05:30,362.3372080496659,28.2,88.8,2024,8
2024-08-10 23:00:00+05:30,356.1708422488405,28.1,89.2,2024,8
2024-08-10 23:15:00+05:30,351.2945795445961,28.1,89.1,2024,8
2024-08-10 23:30:00+05:30,346.6099205772991,28.1,89.4,2024,8
2024-08-10 23:45:00+05:30,345.9427489860033,28.1,89.4,2024,8
2024-08-11 00:00:00+05:30,342.5567811885101,28.0,89.7,2024,8
2024-08-11 00:15:00+05:30,340.1898697426469,28.0,90.0,2024,8
2024-08-11 00:30:00+05:30,335.1657832000931,27.9,90.3,2024,8
2024-08-11 00:45:00+05:30,330.5347541493558,27.9,90.4,2024,8
2024-08-11 01:00:00+05:30,323.9062542404751,27.9,90.2,2024,8
2024-08-11 01:15:00+05:30,318.3777946033904,27.9,91.0,2024,8
2024-08-11 01:30:00+05:30,315.3047190889881,27.8,91.7,2024,8
2024-08-11 01:45:00+05:30,312.36024180463204,27.8,91.3,2024,8
2024-08-11 02:00:00+05:30,309.89998339423573,27.8,90.8,2024,8
2024-08-11 02:15:00+05:30,308.0274290127414,27.8,90.8,2024,8
2024-08-11 02:30:00+05:30,304.3886376754991,27.7,91.2,2024,8
2024-08-11 02:45:00+05:30,302.1840316325672,27.7,91.7,2024,8
2024-08-11 03:00:00+05:30,299.0718477845628,27.7,91.5,2024,8
2024-08-11 03:15:00+05:30,300.42061517407103,27.7,91.5,2024,8
2024-08-11 03:30:00+05:30,297.3964690430933,27.7,91.4,2024,8
2024-08-11 03:45:00+05:30,295.8499470055096,27.7,91.3,2024,8
2024-08-11 04:00:00+05:30,294.0007819370807,27.7,91.2,2024,8
2024-08-11 04:15:00+05:30,292.5828249333514,27.7,91.4,2024,8
2024-08-11 04:30:00+05:30,292.52035909109645,27.6,91.4,2024,8
2024-08-11 04:45:00+05:30,293.8577885838082,27.6,91.7,2024,8
2024-08-11 05:00:00+05:30,293.28884598885395,27.6,91.6,2024,8
2024-08-11 05:15:00+05:30,293.7173326790196,27.5,91.8,2024,8
2024-08-11 05:30:00+05:30,295.982417469198,27.6,91.7,2024,8
2024-08-11 05:45:00+05:30,294.91927044344334,27.6,91.7,2024,8
2024-08-11 06:00:00+05:30,296.0686852748794,27.6,91.4,2024,8
2024-08-11 06:15:00+05:30,297.2034688464382,27.6,91.1,2024,8
2024-08-11 06:30:00+05:30,298.72099158696284,27.6,91.0,2024,8
2024-08-11 06:45:00+05:30,299.4124344430644,27.7,91.0,2024,8
2024-08-11 07:00:00+05:30,301.3786717378778,27.8,90.6,2024,8
2024-08-11 07:15:00+05:30,304.57209967307324,27.9,90.3,2024,8
2024-08-11 07:30:00+05:30,307.9041417385984,28.0,90.1,2024,8
2024-08-11 07:45:00+05:30,311.30957199992264,28.2,89.5,2024,8
2024-08-11 08:00:00+05:30,318.48472492785646,28.4,88.9,2024,8
2024-08-11 08:15:00+05:30,326.71090378246606,28.6,88.3,2024,8
2024-08-11 08:30:00+05:30,331.6754497447721,28.6,87.6,2024,8
2024-08-11 08:45:00+05:30,337.5582213662093,28.7,87.5,2024,8
2024-08-11 09:00:00+05:30,347.7172318129821,29.2,86.3,2024,8
2024-08-11 09:15:00+05:30,357.6280516426905,29.4,85.5,2024,8
2024-08-11 09:30:00+05:30,363.3627370503312,29.2,85.7,2024,8
2024-08-11 09:45:00+05:30,365.6941285584636,28.4,86.8,2024,8
2024-08-11 10:00:00+05:30,371.15263210155,28.4,87.1,2024,8
2024-08-11 10:15:00+05:30,372.2979721261556,28.8,87.3,2024,8
2024-08-11 10:30:00+05:30,375.7360891863213,28.5,87.9,2024,8
2024-08-11 10:45:00+05:30,377.741503991871,28.5,87.6,2024,8
2024-08-11 11:00:00+05:30,384.9069931595686,29.0,86.5,2024,8
2024-08-11 11:15:00+05:30,383.4186756642477,29.1,85.1,2024,8
2024-08-11 11:30:00+05:30,384.5957416625856,29.5,84.6,2024,8
2024-08-11 11:45:00+05:30,387.5397306593063,29.3,85.2,2024,8
2024-08-11 12:00:00+05:30,383.3037621631548,28.9,84.9,2024,8
2024-08-11 12:15:00+05:30,380.4740270611808,29.5,84.3,2024,8
2024-08-11 12:30:00+05:30,385.6003608337924,30.1,83.0,2024,8
2024-08-11 12:45:00+05:30,385.4057182724794,30.3,82.4,2024,8
2024-08-11 13:00:00+05:30,386.2451011942144,30.4,81.5,2024,8
2024-08-11 13:15:00+05:30,378.4609493809942,30.0,83.1,2024,8
2024-08-11 13:30:00+05:30,379.56890927890834,30.2,82.3,2024,8
2024-08-11 13:45:00+05:30,380.13112597926335,30.4,81.1,2024,8
2024-08-11 14:00:00+05:30,379.1530204336696,30.3,79.6,2024,8
2024-08-11 14:15:00+05:30,376.9997760447612,30.4,79.8,2024,8
2024-08-11 14:30:00+05:30,374.9376749083471,30.3,79.2,2024,8
2024-08-11 14:45:00+05:30,371.9192567734529,30.4,79.1,2024,8
2024-08-11 15:00:00+05:30,373.2597289103474,30.3,78.9,2024,8
2024-08-11 15:15:00+05:30,373.93337798395584,30.5,78.4,2024,8
2024-08-11 15:30:00+05:30,375.3524926857212,30.4,78.6,2024,8
2024-08-11 15:45:00+05:30,371.687181349685,30.0,79.6,2024,8
2024-08-11 16:00:00+05:30,373.8595277680493,29.9,80.1,2024,8
2024-08-11 16:15:00+05:30,372.01528735451154,29.5,82.2,2024,8
2024-08-11 16:30:00+05:30,367.6556661666378,29.7,82.5,2024,8
2024-08-11 16:45:00+05:30,363.0741829441959,29.2,83.4,2024,8
2024-08-11 17:00:00+05:30,364.4874293611111,29.8,80.9,2024,8
2024-08-11 17:15:00+05:30,363.0502777238916,29.7,80.9,2024,8
2024-08-11 17:30:00+05:30,364.32530838703735,30.1,80.4,2024,8
2024-08-11 17:45:00+05:30,364.8420746063573,29.4,81.5,2024,8
2024-08-11 18:00:00+05:30,366.0609757209622,29.2,82.2,2024,8
2024-08-11 18:15:00+05:30,365.5642458204812,29.0,82.9,2024,8
2024-08-11 18:30:00+05:30,366.5827723900711,28.9,83.2,2024,8
2024-08-11 18:45:00+05:30,367.9136475689869,28.8,83.4,2024,8
2024-08-11 19:00:00+05:30,371.43151683506113,28.7,84.1,2024,8
2024-08-11 19:15:00+05:30,373.960444978432,28.6,84.5,2024,8
2024-08-11 19:30:00+05:30,375.008332850633,28.6,85.1,2024,8
2024-08-11 19:45:00+05:30,374.44393938894376,28.5,85.6,2024,8
2024-08-11 20:00:00+05:30,374.888778328008,28.5,86.2,2024,8
2024-08-11 20:15:00+05:30,373.1021470222564,28.4,86.8,2024,8
2024-08-11 20:30:00+05:30,367.6853279614658,28.3,87.4,2024,8
2024-08-11 20:45:00+05:30,361.9328936553064,28.3,87.8,2024,8
2024-08-11 21:00:00+05:30,360.2498510767564,28.2,88.4,2024,8
2024-08-11 21:15:00+05:30,358.62896767897,28.2,88.6,2024,8
2024-08-11 21:30:00+05:30,357.0417137361749,28.1,88.9,2024,8
2024-08-11 21:45:00+05:30,356.77891426433223,28.1,88.9,2024,8
2024-08-11 22:00:00+05:30,352.9915831731046,28.1,88.9,2024,8
2024-08-11 22:15:00+05:30,349.8466637364768,28.1,89.1,2024,8
2024-08-11 22:30:00+05:30,349.2269395608951,28.1,89.4,2024,8
2024-08-11 22:45:00+05:30,344.150833248466,28.2,89.3,2024,8
2024-08-11 23:00:00+05:30,340.67134399604055,28.2,89.2,2024,8
2024-08-11 23:15:00+05:30,343.0400843985961,28.1,89.5,2024,8
2024-08-11 23:30:00+05:30,336.1739287096991,28.1,89.5,2024,8
2024-08-11 23:45:00+05:30,333.7127315804032,28.2,89.4,2024,8
2024-08-12 00:00:00+05:30,328.3761960811101,28.2,89.4,2024,8
2024-08-12 00:15:00+05:30,324.70103458284683,28.2,89.2,2024,8
2024-08-12 00:30:00+05:30,320.1258445224931,28.2,88.5,2024,8
2024-08-12 00:45:00+05:30,316.1327807671558,28.1,88.8,2024,8
2024-08-12 01:00:00+05:30,309.63390169147505,28.1,89.6,2024,8
2024-08-12 01:15:00+05:30,305.7646481803904,28.0,89.9,2024,8
2024-08-12 01:30:00+05:30,303.7656247955881,28.0,90.1,2024,8
2024-08-12 01:45:00+05:30,300.638808771032,28.0,89.7,2024,8
2024-08-12 02:00:00+05:30,296.9778570804356,28.0,89.7,2024,8
2024-08-12 02:15:00+05:30,294.8884906963416,28.0,89.3,2024,8
2024-08-12 02:30:00+05:30,293.4727635372991,28.0,89.3,2024,8
2024-08-12 02:45:00+05:30,292.44167154656714,27.9,89.4,2024,8
2024-08-12 03:00:00+05:30,290.1003215809628,27.9,89.6,2024,8
2024-08-12 03:15:00+05:30,287.840399300071,27.9,90.0,2024,8
2024-08-12 03:30:00+05:30,285.0810343570932,27.9,90.1,2024,8
2024-08-12 03:45:00+05:30,283.7644775297096,27.9,89.9,2024,8
2024-08-12 04:00:00+05:30,283.44468722368066,27.9,89.9,2024,8
2024-08-12 04:15:00+05:30,283.26511986975146,27.9,90.0,2024,8
2024-08-12 04:30:00+05:30,285.44193110789644,27.9,90.2,2024,8
2024-08-12 04:45:00+05:30,286.99508540460823,27.9,90.4,2024,8
2024-08-12 05:00:00+05:30,289.251151981054,27.9,90.8,2024,8
2024-08-12 05:15:00+05:30,291.3169533898196,27.9,90.5,2024,8
2024-08-12 05:30:00+05:30,296.69890163479783,27.8,90.5,2024,8
2024-08-12 05:45:00+05:30,300.9531527184434,27.8,90.5,2024,8
2024-08-12 06:00:00+05:30,312.7905313242794,27.8,90.6,2024,8
2024-08-12 06:15:00+05:30,324.4784364282382,27.9,90.6,2024,8
2024-08-12 06:30:00+05:30,334.83231527816287,27.9,90.4,2024,8
2024-08-12 06:45:00+05:30,345.5643380070643,28.0,90.4,2024,8
2024-08-12 07:00:00+05:30,359.15632474987785,28.1,90.2,2024,8
2024-08-12 07:15:00+05:30,373.6220041876732,28.2,89.7,2024,8
2024-08-12 07:30:00+05:30,391.7524269161983,28.4,89.7,2024,8
2024-08-12 07:45:00+05:30,410.91438836052265,28.6,88.6,2024,8
2024-08-12 08:00:00+05:30,430.99851049745655,28.7,88.2,2024,8
2024-08-12 08:15:00+05:30,454.05779018986624,28.8,87.6,2024,8
2024-08-12 08:30:00+05:30,475.4895155151722,28.9,86.9,2024,8
2024-08-12 08:45:00+05:30,491.3979933772093,29.1,86.5,2024,8
2024-08-12 09:00:00+05:30,504.876737342982,29.2,85.6,2024,8
2024-08-12 09:15:00+05:30,518.6888573498903,29.3,85.1,2024,8
2024-08-12 09:30:00+05:30,526.6683300633314,29.4,85.1,2024,8
2024-08-12 09:45:00+05:30,533.3582369430635,29.5,84.2,2024,8
2024-08-12 10:00:00+05:30,540.2773589199501,29.5,84.4,2024,8
2024-08-12 10:15:00+05:30,546.3594012637557,29.8,83.6,2024,8
2024-08-12 10:30:00+05:30,549.9428321019213,30.2,82.4,2024,8
2024-08-12 10:45:00+05:30,552.9043257956711,30.3,82.1,2024,8
2024-08-12 11:00:00+05:30,552.3005460733687,30.5,81.1,2024,8
2024-08-12 11:15:00+05:30,553.8848413742477,30.6,80.8,2024,8
2024-08-12 11:30:00+05:30,554.0621811085855,30.7,80.0,2024,8
2024-08-12 11:45:00+05:30,555.1447560511064,30.8,79.5,2024,8
2024-08-12 12:00:00+05:30,554.5152892529547,31.3,78.3,2024,8
2024-08-12 12:15:00+05:30,552.3773886217807,31.1,78.8,2024,8
2024-08-12 12:30:00+05:30,549.3910612725923,30.9,79.3,2024,8
2024-08-12 12:45:00+05:30,549.6035974702794,30.7,80.7,2024,8
2024-08-12 13:00:00+05:30,540.4598961662144,30.7,79.8,2024,8
2024-08-12 13:15:00+05:30,534.3714378969943,30.7,79.9,2024,8
2024-08-12 13:30:00+05:30,532.371965831108,30.8,79.6,2024,8
2024-08-12 13:45:00+05:30,534.8942695690635,31.1,78.4,2024,8
2024-08-12 14:00:00+05:30,537.9706083068697,31.0,78.5,2024,8
2024-08-12 14:15:00+05:30,539.7125115795611,31.0,79.0,2024,8
2024-08-12 14:30:00+05:30,540.657288690347,30.8,79.2,2024,8
2024-08-12 14:45:00+05:30,538.8808367104527,31.3,76.7,2024,8
2024-08-12 15:00:00+05:30,536.1329964721475,31.4,75.6,2024,8
2024-08-12 15:15:00+05:30,538.4700374075559,31.4,75.1,2024,8
2024-08-12 15:30:00+05:30,538.2559854415213,31.5,74.9,2024,8
2024-08-12 15:45:00+05:30,535.324302573285,31.7,73.0,2024,8
2024-08-12 16:00:00+05:30,533.3926313880495,31.7,73.2,2024,8
2024-08-12 16:15:00+05:30,527.6038945553115,31.4,74.2,2024,8
2024-08-12 16:30:00+05:30,523.411878164038,31.6,73.8,2024,8
2024-08-12 16:45:00+05:30,519.938567477396,31.6,73.5,2024,8
2024-08-12 17:00:00+05:30,517.697230314311,31.2,75.7,2024,8
2024-08-12 17:15:00+05:30,515.9330058352915,30.7,77.3,2024,8
2024-08-12 17:30:00+05:30,509.1258897594373,30.3,78.5,2024,8
2024-08-12 17:45:00+05:30,503.11692387215726,29.9,80.1,2024,8
2024-08-12 18:00:00+05:30,495.7619613093623,29.8,80.8,2024,8
2024-08-12 18:15:00+05:30,489.3387616394812,29.6,81.2,2024,8
2024-08-12 18:30:00+05:30,482.24666121987104,29.4,82.3,2024,8
2024-08-12 18:45:00+05:30,475.181495351987,29.3,83.5,2024,8
2024-08-12 19:00:00+05:30,466.5366705282611,29.1,84.5,2024,8
2024-08-12 19:15:00+05:30,459.2339344420318,29.0,85.8,2024,8
2024-08-12 19:30:00+05:30,454.7821198226329,29.0,84.7,2024,8
2024-08-12 19:45:00+05:30,446.5861668763436,28.9,84.3,2024,8
2024-08-12 20:00:00+05:30,434.906893484608,28.9,83.9,2024,8
2024-08-12 20:15:00+05:30,428.3834913896562,28.8,83.8,2024,8
2024-08-12 20:30:00+05:30,415.0020910810658,28.7,84.1,2024,8
2024-08-12 20:45:00+05:30,407.8826602957065,28.7,84.6,2024,8
2024-08-12 21:00:00+05:30,400.8434650693564,28.7,84.7,2024,8
2024-08-12 21:15:00+05:30,398.3556078349701,28.6,85.2,2024,8
2024-08-12 21:30:00+05:30,392.1110150927748,28.6,85.9,2024,8
2024-08-12 21:45:00+05:30,388.7518233109322,28.6,86.1,2024,8
2024-08-12 22:00:00+05:30,383.4997290621047,28.6,85.7,2024,8
2024-08-12 22:15:00+05:30,378.1770971626769,28.5,86.1,2024,8
2024-08-12 22:30:00+05:30,375.7747541080951,28.4,86.8,2024,8
2024-08-12 22:45:00+05:30,371.2367074826659,28.4,87.4,2024,8
2024-08-12 23:00:00+05:30,364.2902313638406,28.4,87.3,2024,8
2024-08-12 23:15:00+05:30,358.6205751649962,28.2,88.0,2024,8
2024-08-12 23:30:00+05:30,354.4355381336991,28.1,87.8,2024,8
2024-08-12 23:45:00+05:30,350.66463686640327,28.1,88.5,2024,8
2024-08-13 00:00:00+05:30,341.71859924491014,28.1,89.0,2024,8
2024-08-13 00:15:00+05:30,338.349096776847,28.2,89.6,2024,8
2024-08-13 00:30:00+05:30,335.12046502049304,28.3,89.4,2024,8
2024-08-13 00:45:00+05:30,329.5503086179557,28.2,90.0,2024,8
2024-08-13 01:00:00+05:30,325.2456068612749,28.2,90.2,2024,8
2024-08-13 01:15:00+05:30,320.4583709635904,28.1,90.0,2024,8
2024-08-13 01:30:00+05:30,317.4685227899882,28.1,90.0,2024,8
2024-08-13 01:45:00+05:30,313.1873804328319,28.0,90.2,2024,8
2024-08-13 02:00:00+05:30,307.90549655583584,28.0,90.1,2024,8
2024-08-13 02:15:00+05:30,305.0944016367415,28.0,90.4,2024,8
2024-08-13 02:30:00+05:30,303.1449712240991,27.9,90.5,2024,8
2024-08-13 02:45:00+05:30,301.72736173996714,27.9,90.5,2024,8
2024-08-13 03:00:00+05:30,299.79322273756287,27.9,90.7,2024,8
2024-08-13 03:15:00+05:30,296.73401053667106,27.9,90.5,2024,8
2024-08-13 03:30:00+05:30,294.91667216049325,27.9,90.4,2024,8
2024-08-13 03:45:00+05:30,292.4696060235097,27.8,90.5,2024,8
2024-08-13 04:00:00+05:30,292.97154697528066,27.8,90.6,2024,8
2024-08-13 04:15:00+05:30,293.6010541967515,27.8,90.8,2024,8
2024-08-13 04:30:00+05:30,294.2520457278963,27.7,90.1,2024,8
2024-08-13 04:45:00+05:30,294.52781406700825,27.7,90.3,2024,8
2024-08-13 05:00:00+05:30,298.45398934805394,27.7,90.9,2024,8
2024-08-13 05:15:00+05:30,300.8405521608197,27.7,91.3,2024,8
2024-08-13 05:30:00+05:30,306.0108585369977,27.6,91.6,2024,8
2024-08-13 05:45:00+05:30,310.8490834390434,27.6,91.7,2024,8
2024-08-13 06:00:00+05:30,318.5244689252794,27.6,91.9,2024,8
2024-08-13 06:15:00+05:30,324.5742521588382,27.6,91.7,2024,8
2024-08-13 06:30:00+05:30,338.3754620663628,27.5,91.1,2024,8
2024-08-13 06:45:00+05:30,347.2444975796642,27.5,91.3,2024,8
2024-08-13 07:00:00+05:30,359.4637335278779,27.6,91.1,2024,8
2024-08-13 07:15:00+05:30,373.7024916816731,27.8,90.7,2024,8
2024-08-13 07:30:00+05:30,391.4746590347984,28.1,90.4,2024,8
2024-08-13 07:45:00+05:30,411.6166804441226,28.4,90.0,2024,8
2024-08-13 08:00:00+05:30,431.8507380268566,28.8,88.4,2024,8
2024-08-13 08:15:00+05:30,454.0108633726661,28.8,89.0,2024,8
2024-08-13 08:30:00+05:30,471.7015152861722,28.8,89.4,2024,8
2024-08-13 08:45:00+05:30,487.1332501200092,28.9,89.1,2024,8
2024-08-13 09:00:00+05:30,499.677946477182,29.1,87.8,2024,8
2024-08-13 09:15:00+05:30,513.9716952238905,29.3,86.3,2024,8
2024-08-13 09:30:00+05:30,522.9954127319313,29.7,85.0,2024,8
2024-08-13 09:45:00+05:30,528.3795078158638,29.8,83.7,2024,8
2024-08-13 10:00:00+05:30,535.2026175247499,29.7,83.2,2024,8
2024-08-13 10:15:00+05:30,539.9297988789557,29.9,82.3,2024,8
2024-08-13 10:30:00+05:30,546.1056676815213,30.0,81.9,2024,8
2024-08-13 10:45:00+05:30,547.0573736608709,29.9,81.9,2024,8
2024-08-13 11:00:00+05:30,549.4291705311684,30.0,81.6,2024,8
2024-08-13 11:15:00+05:30,549.3946694290477,30.0,81.1,2024,8
2024-08-13 11:30:00+05:30,545.9366906849855,29.8,81.8,2024,8
2024-08-13 11:45:00+05:30,545.7725185697064,30.6,80.7,2024,8
2024-08-13 12:00:00+05:30,542.5026402797548,30.8,78.9,2024,8
2024-08-13 12:15:00+05:30,541.4148821523808,30.8,79.1,2024,8
2024-08-13 12:30:00+05:30,540.6610535195924,30.9,78.2,2024,8
2024-08-13 12:45:00+05:30,541.7367253154794,31.1,77.6,2024,8
2024-08-13 13:00:00+05:30,539.0887175482145,31.0,78.1,2024,8
2024-08-13 13:15:00+05:30,537.4364141501943,30.8,78.4,2024,8
2024-08-13 13:30:00+05:30,532.0632107455083,30.7,79.0,2024,8
2024-08-13 13:45:00+05:30,533.0292055556636,30.9,78.3,2024,8
2024-08-13 14:00:00+05:30,534.7185778850697,30.9,78.2,2024,8
2024-08-13 14:15:00+05:30,538.3514370541612,31.1,77.5,2024,8
2024-08-13 14:30:00+05:30,539.5003903845472,31.0,77.7,2024,8
2024-08-13 14:45:00+05:30,538.6299522182528,30.9,77.9,2024,8
2024-08-13 15:00:00+05:30,537.9639193753474,31.2,76.9,2024,8
2024-08-13 15:15:00+05:30,537.0514821647557,31.4,76.2,2024,8
2024-08-13 15:30:00+05:30,537.6591396375213,31.3,76.3,2024,8
2024-08-13 15:45:00+05:30,538.135488476485,31.5,75.1,2024,8
2024-08-13 16:00:00+05:30,534.2856546638494,31.0,76.9,2024,8
2024-08-13 16:15:00+05:30,528.7486931093118,31.3,76.5,2024,8
2024-08-13 16:30:00+05:30,527.2285815514379,30.8,77.6,2024,8
2024-08-13 16:45:00+05:30,524.3728308627959,30.9,77.5,2024,8
2024-08-13 17:00:00+05:30,522.0776439733111,31.1,77.1,2024,8
2024-08-13 17:15:00+05:30,516.1144298008916,30.9,77.5,2024,8
2024-08-13 17:30:00+05:30,510.8116604456374,30.5,78.6,2024,8
2024-08-13 17:45:00+05:30,505.1726908599572,30.1,79.4,2024,8
2024-08-13 18:00:00+05:30,496.3872897991624,29.9,80.2,2024,8
2024-08-13 18:15:00+05:30,491.1645249216812,29.7,81.2,2024,8
2024-08-13 18:30:00+05:30,484.1696555734711,29.5,81.8,2024,8
2024-08-13 18:45:00+05:30,475.57403258338695,29.4,82.3,2024,8
2024-08-13 19:00:00+05:30,468.317623399261,29.3,82.6,2024,8
2024-08-13 19:15:00+05:30,459.9017357038318,29.2,83.0,2024,8
2024-08-13 19:30:00+05:30,451.783056319633,29.2,83.1,2024,8
2024-08-13 19:45:00+05:30,447.13383278814376,29.1,83.2,2024,8
2024-08-13 20:00:00+05:30,439.359249508408,29.1,83.5,2024,8
2024-08-13 20:15:00+05:30,430.8310194006562,29.0,83.5,2024,8
2024-08-13 20:30:00+05:30,426.13365360626574,29.0,83.7,2024,8
2024-08-13 20:45:00+05:30,418.3718080465065,29.0,84.0,2024,8
2024-08-13 21:00:00+05:30,411.8105230021564,29.0,83.9,2024,8
2024-08-13 21:15:00+05:30,407.57267113857,29.0,84.2,2024,8
2024-08-13 21:30:00+05:30,402.0261881599748,29.0,84.4,2024,8
2024-08-13 21:45:00+05:30,395.20857675173227,28.9,84.4,2024,8
2024-08-13 22:00:00+05:30,389.7759412511048,28.9,84.8,2024,8
2024-08-13 22:15:00+05:30,384.8623551130769,28.9,84.7,2024,8
2024-08-13 22:30:00+05:30,379.9878949610952,28.8,84.9,2024,8
2024-08-13 22:45:00+05:30,375.977456257466,28.8,85.2,2024,8
2024-08-13 23:00:00+05:30,370.91102392784063,28.8,85.7,2024,8
2024-08-13 23:15:00+05:30,367.2419899799962,28.7,86.2,2024,8
2024-08-13 23:30:00+05:30,362.2183630322992,28.7,85.8,2024,8
2024-08-13 23:45:00+05:30,355.55919104660325,28.7,85.9,2024,8
2024-08-14 00:00:00+05:30,350.58601060830694,28.7,86.38000000000001,2024,8
2024-08-14 00:15:00+05:30,345.2251527769426,28.62,86.48,2024,8
2024-08-14 00:30:00+05:30,340.3091596367013,28.58,86.5,2024,8
2024-08-14 00:45:00+05:30,335.66232067601175,28.540000000000003,87.0,2024,8
2024-08-14 01:00:00+05:30,327.89746763284165,28.52,87.24,2024,8
2024-08-14 01:15:00+05:30,326.08451974855615,28.44,87.55999999999999,2024,8
2024-08-14 01:30:00+05:30,321.92943835887377,28.42,87.64000000000001,2024,8
2024-08-14 01:45:00+05:30,317.5067893641729,28.34,88.02,2024,8
2024-08-14 02:00:00+05:30,313.7532411779588,28.24,88.1,2024,8
2024-08-14 02:15:00+05:30,313.55977216903204,28.18,88.44,2024,8
2024-08-14 02:30:00+05:30,311.17555983001404,28.12,88.46000000000001,2024,8
2024-08-14 02:45:00+05:30,308.3213779024524,28.06,88.62,2024,8
2024-08-14 03:00:00+05:30,305.32906818488993,28.040000000000003,89.0,2024,8
2024-08-14 03:15:00+05:30,300.8623597079134,28.0,89.32,2024,8
2024-08-14 03:30:00+05:30,300.08835529786063,27.96,89.03999999999999,2024,8
2024-08-14 03:45:00+05:30,299.2706995248464,27.96,89.4,2024,8
2024-08-14 04:00:00+05:30,300.4517078109337,27.96,89.62,2024,8
2024-08-14 04:15:00+05:30,300.2515672128496,27.94,89.58,2024,8
2024-08-14 04:30:00+05:30,300.0848237698892,27.92,89.88000000000001,2024,8
2024-08-14 04:45:00+05:30,300.20403933803584,27.9,89.36,2024,8
2024-08-14 05:00:00+05:30,299.22772733226225,27.860000000000003,89.84,2024,8
2024-08-14 05:15:00+05:30,301.6681340865958,27.860000000000003,90.16,2024,8
2024-08-14 05:30:00+05:30,305.17763432990296,27.8,90.18,2024,8
2024-08-14 05:45:00+05:30,307.93799034943885,27.8,90.18,2024,8
2024-08-14 06:00:00+05:30,316.6876702249929,27.78,90.12,2024,8
2024-08-14 06:15:00+05:30,324.0663741005072,27.76,90.14,2024,8
2024-08-14 06:30:00+05:30,331.82546190970305,27.78,90.4,2024,8
2024-08-14 06:45:00+05:30,341.266431524967,27.82,90.66,2024,8
2024-08-14 07:00:00+05:30,352.93709273603065,27.82,91.62,2024,8
2024-08-14 07:15:00+05:30,365.2428535056966,27.96,91.46,2024,8
2024-08-14 07:30:00+05:30,380.49679977576,28.020000000000003,91.46,2024,8
2024-08-14 07:45:00+05:30,397.3034355804043,28.24,90.6,2024,8
2024-08-14 08:00:00+05:30,417.79154174248856,28.54,88.9,2024,8
2024-08-14 08:15:00+05:30,438.9392217616136,28.74,88.16,2024,8
2024-08-14 08:30:00+05:30,457.4789193235909,29.08,87.10000000000001,2024,8
2024-08-14 08:45:00+05:30,472.27821559783627,29.140000000000004,86.47999999999999,2024,8
2024-08-14 09:00:00+05:30,485.5785737039394,29.28,85.42,2024,8
2024-08-14 09:15:00+05:30,496.6181992595122,29.48,84.75999999999999,2024,8
2024-08-14 09:30:00+05:30,508.8676177097995,29.8,83.32,2024,8
2024-08-14 09:45:00+05:30,517.7998560847551,30.04,82.1,2024,8
2024-08-14 10:00:00+05:30,524.8104031839896,30.3,81.25999999999999,2024,8
2024-08-14 10:15:00+05:30,530.0584230050537,30.1,81.2,2024,8
2024-08-14 10:30:00+05:30,533.5978475300994,30.18,80.64,2024,8
2024-08-14 10:45:00+05:30,536.1288891918778,30.28,80.44000000000001,2024,8
2024-08-14 11:00:00+05:30,533.699186289168,30.440000000000005,79.7,2024,8
2024-08-14 11:15:00+05:30,534.5058843831123,30.66,78.54,2024,8
2024-08-14 11:30:00+05:30,532.0386260060483,30.640000000000004,78.16,2024,8
2024-08-14 11:45:00+05:30,530.9532183456203,30.68,78.29999999999998,2024,8
2024-08-14 12:00:00+05:30,530.2045556683897,31.0,77.17999999999999,2024,8
2024-08-14 12:15:00+05:30,530.5012338250491,31.12,76.56,2024,8
2024-08-14 12:30:00+05:30,528.3931336126009,31.16,75.36,2024,8
2024-08-14 12:45:00+05:30,525.7653450427965,31.16,74.66,2024,8
2024-08-14 13:00:00+05:30,520.181097208089,31.34,74.66,2024,8
2024-08-14 13:15:00+05:30,518.7623440261332,31.44,73.8,2024,8
2024-08-14 13:30:00+05:30,516.9003130406974,31.68,73.28,2024,8
2024-08-14 13:45:00+05:30,517.37679429079,31.52,73.75999999999999,2024,8
2024-08-14 14:00:00+05:30,520.0082286228716,31.8,71.97999999999999,2024,8
2024-08-14 14:15:00+05:30,524.0146736649635,31.8,71.72,2024,8
2024-08-14 14:30:00+05:30,526.4786813683877,31.879999999999995,71.88,2024,8
2024-08-14 14:45:00+05:30,528.233503239048,32.10000000000001,71.32000000000001,2024,8
2024-08-14 15:00:00+05:30,527.4814125907772,32.04,71.66,2024,8
2024-08-14 15:15:00+05:30,525.1756506552439,31.82,72.02,2024,8
2024-08-14 15:30:00+05:30,523.762590841002,31.9,71.8,2024,8
2024-08-14 15:45:00+05:30,522.9913798247267,31.7,71.92,2024,8
2024-08-14 16:00:00+05:30,522.2479494874889,31.68,72.84,2024,8
2024-08-14 16:15:00+05:30,519.8888050087327,31.56,72.94,2024,8
2024-08-14 16:30:00+05:30,513.86418580978,31.78,73.02000000000001,2024,8
2024-08-14 16:45:00+05:30,511.795930987901,31.660000000000004,73.42,2024,8
2024-08-14 17:00:00+05:30,509.5783226164069,31.42,73.72,2024,8
2024-08-14 17:15:00+05:30,505.0448688601186,31.58,73.03999999999999,2024,8
2024-08-14 17:30:00+05:30,498.7219877752578,31.360000000000003,72.53999999999999,2024,8
2024-08-14 17:45:00+05:30,493.0944911726552,31.34,72.82000000000001,2024,8
2024-08-14 18:00:00+05:30,484.6530570002828,31.08,73.78,2024,8
2024-08-14 18:15:00+05:30,477.64072479751246,30.5,75.8,2024,8
2024-08-14 18:30:00+05:30,472.0905930204133,30.025,77.05000000000001,2024,8
2024-08-14 18:45:00+05:30,463.8910315788492,29.96,77.86000000000001,2024,8
2024-08-14 19:00:00+05:30,459.0292265391504,29.7,78.6,2024,8
2024-08-14 19:15:00+05:30,453.4727544144637,29.48,79.58,2024,8
2024-08-14 19:30:00+05:30,447.3531499797936,29.340000000000003,80.47999999999999,2024,8
2024-08-14 19:45:00+05:30,440.620140352997,29.28,81.02000000000001,2024,8
2024-08-14 20:00:00+05:30,430.86641035307895,29.22000000000001,81.58000000000001,2024,8
2024-08-14 20:15:00+05:30,422.51660979174846,29.16,81.88000000000001,2024,8
2024-08-14 20:30:00+05:30,418.9850731104118,29.1,82.14000000000001,2024,8
2024-08-14 20:45:00+05:30,412.18638298631,29.059999999999995,82.06,2024,8
2024-08-14 21:00:00+05:30,405.5201508418817,29.08,82.53999999999999,2024,8
2024-08-14 21:15:00+05:30,401.6754915092522,29.02,82.75999999999999,2024,8
2024-08-14 21:30:00+05:30,396.1777265683273,28.98,83.08000000000001,2024,8
2024-08-14 21:45:00+05:30,391.9829413310548,28.94,83.34,2024,8
2024-08-14 22:00:00+05:30,385.1347844936428,28.92,83.56,2024,8
2024-08-14 22:15:00+05:30,380.7172718183776,28.92,83.58,2024,8
2024-08-14 22:30:00+05:30,374.978907912063,28.9,83.6,2024,8
2024-08-14 22:45:00+05:30,371.2212808446245,28.9,83.58,2024,8
2024-08-14 23:00:00+05:30,367.9696413079575,28.860000000000003,83.68,2024,8
2024-08-14 23:15:00+05:30,362.9550866496826,28.860000000000003,83.96,2024,8
2024-08-14 23:30:00+05:30,359.03683613254594,28.860000000000003,84.47999999999999,2024,8
2024-08-14 23:45:00+05:30,355.1925626211011,28.8,84.88,2024,8
2024-08-15 00:00:00+05:30,346.9959063463101,28.7,85.4,2024,8
2024-08-15 00:15:00+05:30,342.95730961384703,28.7,85.6,2024,8
2024-08-15 00:30:00+05:30,338.5349218928932,28.7,85.7,2024,8
2024-08-15 00:45:00+05:30,334.47445395155574,28.7,85.8,2024,8
2024-08-15 01:00:00+05:30,329.735257623475,28.6,86.0,2024,8
2024-08-15 01:15:00+05:30,325.8682686817904,28.6,86.1,2024,8
2024-08-15 01:30:00+05:30,324.2276743367882,28.5,86.4,2024,8
2024-08-15 01:45:00+05:30,319.59349880203206,28.5,86.5,2024,8
2024-08-15 02:00:00+05:30,314.7680844590357,28.5,86.7,2024,8
2024-08-15 02:15:00+05:30,311.3258910725415,28.5,86.5,2024,8
2024-08-15 02:30:00+05:30,306.4538501270991,28.4,86.3,2024,8
2024-08-15 02:45:00+05:30,304.8929317691672,28.4,86.5,2024,8
2024-08-15 03:00:00+05:30,302.2389394941628,28.3,86.9,2024,8
2024-08-15 03:15:00+05:30,300.58229601447096,28.4,87.1,2024,8
2024-08-15 03:30:00+05:30,298.26784092789325,28.2,87.1,2024,8
2024-08-15 03:45:00+05:30,295.3190886763097,28.2,88.3,2024,8
2024-08-15 04:00:00+05:30,293.7813931086807,28.1,88.8,2024,8
2024-08-15 04:15:00+05:30,294.2476434115514,28.1,89.2,2024,8
2024-08-15 04:30:00+05:30,294.00752400189634,28.0,89.6,2024,8
2024-08-15 04:45:00+05:30,293.18858337480816,27.9,89.8,2024,8
2024-08-15 05:00:00+05:30,290.233407395254,28.0,90.2,2024,8
2024-08-15 05:15:00+05:30,290.9565742696197,28.0,89.9,2024,8
2024-08-15 05:30:00+05:30,294.95682573439785,28.0,90.2,2024,8
2024-08-15 05:45:00+05:30,296.0657042670434,28.0,90.4,2024,8
2024-08-15 06:00:00+05:30,298.7364216238793,28.0,90.8,2024,8
2024-08-15 06:15:00+05:30,300.8844007534382,27.9,91.0,2024,8
2024-08-15 06:30:00+05:30,303.3351760225629,27.9,91.1,2024,8
2024-08-15 06:45:00+05:30,303.1459549422643,28.0,91.2,2024,8
2024-08-15 07:00:00+05:30,305.59109141707773,28.1,90.8,2024,8
2024-08-15 07:15:00+05:30,309.9788447010732,28.4,90.2,2024,8
2024-08-15 07:30:00+05:30,315.3467450195984,28.7,88.8,2024,8
2024-08-15 07:45:00+05:30,323.1604066477226,28.9,87.4,2024,8
2024-08-15 08:00:00+05:30,329.1347833676565,29.1,86.1,2024,8
2024-08-15 08:15:00+05:30,337.6340099022662,29.3,85.3,2024,8
2024-08-15 08:30:00+05:30,342.12698071757217,29.8,83.4,2024,8
2024-08-15 08:45:00+05:30,345.1291929702092,29.9,82.3,2024,8
2024-08-15 09:00:00+05:30,348.33874388118204,29.9,82.4,2024,8
2024-08-15 09:15:00+05:30,352.37320683969045,29.8,81.7,2024,8
2024-08-15 09:30:00+05:30,351.8407198525312,30.1,80.6,2024,8
2024-08-15 09:45:00+05:30,350.39113013586376,30.4,78.9,2024,8
2024-08-15 10:00:00+05:30,349.69276883835016,30.6,78.5,2024,8
2024-08-15 10:15:00+05:30,349.52740457815565,30.7,77.2,2024,8
2024-08-15 10:30:00+05:30,350.74746660432135,30.9,76.0,2024,8
2024-08-15 10:45:00+05:30,351.82477683147096,30.9,75.6,2024,8
2024-08-15 11:00:00+05:30,355.2326772383686,31.2,74.8,2024,8
2024-08-15 11:15:00+05:30,358.7093247274477,31.0,75.1,2024,8
2024-08-15 11:30:00+05:30,359.0549986793855,31.5,72.6,2024,8
2024-08-15 11:45:00+05:30,359.4755723117064,31.7,71.1,2024,8
2024-08-15 12:00:00+05:30,359.94938235875463,31.5,72.0,2024,8
2024-08-15 12:15:00+05:30,358.8178162303808,31.7,71.2,2024,8
2024-08-15 12:30:00+05:30,358.3784124029924,31.8,71.2,2024,8
2024-08-15 12:45:00+05:30,358.2032573834793,32.0,70.6,2024,8
2024-08-15 13:00:00+05:30,357.6063338102145,32.2,71.0,2024,8
2024-08-15 13:15:00+05:30,357.3348970921944,32.1,70.5,2024,8
2024-08-15 13:30:00+05:30,358.2000505947083,32.1,71.1,2024,8
2024-08-15 13:45:00+05:30,356.9966598478633,32.2,70.9,2024,8
2024-08-15 14:00:00+05:30,357.0053157190698,32.2,71.0,2024,8
2024-08-15 14:15:00+05:30,356.3231671197612,32.2,70.1,2024,8
2024-08-15 14:30:00+05:30,354.9627311629471,32.2,70.7,2024,8
2024-08-15 14:45:00+05:30,355.5447731344527,32.2,70.2,2024,8
2024-08-15 15:00:00+05:30,355.5648169575475,32.2,70.4,2024,8
2024-08-15 15:15:00+05:30,356.9130295625558,32.2,70.3,2024,8
2024-08-15 15:30:00+05:30,355.4398808889212,32.2,70.1,2024,8
2024-08-15 15:45:00+05:30,354.39168299068507,32.2,70.2,2024,8
2024-08-15 16:00:00+05:30,353.8835608646495,32.0,71.5,2024,8
2024-08-15 16:15:00+05:30,351.40002770951173,32.1,71.2,2024,8
2024-08-15 16:30:00+05:30,350.881478164038,32.4,70.0,2024,8
2024-08-15 16:45:00+05:30,349.280967477396,32.1,70.5,2024,8
2024-08-15 17:00:00+05:30,352.9442303143111,31.9,70.8,2024,8
2024-08-15 17:15:00+05:30,350.2118058352916,31.9,71.1,2024,8
2024-08-15 17:30:00+05:30,349.27748975943734,32.1,70.5,2024,8
2024-08-15 17:45:00+05:30,350.0459238721573,31.6,71.7,2024,8
2024-08-15 18:00:00+05:30,350.4683613093623,31.2,72.8,2024,8
2024-08-15 18:15:00+05:30,349.7907616394812,31.0,73.6,2024,8
2024-08-15 18:30:00+05:30,352.3488612198711,30.6,73.9,2024,8
2024-08-15 18:45:00+05:30,354.9974953519869,30.2,74.8,2024,8
2024-08-15 19:00:00+05:30,360.8120705282611,29.9,76.4,2024,8
2024-08-15 19:15:00+05:30,362.2231344420319,29.7,77.6,2024,8
2024-08-15 19:30:00+05:30,366.453319822633,29.6,78.6,2024,8
2024-08-15 19:45:00+05:30,364.0665668763437,29.6,79.2,2024,8
2024-08-15 20:00:00+05:30,364.069293484608,29.5,78.9,2024,8
2024-08-15 20:15:00+05:30,364.2914913896562,29.5,79.1,2024,8
2024-08-15 20:30:00+05:30,364.5284910810659,29.5,79.2,2024,8
2024-08-15 20:45:00+05:30,362.2182602957065,29.4,79.5,2024,8
2024-08-15 21:00:00+05:30,358.0518650693564,29.3,80.0,2024,8
2024-08-15 21:15:00+05:30,357.50040783497,29.3,80.4,2024,8
2024-08-15 21:30:00+05:30,357.0650150927748,29.3,81.0,2024,8
2024-08-15 21:45:00+05:30,356.64222331093225,29.2,81.7,2024,8
2024-08-15 22:00:00+05:30,353.29472906210464,29.1,82.4,2024,8
2024-08-15 22:15:00+05:30,350.8766971626768,29.1,82.7,2024,8
2024-08-15 22:30:00+05:30,349.44255410809507,29.1,82.7,2024,8
2024-08-15 22:45:00+05:30,345.8409074826658,29.0,83.0,2024,8
2024-08-15 23:00:00+05:30,343.7354313638406,29.0,83.7,2024,8
2024-08-15 23:15:00+05:30,341.93857516499617,28.9,83.2,2024,8
2024-08-15 23:30:00+05:30,337.7535381336992,28.9,82.9,2024,8
2024-08-15 23:45:00+05:30,334.01443686640323,28.9,83.6,2024,8
2024-08-16 00:00:00+05:30,328.51574376399395,28.82,83.68,2024,8
2024-08-16 00:15:00+05:30,325.9347946793278,28.76,84.0,2024,8
2024-08-16 00:30:00+05:30,320.29851221563206,28.76,84.38,2024,8
2024-08-16 00:45:00+05:30,314.8459437779896,28.74,84.5,2024,8
2024-08-16 01:00:00+05:30,309.80635302385684,28.68,84.67999999999999,2024,8
2024-08-16 01:15:00+05:30,305.7918579696223,28.62,84.72,2024,8
2024-08-16 01:30:00+05:30,303.5363973037578,28.56,84.64,2024,8
2024-08-16 01:45:00+05:30,300.22510260684805,28.54,85.26,2024,8
2024-08-16 02:00:00+05:30,297.90961368542986,28.5,85.53999999999999,2024,8
2024-08-16 02:15:00+05:30,294.1754578945359,28.52,85.34,2024,8
2024-08-16 02:30:00+05:30,290.8999407380959,28.48,85.75999999999999,2024,8
2024-08-16 02:45:00+05:30,289.3675921828561,28.46,85.74000000000001,2024,8
2024-08-16 03:00:00+05:30,287.7248412721334,28.42,86.02,2024,8
2024-08-16 03:15:00+05:30,286.8304415465352,28.4,86.44000000000001,2024,8
2024-08-16 03:30:00+05:30,286.4646248858749,28.32,86.52000000000001,2024,8
2024-08-16 03:45:00+05:30,284.85923777832926,28.26,86.64,2024,8
2024-08-16 04:00:00+05:30,284.89934838048384,28.26,86.66,2024,8
2024-08-16 04:15:00+05:30,284.1417254870609,28.24,86.96,2024,8
2024-08-16 04:30:00+05:30,282.5214183436861,28.22,87.28,2024,8
2024-08-16 04:45:00+05:30,282.8551736888905,28.2,87.14000000000001,2024,8
2024-08-16 05:00:00+05:30,282.62502510540946,28.160000000000004,87.30000000000001,2024,8
2024-08-16 05:15:00+05:30,283.65707052166243,28.08,87.22,2024,8
2024-08-16 05:30:00+05:30,288.956212005429,28.08,87.41999999999999,2024,8
2024-08-16 05:45:00+05:30,292.9431376706737,28.06,87.6,2024,8
2024-08-16 06:00:00+05:30,304.58609867076905,28.04,87.78,2024,8
2024-08-16 06:15:00+05:30,311.5684501199844,28.08,87.75999999999999,2024,8
2024-08-16 06:30:00+05:30,322.37874681047333,28.1,87.32000000000001,2024,8
2024-08-16 06:45:00+05:30,331.89075635638306,28.22,87.0,2024,8
2024-08-16 07:00:00+05:30,345.133044797345,28.4,87.16,2024,8
2024-08-16 07:15:00+05:30,358.5485733635689,28.58,86.96,2024,8
2024-08-16 07:30:00+05:30,372.8723251620442,28.78,87.02000000000001,2024,8
2024-08-16 07:45:00+05:30,392.5245882249655,28.540000000000003,87.66,2024,8
2024-08-16 08:00:00+05:30,414.0846652289756,28.620000000000005,87.13999999999999,2024,8
2024-08-16 08:15:00+05:30,434.8372279945108,28.340000000000003,88.34,2024,8
2024-08-16 08:30:00+05:30,453.25708945085046,28.379999999999995,88.5,2024,8
2024-08-16 08:45:00+05:30,469.3715182293937,28.5,87.91999999999999,2024,8
2024-08-16 09:00:00+05:30,482.4987968620245,28.78,87.26,2024,8
2024-08-16 09:15:00+05:30,494.685908946262,29.160000000000004,86.05999999999999,2024,8
2024-08-16 09:30:00+05:30,506.6700603932748,29.579999999999995,84.56,2024,8
2024-08-16 09:45:00+05:30,514.8475960541584,29.74,83.6,2024,8
2024-08-16 10:00:00+05:30,524.2977321350695,30.1,82.14000000000001,2024,8
2024-08-16 10:15:00+05:30,527.5607821154728,30.28,80.6,2024,8
2024-08-16 10:30:00+05:30,533.5207858673268,30.58,79.38,2024,8
2024-08-16 10:45:00+05:30,534.6437108583204,30.6,78.78,2024,8
2024-08-16 11:00:00+05:30,534.7972255893517,30.98,77.64000000000001,2024,8
2024-08-16 11:15:00+05:30,533.7302983688976,31.22,76.54,2024,8
2024-08-16 11:30:00+05:30,535.7098243521365,31.26,75.1,2024,8
2024-08-16 11:45:00+05:30,533.1812221678243,31.4,74.67999999999999,2024,8
2024-08-16 12:00:00+05:30,530.9154323304143,31.62,72.88,2024,8
2024-08-16 12:15:00+05:30,528.2100860977382,31.860000000000003,71.53999999999999,2024,8
2024-08-16 12:30:00+05:30,526.8360288255866,32.02,70.88,2024,8
2024-08-16 12:45:00+05:30,524.2499840058285,32.1,70.1,2024,8
2024-08-16 13:00:00+05:30,519.8720308887926,32.18,68.94,2024,8
2024-08-16 13:15:00+05:30,517.4161198341363,32.22,68.94,2024,8
2024-08-16 13:30:00+05:30,515.4447966363282,32.34,68.52000000000001,2024,8
2024-08-16 13:45:00+05:30,515.8016796944573,32.32,68.83999999999999,2024,8
2024-08-16 14:00:00+05:30,518.1845635931471,32.4,68.82000000000001,2024,8
2024-08-16 14:15:00+05:30,522.4732478025952,32.18,68.74000000000001,2024,8
2024-08-16 14:30:00+05:30,523.6156750111343,32.260000000000005,68.78,2024,8
2024-08-16 14:45:00+05:30,520.7067836516328,32.17999999999999,69.08,2024,8
2024-08-16 15:00:00+05:30,519.7712155640943,32.220000000000006,68.82,2024,8
2024-08-16 15:15:00+05:30,523.6872051227548,32.32,68.79999999999998,2024,8
2024-08-16 15:30:00+05:30,522.6133189887539,32.36,69.46000000000001,2024,8
2024-08-16 15:45:00+05:30,519.7942796435146,32.34,69.08,2024,8
2024-08-16 16:00:00+05:30,518.5024748275208,32.260000000000005,69.03999999999999,2024,8
2024-08-16 16:15:00+05:30,515.7354514371266,31.860000000000003,70.66,2024,8
2024-08-16 16:30:00+05:30,511.2316936024397,31.540000000000003,72.03999999999999,2024,8
2024-08-16 16:45:00+05:30,508.5709908364462,31.62,71.96000000000001,2024,8
2024-08-16 17:00:00+05:30,505.0984687358206,31.880000000000003,71.53999999999999,2024,8
2024-08-16 17:15:00+05:30,502.3384359062737,32.239999999999995,71.03999999999999,2024,8
2024-08-16 17:30:00+05:30,496.5057573243565,32.08,70.84,2024,8
2024-08-16 17:45:00+05:30,488.6385676835101,31.559999999999995,71.96,2024,8
2024-08-16 18:00:00+05:30,480.351685366432,31.22000000000001,73.47999999999999,2024,8
2024-08-16 18:15:00+05:30,473.9779463545024,30.78,74.88,2024,8
2024-08-16 18:30:00+05:30,465.9779378438882,30.42,76.19999999999999,2024,8
2024-08-16 18:45:00+05:30,462.9301756001657,30.2,77.22,2024,8
2024-08-16 19:00:00+05:30,456.6359843413092,29.96,78.0,2024,8
2024-08-16 19:15:00+05:30,450.8797738452613,29.82,78.58,2024,8
2024-08-16 19:30:00+05:30,441.4977271894189,29.72,79.11999999999999,2024,8
2024-08-16 19:45:00+05:30,434.1349717027245,29.660000000000004,79.32,2024,8
2024-08-16 20:00:00+05:30,427.7305677720059,29.62,79.6,2024,8
2024-08-16 20:15:00+05:30,420.73913145684406,29.52,80.39999999999999,2024,8
2024-08-16 20:30:00+05:30,415.59510839716296,29.440000000000005,80.58000000000001,2024,8
2024-08-16 20:45:00+05:30,412.0109401041275,29.42,80.52000000000001,2024,8
2024-08-16 21:00:00+05:30,406.8704810617721,29.4,81.16000000000001,2024,8
2024-08-16 21:15:00+05:30,402.64471690360085,29.34,81.32000000000002,2024,8
2024-08-16 21:30:00+05:30,397.2925515372819,29.3,82.0,2024,8
2024-08-16 21:45:00+05:30,390.6663961077916,29.22,81.97999999999999,2024,8
2024-08-16 22:00:00+05:30,388.3376194023576,29.18,82.25999999999999,2024,8
2024-08-16 22:15:00+05:30,381.1367142996799,29.120000000000005,82.75999999999999,2024,8
2024-08-16 22:30:00+05:30,377.8474435004193,29.059999999999995,82.67999999999999,2024,8
2024-08-16 22:45:00+05:30,373.31784167457465,29.02,82.82000000000001,2024,8
2024-08-16 23:00:00+05:30,369.9971661854844,29.02,83.14,2024,8
2024-08-16 23:15:00+05:30,366.64533519582574,29.0,83.44,2024,8
2024-08-16 23:30:00+05:30,362.1265699108279,28.98,83.96,2024,8
2024-08-16 23:45:00+05:30,357.3569762700497,28.94,84.0,2024,8
2024-08-17 00:00:00+05:30,350.8138059341101,28.9,84.1,2024,8
2024-08-17 00:15:00+05:30,346.2423022660469,28.9,84.2,2024,8
2024-08-17 00:30:00+05:30,341.34923506089297,28.9,84.2,2024,8
2024-08-17 00:45:00+05:30,338.52895905615577,28.9,83.9,2024,8
2024-08-17 01:00:00+05:30,332.77918852747496,28.8,84.4,2024,8
2024-08-17 01:15:00+05:30,327.7051087615904,28.8,84.6,2024,8
2024-08-17 01:30:00+05:30,324.23442787378826,28.7,84.9,2024,8
2024-08-17 01:45:00+05:30,320.3381323632321,28.6,85.6,2024,8
2024-08-17 02:00:00+05:30,316.4505239362357,28.5,86.5,2024,8
2024-08-17 02:15:00+05:30,313.30620074174146,28.5,87.4,2024,8
2024-08-17 02:30:00+05:30,309.9827141466992,28.4,87.9,2024,8
2024-08-17 02:45:00+05:30,305.82500033836715,28.3,88.0,2024,8
2024-08-17 03:00:00+05:30,306.7728978917629,28.3,88.0,2024,8
2024-08-17 03:15:00+05:30,302.8328972646711,28.1,88.2,2024,8
2024-08-17 03:30:00+05:30,298.9688988918933,28.1,88.8,2024,8
2024-08-17 03:45:00+05:30,296.67998070650964,28.1,88.8,2024,8
2024-08-17 04:00:00+05:30,295.65290603208064,28.0,88.9,2024,8
2024-08-17 04:15:00+05:30,295.3043117539515,28.0,88.9,2024,8
2024-08-17 04:30:00+05:30,295.6793860376964,27.9,88.8,2024,8
2024-08-17 04:45:00+05:30,294.3094203368081,28.0,89.0,2024,8
2024-08-17 05:00:00+05:30,294.90854323805405,27.9,89.0,2024,8
2024-08-17 05:15:00+05:30,296.1021035128197,27.9,89.6,2024,8
2024-08-17 05:30:00+05:30,298.8323057783979,27.8,90.0,2024,8
2024-08-17 05:45:00+05:30,300.8579054614434,27.8,90.0,2024,8
2024-08-17 06:00:00+05:30,304.74978673347954,27.8,90.0,2024,8
2024-08-17 06:15:00+05:30,307.4836520174382,27.8,90.1,2024,8
2024-08-17 06:30:00+05:30,313.1844795809629,27.8,90.1,2024,8
2024-08-17 06:45:00+05:30,316.9207767302643,27.9,90.0,2024,8
2024-08-17 07:00:00+05:30,322.6694830490777,28.0,90.3,2024,8
2024-08-17 07:15:00+05:30,330.4675576404732,28.2,90.1,2024,8
2024-08-17 07:30:00+05:30,339.17253899519835,28.4,89.8,2024,8
2024-08-17 07:45:00+05:30,351.97296823732256,28.6,88.9,2024,8
2024-08-17 08:00:00+05:30,366.4960092090566,28.8,87.6,2024,8
2024-08-17 08:15:00+05:30,381.7264691420662,29.2,85.8,2024,8
2024-08-17 08:30:00+05:30,396.1807950575724,29.5,85.3,2024,8
2024-08-17 08:45:00+05:30,406.59205298200914,29.8,84.4,2024,8
2024-08-17 09:00:00+05:30,420.1017249507819,30.0,83.0,2024,8
2024-08-17 09:15:00+05:30,430.6246664594904,30.5,80.8,2024,8
2024-08-17 09:30:00+05:30,442.2186407073314,30.8,79.3,2024,8
2024-08-17 09:45:00+05:30,450.1691492960636,30.9,78.1,2024,8
2024-08-17 10:00:00+05:30,457.0972723199501,31.1,77.3,2024,8
2024-08-17 10:15:00+05:30,463.3731248273557,31.1,77.4,2024,8
2024-08-17 10:30:00+05:30,464.91738530852126,31.0,77.2,2024,8
2024-08-17 10:45:00+05:30,467.1924263656709,31.0,77.0,2024,8
2024-08-17 11:00:00+05:30,467.85953582616855,31.3,75.1,2024,8
2024-08-17 11:15:00+05:30,470.69443735624776,31.5,74.5,2024,8
2024-08-17 11:30:00+05:30,470.3350068291856,31.4,75.1,2024,8
2024-08-17 11:45:00+05:30,468.9482316775064,31.6,74.7,2024,8
2024-08-17 12:00:00+05:30,466.8451830675547,31.5,73.9,2024,8
2024-08-17 12:15:00+05:30,468.16279185138063,31.7,74.0,2024,8
2024-08-17 12:30:00+05:30,468.7958070523923,31.8,73.2,2024,8
2024-08-17 12:45:00+05:30,467.2244017966794,32.1,71.3,2024,8
2024-08-17 13:00:00+05:30,467.2870553464144,32.4,70.5,2024,8
2024-08-17 13:15:00+05:30,461.0848940447942,32.7,69.7,2024,8
2024-08-17 13:30:00+05:30,456.1414355965083,32.6,70.3,2024,8
2024-08-17 13:45:00+05:30,456.26730378806326,32.7,69.3,2024,8
2024-08-17 14:00:00+05:30,457.5088897740696,32.8,69.4,2024,8
2024-08-17 14:15:00+05:30,458.7156343213612,32.7,69.3,2024,8
2024-08-17 14:30:00+05:30,460.108945995947,32.7,69.0,2024,8
2024-08-17 14:45:00+05:30,459.1470420026528,32.6,69.5,2024,8
2024-08-17 15:00:00+05:30,458.1297462407475,32.7,68.5,2024,8
2024-08-17 15:15:00+05:30,461.5167034243558,32.9,68.5,2024,8
2024-08-17 15:30:00+05:30,456.6728193281213,32.9,68.6,2024,8
2024-08-17 15:45:00+05:30,456.203688522685,33.1,68.6,2024,8
2024-08-17 16:00:00+05:30,456.8540119448493,32.8,69.1,2024,8
2024-08-17 16:15:00+05:30,453.2988321849117,32.2,70.5,2024,8
2024-08-17 16:30:00+05:30,447.8985874368378,31.7,71.1,2024,8
2024-08-17 16:45:00+05:30,444.1382308229959,31.3,72.1,2024,8
2024-08-17 17:00:00+05:30,442.028261679111,31.2,71.8,2024,8
2024-08-17 17:15:00+05:30,437.3502491536916,31.0,72.5,2024,8
2024-08-17 17:30:00+05:30,430.9806085788372,30.9,72.9,2024,8
2024-08-17 17:45:00+05:30,428.5136456863572,30.7,73.4,2024,8
2024-08-17 18:00:00+05:30,422.4554922961623,30.6,73.7,2024,8
2024-08-17 18:15:00+05:30,420.7679355960812,30.4,74.3,2024,8
2024-08-17 18:30:00+05:30,421.254763780071,30.3,75.1,2024,8
2024-08-17 18:45:00+05:30,419.2945528929868,30.1,76.0,2024,8
2024-08-17 19:00:00+05:30,420.5319666978611,30.0,77.0,2024,8
2024-08-17 19:15:00+05:30,415.8068539632319,29.9,78.0,2024,8
2024-08-17 19:30:00+05:30,413.95711586743306,29.9,78.5,2024,8
2024-08-17 19:45:00+05:30,409.96553470534354,29.8,79.1,2024,8
2024-08-17 20:00:00+05:30,406.644831213808,29.8,79.5,2024,8
2024-08-17 20:15:00+05:30,403.65183576125634,29.7,79.9,2024,8
2024-08-17 20:30:00+05:30,399.75160795686577,29.7,80.3,2024,8
2024-08-17 20:45:00+05:30,394.2247368311064,29.7,80.7,2024,8
2024-08-17 21:00:00+05:30,393.7861010429564,29.6,81.0,2024,8
2024-08-17 21:15:00+05:30,392.74233721277005,29.6,81.5,2024,8
2024-08-17 21:30:00+05:30,388.2267890919746,29.6,81.5,2024,8
2024-08-17 21:45:00+05:30,387.3198372883321,29.6,81.5,2024,8
2024-08-17 22:00:00+05:30,383.4142471683046,29.6,81.7,2024,8
2024-08-17 22:15:00+05:30,378.4962938110769,29.6,81.9,2024,8
2024-08-17 22:30:00+05:30,377.0646298120951,29.6,82.2,2024,8
2024-08-17 22:45:00+05:30,371.90113745586586,29.6,82.6,2024,8
2024-08-17 23:00:00+05:30,366.8329703128406,29.5,82.9,2024,8
2024-08-17 23:15:00+05:30,364.5696427633962,29.5,83.1,2024,8
2024-08-17 23:30:00+05:30,361.9552060550991,29.5,83.6,2024,8
2024-08-17 23:45:00+05:30,357.8392830906033,29.5,83.9,2024,8
2024-08-18 00:00:00+05:30,353.0954342267101,29.5,84.0,2024,8
2024-08-18 00:15:00+05:30,349.06697132984687,29.4,83.9,2024,8
2024-08-18 00:30:00+05:30,344.352121259493,29.4,83.9,2024,8
2024-08-18 00:45:00+05:30,339.6124387639559,29.4,84.0,2024,8
2024-08-18 01:00:00+05:30,336.4647531344749,29.3,83.8,2024,8
2024-08-18 01:15:00+05:30,331.6420895479903,29.3,83.6,2024,8
2024-08-18 01:30:00+05:30,328.2943562855881,29.3,83.7,2024,8
2024-08-18 01:45:00+05:30,323.224621371632,29.3,83.9,2024,8
2024-08-18 02:00:00+05:30,318.6547124146357,29.2,84.3,2024,8
2024-08-18 02:15:00+05:30,318.3677305021416,29.2,84.5,2024,8
2024-08-18 02:30:00+05:30,314.7159029362992,29.2,84.0,2024,8
2024-08-18 02:45:00+05:30,315.0545685941672,29.2,83.7,2024,8
2024-08-18 03:00:00+05:30,312.6008283049629,29.2,83.9,2024,8
2024-08-18 03:15:00+05:30,309.3191388352711,29.2,84.3,2024,8
2024-08-18 03:30:00+05:30,306.0369790824932,29.1,85.1,2024,8
2024-08-18 03:45:00+05:30,302.52295687130965,28.9,86.1,2024,8
2024-08-18 04:00:00+05:30,300.6569104568807,28.8,86.3,2024,8
2024-08-18 04:15:00+05:30,300.5787090579514,28.8,86.9,2024,8
2024-08-18 04:30:00+05:30,299.66780387109634,28.8,87.1,2024,8
2024-08-18 04:45:00+05:30,297.5352714384082,28.8,87.3,2024,8
2024-08-18 05:00:00+05:30,294.1159908598539,28.8,88.0,2024,8
2024-08-18 05:15:00+05:30,294.1299047980197,28.8,88.0,2024,8
2024-08-18 05:30:00+05:30,294.35832568179774,28.8,88.5,2024,8
2024-08-18 05:45:00+05:30,295.4307598232433,28.7,89.1,2024,8
2024-08-18 06:00:00+05:30,296.9710350946794,28.7,89.1,2024,8
2024-08-18 06:15:00+05:30,298.0490256854381,28.4,90.2,2024,8
2024-08-18 06:30:00+05:30,299.8944828515628,28.2,90.9,2024,8
2024-08-18 06:45:00+05:30,298.3275701180644,28.2,91.3,2024,8
2024-08-18 07:00:00+05:30,302.4279988418778,28.2,91.2,2024,8
2024-08-18 07:15:00+05:30,306.5363155022733,28.4,90.9,2024,8
2024-08-18 07:30:00+05:30,308.1099265479983,28.6,90.0,2024,8
2024-08-18 07:45:00+05:30,311.2200459611226,28.9,88.8,2024,8
2024-08-18 08:00:00+05:30,318.0622571012565,29.1,87.5,2024,8
2024-08-18 08:15:00+05:30,325.1227280024662,29.4,86.3,2024,8
2024-08-18 08:30:00+05:30,335.2149811159723,29.7,85.7,2024,8
2024-08-18 08:45:00+05:30,341.7433714612092,29.9,84.3,2024,8
2024-08-18 09:00:00+05:30,347.59133051738206,30.3,83.0,2024,8
2024-08-18 09:15:00+05:30,352.7289562356905,30.4,81.7,2024,8
2024-08-18 09:30:00+05:30,358.87636247333126,30.4,80.7,2024,8
2024-08-18 09:45:00+05:30,364.1520328916637,30.5,80.3,2024,8
2024-08-18 10:00:00+05:30,367.66918134355,30.7,79.4,2024,8
2024-08-18 10:15:00+05:30,369.88010900375576,31.1,78.0,2024,8
2024-08-18 10:30:00+05:30,376.2554289065214,31.2,77.5,2024,8
2024-08-18 10:45:00+05:30,378.266966043271,31.3,76.2,2024,8
2024-08-18 11:00:00+05:30,382.90518405856847,31.4,75.7,2024,8
2024-08-18 11:15:00+05:30,385.5977609094477,31.4,75.7,2024,8
2024-08-18 11:30:00+05:30,389.7276736217856,31.6,75.1,2024,8
2024-08-18 11:45:00+05:30,388.0358059783063,31.8,74.0,2024,8
2024-08-18 12:00:00+05:30,388.2077119701548,31.9,73.4,2024,8
2024-08-18 12:15:00+05:30,386.3839890749806,32.1,73.8,2024,8
2024-08-18 12:30:00+05:30,389.6885442909924,32.2,74.4,2024,8
2024-08-18 12:45:00+05:30,388.5985418206794,32.1,74.0,2024,8
2024-08-18 13:00:00+05:30,385.3785575924145,32.3,73.3,2024,8
2024-08-18 13:15:00+05:30,385.5242817031943,32.4,73.1,2024,8
2024-08-18 13:30:00+05:30,386.4818817969084,32.4,73.4,2024,8
2024-08-18 13:45:00+05:30,388.1887568002635,32.2,73.7,2024,8
2024-08-18 14:00:00+05:30,387.7224948536697,32.4,73.3,2024,8
2024-08-18 14:15:00+05:30,390.1599718347612,32.4,72.9,2024,8
2024-08-18 14:30:00+05:30,391.5372657479472,32.4,72.7,2024,8
2024-08-18 14:45:00+05:30,391.5610090292528,32.6,71.9,2024,8
2024-08-18 15:00:00+05:30,390.0459229399475,32.7,70.3,2024,8
2024-08-18 15:15:00+05:30,388.4171724977557,32.9,69.9,2024,8
2024-08-18 15:30:00+05:30,387.74430297072126,33.0,69.2,2024,8
2024-08-18 15:45:00+05:30,386.8195812364851,32.8,68.8,2024,8
2024-08-18 16:00:00+05:30,384.18553244424936,33.1,68.4,2024,8
2024-08-18 16:15:00+05:30,383.7380926999117,33.1,67.1,2024,8
2024-08-18 16:30:00+05:30,384.278402241038,32.7,69.0,2024,8
2024-08-18 16:45:00+05:30,381.500368583996,32.0,70.1,2024,8
2024-08-18 17:00:00+05:30,381.72399503031113,31.6,72.1,2024,8
2024-08-18 17:15:00+05:30,376.3811114528916,31.2,73.5,2024,8
2024-08-18 17:30:00+05:30,376.86575944243725,31.0,74.9,2024,8
2024-08-18 17:45:00+05:30,377.9511242063572,30.7,76.2,2024,8
2024-08-18 18:00:00+05:30,379.9018973461624,30.5,77.4,2024,8
2024-08-18 18:15:00+05:30,378.5420000900813,30.4,78.0,2024,8
2024-08-18 18:30:00+05:30,379.34309561227104,30.2,79.6,2024,8
2024-08-18 18:45:00+05:30,381.0691183607869,30.1,79.9,2024,8
2024-08-18 19:00:00+05:30,380.7602566252612,30.1,79.8,2024,8
2024-08-18 19:15:00+05:30,381.1737747590319,30.0,79.9,2024,8
2024-08-18 19:30:00+05:30,380.30644032783295,30.0,80.4,2024,8
2024-08-18 19:45:00+05:30,379.8117878107437,29.9,81.0,2024,8
2024-08-18 20:00:00+05:30,380.9501319988081,29.9,81.1,2024,8
2024-08-18 20:15:00+05:30,379.6063212016562,29.9,81.4,2024,8
2024-08-18 20:30:00+05:30,379.72790311786576,29.8,81.5,2024,8
2024-08-18 20:45:00+05:30,379.0023326185065,29.8,81.7,2024,8
2024-08-18 21:00:00+05:30,378.4513410629564,29.8,82.4,2024,8
2024-08-18 21:15:00+05:30,377.6224433539701,29.7,82.6,2024,8
2024-08-18 21:30:00+05:30,376.6222646043748,29.7,82.8,2024,8
2024-08-18 21:45:00+05:30,375.69457243793215,29.8,82.6,2024,8
2024-08-18 22:00:00+05:30,372.8289184677048,29.8,82.4,2024,8
2024-08-18 22:15:00+05:30,370.94090734667685,29.8,82.4,2024,8
2024-08-18 22:30:00+05:30,369.7816563774951,29.7,82.7,2024,8
2024-08-18 22:45:00+05:30,366.6454654292658,29.7,82.9,2024,8
2024-08-18 23:00:00+05:30,362.9666955386406,29.7,83.0,2024,8
2024-08-18 23:15:00+05:30,359.42816115799627,29.6,83.3,2024,8
2024-08-18 23:30:00+05:30,356.6902879388991,29.6,83.3,2024,8
2024-08-18 23:45:00+05:30,352.9533850480033,29.5,83.9,2024,8
2024-08-19 00:00:00+05:30,348.796411374439,29.54,83.46,2024,8
2024-08-19 00:15:00+05:30,345.50979951251804,29.5,83.88000000000001,2024,8
2024-08-19 00:30:00+05:30,341.00461707151686,29.52,84.08,2024,8
2024-08-19 00:45:00+05:30,337.37364795238324,29.46,84.66,2024,8
2024-08-19 01:00:00+05:30,332.8451246928136,29.4,85.05999999999999,2024,8
2024-08-19 01:15:00+05:30,328.51265442109286,29.360000000000003,85.28,2024,8
2024-08-19 01:30:00+05:30,323.7175677162327,29.36,85.47999999999999,2024,8
2024-08-19 01:45:00+05:30,321.3693746466124,29.360000000000003,85.56,2024,8
2024-08-19 02:00:00+05:30,318.3316796512254,29.32,85.98,2024,8
2024-08-19 02:15:00+05:30,315.2937198097344,29.32,85.96000000000001,2024,8
2024-08-19 02:30:00+05:30,308.67982474870394,29.3,86.0,2024,8
2024-08-19 02:45:00+05:30,307.3408451310696,29.32,85.88000000000001,2024,8
2024-08-19 03:00:00+05:30,302.72473640305844,29.32,86.06,2024,8
2024-08-19 03:15:00+05:30,300.8810723889196,29.26,86.36,2024,8
2024-08-19 03:30:00+05:30,299.64470536334426,29.24,86.42,2024,8
2024-08-19 03:45:00+05:30,298.09205671619407,29.22000000000001,86.42,2024,8
2024-08-19 04:00:00+05:30,296.3014555729496,29.2,86.47999999999999,2024,8
2024-08-19 04:15:00+05:30,296.1370758201773,29.2,86.7,2024,8
2024-08-19 04:30:00+05:30,298.72801622643664,29.18,87.02000000000001,2024,8
2024-08-19 04:45:00+05:30,299.30593762705416,29.18,86.94000000000001,2024,8
2024-08-19 05:00:00+05:30,299.6975931627089,29.160000000000004,87.2,2024,8
2024-08-19 05:15:00+05:30,303.3323518763757,29.08,87.58,2024,8
2024-08-19 05:30:00+05:30,307.81274947513714,29.020000000000003,87.62,2024,8
2024-08-19 05:45:00+05:30,308.1451574606024,28.98,87.82000000000001,2024,8
2024-08-19 06:00:00+05:30,314.2600259769709,28.94,87.94000000000001,2024,8
2024-08-19 06:15:00+05:30,320.126895351205,28.9,88.16,2024,8
2024-08-19 06:30:00+05:30,325.66524993479686,28.880000000000003,88.3,2024,8
2024-08-19 06:45:00+05:30,334.90401787566736,28.9,88.22,2024,8
2024-08-19 07:00:00+05:30,348.54237729967497,28.94,88.04,2024,8
2024-08-19 07:15:00+05:30,362.4605271308961,29.020000000000003,87.84,2024,8
2024-08-19 07:30:00+05:30,379.3712520774402,29.160000000000004,87.32000000000001,2024,8
2024-08-19 07:45:00+05:30,396.69797947159446,29.32,86.3,2024,8
2024-08-19 08:00:00+05:30,417.6783171711706,29.540000000000003,85.4,2024,8
2024-08-19 08:15:00+05:30,436.98333987917226,29.74,84.64,2024,8
2024-08-19 08:30:00+05:30,452.40518644754576,29.879999999999995,83.8,2024,8
2024-08-19 08:45:00+05:30,467.2914909141905,30.079999999999995,83.32,2024,8
2024-08-19 09:00:00+05:30,479.4243095286421,30.24,82.47999999999999,2024,8
2024-08-19 09:15:00+05:30,490.42892633076974,30.44,81.55999999999999,2024,8
2024-08-19 09:30:00+05:30,498.85829283680096,30.660000000000004,80.58000000000001,2024,8
2024-08-19 09:45:00+05:30,508.9871601801913,30.880000000000003,79.78,2024,8
2024-08-19 10:00:00+05:30,517.303446399579,30.98,78.93999999999998,2024,8
2024-08-19 10:15:00+05:30,522.002913387399,31.099999999999994,78.44000000000001,2024,8
2024-08-19 10:30:00+05:30,524.71033382059,31.22,77.66,2024,8
2024-08-19 10:45:00+05:30,527.336908405827,31.28,77.36,2024,8
2024-08-19 11:00:00+05:30,528.5675400938603,31.360000000000003,78.24000000000001,2024,8
2024-08-19 11:15:00+05:30,525.5967817498807,31.540000000000003,77.75999999999999,2024,8
2024-08-19 11:30:00+05:30,525.5268948373941,31.82,77.44,2024,8
2024-08-19 11:45:00+05:30,528.1633930614986,32.0,76.64,2024,8
2024-08-19 12:00:00+05:30,528.6687469622456,32.1,76.18,2024,8
2024-08-19 12:15:00+05:30,527.7067284964668,32.18,75.82000000000001,2024,8
2024-08-19 12:30:00+05:30,527.2173413491562,32.58,74.92,2024,8
2024-08-19 12:45:00+05:30,522.6418467854959,32.84,73.55999999999999,2024,8
2024-08-19 13:00:00+05:30,520.2735542339296,32.779999999999994,72.8,2024,8
2024-08-19 13:15:00+05:30,518.3159423673742,32.739999999999995,72.85999999999999,2024,8
2024-08-19 13:30:00+05:30,518.6809960222109,32.7,72.16,2024,8
2024-08-19 13:45:00+05:30,520.5156519752845,32.6,71.67999999999999,2024,8
2024-08-19 14:00:00+05:30,522.0165076973792,32.480000000000004,72.55999999999999,2024,8
2024-08-19 14:15:00+05:30,521.3502991073684,32.2,73.6,2024,8
2024-08-19 14:30:00+05:30,520.377061385912,31.940000000000005,74.36,2024,8
2024-08-19 14:45:00+05:30,516.2443613697478,31.820000000000004,74.52000000000001,2024,8
2024-08-19 15:00:00+05:30,512.5329364719277,31.66,74.96000000000001,2024,8
2024-08-19 15:15:00+05:30,510.8073958051047,31.5,75.17999999999999,2024,8
2024-08-19 15:30:00+05:30,506.4972468437695,31.32,75.94000000000001,2024,8
2024-08-19 15:45:00+05:30,501.76576130052064,31.34,75.6,2024,8
2024-08-19 16:00:00+05:30,500.4639880541922,31.26,76.47999999999999,2024,8
2024-08-19 16:15:00+05:30,496.1100300174187,31.2,77.08,2024,8
2024-08-19 16:30:00+05:30,494.4955986580175,31.12,77.4,2024,8
2024-08-19 16:45:00+05:30,488.592309058056,31.06,77.42,2024,8
2024-08-19 17:00:00+05:30,484.1894581771004,30.96,77.72,2024,8
2024-08-19 17:15:00+05:30,481.8537678502087,30.7,78.52,2024,8
2024-08-19 17:30:00+05:30,474.27742119127794,30.66,78.75999999999999,2024,8
2024-08-19 17:45:00+05:30,465.1154595647896,30.54,80.08,2024,8
2024-08-19 18:00:00+05:30,457.8141208295425,30.380000000000003,80.33999999999999,2024,8
2024-08-19 18:15:00+05:30,442.20133343478574,30.26,81.32000000000001,2024,8
2024-08-19 18:30:00+05:30,444.0305220952202,30.08,82.26,2024,8
2024-08-19 18:45:00+05:30,440.740866467729,29.98,83.2,2024,8
2024-08-19 19:00:00+05:30,436.4953759885915,29.9,84.06,2024,8
2024-08-19 19:15:00+05:30,433.0677262121,29.82,85.06,2024,8
2024-08-19 19:30:00+05:30,428.9597147532952,29.82,85.53999999999999,2024,8
2024-08-19 19:45:00+05:30,424.29000373998616,29.82,86.0,2024,8
2024-08-19 20:00:00+05:30,420.3749056109999,29.8,86.1,2024,8
2024-08-19 20:15:00+05:30,416.0646624916472,29.78,86.28,2024,8
2024-08-19 20:30:00+05:30,411.68299778176106,29.82,86.6,2024,8
2024-08-19 20:45:00+05:30,406.1749605286787,29.74,86.68,2024,8
2024-08-19 21:00:00+05:30,403.992943526595,29.6,87.5,2024,8
2024-08-19 21:15:00+05:30,402.5058773315552,29.46,87.54,2024,8
2024-08-19 21:30:00+05:30,398.0701648806676,29.4,86.32,2024,8
2024-08-19 21:45:00+05:30,397.9698962405734,29.440000000000005,86.54,2024,8
2024-08-19 22:00:00+05:30,392.90216558773466,29.360000000000003,86.53999999999999,2024,8
2024-08-19 22:15:00+05:30,387.24360585086873,29.360000000000003,86.91999999999999,2024,8
2024-08-19 22:30:00+05:30,384.20050219304034,29.34,86.94,2024,8
2024-08-19 22:45:00+05:30,381.0137248918835,29.3,87.14,2024,8
2024-08-19 23:00:00+05:30,376.86650927431424,29.3,87.25999999999999,2024,8
2024-08-19 23:15:00+05:30,371.31312066714526,29.26,87.26,2024,8
2024-08-19 23:30:00+05:30,365.74561659500415,29.26,87.30000000000001,2024,8
2024-08-19 23:45:00+05:30,361.6667545869088,29.22,87.46,2024,8
2024-08-20 00:00:00+05:30,358.17110120537177,29.24,87.68,2024,8
2024-08-20 00:15:00+05:30,353.3304339605502,29.24,87.78,2024,8
2024-08-20 00:30:00+05:30,349.60276530050135,29.2,88.35999999999999,2024,8
2024-08-20 00:45:00+05:30,346.3425415817364,29.12,88.64000000000001,2024,8
2024-08-20 01:00:00+05:30,340.222935393646,29.1,89.17999999999999,2024,8
2024-08-20 01:15:00+05:30,333.68168163432097,29.12,89.17999999999999,2024,8
2024-08-20 01:30:00+05:30,333.5512896326207,29.08,89.34,2024,8
2024-08-20 01:45:00+05:30,327.13753130940773,29.12,89.53999999999999,2024,8
2024-08-20 02:00:00+05:30,323.1641037720697,29.1,89.84,2024,8
2024-08-20 02:15:00+05:30,319.9380430760771,29.06,90.02000000000001,2024,8
2024-08-20 02:30:00+05:30,315.14296716616093,29.04,89.82,2024,8
2024-08-20 02:45:00+05:30,311.7111149259392,28.880000000000003,90.34,2024,8
2024-08-20 03:00:00+05:30,311.24571600639155,28.84,90.4,2024,8
2024-08-20 03:15:00+05:30,309.32045533603264,28.860000000000003,91.08,2024,8
2024-08-20 03:30:00+05:30,307.2211267348559,28.8,90.76000000000002,2024,8
2024-08-20 03:45:00+05:30,305.09546548857224,28.82,90.58,2024,8
2024-08-20 04:00:00+05:30,306.617055525827,28.82,91.08,2024,8
2024-08-20 04:15:00+05:30,304.24147808709085,28.78,90.96,2024,8
2024-08-20 04:30:00+05:30,302.33900439247674,28.64,90.8,2024,8
2024-08-20 04:45:00+05:30,304.94012809125087,28.56,90.54,2024,8
2024-08-20 05:00:00+05:30,305.7634047851396,28.52,90.54,2024,8
2024-08-20 05:15:00+05:30,307.4266899278159,28.54,90.82,2024,8
2024-08-20 05:30:00+05:30,311.78195955021647,28.48,90.9,2024,8
2024-08-20 05:45:00+05:30,315.7920328490908,28.52,90.86,2024,8
2024-08-20 06:00:00+05:30,323.39613655530104,28.54,90.62,2024,8
2024-08-20 06:15:00+05:30,330.32052044591245,28.52,90.44,2024,8
2024-08-20 06:30:00+05:30,339.4526541568861,28.5,90.46,2024,8
2024-08-20 06:45:00+05:30,347.21355535867144,28.56,90.43999999999998,2024,8
2024-08-20 07:00:00+05:30,362.86499021224336,28.58,90.74,2024,8
2024-08-20 07:15:00+05:30,378.17537271279946,28.58,90.74,2024,8
2024-08-20 07:30:00+05:30,394.8716438826826,28.6,90.7,2024,8
2024-08-20 07:45:00+05:30,413.4335482569655,28.6,90.7,2024,8
2024-08-20 08:00:00+05:30,432.3355316912513,28.6,90.76,2024,8
2024-08-20 08:15:00+05:30,455.10127871662496,28.6,90.76,2024,8
2024-08-20 08:30:00+05:30,471.5447686867012,28.54,91.68000000000002,2024,8
2024-08-20 08:45:00+05:30,486.0891495647035,28.54,91.68000000000002,2024,8
2024-08-20 09:00:00+05:30,499.3312880794408,28.76,92.34,2024,8
2024-08-20 09:15:00+05:30,513.4240029550898,28.76,92.34,2024,8
2024-08-20 09:30:00+05:30,523.256710551868,28.96,91.74,2024,8
2024-08-20 09:45:00+05:30,531.7177376156257,28.96,91.74,2024,8
2024-08-20 10:00:00+05:30,534.174787570679,29.26,90.66,2024,8
2024-08-20 10:15:00+05:30,536.7208815955051,29.26,90.66,2024,8
2024-08-20 10:30:00+05:30,540.5980532823128,29.48,89.52000000000001,2024,8
2024-08-20 10:45:00+05:30,540.8916423994106,29.48,89.52000000000001,2024,8
2024-08-20 11:00:00+05:30,543.3710910486926,29.58,89.17999999999999,2024,8
2024-08-20 11:15:00+05:30,541.003771375563,29.58,89.17999999999999,2024,8
2024-08-20 11:30:00+05:30,533.4441843869604,29.380000000000003,88.47999999999999,2024,8
2024-08-20 11:45:00+05:30,527.6852180104045,29.380000000000003,88.47999999999999,2024,8
2024-08-20 12:00:00+05:30,527.9768139168024,29.34,88.74000000000001,2024,8
2024-08-20 12:15:00+05:30,532.2304543477246,29.34,88.74000000000001,2024,8
2024-08-20 12:30:00+05:30,533.6632290969133,29.48,87.72,2024,8
2024-08-20 12:45:00+05:30,535.2911242188363,29.48,87.72,2024,8
2024-08-20 13:00:00+05:30,531.9475743449166,29.5,86.92,2024,8
2024-08-20 13:15:00+05:30,529.6949362341768,29.5,86.92,2024,8
2024-08-20 13:30:00+05:30,527.6289459234793,29.18,86.44000000000001,2024,8
2024-08-20 13:45:00+05:30,526.7916988161983,29.18,86.44000000000001,2024,8
2024-08-20 14:00:00+05:30,526.4377212011708,29.4,86.04,2024,8
2024-08-20 14:15:00+05:30,530.9183215573078,29.4,86.04,2024,8
2024-08-20 14:30:00+05:30,532.2355732315281,29.440000000000005,83.94,2024,8
2024-08-20 14:45:00+05:30,528.7956688608828,29.440000000000005,83.94,2024,8
2024-08-20 15:00:00+05:30,526.3685696637463,28.94,83.8,2024,8
2024-08-20 15:15:00+05:30,527.0275387322246,28.94,83.8,2024,8
2024-08-20 15:30:00+05:30,521.9491510622569,28.880000000000003,84.94,2024,8
2024-08-20 15:45:00+05:30,519.113126778028,28.880000000000003,84.94,2024,8
2024-08-20 16:00:00+05:30,518.1071652491488,28.9,85.32,2024,8
2024-08-20 16:15:00+05:30,513.8600767473195,28.9,85.32,2024,8
2024-08-20 16:30:00+05:30,511.6124033532135,28.94,85.61999999999999,2024,8
2024-08-20 16:45:00+05:30,506.4153240475962,28.94,85.61999999999999,2024,8
2024-08-20 17:00:00+05:30,503.36684368864894,29.3,85.02,2024,8
2024-08-20 17:15:00+05:30,498.8864448172004,29.3,85.02,2024,8
2024-08-20 17:30:00+05:30,494.3603784762919,29.82,83.52000000000001,2024,8
2024-08-20 17:45:00+05:30,489.3420308396191,29.82,83.52000000000001,2024,8
2024-08-20 18:00:00+05:30,484.2242989915259,30.42,81.5,2024,8
2024-08-20 18:15:00+05:30,477.2441182548165,30.42,81.5,2024,8
2024-08-20 18:30:00+05:30,471.6069641446366,30.62,80.60000000000001,2024,8
2024-08-20 18:45:00+05:30,466.64500166741664,30.62,80.60000000000001,2024,8
2024-08-20 19:00:00+05:30,460.8965413785299,30.5,80.56,2024,8
2024-08-20 19:15:00+05:30,453.3511703207768,30.5,80.56,2024,8
2024-08-20 19:30:00+05:30,443.8963335739799,30.58,79.9,2024,8
2024-08-20 19:45:00+05:30,435.5097104776498,30.58,79.9,2024,8
2024-08-20 20:00:00+05:30,429.148093276513,30.14,80.16,2024,8
2024-08-20 20:15:00+05:30,422.7232626241848,30.14,80.16,2024,8
2024-08-20 20:30:00+05:30,416.941578219076,30.56,77.93999999999998,2024,8
2024-08-20 20:45:00+05:30,412.50205544367327,30.56,77.93999999999998,2024,8
2024-08-20 21:00:00+05:30,404.8393335871958,31.06,75.96000000000001,2024,8
2024-08-20 21:15:00+05:30,402.0636250327185,31.06,75.96000000000001,2024,8
2024-08-20 21:30:00+05:30,396.6538579331592,31.06,75.34,2024,8
2024-08-20 21:45:00+05:30,391.61736634733126,31.06,75.34,2024,8
2024-08-20 22:00:00+05:30,385.979165349795,30.82,76.05999999999999,2024,8
2024-08-20 22:15:00+05:30,381.4828382250584,30.82,76.05999999999999,2024,8
2024-08-20 22:30:00+05:30,378.7343577252637,30.6,76.6,2024,8
2024-08-20 22:45:00+05:30,373.4438164105282,30.6,76.6,2024,8
2024-08-20 23:00:00+05:30,370.291905872802,30.46,76.25999999999999,2024,8
2024-08-20 23:15:00+05:30,367.35286846388885,30.46,76.25999999999999,2024,8
2024-08-20 23:30:00+05:30,362.4811379354512,30.26,77.16,2024,8
2024-08-20 23:45:00+05:30,355.5281941656517,30.26,77.16,2024,8
2024-08-21 00:00:00+05:30,349.80539168043015,27.840000000000003,90.7,2024,8
2024-08-21 00:15:00+05:30,345.30524344252683,27.9,91.28,2024,8
2024-08-21 00:30:00+05:30,342.93881144544133,27.820000000000004,91.7,2024,8
2024-08-21 00:45:00+05:30,337.2571890821236,27.76,91.88,2024,8
2024-08-21 01:00:00+05:30,329.6774131351562,27.75,92.65,2024,8
2024-08-21 01:15:00+05:30,325.6502389358644,27.675,92.725,2024,8
2024-08-21 01:30:00+05:30,323.15382079061,27.725,92.375,2024,8
2024-08-21 01:45:00+05:30,318.40420567636824,27.7,91.85,2024,8
2024-08-21 02:00:00+05:30,314.318725488164,27.725,91.95,2024,8
2024-08-21 02:15:00+05:30,311.3119285571379,27.675,92.1,2024,8
2024-08-21 02:30:00+05:30,309.5314318953773,27.6,92.275,2024,8
2024-08-21 02:45:00+05:30,308.0811628636678,27.55,92.45,2024,8
2024-08-21 03:00:00+05:30,304.2146155794893,27.525,92.9,2024,8
2024-08-21 03:15:00+05:30,301.41450227887134,27.475,93.3,2024,8
2024-08-21 03:30:00+05:30,301.52743004793786,27.425,93.825,2024,8
2024-08-21 03:45:00+05:30,299.05464855025025,27.375,93.85,2024,8
2024-08-21 04:00:00+05:30,298.1987915663493,27.4,93.925,2024,8
2024-08-21 04:15:00+05:30,296.87439205159825,27.4,94.0,2024,8
2024-08-21 04:30:00+05:30,299.21030177421835,27.35,93.95000000000002,2024,8
2024-08-21 04:45:00+05:30,299.5478476165351,27.375,94.0,2024,8
2024-08-21 05:00:00+05:30,299.9617108183945,27.325000000000003,94.2,2024,8
2024-08-21 05:15:00+05:30,303.1077919242617,27.25,94.15,2024,8
2024-08-21 05:30:00+05:30,306.8803913093527,27.275,94.025,2024,8
2024-08-21 05:45:00+05:30,311.5726129891712,27.275,93.975,2024,8
2024-08-21 06:00:00+05:30,321.37390657747505,27.3,94.075,2024,8
2024-08-21 06:15:00+05:30,329.205673253327,27.275,93.975,2024,8
2024-08-21 06:30:00+05:30,339.98079625064497,27.325,93.25,2024,8
2024-08-21 06:45:00+05:30,349.8258495083723,27.4,94.0,2024,8
2024-08-21 07:00:00+05:30,361.41775504160233,27.625,94.075,2024,8
2024-08-21 07:15:00+05:30,375.49586720459206,27.85,93.725,2024,8
2024-08-21 07:30:00+05:30,390.31617695517855,28.15,92.875,2024,8
2024-08-21 07:45:00+05:30,406.77813208272175,28.25,91.825,2024,8
2024-08-21 08:00:00+05:30,428.78461845655033,28.55,91.0,2024,8
2024-08-21 08:15:00+05:30,450.7879086578537,28.700000000000003,89.875,2024,8
2024-08-21 08:30:00+05:30,470.35373048291547,29.0,88.85,2024,8
2024-08-21 08:45:00+05:30,485.944942739582,29.250000000000004,87.825,2024,8
2024-08-21 09:00:00+05:30,502.24684434340605,29.440000000000005,85.94,2024,8
2024-08-21 09:15:00+05:30,513.4084971513023,29.68,85.06,2024,8
2024-08-21 09:30:00+05:30,521.1308846497672,29.940000000000005,83.72,2024,8
2024-08-21 09:45:00+05:30,529.8950116527816,30.12,82.94,2024,8
2024-08-21 10:00:00+05:30,537.5130357447713,30.46,81.74,2024,8
2024-08-21 10:15:00+05:30,544.326305495104,30.82,80.46000000000001,2024,8
2024-08-21 10:30:00+05:30,551.5832819605993,30.94,79.7,2024,8
2024-08-21 10:45:00+05:30,557.2783985256001,31.14,78.96,2024,8
2024-08-21 11:00:00+05:30,556.4556846587545,31.28,77.94000000000001,2024,8
2024-08-21 11:15:00+05:30,559.2261218482397,31.5,77.47999999999999,2024,8
2024-08-21 11:30:00+05:30,557.2236135151128,31.880000000000003,76.04,2024,8
2024-08-21 11:45:00+05:30,556.2725767526771,31.78,76.05999999999999,2024,8
2024-08-21 12:00:00+05:30,558.3030356993793,31.84,75.91999999999999,2024,8
2024-08-21 12:15:00+05:30,556.9219427409339,31.860000000000003,75.75999999999999,2024,8
2024-08-21 12:30:00+05:30,556.150970230628,32.48,75.43999999999998,2024,8
2024-08-21 12:45:00+05:30,553.9161452836072,32.480000000000004,74.02,2024,8
2024-08-21 13:00:00+05:30,551.3016242079333,32.580000000000005,74.84,2024,8
2024-08-21 13:15:00+05:30,550.3930300207456,32.379999999999995,76.61999999999999,2024,8
2024-08-21 13:30:00+05:30,549.0094411098333,32.239999999999995,77.24,2024,8
2024-08-21 13:45:00+05:30,549.3321668779952,31.98,78.3,2024,8
2024-08-21 14:00:00+05:30,553.0137281645841,31.94,79.11999999999999,2024,8
2024-08-21 14:15:00+05:30,554.8097684275843,32.279999999999994,78.24,2024,8
2024-08-21 14:30:00+05:30,557.1347324951091,32.379999999999995,77.58,2024,8
2024-08-21 14:45:00+05:30,557.2279934312542,32.24,77.6,2024,8
2024-08-21 15:00:00+05:30,558.2242613798256,32.239999999999995,77.46,2024,8
2024-08-21 15:15:00+05:30,556.6574587659314,32.17999999999999,77.82000000000001,2024,8
2024-08-21 15:30:00+05:30,557.2002886901541,32.239999999999995,77.24,2024,8
2024-08-21 15:45:00+05:30,554.7054211162977,32.239999999999995,77.53999999999999,2024,8
2024-08-21 16:00:00+05:30,558.365221652406,32.3,76.9,2024,8
2024-08-21 16:15:00+05:30,554.2380629142758,32.84,75.22,2024,8
2024-08-21 16:30:00+05:30,551.7337926482257,32.7,75.14000000000001,2024,8
2024-08-21 16:45:00+05:30,547.5445932703631,32.559999999999995,75.48,2024,8
2024-08-21 17:00:00+05:30,544.0767743060863,32.17999999999999,76.74000000000001,2024,8
2024-08-21 17:15:00+05:30,540.2585864799862,32.44,76.24,2024,8
2024-08-21 17:30:00+05:30,531.8050214777218,32.440000000000005,75.44,2024,8
2024-08-21 17:45:00+05:30,524.5619961979851,32.459999999999994,75.76,2024,8
2024-08-21 18:00:00+05:30,514.6676660470931,32.3,76.26,2024,8
2024-08-21 18:15:00+05:30,510.29822837948734,31.68,78.17999999999999,2024,8
2024-08-21 18:30:00+05:30,498.5468089198715,31.22,79.68,2024,8
2024-08-21 18:45:00+05:30,492.07763306743647,30.78,81.04,2024,8
2024-08-21 19:00:00+05:30,488.5538086215263,30.46,82.46000000000001,2024,8
2024-08-21 19:15:00+05:30,481.9476511123684,30.22000000000001,83.46,2024,8
2024-08-21 19:30:00+05:30,474.06358736961846,30.18,83.82,2024,8
2024-08-21 19:45:00+05:30,461.9006983144063,30.079999999999995,84.34,2024,8
2024-08-21 20:00:00+05:30,452.329005801917,30.020000000000003,85.03999999999999,2024,8
2024-08-21 20:15:00+05:30,445.5579423332513,29.940000000000005,85.22,2024,8
2024-08-21 20:30:00+05:30,441.9982670904699,29.940000000000005,85.0,2024,8
2024-08-21 20:45:00+05:30,436.2713456943853,29.9,85.1,2024,8
2024-08-21 21:00:00+05:30,431.0333639254726,29.880000000000003,85.03999999999999,2024,8
2024-08-21 21:15:00+05:30,429.4813477161525,29.880000000000003,85.4,2024,8
2024-08-21 21:30:00+05:30,422.8148411463496,29.880000000000003,85.73999999999998,2024,8
2024-08-21 21:45:00+05:30,418.92085028889016,29.84,85.66,2024,8
2024-08-21 22:00:00+05:30,407.7453436331583,29.84,85.26,2024,8
2024-08-21 22:15:00+05:30,404.6525635622967,29.84,84.78,2024,8
2024-08-21 22:30:00+05:30,407.3398702607404,29.84,84.56,2024,8
2024-08-21 22:45:00+05:30,400.67304328528166,29.78,84.66,2024,8
2024-08-21 23:00:00+05:30,395.35003953153546,29.8,84.84,2024,8
2024-08-21 23:15:00+05:30,391.2609066531778,29.74,85.28,2024,8
2024-08-21 23:30:00+05:30,384.79594948418793,29.72,85.85999999999999,2024,8
2024-08-21 23:45:00+05:30,378.0015702561726,29.660000000000004,86.3,2024,8
2024-08-22 00:00:00+05:30,367.79175075954186,26.9,88.0,2024,8
2024-08-22 00:15:00+05:30,364.0780861634794,26.9,90.0,2024,8
2024-08-22 00:30:00+05:30,360.5545376395628,26.8,90.0,2024,8
2024-08-22 00:45:00+05:30,355.5303649184901,26.7,90.0,2024,8
2024-08-22 01:00:00+05:30,347.8961512727832,26.7,90.0,2024,8
2024-08-22 01:15:00+05:30,342.8402322534655,26.7,91.0,2024,8
2024-08-22 01:30:00+05:30,336.7530059544375,26.7,91.0,2024,8
2024-08-22 01:45:00+05:30,331.1554031462274,26.6,91.0,2024,8
2024-08-22 02:00:00+05:30,327.61124793335983,26.6,91.0,2024,8
2024-08-22 02:15:00+05:30,325.9752705422922,26.5,91.0,2024,8
2024-08-22 02:30:00+05:30,321.1191145317453,26.4,91.0,2024,8
2024-08-22 02:45:00+05:30,316.4044233250679,26.4,91.0,2024,8
2024-08-22 03:00:00+05:30,309.3617742707567,26.3,91.0,2024,8
2024-08-22 03:15:00+05:30,306.73264714603465,26.4,92.0,2024,8
2024-08-22 03:30:00+05:30,307.37753352161866,26.4,92.0,2024,8
2024-08-22 03:45:00+05:30,307.20870225796045,26.3,92.0,2024,8
2024-08-22 04:00:00+05:30,306.83533189952567,26.2,92.0,2024,8
2024-08-22 04:15:00+05:30,306.108285007085,26.2,92.0,2024,8
2024-08-22 04:30:00+05:30,307.3126898303409,26.1,92.0,2024,8
2024-08-22 04:45:00+05:30,308.244484370949,26.1,92.0,2024,8
2024-08-22 05:00:00+05:30,307.1214306567421,26.2,92.0,2024,8
2024-08-22 05:15:00+05:30,308.3065036318948,26.2,92.0,2024,8
2024-08-22 05:30:00+05:30,311.9991609169388,26.2,92.0,2024,8
2024-08-22 05:45:00+05:30,317.09163618595653,26.2,92.0,2024,8
2024-08-22 06:00:00+05:30,326.8170307725972,26.2,92.0,2024,8
2024-08-22 06:15:00+05:30,335.2267904720827,26.2,92.0,2024,8
2024-08-22 06:30:00+05:30,344.0039546662839,26.2,92.0,2024,8
2024-08-22 06:45:00+05:30,353.7159589591662,26.2,92.0,2024,8
2024-08-22 07:00:00+05:30,367.4602407376229,26.4,91.0,2024,8
2024-08-22 07:15:00+05:30,385.8064991192776,26.8,91.0,2024,8
2024-08-22 07:30:00+05:30,404.7746065326506,27.0,90.0,2024,8
2024-08-22 07:45:00+05:30,423.5000838749384,27.2,89.0,2024,8
2024-08-22 08:00:00+05:30,448.526966199108,27.4,88.0,2024,8
2024-08-22 08:15:00+05:30,470.4406827948147,27.5,87.0,2024,8
2024-08-22 08:30:00+05:30,489.7173939349766,27.7,86.0,2024,8
2024-08-22 08:45:00+05:30,504.13693472261934,28.0,85.0,2024,8
2024-08-22 09:00:00+05:30,516.8410353915673,28.2,84.0,2024,8
2024-08-22 09:15:00+05:30,528.1580424688027,28.4,84.0,2024,8
2024-08-22 09:30:00+05:30,541.6025736641858,28.7,83.0,2024,8
2024-08-22 09:45:00+05:30,550.8664547863334,28.9,83.0,2024,8
2024-08-22 10:00:00+05:30,553.4102104068671,29.1,82.0,2024,8
2024-08-22 10:15:00+05:30,559.3800549959848,29.3,81.0,2024,8
2024-08-22 10:30:00+05:30,563.9483551881158,29.5,80.0,2024,8
2024-08-22 10:45:00+05:30,571.4905352858231,29.7,80.0,2024,8
2024-08-22 11:00:00+05:30,573.5794462967106,29.9,79.0,2024,8
2024-08-22 11:15:00+05:30,573.8546668763889,30.1,79.0,2024,8
2024-08-22 11:30:00+05:30,574.1352865770459,30.3,78.0,2024,8
2024-08-22 11:45:00+05:30,571.4931623060213,30.4,78.0,2024,8
2024-08-22 12:00:00+05:30,568.5024078977489,30.6,77.0,2024,8
2024-08-22 12:15:00+05:30,563.0251922617965,30.9,76.0,2024,8
2024-08-22 12:30:00+05:30,562.9538911092934,31.0,75.0,2024,8
2024-08-22 12:45:00+05:30,558.9341723793838,31.2,75.0,2024,8
2024-08-22 13:00:00+05:30,558.0375222491946,31.2,74.0,2024,8
2024-08-22 13:15:00+05:30,553.9209613611478,31.1,75.0,2024,8
2024-08-22 13:30:00+05:30,551.1497583162604,31.1,75.0,2024,8
2024-08-22 13:45:00+05:30,548.9078354335414,31.1,75.0,2024,8
2024-08-22 14:00:00+05:30,552.9272639375016,31.1,75.0,2024,8
2024-08-22 14:15:00+05:30,560.1778087712665,31.2,74.0,2024,8
2024-08-22 14:30:00+05:30,563.1179536921543,31.1,74.0,2024,8
2024-08-22 14:45:00+05:30,560.8544601913766,31.1,74.0,2024,8
2024-08-22 15:00:00+05:30,562.7544886435518,31.0,74.0,2024,8
2024-08-22 15:15:00+05:30,562.652646275771,30.8,74.0,2024,8
2024-08-22 15:30:00+05:30,561.9688301243364,30.7,74.0,2024,8
2024-08-22 15:45:00+05:30,561.2573094826835,30.6,74.0,2024,8
2024-08-22 16:00:00+05:30,560.5525531888006,30.6,75.0,2024,8
2024-08-22 16:15:00+05:30,556.2085446244047,30.4,75.0,2024,8
2024-08-22 16:30:00+05:30,554.3903044663382,30.3,75.0,2024,8
2024-08-22 16:45:00+05:30,553.7864171209607,30.2,75.0,2024,8
2024-08-22 17:00:00+05:30,546.9531391691639,30.1,75.0,2024,8
2024-08-22 17:15:00+05:30,540.0917765317286,30.3,75.0,2024,8
2024-08-22 17:30:00+05:30,529.7333324948193,30.1,76.0,2024,8
2024-08-22 17:45:00+05:30,520.0165005827832,29.9,76.0,2024,8
2024-08-22 18:00:00+05:30,507.0217835614805,29.8,77.0,2024,8
2024-08-22 18:15:00+05:30,501.2989113858925,29.6,77.0,2024,8
2024-08-22 18:30:00+05:30,497.08688840008136,29.4,78.0,2024,8
2024-08-22 18:45:00+05:30,492.9039917351884,29.3,78.0,2024,8
2024-08-22 19:00:00+05:30,485.58141147535406,29.2,81.0,2024,8
2024-08-22 19:15:00+05:30,477.9101804227505,29.1,81.0,2024,8
2024-08-22 19:30:00+05:30,469.3063629281613,29.0,82.0,2024,8
2024-08-22 19:45:00+05:30,461.8722710125374,28.8,82.0,2024,8
2024-08-22 20:00:00+05:30,453.13089312782137,28.6,83.0,2024,8
2024-08-22 20:15:00+05:30,447.0298153743756,28.5,83.0,2024,8
2024-08-22 20:30:00+05:30,442.446150487151,28.4,84.0,2024,8
2024-08-22 20:45:00+05:30,436.975061229602,28.4,84.0,2024,8
2024-08-22 21:00:00+05:30,430.25103707610856,28.3,85.0,2024,8
2024-08-22 21:15:00+05:30,427.52381228517015,28.3,85.0,2024,8
2024-08-22 21:30:00+05:30,423.22821537573526,28.2,86.0,2024,8
2024-08-22 21:45:00+05:30,418.6888424391672,28.1,86.0,2024,8
2024-08-22 22:00:00+05:30,411.9052455489333,28.0,87.0,2024,8
2024-08-22 22:15:00+05:30,408.9491340640959,28.0,87.0,2024,8
2024-08-22 22:30:00+05:30,408.31696652257335,27.9,88.0,2024,8
2024-08-22 22:45:00+05:30,403.98763181886216,27.8,88.0,2024,8
2024-08-22 23:00:00+05:30,401.69787425234887,27.7,89.0,2024,8
2024-08-22 23:15:00+05:30,395.43274218155074,27.7,89.0,2024,8
2024-08-22 23:30:00+05:30,389.3289794087943,27.6,90.0,2024,8
2024-08-22 23:45:00+05:30,382.98194480365913,27.6,90.0,2024,8
2024-08-23 00:00:00+05:30,376.22406025891,29.7,86.0,2024,8
2024-08-23 00:15:00+05:30,368.4875697134469,29.6,86.0,2024,8
2024-08-23 00:30:00+05:30,361.92368460029314,29.6,86.4,2024,8
2024-08-23 00:45:00+05:30,355.59724576275585,29.6,86.4,2024,8
2024-08-23 01:00:00+05:30,350.1115131530749,29.5,86.8,2024,8
2024-08-23 01:15:00+05:30,345.69661706579024,29.4,87.6,2024,8
2024-08-23 01:30:00+05:30,340.8808306241881,29.3,87.5,2024,8
2024-08-23 01:45:00+05:30,334.345799016832,29.2,87.9,2024,8
2024-08-23 02:00:00+05:30,330.0231307756357,29.1,88.4,2024,8
2024-08-23 02:15:00+05:30,326.3385471457415,29.0,88.5,2024,8
2024-08-23 02:30:00+05:30,323.9624142652992,28.8,88.9,2024,8
2024-08-23 02:45:00+05:30,319.7057563561672,28.8,89.1,2024,8
2024-08-23 03:00:00+05:30,316.9683502313628,28.7,88.8,2024,8
2024-08-23 03:15:00+05:30,315.0011267912711,28.7,87.9,2024,8
2024-08-23 03:30:00+05:30,313.4398222980932,28.7,87.3,2024,8
2024-08-23 03:45:00+05:30,310.0423076631096,28.6,87.5,2024,8
2024-08-23 04:00:00+05:30,309.3357574354806,28.6,87.3,2024,8
2024-08-23 04:15:00+05:30,308.48459644975145,28.6,87.1,2024,8
2024-08-23 04:30:00+05:30,309.0449165708963,28.6,87.6,2024,8
2024-08-23 04:45:00+05:30,310.04676532520824,28.6,87.4,2024,8
2024-08-23 05:00:00+05:30,310.1377905336539,28.6,87.3,2024,8
2024-08-23 05:15:00+05:30,311.69510302281964,28.6,87.2,2024,8
2024-08-23 05:30:00+05:30,314.69061520819787,28.6,87.3,2024,8
2024-08-23 05:45:00+05:30,317.5143489200433,28.6,86.9,2024,8
2024-08-23 06:00:00+05:30,325.7087292864794,28.6,86.2,2024,8
2024-08-23 06:15:00+05:30,336.8660816694381,28.6,85.5,2024,8
2024-08-23 06:30:00+05:30,345.29327739536285,28.6,84.9,2024,8
2024-08-23 06:45:00+05:30,353.14074681326434,28.6,84.7,2024,8
2024-08-23 07:00:00+05:30,369.65514651287776,28.7,84.6,2024,8
2024-08-23 07:15:00+05:30,386.7266396294732,28.8,84.3,2024,8
2024-08-23 07:30:00+05:30,401.1011904625983,29.0,84.1,2024,8
2024-08-23 07:45:00+05:30,419.40207391312265,29.3,82.8,2024,8
2024-08-23 08:00:00+05:30,439.9328705308566,29.5,82.4,2024,8
2024-08-23 08:15:00+05:30,462.9793174352661,29.5,82.3,2024,8
2024-08-23 08:30:00+05:30,481.1779966317724,29.7,81.8,2024,8
2024-08-23 08:45:00+05:30,495.5140090986093,29.9,81.2,2024,8
2024-08-23 09:00:00+05:30,511.4353751729821,30.1,80.9,2024,8
2024-08-23 09:15:00+05:30,525.2667230666905,30.4,79.7,2024,8
2024-08-23 09:30:00+05:30,534.0872596139313,30.6,78.8,2024,8
2024-08-23 09:45:00+05:30,541.4811641124637,30.6,79.2,2024,8
2024-08-23 10:00:00+05:30,548.6571106023503,31.0,77.8,2024,8
2024-08-23 10:15:00+05:30,552.3074660711557,31.1,77.1,2024,8
2024-08-23 10:30:00+05:30,559.7166509769213,31.3,76.9,2024,8
2024-08-23 10:45:00+05:30,561.636256171871,31.1,77.2,2024,8
2024-08-23 11:00:00+05:30,563.1774272179686,31.2,77.0,2024,8
2024-08-23 11:15:00+05:30,566.7358365866477,30.9,78.4,2024,8
2024-08-23 11:30:00+05:30,559.0517709417854,30.6,79.3,2024,8
2024-08-23 11:45:00+05:30,556.6876485359065,31.3,78.0,2024,8
2024-08-23 12:00:00+05:30,556.1809126373547,31.5,76.8,2024,8
2024-08-23 12:15:00+05:30,555.4772445609806,31.4,77.8,2024,8
2024-08-23 12:30:00+05:30,552.3297887429924,31.8,75.9,2024,8
2024-08-23 12:45:00+05:30,553.9559385198793,32.3,73.7,2024,8
2024-08-23 13:00:00+05:30,553.2312292108144,32.1,73.9,2024,8
2024-08-23 13:15:00+05:30,550.0831741083944,32.3,73.8,2024,8
2024-08-23 13:30:00+05:30,551.1810462521083,32.5,73.9,2024,8
2024-08-23 13:45:00+05:30,552.9376508798632,32.2,73.9,2024,8
2024-08-23 14:00:00+05:30,553.4058859802697,32.0,75.0,2024,8
2024-08-23 14:15:00+05:30,554.9356042453611,31.7,76.0,2024,8
2024-08-23 14:30:00+05:30,559.6417758681467,31.6,77.0,2024,8
2024-08-23 14:45:00+05:30,558.2662541170529,32.0,75.5,2024,8
2024-08-23 15:00:00+05:30,555.2956340813475,31.9,75.9,2024,8
2024-08-23 15:15:00+05:30,554.3061036715558,31.9,76.5,2024,8
2024-08-23 15:30:00+05:30,550.8112423983214,31.9,76.0,2024,8
2024-08-23 15:45:00+05:30,549.684633180685,31.3,77.9,2024,8
2024-08-23 16:00:00+05:30,545.1420523542492,31.2,78.2,2024,8
2024-08-23 16:15:00+05:30,539.7604531387116,30.9,78.9,2024,8
2024-08-23 16:30:00+05:30,537.3731392812379,30.2,81.6,2024,8
2024-08-23 16:45:00+05:30,531.900789758396,30.2,81.7,2024,8
2024-08-23 17:00:00+05:30,530.224106444911,30.1,82.3,2024,8
2024-08-23 17:15:00+05:30,525.0293419814915,29.9,83.6,2024,8
2024-08-23 17:30:00+05:30,518.1712538706372,29.8,85.1,2024,8
2024-08-23 17:45:00+05:30,512.5618323801572,29.8,85.3,2024,8
2024-08-23 18:00:00+05:30,503.35591164596224,29.6,85.2,2024,8
2024-08-23 18:15:00+05:30,497.6161959992813,29.5,86.0,2024,8
2024-08-23 18:30:00+05:30,488.1348892702711,29.2,85.9,2024,8
2024-08-23 18:45:00+05:30,480.5966813753869,28.9,86.8,2024,8
2024-08-23 19:00:00+05:30,472.6858455046611,28.6,88.9,2024,8
2024-08-23 19:15:00+05:30,465.5081033126318,28.5,89.8,2024,8
2024-08-23 19:30:00+05:30,457.33157269523286,28.4,89.6,2024,8
2024-08-23 19:45:00+05:30,448.98573557854354,28.4,89.6,2024,8
2024-08-23 20:00:00+05:30,440.857228939608,28.4,89.2,2024,8
2024-08-23 20:15:00+05:30,436.1748622020561,28.4,88.7,2024,8
2024-08-23 20:30:00+05:30,426.6108736144657,28.4,88.1,2024,8
2024-08-23 20:45:00+05:30,424.28812049250655,28.4,88.0,2024,8
2024-08-23 21:00:00+05:30,419.2298690665563,28.4,88.0,2024,8
2024-08-23 21:15:00+05:30,413.35727027557016,28.3,88.1,2024,8
2024-08-23 21:30:00+05:30,405.5669158717748,28.3,88.1,2024,8
2024-08-23 21:45:00+05:30,399.353586396332,28.3,87.8,2024,8
2024-08-23 22:00:00+05:30,394.4465302423048,28.4,88.4,2024,8
2024-08-23 22:15:00+05:30,387.1643667832769,28.3,88.8,2024,8
2024-08-23 22:30:00+05:30,383.55005667809513,28.3,88.6,2024,8
2024-08-23 22:45:00+05:30,381.95520589946585,28.2,88.4,2024,8
2024-08-23 23:00:00+05:30,381.8600094462405,28.3,88.5,2024,8
2024-08-23 23:15:00+05:30,373.46622269859625,28.2,88.6,2024,8
2024-08-23 23:30:00+05:30,366.51117991509926,28.2,88.6,2024,8
2024-08-23 23:45:00+05:30,362.5941200134032,28.2,88.6,2024,8
2024-08-24 00:00:00+05:30,357.35327948835896,28.1,89.69999999999999,2024,8
2024-08-24 00:15:00+05:30,356.1499796157997,28.15,90.275,2024,8
2024-08-24 00:30:00+05:30,348.5809725488494,28.075,90.9,2024,8
2024-08-24 00:45:00+05:30,342.94036902778043,28.075,91.32500000000002,2024,8
2024-08-24 01:00:00+05:30,337.6954763707503,28.025,91.175,2024,8
2024-08-24 01:15:00+05:30,331.69974886492986,28.05,91.325,2024,8
2024-08-24 01:30:00+05:30,326.42114275860166,28.075,91.5,2024,8
2024-08-24 01:45:00+05:30,323.0322444621148,28.075000000000003,91.8,2024,8
2024-08-24 02:00:00+05:30,319.3336776827305,28.025,92.175,2024,8
2024-08-24 02:15:00+05:30,316.2491986970474,27.975,92.2,2024,8
2024-08-24 02:30:00+05:30,313.27160535475366,27.975,92.025,2024,8
2024-08-24 02:45:00+05:30,310.5306649481344,27.975,92.075,2024,8
2024-08-24 03:00:00+05:30,308.6654987722204,28.000000000000004,92.2,2024,8
2024-08-24 03:15:00+05:30,307.4826362824474,28.0,91.85,2024,8
2024-08-24 03:30:00+05:30,304.73611691552304,28.025,91.6,2024,8
2024-08-24 03:45:00+05:30,302.190450401659,27.975,92.275,2024,8
2024-08-24 04:00:00+05:30,300.8392332040589,28.0,92.5,2024,8
2024-08-24 04:15:00+05:30,299.0097158619099,28.0,93.025,2024,8
2024-08-24 04:30:00+05:30,300.7335609044666,27.95,93.125,2024,8
2024-08-24 04:45:00+05:30,300.27426462692034,27.9,93.35,2024,8
2024-08-24 05:00:00+05:30,299.93549327667546,27.75,93.8,2024,8
2024-08-24 05:15:00+05:30,300.6573281208615,27.675,94.4,2024,8
2024-08-24 05:30:00+05:30,302.49508999620144,27.675,94.9,2024,8
2024-08-24 05:45:00+05:30,304.23257159960013,27.575000000000003,95.07500000000002,2024,8
2024-08-24 06:00:00+05:30,307.0554626841481,27.1,95.875,2024,8
2024-08-24 06:15:00+05:30,309.6028342363253,26.9,96.29999999999998,2024,8
2024-08-24 06:30:00+05:30,314.05876472131644,26.85,96.5,2024,8
2024-08-24 06:45:00+05:30,316.3965270457569,26.875,96.725,2024,8
2024-08-24 07:00:00+05:30,322.285672854053,26.925000000000004,96.75,2024,8
2024-08-24 07:15:00+05:30,331.23371234243643,27.0,96.65,2024,8
2024-08-24 07:30:00+05:30,339.964266523901,27.075000000000003,96.4,2024,8
2024-08-24 07:45:00+05:30,350.92364013853177,27.075000000000003,96.2,2024,8
2024-08-24 08:00:00+05:30,362.93592421752055,27.2,96.325,2024,8
2024-08-24 08:15:00+05:30,376.6181140256321,27.25,96.075,2024,8
2024-08-24 08:30:00+05:30,389.1632882830141,27.225,95.95,2024,8
2024-08-24 08:45:00+05:30,400.7667003797868,27.25,95.775,2024,8
2024-08-24 09:00:00+05:30,412.4373873675424,27.125,95.55,2024,8
2024-08-24 09:15:00+05:30,422.2212354218348,27.35,95.2,2024,8
2024-08-24 09:30:00+05:30,432.2153805868488,27.65,94.45,2024,8
2024-08-24 09:45:00+05:30,443.2630053329222,27.775,93.675,2024,8
2024-08-24 10:00:00+05:30,449.6590202080556,27.85,93.425,2024,8
2024-08-24 10:15:00+05:30,456.7743244145401,27.8,93.4,2024,8
2024-08-24 10:30:00+05:30,463.1620877154311,28.0,93.025,2024,8
2024-08-24 10:45:00+05:30,468.0834539804953,28.175,92.35,2024,8
2024-08-24 11:00:00+05:30,466.46677090051617,28.05,91.55,2024,8
2024-08-24 11:15:00+05:30,465.7802979891815,27.5,92.275,2024,8
2024-08-24 11:30:00+05:30,463.6415655855414,27.050000000000004,93.3,2024,8
2024-08-24 11:45:00+05:30,457.1326503861594,26.575000000000003,95.25,2024,8
2024-08-24 12:00:00+05:30,457.61382924312943,26.375,95.8,2024,8
2024-08-24 12:15:00+05:30,456.2776326230871,26.375,95.9,2024,8
2024-08-24 12:30:00+05:30,450.3493630898963,26.375,96.025,2024,8
2024-08-24 12:45:00+05:30,446.4953127956224,26.45,96.0,2024,8
2024-08-24 13:00:00+05:30,437.2776503326764,26.15,96.0,2024,8
2024-08-24 13:15:00+05:30,432.7418521345057,26.35,95.1,2024,8
2024-08-24 13:30:00+05:30,432.2085103098155,26.575,93.625,2024,8
2024-08-24 13:45:00+05:30,429.652970836282,26.75,94.175,2024,8
2024-08-24 14:00:00+05:30,429.9626829425091,27.1,93.625,2024,8
2024-08-24 14:15:00+05:30,432.3218515993945,27.25,93.925,2024,8
2024-08-24 14:30:00+05:30,430.0626203439811,27.275,93.975,2024,8
2024-08-24 14:45:00+05:30,427.5274392550797,27.05,92.25,2024,8
2024-08-24 15:00:00+05:30,423.9061415846797,26.825,92.45,2024,8
2024-08-24 15:15:00+05:30,420.8774528485915,26.6,92.6,2024,8
2024-08-24 15:30:00+05:30,418.2322652593295,26.325000000000003,93.825,2024,8
2024-08-24 15:45:00+05:30,415.8670428964843,26.15,95.35,2024,8
2024-08-24 16:00:00+05:30,417.1537965503682,26.6,94.625,2024,8
2024-08-24 16:15:00+05:30,413.2555887513539,26.525,95.125,2024,8
2024-08-24 16:30:00+05:30,409.85505435497873,26.6,94.875,2024,8
2024-08-24 16:45:00+05:30,406.6695110525571,26.825,94.625,2024,8
2024-08-24 17:00:00+05:30,404.8003527213125,26.575,94.67499999999998,2024,8
2024-08-24 17:15:00+05:30,403.2832090970063,26.15,96.325,2024,8
2024-08-24 17:30:00+05:30,402.3488077269535,26.35,96.35,2024,8
2024-08-24 17:45:00+05:30,402.0929053357647,26.500000000000004,96.15,2024,8
2024-08-24 18:00:00+05:30,401.25007387766647,25.8,97.125,2024,8
2024-08-24 18:15:00+05:30,403.3871902268151,25.825000000000003,97.725,2024,8
2024-08-24 18:30:00+05:30,404.0451727798529,26.1,97.425,2024,8
2024-08-24 18:45:00+05:30,399.2894422219748,26.15,97.125,2024,8
2024-08-24 19:00:00+05:30,403.3535537741297,26.425,97.0,2024,8
2024-08-24 19:15:00+05:30,397.8600523832073,26.425,96.67499999999998,2024,8
2024-08-24 19:30:00+05:30,391.5663753486914,26.5,96.35,2024,8
2024-08-24 19:45:00+05:30,390.9256927113882,26.625,96.15,2024,8
2024-08-24 20:00:00+05:30,386.2215922938392,26.675,95.975,2024,8
2024-08-24 20:15:00+05:30,383.7352038890372,26.700000000000003,95.9,2024,8
2024-08-24 20:30:00+05:30,382.8527771707101,26.75,95.55,2024,8
2024-08-24 20:45:00+05:30,381.20434321272114,26.875,95.8,2024,8
2024-08-24 21:00:00+05:30,381.134505842208,27.1,95.85,2024,8
2024-08-24 21:15:00+05:30,376.0223354341828,26.9,94.775,2024,8
2024-08-24 21:30:00+05:30,375.3214085264394,26.9,94.175,2024,8
2024-08-24 21:45:00+05:30,367.8070597378127,26.375,95.325,2024,8
2024-08-24 22:00:00+05:30,361.3080195736258,26.25,95.42499999999998,2024,8
2024-08-24 22:15:00+05:30,353.32087157715904,25.675,95.29999999999998,2024,8
2024-08-24 22:30:00+05:30,352.07338584341164,25.475,95.825,2024,8
2024-08-24 22:45:00+05:30,346.22819628481085,25.675000000000004,96.1,2024,8
2024-08-24 23:00:00+05:30,345.0358841808358,25.975,96.2,2024,8
2024-08-24 23:15:00+05:30,343.48775864756897,26.325000000000003,95.675,2024,8
2024-08-24 23:30:00+05:30,341.1977990871186,26.575000000000003,95.575,2024,8
2024-08-24 23:45:00+05:30,337.4094574641788,26.75,95.175,2024,8
2024-08-25 00:00:00+05:30,334.47623498091014,26.8,95.0,2024,8
2024-08-25 00:15:00+05:30,331.89493866664696,26.9,94.7,2024,8
2024-08-25 00:30:00+05:30,326.7997111866929,26.9,94.7,2024,8
2024-08-25 00:45:00+05:30,322.1469700545559,27.0,94.6,2024,8
2024-08-25 01:00:00+05:30,316.681413649875,27.1,94.0,2024,8
2024-08-25 01:15:00+05:30,312.8982007121902,27.1,93.4,2024,8
2024-08-25 01:30:00+05:30,308.4490433953881,27.1,92.7,2024,8
2024-08-25 01:45:00+05:30,304.54148281823205,27.2,93.2,2024,8
2024-08-25 02:00:00+05:30,300.8548307602357,27.1,93.6,2024,8
2024-08-25 02:15:00+05:30,297.3009336699415,27.0,94.2,2024,8
2024-08-25 02:30:00+05:30,294.6298459864991,27.0,93.7,2024,8
2024-08-25 02:45:00+05:30,292.8470787403671,27.1,93.6,2024,8
2024-08-25 03:00:00+05:30,290.5709267535628,27.1,92.5,2024,8
2024-08-25 03:15:00+05:30,287.758833217071,27.1,92.7,2024,8
2024-08-25 03:30:00+05:30,284.9349259402932,27.0,93.2,2024,8
2024-08-25 03:45:00+05:30,284.98124104690964,27.1,93.8,2024,8
2024-08-25 04:00:00+05:30,285.3140521662807,27.2,93.6,2024,8
2024-08-25 04:15:00+05:30,284.1863916239516,27.2,92.9,2024,8
2024-08-25 04:30:00+05:30,283.9358772352965,27.3,92.8,2024,8
2024-08-25 04:45:00+05:30,282.3736876302082,26.7,94.3,2024,8
2024-08-25 05:00:00+05:30,281.47767389705393,26.6,94.7,2024,8
2024-08-25 05:15:00+05:30,282.05897677161965,26.6,95.2,2024,8
2024-08-25 05:30:00+05:30,283.3353353605979,26.5,95.1,2024,8
2024-08-25 05:45:00+05:30,284.2843316958435,26.6,95.4,2024,8
2024-08-25 06:00:00+05:30,287.84399187527947,26.8,95.2,2024,8
2024-08-25 06:15:00+05:30,289.3795897836381,26.9,95.3,2024,8
2024-08-25 06:30:00+05:30,290.11012712716285,26.9,95.2,2024,8
2024-08-25 06:45:00+05:30,289.8961875590643,27.0,94.8,2024,8
2024-08-25 07:00:00+05:30,294.2800160558778,26.6,95.3,2024,8
2024-08-25 07:15:00+05:30,294.60843510947325,26.5,95.0,2024,8
2024-08-25 07:30:00+05:30,299.6766056049984,26.8,95.0,2024,8
2024-08-25 07:45:00+05:30,304.7097857265227,26.8,94.9,2024,8
2024-08-25 08:00:00+05:30,308.74071814585653,26.9,94.4,2024,8
2024-08-25 08:15:00+05:30,314.44111156006625,26.5,95.0,2024,8
2024-08-25 08:30:00+05:30,325.83913534057217,26.4,94.6,2024,8
2024-08-25 08:45:00+05:30,332.0526156816093,26.8,94.7,2024,8
2024-08-25 09:00:00+05:30,337.793100547582,27.2,94.7,2024,8
2024-08-25 09:15:00+05:30,344.13089185649045,27.7,94.5,2024,8
2024-08-25 09:30:00+05:30,351.4787423801313,27.8,94.4,2024,8
2024-08-25 09:45:00+05:30,355.7882465706638,27.4,94.4,2024,8
2024-08-25 10:00:00+05:30,359.3941450315499,26.9,94.0,2024,8
2024-08-25 10:15:00+05:30,364.8559104801556,27.1,94.0,2024,8
2024-08-25 10:30:00+05:30,371.90263030692137,27.6,93.5,2024,8
2024-08-25 10:45:00+05:30,371.2327306880709,28.1,93.0,2024,8
2024-08-25 11:00:00+05:30,377.86559279936847,28.5,92.0,2024,8
2024-08-25 11:15:00+05:30,379.60522921644775,28.8,91.3,2024,8
2024-08-25 11:30:00+05:30,379.9702811957856,27.9,92.2,2024,8
2024-08-25 11:45:00+05:30,379.5691199349064,27.7,94.7,2024,8
2024-08-25 12:00:00+05:30,375.5475769431547,27.9,94.3,2024,8
2024-08-25 12:15:00+05:30,374.6584725591807,28.3,92.1,2024,8
2024-08-25 12:30:00+05:30,375.4499432009925,28.5,90.2,2024,8
2024-08-25 12:45:00+05:30,375.4061431692795,28.7,88.9,2024,8
2024-08-25 13:00:00+05:30,370.5248864196144,28.7,88.2,2024,8
2024-08-25 13:15:00+05:30,369.30530581859415,28.8,87.85,2024,8
2024-08-25 13:30:00+05:30,366.5424062175084,28.6,87.5,2024,8
2024-08-25 13:45:00+05:30,365.8529095708634,28.8,88.3,2024,8
2024-08-25 14:00:00+05:30,365.10045191006975,28.4,89.3,2024,8
2024-08-25 14:15:00+05:30,366.3824719889612,28.5,89.2,2024,8
2024-08-25 14:30:00+05:30,366.769166209947,28.4,89.8,2024,8
2024-08-25 14:45:00+05:30,359.3966192152528,27.7,91.1,2024,8
2024-08-25 15:00:00+05:30,356.4737564631474,27.4,92.2,2024,8
2024-08-25 15:15:00+05:30,357.63652099995585,27.6,92.6,2024,8
2024-08-25 15:30:00+05:30,354.15344021452137,27.2,93.7,2024,8
2024-08-25 15:45:00+05:30,355.391260150085,26.5,94.8,2024,8
2024-08-25 16:00:00+05:30,351.48880164164945,26.7,95.5,2024,8
2024-08-25 16:15:00+05:30,349.57224717191167,26.8,95.4,2024,8
2024-08-25 16:30:00+05:30,350.18623114743787,26.6,95.4,2024,8
2024-08-25 16:45:00+05:30,348.793911040996,26.6,96.0,2024,8
2024-08-25 17:00:00+05:30,350.38922564011085,27.1,95.9,2024,8
2024-08-25 17:15:00+05:30,350.2121115100917,27.4,95.1,2024,8
2024-08-25 17:30:00+05:30,349.4552354136372,27.6,93.4,2024,8
2024-08-25 17:45:00+05:30,348.00751760675735,27.7,92.5,2024,8
2024-08-25 18:00:00+05:30,351.10756005256223,27.8,92.5,2024,8
2024-08-25 18:15:00+05:30,353.13844594388115,27.8,91.9,2024,8
2024-08-25 18:30:00+05:30,356.9537239694711,27.8,91.6,2024,8
2024-08-25 18:45:00+05:30,358.1324954583869,27.9,91.2,2024,8
2024-08-25 19:00:00+05:30,360.466551781461,27.9,90.5,2024,8
2024-08-25 19:15:00+05:30,360.9356181090319,27.9,90.4,2024,8
2024-08-25 19:30:00+05:30,362.7008090302331,27.9,90.8,2024,8
2024-08-25 19:45:00+05:30,359.0059929455436,28.0,90.3,2024,8
2024-08-25 20:00:00+05:30,360.3213655420079,28.0,90.5,2024,8
2024-08-25 20:15:00+05:30,360.9117100076563,28.0,90.9,2024,8
2024-08-25 20:30:00+05:30,356.2616610766658,28.0,91.0,2024,8
2024-08-25 20:45:00+05:30,355.50176182270656,27.7,92.9,2024,8
2024-08-25 21:00:00+05:30,355.9293620901564,27.7,92.9,2024,8
2024-08-25 21:15:00+05:30,357.44335150657,27.8,92.7,2024,8
2024-08-25 21:30:00+05:30,355.08281620417483,27.8,92.1,2024,8
2024-08-25 21:45:00+05:30,353.15481806493216,27.8,92.2,2024,8
2024-08-25 22:00:00+05:30,347.9406770175046,27.9,92.3,2024,8
2024-08-25 22:15:00+05:30,346.0759169908769,27.9,92.0,2024,8
2024-08-25 22:30:00+05:30,341.074934745295,28.0,91.6,2024,8
2024-08-25 22:45:00+05:30,341.3800725064659,28.0,91.7,2024,8
2024-08-25 23:00:00+05:30,339.1993629898405,28.0,91.8,2024,8
2024-08-25 23:15:00+05:30,336.08918837359624,28.0,91.5,2024,8
2024-08-25 23:30:00+05:30,332.2535634588991,27.9,91.9,2024,8
2024-08-25 23:45:00+05:30,327.4618053696032,28.0,91.6,2024,8
2024-08-26 00:00:00+05:30,322.724638361777,28.0,91.45,2024,8
2024-08-26 00:15:00+05:30,317.5187861126959,28.0,90.5,2024,8
2024-08-26 00:30:00+05:30,315.3381711923473,28.05,90.4,2024,8
2024-08-26 00:45:00+05:30,311.2246020206939,28.0,90.675,2024,8
2024-08-26 01:00:00+05:30,306.00275550486515,27.975,90.75,2024,8
2024-08-26 01:15:00+05:30,301.35380966766616,27.95,90.575,2024,8
2024-08-26 01:30:00+05:30,298.0473776140074,27.975,90.8,2024,8
2024-08-26 01:45:00+05:30,295.0481377112839,27.975,90.2,2024,8
2024-08-26 02:00:00+05:30,291.04251002421705,27.975,89.975,2024,8
2024-08-26 02:15:00+05:30,288.7827359597803,27.975,89.65,2024,8
2024-08-26 02:30:00+05:30,286.23362004078035,27.975,90.05000000000001,2024,8
2024-08-26 02:45:00+05:30,283.2103071904729,27.95,90.275,2024,8
2024-08-26 03:00:00+05:30,281.9601807576998,27.975,90.4,2024,8
2024-08-26 03:15:00+05:30,283.3166705737293,27.925,90.375,2024,8
2024-08-26 03:30:00+05:30,283.5867741056068,27.950000000000003,89.875,2024,8
2024-08-26 03:45:00+05:30,282.62182860471023,27.9,89.4,2024,8
2024-08-26 04:00:00+05:30,282.2562452223326,27.9,89.47500000000001,2024,8
2024-08-26 04:15:00+05:30,282.9645504994204,27.925,89.14999999999999,2024,8
2024-08-26 04:30:00+05:30,285.20646531945647,27.975,89.6,2024,8
2024-08-26 04:45:00+05:30,286.76625575933105,27.95,88.875,2024,8
2024-08-26 05:00:00+05:30,286.6829187089677,27.975,88.72500000000001,2024,8
2024-08-26 05:15:00+05:30,290.95262804568347,28.0,88.35,2024,8
2024-08-26 05:30:00+05:30,296.2435227448053,27.975,88.625,2024,8
2024-08-26 05:45:00+05:30,302.38173312555585,28.025,88.325,2024,8
2024-08-26 06:00:00+05:30,309.0560344502775,28.025,88.52499999999999,2024,8
2024-08-26 06:15:00+05:30,318.9050403528172,28.075,88.025,2024,8
2024-08-26 06:30:00+05:30,329.54211326081696,28.05,87.625,2024,8
2024-08-26 06:45:00+05:30,338.0533258036148,27.975,88.225,2024,8
2024-08-26 07:00:00+05:30,350.9848496235422,28.0,88.725,2024,8
2024-08-26 07:15:00+05:30,367.0332923943804,27.775,90.025,2024,8
2024-08-26 07:30:00+05:30,382.3360332950023,27.825,90.775,2024,8
2024-08-26 07:45:00+05:30,400.50578215275664,27.425,92.375,2024,8
2024-08-26 08:00:00+05:30,421.2703317566657,27.525,91.075,2024,8
2024-08-26 08:15:00+05:30,442.5027716684129,27.725,91.55,2024,8
2024-08-26 08:30:00+05:30,459.3566437721521,27.85,91.375,2024,8
2024-08-26 08:45:00+05:30,472.6499198869936,28.0,91.025,2024,8
2024-08-26 09:00:00+05:30,482.5818700881338,28.05,90.675,2024,8
2024-08-26 09:15:00+05:30,494.3329240459888,28.15,90.125,2024,8
2024-08-26 09:30:00+05:30,503.1412085739696,28.225,89.95,2024,8
2024-08-26 09:45:00+05:30,513.1110838101376,28.45,89.875,2024,8
2024-08-26 10:00:00+05:30,518.8182775289087,28.975,88.10000000000001,2024,8
2024-08-26 10:15:00+05:30,528.6220628310695,29.125000000000004,86.125,2024,8
2024-08-26 10:30:00+05:30,534.8513856365388,28.95,86.57499999999999,2024,8
2024-08-26 10:45:00+05:30,535.4203851017909,29.325,85.925,2024,8
2024-08-26 11:00:00+05:30,536.145438620772,29.4,86.25000000000001,2024,8
2024-08-26 11:15:00+05:30,534.3559332017044,29.45,85.7,2024,8
2024-08-26 11:30:00+05:30,536.0482876200102,29.475,85.35000000000001,2024,8
2024-08-26 11:45:00+05:30,533.7047116342235,29.55,84.7,2024,8
2024-08-26 12:00:00+05:30,534.0936797174476,29.6,84.775,2024,8
2024-08-26 12:15:00+05:30,529.9416649897596,29.6,84.6,2024,8
2024-08-26 12:30:00+05:30,529.9658012725441,29.625,83.80000000000001,2024,8
2024-08-26 12:45:00+05:30,524.7798658051893,29.5,84.30000000000001,2024,8
2024-08-26 13:00:00+05:30,518.3898284818378,29.35,84.67500000000001,2024,8
2024-08-26 13:15:00+05:30,515.5772682980319,29.5,83.375,2024,8
2024-08-26 13:30:00+05:30,515.9617417000852,29.55,84.35000000000001,2024,8
2024-08-26 13:45:00+05:30,518.0772873762081,29.725,84.55000000000001,2024,8
2024-08-26 14:00:00+05:30,522.5233014315933,30.025,82.4,2024,8
2024-08-26 14:15:00+05:30,521.5889749837977,29.950000000000003,81.80000000000001,2024,8
2024-08-26 14:30:00+05:30,521.1035515663793,30.1,81.3,2024,8
2024-08-26 14:45:00+05:30,520.4843479563474,29.950000000000003,81.375,2024,8
2024-08-26 15:00:00+05:30,519.0573490152848,29.9,81.67500000000001,2024,8
2024-08-26 15:15:00+05:30,517.2636293139988,29.725,81.925,2024,8
2024-08-26 15:30:00+05:30,516.1427476211309,29.700000000000003,81.65,2024,8
2024-08-26 15:45:00+05:30,514.0261573614218,29.575000000000003,82.275,2024,8
2024-08-26 16:00:00+05:30,512.7490154852379,29.4,82.52499999999999,2024,8
2024-08-26 16:15:00+05:30,506.34963750833856,29.4,82.0,2024,8
2024-08-26 16:30:00+05:30,502.0593417665683,29.25,81.95,2024,8
2024-08-26 16:45:00+05:30,494.71519994251486,29.275,82.025,2024,8
2024-08-26 17:00:00+05:30,494.5283470672014,29.25,82.3,2024,8
2024-08-26 17:15:00+05:30,489.1411055506039,29.15,82.625,2024,8
2024-08-26 17:30:00+05:30,484.0087604410715,29.075,83.14999999999999,2024,8
2024-08-26 17:45:00+05:30,477.7983212451547,28.825000000000003,83.475,2024,8
2024-08-26 18:00:00+05:30,474.93368289645696,28.675,84.1,2024,8
2024-08-26 18:15:00+05:30,467.06585027061067,28.475,86.05,2024,8
2024-08-26 18:30:00+05:30,460.5175669422838,28.475,86.10000000000001,2024,8
2024-08-26 18:45:00+05:30,456.4407400015908,28.425,86.25,2024,8
2024-08-26 19:00:00+05:30,450.5487051173021,28.4,86.45,2024,8
2024-08-26 19:15:00+05:30,443.04592678106326,28.4,86.425,2024,8
2024-08-26 19:30:00+05:30,434.29105563646897,28.4,86.0,2024,8
2024-08-26 19:45:00+05:30,424.32579350959713,28.4,86.35,2024,8
2024-08-26 20:00:00+05:30,417.6953278877149,28.35,86.6,2024,8
2024-08-26 20:15:00+05:30,414.5786741268525,28.275,87.92500000000001,2024,8
2024-08-26 20:30:00+05:30,409.3323522659948,28.125,88.25,2024,8
2024-08-26 20:45:00+05:30,401.52231645463365,27.875,88.94999999999999,2024,8
2024-08-26 21:00:00+05:30,397.33481543380816,27.975,89.175,2024,8
2024-08-26 21:15:00+05:30,390.7747115508005,28.075,89.275,2024,8
2024-08-26 21:30:00+05:30,385.7767387537482,28.075,89.15,2024,8
2024-08-26 21:45:00+05:30,382.2033716608087,28.1,88.95,2024,8
2024-08-26 22:00:00+05:30,375.9161508494223,27.9,90.525,2024,8
2024-08-26 22:15:00+05:30,371.6466466565264,27.75,91.075,2024,8
2024-08-26 22:30:00+05:30,367.29122642487954,27.6,92.025,2024,8
2024-08-26 22:45:00+05:30,364.4648225899748,27.6,92.475,2024,8
2024-08-26 23:00:00+05:30,360.12335820949875,27.65,92.75,2024,8
2024-08-26 23:15:00+05:30,356.12010828576086,27.8,92.325,2024,8
2024-08-26 23:30:00+05:30,351.88469401584007,27.825000000000003,91.875,2024,8
2024-08-26 23:45:00+05:30,346.53215848824243,27.85,92.025,2024,8
2024-08-27 00:00:00+05:30,340.0,27.7,91.8,2024,8
2024-08-27 00:15:00+05:30,335.0,27.7,92.3,2024,8
2024-08-27 00:30:00+05:30,332.0,27.6,92.9,2024,8
2024-08-27 00:45:00+05:30,330.0,27.6,93.8,2024,8
2024-08-27 01:00:00+05:30,326.0,27.6,93.4,2024,8
2024-08-27 01:15:00+05:30,322.0,27.7,92.7,2024,8
2024-08-27 01:30:00+05:30,322.0,27.6,92.1,2024,8
2024-08-27 01:45:00+05:30,319.0,27.5,92.6,2024,8
2024-08-27 02:00:00+05:30,311.0,27.4,93.0,2024,8
2024-08-27 02:15:00+05:30,307.0,27.4,93.4,2024,8
2024-08-27 02:30:00+05:30,303.0,27.3,93.0,2024,8
2024-08-27 02:45:00+05:30,300.0,27.3,93.3,2024,8
2024-08-27 03:00:00+05:30,297.0,27.1,93.7,2024,8
2024-08-27 03:15:00+05:30,296.0,27.2,94.2,2024,8
2024-08-27 03:30:00+05:30,294.0,27.1,94.6,2024,8
2024-08-27 03:45:00+05:30,294.0,27.2,93.7,2024,8
2024-08-27 04:00:00+05:30,295.0,27.4,93.6,2024,8
2024-08-27 04:15:00+05:30,292.0,27.5,92.8,2024,8
2024-08-27 04:30:00+05:30,296.0,27.6,91.8,2024,8
2024-08-27 04:45:00+05:30,295.0,27.6,91.4,2024,8
2024-08-27 05:00:00+05:30,295.0,27.5,91.6,2024,8
2024-08-27 05:15:00+05:30,297.0,27.6,91.2,2024,8
2024-08-27 05:30:00+05:30,300.0,27.6,90.6,2024,8
2024-08-27 05:45:00+05:30,305.0,27.7,90.6,2024,8
2024-08-27 06:00:00+05:30,311.0,27.8,90.3,2024,8
2024-08-27 06:15:00+05:30,316.0,27.8,90.1,2024,8
2024-08-27 06:30:00+05:30,325.0,27.8,89.0,2024,8
2024-08-27 06:45:00+05:30,333.0,27.8,89.6,2024,8
2024-08-27 07:00:00+05:30,341.0,27.9,89.0,2024,8
2024-08-27 07:15:00+05:30,351.0,28.0,88.6,2024,8
2024-08-27 07:30:00+05:30,369.0,28.0,87.7,2024,8
2024-08-27 07:45:00+05:30,381.0,28.1,88.0,2024,8
2024-08-27 08:00:00+05:30,404.0,28.3,87.4,2024,8
2024-08-27 08:15:00+05:30,422.0,28.4,86.6,2024,8
2024-08-27 08:30:00+05:30,436.0,28.6,85.7,2024,8
2024-08-27 08:45:00+05:30,452.0,28.7,84.9,2024,8
2024-08-27 09:00:00+05:30,459.0,28.8,84.6,2024,8
2024-08-27 09:15:00+05:30,472.0,29.0,83.2,2024,8
2024-08-27 09:30:00+05:30,479.0,29.1,82.8,2024,8
2024-08-27 09:45:00+05:30,488.0,29.4,81.2,2024,8
2024-08-27 10:00:00+05:30,495.0,29.4,81.6,2024,8
2024-08-27 10:15:00+05:30,499.0,29.4,82.5,2024,8
2024-08-27 10:30:00+05:30,503.0,29.6,82.9,2024,8
2024-08-27 10:45:00+05:30,506.0,29.8,81.5,2024,8
2024-08-27 11:00:00+05:30,507.0,29.9,81.5,2024,8
2024-08-27 11:15:00+05:30,511.0,30.0,80.4,2024,8
2024-08-27 11:30:00+05:30,507.0,29.8,81.5,2024,8
2024-08-27 11:45:00+05:30,508.0,29.6,81.4,2024,8
2024-08-27 12:00:00+05:30,499.0,29.4,83.2,2024,8
2024-08-27 12:15:00+05:30,498.0,29.5,83.6,2024,8
2024-08-27 12:30:00+05:30,504.0,29.7,83.3,2024,8
2024-08-27 12:45:00+05:30,511.0,29.1,84.6,2024,8
2024-08-27 13:00:00+05:30,503.0,28.2,87.7,2024,8
2024-08-27 13:15:00+05:30,494.0,27.8,89.2,2024,8
2024-08-27 13:30:00+05:30,490.0,28.2,89.2,2024,8
2024-08-27 13:45:00+05:30,490.0,28.6,88.5,2024,8
2024-08-27 14:00:00+05:30,492.0,28.2,88.6,2024,8
2024-08-27 14:15:00+05:30,488.0,27.5,90.1,2024,8
2024-08-27 14:30:00+05:30,483.0,27.2,89.9,2024,8
2024-08-27 14:45:00+05:30,478.0,27.6,90.0,2024,8
2024-08-27 15:00:00+05:30,478.0,28.3,89.9,2024,8
2024-08-27 15:15:00+05:30,482.0,29.725,81.925,2024,8
2024-08-27 15:30:00+05:30,484.0,29.700000000000003,81.65,2024,8
2024-08-27 15:45:00+05:30,479.0,29.575000000000003,82.275,2024,8
2024-08-27 16:00:00+05:30,478.0,29.4,82.52499999999999,2024,8
2024-08-27 16:15:00+05:30,470.0,29.4,82.0,2024,8
2024-08-27 16:30:00+05:30,467.0,29.25,81.95,2024,8
2024-08-27 16:45:00+05:30,462.0,29.275,82.025,2024,8
2024-08-27 17:00:00+05:30,462.0,29.25,82.3,2024,8
2024-08-27 17:15:00+05:30,453.0,29.15,82.625,2024,8
2024-08-27 17:30:00+05:30,448.0,29.075,83.14999999999999,2024,8
2024-08-27 17:45:00+05:30,446.0,28.825000000000003,83.475,2024,8
2024-08-27 18:00:00+05:30,442.0,28.675,84.1,2024,8
2024-08-27 18:15:00+05:30,437.0,28.475,86.05,2024,8
2024-08-27 18:30:00+05:30,438.0,28.475,86.10000000000001,2024,8
2024-08-27 18:45:00+05:30,434.0,28.425,86.25,2024,8
2024-08-27 19:00:00+05:30,432.0,28.4,86.45,2024,8
2024-08-27 19:15:00+05:30,427.0,28.4,86.425,2024,8
2024-08-27 19:30:00+05:30,425.0,28.4,86.0,2024,8
2024-08-27 19:45:00+05:30,419.0,28.4,86.35,2024,8
2024-08-27 20:00:00+05:30,412.0,28.35,86.6,2024,8
2024-08-27 20:15:00+05:30,404.0,28.275,87.92500000000001,2024,8
2024-08-27 20:30:00+05:30,399.0,28.125,88.25,2024,8
2024-08-27 20:45:00+05:30,393.0,27.875,88.94999999999999,2024,8
2024-08-27 21:00:00+05:30,390.0,27.975,89.175,2024,8
2024-08-27 21:15:00+05:30,385.0,28.075,89.275,2024,8
2024-08-27 21:30:00+05:30,380.0,28.075,89.15,2024,8
2024-08-27 21:45:00+05:30,373.0,28.1,88.95,2024,8
2024-08-27 22:00:00+05:30,369.0,27.9,90.525,2024,8
2024-08-27 22:15:00+05:30,365.0,27.75,91.075,2024,8
2024-08-27 22:30:00+05:30,364.0,27.6,92.025,2024,8
2024-08-27 22:45:00+05:30,360.0,27.6,92.475,2024,8
2024-08-27 23:00:00+05:30,354.0,27.65,92.75,2024,8
2024-08-27 23:15:00+05:30,351.0,27.8,92.325,2024,8
2024-08-27 23:30:00+05:30,344.0,27.825000000000003,91.875,2024,8
2024-08-27 23:45:00+05:30,341.0,27.85,92.025,2024,8
2024-08-28 00:00:00+05:30,335.0,25.7,90.0,2024,8
2024-08-28 00:15:00+05:30,332.0,25.7,90.0,2024,8
2024-08-28 00:30:00+05:30,328.0,25.6,90.0,2024,8
2024-08-28 00:45:00+05:30,327.0,25.6,90.0,2024,8
2024-08-28 01:00:00+05:30,320.0,25.7,90.0,2024,8
2024-08-28 01:15:00+05:30,316.0,25.6,90.0,2024,8
2024-08-28 01:30:00+05:30,311.0,25.6,90.0,2024,8
2024-08-28 01:45:00+05:30,310.0,25.6,90.0,2024,8
2024-08-28 02:00:00+05:30,306.0,25.5,90.0,2024,8
2024-08-28 02:15:00+05:30,304.0,25.6,90.0,2024,8
2024-08-28 02:30:00+05:30,299.0,25.7,90.0,2024,8
2024-08-28 02:45:00+05:30,296.0,25.7,90.0,2024,8
2024-08-28 03:00:00+05:30,295.0,25.7,90.0,2024,8
2024-08-28 03:15:00+05:30,291.0,25.7,90.0,2024,8
2024-08-28 03:30:00+05:30,289.0,25.8,90.0,2024,8
2024-08-28 03:45:00+05:30,287.0,25.8,90.0,2024,8
2024-08-28 04:00:00+05:30,289.0,25.9,90.0,2024,8
2024-08-28 04:15:00+05:30,289.0,25.9,89.0,2024,8
2024-08-28 04:30:00+05:30,289.0,26.0,89.0,2024,8
2024-08-28 04:45:00+05:30,292.0,26.0,89.0,2024,8
2024-08-28 05:00:00+05:30,296.0,26.0,89.0,2024,8
2024-08-28 05:15:00+05:30,301.0,25.8,89.0,2024,8
2024-08-28 05:30:00+05:30,307.0,25.8,89.0,2024,8
2024-08-28 05:45:00+05:30,310.0,25.8,89.0,2024,8
2024-08-28 06:00:00+05:30,319.0,25.9,89.0,2024,8
2024-08-28 06:15:00+05:30,328.0,25.7,88.0,2024,8
2024-08-28 06:30:00+05:30,339.0,25.9,88.0,2024,8
2024-08-28 06:45:00+05:30,347.0,26.0,88.0,2024,8
2024-08-28 07:00:00+05:30,361.0,26.2,87.0,2024,8
2024-08-28 07:15:00+05:30,374.0,26.6,87.0,2024,8
2024-08-28 07:30:00+05:30,391.0,26.8,86.0,2024,8
2024-08-28 07:45:00+05:30,405.0,27.0,86.0,2024,8
2024-08-28 08:00:00+05:30,427.0,27.2,85.0,2024,8
2024-08-28 08:15:00+05:30,447.0,27.4,85.0,2024,8
2024-08-28 08:30:00+05:30,464.0,27.6,84.0,2024,8
2024-08-28 08:45:00+05:30,479.0,27.8,84.0,2024,8
2024-08-28 09:00:00+05:30,496.0,28.0,83.0,2024,8
2024-08-28 09:15:00+05:30,509.0,28.2,82.0,2024,8
2024-08-28 09:30:00+05:30,520.0,28.5,81.0,2024,8
2024-08-28 09:45:00+05:30,530.0,28.7,81.0,2024,8
2024-08-28 10:00:00+05:30,534.0,28.8,80.0,2024,8
2024-08-28 10:15:00+05:30,535.0,29.1,80.0,2024,8
2024-08-28 10:30:00+05:30,533.0,29.2,79.0,2024,8
2024-08-28 10:45:00+05:30,538.0,29.3,79.0,2024,8
2024-08-28 11:00:00+05:30,542.0,29.5,78.0,2024,8
2024-08-28 11:15:00+05:30,543.0,29.6,78.0,2024,8
2024-08-28 11:30:00+05:30,537.0,29.7,77.0,2024,8
2024-08-28 11:45:00+05:30,534.0,29.8,77.0,2024,8
2024-08-28 12:00:00+05:30,535.0,29.9,77.0,2024,8
2024-08-28 12:15:00+05:30,538.0,29.9,77.0,2024,8
2024-08-28 12:30:00+05:30,539.0,30.0,77.0,2024,8
2024-08-28 12:45:00+05:30,535.0,30.2,77.0,2024,8
2024-08-28 13:00:00+05:30,534.0,30.3,76.0,2024,8
2024-08-28 13:15:00+05:30,529.0,30.3,76.0,2024,8
2024-08-28 13:30:00+05:30,529.0,30.4,75.0,2024,8
2024-08-28 13:45:00+05:30,529.0,30.4,75.0,2024,8
2024-08-28 14:00:00+05:30,530.0,30.5,74.0,2024,8
2024-08-28 14:15:00+05:30,533.0,30.4,75.0,2024,8
2024-08-28 14:30:00+05:30,531.0,30.3,75.0,2024,8
2024-08-28 14:45:00+05:30,530.0,30.3,75.0,2024,8
2024-08-28 15:00:00+05:30,528.0,30.2,75.0,2024,8
2024-08-28 15:15:00+05:30,536.0,30.2,75.0,2024,8
2024-08-28 15:30:00+05:30,527.0,30.2,75.0,2024,8
2024-08-28 15:45:00+05:30,522.0,30.1,75.0,2024,8
2024-08-28 16:00:00+05:30,520.0,30.1,75.0,2024,8
2024-08-28 16:15:00+05:30,519.0,30.0,75.0,2024,8
2024-08-28 16:30:00+05:30,516.0,29.9,75.0,2024,8
2024-08-28 16:45:00+05:30,512.0,29.8,75.0,2024,8
2024-08-28 17:00:00+05:30,510.0,29.6,75.0,2024,8
2024-08-28 17:15:00+05:30,505.0,29.5,76.0,2024,8
2024-08-28 17:30:00+05:30,496.0,29.4,76.0,2024,8
2024-08-28 17:45:00+05:30,489.0,29.2,76.0,2024,8
2024-08-28 18:00:00+05:30,483.0,29.0,77.0,2024,8
2024-08-28 18:15:00+05:30,478.0,28.6,78.0,2024,8
2024-08-28 18:30:00+05:30,470.0,28.4,79.0,2024,8
2024-08-28 18:45:00+05:30,463.0,28.2,80.0,2024,8
2024-08-28 19:00:00+05:30,460.0,28.0,80.0,2024,8
2024-08-28 19:15:00+05:30,449.0,28.0,81.0,2024,8
2024-08-28 19:30:00+05:30,442.0,27.9,82.0,2024,8
2024-08-28 19:45:00+05:30,434.0,27.7,82.0,2024,8
2024-08-28 20:00:00+05:30,429.0,27.6,83.0,2024,8
2024-08-28 20:15:00+05:30,423.0,27.5,84.0,2024,8
2024-08-28 20:30:00+05:30,415.0,27.4,85.0,2024,8
2024-08-28 20:45:00+05:30,411.0,27.3,85.0,2024,8
2024-08-28 21:00:00+05:30,407.0,27.2,86.0,2024,8
2024-08-28 21:15:00+05:30,404.0,27.2,86.0,2024,8
2024-08-28 21:30:00+05:30,400.0,27.1,86.0,2024,8
2024-08-28 21:45:00+05:30,394.0,27.0,86.0,2024,8
2024-08-28 22:00:00+05:30,387.0,26.9,87.0,2024,8
2024-08-28 22:15:00+05:30,384.0,27.0,87.0,2024,8
2024-08-28 22:30:00+05:30,378.0,26.9,87.0,2024,8
2024-08-28 22:45:00+05:30,373.0,26.9,87.0,2024,8
2024-08-28 23:00:00+05:30,371.0,26.9,87.0,2024,8
2024-08-28 23:15:00+05:30,366.0,26.9,88.0,2024,8
2024-08-28 23:30:00+05:30,361.0,26.9,88.0,2024,8
2024-08-28 23:45:00+05:30,357.0,26.8,88.0,2024,8
2024-08-29 00:00:00+05:30,351.0,26.8,88.0,2024,8
2024-08-29 00:15:00+05:30,344.0,26.6,88.0,2024,8
2024-08-29 00:30:00+05:30,337.0,26.6,88.0,2024,8
2024-08-29 00:45:00+05:30,331.0,26.5,88.0,2024,8
2024-08-29 01:00:00+05:30,325.0,26.4,88.0,2024,8
2024-08-29 01:15:00+05:30,322.0,26.1,90.0,2024,8
2024-08-29 01:30:00+05:30,318.0,26.1,90.0,2024,8
2024-08-29 01:45:00+05:30,316.0,26.0,90.0,2024,8
2024-08-29 02:00:00+05:30,310.0,26.0,90.0,2024,8
2024-08-29 02:15:00+05:30,306.0,25.8,91.0,2024,8
2024-08-29 02:30:00+05:30,302.0,25.8,91.0,2024,8
2024-08-29 02:45:00+05:30,300.0,25.7,91.0,2024,8
2024-08-29 03:00:00+05:30,299.0,25.7,91.0,2024,8
2024-08-29 03:15:00+05:30,298.0,25.6,91.0,2024,8
2024-08-29 03:30:00+05:30,295.0,25.5,91.0,2024,8
2024-08-29 03:45:00+05:30,294.0,25.5,91.0,2024,8
2024-08-29 04:00:00+05:30,293.0,25.6,91.0,2024,8
2024-08-29 04:15:00+05:30,293.0,25.6,91.0,2024,8
2024-08-29 04:30:00+05:30,294.0,25.6,91.0,2024,8
2024-08-29 04:45:00+05:30,294.0,25.7,91.0,2024,8
2024-08-29 05:00:00+05:30,299.0,25.8,91.0,2024,8
2024-08-29 05:15:00+05:30,302.0,25.9,90.0,2024,8
2024-08-29 05:30:00+05:30,306.0,26.0,90.0,2024,8
2024-08-29 05:45:00+05:30,312.0,26.0,90.0,2024,8
2024-08-29 06:00:00+05:30,322.0,26.0,90.0,2024,8
2024-08-29 06:15:00+05:30,332.0,25.9,90.0,2024,8
2024-08-29 06:30:00+05:30,342.0,26.0,90.0,2024,8
2024-08-29 06:45:00+05:30,352.0,26.1,90.0,2024,8
2024-08-29 07:00:00+05:30,366.0,26.2,90.0,2024,8
2024-08-29 07:15:00+05:30,379.0,26.4,88.0,2024,8
2024-08-29 07:30:00+05:30,396.0,26.6,88.0,2024,8
2024-08-29 07:45:00+05:30,413.0,26.8,88.0,2024,8
2024-08-29 08:00:00+05:30,438.0,27.1,87.0,2024,8
2024-08-29 08:15:00+05:30,458.0,27.4,86.0,2024,8
2024-08-29 08:30:00+05:30,473.0,27.7,85.0,2024,8
2024-08-29 08:45:00+05:30,489.0,28.0,84.0,2024,8
2024-08-29 09:00:00+05:30,503.0,28.2,83.0,2024,8
2024-08-29 09:15:00+05:30,512.0,28.5,82.0,2024,8
2024-08-29 09:30:00+05:30,525.0,28.7,81.0,2024,8
2024-08-29 09:45:00+05:30,535.0,28.9,80.0,2024,8
2024-08-29 10:00:00+05:30,541.0,29.1,80.0,2024,8
2024-08-29 10:15:00+05:30,548.0,29.1,79.0,2024,8
2024-08-29 10:30:00+05:30,548.0,29.3,78.0,2024,8
2024-08-29 10:45:00+05:30,550.0,29.4,78.0,2024,8
2024-08-29 11:00:00+05:30,546.0,29.6,77.0,2024,8
2024-08-29 11:15:00+05:30,546.0,29.7,77.0,2024,8
2024-08-29 11:30:00+05:30,550.0,29.9,76.0,2024,8
2024-08-29 11:45:00+05:30,548.0,30.1,76.0,2024,8
2024-08-29 12:00:00+05:30,548.0,30.2,75.0,2024,8
2024-08-29 12:15:00+05:30,551.0,30.4,74.0,2024,8
2024-08-29 12:30:00+05:30,546.0,30.5,74.0,2024,8
2024-08-29 12:45:00+05:30,544.0,30.6,74.0,2024,8
2024-08-29 13:00:00+05:30,539.0,30.7,74.0,2024,8
2024-08-29 13:15:00+05:30,536.0,30.7,74.0,2024,8
2024-08-29 13:30:00+05:30,532.0,30.7,74.0,2024,8
2024-08-29 13:45:00+05:30,533.0,30.7,74.0,2024,8
2024-08-29 14:00:00+05:30,537.0,30.7,74.0,2024,8
2024-08-29 14:15:00+05:30,536.0,30.6,73.0,2024,8
2024-08-29 14:30:00+05:30,537.0,30.6,73.0,2024,8
2024-08-29 14:45:00+05:30,535.0,30.5,73.0,2024,8
2024-08-29 15:00:00+05:30,538.0,30.4,74.0,2024,8
2024-08-29 15:15:00+05:30,539.0,30.2,74.0,2024,8
2024-08-29 15:30:00+05:30,535.0,30.1,75.0,2024,8
2024-08-29 15:45:00+05:30,531.0,30.0,75.0,2024,8
2024-08-29 16:00:00+05:30,530.0,29.9,75.0,2024,8
2024-08-29 16:15:00+05:30,522.0,29.9,76.0,2024,8
2024-08-29 16:30:00+05:30,519.0,29.8,76.0,2024,8
2024-08-29 16:45:00+05:30,518.0,29.7,76.0,2024,8
2024-08-29 17:00:00+05:30,517.0,29.6,77.0,2024,8
2024-08-29 17:15:00+05:30,512.0,29.5,78.0,2024,8
2024-08-29 17:30:00+05:30,506.0,29.3,79.0,2024,8
2024-08-29 17:45:00+05:30,498.0,29.1,79.0,2024,8
2024-08-29 18:00:00+05:30,489.0,29.0,80.0,2024,8
2024-08-29 18:15:00+05:30,483.0,28.5,80.0,2024,8
2024-08-29 18:30:00+05:30,476.0,28.4,81.0,2024,8
2024-08-29 18:45:00+05:30,472.0,28.3,81.0,2024,8
2024-08-29 19:00:00+05:30,464.0,28.2,82.0,2024,8
2024-08-29 19:15:00+05:30,455.0,27.9,82.0,2024,8
2024-08-29 19:30:00+05:30,451.0,27.9,83.0,2024,8
2024-08-29 19:45:00+05:30,440.0,27.8,83.0,2024,8
2024-08-29 20:00:00+05:30,431.0,27.7,84.0,2024,8
2024-08-29 20:15:00+05:30,426.0,27.5,85.0,2024,8
2024-08-29 20:30:00+05:30,421.0,27.4,86.0,2024,8
2024-08-29 20:45:00+05:30,414.0,27.3,86.0,2024,8
2024-08-29 21:00:00+05:30,408.0,27.2,87.0,2024,8
2024-08-29 21:15:00+05:30,405.0,27.1,87.0,2024,8
2024-08-29 21:30:00+05:30,399.0,27.1,88.0,2024,8
2024-08-29 21:45:00+05:30,394.0,27.0,88.0,2024,8
2024-08-29 22:00:00+05:30,389.0,26.9,88.0,2024,8
2024-08-29 22:15:00+05:30,384.0,26.8,89.0,2024,8
2024-08-29 22:30:00+05:30,381.0,26.7,89.0,2024,8
2024-08-29 22:45:00+05:30,376.0,26.7,89.0,2024,8
2024-08-29 23:00:00+05:30,376.0,26.7,89.0,2024,8
2024-08-29 23:15:00+05:30,368.0,26.7,89.0,2024,8
2024-08-29 23:30:00+05:30,364.0,26.7,90.0,2024,8
2024-08-29 23:45:00+05:30,359.0,26.6,90.0,2024,8
2024-08-30 00:00:00+05:30,354.69339633088555,26.5,90.0,2024,8
2024-08-30 00:15:00+05:30,346.60956992091985,26.5,90.0,2024,8
2024-08-30 00:30:00+05:30,342.16612677459125,26.5,90.0,2024,8
2024-08-30 00:45:00+05:30,338.46587949279933,26.4,90.0,2024,8
2024-08-30 01:00:00+05:30,331.9874527612395,26.4,90.0,2024,8
2024-08-30 01:15:00+05:30,326.13873935374903,26.3,90.0,2024,8
2024-08-30 01:30:00+05:30,321.840005326431,26.2,90.0,2024,8
2024-08-30 01:45:00+05:30,316.88795383979016,26.2,90.0,2024,8
2024-08-30 02:00:00+05:30,311.75690479188705,26.1,90.0,2024,8
2024-08-30 02:15:00+05:30,309.52413692000374,26.0,91.0,2024,8
2024-08-30 02:30:00+05:30,306.6792313243618,25.9,91.0,2024,8
2024-08-30 02:45:00+05:30,305.88534522904604,25.9,91.0,2024,8
2024-08-30 03:00:00+05:30,303.3463095873479,25.8,91.0,2024,8
2024-08-30 03:15:00+05:30,301.05164144172466,26.0,91.0,2024,8
2024-08-30 03:30:00+05:30,298.06859458627895,26.0,91.0,2024,8
2024-08-30 03:45:00+05:30,295.8264513568588,26.0,91.0,2024,8
2024-08-30 04:00:00+05:30,293.2941993008985,26.0,91.0,2024,8
2024-08-30 04:15:00+05:30,293.13258909117764,26.1,90.0,2024,8
2024-08-30 04:30:00+05:30,294.40057856421134,26.0,90.0,2024,8
2024-08-30 04:45:00+05:30,296.5173849990906,26.0,90.0,2024,8
2024-08-30 05:00:00+05:30,300.1671184580292,26.0,90.0,2024,8
2024-08-30 05:15:00+05:30,301.85185602496495,25.6,91.0,2024,8
2024-08-30 05:30:00+05:30,305.8151546363658,25.6,91.0,2024,8
2024-08-30 05:45:00+05:30,311.8230785909891,25.6,91.0,2024,8
2024-08-30 06:00:00+05:30,320.185229632038,25.6,91.0,2024,8
2024-08-30 06:15:00+05:30,328.0197258627127,25.8,91.0,2024,8
2024-08-30 06:30:00+05:30,341.0522157342756,25.8,91.0,2024,8
2024-08-30 06:45:00+05:30,350.7047556723131,25.9,91.0,2024,8
2024-08-30 07:00:00+05:30,361.4869908936421,26.0,91.0,2024,8
2024-08-30 07:15:00+05:30,378.3296002081379,26.0,90.0,2024,8
2024-08-30 07:30:00+05:30,395.2183504371306,26.1,90.0,2024,8
2024-08-30 07:45:00+05:30,409.90220144150425,26.3,90.0,2024,8
2024-08-30 08:00:00+05:30,434.2979793262442,26.4,89.0,2024,8
2024-08-30 08:15:00+05:30,454.84379267177206,26.6,89.0,2024,8
2024-08-30 08:30:00+05:30,470.6983647243337,26.8,88.0,2024,8
2024-08-30 08:45:00+05:30,483.4662008308272,27.0,87.0,2024,8
2024-08-30 09:00:00+05:30,498.28863841883725,27.3,86.0,2024,8
2024-08-30 09:15:00+05:30,507.90917638318274,27.7,85.0,2024,8
2024-08-30 09:30:00+05:30,518.3018241372013,27.9,84.0,2024,8
2024-08-30 09:45:00+05:30,526.9494091989671,28.2,83.0,2024,8
2024-08-30 10:00:00+05:30,536.9359408339513,28.4,83.0,2024,8
2024-08-30 10:15:00+05:30,544.0371704185048,28.5,81.0,2024,8
2024-08-30 10:30:00+05:30,546.2294646463079,28.8,80.0,2024,8
2024-08-30 10:45:00+05:30,549.0661844016539,28.9,80.0,2024,8
2024-08-30 11:00:00+05:30,552.3601766654145,29.1,79.0,2024,8
2024-08-30 11:15:00+05:30,545.5443995686542,29.2,79.0,2024,8
2024-08-30 11:30:00+05:30,546.0080810423543,29.4,78.0,2024,8
2024-08-30 11:45:00+05:30,549.8494248754649,29.6,78.0,2024,8
2024-08-30 12:00:00+05:30,549.4161656538241,29.8,77.0,2024,8
2024-08-30 12:15:00+05:30,543.1611399690462,30.5,75.0,2024,8
2024-08-30 12:30:00+05:30,543.4375958185539,30.7,74.0,2024,8
2024-08-30 12:45:00+05:30,543.8317143300235,30.8,74.0,2024,8
2024-08-30 13:00:00+05:30,541.8742306797028,31.0,73.0,2024,8
2024-08-30 13:15:00+05:30,540.5543440240285,30.9,73.0,2024,8
2024-08-30 13:30:00+05:30,538.4508001894624,30.9,73.0,2024,8
2024-08-30 13:45:00+05:30,536.1562486664014,30.9,73.0,2024,8
2024-08-30 14:00:00+05:30,535.9621739988963,30.9,73.0,2024,8
2024-08-30 14:15:00+05:30,542.2734495356135,30.6,74.0,2024,8
2024-08-30 14:30:00+05:30,541.2062547900354,30.5,74.0,2024,8
2024-08-30 14:45:00+05:30,537.7564555299501,30.5,74.0,2024,8
2024-08-30 15:00:00+05:30,534.7915871485851,30.5,74.0,2024,8
2024-08-30 15:15:00+05:30,535.9271167969417,30.5,74.0,2024,8
2024-08-30 15:30:00+05:30,535.5985370152385,30.5,74.0,2024,8
2024-08-30 15:45:00+05:30,534.2915591921488,30.4,74.0,2024,8
2024-08-30 16:00:00+05:30,528.4075799112951,30.3,74.0,2024,8
2024-08-30 16:15:00+05:30,526.1559948700284,30.3,74.0,2024,8
2024-08-30 16:30:00+05:30,518.3476119741713,30.2,74.0,2024,8
2024-08-30 16:45:00+05:30,511.9507933751965,30.0,74.0,2024,8
2024-08-30 17:00:00+05:30,508.7568094076673,29.8,75.0,2024,8
2024-08-30 17:15:00+05:30,503.1554650730203,29.5,76.0,2024,8
2024-08-30 17:30:00+05:30,496.1091663673009,29.3,77.0,2024,8
2024-08-30 17:45:00+05:30,488.6705423819136,29.1,77.0,2024,8
2024-08-30 18:00:00+05:30,482.5878244010661,29.0,78.0,2024,8
2024-08-30 18:15:00+05:30,479.073694598943,28.8,78.0,2024,8
2024-08-30 18:30:00+05:30,475.9333815161066,28.6,79.0,2024,8
2024-08-30 18:45:00+05:30,471.47049546244097,28.4,80.0,2024,8
2024-08-30 19:00:00+05:30,463.22711310021583,28.2,80.0,2024,8
2024-08-30 19:15:00+05:30,453.5641491817024,27.9,81.0,2024,8
2024-08-30 19:30:00+05:30,445.1165008484985,27.7,82.0,2024,8
2024-08-30 19:45:00+05:30,440.9431879055602,27.5,83.0,2024,8
2024-08-30 20:00:00+05:30,435.7371968601449,27.4,84.0,2024,8
2024-08-30 20:15:00+05:30,429.2773540301844,27.3,84.0,2024,8
2024-08-30 20:30:00+05:30,423.3895039738886,27.2,85.0,2024,8
2024-08-30 20:45:00+05:30,417.9379716435225,27.1,85.0,2024,8
2024-08-30 21:00:00+05:30,412.23460049922073,27.0,86.0,2024,8
2024-08-30 21:15:00+05:30,405.7208738557219,26.9,86.0,2024,8
2024-08-30 21:30:00+05:30,396.5013364623398,26.9,87.0,2024,8
2024-08-30 21:45:00+05:30,391.365211665964,26.8,87.0,2024,8
2024-08-30 22:00:00+05:30,386.9682287893082,26.7,87.0,2024,8
2024-08-30 22:15:00+05:30,383.3935212635221,26.7,88.0,2024,8
2024-08-30 22:30:00+05:30,381.7716189901338,26.7,88.0,2024,8
2024-08-30 22:45:00+05:30,373.62790828323614,26.6,88.0,2024,8
2024-08-30 23:00:00+05:30,369.183370290388,26.6,88.0,2024,8
2024-08-30 23:15:00+05:30,368.3725659564555,26.6,89.0,2024,8
2024-08-30 23:30:00+05:30,366.0562557439528,26.5,89.0,2024,8
2024-08-30 23:45:00+05:30,357.20554645074685,26.5,89.0,2024,8
2024-08-31 00:00:00+05:30,349.7038992397101,27.933333333333334,91.2,2024,8
2024-08-31 00:15:00+05:30,341.1621547488469,27.866666666666664,91.46666666666664,2024,8
2024-08-31 00:30:00+05:30,335.351019055093,27.86666666666667,91.3,2024,8
2024-08-31 00:45:00+05:30,331.9150592723559,27.866666666666664,91.43333333333334,2024,8
2024-08-31 01:00:00+05:30,325.38315658987494,27.9,91.63333333333333,2024,8
2024-08-31 01:15:00+05:30,319.8874586897904,27.9,91.8,2024,8
2024-08-31 01:30:00+05:30,316.7622799315882,27.766666666666666,91.13333333333333,2024,8
2024-08-31 01:45:00+05:30,312.92042947363194,27.666666666666668,91.53333333333336,2024,8
2024-08-31 02:00:00+05:30,311.63990359243576,27.633333333333336,92.53333333333336,2024,8
2024-08-31 02:15:00+05:30,310.00225419094147,27.566666666666663,93.33333333333331,2024,8
2024-08-31 02:30:00+05:30,306.48469086609924,27.566666666666663,93.36666666666667,2024,8
2024-08-31 02:45:00+05:30,303.79790122196704,27.46666666666667,93.63333333333333,2024,8
2024-08-31 03:00:00+05:30,300.03789410436286,27.46666666666667,93.83333333333331,2024,8
2024-08-31 03:15:00+05:30,299.01807729687107,27.46666666666667,94.03333333333336,2024,8
2024-08-31 03:30:00+05:30,299.3077679836932,27.5,94.0,2024,8
2024-08-31 03:45:00+05:30,298.0164579825096,27.46666666666667,94.16666666666669,2024,8
2024-08-31 04:00:00+05:30,295.69838519108066,27.53333333333333,93.73333333333336,2024,8
2024-08-31 04:15:00+05:30,293.1321020539515,27.6,93.83333333333331,2024,8
2024-08-31 04:30:00+05:30,294.9972205000964,27.46666666666667,94.66666666666669,2024,8
2024-08-31 04:45:00+05:30,295.11173810400817,27.46666666666667,94.63333333333333,2024,8
2024-08-31 05:00:00+05:30,294.862919933254,27.46666666666667,94.23333333333332,2024,8
2024-08-31 05:15:00+05:30,296.0643055780196,27.5,94.33333333333331,2024,8
2024-08-31 05:30:00+05:30,296.7602697197979,27.46666666666667,94.36666666666667,2024,8
2024-08-31 05:45:00+05:30,297.5414140340434,27.399999999999995,93.83333333333331,2024,8
2024-08-31 06:00:00+05:30,301.4811447136793,27.26666666666667,94.1,2024,8
2024-08-31 06:15:00+05:30,304.6862482030382,27.133333333333336,94.3,2024,8
2024-08-31 06:30:00+05:30,310.8902136203629,27.266666666666666,94.96666666666664,2024,8
2024-08-31 06:45:00+05:30,314.0204503526644,27.4,94.63333333333334,2024,8
2024-08-31 07:00:00+05:30,324.64112084047787,27.566666666666663,94.16666666666669,2024,8
2024-08-31 07:15:00+05:30,329.84444731047324,27.83333333333333,94.73333333333332,2024,8
2024-08-31 07:30:00+05:30,338.1184240591982,27.8,94.16666666666669,2024,8
2024-08-31 07:45:00+05:30,350.23466585072265,27.8,93.33333333333331,2024,8
2024-08-31 08:00:00+05:30,365.7653555960564,27.866666666666664,92.66666666666669,2024,8
2024-08-31 08:15:00+05:30,383.6482045988663,28.133333333333336,91.73333333333336,2024,8
2024-08-31 08:30:00+05:30,395.8182918019722,28.366666666666664,91.53333333333336,2024,8
2024-08-31 08:45:00+05:30,403.9794214996093,28.766666666666666,90.56666666666666,2024,8
2024-08-31 09:00:00+05:30,415.507590607582,29.066666666666663,89.2,2024,8
2024-08-31 09:15:00+05:30,429.0570566568904,29.2,89.83333333333333,2024,8
2024-08-31 09:30:00+05:30,439.9201336773313,29.4,88.60000000000001,2024,8
2024-08-31 09:45:00+05:30,447.6191113868638,29.566666666666663,87.86666666666667,2024,8
2024-08-31 10:00:00+05:30,456.8277778999501,29.83333333333333,87.16666666666667,2024,8
2024-08-31 10:15:00+05:30,462.33826840175567,29.83333333333333,86.13333333333333,2024,8
2024-08-31 10:30:00+05:30,468.2313637901214,30.200000000000003,84.00000000000001,2024,8
2024-08-31 10:45:00+05:30,470.8229290772709,30.4,83.46666666666665,2024,8
2024-08-31 11:00:00+05:30,470.3024828079685,30.766666666666666,81.8,2024,8
2024-08-31 11:15:00+05:30,471.9560727010477,31.03333333333333,79.83333333333333,2024,8
2024-08-31 11:30:00+05:30,469.9975768571856,31.133333333333336,79.03333333333333,2024,8
2024-08-31 11:45:00+05:30,470.1587368515064,31.166666666666668,78.33333333333333,2024,8
2024-08-31 12:00:00+05:30,474.45794282675473,31.33333333333333,77.73333333333333,2024,8
2024-08-31 12:15:00+05:30,468.7881287513807,31.8,77.13333333333333,2024,8
2024-08-31 12:30:00+05:30,467.1517005001924,31.96666666666667,76.39999999999999,2024,8
2024-08-31 12:45:00+05:30,461.7431567928796,32.333333333333336,75.3,2024,8
2024-08-31 13:00:00+05:30,461.3743915522145,32.36666666666667,73.63333333333334,2024,8
2024-08-31 13:15:00+05:30,457.0876552847943,32.56666666666667,73.76666666666667,2024,8
2024-08-31 13:30:00+05:30,456.9376918623084,32.46666666666667,73.46666666666665,2024,8
2024-08-31 13:45:00+05:30,457.4093696088634,32.833333333333336,71.10000000000001,2024,8
2024-08-31 14:00:00+05:30,457.1457235460698,32.96666666666667,70.93333333333334,2024,8
2024-08-31 14:15:00+05:30,461.6549381177613,32.5,71.89999999999999,2024,8
2024-08-31 14:30:00+05:30,460.8650070003471,32.53333333333333,72.26666666666667,2024,8
2024-08-31 14:45:00+05:30,460.0286953586528,32.4,72.16666666666667,2024,8
2024-08-31 15:00:00+05:30,459.2129935769475,32.36666666666667,72.3,2024,8
2024-08-31 15:15:00+05:30,459.60303779835584,32.233333333333334,73.36666666666666,2024,8
2024-08-31 15:30:00+05:30,457.4780944133212,32.1,73.4,2024,8
2024-08-31 15:45:00+05:30,455.2500795204851,32.1,72.7,2024,8
2024-08-31 16:00:00+05:30,454.8090826008495,31.933333333333326,73.03333333333332,2024,8
2024-08-31 16:15:00+05:30,453.9327377927117,31.8,73.7,2024,8
2024-08-31 16:30:00+05:30,452.8408339932379,31.633333333333336,74.66666666666667,2024,8
2024-08-31 16:45:00+05:30,447.2115338949959,31.399999999999995,75.6,2024,8
2024-08-31 17:00:00+05:30,444.892114399911,31.2,76.39999999999999,2024,8
2024-08-31 17:15:00+05:30,440.4644661192916,31.0,76.66666666666667,2024,8
2024-08-31 17:30:00+05:30,437.2985486540372,30.9,77.03333333333335,2024,8
2024-08-31 17:45:00+05:30,433.6461943441573,30.5,78.16666666666667,2024,8
2024-08-31 18:00:00+05:30,429.9733972271624,30.100000000000005,79.36666666666666,2024,8
2024-08-31 18:15:00+05:30,425.3649248762812,29.83333333333333,80.73333333333333,2024,8
2024-08-31 18:30:00+05:30,423.0675471180712,29.600000000000005,81.8,2024,8
2024-08-31 18:45:00+05:30,423.6209854849869,29.433333333333334,82.53333333333335,2024,8
2024-08-31 19:00:00+05:30,421.8162136708612,29.3,83.56666666666666,2024,8
2024-08-31 19:15:00+05:30,417.932222711632,29.2,84.0,2024,8
2024-08-31 19:30:00+05:30,414.083817467833,29.166666666666668,84.13333333333333,2024,8
2024-08-31 19:45:00+05:30,408.7625212677435,29.166666666666668,84.36666666666667,2024,8
2024-08-31 20:00:00+05:30,403.282842485808,29.133333333333336,84.86666666666667,2024,8
2024-08-31 20:15:00+05:30,398.5862594960564,29.03333333333333,85.06666666666666,2024,8
2024-08-31 20:30:00+05:30,396.8763026828658,28.96666666666667,85.46666666666665,2024,8
2024-08-31 20:45:00+05:30,394.8744128127066,28.899999999999995,85.76666666666667,2024,8
2024-08-31 21:00:00+05:30,390.6360617709564,28.933333333333337,85.83333333333333,2024,8
2024-08-31 21:15:00+05:30,387.6049291667701,28.933333333333334,85.89999999999999,2024,8
2024-08-31 21:30:00+05:30,384.5179441239748,28.86666666666667,85.96666666666665,2024,8
2024-08-31 21:45:00+05:30,382.0290109231321,28.83333333333333,86.36666666666667,2024,8
2024-08-31 22:00:00+05:30,377.1070493601047,28.76666666666667,86.59999999999998,2024,8
2024-08-31 22:15:00+05:30,373.7452078254768,28.73333333333333,86.83333333333333,2024,8
2024-08-31 22:30:00+05:30,369.0878486966951,28.766666666666666,86.93333333333332,2024,8
2024-08-31 22:45:00+05:30,366.1237923394659,28.73333333333333,87.0,2024,8
2024-08-31 23:00:00+05:30,363.9599914232406,28.7,87.46666666666665,2024,8
2024-08-31 23:15:00+05:30,362.1048084587962,28.666666666666668,87.0,2024,8
2024-08-31 23:30:00+05:30,357.8614456618991,28.6,87.33333333333333,2024,8
2024-08-31 23:45:00+05:30,355.0322186290032,28.633333333333336,87.33333333333333,2024,8
2024-09-01 00:00:00+05:30,343.3561007537484,28.566666666666663,87.8,2024,9
2024-09-01 00:15:00+05:30,340.8537524427043,28.566666666666663,88.40000000000002,2024,9
2024-09-01 00:30:00+05:30,337.690786996578,28.566666666666663,87.96666666666665,2024,9
2024-09-01 00:45:00+05:30,333.0296963995215,28.53333333333333,89.03333333333335,2024,9
2024-09-01 01:00:00+05:30,326.93668251128327,28.433333333333334,89.56666666666666,2024,9
2024-09-01 01:15:00+05:30,322.2746565530407,28.4,90.1,2024,9
2024-09-01 01:30:00+05:30,318.02887471909213,28.433333333333334,90.03333333333335,2024,9
2024-09-01 01:45:00+05:30,315.08781712700795,28.366666666666664,90.0,2024,9
2024-09-01 02:00:00+05:30,313.04727331480154,28.3,89.96666666666665,2024,9
2024-09-01 02:15:00+05:30,311.52155513907405,28.3,90.3,2024,9
2024-09-01 02:30:00+05:30,306.32663747029324,28.266666666666666,90.26666666666668,2024,9
2024-09-01 02:45:00+05:30,305.3250736506241,28.2,90.8,2024,9
2024-09-01 03:00:00+05:30,302.36579076497446,28.23333333333333,91.26666666666668,2024,9
2024-09-01 03:15:00+05:30,297.76841074668664,28.2,91.46666666666664,2024,9
2024-09-01 03:30:00+05:30,295.82640604264094,28.166666666666668,91.23333333333332,2024,9
2024-09-01 03:45:00+05:30,295.1380133238141,28.166666666666668,90.9,2024,9
2024-09-01 04:00:00+05:30,294.14730220217734,28.2,90.93333333333334,2024,9
2024-09-01 04:15:00+05:30,291.4251203283925,28.133333333333336,91.2,2024,9
2024-09-01 04:30:00+05:30,292.3972540689679,28.133333333333336,90.6,2024,9
2024-09-01 04:45:00+05:30,291.6168645161353,28.1,91.86666666666667,2024,9
2024-09-01 05:00:00+05:30,290.5095740817448,28.1,91.83333333333331,2024,9
2024-09-01 05:15:00+05:30,291.9261475116251,28.066666666666663,91.96666666666664,2024,9
2024-09-01 05:30:00+05:30,292.0052866567333,28.066666666666663,91.5,2024,9
2024-09-01 05:45:00+05:30,292.1893726431135,28.03333333333333,91.6,2024,9
2024-09-01 06:00:00+05:30,294.42351600626057,28.03333333333333,91.63333333333333,2024,9
2024-09-01 06:15:00+05:30,294.6361670794348,28.0,91.8,2024,9
2024-09-01 06:30:00+05:30,294.8704682324484,28.066666666666663,92.26666666666668,2024,9
2024-09-01 06:45:00+05:30,297.23530484956626,28.1,92.06666666666666,2024,9
2024-09-01 07:00:00+05:30,297.80781443482107,28.23333333333333,91.63333333333333,2024,9
2024-09-01 07:15:00+05:30,298.8011724646812,28.399999999999995,91.23333333333332,2024,9
2024-09-01 07:30:00+05:30,303.312268020562,28.6,91.03333333333336,2024,9
2024-09-01 07:45:00+05:30,306.9976964235295,28.73333333333333,90.0,2024,9
2024-09-01 08:00:00+05:30,313.0626206915821,28.96666666666667,89.13333333333333,2024,9
2024-09-01 08:15:00+05:30,321.20382433330724,29.133333333333336,88.36666666666666,2024,9
2024-09-01 08:30:00+05:30,329.00880265224333,29.3,87.2,2024,9
2024-09-01 08:45:00+05:30,337.2874336047556,29.6,86.16666666666667,2024,9
2024-09-01 09:00:00+05:30,341.8484655313646,29.866666666666664,84.83333333333333,2024,9
2024-09-01 09:15:00+05:30,347.01323626962693,30.100000000000005,83.8,2024,9
2024-09-01 09:30:00+05:30,352.37005228708654,30.33333333333333,82.06666666666666,2024,9
2024-09-01 09:45:00+05:30,357.3024975985954,30.433333333333334,81.1,2024,9
2024-09-01 10:00:00+05:30,362.3020852928969,30.53333333333333,80.86666666666667,2024,9
2024-09-01 10:15:00+05:30,365.74296496122776,30.666666666666668,80.43333333333334,2024,9
2024-09-01 10:30:00+05:30,372.2582156864572,30.73333333333333,80.36666666666666,2024,9
2024-09-01 10:45:00+05:30,375.7453437926576,30.7,79.96666666666665,2024,9
2024-09-01 11:00:00+05:30,380.36913642264506,30.5,80.43333333333334,2024,9
2024-09-01 11:15:00+05:30,380.0499598222056,30.6,81.03333333333333,2024,9
2024-09-01 11:30:00+05:30,380.3413855428403,30.666666666666668,80.2,2024,9
2024-09-01 11:45:00+05:30,382.9753795967434,30.83333333333333,80.03333333333335,2024,9
2024-09-01 12:00:00+05:30,384.0606938010008,30.666666666666668,80.3,2024,9
2024-09-01 12:15:00+05:30,383.5108619711818,30.433333333333334,82.63333333333333,2024,9
2024-09-01 12:30:00+05:30,384.6049489473346,30.53333333333333,81.8,2024,9
2024-09-01 12:45:00+05:30,382.8299919528352,30.5,80.96666666666667,2024,9
2024-09-01 13:00:00+05:30,379.56543651778674,30.33333333333333,81.66666666666666,2024,9
2024-09-01 13:15:00+05:30,377.1021406045617,30.5,81.16666666666667,2024,9
2024-09-01 13:30:00+05:30,376.35431737083087,30.433333333333337,80.63333333333334,2024,9
2024-09-01 13:45:00+05:30,376.4711919392087,30.3,80.89999999999999,2024,9
2024-09-01 14:00:00+05:30,377.68640591118816,30.133333333333336,81.16666666666667,2024,9
2024-09-01 14:15:00+05:30,377.5048062389075,29.933333333333334,82.3,2024,9
2024-09-01 14:30:00+05:30,378.4185371184288,29.73333333333333,82.76666666666667,2024,9
2024-09-01 14:45:00+05:30,374.8975158314917,29.666666666666668,83.76666666666667,2024,9
2024-09-01 15:00:00+05:30,371.849006462968,29.73333333333333,84.26666666666667,2024,9
2024-09-01 15:15:00+05:30,368.72368473013233,29.766666666666666,83.96666666666665,2024,9
2024-09-01 15:30:00+05:30,366.2664884636767,29.766666666666666,83.8,2024,9
2024-09-01 15:45:00+05:30,363.6480259402476,29.766666666666666,82.73333333333333,2024,9
2024-09-01 16:00:00+05:30,362.726950446787,29.7,83.36666666666667,2024,9
2024-09-01 16:15:00+05:30,359.05219950315524,29.7,83.03333333333335,2024,9
2024-09-01 16:30:00+05:30,358.0255142416436,29.633333333333336,83.7,2024,9
2024-09-01 16:45:00+05:30,353.75902399058884,29.566666666666663,84.46666666666667,2024,9
2024-09-01 17:00:00+05:30,354.678558758568,29.46666666666667,84.13333333333334,2024,9
2024-09-01 17:15:00+05:30,354.8655870233165,29.399999999999995,84.76666666666667,2024,9
2024-09-01 17:30:00+05:30,354.23479577768023,29.366666666666664,84.76666666666667,2024,9
2024-09-01 17:45:00+05:30,354.23334968397273,29.23333333333333,85.59999999999998,2024,9
2024-09-01 18:00:00+05:30,358.4013178164677,29.1,85.96666666666665,2024,9
2024-09-01 18:15:00+05:30,361.4095605944811,29.0,85.89999999999999,2024,9
2024-09-01 18:30:00+05:30,364.3358538195917,28.933333333333334,86.3,2024,9
2024-09-01 18:45:00+05:30,368.5432087683486,28.9,86.93333333333334,2024,9
2024-09-01 19:00:00+05:30,369.3126938460613,28.866666666666664,86.89999999999999,2024,9
2024-09-01 19:15:00+05:30,369.3074994066399,28.866666666666664,87.10000000000001,2024,9
2024-09-01 19:30:00+05:30,371.0253053100502,28.83333333333333,87.53333333333335,2024,9
2024-09-01 19:45:00+05:30,368.1132679969158,28.8,87.76666666666665,2024,9
2024-09-01 20:00:00+05:30,367.316618116853,28.766666666666666,88.16666666666667,2024,9
2024-09-01 20:15:00+05:30,367.4070828235524,28.766666666666666,88.96666666666665,2024,9
2024-09-01 20:30:00+05:30,367.3637503987432,28.7,88.03333333333335,2024,9
2024-09-01 20:45:00+05:30,366.2134097868918,28.73333333333333,88.23333333333333,2024,9
2024-09-01 21:00:00+05:30,366.3599995527093,28.633333333333336,88.36666666666667,2024,9
2024-09-01 21:15:00+05:30,365.9044138501736,28.666666666666668,88.66666666666667,2024,9
2024-09-01 21:30:00+05:30,362.4043097990139,28.633333333333336,88.7,2024,9
2024-09-01 21:45:00+05:30,361.8040638220088,28.666666666666668,88.56666666666666,2024,9
2024-09-01 22:00:00+05:30,357.8832033523357,28.666666666666668,88.73333333333333,2024,9
2024-09-01 22:15:00+05:30,356.46482008566954,28.633333333333336,89.06666666666666,2024,9
2024-09-01 22:30:00+05:30,355.5758156860072,28.633333333333336,89.13333333333333,2024,9
2024-09-01 22:45:00+05:30,351.7516497136936,28.666666666666668,89.5,2024,9
2024-09-01 23:00:00+05:30,348.01154737121533,28.7,89.73333333333333,2024,9
2024-09-01 23:15:00+05:30,346.4117579610083,28.666666666666668,89.5,2024,9
2024-09-01 23:30:00+05:30,342.18369092077734,28.666666666666668,89.46666666666665,2024,9
2024-09-01 23:45:00+05:30,339.7688540737321,28.666666666666668,89.33333333333333,2024,9
2024-09-02 00:00:00+05:30,335.95452781405464,28.7,89.3,2024,9
2024-09-02 00:15:00+05:30,331.62841628097465,28.7,89.3,2024,9
2024-09-02 00:30:00+05:30,325.7245572540882,28.6,89.9,2024,9
2024-09-02 00:45:00+05:30,320.302889506158,28.6,89.9,2024,9
2024-09-02 01:00:00+05:30,318.09496977198137,28.5,90.3,2024,9
2024-09-02 01:15:00+05:30,313.87163131272087,28.5,90.3,2024,9
2024-09-02 01:30:00+05:30,311.11352058584885,28.5,90.9,2024,9
2024-09-02 01:45:00+05:30,306.5538773634905,28.5,90.9,2024,9
2024-09-02 02:00:00+05:30,303.0139959473739,28.5,91.4,2024,9
2024-09-02 02:15:00+05:30,301.8351857144044,28.5,91.4,2024,9
2024-09-02 02:30:00+05:30,298.37375367646433,28.4,91.7,2024,9
2024-09-02 02:45:00+05:30,290.8222246899188,28.4,91.7,2024,9
2024-09-02 03:00:00+05:30,289.86472916292473,28.4,91.8,2024,9
2024-09-02 03:15:00+05:30,289.1034196821875,28.4,91.8,2024,9
2024-09-02 03:30:00+05:30,286.9435033414787,28.4,91.7,2024,9
2024-09-02 03:45:00+05:30,285.1166110573542,28.4,91.7,2024,9
2024-09-02 04:00:00+05:30,283.9880383407066,28.4,91.7,2024,9
2024-09-02 04:15:00+05:30,284.9933940930238,28.4,91.7,2024,9
2024-09-02 04:30:00+05:30,286.21003506516155,28.3,91.5,2024,9
2024-09-02 04:45:00+05:30,286.3285657514178,28.3,91.5,2024,9
2024-09-02 05:00:00+05:30,289.0492370697113,28.3,91.2,2024,9
2024-09-02 05:15:00+05:30,291.8115540254287,28.3,91.2,2024,9
2024-09-02 05:30:00+05:30,299.1836535928279,28.4,91.9,2024,9
2024-09-02 05:45:00+05:30,306.18951622492125,28.4,91.9,2024,9
2024-09-02 06:00:00+05:30,311.7845676982255,28.4,92.2,2024,9
2024-09-02 06:15:00+05:30,321.3837219645963,28.4,92.2,2024,9
2024-09-02 06:30:00+05:30,331.5782309626148,28.4,91.8,2024,9
2024-09-02 06:45:00+05:30,340.9345911064211,28.4,91.8,2024,9
2024-09-02 07:00:00+05:30,355.2890598292539,28.3,92.0,2024,9
2024-09-02 07:15:00+05:30,371.3695715812796,28.3,92.0,2024,9
2024-09-02 07:30:00+05:30,389.1803223146084,28.3,91.9,2024,9
2024-09-02 07:45:00+05:30,405.4364438097165,28.3,91.9,2024,9
2024-09-02 08:00:00+05:30,432.0965638050837,28.2,91.8,2024,9
2024-09-02 08:15:00+05:30,457.2054140702828,28.2,91.8,2024,9
2024-09-02 08:30:00+05:30,476.0623901582336,28.2,92.0,2024,9
2024-09-02 08:45:00+05:30,492.6352559275088,28.2,92.0,2024,9
2024-09-02 09:00:00+05:30,502.3195765418728,28.2,92.1,2024,9
2024-09-02 09:15:00+05:30,514.714296859976,28.2,92.1,2024,9
2024-09-02 09:30:00+05:30,523.1749268997447,28.2,91.9,2024,9
2024-09-02 09:45:00+05:30,529.7814439803906,28.2,91.9,2024,9
2024-09-02 10:00:00+05:30,536.6657722911024,28.2,92.1,2024,9
2024-09-02 10:15:00+05:30,540.4491944637879,28.2,92.1,2024,9
2024-09-02 10:30:00+05:30,544.6824270215152,28.2,92.6,2024,9
2024-09-02 10:45:00+05:30,545.7682317148275,28.2,92.6,2024,9
2024-09-02 11:00:00+05:30,548.9548022706701,28.1,92.2,2024,9
2024-09-02 11:15:00+05:30,547.2704202185953,28.1,92.2,2024,9
2024-09-02 11:30:00+05:30,545.7981348759562,28.2,92.4,2024,9
2024-09-02 11:45:00+05:30,542.998607782231,28.2,92.4,2024,9
2024-09-02 12:00:00+05:30,542.718055154357,28.2,92.7,2024,9
2024-09-02 12:15:00+05:30,538.5733227897617,28.2,92.7,2024,9
2024-09-02 12:30:00+05:30,534.9018392518628,28.2,92.4,2024,9
2024-09-02 12:45:00+05:30,534.6939743845854,28.2,92.4,2024,9
2024-09-02 13:00:00+05:30,532.2359669847838,28.1,92.2,2024,9
2024-09-02 13:15:00+05:30,528.8576068744045,28.1,92.2,2024,9
2024-09-02 13:30:00+05:30,525.447992716383,28.1,92.7,2024,9
2024-09-02 13:45:00+05:30,524.8898893486603,28.1,92.7,2024,9
2024-09-02 14:00:00+05:30,525.2207854517362,28.1,92.9,2024,9
2024-09-02 14:15:00+05:30,525.8107770850731,28.1,92.9,2024,9
2024-09-02 14:30:00+05:30,525.6920964989898,28.2,92.6,2024,9
2024-09-02 14:45:00+05:30,524.8927074889103,28.2,92.6,2024,9
2024-09-02 15:00:00+05:30,519.7635859660901,28.3,92.4,2024,9
2024-09-02 15:15:00+05:30,517.0396099068081,28.3,92.4,2024,9
2024-09-02 15:30:00+05:30,516.3003590388751,28.3,91.8,2024,9
2024-09-02 15:45:00+05:30,513.4295750665506,28.3,91.8,2024,9
2024-09-02 16:00:00+05:30,511.0795561808171,28.5,91.5,2024,9
2024-09-02 16:15:00+05:30,504.181241321436,28.5,91.5,2024,9
2024-09-02 16:30:00+05:30,504.23894482766457,28.6,90.8,2024,9
2024-09-02 16:45:00+05:30,499.9468568983498,28.6,90.8,2024,9
2024-09-02 17:00:00+05:30,497.5494253512804,28.7,90.6,2024,9
2024-09-02 17:15:00+05:30,494.6247623058508,28.7,90.6,2024,9
2024-09-02 17:30:00+05:30,488.7999930135509,28.8,90.1,2024,9
2024-09-02 17:45:00+05:30,483.2120077719128,28.8,90.1,2024,9
2024-09-02 18:00:00+05:30,475.24293426897015,28.9,89.7,2024,9
2024-09-02 18:15:00+05:30,472.0881813069204,28.9,89.7,2024,9
2024-09-02 18:30:00+05:30,466.0266647219772,29.0,89.3,2024,9
2024-09-02 18:45:00+05:30,460.1237618909875,29.0,89.3,2024,9
2024-09-02 19:00:00+05:30,456.431888157048,29.2,88.7,2024,9
2024-09-02 19:15:00+05:30,447.4514102213303,29.2,88.7,2024,9
2024-09-02 19:30:00+05:30,443.03809696990135,29.3,88.0,2024,9
2024-09-02 19:45:00+05:30,433.8484265519264,29.3,88.0,2024,9
2024-09-02 20:00:00+05:30,424.2125709149775,29.4,87.6,2024,9
2024-09-02 20:15:00+05:30,417.7351317719733,29.4,87.6,2024,9
2024-09-02 20:30:00+05:30,413.0654586838125,29.4,87.4,2024,9
2024-09-02 20:45:00+05:30,407.9248724743212,29.4,87.4,2024,9
2024-09-02 21:00:00+05:30,402.1878628734886,29.4,87.5,2024,9
2024-09-02 21:15:00+05:30,398.8078035250215,29.4,87.5,2024,9
2024-09-02 21:30:00+05:30,394.30969897693615,29.5,87.3,2024,9
2024-09-02 21:45:00+05:30,390.4849442417855,29.5,87.3,2024,9
2024-09-02 22:00:00+05:30,386.1054457595994,29.4,87.2,2024,9
2024-09-02 22:15:00+05:30,381.1619196241429,29.4,87.2,2024,9
2024-09-02 22:30:00+05:30,378.06691123609033,29.4,87.6,2024,9
2024-09-02 22:45:00+05:30,371.1279128125324,29.4,87.6,2024,9
2024-09-02 23:00:00+05:30,368.0127192698485,29.3,87.6,2024,9
2024-09-02 23:15:00+05:30,363.3893601015464,29.3,87.6,2024,9
2024-09-02 23:30:00+05:30,357.6412439374142,29.2,88.4,2024,9
2024-09-02 23:45:00+05:30,352.3608436764831,29.2,88.4,2024,9
2024-09-03 00:00:00+05:30,347.0,27.933333333333337,95.53333333333332,2024,9
2024-09-03 00:15:00+05:30,341.0,27.933333333333337,95.46666666666664,2024,9
2024-09-03 00:30:00+05:30,337.0,27.866666666666664,95.3,2024,9
2024-09-03 00:45:00+05:30,331.0,27.83333333333333,95.03333333333336,2024,9
2024-09-03 01:00:00+05:30,325.0,27.899999999999995,94.8,2024,9
2024-09-03 01:15:00+05:30,320.0,27.866666666666664,95.2,2024,9
2024-09-03 01:30:00+05:30,317.0,27.866666666666664,95.2,2024,9
2024-09-03 01:45:00+05:30,314.0,27.866666666666664,95.1,2024,9
2024-09-03 02:00:00+05:30,311.0,27.866666666666664,95.13333333333333,2024,9
2024-09-03 02:15:00+05:30,309.0,27.866666666666664,95.53333333333332,2024,9
2024-09-03 02:30:00+05:30,305.0,27.83333333333333,94.63333333333333,2024,9
2024-09-03 02:45:00+05:30,303.0,27.8,94.90000000000002,2024,9
2024-09-03 03:00:00+05:30,301.0,27.8,94.73333333333332,2024,9
2024-09-03 03:15:00+05:30,299.0,27.866666666666664,94.0,2024,9
2024-09-03 03:30:00+05:30,295.0,27.73333333333333,94.3,2024,9
2024-09-03 03:45:00+05:30,293.0,27.73333333333333,94.43333333333332,2024,9
2024-09-03 04:00:00+05:30,294.0,27.666666666666668,94.66666666666669,2024,9
2024-09-03 04:15:00+05:30,294.0,27.666666666666668,95.0,2024,9
2024-09-03 04:30:00+05:30,296.0,27.73333333333333,95.09999999999998,2024,9
2024-09-03 04:45:00+05:30,296.0,27.73333333333333,95.16666666666669,2024,9
2024-09-03 05:00:00+05:30,300.0,27.766666666666666,95.26666666666664,2024,9
2024-09-03 05:15:00+05:30,302.0,27.8,95.26666666666668,2024,9
2024-09-03 05:30:00+05:30,306.0,27.766666666666666,94.8,2024,9
2024-09-03 05:45:00+05:30,314.0,27.766666666666666,94.43333333333334,2024,9
2024-09-03 06:00:00+05:30,323.0,27.7,94.66666666666669,2024,9
2024-09-03 06:15:00+05:30,331.0,27.7,95.03333333333336,2024,9
2024-09-03 06:30:00+05:30,339.0,27.666666666666668,94.9,2024,9
2024-09-03 06:45:00+05:30,349.0,27.7,95.3,2024,9
2024-09-03 07:00:00+05:30,364.0,27.7,95.33333333333331,2024,9
2024-09-03 07:15:00+05:30,379.0,27.5,96.73333333333332,2024,9
2024-09-03 07:30:00+05:30,396.0,27.433333333333334,96.4,2024,9
2024-09-03 07:45:00+05:30,411.0,27.566666666666663,96.76666666666668,2024,9
2024-09-03 08:00:00+05:30,434.0,27.766666666666666,96.6,2024,9
2024-09-03 08:15:00+05:30,456.0,28.066666666666663,96.4,2024,9
2024-09-03 08:30:00+05:30,474.0,28.3,95.26666666666668,2024,9
2024-09-03 08:45:00+05:30,489.0,28.2,94.8,2024,9
2024-09-03 09:00:00+05:30,498.0,28.399999999999995,95.13333333333333,2024,9
2024-09-03 09:15:00+05:30,509.0,28.666666666666668,93.59999999999998,2024,9
2024-09-03 09:30:00+05:30,522.0,28.8,92.43333333333334,2024,9
2024-09-03 09:45:00+05:30,532.0,28.9,92.26666666666668,2024,9
2024-09-03 10:00:00+05:30,535.0,29.0,91.5,2024,9
2024-09-03 10:15:00+05:30,540.0,29.03333333333333,91.16666666666669,2024,9
2024-09-03 10:30:00+05:30,546.0,29.1,91.06666666666666,2024,9
2024-09-03 10:45:00+05:30,547.0,29.366666666666664,90.86666666666667,2024,9
2024-09-03 11:00:00+05:30,549.0,29.33333333333333,90.13333333333333,2024,9
2024-09-03 11:15:00+05:30,547.0,29.5,89.7,2024,9
2024-09-03 11:30:00+05:30,547.0,29.666666666666668,88.96666666666665,2024,9
2024-09-03 11:45:00+05:30,545.0,29.26666666666667,90.36666666666667,2024,9
2024-09-03 12:00:00+05:30,544.0,29.6,90.56666666666666,2024,9
2024-09-03 12:15:00+05:30,540.0,29.63333333333333,89.73333333333333,2024,9
2024-09-03 12:30:00+05:30,538.0,28.9,89.83333333333333,2024,9
2024-09-03 12:45:00+05:30,536.0,29.3,90.7,2024,9
2024-09-03 13:00:00+05:30,534.0,29.53333333333333,89.13333333333333,2024,9
2024-09-03 13:15:00+05:30,529.0,29.666666666666668,86.56666666666666,2024,9
2024-09-03 13:30:00+05:30,526.0,29.83333333333333,86.56666666666666,2024,9
2024-09-03 13:45:00+05:30,526.0,30.03333333333333,85.53333333333335,2024,9
2024-09-03 14:00:00+05:30,532.0,30.3,84.10000000000001,2024,9
2024-09-03 14:15:00+05:30,534.0,30.46666666666667,84.26666666666667,2024,9
2024-09-03 14:30:00+05:30,538.0,30.7,83.6,2024,9
2024-09-03 14:45:00+05:30,538.0,30.73333333333333,83.73333333333333,2024,9
2024-09-03 15:00:00+05:30,537.0,30.666666666666668,82.89999999999999,2024,9
2024-09-03 15:15:00+05:30,536.0,30.466666666666665,83.53333333333335,2024,9
2024-09-03 15:30:00+05:30,536.0,30.366666666666664,83.6,2024,9
2024-09-03 15:45:00+05:30,534.0,30.03333333333333,84.13333333333334,2024,9
2024-09-03 16:00:00+05:30,532.0,30.166666666666668,83.26666666666667,2024,9
2024-09-03 16:15:00+05:30,528.0,30.1,85.13333333333333,2024,9
2024-09-03 16:30:00+05:30,522.0,29.933333333333334,85.90000000000002,2024,9
2024-09-03 16:45:00+05:30,519.0,29.899999999999995,85.89999999999999,2024,9
2024-09-03 17:00:00+05:30,517.0,29.633333333333336,86.96666666666668,2024,9
2024-09-03 17:15:00+05:30,513.0,29.433333333333334,87.53333333333335,2024,9
2024-09-03 17:30:00+05:30,504.0,29.2,88.09999999999998,2024,9
2024-09-03 17:45:00+05:30,499.0,29.1,88.83333333333333,2024,9
2024-09-03 18:00:00+05:30,491.0,28.96666666666667,88.39999999999999,2024,9
2024-09-03 18:15:00+05:30,482.0,28.7,89.7,2024,9
2024-09-03 18:30:00+05:30,475.0,28.5,90.13333333333333,2024,9
2024-09-03 18:45:00+05:30,471.0,28.3,91.76666666666668,2024,9
2024-09-03 19:00:00+05:30,466.0,28.266666666666666,91.36666666666667,2024,9
2024-09-03 19:15:00+05:30,457.0,28.1,91.73333333333336,2024,9
2024-09-03 19:30:00+05:30,451.0,27.933333333333337,92.83333333333331,2024,9
2024-09-03 19:45:00+05:30,443.0,27.9,92.96666666666664,2024,9
2024-09-03 20:00:00+05:30,433.0,27.866666666666664,93.2,2024,9
2024-09-03 20:15:00+05:30,427.0,27.8,93.16666666666669,2024,9
2024-09-03 20:30:00+05:30,421.0,27.766666666666666,92.93333333333332,2024,9
2024-09-03 20:45:00+05:30,416.0,27.76666666666667,92.83333333333331,2024,9
2024-09-03 21:00:00+05:30,408.0,27.73333333333333,92.83333333333331,2024,9
2024-09-03 21:15:00+05:30,404.0,27.8,91.76666666666668,2024,9
2024-09-03 21:30:00+05:30,397.0,27.866666666666664,91.8,2024,9
2024-09-03 21:45:00+05:30,394.0,27.96666666666667,91.93333333333334,2024,9
2024-09-03 22:00:00+05:30,389.0,27.96666666666667,91.9,2024,9
2024-09-03 22:15:00+05:30,385.0,27.96666666666667,91.9,2024,9
2024-09-03 22:30:00+05:30,382.0,28.0,92.16666666666669,2024,9
2024-09-03 22:45:00+05:30,378.0,28.066666666666663,91.63333333333333,2024,9
2024-09-03 23:00:00+05:30,370.0,28.100000000000005,91.4,2024,9
2024-09-03 23:15:00+05:30,365.0,28.066666666666663,91.23333333333332,2024,9
2024-09-03 23:30:00+05:30,359.0,28.066666666666663,91.56666666666666,2024,9
2024-09-03 23:45:00+05:30,356.0,28.1,91.83333333333331,2024,9
2024-09-04 00:00:00+05:30,351.06601438442306,28.1,92.1,2024,9
2024-09-04 00:15:00+05:30,347.8622070835007,28.03333333333333,91.93333333333334,2024,9
2024-09-04 00:30:00+05:30,343.428902249338,28.0,92.03333333333336,2024,9
2024-09-04 00:45:00+05:30,338.552535391533,27.96666666666667,92.03333333333336,2024,9
2024-09-04 01:00:00+05:30,331.26948746645684,27.866666666666664,91.63333333333333,2024,9
2024-09-04 01:15:00+05:30,325.47054180213024,27.9,91.53333333333336,2024,9
2024-09-04 01:30:00+05:30,322.60607867357385,27.83333333333333,91.93333333333334,2024,9
2024-09-04 01:45:00+05:30,317.89725528402096,27.8,92.36666666666667,2024,9
2024-09-04 02:00:00+05:30,315.133959604476,27.899999999999995,92.4,2024,9
2024-09-04 02:15:00+05:30,311.29369801432864,27.96666666666667,91.93333333333334,2024,9
2024-09-04 02:30:00+05:30,309.0299927197088,27.96666666666667,91.56666666666668,2024,9
2024-09-04 02:45:00+05:30,307.1570493697504,27.933333333333334,91.46666666666664,2024,9
2024-09-04 03:00:00+05:30,304.5624184148542,27.9,91.53333333333336,2024,9
2024-09-04 03:15:00+05:30,302.9617587464802,27.933333333333334,91.23333333333332,2024,9
2024-09-04 03:30:00+05:30,300.38976230452755,27.9,91.7,2024,9
2024-09-04 03:45:00+05:30,300.97042949305114,27.933333333333334,91.63333333333333,2024,9
2024-09-04 04:00:00+05:30,299.80354163476187,27.96666666666667,92.0,2024,9
2024-09-04 04:15:00+05:30,298.85183610396706,27.96666666666667,91.63333333333333,2024,9
2024-09-04 04:30:00+05:30,299.12305787197226,27.933333333333334,91.5,2024,9
2024-09-04 04:45:00+05:30,298.42539629244806,27.933333333333334,91.33333333333331,2024,9
2024-09-04 05:00:00+05:30,300.46278006330874,27.866666666666664,90.9,2024,9
2024-09-04 05:15:00+05:30,301.9720932714801,27.73333333333333,92.5,2024,9
2024-09-04 05:30:00+05:30,306.79714952572425,27.633333333333336,92.8,2024,9
2024-09-04 05:45:00+05:30,312.29347343684606,27.633333333333336,93.63333333333333,2024,9
2024-09-04 06:00:00+05:30,322.6304821178976,27.633333333333336,93.36666666666667,2024,9
2024-09-04 06:15:00+05:30,329.7008346539186,27.633333333333336,93.90000000000002,2024,9
2024-09-04 06:30:00+05:30,340.3263731323988,27.600000000000005,93.6,2024,9
2024-09-04 06:45:00+05:30,350.32564159730737,27.566666666666663,93.06666666666666,2024,9
2024-09-04 07:00:00+05:30,366.210873209026,27.666666666666668,93.46666666666664,2024,9
2024-09-04 07:15:00+05:30,381.9676887963207,27.76666666666667,93.23333333333332,2024,9
2024-09-04 07:30:00+05:30,399.2592553547219,27.933333333333334,92.83333333333331,2024,9
2024-09-04 07:45:00+05:30,415.89357463085776,28.2,92.59999999999998,2024,9
2024-09-04 08:00:00+05:30,436.0280190156688,28.366666666666664,91.73333333333332,2024,9
2024-09-04 08:15:00+05:30,456.86847491892365,28.33333333333333,91.5,2024,9
2024-09-04 08:30:00+05:30,473.9118001168745,28.5,91.36666666666667,2024,9
2024-09-04 08:45:00+05:30,489.0308387616666,28.666666666666668,90.5,2024,9
2024-09-04 09:00:00+05:30,501.900361725122,28.83333333333333,89.53333333333335,2024,9
2024-09-04 09:15:00+05:30,512.7404941781425,28.96666666666667,88.60000000000001,2024,9
2024-09-04 09:30:00+05:30,522.2460888926903,29.2,87.16666666666667,2024,9
2024-09-04 09:45:00+05:30,530.0821990504481,29.4,86.36666666666667,2024,9
2024-09-04 10:00:00+05:30,537.9725270881582,29.566666666666663,84.93333333333334,2024,9
2024-09-04 10:15:00+05:30,544.38485298872,29.83333333333333,83.2,2024,9
2024-09-04 10:30:00+05:30,549.7829349814148,29.96666666666667,82.60000000000001,2024,9
2024-09-04 10:45:00+05:30,550.0110181348502,29.9,82.6,2024,9
2024-09-04 11:00:00+05:30,549.8079230282034,30.23333333333333,81.26666666666667,2024,9
2024-09-04 11:15:00+05:30,549.1077557668708,30.566666666666663,80.4,2024,9
2024-09-04 11:30:00+05:30,548.5157923450025,30.73333333333333,79.43333333333334,2024,9
2024-09-04 11:45:00+05:30,546.8554948314202,30.766666666666666,79.83333333333333,2024,9
2024-09-04 12:00:00+05:30,546.4492610874727,31.133333333333336,78.13333333333333,2024,9
2024-09-04 12:15:00+05:30,545.4951168566756,31.166666666666668,78.0,2024,9
2024-09-04 12:30:00+05:30,542.2842376221118,31.066666666666663,78.56666666666668,2024,9
2024-09-04 12:45:00+05:30,540.4717245854679,31.2,78.3,2024,9
2024-09-04 13:00:00+05:30,537.7228577533259,30.666666666666668,80.60000000000001,2024,9
2024-09-04 13:15:00+05:30,534.8047463876536,31.1,79.10000000000001,2024,9
2024-09-04 13:30:00+05:30,531.5717988717934,31.33333333333333,79.16666666666666,2024,9
2024-09-04 13:45:00+05:30,534.3473595433668,31.33333333333333,78.10000000000001,2024,9
2024-09-04 14:00:00+05:30,539.897022537766,31.53333333333333,76.66666666666667,2024,9
2024-09-04 14:15:00+05:30,540.4181729610601,31.066666666666663,78.56666666666666,2024,9
2024-09-04 14:30:00+05:30,536.5998609382657,30.2,80.46666666666665,2024,9
2024-09-04 14:45:00+05:30,539.9001237562325,30.73333333333333,79.46666666666667,2024,9
2024-09-04 15:00:00+05:30,541.9256009570174,30.9,78.96666666666667,2024,9
2024-09-04 15:15:00+05:30,540.5628034278029,31.066666666666663,79.60000000000001,2024,9
2024-09-04 15:30:00+05:30,538.1408860096391,30.76666666666667,80.0,2024,9
2024-09-04 15:45:00+05:30,532.2911227075969,30.766666666666666,80.10000000000001,2024,9
2024-09-04 16:00:00+05:30,531.8773811214814,30.46666666666667,81.0,2024,9
2024-09-04 16:15:00+05:30,526.4381812500143,30.03333333333333,84.33333333333333,2024,9
2024-09-04 16:30:00+05:30,523.0577581798161,30.066666666666663,82.89999999999999,2024,9
2024-09-04 16:45:00+05:30,519.0076070525586,29.633333333333336,84.2,2024,9
2024-09-04 17:00:00+05:30,518.1008231001823,29.4,85.1,2024,9
2024-09-04 17:15:00+05:30,509.4552186457656,29.633333333333336,84.96666666666665,2024,9
2024-09-04 17:30:00+05:30,504.04034704497184,29.666666666666668,85.16666666666667,2024,9
2024-09-04 17:45:00+05:30,498.6103482022624,29.0,87.43333333333334,2024,9
2024-09-04 18:00:00+05:30,490.6772433658795,28.766666666666666,87.36666666666667,2024,9
2024-09-04 18:15:00+05:30,482.0229228553392,28.8,88.23333333333335,2024,9
2024-09-04 18:30:00+05:30,476.8278680199677,28.600000000000005,89.0,2024,9
2024-09-04 18:45:00+05:30,474.2752180678544,28.5,89.83333333333333,2024,9
2024-09-04 19:00:00+05:30,470.1919526753909,28.433333333333334,90.26666666666668,2024,9
2024-09-04 19:15:00+05:30,459.1483795187059,28.33333333333333,90.40000000000002,2024,9
2024-09-04 19:30:00+05:30,450.11341466572594,28.33333333333333,91.03333333333336,2024,9
2024-09-04 19:45:00+05:30,443.0315067162848,28.23333333333333,91.63333333333333,2024,9
2024-09-04 20:00:00+05:30,433.98901717198873,28.066666666666663,92.46666666666668,2024,9
2024-09-04 20:15:00+05:30,429.6011407389407,28.066666666666663,92.06666666666668,2024,9
2024-09-04 20:30:00+05:30,427.3860239129508,28.066666666666663,91.7,2024,9
2024-09-04 20:45:00+05:30,418.0372561742512,28.0,91.03333333333336,2024,9
2024-09-04 21:00:00+05:30,411.3684478680684,27.76666666666667,92.66666666666669,2024,9
2024-09-04 21:15:00+05:30,409.3170561088874,27.6,93.56666666666668,2024,9
2024-09-04 21:30:00+05:30,403.1993041644122,27.566666666666663,94.0,2024,9
2024-09-04 21:45:00+05:30,397.4430009585427,27.633333333333336,93.90000000000002,2024,9
2024-09-04 22:00:00+05:30,391.2403039915239,27.666666666666668,95.3,2024,9
2024-09-04 22:15:00+05:30,384.8818662964644,27.766666666666666,94.66666666666669,2024,9
2024-09-04 22:30:00+05:30,384.46273693936007,27.53333333333333,95.4,2024,9
2024-09-04 22:45:00+05:30,380.9649214539508,27.6,95.2,2024,9
2024-09-04 23:00:00+05:30,374.2460190143144,27.7,94.8,2024,9
2024-09-04 23:15:00+05:30,368.24597020956026,27.8,95.13333333333333,2024,9
2024-09-04 23:30:00+05:30,362.42159600034415,27.766666666666666,94.43333333333334,2024,9
2024-09-04 23:45:00+05:30,357.2062675776792,27.6,94.86666666666667,2024,9
2024-09-05 00:00:00+05:30,353.0,27.6,95.3,2024,9
2024-09-05 00:15:00+05:30,349.0,27.7,94.5,2024,9
2024-09-05 00:30:00+05:30,344.0,27.5,94.8,2024,9
2024-09-05 00:45:00+05:30,340.0,27.6,95.0,2024,9
2024-09-05 01:00:00+05:30,333.0,27.3,96.0,2024,9
2024-09-05 01:15:00+05:30,329.0,27.4,95.6,2024,9
2024-09-05 01:30:00+05:30,322.0,27.4,95.8,2024,9
2024-09-05 01:45:00+05:30,317.0,27.4,95.3,2024,9
2024-09-05 02:00:00+05:30,315.0,27.2,96.4,2024,9
2024-09-05 02:15:00+05:30,312.0,27.2,96.3,2024,9
2024-09-05 02:30:00+05:30,310.0,27.2,96.4,2024,9
2024-09-05 02:45:00+05:30,308.0,27.3,96.4,2024,9
2024-09-05 03:00:00+05:30,307.0,27.3,95.6,2024,9
2024-09-05 03:15:00+05:30,306.0,27.3,95.3,2024,9
2024-09-05 03:30:00+05:30,304.0,27.3,94.8,2024,9
2024-09-05 03:45:00+05:30,303.0,27.3,94.1,2024,9
2024-09-05 04:00:00+05:30,302.0,27.4,94.7,2024,9
2024-09-05 04:15:00+05:30,300.0,26.7,96.8,2024,9
2024-09-05 04:30:00+05:30,299.0,26.4,97.0,2024,9
2024-09-05 04:45:00+05:30,298.0,26.5,97.2,2024,9
2024-09-05 05:00:00+05:30,300.0,26.5,96.9,2024,9
2024-09-05 05:15:00+05:30,302.0,26.8,96.6,2024,9
2024-09-05 05:30:00+05:30,306.0,27.0,96.0,2024,9
2024-09-05 05:45:00+05:30,310.0,26.9,96.3,2024,9
2024-09-05 06:00:00+05:30,316.0,27.0,96.0,2024,9
2024-09-05 06:15:00+05:30,323.0,27.0,95.4,2024,9
2024-09-05 06:30:00+05:30,334.0,26.8,96.3,2024,9
2024-09-05 06:45:00+05:30,343.0,26.6,96.9,2024,9
2024-09-05 07:00:00+05:30,356.0,26.7,96.9,2024,9
2024-09-05 07:15:00+05:30,369.0,26.7,97.2,2024,9
2024-09-05 07:30:00+05:30,388.0,26.9,97.2,2024,9
2024-09-05 07:45:00+05:30,404.0,27.1,97.3,2024,9
2024-09-05 08:00:00+05:30,426.0,27.3,96.7,2024,9
2024-09-05 08:15:00+05:30,451.0,27.5,96.2,2024,9
2024-09-05 08:30:00+05:30,468.0,27.7,95.1,2024,9
2024-09-05 08:45:00+05:30,483.0,27.8,94.7,2024,9
2024-09-05 09:00:00+05:30,494.0,28.0,94.3,2024,9
2024-09-05 09:15:00+05:30,506.0,28.1,94.3,2024,9
2024-09-05 09:30:00+05:30,518.0,28.4,94.6,2024,9
2024-09-05 09:45:00+05:30,525.0,28.6,93.8,2024,9
2024-09-05 10:00:00+05:30,531.0,28.7,92.8,2024,9
2024-09-05 10:15:00+05:30,534.0,29.0,91.2,2024,9
2024-09-05 10:30:00+05:30,541.0,29.2,89.7,2024,9
2024-09-05 10:45:00+05:30,544.0,29.7,87.5,2024,9
2024-09-05 11:00:00+05:30,544.0,29.7,86.6,2024,9
2024-09-05 11:15:00+05:30,541.0,29.7,86.7,2024,9
2024-09-05 11:30:00+05:30,541.0,29.9,86.0,2024,9
2024-09-05 11:45:00+05:30,542.0,30.2,84.1,2024,9
2024-09-05 12:00:00+05:30,537.0,30.2,84.2,2024,9
2024-09-05 12:15:00+05:30,533.0,30.1,85.5,2024,9
2024-09-05 12:30:00+05:30,534.0,30.5,83.0,2024,9
2024-09-05 12:45:00+05:30,537.0,30.7,82.0,2024,9
2024-09-05 13:00:00+05:30,532.0,30.6,81.2,2024,9
2024-09-05 13:15:00+05:30,528.0,30.6,81.6,2024,9
2024-09-05 13:30:00+05:30,526.0,30.5,82.4,2024,9
2024-09-05 13:45:00+05:30,531.0,30.0,85.0,2024,9
2024-09-05 14:00:00+05:30,533.0,30.2,83.5,2024,9
2024-09-05 14:15:00+05:30,527.0,29.7,84.3,2024,9
2024-09-05 14:30:00+05:30,529.0,29.5,84.4,2024,9
2024-09-05 14:45:00+05:30,523.0,29.4,85.5,2024,9
2024-09-05 15:00:00+05:30,525.0,29.5,85.3,2024,9
2024-09-05 15:15:00+05:30,525.0,29.5,85.8,2024,9
2024-09-05 15:30:00+05:30,526.0,29.7,84.6,2024,9
2024-09-05 15:45:00+05:30,524.0,29.6,84.9,2024,9
2024-09-05 16:00:00+05:30,525.0,29.6,85.5,2024,9
2024-09-05 16:15:00+05:30,517.0,29.3,86.7,2024,9
2024-09-05 16:30:00+05:30,513.0,29.2,87.9,2024,9
2024-09-05 16:45:00+05:30,506.0,28.5,90.0,2024,9
2024-09-05 17:00:00+05:30,502.0,28.0,91.9,2024,9
2024-09-05 17:15:00+05:30,495.0,27.9,93.1,2024,9
2024-09-05 17:30:00+05:30,489.0,27.9,92.9,2024,9
2024-09-05 17:45:00+05:30,486.0,27.9,92.4,2024,9
2024-09-05 18:00:00+05:30,479.0,27.7,93.8,2024,9
2024-09-05 18:15:00+05:30,470.0,27.2,94.0,2024,9
2024-09-05 18:30:00+05:30,465.0,27.1,94.6,2024,9
2024-09-05 18:45:00+05:30,460.0,27.2,95.2,2024,9
2024-09-05 19:00:00+05:30,454.0,27.3,95.6,2024,9
2024-09-05 19:15:00+05:30,445.0,27.0,96.4,2024,9
2024-09-05 19:30:00+05:30,439.0,26.9,96.5,2024,9
2024-09-05 19:45:00+05:30,432.0,27.0,96.5,2024,9
2024-09-05 20:00:00+05:30,423.0,27.1,96.6,2024,9
2024-09-05 20:15:00+05:30,416.0,27.1,96.6,2024,9
2024-09-05 20:30:00+05:30,411.0,27.1,96.4,2024,9
2024-09-05 20:45:00+05:30,408.0,27.2,96.5,2024,9
2024-09-05 21:00:00+05:30,403.0,27.5,95.5,2024,9
2024-09-05 21:15:00+05:30,397.0,27.4,94.7,2024,9
2024-09-05 21:30:00+05:30,390.0,27.4,94.4,2024,9
2024-09-05 21:45:00+05:30,387.0,27.4,94.6,2024,9
2024-09-05 22:00:00+05:30,383.0,27.5,94.4,2024,9
2024-09-05 22:15:00+05:30,377.0,27.5,94.4,2024,9
2024-09-05 22:30:00+05:30,375.0,27.4,94.9,2024,9
2024-09-05 22:45:00+05:30,371.0,27.4,94.9,2024,9
2024-09-05 23:00:00+05:30,365.0,27.5,94.2,2024,9
2024-09-05 23:15:00+05:30,360.0,27.3,95.3,2024,9
2024-09-05 23:30:00+05:30,353.0,27.3,95.5,2024,9
2024-09-05 23:45:00+05:30,349.0,27.4,95.1,2024,9
2024-09-06 00:00:00+05:30,346.01255948330106,27.03333333333333,96.59999999999998,2024,9
2024-09-06 00:15:00+05:30,343.7051629756878,27.2,97.03333333333336,2024,9
2024-09-06 00:30:00+05:30,338.0051922277448,27.3,97.26666666666664,2024,9
2024-09-06 00:45:00+05:30,331.8773997173341,26.96666666666667,95.96666666666664,2024,9
2024-09-06 01:00:00+05:30,326.37911420425064,27.03333333333333,96.2,2024,9
2024-09-06 01:15:00+05:30,323.1455158258198,27.03333333333333,97.1,2024,9
2024-09-06 01:30:00+05:30,317.1904922784054,27.133333333333336,97.36666666666667,2024,9
2024-09-06 01:45:00+05:30,314.9846996954218,27.23333333333333,97.4,2024,9
2024-09-06 02:00:00+05:30,313.07291968487294,27.266666666666666,97.46666666666664,2024,9
2024-09-06 02:15:00+05:30,310.1232962637477,27.23333333333333,95.93333333333334,2024,9
2024-09-06 02:30:00+05:30,307.6519313827966,27.266666666666666,96.26666666666668,2024,9
2024-09-06 02:45:00+05:30,303.68170363160857,27.3,96.46666666666664,2024,9
2024-09-06 03:00:00+05:30,302.16656971943445,27.366666666666664,95.3,2024,9
2024-09-06 03:15:00+05:30,300.7915568983718,27.433333333333334,95.2,2024,9
2024-09-06 03:30:00+05:30,298.4075280624121,27.5,94.83333333333331,2024,9
2024-09-06 03:45:00+05:30,296.74082151243346,27.5,94.16666666666669,2024,9
2024-09-06 04:00:00+05:30,297.45937308684864,27.46666666666667,93.7,2024,9
2024-09-06 04:15:00+05:30,296.84002676741125,27.5,94.0,2024,9
2024-09-06 04:30:00+05:30,297.62533640284244,27.53333333333333,94.33333333333331,2024,9
2024-09-06 04:45:00+05:30,296.76600693515434,27.5,94.13333333333333,2024,9
2024-09-06 05:00:00+05:30,298.8569960337984,27.53333333333333,94.06666666666666,2024,9
2024-09-06 05:15:00+05:30,303.2426922759157,27.53333333333333,93.76666666666668,2024,9
2024-09-06 05:30:00+05:30,308.53616393198723,27.566666666666663,93.36666666666667,2024,9
2024-09-06 05:45:00+05:30,312.00554090773824,27.600000000000005,93.09999999999998,2024,9
2024-09-06 06:00:00+05:30,319.56596417866456,27.6,93.3,2024,9
2024-09-06 06:15:00+05:30,327.2150340222656,27.566666666666663,93.33333333333331,2024,9
2024-09-06 06:30:00+05:30,335.71904226541415,27.566666666666663,93.23333333333332,2024,9
2024-09-06 06:45:00+05:30,344.86636021400375,27.666666666666668,93.2,2024,9
2024-09-06 07:00:00+05:30,357.02898044694047,27.7,92.7,2024,9
2024-09-06 07:15:00+05:30,370.29466652874856,27.766666666666666,92.56666666666666,2024,9
2024-09-06 07:30:00+05:30,389.89966623718914,28.0,92.36666666666666,2024,9
2024-09-06 07:45:00+05:30,405.64587536055154,28.133333333333336,92.16666666666669,2024,9
2024-09-06 08:00:00+05:30,426.9093367930511,28.266666666666666,91.56666666666666,2024,9
2024-09-06 08:15:00+05:30,448.4254461420114,28.433333333333334,90.53333333333336,2024,9
2024-09-06 08:30:00+05:30,464.5543912998001,28.666666666666668,89.46666666666665,2024,9
2024-09-06 08:45:00+05:30,477.4304846660226,29.0,88.36666666666667,2024,9
2024-09-06 09:00:00+05:30,491.25889015219167,28.933333333333334,88.43333333333334,2024,9
2024-09-06 09:15:00+05:30,503.5301366194757,28.933333333333334,88.26666666666667,2024,9
2024-09-06 09:30:00+05:30,514.9299391555858,29.4,86.83333333333333,2024,9
2024-09-06 09:45:00+05:30,523.964020964315,29.3,86.86666666666667,2024,9
2024-09-06 10:00:00+05:30,529.0860596990676,29.433333333333334,86.93333333333332,2024,9
2024-09-06 10:15:00+05:30,532.5834335504225,29.76666666666667,85.39999999999999,2024,9
2024-09-06 10:30:00+05:30,535.5253081911727,29.83333333333333,84.39999999999999,2024,9
2024-09-06 10:45:00+05:30,537.5983444189368,30.066666666666663,83.26666666666667,2024,9
2024-09-06 11:00:00+05:30,539.2251685658587,30.366666666666664,82.60000000000001,2024,9
2024-09-06 11:15:00+05:30,539.5923329539372,30.566666666666663,81.23333333333333,2024,9
2024-09-06 11:30:00+05:30,535.0229225415319,29.0,86.26666666666667,2024,9
2024-09-06 11:45:00+05:30,531.1941726490052,28.73333333333333,88.13333333333334,2024,9
2024-09-06 12:00:00+05:30,530.2761126074233,28.933333333333337,89.06666666666668,2024,9
2024-09-06 12:15:00+05:30,532.0044243137227,29.4,87.16666666666667,2024,9
2024-09-06 12:30:00+05:30,533.821895203767,29.766666666666666,85.33333333333333,2024,9
2024-09-06 12:45:00+05:30,529.3689515974166,30.1,84.43333333333334,2024,9
2024-09-06 13:00:00+05:30,526.571703632516,30.5,82.3,2024,9
2024-09-06 13:15:00+05:30,522.5449186658583,30.6,81.0,2024,9
2024-09-06 13:30:00+05:30,515.8481652837985,30.53333333333333,81.73333333333333,2024,9
2024-09-06 13:45:00+05:30,519.3049882922451,30.03333333333333,82.7,2024,9
2024-09-06 14:00:00+05:30,518.0010756550428,29.46666666666667,84.5,2024,9
2024-09-06 14:15:00+05:30,517.531682050296,29.53333333333333,82.66666666666667,2024,9
2024-09-06 14:30:00+05:30,519.0219260840191,29.066666666666663,84.2,2024,9
2024-09-06 14:45:00+05:30,519.1845127380478,28.933333333333337,85.73333333333333,2024,9
2024-09-06 15:00:00+05:30,517.8684405839276,28.83333333333333,86.16666666666667,2024,9
2024-09-06 15:15:00+05:30,514.4340553717402,28.8,86.53333333333335,2024,9
2024-09-06 15:30:00+05:30,507.70864976611904,28.633333333333336,87.13333333333333,2024,9
2024-09-06 15:45:00+05:30,502.1137646739931,28.466666666666665,87.96666666666665,2024,9
2024-09-06 16:00:00+05:30,498.5456893427167,28.4,88.63333333333334,2024,9
2024-09-06 16:15:00+05:30,495.2896812897238,28.566666666666663,87.63333333333334,2024,9
2024-09-06 16:30:00+05:30,494.30833306540825,29.1,85.8,2024,9
2024-09-06 16:45:00+05:30,491.97713284931086,28.9,86.36666666666667,2024,9
2024-09-06 17:00:00+05:30,488.9640872446306,28.73333333333333,88.86666666666667,2024,9
2024-09-06 17:15:00+05:30,487.1182903776922,28.933333333333334,87.76666666666665,2024,9
2024-09-06 17:30:00+05:30,481.5533190107996,28.96666666666667,85.2,2024,9
2024-09-06 17:45:00+05:30,472.3945614927784,28.866666666666664,86.10000000000001,2024,9
2024-09-06 18:00:00+05:30,466.3185672122387,28.8,86.66666666666667,2024,9
2024-09-06 18:15:00+05:30,460.1069534415633,28.73333333333333,86.56666666666666,2024,9
2024-09-06 18:30:00+05:30,458.87449093099815,28.633333333333336,87.33333333333333,2024,9
2024-09-06 18:45:00+05:30,453.7680528248324,28.566666666666663,86.93333333333334,2024,9
2024-09-06 19:00:00+05:30,446.4656045112819,28.46666666666667,86.5,2024,9
2024-09-06 19:15:00+05:30,439.2184247503865,28.4,87.03333333333335,2024,9
2024-09-06 19:30:00+05:30,432.4894125210293,28.33333333333333,88.13333333333333,2024,9
2024-09-06 19:45:00+05:30,425.13101202502014,28.366666666666664,87.63333333333333,2024,9
2024-09-06 20:00:00+05:30,418.47172841777297,28.3,88.13333333333333,2024,9
2024-09-06 20:15:00+05:30,413.16396329227007,28.1,88.96666666666665,2024,9
2024-09-06 20:30:00+05:30,409.9287997406582,28.166666666666668,88.89999999999999,2024,9
2024-09-06 20:45:00+05:30,403.7900241235717,28.2,88.33333333333333,2024,9
2024-09-06 21:00:00+05:30,397.9921006799694,28.2,88.13333333333333,2024,9
2024-09-06 21:15:00+05:30,395.3737838943431,28.166666666666668,87.93333333333332,2024,9
2024-09-06 21:30:00+05:30,390.32808317172737,28.1,88.63333333333333,2024,9
2024-09-06 21:45:00+05:30,385.0710474846344,28.133333333333336,89.03333333333335,2024,9
2024-09-06 22:00:00+05:30,376.1517378527258,28.1,89.26666666666667,2024,9
2024-09-06 22:15:00+05:30,373.3353138341687,27.933333333333337,90.66666666666669,2024,9
2024-09-06 22:30:00+05:30,368.0385988028497,27.866666666666664,90.66666666666669,2024,9
2024-09-06 22:45:00+05:30,363.5404590308336,27.866666666666664,90.7,2024,9
2024-09-06 23:00:00+05:30,362.0884528591693,27.866666666666664,91.13333333333333,2024,9
2024-09-06 23:15:00+05:30,357.5540788008387,27.899999999999995,91.8,2024,9
2024-09-06 23:30:00+05:30,352.19788464223745,27.933333333333334,91.73333333333336,2024,9
2024-09-06 23:45:00+05:30,350.7973752318013,27.96666666666667,91.76666666666668,2024,9
2024-09-07 00:00:00+05:30,345.9036442364547,28.0,91.3,2024,9
2024-09-07 00:15:00+05:30,342.37094189617466,28.0,91.5,2024,9
2024-09-07 00:30:00+05:30,339.70943022048834,28.0,91.3,2024,9
2024-09-07 00:45:00+05:30,333.3401860897579,28.0,91.1,2024,9
2024-09-07 01:00:00+05:30,330.3989173483813,28.0,91.2,2024,9
2024-09-07 01:15:00+05:30,324.92197469932074,28.0,90.9,2024,9
2024-09-07 01:30:00+05:30,319.6433415154487,27.9,91.0,2024,9
2024-09-07 01:45:00+05:30,316.2140023028905,27.9,90.9,2024,9
2024-09-07 02:00:00+05:30,314.10322521757394,27.9,91.3,2024,9
2024-09-07 02:15:00+05:30,310.88470132300444,27.9,91.0,2024,9
2024-09-07 02:30:00+05:30,306.30790242186424,27.8,91.1,2024,9
2024-09-07 02:45:00+05:30,302.5896171097188,27.8,90.6,2024,9
2024-09-07 03:00:00+05:30,301.58993836412475,27.8,90.7,2024,9
2024-09-07 03:15:00+05:30,300.2445345509876,27.8,90.7,2024,9
2024-09-07 03:30:00+05:30,298.37948423207865,27.8,91.2,2024,9
2024-09-07 03:45:00+05:30,295.71958454835413,27.8,91.0,2024,9
2024-09-07 04:00:00+05:30,294.6987494385066,27.7,91.0,2024,9
2024-09-07 04:15:00+05:30,293.5951314214239,27.7,91.3,2024,9
2024-09-07 04:30:00+05:30,292.5526051453616,27.6,91.4,2024,9
2024-09-07 04:45:00+05:30,291.5175080742177,27.7,91.3,2024,9
2024-09-07 05:00:00+05:30,291.5463320941112,27.7,91.2,2024,9
2024-09-07 05:15:00+05:30,292.4739195282286,27.7,91.1,2024,9
2024-09-07 05:30:00+05:30,294.02969290022804,27.8,90.8,2024,9
2024-09-07 05:45:00+05:30,295.5345132991213,27.8,90.4,2024,9
2024-09-07 06:00:00+05:30,297.5268731940255,27.8,90.1,2024,9
2024-09-07 06:15:00+05:30,298.7469517899962,27.7,90.4,2024,9
2024-09-07 06:30:00+05:30,301.7115061052147,27.7,90.4,2024,9
2024-09-07 06:45:00+05:30,303.07242712962113,27.7,90.7,2024,9
2024-09-07 07:00:00+05:30,305.215856889854,27.7,91.1,2024,9
2024-09-07 07:15:00+05:30,309.2396568168796,27.8,91.8,2024,9
2024-09-07 07:30:00+05:30,316.02065020000845,27.7,93.7,2024,9
2024-09-07 07:45:00+05:30,316.9382798783164,27.7,93.1,2024,9
2024-09-07 08:00:00+05:30,325.2939758374837,27.8,93.3,2024,9
2024-09-07 08:15:00+05:30,333.8796236104829,28.0,92.0,2024,9
2024-09-07 08:30:00+05:30,336.80716113703375,27.8,92.1,2024,9
2024-09-07 08:45:00+05:30,339.35430907330874,27.8,92.3,2024,9
2024-09-07 09:00:00+05:30,345.8107824670729,28.4,90.6,2024,9
2024-09-07 09:15:00+05:30,350.6486205351759,28.9,88.1,2024,9
2024-09-07 09:30:00+05:30,357.0026059841448,29.1,86.9,2024,9
2024-09-07 09:45:00+05:30,362.5401837487906,29.3,85.8,2024,9
2024-09-07 10:00:00+05:30,367.5268020307024,29.6,84.2,2024,9
2024-09-07 10:15:00+05:30,372.726355704988,29.8,83.7,2024,9
2024-09-07 10:30:00+05:30,374.7506974771151,30.0,83.1,2024,9
2024-09-07 10:45:00+05:30,376.3156291972275,30.2,82.0,2024,9
2024-09-07 11:00:00+05:30,379.2527181656701,30.6,81.4,2024,9
2024-09-07 11:15:00+05:30,382.8401280181953,30.8,80.5,2024,9
2024-09-07 11:30:00+05:30,384.3010445557562,30.5,81.1,2024,9
2024-09-07 11:45:00+05:30,382.1505577578311,30.7,81.7,2024,9
2024-09-07 12:00:00+05:30,381.86691966735697,29.8,84.1,2024,9
2024-09-07 12:15:00+05:30,381.3637550853616,30.1,84.0,2024,9
2024-09-07 12:30:00+05:30,379.2738907748628,30.3,82.6,2024,9
2024-09-07 12:45:00+05:30,376.3760130685853,30.6,82.6,2024,9
2024-09-07 13:00:00+05:30,375.5282980907837,30.7,81.5,2024,9
2024-09-07 13:15:00+05:30,372.5532143058044,31.1,79.9,2024,9
2024-09-07 13:30:00+05:30,368.7039685535829,30.5,81.0,2024,9
2024-09-07 13:45:00+05:30,370.0200251550604,31.0,80.9,2024,9
2024-09-07 14:00:00+05:30,369.4622016443363,31.2,79.9,2024,9
2024-09-07 14:15:00+05:30,372.9988139508733,31.3,78.6,2024,9
2024-09-07 14:30:00+05:30,374.5163462751896,31.3,79.2,2024,9
2024-09-07 14:45:00+05:30,370.6141711347103,30.7,80.6,2024,9
2024-09-07 15:00:00+05:30,370.80980226769,30.7,81.8,2024,9
2024-09-07 15:15:00+05:30,370.806881768008,30.6,80.2,2024,9
2024-09-07 15:30:00+05:30,368.98874248287535,30.8,80.6,2024,9
2024-09-07 15:45:00+05:30,368.0860698005508,30.8,80.5,2024,9
2024-09-07 16:00:00+05:30,367.737100462817,30.8,79.7,2024,9
2024-09-07 16:15:00+05:30,364.345235529836,30.5,80.6,2024,9
2024-09-07 16:30:00+05:30,365.14557219943606,30.5,80.0,2024,9
2024-09-07 16:45:00+05:30,363.7300362951262,30.2,82.0,2024,9
2024-09-07 17:00:00+05:30,364.4222469321956,30.4,78.5,2024,9
2024-09-07 17:15:00+05:30,363.903657551127,30.4,79.3,2024,9
2024-09-07 17:30:00+05:30,362.1571046984653,29.9,81.4,2024,9
2024-09-07 17:45:00+05:30,361.7977466833493,30.1,82.1,2024,9
2024-09-07 18:00:00+05:30,362.7691411408942,29.9,81.5,2024,9
2024-09-07 18:15:00+05:30,363.6227940173071,29.7,81.6,2024,9
2024-09-07 18:30:00+05:30,366.1619835008773,29.3,83.9,2024,9
2024-09-07 18:45:00+05:30,371.0245227437875,29.0,84.7,2024,9
2024-09-07 19:00:00+05:30,373.277025510448,28.9,85.1,2024,9
2024-09-07 19:15:00+05:30,372.2968162799303,28.7,85.7,2024,9
2024-09-07 19:30:00+05:30,370.64623702410137,28.6,87.1,2024,9
2024-09-07 19:45:00+05:30,368.5432854983266,28.5,86.5,2024,9
2024-09-07 20:00:00+05:30,366.8719229567775,28.6,87.0,2024,9
2024-09-07 20:15:00+05:30,366.0636328659733,28.4,87.3,2024,9
2024-09-07 20:30:00+05:30,364.55389214781263,28.3,88.3,2024,9
2024-09-07 20:45:00+05:30,363.1398692781211,28.3,88.4,2024,9
2024-09-07 21:00:00+05:30,360.86623909148864,28.2,89.0,2024,9
2024-09-07 21:15:00+05:30,361.3580692386215,28.2,88.7,2024,9
2024-09-07 21:30:00+05:30,360.685521540936,28.2,88.9,2024,9
2024-09-07 21:45:00+05:30,358.4550783969855,28.1,89.5,2024,9
2024-09-07 22:00:00+05:30,354.1779264953996,28.1,90.6,2024,9
2024-09-07 22:15:00+05:30,351.1776313105429,28.0,90.9,2024,9
2024-09-07 22:30:00+05:30,348.8194514824904,28.0,90.1,2024,9
2024-09-07 22:45:00+05:30,344.7686667729326,28.1,89.8,2024,9
2024-09-07 23:00:00+05:30,342.5973781498485,28.1,89.9,2024,9
2024-09-07 23:15:00+05:30,339.9283492295463,28.1,90.2,2024,9
2024-09-07 23:30:00+05:30,337.17828979161425,28.0,90.5,2024,9
2024-09-07 23:45:00+05:30,333.8240214052832,28.0,90.8,2024,9
2024-09-08 00:00:00+05:30,328.6507345381965,28.0,89.96666666666665,2024,9
2024-09-08 00:15:00+05:30,324.4014379219728,28.0,89.89999999999999,2024,9
2024-09-08 00:30:00+05:30,322.2577002415676,27.96666666666667,90.16666666666669,2024,9
2024-09-08 00:45:00+05:30,316.73470328701904,27.933333333333334,90.03333333333335,2024,9
2024-09-08 01:00:00+05:30,311.0104264349725,27.933333333333334,90.2,2024,9
2024-09-08 01:15:00+05:30,307.2351505156485,27.866666666666664,90.43333333333334,2024,9
2024-09-08 01:30:00+05:30,303.6764335596673,27.83333333333333,90.2,2024,9
2024-09-08 01:45:00+05:30,300.19051657587687,27.73333333333333,90.66666666666669,2024,9
2024-09-08 02:00:00+05:30,297.14805262963546,27.73333333333333,90.73333333333336,2024,9
2024-09-08 02:15:00+05:30,294.4346554872116,27.73333333333333,90.73333333333336,2024,9
2024-09-08 02:30:00+05:30,294.5623788389339,27.7,90.83333333333331,2024,9
2024-09-08 02:45:00+05:30,290.5966314739452,27.666666666666668,90.43333333333332,2024,9
2024-09-08 03:00:00+05:30,287.8528081003524,27.600000000000005,89.93333333333334,2024,9
2024-09-08 03:15:00+05:30,285.73390579098407,27.5,90.26666666666668,2024,9
2024-09-08 03:30:00+05:30,283.6238928003848,27.46666666666667,90.83333333333331,2024,9
2024-09-08 03:45:00+05:30,283.0773269543602,27.433333333333337,90.96666666666664,2024,9
2024-09-08 04:00:00+05:30,282.2085456138036,27.366666666666664,90.76666666666664,2024,9
2024-09-08 04:15:00+05:30,281.36480294681246,27.33333333333333,91.43333333333332,2024,9
2024-09-08 04:30:00+05:30,281.5695859952398,27.366666666666664,92.1,2024,9
2024-09-08 04:45:00+05:30,280.9883078452202,27.33333333333333,92.86666666666667,2024,9
2024-09-08 05:00:00+05:30,280.8863359222136,27.4,92.7,2024,9
2024-09-08 05:15:00+05:30,281.9937493121617,27.4,92.6,2024,9
2024-09-08 05:30:00+05:30,283.2448475027104,27.4,92.46666666666664,2024,9
2024-09-08 05:45:00+05:30,284.9488154822802,27.433333333333334,92.23333333333332,2024,9
2024-09-08 06:00:00+05:30,286.76469145616835,27.433333333333337,92.59999999999998,2024,9
2024-09-08 06:15:00+05:30,288.1169799754303,27.33333333333333,92.46666666666664,2024,9
2024-09-08 06:30:00+05:30,290.3955373369167,27.3,92.40000000000002,2024,9
2024-09-08 06:45:00+05:30,290.88159215558034,27.3,92.26666666666668,2024,9
2024-09-08 07:00:00+05:30,294.6743376234492,27.399999999999995,92.26666666666668,2024,9
2024-09-08 07:15:00+05:30,298.5436125762776,27.433333333333334,92.03333333333336,2024,9
2024-09-08 07:30:00+05:30,305.81187659612806,27.7,91.96666666666664,2024,9
2024-09-08 07:45:00+05:30,309.732679517961,28.0,91.7,2024,9
2024-09-08 08:00:00+05:30,316.7914067939706,28.33333333333333,90.96666666666664,2024,9
2024-09-08 08:15:00+05:30,324.28380016069667,28.633333333333336,89.86666666666667,2024,9
2024-09-08 08:30:00+05:30,329.5590571531926,28.83333333333333,88.13333333333333,2024,9
2024-09-08 08:45:00+05:30,335.0467541207521,29.03333333333333,87.36666666666667,2024,9
2024-09-08 09:00:00+05:30,341.1398401965106,28.866666666666664,87.3,2024,9
2024-09-08 09:15:00+05:30,347.2507367833056,28.766666666666666,87.86666666666666,2024,9
2024-09-08 09:30:00+05:30,353.3544976316133,29.2,86.93333333333334,2024,9
2024-09-08 09:45:00+05:30,358.02058554740745,29.4,84.9,2024,9
2024-09-08 10:00:00+05:30,363.95151643920536,29.46666666666667,85.36666666666667,2024,9
2024-09-08 10:15:00+05:30,365.4457258439189,29.766666666666666,82.83333333333333,2024,9
2024-09-08 10:30:00+05:30,369.3241309827153,29.9,82.73333333333333,2024,9
2024-09-08 10:45:00+05:30,372.78842061251765,30.666666666666668,80.60000000000001,2024,9
2024-09-08 11:00:00+05:30,377.3625031009439,30.366666666666664,81.36666666666667,2024,9
2024-09-08 11:15:00+05:30,377.071759463865,31.0,79.30000000000001,2024,9
2024-09-08 11:30:00+05:30,378.3090819995516,31.133333333333336,78.06666666666668,2024,9
2024-09-08 11:45:00+05:30,379.8232531632375,31.133333333333336,77.39999999999999,2024,9
2024-09-08 12:00:00+05:30,380.8114346938914,31.23333333333333,76.46666666666667,2024,9
2024-09-08 12:15:00+05:30,379.433785414206,31.266666666666666,76.73333333333333,2024,9
2024-09-08 12:30:00+05:30,379.332995743295,31.46666666666667,74.8,2024,9
2024-09-08 12:45:00+05:30,378.46455197855454,31.700000000000003,75.16666666666667,2024,9
2024-09-08 13:00:00+05:30,375.3921994360837,31.83333333333333,73.33333333333333,2024,9
2024-09-08 13:15:00+05:30,372.2906792556384,31.633333333333336,73.8,2024,9
2024-09-08 13:30:00+05:30,370.2381323130626,31.46666666666667,75.1,2024,9
2024-09-08 13:45:00+05:30,371.09958184564425,32.06666666666666,72.9,2024,9
2024-09-08 14:00:00+05:30,371.443526066966,31.933333333333334,73.06666666666666,2024,9
2024-09-08 14:15:00+05:30,372.3838323452172,31.933333333333337,72.43333333333334,2024,9
2024-09-08 14:30:00+05:30,371.25566204097447,31.5,73.96666666666665,2024,9
2024-09-08 14:45:00+05:30,369.8688594804167,31.666666666666668,73.16666666666666,2024,9
2024-09-08 15:00:00+05:30,368.8354632160413,31.63333333333333,73.5,2024,9
2024-09-08 15:15:00+05:30,369.14711722622087,31.666666666666668,73.06666666666666,2024,9
2024-09-08 15:30:00+05:30,367.162932784166,31.46666666666667,74.46666666666667,2024,9
2024-09-08 15:45:00+05:30,366.51524826806576,31.433333333333334,72.7,2024,9
2024-09-08 16:00:00+05:30,365.6628883063774,31.53333333333333,73.10000000000001,2024,9
2024-09-08 16:15:00+05:30,364.1440052795903,31.433333333333334,74.13333333333333,2024,9
2024-09-08 16:30:00+05:30,363.2641517341356,31.266666666666666,74.2,2024,9
2024-09-08 16:45:00+05:30,361.2485086535537,31.399999999999995,74.06666666666666,2024,9
2024-09-08 17:00:00+05:30,361.8154248771653,30.73333333333333,75.39999999999999,2024,9
2024-09-08 17:15:00+05:30,361.2178832188772,30.96666666666667,75.73333333333333,2024,9
2024-09-08 17:30:00+05:30,357.8766312211999,30.966666666666665,74.7,2024,9
2024-09-08 17:45:00+05:30,356.8306357776321,30.566666666666663,75.93333333333334,2024,9
2024-09-08 18:00:00+05:30,357.2977600544799,30.433333333333334,76.56666666666666,2024,9
2024-09-08 18:15:00+05:30,358.00074506504944,29.933333333333334,78.16666666666667,2024,9
2024-09-08 18:30:00+05:30,362.7234272962429,29.566666666666663,80.03333333333332,2024,9
2024-09-08 18:45:00+05:30,365.9760191103408,29.33333333333333,81.46666666666667,2024,9
2024-09-08 19:00:00+05:30,370.8208852400878,29.23333333333333,81.06666666666666,2024,9
2024-09-08 19:15:00+05:30,369.6360444607521,29.1,81.30000000000001,2024,9
2024-09-08 19:30:00+05:30,368.303841490785,29.03333333333333,82.13333333333334,2024,9
2024-09-08 19:45:00+05:30,368.0078746529648,28.933333333333334,83.63333333333334,2024,9
2024-09-08 20:00:00+05:30,366.512326060838,28.766666666666666,84.76666666666667,2024,9
2024-09-08 20:15:00+05:30,364.3410871685783,28.666666666666668,85.86666666666667,2024,9
2024-09-08 20:30:00+05:30,363.7230752519388,28.6,85.96666666666665,2024,9
2024-09-08 20:45:00+05:30,362.29603363624005,28.53333333333333,86.06666666666666,2024,9
2024-09-08 21:00:00+05:30,361.81211814547936,28.433333333333334,86.26666666666667,2024,9
2024-09-08 21:15:00+05:30,361.2888546106767,28.433333333333334,86.56666666666666,2024,9
2024-09-08 21:30:00+05:30,359.4720654277912,28.366666666666664,86.63333333333333,2024,9
2024-09-08 21:45:00+05:30,359.02752271813944,28.366666666666664,87.06666666666666,2024,9
2024-09-08 22:00:00+05:30,356.6488161678806,28.366666666666664,87.10000000000001,2024,9
2024-09-08 22:15:00+05:30,353.1053693339559,28.33333333333333,87.13333333333333,2024,9
2024-09-08 22:30:00+05:30,349.9861921165549,28.3,87.13333333333333,2024,9
2024-09-08 22:45:00+05:30,347.3095283717898,28.26666666666667,87.46666666666665,2024,9
2024-09-08 23:00:00+05:30,343.2914976199235,28.266666666666666,87.39999999999999,2024,9
2024-09-08 23:15:00+05:30,342.13143170484153,28.2,86.73333333333333,2024,9
2024-09-08 23:30:00+05:30,339.2357589398555,28.2,87.23333333333335,2024,9
2024-09-08 23:45:00+05:30,336.64523403443474,28.2,87.36666666666667,2024,9
2024-09-09 00:00:00+05:30,331.82248214965455,28.2,88.3,2024,9
2024-09-09 00:15:00+05:30,329.7962098129745,28.1,88.6,2024,9
2024-09-09 00:30:00+05:30,326.2984014466884,28.1,88.7,2024,9
2024-09-09 00:45:00+05:30,321.861712281958,28.1,88.5,2024,9
2024-09-09 01:00:00+05:30,317.2330906995812,28.1,88.4,2024,9
2024-09-09 01:15:00+05:30,310.2399626225208,28.0,88.7,2024,9
2024-09-09 01:30:00+05:30,306.5672827602487,28.0,89.0,2024,9
2024-09-09 01:45:00+05:30,302.4068063536905,28.0,89.2,2024,9
2024-09-09 02:00:00+05:30,299.5524847545739,28.0,89.3,2024,9
2024-09-09 02:15:00+05:30,296.9131104220045,27.8,90.0,2024,9
2024-09-09 02:30:00+05:30,293.25402244066413,27.8,89.8,2024,9
2024-09-09 02:45:00+05:30,292.3365832609188,27.7,89.7,2024,9
2024-09-09 03:00:00+05:30,292.1827607699248,27.6,90.9,2024,9
2024-09-09 03:15:00+05:30,289.2574392699875,27.7,90.5,2024,9
2024-09-09 03:30:00+05:30,286.8776844654787,27.8,90.4,2024,9
2024-09-09 03:45:00+05:30,286.0629700695541,27.8,90.3,2024,9
2024-09-09 04:00:00+05:30,284.60904210250663,27.8,90.1,2024,9
2024-09-09 04:15:00+05:30,285.0059068334238,27.8,90.2,2024,9
2024-09-09 04:30:00+05:30,287.4882255177617,27.8,90.5,2024,9
2024-09-09 04:45:00+05:30,287.2092014288178,27.7,90.9,2024,9
2024-09-09 05:00:00+05:30,287.4454071781112,27.7,91.2,2024,9
2024-09-09 05:15:00+05:30,288.2993327642285,27.6,91.8,2024,9
2024-09-09 05:30:00+05:30,293.412806901428,27.6,91.3,2024,9
2024-09-09 05:45:00+05:30,296.76775058652134,27.6,91.6,2024,9
2024-09-09 06:00:00+05:30,302.65814707102544,27.5,91.8,2024,9
2024-09-09 06:15:00+05:30,311.2780169733963,27.5,91.8,2024,9
2024-09-09 06:30:00+05:30,320.5048871344148,27.6,91.8,2024,9
2024-09-09 06:45:00+05:30,329.9854807244211,27.6,91.9,2024,9
2024-09-09 07:00:00+05:30,345.32899637265393,27.6,92.1,2024,9
2024-09-09 07:15:00+05:30,361.4820726446796,27.7,91.6,2024,9
2024-09-09 07:30:00+05:30,379.31820246520834,27.9,91.7,2024,9
2024-09-09 07:45:00+05:30,397.7730854791164,28.0,91.4,2024,9
2024-09-09 08:00:00+05:30,419.0115674468836,28.1,90.5,2024,9
2024-09-09 08:15:00+05:30,439.2908542072827,28.3,90.1,2024,9
2024-09-09 08:30:00+05:30,455.5056386968336,28.6,89.2,2024,9
2024-09-09 08:45:00+05:30,470.2021034597089,28.7,88.6,2024,9
2024-09-09 09:00:00+05:30,485.001239471673,28.8,87.6,2024,9
2024-09-09 09:15:00+05:30,497.8532118285759,28.8,86.5,2024,9
2024-09-09 09:30:00+05:30,509.2841605325447,29.1,86.7,2024,9
2024-09-09 09:45:00+05:30,521.4931560891904,29.2,85.7,2024,9
2024-09-09 10:00:00+05:30,527.2735439511025,29.4,83.8,2024,9
2024-09-09 10:15:00+05:30,533.1317685627879,30.0,82.8,2024,9
2024-09-09 10:30:00+05:30,534.7330082519153,30.2,81.5,2024,9
2024-09-09 10:45:00+05:30,535.5346838258274,30.3,81.8,2024,9
2024-09-09 11:00:00+05:30,535.17049922307,30.0,81.0,2024,9
2024-09-09 11:15:00+05:30,536.9572593789952,30.2,79.4,2024,9
2024-09-09 11:30:00+05:30,533.8449063529564,30.4,80.0,2024,9
2024-09-09 11:45:00+05:30,532.927084242031,30.4,80.2,2024,9
2024-09-09 12:00:00+05:30,532.1271606911571,30.4,80.1,2024,9
2024-09-09 12:15:00+05:30,528.9422779257617,30.6,79.5,2024,9
2024-09-09 12:30:00+05:30,527.3754109926628,30.5,80.0,2024,9
2024-09-09 12:45:00+05:30,524.0266405407854,30.3,82.0,2024,9
2024-09-09 13:00:00+05:30,521.4108735557835,30.4,80.5,2024,9
2024-09-09 13:15:00+05:30,516.4126262082045,30.7,79.0,2024,9
2024-09-09 13:30:00+05:30,515.5224027505828,31.0,78.2,2024,9
2024-09-09 13:45:00+05:30,515.8560011224603,31.3,77.3,2024,9
2024-09-09 14:00:00+05:30,519.1883033313362,31.4,75.6,2024,9
2024-09-09 14:15:00+05:30,523.7143493220731,31.5,75.6,2024,9
2024-09-09 14:30:00+05:30,522.8664543935898,31.3,77.0,2024,9
2024-09-09 14:45:00+05:30,522.3457669039102,31.6,74.2,2024,9
2024-09-09 15:00:00+05:30,520.8777517228899,31.7,73.9,2024,9
2024-09-09 15:15:00+05:30,521.227646911008,31.6,74.0,2024,9
2024-09-09 15:30:00+05:30,518.2395845522752,31.1,75.7,2024,9
2024-09-09 15:45:00+05:30,518.7364219377507,31.6,74.1,2024,9
2024-09-09 16:00:00+05:30,522.6609876210171,31.8,72.8,2024,9
2024-09-09 16:15:00+05:30,519.256100656236,31.7,73.2,2024,9
2024-09-09 16:30:00+05:30,515.202699566036,31.7,73.0,2024,9
2024-09-09 16:45:00+05:30,509.0819085805261,31.6,72.6,2024,9
2024-09-09 17:00:00+05:30,506.9770563433954,31.6,73.4,2024,9
2024-09-09 17:15:00+05:30,501.571561818327,31.5,73.4,2024,9
2024-09-09 17:30:00+05:30,497.0920829340653,31.0,74.8,2024,9
2024-09-09 17:45:00+05:30,489.4303129063495,31.3,74.2,2024,9
2024-09-09 18:00:00+05:30,482.2683453708942,31.0,74.4,2024,9
2024-09-09 18:15:00+05:30,475.19334697230704,30.3,76.2,2024,9
2024-09-09 18:30:00+05:30,469.5282458418776,29.9,78.1,2024,9
2024-09-09 18:45:00+05:30,467.4462126111876,29.6,79.0,2024,9
2024-09-09 19:00:00+05:30,461.424275888848,29.4,80.1,2024,9
2024-09-09 19:15:00+05:30,450.5558265191303,29.3,81.1,2024,9
2024-09-09 19:30:00+05:30,443.49559254030135,29.2,81.8,2024,9
2024-09-09 19:45:00+05:30,435.2690231057266,29.1,81.9,2024,9
2024-09-09 20:00:00+05:30,427.8223273053776,29.0,82.5,2024,9
2024-09-09 20:15:00+05:30,422.66939246317327,29.0,83.3,2024,9
2024-09-09 20:30:00+05:30,415.21453389181255,28.9,83.4,2024,9
2024-09-09 20:45:00+05:30,407.7593876711212,28.8,84.3,2024,9
2024-09-09 21:00:00+05:30,404.2744175214886,28.8,84.3,2024,9
2024-09-09 21:15:00+05:30,400.9546706966215,28.7,84.8,2024,9
2024-09-09 21:30:00+05:30,395.304196816336,28.6,84.9,2024,9
2024-09-09 21:45:00+05:30,390.6287457425856,28.7,85.0,2024,9
2024-09-09 22:00:00+05:30,382.4710311191993,28.6,85.3,2024,9
2024-09-09 22:15:00+05:30,378.564450199543,28.6,85.6,2024,9
2024-09-09 22:30:00+05:30,374.4993052468904,28.5,86.7,2024,9
2024-09-09 22:45:00+05:30,369.5489963477326,28.3,87.7,2024,9
2024-09-09 23:00:00+05:30,364.7494170260485,28.2,87.9,2024,9
2024-09-09 23:15:00+05:30,362.12446354794633,28.2,88.4,2024,9
2024-09-09 23:30:00+05:30,358.7279243048143,28.2,88.6,2024,9
2024-09-09 23:45:00+05:30,352.25319564328294,28.2,88.7,2024,9
2024-09-10 00:00:00+05:30,348.5778710851589,28.100000000000005,88.63333333333334,2024,9
2024-09-10 00:15:00+05:30,347.04804517991056,28.166666666666668,88.3,2024,9
2024-09-10 00:30:00+05:30,341.72028349622536,28.1,88.26666666666667,2024,9
2024-09-10 00:45:00+05:30,336.9194771390487,28.066666666666663,88.66666666666667,2024,9
2024-09-10 01:00:00+05:30,331.0843862450178,28.100000000000005,88.53333333333335,2024,9
2024-09-10 01:15:00+05:30,325.7760005722682,28.133333333333336,88.56666666666666,2024,9
2024-09-10 01:30:00+05:30,321.8287931597844,28.1,88.8,2024,9
2024-09-10 01:45:00+05:30,318.39819138661727,28.03333333333333,89.93333333333332,2024,9
2024-09-10 02:00:00+05:30,314.4541978995539,27.933333333333334,91.96666666666664,2024,9
2024-09-10 02:15:00+05:30,311.87340802984204,27.866666666666664,92.3,2024,9
2024-09-10 02:30:00+05:30,309.3092687078067,27.933333333333337,90.8,2024,9
2024-09-10 02:45:00+05:30,305.3842035263801,27.96666666666667,90.6,2024,9
2024-09-10 03:00:00+05:30,302.8033311549225,27.899999999999995,91.4,2024,9
2024-09-10 03:15:00+05:30,300.63087522254006,27.866666666666664,92.1,2024,9
2024-09-10 03:30:00+05:30,298.93058691571264,27.866666666666664,90.7,2024,9
2024-09-10 03:45:00+05:30,297.35261372751575,27.566666666666663,91.36666666666667,2024,9
2024-09-10 04:00:00+05:30,295.74959492394964,27.5,91.46666666666664,2024,9
2024-09-10 04:15:00+05:30,295.30576066110217,27.566666666666663,91.66666666666669,2024,9
2024-09-10 04:30:00+05:30,296.3569861670346,27.633333333333336,91.36666666666667,2024,9
2024-09-10 04:45:00+05:30,297.8592476594084,27.7,90.96666666666664,2024,9
2024-09-10 05:00:00+05:30,300.47716289453655,27.666666666666668,91.46666666666668,2024,9
2024-09-10 05:15:00+05:30,300.9305825707135,27.3,92.63333333333333,2024,9
2024-09-10 05:30:00+05:30,304.6486428320341,27.066666666666663,92.6,2024,9
2024-09-10 05:45:00+05:30,308.2571885468173,27.100000000000005,92.56666666666668,2024,9
2024-09-10 06:00:00+05:30,315.45474451793336,27.133333333333336,93.56666666666668,2024,9
2024-09-10 06:15:00+05:30,322.2359934652072,27.2,93.23333333333336,2024,9
2024-09-10 06:30:00+05:30,329.1099465313271,27.399999999999995,92.56666666666668,2024,9
2024-09-10 06:45:00+05:30,339.29643566463267,27.4,91.06666666666666,2024,9
2024-09-10 07:00:00+05:30,350.03919547636895,27.5,90.66666666666669,2024,9
2024-09-10 07:15:00+05:30,364.0579779683288,27.6,90.5,2024,9
2024-09-10 07:30:00+05:30,381.6334570625997,27.766666666666666,89.96666666666668,2024,9
2024-09-10 07:45:00+05:30,397.9447850405521,27.866666666666664,90.06666666666666,2024,9
2024-09-10 08:00:00+05:30,420.6325112111312,28.0,90.03333333333335,2024,9
2024-09-10 08:15:00+05:30,440.5338551450651,27.9,90.03333333333335,2024,9
2024-09-10 08:30:00+05:30,454.3504029881772,27.8,89.96666666666665,2024,9
2024-09-10 08:45:00+05:30,466.6025065383682,28.0,90.13333333333333,2024,9
2024-09-10 09:00:00+05:30,480.01034430986914,28.26666666666667,89.76666666666667,2024,9
2024-09-10 09:15:00+05:30,493.4148007042514,28.53333333333333,89.03333333333335,2024,9
2024-09-10 09:30:00+05:30,507.9322797350189,28.566666666666663,88.3,2024,9
2024-09-10 09:45:00+05:30,517.2128348528693,28.766666666666666,88.66666666666667,2024,9
2024-09-10 10:00:00+05:30,523.9078400586084,29.5,86.3,2024,9
2024-09-10 10:15:00+05:30,529.2922029130859,30.0,83.89999999999999,2024,9
2024-09-10 10:30:00+05:30,534.2222156331036,30.2,81.86666666666667,2024,9
2024-09-10 10:45:00+05:30,535.8567269798541,30.133333333333336,82.33333333333334,2024,9
2024-09-10 11:00:00+05:30,537.2259892364012,30.03333333333333,82.3,2024,9
2024-09-10 11:15:00+05:30,537.2503429395557,30.3,81.53333333333335,2024,9
2024-09-10 11:30:00+05:30,532.3654460677028,30.633333333333336,81.13333333333334,2024,9
2024-09-10 11:45:00+05:30,528.1803777696491,30.566666666666663,78.8,2024,9
2024-09-10 12:00:00+05:30,527.8443579723927,30.566666666666663,78.26666666666667,2024,9
2024-09-10 12:15:00+05:30,524.7569596804552,31.266666666666666,75.9,2024,9
2024-09-10 12:30:00+05:30,525.789747674946,31.566666666666663,73.56666666666668,2024,9
2024-09-10 12:45:00+05:30,522.468552952037,31.7,73.16666666666667,2024,9
2024-09-10 13:00:00+05:30,519.0403580152066,31.8,73.36666666666667,2024,9
2024-09-10 13:15:00+05:30,515.7985659707152,30.933333333333337,75.76666666666667,2024,9
2024-09-10 13:30:00+05:30,515.286166677547,30.86666666666667,75.60000000000001,2024,9
2024-09-10 13:45:00+05:30,519.4290053906858,30.166666666666668,78.3,2024,9
2024-09-10 14:00:00+05:30,520.1438986349287,29.933333333333337,80.43333333333334,2024,9
2024-09-10 14:15:00+05:30,521.5473124371127,30.100000000000005,80.56666666666666,2024,9
2024-09-10 14:30:00+05:30,525.6394243802968,30.666666666666668,78.10000000000001,2024,9
2024-09-10 14:45:00+05:30,523.0692206103728,30.866666666666664,76.2,2024,9
2024-09-10 15:00:00+05:30,519.2830464310316,30.83333333333333,76.10000000000001,2024,9
2024-09-10 15:15:00+05:30,517.0394306666964,30.46666666666667,76.23333333333333,2024,9
2024-09-10 15:30:00+05:30,515.2655957404061,30.46666666666667,76.46666666666665,2024,9
2024-09-10 15:45:00+05:30,518.0974555354329,30.766666666666666,75.46666666666667,2024,9
2024-09-10 16:00:00+05:30,515.062223268681,30.7,72.86666666666666,2024,9
2024-09-10 16:15:00+05:30,512.322212082592,30.7,73.8,2024,9
2024-09-10 16:30:00+05:30,514.8529814530773,30.5,73.8,2024,9
2024-09-10 16:45:00+05:30,511.8334899048327,30.3,74.06666666666666,2024,9
2024-09-10 17:00:00+05:30,504.756959404425,30.3,74.96666666666667,2024,9
2024-09-10 17:15:00+05:30,497.53488789130097,30.100000000000005,74.06666666666668,2024,9
2024-09-10 17:30:00+05:30,489.1813412329643,30.96666666666667,71.2,2024,9
2024-09-10 17:45:00+05:30,483.0941453698911,30.9,70.66666666666667,2024,9
2024-09-10 18:00:00+05:30,482.7658600973352,30.5,71.8,2024,9
2024-09-10 18:15:00+05:30,476.9296194191336,29.7,74.56666666666668,2024,9
2024-09-10 18:30:00+05:30,468.8107227998626,29.33333333333333,75.96666666666665,2024,9
2024-09-10 18:45:00+05:30,465.94750069498633,29.1,77.13333333333334,2024,9
2024-09-10 19:00:00+05:30,462.98690578766673,28.96666666666667,78.16666666666667,2024,9
2024-09-10 19:15:00+05:30,452.3654362308892,28.9,79.06666666666668,2024,9
2024-09-10 19:30:00+05:30,443.3540750972808,28.76666666666667,80.6,2024,9
2024-09-10 19:45:00+05:30,435.9434650266333,28.7,81.03333333333333,2024,9
2024-09-10 20:00:00+05:30,426.6778055410012,28.7,81.39999999999999,2024,9
2024-09-10 20:15:00+05:30,421.3290551020416,28.633333333333336,82.33333333333333,2024,9
2024-09-10 20:30:00+05:30,417.3820262660777,28.566666666666663,82.5,2024,9
2024-09-10 20:45:00+05:30,414.6024493307049,28.5,83.06666666666668,2024,9
2024-09-10 21:00:00+05:30,405.3372079592556,28.46666666666667,83.80000000000001,2024,9
2024-09-10 21:15:00+05:30,402.01128164878463,28.46666666666667,83.8,2024,9
2024-09-10 21:30:00+05:30,397.9431393726146,28.4,83.86666666666666,2024,9
2024-09-10 21:45:00+05:30,395.2046752776661,28.4,84.10000000000001,2024,9
2024-09-10 22:00:00+05:30,390.2738292341636,28.26666666666667,83.23333333333333,2024,9
2024-09-10 22:15:00+05:30,383.39078023581817,28.23333333333333,82.63333333333334,2024,9
2024-09-10 22:30:00+05:30,377.7713905016221,28.23333333333333,81.73333333333333,2024,9
2024-09-10 22:45:00+05:30,374.1225045282216,28.133333333333336,82.36666666666666,2024,9
2024-09-10 23:00:00+05:30,368.8372664714409,28.066666666666663,83.2,2024,9
2024-09-10 23:15:00+05:30,365.1184716837218,28.133333333333336,83.16666666666667,2024,9
2024-09-10 23:30:00+05:30,357.03681369124354,28.1,83.5,2024,9
2024-09-10 23:45:00+05:30,353.084471672001,28.066666666666663,83.8,2024,9
2024-09-11 00:00:00+05:30,352.9738582596615,26.857876666666662,83.8,2024,9
2024-09-11 00:15:00+05:30,347.87887599771835,26.844175,84.43333333333334,2024,9
2024-09-11 00:30:00+05:30,341.4374975416214,26.84826,84.89999999999999,2024,9
2024-09-11 00:45:00+05:30,337.2502752719698,26.91595,85.39999999999999,2024,9
2024-09-11 01:00:00+05:30,330.9825917812323,26.812769444444445,84.83333333333333,2024,9
2024-09-11 01:15:00+05:30,325.17630328565343,26.882824444444445,85.36666666666666,2024,9
2024-09-11 01:30:00+05:30,321.22790329829184,26.916206111111112,86.23333333333333,2024,9
2024-09-11 01:45:00+05:30,316.28388142856164,26.87909277777777,86.56666666666666,2024,9
2024-09-11 02:00:00+05:30,314.3784950405048,26.85880333333333,87.13333333333333,2024,9
2024-09-11 02:15:00+05:30,309.1759678914054,26.93622222222222,87.76666666666667,2024,9
2024-09-11 02:30:00+05:30,307.02737939804456,26.7925,87.5,2024,9
2024-09-11 02:45:00+05:30,304.0929363385728,26.85058,88.3,2024,9
2024-09-11 03:00:00+05:30,302.3483622193217,26.766621666666666,88.43333333333334,2024,9
2024-09-11 03:15:00+05:30,301.55290633568166,26.74500666666666,88.13333333333333,2024,9
2024-09-11 03:30:00+05:30,299.67248531892346,26.68030166666666,88.09999999999998,2024,9
2024-09-11 03:45:00+05:30,298.311064417284,26.631897777777777,88.73333333333335,2024,9
2024-09-11 04:00:00+05:30,296.64180686359754,26.689666666666668,88.66666666666667,2024,9
2024-09-11 04:15:00+05:30,295.6813986237598,26.696816666666663,88.76666666666665,2024,9
2024-09-11 04:30:00+05:30,296.5529591489823,26.70635,88.89999999999999,2024,9
2024-09-11 04:45:00+05:30,296.813472802627,26.634638888888887,88.33333333333333,2024,9
2024-09-11 05:00:00+05:30,297.63546040904333,26.651279444444445,88.56666666666666,2024,9
2024-09-11 05:15:00+05:30,299.6396813297925,26.65798,89.09999999999998,2024,9
2024-09-11 05:30:00+05:30,302.72212727511305,26.60474555555556,89.23333333333333,2024,9
2024-09-11 05:45:00+05:30,307.7658613698179,26.58279722222222,89.36666666666667,2024,9
2024-09-11 06:00:00+05:30,314.08253419534066,26.54233777777777,90.13333333333333,2024,9
2024-09-11 06:15:00+05:30,319.5070657969899,26.579688888888885,90.66666666666669,2024,9
2024-09-11 06:30:00+05:30,328.1059841911272,26.50798333333333,91.0,2024,9
2024-09-11 06:45:00+05:30,334.6339250620176,26.41466611111111,90.56666666666668,2024,9
2024-09-11 07:00:00+05:30,349.0171023358762,26.495544444444445,90.36666666666667,2024,9
2024-09-11 07:15:00+05:30,362.428461891014,26.56101333333333,90.4,2024,9
2024-09-11 07:30:00+05:30,379.7189516805742,26.65573333333333,90.40000000000002,2024,9
2024-09-11 07:45:00+05:30,395.4237294255235,26.77251777777778,90.26666666666668,2024,9
2024-09-11 08:00:00+05:30,417.689631162278,26.916856666666668,91.4,2024,9
2024-09-11 08:15:00+05:30,436.0516926136395,27.13677333333333,90.93333333333332,2024,9
2024-09-11 08:30:00+05:30,452.7623107662059,27.23730666666666,88.46666666666665,2024,9
2024-09-11 08:45:00+05:30,467.3171318296664,27.45780777777778,86.86666666666667,2024,9
2024-09-11 09:00:00+05:30,480.2213626277518,27.787567222222226,85.56666666666668,2024,9
2024-09-11 09:15:00+05:30,495.4749228961876,27.790141111111105,84.06666666666666,2024,9
2024-09-11 09:30:00+05:30,505.5012890297456,27.769696666666665,83.43333333333334,2024,9
2024-09-11 09:45:00+05:30,514.5200055443651,28.001475555555555,82.56666666666666,2024,9
2024-09-11 10:00:00+05:30,521.6357604331066,28.24603,81.53333333333333,2024,9
2024-09-11 10:15:00+05:30,524.33898312504,28.35183333333333,80.66666666666666,2024,9
2024-09-11 10:30:00+05:30,528.2229317854692,28.003894444444445,80.06666666666668,2024,9
2024-09-11 10:45:00+05:30,529.1457447565796,27.99833333333333,80.0,2024,9
2024-09-11 11:00:00+05:30,531.5681074868388,28.5347,78.0,2024,9
2024-09-11 11:15:00+05:30,525.9134300954827,28.401041666666664,79.16666666666667,2024,9
2024-09-11 11:30:00+05:30,523.7681828623005,28.30010944444444,79.36666666666666,2024,9
2024-09-11 11:45:00+05:30,522.4734804722879,28.60787222222222,77.83333333333333,2024,9
2024-09-11 12:00:00+05:30,525.3855563176712,28.77515555555556,75.16666666666667,2024,9
2024-09-11 12:15:00+05:30,522.9198899191296,28.726179999999992,75.89999999999999,2024,9
2024-09-11 12:30:00+05:30,521.0638177160992,28.765266666666665,76.33333333333333,2024,9
2024-09-11 12:45:00+05:30,521.8157552908117,28.79940444444444,75.43333333333332,2024,9
2024-09-11 13:00:00+05:30,518.4342745868255,29.00255333333333,73.89999999999999,2024,9
2024-09-11 13:15:00+05:30,516.8745193851448,29.07570722222222,73.76666666666667,2024,9
2024-09-11 13:30:00+05:30,510.9690162199712,28.88034777777777,74.43333333333332,2024,9
2024-09-11 13:45:00+05:30,507.26337252163165,28.868076666666667,74.3,2024,9
2024-09-11 14:00:00+05:30,509.23365779956623,29.013493333333333,72.8,2024,9
2024-09-11 14:15:00+05:30,510.2098237835106,28.913166666666665,72.33333333333333,2024,9
2024-09-11 14:30:00+05:30,510.77874389952336,29.094937777777776,71.86666666666666,2024,9
2024-09-11 14:45:00+05:30,511.5698947649071,28.9942,73.2,2024,9
2024-09-11 15:00:00+05:30,511.36138182504754,29.02303000000001,72.60000000000001,2024,9
2024-09-11 15:15:00+05:30,510.769352371415,28.892219444444443,73.63333333333334,2024,9
2024-09-11 15:30:00+05:30,510.6950383729022,28.865008888888887,74.26666666666667,2024,9
2024-09-11 15:45:00+05:30,509.9944861194807,28.435704444444447,75.23333333333333,2024,9
2024-09-11 16:00:00+05:30,510.6988519467867,28.18527777777777,75.33333333333333,2024,9
2024-09-11 16:15:00+05:30,508.1201063217098,27.91311,76.2,2024,9
2024-09-11 16:30:00+05:30,504.3655521232996,27.73158055555556,80.36666666666667,2024,9
2024-09-11 16:45:00+05:30,499.55795225294,27.55854277777778,80.43333333333334,2024,9
2024-09-11 17:00:00+05:30,492.7310998934902,27.758775,80.7,2024,9
2024-09-11 17:15:00+05:30,483.1174210800776,28.01779722222222,80.23333333333333,2024,9
2024-09-11 17:30:00+05:30,479.66706896007054,27.89744,81.3,2024,9
2024-09-11 17:45:00+05:30,475.9765561482759,27.712607777777777,81.23333333333333,2024,9
2024-09-11 18:00:00+05:30,468.2712321274545,27.688105,81.3,2024,9
2024-09-11 18:15:00+05:30,463.3968348462816,27.646570000000004,81.89999999999999,2024,9
2024-09-11 18:30:00+05:30,460.8140673351312,27.388004444444444,80.53333333333333,2024,9
2024-09-11 18:45:00+05:30,456.0057209525162,27.33711,81.4,2024,9
2024-09-11 19:00:00+05:30,453.0192226180548,27.22636,81.89999999999999,2024,9
2024-09-11 19:15:00+05:30,444.1412169099097,27.20320722222222,82.76666666666667,2024,9
2024-09-11 19:30:00+05:30,434.2455773160468,27.23408055555556,83.16666666666667,2024,9
2024-09-11 19:45:00+05:30,428.5373335886578,27.148768333333336,83.63333333333334,2024,9
2024-09-11 20:00:00+05:30,423.2459006428351,27.250625555555555,84.56666666666666,2024,9
2024-09-11 20:15:00+05:30,415.59856778346864,27.260895,85.10000000000001,2024,9
2024-09-11 20:30:00+05:30,409.513705025891,27.10017333333333,86.63333333333333,2024,9
2024-09-11 20:45:00+05:30,403.8838502883904,26.909963333333334,86.56666666666666,2024,9
2024-09-11 21:00:00+05:30,403.4062091437839,27.09051111111111,87.33333333333333,2024,9
2024-09-11 21:15:00+05:30,402.4644119698123,27.179477777777777,86.86666666666667,2024,9
2024-09-11 21:30:00+05:30,396.66879369430006,27.211115555555555,86.46666666666665,2024,9
2024-09-11 21:45:00+05:30,391.4170159852128,27.199061666666665,85.89999999999999,2024,9
2024-09-11 22:00:00+05:30,385.2660899224751,27.140617777777777,85.53333333333335,2024,9
2024-09-11 22:15:00+05:30,380.4971588046832,27.165795555555555,85.86666666666667,2024,9
2024-09-11 22:30:00+05:30,376.50865981599657,27.140076666666666,85.93333333333332,2024,9
2024-09-11 22:45:00+05:30,374.0946286438232,27.038407777777778,86.63333333333333,2024,9
2024-09-11 23:00:00+05:30,370.63723731252094,26.948222222222224,86.66666666666667,2024,9
2024-09-11 23:15:00+05:30,363.3978499210524,27.00626888888889,87.03333333333335,2024,9
2024-09-11 23:30:00+05:30,356.8559414637915,27.00626888888889,87.03333333333335,2024,9
2024-09-11 23:45:00+05:30,353.3650280468709,27.01861333333333,87.2,2024,9
2024-09-12 00:00:00+05:30,350.0,27.9,87.4,2024,9
2024-09-12 00:15:00+05:30,346.0,27.8,87.6,2024,9
2024-09-12 00:30:00+05:30,337.0,27.7,87.6,2024,9
2024-09-12 00:45:00+05:30,334.0,27.6,88.2,2024,9
2024-09-12 01:00:00+05:30,327.0,27.6,89.3,2024,9
2024-09-12 01:15:00+05:30,321.0,27.7,87.6,2024,9
2024-09-12 01:30:00+05:30,317.0,27.7,87.2,2024,9
2024-09-12 01:45:00+05:30,315.0,27.6,87.6,2024,9
2024-09-12 02:00:00+05:30,310.0,27.5,87.8,2024,9
2024-09-12 02:15:00+05:30,306.0,27.4,88.8,2024,9
2024-09-12 02:30:00+05:30,303.0,27.3,88.8,2024,9
2024-09-12 02:45:00+05:30,299.0,27.3,89.4,2024,9
2024-09-12 03:00:00+05:30,297.0,27.3,88.6,2024,9
2024-09-12 03:15:00+05:30,294.0,27.1,89.4,2024,9
2024-09-12 03:30:00+05:30,293.0,27.1,89.1,2024,9
2024-09-12 03:45:00+05:30,291.0,27.0,89.3,2024,9
2024-09-12 04:00:00+05:30,290.0,27.0,90.9,2024,9
2024-09-12 04:15:00+05:30,291.0,26.8,91.3,2024,9
2024-09-12 04:30:00+05:30,293.0,26.7,91.7,2024,9
2024-09-12 04:45:00+05:30,295.0,26.5,93.6,2024,9
2024-09-12 05:00:00+05:30,297.0,25.7,95.5,2024,9
2024-09-12 05:15:00+05:30,298.0,25.8,96.7,2024,9
2024-09-12 05:30:00+05:30,301.0,25.6,96.7,2024,9
2024-09-12 05:45:00+05:30,306.0,25.7,96.7,2024,9
2024-09-12 06:00:00+05:30,313.0,25.7,96.5,2024,9
2024-09-12 06:15:00+05:30,317.0,25.8,96.3,2024,9
2024-09-12 06:30:00+05:30,323.0,25.8,96.2,2024,9
2024-09-12 06:45:00+05:30,329.0,25.9,95.1,2024,9
2024-09-12 07:00:00+05:30,338.0,25.8,94.5,2024,9
2024-09-12 07:15:00+05:30,352.0,25.8,95.2,2024,9
2024-09-12 07:30:00+05:30,370.0,25.8,95.3,2024,9
2024-09-12 07:45:00+05:30,384.0,26.0,95.7,2024,9
2024-09-12 08:00:00+05:30,405.0,26.2,95.5,2024,9
2024-09-12 08:15:00+05:30,422.0,26.3,95.6,2024,9
2024-09-12 08:30:00+05:30,435.0,26.4,94.4,2024,9
2024-09-12 08:45:00+05:30,449.0,26.4,93.3,2024,9
2024-09-12 09:00:00+05:30,463.0,26.7,91.7,2024,9
2024-09-12 09:15:00+05:30,471.0,26.9,90.4,2024,9
2024-09-12 09:30:00+05:30,480.0,27.0,91.4,2024,9
2024-09-12 09:45:00+05:30,490.0,27.4,91.0,2024,9
2024-09-12 10:00:00+05:30,499.0,27.8,89.6,2024,9
2024-09-12 10:15:00+05:30,505.0,27.3,94.3,2024,9
2024-09-12 10:30:00+05:30,508.0,27.3,93.8,2024,9
2024-09-12 10:45:00+05:30,511.0,27.8,90.3,2024,9
2024-09-12 11:00:00+05:30,515.0,28.2,88.4,2024,9
2024-09-12 11:15:00+05:30,518.0,28.6,86.4,2024,9
2024-09-12 11:30:00+05:30,519.0,29.1,83.8,2024,9
2024-09-12 11:45:00+05:30,519.0,29.3,83.9,2024,9
2024-09-12 12:00:00+05:30,519.0,29.8,82.6,2024,9
2024-09-12 12:15:00+05:30,519.0,29.4,84.2,2024,9
2024-09-12 12:30:00+05:30,520.0,29.4,83.0,2024,9
2024-09-12 12:45:00+05:30,517.0,29.6,82.0,2024,9
2024-09-12 13:00:00+05:30,511.0,29.2,83.1,2024,9
2024-09-12 13:15:00+05:30,508.0,29.4,82.6,2024,9
2024-09-12 13:30:00+05:30,507.0,29.9,80.0,2024,9
2024-09-12 13:45:00+05:30,508.0,30.2,79.5,2024,9
2024-09-12 14:00:00+05:30,511.0,30.2,78.5,2024,9
2024-09-12 14:15:00+05:30,516.0,30.3,78.5,2024,9
2024-09-12 14:30:00+05:30,515.0,30.2,78.4,2024,9
2024-09-12 14:45:00+05:30,514.0,30.5,77.3,2024,9
2024-09-12 15:00:00+05:30,514.0,30.6,76.6,2024,9
2024-09-12 15:15:00+05:30,514.0,30.6,76.0,2024,9
2024-09-12 15:30:00+05:30,511.0,30.8,75.5,2024,9
2024-09-12 15:45:00+05:30,507.0,30.5,76.0,2024,9
2024-09-12 16:00:00+05:30,505.0,30.0,76.8,2024,9
2024-09-12 16:15:00+05:30,501.0,30.0,77.2,2024,9
2024-09-12 16:30:00+05:30,499.0,29.7,76.7,2024,9
2024-09-12 16:45:00+05:30,492.0,29.2,79.4,2024,9
2024-09-12 17:00:00+05:30,487.0,29.3,79.4,2024,9
2024-09-12 17:15:00+05:30,482.0,29.4,80.2,2024,9
2024-09-12 17:30:00+05:30,476.0,29.3,80.0,2024,9
2024-09-12 17:45:00+05:30,471.0,29.1,80.5,2024,9
2024-09-12 18:00:00+05:30,468.0,28.7,82.2,2024,9
2024-09-12 18:15:00+05:30,462.0,28.5,83.6,2024,9
2024-09-12 18:30:00+05:30,458.0,28.3,84.1,2024,9
2024-09-12 18:45:00+05:30,453.0,28.1,83.6,2024,9
2024-09-12 19:00:00+05:30,445.0,28.0,83.7,2024,9
2024-09-12 19:15:00+05:30,438.0,28.1,84.9,2024,9
2024-09-12 19:30:00+05:30,432.0,28.1,85.2,2024,9
2024-09-12 19:45:00+05:30,424.0,28.1,85.3,2024,9
2024-09-12 20:00:00+05:30,418.0,28.1,85.0,2024,9
2024-09-12 20:15:00+05:30,411.0,28.1,84.5,2024,9
2024-09-12 20:30:00+05:30,408.0,28.1,84.3,2024,9
2024-09-12 20:45:00+05:30,402.0,28.1,84.5,2024,9
2024-09-12 21:00:00+05:30,396.0,28.1,84.2,2024,9
2024-09-12 21:15:00+05:30,393.0,28.0,84.2,2024,9
2024-09-12 21:30:00+05:30,388.0,27.9,84.3,2024,9
2024-09-12 21:45:00+05:30,386.0,27.9,85.3,2024,9
2024-09-12 22:00:00+05:30,380.0,27.8,85.3,2024,9
2024-09-12 22:15:00+05:30,374.0,27.8,85.2,2024,9
2024-09-12 22:30:00+05:30,371.0,27.7,86.5,2024,9
2024-09-12 22:45:00+05:30,366.0,27.6,87.1,2024,9
2024-09-12 23:00:00+05:30,361.0,27.7,86.8,2024,9
2024-09-12 23:15:00+05:30,356.0,27.7,86.8,2024,9
2024-09-12 23:30:00+05:30,352.0,27.6,86.9,2024,9
2024-09-12 23:45:00+05:30,345.0,27.6,86.9,2024,9
2024-09-13 00:00:00+05:30,338.88929591365854,27.46666666666667,87.16666666666667,2024,9
2024-09-13 00:15:00+05:30,336.0305685311817,27.399999999999995,87.56666666666668,2024,9
2024-09-13 00:30:00+05:30,332.6376257418297,27.399999999999995,88.16666666666667,2024,9
2024-09-13 00:45:00+05:30,328.2263836782043,27.4,87.89999999999999,2024,9
2024-09-13 01:00:00+05:30,321.6812039673253,27.399999999999995,87.63333333333333,2024,9
2024-09-13 01:15:00+05:30,317.49030287221564,27.366666666666664,87.56666666666666,2024,9
2024-09-13 01:30:00+05:30,313.4948466431367,27.3,88.03333333333335,2024,9
2024-09-13 01:45:00+05:30,309.49983458232214,27.266666666666666,88.33333333333333,2024,9
2024-09-13 02:00:00+05:30,305.6940363086811,27.23333333333333,88.56666666666668,2024,9
2024-09-13 02:15:00+05:30,302.89276586612414,27.23333333333333,87.96666666666665,2024,9
2024-09-13 02:30:00+05:30,299.17035288023646,27.23333333333333,87.93333333333332,2024,9
2024-09-13 02:45:00+05:30,296.3379000164576,27.133333333333336,88.39999999999999,2024,9
2024-09-13 03:00:00+05:30,294.3501675200997,27.1,88.39999999999999,2024,9
2024-09-13 03:15:00+05:30,292.76071839934446,27.1,88.73333333333333,2024,9
2024-09-13 03:30:00+05:30,291.3762372376759,27.1,88.83333333333333,2024,9
2024-09-13 03:45:00+05:30,290.470947761294,27.2,88.56666666666666,2024,9
2024-09-13 04:00:00+05:30,288.2886526748316,27.166666666666668,88.53333333333335,2024,9
2024-09-13 04:15:00+05:30,287.5569145790307,27.2,88.60000000000001,2024,9
2024-09-13 04:30:00+05:30,287.90922375387294,27.266666666666666,88.2,2024,9
2024-09-13 04:45:00+05:30,286.25136325940355,27.200000000000003,88.5,2024,9
2024-09-13 05:00:00+05:30,285.29837918128817,27.266666666666666,88.3,2024,9
2024-09-13 05:15:00+05:30,287.9925485792936,27.26666666666667,88.13333333333333,2024,9
2024-09-13 05:30:00+05:30,292.53545723910634,26.633333333333336,93.2,2024,9
2024-09-13 05:45:00+05:30,298.4517416650888,26.466666666666665,94.5,2024,9
2024-09-13 06:00:00+05:30,305.957152631274,26.53333333333333,94.13333333333333,2024,9
2024-09-13 06:15:00+05:30,312.85929478186165,26.600000000000005,92.6,2024,9
2024-09-13 06:30:00+05:30,320.62301414676125,26.53333333333333,92.33333333333331,2024,9
2024-09-13 06:45:00+05:30,329.48501157958765,26.566666666666663,91.40000000000002,2024,9
2024-09-13 07:00:00+05:30,342.5235038780926,26.666666666666668,91.76666666666668,2024,9
2024-09-13 07:15:00+05:30,355.2171709715012,26.8,91.76666666666664,2024,9
2024-09-13 07:30:00+05:30,372.6543315246376,27.1,90.93333333333332,2024,9
2024-09-13 07:45:00+05:30,388.6505750605816,27.366666666666664,88.73333333333333,2024,9
2024-09-13 08:00:00+05:30,407.6775811293359,27.566666666666663,88.7,2024,9
2024-09-13 08:15:00+05:30,426.18383866999886,27.766666666666666,88.26666666666667,2024,9
2024-09-13 08:30:00+05:30,444.3392636887249,28.03333333333333,88.16666666666667,2024,9
2024-09-13 08:45:00+05:30,460.0875262020914,28.266666666666666,85.56666666666668,2024,9
2024-09-13 09:00:00+05:30,473.8481454698227,28.6,83.73333333333333,2024,9
2024-09-13 09:15:00+05:30,485.68919534449,28.9,82.63333333333334,2024,9
2024-09-13 09:30:00+05:30,494.0293757925412,29.3,81.1,2024,9
2024-09-13 09:45:00+05:30,502.4251830801537,29.6,79.7,2024,9
2024-09-13 10:00:00+05:30,511.6456612141674,29.7,78.50000000000001,2024,9
2024-09-13 10:15:00+05:30,514.7503785369296,30.2,76.5,2024,9
2024-09-13 10:30:00+05:30,519.5332283232807,30.266666666666666,75.36666666666667,2024,9
2024-09-13 10:45:00+05:30,521.9117584144426,30.5,74.56666666666666,2024,9
2024-09-13 11:00:00+05:30,521.3855841781334,30.6,73.7,2024,9
2024-09-13 11:15:00+05:30,522.9609284818447,30.8,73.3,2024,9
2024-09-13 11:30:00+05:30,524.0185124833844,31.200000000000003,72.99999999999999,2024,9
2024-09-13 11:45:00+05:30,522.2588906523956,31.399999999999995,72.2,2024,9
2024-09-13 12:00:00+05:30,519.326340022563,31.26666666666667,72.96666666666667,2024,9
2024-09-13 12:15:00+05:30,516.9226745745879,30.666666666666668,72.76666666666667,2024,9
2024-09-13 12:30:00+05:30,514.2023388450547,30.9,73.13333333333334,2024,9
2024-09-13 12:45:00+05:30,513.0459888861571,30.73333333333333,74.39999999999999,2024,9
2024-09-13 13:00:00+05:30,509.3816504015899,30.5,75.60000000000001,2024,9
2024-09-13 13:15:00+05:30,506.9181848730864,30.5,75.36666666666667,2024,9
2024-09-13 13:30:00+05:30,503.4163950029591,31.066666666666663,73.76666666666667,2024,9
2024-09-13 13:45:00+05:30,503.0989877466917,31.53333333333333,72.2,2024,9
2024-09-13 14:00:00+05:30,507.0816106100996,31.83333333333333,70.96666666666665,2024,9
2024-09-13 14:15:00+05:30,511.0891800555044,31.666666666666668,71.13333333333334,2024,9
2024-09-13 14:30:00+05:30,513.3146970121908,31.46666666666667,71.3,2024,9
2024-09-13 14:45:00+05:30,512.7117261795306,31.6,70.0,2024,9
2024-09-13 15:00:00+05:30,512.0690694917078,31.133333333333336,71.6,2024,9
2024-09-13 15:15:00+05:30,513.2846709684542,31.133333333333336,70.8,2024,9
2024-09-13 15:30:00+05:30,508.9664871604932,31.26666666666667,70.10000000000001,2024,9
2024-09-13 15:45:00+05:30,504.85174391438886,31.133333333333336,71.8,2024,9
2024-09-13 16:00:00+05:30,505.0438567489793,30.866666666666664,71.46666666666665,2024,9
2024-09-13 16:15:00+05:30,502.655833767089,30.666666666666668,72.10000000000001,2024,9
2024-09-13 16:30:00+05:30,500.4773520177079,30.83333333333333,72.16666666666667,2024,9
2024-09-13 16:45:00+05:30,498.3450397209468,30.933333333333334,71.46666666666668,2024,9
2024-09-13 17:00:00+05:30,492.5422895926439,30.366666666666664,72.43333333333334,2024,9
2024-09-13 17:15:00+05:30,485.8756344148339,30.933333333333334,71.3,2024,9
2024-09-13 17:30:00+05:30,481.1132141296718,30.866666666666664,71.3,2024,9
2024-09-13 17:45:00+05:30,474.2088994002766,30.666666666666668,71.39999999999999,2024,9
2024-09-13 18:00:00+05:30,467.933320690478,30.133333333333336,73.43333333333332,2024,9
2024-09-13 18:15:00+05:30,463.4297846144156,29.7,75.43333333333334,2024,9
2024-09-13 18:30:00+05:30,460.0192483690999,29.33333333333333,76.46666666666667,2024,9
2024-09-13 18:45:00+05:30,457.1020773929346,29.066666666666663,76.93333333333332,2024,9
2024-09-13 19:00:00+05:30,451.21990675410905,28.933333333333337,78.7,2024,9
2024-09-13 19:15:00+05:30,444.71676545113326,28.8,79.56666666666668,2024,9
2024-09-13 19:30:00+05:30,437.9714030048178,28.7,80.33333333333333,2024,9
2024-09-13 19:45:00+05:30,429.57127866438793,28.73333333333333,79.86666666666667,2024,9
2024-09-13 20:00:00+05:30,421.9178689604432,28.6,80.4,2024,9
2024-09-13 20:15:00+05:30,415.93987924049065,28.53333333333333,80.73333333333333,2024,9
2024-09-13 20:30:00+05:30,410.6796147138403,28.5,80.89999999999999,2024,9
2024-09-13 20:45:00+05:30,405.696557478882,28.5,80.43333333333334,2024,9
2024-09-13 21:00:00+05:30,398.1364297400808,28.5,81.06666666666666,2024,9
2024-09-13 21:15:00+05:30,393.7417526854469,28.46666666666667,80.86666666666666,2024,9
2024-09-13 21:30:00+05:30,387.9952853633816,28.3,81.7,2024,9
2024-09-13 21:45:00+05:30,384.0359676170357,28.166666666666668,80.93333333333332,2024,9
2024-09-13 22:00:00+05:30,377.5310088712621,28.166666666666668,81.2,2024,9
2024-09-13 22:15:00+05:30,372.0519221432822,28.2,81.03333333333335,2024,9
2024-09-13 22:30:00+05:30,370.6993219829134,28.2,81.16666666666666,2024,9
2024-09-13 22:45:00+05:30,366.3052064282254,28.100000000000005,81.56666666666668,2024,9
2024-09-13 23:00:00+05:30,361.4889789021997,28.1,82.0,2024,9
2024-09-13 23:15:00+05:30,357.3466167125092,28.03333333333333,82.50000000000001,2024,9
2024-09-13 23:30:00+05:30,351.68521870027064,28.066666666666663,82.26666666666667,2024,9
2024-09-13 23:45:00+05:30,349.2972156962107,28.066666666666663,82.26666666666667,2024,9
2024-09-14 00:00:00+05:30,344.2391896770972,28.0,82.93333333333334,2024,9
2024-09-14 00:15:00+05:30,341.6603178803203,28.0,82.56666666666666,2024,9
2024-09-14 00:30:00+05:30,337.0948318694411,27.9,82.8,2024,9
2024-09-14 00:45:00+05:30,331.5713169422747,27.866666666666664,83.43333333333334,2024,9
2024-09-14 01:00:00+05:30,327.20700812829347,27.666666666666668,84.5,2024,9
2024-09-14 01:15:00+05:30,324.94212664111524,27.8,83.73333333333333,2024,9
2024-09-14 01:30:00+05:30,321.63418674494613,27.76666666666667,83.89999999999999,2024,9
2024-09-14 01:45:00+05:30,318.1354296122417,27.03333333333333,86.39999999999999,2024,9
2024-09-14 02:00:00+05:30,314.2625948327332,26.73333333333333,89.96666666666665,2024,9
2024-09-14 02:15:00+05:30,310.6380016179606,26.666666666666668,89.83333333333333,2024,9
2024-09-14 02:30:00+05:30,306.427942650403,26.23333333333333,91.5,2024,9
2024-09-14 02:45:00+05:30,301.9652565082302,26.066666666666663,91.96666666666664,2024,9
2024-09-14 03:00:00+05:30,299.0700872264213,25.8,93.0,2024,9
2024-09-14 03:15:00+05:30,297.8565441443693,25.73333333333333,93.5,2024,9
2024-09-14 03:30:00+05:30,295.8962320478852,25.73333333333333,93.5,2024,9
2024-09-14 03:45:00+05:30,294.2280486578491,25.83333333333333,94.2,2024,9
2024-09-14 04:00:00+05:30,293.3607116300991,25.9,90.1,2024,9
2024-09-14 04:15:00+05:30,292.2495614102066,25.83333333333333,88.46666666666665,2024,9
2024-09-14 04:30:00+05:30,292.36825709581416,25.866666666666664,89.06666666666668,2024,9
2024-09-14 04:45:00+05:30,291.72170495981254,26.1,89.43333333333332,2024,9
2024-09-14 05:00:00+05:30,292.2771431399568,26.23333333333333,88.7,2024,9
2024-09-14 05:15:00+05:30,292.8953722142044,26.066666666666663,90.96666666666664,2024,9
2024-09-14 05:30:00+05:30,294.1501266603534,26.03333333333333,90.76666666666668,2024,9
2024-09-14 05:45:00+05:30,295.5960253689378,26.0,91.59999999999998,2024,9
2024-09-14 06:00:00+05:30,299.90963938991274,25.96666666666667,92.3,2024,9
2024-09-14 06:15:00+05:30,302.808598337356,25.96666666666667,92.63333333333333,2024,9
2024-09-14 06:30:00+05:30,305.0361005419664,26.03333333333333,92.7,2024,9
2024-09-14 06:45:00+05:30,307.464901570544,26.33333333333333,92.06666666666666,2024,9
2024-09-14 07:00:00+05:30,313.27339938879203,26.666666666666668,90.46666666666664,2024,9
2024-09-14 07:15:00+05:30,320.8180568897865,26.866666666666664,90.0,2024,9
2024-09-14 07:30:00+05:30,328.03201072568,27.066666666666663,89.8,2024,9
2024-09-14 07:45:00+05:30,336.53812376140326,27.3,88.63333333333333,2024,9
2024-09-14 08:00:00+05:30,352.1151829612989,27.566666666666663,87.93333333333332,2024,9
2024-09-14 08:15:00+05:30,366.05326052521946,27.566666666666663,87.83333333333333,2024,9
2024-09-14 08:30:00+05:30,375.37054944689146,27.7,87.10000000000001,2024,9
2024-09-14 08:45:00+05:30,385.23003389375424,27.866666666666664,87.13333333333333,2024,9
2024-09-14 09:00:00+05:30,394.6660061523777,28.133333333333336,85.93333333333334,2024,9
2024-09-14 09:15:00+05:30,406.2504828382538,28.7,84.3,2024,9
2024-09-14 09:30:00+05:30,417.5177422785326,28.73333333333333,83.0,2024,9
2024-09-14 09:45:00+05:30,427.43854205467954,28.933333333333334,82.26666666666667,2024,9
2024-09-14 10:00:00+05:30,432.76743848496994,28.96666666666667,83.53333333333335,2024,9
2024-09-14 10:15:00+05:30,440.7075499364989,28.96666666666667,82.33333333333333,2024,9
2024-09-14 10:30:00+05:30,440.88669991546345,28.933333333333334,83.63333333333333,2024,9
2024-09-14 10:45:00+05:30,445.78864134869787,29.03333333333333,81.7,2024,9
2024-09-14 11:00:00+05:30,443.9218557002284,29.5,80.43333333333334,2024,9
2024-09-14 11:15:00+05:30,449.4545458657674,29.866666666666664,79.1,2024,9
2024-09-14 11:30:00+05:30,445.0211412732216,29.866666666666664,78.43333333333332,2024,9
2024-09-14 11:45:00+05:30,449.9284385200494,30.0,78.13333333333334,2024,9
2024-09-14 12:00:00+05:30,451.7659990229138,30.3,77.0,2024,9
2024-09-14 12:15:00+05:30,445.4280738116971,30.433333333333337,75.60000000000001,2024,9
2024-09-14 12:30:00+05:30,441.9990644679376,30.666666666666668,75.10000000000001,2024,9
2024-09-14 12:45:00+05:30,441.21734029853616,31.2,74.10000000000001,2024,9
2024-09-14 13:00:00+05:30,435.1012330432885,30.73333333333333,73.6,2024,9
2024-09-14 13:15:00+05:30,432.51335609065495,30.8,73.33333333333334,2024,9
2024-09-14 13:30:00+05:30,429.26794071842806,30.866666666666664,74.26666666666667,2024,9
2024-09-14 13:45:00+05:30,429.3978206998798,31.0,72.3,2024,9
2024-09-14 14:00:00+05:30,430.5413037696211,31.100000000000005,73.0,2024,9
2024-09-14 14:15:00+05:30,433.7174487891222,31.1,71.86666666666666,2024,9
2024-09-14 14:30:00+05:30,434.0712984431469,31.03333333333333,72.0,2024,9
2024-09-14 14:45:00+05:30,432.865403426703,31.1,71.66666666666667,2024,9
2024-09-14 15:00:00+05:30,431.9710953368204,31.33333333333333,70.9,2024,9
2024-09-14 15:15:00+05:30,434.31252679209007,30.73333333333333,73.43333333333332,2024,9
2024-09-14 15:30:00+05:30,431.3407634327306,30.46666666666667,75.73333333333333,2024,9
2024-09-14 15:45:00+05:30,423.82542921687656,29.96666666666667,73.76666666666667,2024,9
2024-09-14 16:00:00+05:30,420.6750960559235,29.83333333333333,74.93333333333334,2024,9
2024-09-14 16:15:00+05:30,417.7497360254644,30.23333333333333,73.76666666666667,2024,9
2024-09-14 16:30:00+05:30,416.13513972298006,30.366666666666664,72.83333333333333,2024,9
2024-09-14 16:45:00+05:30,413.6530323884636,30.3,75.16666666666667,2024,9
2024-09-14 17:00:00+05:30,414.16488614861134,30.33333333333333,74.13333333333334,2024,9
2024-09-14 17:15:00+05:30,410.89469317164986,29.53333333333333,76.33333333333333,2024,9
2024-09-14 17:30:00+05:30,409.4032473813055,29.33333333333333,78.43333333333334,2024,9
2024-09-14 17:45:00+05:30,408.6865783164192,29.5,78.03333333333335,2024,9
2024-09-14 18:00:00+05:30,406.92027862557353,29.433333333333334,77.73333333333333,2024,9
2024-09-14 18:15:00+05:30,409.4123307591056,28.96666666666667,78.53333333333333,2024,9
2024-09-14 18:30:00+05:30,411.5491763657311,28.53333333333333,79.7,2024,9
2024-09-14 18:45:00+05:30,410.89424118127727,28.3,80.46666666666665,2024,9
2024-09-14 19:00:00+05:30,407.80830364569687,28.2,81.39999999999999,2024,9
2024-09-14 19:15:00+05:30,403.1262605956561,28.13333333333333,81.56666666666666,2024,9
2024-09-14 19:30:00+05:30,398.64818689485867,28.066666666666663,82.46666666666667,2024,9
2024-09-14 19:45:00+05:30,394.17035800920746,27.666666666666668,84.16666666666667,2024,9
2024-09-14 20:00:00+05:30,388.246255848759,27.166666666666668,87.86666666666667,2024,9
2024-09-14 20:15:00+05:30,384.3501040885292,26.633333333333336,91.63333333333334,2024,9
2024-09-14 20:30:00+05:30,381.25160950693385,26.73333333333333,92.83333333333331,2024,9
2024-09-14 20:45:00+05:30,378.3182886913183,26.83333333333333,93.43333333333334,2024,9
2024-09-14 21:00:00+05:30,374.4927383019744,26.83333333333333,93.73333333333332,2024,9
2024-09-14 21:15:00+05:30,373.4410395282835,26.83333333333333,94.0,2024,9
2024-09-14 21:30:00+05:30,371.42946358809127,26.83333333333333,94.3,2024,9
2024-09-14 21:45:00+05:30,369.2292768116654,26.73333333333333,93.40000000000002,2024,9
2024-09-14 22:00:00+05:30,362.35465511306177,26.5,94.26666666666668,2024,9
2024-09-14 22:15:00+05:30,358.0267025979798,26.5,93.96666666666664,2024,9
2024-09-14 22:30:00+05:30,354.40766088767083,26.5,94.0,2024,9
2024-09-14 22:45:00+05:30,350.7016051953465,26.6,90.86666666666667,2024,9
2024-09-14 23:00:00+05:30,347.640735664458,26.76666666666667,88.90000000000002,2024,9
2024-09-14 23:15:00+05:30,343.9940845845722,26.766666666666666,88.63333333333333,2024,9
2024-09-14 23:30:00+05:30,339.98755074381984,26.83333333333333,88.60000000000001,2024,9
2024-09-14 23:45:00+05:30,337.26399486084733,26.866666666666664,88.66666666666667,2024,9
2024-09-15 00:00:00+05:30,334.01671479045456,26.9,89.0,2024,9
2024-09-15 00:15:00+05:30,329.42641875757454,26.9,89.5,2024,9
2024-09-15 00:30:00+05:30,327.4767626420883,26.9,89.5,2024,9
2024-09-15 00:45:00+05:30,321.639920094958,26.8,90.2,2024,9
2024-09-15 01:00:00+05:30,317.2057278371812,26.9,88.5,2024,9
2024-09-15 01:15:00+05:30,313.7795465135208,26.9,87.7,2024,9
2024-09-15 01:30:00+05:30,310.6032408450488,27.0,88.2,2024,9
2024-09-15 01:45:00+05:30,306.1616408008905,27.0,88.2,2024,9
2024-09-15 02:00:00+05:30,302.19175689357405,27.0,89.2,2024,9
2024-09-15 02:15:00+05:30,299.0624940024044,27.1,89.2,2024,9
2024-09-15 02:30:00+05:30,296.6192301274642,27.0,90.6,2024,9
2024-09-15 02:45:00+05:30,294.11589994131884,27.0,91.0,2024,9
2024-09-15 03:00:00+05:30,291.0669327649247,26.9,91.6,2024,9
2024-09-15 03:15:00+05:30,289.5426870743876,26.7,92.5,2024,9
2024-09-15 03:30:00+05:30,287.35326977367856,26.6,92.3,2024,9
2024-09-15 03:45:00+05:30,285.65917409395416,26.6,92.3,2024,9
2024-09-15 04:00:00+05:30,284.3402592339065,26.6,91.8,2024,9
2024-09-15 04:15:00+05:30,283.9189177334239,26.7,90.3,2024,9
2024-09-15 04:30:00+05:30,284.7489322465616,26.6,89.8,2024,9
2024-09-15 04:45:00+05:30,285.2660888704177,26.7,90.3,2024,9
2024-09-15 05:00:00+05:30,282.9313838199112,26.7,89.9,2024,9
2024-09-15 05:15:00+05:30,283.4104831474287,25.4,94.2,2024,9
2024-09-15 05:30:00+05:30,283.711605287828,25.0,95.1,2024,9
2024-09-15 05:45:00+05:30,283.8074341281212,25.1,95.6,2024,9
2024-09-15 06:00:00+05:30,285.1139592276254,25.3,96.3,2024,9
2024-09-15 06:15:00+05:30,284.8785122797963,25.5,96.6,2024,9
2024-09-15 06:30:00+05:30,287.90520350621466,25.6,96.3,2024,9
2024-09-15 06:45:00+05:30,290.7284181332211,25.9,94.9,2024,9
2024-09-15 07:00:00+05:30,293.62371799245403,26.0,92.6,2024,9
2024-09-15 07:15:00+05:30,295.5236970404796,26.1,92.2,2024,9
2024-09-15 07:30:00+05:30,297.4449780552085,25.8,92.1,2024,9
2024-09-15 07:45:00+05:30,299.0427749985165,25.7,94.1,2024,9
2024-09-15 08:00:00+05:30,304.1503526600836,25.7,94.7,2024,9
2024-09-15 08:15:00+05:30,312.69360555548286,25.8,94.7,2024,9
2024-09-15 08:30:00+05:30,319.1846835190336,25.9,94.8,2024,9
2024-09-15 08:45:00+05:30,322.28122087630896,25.9,96.1,2024,9
2024-09-15 09:00:00+05:30,327.0611532972729,25.7,97.1,2024,9
2024-09-15 09:15:00+05:30,333.50815641157584,25.6,97.1,2024,9
2024-09-15 09:30:00+05:30,338.0162438623448,25.5,97.4,2024,9
2024-09-15 09:45:00+05:30,342.3964084433905,25.7,97.4,2024,9
2024-09-15 10:00:00+05:30,346.9837245557026,25.8,97.5,2024,9
2024-09-15 10:15:00+05:30,351.86187268158795,25.8,97.5,2024,9
2024-09-15 10:30:00+05:30,355.91519498331525,25.9,97.4,2024,9
2024-09-15 10:45:00+05:30,359.60408359242746,25.9,96.8,2024,9
2024-09-15 11:00:00+05:30,363.4619349650701,26.1,96.3,2024,9
2024-09-15 11:15:00+05:30,363.2398453933953,26.1,96.8,2024,9
2024-09-15 11:30:00+05:30,364.2393682773562,26.1,96.8,2024,9
2024-09-15 11:45:00+05:30,365.96482296743113,26.3,95.6,2024,9
2024-09-15 12:00:00+05:30,364.438265303157,26.3,96.0,2024,9
2024-09-15 12:15:00+05:30,364.0665887933617,26.0,96.0,2024,9
2024-09-15 12:30:00+05:30,365.4733024480629,26.0,96.0,2024,9
2024-09-15 12:45:00+05:30,363.01702754638535,26.4,95.4,2024,9
2024-09-15 13:00:00+05:30,361.42579356778367,26.7,95.0,2024,9
2024-09-15 13:15:00+05:30,358.9701785166045,26.7,94.3,2024,9
2024-09-15 13:30:00+05:30,357.19299601618286,26.9,94.0,2024,9
2024-09-15 13:45:00+05:30,357.8005308876603,27.2,93.4,2024,9
2024-09-15 14:00:00+05:30,355.84528601233626,27.3,92.3,2024,9
2024-09-15 14:15:00+05:30,353.3397918016731,27.4,91.9,2024,9
2024-09-15 14:30:00+05:30,354.6680485061897,27.7,90.2,2024,9
2024-09-15 14:45:00+05:30,352.3605556023102,27.9,88.8,2024,9
2024-09-15 15:00:00+05:30,353.45572751169004,28.1,87.3,2024,9
2024-09-15 15:15:00+05:30,353.139284237808,28.1,85.7,2024,9
2024-09-15 15:30:00+05:30,350.89886695487513,28.3,86.0,2024,9
2024-09-15 15:45:00+05:30,349.11179932775093,28.200000000000003,84.9,2024,9
2024-09-15 16:00:00+05:30,350.8855981160169,28.15,83.8,2024,9
2024-09-15 16:15:00+05:30,349.18354713703616,28.125,83.0,2024,9
2024-09-15 16:30:00+05:30,348.83178947623617,28.1125,82.5,2024,9
2024-09-15 16:45:00+05:30,348.83178947623617,28.106250000000003,81.6,2024,9
2024-09-15 17:00:00+05:30,349.30523772099554,28.103125,81.5,2024,9
2024-09-15 17:15:00+05:30,348.941907910727,28.1015625,81.45,2024,9
2024-09-15 17:30:00+05:30,349.70304696086544,28.10078125,81.4,2024,9
2024-09-15 17:45:00+05:30,349.5855473445493,28.100390625000003,82.4,2024,9
2024-09-15 18:00:00+05:30,352.086283082094,28.1001953125,83.0,2024,9
2024-09-15 18:15:00+05:30,355.18529707550715,28.1,85.0,2024,9
2024-09-15 18:30:00+05:30,359.9691852504775,27.7,86.4,2024,9
2024-09-15 18:45:00+05:30,362.0985889143875,27.3,88.2,2024,9
2024-09-15 19:00:00+05:30,362.745358558048,27.1,89.4,2024,9
2024-09-15 19:15:00+05:30,363.2581295381305,26.9,90.2,2024,9
2024-09-15 19:30:00+05:30,361.8922619317013,26.9,90.8,2024,9
2024-09-15 19:45:00+05:30,359.2094433409265,26.8,92.1,2024,9
2024-09-15 20:00:00+05:30,359.2094433409265,26.7,93.0,2024,9
2024-09-15 20:15:00+05:30,356.16570624817336,26.7,92.5,2024,9
2024-09-15 20:30:00+05:30,353.5825153190125,26.6,92.4,2024,9
2024-09-15 20:45:00+05:30,351.4572771691211,26.7,92.0,2024,9
2024-09-15 21:00:00+05:30,349.45766964768853,26.6,92.3,2024,9
2024-09-15 21:15:00+05:30,349.32566071382155,26.6,92.5,2024,9
2024-09-15 21:30:00+05:30,347.727034142736,26.6,92.1,2024,9
2024-09-15 21:45:00+05:30,346.3409239603856,26.5,93.1,2024,9
2024-09-15 22:00:00+05:30,342.9860398621994,26.5,94.2,2024,9
2024-09-15 22:15:00+05:30,339.9768187905429,26.5,94.3,2024,9
2024-09-15 22:30:00+05:30,337.98535526109043,26.5,94.7,2024,9
2024-09-15 22:45:00+05:30,334.05237165253254,26.4,94.6,2024,9
2024-09-15 23:00:00+05:30,330.2803351988486,26.5,94.5,2024,9
2024-09-15 23:15:00+05:30,327.6583027359464,26.4,94.5,2024,9
2024-09-15 23:30:00+05:30,323.5455558266142,26.4,94.9,2024,9
2024-09-15 23:45:00+05:30,320.0163868150831,26.3,95.3,2024,9
2024-09-16 00:00:00+05:30,315.74475929532133,26.4,95.4,2024,9
2024-09-16 00:15:00+05:30,311.6467111094166,26.3,95.6,2024,9
2024-09-16 00:30:00+05:30,306.4030074879888,26.3,95.6,2024,9
2024-09-16 00:45:00+05:30,302.19587540967376,26.3,95.6,2024,9
2024-09-16 01:00:00+05:30,296.9833363079724,26.3,95.3,2024,9
2024-09-16 01:15:00+05:30,293.89653434839084,26.3,95.4,2024,9
2024-09-16 01:30:00+05:30,291.2145755162411,26.3,95.4,2024,9
2024-09-16 01:45:00+05:30,287.754512664257,26.3,95.6,2024,9
2024-09-16 02:00:00+05:30,284.509985442823,26.3,95.6,2024,9
2024-09-16 02:15:00+05:30,282.736369608677,26.1,96.2,2024,9
2024-09-16 02:30:00+05:30,280.63368047683167,26.1,96.2,2024,9
2024-09-16 02:45:00+05:30,278.49675924369967,26.0,96.2,2024,9
2024-09-16 03:00:00+05:30,276.80353106834104,26.0,96.2,2024,9
2024-09-16 03:15:00+05:30,276.4033285782708,26.0,96.1,2024,9
2024-09-16 03:30:00+05:30,275.5012731156908,26.0,96.1,2024,9
2024-09-16 03:45:00+05:30,274.4406001398026,26.0,96.2,2024,9
2024-09-16 04:00:00+05:30,273.46644546597054,26.0,96.2,2024,9
2024-09-16 04:15:00+05:30,273.2903008983306,25.9,96.2,2024,9
2024-09-16 04:30:00+05:30,273.9176105437511,25.9,96.2,2024,9
2024-09-16 04:45:00+05:30,275.22517918433965,26.0,96.3,2024,9
2024-09-16 05:00:00+05:30,277.5659412109411,26.0,96.3,2024,9
2024-09-16 05:15:00+05:30,280.20944212114665,26.0,96.4,2024,9
2024-09-16 05:30:00+05:30,284.5234451262044,26.0,96.4,2024,9
2024-09-16 05:45:00+05:30,288.7394804696719,26.0,96.4,2024,9
2024-09-16 06:00:00+05:30,293.6389230946112,26.0,96.4,2024,9
2024-09-16 06:15:00+05:30,300.6247095805304,26.0,96.5,2024,9
2024-09-16 06:30:00+05:30,311.474165946597,26.0,96.5,2024,9
2024-09-16 06:45:00+05:30,319.0899551403415,26.0,96.5,2024,9
2024-09-16 07:00:00+05:30,331.0026763816751,26.0,96.5,2024,9
2024-09-16 07:15:00+05:30,345.4121577270314,26.0,96.6,2024,9
2024-09-16 07:30:00+05:30,362.3064042043467,26.0,96.6,2024,9
2024-09-16 07:45:00+05:30,378.7939937233338,25.9,96.5,2024,9
2024-09-16 08:00:00+05:30,400.9868312535459,25.9,96.5,2024,9
2024-09-16 08:15:00+05:30,422.5669732028528,26.0,96.4,2024,9
2024-09-16 08:30:00+05:30,439.4759399392411,26.0,96.4,2024,9
2024-09-16 08:45:00+05:30,453.9878495624501,25.9,96.3,2024,9
2024-09-16 09:00:00+05:30,467.2311075473365,25.9,96.3,2024,9
2024-09-16 09:15:00+05:30,483.2668663001434,25.9,96.3,2024,9
2024-09-16 09:30:00+05:30,493.81641873582726,25.9,96.3,2024,9
2024-09-16 09:45:00+05:30,501.7850078906089,25.9,96.4,2024,9
2024-09-16 10:00:00+05:30,510.03775108786505,25.9,96.4,2024,9
2024-09-16 10:15:00+05:30,512.9613152644419,25.8,96.5,2024,9
2024-09-16 10:30:00+05:30,516.8159821216342,25.8,96.5,2024,9
2024-09-16 10:45:00+05:30,519.3320407946353,25.8,96.5,2024,9
2024-09-16 11:00:00+05:30,519.3790874956545,25.8,96.5,2024,9
2024-09-16 11:15:00+05:30,516.0963722690653,25.8,96.5,2024,9
2024-09-16 11:30:00+05:30,513.3500832284149,25.8,96.5,2024,9
2024-09-16 11:45:00+05:30,511.8586601194157,25.8,96.4,2024,9
2024-09-16 12:00:00+05:30,510.6879763560223,25.8,96.4,2024,9
2024-09-16 12:15:00+05:30,509.9981240219204,25.9,96.4,2024,9
2024-09-16 12:30:00+05:30,507.2410855441192,25.9,96.4,2024,9
2024-09-16 12:45:00+05:30,505.4215997906994,26.0,96.4,2024,9
2024-09-16 13:00:00+05:30,502.8488500357771,26.0,96.4,2024,9
2024-09-16 13:15:00+05:30,497.7834927847764,26.2,96.2,2024,9
2024-09-16 13:30:00+05:30,497.17195851774,26.2,96.2,2024,9
2024-09-16 13:45:00+05:30,499.2302522049444,26.4,96.0,2024,9
2024-09-16 14:00:00+05:30,498.90839078805857,26.4,96.0,2024,9
2024-09-16 14:15:00+05:30,500.2221087542896,26.6,95.9,2024,9
2024-09-16 14:30:00+05:30,503.4330680132441,26.6,95.9,2024,9
2024-09-16 14:45:00+05:30,502.5895012432906,26.9,95.5,2024,9
2024-09-16 15:00:00+05:30,502.0349753805111,26.9,95.5,2024,9
2024-09-16 15:15:00+05:30,503.0189540046572,27.2,93.7,2024,9
2024-09-16 15:30:00+05:30,503.22468535074375,27.2,93.7,2024,9
2024-09-16 15:45:00+05:30,500.8432554401783,27.6,91.9,2024,9
2024-09-16 16:00:00+05:30,499.9047382227759,27.6,91.9,2024,9
2024-09-16 16:15:00+05:30,497.33689191963606,28.0,90.4,2024,9
2024-09-16 16:30:00+05:30,496.4379278778361,28.0,90.4,2024,9
2024-09-16 16:45:00+05:30,492.4447596897261,28.4,88.8,2024,9
2024-09-16 17:00:00+05:30,493.2198489619956,28.4,88.8,2024,9
2024-09-16 17:15:00+05:30,487.8725887087271,28.6,87.3,2024,9
2024-09-16 17:30:00+05:30,481.9523421996653,28.6,87.3,2024,9
2024-09-16 17:45:00+05:30,476.4195242053494,29.0,85.6,2024,9
2024-09-16 18:00:00+05:30,470.8463914242942,29.0,85.6,2024,9
2024-09-16 18:15:00+05:30,466.2474988189071,29.4,83.8,2024,9
2024-09-16 18:30:00+05:30,462.0434516356776,29.4,83.8,2024,9
2024-09-16 18:45:00+05:30,458.49603606498766,30.0,80.4,2024,9
2024-09-16 19:00:00+05:30,451.237912446048,30.0,80.4,2024,9
2024-09-16 19:15:00+05:30,443.3882710321303,30.0,80.1,2024,9
2024-09-16 19:30:00+05:30,434.3393673745013,30.0,80.1,2024,9
2024-09-16 19:45:00+05:30,426.21156327192654,30.0,78.4,2024,9
2024-09-16 20:00:00+05:30,418.4404659151776,30.0,78.4,2024,9
2024-09-16 20:15:00+05:30,412.2473898825734,30.3,77.4,2024,9
2024-09-16 20:30:00+05:30,408.1093774454126,30.3,77.4,2024,9
2024-09-16 20:45:00+05:30,401.129627697321,30.4,77.8,2024,9
2024-09-16 21:00:00+05:30,395.2452569514884,30.4,77.8,2024,9
2024-09-16 21:15:00+05:30,390.9688899146214,30.4,77.5,2024,9
2024-09-16 21:30:00+05:30,385.3786728867361,30.4,77.5,2024,9
2024-09-16 21:45:00+05:30,382.0055060693856,30.2,77.1,2024,9
2024-09-16 22:00:00+05:30,375.5501774043996,30.2,77.1,2024,9
2024-09-16 22:15:00+05:30,370.4012714253429,30.5,76.3,2024,9
2024-09-16 22:30:00+05:30,366.1273949504903,30.5,76.3,2024,9
2024-09-16 22:45:00+05:30,359.9501899555325,30.8,75.2,2024,9
2024-09-16 23:00:00+05:30,356.3646112402486,30.8,75.2,2024,9
2024-09-16 23:15:00+05:30,352.49555351414654,30.8,75.6,2024,9
2024-09-16 23:30:00+05:30,347.7728130962142,30.8,75.6,2024,9
2024-09-16 23:45:00+05:30,344.9013009972832,30.6,74.8,2024,9
2024-09-17 00:00:00+05:30,341.30696449993115,29.3,88.0,2024,9
2024-09-17 00:15:00+05:30,337.0620489167179,29.0,88.0,2024,9
2024-09-17 00:30:00+05:30,332.88188241259115,28.9,88.0,2024,9
2024-09-17 00:45:00+05:30,325.43734622204767,28.9,88.0,2024,9
2024-09-17 01:00:00+05:30,319.3109052553735,28.8,89.0,2024,9
2024-09-17 01:15:00+05:30,315.587826372916,28.7,89.0,2024,9
2024-09-17 01:30:00+05:30,313.7108508252405,28.6,89.0,2024,9
2024-09-17 01:45:00+05:30,311.038836609231,28.7,89.0,2024,9
2024-09-17 02:00:00+05:30,306.30870614460684,28.8,90.0,2024,9
2024-09-17 02:15:00+05:30,304.2198412009215,28.4,90.0,2024,9
2024-09-17 02:30:00+05:30,301.3008252408287,28.4,90.0,2024,9
2024-09-17 02:45:00+05:30,296.92712212856566,28.3,90.0,2024,9
2024-09-17 03:00:00+05:30,293.5717014433455,28.2,90.0,2024,9
2024-09-17 03:15:00+05:30,291.5621920087382,28.3,90.0,2024,9
2024-09-17 03:30:00+05:30,288.92258496439416,28.1,90.0,2024,9
2024-09-17 03:45:00+05:30,286.55690723962664,27.8,90.0,2024,9
2024-09-17 04:00:00+05:30,286.3394783214218,27.8,91.0,2024,9
2024-09-17 04:15:00+05:30,285.0929143674388,27.9,91.0,2024,9
2024-09-17 04:30:00+05:30,284.66781780977914,27.9,91.0,2024,9
2024-09-17 04:45:00+05:30,285.6433622800936,28.0,91.0,2024,9
2024-09-17 05:00:00+05:30,287.59778914039094,28.0,91.0,2024,9
2024-09-17 05:15:00+05:30,290.80207962353336,27.8,91.0,2024,9
2024-09-17 05:30:00+05:30,295.0378361640971,27.8,91.0,2024,9
2024-09-17 05:45:00+05:30,296.4913537449182,27.6,91.0,2024,9
2024-09-17 06:00:00+05:30,300.5152788317589,26.2,90.0,2024,9
2024-09-17 06:15:00+05:30,302.1084310743755,26.7,90.0,2024,9
2024-09-17 06:30:00+05:30,311.48005165174504,26.7,90.0,2024,9
2024-09-17 06:45:00+05:30,318.3081003394985,26.9,90.0,2024,9
2024-09-17 07:00:00+05:30,329.0312851437503,27.2,88.0,2024,9
2024-09-17 07:15:00+05:30,342.20138175608344,27.4,88.0,2024,9
2024-09-17 07:30:00+05:30,356.66951018048223,28.1,88.0,2024,9
2024-09-17 07:45:00+05:30,370.17928951159377,28.3,88.0,2024,9
2024-09-17 08:00:00+05:30,392.31509096254456,28.7,85.0,2024,9
2024-09-17 08:15:00+05:30,410.7121169806056,28.3,85.0,2024,9
2024-09-17 08:30:00+05:30,427.9357941555015,28.6,85.0,2024,9
2024-09-17 08:45:00+05:30,437.6584330590492,30.0,85.0,2024,9
2024-09-17 09:00:00+05:30,447.7040553644489,31.4,79.0,2024,9
2024-09-17 09:15:00+05:30,457.69005866026407,32.2,79.0,2024,9
2024-09-17 09:30:00+05:30,467.20390649360354,32.9,79.0,2024,9
2024-09-17 09:45:00+05:30,474.7936598552439,33.4,79.0,2024,9
2024-09-17 10:00:00+05:30,479.685214247932,33.4,74.0,2024,9
2024-09-17 10:15:00+05:30,482.2484822777002,33.3,74.0,2024,9
2024-09-17 10:30:00+05:30,485.2653939652403,33.6,74.0,2024,9
2024-09-17 10:45:00+05:30,487.2442762973992,34.4,74.0,2024,9
2024-09-17 11:00:00+05:30,488.507728797888,33.9,70.0,2024,9
2024-09-17 11:15:00+05:30,490.695729144916,34.6,70.0,2024,9
2024-09-17 11:30:00+05:30,490.2586770267457,34.5,70.0,2024,9
2024-09-17 11:45:00+05:30,488.5932528924076,34.6,70.0,2024,9
2024-09-17 12:00:00+05:30,485.7803657128704,34.6,67.0,2024,9
2024-09-17 12:15:00+05:30,481.69289950528616,34.6,67.0,2024,9
2024-09-17 12:30:00+05:30,480.6759259792798,34.8,67.0,2024,9
2024-09-17 12:45:00+05:30,483.34208650189487,34.9,67.0,2024,9
2024-09-17 13:00:00+05:30,480.6567006247858,35.0,66.0,2024,9
2024-09-17 13:15:00+05:30,476.4150095081782,35.1,66.0,2024,9
2024-09-17 13:30:00+05:30,470.7793560486757,34.7,66.0,2024,9
2024-09-17 13:45:00+05:30,470.2280406470728,35.0,66.0,2024,9
2024-09-17 14:00:00+05:30,470.9570497508101,34.6,66.0,2024,9
2024-09-17 14:15:00+05:30,470.79151313546976,34.6,66.0,2024,9
2024-09-17 14:30:00+05:30,469.4627316192478,34.5,66.0,2024,9
2024-09-17 14:45:00+05:30,466.3790069483315,34.5,66.0,2024,9
2024-09-17 15:00:00+05:30,462.1546613297827,34.3,67.0,2024,9
2024-09-17 15:15:00+05:30,460.68472953551947,33.4,67.0,2024,9
2024-09-17 15:30:00+05:30,458.0432795712216,33.3,67.0,2024,9
2024-09-17 15:45:00+05:30,453.34769118310896,33.7,67.0,2024,9
2024-09-17 16:00:00+05:30,450.1338060085496,33.6,69.0,2024,9
2024-09-17 16:15:00+05:30,446.0036823628861,33.9,69.0,2024,9
2024-09-17 16:30:00+05:30,445.128952976136,33.3,69.0,2024,9
2024-09-17 16:45:00+05:30,439.3329277415896,33.3,69.0,2024,9
2024-09-17 17:00:00+05:30,432.4047781317645,32.7,72.0,2024,9
2024-09-17 17:15:00+05:30,427.9369715194207,32.5,72.0,2024,9
2024-09-17 17:30:00+05:30,422.1911089676608,32.3,72.0,2024,9
2024-09-17 17:45:00+05:30,416.8803142783767,32.0,72.0,2024,9
2024-09-17 18:00:00+05:30,413.9078137629989,31.8,75.0,2024,9
2024-09-17 18:15:00+05:30,408.09426370065967,31.5,75.0,2024,9
2024-09-17 18:30:00+05:30,407.5129477576653,31.4,75.0,2024,9
2024-09-17 18:45:00+05:30,406.1514337776149,31.3,75.0,2024,9
2024-09-17 19:00:00+05:30,405.2817573576552,30.9,77.0,2024,9
2024-09-17 19:15:00+05:30,400.4894698133559,30.4,77.0,2024,9
2024-09-17 19:30:00+05:30,391.4872978672953,30.3,77.0,2024,9
2024-09-17 19:45:00+05:30,386.4429503703342,30.0,77.0,2024,9
2024-09-17 20:00:00+05:30,381.0133632742385,30.0,80.0,2024,9
2024-09-17 20:15:00+05:30,378.83495418323207,29.8,80.0,2024,9
2024-09-17 20:30:00+05:30,376.91583480120994,29.9,80.0,2024,9
2024-09-17 20:45:00+05:30,373.3648229982273,29.8,80.0,2024,9
2024-09-17 21:00:00+05:30,369.7914829774589,29.6,82.0,2024,9
2024-09-17 21:15:00+05:30,369.8798615900601,29.4,82.0,2024,9
2024-09-17 21:30:00+05:30,366.454977363166,29.3,82.0,2024,9
2024-09-17 21:45:00+05:30,364.0583992736407,29.5,82.0,2024,9
2024-09-17 22:00:00+05:30,358.321076391612,29.9,83.0,2024,9
2024-09-17 22:15:00+05:30,353.71188652997535,30.2,83.0,2024,9
2024-09-17 22:30:00+05:30,352.99435048398016,30.1,83.0,2024,9
2024-09-17 22:45:00+05:30,350.0806714530381,30.0,83.0,2024,9
2024-09-17 23:00:00+05:30,345.13755242859526,30.2,85.0,2024,9
2024-09-17 23:15:00+05:30,342.85904004244514,30.0,85.0,2024,9
2024-09-17 23:30:00+05:30,339.7443376716267,29.7,85.0,2024,9
2024-09-17 23:45:00+05:30,338.0361217858263,29.5,85.0,2024,9
2024-09-18 00:00:00+05:30,330.54998362944144,27.83333333333333,83.10000000000001,2024,9
2024-09-18 00:15:00+05:30,325.338620964507,27.83333333333333,83.10000000000001,2024,9
2024-09-18 00:30:00+05:30,321.9837693841204,27.83333333333333,83.10000000000001,2024,9
2024-09-18 00:45:00+05:30,316.5992566015673,27.83333333333333,83.10000000000001,2024,9
2024-09-18 01:00:00+05:30,311.8752031658427,27.766666666666666,83.43333333333334,2024,9
2024-09-18 01:15:00+05:30,309.0491801378801,27.766666666666666,83.43333333333334,2024,9
2024-09-18 01:30:00+05:30,305.4654399332108,27.766666666666666,83.43333333333334,2024,9
2024-09-18 01:45:00+05:30,301.5612703563885,27.766666666666666,83.43333333333334,2024,9
2024-09-18 02:00:00+05:30,298.74768707020246,27.8,83.86666666666666,2024,9
2024-09-18 02:15:00+05:30,295.3922942912478,27.8,83.86666666666666,2024,9
2024-09-18 02:30:00+05:30,293.33258017072626,27.8,83.86666666666666,2024,9
2024-09-18 02:45:00+05:30,290.38403982248246,27.8,83.86666666666666,2024,9
2024-09-18 03:00:00+05:30,287.64311590187225,27.7,84.03333333333333,2024,9
2024-09-18 03:15:00+05:30,285.8646780343731,27.7,84.03333333333333,2024,9
2024-09-18 03:30:00+05:30,284.2885781237843,27.7,84.03333333333333,2024,9
2024-09-18 03:45:00+05:30,283.69363208460084,27.7,84.03333333333333,2024,9
2024-09-18 04:00:00+05:30,283.21507083631786,27.7,84.03333333333333,2024,9
2024-09-18 04:15:00+05:30,282.08409025984884,27.666666666666668,84.16666666666667,2024,9
2024-09-18 04:30:00+05:30,284.7709559046914,27.666666666666668,84.16666666666667,2024,9
2024-09-18 04:45:00+05:30,284.48724607086496,27.666666666666668,84.16666666666667,2024,9
2024-09-18 05:00:00+05:30,285.5310990393323,27.666666666666668,84.16666666666667,2024,9
2024-09-18 05:15:00+05:30,289.2566140799925,27.666666666666668,84.16666666666667,2024,9
2024-09-18 05:30:00+05:30,293.762155436651,27.633333333333336,84.5,2024,9
2024-09-18 05:45:00+05:30,298.25001957433216,27.633333333333336,84.5,2024,9
2024-09-18 06:00:00+05:30,303.5731910983313,27.633333333333336,84.5,2024,9
2024-09-18 06:15:00+05:30,310.0951456114968,27.633333333333336,84.5,2024,9
2024-09-18 06:30:00+05:30,319.047026528636,27.633333333333336,84.5,2024,9
2024-09-18 06:45:00+05:30,326.7031815105848,27.633333333333336,84.5,2024,9
2024-09-18 07:00:00+05:30,338.32084843009915,27.633333333333336,84.5,2024,9
2024-09-18 07:15:00+05:30,353.2561701663016,27.666666666666668,84.5,2024,9
2024-09-18 07:30:00+05:30,369.919387893662,27.666666666666668,84.5,2024,9
2024-09-18 07:45:00+05:30,385.289155513485,27.666666666666668,84.5,2024,9
2024-09-18 08:00:00+05:30,405.7430983721085,27.666666666666668,84.5,2024,9
2024-09-18 08:15:00+05:30,426.6792754922491,27.666666666666668,84.5,2024,9
2024-09-18 08:30:00+05:30,441.79871665697056,27.666666666666668,84.5,2024,9
2024-09-18 08:45:00+05:30,455.9590730382218,27.666666666666668,84.5,2024,9
2024-09-18 09:00:00+05:30,470.33359863788576,27.366666666666664,85.26666666666667,2024,9
2024-09-18 09:15:00+05:30,482.3464605427024,27.366666666666664,85.26666666666667,2024,9
2024-09-18 09:30:00+05:30,493.78955118989177,27.366666666666664,85.26666666666667,2024,9
2024-09-18 09:45:00+05:30,501.7464222560386,27.366666666666664,85.26666666666667,2024,9
2024-09-18 10:00:00+05:30,510.398956530125,27.366666666666664,85.26666666666667,2024,9
2024-09-18 10:15:00+05:30,515.5324204832065,27.366666666666664,85.26666666666667,2024,9
2024-09-18 10:30:00+05:30,518.2006514486185,27.366666666666664,85.26666666666667,2024,9
2024-09-18 10:45:00+05:30,520.4490740449463,27.366666666666664,85.26666666666667,2024,9
2024-09-18 11:00:00+05:30,519.1783894967349,27.166666666666668,86.53333333333335,2024,9
2024-09-18 11:15:00+05:30,517.1650606545302,27.166666666666668,86.53333333333335,2024,9
2024-09-18 11:30:00+05:30,517.4423990844066,27.166666666666668,86.53333333333335,2024,9
2024-09-18 11:45:00+05:30,517.016635511471,27.166666666666668,86.53333333333335,2024,9
2024-09-18 12:00:00+05:30,518.9064218744176,27.166666666666668,86.53333333333335,2024,9
2024-09-18 12:15:00+05:30,517.8796735008187,27.166666666666668,86.53333333333335,2024,9
2024-09-18 12:30:00+05:30,515.9037237835613,27.166666666666668,86.53333333333335,2024,9
2024-09-18 12:45:00+05:30,513.1970669129255,27.166666666666668,86.53333333333335,2024,9
2024-09-18 13:00:00+05:30,510.4893786596779,27.166666666666668,86.53333333333335,2024,9
2024-09-18 13:15:00+05:30,508.507760071303,27.03333333333333,87.80000000000001,2024,9
2024-09-18 13:30:00+05:30,504.183479412595,27.03333333333333,87.80000000000001,2024,9
2024-09-18 13:45:00+05:30,504.77491630213706,27.03333333333333,87.80000000000001,2024,9
2024-09-18 14:00:00+05:30,507.71221975821663,27.03333333333333,87.80000000000001,2024,9
2024-09-18 14:15:00+05:30,510.06646405553846,27.03333333333333,87.80000000000001,2024,9
2024-09-18 14:30:00+05:30,510.44612210841535,27.03333333333333,87.80000000000001,2024,9
2024-09-18 14:45:00+05:30,512.0730840138859,27.03333333333333,87.80000000000001,2024,9
2024-09-18 15:00:00+05:30,511.85174118864575,27.03333333333333,87.80000000000001,2024,9
2024-09-18 15:15:00+05:30,512.9219347501346,27.03333333333333,87.80000000000001,2024,9
2024-09-18 15:30:00+05:30,514.3977938785641,26.96666666666667,88.93333333333334,2024,9
2024-09-18 15:45:00+05:30,512.060176695024,26.96666666666667,88.93333333333334,2024,9
2024-09-18 16:00:00+05:30,510.7761315432013,26.96666666666667,88.93333333333334,2024,9
2024-09-18 16:15:00+05:30,506.1595529527396,26.96666666666667,88.93333333333334,2024,9
2024-09-18 16:30:00+05:30,501.9219228539587,26.96666666666667,88.93333333333334,2024,9
2024-09-18 16:45:00+05:30,496.1645129781471,26.96666666666667,88.93333333333334,2024,9
2024-09-18 17:00:00+05:30,493.1488744291147,26.96666666666667,88.93333333333334,2024,9
2024-09-18 17:15:00+05:30,486.0934273323864,26.96666666666667,88.93333333333334,2024,9
2024-09-18 17:30:00+05:30,479.5421223321342,26.96666666666667,88.93333333333334,2024,9
2024-09-18 17:45:00+05:30,474.5159530396928,26.96666666666667,88.93333333333334,2024,9
2024-09-18 18:00:00+05:30,469.59885900858745,27.03333333333333,89.26666666666665,2024,9
2024-09-18 18:15:00+05:30,461.6711148716873,27.03333333333333,89.26666666666665,2024,9
2024-09-18 18:30:00+05:30,459.8624016220621,27.03333333333333,89.26666666666665,2024,9
2024-09-18 18:45:00+05:30,457.2450880720312,27.03333333333333,89.26666666666665,2024,9
2024-09-18 19:00:00+05:30,450.5232747670466,27.03333333333333,89.26666666666665,2024,9
2024-09-18 19:15:00+05:30,443.1693664924321,27.03333333333333,89.26666666666665,2024,9
2024-09-18 19:30:00+05:30,436.9919890457183,27.03333333333333,89.26666666666665,2024,9
2024-09-18 19:45:00+05:30,429.156747598613,27.03333333333333,89.26666666666665,2024,9
2024-09-18 20:00:00+05:30,423.5586843813528,27.03333333333333,89.26666666666665,2024,9
2024-09-18 20:15:00+05:30,416.1286181583811,27.03333333333333,89.26666666666665,2024,9
2024-09-18 20:30:00+05:30,411.608380692292,26.96666666666667,89.63333333333333,2024,9
2024-09-18 20:45:00+05:30,406.7560859547825,26.96666666666667,89.63333333333333,2024,9
2024-09-18 21:00:00+05:30,401.843729448973,26.96666666666667,89.63333333333333,2024,9
2024-09-18 21:15:00+05:30,399.8683971929775,26.96666666666667,89.63333333333333,2024,9
2024-09-18 21:30:00+05:30,394.5828718755418,26.96666666666667,89.63333333333333,2024,9
2024-09-18 21:45:00+05:30,392.2553341456672,26.96666666666667,89.63333333333333,2024,9
2024-09-18 22:00:00+05:30,386.57475780178765,26.96666666666667,89.63333333333333,2024,9
2024-09-18 22:15:00+05:30,383.0030628664963,26.96666666666667,89.63333333333333,2024,9
2024-09-18 22:30:00+05:30,380.127204399765,26.96666666666667,89.63333333333333,2024,9
2024-09-18 22:45:00+05:30,375.9001149026026,26.96666666666667,89.63333333333333,2024,9
2024-09-18 23:00:00+05:30,370.5163274791943,26.96666666666667,89.56666666666666,2024,9
2024-09-18 23:15:00+05:30,366.08116333890587,26.96666666666667,89.56666666666666,2024,9
2024-09-18 23:30:00+05:30,360.104586072753,26.96666666666667,89.56666666666666,2024,9
2024-09-18 23:45:00+05:30,356.18767851293865,26.96666666666667,89.56666666666666,2024,9
2024-09-19 00:00:00+05:30,350.0300737216759,28.6,82.2,2024,9
2024-09-19 00:15:00+05:30,344.74468465732537,28.4,81.7,2024,9
2024-09-19 00:30:00+05:30,337.0067358153011,28.3,82.4,2024,9
2024-09-19 00:45:00+05:30,330.7339634260074,28.3,82.8,2024,9
2024-09-19 01:00:00+05:30,325.10158645925014,28.3,83.4,2024,9
2024-09-19 01:15:00+05:30,321.31451433211737,28.2,83.7,2024,9
2024-09-19 01:30:00+05:30,318.73725498738725,28.1,84.0,2024,9
2024-09-19 01:45:00+05:30,315.5772012439813,28.1,84.1,2024,9
2024-09-19 02:00:00+05:30,312.69312743230984,28.0,84.7,2024,9
2024-09-19 02:15:00+05:30,309.9853046910515,28.0,84.8,2024,9
2024-09-19 02:30:00+05:30,307.3159423736225,28.0,85.2,2024,9
2024-09-19 02:45:00+05:30,304.7429491460137,28.0,85.5,2024,9
2024-09-19 03:00:00+05:30,302.6065143022183,27.9,85.1,2024,9
2024-09-19 03:15:00+05:30,301.659005187504,27.8,87.3,2024,9
2024-09-19 03:30:00+05:30,299.5876589843031,27.7,87.9,2024,9
2024-09-19 03:45:00+05:30,297.54782109901186,27.7,88.1,2024,9
2024-09-19 04:00:00+05:30,296.35522546537703,27.7,88.5,2024,9
2024-09-19 04:15:00+05:30,295.73896570855305,27.6,88.9,2024,9
2024-09-19 04:30:00+05:30,297.3779574020012,27.6,88.9,2024,9
2024-09-19 04:45:00+05:30,297.99658904705626,27.6,89.0,2024,9
2024-09-19 05:00:00+05:30,300.47152008560715,27.5,89.0,2024,9
2024-09-19 05:15:00+05:30,302.3565736175229,27.5,88.9,2024,9
2024-09-19 05:30:00+05:30,307.4329536908639,27.5,89.2,2024,9
2024-09-19 05:45:00+05:30,314.665239935532,27.5,89.5,2024,9
2024-09-19 06:00:00+05:30,320.09251366301623,27.5,89.9,2024,9
2024-09-19 06:15:00+05:30,325.1924905339539,27.4,90.1,2024,9
2024-09-19 06:30:00+05:30,335.74200830678507,27.4,90.2,2024,9
2024-09-19 06:45:00+05:30,345.0560216517548,27.5,89.7,2024,9
2024-09-19 07:00:00+05:30,358.08862641019425,27.6,89.3,2024,9
2024-09-19 07:15:00+05:30,377.5102992219017,27.7,89.4,2024,9
2024-09-19 07:30:00+05:30,391.6558190245376,27.9,88.8,2024,9
2024-09-19 07:45:00+05:30,405.6961073387184,28.4,86.5,2024,9
2024-09-19 08:00:00+05:30,426.68400778059566,28.6,85.4,2024,9
2024-09-19 08:15:00+05:30,450.8618396826113,28.8,84.1,2024,9
2024-09-19 08:30:00+05:30,466.6432683042153,29.2,83.0,2024,9
2024-09-19 08:45:00+05:30,484.45650620658137,29.1,82.1,2024,9
2024-09-19 09:00:00+05:30,498.4529888984791,29.3,81.1,2024,9
2024-09-19 09:15:00+05:30,510.7122968577301,29.8,79.8,2024,9
2024-09-19 09:30:00+05:30,520.4605059872637,30.3,78.1,2024,9
2024-09-19 09:45:00+05:30,525.9310002075254,30.6,76.3,2024,9
2024-09-19 10:00:00+05:30,533.4946511397284,31.0,73.9,2024,9
2024-09-19 10:15:00+05:30,535.2798892956347,30.9,73.2,2024,9
2024-09-19 10:30:00+05:30,540.0636113753919,30.5,74.6,2024,9
2024-09-19 10:45:00+05:30,536.5728152919309,30.1,75.4,2024,9
2024-09-19 11:00:00+05:30,535.4636250474887,30.3,75.3,2024,9
2024-09-19 11:15:00+05:30,534.0085716793294,30.7,73.5,2024,9
2024-09-19 11:30:00+05:30,533.1655262964058,31.1,72.9,2024,9
2024-09-19 11:45:00+05:30,534.672906273596,31.8,70.3,2024,9
2024-09-19 12:00:00+05:30,536.1317637242375,32.1,69.0,2024,9
2024-09-19 12:15:00+05:30,537.6174941730068,32.2,68.1,2024,9
2024-09-19 12:30:00+05:30,536.6294243059212,32.3,67.4,2024,9
2024-09-19 12:45:00+05:30,532.6183613413929,32.6,66.3,2024,9
2024-09-19 13:00:00+05:30,526.5372707782822,32.7,66.5,2024,9
2024-09-19 13:15:00+05:30,525.7627377703822,32.9,65.3,2024,9
2024-09-19 13:30:00+05:30,523.2802061326175,32.6,67.0,2024,9
2024-09-19 13:45:00+05:30,526.5821587023822,32.3,67.6,2024,9
2024-09-19 14:00:00+05:30,529.5426591664808,32.4,66.4,2024,9
2024-09-19 14:15:00+05:30,532.5969561232479,32.7,66.2,2024,9
2024-09-19 14:30:00+05:30,533.3066051903106,32.6,65.2,2024,9
2024-09-19 14:45:00+05:30,532.804412272134,32.7,65.5,2024,9
2024-09-19 15:00:00+05:30,532.715576407109,32.4,66.0,2024,9
2024-09-19 15:15:00+05:30,533.7663052246512,32.1,66.8,2024,9
2024-09-19 15:30:00+05:30,527.7222590407665,32.0,66.7,2024,9
2024-09-19 15:45:00+05:30,523.2720430661432,32.1,66.8,2024,9
2024-09-19 16:00:00+05:30,519.6387918611492,32.0,66.9,2024,9
2024-09-19 16:15:00+05:30,515.018480178508,32.0,66.7,2024,9
2024-09-19 16:30:00+05:30,511.31490192504776,32.0,66.5,2024,9
2024-09-19 16:45:00+05:30,506.6438815874776,32.0,67.1,2024,9
2024-09-19 17:00:00+05:30,502.34428509728673,31.8,67.6,2024,9
2024-09-19 17:15:00+05:30,498.407316656958,31.5,68.8,2024,9
2024-09-19 17:30:00+05:30,496.1785511996361,31.1,69.6,2024,9
2024-09-19 17:45:00+05:30,500.23566542931775,30.5,71.4,2024,9
2024-09-19 18:00:00+05:30,494.6483580958351,30.2,72.4,2024,9
2024-09-19 18:15:00+05:30,489.0457259657885,29.9,74.1,2024,9
2024-09-19 18:30:00+05:30,483.6569686587049,29.7,74.7,2024,9
2024-09-19 18:45:00+05:30,480.8540814238667,29.6,76.1,2024,9
2024-09-19 19:00:00+05:30,472.8553739181606,29.5,77.6,2024,9
2024-09-19 19:15:00+05:30,463.7804186950912,29.4,78.2,2024,9
2024-09-19 19:30:00+05:30,454.9460752076265,29.3,78.7,2024,9
2024-09-19 19:45:00+05:30,446.5817479018836,29.3,78.4,2024,9
2024-09-19 20:00:00+05:30,438.70082938805336,29.2,78.9,2024,9
2024-09-19 20:15:00+05:30,430.8313019171734,29.2,79.1,2024,9
2024-09-19 20:30:00+05:30,427.2202923364126,29.2,79.1,2024,9
2024-09-19 20:45:00+05:30,420.93217235532114,29.1,79.4,2024,9
2024-09-19 21:00:00+05:30,415.12269580528863,29.1,79.6,2024,9
2024-09-19 21:15:00+05:30,413.9257905832216,29.0,79.9,2024,9
2024-09-19 21:30:00+05:30,407.777924408936,29.0,79.9,2024,9
2024-09-19 21:45:00+05:30,404.10197142818544,29.0,80.3,2024,9
2024-09-19 22:00:00+05:30,398.63994607119946,29.0,81.1,2024,9
2024-09-19 22:15:00+05:30,395.2610798541428,28.9,81.6,2024,9
2024-09-19 22:30:00+05:30,391.1239159808903,28.8,82.0,2024,9
2024-09-19 22:45:00+05:30,386.17117996333263,28.7,82.3,2024,9
2024-09-19 23:00:00+05:30,380.51161119564864,28.6,82.6,2024,9
2024-09-19 23:15:00+05:30,375.9866506031464,28.6,83.0,2024,9
2024-09-19 23:30:00+05:30,369.16407180881424,28.4,83.2,2024,9
2024-09-19 23:45:00+05:30,362.2996047874831,28.6,83.0,2024,9
2024-09-20 00:00:00+05:30,355.8690062474069,26.4,83.0,2024,9
2024-09-20 00:15:00+05:30,351.6259060921041,26.3,84.0,2024,9
2024-09-20 00:30:00+05:30,346.53285430174554,26.2,84.0,2024,9
2024-09-20 00:45:00+05:30,343.2288641145422,26.1,84.0,2024,9
2024-09-20 01:00:00+05:30,334.3368833729714,26.3,85.0,2024,9
2024-09-20 01:15:00+05:30,328.5117916429855,26.2,86.0,2024,9
2024-09-20 01:30:00+05:30,323.80859619016184,26.1,86.0,2024,9
2024-09-20 01:45:00+05:30,318.97260277676,26.0,86.0,2024,9
2024-09-20 02:00:00+05:30,315.16608007827807,26.1,87.0,2024,9
2024-09-20 02:15:00+05:30,312.44624487115,26.0,87.0,2024,9
2024-09-20 02:30:00+05:30,308.86865786845937,25.9,87.0,2024,9
2024-09-20 02:45:00+05:30,306.3063226761035,25.9,87.0,2024,9
2024-09-20 03:00:00+05:30,304.1205237454749,25.8,88.0,2024,9
2024-09-20 03:15:00+05:30,302.37527023679365,25.8,88.0,2024,9
2024-09-20 03:30:00+05:30,300.0207520984682,25.7,88.0,2024,9
2024-09-20 03:45:00+05:30,298.6725711264325,25.7,88.0,2024,9
2024-09-20 04:00:00+05:30,298.612800416998,25.7,89.0,2024,9
2024-09-20 04:15:00+05:30,298.3127449567554,25.7,89.0,2024,9
2024-09-20 04:30:00+05:30,299.59560134725024,25.6,89.0,2024,9
2024-09-20 04:45:00+05:30,301.6877190813271,25.6,89.0,2024,9
2024-09-20 05:00:00+05:30,303.35092029104914,25.6,90.0,2024,9
2024-09-20 05:15:00+05:30,304.9294964813962,25.5,90.0,2024,9
2024-09-20 05:30:00+05:30,308.6680085583868,25.5,90.0,2024,9
2024-09-20 05:45:00+05:30,312.20238106111617,25.4,90.0,2024,9
2024-09-20 06:00:00+05:30,319.472764574212,25.3,90.0,2024,9
2024-09-20 06:15:00+05:30,325.4806372210509,25.3,90.0,2024,9
2024-09-20 06:30:00+05:30,337.0625199834012,25.3,90.0,2024,9
2024-09-20 06:45:00+05:30,347.33663331798545,25.4,90.0,2024,9
2024-09-20 07:00:00+05:30,360.36174442476033,25.4,90.0,2024,9
2024-09-20 07:15:00+05:30,375.927353345608,25.6,90.0,2024,9
2024-09-20 07:30:00+05:30,391.3050933138279,25.9,89.0,2024,9
2024-09-20 07:45:00+05:30,407.4676586571776,26.1,88.0,2024,9
2024-09-20 08:00:00+05:30,428.64464900928266,26.4,87.0,2024,9
2024-09-20 08:15:00+05:30,451.2753002583254,26.7,86.0,2024,9
2024-09-20 08:30:00+05:30,469.5726702516074,27.0,84.0,2024,9
2024-09-20 08:45:00+05:30,483.23609202724,27.3,83.0,2024,9
2024-09-20 09:00:00+05:30,497.6965769553796,27.4,83.0,2024,9
2024-09-20 09:15:00+05:30,512.5986466136848,27.8,82.0,2024,9
2024-09-20 09:30:00+05:30,525.0093096060582,28.1,80.0,2024,9
2024-09-20 09:45:00+05:30,536.245706612834,28.4,79.0,2024,9
2024-09-20 10:00:00+05:30,543.3720214779008,28.7,78.0,2024,9
2024-09-20 10:15:00+05:30,546.2753820134402,29.0,76.0,2024,9
2024-09-20 10:30:00+05:30,548.3842655000163,29.3,75.0,2024,9
2024-09-20 10:45:00+05:30,550.2854268953656,29.5,74.0,2024,9
2024-09-20 11:00:00+05:30,549.3874937001897,29.9,74.0,2024,9
2024-09-20 11:15:00+05:30,543.857397698226,30.1,73.0,2024,9
2024-09-20 11:30:00+05:30,542.1106797805555,30.2,72.0,2024,9
2024-09-20 11:45:00+05:30,541.4836263533335,30.4,72.0,2024,9
2024-09-20 12:00:00+05:30,542.2611970909791,30.7,70.0,2024,9
2024-09-20 12:15:00+05:30,540.1565955475157,30.8,69.0,2024,9
2024-09-20 12:30:00+05:30,537.6702003710898,31.0,69.0,2024,9
2024-09-20 12:45:00+05:30,531.1840614228423,31.1,69.0,2024,9
2024-09-20 13:00:00+05:30,526.9803126733138,31.3,69.0,2024,9
2024-09-20 13:15:00+05:30,527.8304594170746,31.2,69.0,2024,9
2024-09-20 13:30:00+05:30,525.4290489071146,31.2,69.0,2024,9
2024-09-20 13:45:00+05:30,525.9311373696013,31.1,69.0,2024,9
2024-09-20 14:00:00+05:30,532.3052338845266,31.1,69.0,2024,9
2024-09-20 14:15:00+05:30,536.9810338635475,31.0,70.0,2024,9
2024-09-20 14:30:00+05:30,539.1532402041074,30.9,70.0,2024,9
2024-09-20 14:45:00+05:30,538.3325463687756,30.8,70.0,2024,9
2024-09-20 15:00:00+05:30,539.8587287720377,30.8,70.0,2024,9
2024-09-20 15:15:00+05:30,540.1264308714675,30.7,70.0,2024,9
2024-09-20 15:30:00+05:30,538.1074847529168,30.6,70.0,2024,9
2024-09-20 15:45:00+05:30,536.3397919629219,30.5,70.0,2024,9
2024-09-20 16:00:00+05:30,537.04664263689,30.4,71.0,2024,9
2024-09-20 16:15:00+05:30,533.8287889668243,30.3,71.0,2024,9
2024-09-20 16:30:00+05:30,529.4873669566155,30.1,71.0,2024,9
2024-09-20 16:45:00+05:30,525.281052438119,30.0,71.0,2024,9
2024-09-20 17:00:00+05:30,523.2131081075165,29.9,71.0,2024,9
2024-09-20 17:15:00+05:30,517.5008585718211,29.8,71.0,2024,9
2024-09-20 17:30:00+05:30,510.8742622712805,29.6,72.0,2024,9
2024-09-20 17:45:00+05:30,502.6260869919266,29.4,73.0,2024,9
2024-09-20 18:00:00+05:30,493.2048122820072,29.2,74.0,2024,9
2024-09-20 18:15:00+05:30,487.56447943826095,29.0,75.0,2024,9
2024-09-20 18:30:00+05:30,483.8001151327587,28.8,76.0,2024,9
2024-09-20 18:45:00+05:30,477.9744943717661,28.6,76.0,2024,9
2024-09-20 19:00:00+05:30,469.0193986246708,28.5,77.0,2024,9
2024-09-20 19:15:00+05:30,461.054049287592,28.3,77.0,2024,9
2024-09-20 19:30:00+05:30,453.2564770978072,28.2,78.0,2024,9
2024-09-20 19:45:00+05:30,444.9008580718189,28.1,78.0,2024,9
2024-09-20 20:00:00+05:30,436.19287696412977,28.0,79.0,2024,9
2024-09-20 20:15:00+05:30,428.4197352417317,27.8,79.0,2024,9
2024-09-20 20:30:00+05:30,427.3907093453572,27.7,80.0,2024,9
2024-09-20 20:45:00+05:30,420.8186606385459,27.6,80.0,2024,9
2024-09-20 21:00:00+05:30,415.0853817994042,27.6,81.0,2024,9
2024-09-20 21:15:00+05:30,412.8063460884896,27.5,81.0,2024,9
2024-09-20 21:30:00+05:30,407.5699604781087,27.5,82.0,2024,9
2024-09-20 21:45:00+05:30,402.0698059400575,27.4,82.0,2024,9
2024-09-20 22:00:00+05:30,395.70405925761,27.0,85.0,2024,9
2024-09-20 22:15:00+05:30,389.38977805532863,26.9,85.0,2024,9
2024-09-20 22:30:00+05:30,385.8507638304321,26.9,85.0,2024,9
2024-09-20 22:45:00+05:30,382.38318554589824,26.8,85.0,2024,9
2024-09-20 23:00:00+05:30,377.8021425290121,26.8,85.0,2024,9
2024-09-20 23:15:00+05:30,373.3940442947076,26.7,86.0,2024,9
2024-09-20 23:30:00+05:30,369.7872300608815,26.7,86.0,2024,9
2024-09-20 23:45:00+05:30,366.3420244687471,26.6,86.0,2024,9
2024-09-21 00:00:00+05:30,360.0968811572546,28.6,82.2,2024,9
2024-09-21 00:15:00+05:30,353.5163014063747,28.4,81.7,2024,9
2024-09-21 00:30:00+05:30,349.26372613428833,28.3,82.4,2024,9
2024-09-21 00:45:00+05:30,343.401719375158,28.3,82.8,2024,9
2024-09-21 01:00:00+05:30,338.02023373278126,28.3,83.4,2024,9
2024-09-21 01:15:00+05:30,333.18794134992083,28.2,83.7,2024,9
2024-09-21 01:30:00+05:30,329.7543119900488,28.1,84.0,2024,9
2024-09-21 01:45:00+05:30,326.19208146449034,28.1,84.1,2024,9
2024-09-21 02:00:00+05:30,321.54847206577404,28.0,84.7,2024,9
2024-09-21 02:15:00+05:30,317.6170690858044,28.0,84.8,2024,9
2024-09-21 02:30:00+05:30,315.32398715886416,28.0,85.2,2024,9
2024-09-21 02:45:00+05:30,313.74846447191885,28.0,85.5,2024,9
2024-09-21 03:00:00+05:30,310.38314739272465,27.9,85.1,2024,9
2024-09-21 03:15:00+05:30,307.37257655218747,27.8,87.3,2024,9
2024-09-21 03:30:00+05:30,305.1574380372785,27.7,87.9,2024,9
2024-09-21 03:45:00+05:30,303.0031897295541,27.7,88.1,2024,9
2024-09-21 04:00:00+05:30,302.5764030883067,27.7,88.5,2024,9
2024-09-21 04:15:00+05:30,301.369750616024,27.6,88.9,2024,9
2024-09-21 04:30:00+05:30,303.55012047856167,27.6,88.9,2024,9
2024-09-21 04:45:00+05:30,304.8590690258178,27.6,89.0,2024,9
2024-09-21 05:00:00+05:30,304.46874509051133,27.5,89.0,2024,9
2024-09-21 05:15:00+05:30,306.3830674492286,27.5,88.9,2024,9
2024-09-21 05:30:00+05:30,308.69677202782793,27.5,89.2,2024,9
2024-09-21 05:45:00+05:30,311.7808289993213,27.5,89.5,2024,9
2024-09-21 06:00:00+05:30,315.29853790102544,27.5,89.9,2024,9
2024-09-21 06:15:00+05:30,318.4409107895962,27.4,90.1,2024,9
2024-09-21 06:30:00+05:30,322.8557739412148,27.4,90.2,2024,9
2024-09-21 06:45:00+05:30,326.72488743302114,27.5,89.7,2024,9
2024-09-21 07:00:00+05:30,333.692122213654,27.6,89.3,2024,9
2024-09-21 07:15:00+05:30,342.2173526652795,27.7,89.4,2024,9
2024-09-21 07:30:00+05:30,349.33921775280845,27.9,88.8,2024,9
2024-09-21 07:45:00+05:30,357.9302685123164,28.4,86.5,2024,9
2024-09-21 08:00:00+05:30,373.8376636812837,28.6,85.4,2024,9
2024-09-21 08:15:00+05:30,394.1673249502828,28.8,84.1,2024,9
2024-09-21 08:30:00+05:30,408.08527796183375,29.2,83.0,2024,9
2024-09-21 08:45:00+05:30,418.7761413873087,29.1,82.1,2024,9
2024-09-21 09:00:00+05:30,431.646918997473,29.3,81.1,2024,9
2024-09-21 09:15:00+05:30,442.5533767021759,29.8,79.8,2024,9
2024-09-21 09:30:00+05:30,452.06036464674463,30.3,78.1,2024,9
2024-09-21 09:45:00+05:30,460.7278697331906,30.6,76.3,2024,9
2024-09-21 10:00:00+05:30,466.6458009163025,31.0,73.9,2024,9
2024-09-21 10:15:00+05:30,471.4789379081879,30.9,73.2,2024,9
2024-09-21 10:30:00+05:30,475.8839414399152,30.5,74.6,2024,9
2024-09-21 10:45:00+05:30,481.3650511348276,30.1,75.4,2024,9
2024-09-21 11:00:00+05:30,480.1956737660701,30.3,75.3,2024,9
2024-09-21 11:15:00+05:30,480.3880599689954,30.7,73.5,2024,9
2024-09-21 11:30:00+05:30,479.0666950441563,31.1,72.9,2024,9
2024-09-21 11:45:00+05:30,478.5663404736312,31.8,70.3,2024,9
2024-09-21 12:00:00+05:30,479.31263962915705,32.1,69.0,2024,9
2024-09-21 12:15:00+05:30,477.70066333836166,32.2,68.1,2024,9
2024-09-21 12:30:00+05:30,476.04067726606286,32.3,67.4,2024,9
2024-09-21 12:45:00+05:30,472.2801659175855,32.6,66.3,2024,9
2024-09-21 13:00:00+05:30,466.9070354129838,32.7,66.5,2024,9
2024-09-21 13:15:00+05:30,464.4791213358048,32.9,65.3,2024,9
2024-09-21 13:30:00+05:30,465.80847408178295,32.6,67.0,2024,9
2024-09-21 13:45:00+05:30,469.5785813504602,32.3,67.6,2024,9
2024-09-21 14:00:00+05:30,471.980441222936,32.4,66.4,2024,9
2024-09-21 14:15:00+05:30,475.3325742124729,32.7,66.2,2024,9
2024-09-21 14:30:00+05:30,475.6365202753896,32.6,65.2,2024,9
2024-09-21 14:45:00+05:30,473.2923619651101,32.7,65.5,2024,9
2024-09-21 15:00:00+05:30,471.1615823752901,32.4,66.0,2024,9
2024-09-21 15:15:00+05:30,468.985427091208,32.1,66.8,2024,9
2024-09-21 15:30:00+05:30,466.2163630058752,32.0,66.7,2024,9
2024-09-21 15:45:00+05:30,464.0235663245507,32.1,66.8,2024,9
2024-09-21 16:00:00+05:30,461.9580592100169,32.0,66.9,2024,9
2024-09-21 16:15:00+05:30,456.48632588263615,32.0,66.7,2024,9
2024-09-21 16:30:00+05:30,455.3051736722361,32.0,66.5,2024,9
2024-09-21 16:45:00+05:30,454.4806294631262,32.0,67.1,2024,9
2024-09-21 17:00:00+05:30,451.8197234827956,31.8,67.6,2024,9
2024-09-21 17:15:00+05:30,447.991879813127,31.5,68.8,2024,9
2024-09-21 17:30:00+05:30,444.3870560320652,31.1,69.6,2024,9
2024-09-21 17:45:00+05:30,441.4210897917494,30.5,71.4,2024,9
2024-09-21 18:00:00+05:30,440.4762512480942,30.2,72.4,2024,9
2024-09-21 18:15:00+05:30,441.4438185909072,29.9,74.1,2024,9
2024-09-21 18:30:00+05:30,439.0122817048776,29.7,74.7,2024,9
2024-09-21 18:45:00+05:30,437.09095454378775,29.6,76.1,2024,9
2024-09-21 19:00:00+05:30,434.8940110994479,29.5,77.6,2024,9
2024-09-21 19:15:00+05:30,429.9857359549304,29.4,78.2,2024,9
2024-09-21 19:30:00+05:30,424.9843916559014,29.3,78.7,2024,9
2024-09-21 19:45:00+05:30,417.9506089189266,29.3,78.4,2024,9
2024-09-21 20:00:00+05:30,412.8398777193776,29.2,78.9,2024,9
2024-09-21 20:15:00+05:30,409.2473559467734,29.2,79.1,2024,9
2024-09-21 20:30:00+05:30,406.5779168896125,29.2,79.1,2024,9
2024-09-21 20:45:00+05:30,401.8338780999213,29.1,79.4,2024,9
2024-09-21 21:00:00+05:30,398.21646452368856,29.1,79.6,2024,9
2024-09-21 21:15:00+05:30,394.4270724936215,29.0,79.9,2024,9
2024-09-21 21:30:00+05:30,389.8257786049361,29.0,79.9,2024,9
2024-09-21 21:45:00+05:30,388.40383101278553,29.0,80.3,2024,9
2024-09-21 22:00:00+05:30,383.26869497019936,29.0,81.1,2024,9
2024-09-21 22:15:00+05:30,378.19062210994304,28.9,81.6,2024,9
2024-09-21 22:30:00+05:30,378.6251291016905,28.8,82.0,2024,9
2024-09-21 22:45:00+05:30,373.25060038573247,28.7,82.3,2024,9
2024-09-21 23:00:00+05:30,369.9845011436486,28.6,82.6,2024,9
2024-09-21 23:15:00+05:30,365.63535247254623,28.6,83.0,2024,9
2024-09-21 23:30:00+05:30,360.3367009260142,28.4,83.2,2024,9
2024-09-21 23:45:00+05:30,356.6095547522831,28.6,83.0,2024,9
2024-09-22 00:00:00+05:30,351.29898196945464,28.566666666666663,84.10000000000001,2024,9
2024-09-22 00:15:00+05:30,348.4753293679746,28.53333333333333,84.43333333333332,2024,9
2024-09-22 00:30:00+05:30,344.0312175908884,28.466666666666665,84.7,2024,9
2024-09-22 00:45:00+05:30,338.0931564157581,28.433333333333334,84.86666666666667,2024,9
2024-09-22 01:00:00+05:30,329.7658516341813,28.433333333333334,84.2,2024,9
2024-09-22 01:15:00+05:30,325.4494388627209,28.466666666666665,83.83333333333333,2024,9
2024-09-22 01:30:00+05:30,322.2149961310488,28.4,84.16666666666667,2024,9
2024-09-22 01:45:00+05:30,319.7914509112905,28.366666666666664,84.5,2024,9
2024-09-22 02:00:00+05:30,315.76174215117385,28.33333333333333,84.8,2024,9
2024-09-22 02:15:00+05:30,313.3047382282044,28.33333333333333,84.83333333333333,2024,9
2024-09-22 02:30:00+05:30,310.2292631050641,28.266666666666666,84.96666666666667,2024,9
2024-09-22 02:45:00+05:30,307.47324330091885,28.3,85.3,2024,9
2024-09-22 03:00:00+05:30,304.95145720952473,28.266666666666666,85.83333333333333,2024,9
2024-09-22 03:15:00+05:30,304.2021308175875,28.266666666666666,86.13333333333333,2024,9
2024-09-22 03:30:00+05:30,301.3284831258786,28.266666666666666,86.0,2024,9
2024-09-22 03:45:00+05:30,299.5362071111541,28.2,85.89999999999999,2024,9
2024-09-22 04:00:00+05:30,298.00570516370664,28.2,86.03333333333335,2024,9
2024-09-22 04:15:00+05:30,296.7020825284238,28.166666666666668,86.10000000000001,2024,9
2024-09-22 04:30:00+05:30,296.3771918423615,28.166666666666668,86.23333333333333,2024,9
2024-09-22 04:45:00+05:30,295.6190765820177,28.100000000000005,86.46666666666665,2024,9
2024-09-22 05:00:00+05:30,295.8471321167113,28.100000000000005,86.46666666666665,2024,9
2024-09-22 05:15:00+05:30,296.5778605866286,28.23333333333333,86.13333333333333,2024,9
2024-09-22 05:30:00+05:30,297.95728377342795,28.133333333333336,86.26666666666665,2024,9
2024-09-22 05:45:00+05:30,298.72047223072127,28.133333333333336,86.46666666666665,2024,9
2024-09-22 06:00:00+05:30,301.2345833674255,28.1,86.8,2024,9
2024-09-22 06:15:00+05:30,302.2167546021964,28.03333333333333,87.23333333333333,2024,9
2024-09-22 06:30:00+05:30,302.17451647501474,28.133333333333336,86.96666666666665,2024,9
2024-09-22 06:45:00+05:30,302.1600663896211,28.3,86.86666666666667,2024,9
2024-09-22 07:00:00+05:30,304.1501315138539,28.4,86.39999999999999,2024,9
2024-09-22 07:15:00+05:30,306.2802618742796,28.566666666666663,86.09999999999998,2024,9
2024-09-22 07:30:00+05:30,310.0907791970085,28.666666666666668,85.63333333333333,2024,9
2024-09-22 07:45:00+05:30,314.8078723879165,28.83333333333333,84.63333333333333,2024,9
2024-09-22 08:00:00+05:30,321.99598203468366,28.96666666666667,84.26666666666667,2024,9
2024-09-22 08:15:00+05:30,333.2355299814828,29.366666666666664,82.76666666666667,2024,9
2024-09-22 08:30:00+05:30,340.31069831383365,29.666666666666668,80.83333333333333,2024,9
2024-09-22 08:45:00+05:30,346.01690742010885,30.0,80.03333333333333,2024,9
2024-09-22 09:00:00+05:30,354.2106098138729,30.399999999999995,77.76666666666667,2024,9
2024-09-22 09:15:00+05:30,360.7908653945759,30.933333333333334,75.73333333333333,2024,9
2024-09-22 09:30:00+05:30,368.2822997243448,31.366666666666664,73.0,2024,9
2024-09-22 09:45:00+05:30,374.4010032217904,31.433333333333334,72.4,2024,9
2024-09-22 10:00:00+05:30,378.5828025199026,31.6,70.89999999999999,2024,9
2024-09-22 10:15:00+05:30,381.6653302127879,31.76666666666667,71.3,2024,9
2024-09-22 10:30:00+05:30,385.05230695711526,31.8,71.16666666666667,2024,9
2024-09-22 10:45:00+05:30,388.8363294220275,31.83333333333333,71.5,2024,9
2024-09-22 11:00:00+05:30,392.1737679804701,31.96666666666667,71.60000000000001,2024,9
2024-09-22 11:15:00+05:30,395.48231758739536,32.03333333333333,70.39999999999999,2024,9
2024-09-22 11:30:00+05:30,395.6812656895563,32.266666666666666,70.60000000000001,2024,9
2024-09-22 11:45:00+05:30,395.0894049132311,32.266666666666666,70.63333333333333,2024,9
2024-09-22 12:00:00+05:30,394.187330186957,32.23333333333333,70.16666666666667,2024,9
2024-09-22 12:15:00+05:30,392.9142844823617,32.233333333333334,68.36666666666667,2024,9
2024-09-22 12:30:00+05:30,393.08502704746286,32.13333333333333,69.8,2024,9
2024-09-22 12:45:00+05:30,391.9238138415853,33.06666666666667,67.36666666666667,2024,9
2024-09-22 13:00:00+05:30,391.11608556138384,33.2,65.66666666666667,2024,9
2024-09-22 13:15:00+05:30,388.6537742008045,33.26666666666667,66.23333333333333,2024,9
2024-09-22 13:30:00+05:30,387.4864968941829,33.13333333333333,65.56666666666666,2024,9
2024-09-22 13:45:00+05:30,388.33515261366017,33.1,66.23333333333333,2024,9
2024-09-22 14:00:00+05:30,388.0619788243363,33.06666666666667,65.63333333333334,2024,9
2024-09-22 14:15:00+05:30,387.7023702638732,33.06666666666666,65.39999999999999,2024,9
2024-09-22 14:30:00+05:30,388.4597023873897,33.06666666666667,65.39999999999999,2024,9
2024-09-22 14:45:00+05:30,387.34871912691005,32.833333333333336,65.39999999999999,2024,9
2024-09-22 15:00:00+05:30,386.59715222529,32.86666666666667,66.10000000000001,2024,9
2024-09-22 15:15:00+05:30,385.547862825208,32.800000000000004,65.53333333333335,2024,9
2024-09-22 15:30:00+05:30,383.9707826824752,32.36666666666667,66.7,2024,9
2024-09-22 15:45:00+05:30,382.7110213489508,32.666666666666664,65.4,2024,9
2024-09-22 16:00:00+05:30,384.7390889180169,32.43333333333333,65.43333333333332,2024,9
2024-09-22 16:15:00+05:30,382.4558127260361,32.333333333333336,65.83333333333333,2024,9
2024-09-22 16:30:00+05:30,380.147870780036,32.36666666666667,65.43333333333334,2024,9
2024-09-22 16:45:00+05:30,377.5075521679262,32.13333333333333,66.83333333333333,2024,9
2024-09-22 17:00:00+05:30,376.83231813619534,31.9,67.60000000000001,2024,9
2024-09-22 17:15:00+05:30,374.7812790411269,31.8,67.46666666666667,2024,9
2024-09-22 17:30:00+05:30,372.9703329924655,31.5,68.66666666666667,2024,9
2024-09-22 17:45:00+05:30,370.63426805494936,30.933333333333334,70.13333333333334,2024,9
2024-09-22 18:00:00+05:30,372.16610955849416,30.566666666666663,70.63333333333334,2024,9
2024-09-22 18:15:00+05:30,374.5363875843072,30.2,72.43333333333332,2024,9
2024-09-22 18:30:00+05:30,379.3342176314775,29.933333333333334,73.46666666666667,2024,9
2024-09-22 18:45:00+05:30,384.14349174438746,29.8,74.36666666666666,2024,9
2024-09-22 19:00:00+05:30,385.6426522028479,29.666666666666668,75.46666666666665,2024,9
2024-09-22 19:15:00+05:30,384.6502072169304,29.666666666666668,75.89999999999999,2024,9
2024-09-22 19:30:00+05:30,382.7013167353013,29.6,75.96666666666667,2024,9
2024-09-22 19:45:00+05:30,380.50289010392646,29.5,77.10000000000001,2024,9
2024-09-22 20:00:00+05:30,378.8179513543776,29.433333333333337,77.76666666666667,2024,9
2024-09-22 20:15:00+05:30,375.9062931629734,29.46666666666667,78.2,2024,9
2024-09-22 20:30:00+05:30,374.66911318101256,29.4,78.56666666666666,2024,9
2024-09-22 20:45:00+05:30,373.997676338121,29.4,78.86666666666667,2024,9
2024-09-22 21:00:00+05:30,375.3967053424884,29.4,79.2,2024,9
2024-09-22 21:15:00+05:30,372.8267184612215,29.433333333333334,79.83333333333333,2024,9
2024-09-22 21:30:00+05:30,371.065430366936,29.3,80.36666666666667,2024,9
2024-09-22 21:45:00+05:30,371.4753285843855,29.3,80.8,2024,9
2024-09-22 22:00:00+05:30,369.23186554739937,29.266666666666666,81.3,2024,9
2024-09-22 22:15:00+05:30,366.00694683414304,29.23333333333333,81.6,2024,9
2024-09-22 22:30:00+05:30,364.2033821168902,29.133333333333336,81.89999999999999,2024,9
2024-09-22 22:45:00+05:30,361.8068737715324,29.2,82.23333333333333,2024,9
2024-09-22 23:00:00+05:30,358.69090373064853,29.166666666666668,82.53333333333333,2024,9
2024-09-22 23:15:00+05:30,357.2791573597463,29.166666666666668,82.69999999999999,2024,9
2024-09-22 23:30:00+05:30,354.47943848681416,29.100000000000005,83.03333333333335,2024,9
2024-09-22 23:45:00+05:30,352.4014192628832,29.100000000000005,83.66666666666667,2024,9
2024-09-23 00:00:00+05:30,345.79945381085474,28.6,82.2,2024,9
2024-09-23 00:15:00+05:30,340.32034496337457,28.4,81.7,2024,9
2024-09-23 00:30:00+05:30,336.28287301788845,28.3,82.4,2024,9
2024-09-23 00:45:00+05:30,330.7954257935579,28.3,82.8,2024,9
2024-09-23 01:00:00+05:30,326.74918086278126,28.3,83.4,2024,9
2024-09-23 01:15:00+05:30,322.65413374852085,28.2,83.7,2024,9
2024-09-23 01:30:00+05:30,319.5850308712488,28.1,84.0,2024,9
2024-09-23 01:45:00+05:30,315.7855265392904,28.1,84.1,2024,9
2024-09-23 02:00:00+05:30,311.910939043974,28.0,84.7,2024,9
2024-09-23 02:15:00+05:30,308.73036692940445,28.0,84.8,2024,9
2024-09-23 02:30:00+05:30,305.9183711404643,28.0,85.2,2024,9
2024-09-23 02:45:00+05:30,303.74371558631884,28.0,85.5,2024,9
2024-09-23 03:00:00+05:30,301.5550188449246,27.9,85.1,2024,9
2024-09-23 03:15:00+05:30,298.9124369933876,27.8,87.3,2024,9
2024-09-23 03:30:00+05:30,297.3747662174786,27.7,87.9,2024,9
2024-09-23 03:45:00+05:30,296.05308058835413,27.7,88.1,2024,9
2024-09-23 04:00:00+05:30,295.54349422650654,27.7,88.5,2024,9
2024-09-23 04:15:00+05:30,294.5922969980238,27.6,88.9,2024,9
2024-09-23 04:30:00+05:30,297.85799775256163,27.6,88.9,2024,9
2024-09-23 04:45:00+05:30,297.1241399064178,27.6,89.0,2024,9
2024-09-23 05:00:00+05:30,298.9146340509113,27.5,89.0,2024,9
2024-09-23 05:15:00+05:30,302.0149597618285,27.5,88.9,2024,9
2024-09-23 05:30:00+05:30,307.84940909802805,27.5,89.2,2024,9
2024-09-23 05:45:00+05:30,311.9271202173214,27.5,89.5,2024,9
2024-09-23 06:00:00+05:30,323.29495613742546,27.5,89.9,2024,9
2024-09-23 06:15:00+05:30,331.1980116175962,27.4,90.1,2024,9
2024-09-23 06:30:00+05:30,342.16926459861463,27.4,90.2,2024,9
2024-09-23 06:45:00+05:30,351.2649577052211,27.5,89.7,2024,9
2024-09-23 07:00:00+05:30,364.1980058314539,27.6,89.3,2024,9
2024-09-23 07:15:00+05:30,379.6098537076797,27.7,89.4,2024,9
2024-09-23 07:30:00+05:30,395.3782773326083,27.9,88.8,2024,9
2024-09-23 07:45:00+05:30,414.1321039701163,28.4,86.5,2024,9
2024-09-23 08:00:00+05:30,437.9056389280837,28.6,85.4,2024,9
2024-09-23 08:15:00+05:30,457.6127796540827,28.8,84.1,2024,9
2024-09-23 08:30:00+05:30,473.4372527496336,29.2,83.0,2024,9
2024-09-23 08:45:00+05:30,490.3607981061088,29.1,82.1,2024,9
2024-09-23 09:00:00+05:30,506.52834786247286,29.3,81.1,2024,9
2024-09-23 09:15:00+05:30,520.2277076223759,29.8,79.8,2024,9
2024-09-23 09:30:00+05:30,534.9748841537449,30.3,78.1,2024,9
2024-09-23 09:45:00+05:30,546.6819951109906,30.6,76.3,2024,9
2024-09-23 10:00:00+05:30,555.4379521953024,31.0,73.9,2024,9
2024-09-23 10:15:00+05:30,561.165989884988,30.9,73.2,2024,9
2024-09-23 10:30:00+05:30,566.8640850507153,30.5,74.6,2024,9
2024-09-23 10:45:00+05:30,567.0624182230274,30.1,75.4,2024,9
2024-09-23 11:00:00+05:30,569.7901527566702,30.3,75.3,2024,9
2024-09-23 11:15:00+05:30,567.6976704579953,30.7,73.5,2024,9
2024-09-23 11:30:00+05:30,568.0347182435561,31.1,72.9,2024,9
2024-09-23 11:45:00+05:30,567.7754787668312,31.8,70.3,2024,9
2024-09-23 12:00:00+05:30,565.465941567757,32.1,69.0,2024,9
2024-09-23 12:15:00+05:30,564.6261928325616,32.2,68.1,2024,9
2024-09-23 12:30:00+05:30,565.1473613448627,32.3,67.4,2024,9
2024-09-23 12:45:00+05:30,564.8121814693855,32.6,66.3,2024,9
2024-09-23 13:00:00+05:30,563.3210265897837,32.7,66.5,2024,9
2024-09-23 13:15:00+05:30,558.1975407110045,32.9,65.3,2024,9
2024-09-23 13:30:00+05:30,556.2249779663829,32.6,67.0,2024,9
2024-09-23 13:45:00+05:30,556.9035298814603,32.3,67.6,2024,9
2024-09-23 14:00:00+05:30,558.8536801279363,32.4,66.4,2024,9
2024-09-23 14:15:00+05:30,559.7027242284732,32.7,66.2,2024,9
2024-09-23 14:30:00+05:30,557.4515770829896,32.6,65.2,2024,9
2024-09-23 14:45:00+05:30,558.7495185801102,32.7,65.5,2024,9
2024-09-23 15:00:00+05:30,561.18360213149,32.4,66.0,2024,9
2024-09-23 15:15:00+05:30,559.6787243552079,32.1,66.8,2024,9
2024-09-23 15:30:00+05:30,562.1100195714753,32.0,66.7,2024,9
2024-09-23 15:45:00+05:30,559.013900634151,32.1,66.8,2024,9
2024-09-23 16:00:00+05:30,553.894939180017,32.0,66.9,2024,9
2024-09-23 16:15:00+05:30,548.180557462836,32.0,66.7,2024,9
2024-09-23 16:30:00+05:30,542.7696452278361,32.0,66.5,2024,9
2024-09-23 16:45:00+05:30,536.9811068601263,32.0,67.1,2024,9
2024-09-23 17:00:00+05:30,534.2329737161955,31.8,67.6,2024,9
2024-09-23 17:15:00+05:30,529.539600974527,31.5,68.8,2024,9
2024-09-23 17:30:00+05:30,523.8295753704656,31.1,69.6,2024,9
2024-09-23 17:45:00+05:30,517.2957672321495,30.5,71.4,2024,9
2024-09-23 18:00:00+05:30,510.9527810060939,30.2,72.4,2024,9
2024-09-23 18:15:00+05:30,504.2189029187071,29.9,74.1,2024,9
2024-09-23 18:30:00+05:30,500.1029082162773,29.7,74.7,2024,9
2024-09-23 18:45:00+05:30,493.0072494303875,29.6,76.1,2024,9
2024-09-23 19:00:00+05:30,483.6607383634479,29.5,77.6,2024,9
2024-09-23 19:15:00+05:30,475.8224165799303,29.4,78.2,2024,9
2024-09-23 19:30:00+05:30,466.18724291430135,29.3,78.7,2024,9
2024-09-23 19:45:00+05:30,459.7711534941266,29.3,78.4,2024,9
2024-09-23 20:00:00+05:30,452.1562891969776,29.2,78.9,2024,9
2024-09-23 20:15:00+05:30,444.8924715407733,29.2,79.1,2024,9
2024-09-23 20:30:00+05:30,436.8414617478125,29.2,79.1,2024,9
2024-09-23 20:45:00+05:30,431.434053147321,29.1,79.4,2024,9
2024-09-23 21:00:00+05:30,425.51354768948846,29.1,79.6,2024,9
2024-09-23 21:15:00+05:30,424.6593894876216,29.0,79.9,2024,9
2024-09-23 21:30:00+05:30,420.2971291535363,29.0,79.9,2024,9
2024-09-23 21:45:00+05:30,415.4505755439856,29.0,80.3,2024,9
2024-09-23 22:00:00+05:30,409.0773063403993,29.0,81.1,2024,9
2024-09-23 22:15:00+05:30,404.5711057801429,28.9,81.6,2024,9
2024-09-23 22:30:00+05:30,402.3469410452902,28.8,82.0,2024,9
2024-09-23 22:45:00+05:30,396.7380154227326,28.7,82.3,2024,9
2024-09-23 23:00:00+05:30,390.36651469424856,28.6,82.6,2024,9
2024-09-23 23:15:00+05:30,386.6403396241464,28.6,83.0,2024,9
2024-09-23 23:30:00+05:30,381.3582445652143,28.4,83.2,2024,9
2024-09-23 23:45:00+05:30,375.026263012483,28.6,83.0,2024,9
2024-09-24 00:00:00+05:30,369.58321755585456,28.6,94.7,2024,9
2024-09-24 00:15:00+05:30,364.44864146477465,28.6,94.7,2024,9
2024-09-24 00:30:00+05:30,357.57627273808833,28.6,95.1,2024,9
2024-09-24 00:45:00+05:30,349.570178473158,28.6,95.0,2024,9
2024-09-24 01:00:00+05:30,344.3520179873813,28.5,94.7,2024,9
2024-09-24 01:15:00+05:30,340.35823543172074,28.5,94.5,2024,9
2024-09-24 01:30:00+05:30,337.82200090104874,28.5,94.4,2024,9
2024-09-24 01:45:00+05:30,333.5762956206905,28.5,94.9,2024,9
2024-09-24 02:00:00+05:30,329.66562439437394,28.5,95.0,2024,9
2024-09-24 02:15:00+05:30,325.51871725860434,28.5,94.8,2024,9
2024-09-24 02:30:00+05:30,321.5904225042641,28.5,94.5,2024,9
2024-09-24 02:45:00+05:30,317.9051572797188,28.6,94.6,2024,9
2024-09-24 03:00:00+05:30,316.2118376927248,28.6,94.8,2024,9
2024-09-24 03:15:00+05:30,315.2969046451876,28.6,95.3,2024,9
2024-09-24 03:30:00+05:30,311.40586435347865,28.5,95.5,2024,9
2024-09-24 03:45:00+05:30,303.82588893075416,27.9,96.0,2024,9
2024-09-24 04:00:00+05:30,298.71434011390653,27.5,96.5,2024,9
2024-09-24 04:15:00+05:30,298.7351097028239,27.1,95.6,2024,9
2024-09-24 04:30:00+05:30,300.4438981207616,26.8,96.8,2024,9
2024-09-24 04:45:00+05:30,301.1831024922178,26.6,96.9,2024,9
2024-09-24 05:00:00+05:30,302.3674345337112,26.6,97.1,2024,9
2024-09-24 05:15:00+05:30,305.0118385520287,26.6,97.1,2024,9
2024-09-24 05:30:00+05:30,309.9207140390281,26.6,97.1,2024,9
2024-09-24 05:45:00+05:30,314.56330536512144,26.6,96.9,2024,9
2024-09-24 06:00:00+05:30,321.6910991086254,26.6,96.8,2024,9
2024-09-24 06:15:00+05:30,330.4186631609963,26.6,96.7,2024,9
2024-09-24 06:30:00+05:30,339.5779157060146,26.6,96.8,2024,9
2024-09-24 06:45:00+05:30,345.78383188682113,26.6,96.8,2024,9
2024-09-24 07:00:00+05:30,361.29493157845394,26.6,96.7,2024,9
2024-09-24 07:15:00+05:30,377.8259796106796,26.6,97.0,2024,9
2024-09-24 07:30:00+05:30,392.70625554580846,26.6,97.1,2024,9
2024-09-24 07:45:00+05:30,408.85683154331656,26.7,97.0,2024,9
2024-09-24 08:00:00+05:30,430.3242234702837,26.8,96.8,2024,9
2024-09-24 08:15:00+05:30,449.4469668702829,26.9,96.9,2024,9
2024-09-24 08:30:00+05:30,465.6153476154335,27.1,96.7,2024,9
2024-09-24 08:45:00+05:30,483.7761594243088,27.2,96.7,2024,9
2024-09-24 09:00:00+05:30,499.954898768273,27.3,95.8,2024,9
2024-09-24 09:15:00+05:30,513.3175859535758,27.4,95.5,2024,9
2024-09-24 09:30:00+05:30,525.4690820899447,27.4,95.4,2024,9
2024-09-24 09:45:00+05:30,533.7516879761905,27.5,95.0,2024,9
2024-09-24 10:00:00+05:30,538.9253438953024,27.7,94.0,2024,9
2024-09-24 10:15:00+05:30,541.4526913329878,27.8,93.6,2024,9
2024-09-24 10:30:00+05:30,543.3825811193152,28.0,93.7,2024,9
2024-09-24 10:45:00+05:30,544.3091840000275,28.1,94.2,2024,9
2024-09-24 11:00:00+05:30,545.4338402298702,28.0,93.7,2024,9
2024-09-24 11:15:00+05:30,542.9127280177953,28.1,93.1,2024,9
2024-09-24 11:30:00+05:30,539.5323775093563,28.3,92.4,2024,9
2024-09-24 11:45:00+05:30,537.632620533831,28.6,91.1,2024,9
2024-09-24 12:00:00+05:30,536.5393211389569,28.6,90.4,2024,9
2024-09-24 12:15:00+05:30,535.2973637817618,28.8,90.2,2024,9
2024-09-24 12:30:00+05:30,536.2520008478627,29.3,87.6,2024,9
2024-09-24 12:45:00+05:30,534.3467537653854,29.4,87.4,2024,9
2024-09-24 13:00:00+05:30,531.5393959275838,29.5,86.8,2024,9
2024-09-24 13:15:00+05:30,528.9344645872045,29.9,85.4,2024,9
2024-09-24 13:30:00+05:30,523.2705480233828,30.3,83.3,2024,9
2024-09-24 13:45:00+05:30,524.3706853476602,30.4,82.7,2024,9
2024-09-24 14:00:00+05:30,531.4245825535362,30.2,83.8,2024,9
2024-09-24 14:15:00+05:30,535.1401329090733,30.1,83.9,2024,9
2024-09-24 14:30:00+05:30,539.4754391211898,30.0,84.9,2024,9
2024-09-24 14:45:00+05:30,539.0688212377103,29.5,86.2,2024,9
2024-09-24 15:00:00+05:30,540.74809742989,31.2,83.3,2024,9
2024-09-24 15:15:00+05:30,541.2112023540079,30.7,84.4,2024,9
2024-09-24 15:30:00+05:30,535.5191593162752,30.6,83.3,2024,9
2024-09-24 15:45:00+05:30,531.7246771341509,30.5,83.3,2024,9
2024-09-24 16:00:00+05:30,529.470369202017,30.2,84.0,2024,9
2024-09-24 16:15:00+05:30,525.0833222972361,30.0,85.0,2024,9
2024-09-24 16:30:00+05:30,521.809074545236,29.9,85.8,2024,9
2024-09-24 16:45:00+05:30,516.4469290607262,29.8,85.7,2024,9
2024-09-24 17:00:00+05:30,512.6638001985954,29.8,85.5,2024,9
2024-09-24 17:15:00+05:30,507.92928206492695,29.8,85.9,2024,9
2024-09-24 17:30:00+05:30,502.7980851178655,29.7,85.3,2024,9
2024-09-24 17:45:00+05:30,497.42909395714935,29.8,84.9,2024,9
2024-09-24 18:00:00+05:30,493.3022930692941,29.6,85.2,2024,9
2024-09-24 18:15:00+05:30,490.4700635495072,29.5,85.6,2024,9
2024-09-24 18:30:00+05:30,485.6007654926773,29.4,85.8,2024,9
2024-09-24 18:45:00+05:30,477.7087595021876,29.4,86.6,2024,9
2024-09-24 19:00:00+05:30,467.237934719648,29.4,86.9,2024,9
2024-09-24 19:15:00+05:30,459.6478193675304,29.3,87.6,2024,9
2024-09-24 19:30:00+05:30,449.09522151410135,29.4,87.7,2024,9
2024-09-24 19:45:00+05:30,438.7217748881266,29.3,88.0,2024,9
2024-09-24 20:00:00+05:30,433.3862524611776,29.3,88.6,2024,9
2024-09-24 20:15:00+05:30,426.2354447007736,29.2,89.4,2024,9
2024-09-24 20:30:00+05:30,422.9601518212126,29.0,90.2,2024,9
2024-09-24 20:45:00+05:30,418.5964109107212,29.0,91.3,2024,9
2024-09-24 21:00:00+05:30,415.4070436280887,29.0,92.0,2024,9
2024-09-24 21:15:00+05:30,411.8799038084216,29.0,92.1,2024,9
2024-09-24 21:30:00+05:30,405.2070706369361,29.0,92.2,2024,9
2024-09-24 21:45:00+05:30,400.4335661625856,29.0,92.0,2024,9
2024-09-24 22:00:00+05:30,395.1029507957996,29.0,91.8,2024,9
2024-09-24 22:15:00+05:30,390.06876439254296,29.0,91.6,2024,9
2024-09-24 22:30:00+05:30,385.6541931970904,29.0,91.4,2024,9
2024-09-24 22:45:00+05:30,379.7581529719325,28.9,92.0,2024,9
2024-09-24 23:00:00+05:30,373.6448425438485,28.9,92.0,2024,9
2024-09-24 23:15:00+05:30,368.4305764517464,28.9,92.5,2024,9
2024-09-24 23:30:00+05:30,364.2686635102142,28.8,93.0,2024,9
2024-09-24 23:45:00+05:30,360.029528478683,28.6,94.2,2024,9
2024-09-25 00:00:00+05:30,353.06976174617887,29.5,89.0,2024,9
2024-09-25 00:15:00+05:30,347.0856969099096,29.5,90.0,2024,9
2024-09-25 00:30:00+05:30,341.6923999703136,29.6,90.0,2024,9
2024-09-25 00:45:00+05:30,335.12831964116737,29.6,90.0,2024,9
2024-09-25 01:00:00+05:30,328.4825389516208,29.4,90.0,2024,9
2024-09-25 01:15:00+05:30,323.8434594852645,29.3,91.0,2024,9
2024-09-25 01:30:00+05:30,320.33777927424546,29.5,91.0,2024,9
2024-09-25 01:45:00+05:30,316.3639630303852,28.4,91.0,2024,9
2024-09-25 02:00:00+05:30,312.7887135539847,28.4,91.0,2024,9
2024-09-25 02:15:00+05:30,310.2246074341094,28.2,92.0,2024,9
2024-09-25 02:30:00+05:30,308.59181608420374,28.4,92.0,2024,9
2024-09-25 02:45:00+05:30,306.5895251622853,28.6,92.0,2024,9
2024-09-25 03:00:00+05:30,304.4321761037814,28.9,92.0,2024,9
2024-09-25 03:15:00+05:30,303.0380586827733,29.0,92.0,2024,9
2024-09-25 03:30:00+05:30,300.92103668801104,29.1,92.0,2024,9
2024-09-25 03:45:00+05:30,298.78272600336777,29.2,92.0,2024,9
2024-09-25 04:00:00+05:30,298.1645390409561,28.9,92.0,2024,9
2024-09-25 04:15:00+05:30,298.4632663475886,28.9,93.0,2024,9
2024-09-25 04:30:00+05:30,299.4827305507023,29.0,93.0,2024,9
2024-09-25 04:45:00+05:30,300.24955916942764,29.1,93.0,2024,9
2024-09-25 05:00:00+05:30,301.20789066918826,29.1,93.0,2024,9
2024-09-25 05:15:00+05:30,303.81171129389185,29.2,93.0,2024,9
2024-09-25 05:30:00+05:30,307.7300638563563,29.4,93.0,2024,9
2024-09-25 05:45:00+05:30,312.5819047799997,29.4,93.0,2024,9
2024-09-25 06:00:00+05:30,321.0612101562276,29.4,93.0,2024,9
2024-09-25 06:15:00+05:30,328.9583446323659,29.0,92.0,2024,9
2024-09-25 06:30:00+05:30,336.071726842012,29.0,92.0,2024,9
2024-09-25 06:45:00+05:30,345.8543102959087,28.9,92.0,2024,9
2024-09-25 07:00:00+05:30,359.85764014266755,29.0,93.0,2024,9
2024-09-25 07:15:00+05:30,372.33079378865307,29.2,92.0,2024,9
2024-09-25 07:30:00+05:30,388.2694820447909,29.1,92.0,2024,9
2024-09-25 07:45:00+05:30,404.5877531307453,29.7,92.0,2024,9
2024-09-25 08:00:00+05:30,425.3842451057627,29.7,92.0,2024,9
2024-09-25 08:15:00+05:30,445.03140274380354,29.6,92.0,2024,9
2024-09-25 08:30:00+05:30,463.2334662225736,29.7,91.0,2024,9
2024-09-25 08:45:00+05:30,477.57181286623774,29.9,91.0,2024,9
2024-09-25 09:00:00+05:30,491.7410620381824,30.6,90.0,2024,9
2024-09-25 09:15:00+05:30,511.31817769934463,30.8,89.0,2024,9
2024-09-25 09:30:00+05:30,521.8491145881529,30.9,88.0,2024,9
2024-09-25 09:45:00+05:30,531.8034113467647,31.0,87.0,2024,9
2024-09-25 10:00:00+05:30,541.7926960259234,32.1,87.0,2024,9
2024-09-25 10:15:00+05:30,545.9356878216034,33.0,87.0,2024,9
2024-09-25 10:30:00+05:30,549.2796258987315,32.85,86.0,2024,9
2024-09-25 10:45:00+05:30,555.3533568813517,32.775000000000006,86.0,2024,9
2024-09-25 11:00:00+05:30,557.5198131242915,32.737500000000004,85.0,2024,9
2024-09-25 11:15:00+05:30,555.6098327393203,32.71875,85.0,2024,9
2024-09-25 11:30:00+05:30,552.4283939364775,32.7,84.0,2024,9
2024-09-25 11:45:00+05:30,548.41881708095,31.6,84.0,2024,9
2024-09-25 12:00:00+05:30,550.3476787206132,31.7,84.0,2024,9
2024-09-25 12:15:00+05:30,547.6360477265521,32.0,83.0,2024,9
2024-09-25 12:30:00+05:30,544.6695724353943,32.5,83.0,2024,9
2024-09-25 12:45:00+05:30,552.3584520354891,32.3,83.0,2024,9
2024-09-25 13:00:00+05:30,547.9264064254344,32.3,83.0,2024,9
2024-09-25 13:15:00+05:30,543.6149247896136,32.6,82.0,2024,9
2024-09-25 13:30:00+05:30,542.6583419044618,32.6,82.0,2024,9
2024-09-25 13:45:00+05:30,540.0573861332738,32.4,82.0,2024,9
2024-09-25 14:00:00+05:30,539.5984330981847,31.8,82.0,2024,9
2024-09-25 14:15:00+05:30,539.8202085539193,31.8,82.0,2024,9
2024-09-25 14:30:00+05:30,539.1109597456322,31.7,82.0,2024,9
2024-09-25 14:45:00+05:30,537.0870956796728,31.3,82.0,2024,9
2024-09-25 15:00:00+05:30,536.4359570105912,31.3,82.0,2024,9
2024-09-25 15:15:00+05:30,539.2052535047576,31.1,83.0,2024,9
2024-09-25 15:30:00+05:30,536.5556602104871,30.8,83.0,2024,9
2024-09-25 15:45:00+05:30,533.8615513357117,30.5,83.0,2024,9
2024-09-25 16:00:00+05:30,532.6487971161429,30.5,83.0,2024,9
2024-09-25 16:15:00+05:30,526.3852232815528,30.5,84.0,2024,9
2024-09-25 16:30:00+05:30,523.4524131750654,30.5,84.0,2024,9
2024-09-25 16:45:00+05:30,519.2272070695225,30.5,84.0,2024,9
2024-09-25 17:00:00+05:30,519.4124581918073,30.5,85.0,2024,9
2024-09-25 17:15:00+05:30,515.9813424502419,30.5,86.0,2024,9
2024-09-25 17:30:00+05:30,507.8433405894731,30.5,87.0,2024,9
2024-09-25 17:45:00+05:30,504.42897213052623,30.4,87.0,2024,9
2024-09-25 18:00:00+05:30,497.5191366507407,30.2,89.0,2024,9
2024-09-25 18:15:00+05:30,490.5166651385362,30.3,89.0,2024,9
2024-09-25 18:30:00+05:30,480.2310109123085,29.4,90.0,2024,9
2024-09-25 18:45:00+05:30,471.69835528858886,29.4,90.0,2024,9
2024-09-25 19:00:00+05:30,461.8982820318429,29.7,89.0,2024,9
2024-09-25 19:15:00+05:30,454.130247054727,29.7,90.0,2024,9
2024-09-25 19:30:00+05:30,447.3181262995425,29.9,90.0,2024,9
2024-09-25 19:45:00+05:30,437.961701385944,29.7,90.0,2024,9
2024-09-25 20:00:00+05:30,431.2323896931135,29.7,90.0,2024,9
2024-09-25 20:15:00+05:30,423.1914008835769,29.4,90.0,2024,9
2024-09-25 20:30:00+05:30,416.8345674945825,28.8,90.0,2024,9
2024-09-25 20:45:00+05:30,409.42097180308014,28.7,90.0,2024,9
2024-09-25 21:00:00+05:30,404.0159352696147,28.7,90.0,2024,9
2024-09-25 21:15:00+05:30,399.76728778299815,28.6,91.0,2024,9
2024-09-25 21:30:00+05:30,393.4803359607822,28.7,91.0,2024,9
2024-09-25 21:45:00+05:30,389.6130343023818,28.7,91.0,2024,9
2024-09-25 22:00:00+05:30,383.443492309509,28.8,91.0,2024,9
2024-09-25 22:15:00+05:30,377.5193426108576,28.8,92.0,2024,9
2024-09-25 22:30:00+05:30,373.9205865049216,28.9,92.0,2024,9
2024-09-25 22:45:00+05:30,371.72812956817904,29.0,92.0,2024,9
2024-09-25 23:00:00+05:30,368.2889696356092,29.1,92.0,2024,9
2024-09-25 23:15:00+05:30,363.4904958875728,29.2,92.0,2024,9
2024-09-25 23:30:00+05:30,359.7806787143338,29.2,92.0,2024,9
2024-09-25 23:45:00+05:30,354.3687878720641,29.2,92.0,2024,9
2024-09-26 00:00:00+05:30,344.56034075085466,26.3,92.0,2024,9
2024-09-26 00:15:00+05:30,343.1970814851745,26.3,92.0,2024,9
2024-09-26 00:30:00+05:30,338.36598798888826,26.3,92.0,2024,9
2024-09-26 00:45:00+05:30,332.051548090558,26.2,92.0,2024,9
2024-09-26 01:00:00+05:30,326.57463006678125,26.0,93.0,2024,9
2024-09-26 01:15:00+05:30,323.6484654315208,25.9,93.0,2024,9
2024-09-26 01:30:00+05:30,320.3039632172488,25.9,93.0,2024,9
2024-09-26 01:45:00+05:30,315.9857497650905,25.8,93.0,2024,9
2024-09-26 02:00:00+05:30,311.9709599719739,25.8,93.0,2024,9
2024-09-26 02:15:00+05:30,309.1446317574044,25.7,94.0,2024,9
2024-09-26 02:30:00+05:30,308.27997677926413,25.7,94.0,2024,9
2024-09-26 02:45:00+05:30,303.3264953499187,25.6,94.0,2024,9
2024-09-26 03:00:00+05:30,302.0464012737246,25.5,94.0,2024,9
2024-09-26 03:15:00+05:30,300.2413709295876,25.5,94.0,2024,9
2024-09-26 03:30:00+05:30,299.3892736164786,25.4,94.0,2024,9
2024-09-26 03:45:00+05:30,297.00934096215406,25.4,94.0,2024,9
2024-09-26 04:00:00+05:30,295.13876568170656,25.3,94.0,2024,9
2024-09-26 04:15:00+05:30,295.43096509362385,25.3,94.0,2024,9
2024-09-26 04:30:00+05:30,297.48897606336163,25.2,94.0,2024,9
2024-09-26 04:45:00+05:30,298.55132849601773,25.2,94.0,2024,9
2024-09-26 05:00:00+05:30,300.39256625071124,25.0,95.0,2024,9
2024-09-26 05:15:00+05:30,300.9187938592286,25.0,95.0,2024,9
2024-09-26 05:30:00+05:30,303.9371840400279,25.1,95.0,2024,9
2024-09-26 05:45:00+05:30,306.1141334557214,25.1,95.0,2024,9
2024-09-26 06:00:00+05:30,310.7158357740255,25.2,95.0,2024,9
2024-09-26 06:15:00+05:30,318.5957297807962,25.2,95.0,2024,9
2024-09-26 06:30:00+05:30,327.7252445664147,25.3,95.0,2024,9
2024-09-26 06:45:00+05:30,335.51242920262104,25.3,95.0,2024,9
2024-09-26 07:00:00+05:30,347.2193387120538,25.3,94.0,2024,9
2024-09-26 07:15:00+05:30,363.5255011934795,25.4,94.0,2024,9
2024-09-26 07:30:00+05:30,380.5670440412083,25.5,94.0,2024,9
2024-09-26 07:45:00+05:30,396.4503596485166,25.7,94.0,2024,9
2024-09-26 08:00:00+05:30,419.2511212516837,25.7,93.0,2024,9
2024-09-26 08:15:00+05:30,442.0018356744828,25.9,93.0,2024,9
2024-09-26 08:30:00+05:30,459.2893537720335,26.0,92.0,2024,9
2024-09-26 08:45:00+05:30,475.7912673877089,26.2,92.0,2024,9
2024-09-26 09:00:00+05:30,489.4776918524729,26.4,91.0,2024,9
2024-09-26 09:15:00+05:30,500.25331951217584,26.5,91.0,2024,9
2024-09-26 09:30:00+05:30,511.1001433641447,26.7,90.0,2024,9
2024-09-26 09:45:00+05:30,519.9669994687905,26.8,90.0,2024,9
2024-09-26 10:00:00+05:30,526.3062546545025,27.2,88.0,2024,9
2024-09-26 10:15:00+05:30,530.9236419833877,27.4,87.0,2024,9
2024-09-26 10:30:00+05:30,534.3165509769152,27.6,86.0,2024,9
2024-09-26 10:45:00+05:30,534.4450402822275,27.7,86.0,2024,9
2024-09-26 11:00:00+05:30,534.3042019668701,27.8,86.0,2024,9
2024-09-26 11:15:00+05:30,530.8985361405952,27.9,86.0,2024,9
2024-09-26 11:30:00+05:30,534.3456808097562,27.9,86.0,2024,9
2024-09-26 11:45:00+05:30,533.716267445631,28.0,86.0,2024,9
2024-09-26 12:00:00+05:30,533.7099550751568,28.1,85.0,2024,9
2024-09-26 12:15:00+05:30,529.7350007869617,28.1,85.0,2024,9
2024-09-26 12:30:00+05:30,528.8509326110627,28.1,85.0,2024,9
2024-09-26 12:45:00+05:30,525.9164712569853,28.2,85.0,2024,9
2024-09-26 13:00:00+05:30,523.9525547541837,28.4,84.0,2024,9
2024-09-26 13:15:00+05:30,519.3530708000046,28.4,84.0,2024,9
2024-09-26 13:30:00+05:30,514.7384050343829,28.5,84.0,2024,9
2024-09-26 13:45:00+05:30,516.2900873752603,28.5,84.0,2024,9
2024-09-26 14:00:00+05:30,519.3198966645361,28.8,83.0,2024,9
2024-09-26 14:15:00+05:30,521.8475290222731,28.8,83.0,2024,9
2024-09-26 14:30:00+05:30,525.6337348135896,28.7,83.0,2024,9
2024-09-26 14:45:00+05:30,524.4075101455102,28.6,83.0,2024,9
2024-09-26 15:00:00+05:30,520.9921418036901,28.7,83.0,2024,9
2024-09-26 15:15:00+05:30,519.8314887440079,28.6,83.0,2024,9
2024-09-26 15:30:00+05:30,513.9246308762753,28.5,83.0,2024,9
2024-09-26 15:45:00+05:30,511.4246721211508,28.4,83.0,2024,9
2024-09-26 16:00:00+05:30,506.8898189688168,28.3,83.0,2024,9
2024-09-26 16:15:00+05:30,504.38547509583606,28.2,84.0,2024,9
2024-09-26 16:30:00+05:30,504.1259183386361,28.1,84.0,2024,9
2024-09-26 16:45:00+05:30,502.2307537171261,28.0,84.0,2024,9
2024-09-26 17:00:00+05:30,500.2383721679956,27.4,85.0,2024,9
2024-09-26 17:15:00+05:30,495.099330839127,27.3,85.0,2024,9
2024-09-26 17:30:00+05:30,488.4414659366655,27.1,86.0,2024,9
2024-09-26 17:45:00+05:30,484.8484953865493,26.9,86.0,2024,9
2024-09-26 18:00:00+05:30,481.131391443094,27.1,87.0,2024,9
2024-09-26 18:15:00+05:30,476.2962738159071,27.0,88.0,2024,9
2024-09-26 18:30:00+05:30,471.7747640938774,26.8,88.0,2024,9
2024-09-26 18:45:00+05:30,464.3938502933876,26.7,88.0,2024,9
2024-09-26 19:00:00+05:30,458.187096883248,26.7,88.0,2024,9
2024-09-26 19:15:00+05:30,449.9764920817303,26.6,88.0,2024,9
2024-09-26 19:30:00+05:30,442.4031722357014,26.5,88.0,2024,9
2024-09-26 19:45:00+05:30,435.7404661661265,26.5,88.0,2024,9
2024-09-26 20:00:00+05:30,425.1136541943776,26.4,88.0,2024,9
2024-09-26 20:15:00+05:30,417.12879772277336,26.4,89.0,2024,9
2024-09-26 20:30:00+05:30,412.4042770268125,26.4,89.0,2024,9
2024-09-26 20:45:00+05:30,406.0095584769212,26.4,89.0,2024,9
2024-09-26 21:00:00+05:30,400.2102896868888,26.4,89.0,2024,9
2024-09-26 21:15:00+05:30,395.9249729618216,26.4,89.0,2024,9
2024-09-26 21:30:00+05:30,389.18057252693615,26.4,89.0,2024,9
2024-09-26 21:45:00+05:30,383.3087388723857,26.3,89.0,2024,9
2024-09-26 22:00:00+05:30,378.3835348087994,26.2,90.0,2024,9
2024-09-26 22:15:00+05:30,374.37961221114296,26.2,90.0,2024,9
2024-09-26 22:30:00+05:30,371.1653827968904,26.1,90.0,2024,9
2024-09-26 22:45:00+05:30,368.0149270295325,26.1,90.0,2024,9
2024-09-26 23:00:00+05:30,363.5402271452486,26.2,90.0,2024,9
2024-09-26 23:15:00+05:30,357.9865791909464,26.3,90.0,2024,9
2024-09-26 23:30:00+05:30,352.1898010374142,26.3,90.0,2024,9
2024-09-26 23:45:00+05:30,345.0631982672832,26.4,90.0,2024,9
2024-09-27 00:00:00+05:30,339.8623187869416,26.5,98.0,2024,9
2024-09-27 00:15:00+05:30,334.0979566836019,26.5,98.0,2024,9
2024-09-27 00:30:00+05:30,329.0999263980775,26.5,98.0,2024,9
2024-09-27 00:45:00+05:30,324.5535986534234,26.5,98.0,2024,9
2024-09-27 01:00:00+05:30,319.2529338642955,26.4,98.0,2024,9
2024-09-27 01:15:00+05:30,315.9682605536016,26.4,98.0,2024,9
2024-09-27 01:30:00+05:30,312.7830695516736,26.5,98.0,2024,9
2024-09-27 01:45:00+05:30,309.16842936715574,26.5,98.0,2024,9
2024-09-27 02:00:00+05:30,306.8572155487581,26.5,98.0,2024,9
2024-09-27 02:15:00+05:30,303.8994026410452,26.5,98.0,2024,9
2024-09-27 02:30:00+05:30,302.95576171257727,26.5,98.1,2024,9
2024-09-27 02:45:00+05:30,300.8227572684874,26.5,98.1,2024,9
2024-09-27 03:00:00+05:30,299.3627941596014,26.5,98.1,2024,9
2024-09-27 03:15:00+05:30,298.99713480929665,26.5,98.1,2024,9
2024-09-27 03:30:00+05:30,297.58649258982865,26.4,98.2,2024,9
2024-09-27 03:45:00+05:30,295.8399493171173,26.4,98.2,2024,9
2024-09-27 04:00:00+05:30,295.5529957709557,26.2,98.5,2024,9
2024-09-27 04:15:00+05:30,295.8516282937417,26.2,98.5,2024,9
2024-09-27 04:30:00+05:30,298.1034558520989,26.2,98.6,2024,9
2024-09-27 04:45:00+05:30,298.7394625056137,26.2,98.6,2024,9
2024-09-27 05:00:00+05:30,298.0275632766783,26.1,98.7,2024,9
2024-09-27 05:15:00+05:30,300.2833379126353,26.1,98.7,2024,9
2024-09-27 05:30:00+05:30,303.9127425219107,26.1,98.9,2024,9
2024-09-27 05:45:00+05:30,306.2210584420082,26.1,98.9,2024,9
2024-09-27 06:00:00+05:30,315.3810941326532,26.1,99.1,2024,9
2024-09-27 06:15:00+05:30,322.85321016225,26.1,99.1,2024,9
2024-09-27 06:30:00+05:30,330.8065853942225,26.1,99.1,2024,9
2024-09-27 06:45:00+05:30,342.11647976310576,26.1,99.1,2024,9
2024-09-27 07:00:00+05:30,354.35900452855907,25.9,99.2,2024,9
2024-09-27 07:15:00+05:30,368.0588695822914,25.9,99.2,2024,9
2024-09-27 07:30:00+05:30,385.8336243455426,25.9,99.3,2024,9
2024-09-27 07:45:00+05:30,404.2298706818155,25.9,99.3,2024,9
2024-09-27 08:00:00+05:30,422.9320598204914,25.9,99.3,2024,9
2024-09-27 08:15:00+05:30,442.5422452743401,25.9,99.3,2024,9
2024-09-27 08:30:00+05:30,462.8431956418774,25.9,99.4,2024,9
2024-09-27 08:45:00+05:30,477.63307101526,25.9,99.4,2024,9
2024-09-27 09:00:00+05:30,491.37204287662325,25.9,99.3,2024,9
2024-09-27 09:15:00+05:30,500.8812218096523,25.9,99.3,2024,9
2024-09-27 09:30:00+05:30,510.4910925205652,26.0,99.2,2024,9
2024-09-27 09:45:00+05:30,517.8970709182996,26.0,99.2,2024,9
2024-09-27 10:00:00+05:30,523.0137579091589,25.7,99.1,2024,9
2024-09-27 10:15:00+05:30,525.5287157116009,25.7,99.1,2024,9
2024-09-27 10:30:00+05:30,525.3494103993768,25.5,99.1,2024,9
2024-09-27 10:45:00+05:30,529.3752954832878,25.5,99.1,2024,9
2024-09-27 11:00:00+05:30,529.9306080198514,25.5,99.1,2024,9
2024-09-27 11:15:00+05:30,530.0125651720945,25.5,99.1,2024,9
2024-09-27 11:30:00+05:30,526.7942432854705,25.6,99.1,2024,9
2024-09-27 11:45:00+05:30,526.2451733275302,25.6,99.1,2024,9
2024-09-27 12:00:00+05:30,523.4165132053562,25.6,99.2,2024,9
2024-09-27 12:15:00+05:30,522.1393070412578,25.6,99.2,2024,9
2024-09-27 12:30:00+05:30,522.5754108207697,25.6,99.1,2024,9
2024-09-27 12:45:00+05:30,522.0170736163908,25.6,99.1,2024,9
2024-09-27 13:00:00+05:30,516.6602945597759,25.8,99.2,2024,9
2024-09-27 13:15:00+05:30,511.5779704604947,25.8,99.2,2024,9
2024-09-27 13:30:00+05:30,507.9431400842646,25.8,99.1,2024,9
2024-09-27 13:45:00+05:30,507.2814627057879,25.8,99.1,2024,9
2024-09-27 14:00:00+05:30,509.3797718007409,25.7,98.9,2024,9
2024-09-27 14:15:00+05:30,508.01750748608407,25.7,98.9,2024,9
2024-09-27 14:30:00+05:30,509.8792639686646,25.8,98.7,2024,9
2024-09-27 14:45:00+05:30,511.4169949453588,25.8,98.7,2024,9
2024-09-27 15:00:00+05:30,508.6450516481808,25.8,98.7,2024,9
2024-09-27 15:15:00+05:30,505.7212601789186,25.8,98.7,2024,9
2024-09-27 15:30:00+05:30,501.6139367033196,25.9,98.8,2024,9
2024-09-27 15:45:00+05:30,499.2327079281083,25.9,98.8,2024,9
2024-09-27 16:00:00+05:30,499.2076377772834,26.1,98.8,2024,9
2024-09-27 16:15:00+05:30,495.5332772144126,26.1,98.8,2024,9
2024-09-27 16:30:00+05:30,495.6518198482018,26.2,98.9,2024,9
2024-09-27 16:45:00+05:30,492.4400900086601,26.2,98.9,2024,9
2024-09-27 17:00:00+05:30,490.2057962392256,26.4,98.9,2024,9
2024-09-27 17:15:00+05:30,486.1567065390842,26.4,98.9,2024,9
2024-09-27 17:30:00+05:30,482.01623848764086,26.6,98.9,2024,9
2024-09-27 17:45:00+05:30,479.285373905934,26.6,98.9,2024,9
2024-09-27 18:00:00+05:30,476.1029738939856,26.8,98.8,2024,9
2024-09-27 18:15:00+05:30,471.70171753005326,26.8,98.8,2024,9
2024-09-27 18:30:00+05:30,464.9232926636416,26.5,98.8,2024,9
2024-09-27 18:45:00+05:30,456.06031818527725,26.5,98.8,2024,9
2024-09-27 19:00:00+05:30,447.932081972965,26.6,98.8,2024,9
2024-09-27 19:15:00+05:30,439.60925050662576,26.6,98.8,2024,9
2024-09-27 19:30:00+05:30,432.0845879305723,26.6,98.7,2024,9
2024-09-27 19:45:00+05:30,424.3673081650288,26.6,98.7,2024,9
2024-09-27 20:00:00+05:30,419.12136158656807,26.4,98.7,2024,9
2024-09-27 20:15:00+05:30,414.5876668517555,26.4,98.7,2024,9
2024-09-27 20:30:00+05:30,409.11611054754695,26.2,98.5,2024,9
2024-09-27 20:45:00+05:30,405.1487777743149,26.2,98.5,2024,9
2024-09-27 21:00:00+05:30,398.17820068528863,26.2,98.5,2024,9
2024-09-27 21:15:00+05:30,395.5602130508215,26.2,98.5,2024,9
2024-09-27 21:30:00+05:30,388.834318480736,26.1,98.5,2024,9
2024-09-27 21:45:00+05:30,384.6523596839857,26.2,98.5,2024,9
2024-09-27 22:00:00+05:30,377.8317538227993,26.3,98.4,2024,9
2024-09-27 22:15:00+05:30,372.1443521183429,26.4,98.3,2024,9
2024-09-27 22:30:00+05:30,365.9204327960903,26.6,98.2,2024,9
2024-09-27 22:45:00+05:30,360.1088717149326,27.0,98.1,2024,9
2024-09-27 23:00:00+05:30,353.54473130024854,27.2,98.0,2024,9
2024-09-27 23:15:00+05:30,348.0430235595463,27.0,97.6,2024,9
2024-09-27 23:30:00+05:30,343.5371480100142,26.9,97.6,2024,9
2024-09-27 23:45:00+05:30,339.4005097200831,26.8,97.8,2024,9
2024-09-28 00:00:00+05:30,334.7120691590184,25.933333333333337,98.16666666666669,2024,9
2024-09-28 00:15:00+05:30,330.70478048595857,25.96666666666667,98.16666666666669,2024,9
2024-09-28 00:30:00+05:30,327.0240632487264,26.0,98.16666666666669,2024,9
2024-09-28 00:45:00+05:30,322.1129071005305,26.03333333333333,98.13333333333333,2024,9
2024-09-28 01:00:00+05:30,317.97416606895126,26.1,98.23333333333332,2024,9
2024-09-28 01:15:00+05:30,314.26264314785146,26.2,98.16666666666669,2024,9
2024-09-28 01:30:00+05:30,311.37024641873865,26.266666666666666,98.2,2024,9
2024-09-28 01:45:00+05:30,307.64094454074507,26.366666666666664,98.2,2024,9
2024-09-28 02:00:00+05:30,304.5736465875902,26.33333333333333,98.2,2024,9
2024-09-28 02:15:00+05:30,302.63054850530256,26.4,98.3,2024,9
2024-09-28 02:30:00+05:30,299.5606127008975,26.433333333333334,98.3,2024,9
2024-09-28 02:45:00+05:30,297.6240211913644,26.33333333333333,98.13333333333333,2024,9
2024-09-28 03:00:00+05:30,294.99117065281376,26.366666666666664,98.3,2024,9
2024-09-28 03:15:00+05:30,293.06168829200016,26.166666666666668,98.46666666666664,2024,9
2024-09-28 03:30:00+05:30,291.63495756082483,26.3,98.53333333333336,2024,9
2024-09-28 03:45:00+05:30,290.37612353691475,26.3,98.7,2024,9
2024-09-28 04:00:00+05:30,289.4696395134207,26.2,98.7,2024,9
2024-09-28 04:15:00+05:30,288.675292105043,26.133333333333336,98.56666666666666,2024,9
2024-09-28 04:30:00+05:30,290.7775090463149,26.166666666666668,98.5,2024,9
2024-09-28 04:45:00+05:30,292.1642362807568,26.166666666666668,98.53333333333336,2024,9
2024-09-28 05:00:00+05:30,292.9296768106463,26.13333333333333,98.66666666666669,2024,9
2024-09-28 05:15:00+05:30,292.5859266868424,26.1,98.3,2024,9
2024-09-28 05:30:00+05:30,295.6372062679816,26.066666666666663,98.13333333333333,2024,9
2024-09-28 05:45:00+05:30,298.999481406753,25.96666666666667,98.13333333333333,2024,9
2024-09-28 06:00:00+05:30,302.6459866393445,25.933333333333334,98.13333333333333,2024,9
2024-09-28 06:15:00+05:30,306.71652089333367,26.0,98.03333333333336,2024,9
2024-09-28 06:30:00+05:30,313.1618853933461,26.066666666666663,98.16666666666669,2024,9
2024-09-28 06:45:00+05:30,316.83799536534315,26.1,98.1,2024,9
2024-09-28 07:00:00+05:30,324.3955732928336,26.066666666666663,98.16666666666669,2024,9
2024-09-28 07:15:00+05:30,331.5459929406547,26.0,98.0,2024,9
2024-09-28 07:30:00+05:30,340.11415865746886,26.166666666666668,97.93333333333334,2024,9
2024-09-28 07:45:00+05:30,347.81290637072647,26.26666666666667,97.86666666666667,2024,9
2024-09-28 08:00:00+05:30,361.0653346761902,26.433333333333334,97.86666666666667,2024,9
2024-09-28 08:15:00+05:30,375.5482209049648,26.53333333333333,97.96666666666664,2024,9
2024-09-28 08:30:00+05:30,383.960823599067,26.6,97.96666666666664,2024,9
2024-09-28 08:45:00+05:30,396.1402093571531,26.666666666666668,97.93333333333334,2024,9
2024-09-28 09:00:00+05:30,407.5522874798981,26.83333333333333,97.6,2024,9
2024-09-28 09:15:00+05:30,419.84536455456777,26.8,97.5,2024,9
2024-09-28 09:30:00+05:30,428.0502674662345,26.9,97.43333333333334,2024,9
2024-09-28 09:45:00+05:30,434.92097448637776,26.933333333333337,96.3,2024,9
2024-09-28 10:00:00+05:30,440.96598078347233,27.0,95.83333333333331,2024,9
2024-09-28 10:15:00+05:30,443.7377519026446,27.1,95.43333333333334,2024,9
2024-09-28 10:30:00+05:30,447.1190100423565,27.133333333333336,97.09999999999998,2024,9
2024-09-28 10:45:00+05:30,451.44122476165575,27.53333333333333,96.93333333333334,2024,9
2024-09-28 11:00:00+05:30,453.2568480427658,27.3,97.03333333333336,2024,9
2024-09-28 11:15:00+05:30,452.09924515691023,27.933333333333334,94.86666666666667,2024,9
2024-09-28 11:30:00+05:30,455.9164310430318,28.23333333333333,94.13333333333333,2024,9
2024-09-28 11:45:00+05:30,458.5064260262992,27.78333333333333,94.85,2024,9
2024-09-28 12:00:00+05:30,457.5608450567353,27.55833333333333,95.20833333333331,2024,9
2024-09-28 12:15:00+05:30,454.174442601241,27.445833333333333,95.3875,2024,9
2024-09-28 12:30:00+05:30,451.5002384312728,27.38958333333333,95.47708333333333,2024,9
2024-09-28 12:45:00+05:30,451.623180390062,27.36145833333333,95.521875,2024,9
2024-09-28 13:00:00+05:30,446.7307904981936,27.34739583333333,95.54427083333331,2024,9
2024-09-28 13:15:00+05:30,444.1666831130708,27.340364583333333,95.55546875,2024,9
2024-09-28 13:30:00+05:30,440.7910275071218,27.33684895833333,95.56106770833333,2024,9
2024-09-28 13:45:00+05:30,438.0093065122601,27.33333333333333,95.56666666666666,2024,9
2024-09-28 14:00:00+05:30,436.7426906362175,26.83333333333333,97.6,2024,9
2024-09-28 14:15:00+05:30,432.66677163562497,26.83333333333333,97.76666666666668,2024,9
2024-09-28 14:30:00+05:30,432.29950389749706,26.83333333333333,98.1,2024,9
2024-09-28 14:45:00+05:30,434.7704899668868,27.066666666666663,97.59999999999998,2024,9
2024-09-28 15:00:00+05:30,435.40734646414336,26.96666666666667,97.33333333333331,2024,9
2024-09-28 15:15:00+05:30,433.9517152322503,27.0,96.93333333333334,2024,9
2024-09-28 15:30:00+05:30,430.4813261137182,26.866666666666664,96.93333333333334,2024,9
2024-09-28 15:45:00+05:30,426.73342316926806,27.03333333333333,97.13333333333333,2024,9
2024-09-28 16:00:00+05:30,425.167981095979,27.166666666666668,96.2,2024,9
2024-09-28 16:15:00+05:30,422.03012885174695,27.3,96.46666666666664,2024,9
2024-09-28 16:30:00+05:30,420.1427003975812,27.366666666666664,95.7,2024,9
2024-09-28 16:45:00+05:30,417.1548595970944,27.366666666666664,95.66666666666669,2024,9
2024-09-28 17:00:00+05:30,418.632076850712,27.4,95.56666666666668,2024,9
2024-09-28 17:15:00+05:30,417.23544098220987,27.366666666666664,95.46666666666664,2024,9
2024-09-28 17:30:00+05:30,414.8885729042014,27.33333333333333,95.59999999999998,2024,9
2024-09-28 17:45:00+05:30,413.1101744303846,27.266666666666666,95.33333333333331,2024,9
2024-09-28 18:00:00+05:30,413.7053759710709,27.166666666666668,95.43333333333334,2024,9
2024-09-28 18:15:00+05:30,415.8501872893101,27.066666666666663,95.8,2024,9
2024-09-28 18:30:00+05:30,417.7275331527603,26.899999999999995,96.33333333333331,2024,9
2024-09-28 18:45:00+05:30,415.432703965446,26.866666666666664,96.63333333333333,2024,9
2024-09-28 19:00:00+05:30,413.47152666065193,26.83333333333333,96.93333333333334,2024,9
2024-09-28 19:15:00+05:30,408.5647508485976,26.766666666666666,97.3,2024,9
2024-09-28 19:30:00+05:30,405.0095115835691,26.73333333333333,97.46666666666664,2024,9
2024-09-28 19:45:00+05:30,398.8150435885029,26.73333333333333,97.66666666666669,2024,9
2024-09-28 20:00:00+05:30,395.0136252162958,26.7,97.86666666666667,2024,9
2024-09-28 20:15:00+05:30,390.99730328807954,26.7,98.0,2024,9
2024-09-28 20:30:00+05:30,388.1867107025405,26.7,98.0,2024,9
2024-09-28 20:45:00+05:30,384.441280095738,26.76666666666667,98.06666666666666,2024,9
2024-09-28 21:00:00+05:30,380.0849219165144,26.73333333333333,98.16666666666669,2024,9
2024-09-28 21:15:00+05:30,378.76269999370896,26.766666666666666,98.16666666666669,2024,9
2024-09-28 21:30:00+05:30,376.2688906899811,26.766666666666666,98.16666666666669,2024,9
2024-09-28 21:45:00+05:30,372.9461834710322,26.73333333333333,98.06666666666666,2024,9
2024-09-28 22:00:00+05:30,366.06762607181525,26.73333333333333,98.1,2024,9
2024-09-28 22:15:00+05:30,360.05567429370444,26.73333333333333,98.1,2024,9
2024-09-28 22:30:00+05:30,355.1779464511038,26.766666666666666,98.1,2024,9
2024-09-28 22:45:00+05:30,349.2749482463705,26.8,98.16666666666669,2024,9
2024-09-28 23:00:00+05:30,345.2228535584221,26.8,98.2,2024,9
2024-09-28 23:15:00+05:30,342.22139339654456,26.8,98.2,2024,9
2024-09-28 23:30:00+05:30,338.81147704104035,26.8,98.3,2024,9
2024-09-28 23:45:00+05:30,335.06056527004495,26.8,98.4,2024,9
2024-09-29 00:00:00+05:30,330.16489985005467,26.7,98.3,2024,9
2024-09-29 00:15:00+05:30,325.6573285437745,26.7,98.3,2024,9
2024-09-29 00:30:00+05:30,321.7578109264883,26.7,98.3,2024,9
2024-09-29 00:45:00+05:30,316.56448739515787,26.7,98.2,2024,9
2024-09-29 01:00:00+05:30,311.80766175918114,26.7,98.3,2024,9
2024-09-29 01:15:00+05:30,306.4253360465208,26.7,98.2,2024,9
2024-09-29 01:30:00+05:30,303.6852770706487,26.5,98.0,2024,9
2024-09-29 01:45:00+05:30,301.0660546014905,26.4,97.8,2024,9
2024-09-29 02:00:00+05:30,298.13557746797386,26.3,97.9,2024,9
2024-09-29 02:15:00+05:30,295.8482965300045,26.2,98.0,2024,9
2024-09-29 02:30:00+05:30,293.8516560146642,26.2,97.9,2024,9
2024-09-29 02:45:00+05:30,290.8679984357187,26.2,97.9,2024,9
2024-09-29 03:00:00+05:30,289.28318730452474,26.2,98.0,2024,9
2024-09-29 03:15:00+05:30,287.7631476229876,26.2,98.0,2024,9
2024-09-29 03:30:00+05:30,285.8881314084786,26.1,98.0,2024,9
2024-09-29 03:45:00+05:30,283.5420861531542,26.1,98.0,2024,9
2024-09-29 04:00:00+05:30,283.0084192549067,26.1,98.0,2024,9
2024-09-29 04:15:00+05:30,282.742484819624,26.1,98.0,2024,9
2024-09-29 04:30:00+05:30,283.1563720257616,26.2,98.0,2024,9
2024-09-29 04:45:00+05:30,282.7500109786178,26.2,98.0,2024,9
2024-09-29 05:00:00+05:30,282.7981470073113,26.2,97.9,2024,9
2024-09-29 05:15:00+05:30,281.9606080612287,26.2,97.8,2024,9
2024-09-29 05:30:00+05:30,283.337629519828,26.1,98.0,2024,9
2024-09-29 05:45:00+05:30,283.36512505952135,26.1,98.2,2024,9
2024-09-29 06:00:00+05:30,285.3515931990255,26.1,98.2,2024,9
2024-09-29 06:15:00+05:30,286.9613911677963,26.1,98.2,2024,9
2024-09-29 06:30:00+05:30,288.0955960202147,26.2,98.2,2024,9
2024-09-29 06:45:00+05:30,292.8136813412212,26.1,98.2,2024,9
2024-09-29 07:00:00+05:30,297.80142945305386,26.2,98.1,2024,9
2024-09-29 07:15:00+05:30,301.3337758712796,26.3,98.1,2024,9
2024-09-29 07:30:00+05:30,305.2525657988085,26.4,98.1,2024,9
2024-09-29 07:45:00+05:30,309.1614916323165,26.6,98.1,2024,9
2024-09-29 08:00:00+05:30,318.12377770948365,26.8,97.7,2024,9
2024-09-29 08:15:00+05:30,327.5265934702828,27.2,96.9,2024,9
2024-09-29 08:30:00+05:30,335.40610755743364,27.5,95.9,2024,9
2024-09-29 08:45:00+05:30,342.5922382375088,28.0,94.2,2024,9
2024-09-29 09:00:00+05:30,347.69496558847294,28.4,92.0,2024,9
2024-09-29 09:15:00+05:30,354.2450055367759,28.9,89.1,2024,9
2024-09-29 09:30:00+05:30,362.5560560259448,29.2,87.7,2024,9
2024-09-29 09:45:00+05:30,368.6762383705905,29.4,85.8,2024,9
2024-09-29 10:00:00+05:30,375.0225319191026,29.7,85.3,2024,9
2024-09-29 10:15:00+05:30,379.0968201427879,29.7,84.0,2024,9
2024-09-29 10:30:00+05:30,382.1513112025154,29.6,84.3,2024,9
2024-09-29 10:45:00+05:30,384.3708267074275,30.0,83.7,2024,9
2024-09-29 11:00:00+05:30,386.9250415122701,30.3,81.8,2024,9
2024-09-29 11:15:00+05:30,389.5327116061953,30.6,81.4,2024,9
2024-09-29 11:30:00+05:30,389.92413954295614,30.8,80.6,2024,9
2024-09-29 11:45:00+05:30,390.28465324143104,30.9,80.2,2024,9
2024-09-29 12:00:00+05:30,390.73287324455697,31.1,79.7,2024,9
2024-09-29 12:15:00+05:30,389.0516932247617,30.2,81.1,2024,9
2024-09-29 12:30:00+05:30,389.3326254776628,30.6,80.5,2024,9
2024-09-29 12:45:00+05:30,388.0246383681854,30.9,79.9,2024,9
2024-09-29 13:00:00+05:30,386.0691364059839,29.7,82.6,2024,9
2024-09-29 13:15:00+05:30,384.01653231860456,30.6,80.7,2024,9
2024-09-29 13:30:00+05:30,381.3979116195829,30.3,82.0,2024,9
2024-09-29 13:45:00+05:30,380.4578079146601,30.7,80.4,2024,9
2024-09-29 14:00:00+05:30,381.1359564093361,30.8,80.4,2024,9
2024-09-29 14:15:00+05:30,380.7681172334731,31.3,77.7,2024,9
2024-09-29 14:30:00+05:30,380.2492418907897,31.2,77.2,2024,9
2024-09-29 14:45:00+05:30,376.0268522345101,31.1,77.8,2024,9
2024-09-29 15:00:00+05:30,377.2972158138901,31.0,78.5,2024,9
2024-09-29 15:15:00+05:30,378.9212746626079,31.1,77.6,2024,9
2024-09-29 15:30:00+05:30,378.5685325074753,31.4,76.4,2024,9
2024-09-29 15:45:00+05:30,378.5475290333508,31.1,77.6,2024,9
2024-09-29 16:00:00+05:30,377.3601241558168,31.4,76.5,2024,9
2024-09-29 16:15:00+05:30,373.945725434236,31.5,76.4,2024,9
2024-09-29 16:30:00+05:30,372.5654878418361,31.7,74.6,2024,9
2024-09-29 16:45:00+05:30,368.0455311575261,31.5,75.5,2024,9
2024-09-29 17:00:00+05:30,367.9769421905955,30.9,77.8,2024,9
2024-09-29 17:15:00+05:30,367.53424960072704,31.3,76.3,2024,9
2024-09-29 17:30:00+05:30,367.04318081986537,30.6,77.6,2024,9
2024-09-29 17:45:00+05:30,366.20126384454943,29.8,80.8,2024,9
2024-09-29 18:00:00+05:30,370.5417752422943,29.4,83.0,2024,9
2024-09-29 18:15:00+05:30,372.698481226307,29.1,84.4,2024,9
2024-09-29 18:30:00+05:30,376.7196553622776,28.8,85.8,2024,9
2024-09-29 18:45:00+05:30,377.0837618895876,28.6,86.6,2024,9
2024-09-29 19:00:00+05:30,373.6783924166479,28.4,88.2,2024,9
2024-09-29 19:15:00+05:30,372.5976591663303,28.2,89.5,2024,9
2024-09-29 19:30:00+05:30,371.04494428390126,27.8,92.7,2024,9
2024-09-29 19:45:00+05:30,366.8606602491264,27.6,93.1,2024,9
2024-09-29 20:00:00+05:30,365.9667731315776,27.5,93.4,2024,9
2024-09-29 20:15:00+05:30,365.0100232153735,27.5,93.7,2024,9
2024-09-29 20:30:00+05:30,362.72240651861256,27.4,94.2,2024,9
2024-09-29 20:45:00+05:30,361.6908426609213,27.4,94.7,2024,9
2024-09-29 21:00:00+05:30,361.5959259166887,27.4,95.4,2024,9
2024-09-29 21:15:00+05:30,361.2203300282215,27.4,95.6,2024,9
2024-09-29 21:30:00+05:30,360.0165962691362,27.4,95.7,2024,9
2024-09-29 21:45:00+05:30,357.3875486793856,27.4,95.9,2024,9
2024-09-29 22:00:00+05:30,353.3234811355996,27.4,96.0,2024,9
2024-09-29 22:15:00+05:30,347.80575307894304,27.3,96.1,2024,9
2024-09-29 22:30:00+05:30,344.2889213786904,27.2,96.4,2024,9
2024-09-29 22:45:00+05:30,340.71698555153256,27.2,96.3,2024,9
2024-09-29 23:00:00+05:30,337.68920697324864,27.2,95.7,2024,9
2024-09-29 23:15:00+05:30,335.8420408197463,27.1,95.8,2024,9
2024-09-29 23:30:00+05:30,332.83818709341426,27.0,96.0,2024,9
2024-09-29 23:45:00+05:30,330.91352190408304,26.8,98.4,2024,9
2024-09-30 00:00:00+05:30,324.4822706329065,26.9,96.3,2024,9
2024-09-30 00:15:00+05:30,318.8664834895932,26.9,96.3,2024,9
2024-09-30 00:30:00+05:30,312.4988443566819,26.9,96.2,2024,9
2024-09-30 00:45:00+05:30,307.70710110384044,26.9,96.4,2024,9
2024-09-30 01:00:00+05:30,303.4782858453756,26.9,96.5,2024,9
2024-09-30 01:15:00+05:30,299.8345084990723,26.7,96.9,2024,9
2024-09-30 01:30:00+05:30,298.0873672901204,26.7,97.0,2024,9
2024-09-30 01:45:00+05:30,295.6727204186528,26.6,97.1,2024,9
2024-09-30 02:00:00+05:30,293.96732698362285,26.6,97.1,2024,9
2024-09-30 02:15:00+05:30,291.2880440995538,26.6,97.2,2024,9
2024-09-30 02:30:00+05:30,288.6671162324272,26.5,97.3,2024,9
2024-09-30 02:45:00+05:30,286.0875402300491,26.5,97.2,2024,9
2024-09-30 03:00:00+05:30,284.5319239595888,26.4,97.2,2024,9
2024-09-30 03:15:00+05:30,283.0357012446676,26.4,97.2,2024,9
2024-09-30 03:30:00+05:30,281.7006595949769,26.4,97.2,2024,9
2024-09-30 03:45:00+05:30,280.9383290328512,26.5,97.3,2024,9
2024-09-30 04:00:00+05:30,280.5554565701703,26.4,97.3,2024,9
2024-09-30 04:15:00+05:30,279.563167704038,26.4,97.3,2024,9
2024-09-30 04:30:00+05:30,280.5704238409022,26.5,97.3,2024,9
2024-09-30 04:45:00+05:30,280.5641400389495,26.5,97.3,2024,9
2024-09-30 05:00:00+05:30,281.90314952032503,26.5,97.3,2024,9
2024-09-30 05:15:00+05:30,285.3526759145099,26.5,97.4,2024,9
2024-09-30 05:30:00+05:30,291.7268330765511,26.5,97.4,2024,9
2024-09-30 05:45:00+05:30,297.4769735987788,26.5,97.5,2024,9
2024-09-30 06:00:00+05:30,306.13014067730904,26.5,97.4,2024,9
2024-09-30 06:15:00+05:30,314.20039632573213,26.6,97.4,2024,9
2024-09-30 06:30:00+05:30,322.75408067933125,26.6,97.5,2024,9
2024-09-30 06:45:00+05:30,331.6409936383131,26.6,97.6,2024,9
2024-09-30 07:00:00+05:30,346.6200330267644,26.8,97.6,2024,9
2024-09-30 07:15:00+05:30,360.76721279457377,27.0,97.5,2024,9
2024-09-30 07:30:00+05:30,379.29172774842544,27.2,97.5,2024,9
2024-09-30 07:45:00+05:30,399.1433596755916,27.4,97.1,2024,9
2024-09-30 08:00:00+05:30,420.6650417004391,27.5,97.0,2024,9
2024-09-30 08:15:00+05:30,438.5423470367563,27.6,96.8,2024,9
2024-09-30 08:30:00+05:30,455.5733521464192,27.7,96.4,2024,9
2024-09-30 08:45:00+05:30,470.7450148431394,28.3,93.8,2024,9
2024-09-30 09:00:00+05:30,485.177064024329,29.1,89.5,2024,9
2024-09-30 09:15:00+05:30,498.8936825890604,29.6,86.7,2024,9
2024-09-30 09:30:00+05:30,507.77216201856766,29.8,85.2,2024,9
2024-09-30 09:45:00+05:30,515.2864086210154,30.0,84.1,2024,9
2024-09-30 10:00:00+05:30,522.2401679817895,30.7,81.1,2024,9
2024-09-30 10:15:00+05:30,529.497097493258,30.8,79.3,2024,9
2024-09-30 10:30:00+05:30,534.3715850622723,31.2,78.6,2024,9
2024-09-30 10:45:00+05:30,535.4035464807639,31.5,77.0,2024,9
2024-09-30 11:00:00+05:30,537.740402465121,31.7,76.3,2024,9
2024-09-30 11:15:00+05:30,539.2589139270071,31.8,75.2,2024,9
2024-09-30 11:30:00+05:30,537.0170566499868,31.7,75.7,2024,9
2024-09-30 11:45:00+05:30,536.79400776212,32.4,73.9,2024,9
2024-09-30 12:00:00+05:30,536.7417010216797,32.7,71.7,2024,9
2024-09-30 12:15:00+05:30,535.1205345741897,32.7,71.1,2024,9
2024-09-30 12:30:00+05:30,533.4700114689765,32.4,73.5,2024,9
2024-09-30 12:45:00+05:30,533.0405209882491,31.9,74.5,2024,9
2024-09-30 13:00:00+05:30,529.1237443120673,32.1,74.4,2024,9
2024-09-30 13:15:00+05:30,523.7534925374338,32.4,73.7,2024,9
2024-09-30 13:30:00+05:30,523.6947662822449,32.6,73.0,2024,9
2024-09-30 13:45:00+05:30,522.2470132168999,32.4,73.3,2024,9
2024-09-30 14:00:00+05:30,524.2395038503015,33.1,71.1,2024,9
2024-09-30 14:15:00+05:30,526.8341224807173,33.0,70.8,2024,9
2024-09-30 14:30:00+05:30,528.0278595587339,32.7,70.9,2024,9
2024-09-30 14:45:00+05:30,525.8767177334909,32.4,72.1,2024,9
2024-09-30 15:00:00+05:30,527.0904925132871,32.2,72.7,2024,9
2024-09-30 15:15:00+05:30,526.8414404230167,32.3,72.9,2024,9
2024-09-30 15:30:00+05:30,526.0283183423404,32.3,72.4,2024,9
2024-09-30 15:45:00+05:30,526.1746020240383,32.3,72.5,2024,9
2024-09-30 16:00:00+05:30,526.9251181640249,32.2,72.6,2024,9
2024-09-30 16:15:00+05:30,525.1333390505667,32.3,72.5,2024,9
2024-09-30 16:30:00+05:30,495.5240431670347,32.4,72.7,2024,9
2024-09-30 16:45:00+05:30,501.4945757420958,32.1,73.3,2024,9
2024-09-30 17:00:00+05:30,510.2368997930247,31.8,74.2,2024,9
2024-09-30 17:15:00+05:30,508.6894400748397,31.6,74.7,2024,9
2024-09-30 17:30:00+05:30,503.7234441984715,31.1,76.4,2024,9
2024-09-30 17:45:00+05:30,498.0383382455807,30.5,78.8,2024,9
2024-09-30 18:00:00+05:30,489.0424982680944,30.1,79.9,2024,9
2024-09-30 18:15:00+05:30,482.80729884759353,29.9,81.5,2024,9
2024-09-30 18:30:00+05:30,477.8196305973931,29.7,82.9,2024,9
2024-09-30 18:45:00+05:30,472.7166424239898,29.5,84.1,2024,9
2024-09-30 19:00:00+05:30,464.6638973288244,29.4,85.0,2024,9
2024-09-30 19:15:00+05:30,457.92173356818887,29.3,85.4,2024,9
2024-09-30 19:30:00+05:30,450.3949293741464,29.3,85.8,2024,9
2024-09-30 19:45:00+05:30,442.0878934068216,29.2,86.4,2024,9
2024-09-30 20:00:00+05:30,434.3930813367239,29.1,86.9,2024,9
2024-09-30 20:15:00+05:30,426.5001691517565,29.0,87.4,2024,9
2024-09-30 20:30:00+05:30,421.5998170858205,29.0,87.8,2024,9
2024-09-30 20:45:00+05:30,415.2995075276002,29.0,88.3,2024,9
2024-09-30 21:00:00+05:30,408.79212399598936,28.9,89.0,2024,9
2024-09-30 21:15:00+05:30,404.0355123093549,28.9,89.5,2024,9
2024-09-30 21:30:00+05:30,397.3077374905369,28.8,90.2,2024,9
2024-09-30 21:45:00+05:30,394.5937015942819,28.8,90.6,2024,9
2024-09-30 22:00:00+05:30,389.8553745790026,28.8,91.2,2024,9
2024-09-30 22:15:00+05:30,383.3290951440741,28.7,91.3,2024,9
2024-09-30 22:30:00+05:30,379.6094833451018,28.6,91.6,2024,9
2024-09-30 22:45:00+05:30,374.4204214643459,28.6,91.8,2024,9
2024-09-30 23:00:00+05:30,368.6979826554313,28.6,92.1,2024,9
2024-09-30 23:15:00+05:30,364.09034351107016,28.6,92.2,2024,9
2024-09-30 23:30:00+05:30,358.9488916962067,28.6,92.4,2024,9
2024-09-30 23:45:00+05:30,353.31476753028863,26.8,92.4,2024,9
