datetime,wdLoad,temp,rh,year,month
2024-03-01 00:00:00+05:30,324.0,28.0,64.0,2024,3
2024-03-01 00:15:00+05:30,323.0,28.0,64.0,2024,3
2024-03-01 00:30:00+05:30,316.0,28.0,64.0,2024,3
2024-03-01 00:45:00+05:30,310.0,28.0,64.0,2024,3
2024-03-01 01:00:00+05:30,306.0,28.0,64.0,2024,3
2024-03-01 01:15:00+05:30,302.0,28.0,64.0,2024,3
2024-03-01 01:30:00+05:30,299.0,28.0,64.0,2024,3
2024-03-01 01:45:00+05:30,296.0,28.0,64.0,2024,3
2024-03-01 02:00:00+05:30,297.0,28.0,64.0,2024,3
2024-03-01 02:15:00+05:30,295.0,28.0,64.0,2024,3
2024-03-01 02:30:00+05:30,289.0,28.0,63.0,2024,3
2024-03-01 02:45:00+05:30,288.0,28.0,63.0,2024,3
2024-03-01 03:00:00+05:30,287.0,28.0,62.0,2024,3
2024-03-01 03:15:00+05:30,285.0,28.0,61.0,2024,3
2024-03-01 03:30:00+05:30,281.0,28.0,60.0,2024,3
2024-03-01 03:45:00+05:30,279.0,28.0,60.0,2024,3
2024-03-01 04:00:00+05:30,278.0,28.0,59.0,2024,3
2024-03-01 04:15:00+05:30,279.0,28.0,61.0,2024,3
2024-03-01 04:30:00+05:30,280.0,27.0,61.0,2024,3
2024-03-01 04:45:00+05:30,281.0,27.0,61.0,2024,3
2024-03-01 05:00:00+05:30,281.0,27.0,63.0,2024,3
2024-03-01 05:15:00+05:30,284.0,27.0,63.0,2024,3
2024-03-01 05:30:00+05:30,288.0,27.0,63.0,2024,3
2024-03-01 05:45:00+05:30,294.0,27.0,63.0,2024,3
2024-03-01 06:00:00+05:30,302.0,27.0,64.0,2024,3
2024-03-01 06:15:00+05:30,307.0,27.0,65.0,2024,3
2024-03-01 06:30:00+05:30,316.0,27.0,66.0,2024,3
2024-03-01 06:45:00+05:30,324.0,27.0,68.0,2024,3
2024-03-01 07:00:00+05:30,333.0,27.0,68.0,2024,3
2024-03-01 07:15:00+05:30,343.0,27.0,69.0,2024,3
2024-03-01 07:30:00+05:30,357.0,27.0,68.0,2024,3
2024-03-01 07:45:00+05:30,372.0,27.0,69.0,2024,3
2024-03-01 08:00:00+05:30,392.0,27.0,69.0,2024,3
2024-03-01 08:15:00+05:30,409.0,28.0,69.0,2024,3
2024-03-01 08:30:00+05:30,422.0,28.0,68.0,2024,3
2024-03-01 08:45:00+05:30,433.0,28.0,65.0,2024,3
2024-03-01 09:00:00+05:30,450.0,29.0,63.0,2024,3
2024-03-01 09:15:00+05:30,460.0,29.0,62.0,2024,3
2024-03-01 09:30:00+05:30,467.0,30.0,60.0,2024,3
2024-03-01 09:45:00+05:30,477.0,30.0,56.0,2024,3
2024-03-01 10:00:00+05:30,484.0,30.0,54.0,2024,3
2024-03-01 10:15:00+05:30,489.0,31.0,50.0,2024,3
2024-03-01 10:30:00+05:30,492.0,32.0,47.0,2024,3
2024-03-01 10:45:00+05:30,494.0,33.0,46.0,2024,3
2024-03-01 11:00:00+05:30,492.0,34.0,44.0,2024,3
2024-03-01 11:15:00+05:30,494.0,34.0,43.0,2024,3
2024-03-01 11:30:00+05:30,496.0,35.0,42.0,2024,3
2024-03-01 11:45:00+05:30,496.0,35.0,41.0,2024,3
2024-03-01 12:00:00+05:30,496.0,36.0,39.0,2024,3
2024-03-01 12:15:00+05:30,492.0,36.0,38.0,2024,3
2024-03-01 12:30:00+05:30,490.0,37.0,38.0,2024,3
2024-03-01 12:45:00+05:30,487.0,37.0,39.0,2024,3
2024-03-01 13:00:00+05:30,484.0,36.0,39.0,2024,3
2024-03-01 13:15:00+05:30,485.0,37.0,38.0,2024,3
2024-03-01 13:30:00+05:30,482.0,36.0,36.0,2024,3
2024-03-01 13:45:00+05:30,481.0,36.0,35.0,2024,3
2024-03-01 14:00:00+05:30,481.0,36.0,35.0,2024,3
2024-03-01 14:15:00+05:30,483.0,36.0,35.0,2024,3
2024-03-01 14:30:00+05:30,485.0,35.0,39.0,2024,3
2024-03-01 14:45:00+05:30,487.0,35.0,40.0,2024,3
2024-03-01 15:00:00+05:30,488.0,35.0,43.0,2024,3
2024-03-01 15:15:00+05:30,487.0,35.0,46.0,2024,3
2024-03-01 15:30:00+05:30,485.0,34.0,45.0,2024,3
2024-03-01 15:45:00+05:30,487.0,34.0,47.0,2024,3
2024-03-01 16:00:00+05:30,485.0,34.0,47.0,2024,3
2024-03-01 16:15:00+05:30,481.0,33.0,47.0,2024,3
2024-03-01 16:30:00+05:30,476.0,32.0,50.0,2024,3
2024-03-01 16:45:00+05:30,479.0,32.0,53.0,2024,3
2024-03-01 17:00:00+05:30,474.0,32.0,55.0,2024,3
2024-03-01 17:15:00+05:30,470.0,31.0,56.0,2024,3
2024-03-01 17:30:00+05:30,469.0,31.0,60.0,2024,3
2024-03-01 17:45:00+05:30,463.0,30.0,62.0,2024,3
2024-03-01 18:00:00+05:30,456.0,30.0,64.0,2024,3
2024-03-01 18:15:00+05:30,448.0,29.0,64.0,2024,3
2024-03-01 18:30:00+05:30,444.0,29.0,64.0,2024,3
2024-03-01 18:45:00+05:30,443.0,29.0,66.0,2024,3
2024-03-01 19:00:00+05:30,435.0,28.0,68.0,2024,3
2024-03-01 19:15:00+05:30,427.0,28.0,70.0,2024,3
2024-03-01 19:30:00+05:30,421.0,28.0,72.0,2024,3
2024-03-01 19:45:00+05:30,416.0,28.0,73.0,2024,3
2024-03-01 20:00:00+05:30,405.0,28.0,74.0,2024,3
2024-03-01 20:15:00+05:30,399.0,28.0,75.0,2024,3
2024-03-01 20:30:00+05:30,392.0,28.0,75.0,2024,3
2024-03-01 20:45:00+05:30,391.0,28.0,75.0,2024,3
2024-03-01 21:00:00+05:30,384.0,28.0,76.0,2024,3
2024-03-01 21:15:00+05:30,378.0,28.0,76.0,2024,3
2024-03-01 21:30:00+05:30,372.0,27.0,76.0,2024,3
2024-03-01 21:45:00+05:30,368.0,27.0,76.0,2024,3
2024-03-01 22:00:00+05:30,362.0,27.0,76.0,2024,3
2024-03-01 22:15:00+05:30,357.0,27.0,75.0,2024,3
2024-03-01 22:30:00+05:30,352.0,27.0,75.0,2024,3
2024-03-01 22:45:00+05:30,346.0,27.0,75.0,2024,3
2024-03-01 23:00:00+05:30,343.0,27.0,74.0,2024,3
2024-03-01 23:15:00+05:30,338.0,27.0,74.0,2024,3
2024-03-01 23:30:00+05:30,331.0,27.0,73.0,2024,3
2024-03-01 23:45:00+05:30,328.0,27.0,72.0,2024,3
2024-03-02 00:00:00+05:30,333.0,27.0,72.0,2024,3
2024-03-02 00:15:00+05:30,328.0,27.0,73.0,2024,3
2024-03-02 00:30:00+05:30,321.0,27.0,73.0,2024,3
2024-03-02 00:45:00+05:30,316.0,27.0,74.0,2024,3
2024-03-02 01:00:00+05:30,313.0,27.0,74.0,2024,3
2024-03-02 01:15:00+05:30,309.0,27.0,73.0,2024,3
2024-03-02 01:30:00+05:30,306.0,26.0,76.0,2024,3
2024-03-02 01:45:00+05:30,302.0,26.0,77.0,2024,3
2024-03-02 02:00:00+05:30,300.0,26.0,77.0,2024,3
2024-03-02 02:15:00+05:30,298.0,26.0,78.0,2024,3
2024-03-02 02:30:00+05:30,296.0,26.0,78.0,2024,3
2024-03-02 02:45:00+05:30,293.0,26.0,79.0,2024,3
2024-03-02 03:00:00+05:30,291.0,26.0,79.0,2024,3
2024-03-02 03:15:00+05:30,289.0,26.0,80.0,2024,3
2024-03-02 03:30:00+05:30,285.0,26.0,80.0,2024,3
2024-03-02 03:45:00+05:30,283.0,26.0,80.0,2024,3
2024-03-02 04:00:00+05:30,281.0,26.0,80.0,2024,3
2024-03-02 04:15:00+05:30,281.0,26.0,80.0,2024,3
2024-03-02 04:30:00+05:30,283.0,26.0,80.0,2024,3
2024-03-02 04:45:00+05:30,282.0,26.0,80.0,2024,3
2024-03-02 05:00:00+05:30,285.0,25.0,81.0,2024,3
2024-03-02 05:15:00+05:30,286.0,25.0,81.0,2024,3
2024-03-02 05:30:00+05:30,289.0,25.0,81.0,2024,3
2024-03-02 05:45:00+05:30,293.0,25.0,82.0,2024,3
2024-03-02 06:00:00+05:30,295.0,25.0,82.0,2024,3
2024-03-02 06:15:00+05:30,302.0,25.0,82.0,2024,3
2024-03-02 06:30:00+05:30,305.0,25.0,82.0,2024,3
2024-03-02 06:45:00+05:30,309.0,25.0,82.0,2024,3
2024-03-02 07:00:00+05:30,315.0,25.0,82.0,2024,3
2024-03-02 07:15:00+05:30,318.0,25.0,83.0,2024,3
2024-03-02 07:30:00+05:30,326.0,25.0,83.0,2024,3
2024-03-02 07:45:00+05:30,337.0,26.0,83.0,2024,3
2024-03-02 08:00:00+05:30,349.0,26.0,82.0,2024,3
2024-03-02 08:15:00+05:30,364.0,26.0,81.0,2024,3
2024-03-02 08:30:00+05:30,375.0,27.0,80.0,2024,3
2024-03-02 08:45:00+05:30,386.0,27.0,77.0,2024,3
2024-03-02 09:00:00+05:30,398.0,28.0,75.0,2024,3
2024-03-02 09:15:00+05:30,414.0,29.0,72.0,2024,3
2024-03-02 09:30:00+05:30,421.0,29.0,69.0,2024,3
2024-03-02 09:45:00+05:30,429.0,30.0,66.0,2024,3
2024-03-02 10:00:00+05:30,438.0,31.0,63.0,2024,3
2024-03-02 10:15:00+05:30,442.0,31.0,60.0,2024,3
2024-03-02 10:30:00+05:30,448.0,32.0,57.0,2024,3
2024-03-02 10:45:00+05:30,450.0,33.0,57.0,2024,3
2024-03-02 11:00:00+05:30,453.0,33.0,56.0,2024,3
2024-03-02 11:15:00+05:30,452.0,33.0,56.0,2024,3
2024-03-02 11:30:00+05:30,447.0,33.0,58.0,2024,3
2024-03-02 11:45:00+05:30,450.0,33.0,59.0,2024,3
2024-03-02 12:00:00+05:30,452.0,33.0,58.0,2024,3
2024-03-02 12:15:00+05:30,449.0,33.0,57.0,2024,3
2024-03-02 12:30:00+05:30,446.0,33.0,57.0,2024,3
2024-03-02 12:45:00+05:30,445.0,33.0,56.0,2024,3
2024-03-02 13:00:00+05:30,440.0,33.0,56.0,2024,3
2024-03-02 13:15:00+05:30,440.0,34.0,55.0,2024,3
2024-03-02 13:30:00+05:30,434.0,34.0,54.0,2024,3
2024-03-02 13:45:00+05:30,433.0,34.0,55.0,2024,3
2024-03-02 14:00:00+05:30,435.0,34.0,54.0,2024,3
2024-03-02 14:15:00+05:30,435.0,34.0,54.0,2024,3
2024-03-02 14:30:00+05:30,433.0,33.0,56.0,2024,3
2024-03-02 14:45:00+05:30,432.0,33.0,56.0,2024,3
2024-03-02 15:00:00+05:30,432.0,33.0,56.0,2024,3
2024-03-02 15:15:00+05:30,429.0,33.0,55.0,2024,3
2024-03-02 15:30:00+05:30,429.0,33.0,54.0,2024,3
2024-03-02 15:45:00+05:30,426.0,33.0,53.0,2024,3
2024-03-02 16:00:00+05:30,423.0,33.0,53.0,2024,3
2024-03-02 16:15:00+05:30,423.0,33.0,53.0,2024,3
2024-03-02 16:30:00+05:30,416.0,33.0,52.0,2024,3
2024-03-02 16:45:00+05:30,418.0,33.0,54.0,2024,3
2024-03-02 17:00:00+05:30,419.0,33.0,54.0,2024,3
2024-03-02 17:15:00+05:30,418.0,32.0,55.0,2024,3
2024-03-02 17:30:00+05:30,419.0,32.0,57.0,2024,3
2024-03-02 17:45:00+05:30,415.0,31.0,58.0,2024,3
2024-03-02 18:00:00+05:30,410.0,30.0,61.0,2024,3
2024-03-02 18:15:00+05:30,410.0,30.0,63.0,2024,3
2024-03-02 18:30:00+05:30,412.0,29.0,66.0,2024,3
2024-03-02 18:45:00+05:30,414.0,28.0,68.0,2024,3
2024-03-02 19:00:00+05:30,413.0,28.0,69.0,2024,3
2024-03-02 19:15:00+05:30,408.0,28.0,70.0,2024,3
2024-03-02 19:30:00+05:30,399.0,28.0,71.0,2024,3
2024-03-02 19:45:00+05:30,397.0,28.0,71.0,2024,3
2024-03-02 20:00:00+05:30,393.0,28.0,72.0,2024,3
2024-03-02 20:15:00+05:30,388.0,28.0,72.0,2024,3
2024-03-02 20:30:00+05:30,384.0,28.0,72.0,2024,3
2024-03-02 20:45:00+05:30,383.0,28.0,73.0,2024,3
2024-03-02 21:00:00+05:30,376.0,28.0,74.0,2024,3
2024-03-02 21:15:00+05:30,376.0,28.0,74.0,2024,3
2024-03-02 21:30:00+05:30,369.0,27.0,73.0,2024,3
2024-03-02 21:45:00+05:30,363.0,27.0,73.0,2024,3
2024-03-02 22:00:00+05:30,360.0,27.0,73.0,2024,3
2024-03-02 22:15:00+05:30,352.0,27.0,74.0,2024,3
2024-03-02 22:30:00+05:30,369.0,27.0,74.0,2024,3
2024-03-02 22:45:00+05:30,343.0,27.0,74.0,2024,3
2024-03-02 23:00:00+05:30,338.0,27.0,74.0,2024,3
2024-03-02 23:15:00+05:30,334.0,27.0,74.0,2024,3
2024-03-02 23:30:00+05:30,330.0,27.0,75.0,2024,3
2024-03-02 23:45:00+05:30,328.0,27.0,75.0,2024,3
2024-03-03 00:00:00+05:30,277.48930402886896,27.0,75.0,2024,3
2024-03-03 00:15:00+05:30,272.8148023135246,27.0,75.0,2024,3
2024-03-03 00:30:00+05:30,268.2148124285623,27.0,76.0,2024,3
2024-03-03 00:45:00+05:30,264.55386993018385,26.0,76.0,2024,3
2024-03-03 01:00:00+05:30,261.3709249434341,26.0,77.0,2024,3
2024-03-03 01:15:00+05:30,259.49123720507987,26.0,76.0,2024,3
2024-03-03 01:30:00+05:30,256.0810256210935,26.0,77.0,2024,3
2024-03-03 01:45:00+05:30,254.585779360924,26.0,77.0,2024,3
2024-03-03 02:00:00+05:30,251.950383938702,26.0,77.0,2024,3
2024-03-03 02:15:00+05:30,249.4744254750532,26.0,78.0,2024,3
2024-03-03 02:30:00+05:30,248.5119673212243,26.0,78.0,2024,3
2024-03-03 02:45:00+05:30,247.5694922996763,26.0,78.0,2024,3
2024-03-03 03:00:00+05:30,245.8925152627973,26.0,78.0,2024,3
2024-03-03 03:15:00+05:30,243.8664564508606,26.0,79.0,2024,3
2024-03-03 03:30:00+05:30,242.56199974150945,26.0,79.0,2024,3
2024-03-03 03:45:00+05:30,240.9090482706752,26.0,79.0,2024,3
2024-03-03 04:00:00+05:30,239.84061493627632,26.0,80.0,2024,3
2024-03-03 04:15:00+05:30,242.38775523012572,26.0,80.0,2024,3
2024-03-03 04:30:00+05:30,244.98645625326617,26.0,80.0,2024,3
2024-03-03 04:45:00+05:30,247.892973949448,26.0,81.0,2024,3
2024-03-03 05:00:00+05:30,250.08171712895364,26.0,81.0,2024,3
2024-03-03 05:15:00+05:30,253.74145192738345,26.0,81.0,2024,3
2024-03-03 05:30:00+05:30,258.51914983119366,26.0,81.0,2024,3
2024-03-03 05:45:00+05:30,263.5436183091157,26.0,80.0,2024,3
2024-03-03 06:00:00+05:30,275.36505247380927,26.0,80.0,2024,3
2024-03-03 06:15:00+05:30,285.1639170432492,26.0,80.0,2024,3
2024-03-03 06:30:00+05:30,294.66605613943426,26.0,80.0,2024,3
2024-03-03 06:45:00+05:30,300.7097847909014,26.0,79.0,2024,3
2024-03-03 07:00:00+05:30,311.2021083956507,26.0,79.0,2024,3
2024-03-03 07:15:00+05:30,318.9624053408648,26.0,78.0,2024,3
2024-03-03 07:30:00+05:30,329.2176014372077,26.0,77.0,2024,3
2024-03-03 07:45:00+05:30,343.7443575099619,26.0,76.0,2024,3
2024-03-03 08:00:00+05:30,360.962579630542,26.0,75.0,2024,3
2024-03-03 08:15:00+05:30,374.0065469373913,26.0,74.0,2024,3
2024-03-03 08:30:00+05:30,386.3607405134539,27.0,73.0,2024,3
2024-03-03 08:45:00+05:30,398.3389194397796,27.0,71.0,2024,3
2024-03-03 09:00:00+05:30,409.3976874963921,27.0,71.0,2024,3
2024-03-03 09:15:00+05:30,420.3826316833017,27.0,69.0,2024,3
2024-03-03 09:30:00+05:30,428.7651988720049,28.0,67.0,2024,3
2024-03-03 09:45:00+05:30,435.0558838660713,29.0,64.0,2024,3
2024-03-03 10:00:00+05:30,444.8477722467912,29.0,62.0,2024,3
2024-03-03 10:15:00+05:30,450.7428182581609,29.0,60.0,2024,3
2024-03-03 10:30:00+05:30,451.8980797284028,30.0,59.0,2024,3
2024-03-03 10:45:00+05:30,452.3030698163956,30.0,58.0,2024,3
2024-03-03 11:00:00+05:30,452.7491498037366,31.0,57.0,2024,3
2024-03-03 11:15:00+05:30,449.1243110185199,31.0,56.0,2024,3
2024-03-03 11:30:00+05:30,446.0901853530743,32.0,54.0,2024,3
2024-03-03 11:45:00+05:30,444.5766308942648,33.0,52.0,2024,3
2024-03-03 12:00:00+05:30,444.2929934978949,33.0,51.0,2024,3
2024-03-03 12:15:00+05:30,443.0576677481099,33.0,50.0,2024,3
2024-03-03 12:30:00+05:30,443.8212705378063,34.0,50.0,2024,3
2024-03-03 12:45:00+05:30,442.2263871785669,34.0,49.0,2024,3
2024-03-03 13:00:00+05:30,438.8484968416126,34.0,49.0,2024,3
2024-03-03 13:15:00+05:30,436.4484486979864,34.0,48.0,2024,3
2024-03-03 13:30:00+05:30,435.4924578891975,34.0,48.0,2024,3
2024-03-03 13:45:00+05:30,436.7205590462413,33.0,49.0,2024,3
2024-03-03 14:00:00+05:30,435.01472307324025,33.0,49.0,2024,3
2024-03-03 14:15:00+05:30,437.6025110647454,33.0,50.0,2024,3
2024-03-03 14:30:00+05:30,437.7248713793825,33.0,49.0,2024,3
2024-03-03 14:45:00+05:30,438.0828623061841,33.0,50.0,2024,3
2024-03-03 15:00:00+05:30,437.9899145105167,33.0,50.0,2024,3
2024-03-03 15:15:00+05:30,438.9040402798298,32.0,49.0,2024,3
2024-03-03 15:30:00+05:30,438.7197536815704,32.0,50.0,2024,3
2024-03-03 15:45:00+05:30,437.95790532928254,32.0,50.0,2024,3
2024-03-03 16:00:00+05:30,436.3835541299517,32.0,49.0,2024,3
2024-03-03 16:15:00+05:30,435.307535662231,32.0,49.0,2024,3
2024-03-03 16:30:00+05:30,431.89384277311,31.0,50.0,2024,3
2024-03-03 16:45:00+05:30,430.2155117870439,31.0,51.0,2024,3
2024-03-03 17:00:00+05:30,428.2972207048485,31.0,51.0,2024,3
2024-03-03 17:15:00+05:30,427.1326312950305,30.0,52.0,2024,3
2024-03-03 17:30:00+05:30,422.4285210648786,30.0,53.0,2024,3
2024-03-03 17:45:00+05:30,420.5676935001762,29.0,54.0,2024,3
2024-03-03 18:00:00+05:30,417.43410465081024,28.0,56.0,2024,3
2024-03-03 18:15:00+05:30,416.51307079946525,27.0,57.0,2024,3
2024-03-03 18:30:00+05:30,412.17901646050143,26.0,59.0,2024,3
2024-03-03 18:45:00+05:30,406.05857185235607,26.0,60.0,2024,3
2024-03-03 19:00:00+05:30,400.4715695466348,26.0,62.0,2024,3
2024-03-03 19:15:00+05:30,394.1019147264876,25.0,63.0,2024,3
2024-03-03 19:30:00+05:30,389.1983827652288,25.0,63.0,2024,3
2024-03-03 19:45:00+05:30,382.8124427652288,25.0,63.0,2024,3
2024-03-03 20:00:00+05:30,375.2275427652288,25.0,64.0,2024,3
2024-03-03 20:15:00+05:30,368.4855227652288,25.0,65.0,2024,3
2024-03-03 20:30:00+05:30,363.0675467652288,25.0,65.0,2024,3
2024-03-03 20:45:00+05:30,358.1435027652288,24.0,65.0,2024,3
2024-03-03 21:00:00+05:30,349.9259867652288,24.0,66.0,2024,3
2024-03-03 21:15:00+05:30,346.2472787652288,24.0,66.0,2024,3
2024-03-03 21:30:00+05:30,341.6128707652288,24.0,66.0,2024,3
2024-03-03 21:45:00+05:30,336.3049747652288,24.0,66.0,2024,3
2024-03-03 22:00:00+05:30,328.5313787652288,24.0,66.0,2024,3
2024-03-03 22:15:00+05:30,324.5630750264254,24.0,66.0,2024,3
2024-03-03 22:30:00+05:30,317.6085110264254,24.0,66.0,2024,3
2024-03-03 22:45:00+05:30,312.7057070264254,24.0,66.0,2024,3
2024-03-03 23:00:00+05:30,306.53255502642537,24.0,66.0,2024,3
2024-03-03 23:15:00+05:30,299.3269390264253,24.0,66.0,2024,3
2024-03-03 23:30:00+05:30,296.66510800000003,24.0,66.0,2024,3
2024-03-03 23:45:00+05:30,291.09830800000003,24.0,66.0,2024,3
2024-03-04 00:00:00+05:30,279.0,24.0,67.0,2024,3
2024-03-04 00:15:00+05:30,274.0,23.0,67.0,2024,3
2024-03-04 00:30:00+05:30,268.0,23.0,67.0,2024,3
2024-03-04 00:45:00+05:30,266.0,23.0,67.0,2024,3
2024-03-04 01:00:00+05:30,263.0,23.0,67.0,2024,3
2024-03-04 01:15:00+05:30,261.0,23.0,68.0,2024,3
2024-03-04 01:30:00+05:30,258.0,23.0,68.0,2024,3
2024-03-04 01:45:00+05:30,255.0,23.0,68.0,2024,3
2024-03-04 02:00:00+05:30,251.0,23.0,68.0,2024,3
2024-03-04 02:15:00+05:30,251.0,23.0,68.0,2024,3
2024-03-04 02:30:00+05:30,248.0,23.0,68.0,2024,3
2024-03-04 02:45:00+05:30,246.0,22.0,69.0,2024,3
2024-03-04 03:00:00+05:30,246.0,22.0,69.0,2024,3
2024-03-04 03:15:00+05:30,244.0,22.0,69.0,2024,3
2024-03-04 03:30:00+05:30,243.0,22.0,69.0,2024,3
2024-03-04 03:45:00+05:30,243.0,22.0,69.0,2024,3
2024-03-04 04:00:00+05:30,243.0,22.0,69.0,2024,3
2024-03-04 04:15:00+05:30,242.0,22.0,69.0,2024,3
2024-03-04 04:30:00+05:30,245.0,22.0,69.0,2024,3
2024-03-04 04:45:00+05:30,246.0,22.0,68.0,2024,3
2024-03-04 05:00:00+05:30,247.0,22.0,69.0,2024,3
2024-03-04 05:15:00+05:30,248.0,22.0,69.0,2024,3
2024-03-04 05:30:00+05:30,254.0,22.0,69.0,2024,3
2024-03-04 05:45:00+05:30,259.0,22.0,70.0,2024,3
2024-03-04 06:00:00+05:30,272.0,22.0,70.0,2024,3
2024-03-04 06:15:00+05:30,281.0,22.0,70.0,2024,3
2024-03-04 06:30:00+05:30,288.0,22.0,70.0,2024,3
2024-03-04 06:45:00+05:30,295.0,22.0,70.0,2024,3
2024-03-04 07:00:00+05:30,307.0,22.0,70.0,2024,3
2024-03-04 07:15:00+05:30,318.0,22.0,70.0,2024,3
2024-03-04 07:30:00+05:30,335.0,22.0,71.0,2024,3
2024-03-04 07:45:00+05:30,347.0,22.0,70.0,2024,3
2024-03-04 08:00:00+05:30,364.0,23.0,70.0,2024,3
2024-03-04 08:15:00+05:30,378.0,23.0,68.0,2024,3
2024-03-04 08:30:00+05:30,393.0,23.0,67.0,2024,3
2024-03-04 08:45:00+05:30,406.0,24.0,64.0,2024,3
2024-03-04 09:00:00+05:30,416.0,25.0,62.0,2024,3
2024-03-04 09:15:00+05:30,428.0,26.0,60.0,2024,3
2024-03-04 09:30:00+05:30,438.0,27.0,58.0,2024,3
2024-03-04 09:45:00+05:30,444.0,27.0,57.0,2024,3
2024-03-04 10:00:00+05:30,451.0,28.0,54.0,2024,3
2024-03-04 10:15:00+05:30,456.0,29.0,51.0,2024,3
2024-03-04 10:30:00+05:30,459.0,30.0,49.0,2024,3
2024-03-04 10:45:00+05:30,462.0,30.0,47.0,2024,3
2024-03-04 11:00:00+05:30,462.0,31.0,46.0,2024,3
2024-03-04 11:15:00+05:30,461.0,31.0,46.0,2024,3
2024-03-04 11:30:00+05:30,459.0,28.0,53.0,2024,3
2024-03-04 11:45:00+05:30,456.0,32.0,47.0,2024,3
2024-03-04 12:00:00+05:30,457.0,32.0,47.0,2024,3
2024-03-04 12:15:00+05:30,453.0,32.0,46.0,2024,3
2024-03-04 12:30:00+05:30,457.0,32.0,47.0,2024,3
2024-03-04 12:45:00+05:30,455.0,32.0,47.0,2024,3
2024-03-04 13:00:00+05:30,450.0,32.0,46.0,2024,3
2024-03-04 13:15:00+05:30,448.0,33.0,46.0,2024,3
2024-03-04 13:30:00+05:30,445.0,32.0,46.0,2024,3
2024-03-04 13:45:00+05:30,446.0,33.0,45.0,2024,3
2024-03-04 14:00:00+05:30,447.0,33.0,46.0,2024,3
2024-03-04 14:15:00+05:30,450.0,33.0,45.0,2024,3
2024-03-04 14:30:00+05:30,452.0,33.0,45.0,2024,3
2024-03-04 14:45:00+05:30,451.0,32.0,45.0,2024,3
2024-03-04 15:00:00+05:30,449.0,32.0,46.0,2024,3
2024-03-04 15:15:00+05:30,450.0,32.0,45.0,2024,3
2024-03-04 15:30:00+05:30,448.0,32.0,45.0,2024,3
2024-03-04 15:45:00+05:30,447.0,32.0,44.0,2024,3
2024-03-04 16:00:00+05:30,446.0,32.0,43.0,2024,3
2024-03-04 16:15:00+05:30,443.0,31.0,42.0,2024,3
2024-03-04 16:30:00+05:30,440.0,30.0,42.0,2024,3
2024-03-04 16:45:00+05:30,439.0,31.0,40.0,2024,3
2024-03-04 17:00:00+05:30,437.0,30.0,41.0,2024,3
2024-03-04 17:15:00+05:30,433.0,30.0,41.0,2024,3
2024-03-04 17:30:00+05:30,428.0,30.0,41.0,2024,3
2024-03-04 17:45:00+05:30,422.0,30.0,42.0,2024,3
2024-03-04 18:00:00+05:30,415.0,28.0,44.0,2024,3
2024-03-04 18:15:00+05:30,411.0,28.0,45.0,2024,3
2024-03-04 18:30:00+05:30,407.0,27.0,47.0,2024,3
2024-03-04 18:45:00+05:30,404.0,27.0,49.0,2024,3
2024-03-04 19:00:00+05:30,398.0,26.0,51.0,2024,3
2024-03-04 19:15:00+05:30,392.0,26.0,52.0,2024,3
2024-03-04 19:30:00+05:30,388.0,26.0,53.0,2024,3
2024-03-04 19:45:00+05:30,381.0,26.0,55.0,2024,3
2024-03-04 20:00:00+05:30,376.0,25.0,56.0,2024,3
2024-03-04 20:15:00+05:30,369.0,25.0,56.0,2024,3
2024-03-04 20:30:00+05:30,361.0,25.0,57.0,2024,3
2024-03-04 20:45:00+05:30,357.0,25.0,58.0,2024,3
2024-03-04 21:00:00+05:30,351.0,25.0,58.0,2024,3
2024-03-04 21:15:00+05:30,347.0,25.0,58.0,2024,3
2024-03-04 21:30:00+05:30,340.0,25.0,59.0,2024,3
2024-03-04 21:45:00+05:30,333.0,24.0,59.0,2024,3
2024-03-04 22:00:00+05:30,329.0,24.0,59.0,2024,3
2024-03-04 22:15:00+05:30,322.0,24.0,59.0,2024,3
2024-03-04 22:30:00+05:30,316.0,24.0,60.0,2024,3
2024-03-04 22:45:00+05:30,310.0,24.0,61.0,2024,3
2024-03-04 23:00:00+05:30,305.0,24.0,62.0,2024,3
2024-03-04 23:15:00+05:30,299.0,24.0,63.0,2024,3
2024-03-04 23:30:00+05:30,294.0,24.0,64.0,2024,3
2024-03-04 23:45:00+05:30,290.0,24.0,64.0,2024,3
2024-03-05 00:00:00+05:30,284.35139624370413,22.0,67.0,2024,3
2024-03-05 00:15:00+05:30,279.3207577517736,22.0,67.0,2024,3
2024-03-05 00:30:00+05:30,275.0992413045692,22.0,67.0,2024,3
2024-03-05 00:45:00+05:30,271.7982606031655,22.0,67.0,2024,3
2024-03-05 01:00:00+05:30,267.4691634777645,22.0,67.0,2024,3
2024-03-05 01:15:00+05:30,265.2323851672523,22.0,68.0,2024,3
2024-03-05 01:30:00+05:30,261.6770229934898,21.0,68.0,2024,3
2024-03-05 01:45:00+05:30,260.2219531968045,21.0,69.0,2024,3
2024-03-05 02:00:00+05:30,257.39344032406245,21.0,69.0,2024,3
2024-03-05 02:15:00+05:30,254.83280965686643,21.0,68.0,2024,3
2024-03-05 02:30:00+05:30,252.74500945462265,21.0,69.0,2024,3
2024-03-05 02:45:00+05:30,252.48102350614704,21.0,69.0,2024,3
2024-03-05 03:00:00+05:30,251.04991754468776,21.0,69.0,2024,3
2024-03-05 03:15:00+05:30,248.76129276140605,21.0,68.0,2024,3
2024-03-05 03:30:00+05:30,246.3521814053367,21.0,68.0,2024,3
2024-03-05 03:45:00+05:30,245.5352970976429,21.0,68.0,2024,3
2024-03-05 04:00:00+05:30,245.15543990071265,20.0,68.0,2024,3
2024-03-05 04:15:00+05:30,246.65690911317373,20.0,68.0,2024,3
2024-03-05 04:30:00+05:30,248.9458657736438,20.0,68.0,2024,3
2024-03-05 04:45:00+05:30,249.825645975228,20.0,68.0,2024,3
2024-03-05 05:00:00+05:30,253.9429374638533,20.0,68.0,2024,3
2024-03-05 05:15:00+05:30,253.83054170409105,20.0,68.0,2024,3
2024-03-05 05:30:00+05:30,258.55053232944505,20.0,68.0,2024,3
2024-03-05 05:45:00+05:30,261.4175594223177,20.0,69.0,2024,3
2024-03-05 06:00:00+05:30,270.2882134055879,19.0,69.0,2024,3
2024-03-05 06:15:00+05:30,280.3087045584483,19.0,70.0,2024,3
2024-03-05 06:30:00+05:30,289.1624516535505,19.0,70.0,2024,3
2024-03-05 06:45:00+05:30,295.0338106769142,19.0,70.0,2024,3
2024-03-05 07:00:00+05:30,305.986823393123,19.0,70.0,2024,3
2024-03-05 07:15:00+05:30,316.5366712989512,19.0,71.0,2024,3
2024-03-05 07:30:00+05:30,330.9733418867136,19.0,70.0,2024,3
2024-03-05 07:45:00+05:30,341.5947121139793,20.0,69.0,2024,3
2024-03-05 08:00:00+05:30,362.9052907983654,20.0,67.0,2024,3
2024-03-05 08:15:00+05:30,374.1884967701672,20.0,66.0,2024,3
2024-03-05 08:30:00+05:30,386.2003013015601,21.0,63.0,2024,3
2024-03-05 08:45:00+05:30,399.18787716598655,21.0,61.0,2024,3
2024-03-05 09:00:00+05:30,411.1302800043673,22.0,59.0,2024,3
2024-03-05 09:15:00+05:30,423.7828915322056,22.0,57.0,2024,3
2024-03-05 09:30:00+05:30,433.65717364616063,23.0,55.0,2024,3
2024-03-05 09:45:00+05:30,439.6695830487071,24.0,53.0,2024,3
2024-03-05 10:00:00+05:30,445.8140757924439,25.0,51.0,2024,3
2024-03-05 10:15:00+05:30,450.80950935771045,25.0,49.0,2024,3
2024-03-05 10:30:00+05:30,455.7352492315869,26.0,47.0,2024,3
2024-03-05 10:45:00+05:30,457.1150622787168,27.0,45.0,2024,3
2024-03-05 11:00:00+05:30,457.9855258059858,27.0,44.0,2024,3
2024-03-05 11:15:00+05:30,458.35610924771976,28.0,42.0,2024,3
2024-03-05 11:30:00+05:30,459.58516376676266,29.0,41.0,2024,3
2024-03-05 11:45:00+05:30,457.370268625505,29.0,40.0,2024,3
2024-03-05 12:00:00+05:30,456.3635788189505,30.0,38.0,2024,3
2024-03-05 12:15:00+05:30,455.4629316997529,30.0,37.0,2024,3
2024-03-05 12:30:00+05:30,458.1928757899751,31.0,36.0,2024,3
2024-03-05 12:45:00+05:30,454.03161707175485,31.0,36.0,2024,3
2024-03-05 13:00:00+05:30,449.80692474524113,31.0,36.0,2024,3
2024-03-05 13:15:00+05:30,448.20316565880296,31.0,36.0,2024,3
2024-03-05 13:30:00+05:30,445.9178183175438,31.0,36.0,2024,3
2024-03-05 13:45:00+05:30,444.88838530280304,31.0,36.0,2024,3
2024-03-05 14:00:00+05:30,445.5483289864784,32.0,36.0,2024,3
2024-03-05 14:15:00+05:30,446.1805634439624,31.0,36.0,2024,3
2024-03-05 14:30:00+05:30,446.30452806796,31.0,36.0,2024,3
2024-03-05 14:45:00+05:30,446.2372922228078,31.0,36.0,2024,3
2024-03-05 15:00:00+05:30,447.65559055173,31.0,36.0,2024,3
2024-03-05 15:15:00+05:30,447.8215538676519,31.0,36.0,2024,3
2024-03-05 15:30:00+05:30,446.0171915613934,31.0,37.0,2024,3
2024-03-05 15:45:00+05:30,446.2528001711746,31.0,37.0,2024,3
2024-03-05 16:00:00+05:30,443.1642581634255,30.0,38.0,2024,3
2024-03-05 16:15:00+05:30,443.02728042249447,30.0,39.0,2024,3
2024-03-05 16:30:00+05:30,442.3382015819728,30.0,40.0,2024,3
2024-03-05 16:45:00+05:30,440.4730977284421,30.0,40.0,2024,3
2024-03-05 17:00:00+05:30,438.4827703137289,30.0,41.0,2024,3
2024-03-05 17:15:00+05:30,434.7669464623325,29.0,42.0,2024,3
2024-03-05 17:30:00+05:30,428.1338220358098,29.0,42.0,2024,3
2024-03-05 17:45:00+05:30,421.4650945184405,28.0,43.0,2024,3
2024-03-05 18:00:00+05:30,417.2373051876329,28.0,43.0,2024,3
2024-03-05 18:15:00+05:30,409.265413189873,28.0,42.0,2024,3
2024-03-05 18:30:00+05:30,406.229232689368,28.0,42.0,2024,3
2024-03-05 18:45:00+05:30,403.39659234526783,28.0,43.0,2024,3
2024-03-05 19:00:00+05:30,394.4954413493523,27.0,43.0,2024,3
2024-03-05 19:15:00+05:30,388.6171288604408,27.0,44.0,2024,3
2024-03-05 19:30:00+05:30,383.3500955358238,27.0,44.0,2024,3
2024-03-05 19:45:00+05:30,376.2666104215805,26.0,45.0,2024,3
2024-03-05 20:00:00+05:30,370.5049506502767,26.0,45.0,2024,3
2024-03-05 20:15:00+05:30,364.581482953698,26.0,44.0,2024,3
2024-03-05 20:30:00+05:30,357.5852096521386,26.0,45.0,2024,3
2024-03-05 20:45:00+05:30,352.1307565977081,25.0,45.0,2024,3
2024-03-05 21:00:00+05:30,347.0328447765307,25.0,46.0,2024,3
2024-03-05 21:15:00+05:30,343.9058974047009,25.0,47.0,2024,3
2024-03-05 21:30:00+05:30,338.4676215352425,24.0,47.0,2024,3
2024-03-05 21:45:00+05:30,332.2721160711206,24.0,47.0,2024,3
2024-03-05 22:00:00+05:30,323.7231775033071,24.0,48.0,2024,3
2024-03-05 22:15:00+05:30,316.4297219141527,24.0,49.0,2024,3
2024-03-05 22:30:00+05:30,312.22505037258634,23.0,49.0,2024,3
2024-03-05 22:45:00+05:30,306.5168217188142,23.0,50.0,2024,3
2024-03-05 23:00:00+05:30,301.61150564174176,23.0,50.0,2024,3
2024-03-05 23:15:00+05:30,296.1346778440301,23.0,50.0,2024,3
2024-03-05 23:30:00+05:30,291.2585549021122,23.0,51.0,2024,3
2024-03-05 23:45:00+05:30,284.1696501385699,23.0,51.0,2024,3
2024-03-06 00:00:00+05:30,278.0,24.0,48.0,2024,3
2024-03-06 00:15:00+05:30,274.0,24.0,48.0,2024,3
2024-03-06 00:30:00+05:30,271.0,24.0,49.0,2024,3
2024-03-06 00:45:00+05:30,269.0,24.0,51.0,2024,3
2024-03-06 01:00:00+05:30,264.0,24.0,52.0,2024,3
2024-03-06 01:15:00+05:30,262.0,23.0,53.0,2024,3
2024-03-06 01:30:00+05:30,259.0,23.0,54.0,2024,3
2024-03-06 01:45:00+05:30,257.0,23.0,54.0,2024,3
2024-03-06 02:00:00+05:30,253.0,23.0,55.0,2024,3
2024-03-06 02:15:00+05:30,251.0,23.0,55.0,2024,3
2024-03-06 02:30:00+05:30,248.0,23.0,56.0,2024,3
2024-03-06 02:45:00+05:30,247.0,23.0,56.0,2024,3
2024-03-06 03:00:00+05:30,246.0,23.0,57.0,2024,3
2024-03-06 03:15:00+05:30,244.0,23.0,58.0,2024,3
2024-03-06 03:30:00+05:30,244.0,23.0,59.0,2024,3
2024-03-06 03:45:00+05:30,242.0,22.0,60.0,2024,3
2024-03-06 04:00:00+05:30,242.0,22.0,61.0,2024,3
2024-03-06 04:15:00+05:30,244.0,22.0,63.0,2024,3
2024-03-06 04:30:00+05:30,247.0,22.0,64.0,2024,3
2024-03-06 04:45:00+05:30,250.0,22.0,65.0,2024,3
2024-03-06 05:00:00+05:30,251.0,22.0,66.0,2024,3
2024-03-06 05:15:00+05:30,251.0,22.0,67.0,2024,3
2024-03-06 05:30:00+05:30,255.0,22.0,68.0,2024,3
2024-03-06 05:45:00+05:30,262.0,22.0,68.0,2024,3
2024-03-06 06:00:00+05:30,270.0,22.0,68.0,2024,3
2024-03-06 06:15:00+05:30,276.0,22.0,68.0,2024,3
2024-03-06 06:30:00+05:30,286.0,22.0,68.0,2024,3
2024-03-06 06:45:00+05:30,293.0,22.0,68.0,2024,3
2024-03-06 07:00:00+05:30,304.0,22.0,68.0,2024,3
2024-03-06 07:15:00+05:30,317.0,22.0,68.0,2024,3
2024-03-06 07:30:00+05:30,330.0,22.0,67.0,2024,3
2024-03-06 07:45:00+05:30,339.0,22.0,67.0,2024,3
2024-03-06 08:00:00+05:30,359.0,22.0,65.0,2024,3
2024-03-06 08:15:00+05:30,373.0,23.0,63.0,2024,3
2024-03-06 08:30:00+05:30,388.0,23.0,60.0,2024,3
2024-03-06 08:45:00+05:30,399.0,24.0,53.0,2024,3
2024-03-06 09:00:00+05:30,410.0,26.0,46.0,2024,3
2024-03-06 09:15:00+05:30,423.0,26.0,41.0,2024,3
2024-03-06 09:30:00+05:30,432.0,27.0,37.0,2024,3
2024-03-06 09:45:00+05:30,436.0,28.0,34.0,2024,3
2024-03-06 10:00:00+05:30,442.0,29.0,33.0,2024,3
2024-03-06 10:15:00+05:30,445.0,30.0,31.0,2024,3
2024-03-06 10:30:00+05:30,452.0,31.0,30.0,2024,3
2024-03-06 10:45:00+05:30,453.0,32.0,28.0,2024,3
2024-03-06 11:00:00+05:30,452.0,33.0,28.0,2024,3
2024-03-06 11:15:00+05:30,454.0,33.0,27.0,2024,3
2024-03-06 11:30:00+05:30,453.0,34.0,27.0,2024,3
2024-03-06 11:45:00+05:30,452.0,34.0,29.0,2024,3
2024-03-06 12:00:00+05:30,451.0,34.0,31.0,2024,3
2024-03-06 12:15:00+05:30,451.0,34.0,32.0,2024,3
2024-03-06 12:30:00+05:30,452.0,34.0,33.0,2024,3
2024-03-06 12:45:00+05:30,452.0,34.0,34.0,2024,3
2024-03-06 13:00:00+05:30,446.0,35.0,34.0,2024,3
2024-03-06 13:15:00+05:30,443.0,35.0,33.0,2024,3
2024-03-06 13:30:00+05:30,443.0,35.0,33.0,2024,3
2024-03-06 13:45:00+05:30,439.0,35.0,32.0,2024,3
2024-03-06 14:00:00+05:30,442.0,35.0,31.0,2024,3
2024-03-06 14:15:00+05:30,448.0,35.5,29.0,2024,3
2024-03-06 14:30:00+05:30,448.0,36.0,28.0,2024,3
2024-03-06 14:45:00+05:30,448.0,36.0,26.0,2024,3
2024-03-06 15:00:00+05:30,446.0,35.5,27.0,2024,3
2024-03-06 15:15:00+05:30,445.0,35.25,28.0,2024,3
2024-03-06 15:30:00+05:30,444.0,35.0,28.0,2024,3
2024-03-06 15:45:00+05:30,442.0,35.0,28.0,2024,3
2024-03-06 16:00:00+05:30,444.0,35.0,26.0,2024,3
2024-03-06 16:15:00+05:30,442.0,35.0,26.0,2024,3
2024-03-06 16:30:00+05:30,438.0,34.0,26.0,2024,3
2024-03-06 16:45:00+05:30,436.0,34.0,25.0,2024,3
2024-03-06 17:00:00+05:30,433.0,33.0,25.0,2024,3
2024-03-06 17:15:00+05:30,431.0,33.0,25.0,2024,3
2024-03-06 17:30:00+05:30,424.0,33.0,26.0,2024,3
2024-03-06 17:45:00+05:30,416.0,32.0,26.0,2024,3
2024-03-06 18:00:00+05:30,411.0,31.0,27.0,2024,3
2024-03-06 18:15:00+05:30,408.0,30.0,28.0,2024,3
2024-03-06 18:30:00+05:30,402.0,29.0,30.0,2024,3
2024-03-06 18:45:00+05:30,400.0,28.0,32.0,2024,3
2024-03-06 19:00:00+05:30,398.0,28.0,34.0,2024,3
2024-03-06 19:15:00+05:30,394.0,27.0,36.0,2024,3
2024-03-06 19:30:00+05:30,388.0,27.0,37.0,2024,3
2024-03-06 19:45:00+05:30,378.0,27.0,40.0,2024,3
2024-03-06 20:00:00+05:30,370.0,27.0,42.0,2024,3
2024-03-06 20:15:00+05:30,367.0,26.0,43.0,2024,3
2024-03-06 20:30:00+05:30,360.0,26.0,45.0,2024,3
2024-03-06 20:45:00+05:30,355.0,26.0,45.0,2024,3
2024-03-06 21:00:00+05:30,352.0,26.0,46.0,2024,3
2024-03-06 21:15:00+05:30,346.0,26.0,47.0,2024,3
2024-03-06 21:30:00+05:30,339.0,25.0,47.0,2024,3
2024-03-06 21:45:00+05:30,334.0,25.0,48.0,2024,3
2024-03-06 22:00:00+05:30,327.0,25.0,49.0,2024,3
2024-03-06 22:15:00+05:30,320.0,25.0,49.0,2024,3
2024-03-06 22:30:00+05:30,315.0,25.0,50.0,2024,3
2024-03-06 22:45:00+05:30,310.0,24.0,51.0,2024,3
2024-03-06 23:00:00+05:30,305.0,24.0,49.0,2024,3
2024-03-06 23:15:00+05:30,297.0,25.0,49.0,2024,3
2024-03-06 23:30:00+05:30,293.0,25.0,50.0,2024,3
2024-03-06 23:45:00+05:30,289.0,24.0,50.0,2024,3
2024-03-07 00:00:00+05:30,283.57608811643144,22.7,56.0,2024,3
2024-03-07 00:15:00+05:30,277.3974186989779,22.4,56.0,2024,3
2024-03-07 00:30:00+05:30,273.2827005134162,22.3,56.0,2024,3
2024-03-07 00:45:00+05:30,270.27680834680626,22.2,57.0,2024,3
2024-03-07 01:00:00+05:30,267.2015441456694,22.1,57.0,2024,3
2024-03-07 01:15:00+05:30,265.1205166626332,22.3,56.0,2024,3
2024-03-07 01:30:00+05:30,260.2379091400544,22.2,57.0,2024,3
2024-03-07 01:45:00+05:30,258.7654206548672,22.1,58.0,2024,3
2024-03-07 02:00:00+05:30,255.91230300446688,21.9,59.0,2024,3
2024-03-07 02:15:00+05:30,255.23093803721667,21.6,60.0,2024,3
2024-03-07 02:30:00+05:30,253.41646539676205,21.5,62.0,2024,3
2024-03-07 02:45:00+05:30,252.5532013509436,21.3,63.0,2024,3
2024-03-07 03:00:00+05:30,250.15207958968088,21.2,63.0,2024,3
2024-03-07 03:15:00+05:30,246.53301065602943,21.1,65.0,2024,3
2024-03-07 03:30:00+05:30,245.8716941726788,21.0,65.0,2024,3
2024-03-07 03:45:00+05:30,245.0235416234203,20.8,66.0,2024,3
2024-03-07 04:00:00+05:30,245.30489548769847,20.7,66.0,2024,3
2024-03-07 04:15:00+05:30,245.90742761027744,20.4,67.0,2024,3
2024-03-07 04:30:00+05:30,247.68740362635256,20.3,67.0,2024,3
2024-03-07 04:45:00+05:30,249.6695639388176,20.1,67.0,2024,3
2024-03-07 05:00:00+05:30,249.5706409322353,20.0,66.0,2024,3
2024-03-07 05:15:00+05:30,252.86418056765496,20.4,65.0,2024,3
2024-03-07 05:30:00+05:30,256.0757392833618,20.3,65.0,2024,3
2024-03-07 05:45:00+05:30,261.0372302696839,20.2,64.0,2024,3
2024-03-07 06:00:00+05:30,268.0658873368962,20.0,64.0,2024,3
2024-03-07 06:15:00+05:30,277.4536703748835,19.7,66.0,2024,3
2024-03-07 06:30:00+05:30,285.7992537872683,19.6,65.0,2024,3
2024-03-07 06:45:00+05:30,294.8186087399454,19.6,65.0,2024,3
2024-03-07 07:00:00+05:30,308.24818985038144,19.5,65.0,2024,3
2024-03-07 07:15:00+05:30,318.82682934921047,19.9,63.0,2024,3
2024-03-07 07:30:00+05:30,332.616967876493,20.1,62.0,2024,3
2024-03-07 07:45:00+05:30,344.9490388358228,20.4,60.0,2024,3
2024-03-07 08:00:00+05:30,363.94419633066974,20.9,58.0,2024,3
2024-03-07 08:15:00+05:30,378.4950781986173,20.8,54.0,2024,3
2024-03-07 08:30:00+05:30,392.4605291829706,21.5,52.0,2024,3
2024-03-07 08:45:00+05:30,401.7766101092716,22.2,49.0,2024,3
2024-03-07 09:00:00+05:30,413.4194373702479,23.0,47.0,2024,3
2024-03-07 09:15:00+05:30,424.4645467541196,23.9,44.0,2024,3
2024-03-07 09:30:00+05:30,434.8920734432225,24.7,41.0,2024,3
2024-03-07 09:45:00+05:30,441.4290560470956,25.4,39.0,2024,3
2024-03-07 10:00:00+05:30,449.1962866925425,26.2,37.0,2024,3
2024-03-07 10:15:00+05:30,451.1514210781727,27.0,36.0,2024,3
2024-03-07 10:30:00+05:30,455.9634185656349,27.7,35.0,2024,3
2024-03-07 10:45:00+05:30,458.5231518988717,28.3,34.0,2024,3
2024-03-07 11:00:00+05:30,460.62344555926086,29.0,33.0,2024,3
2024-03-07 11:15:00+05:30,458.4959757985544,29.9,30.0,2024,3
2024-03-07 11:30:00+05:30,458.6519022486351,30.5,29.0,2024,3
2024-03-07 11:45:00+05:30,458.50081631276726,31.0,29.0,2024,3
2024-03-07 12:00:00+05:30,458.0420667497764,31.4,28.0,2024,3
2024-03-07 12:15:00+05:30,456.8221143914644,32.0,27.0,2024,3
2024-03-07 12:30:00+05:30,457.8837293818804,32.4,27.0,2024,3
2024-03-07 12:45:00+05:30,459.8878738917202,32.6,27.0,2024,3
2024-03-07 13:00:00+05:30,456.9867283822248,32.9,28.0,2024,3
2024-03-07 13:15:00+05:30,453.8877043451043,33.1,28.0,2024,3
2024-03-07 13:30:00+05:30,453.884886226616,33.3,28.0,2024,3
2024-03-07 13:45:00+05:30,454.615219781202,33.4,29.0,2024,3
2024-03-07 14:00:00+05:30,459.0116132097745,33.5,30.0,2024,3
2024-03-07 14:15:00+05:30,462.9408118000459,33.1,32.0,2024,3
2024-03-07 14:30:00+05:30,467.0218076287088,33.1,33.0,2024,3
2024-03-07 14:45:00+05:30,468.061079454622,33.0,34.0,2024,3
2024-03-07 15:00:00+05:30,465.5805864493057,32.8,35.0,2024,3
2024-03-07 15:15:00+05:30,462.967249647215,32.6,36.0,2024,3
2024-03-07 15:30:00+05:30,463.58914870282473,32.4,37.0,2024,3
2024-03-07 15:45:00+05:30,460.12413938221215,32.2,38.0,2024,3
2024-03-07 16:00:00+05:30,459.9962186441544,31.9,39.0,2024,3
2024-03-07 16:15:00+05:30,456.7849588088866,31.7,40.0,2024,3
2024-03-07 16:30:00+05:30,453.99380418501,31.5,40.0,2024,3
2024-03-07 16:45:00+05:30,452.72487581478407,31.2,41.0,2024,3
2024-03-07 17:00:00+05:30,450.08635262512615,31.0,41.0,2024,3
2024-03-07 17:15:00+05:30,446.84609423927606,30.8,40.0,2024,3
2024-03-07 17:30:00+05:30,441.3309092586327,30.6,40.0,2024,3
2024-03-07 17:45:00+05:30,434.9816729177813,30.3,41.0,2024,3
2024-03-07 18:00:00+05:30,427.81661539446014,30.3,40.0,2024,3
2024-03-07 18:15:00+05:30,422.5865106284965,30.0,41.0,2024,3
2024-03-07 18:30:00+05:30,416.8354370541119,29.7,41.0,2024,3
2024-03-07 18:45:00+05:30,414.901282112272,29.3,42.0,2024,3
2024-03-07 19:00:00+05:30,411.1838618886469,29.3,40.0,2024,3
2024-03-07 19:15:00+05:30,404.76401955035846,29.0,40.0,2024,3
2024-03-07 19:30:00+05:30,398.4271074497696,28.6,40.0,2024,3
2024-03-07 19:45:00+05:30,389.4585882344009,28.3,41.0,2024,3
2024-03-07 20:00:00+05:30,381.6541858575678,28.1,42.0,2024,3
2024-03-07 20:15:00+05:30,377.2972699502301,27.8,42.0,2024,3
2024-03-07 20:30:00+05:30,371.0380051824523,27.5,43.0,2024,3
2024-03-07 20:45:00+05:30,365.2829650512032,27.2,43.0,2024,3
2024-03-07 21:00:00+05:30,359.7816610623461,26.6,44.0,2024,3
2024-03-07 21:15:00+05:30,356.34417008855854,26.4,43.0,2024,3
2024-03-07 21:30:00+05:30,349.4241767455067,26.2,43.0,2024,3
2024-03-07 21:45:00+05:30,343.9510311265067,26.1,43.0,2024,3
2024-03-07 22:00:00+05:30,336.30475656973744,25.9,42.0,2024,3
2024-03-07 22:15:00+05:30,332.45229566737845,25.7,42.0,2024,3
2024-03-07 22:30:00+05:30,326.5264949379258,25.5,42.0,2024,3
2024-03-07 22:45:00+05:30,320.3773679070089,25.4,42.0,2024,3
2024-03-07 23:00:00+05:30,313.68641897509764,25.4,42.0,2024,3
2024-03-07 23:15:00+05:30,309.1811051295233,25.2,42.0,2024,3
2024-03-07 23:30:00+05:30,303.71534566703247,25.1,42.0,2024,3
2024-03-07 23:45:00+05:30,297.4552131004549,24.9,42.0,2024,3
2024-03-08 00:00:00+05:30,290.5698082970818,26.5,39.7,2024,3
2024-03-08 00:15:00+05:30,284.946048490648,26.5,39.7,2024,3
2024-03-08 00:30:00+05:30,282.0342805412845,26.4,40.1,2024,3
2024-03-08 00:45:00+05:30,280.39843764561635,26.4,40.1,2024,3
2024-03-08 01:00:00+05:30,274.5064711806134,26.2,40.6,2024,3
2024-03-08 01:15:00+05:30,272.0186866911576,26.2,40.6,2024,3
2024-03-08 01:30:00+05:30,267.25145648173054,26.0,41.5,2024,3
2024-03-08 01:45:00+05:30,265.03226161726616,26.0,41.5,2024,3
2024-03-08 02:00:00+05:30,262.329474536686,25.9,41.4,2024,3
2024-03-08 02:15:00+05:30,259.4021625208839,25.9,41.4,2024,3
2024-03-08 02:30:00+05:30,257.7771357449255,25.7,42.2,2024,3
2024-03-08 02:45:00+05:30,257.2826683370926,25.7,42.2,2024,3
2024-03-08 03:00:00+05:30,253.343236865562,25.5,43.4,2024,3
2024-03-08 03:15:00+05:30,251.6313011861124,25.5,43.4,2024,3
2024-03-08 03:30:00+05:30,253.31646037191868,25.3,44.3,2024,3
2024-03-08 03:45:00+05:30,251.17256786807843,25.3,44.3,2024,3
2024-03-08 04:00:00+05:30,250.3623342059601,25.2,44.9,2024,3
2024-03-08 04:15:00+05:30,250.9856857238001,25.2,44.9,2024,3
2024-03-08 04:30:00+05:30,253.18886627335843,25.0,45.9,2024,3
2024-03-08 04:45:00+05:30,253.87815164131683,25.0,45.9,2024,3
2024-03-08 05:00:00+05:30,255.56619093658577,24.8,45.7,2024,3
2024-03-08 05:15:00+05:30,256.7227968408923,24.8,45.7,2024,3
2024-03-08 05:30:00+05:30,259.2281256624716,24.6,47.0,2024,3
2024-03-08 05:45:00+05:30,260.5769869048816,24.6,47.0,2024,3
2024-03-08 06:00:00+05:30,268.0004330370372,24.5,47.0,2024,3
2024-03-08 06:15:00+05:30,275.05992392344126,24.5,47.0,2024,3
2024-03-08 06:30:00+05:30,281.8515389676677,24.4,48.0,2024,3
2024-03-08 06:45:00+05:30,288.1125583681809,24.4,48.0,2024,3
2024-03-08 07:00:00+05:30,297.3261897549297,24.2,49.3,2024,3
2024-03-08 07:15:00+05:30,309.00833279829425,24.2,49.3,2024,3
2024-03-08 07:30:00+05:30,319.37135924527644,24.1,49.6,2024,3
2024-03-08 07:45:00+05:30,328.9963551466988,24.1,49.6,2024,3
2024-03-08 08:00:00+05:30,343.98899983406824,24.0,50.0,2024,3
2024-03-08 08:15:00+05:30,356.0295522842199,24.0,50.0,2024,3
2024-03-08 08:30:00+05:30,371.7739946333977,24.0,51.9,2024,3
2024-03-08 08:45:00+05:30,385.73945409769215,24.0,51.9,2024,3
2024-03-08 09:00:00+05:30,398.046777747057,23.7,51.5,2024,3
2024-03-08 09:15:00+05:30,406.740521368329,23.7,51.5,2024,3
2024-03-08 09:30:00+05:30,414.9573604381903,23.6,51.3,2024,3
2024-03-08 09:45:00+05:30,424.17348988329815,23.6,51.3,2024,3
2024-03-08 10:00:00+05:30,428.1707895802055,23.6,52.1,2024,3
2024-03-08 10:15:00+05:30,434.4417635416369,23.6,52.1,2024,3
2024-03-08 10:30:00+05:30,437.5196896870072,23.5,52.3,2024,3
2024-03-08 10:45:00+05:30,441.630627159045,23.5,52.3,2024,3
2024-03-08 11:00:00+05:30,444.0943043552485,23.4,53.5,2024,3
2024-03-08 11:15:00+05:30,442.6638494022616,23.4,53.5,2024,3
2024-03-08 11:30:00+05:30,442.9676930435441,23.4,53.0,2024,3
2024-03-08 11:45:00+05:30,440.4731610112854,23.4,53.0,2024,3
2024-03-08 12:00:00+05:30,440.0639921836588,23.2,53.9,2024,3
2024-03-08 12:15:00+05:30,439.1298018078765,23.2,53.9,2024,3
2024-03-08 12:30:00+05:30,438.25769938625353,23.0,54.3,2024,3
2024-03-08 12:45:00+05:30,437.7018838281882,23.0,54.3,2024,3
2024-03-08 13:00:00+05:30,431.1425457856805,23.0,53.7,2024,3
2024-03-08 13:15:00+05:30,429.5427400987135,23.0,53.7,2024,3
2024-03-08 13:30:00+05:30,429.4344080678817,22.9,54.7,2024,3
2024-03-08 13:45:00+05:30,428.87678970256144,22.9,54.7,2024,3
2024-03-08 14:00:00+05:30,431.3046212108145,22.8,55.2,2024,3
2024-03-08 14:15:00+05:30,433.6492392919968,22.8,55.2,2024,3
2024-03-08 14:30:00+05:30,433.6420651233473,22.8,54.9,2024,3
2024-03-08 14:45:00+05:30,435.5718339759044,22.8,54.9,2024,3
2024-03-08 15:00:00+05:30,434.8174559952251,23.0,55.1,2024,3
2024-03-08 15:15:00+05:30,433.7471312904989,23.0,55.1,2024,3
2024-03-08 15:30:00+05:30,432.6590644607525,23.4,54.8,2024,3
2024-03-08 15:45:00+05:30,431.4241488355246,23.4,54.8,2024,3
2024-03-08 16:00:00+05:30,432.700979542672,23.8,54.1,2024,3
2024-03-08 16:15:00+05:30,429.3998424054398,23.8,54.1,2024,3
2024-03-08 16:30:00+05:30,424.94966981511226,24.4,53.3,2024,3
2024-03-08 16:45:00+05:30,425.5710903157213,24.4,53.3,2024,3
2024-03-08 17:00:00+05:30,422.97781859783146,25.1,50.3,2024,3
2024-03-08 17:15:00+05:30,420.5256123235717,25.1,50.3,2024,3
2024-03-08 17:30:00+05:30,414.170270461652,26.0,46.3,2024,3
2024-03-08 17:45:00+05:30,410.4972462005616,26.0,46.3,2024,3
2024-03-08 18:00:00+05:30,407.2912693532734,27.5,41.0,2024,3
2024-03-08 18:15:00+05:30,399.3024900791939,27.5,41.0,2024,3
2024-03-08 18:30:00+05:30,397.1030514093758,28.5,38.0,2024,3
2024-03-08 18:45:00+05:30,395.9180869130717,28.5,38.0,2024,3
2024-03-08 19:00:00+05:30,393.0365907328878,29.7,35.2,2024,3
2024-03-08 19:15:00+05:30,386.37226945174285,29.7,35.2,2024,3
2024-03-08 19:30:00+05:30,381.3230759928932,30.8,33.3,2024,3
2024-03-08 19:45:00+05:30,375.14731421734245,30.8,33.3,2024,3
2024-03-08 20:00:00+05:30,368.9585329716897,31.8,30.6,2024,3
2024-03-08 20:15:00+05:30,364.702362381027,31.8,30.6,2024,3
2024-03-08 20:30:00+05:30,358.7115211039318,32.8,29.0,2024,3
2024-03-08 20:45:00+05:30,353.64522576642696,32.8,29.0,2024,3
2024-03-08 21:00:00+05:30,350.6416099444321,33.7,27.0,2024,3
2024-03-08 21:15:00+05:30,346.64175835316627,33.7,27.0,2024,3
2024-03-08 21:30:00+05:30,342.76003129105646,34.5,25.9,2024,3
2024-03-08 21:45:00+05:30,338.0232356487718,34.5,25.9,2024,3
2024-03-08 22:00:00+05:30,329.8480135923725,35.2,26.1,2024,3
2024-03-08 22:15:00+05:30,325.3308554271633,35.2,26.1,2024,3
2024-03-08 22:30:00+05:30,323.06104922752513,35.7,25.4,2024,3
2024-03-08 22:45:00+05:30,317.01700435628624,35.7,25.4,2024,3
2024-03-08 23:00:00+05:30,312.4672444146927,35.7,24.9,2024,3
2024-03-08 23:15:00+05:30,306.6152010608365,35.7,24.9,2024,3
2024-03-08 23:30:00+05:30,303.46558444479325,35.7,28.9,2024,3
2024-03-08 23:45:00+05:30,299.0211584861753,35.7,28.9,2024,3
2024-03-09 00:00:00+05:30,294.39684270156283,25.5,38.1,2024,3
2024-03-09 00:15:00+05:30,289.77548303973896,25.3,38.4,2024,3
2024-03-09 00:30:00+05:30,285.7397969612989,25.2,38.7,2024,3
2024-03-09 00:45:00+05:30,283.7031172789652,25.1,40.5,2024,3
2024-03-09 01:00:00+05:30,278.5058233183013,25.1,42.0,2024,3
2024-03-09 01:15:00+05:30,275.9324882649336,25.0,43.1,2024,3
2024-03-09 01:30:00+05:30,273.24486449015046,24.9,44.2,2024,3
2024-03-09 01:45:00+05:30,272.3419515013587,24.8,45.3,2024,3
2024-03-09 02:00:00+05:30,266.42091155356377,24.9,45.3,2024,3
2024-03-09 02:15:00+05:30,265.1277815476307,24.7,45.3,2024,3
2024-03-09 02:30:00+05:30,263.4951832728418,24.5,45.3,2024,3
2024-03-09 02:45:00+05:30,261.31618419431857,24.3,45.1,2024,3
2024-03-09 03:00:00+05:30,258.40937717650627,24.3,45.4,2024,3
2024-03-09 03:15:00+05:30,256.982574716551,24.1,45.9,2024,3
2024-03-09 03:30:00+05:30,255.47892537307703,23.9,46.3,2024,3
2024-03-09 03:45:00+05:30,254.2933445309774,23.7,46.8,2024,3
2024-03-09 04:00:00+05:30,253.31171751725543,23.5,47.2,2024,3
2024-03-09 04:15:00+05:30,252.9720813368058,23.3,47.5,2024,3
2024-03-09 04:30:00+05:30,254.82855460137355,23.0,46.9,2024,3
2024-03-09 04:45:00+05:30,256.9619990425901,22.8,47.8,2024,3
2024-03-09 05:00:00+05:30,258.2363111467209,22.4,48.4,2024,3
2024-03-09 05:15:00+05:30,257.94593542055435,22.2,49.3,2024,3
2024-03-09 05:30:00+05:30,259.34251219833374,22.1,49.5,2024,3
2024-03-09 05:45:00+05:30,262.4497845773509,22.0,50.2,2024,3
2024-03-09 06:00:00+05:30,266.9601121095179,22.1,50.3,2024,3
2024-03-09 06:15:00+05:30,271.0244214424681,22.2,50.8,2024,3
2024-03-09 06:30:00+05:30,275.5484887531993,22.3,51.7,2024,3
2024-03-09 06:45:00+05:30,276.9106467430877,22.5,52.8,2024,3
2024-03-09 07:00:00+05:30,284.1297497878232,21.4,53.5,2024,3
2024-03-09 07:15:00+05:30,290.18934805151315,21.7,54.4,2024,3
2024-03-09 07:30:00+05:30,298.1959094624909,22.0,54.4,2024,3
2024-03-09 07:45:00+05:30,304.60941912501545,22.5,54.7,2024,3
2024-03-09 08:00:00+05:30,315.87634830971825,23.1,54.0,2024,3
2024-03-09 08:15:00+05:30,325.95450847524324,23.8,52.6,2024,3
2024-03-09 08:30:00+05:30,336.83919518522697,24.5,50.5,2024,3
2024-03-09 08:45:00+05:30,345.2803501586822,25.3,47.1,2024,3
2024-03-09 09:00:00+05:30,355.870888348182,25.7,44.2,2024,3
2024-03-09 09:15:00+05:30,367.3249862551355,26.6,39.7,2024,3
2024-03-09 09:30:00+05:30,373.58540515917446,27.5,37.9,2024,3
2024-03-09 09:45:00+05:30,378.2254855174597,28.3,35.9,2024,3
2024-03-09 10:00:00+05:30,386.45155454808673,28.5,35.4,2024,3
2024-03-09 10:15:00+05:30,390.2547311476293,29.2,33.8,2024,3
2024-03-09 10:30:00+05:30,396.2318329558928,29.8,32.2,2024,3
2024-03-09 10:45:00+05:30,400.3753368577417,30.4,30.9,2024,3
2024-03-09 11:00:00+05:30,403.4967173341483,31.0,29.9,2024,3
2024-03-09 11:15:00+05:30,403.2315296869778,31.4,30.4,2024,3
2024-03-09 11:30:00+05:30,403.47997184610745,31.8,30.0,2024,3
2024-03-09 11:45:00+05:30,402.4359162950475,32.3,30.9,2024,3
2024-03-09 12:00:00+05:30,402.10782771766736,32.8,30.9,2024,3
2024-03-09 12:15:00+05:30,400.1490383106234,33.3,31.3,2024,3
2024-03-09 12:30:00+05:30,402.3618058784796,33.6,31.1,2024,3
2024-03-09 12:45:00+05:30,403.21278631098846,33.9,31.1,2024,3
2024-03-09 13:00:00+05:30,398.8812162870633,34.5,30.3,2024,3
2024-03-09 13:15:00+05:30,398.06715359419695,34.7,29.8,2024,3
2024-03-09 13:30:00+05:30,396.22086814587976,34.8,29.4,2024,3
2024-03-09 13:45:00+05:30,393.4615033955896,34.9,30.1,2024,3
2024-03-09 14:00:00+05:30,393.10239128423257,34.9,30.9,2024,3
2024-03-09 14:15:00+05:30,393.97671055723646,35.0,31.0,2024,3
2024-03-09 14:30:00+05:30,396.5875107971895,35.0,31.4,2024,3
2024-03-09 14:45:00+05:30,394.0641850405162,34.9,31.8,2024,3
2024-03-09 15:00:00+05:30,395.1407727336477,34.2,31.7,2024,3
2024-03-09 15:15:00+05:30,395.7036520786792,34.0,31.1,2024,3
2024-03-09 15:30:00+05:30,395.0599222381841,33.9,31.5,2024,3
2024-03-09 15:45:00+05:30,391.989049349365,33.7,30.1,2024,3
2024-03-09 16:00:00+05:30,391.4704393329292,33.4,30.8,2024,3
2024-03-09 16:15:00+05:30,389.6389991083881,33.2,30.7,2024,3
2024-03-09 16:30:00+05:30,392.0921618199164,32.9,31.0,2024,3
2024-03-09 16:45:00+05:30,385.9889697355839,32.7,29.7,2024,3
2024-03-09 17:00:00+05:30,381.2933550893104,32.4,29.2,2024,3
2024-03-09 17:15:00+05:30,379.97014750905953,32.0,29.3,2024,3
2024-03-09 17:30:00+05:30,380.1511603366616,31.7,28.7,2024,3
2024-03-09 17:45:00+05:30,377.8235165243372,31.3,30.3,2024,3
2024-03-09 18:00:00+05:30,379.6472499535852,31.0,33.1,2024,3
2024-03-09 18:15:00+05:30,376.4495165229803,30.7,35.0,2024,3
2024-03-09 18:30:00+05:30,374.38483850787895,30.3,37.7,2024,3
2024-03-09 18:45:00+05:30,378.30073054808986,29.9,39.8,2024,3
2024-03-09 19:00:00+05:30,375.7045860063304,29.3,41.4,2024,3
2024-03-09 19:15:00+05:30,372.31030407664247,29.0,42.6,2024,3
2024-03-09 19:30:00+05:30,371.5320364316461,28.7,43.5,2024,3
2024-03-09 19:45:00+05:30,365.572963989508,28.5,44.0,2024,3
2024-03-09 20:00:00+05:30,359.8586164863604,28.2,45.0,2024,3
2024-03-09 20:15:00+05:30,356.53303424647765,28.0,45.7,2024,3
2024-03-09 20:30:00+05:30,354.877278988062,27.7,46.2,2024,3
2024-03-09 20:45:00+05:30,351.864310464338,27.5,47.3,2024,3
2024-03-09 21:00:00+05:30,344.5833542828145,27.2,46.9,2024,3
2024-03-09 21:15:00+05:30,344.67248667807974,27.0,46.1,2024,3
2024-03-09 21:30:00+05:30,338.54831466150137,26.7,46.2,2024,3
2024-03-09 21:45:00+05:30,334.9759355714268,26.5,46.7,2024,3
2024-03-09 22:00:00+05:30,331.35143264930724,26.4,47.5,2024,3
2024-03-09 22:15:00+05:30,326.861252782985,26.2,47.3,2024,3
2024-03-09 22:30:00+05:30,321.966416278454,26.0,48.1,2024,3
2024-03-09 22:45:00+05:30,317.1241355683023,25.8,47.7,2024,3
2024-03-09 23:00:00+05:30,310.0641323189177,25.8,48.7,2024,3
2024-03-09 23:15:00+05:30,304.68841862920203,25.6,48.8,2024,3
2024-03-09 23:30:00+05:30,303.4060539185902,25.4,49.2,2024,3
2024-03-09 23:45:00+05:30,299.124423164704,25.2,49.4,2024,3
2024-03-10 00:00:00+05:30,294.53158929287366,25.7,49.4,2024,3
2024-03-10 00:15:00+05:30,288.88615924746495,25.6,50.5,2024,3
2024-03-10 00:30:00+05:30,285.42233641980806,25.5,51.4,2024,3
2024-03-10 00:45:00+05:30,280.55070365756967,25.4,52.3,2024,3
2024-03-10 01:00:00+05:30,280.1392453552294,25.4,52.2,2024,3
2024-03-10 01:15:00+05:30,277.97854835995656,25.3,52.6,2024,3
2024-03-10 01:30:00+05:30,273.4907932012996,25.1,54.1,2024,3
2024-03-10 01:45:00+05:30,270.8328532602304,25.0,54.4,2024,3
2024-03-10 02:00:00+05:30,266.4324058280129,25.0,54.6,2024,3
2024-03-10 02:15:00+05:30,266.3810949781922,24.9,54.2,2024,3
2024-03-10 02:30:00+05:30,264.04304330516123,24.9,53.4,2024,3
2024-03-10 02:45:00+05:30,260.0252049245141,24.7,53.6,2024,3
2024-03-10 03:00:00+05:30,258.43014403753875,24.6,54.3,2024,3
2024-03-10 03:15:00+05:30,256.06371190531814,24.4,55.3,2024,3
2024-03-10 03:30:00+05:30,257.06161781516147,24.3,56.1,2024,3
2024-03-10 03:45:00+05:30,255.0434086459447,24.2,55.8,2024,3
2024-03-10 04:00:00+05:30,254.0275768181817,24.1,55.1,2024,3
2024-03-10 04:15:00+05:30,253.93257600291025,23.9,54.9,2024,3
2024-03-10 04:30:00+05:30,252.9218409346504,23.9,53.9,2024,3
2024-03-10 04:45:00+05:30,253.17001905250413,23.8,54.2,2024,3
2024-03-10 05:00:00+05:30,253.03346103532343,23.7,54.7,2024,3
2024-03-10 05:15:00+05:30,252.33887862238592,23.7,55.3,2024,3
2024-03-10 05:30:00+05:30,253.53366665122056,23.6,55.9,2024,3
2024-03-10 05:45:00+05:30,255.5725001966036,23.6,57.2,2024,3
2024-03-10 06:00:00+05:30,259.14696466647973,23.5,58.4,2024,3
2024-03-10 06:15:00+05:30,264.91893973555494,23.4,59.7,2024,3
2024-03-10 06:30:00+05:30,263.6086284743487,23.4,60.1,2024,3
2024-03-10 06:45:00+05:30,261.54399547319514,23.2,60.1,2024,3
2024-03-10 07:00:00+05:30,263.4241322623518,23.3,59.1,2024,3
2024-03-10 07:15:00+05:30,268.070909523833,23.3,58.5,2024,3
2024-03-10 07:30:00+05:30,268.81024125176674,23.5,56.9,2024,3
2024-03-10 07:45:00+05:30,272.57583279950893,23.8,55.7,2024,3
2024-03-10 08:00:00+05:30,277.0164475644991,24.1,55.1,2024,3
2024-03-10 08:15:00+05:30,281.9956723565747,24.6,53.3,2024,3
2024-03-10 08:30:00+05:30,290.0518024314217,25.4,50.4,2024,3
2024-03-10 08:45:00+05:30,293.4385252768561,26.1,47.1,2024,3
2024-03-10 09:00:00+05:30,295.2432408133717,27.2,43.4,2024,3
2024-03-10 09:15:00+05:30,302.74382694159704,28.4,39.9,2024,3
2024-03-10 09:30:00+05:30,310.2920933920811,29.1,37.3,2024,3
2024-03-10 09:45:00+05:30,310.187748364258,30.2,34.9,2024,3
2024-03-10 10:00:00+05:30,316.6301350920229,31.3,31.7,2024,3
2024-03-10 10:15:00+05:30,321.2644248608672,32.1,30.4,2024,3
2024-03-10 10:30:00+05:30,325.0135171687578,32.9,29.3,2024,3
2024-03-10 10:45:00+05:30,329.11682683134325,33.6,29.0,2024,3
2024-03-10 11:00:00+05:30,331.9480159263236,34.2,29.5,2024,3
2024-03-10 11:15:00+05:30,333.3000489724487,34.6,31.0,2024,3
2024-03-10 11:30:00+05:30,333.1945055516153,35.1,29.2,2024,3
2024-03-10 11:45:00+05:30,335.04718683574447,35.25,28.7,2024,3
2024-03-10 12:00:00+05:30,336.9637779987244,35.325,28.6,2024,3
2024-03-10 12:15:00+05:30,333.2061212717097,35.3625,29.2,2024,3
2024-03-10 12:30:00+05:30,334.88388678770923,35.381249999999994,29.7,2024,3
2024-03-10 12:45:00+05:30,334.57187769149743,35.390625,30.4,2024,3
2024-03-10 13:00:00+05:30,332.56914171383,35.3953125,30.2,2024,3
2024-03-10 13:15:00+05:30,331.1117444154158,35.39765625,31.0,2024,3
2024-03-10 13:30:00+05:30,329.1792842910628,35.398828124999994,32.5,2024,3
2024-03-10 13:45:00+05:30,328.8055748947036,35.3994140625,32.4,2024,3
2024-03-10 14:00:00+05:30,326.4273096885327,35.39970703125,33.4,2024,3
2024-03-10 14:15:00+05:30,324.4549204072875,35.399853515625,33.7,2024,3
2024-03-10 14:30:00+05:30,323.5245690600479,35.4,34.4,2024,3
2024-03-10 14:45:00+05:30,321.9336980104259,35.6,33.1,2024,3
2024-03-10 15:00:00+05:30,322.2783956477575,35.6,32.9,2024,3
2024-03-10 15:15:00+05:30,322.32049676274977,35.8,32.9,2024,3
2024-03-10 15:30:00+05:30,323.6850429517414,35.5,33.4,2024,3
2024-03-10 15:45:00+05:30,320.817483862548,35.7,33.9,2024,3
2024-03-10 16:00:00+05:30,321.8727627798591,35.4,34.1,2024,3
2024-03-10 16:15:00+05:30,319.39817931069587,35.0,35.2,2024,3
2024-03-10 16:30:00+05:30,319.27052942800645,34.4,35.9,2024,3
2024-03-10 16:45:00+05:30,318.5586764279857,34.1,36.3,2024,3
2024-03-10 17:00:00+05:30,321.2205576990749,34.1,35.9,2024,3
2024-03-10 17:15:00+05:30,323.07435081009794,33.5,37.1,2024,3
2024-03-10 17:30:00+05:30,322.34850989790306,32.9,38.3,2024,3
2024-03-10 17:45:00+05:30,321.5862075666616,32.2,39.6,2024,3
2024-03-10 18:00:00+05:30,323.48052890156634,31.4,42.1,2024,3
2024-03-10 18:15:00+05:30,324.0317541169237,30.4,45.5,2024,3
2024-03-10 18:30:00+05:30,325.8740085653887,29.6,47.7,2024,3
2024-03-10 18:45:00+05:30,331.169471639992,28.9,50.7,2024,3
2024-03-10 19:00:00+05:30,331.4793390680071,28.4,52.3,2024,3
2024-03-10 19:15:00+05:30,333.79491262230255,28.1,52.7,2024,3
2024-03-10 19:30:00+05:30,333.03247380057456,27.9,53.4,2024,3
2024-03-10 19:45:00+05:30,331.44090411891204,27.6,54.4,2024,3
2024-03-10 20:00:00+05:30,330.3359305210947,27.5,55.1,2024,3
2024-03-10 20:15:00+05:30,328.281039076117,27.3,55.7,2024,3
2024-03-10 20:30:00+05:30,327.58070997821454,27.2,55.8,2024,3
2024-03-10 20:45:00+05:30,327.9582245458531,27.1,56.3,2024,3
2024-03-10 21:00:00+05:30,325.78328424088375,27.0,57.3,2024,3
2024-03-10 21:15:00+05:30,322.98527791672865,26.8,58.5,2024,3
2024-03-10 21:30:00+05:30,321.20386688315824,26.7,58.9,2024,3
2024-03-10 21:45:00+05:30,318.9975214767412,26.5,59.9,2024,3
2024-03-10 22:00:00+05:30,314.4531594659822,26.5,60.9,2024,3
2024-03-10 22:15:00+05:30,311.2808946136065,26.4,61.6,2024,3
2024-03-10 22:30:00+05:30,305.8935542774298,26.2,62.6,2024,3
2024-03-10 22:45:00+05:30,304.23691764796945,26.1,63.2,2024,3
2024-03-10 23:00:00+05:30,301.0157193844696,26.1,63.5,2024,3
2024-03-10 23:15:00+05:30,298.83732271613644,26.0,64.2,2024,3
2024-03-10 23:30:00+05:30,294.7938807092744,25.8,64.5,2024,3
2024-03-10 23:45:00+05:30,290.71746623881234,25.8,64.8,2024,3
2024-03-11 00:00:00+05:30,289.9469713849671,25.7,65.0,2024,3
2024-03-11 00:15:00+05:30,285.4907840828008,25.7,65.2,2024,3
2024-03-11 00:30:00+05:30,279.60380347014944,25.6,64.3,2024,3
2024-03-11 00:45:00+05:30,274.86744975868305,25.5,63.8,2024,3
2024-03-11 01:00:00+05:30,270.1517406968072,25.3,64.3,2024,3
2024-03-11 01:15:00+05:30,266.5087254425134,25.2,65.2,2024,3
2024-03-11 01:30:00+05:30,265.6872540074424,25.1,65.3,2024,3
2024-03-11 01:45:00+05:30,261.81073778183816,25.0,65.9,2024,3
2024-03-11 02:00:00+05:30,261.61264697757986,24.9,65.5,2024,3
2024-03-11 02:15:00+05:30,258.51427551632963,24.8,65.6,2024,3
2024-03-11 02:30:00+05:30,255.84920483898625,24.7,66.4,2024,3
2024-03-11 02:45:00+05:30,249.8932508659664,24.5,66.8,2024,3
2024-03-11 03:00:00+05:30,248.16961099612672,24.4,66.8,2024,3
2024-03-11 03:15:00+05:30,248.66106303615527,24.3,66.4,2024,3
2024-03-11 03:30:00+05:30,249.433312250335,24.2,66.3,2024,3
2024-03-11 03:45:00+05:30,246.81147961609287,24.1,65.8,2024,3
2024-03-11 04:00:00+05:30,245.8589924068135,24.1,65.0,2024,3
2024-03-11 04:15:00+05:30,246.2541881710952,24.0,64.5,2024,3
2024-03-11 04:30:00+05:30,249.76679062343865,23.9,64.2,2024,3
2024-03-11 04:45:00+05:30,250.67760546070565,23.9,62.8,2024,3
2024-03-11 05:00:00+05:30,251.90715337044588,23.7,63.1,2024,3
2024-03-11 05:15:00+05:30,253.99184797805344,23.6,63.0,2024,3
2024-03-11 05:30:00+05:30,259.16905235503725,23.6,62.2,2024,3
2024-03-11 05:45:00+05:30,263.43664554546774,23.5,60.4,2024,3
2024-03-11 06:00:00+05:30,274.6347509754923,23.5,58.9,2024,3
2024-03-11 06:15:00+05:30,280.1807393742212,23.5,58.5,2024,3
2024-03-11 06:30:00+05:30,287.3974765721348,23.3,59.5,2024,3
2024-03-11 06:45:00+05:30,295.46387090437145,23.2,58.5,2024,3
2024-03-11 07:00:00+05:30,307.0762794984296,23.4,56.8,2024,3
2024-03-11 07:15:00+05:30,318.40621422108177,23.5,55.1,2024,3
2024-03-11 07:30:00+05:30,332.5468631829367,23.7,56.4,2024,3
2024-03-11 07:45:00+05:30,347.9129434987988,24.0,56.0,2024,3
2024-03-11 08:00:00+05:30,368.36808181167225,24.3,55.0,2024,3
2024-03-11 08:15:00+05:30,383.771475449644,24.9,53.6,2024,3
2024-03-11 08:30:00+05:30,398.6204045027307,25.8,52.5,2024,3
2024-03-11 08:45:00+05:30,412.5181076523153,26.6,48.2,2024,3
2024-03-11 09:00:00+05:30,424.3619268597738,27.4,44.5,2024,3
2024-03-11 09:15:00+05:30,436.2109821212473,28.7,38.6,2024,3
2024-03-11 09:30:00+05:30,447.42241964543496,29.8,35.6,2024,3
2024-03-11 09:45:00+05:30,457.2774868532616,30.7,34.4,2024,3
2024-03-11 10:00:00+05:30,468.3725206695858,31.9,32.5,2024,3
2024-03-11 10:15:00+05:30,472.7125916920302,33.0,30.2,2024,3
2024-03-11 10:30:00+05:30,476.1338011901215,34.0,28.4,2024,3
2024-03-11 10:45:00+05:30,483.61485925403633,34.8,27.0,2024,3
2024-03-11 11:00:00+05:30,482.7453231947004,35.6,26.1,2024,3
2024-03-11 11:15:00+05:30,482.2459032492884,36.0,27.1,2024,3
2024-03-11 11:30:00+05:30,480.775409744082,36.1,27.6,2024,3
2024-03-11 11:45:00+05:30,480.3313573662929,35.900000000000006,26.7,2024,3
2024-03-11 12:00:00+05:30,481.3813015009441,35.800000000000004,27.9,2024,3
2024-03-11 12:15:00+05:30,477.2918831046827,35.75,30.3,2024,3
2024-03-11 12:30:00+05:30,476.7612771418369,35.725,32.7,2024,3
2024-03-11 12:45:00+05:30,476.2977775375392,35.712500000000006,32.9,2024,3
2024-03-11 13:00:00+05:30,470.9133327958537,35.706250000000004,34.6,2024,3
2024-03-11 13:15:00+05:30,466.8868115022141,35.703125,35.2,2024,3
2024-03-11 13:30:00+05:30,465.91743224698246,35.7015625,35.7,2024,3
2024-03-11 13:45:00+05:30,465.8982995732781,35.700781250000006,37.2,2024,3
2024-03-11 14:00:00+05:30,473.5076654062676,35.700390625000004,39.6,2024,3
2024-03-11 14:15:00+05:30,475.1518853184064,35.7,38.8,2024,3
2024-03-11 14:30:00+05:30,477.0240990434786,35.9,38.3,2024,3
2024-03-11 14:45:00+05:30,475.60921636615865,35.5,38.8,2024,3
2024-03-11 15:00:00+05:30,477.7900434292053,35.8,37.6,2024,3
2024-03-11 15:15:00+05:30,474.28963029897545,35.7,36.6,2024,3
2024-03-11 15:30:00+05:30,473.9239696424965,35.9,36.4,2024,3
2024-03-11 15:45:00+05:30,473.0451891037345,36.1,36.1,2024,3
2024-03-11 16:00:00+05:30,474.2509206438358,35.9,36.9,2024,3
2024-03-11 16:15:00+05:30,472.5037088379327,35.9,37.2,2024,3
2024-03-11 16:30:00+05:30,470.6847963473067,35.4,37.1,2024,3
2024-03-11 16:45:00+05:30,468.5317567264776,34.9,36.7,2024,3
2024-03-11 17:00:00+05:30,467.0411646587072,34.9,36.2,2024,3
2024-03-11 17:15:00+05:30,464.5816119359604,34.9,36.3,2024,3
2024-03-11 17:30:00+05:30,457.21970991603325,34.1,38.0,2024,3
2024-03-11 17:45:00+05:30,454.2489876700776,33.4,38.9,2024,3
2024-03-11 18:00:00+05:30,444.9320200611171,32.4,40.5,2024,3
2024-03-11 18:15:00+05:30,439.69202558986,31.5,42.0,2024,3
2024-03-11 18:30:00+05:30,432.9333060241763,30.8,43.2,2024,3
2024-03-11 18:45:00+05:30,431.06393217873097,30.3,43.1,2024,3
2024-03-11 19:00:00+05:30,423.0444206735632,29.9,43.6,2024,3
2024-03-11 19:15:00+05:30,414.2713787874061,29.7,44.0,2024,3
2024-03-11 19:30:00+05:30,408.8432891033567,29.5,43.6,2024,3
2024-03-11 19:45:00+05:30,400.60444458924223,29.3,43.7,2024,3
2024-03-11 20:00:00+05:30,394.6385532319698,29.2,44.3,2024,3
2024-03-11 20:15:00+05:30,386.116756651696,28.9,44.9,2024,3
2024-03-11 20:30:00+05:30,376.48050299564295,28.7,44.7,2024,3
2024-03-11 20:45:00+05:30,371.8581658449723,28.6,43.9,2024,3
2024-03-11 21:00:00+05:30,368.101302234523,28.5,43.9,2024,3
2024-03-11 21:15:00+05:30,361.8310013013388,28.4,43.8,2024,3
2024-03-11 21:30:00+05:30,355.15109910116234,28.3,43.0,2024,3
2024-03-11 21:45:00+05:30,349.2233167658447,28.3,42.1,2024,3
2024-03-11 22:00:00+05:30,345.1981349901017,28.1,42.3,2024,3
2024-03-11 22:15:00+05:30,343.4190458245776,28.1,41.7,2024,3
2024-03-11 22:30:00+05:30,338.92770104406327,27.9,42.9,2024,3
2024-03-11 22:45:00+05:30,331.9899011209822,27.7,43.2,2024,3
2024-03-11 23:00:00+05:30,324.5401257638373,27.6,43.2,2024,3
2024-03-11 23:15:00+05:30,320.2616319490727,27.5,43.3,2024,3
2024-03-11 23:30:00+05:30,315.8240873242074,27.4,44.0,2024,3
2024-03-11 23:45:00+05:30,310.7039114779694,27.2,44.2,2024,3
2024-03-12 00:00:00+05:30,303.65486842198254,27.1,44.6,2024,3
2024-03-12 00:15:00+05:30,301.2381681976368,27.2,44.4,2024,3
2024-03-12 00:30:00+05:30,296.53670213345976,27.1,44.5,2024,3
2024-03-12 00:45:00+05:30,289.3367131360819,27.1,45.0,2024,3
2024-03-12 01:00:00+05:30,284.86666093873623,27.0,46.5,2024,3
2024-03-12 01:15:00+05:30,282.0483856275995,26.8,48.4,2024,3
2024-03-12 01:30:00+05:30,278.92287716609377,26.6,49.9,2024,3
2024-03-12 01:45:00+05:30,277.14078711008153,26.6,52.0,2024,3
2024-03-12 02:00:00+05:30,277.5569718471706,26.5,54.0,2024,3
2024-03-12 02:15:00+05:30,276.11173520400075,26.3,56.3,2024,3
2024-03-12 02:30:00+05:30,271.27983083491966,26.2,57.7,2024,3
2024-03-12 02:45:00+05:30,268.3304592505913,26.1,59.2,2024,3
2024-03-12 03:00:00+05:30,266.1704034233641,26.0,60.3,2024,3
2024-03-12 03:15:00+05:30,265.5469430169656,25.9,61.0,2024,3
2024-03-12 03:30:00+05:30,265.80225209422326,25.8,61.4,2024,3
2024-03-12 03:45:00+05:30,265.3727067773961,25.8,61.5,2024,3
2024-03-12 04:00:00+05:30,265.73609347645936,25.7,61.3,2024,3
2024-03-12 04:15:00+05:30,264.17637492476075,25.6,61.0,2024,3
2024-03-12 04:30:00+05:30,266.49835062089346,25.4,60.4,2024,3
2024-03-12 04:45:00+05:30,267.359325836125,25.3,59.6,2024,3
2024-03-12 05:00:00+05:30,267.9341029284281,25.3,59.2,2024,3
2024-03-12 05:15:00+05:30,273.3099730230079,25.2,58.7,2024,3
2024-03-12 05:30:00+05:30,274.30649896919715,25.1,58.3,2024,3
2024-03-12 05:45:00+05:30,274.5489121513972,25.0,58.0,2024,3
2024-03-12 06:00:00+05:30,285.1358411642667,25.0,56.6,2024,3
2024-03-12 06:15:00+05:30,292.01579082384006,25.0,56.0,2024,3
2024-03-12 06:30:00+05:30,301.2226715114131,24.9,55.3,2024,3
2024-03-12 06:45:00+05:30,308.555372092583,24.9,55.7,2024,3
2024-03-12 07:00:00+05:30,320.83089708371546,24.9,54.8,2024,3
2024-03-12 07:15:00+05:30,332.63687255780974,25.0,54.3,2024,3
2024-03-12 07:30:00+05:30,343.7189199800719,25.2,54.7,2024,3
2024-03-12 07:45:00+05:30,357.89906696607903,25.4,54.8,2024,3
2024-03-12 08:00:00+05:30,375.4477567209534,25.8,54.0,2024,3
2024-03-12 08:15:00+05:30,394.67118155892456,26.3,52.0,2024,3
2024-03-12 08:30:00+05:30,412.12474992744967,27.0,49.9,2024,3
2024-03-12 08:45:00+05:30,423.0708693787382,27.8,46.3,2024,3
2024-03-12 09:00:00+05:30,438.359110713592,28.5,43.2,2024,3
2024-03-12 09:15:00+05:30,452.90507934700673,29.7,40.3,2024,3
2024-03-12 09:30:00+05:30,460.9417658097427,30.8,37.7,2024,3
2024-03-12 09:45:00+05:30,465.8433675341907,31.9,35.6,2024,3
2024-03-12 10:00:00+05:30,471.8365574235224,32.8,33.4,2024,3
2024-03-12 10:15:00+05:30,477.8092689954487,33.8,31.5,2024,3
2024-03-12 10:30:00+05:30,480.3699835119414,34.6,29.5,2024,3
2024-03-12 10:45:00+05:30,483.2021590532023,35.2,28.7,2024,3
2024-03-12 11:00:00+05:30,488.2813544378281,35.3,29.8,2024,3
2024-03-12 11:15:00+05:30,488.5580285960146,36.0,29.5,2024,3
2024-03-12 11:30:00+05:30,487.5612390279841,36.1,31.2,2024,3
2024-03-12 11:45:00+05:30,484.6673209679713,36.400000000000006,31.6,2024,3
2024-03-12 12:00:00+05:30,485.0421355254434,36.55,32.2,2024,3
2024-03-12 12:15:00+05:30,482.7494528507958,36.625,33.3,2024,3
2024-03-12 12:30:00+05:30,479.7846280151712,36.6625,34.1,2024,3
2024-03-12 12:45:00+05:30,480.5163160724741,36.681250000000006,34.3,2024,3
2024-03-12 13:00:00+05:30,478.6338153976314,36.690625,34.8,2024,3
2024-03-12 13:15:00+05:30,474.431888792212,36.6953125,35.2,2024,3
2024-03-12 13:30:00+05:30,475.9269436611564,36.69765625,38.5,2024,3
2024-03-12 13:45:00+05:30,474.8087466701144,36.698828125000006,39.6,2024,3
2024-03-12 14:00:00+05:30,478.0628495410643,36.6994140625,39.6,2024,3
2024-03-12 14:15:00+05:30,479.91756437205447,36.69970703125,39.0,2024,3
2024-03-12 14:30:00+05:30,481.2764094233204,36.699853515625,37.4,2024,3
2024-03-12 14:45:00+05:30,484.8894158370304,36.699926757812506,36.6,2024,3
2024-03-12 15:00:00+05:30,489.1274579548167,36.699963378906254,37.4,2024,3
2024-03-12 15:15:00+05:30,487.2683908849965,36.699981689453125,38.4,2024,3
2024-03-12 15:30:00+05:30,488.41536887077416,36.7,38.4,2024,3
2024-03-12 15:45:00+05:30,488.49630243325765,36.9,38.7,2024,3
2024-03-12 16:00:00+05:30,483.5665997506897,36.8,39.1,2024,3
2024-03-12 16:15:00+05:30,483.1375128187224,36.6,39.4,2024,3
2024-03-12 16:30:00+05:30,481.3551238126171,36.4,39.0,2024,3
2024-03-12 16:45:00+05:30,482.641740500425,35.8,38.8,2024,3
2024-03-12 17:00:00+05:30,480.4366105874375,35.6,39.4,2024,3
2024-03-12 17:15:00+05:30,469.6627661046125,34.7,42.0,2024,3
2024-03-12 17:30:00+05:30,467.4731665393786,34.3,43.3,2024,3
2024-03-12 17:45:00+05:30,462.3641372651346,33.8,43.7,2024,3
2024-03-12 18:00:00+05:30,452.4410500076606,33.0,45.9,2024,3
2024-03-12 18:15:00+05:30,444.4195194903995,32.2,46.3,2024,3
2024-03-12 18:30:00+05:30,440.4653627758782,31.5,45.9,2024,3
2024-03-12 18:45:00+05:30,438.7417987355843,30.8,46.8,2024,3
2024-03-12 19:00:00+05:30,434.0417380532179,30.3,47.9,2024,3
2024-03-12 19:15:00+05:30,424.4682399438447,30.0,47.9,2024,3
2024-03-12 19:30:00+05:30,413.48877051721047,29.9,47.9,2024,3
2024-03-12 19:45:00+05:30,406.2261597384307,29.7,48.1,2024,3
2024-03-12 20:00:00+05:30,401.7209282578861,29.5,48.6,2024,3
2024-03-12 20:15:00+05:30,393.28111602843313,29.3,49.2,2024,3
2024-03-12 20:30:00+05:30,387.18301654304014,29.2,49.5,2024,3
2024-03-12 20:45:00+05:30,383.2412240598687,29.1,48.6,2024,3
2024-03-12 21:00:00+05:30,378.7569517579929,29.0,48.2,2024,3
2024-03-12 21:15:00+05:30,372.2971471006656,28.9,48.0,2024,3
2024-03-12 21:30:00+05:30,365.2795616996699,28.8,47.5,2024,3
2024-03-12 21:45:00+05:30,362.66074137170926,28.8,46.7,2024,3
2024-03-12 22:00:00+05:30,358.1932168101588,28.6,46.7,2024,3
2024-03-12 22:15:00+05:30,348.16381556898153,28.3,47.8,2024,3
2024-03-12 22:30:00+05:30,341.31245595649744,28.0,49.4,2024,3
2024-03-12 22:45:00+05:30,338.46481633854864,27.7,50.3,2024,3
2024-03-12 23:00:00+05:30,333.7901738285313,27.4,50.9,2024,3
2024-03-12 23:15:00+05:30,330.84060395427264,27.3,50.0,2024,3
2024-03-12 23:30:00+05:30,324.4214825504937,27.2,53.7,2024,3
2024-03-12 23:45:00+05:30,321.3936309594977,26.9,59.5,2024,3
2024-03-13 00:00:00+05:30,303.65486842198254,26.8,62.6,2024,3
2024-03-13 00:15:00+05:30,301.2381681976368,26.8,64.8,2024,3
2024-03-13 00:30:00+05:30,296.53670213345976,26.7,67.3,2024,3
2024-03-13 00:45:00+05:30,289.3367131360819,26.6,68.9,2024,3
2024-03-13 01:00:00+05:30,284.86666093873623,26.5,70.4,2024,3
2024-03-13 01:15:00+05:30,282.0483856275995,26.4,72.3,2024,3
2024-03-13 01:30:00+05:30,278.92287716609377,26.3,73.9,2024,3
2024-03-13 01:45:00+05:30,277.14078711008153,26.3,74.5,2024,3
2024-03-13 02:00:00+05:30,277.5569718471706,26.3,75.5,2024,3
2024-03-13 02:15:00+05:30,276.11173520400075,26.3,76.1,2024,3
2024-03-13 02:30:00+05:30,271.27983083491966,26.2,76.8,2024,3
2024-03-13 02:45:00+05:30,268.3304592505913,26.1,77.5,2024,3
2024-03-13 03:00:00+05:30,266.1704034233641,26.0,77.9,2024,3
2024-03-13 03:15:00+05:30,265.5469430169656,25.9,77.9,2024,3
2024-03-13 03:30:00+05:30,265.80225209422326,25.8,78.4,2024,3
2024-03-13 03:45:00+05:30,265.3727067773961,25.8,78.5,2024,3
2024-03-13 04:00:00+05:30,265.73609347645936,25.8,78.5,2024,3
2024-03-13 04:15:00+05:30,264.17637492476075,25.8,78.3,2024,3
2024-03-13 04:30:00+05:30,266.49835062089346,25.7,78.1,2024,3
2024-03-13 04:45:00+05:30,267.359325836125,25.7,77.8,2024,3
2024-03-13 05:00:00+05:30,267.9341029284281,25.7,77.5,2024,3
2024-03-13 05:15:00+05:30,273.3099730230079,25.6,77.4,2024,3
2024-03-13 05:30:00+05:30,274.30649896919715,25.6,77.4,2024,3
2024-03-13 05:45:00+05:30,274.5489121513972,25.5,77.7,2024,3
2024-03-13 06:00:00+05:30,285.1358411642667,25.4,78.3,2024,3
2024-03-13 06:15:00+05:30,292.01579082384006,25.3,78.8,2024,3
2024-03-13 06:30:00+05:30,301.2226715114131,25.2,79.3,2024,3
2024-03-13 06:45:00+05:30,308.555372092583,25.2,79.5,2024,3
2024-03-13 07:00:00+05:30,320.83089708371546,25.2,79.8,2024,3
2024-03-13 07:15:00+05:30,332.63687255780974,25.3,79.8,2024,3
2024-03-13 07:30:00+05:30,343.7189199800719,25.5,79.3,2024,3
2024-03-13 07:45:00+05:30,357.89906696607903,25.8,78.6,2024,3
2024-03-13 08:00:00+05:30,375.4477567209534,26.2,77.2,2024,3
2024-03-13 08:15:00+05:30,394.67118155892456,26.7,75.0,2024,3
2024-03-13 08:30:00+05:30,412.12474992744967,27.2,71.0,2024,3
2024-03-13 08:45:00+05:30,423.0708693787382,27.9,67.3,2024,3
2024-03-13 09:00:00+05:30,438.359110713592,28.6,62.9,2024,3
2024-03-13 09:15:00+05:30,452.90507934700673,29.4,58.4,2024,3
2024-03-13 09:30:00+05:30,460.9417658097427,30.3,55.6,2024,3
2024-03-13 09:45:00+05:30,465.8433675341907,31.2,51.3,2024,3
2024-03-13 10:00:00+05:30,471.8365574235224,32.0,48.0,2024,3
2024-03-13 10:15:00+05:30,477.8092689954487,33.0,44.3,2024,3
2024-03-13 10:30:00+05:30,480.3699835119414,33.4,42.7,2024,3
2024-03-13 10:45:00+05:30,483.2021590532023,33.9,42.6,2024,3
2024-03-13 11:00:00+05:30,488.2813544378281,34.4,40.7,2024,3
2024-03-13 11:15:00+05:30,488.5580285960146,34.2,40.4,2024,3
2024-03-13 11:30:00+05:30,487.5612390279841,34.6,41.0,2024,3
2024-03-13 11:45:00+05:30,484.6673209679713,34.9,40.3,2024,3
2024-03-13 12:00:00+05:30,485.0421355254434,34.6,42.2,2024,3
2024-03-13 12:15:00+05:30,482.7494528507958,34.6,42.4,2024,3
2024-03-13 12:30:00+05:30,479.7846280151712,34.4,43.8,2024,3
2024-03-13 12:45:00+05:30,480.5163160724741,34.5,43.2,2024,3
2024-03-13 13:00:00+05:30,478.6338153976314,34.5,44.0,2024,3
2024-03-13 13:15:00+05:30,474.431888792212,34.6,44.7,2024,3
2024-03-13 13:30:00+05:30,475.9269436611564,34.7,44.8,2024,3
2024-03-13 13:45:00+05:30,474.8087466701144,35.0,43.8,2024,3
2024-03-13 14:00:00+05:30,478.0628495410643,34.6,45.0,2024,3
2024-03-13 14:15:00+05:30,479.91756437205447,34.5,46.8,2024,3
2024-03-13 14:30:00+05:30,481.2764094233204,34.3,47.4,2024,3
2024-03-13 14:45:00+05:30,484.8894158370304,34.5,47.9,2024,3
2024-03-13 15:00:00+05:30,489.1274579548167,34.4,47.4,2024,3
2024-03-13 15:15:00+05:30,487.2683908849965,34.3,46.7,2024,3
2024-03-13 15:30:00+05:30,488.41536887077416,34.5,45.6,2024,3
2024-03-13 15:45:00+05:30,488.49630243325765,34.5,45.7,2024,3
2024-03-13 16:00:00+05:30,483.5665997506897,33.8,45.7,2024,3
2024-03-13 16:15:00+05:30,483.1375128187224,33.9,44.5,2024,3
2024-03-13 16:30:00+05:30,481.3551238126171,34.0,43.3,2024,3
2024-03-13 16:45:00+05:30,482.641740500425,33.4,43.7,2024,3
2024-03-13 17:00:00+05:30,480.4366105874375,33.1,43.3,2024,3
2024-03-13 17:15:00+05:30,469.6627661046125,32.7,43.9,2024,3
2024-03-13 17:30:00+05:30,467.4731665393786,32.4,44.0,2024,3
2024-03-13 17:45:00+05:30,462.3641372651346,31.7,45.2,2024,3
2024-03-13 18:00:00+05:30,452.4410500076606,31.1,47.0,2024,3
2024-03-13 18:15:00+05:30,444.4195194903995,30.2,48.4,2024,3
2024-03-13 18:30:00+05:30,440.4653627758782,29.6,49.5,2024,3
2024-03-13 18:45:00+05:30,438.7417987355843,29.1,50.0,2024,3
2024-03-13 19:00:00+05:30,434.0417380532179,28.8,51.2,2024,3
2024-03-13 19:15:00+05:30,424.4682399438447,28.4,51.2,2024,3
2024-03-13 19:30:00+05:30,413.48877051721047,28.2,51.9,2024,3
2024-03-13 19:45:00+05:30,406.2261597384307,28.0,52.4,2024,3
2024-03-13 20:00:00+05:30,401.7209282578861,27.9,53.6,2024,3
2024-03-13 20:15:00+05:30,393.28111602843313,27.8,54.3,2024,3
2024-03-13 20:30:00+05:30,387.18301654304014,27.6,54.9,2024,3
2024-03-13 20:45:00+05:30,383.2412240598687,27.5,55.4,2024,3
2024-03-13 21:00:00+05:30,378.7569517579929,27.3,56.7,2024,3
2024-03-13 21:15:00+05:30,372.2971471006656,27.1,57.6,2024,3
2024-03-13 21:30:00+05:30,365.2795616996699,26.9,58.7,2024,3
2024-03-13 21:45:00+05:30,362.66074137170926,26.7,59.6,2024,3
2024-03-13 22:00:00+05:30,358.1932168101588,26.5,60.2,2024,3
2024-03-13 22:15:00+05:30,348.16381556898153,26.5,61.9,2024,3
2024-03-13 22:30:00+05:30,341.31245595649744,26.3,63.9,2024,3
2024-03-13 22:45:00+05:30,338.46481633854864,26.2,65.6,2024,3
2024-03-13 23:00:00+05:30,333.7901738285313,26.1,67.1,2024,3
2024-03-13 23:15:00+05:30,330.84060395427264,26.1,69.2,2024,3
2024-03-13 23:30:00+05:30,324.4214825504937,26.0,70.7,2024,3
2024-03-13 23:45:00+05:30,321.3936309594977,26.0,71.3,2024,3
2024-03-14 00:00:00+05:30,310.6632769746469,25.9,71.6,2024,3
2024-03-14 00:15:00+05:30,304.5408729445105,25.9,71.7,2024,3
2024-03-14 00:30:00+05:30,299.5307493817981,25.8,72.2,2024,3
2024-03-14 00:45:00+05:30,296.31958338150946,25.7,72.7,2024,3
2024-03-14 01:00:00+05:30,290.54313810717747,25.7,73.3,2024,3
2024-03-14 01:15:00+05:30,284.81134115661484,25.6,73.9,2024,3
2024-03-14 01:30:00+05:30,282.6342865254155,25.5,74.7,2024,3
2024-03-14 01:45:00+05:30,280.8715879642611,25.5,75.0,2024,3
2024-03-14 02:00:00+05:30,277.89673026289074,25.4,75.2,2024,3
2024-03-14 02:15:00+05:30,274.8049082540714,25.4,74.8,2024,3
2024-03-14 02:30:00+05:30,273.1115791648454,25.4,74.2,2024,3
2024-03-14 02:45:00+05:30,270.2456487916984,25.2,74.4,2024,3
2024-03-14 03:00:00+05:30,267.8535267839165,24.9,74.4,2024,3
2024-03-14 03:15:00+05:30,267.0272008583682,24.8,74.4,2024,3
2024-03-14 03:30:00+05:30,265.469089037111,24.7,74.5,2024,3
2024-03-14 03:45:00+05:30,264.2019147619938,24.6,74.6,2024,3
2024-03-14 04:00:00+05:30,263.1778955034329,24.4,75.2,2024,3
2024-03-14 04:15:00+05:30,261.7937195420859,24.4,75.1,2024,3
2024-03-14 04:30:00+05:30,265.1714646370898,24.3,75.2,2024,3
2024-03-14 04:45:00+05:30,268.28190482664576,24.3,74.7,2024,3
2024-03-14 05:00:00+05:30,268.93141872671384,24.3,74.8,2024,3
2024-03-14 05:15:00+05:30,271.0330287838183,24.3,74.8,2024,3
2024-03-14 05:30:00+05:30,274.2997313107976,24.3,75.2,2024,3
2024-03-14 05:45:00+05:30,280.22695978678485,24.3,75.5,2024,3
2024-03-14 06:00:00+05:30,287.3111075504692,24.4,75.8,2024,3
2024-03-14 06:15:00+05:30,294.281878330658,24.5,76.8,2024,3
2024-03-14 06:30:00+05:30,303.62746786668106,24.5,77.0,2024,3
2024-03-14 06:45:00+05:30,312.4509018304181,24.5,76.9,2024,3
2024-03-14 07:00:00+05:30,321.6666325905553,24.6,77.2,2024,3
2024-03-14 07:15:00+05:30,335.24230421881566,24.7,77.2,2024,3
2024-03-14 07:30:00+05:30,351.8172015090334,25.0,77.3,2024,3
2024-03-14 07:45:00+05:30,366.3614202321612,25.4,77.1,2024,3
2024-03-14 08:00:00+05:30,384.28345843244574,25.8,76.4,2024,3
2024-03-14 08:15:00+05:30,402.6033776560393,26.3,75.7,2024,3
2024-03-14 08:30:00+05:30,420.67576133668985,26.8,74.1,2024,3
2024-03-14 08:45:00+05:30,435.51438657131706,27.4,71.6,2024,3
2024-03-14 09:00:00+05:30,447.9376816783964,27.9,69.8,2024,3
2024-03-14 09:15:00+05:30,456.38709629992536,28.4,68.3,2024,3
2024-03-14 09:30:00+05:30,468.02373878441136,29.3,65.1,2024,3
2024-03-14 09:45:00+05:30,475.6321503295304,30.2,61.6,2024,3
2024-03-14 10:00:00+05:30,482.0110653351138,31.1,58.4,2024,3
2024-03-14 10:15:00+05:30,485.984327704959,31.9,55.8,2024,3
2024-03-14 10:30:00+05:30,491.1057362179209,32.6,54.7,2024,3
2024-03-14 10:45:00+05:30,494.25790308314055,32.8,54.0,2024,3
2024-03-14 11:00:00+05:30,495.5405674421644,33.2,52.4,2024,3
2024-03-14 11:15:00+05:30,492.60763309012026,33.5,52.5,2024,3
2024-03-14 11:30:00+05:30,490.55673315750624,33.7,52.3,2024,3
2024-03-14 11:45:00+05:30,488.73345373292346,34.1,52.4,2024,3
2024-03-14 12:00:00+05:30,490.7978303298529,33.6,53.1,2024,3
2024-03-14 12:15:00+05:30,490.5189340897484,33.8,53.0,2024,3
2024-03-14 12:30:00+05:30,489.8674180528356,33.8,52.1,2024,3
2024-03-14 12:45:00+05:30,487.3609025451882,34.1,51.0,2024,3
2024-03-14 13:00:00+05:30,482.5054804581179,34.0,51.0,2024,3
2024-03-14 13:15:00+05:30,480.0860122033402,34.1,50.5,2024,3
2024-03-14 13:30:00+05:30,477.3637306034529,34.5,49.7,2024,3
2024-03-14 13:45:00+05:30,477.0972931429082,34.4,49.1,2024,3
2024-03-14 14:00:00+05:30,480.5954700215364,34.8,49.1,2024,3
2024-03-14 14:15:00+05:30,483.4857932798561,34.9,49.0,2024,3
2024-03-14 14:30:00+05:30,485.71555899946816,34.7,49.4,2024,3
2024-03-14 14:45:00+05:30,482.72252587980296,34.6,49.7,2024,3
2024-03-14 15:00:00+05:30,481.10159650474105,34.7,49.4,2024,3
2024-03-14 15:15:00+05:30,478.5278947787668,34.7,49.3,2024,3
2024-03-14 15:30:00+05:30,477.1906476551765,34.5,49.4,2024,3
2024-03-14 15:45:00+05:30,477.224907396941,34.6,49.4,2024,3
2024-03-14 16:00:00+05:30,475.9507305864712,34.3,49.1,2024,3
2024-03-14 16:15:00+05:30,475.6086910706362,33.6,49.6,2024,3
2024-03-14 16:30:00+05:30,470.2653598043208,33.6,48.8,2024,3
2024-03-14 16:45:00+05:30,468.4631525473315,33.2,47.9,2024,3
2024-03-14 17:00:00+05:30,466.59898940065904,33.1,47.3,2024,3
2024-03-14 17:15:00+05:30,464.8558679807911,32.4,49.0,2024,3
2024-03-14 17:30:00+05:30,459.4013099160332,31.8,49.4,2024,3
2024-03-14 17:45:00+05:30,453.5871876700775,31.5,50.2,2024,3
2024-03-14 18:00:00+05:30,444.33452006111713,30.9,51.2,2024,3
2024-03-14 18:15:00+05:30,438.94532558986,29.9,52.9,2024,3
2024-03-14 18:30:00+05:30,435.8537060241763,29.3,54.5,2024,3
2024-03-14 18:45:00+05:30,429.5576321787311,28.7,56.2,2024,3
2024-03-14 19:00:00+05:30,422.7614206735631,28.3,57.5,2024,3
2024-03-14 19:15:00+05:30,416.60437878740606,27.9,58.5,2024,3
2024-03-14 19:30:00+05:30,407.63998910335687,27.7,59.3,2024,3
2024-03-14 19:45:00+05:30,402.30964458924205,27.4,60.3,2024,3
2024-03-14 20:00:00+05:30,392.45475323196985,27.2,61.4,2024,3
2024-03-14 20:15:00+05:30,385.884256651696,27.0,62.0,2024,3
2024-03-14 20:30:00+05:30,381.9319029956429,26.9,63.1,2024,3
2024-03-14 20:45:00+05:30,376.9338658449722,26.7,64.2,2024,3
2024-03-14 21:00:00+05:30,372.2204022345229,26.6,65.3,2024,3
2024-03-14 21:15:00+05:30,365.5657013013388,26.5,66.5,2024,3
2024-03-14 21:30:00+05:30,360.3416991011623,26.4,66.9,2024,3
2024-03-14 21:45:00+05:30,355.09161676584483,26.3,67.0,2024,3
2024-03-14 22:00:00+05:30,347.1877349901017,26.3,67.3,2024,3
2024-03-14 22:15:00+05:30,341.93334582457766,26.3,68.1,2024,3
2024-03-14 22:30:00+05:30,340.40860104406335,26.1,68.7,2024,3
2024-03-14 22:45:00+05:30,336.89920112098224,26.1,69.2,2024,3
2024-03-14 23:00:00+05:30,329.3896257638373,26.0,69.6,2024,3
2024-03-14 23:15:00+05:30,325.4498319490727,25.9,69.8,2024,3
2024-03-14 23:30:00+05:30,320.9482873242074,25.8,69.6,2024,3
2024-03-14 23:45:00+05:30,313.9421114779695,25.7,69.9,2024,3
2024-03-15 00:00:00+05:30,308.4702760782154,25.7,70.4,2024,3
2024-03-15 00:15:00+05:30,302.64510289476584,25.7,71.1,2024,3
2024-03-15 00:30:00+05:30,298.2085256935802,25.6,71.4,2024,3
2024-03-15 00:45:00+05:30,293.247555298879,25.6,71.6,2024,3
2024-03-15 01:00:00+05:30,287.68781738687784,25.5,71.8,2024,3
2024-03-15 01:15:00+05:30,283.2120690037077,25.3,72.1,2024,3
2024-03-15 01:30:00+05:30,281.13563660304413,25.3,72.2,2024,3
2024-03-15 01:45:00+05:30,277.5913967075988,25.3,72.1,2024,3
2024-03-15 02:00:00+05:30,275.80039856445484,25.1,72.5,2024,3
2024-03-15 02:15:00+05:30,272.4949790576865,25.0,72.9,2024,3
2024-03-15 02:30:00+05:30,270.53531494093136,24.9,73.1,2024,3
2024-03-15 02:45:00+05:30,268.0663372957869,24.8,73.2,2024,3
2024-03-15 03:00:00+05:30,265.6163588092557,24.7,73.5,2024,3
2024-03-15 03:15:00+05:30,263.94350004812094,24.6,73.7,2024,3
2024-03-15 03:30:00+05:30,264.4740090290423,24.5,73.9,2024,3
2024-03-15 03:45:00+05:30,261.0115495695495,24.5,74.0,2024,3
2024-03-15 04:00:00+05:30,259.18065600402406,24.4,74.3,2024,3
2024-03-15 04:15:00+05:30,259.04177869635794,24.3,74.3,2024,3
2024-03-15 04:30:00+05:30,260.878774794606,24.2,74.7,2024,3
2024-03-15 04:45:00+05:30,262.1107762143915,24.1,74.5,2024,3
2024-03-15 05:00:00+05:30,263.3640449505239,24.0,74.6,2024,3
2024-03-15 05:15:00+05:30,264.7724421585028,24.0,74.8,2024,3
2024-03-15 05:30:00+05:30,267.4445949585012,23.9,75.1,2024,3
2024-03-15 05:45:00+05:30,273.52887018156616,23.8,75.4,2024,3
2024-03-15 06:00:00+05:30,283.7249156354692,23.7,75.5,2024,3
2024-03-15 06:15:00+05:30,290.06678797205944,23.6,75.8,2024,3
2024-03-15 06:30:00+05:30,299.7959040015947,23.6,75.9,2024,3
2024-03-15 06:45:00+05:30,305.34691311470334,23.5,75.8,2024,3
2024-03-15 07:00:00+05:30,317.3654474497407,23.5,75.8,2024,3
2024-03-15 07:15:00+05:30,330.1686692523302,23.7,75.5,2024,3
2024-03-15 07:30:00+05:30,345.0091692782595,23.8,75.3,2024,3
2024-03-15 07:45:00+05:30,360.2434365635139,24.1,74.9,2024,3
2024-03-15 08:00:00+05:30,379.22734206767774,24.4,73.3,2024,3
2024-03-15 08:15:00+05:30,396.44297182245793,24.9,71.6,2024,3
2024-03-15 08:30:00+05:30,410.529351537564,25.5,68.7,2024,3
2024-03-15 08:45:00+05:30,422.8915365710528,26.3,66.0,2024,3
2024-03-15 09:00:00+05:30,435.7625826344864,26.7,64.3,2024,3
2024-03-15 09:15:00+05:30,445.8279291408494,27.3,61.8,2024,3
2024-03-15 09:30:00+05:30,453.9669039918684,28.2,58.3,2024,3
2024-03-15 09:45:00+05:30,457.9830527285988,29.1,54.9,2024,3
2024-03-15 10:00:00+05:30,462.9873638383362,29.9,52.0,2024,3
2024-03-15 10:15:00+05:30,470.51396532339,30.7,49.5,2024,3
2024-03-15 10:30:00+05:30,473.174797166949,31.5,46.1,2024,3
2024-03-15 10:45:00+05:30,478.4111195513337,32.0,45.1,2024,3
2024-03-15 11:00:00+05:30,481.21161522445794,32.3,44.6,2024,3
2024-03-15 11:15:00+05:30,477.30910202058334,32.9,44.1,2024,3
2024-03-15 11:30:00+05:30,475.2714167526729,33.1,44.8,2024,3
2024-03-15 11:45:00+05:30,473.6985341477393,33.3,45.2,2024,3
2024-03-15 12:00:00+05:30,470.9952284253588,33.4,44.9,2024,3
2024-03-15 12:15:00+05:30,470.6119235556528,33.8,44.3,2024,3
2024-03-15 12:30:00+05:30,470.56322859336416,33.6,44.5,2024,3
2024-03-15 12:45:00+05:30,471.4008802424019,34.2,44.7,2024,3
2024-03-15 13:00:00+05:30,467.4105452026718,34.1,45.2,2024,3
2024-03-15 13:15:00+05:30,462.5673853869216,34.2,45.0,2024,3
2024-03-15 13:30:00+05:30,459.99725216121794,34.3,44.6,2024,3
2024-03-15 13:45:00+05:30,460.8062297523472,34.4,44.2,2024,3
2024-03-15 14:00:00+05:30,464.51915268001073,34.4,43.3,2024,3
2024-03-15 14:15:00+05:30,466.23433258966463,34.5,43.4,2024,3
2024-03-15 14:30:00+05:30,466.7053697261274,34.5,43.6,2024,3
2024-03-15 14:45:00+05:30,465.30991928175257,34.6,44.1,2024,3
2024-03-15 15:00:00+05:30,468.0424065882843,34.5,44.1,2024,3
2024-03-15 15:15:00+05:30,466.7682017807171,34.0,43.8,2024,3
2024-03-15 15:30:00+05:30,466.1079649481883,34.0,43.7,2024,3
2024-03-15 15:45:00+05:30,464.9858797886656,33.7,44.2,2024,3
2024-03-15 16:00:00+05:30,467.0684006317613,33.4,45.2,2024,3
2024-03-15 16:15:00+05:30,463.5266748306362,33.0,45.2,2024,3
2024-03-15 16:30:00+05:30,459.8335439243209,33.0,45.2,2024,3
2024-03-15 16:45:00+05:30,458.1088217073315,32.1,46.6,2024,3
2024-03-15 17:00:00+05:30,456.7254661006592,31.8,46.7,2024,3
2024-03-15 17:15:00+05:30,452.39853192079136,31.4,47.9,2024,3
2024-03-15 17:30:00+05:30,445.1268614760332,31.0,48.6,2024,3
2024-03-15 17:45:00+05:30,441.8316583300776,30.4,50.3,2024,3
2024-03-15 18:00:00+05:30,431.7933318011172,29.8,51.3,2024,3
2024-03-15 18:15:00+05:30,430.21767772986016,29.0,54.0,2024,3
2024-03-15 18:30:00+05:30,425.8899470841763,28.4,55.6,2024,3
2024-03-15 18:45:00+05:30,421.90853237873097,27.9,57.4,2024,3
2024-03-15 19:00:00+05:30,418.4993633735632,27.5,58.8,2024,3
2024-03-15 19:15:00+05:30,406.541180127406,27.3,60.2,2024,3
2024-03-15 19:30:00+05:30,403.5195569633569,27.2,60.8,2024,3
2024-03-15 19:45:00+05:30,395.47581990924215,27.1,61.8,2024,3
2024-03-15 20:00:00+05:30,388.6108948119698,26.9,62.8,2024,3
2024-03-15 20:15:00+05:30,382.02036323169614,26.8,63.5,2024,3
2024-03-15 20:30:00+05:30,378.0636162356429,26.6,64.6,2024,3
2024-03-15 20:45:00+05:30,373.8592058449723,26.5,65.3,2024,3
2024-03-15 21:00:00+05:30,367.8685061745229,26.3,66.0,2024,3
2024-03-15 21:15:00+05:30,362.9866391213389,26.3,66.4,2024,3
2024-03-15 21:30:00+05:30,357.50028320116223,26.2,67.0,2024,3
2024-03-15 21:45:00+05:30,353.46738764584484,26.0,67.6,2024,3
2024-03-15 22:00:00+05:30,347.8120409901018,25.9,68.2,2024,3
2024-03-15 22:15:00+05:30,341.9449473845777,25.7,68.7,2024,3
2024-03-15 22:30:00+05:30,336.0373107840633,25.6,69.4,2024,3
2024-03-15 22:45:00+05:30,332.8763343609821,25.5,69.7,2024,3
2024-03-15 23:00:00+05:30,325.41170642383724,25.3,70.2,2024,3
2024-03-15 23:15:00+05:30,320.2734074090728,25.2,70.6,2024,3
2024-03-15 23:30:00+05:30,315.22900398420745,25.2,71.0,2024,3
2024-03-15 23:45:00+05:30,310.9506291579696,25.0,71.7,2024,3
2024-03-16 00:00:00+05:30,305.2658228711926,25.0,71.0,2024,3
2024-03-16 00:15:00+05:30,301.3919358631481,25.0,71.0,2024,3
2024-03-16 00:30:00+05:30,297.4505285187112,25.0,71.0,2024,3
2024-03-16 00:45:00+05:30,290.743524367298,25.0,72.0,2024,3
2024-03-16 01:00:00+05:30,284.7333414257893,25.0,73.0,2024,3
2024-03-16 01:15:00+05:30,280.8183845864055,25.0,73.0,2024,3
2024-03-16 01:30:00+05:30,278.19082742238334,25.0,73.0,2024,3
2024-03-16 01:45:00+05:30,277.407173933132,25.0,73.0,2024,3
2024-03-16 02:00:00+05:30,273.9238572991371,25.0,74.0,2024,3
2024-03-16 02:15:00+05:30,273.29738254249247,25.0,74.0,2024,3
2024-03-16 02:30:00+05:30,271.15385306482614,25.0,74.0,2024,3
2024-03-16 02:45:00+05:30,265.8243048772292,24.0,75.0,2024,3
2024-03-16 03:00:00+05:30,262.43770754793,24.0,75.0,2024,3
2024-03-16 03:15:00+05:30,261.9895191860907,24.0,75.0,2024,3
2024-03-16 03:30:00+05:30,262.3702586878531,24.0,75.0,2024,3
2024-03-16 03:45:00+05:30,260.48476287832545,24.0,76.0,2024,3
2024-03-16 04:00:00+05:30,260.05390100921375,24.0,76.0,2024,3
2024-03-16 04:15:00+05:30,258.3153680997582,24.0,76.0,2024,3
2024-03-16 04:30:00+05:30,259.95872084953453,24.0,77.0,2024,3
2024-03-16 04:45:00+05:30,260.23941880749703,24.0,77.0,2024,3
2024-03-16 05:00:00+05:30,263.31309843020364,24.0,77.0,2024,3
2024-03-16 05:15:00+05:30,263.3121197744687,24.0,77.0,2024,3
2024-03-16 05:30:00+05:30,265.37637027449176,24.0,77.0,2024,3
2024-03-16 05:45:00+05:30,268.35656349697024,24.0,77.0,2024,3
2024-03-16 06:00:00+05:30,274.63295053628894,24.0,76.0,2024,3
2024-03-16 06:15:00+05:30,279.59435671575216,24.0,77.0,2024,3
2024-03-16 06:30:00+05:30,284.10105615523594,24.0,76.0,2024,3
2024-03-16 06:45:00+05:30,286.43967872749846,24.0,76.0,2024,3
2024-03-16 07:00:00+05:30,292.07417121814177,24.0,76.0,2024,3
2024-03-16 07:15:00+05:30,299.1325419426375,24.0,75.0,2024,3
2024-03-16 07:30:00+05:30,308.0638472285501,24.0,74.0,2024,3
2024-03-16 07:45:00+05:30,316.4019012358241,24.0,73.0,2024,3
2024-03-16 08:00:00+05:30,327.6659800592341,24.0,72.0,2024,3
2024-03-16 08:15:00+05:30,341.1725846564953,25.0,71.0,2024,3
2024-03-16 08:30:00+05:30,354.3647684088024,25.0,70.0,2024,3
2024-03-16 08:45:00+05:30,363.9865580062252,26.0,67.0,2024,3
2024-03-16 09:00:00+05:30,377.3253601760056,27.0,65.0,2024,3
2024-03-16 09:15:00+05:30,387.7379699459468,27.0,63.0,2024,3
2024-03-16 09:30:00+05:30,395.3145652782951,28.0,61.0,2024,3
2024-03-16 09:45:00+05:30,400.0941236488866,29.0,54.0,2024,3
2024-03-16 10:00:00+05:30,407.0689430480061,30.0,51.0,2024,3
2024-03-16 10:15:00+05:30,414.0436464002087,31.0,47.0,2024,3
2024-03-16 10:30:00+05:30,418.063893039722,33.0,43.0,2024,3
2024-03-16 10:45:00+05:30,420.81787281791793,34.0,40.0,2024,3
2024-03-16 11:00:00+05:30,420.42037435144704,35.0,39.0,2024,3
2024-03-16 11:15:00+05:30,420.93675837014416,36.0,36.0,2024,3
2024-03-16 11:30:00+05:30,419.5552971633928,36.0,39.0,2024,3
2024-03-16 11:45:00+05:30,420.8151814245935,37.0,38.0,2024,3
2024-03-16 12:00:00+05:30,420.1562951797016,37.0,40.0,2024,3
2024-03-16 12:15:00+05:30,420.0447637357199,37.0,41.0,2024,3
2024-03-16 12:30:00+05:30,417.33144736269134,37.0,40.0,2024,3
2024-03-16 12:45:00+05:30,415.31298446773536,37.0,41.0,2024,3
2024-03-16 13:00:00+05:30,411.4626687281387,37.0,42.0,2024,3
2024-03-16 13:15:00+05:30,408.67319280035247,37.0,42.0,2024,3
2024-03-16 13:30:00+05:30,406.8017950202352,37.0,43.0,2024,3
2024-03-16 13:45:00+05:30,406.1988193176175,37.0,45.0,2024,3
2024-03-16 14:00:00+05:30,405.7222110972504,37.0,46.0,2024,3
2024-03-16 14:15:00+05:30,406.62228331438985,37.0,46.0,2024,3
2024-03-16 14:30:00+05:30,405.8699793908128,36.0,46.0,2024,3
2024-03-16 14:45:00+05:30,404.23808151016914,36.0,45.0,2024,3
2024-03-16 15:00:00+05:30,405.0229269986471,36.0,45.0,2024,3
2024-03-16 15:15:00+05:30,401.4402874563805,36.0,46.0,2024,3
2024-03-16 15:30:00+05:30,399.9138276645874,36.0,46.0,2024,3
2024-03-16 15:45:00+05:30,401.1505396483854,36.0,45.0,2024,3
2024-03-16 16:00:00+05:30,399.4009547005058,36.0,43.0,2024,3
2024-03-16 16:15:00+05:30,397.58186904877584,35.0,44.0,2024,3
2024-03-16 16:30:00+05:30,396.252397313236,35.0,44.0,2024,3
2024-03-16 16:45:00+05:30,395.1988839493904,34.0,45.0,2024,3
2024-03-16 17:00:00+05:30,390.7513543533216,34.0,44.0,2024,3
2024-03-16 17:15:00+05:30,389.180848385184,34.0,43.0,2024,3
2024-03-16 17:30:00+05:30,388.36819114604987,33.0,45.0,2024,3
2024-03-16 17:45:00+05:30,385.66182063669135,32.0,46.0,2024,3
2024-03-16 18:00:00+05:30,383.83378279202594,32.0,48.0,2024,3
2024-03-16 18:15:00+05:30,383.7875974686576,31.0,50.0,2024,3
2024-03-16 18:30:00+05:30,381.1421144777096,30.0,52.0,2024,3
2024-03-16 18:45:00+05:30,381.1280493045676,30.0,54.0,2024,3
2024-03-16 19:00:00+05:30,377.82995138609857,29.0,54.0,2024,3
2024-03-16 19:15:00+05:30,377.38226557516913,29.0,55.0,2024,3
2024-03-16 19:30:00+05:30,374.2222372316602,29.0,55.0,2024,3
2024-03-16 19:45:00+05:30,369.6555849595711,29.0,55.0,2024,3
2024-03-16 20:00:00+05:30,365.08967333043546,28.0,55.0,2024,3
2024-03-16 20:15:00+05:30,360.7385995484167,28.0,55.0,2024,3
2024-03-16 20:30:00+05:30,360.0134136401044,28.0,56.0,2024,3
2024-03-16 20:45:00+05:30,357.87148331874096,28.0,56.0,2024,3
2024-03-16 21:00:00+05:30,351.3728230798374,28.0,57.0,2024,3
2024-03-16 21:15:00+05:30,349.3429515431515,28.0,58.0,2024,3
2024-03-16 21:30:00+05:30,347.3273554538605,28.0,58.0,2024,3
2024-03-16 21:45:00+05:30,342.9657400902237,28.0,58.0,2024,3
2024-03-16 22:00:00+05:30,337.986728270975,28.0,57.0,2024,3
2024-03-16 22:15:00+05:30,332.3933955007932,28.0,58.0,2024,3
2024-03-16 22:30:00+05:30,330.4534780134123,28.0,58.0,2024,3
2024-03-16 22:45:00+05:30,325.86033213345604,27.0,59.0,2024,3
2024-03-16 23:00:00+05:30,318.8329498984185,27.0,61.0,2024,3
2024-03-16 23:15:00+05:30,313.9037381493621,27.0,62.0,2024,3
2024-03-16 23:30:00+05:30,308.67428477571326,27.0,63.0,2024,3
2024-03-16 23:45:00+05:30,305.10178076197445,27.0,62.0,2024,3
2024-03-17 00:00:00+05:30,299.2821920410552,25.5,74.8,2024,3
2024-03-17 00:15:00+05:30,295.89473095334245,25.4,75.0,2024,3
2024-03-17 00:30:00+05:30,291.913498282366,25.3,75.4,2024,3
2024-03-17 00:45:00+05:30,286.88651141816547,25.2,75.8,2024,3
2024-03-17 01:00:00+05:30,282.27721796558524,25.2,76.0,2024,3
2024-03-17 01:15:00+05:30,278.3808098946108,25.1,76.3,2024,3
2024-03-17 01:30:00+05:30,275.92915215354213,25.0,76.9,2024,3
2024-03-17 01:45:00+05:30,274.9184360890795,24.8,77.2,2024,3
2024-03-17 02:00:00+05:30,270.71262255497675,24.8,77.6,2024,3
2024-03-17 02:15:00+05:30,266.79949956089416,24.7,77.9,2024,3
2024-03-17 02:30:00+05:30,265.5382816569411,24.6,78.4,2024,3
2024-03-17 02:45:00+05:30,264.1335580192508,24.5,78.9,2024,3
2024-03-17 03:00:00+05:30,264.3078240240127,24.4,79.0,2024,3
2024-03-17 03:15:00+05:30,262.43869715151345,24.4,79.0,2024,3
2024-03-17 03:30:00+05:30,262.28600624464127,24.3,80.0,2024,3
2024-03-17 03:45:00+05:30,258.2623015480705,24.4,80.2,2024,3
2024-03-17 04:00:00+05:30,257.9996715962342,24.3,80.1,2024,3
2024-03-17 04:15:00+05:30,256.3728893254818,24.3,80.1,2024,3
2024-03-17 04:30:00+05:30,258.5735176121471,24.3,80.4,2024,3
2024-03-17 04:45:00+05:30,257.27811646183034,24.2,80.1,2024,3
2024-03-17 05:00:00+05:30,257.88229246755395,24.2,80.2,2024,3
2024-03-17 05:15:00+05:30,258.99115754960326,24.1,80.3,2024,3
2024-03-17 05:30:00+05:30,258.42298224302067,24.1,80.5,2024,3
2024-03-17 05:45:00+05:30,261.9297244014962,24.0,81.0,2024,3
2024-03-17 06:00:00+05:30,266.8437168841994,24.0,81.1,2024,3
2024-03-17 06:15:00+05:30,268.50252245832473,24.0,81.3,2024,3
2024-03-17 06:30:00+05:30,267.76786668925115,24.0,81.1,2024,3
2024-03-17 06:45:00+05:30,268.4355098996542,23.9,81.4,2024,3
2024-03-17 07:00:00+05:30,269.8986621133629,24.0,81.6,2024,3
2024-03-17 07:15:00+05:30,270.8582145702076,24.1,81.7,2024,3
2024-03-17 07:30:00+05:30,277.4360007814021,24.3,81.5,2024,3
2024-03-17 07:45:00+05:30,278.42313794344886,24.6,81.2,2024,3
2024-03-17 08:00:00+05:30,284.6225542003001,24.9,80.6,2024,3
2024-03-17 08:15:00+05:30,289.0507706625623,25.3,79.4,2024,3
2024-03-17 08:30:00+05:30,295.1044131821405,25.9,77.0,2024,3
2024-03-17 08:45:00+05:30,299.96437824913653,26.7,73.6,2024,3
2024-03-17 09:00:00+05:30,304.35311939642463,27.4,69.4,2024,3
2024-03-17 09:15:00+05:30,312.2322819323276,27.9,65.2,2024,3
2024-03-17 09:30:00+05:30,317.53855502454223,28.8,60.7,2024,3
2024-03-17 09:45:00+05:30,321.82925310007363,30.0,54.4,2024,3
2024-03-17 10:00:00+05:30,324.78116988013204,31.0,50.1,2024,3
2024-03-17 10:15:00+05:30,329.7279200044957,31.8,45.9,2024,3
2024-03-17 10:30:00+05:30,332.32242442576865,32.6,43.9,2024,3
2024-03-17 10:45:00+05:30,336.1629312586233,33.1,42.4,2024,3
2024-03-17 11:00:00+05:30,338.63603760429976,33.6,40.8,2024,3
2024-03-17 11:15:00+05:30,341.2749158099104,34.1,37.9,2024,3
2024-03-17 11:30:00+05:30,339.86318618238204,34.9,36.2,2024,3
2024-03-17 11:45:00+05:30,339.5052357220977,35.2,36.6,2024,3
2024-03-17 12:00:00+05:30,340.6541294085258,35.4,39.8,2024,3
2024-03-17 12:15:00+05:30,340.72562050221194,35.4,40.7,2024,3
2024-03-17 12:30:00+05:30,340.91785680462567,35.4,40.1,2024,3
2024-03-17 12:45:00+05:30,341.56858715712565,35.4,40.3,2024,3
2024-03-17 13:00:00+05:30,341.12995674465094,35.4,42.1,2024,3
2024-03-17 13:15:00+05:30,338.87925335569776,35.4,40.6,2024,3
2024-03-17 13:30:00+05:30,337.0360861843375,35.4,41.2,2024,3
2024-03-17 13:45:00+05:30,334.6927573671498,35.4,40.3,2024,3
2024-03-17 14:00:00+05:30,336.0548089903813,35.4,40.0,2024,3
2024-03-17 14:15:00+05:30,334.9720480801453,35.4,40.1,2024,3
2024-03-17 14:30:00+05:30,333.13686028515303,35.4,41.5,2024,3
2024-03-17 14:45:00+05:30,331.6993448632246,35.1,42.4,2024,3
2024-03-17 15:00:00+05:30,332.2744054443026,35.1,42.8,2024,3
2024-03-17 15:15:00+05:30,331.15774093192306,35.1,43.8,2024,3
2024-03-17 15:30:00+05:30,332.3589126536596,34.9,43.8,2024,3
2024-03-17 15:45:00+05:30,330.85504911671944,34.6,44.4,2024,3
2024-03-17 16:00:00+05:30,330.88542339782214,34.4,44.9,2024,3
2024-03-17 16:15:00+05:30,328.8334171851789,34.2,45.0,2024,3
2024-03-17 16:30:00+05:30,326.9909119197745,34.0,45.5,2024,3
2024-03-17 16:45:00+05:30,328.5562525473315,32.9,47.1,2024,3
2024-03-17 17:00:00+05:30,328.3751894006592,32.5,47.9,2024,3
2024-03-17 17:15:00+05:30,326.6193679807912,32.1,48.9,2024,3
2024-03-17 17:30:00+05:30,324.4173099160332,31.5,51.0,2024,3
2024-03-17 17:45:00+05:30,327.2239876700776,31.1,52.5,2024,3
2024-03-17 18:00:00+05:30,326.58902006111714,30.5,54.6,2024,3
2024-03-17 18:15:00+05:30,327.15822558986,29.7,56.9,2024,3
2024-03-17 18:30:00+05:30,331.98610602417625,29.2,59.1,2024,3
2024-03-17 18:45:00+05:30,334.02133217873103,28.6,61.1,2024,3
2024-03-17 19:00:00+05:30,336.62022067356315,28.3,62.8,2024,3
2024-03-17 19:15:00+05:30,337.4973787874061,28.1,63.9,2024,3
2024-03-17 19:30:00+05:30,338.8784891033568,27.9,65.0,2024,3
2024-03-17 19:45:00+05:30,337.4170445892422,27.8,65.7,2024,3
2024-03-17 20:00:00+05:30,338.22855323196984,27.7,66.7,2024,3
2024-03-17 20:15:00+05:30,335.5159566516961,27.6,67.1,2024,3
2024-03-17 20:30:00+05:30,334.5935029956429,27.6,67.8,2024,3
2024-03-17 20:45:00+05:30,334.8439658449724,27.4,68.1,2024,3
2024-03-17 21:00:00+05:30,333.023502234523,27.4,68.4,2024,3
2024-03-17 21:15:00+05:30,331.5942013013388,27.2,69.0,2024,3
2024-03-17 21:30:00+05:30,332.6280991011623,27.1,69.6,2024,3
2024-03-17 21:45:00+05:30,328.7003167658448,27.0,70.0,2024,3
2024-03-17 22:00:00+05:30,324.64333499010183,27.0,70.3,2024,3
2024-03-17 22:15:00+05:30,317.0550458245776,26.9,71.2,2024,3
2024-03-17 22:30:00+05:30,315.4683010440633,26.8,71.5,2024,3
2024-03-17 22:45:00+05:30,313.40330112098223,26.8,71.8,2024,3
2024-03-17 23:00:00+05:30,310.79452576383727,26.7,72.2,2024,3
2024-03-17 23:15:00+05:30,308.45243194907266,26.6,72.6,2024,3
2024-03-17 23:30:00+05:30,305.9830873242074,26.4,73.1,2024,3
2024-03-17 23:45:00+05:30,300.8629114779694,26.3,73.7,2024,3
2024-03-18 00:00:00+05:30,296.81185021821545,26.2,74.4,2024,3
2024-03-18 00:15:00+05:30,291.9909967547659,26.2,75.0,2024,3
2024-03-18 00:30:00+05:30,286.35918705358034,26.2,75.1,2024,3
2024-03-18 00:45:00+05:30,283.762841558879,26.2,75.0,2024,3
2024-03-18 01:00:00+05:30,279.4757958668778,26.2,75.3,2024,3
2024-03-18 01:15:00+05:30,274.3827023437078,26.0,76.0,2024,3
2024-03-18 01:30:00+05:30,270.7985114030441,26.0,76.4,2024,3
2024-03-18 01:45:00+05:30,264.9560977275987,25.8,76.7,2024,3
2024-03-18 02:00:00+05:30,264.5590428244548,25.8,77.0,2024,3
2024-03-18 02:15:00+05:30,261.4910592176864,25.8,77.5,2024,3
2024-03-18 02:30:00+05:30,259.93272016093147,25.9,77.6,2024,3
2024-03-18 02:45:00+05:30,256.4980882157869,25.8,78.3,2024,3
2024-03-18 03:00:00+05:30,256.4440440292557,25.8,78.7,2024,3
2024-03-18 03:15:00+05:30,252.9267595481209,25.8,78.9,2024,3
2024-03-18 03:30:00+05:30,252.32746996904223,25.8,78.6,2024,3
2024-03-18 03:45:00+05:30,250.33205396954943,25.7,78.8,2024,3
2024-03-18 04:00:00+05:30,252.1317059040241,25.6,78.9,2024,3
2024-03-18 04:15:00+05:30,251.561630356358,25.6,79.2,2024,3
2024-03-18 04:30:00+05:30,253.943752034606,25.5,78.9,2024,3
2024-03-18 04:45:00+05:30,255.7915598743915,25.4,79.3,2024,3
2024-03-18 05:00:00+05:30,258.1862921905241,25.4,79.6,2024,3
2024-03-18 05:15:00+05:30,259.9479963985028,25.4,79.5,2024,3
2024-03-18 05:30:00+05:30,263.43686037850125,25.3,79.7,2024,3
2024-03-18 05:45:00+05:30,271.0585175615661,25.3,80.3,2024,3
2024-03-18 06:00:00+05:30,276.4588665554692,25.2,80.5,2024,3
2024-03-18 06:15:00+05:30,285.4766869520595,25.2,80.6,2024,3
2024-03-18 06:30:00+05:30,293.3820518215947,25.2,80.6,2024,3
2024-03-18 06:45:00+05:30,302.3413233747033,25.1,80.6,2024,3
2024-03-18 07:00:00+05:30,314.8174798097408,25.1,80.9,2024,3
2024-03-18 07:15:00+05:30,329.16994049233006,25.1,80.8,2024,3
2024-03-18 07:30:00+05:30,344.4557399582594,25.2,81.0,2024,3
2024-03-18 07:45:00+05:30,357.929563023514,25.4,80.8,2024,3
2024-03-18 08:00:00+05:30,376.7971896476776,25.8,80.0,2024,3
2024-03-18 08:15:00+05:30,397.141547462458,26.1,78.9,2024,3
2024-03-18 08:30:00+05:30,412.78790041756406,26.6,77.1,2024,3
2024-03-18 08:45:00+05:30,428.0682185910528,27.2,74.4,2024,3
2024-03-18 09:00:00+05:30,441.7258989144865,27.6,73.0,2024,3
2024-03-18 09:15:00+05:30,455.6430906008496,28.1,70.9,2024,3
2024-03-18 09:30:00+05:30,463.52210615186857,28.7,68.4,2024,3
2024-03-18 09:45:00+05:30,471.2162040485987,29.6,65.7,2024,3
2024-03-18 10:00:00+05:30,475.8447098983361,30.5,63.0,2024,3
2024-03-18 10:15:00+05:30,486.14127692339,31.2,60.2,2024,3
2024-03-18 10:30:00+05:30,490.682278886949,31.7,58.4,2024,3
2024-03-18 10:45:00+05:30,492.0616579913335,32.1,56.4,2024,3
2024-03-18 11:00:00+05:30,494.8455074644579,32.9,53.5,2024,3
2024-03-18 11:15:00+05:30,493.4419635005832,33.4,53.2,2024,3
2024-03-18 11:30:00+05:30,491.626896432673,34.0,52.3,2024,3
2024-03-18 11:45:00+05:30,490.9497504877392,34.2,50.3,2024,3
2024-03-18 12:00:00+05:30,490.2602707853588,34.6,48.9,2024,3
2024-03-18 12:15:00+05:30,490.6555790556529,34.8,47.9,2024,3
2024-03-18 12:30:00+05:30,491.72414177336407,34.8,48.1,2024,3
2024-03-18 12:45:00+05:30,491.3018442424019,35.0,44.9,2024,3
2024-03-18 13:00:00+05:30,483.1390367426717,35.0,42.5,2024,3
2024-03-18 13:15:00+05:30,477.3386354669217,35.6,40.7,2024,3
2024-03-18 13:30:00+05:30,475.552124121218,35.6,41.2,2024,3
2024-03-18 13:45:00+05:30,472.3835091523472,35.8,41.0,2024,3
2024-03-18 14:00:00+05:30,477.9527128600109,35.5,39.8,2024,3
2024-03-18 14:15:00+05:30,480.0058156496647,35.35,41.4,2024,3
2024-03-18 14:30:00+05:30,481.4034440061273,35.275000000000006,40.9,2024,3
2024-03-18 14:45:00+05:30,480.1394346617526,35.2,42.6,2024,3
2024-03-18 15:00:00+05:30,481.8270723282843,35.2,44.1,2024,3
2024-03-18 15:15:00+05:30,478.35903034071714,35.1,44.0,2024,3
2024-03-18 15:30:00+05:30,478.8701646881883,35.1,44.5,2024,3
2024-03-18 15:45:00+05:30,480.7692377086655,35.0,44.9,2024,3
2024-03-18 16:00:00+05:30,480.1942742717614,34.6,46.3,2024,3
2024-03-18 16:15:00+05:30,480.6896910706362,34.3,47.6,2024,3
2024-03-18 16:30:00+05:30,479.14615980432086,34.6,46.8,2024,3
2024-03-18 16:45:00+05:30,476.6908525473315,34.0,47.0,2024,3
2024-03-18 17:00:00+05:30,472.6369894006592,33.1,49.2,2024,3
2024-03-18 17:15:00+05:30,469.88116798079136,33.0,50.9,2024,3
2024-03-18 17:30:00+05:30,465.77450991603314,32.7,51.8,2024,3
2024-03-18 17:45:00+05:30,459.8355876700776,32.1,53.2,2024,3
2024-03-18 18:00:00+05:30,452.4550200611171,31.3,56.1,2024,3
2024-03-18 18:15:00+05:30,446.2150255898599,30.4,59.3,2024,3
2024-03-18 18:30:00+05:30,439.42450602417625,29.6,62.0,2024,3
2024-03-18 18:45:00+05:30,434.68233217873103,29.1,64.3,2024,3
2024-03-18 19:00:00+05:30,427.5992206735631,28.7,65.2,2024,3
2024-03-18 19:15:00+05:30,420.762578787406,28.4,65.5,2024,3
2024-03-18 19:30:00+05:30,413.4298891033568,28.2,66.2,2024,3
2024-03-18 19:45:00+05:30,406.1592445892421,28.1,67.3,2024,3
2024-03-18 20:00:00+05:30,399.1933532319697,27.8,68.5,2024,3
2024-03-18 20:15:00+05:30,393.576156651696,27.7,69.8,2024,3
2024-03-18 20:30:00+05:30,389.7809029956428,27.6,70.7,2024,3
2024-03-18 20:45:00+05:30,386.15856584497226,27.4,71.5,2024,3
2024-03-18 21:00:00+05:30,378.497102234523,27.3,71.9,2024,3
2024-03-18 21:15:00+05:30,375.1950013013388,27.2,73.4,2024,3
2024-03-18 21:30:00+05:30,367.5150991011623,27.2,74.4,2024,3
2024-03-18 21:45:00+05:30,364.5555167658448,27.1,75.2,2024,3
2024-03-18 22:00:00+05:30,357.6257349901017,27.0,76.1,2024,3
2024-03-18 22:15:00+05:30,351.9738458245776,27.0,76.4,2024,3
2024-03-18 22:30:00+05:30,349.4507010440633,26.9,76.7,2024,3
2024-03-18 22:45:00+05:30,344.4175011209822,26.9,77.3,2024,3
2024-03-18 23:00:00+05:30,336.0313257638373,26.8,77.5,2024,3
2024-03-18 23:15:00+05:30,329.7846319490727,26.7,77.7,2024,3
2024-03-18 23:30:00+05:30,324.4106873242075,26.6,78.5,2024,3
2024-03-18 23:45:00+05:30,320.2587114779694,26.6,78.3,2024,3
2024-03-19 00:00:00+05:30,314.56468041464325,25.0,73.0,2024,3
2024-03-19 00:15:00+05:30,309.5917413421824,25.0,73.0,2024,3
2024-03-19 00:30:00+05:30,304.9071080518235,25.0,71.0,2024,3
2024-03-19 00:45:00+05:30,299.5325023316417,25.0,73.0,2024,3
2024-03-19 01:00:00+05:30,293.8462430823846,25.0,74.0,2024,3
2024-03-19 01:15:00+05:30,288.570220578557,25.0,75.0,2024,3
2024-03-19 01:30:00+05:30,287.223977768929,25.0,76.0,2024,3
2024-03-19 01:45:00+05:30,284.26900623815044,25.0,76.0,2024,3
2024-03-19 02:00:00+05:30,283.6869983623988,25.0,75.0,2024,3
2024-03-19 02:15:00+05:30,283.22392424873755,25.0,76.0,2024,3
2024-03-19 02:30:00+05:30,281.33972918415304,25.0,76.0,2024,3
2024-03-19 02:45:00+05:30,278.85036124684405,25.0,76.0,2024,3
2024-03-19 03:00:00+05:30,275.16156908675555,25.0,75.0,2024,3
2024-03-19 03:15:00+05:30,274.525640713808,25.0,74.0,2024,3
2024-03-19 03:30:00+05:30,273.2884659873127,25.0,74.0,2024,3
2024-03-19 03:45:00+05:30,269.91647941394706,25.0,73.0,2024,3
2024-03-19 04:00:00+05:30,268.28837212742565,24.0,72.0,2024,3
2024-03-19 04:15:00+05:30,268.6986368399324,24.0,72.0,2024,3
2024-03-19 04:30:00+05:30,271.9773629095199,24.0,73.0,2024,3
2024-03-19 04:45:00+05:30,273.1206376189445,24.0,73.0,2024,3
2024-03-19 05:00:00+05:30,274.2900923168629,24.0,74.0,2024,3
2024-03-19 05:15:00+05:30,277.01078880813924,24.0,74.0,2024,3
2024-03-19 05:30:00+05:30,280.28098148060013,24.0,74.0,2024,3
2024-03-19 05:45:00+05:30,283.6384342727423,24.0,75.0,2024,3
2024-03-19 06:00:00+05:30,292.1581670365345,23.0,76.0,2024,3
2024-03-19 06:15:00+05:30,300.64911453177103,23.0,77.0,2024,3
2024-03-19 06:30:00+05:30,309.49077988268294,23.0,76.0,2024,3
2024-03-19 06:45:00+05:30,316.1458960267638,23.0,77.0,2024,3
2024-03-19 07:00:00+05:30,329.2936585703956,23.0,78.0,2024,3
2024-03-19 07:15:00+05:30,341.74176425168883,23.0,78.0,2024,3
2024-03-19 07:30:00+05:30,357.7070679953242,23.0,77.0,2024,3
2024-03-19 07:45:00+05:30,370.49364031242544,23.0,77.0,2024,3
2024-03-19 08:00:00+05:30,386.57008893128886,23.0,76.0,2024,3
2024-03-19 08:15:00+05:30,407.7039222831245,24.0,75.0,2024,3
2024-03-19 08:30:00+05:30,426.0469949762689,25.0,72.0,2024,3
2024-03-19 08:45:00+05:30,441.6873588897632,26.0,67.0,2024,3
2024-03-19 09:00:00+05:30,455.6398623148624,26.0,63.0,2024,3
2024-03-19 09:15:00+05:30,467.7960949161837,27.0,61.0,2024,3
2024-03-19 09:30:00+05:30,477.3155411872543,28.0,57.0,2024,3
2024-03-19 09:45:00+05:30,484.54725548141226,29.0,54.0,2024,3
2024-03-19 10:00:00+05:30,491.201127053884,29.0,52.0,2024,3
2024-03-19 10:15:00+05:30,495.73432099784026,30.0,50.0,2024,3
2024-03-19 10:30:00+05:30,500.5559505485424,31.0,48.0,2024,3
2024-03-19 10:45:00+05:30,504.3736759753603,32.0,47.0,2024,3
2024-03-19 11:00:00+05:30,502.62000792531126,33.0,46.0,2024,3
2024-03-19 11:15:00+05:30,502.0494823837486,33.0,44.0,2024,3
2024-03-19 11:30:00+05:30,504.5849190786263,33.0,44.0,2024,3
2024-03-19 11:45:00+05:30,504.3784213214208,34.0,43.0,2024,3
2024-03-19 12:00:00+05:30,502.20067161305377,34.0,42.0,2024,3
2024-03-19 12:15:00+05:30,499.55141241354096,34.0,42.0,2024,3
2024-03-19 12:30:00+05:30,497.3541467257728,35.0,40.0,2024,3
2024-03-19 12:45:00+05:30,495.336115185749,35.0,40.0,2024,3
2024-03-19 13:00:00+05:30,493.13325303421465,35.0,39.0,2024,3
2024-03-19 13:15:00+05:30,488.9632463391312,35.0,38.0,2024,3
2024-03-19 13:30:00+05:30,487.9492118466421,35.0,38.0,2024,3
2024-03-19 13:45:00+05:30,487.456610110198,35.0,38.0,2024,3
2024-03-19 14:00:00+05:30,491.7257002046061,35.5,36.0,2024,3
2024-03-19 14:15:00+05:30,493.3326624109124,35.75,35.0,2024,3
2024-03-19 14:30:00+05:30,492.6251586366001,35.875,34.0,2024,3
2024-03-19 14:45:00+05:30,493.1912292760143,35.9375,33.0,2024,3
2024-03-19 15:00:00+05:30,494.8481796624243,36.0,33.0,2024,3
2024-03-19 15:15:00+05:30,489.9968743552464,36.0,31.0,2024,3
2024-03-19 15:30:00+05:30,490.0958916224969,36.0,31.0,2024,3
2024-03-19 15:45:00+05:30,489.35272487454097,36.0,30.0,2024,3
2024-03-19 16:00:00+05:30,484.1335814833635,36.0,30.0,2024,3
2024-03-19 16:15:00+05:30,483.96563100160586,35.0,31.0,2024,3
2024-03-19 16:30:00+05:30,483.60418315095217,35.0,32.0,2024,3
2024-03-19 16:45:00+05:30,478.2087332651949,34.0,33.0,2024,3
2024-03-19 17:00:00+05:30,477.4894658683908,34.0,33.0,2024,3
2024-03-19 17:15:00+05:30,475.5504807641471,34.0,34.0,2024,3
2024-03-19 17:30:00+05:30,467.15118143920097,33.0,35.0,2024,3
2024-03-19 17:45:00+05:30,462.97616749582176,32.0,37.0,2024,3
2024-03-19 18:00:00+05:30,454.96812405674393,31.0,38.0,2024,3
2024-03-19 18:15:00+05:30,450.458555236138,31.0,38.0,2024,3
2024-03-19 18:30:00+05:30,446.84231586623736,30.0,40.0,2024,3
2024-03-19 18:45:00+05:30,443.097548857299,29.0,41.0,2024,3
2024-03-19 19:00:00+05:30,436.216528884146,29.0,43.0,2024,3
2024-03-19 19:15:00+05:30,430.81826606072417,29.0,44.0,2024,3
2024-03-19 19:30:00+05:30,422.05829161908224,28.0,45.0,2024,3
2024-03-19 19:45:00+05:30,416.7636067513811,28.0,45.0,2024,3
2024-03-19 20:00:00+05:30,409.6985432926932,28.0,46.0,2024,3
2024-03-19 20:15:00+05:30,401.3528032877125,27.0,46.0,2024,3
2024-03-19 20:30:00+05:30,396.5547665030822,27.0,47.0,2024,3
2024-03-19 20:45:00+05:30,392.26060951658087,27.0,48.0,2024,3
2024-03-19 21:00:00+05:30,386.75513211722216,27.0,49.0,2024,3
2024-03-19 21:15:00+05:30,380.0923119113377,27.0,52.0,2024,3
2024-03-19 21:30:00+05:30,372.8814343222296,27.0,54.0,2024,3
2024-03-19 21:45:00+05:30,367.9801797054862,27.0,54.0,2024,3
2024-03-19 22:00:00+05:30,359.82329517037124,26.0,55.0,2024,3
2024-03-19 22:15:00+05:30,354.8629179631411,26.0,56.0,2024,3
2024-03-19 22:30:00+05:30,349.8178512725109,26.0,58.0,2024,3
2024-03-19 22:45:00+05:30,348.3095511533192,26.0,59.0,2024,3
2024-03-19 23:00:00+05:30,343.4422511448006,26.0,60.0,2024,3
2024-03-19 23:15:00+05:30,337.16951523908955,26.0,62.0,2024,3
2024-03-19 23:30:00+05:30,331.83517274113944,26.0,63.0,2024,3
2024-03-19 23:45:00+05:30,324.9268718808827,25.0,64.0,2024,3
2024-03-20 00:00:00+05:30,315.591155949499,26.7,66.9,2024,3
2024-03-20 00:15:00+05:30,312.19179325189805,26.5,67.0,2024,3
2024-03-20 00:30:00+05:30,306.68203630105114,26.2,67.6,2024,3
2024-03-20 00:45:00+05:30,301.1050416996918,26.0,68.0,2024,3
2024-03-20 01:00:00+05:30,298.08392307367706,25.8,68.6,2024,3
2024-03-20 01:15:00+05:30,290.8624089102075,25.6,68.6,2024,3
2024-03-20 01:30:00+05:30,290.3259506873223,25.6,68.6,2024,3
2024-03-20 01:45:00+05:30,286.9267928104383,25.7,68.7,2024,3
2024-03-20 02:00:00+05:30,286.6607041778341,25.7,69.0,2024,3
2024-03-20 02:15:00+05:30,283.0654832162457,25.7,69.9,2024,3
2024-03-20 02:30:00+05:30,281.5512060286783,25.6,70.1,2024,3
2024-03-20 02:45:00+05:30,279.43795034864195,25.5,71.1,2024,3
2024-03-20 03:00:00+05:30,274.8036917221991,25.5,71.7,2024,3
2024-03-20 03:15:00+05:30,273.5073259180608,25.5,72.0,2024,3
2024-03-20 03:30:00+05:30,272.9871585097212,25.4,72.2,2024,3
2024-03-20 03:45:00+05:30,270.0552028382842,25.3,72.9,2024,3
2024-03-20 04:00:00+05:30,269.19722454035207,25.2,73.0,2024,3
2024-03-20 04:15:00+05:30,269.7742282299618,25.2,72.7,2024,3
2024-03-20 04:30:00+05:30,272.6821717538042,25.1,71.6,2024,3
2024-03-20 04:45:00+05:30,273.4188683990829,24.9,71.5,2024,3
2024-03-20 05:00:00+05:30,277.10940778167515,24.8,71.2,2024,3
2024-03-20 05:15:00+05:30,278.06201377090235,24.7,71.1,2024,3
2024-03-20 05:30:00+05:30,279.51896325249936,24.7,70.9,2024,3
2024-03-20 05:45:00+05:30,284.651888633402,24.5,71.0,2024,3
2024-03-20 06:00:00+05:30,296.3562121133353,24.3,71.4,2024,3
2024-03-20 06:15:00+05:30,303.295114856347,24.3,71.0,2024,3
2024-03-20 06:30:00+05:30,313.7321670525157,24.3,70.9,2024,3
2024-03-20 06:45:00+05:30,320.59819556578464,24.3,71.6,2024,3
2024-03-20 07:00:00+05:30,329.7286950093926,24.2,72.2,2024,3
2024-03-20 07:15:00+05:30,342.107684011596,24.2,73.0,2024,3
2024-03-20 07:30:00+05:30,358.92929225979583,24.4,72.8,2024,3
2024-03-20 07:45:00+05:30,372.527901769105,24.7,72.3,2024,3
2024-03-20 08:00:00+05:30,389.0596629548228,25.2,70.9,2024,3
2024-03-20 08:15:00+05:30,405.9552239599508,25.8,68.2,2024,3
2024-03-20 08:30:00+05:30,420.5891874344016,26.7,64.2,2024,3
2024-03-20 08:45:00+05:30,439.08988872429177,27.6,58.8,2024,3
2024-03-20 09:00:00+05:30,452.9924541666138,28.2,53.4,2024,3
2024-03-20 09:15:00+05:30,460.9483725064422,28.8,50.2,2024,3
2024-03-20 09:30:00+05:30,471.9917602434968,29.3,47.1,2024,3
2024-03-20 09:45:00+05:30,480.83743996821136,30.2,44.1,2024,3
2024-03-20 10:00:00+05:30,486.1102684204329,30.9,40.9,2024,3
2024-03-20 10:15:00+05:30,491.5481693729208,31.6,37.4,2024,3
2024-03-20 10:30:00+05:30,497.4720994219957,32.2,35.0,2024,3
2024-03-20 10:45:00+05:30,502.06200656877104,32.9,32.7,2024,3
2024-03-20 11:00:00+05:30,504.8202106368565,33.5,31.4,2024,3
2024-03-20 11:15:00+05:30,504.21654435317714,34.2,29.5,2024,3
2024-03-20 11:30:00+05:30,501.2919075017113,35.3,26.3,2024,3
2024-03-20 11:45:00+05:30,500.8495414847727,36.2,24.7,2024,3
2024-03-20 12:00:00+05:30,500.234176582238,36.9,22.8,2024,3
2024-03-20 12:15:00+05:30,500.6145441749077,37.7,20.5,2024,3
2024-03-20 12:30:00+05:30,498.089712532877,38.1,19.5,2024,3
2024-03-20 12:45:00+05:30,494.6521198572227,38.8,19.0,2024,3
2024-03-20 13:00:00+05:30,490.7106017848232,38.9,18.6,2024,3
2024-03-20 13:15:00+05:30,488.2932378609777,39.4,18.2,2024,3
2024-03-20 13:30:00+05:30,488.0785930741971,38.85,22.4,2024,3
2024-03-20 13:45:00+05:30,486.742696299578,38.575,23.5,2024,3
2024-03-20 14:00:00+05:30,490.1215655863193,38.4375,24.6,2024,3
2024-03-20 14:15:00+05:30,495.5763121830034,38.36875,24.8,2024,3
2024-03-20 14:30:00+05:30,498.73828590691846,38.3,27.9,2024,3
2024-03-20 14:45:00+05:30,499.6069158096118,38.2,28.7,2024,3
2024-03-20 15:00:00+05:30,500.2768474057667,38.4,27.9,2024,3
2024-03-20 15:15:00+05:30,500.32001999264696,38.2,26.7,2024,3
2024-03-20 15:30:00+05:30,497.7539760939019,37.2,26.8,2024,3
2024-03-20 15:45:00+05:30,497.3969227529096,37.7,25.1,2024,3
2024-03-20 16:00:00+05:30,496.0347231683138,37.4,25.4,2024,3
2024-03-20 16:15:00+05:30,493.230653984672,36.4,25.7,2024,3
2024-03-20 16:30:00+05:30,489.81384032766607,36.2,25.8,2024,3
2024-03-20 16:45:00+05:30,489.27745254733145,36.1,25.8,2024,3
2024-03-20 17:00:00+05:30,488.1281894006592,36.2,25.3,2024,3
2024-03-20 17:15:00+05:30,483.40416798079127,35.8,25.4,2024,3
2024-03-20 17:30:00+05:30,473.4883099160333,35.4,25.8,2024,3
2024-03-20 17:45:00+05:30,468.5493876700775,35.2,26.2,2024,3
2024-03-20 18:00:00+05:30,463.0734200611172,34.5,27.3,2024,3
2024-03-20 18:15:00+05:30,456.86522558986,33.7,28.7,2024,3
2024-03-20 18:30:00+05:30,449.1383060241764,33.0,30.6,2024,3
2024-03-20 18:45:00+05:30,446.3325321787311,32.4,31.4,2024,3
2024-03-20 19:00:00+05:30,439.2494206735631,32.0,31.9,2024,3
2024-03-20 19:15:00+05:30,432.4445787874061,31.8,32.6,2024,3
2024-03-20 19:30:00+05:30,427.04828910335686,31.7,33.3,2024,3
2024-03-20 19:45:00+05:30,417.8730445892422,31.5,33.8,2024,3
2024-03-20 20:00:00+05:30,409.0025532319698,31.4,34.0,2024,3
2024-03-20 20:15:00+05:30,402.417156651696,31.3,33.4,2024,3
2024-03-20 20:30:00+05:30,394.7491029956429,31.0,33.1,2024,3
2024-03-20 20:45:00+05:30,392.0949658449722,30.8,33.0,2024,3
2024-03-20 21:00:00+05:30,387.3381022345229,30.5,33.9,2024,3
2024-03-20 21:15:00+05:30,382.0678013013388,30.2,34.1,2024,3
2024-03-20 21:30:00+05:30,375.3878991011623,30.1,33.8,2024,3
2024-03-20 21:45:00+05:30,370.4919167658448,30.0,32.9,2024,3
2024-03-20 22:00:00+05:30,363.5303349901018,29.9,32.2,2024,3
2024-03-20 22:15:00+05:30,359.8466458245776,29.7,32.5,2024,3
2024-03-20 22:30:00+05:30,357.2917010440632,29.5,33.1,2024,3
2024-03-20 22:45:00+05:30,351.2903011209822,29.2,34.6,2024,3
2024-03-20 23:00:00+05:30,345.8405257638373,29.0,36.4,2024,3
2024-03-20 23:15:00+05:30,340.59383194907264,29.1,37.5,2024,3
2024-03-20 23:30:00+05:30,336.18808732420746,28.9,38.3,2024,3
2024-03-20 23:45:00+05:30,329.1315114779694,29.0,38.2,2024,3
2024-03-21 00:00:00+05:30,322.79310245153465,28.7,43.1,2024,3
2024-03-21 00:15:00+05:30,319.09245453320943,28.6,43.5,2024,3
2024-03-21 00:30:00+05:30,314.1450662312392,28.6,43.9,2024,3
2024-03-21 00:45:00+05:30,307.7143617863347,28.5,46.7,2024,3
2024-03-21 01:00:00+05:30,301.0474191599914,28.5,46.1,2024,3
2024-03-21 01:15:00+05:30,296.4647746544263,28.5,47.4,2024,3
2024-03-21 01:30:00+05:30,293.87420613129746,28.4,50.0,2024,3
2024-03-21 01:45:00+05:30,290.8803949210181,28.3,50.1,2024,3
2024-03-21 02:00:00+05:30,289.1969570196922,28.0,50.1,2024,3
2024-03-21 02:15:00+05:30,287.1162208465999,27.8,50.7,2024,3
2024-03-21 02:30:00+05:30,284.57297194677614,27.8,51.2,2024,3
2024-03-21 02:45:00+05:30,281.2895328036514,27.8,51.8,2024,3
2024-03-21 03:00:00+05:30,278.8379490111753,27.7,52.6,2024,3
2024-03-21 03:15:00+05:30,277.54869979795814,27.4,54.1,2024,3
2024-03-21 03:30:00+05:30,276.3608445937754,27.3,56.4,2024,3
2024-03-21 03:45:00+05:30,274.5478398442719,27.2,56.0,2024,3
2024-03-21 04:00:00+05:30,272.82836321615764,27.1,57.0,2024,3
2024-03-21 04:15:00+05:30,271.8510011863852,27.0,57.0,2024,3
2024-03-21 04:30:00+05:30,274.28671226308234,26.9,57.6,2024,3
2024-03-21 04:45:00+05:30,274.61734435811,26.9,59.1,2024,3
2024-03-21 05:00:00+05:30,277.6139985912702,26.8,60.7,2024,3
2024-03-21 05:15:00+05:30,278.6879044150954,26.6,62.0,2024,3
2024-03-21 05:30:00+05:30,282.58253833617505,26.6,62.9,2024,3
2024-03-21 05:45:00+05:30,285.52802781397446,26.6,65.2,2024,3
2024-03-21 06:00:00+05:30,294.64271972819046,26.5,66.6,2024,3
2024-03-21 06:15:00+05:30,302.542224686365,26.5,68.2,2024,3
2024-03-21 06:30:00+05:30,308.7642920371332,26.5,68.4,2024,3
2024-03-21 06:45:00+05:30,316.23874528391826,26.5,69.0,2024,3
2024-03-21 07:00:00+05:30,328.4988288551372,26.7,69.6,2024,3
2024-03-21 07:15:00+05:30,342.6663065279158,26.8,70.6,2024,3
2024-03-21 07:30:00+05:30,357.19310660137666,27.1,71.2,2024,3
2024-03-21 07:45:00+05:30,369.792316591232,27.3,71.4,2024,3
2024-03-21 08:00:00+05:30,385.9920405689419,27.6,71.8,2024,3
2024-03-21 08:15:00+05:30,403.25762149735056,28.0,71.1,2024,3
2024-03-21 08:30:00+05:30,421.8866449454308,28.5,70.7,2024,3
2024-03-21 08:45:00+05:30,436.4109075018828,29.1,69.9,2024,3
2024-03-21 09:00:00+05:30,449.91334003145874,29.6,68.2,2024,3
2024-03-21 09:15:00+05:30,463.14164542856383,29.8,66.5,2024,3
2024-03-21 09:30:00+05:30,472.70145234524784,30.2,64.8,2024,3
2024-03-21 09:45:00+05:30,482.6070923585222,30.7,63.5,2024,3
2024-03-21 10:00:00+05:30,485.7812509231554,31.2,61.0,2024,3
2024-03-21 10:15:00+05:30,494.6116634439917,31.5,59.2,2024,3
2024-03-21 10:30:00+05:30,499.12772472756376,31.8,58.8,2024,3
2024-03-21 10:45:00+05:30,503.2096399443893,32.0,58.8,2024,3
2024-03-21 11:00:00+05:30,504.00260857534136,32.3,58.1,2024,3
2024-03-21 11:15:00+05:30,504.29108942316736,32.5,56.5,2024,3
2024-03-21 11:30:00+05:30,503.3147393437844,32.6,56.2,2024,3
2024-03-21 11:45:00+05:30,504.00623896420245,33.1,55.7,2024,3
2024-03-21 12:00:00+05:30,506.3435131315008,33.4,54.6,2024,3
2024-03-21 12:15:00+05:30,505.7841305604564,33.4,53.1,2024,3
2024-03-21 12:30:00+05:30,505.4386075018832,34.0,52.4,2024,3
2024-03-21 12:45:00+05:30,502.7304256291256,33.7,54.8,2024,3
2024-03-21 13:00:00+05:30,500.05081971794266,33.7,55.2,2024,3
2024-03-21 13:15:00+05:30,500.53235972778674,33.3,56.2,2024,3
2024-03-21 13:30:00+05:30,499.21585613108505,33.2,55.9,2024,3
2024-03-21 13:45:00+05:30,496.9967590559386,33.2,56.8,2024,3
2024-03-21 14:00:00+05:30,497.99430245603327,33.3,56.5,2024,3
2024-03-21 14:15:00+05:30,503.71596445013625,33.3,57.7,2024,3
2024-03-21 14:30:00+05:30,502.47388791475527,33.3,57.7,2024,3
2024-03-21 14:45:00+05:30,504.7441530813824,33.2,58.3,2024,3
2024-03-21 15:00:00+05:30,504.13686644848815,33.3,58.2,2024,3
2024-03-21 15:15:00+05:30,503.8966227743087,33.1,58.3,2024,3
2024-03-21 15:30:00+05:30,503.6775325897033,32.8,59.5,2024,3
2024-03-21 15:45:00+05:30,501.894890039498,32.6,60.4,2024,3
2024-03-21 16:00:00+05:30,499.7232879251204,32.8,60.4,2024,3
2024-03-21 16:15:00+05:30,498.74996484933865,32.5,60.8,2024,3
2024-03-21 16:30:00+05:30,495.1097220149944,32.3,61.4,2024,3
2024-03-21 16:45:00+05:30,493.07881165593744,32.2,62.0,2024,3
2024-03-21 17:00:00+05:30,489.9512262326607,32.1,63.0,2024,3
2024-03-21 17:15:00+05:30,485.7739975751205,31.9,63.2,2024,3
2024-03-21 17:30:00+05:30,478.44997871926273,31.7,63.3,2024,3
2024-03-21 17:45:00+05:30,472.5927034476065,31.3,64.9,2024,3
2024-03-21 18:00:00+05:30,465.7813143245303,30.7,65.8,2024,3
2024-03-21 18:15:00+05:30,458.9430193785396,30.2,68.3,2024,3
2024-03-21 18:30:00+05:30,452.08427896160816,32.8,57.5,2024,3
2024-03-21 18:45:00+05:30,444.5566188602653,32.9,56.6,2024,3
2024-03-21 19:00:00+05:30,438.6074044713072,32.6,57.1,2024,3
2024-03-21 19:15:00+05:30,429.4475639338672,32.8,55.8,2024,3
2024-03-21 19:30:00+05:30,424.5553927992941,32.9,54.5,2024,3
2024-03-21 19:45:00+05:30,416.4031582473048,33.0,53.3,2024,3
2024-03-21 20:00:00+05:30,409.4962441048744,33.0,53.0,2024,3
2024-03-21 20:15:00+05:30,404.15407627209566,32.8,52.7,2024,3
2024-03-21 20:30:00+05:30,399.6476659675096,32.7,52.7,2024,3
2024-03-21 20:45:00+05:30,395.449957657453,32.6,51.8,2024,3
2024-03-21 21:00:00+05:30,389.3772745373186,32.5,51.4,2024,3
2024-03-21 21:15:00+05:30,382.193671327295,32.3,52.9,2024,3
2024-03-21 21:30:00+05:30,374.6600337694017,32.6,53.0,2024,3
2024-03-21 21:45:00+05:30,372.1897372230174,32.6,52.5,2024,3
2024-03-21 22:00:00+05:30,366.5068951069218,32.4,53.7,2024,3
2024-03-21 22:15:00+05:30,360.32557780753456,32.4,54.4,2024,3
2024-03-21 22:30:00+05:30,354.7286480969042,32.3,55.5,2024,3
2024-03-21 22:45:00+05:30,353.0734629784499,32.1,56.7,2024,3
2024-03-21 23:00:00+05:30,349.4225435963564,31.8,58.6,2024,3
2024-03-21 23:15:00+05:30,346.6645136311989,31.3,60.2,2024,3
2024-03-21 23:30:00+05:30,340.6362986901147,30.7,62.6,2024,3
2024-03-21 23:45:00+05:30,334.8936095182316,30.1,64.5,2024,3
2024-03-22 00:00:00+05:30,331.012892804561,28.7,43.1,2024,3
2024-03-22 00:15:00+05:30,326.304379200446,28.6,43.5,2024,3
2024-03-22 00:30:00+05:30,322.800769248431,28.6,43.9,2024,3
2024-03-22 00:45:00+05:30,318.448577189757,28.5,46.7,2024,3
2024-03-22 01:00:00+05:30,311.692651016265,28.5,46.1,2024,3
2024-03-22 01:15:00+05:30,305.885791507531,28.5,47.4,2024,3
2024-03-22 01:30:00+05:30,301.917555850099,28.4,50.0,2024,3
2024-03-22 01:45:00+05:30,298.473178957491,28.3,50.1,2024,3
2024-03-22 02:00:00+05:30,296.152326388167,28.0,50.1,2024,3
2024-03-22 02:15:00+05:30,294.056089454605,27.8,50.7,2024,3
2024-03-22 02:30:00+05:30,293.412997749591,27.8,51.2,2024,3
2024-03-22 02:45:00+05:30,288.887047370011,27.8,51.8,2024,3
2024-03-22 03:00:00+05:30,288.28230402832,27.7,52.6,2024,3
2024-03-22 03:15:00+05:30,286.05490419864,27.4,54.1,2024,3
2024-03-22 03:30:00+05:30,281.112803827321,27.3,56.4,2024,3
2024-03-22 03:45:00+05:30,279.823068808621,27.2,56.0,2024,3
2024-03-22 04:00:00+05:30,280.536460685757,27.1,57.0,2024,3
2024-03-22 04:15:00+05:30,278.51648349061,27.0,57.0,2024,3
2024-03-22 04:30:00+05:30,278.508056178922,26.9,57.6,2024,3
2024-03-22 04:45:00+05:30,279.547334710407,26.9,59.1,2024,3
2024-03-22 05:00:00+05:30,283.476380513128,26.8,60.7,2024,3
2024-03-22 05:15:00+05:30,285.434407911036,26.6,62.0,2024,3
2024-03-22 05:30:00+05:30,289.929401494313,26.6,62.9,2024,3
2024-03-22 05:45:00+05:30,292.953959739942,26.6,65.2,2024,3
2024-03-22 06:00:00+05:30,300.668036527471,26.5,66.6,2024,3
2024-03-22 06:15:00+05:30,307.342635375419,26.5,68.2,2024,3
2024-03-22 06:30:00+05:30,314.406738655797,26.5,68.4,2024,3
2024-03-22 06:45:00+05:30,323.711029935825,26.5,69.0,2024,3
2024-03-22 07:00:00+05:30,335.208783694062,26.7,69.6,2024,3
2024-03-22 07:15:00+05:30,350.555216199455,26.8,70.6,2024,3
2024-03-22 07:30:00+05:30,365.621025356797,27.1,71.2,2024,3
2024-03-22 07:45:00+05:30,381.355071330174,27.3,71.4,2024,3
2024-03-22 08:00:00+05:30,400.058566437974,27.6,71.8,2024,3
2024-03-22 08:15:00+05:30,417.363245227719,28.0,71.1,2024,3
2024-03-22 08:30:00+05:30,433.638509002169,28.5,70.7,2024,3
2024-03-22 08:45:00+05:30,452.586021157284,29.1,69.9,2024,3
2024-03-22 09:00:00+05:30,469.358480670375,29.6,68.2,2024,3
2024-03-22 09:15:00+05:30,480.467122874209,29.8,66.5,2024,3
2024-03-22 09:30:00+05:30,491.940747881826,30.2,64.8,2024,3
2024-03-22 09:45:00+05:30,500.572679237673,30.7,63.5,2024,3
2024-03-22 10:00:00+05:30,508.076063639044,31.2,61.0,2024,3
2024-03-22 10:15:00+05:30,511.145066633188,31.5,59.2,2024,3
2024-03-22 10:30:00+05:30,514.255267584491,31.8,58.8,2024,3
2024-03-22 10:45:00+05:30,519.240232786546,32.0,58.8,2024,3
2024-03-22 11:00:00+05:30,521.623501249115,32.3,58.1,2024,3
2024-03-22 11:15:00+05:30,522.384789965663,32.5,56.5,2024,3
2024-03-22 11:30:00+05:30,523.684448558542,32.6,56.2,2024,3
2024-03-22 11:45:00+05:30,524.165888461089,33.1,55.7,2024,3
2024-03-22 12:00:00+05:30,524.742770523,33.4,54.6,2024,3
2024-03-22 12:15:00+05:30,523.294076859138,33.4,53.1,2024,3
2024-03-22 12:30:00+05:30,523.792889577807,34.0,52.4,2024,3
2024-03-22 12:45:00+05:30,522.223537776814,33.7,54.8,2024,3
2024-03-22 13:00:00+05:30,518.057443945125,33.7,55.2,2024,3
2024-03-22 13:15:00+05:30,514.548339490698,33.3,56.2,2024,3
2024-03-22 13:30:00+05:30,514.118682700171,33.2,55.9,2024,3
2024-03-22 13:45:00+05:30,515.738431550805,33.2,56.8,2024,3
2024-03-22 14:00:00+05:30,520.532619233339,33.3,56.5,2024,3
2024-03-22 14:15:00+05:30,525.547184697578,33.3,57.7,2024,3
2024-03-22 14:30:00+05:30,525.703839334874,33.3,57.7,2024,3
2024-03-22 14:45:00+05:30,525.619403168743,33.2,58.3,2024,3
2024-03-22 15:00:00+05:30,525.995240925567,33.3,58.2,2024,3
2024-03-22 15:15:00+05:30,523.46195857084,33.1,58.3,2024,3
2024-03-22 15:30:00+05:30,521.754481903659,32.8,59.5,2024,3
2024-03-22 15:45:00+05:30,519.930280115471,32.6,60.4,2024,3
2024-03-22 16:00:00+05:30,517.623421283721,32.8,60.4,2024,3
2024-03-22 16:15:00+05:30,516.929617793219,32.5,60.8,2024,3
2024-03-22 16:30:00+05:30,510.073710360353,32.3,61.4,2024,3
2024-03-22 16:45:00+05:30,506.160187185567,32.2,62.0,2024,3
2024-03-22 17:00:00+05:30,500.972105622737,32.1,63.0,2024,3
2024-03-22 17:15:00+05:30,494.305644721309,31.9,63.2,2024,3
2024-03-22 17:30:00+05:30,486.269902820037,31.7,63.3,2024,3
2024-03-22 17:45:00+05:30,478.320576921268,31.3,64.9,2024,3
2024-03-22 18:00:00+05:30,471.097031271604,30.7,65.8,2024,3
2024-03-22 18:15:00+05:30,464.249077524657,30.2,68.3,2024,3
2024-03-22 18:30:00+05:30,458.04995757866,32.8,57.5,2024,3
2024-03-22 18:45:00+05:30,453.303414942684,32.9,56.6,2024,3
2024-03-22 19:00:00+05:30,447.531607157493,32.6,57.1,2024,3
2024-03-22 19:15:00+05:30,443.413637977319,32.8,55.8,2024,3
2024-03-22 19:30:00+05:30,435.077896062207,32.9,54.5,2024,3
2024-03-22 19:45:00+05:30,430.708552025342,33.0,53.3,2024,3
2024-03-22 20:00:00+05:30,423.650232566461,33.0,53.0,2024,3
2024-03-22 20:15:00+05:30,416.785414587484,32.8,52.7,2024,3
2024-03-22 20:30:00+05:30,409.66343280112,32.7,52.7,2024,3
2024-03-22 20:45:00+05:30,405.539955033349,32.6,51.8,2024,3
2024-03-22 21:00:00+05:30,401.143214466231,32.5,51.4,2024,3
2024-03-22 21:15:00+05:30,396.22026584019,32.3,52.9,2024,3
2024-03-22 21:30:00+05:30,388.764571557036,32.6,53.0,2024,3
2024-03-22 21:45:00+05:30,383.157016008226,32.6,52.5,2024,3
2024-03-22 22:00:00+05:30,374.857328898761,32.4,53.7,2024,3
2024-03-22 22:15:00+05:30,370.870587893455,32.4,54.4,2024,3
2024-03-22 22:30:00+05:30,365.250603134893,32.3,55.5,2024,3
2024-03-22 22:45:00+05:30,362.755440001662,32.1,56.7,2024,3
2024-03-22 23:00:00+05:30,357.966630820412,31.8,58.6,2024,3
2024-03-22 23:15:00+05:30,349.973393408043,31.3,60.2,2024,3
2024-03-22 23:30:00+05:30,344.629584711807,30.7,62.6,2024,3
2024-03-22 23:45:00+05:30,335.291457538029,30.1,64.5,2024,3
2024-03-23 00:00:00+05:30,330.2884259369733,27.3,78.2,2024,3
2024-03-23 00:15:00+05:30,325.7786214838186,27.3,76.8,2024,3
2024-03-23 00:30:00+05:30,319.7040126287977,27.3,77.0,2024,3
2024-03-23 00:45:00+05:30,314.8561000855467,27.2,77.5,2024,3
2024-03-23 01:00:00+05:30,309.55460492099127,27.1,77.9,2024,3
2024-03-23 01:15:00+05:30,304.2478948451962,27.0,78.9,2024,3
2024-03-23 01:30:00+05:30,299.2159133775282,27.1,79.3,2024,3
2024-03-23 01:45:00+05:30,294.7950865277441,27.0,79.1,2024,3
2024-03-23 02:00:00+05:30,293.3919058118838,27.0,79.7,2024,3
2024-03-23 02:15:00+05:30,290.70981887817527,26.9,79.6,2024,3
2024-03-23 02:30:00+05:30,289.1449619625829,26.8,78.7,2024,3
2024-03-23 02:45:00+05:30,286.4527243759528,26.7,79.0,2024,3
2024-03-23 03:00:00+05:30,283.57844609965053,26.6,78.8,2024,3
2024-03-23 03:15:00+05:30,279.9819771530374,26.5,79.1,2024,3
2024-03-23 03:30:00+05:30,278.34213372455923,26.4,79.5,2024,3
2024-03-23 03:45:00+05:30,275.28410746896964,26.3,80.0,2024,3
2024-03-23 04:00:00+05:30,273.12527932239925,26.2,80.5,2024,3
2024-03-23 04:15:00+05:30,271.9046015681571,26.1,81.0,2024,3
2024-03-23 04:30:00+05:30,274.58877455713025,26.0,81.1,2024,3
2024-03-23 04:45:00+05:30,274.93085083862906,25.9,81.5,2024,3
2024-03-23 05:00:00+05:30,277.2487483588633,25.9,81.5,2024,3
2024-03-23 05:15:00+05:30,279.0812725469248,25.7,81.8,2024,3
2024-03-23 05:30:00+05:30,279.73929971679974,25.7,81.6,2024,3
2024-03-23 05:45:00+05:30,281.1931932727448,25.7,82.0,2024,3
2024-03-23 06:00:00+05:30,285.58968234002555,25.6,81.8,2024,3
2024-03-23 06:15:00+05:30,287.76377375402143,25.6,82.1,2024,3
2024-03-23 06:30:00+05:30,290.08215080157737,25.5,82.7,2024,3
2024-03-23 06:45:00+05:30,292.46828779307225,25.5,82.4,2024,3
2024-03-23 07:00:00+05:30,299.5761631755488,25.6,81.9,2024,3
2024-03-23 07:15:00+05:30,304.7125733145914,25.6,82.0,2024,3
2024-03-23 07:30:00+05:30,310.94047113954446,25.7,82.4,2024,3
2024-03-23 07:45:00+05:30,315.67881510433745,26.0,82.6,2024,3
2024-03-23 08:00:00+05:30,325.62005706552594,26.4,82.4,2024,3
2024-03-23 08:15:00+05:30,338.4623483028527,26.8,81.4,2024,3
2024-03-23 08:30:00+05:30,349.7745918623252,27.3,78.8,2024,3
2024-03-23 08:45:00+05:30,357.9050093973205,28.0,76.1,2024,3
2024-03-23 09:00:00+05:30,370.0016464769331,28.4,73.8,2024,3
2024-03-23 09:15:00+05:30,378.33192369495663,28.8,70.7,2024,3
2024-03-23 09:30:00+05:30,388.3761900785365,29.2,67.2,2024,3
2024-03-23 09:45:00+05:30,393.2597471594394,29.7,65.2,2024,3
2024-03-23 10:00:00+05:30,402.6367132487175,30.3,62.4,2024,3
2024-03-23 10:15:00+05:30,409.1040097522037,30.8,60.4,2024,3
2024-03-23 10:30:00+05:30,416.46161249590097,31.1,58.5,2024,3
2024-03-23 10:45:00+05:30,425.8673264947384,31.1,60.5,2024,3
2024-03-23 11:00:00+05:30,426.4902722184569,31.5,58.7,2024,3
2024-03-23 11:15:00+05:30,424.7186596711279,31.9,57.3,2024,3
2024-03-23 11:30:00+05:30,426.7114969065786,32.1,55.9,2024,3
2024-03-23 11:45:00+05:30,426.002269276006,32.3,54.9,2024,3
2024-03-23 12:00:00+05:30,424.3316929352688,32.8,53.4,2024,3
2024-03-23 12:15:00+05:30,421.0225908446009,32.9,57.0,2024,3
2024-03-23 12:30:00+05:30,420.84508179643535,32.7,58.3,2024,3
2024-03-23 12:45:00+05:30,421.1849718477517,32.8,57.9,2024,3
2024-03-23 13:00:00+05:30,418.5278131158283,32.8,57.5,2024,3
2024-03-23 13:15:00+05:30,418.5918053296176,32.9,56.6,2024,3
2024-03-23 13:30:00+05:30,420.1175958862688,32.6,57.1,2024,3
2024-03-23 13:45:00+05:30,419.48970009020695,32.8,55.8,2024,3
2024-03-23 14:00:00+05:30,421.4331405640327,32.9,54.5,2024,3
2024-03-23 14:15:00+05:30,421.26589240165816,33.0,53.3,2024,3
2024-03-23 14:30:00+05:30,422.06065443742966,33.0,53.0,2024,3
2024-03-23 14:45:00+05:30,420.2445940383228,32.8,52.7,2024,3
2024-03-23 15:00:00+05:30,418.91095980480486,32.7,52.7,2024,3
2024-03-23 15:15:00+05:30,415.7164179188524,32.6,51.8,2024,3
2024-03-23 15:30:00+05:30,415.2554192050549,32.5,51.4,2024,3
2024-03-23 15:45:00+05:30,408.9480039153007,32.3,52.9,2024,3
2024-03-23 16:00:00+05:30,409.65482850050944,32.6,53.0,2024,3
2024-03-23 16:15:00+05:30,409.21180611395016,32.6,52.5,2024,3
2024-03-23 16:30:00+05:30,405.7136603095937,32.4,53.7,2024,3
2024-03-23 16:45:00+05:30,401.4605310928668,32.4,54.4,2024,3
2024-03-23 17:00:00+05:30,398.2685050636316,32.3,55.5,2024,3
2024-03-23 17:15:00+05:30,397.22385554615846,32.1,56.7,2024,3
2024-03-23 17:30:00+05:30,395.7862341809099,31.8,58.6,2024,3
2024-03-23 17:45:00+05:30,393.7329956887315,31.3,60.2,2024,3
2024-03-23 18:00:00+05:30,390.6897223418438,30.7,62.6,2024,3
2024-03-23 18:15:00+05:30,391.2221510262021,30.1,64.5,2024,3
2024-03-23 18:30:00+05:30,388.6431953346955,29.7,65.9,2024,3
2024-03-23 18:45:00+05:30,389.32311791300265,29.3,67.1,2024,3
2024-03-23 19:00:00+05:30,384.694253121251,29.1,67.8,2024,3
2024-03-23 19:15:00+05:30,381.25075423346254,28.9,68.4,2024,3
2024-03-23 19:30:00+05:30,378.6210727404358,28.8,69.1,2024,3
2024-03-23 19:45:00+05:30,374.1764774016247,28.7,69.7,2024,3
2024-03-23 20:00:00+05:30,369.8305354773896,28.6,69.9,2024,3
2024-03-23 20:15:00+05:30,366.7977996447213,28.5,70.2,2024,3
2024-03-23 20:30:00+05:30,363.7571906892329,28.4,70.4,2024,3
2024-03-23 20:45:00+05:30,361.310958678176,28.4,70.7,2024,3
2024-03-23 21:00:00+05:30,359.8048046115797,28.3,71.2,2024,3
2024-03-23 21:15:00+05:30,360.5933116131837,28.3,71.3,2024,3
2024-03-23 21:30:00+05:30,357.1886961859814,28.2,71.9,2024,3
2024-03-23 21:45:00+05:30,353.4012711760492,28.1,72.5,2024,3
2024-03-23 22:00:00+05:30,349.2625899284437,28.0,73.1,2024,3
2024-03-23 22:15:00+05:30,346.3993392470469,27.8,73.9,2024,3
2024-03-23 22:30:00+05:30,342.3659642691149,27.8,74.2,2024,3
2024-03-23 22:45:00+05:30,340.0446597587757,27.7,74.7,2024,3
2024-03-23 23:00:00+05:30,334.3859592431723,27.6,75.1,2024,3
2024-03-23 23:15:00+05:30,329.9717633534527,27.5,75.3,2024,3
2024-03-23 23:30:00+05:30,325.19426583532413,27.4,75.9,2024,3
2024-03-23 23:45:00+05:30,323.3237878835809,27.4,76.3,2024,3
2024-03-24 00:00:00+05:30,317.6427638167202,27.3,76.5,2024,3
2024-03-24 00:15:00+05:30,312.9986375572116,27.3,76.8,2024,3
2024-03-24 00:30:00+05:30,309.3604683625498,27.2,77.3,2024,3
2024-03-24 00:45:00+05:30,305.9715941248069,27.2,77.7,2024,3
2024-03-24 01:00:00+05:30,300.4598430386317,27.2,78.1,2024,3
2024-03-24 01:15:00+05:30,295.7995686268521,27.1,78.4,2024,3
2024-03-24 01:30:00+05:30,292.70416399862364,27.1,78.6,2024,3
2024-03-24 01:45:00+05:30,290.12337993981714,27.1,78.7,2024,3
2024-03-24 02:00:00+05:30,288.20327267442974,27.1,78.8,2024,3
2024-03-24 02:15:00+05:30,286.32384804371884,27.0,79.2,2024,3
2024-03-24 02:30:00+05:30,284.42655756315986,26.9,79.2,2024,3
2024-03-24 02:45:00+05:30,281.44141186870536,26.8,79.5,2024,3
2024-03-24 03:00:00+05:30,278.69057692899224,26.8,79.2,2024,3
2024-03-24 03:15:00+05:30,276.29800395628354,26.8,79.0,2024,3
2024-03-24 03:30:00+05:30,275.170049301969,26.7,78.8,2024,3
2024-03-24 03:45:00+05:30,272.9901135418417,26.6,78.6,2024,3
2024-03-24 04:00:00+05:30,270.1480923042828,26.6,78.7,2024,3
2024-03-24 04:15:00+05:30,268.1450613359099,26.5,78.9,2024,3
2024-03-24 04:30:00+05:30,269.27238554728086,26.3,79.3,2024,3
2024-03-24 04:45:00+05:30,268.55988542664005,26.2,79.6,2024,3
2024-03-24 05:00:00+05:30,270.56324435452774,25.8,81.7,2024,3
2024-03-24 05:15:00+05:30,268.7854124978624,25.7,82.0,2024,3
2024-03-24 05:30:00+05:30,269.97925188403065,25.6,82.1,2024,3
2024-03-24 05:45:00+05:30,271.06499702184004,25.7,82.2,2024,3
2024-03-24 06:00:00+05:30,276.36972843106656,25.6,82.3,2024,3
2024-03-24 06:15:00+05:30,277.43534183404654,25.5,82.7,2024,3
2024-03-24 06:30:00+05:30,276.790953315942,25.5,82.9,2024,3
2024-03-24 06:45:00+05:30,276.0913266749673,25.5,83.1,2024,3
2024-03-24 07:00:00+05:30,278.0288719272195,25.6,82.9,2024,3
2024-03-24 07:15:00+05:30,280.7379328930226,25.7,82.7,2024,3
2024-03-24 07:30:00+05:30,285.4635718628452,25.9,82.6,2024,3
2024-03-24 07:45:00+05:30,291.8480783418796,26.4,81.8,2024,3
2024-03-24 08:00:00+05:30,293.1396427243741,26.8,80.9,2024,3
2024-03-24 08:15:00+05:30,298.6888226701,27.2,78.6,2024,3
2024-03-24 08:30:00+05:30,303.9146512096887,27.9,75.8,2024,3
2024-03-24 08:45:00+05:30,306.642309675383,28.4,73.5,2024,3
2024-03-24 09:00:00+05:30,314.01615838236137,28.9,71.3,2024,3
2024-03-24 09:15:00+05:30,322.4229820297262,29.1,68.5,2024,3
2024-03-24 09:30:00+05:30,325.33917956886427,29.5,66.2,2024,3
2024-03-24 09:45:00+05:30,330.5594795017305,29.9,63.6,2024,3
2024-03-24 10:00:00+05:30,334.3142286723273,30.6,59.9,2024,3
2024-03-24 10:15:00+05:30,341.4096531294388,31.0,57.2,2024,3
2024-03-24 10:30:00+05:30,344.23616155744656,31.4,55.2,2024,3
2024-03-24 10:45:00+05:30,347.25277521605994,31.7,55.1,2024,3
2024-03-24 11:00:00+05:30,348.47935879705653,31.8,55.6,2024,3
2024-03-24 11:15:00+05:30,347.9711303901548,32.1,55.3,2024,3
2024-03-24 11:30:00+05:30,350.98872322745217,32.4,54.6,2024,3
2024-03-24 11:45:00+05:30,350.88346800758785,32.6,53.5,2024,3
2024-03-24 12:00:00+05:30,352.8074997898668,32.7,54.3,2024,3
2024-03-24 12:15:00+05:30,353.7013102226711,32.9,55.6,2024,3
2024-03-24 12:30:00+05:30,353.5537037693838,32.5,59.8,2024,3
2024-03-24 12:45:00+05:30,356.087621411331,32.2,61.8,2024,3
2024-03-24 13:00:00+05:30,354.7693877967431,32.0,62.7,2024,3
2024-03-24 13:15:00+05:30,353.2617350876848,31.8,63.2,2024,3
2024-03-24 13:30:00+05:30,349.4503007322704,31.7,63.6,2024,3
2024-03-24 13:45:00+05:30,349.1757495718568,31.7,63.0,2024,3
2024-03-24 14:00:00+05:30,350.4344690900876,32.4,61.3,2024,3
2024-03-24 14:15:00+05:30,352.3160706114486,32.2,61.9,2024,3
2024-03-24 14:30:00+05:30,352.1095273426427,32.0,62.5,2024,3
2024-03-24 14:45:00+05:30,352.1020623142739,31.8,63.1,2024,3
2024-03-24 15:00:00+05:30,354.4487654002079,31.8,62.9,2024,3
2024-03-24 15:15:00+05:30,353.1138644645422,32.1,61.7,2024,3
2024-03-24 15:30:00+05:30,351.6616140483271,31.9,62.0,2024,3
2024-03-24 15:45:00+05:30,350.7455331744548,31.9,61.3,2024,3
2024-03-24 16:00:00+05:30,350.05942471129265,31.9,61.1,2024,3
2024-03-24 16:15:00+05:30,347.3756524146774,32.0,60.0,2024,3
2024-03-24 16:30:00+05:30,343.9813534868264,32.1,59.2,2024,3
2024-03-24 16:45:00+05:30,341.9703919320657,31.9,58.2,2024,3
2024-03-24 17:00:00+05:30,342.1493164150021,32.0,57.1,2024,3
2024-03-24 17:15:00+05:30,339.85624861229047,31.5,58.1,2024,3
2024-03-24 17:30:00+05:30,338.2712319613896,31.2,58.4,2024,3
2024-03-24 17:45:00+05:30,337.0723602003206,31.0,59.5,2024,3
2024-03-24 18:00:00+05:30,337.6640065124873,30.5,60.8,2024,3
2024-03-24 18:15:00+05:30,337.8607475438526,30.1,62.3,2024,3
2024-03-24 18:30:00+05:30,339.9842745769129,29.5,64.4,2024,3
2024-03-24 18:45:00+05:30,343.34396160105024,29.2,65.7,2024,3
2024-03-24 19:00:00+05:30,345.2474786941337,29.0,66.6,2024,3
2024-03-24 19:15:00+05:30,345.6455179094234,28.9,67.4,2024,3
2024-03-24 19:30:00+05:30,347.768381290912,28.7,67.9,2024,3
2024-03-24 19:45:00+05:30,345.80965871142814,28.7,67.7,2024,3
2024-03-24 20:00:00+05:30,344.0604942788131,28.6,68.0,2024,3
2024-03-24 20:15:00+05:30,341.24056155139334,28.5,68.0,2024,3
2024-03-24 20:30:00+05:30,339.82209623303606,28.4,68.1,2024,3
2024-03-24 20:45:00+05:30,338.0301821426976,28.4,68.0,2024,3
2024-03-24 21:00:00+05:30,336.2641634403548,28.3,67.6,2024,3
2024-03-24 21:15:00+05:30,335.25691594506674,28.3,67.6,2024,3
2024-03-24 21:30:00+05:30,333.61332333126217,28.2,67.8,2024,3
2024-03-24 21:45:00+05:30,331.6470416999516,28.2,68.7,2024,3
2024-03-24 22:00:00+05:30,329.5803915015964,28.1,69.4,2024,3
2024-03-24 22:15:00+05:30,325.655475039052,28.0,69.9,2024,3
2024-03-24 22:30:00+05:30,323.6812690657244,28.0,70.5,2024,3
2024-03-24 22:45:00+05:30,323.00042184984926,28.0,71.1,2024,3
2024-03-24 23:00:00+05:30,320.2217982426036,28.0,71.7,2024,3
2024-03-24 23:15:00+05:30,318.85155145260234,27.8,72.0,2024,3
2024-03-24 23:30:00+05:30,316.86372953523414,27.8,72.5,2024,3
2024-03-24 23:45:00+05:30,314.45657723556815,27.7,73.5,2024,3
2024-03-25 00:00:00+05:30,311.0,27.6,73.9,2024,3
2024-03-25 00:15:00+05:30,307.0,27.5,74.4,2024,3
2024-03-25 00:30:00+05:30,301.0,27.5,74.7,2024,3
2024-03-25 00:45:00+05:30,297.0,27.5,75.1,2024,3
2024-03-25 01:00:00+05:30,293.0,27.4,75.3,2024,3
2024-03-25 01:15:00+05:30,289.0,27.4,75.5,2024,3
2024-03-25 01:30:00+05:30,285.0,27.3,75.6,2024,3
2024-03-25 01:45:00+05:30,283.0,27.2,75.7,2024,3
2024-03-25 02:00:00+05:30,282.0,27.2,75.4,2024,3
2024-03-25 02:15:00+05:30,278.0,27.1,75.6,2024,3
2024-03-25 02:30:00+05:30,276.0,27.1,75.6,2024,3
2024-03-25 02:45:00+05:30,273.0,27.0,75.7,2024,3
2024-03-25 03:00:00+05:30,270.0,26.9,75.7,2024,3
2024-03-25 03:15:00+05:30,268.0,26.9,75.6,2024,3
2024-03-25 03:30:00+05:30,267.0,26.8,75.9,2024,3
2024-03-25 03:45:00+05:30,265.0,26.6,76.1,2024,3
2024-03-25 04:00:00+05:30,264.0,26.7,75.4,2024,3
2024-03-25 04:15:00+05:30,263.0,26.6,75.2,2024,3
2024-03-25 04:30:00+05:30,264.0,26.6,74.6,2024,3
2024-03-25 04:45:00+05:30,263.0,26.5,74.3,2024,3
2024-03-25 05:00:00+05:30,264.0,26.5,73.9,2024,3
2024-03-25 05:15:00+05:30,264.0,26.6,73.5,2024,3
2024-03-25 05:30:00+05:30,266.0,26.6,73.8,2024,3
2024-03-25 05:45:00+05:30,267.0,26.6,74.2,2024,3
2024-03-25 06:00:00+05:30,272.0,26.6,74.6,2024,3
2024-03-25 06:15:00+05:30,270.0,26.5,74.9,2024,3
2024-03-25 06:30:00+05:30,269.0,26.4,75.3,2024,3
2024-03-25 06:45:00+05:30,269.0,26.3,75.7,2024,3
2024-03-25 07:00:00+05:30,269.0,26.3,75.4,2024,3
2024-03-25 07:15:00+05:30,272.0,26.4,75.5,2024,3
2024-03-25 07:30:00+05:30,275.0,26.3,75.8,2024,3
2024-03-25 07:45:00+05:30,277.0,26.6,74.8,2024,3
2024-03-25 08:00:00+05:30,281.0,27.0,74.1,2024,3
2024-03-25 08:15:00+05:30,284.0,27.4,71.2,2024,3
2024-03-25 08:30:00+05:30,287.0,28.1,68.1,2024,3
2024-03-25 08:45:00+05:30,290.0,28.7,65.3,2024,3
2024-03-25 09:00:00+05:30,291.0,29.1,63.5,2024,3
2024-03-25 09:15:00+05:30,291.0,29.5,62.2,2024,3
2024-03-25 09:30:00+05:30,292.0,29.9,60.2,2024,3
2024-03-25 09:45:00+05:30,294.0,30.3,56.9,2024,3
2024-03-25 10:00:00+05:30,296.0,30.8,55.5,2024,3
2024-03-25 10:15:00+05:30,297.0,31.3,53.3,2024,3
2024-03-25 10:30:00+05:30,296.0,31.7,51.7,2024,3
2024-03-25 10:45:00+05:30,298.0,32.0,49.8,2024,3
2024-03-25 11:00:00+05:30,300.0,32.1,50.5,2024,3
2024-03-25 11:15:00+05:30,300.0,32.4,50.0,2024,3
2024-03-25 11:30:00+05:30,302.0,32.7,50.2,2024,3
2024-03-25 11:45:00+05:30,305.0,33.1,50.7,2024,3
2024-03-25 12:00:00+05:30,310.0,33.2,51.3,2024,3
2024-03-25 12:15:00+05:30,312.0,33.4,51.2,2024,3
2024-03-25 12:30:00+05:30,315.0,33.7,52.0,2024,3
2024-03-25 12:45:00+05:30,320.0,33.4,56.3,2024,3
2024-03-25 13:00:00+05:30,321.0,33.4,56.6,2024,3
2024-03-25 13:15:00+05:30,323.0,33.4,57.1,2024,3
2024-03-25 13:30:00+05:30,325.0,33.3,57.9,2024,3
2024-03-25 13:45:00+05:30,326.0,33.0,58.4,2024,3
2024-03-25 14:00:00+05:30,326.0,33.0,58.8,2024,3
2024-03-25 14:15:00+05:30,326.0,33.0,58.0,2024,3
2024-03-25 14:30:00+05:30,325.0,33.0,57.7,2024,3
2024-03-25 14:45:00+05:30,326.0,32.9,57.8,2024,3
2024-03-25 15:00:00+05:30,328.0,33.0,56.7,2024,3
2024-03-25 15:15:00+05:30,327.0,32.9,57.1,2024,3
2024-03-25 15:30:00+05:30,328.0,32.8,57.6,2024,3
2024-03-25 15:45:00+05:30,328.0,32.7,58.0,2024,3
2024-03-25 16:00:00+05:30,326.0,32.6,57.8,2024,3
2024-03-25 16:15:00+05:30,327.0,32.9,57.1,2024,3
2024-03-25 16:30:00+05:30,325.0,32.7,57.6,2024,3
2024-03-25 16:45:00+05:30,326.0,32.8,57.4,2024,3
2024-03-25 17:00:00+05:30,325.0,32.6,58.2,2024,3
2024-03-25 17:15:00+05:30,324.0,32.4,58.9,2024,3
2024-03-25 17:30:00+05:30,324.0,32.4,59.5,2024,3
2024-03-25 17:45:00+05:30,324.0,31.7,61.2,2024,3
2024-03-25 18:00:00+05:30,326.0,31.3,63.1,2024,3
2024-03-25 18:15:00+05:30,327.0,30.6,65.4,2024,3
2024-03-25 18:30:00+05:30,329.0,30.0,67.4,2024,3
2024-03-25 18:45:00+05:30,331.0,29.5,69.5,2024,3
2024-03-25 19:00:00+05:30,335.0,29.2,70.6,2024,3
2024-03-25 19:15:00+05:30,337.0,29.0,71.6,2024,3
2024-03-25 19:30:00+05:30,338.0,28.9,72.4,2024,3
2024-03-25 19:45:00+05:30,339.0,28.8,73.1,2024,3
2024-03-25 20:00:00+05:30,338.0,28.7,73.9,2024,3
2024-03-25 20:15:00+05:30,336.0,28.5,74.7,2024,3
2024-03-25 20:30:00+05:30,335.0,28.5,75.3,2024,3
2024-03-25 20:45:00+05:30,334.0,28.4,75.8,2024,3
2024-03-25 21:00:00+05:30,333.0,28.3,76.3,2024,3
2024-03-25 21:15:00+05:30,335.0,28.2,76.6,2024,3
2024-03-25 21:30:00+05:30,334.0,28.2,77.0,2024,3
2024-03-25 21:45:00+05:30,332.0,28.1,77.3,2024,3
2024-03-25 22:00:00+05:30,331.0,28.0,77.8,2024,3
2024-03-25 22:15:00+05:30,329.0,28.0,78.3,2024,3
2024-03-25 22:30:00+05:30,329.0,27.9,78.7,2024,3
2024-03-25 22:45:00+05:30,325.0,27.8,79.0,2024,3
2024-03-25 23:00:00+05:30,323.0,27.7,79.7,2024,3
2024-03-25 23:15:00+05:30,321.0,27.7,80.0,2024,3
2024-03-25 23:30:00+05:30,321.0,27.6,80.3,2024,3
2024-03-25 23:45:00+05:30,316.0,27.5,81.2,2024,3
2024-03-26 00:00:00+05:30,310.9916393,27.5,81.4,2024,3
2024-03-26 00:15:00+05:30,306.8235852,27.5,81.7,2024,3
2024-03-26 00:30:00+05:30,300.6907073,27.5,81.7,2024,3
2024-03-26 00:45:00+05:30,297.3175167,27.5,81.6,2024,3
2024-03-26 01:00:00+05:30,292.8257943,27.4,81.3,2024,3
2024-03-26 01:15:00+05:30,288.572826,27.4,80.8,2024,3
2024-03-26 01:30:00+05:30,285.3700379,27.3,80.4,2024,3
2024-03-26 01:45:00+05:30,283.0064999,27.3,79.5,2024,3
2024-03-26 02:00:00+05:30,281.7429938,27.2,79.2,2024,3
2024-03-26 02:15:00+05:30,278.4520285,27.2,78.6,2024,3
2024-03-26 02:30:00+05:30,275.6028625,27.1,78.3,2024,3
2024-03-26 02:45:00+05:30,272.5027475,27.1,78.0,2024,3
2024-03-26 03:00:00+05:30,269.6962094,27.0,77.7,2024,3
2024-03-26 03:15:00+05:30,267.528438,26.9,77.8,2024,3
2024-03-26 03:30:00+05:30,266.541174,26.9,78.0,2024,3
2024-03-26 03:45:00+05:30,264.955415,26.8,78.5,2024,3
2024-03-26 04:00:00+05:30,264.2477133,26.8,78.5,2024,3
2024-03-26 04:15:00+05:30,262.8777803,26.8,78.5,2024,3
2024-03-26 04:30:00+05:30,263.5023054,26.7,78.5,2024,3
2024-03-26 04:45:00+05:30,263.359019,26.5,78.8,2024,3
2024-03-26 05:00:00+05:30,263.729133,26.4,78.8,2024,3
2024-03-26 05:15:00+05:30,264.2405461,26.2,79.5,2024,3
2024-03-26 05:30:00+05:30,266.1594158,26.2,79.5,2024,3
2024-03-26 05:45:00+05:30,267.387013,26.1,79.5,2024,3
2024-03-26 06:00:00+05:30,271.8306783,26.0,79.7,2024,3
2024-03-26 06:15:00+05:30,269.7478038,25.9,79.6,2024,3
2024-03-26 06:30:00+05:30,269.3932741,25.9,80.2,2024,3
2024-03-26 06:45:00+05:30,268.7166977,25.9,80.7,2024,3
2024-03-26 07:00:00+05:30,269.4049106,25.9,80.8,2024,3
2024-03-26 07:15:00+05:30,271.6365891,26.1,80.3,2024,3
2024-03-26 07:30:00+05:30,274.5303731,26.3,79.8,2024,3
2024-03-26 07:45:00+05:30,276.8122688,26.7,78.5,2024,3
2024-03-26 08:00:00+05:30,280.5263212,27.1,76.9,2024,3
2024-03-26 08:15:00+05:30,284.0117967,27.6,75.3,2024,3
2024-03-26 08:30:00+05:30,286.8699277,28.1,72.7,2024,3
2024-03-26 08:45:00+05:30,290.3261273,28.7,69.8,2024,3
2024-03-26 09:00:00+05:30,291.4927885,29.2,67.5,2024,3
2024-03-26 09:15:00+05:30,291.1399547,29.6,65.4,2024,3
2024-03-26 09:30:00+05:30,292.3491027,30.0,64.3,2024,3
2024-03-26 09:45:00+05:30,293.8705492,30.5,61.3,2024,3
2024-03-26 10:00:00+05:30,295.6035179,31.1,58.9,2024,3
2024-03-26 10:15:00+05:30,297.3996879,31.4,57.1,2024,3
2024-03-26 10:30:00+05:30,295.5978856,31.8,55.5,2024,3
2024-03-26 10:45:00+05:30,298.3830664,32.2,56.0,2024,3
2024-03-26 11:00:00+05:30,299.7164441,32.2,56.9,2024,3
2024-03-26 11:15:00+05:30,299.5296139,32.5,56.7,2024,3
2024-03-26 11:30:00+05:30,302.2654198,32.5,58.5,2024,3
2024-03-26 11:45:00+05:30,305.0685582,32.3,61.7,2024,3
2024-03-26 12:00:00+05:30,310.209405,32.4,62.2,2024,3
2024-03-26 12:15:00+05:30,312.3812173,32.1,61.8,2024,3
2024-03-26 12:30:00+05:30,314.8805733,32.2,62.6,2024,3
2024-03-26 12:45:00+05:30,319.733348,32.5,62.4,2024,3
2024-03-26 13:00:00+05:30,321.4853919,32.3,62.8,2024,3
2024-03-26 13:15:00+05:30,323.1441556,32.5,62.2,2024,3
2024-03-26 13:30:00+05:30,324.6848654,32.9,60.9,2024,3
2024-03-26 13:45:00+05:30,325.7455469,33.0,60.8,2024,3
2024-03-26 14:00:00+05:30,325.612954,33.2,60.4,2024,3
2024-03-26 14:15:00+05:30,325.5966409,33.1,60.8,2024,3
2024-03-26 14:30:00+05:30,324.998678,33.1,61.3,2024,3
2024-03-26 14:45:00+05:30,325.5722301,33.0,61.9,2024,3
2024-03-26 15:00:00+05:30,327.5287222,33.0,62.2,2024,3
2024-03-26 15:15:00+05:30,326.6622489,32.8,62.3,2024,3
2024-03-26 15:30:00+05:30,328.149911,32.5,63.4,2024,3
2024-03-26 15:45:00+05:30,327.8384503,32.4,64.0,2024,3
2024-03-26 16:00:00+05:30,325.5356816,32.4,64.5,2024,3
2024-03-26 16:15:00+05:30,326.6209418,32.7,64.3,2024,3
2024-03-26 16:30:00+05:30,325.1256505,32.3,65.5,2024,3
2024-03-26 16:45:00+05:30,326.3458192,32.1,65.8,2024,3
2024-03-26 17:00:00+05:30,325.2479057,32.0,66.7,2024,3
2024-03-26 17:15:00+05:30,323.7300872,31.8,67.6,2024,3
2024-03-26 17:30:00+05:30,323.9979627,31.5,68.8,2024,3
2024-03-26 17:45:00+05:30,323.742548,31.1,69.7,2024,3
2024-03-26 18:00:00+05:30,325.7379136,30.6,70.9,2024,3
2024-03-26 18:15:00+05:30,326.8077813,30.2,72.4,2024,3
2024-03-26 18:30:00+05:30,328.5914448,29.8,73.7,2024,3
2024-03-26 18:45:00+05:30,331.3353811,29.3,75.1,2024,3
2024-03-26 19:00:00+05:30,335.0793211,29.1,76.0,2024,3
2024-03-26 19:15:00+05:30,336.6834401,29.0,76.3,2024,3
2024-03-26 19:30:00+05:30,338.2590376,28.9,76.7,2024,3
2024-03-26 19:45:00+05:30,338.7790112,28.8,76.6,2024,3
2024-03-26 20:00:00+05:30,338.2602254,28.7,76.4,2024,3
2024-03-26 20:15:00+05:30,335.7259972,28.7,76.4,2024,3
2024-03-26 20:30:00+05:30,334.588363,28.6,76.0,2024,3
2024-03-26 20:45:00+05:30,334.4852607,28.6,75.6,2024,3
2024-03-26 21:00:00+05:30,333.2781041,28.6,75.2,2024,3
2024-03-26 21:15:00+05:30,334.5443159,28.4,75.0,2024,3
2024-03-26 21:30:00+05:30,333.5643888,28.3,75.1,2024,3
2024-03-26 21:45:00+05:30,331.9931278,28.3,75.0,2024,3
2024-03-26 22:00:00+05:30,331.289797,28.2,74.8,2024,3
2024-03-26 22:15:00+05:30,329.077773,28.2,74.5,2024,3
2024-03-26 22:30:00+05:30,328.9768737,28.1,74.3,2024,3
2024-03-26 22:45:00+05:30,325.2720467,28.0,74.5,2024,3
2024-03-26 23:00:00+05:30,322.5321101,28.0,74.9,2024,3
2024-03-26 23:15:00+05:30,320.541321,27.9,74.9,2024,3
2024-03-26 23:30:00+05:30,320.8391258,27.8,75.6,2024,3
2024-03-26 23:45:00+05:30,316.0257136,27.7,75.9,2024,3
2024-03-27 00:00:00+05:30,327.7336378263278,27.6,76.4,2024,3
2024-03-27 00:15:00+05:30,324.0375294233123,27.5,76.7,2024,3
2024-03-27 00:30:00+05:30,320.3776103526255,27.4,77.0,2024,3
2024-03-27 00:45:00+05:30,313.3947097680375,27.4,76.7,2024,3
2024-03-27 01:00:00+05:30,308.1161942166124,27.3,76.7,2024,3
2024-03-27 01:15:00+05:30,303.79030010876664,27.3,77.1,2024,3
2024-03-27 01:30:00+05:30,300.386939652658,27.3,77.9,2024,3
2024-03-27 01:45:00+05:30,297.1753402794041,27.3,78.6,2024,3
2024-03-27 02:00:00+05:30,296.54776979697857,27.2,79.2,2024,3
2024-03-27 02:15:00+05:30,293.72852243805613,27.2,79.8,2024,3
2024-03-27 02:30:00+05:30,290.5783272084115,27.2,80.2,2024,3
2024-03-27 02:45:00+05:30,287.33978950541285,27.1,80.6,2024,3
2024-03-27 03:00:00+05:30,284.12934765613926,27.0,81.1,2024,3
2024-03-27 03:15:00+05:30,282.39776789868887,26.9,82.1,2024,3
2024-03-27 03:30:00+05:30,281.2921212535061,26.8,82.5,2024,3
2024-03-27 03:45:00+05:30,279.55717369024285,26.8,83.0,2024,3
2024-03-27 04:00:00+05:30,279.0302623686115,26.8,83.4,2024,3
2024-03-27 04:15:00+05:30,277.6427794969077,26.7,83.9,2024,3
2024-03-27 04:30:00+05:30,279.1400990524804,26.8,83.9,2024,3
2024-03-27 04:45:00+05:30,279.8445053956808,26.8,83.9,2024,3
2024-03-27 05:00:00+05:30,281.51911980162174,26.8,84.0,2024,3
2024-03-27 05:15:00+05:30,283.1862146129066,26.8,84.1,2024,3
2024-03-27 05:30:00+05:30,287.3739501147016,26.7,84.0,2024,3
2024-03-27 05:45:00+05:30,289.91983811273474,26.7,84.4,2024,3
2024-03-27 06:00:00+05:30,297.3458257775598,26.6,84.8,2024,3
2024-03-27 06:15:00+05:30,303.36512590080144,26.5,85.1,2024,3
2024-03-27 06:30:00+05:30,311.26343567758744,26.6,85.1,2024,3
2024-03-27 06:45:00+05:30,319.1624500879517,26.6,85.1,2024,3
2024-03-27 07:00:00+05:30,328.92251693917217,26.7,84.7,2024,3
2024-03-27 07:15:00+05:30,339.5637161513165,26.9,84.0,2024,3
2024-03-27 07:30:00+05:30,355.5340478966947,27.1,82.9,2024,3
2024-03-27 07:45:00+05:30,370.9691993997332,27.4,81.5,2024,3
2024-03-27 08:00:00+05:30,393.2590165693223,27.7,80.4,2024,3
2024-03-27 08:15:00+05:30,410.4875808659053,28.0,78.7,2024,3
2024-03-27 08:30:00+05:30,427.50003457883054,28.5,77.4,2024,3
2024-03-27 08:45:00+05:30,446.2366933098654,29.0,75.5,2024,3
2024-03-27 09:00:00+05:30,459.1038409679308,29.3,73.2,2024,3
2024-03-27 09:15:00+05:30,474.1658106419613,29.6,71.6,2024,3
2024-03-27 09:30:00+05:30,484.4052464577493,29.9,70.9,2024,3
2024-03-27 09:45:00+05:30,490.6324454681106,30.1,70.0,2024,3
2024-03-27 10:00:00+05:30,497.2555060851288,30.4,69.1,2024,3
2024-03-27 10:15:00+05:30,503.69272082331537,30.9,66.0,2024,3
2024-03-27 10:30:00+05:30,507.53287200685526,31.3,65.7,2024,3
2024-03-27 10:45:00+05:30,511.5893075569101,31.3,66.3,2024,3
2024-03-27 11:00:00+05:30,513.1205121054649,31.4,68.1,2024,3
2024-03-27 11:15:00+05:30,513.843478717407,31.5,68.8,2024,3
2024-03-27 11:30:00+05:30,515.1461411559087,31.6,68.5,2024,3
2024-03-27 11:45:00+05:30,513.8276524824399,31.8,68.0,2024,3
2024-03-27 12:00:00+05:30,514.3914408968786,32.1,67.1,2024,3
2024-03-27 12:15:00+05:30,514.4243428626704,32.1,67.0,2024,3
2024-03-27 12:30:00+05:30,514.6676338615385,32.2,66.7,2024,3
2024-03-27 12:45:00+05:30,513.8905382060066,32.3,66.1,2024,3
2024-03-27 13:00:00+05:30,508.3831253531837,32.4,65.8,2024,3
2024-03-27 13:15:00+05:30,506.22014121886974,32.3,65.9,2024,3
2024-03-27 13:30:00+05:30,502.7189681131763,32.3,65.6,2024,3
2024-03-27 13:45:00+05:30,504.2828326699716,32.4,64.6,2024,3
2024-03-27 14:00:00+05:30,508.3180032532729,32.5,64.1,2024,3
2024-03-27 14:15:00+05:30,509.6695946384539,32.5,63.6,2024,3
2024-03-27 14:30:00+05:30,509.87501736692775,32.7,63.0,2024,3
2024-03-27 14:45:00+05:30,510.3548856363083,32.5,63.0,2024,3
2024-03-27 15:00:00+05:30,510.3640687910035,32.5,62.9,2024,3
2024-03-27 15:15:00+05:30,509.6524194071057,32.4,64.0,2024,3
2024-03-27 15:30:00+05:30,507.2050782868907,32.4,63.7,2024,3
2024-03-27 15:45:00+05:30,505.64214919582736,32.3,64.4,2024,3
2024-03-27 16:00:00+05:30,502.8470197137077,32.5,63.8,2024,3
2024-03-27 16:15:00+05:30,500.931355559743,32.7,63.2,2024,3
2024-03-27 16:30:00+05:30,500.2099841495105,32.7,62.8,2024,3
2024-03-27 16:45:00+05:30,498.6737722675408,32.5,63.7,2024,3
2024-03-27 17:00:00+05:30,495.4948293493421,32.4,63.8,2024,3
2024-03-27 17:15:00+05:30,491.9859925191272,31.9,66.0,2024,3
2024-03-27 17:30:00+05:30,486.3268037574023,31.5,67.9,2024,3
2024-03-27 17:45:00+05:30,477.7440860767418,30.9,70.2,2024,3
2024-03-27 18:00:00+05:30,468.6090120969197,30.4,71.9,2024,3
2024-03-27 18:15:00+05:30,462.9098067255727,29.9,74.1,2024,3
2024-03-27 18:30:00+05:30,456.4201396974777,29.5,75.7,2024,3
2024-03-27 18:45:00+05:30,452.554315791889,29.3,77.0,2024,3
2024-03-27 19:00:00+05:30,446.29864306322185,29.0,77.6,2024,3
2024-03-27 19:15:00+05:30,441.2833843910122,28.9,78.1,2024,3
2024-03-27 19:30:00+05:30,434.5603631740186,28.8,78.7,2024,3
2024-03-27 19:45:00+05:30,428.1219930222466,28.8,78.9,2024,3
2024-03-27 20:00:00+05:30,422.6844043769304,28.6,79.3,2024,3
2024-03-27 20:15:00+05:30,416.0857504916102,28.6,79.6,2024,3
2024-03-27 20:30:00+05:30,410.6777928952568,28.6,79.3,2024,3
2024-03-27 20:45:00+05:30,403.6369250623565,28.6,79.6,2024,3
2024-03-27 21:00:00+05:30,397.0530539913194,28.5,79.6,2024,3
2024-03-27 21:15:00+05:30,392.47733225254296,28.4,79.8,2024,3
2024-03-27 21:30:00+05:30,386.18077214997913,28.3,80.2,2024,3
2024-03-27 21:45:00+05:30,378.8380480526308,28.3,80.0,2024,3
2024-03-27 22:00:00+05:30,376.0633537047423,28.2,80.3,2024,3
2024-03-27 22:15:00+05:30,370.5828664502974,28.2,80.1,2024,3
2024-03-27 22:30:00+05:30,364.2624635657731,28.1,80.4,2024,3
2024-03-27 22:45:00+05:30,361.0725166605894,28.1,80.4,2024,3
2024-03-27 23:00:00+05:30,357.3709479147027,28.0,80.0,2024,3
2024-03-27 23:15:00+05:30,352.7077108142419,28.0,79.8,2024,3
2024-03-27 23:30:00+05:30,349.64632345585386,27.9,79.9,2024,3
2024-03-27 23:45:00+05:30,342.97317202885733,27.9,80.0,2024,3
2024-03-28 00:00:00+05:30,336.0,27.8,80.0,2024,3
2024-03-28 00:15:00+05:30,327.0,27.8,79.6,2024,3
2024-03-28 00:30:00+05:30,328.0,27.7,79.1,2024,3
2024-03-28 00:45:00+05:30,317.0,27.7,78.8,2024,3
2024-03-28 01:00:00+05:30,313.0,27.6,78.2,2024,3
2024-03-28 01:15:00+05:30,311.0,27.5,77.8,2024,3
2024-03-28 01:30:00+05:30,305.0,27.4,77.6,2024,3
2024-03-28 01:45:00+05:30,304.0,27.4,77.2,2024,3
2024-03-28 02:00:00+05:30,300.0,27.3,76.9,2024,3
2024-03-28 02:15:00+05:30,296.0,27.3,77.0,2024,3
2024-03-28 02:30:00+05:30,293.0,27.2,76.9,2024,3
2024-03-28 02:45:00+05:30,290.0,27.2,76.7,2024,3
2024-03-28 03:00:00+05:30,287.0,27.1,77.1,2024,3
2024-03-28 03:15:00+05:30,285.0,27.0,77.0,2024,3
2024-03-28 03:30:00+05:30,285.0,27.0,77.0,2024,3
2024-03-28 03:45:00+05:30,284.0,26.9,77.6,2024,3
2024-03-28 04:00:00+05:30,283.0,26.9,77.8,2024,3
2024-03-28 04:15:00+05:30,281.0,26.9,78.3,2024,3
2024-03-28 04:30:00+05:30,282.0,26.9,78.6,2024,3
2024-03-28 04:45:00+05:30,281.0,26.8,79.1,2024,3
2024-03-28 05:00:00+05:30,282.0,26.7,79.8,2024,3
2024-03-28 05:15:00+05:30,284.0,26.7,80.3,2024,3
2024-03-28 05:30:00+05:30,288.0,26.7,81.2,2024,3
2024-03-28 05:45:00+05:30,294.0,26.6,81.6,2024,3
2024-03-28 06:00:00+05:30,300.0,26.5,82.4,2024,3
2024-03-28 06:15:00+05:30,303.0,26.6,82.4,2024,3
2024-03-28 06:30:00+05:30,313.0,26.5,82.6,2024,3
2024-03-28 06:45:00+05:30,319.0,26.5,83.3,2024,3
2024-03-28 07:00:00+05:30,328.0,26.5,83.2,2024,3
2024-03-28 07:15:00+05:30,342.0,26.7,83.4,2024,3
2024-03-28 07:30:00+05:30,357.0,26.9,82.7,2024,3
2024-03-28 07:45:00+05:30,372.0,27.2,81.6,2024,3
2024-03-28 08:00:00+05:30,393.0,27.5,80.6,2024,3
2024-03-28 08:15:00+05:30,412.0,27.9,78.5,2024,3
2024-03-28 08:30:00+05:30,429.0,28.3,77.4,2024,3
2024-03-28 08:45:00+05:30,444.0,28.6,76.8,2024,3
2024-03-28 09:00:00+05:30,459.0,28.9,76.0,2024,3
2024-03-28 09:15:00+05:30,472.0,29.2,74.5,2024,3
2024-03-28 09:30:00+05:30,483.0,29.6,72.6,2024,3
2024-03-28 09:45:00+05:30,490.0,30.1,70.7,2024,3
2024-03-28 10:00:00+05:30,499.0,30.4,69.2,2024,3
2024-03-28 10:15:00+05:30,509.0,30.9,67.7,2024,3
2024-03-28 10:30:00+05:30,510.0,31.4,66.4,2024,3
2024-03-28 10:45:00+05:30,516.0,31.8,66.9,2024,3
2024-03-28 11:00:00+05:30,517.0,31.9,66.2,2024,3
2024-03-28 11:15:00+05:30,517.0,32.2,66.2,2024,3
2024-03-28 11:30:00+05:30,518.0,32.5,65.5,2024,3
2024-03-28 11:45:00+05:30,517.0,32.6,64.5,2024,3
2024-03-28 12:00:00+05:30,517.0,32.7,64.1,2024,3
2024-03-28 12:15:00+05:30,517.0,32.9,64.8,2024,3
2024-03-28 12:30:00+05:30,518.0,32.9,65.2,2024,3
2024-03-28 12:45:00+05:30,521.0,32.7,66.1,2024,3
2024-03-28 13:00:00+05:30,516.0,32.6,66.8,2024,3
2024-03-28 13:15:00+05:30,512.0,32.6,66.5,2024,3
2024-03-28 13:30:00+05:30,510.0,32.3,66.8,2024,3
2024-03-28 13:45:00+05:30,511.0,32.3,67.0,2024,3
2024-03-28 14:00:00+05:30,514.0,32.4,66.2,2024,3
2024-03-28 14:15:00+05:30,515.0,32.4,66.3,2024,3
2024-03-28 14:30:00+05:30,516.0,32.3,66.0,2024,3
2024-03-28 14:45:00+05:30,516.0,32.3,65.9,2024,3
2024-03-28 15:00:00+05:30,512.0,32.3,65.5,2024,3
2024-03-28 15:15:00+05:30,510.0,32.1,65.7,2024,3
2024-03-28 15:30:00+05:30,512.0,32.0,66.2,2024,3
2024-03-28 15:45:00+05:30,511.0,31.8,67.7,2024,3
2024-03-28 16:00:00+05:30,509.0,32.1,66.9,2024,3
2024-03-28 16:15:00+05:30,502.0,31.7,67.8,2024,3
2024-03-28 16:30:00+05:30,501.0,31.3,69.0,2024,3
2024-03-28 16:45:00+05:30,495.0,31.3,68.8,2024,3
2024-03-28 17:00:00+05:30,492.0,31.2,69.5,2024,3
2024-03-28 17:15:00+05:30,490.0,30.9,69.9,2024,3
2024-03-28 17:30:00+05:30,482.0,30.9,69.4,2024,3
2024-03-28 17:45:00+05:30,475.0,30.8,69.0,2024,3
2024-03-28 18:00:00+05:30,464.0,30.4,70.3,2024,3
2024-03-28 18:15:00+05:30,463.0,30.1,70.9,2024,3
2024-03-28 18:30:00+05:30,457.0,29.6,72.8,2024,3
2024-03-28 18:45:00+05:30,453.0,29.3,73.9,2024,3
2024-03-28 19:00:00+05:30,445.0,29.0,74.9,2024,3
2024-03-28 19:15:00+05:30,439.0,28.8,76.0,2024,3
2024-03-28 19:30:00+05:30,432.0,28.7,76.5,2024,3
2024-03-28 19:45:00+05:30,425.0,28.7,77.1,2024,3
2024-03-28 20:00:00+05:30,418.0,28.7,77.5,2024,3
2024-03-28 20:15:00+05:30,409.0,28.6,77.8,2024,3
2024-03-28 20:30:00+05:30,403.0,28.6,77.7,2024,3
2024-03-28 20:45:00+05:30,399.0,28.5,77.3,2024,3
2024-03-28 21:00:00+05:30,393.0,28.5,77.0,2024,3
2024-03-28 21:15:00+05:30,387.0,28.5,77.0,2024,3
2024-03-28 21:30:00+05:30,384.0,28.4,76.7,2024,3
2024-03-28 21:45:00+05:30,377.0,28.4,76.7,2024,3
2024-03-28 22:00:00+05:30,371.0,28.4,76.7,2024,3
2024-03-28 22:15:00+05:30,366.0,28.4,76.7,2024,3
2024-03-28 22:30:00+05:30,365.0,28.2,77.2,2024,3
2024-03-28 22:45:00+05:30,362.0,28.2,77.6,2024,3
2024-03-28 23:00:00+05:30,357.0,28.1,78.1,2024,3
2024-03-28 23:15:00+05:30,352.0,28.0,78.8,2024,3
2024-03-28 23:30:00+05:30,346.0,28.0,79.6,2024,3
2024-03-28 23:45:00+05:30,342.0,27.9,79.7,2024,3
2024-03-29 00:00:00+05:30,336.0,27.9,79.0,2024,3
2024-03-29 00:15:00+05:30,331.0,27.9,78.3,2024,3
2024-03-29 00:30:00+05:30,325.0,27.8,78.0,2024,3
2024-03-29 00:45:00+05:30,322.0,27.8,77.6,2024,3
2024-03-29 01:00:00+05:30,317.0,27.7,77.6,2024,3
2024-03-29 01:15:00+05:30,312.0,27.6,77.9,2024,3
2024-03-29 01:30:00+05:30,307.0,27.6,77.6,2024,3
2024-03-29 01:45:00+05:30,303.0,27.6,77.6,2024,3
2024-03-29 02:00:00+05:30,303.0,27.5,78.0,2024,3
2024-03-29 02:15:00+05:30,298.0,27.5,78.2,2024,3
2024-03-29 02:30:00+05:30,296.0,27.5,78.0,2024,3
2024-03-29 02:45:00+05:30,293.0,27.6,77.7,2024,3
2024-03-29 03:00:00+05:30,290.0,27.5,77.9,2024,3
2024-03-29 03:15:00+05:30,287.0,27.5,77.9,2024,3
2024-03-29 03:30:00+05:30,286.0,27.4,78.2,2024,3
2024-03-29 03:45:00+05:30,284.0,27.4,77.8,2024,3
2024-03-29 04:00:00+05:30,282.0,27.4,77.9,2024,3
2024-03-29 04:15:00+05:30,281.0,27.3,78.0,2024,3
2024-03-29 04:30:00+05:30,281.0,27.4,77.9,2024,3
2024-03-29 04:45:00+05:30,279.0,27.3,77.6,2024,3
2024-03-29 05:00:00+05:30,284.0,27.3,77.4,2024,3
2024-03-29 05:15:00+05:30,285.0,27.3,77.2,2024,3
2024-03-29 05:30:00+05:30,286.0,27.3,76.3,2024,3
2024-03-29 05:45:00+05:30,288.0,27.4,76.4,2024,3
2024-03-29 06:00:00+05:30,294.0,27.4,75.0,2024,3
2024-03-29 06:15:00+05:30,297.0,27.3,75.8,2024,3
2024-03-29 06:30:00+05:30,303.0,27.2,76.0,2024,3
2024-03-29 06:45:00+05:30,306.0,27.2,77.0,2024,3
2024-03-29 07:00:00+05:30,313.0,27.2,77.2,2024,3
2024-03-29 07:15:00+05:30,321.0,27.3,76.8,2024,3
2024-03-29 07:30:00+05:30,330.0,27.4,77.2,2024,3
2024-03-29 07:45:00+05:30,339.0,27.6,76.9,2024,3
2024-03-29 08:00:00+05:30,354.0,27.9,75.7,2024,3
2024-03-29 08:15:00+05:30,369.0,28.2,73.8,2024,3
2024-03-29 08:30:00+05:30,383.0,28.8,71.4,2024,3
2024-03-29 08:45:00+05:30,397.0,29.3,69.4,2024,3
2024-03-29 09:00:00+05:30,410.0,29.8,66.5,2024,3
2024-03-29 09:15:00+05:30,421.0,30.2,65.4,2024,3
2024-03-29 09:30:00+05:30,429.0,30.6,65.0,2024,3
2024-03-29 09:45:00+05:30,436.0,31.0,62.9,2024,3
2024-03-29 10:00:00+05:30,445.0,31.4,61.2,2024,3
2024-03-29 10:15:00+05:30,452.0,31.6,61.8,2024,3
2024-03-29 10:30:00+05:30,457.0,31.9,61.9,2024,3
2024-03-29 10:45:00+05:30,464.0,32.2,61.1,2024,3
2024-03-29 11:00:00+05:30,466.0,32.3,61.6,2024,3
2024-03-29 11:15:00+05:30,468.0,32.4,61.5,2024,3
2024-03-29 11:30:00+05:30,468.0,32.3,61.7,2024,3
2024-03-29 11:45:00+05:30,468.0,32.1,62.6,2024,3
2024-03-29 12:00:00+05:30,469.0,32.2,63.3,2024,3
2024-03-29 12:15:00+05:30,468.0,32.4,64.1,2024,3
2024-03-29 12:30:00+05:30,469.0,32.6,63.7,2024,3
2024-03-29 12:45:00+05:30,468.0,32.6,63.9,2024,3
2024-03-29 13:00:00+05:30,464.0,32.8,63.6,2024,3
2024-03-29 13:15:00+05:30,461.0,32.6,64.8,2024,3
2024-03-29 13:30:00+05:30,458.0,32.6,64.9,2024,3
2024-03-29 13:45:00+05:30,457.0,32.5,65.0,2024,3
2024-03-29 14:00:00+05:30,459.0,32.5,64.9,2024,3
2024-03-29 14:15:00+05:30,462.0,32.4,64.5,2024,3
2024-03-29 14:30:00+05:30,465.0,32.5,63.9,2024,3
2024-03-29 14:45:00+05:30,464.0,32.7,63.7,2024,3
2024-03-29 15:00:00+05:30,467.0,32.5,63.8,2024,3
2024-03-29 15:15:00+05:30,466.0,32.5,63.1,2024,3
2024-03-29 15:30:00+05:30,466.0,32.7,62.3,2024,3
2024-03-29 15:45:00+05:30,465.0,32.7,62.2,2024,3
2024-03-29 16:00:00+05:30,464.0,32.7,61.7,2024,3
2024-03-29 16:15:00+05:30,462.0,32.7,60.3,2024,3
2024-03-29 16:30:00+05:30,458.0,32.6,59.7,2024,3
2024-03-29 16:45:00+05:30,453.0,32.6,59.2,2024,3
2024-03-29 17:00:00+05:30,451.0,32.2,59.9,2024,3
2024-03-29 17:15:00+05:30,451.0,32.1,59.9,2024,3
2024-03-29 17:30:00+05:30,445.0,32.0,60.3,2024,3
2024-03-29 17:45:00+05:30,440.0,31.4,61.9,2024,3
2024-03-29 18:00:00+05:30,435.0,30.9,64.0,2024,3
2024-03-29 18:15:00+05:30,433.0,30.4,65.9,2024,3
2024-03-29 18:30:00+05:30,432.0,29.9,68.3,2024,3
2024-03-29 18:45:00+05:30,429.0,29.6,69.9,2024,3
2024-03-29 19:00:00+05:30,427.0,29.4,71.1,2024,3
2024-03-29 19:15:00+05:30,422.0,29.2,71.1,2024,3
2024-03-29 19:30:00+05:30,416.0,29.1,70.7,2024,3
2024-03-29 19:45:00+05:30,410.0,29.1,71.0,2024,3
2024-03-29 20:00:00+05:30,404.0,29.0,71.1,2024,3
2024-03-29 20:15:00+05:30,398.0,29.0,71.1,2024,3
2024-03-29 20:30:00+05:30,392.0,28.9,71.4,2024,3
2024-03-29 20:45:00+05:30,390.0,28.9,72.1,2024,3
2024-03-29 21:00:00+05:30,385.0,28.8,72.9,2024,3
2024-03-29 21:15:00+05:30,382.0,28.7,73.4,2024,3
2024-03-29 21:30:00+05:30,379.0,28.7,73.7,2024,3
2024-03-29 21:45:00+05:30,374.0,28.6,74.0,2024,3
2024-03-29 22:00:00+05:30,368.0,28.6,74.2,2024,3
2024-03-29 22:15:00+05:30,364.0,28.4,74.8,2024,3
2024-03-29 22:30:00+05:30,361.0,28.3,75.5,2024,3
2024-03-29 22:45:00+05:30,360.0,28.2,75.4,2024,3
2024-03-29 23:00:00+05:30,354.0,28.1,76.2,2024,3
2024-03-29 23:15:00+05:30,349.0,28.1,76.4,2024,3
2024-03-29 23:30:00+05:30,346.0,28.1,77.0,2024,3
2024-03-29 23:45:00+05:30,342.0,28.0,77.5,2024,3
2024-03-30 00:00:00+05:30,335.5261852013141,27.8,78.8,2024,3
2024-03-30 00:15:00+05:30,330.4856844033608,27.8,79.4,2024,3
2024-03-30 00:30:00+05:30,326.1070889616252,27.8,79.1,2024,3
2024-03-30 00:45:00+05:30,320.9613550295105,27.8,79.4,2024,3
2024-03-30 01:00:00+05:30,315.549406245892,27.8,79.6,2024,3
2024-03-30 01:15:00+05:30,311.7074395634469,27.7,79.4,2024,3
2024-03-30 01:30:00+05:30,308.7448164194035,27.8,79.4,2024,3
2024-03-30 01:45:00+05:30,304.9504141779366,27.7,79.6,2024,3
2024-03-30 02:00:00+05:30,300.2032849212172,27.6,79.7,2024,3
2024-03-30 02:15:00+05:30,299.7618256401098,27.6,79.3,2024,3
2024-03-30 02:30:00+05:30,297.4172688968302,27.4,79.1,2024,3
2024-03-30 02:45:00+05:30,291.58878875383,27.3,79.1,2024,3
2024-03-30 03:00:00+05:30,290.3474050413089,27.3,78.9,2024,3
2024-03-30 03:15:00+05:30,289.1225531581616,27.3,78.5,2024,3
2024-03-30 03:30:00+05:30,287.8832324880234,27.2,78.2,2024,3
2024-03-30 03:45:00+05:30,285.7728028632582,27.1,78.4,2024,3
2024-03-30 04:00:00+05:30,283.2496319057065,27.0,78.6,2024,3
2024-03-30 04:15:00+05:30,281.5033739683125,26.9,79.4,2024,3
2024-03-30 04:30:00+05:30,282.3365612740116,26.9,79.0,2024,3
2024-03-30 04:45:00+05:30,280.4014511682242,26.9,78.8,2024,3
2024-03-30 05:00:00+05:30,282.8007151405125,26.8,78.9,2024,3
2024-03-30 05:15:00+05:30,283.6804873142028,26.8,78.5,2024,3
2024-03-30 05:30:00+05:30,283.9348226013702,26.7,78.7,2024,3
2024-03-30 05:45:00+05:30,286.5058794163876,26.7,78.7,2024,3
2024-03-30 06:00:00+05:30,291.1000456793466,26.6,79.0,2024,3
2024-03-30 06:15:00+05:30,292.7368913283519,26.6,79.1,2024,3
2024-03-30 06:30:00+05:30,294.302658996244,26.6,78.9,2024,3
2024-03-30 06:45:00+05:30,298.125312086243,26.5,79.1,2024,3
2024-03-30 07:00:00+05:30,305.3742537111053,26.6,79.5,2024,3
2024-03-30 07:15:00+05:30,310.9032259571014,26.8,79.7,2024,3
2024-03-30 07:30:00+05:30,320.0680907172282,26.9,79.6,2024,3
2024-03-30 07:45:00+05:30,327.8387064580861,27.2,79.3,2024,3
2024-03-30 08:00:00+05:30,338.9997816864194,27.7,78.1,2024,3
2024-03-30 08:15:00+05:30,353.5408146364472,28.2,76.7,2024,3
2024-03-30 08:30:00+05:30,369.8129285197816,28.6,75.5,2024,3
2024-03-30 08:45:00+05:30,384.6366946610851,29.0,74.9,2024,3
2024-03-30 09:00:00+05:30,398.0863014329829,29.3,73.7,2024,3
2024-03-30 09:15:00+05:30,411.0283468325466,29.6,72.7,2024,3
2024-03-30 09:30:00+05:30,419.4871348053469,29.8,71.9,2024,3
2024-03-30 09:45:00+05:30,431.8066242303701,29.8,71.5,2024,3
2024-03-30 10:00:00+05:30,440.5339689611118,30.2,70.2,2024,3
2024-03-30 10:15:00+05:30,445.7002265997226,30.6,68.4,2024,3
2024-03-30 10:30:00+05:30,446.7328146666182,30.9,66.8,2024,3
2024-03-30 10:45:00+05:30,449.678028060151,31.4,64.7,2024,3
2024-03-30 11:00:00+05:30,453.6408458068806,31.7,62.7,2024,3
2024-03-30 11:15:00+05:30,454.6385604910631,32.1,61.5,2024,3
2024-03-30 11:30:00+05:30,453.6328268655132,32.5,59.5,2024,3
2024-03-30 11:45:00+05:30,454.5856978851688,32.6,59.6,2024,3
2024-03-30 12:00:00+05:30,454.9673141379297,33.0,58.7,2024,3
2024-03-30 12:15:00+05:30,456.7261031319039,33.3,58.5,2024,3
2024-03-30 12:30:00+05:30,454.3849513902694,33.2,58.7,2024,3
2024-03-30 12:45:00+05:30,450.9926369580666,33.0,59.7,2024,3
2024-03-30 13:00:00+05:30,444.7441625175634,32.8,60.3,2024,3
2024-03-30 13:15:00+05:30,444.0473068936555,32.7,60.3,2024,3
2024-03-30 13:30:00+05:30,442.8864063129915,32.5,61.2,2024,3
2024-03-30 13:45:00+05:30,443.0704429908512,32.6,61.1,2024,3
2024-03-30 14:00:00+05:30,443.526438543705,32.7,60.3,2024,3
2024-03-30 14:15:00+05:30,445.9115937402006,32.7,59.8,2024,3
2024-03-30 14:30:00+05:30,447.1974774306278,32.5,59.4,2024,3
2024-03-30 14:45:00+05:30,443.9953454151431,32.3,60.1,2024,3
2024-03-30 15:00:00+05:30,444.2179416355382,32.3,59.4,2024,3
2024-03-30 15:15:00+05:30,443.0569472673134,32.3,58.0,2024,3
2024-03-30 15:30:00+05:30,442.7701165967267,32.5,56.6,2024,3
2024-03-30 15:45:00+05:30,445.5288160446207,32.8,55.9,2024,3
2024-03-30 16:00:00+05:30,447.8588122799973,33.1,55.5,2024,3
2024-03-30 16:15:00+05:30,446.0005194875145,33.2,56.2,2024,3
2024-03-30 16:30:00+05:30,443.0208732114128,33.2,57.3,2024,3
2024-03-30 16:45:00+05:30,439.6330922990273,33.0,58.3,2024,3
2024-03-30 17:00:00+05:30,432.6775620049652,32.5,59.8,2024,3
2024-03-30 17:15:00+05:30,424.9070058123727,32.2,60.4,2024,3
2024-03-30 17:30:00+05:30,420.0915240026418,31.9,61.6,2024,3
2024-03-30 17:45:00+05:30,420.7761404390803,31.6,62.1,2024,3
2024-03-30 18:00:00+05:30,413.2574496901708,31.3,62.7,2024,3
2024-03-30 18:15:00+05:30,414.3103307036511,30.8,64.1,2024,3
2024-03-30 18:30:00+05:30,415.2407179537786,30.3,65.4,2024,3
2024-03-30 18:45:00+05:30,417.6288010654219,29.9,66.1,2024,3
2024-03-30 19:00:00+05:30,411.8474854713052,29.7,66.5,2024,3
2024-03-30 19:15:00+05:30,410.1693413005514,29.5,67.1,2024,3
2024-03-30 19:30:00+05:30,408.6917686567234,29.4,67.6,2024,3
2024-03-30 19:45:00+05:30,402.3652383180249,29.3,68.3,2024,3
2024-03-30 20:00:00+05:30,395.1549893996956,29.2,68.8,2024,3
2024-03-30 20:15:00+05:30,391.2802918708886,29.1,69.3,2024,3
2024-03-30 20:30:00+05:30,390.9849003389335,29.1,69.5,2024,3
2024-03-30 20:45:00+05:30,384.9567258828774,29.0,69.8,2024,3
2024-03-30 21:00:00+05:30,381.6699216145955,29.0,70.2,2024,3
2024-03-30 21:15:00+05:30,373.4960880857115,29.0,70.2,2024,3
2024-03-30 21:30:00+05:30,371.738926082959,29.0,69.9,2024,3
2024-03-30 21:45:00+05:30,369.6197530209138,28.9,69.5,2024,3
2024-03-30 22:00:00+05:30,364.5319204174241,28.8,70.0,2024,3
2024-03-30 22:15:00+05:30,360.8323520731945,28.8,70.3,2024,3
2024-03-30 22:30:00+05:30,356.0378804818891,28.7,70.8,2024,3
2024-03-30 22:45:00+05:30,350.8434592785186,28.6,71.6,2024,3
2024-03-30 23:00:00+05:30,346.5216812982269,28.6,71.6,2024,3
2024-03-30 23:15:00+05:30,341.688852466506,28.6,72.2,2024,3
2024-03-30 23:30:00+05:30,337.2130663870487,28.5,72.7,2024,3
2024-03-30 23:45:00+05:30,335.0998429301152,28.4,73.7,2024,3
2024-03-31 00:00:00+05:30,330.6988502182154,28.3,74.7,2024,3
2024-03-31 00:15:00+05:30,326.846196754766,28.2,75.8,2024,3
2024-03-31 00:30:00+05:30,323.1825870535803,28.1,77.0,2024,3
2024-03-31 00:45:00+05:30,318.649841558879,28.0,77.8,2024,3
2024-03-31 01:00:00+05:30,314.3627958668777,28.0,78.1,2024,3
2024-03-31 01:15:00+05:30,308.2697023437079,28.0,77.8,2024,3
2024-03-31 01:30:00+05:30,304.6855114030441,27.9,76.8,2024,3
2024-03-31 01:45:00+05:30,300.8112977275987,27.9,76.8,2024,3
2024-03-31 02:00:00+05:30,296.5096428244548,27.8,76.7,2024,3
2024-03-31 02:15:00+05:30,293.4416592176864,27.6,75.9,2024,3
2024-03-31 02:30:00+05:30,290.8833201609314,27.5,75.0,2024,3
2024-03-31 02:45:00+05:30,288.448688215787,27.4,73.3,2024,3
2024-03-31 03:00:00+05:30,285.4582440292557,27.3,72.7,2024,3
2024-03-31 03:15:00+05:30,283.9091595481209,27.3,72.3,2024,3
2024-03-31 03:30:00+05:30,282.3416699690423,27.3,70.7,2024,3
2024-03-31 03:45:00+05:30,279.3780539695494,27.3,70.2,2024,3
2024-03-31 04:00:00+05:30,279.2731059040241,27.2,70.3,2024,3
2024-03-31 04:15:00+05:30,274.830230356358,27.1,70.5,2024,3
2024-03-31 04:30:00+05:30,275.2759520346061,27.1,70.4,2024,3
2024-03-31 04:45:00+05:30,274.1873598743915,26.9,70.7,2024,3
2024-03-31 05:00:00+05:30,276.6456921905241,26.9,70.7,2024,3
2024-03-31 05:15:00+05:30,275.5027963985028,26.8,71.0,2024,3
2024-03-31 05:30:00+05:30,275.1188603785013,26.8,70.6,2024,3
2024-03-31 05:45:00+05:30,274.9313175615661,26.7,70.6,2024,3
2024-03-31 06:00:00+05:30,281.2680665554691,26.7,70.9,2024,3
2024-03-31 06:15:00+05:30,281.5720869520594,26.6,71.1,2024,3
2024-03-31 06:30:00+05:30,280.7636518215946,26.6,70.9,2024,3
2024-03-31 06:45:00+05:30,280.0409233747033,26.7,70.7,2024,3
2024-03-31 07:00:00+05:30,281.8986798097408,26.7,71.2,2024,3
2024-03-31 07:15:00+05:30,283.6327404923302,26.9,71.0,2024,3
2024-03-31 07:30:00+05:30,287.3319399582595,27.2,71.0,2024,3
2024-03-31 07:45:00+05:30,289.187363023514,27.6,70.8,2024,3
2024-03-31 08:00:00+05:30,295.5001896476776,28.0,70.4,2024,3
2024-03-31 08:15:00+05:30,304.226147462458,28.5,69.3,2024,3
2024-03-31 08:30:00+05:30,310.190500417564,29.1,67.6,2024,3
2024-03-31 08:45:00+05:30,316.7570185910527,29.6,66.7,2024,3
2024-03-31 09:00:00+05:30,323.6372989144863,30.0,65.4,2024,3
2024-03-31 09:15:00+05:30,328.8088906008496,30.3,64.5,2024,3
2024-03-31 09:30:00+05:30,336.6879061518686,30.6,64.3,2024,3
2024-03-31 09:45:00+05:30,342.4774040485988,31.0,61.8,2024,3
2024-03-31 10:00:00+05:30,348.1059098983362,31.3,60.2,2024,3
2024-03-31 10:15:00+05:30,352.56147692339,31.7,59.6,2024,3
2024-03-31 10:30:00+05:30,357.102478886949,32.2,58.7,2024,3
2024-03-31 10:45:00+05:30,361.3546579913335,32.4,58.6,2024,3
2024-03-31 11:00:00+05:30,364.1385074644579,32.7,57.5,2024,3
2024-03-31 11:15:00+05:30,366.5759635005833,33.0,56.8,2024,3
2024-03-31 11:30:00+05:30,369.601896432673,33.4,56.2,2024,3
2024-03-31 11:45:00+05:30,372.8293504877393,33.7,55.6,2024,3
2024-03-31 12:00:00+05:30,374.0762707853588,33.8,56.8,2024,3
2024-03-31 12:15:00+05:30,373.5351790556527,33.7,57.0,2024,3
2024-03-31 12:30:00+05:30,373.6673417733642,33.7,57.4,2024,3
2024-03-31 12:45:00+05:30,375.2132442424019,34.1,57.0,2024,3
2024-03-31 13:00:00+05:30,373.7960367426717,33.9,57.3,2024,3
2024-03-31 13:15:00+05:30,374.7730354669217,33.8,57.2,2024,3
2024-03-31 13:30:00+05:30,373.922924121218,33.9,56.2,2024,3
2024-03-31 13:45:00+05:30,373.6907091523472,34.2,54.6,2024,3
2024-03-31 14:00:00+05:30,376.3553128600108,34.3,54.1,2024,3
2024-03-31 14:15:00+05:30,378.4084156496647,34.3,53.7,2024,3
2024-03-31 14:30:00+05:30,378.8378440061274,34.1,52.9,2024,3
2024-03-31 14:45:00+05:30,376.5420346617526,34.4,51.0,2024,3
2024-03-31 15:00:00+05:30,378.2614723282843,34.4,49.7,2024,3
2024-03-31 15:15:00+05:30,376.6662303407172,34.4,47.9,2024,3
2024-03-31 15:30:00+05:30,375.3045646881883,34.4,45.5,2024,3
2024-03-31 15:45:00+05:30,374.2672377086656,34.3,43.8,2024,3
2024-03-31 16:00:00+05:30,371.7876742717615,34.5,42.6,2024,3
2024-03-31 16:15:00+05:30,367.4420910706361,34.5,42.5,2024,3
2024-03-31 16:30:00+05:30,365.8985598043209,34.7,42.6,2024,3
2024-03-31 16:45:00+05:30,364.4114525473315,34.4,43.5,2024,3
2024-03-31 17:00:00+05:30,361.2939894006592,34.2,44.3,2024,3
2024-03-31 17:15:00+05:30,359.5063679807913,34.0,45.4,2024,3
2024-03-31 17:30:00+05:30,357.3361099160333,33.4,47.4,2024,3
2024-03-31 17:45:00+05:30,356.2699876700776,33.2,48.3,2024,3
2024-03-31 18:00:00+05:30,355.6350200611172,32.8,49.0,2024,3
2024-03-31 18:15:00+05:30,358.1406255898601,32.3,50.0,2024,3
2024-03-31 18:30:00+05:30,362.0003060241763,31.7,51.9,2024,3
2024-03-31 18:45:00+05:30,362.0991321787311,31.2,54.4,2024,3
2024-03-31 19:00:00+05:30,360.7934206735631,30.8,56.0,2024,3
2024-03-31 19:15:00+05:30,361.7341787874061,30.5,57.5,2024,3
2024-03-31 19:30:00+05:30,361.1788891033569,30.4,58.0,2024,3
2024-03-31 19:45:00+05:30,361.6538445892422,30.3,58.2,2024,3
2024-03-31 20:00:00+05:30,361.5289532319699,30.2,58.4,2024,3
2024-03-31 20:15:00+05:30,357.8481566516961,30.2,57.6,2024,3
2024-03-31 20:30:00+05:30,357.8939029956429,30.1,57.6,2024,3
2024-03-31 20:45:00+05:30,359.1761658449722,30.0,58.0,2024,3
2024-03-31 21:00:00+05:30,357.323902234523,29.9,58.6,2024,3
2024-03-31 21:15:00+05:30,355.9264013013388,29.8,58.4,2024,3
2024-03-31 21:30:00+05:30,354.0556991011622,29.6,58.5,2024,3
2024-03-31 21:45:00+05:30,352.0643167658448,29.5,58.5,2024,3
2024-03-31 22:00:00+05:30,349.0073349901017,29.4,58.3,2024,3
2024-03-31 22:15:00+05:30,346.2282458245776,29.3,58.3,2024,3
2024-03-31 22:30:00+05:30,343.6733010440632,29.2,57.6,2024,3
2024-03-31 22:45:00+05:30,342.5765011209822,29.0,57.3,2024,3
2024-03-31 23:00:00+05:30,337.0313257638373,28.8,57.6,2024,3
2024-03-31 23:15:00+05:30,333.6892319490727,28.6,58.5,2024,3
2024-03-31 23:30:00+05:30,332.2198873242074,28.6,58.4,2024,3
2024-03-31 23:45:00+05:30,329.1315114779694,28.5,60.7,2024,3
2024-04-01 00:00:00+05:30,326.4109270173769,28.5,63.7,2024,4
2024-04-01 00:15:00+05:30,323.4987175648046,28.5,66.3,2024,4
2024-04-01 00:30:00+05:30,320.4032574960145,28.4,67.4,2024,4
2024-04-01 00:45:00+05:30,316.1190914330122,28.4,68.1,2024,4
2024-04-01 01:00:00+05:30,310.89836003292896,28.3,69.2,2024,4
2024-04-01 01:15:00+05:30,304.29832191613144,28.2,69.7,2024,4
2024-04-01 01:30:00+05:30,304.2162763621142,28.1,71.2,2024,4
2024-04-01 01:45:00+05:30,299.9473280926961,28.0,72.3,2024,4
2024-04-01 02:00:00+05:30,296.87406679197755,27.9,72.9,2024,4
2024-04-01 02:15:00+05:30,296.4285431425263,27.9,73.6,2024,4
2024-04-01 02:30:00+05:30,293.09031359388166,27.8,74.2,2024,4
2024-04-01 02:45:00+05:30,288.987046931887,27.7,74.7,2024,4
2024-04-01 03:00:00+05:30,286.49744859200644,27.6,75.3,2024,4
2024-04-01 03:15:00+05:30,285.297506130123,27.5,75.9,2024,4
2024-04-01 03:30:00+05:30,282.85038247775105,27.4,76.5,2024,4
2024-04-01 03:45:00+05:30,279.62497174211563,27.4,76.7,2024,4
2024-04-01 04:00:00+05:30,280.14299011729986,27.4,77.2,2024,4
2024-04-01 04:15:00+05:30,279.5850247241549,27.3,77.6,2024,4
2024-04-01 04:30:00+05:30,282.13761152022767,27.2,77.6,2024,4
2024-04-01 04:45:00+05:30,282.6933113196335,27.1,76.6,2024,4
2024-04-01 05:00:00+05:30,283.3912775183474,27.1,74.4,2024,4
2024-04-01 05:15:00+05:30,281.54428755192185,27.0,72.9,2024,4
2024-04-01 05:30:00+05:30,287.7559785880323,27.0,71.7,2024,4
2024-04-01 05:45:00+05:30,296.3619381551813,26.9,71.7,2024,4
2024-04-01 06:00:00+05:30,302.7379263590247,26.9,71.4,2024,4
2024-04-01 06:15:00+05:30,307.1026132813035,26.8,71.4,2024,4
2024-04-01 06:30:00+05:30,311.7747567701266,26.8,72.0,2024,4
2024-04-01 06:45:00+05:30,318.07156020467994,26.8,72.2,2024,4
2024-04-01 07:00:00+05:30,325.3393891223293,26.9,72.5,2024,4
2024-04-01 07:15:00+05:30,339.5529176642048,27.1,72.6,2024,4
2024-04-01 07:30:00+05:30,357.4865917510612,27.3,72.4,2024,4
2024-04-01 07:45:00+05:30,371.5472101002215,27.6,72.3,2024,4
2024-04-01 08:00:00+05:30,391.86452086831287,27.9,71.0,2024,4
2024-04-01 08:15:00+05:30,413.7643401504407,28.5,70.0,2024,4
2024-04-01 08:30:00+05:30,431.0938586197733,29.0,67.9,2024,4
2024-04-01 08:45:00+05:30,445.09485281534864,29.5,66.6,2024,4
2024-04-01 09:00:00+05:30,465.6558080054861,29.9,64.9,2024,4
2024-04-01 09:15:00+05:30,481.6799351743642,30.4,63.4,2024,4
2024-04-01 09:30:00+05:30,492.5838920771743,30.7,61.4,2024,4
2024-04-01 09:45:00+05:30,497.132214900076,31.1,58.8,2024,4
2024-04-01 10:00:00+05:30,506.7967184432271,31.6,55.8,2024,4
2024-04-01 10:15:00+05:30,510.2294954786855,31.9,54.5,2024,4
2024-04-01 10:30:00+05:30,514.5318570704164,32.4,52.6,2024,4
2024-04-01 10:45:00+05:30,516.7015989146046,32.8,51.3,2024,4
2024-04-01 11:00:00+05:30,518.4438706015892,33.1,51.0,2024,4
2024-04-01 11:15:00+05:30,521.2656185019517,33.4,48.8,2024,4
2024-04-01 11:30:00+05:30,521.7741613064253,33.6,49.4,2024,4
2024-04-01 11:45:00+05:30,522.0744231347278,34.0,50.4,2024,4
2024-04-01 12:00:00+05:30,524.5533158954183,34.0,51.5,2024,4
2024-04-01 12:15:00+05:30,527.5442474058145,34.1,52.2,2024,4
2024-04-01 12:30:00+05:30,526.8692454991678,34.0,54.5,2024,4
2024-04-01 12:45:00+05:30,526.5904053009801,33.9,55.8,2024,4
2024-04-01 13:00:00+05:30,525.3596448071727,33.9,55.7,2024,4
2024-04-01 13:15:00+05:30,520.3662391009703,33.7,56.5,2024,4
2024-04-01 13:30:00+05:30,519.8128722585652,33.8,56.6,2024,4
2024-04-01 13:45:00+05:30,519.5456479114687,33.8,57.0,2024,4
2024-04-01 14:00:00+05:30,522.6502550307607,33.6,57.6,2024,4
2024-04-01 14:15:00+05:30,524.2859660146343,33.6,57.9,2024,4
2024-04-01 14:30:00+05:30,525.3694229685043,33.2,58.1,2024,4
2024-04-01 14:45:00+05:30,528.0039599831537,33.2,58.9,2024,4
2024-04-01 15:00:00+05:30,527.6791249964404,33.0,59.3,2024,4
2024-04-01 15:15:00+05:30,525.3472370167846,32.8,59.4,2024,4
2024-04-01 15:30:00+05:30,522.6953678499923,32.5,60.6,2024,4
2024-04-01 15:45:00+05:30,521.8028723749233,32.6,60.0,2024,4
2024-04-01 16:00:00+05:30,520.750496190202,32.7,59.4,2024,4
2024-04-01 16:15:00+05:30,517.4690455743269,33.1,57.7,2024,4
2024-04-01 16:30:00+05:30,512.1359983730031,33.4,56.5,2024,4
2024-04-01 16:45:00+05:30,509.5009953387705,33.3,57.0,2024,4
2024-04-01 17:00:00+05:30,503.3990302942087,33.0,57.5,2024,4
2024-04-01 17:15:00+05:30,501.93074586083367,32.5,60.4,2024,4
2024-04-01 17:30:00+05:30,492.7928328820736,32.1,61.2,2024,4
2024-04-01 17:45:00+05:30,483.4278909254464,31.9,61.6,2024,4
2024-04-01 18:00:00+05:30,474.34238884098886,31.5,62.6,2024,4
2024-04-01 18:15:00+05:30,466.7591262858394,31.0,63.3,2024,4
2024-04-01 18:30:00+05:30,459.5375770607408,30.4,65.1,2024,4
2024-04-01 18:45:00+05:30,455.287767360803,30.0,66.2,2024,4
2024-04-01 19:00:00+05:30,449.23475258219145,29.6,67.4,2024,4
2024-04-01 19:15:00+05:30,439.6494722769828,29.4,67.7,2024,4
2024-04-01 19:30:00+05:30,432.1887631819927,29.2,68.7,2024,4
2024-04-01 19:45:00+05:30,428.50435093090096,29.1,69.1,2024,4
2024-04-01 20:00:00+05:30,421.0109111543645,29.0,69.0,2024,4
2024-04-01 20:15:00+05:30,413.6501613822164,29.1,68.8,2024,4
2024-04-01 20:30:00+05:30,406.3666773245464,29.0,68.8,2024,4
2024-04-01 20:45:00+05:30,399.67940145936393,28.9,69.4,2024,4
2024-04-01 21:00:00+05:30,395.4162706587392,28.9,69.9,2024,4
2024-04-01 21:15:00+05:30,391.4847071359683,28.8,70.7,2024,4
2024-04-01 21:30:00+05:30,386.9622456917251,28.7,71.2,2024,4
2024-04-01 21:45:00+05:30,384.049975701038,28.5,71.9,2024,4
2024-04-01 22:00:00+05:30,381.9921059430863,28.4,72.6,2024,4
2024-04-01 22:15:00+05:30,378.39572052231085,28.3,73.3,2024,4
2024-04-01 22:30:00+05:30,373.6529525706155,28.2,73.8,2024,4
2024-04-01 22:45:00+05:30,371.2781957520791,28.1,74.5,2024,4
2024-04-01 23:00:00+05:30,366.8929273151871,28.0,75.1,2024,4
2024-04-01 23:15:00+05:30,366.3514284740986,27.9,75.7,2024,4
2024-04-01 23:30:00+05:30,357.71030067434054,27.9,76.2,2024,4
2024-04-01 23:45:00+05:30,352.6675369920183,27.8,76.8,2024,4
2024-04-02 00:00:00+05:30,345.22223775449,27.8,77.0,2024,4
2024-04-02 00:15:00+05:30,339.90730564785645,27.7,77.4,2024,4
2024-04-02 00:30:00+05:30,333.2577123672696,27.6,78.0,2024,4
2024-04-02 00:45:00+05:30,328.76029487595133,27.5,78.4,2024,4
2024-04-02 01:00:00+05:30,323.0988246558946,27.5,78.6,2024,4
2024-04-02 01:15:00+05:30,316.3379722767879,27.4,78.5,2024,4
2024-04-02 01:30:00+05:30,311.97117107887226,27.4,77.5,2024,4
2024-04-02 01:45:00+05:30,308.2672729831072,27.4,76.4,2024,4
2024-04-02 02:00:00+05:30,305.5920684374365,27.4,75.6,2024,4
2024-04-02 02:15:00+05:30,297.24485818335114,27.3,75.2,2024,4
2024-04-02 02:30:00+05:30,293.79952734289645,27.2,74.5,2024,4
2024-04-02 02:45:00+05:30,291.15378577180434,27.2,73.4,2024,4
2024-04-02 03:00:00+05:30,290.9880943902269,27.1,72.7,2024,4
2024-04-02 03:15:00+05:30,287.71086932597973,27.0,72.9,2024,4
2024-04-02 03:30:00+05:30,285.4046342016114,26.8,72.9,2024,4
2024-04-02 03:45:00+05:30,283.26052912718075,26.8,72.9,2024,4
2024-04-02 04:00:00+05:30,281.05356570090703,26.7,73.3,2024,4
2024-04-02 04:15:00+05:30,280.7005750136103,26.5,73.7,2024,4
2024-04-02 04:30:00+05:30,282.10779081800973,26.4,73.8,2024,4
2024-04-02 04:45:00+05:30,286.39136817052395,26.4,74.5,2024,4
2024-04-02 05:00:00+05:30,285.6869798517855,26.2,75.0,2024,4
2024-04-02 05:15:00+05:30,290.4421236951023,26.1,75.7,2024,4
2024-04-02 05:30:00+05:30,290.8034674377285,26.0,75.6,2024,4
2024-04-02 05:45:00+05:30,296.0821417817775,26.0,75.7,2024,4
2024-04-02 06:00:00+05:30,302.49886224415127,26.0,75.6,2024,4
2024-04-02 06:15:00+05:30,309.5664942724245,26.0,75.5,2024,4
2024-04-02 06:30:00+05:30,317.7865049188573,25.9,75.6,2024,4
2024-04-02 06:45:00+05:30,322.3299685461799,25.9,75.7,2024,4
2024-04-02 07:00:00+05:30,328.0556707955216,26.0,75.9,2024,4
2024-04-02 07:15:00+05:30,331.9417188396428,26.1,76.3,2024,4
2024-04-02 07:30:00+05:30,354.1573030322208,26.4,76.1,2024,4
2024-04-02 07:45:00+05:30,370.160077352601,26.8,75.6,2024,4
2024-04-02 08:00:00+05:30,392.54041972082,27.3,74.4,2024,4
2024-04-02 08:15:00+05:30,412.6692321536802,27.8,72.2,2024,4
2024-04-02 08:30:00+05:30,430.5299441734886,28.4,69.9,2024,4
2024-04-02 08:45:00+05:30,444.9226094082571,28.9,67.5,2024,4
2024-04-02 09:00:00+05:30,458.1204439493443,29.3,66.2,2024,4
2024-04-02 09:15:00+05:30,469.1126980264359,29.8,64.1,2024,4
2024-04-02 09:30:00+05:30,477.31932366398337,30.1,62.3,2024,4
2024-04-02 09:45:00+05:30,485.8848939596653,30.5,60.4,2024,4
2024-04-02 10:00:00+05:30,492.8571519770003,31.0,57.5,2024,4
2024-04-02 10:15:00+05:30,500.52863869414216,31.4,54.1,2024,4
2024-04-02 10:30:00+05:30,506.1292097927702,31.8,52.7,2024,4
2024-04-02 10:45:00+05:30,507.687023348247,32.4,50.2,2024,4
2024-04-02 11:00:00+05:30,512.5376908672598,32.8,49.0,2024,4
2024-04-02 11:15:00+05:30,512.2427783057994,33.1,50.3,2024,4
2024-04-02 11:30:00+05:30,509.7609763186529,33.1,51.8,2024,4
2024-04-02 11:45:00+05:30,506.3532761504081,33.4,50.9,2024,4
2024-04-02 12:00:00+05:30,506.56562141335536,33.6,49.8,2024,4
2024-04-02 12:15:00+05:30,509.0262688106629,33.7,50.9,2024,4
2024-04-02 12:30:00+05:30,508.8220827400062,33.8,51.5,2024,4
2024-04-02 12:45:00+05:30,506.9093321539534,34.1,51.2,2024,4
2024-04-02 13:00:00+05:30,504.7525319833363,33.8,52.2,2024,4
2024-04-02 13:15:00+05:30,502.2554666828206,33.6,56.3,2024,4
2024-04-02 13:30:00+05:30,502.9377689566996,33.3,57.7,2024,4
2024-04-02 13:45:00+05:30,503.4354079447909,33.2,58.4,2024,4
2024-04-02 14:00:00+05:30,508.0257570530959,33.1,58.3,2024,4
2024-04-02 14:15:00+05:30,506.8759380978332,33.1,58.3,2024,4
2024-04-02 14:30:00+05:30,509.91952637611655,32.8,59.0,2024,4
2024-04-02 14:45:00+05:30,508.2505530566374,32.7,59.2,2024,4
2024-04-02 15:00:00+05:30,509.7105179873455,32.7,58.9,2024,4
2024-04-02 15:15:00+05:30,509.2110840811264,32.7,58.7,2024,4
2024-04-02 15:30:00+05:30,508.6307904673196,32.4,59.6,2024,4
2024-04-02 15:45:00+05:30,507.4677618366642,32.4,58.8,2024,4
2024-04-02 16:00:00+05:30,506.4462762188924,32.5,58.2,2024,4
2024-04-02 16:15:00+05:30,502.834971127504,32.6,58.0,2024,4
2024-04-02 16:30:00+05:30,498.4713859221705,32.6,57.8,2024,4
2024-04-02 16:45:00+05:30,494.6570241785964,32.7,57.7,2024,4
2024-04-02 17:00:00+05:30,489.6953777010153,32.1,59.0,2024,4
2024-04-02 17:15:00+05:30,486.0496326752632,31.9,60.2,2024,4
2024-04-02 17:30:00+05:30,485.9545382129278,31.5,61.0,2024,4
2024-04-02 17:45:00+05:30,476.7059278269193,31.3,61.4,2024,4
2024-04-02 18:00:00+05:30,467.46090343965255,30.8,62.6,2024,4
2024-04-02 18:15:00+05:30,463.1878767154035,30.3,63.7,2024,4
2024-04-02 18:30:00+05:30,456.4196130305451,30.0,65.1,2024,4
2024-04-02 18:45:00+05:30,451.0311974078611,29.7,65.7,2024,4
2024-04-02 19:00:00+05:30,445.6506335707344,29.5,66.4,2024,4
2024-04-02 19:15:00+05:30,438.7944935642223,29.3,67.1,2024,4
2024-04-02 19:30:00+05:30,432.7270222046331,29.2,67.4,2024,4
2024-04-02 19:45:00+05:30,426.856483766862,29.1,68.0,2024,4
2024-04-02 20:00:00+05:30,421.2241082945137,29.0,68.4,2024,4
2024-04-02 20:15:00+05:30,411.3075940939535,28.9,69.1,2024,4
2024-04-02 20:30:00+05:30,404.7978189460984,28.7,69.8,2024,4
2024-04-02 20:45:00+05:30,394.63364817425145,28.6,70.4,2024,4
2024-04-02 21:00:00+05:30,389.15035249667966,28.5,70.8,2024,4
2024-04-02 21:15:00+05:30,386.8773921365906,28.5,71.6,2024,4
2024-04-02 21:30:00+05:30,380.7115258236231,28.4,72.0,2024,4
2024-04-02 21:45:00+05:30,383.8531261294538,28.4,72.4,2024,4
2024-04-02 22:00:00+05:30,378.8585226351117,28.2,72.6,2024,4
2024-04-02 22:15:00+05:30,374.14010223835305,28.0,73.1,2024,4
2024-04-02 22:30:00+05:30,371.7228652863297,27.9,73.7,2024,4
2024-04-02 22:45:00+05:30,364.2789479220612,27.9,74.2,2024,4
2024-04-02 23:00:00+05:30,363.2022306937467,27.9,74.7,2024,4
2024-04-02 23:15:00+05:30,354.87154054475843,27.8,75.3,2024,4
2024-04-02 23:30:00+05:30,352.73835986716165,27.7,75.7,2024,4
2024-04-02 23:45:00+05:30,346.22582548441045,27.8,75.9,2024,4
2024-04-03 00:00:00+05:30,342.36390494054024,27.7,76.2,2024,4
2024-04-03 00:15:00+05:30,335.4898881628419,27.7,76.2,2024,4
2024-04-03 00:30:00+05:30,328.1357580756266,27.6,76.5,2024,4
2024-04-03 00:45:00+05:30,320.2467693852086,27.5,76.7,2024,4
2024-04-03 01:00:00+05:30,314.38756078038125,27.5,76.8,2024,4
2024-04-03 01:15:00+05:30,309.0652160105123,27.4,76.6,2024,4
2024-04-03 01:30:00+05:30,305.5133492242655,27.3,76.5,2024,4
2024-04-03 01:45:00+05:30,301.2125236570063,27.3,76.6,2024,4
2024-04-03 02:00:00+05:30,299.4591526377356,27.2,76.9,2024,4
2024-04-03 02:15:00+05:30,297.0976974638272,27.2,76.6,2024,4
2024-04-03 02:30:00+05:30,296.73792839056887,27.2,76.2,2024,4
2024-04-03 02:45:00+05:30,297.5636645281098,27.2,75.9,2024,4
2024-04-03 03:00:00+05:30,293.2012082219585,27.0,75.3,2024,4
2024-04-03 03:15:00+05:30,287.34959773040737,26.9,76.0,2024,4
2024-04-03 03:30:00+05:30,287.22716067808994,26.8,76.1,2024,4
2024-04-03 03:45:00+05:30,285.03703312513085,26.8,76.2,2024,4
2024-04-03 04:00:00+05:30,284.02333214848545,26.7,76.5,2024,4
2024-04-03 04:15:00+05:30,286.13335894231244,26.6,76.8,2024,4
2024-04-03 04:30:00+05:30,284.8446954963563,26.5,77.1,2024,4
2024-04-03 04:45:00+05:30,287.78823997117,26.5,77.2,2024,4
2024-04-03 05:00:00+05:30,289.5147034840029,26.4,76.9,2024,4
2024-04-03 05:15:00+05:30,289.088824085936,26.2,77.2,2024,4
2024-04-03 05:30:00+05:30,290.93380948130493,26.2,77.1,2024,4
2024-04-03 05:45:00+05:30,296.08544286947426,26.0,77.2,2024,4
2024-04-03 06:00:00+05:30,304.3366224322967,26.0,76.7,2024,4
2024-04-03 06:15:00+05:30,312.98519045098595,25.9,77.0,2024,4
2024-04-03 06:30:00+05:30,318.79719433864136,25.9,76.2,2024,4
2024-04-03 06:45:00+05:30,322.9543012270892,25.9,76.2,2024,4
2024-04-03 07:00:00+05:30,333.8208900786096,26.1,75.2,2024,4
2024-04-03 07:15:00+05:30,347.02375787798786,26.2,75.3,2024,4
2024-04-03 07:30:00+05:30,366.3694255549785,26.5,74.7,2024,4
2024-04-03 07:45:00+05:30,379.4405263109876,26.9,73.8,2024,4
2024-04-03 08:00:00+05:30,398.4965761217736,27.3,72.4,2024,4
2024-04-03 08:15:00+05:30,416.6897250803506,27.9,69.2,2024,4
2024-04-03 08:30:00+05:30,431.9484135393626,28.6,66.8,2024,4
2024-04-03 08:45:00+05:30,444.430052848547,29.2,66.5,2024,4
2024-04-03 09:00:00+05:30,459.5016021781056,29.5,63.9,2024,4
2024-04-03 09:15:00+05:30,471.6873250271992,29.9,61.6,2024,4
2024-04-03 09:30:00+05:30,481.32929603261954,30.4,58.6,2024,4
2024-04-03 09:45:00+05:30,490.7300083827074,30.8,56.2,2024,4
2024-04-03 10:00:00+05:30,499.3580588142229,31.2,54.7,2024,4
2024-04-03 10:15:00+05:30,507.0405043498398,31.7,52.0,2024,4
2024-04-03 10:30:00+05:30,510.7344845447305,32.1,51.2,2024,4
2024-04-03 10:45:00+05:30,512.0086077621863,32.5,51.2,2024,4
2024-04-03 11:00:00+05:30,513.5533122711385,33.1,50.3,2024,4
2024-04-03 11:15:00+05:30,514.9631780036669,32.7,54.0,2024,4
2024-04-03 11:30:00+05:30,514.486255820777,32.8,54.0,2024,4
2024-04-03 11:45:00+05:30,515.6937932512362,32.7,55.0,2024,4
2024-04-03 12:00:00+05:30,517.2633896656477,32.7,57.6,2024,4
2024-04-03 12:15:00+05:30,516.2043590060593,32.5,58.9,2024,4
2024-04-03 12:30:00+05:30,514.4558358036057,32.3,59.8,2024,4
2024-04-03 12:45:00+05:30,509.552670493864,32.4,60.0,2024,4
2024-04-03 13:00:00+05:30,509.38271250435736,32.2,59.9,2024,4
2024-04-03 13:15:00+05:30,507.5167932766356,32.2,59.4,2024,4
2024-04-03 13:30:00+05:30,507.2497756198534,32.5,57.9,2024,4
2024-04-03 13:45:00+05:30,507.2443274244648,32.6,56.8,2024,4
2024-04-03 14:00:00+05:30,509.573536867545,32.7,57.4,2024,4
2024-04-03 14:15:00+05:30,512.6615203944003,32.5,59.6,2024,4
2024-04-03 14:30:00+05:30,515.2060936493003,32.3,61.3,2024,4
2024-04-03 14:45:00+05:30,527.6998687400297,32.3,61.9,2024,4
2024-04-03 15:00:00+05:30,528.2090785124951,32.2,61.9,2024,4
2024-04-03 15:15:00+05:30,528.476417012833,32.2,61.7,2024,4
2024-04-03 15:30:00+05:30,527.8658968963736,32.3,61.1,2024,4
2024-04-03 15:45:00+05:30,521.5219262951804,32.2,61.2,2024,4
2024-04-03 16:00:00+05:30,521.3978532864853,32.2,61.5,2024,4
2024-04-03 16:15:00+05:30,518.9009622542351,32.2,61.0,2024,4
2024-04-03 16:30:00+05:30,514.7643072397977,32.2,61.0,2024,4
2024-04-03 16:45:00+05:30,510.005093466919,32.2,60.9,2024,4
2024-04-03 17:00:00+05:30,506.4246845757256,31.7,61.5,2024,4
2024-04-03 17:15:00+05:30,501.9142080648653,31.2,63.0,2024,4
2024-04-03 17:30:00+05:30,495.8217129997877,31.1,63.2,2024,4
2024-04-03 17:45:00+05:30,487.42097665037227,30.8,62.7,2024,4
2024-04-03 18:00:00+05:30,476.4626421746017,30.5,62.2,2024,4
2024-04-03 18:15:00+05:30,468.7621640569658,30.3,61.6,2024,4
2024-04-03 18:30:00+05:30,463.4742264665383,29.8,62.7,2024,4
2024-04-03 18:45:00+05:30,461.4502330191461,29.5,63.0,2024,4
2024-04-03 19:00:00+05:30,454.7646965779553,29.3,62.6,2024,4
2024-04-03 19:15:00+05:30,448.3638950293592,29.2,62.6,2024,4
2024-04-03 19:30:00+05:30,436.55828314305273,29.0,62.7,2024,4
2024-04-03 19:45:00+05:30,429.06017501779024,29.0,63.6,2024,4
2024-04-03 20:00:00+05:30,419.3527921969994,28.9,63.6,2024,4
2024-04-03 20:15:00+05:30,415.9275376724856,28.8,64.2,2024,4
2024-04-03 20:30:00+05:30,410.0327368147611,28.8,64.7,2024,4
2024-04-03 20:45:00+05:30,402.375666350551,28.6,65.1,2024,4
2024-04-03 21:00:00+05:30,397.24388395341697,28.6,65.5,2024,4
2024-04-03 21:15:00+05:30,391.878657407309,28.4,65.7,2024,4
2024-04-03 21:30:00+05:30,386.3321978870416,28.4,66.0,2024,4
2024-04-03 21:45:00+05:30,384.5369075164812,28.2,66.2,2024,4
2024-04-03 22:00:00+05:30,380.619746648622,28.1,66.4,2024,4
2024-04-03 22:15:00+05:30,375.0966143608504,28.0,66.7,2024,4
2024-04-03 22:30:00+05:30,371.7436117346922,27.9,67.0,2024,4
2024-04-03 22:45:00+05:30,367.805892896989,27.9,67.2,2024,4
2024-04-03 23:00:00+05:30,360.7494412685432,27.7,67.9,2024,4
2024-04-03 23:15:00+05:30,358.00878233832566,27.6,68.8,2024,4
2024-04-03 23:30:00+05:30,353.73920063484246,27.5,69.4,2024,4
2024-04-03 23:45:00+05:30,346.1688826160513,27.4,69.3,2024,4
2024-04-04 00:00:00+05:30,340.5825981669313,27.4,70.4,2024,4
2024-04-04 00:15:00+05:30,332.5976687752233,27.4,70.7,2024,4
2024-04-04 00:30:00+05:30,326.78288429199125,27.4,70.9,2024,4
2024-04-04 00:45:00+05:30,321.3641525090768,27.3,71.2,2024,4
2024-04-04 01:00:00+05:30,314.417186084183,27.3,71.3,2024,4
2024-04-04 01:15:00+05:30,312.0864780458252,27.2,71.2,2024,4
2024-04-04 01:30:00+05:30,309.42628514694053,27.0,71.9,2024,4
2024-04-04 01:45:00+05:30,304.00341367458,26.9,72.3,2024,4
2024-04-04 02:00:00+05:30,300.9854402989182,26.9,72.2,2024,4
2024-04-04 02:15:00+05:30,297.069761521114,26.8,72.4,2024,4
2024-04-04 02:30:00+05:30,296.33568080239303,26.8,72.7,2024,4
2024-04-04 02:45:00+05:30,294.3512372233875,26.8,73.2,2024,4
2024-04-04 03:00:00+05:30,290.466096417878,26.7,73.4,2024,4
2024-04-04 03:15:00+05:30,289.93714569737284,26.7,73.7,2024,4
2024-04-04 03:30:00+05:30,286.2322496176883,26.6,74.1,2024,4
2024-04-04 03:45:00+05:30,282.9552360841232,26.5,74.2,2024,4
2024-04-04 04:00:00+05:30,280.88767743277015,26.5,74.5,2024,4
2024-04-04 04:15:00+05:30,283.03467726913294,26.4,75.2,2024,4
2024-04-04 04:30:00+05:30,286.94034771110114,26.3,75.6,2024,4
2024-04-04 04:45:00+05:30,287.6569409963737,26.3,75.5,2024,4
2024-04-04 05:00:00+05:30,288.6635049033395,26.3,75.8,2024,4
2024-04-04 05:15:00+05:30,288.19188227744974,26.2,76.0,2024,4
2024-04-04 05:30:00+05:30,294.76508740510496,26.2,76.2,2024,4
2024-04-04 05:45:00+05:30,297.9315745039759,26.2,76.4,2024,4
2024-04-04 06:00:00+05:30,306.6986141828147,26.1,76.7,2024,4
2024-04-04 06:15:00+05:30,313.0754386842368,26.1,76.7,2024,4
2024-04-04 06:30:00+05:30,322.9355877148389,26.1,76.9,2024,4
2024-04-04 06:45:00+05:30,328.24277874760253,26.0,77.2,2024,4
2024-04-04 07:00:00+05:30,338.31704526523333,26.1,77.1,2024,4
2024-04-04 07:15:00+05:30,348.73393776163147,26.2,77.5,2024,4
2024-04-04 07:30:00+05:30,362.4760205906395,26.6,77.1,2024,4
2024-04-04 07:45:00+05:30,379.230562226355,27.1,76.0,2024,4
2024-04-04 08:00:00+05:30,400.09969385682007,27.5,73.6,2024,4
2024-04-04 08:15:00+05:30,418.6191523509766,28.1,70.3,2024,4
2024-04-04 08:30:00+05:30,434.230605853242,28.7,67.3,2024,4
2024-04-04 08:45:00+05:30,453.0176574369567,29.2,64.9,2024,4
2024-04-04 09:00:00+05:30,471.4924951514626,29.6,62.2,2024,4
2024-04-04 09:15:00+05:30,483.2168477085028,30.1,60.4,2024,4
2024-04-04 09:30:00+05:30,494.162420992708,30.3,59.8,2024,4
2024-04-04 09:45:00+05:30,497.6259211034127,30.5,59.2,2024,4
2024-04-04 10:00:00+05:30,508.1893470740051,30.9,59.1,2024,4
2024-04-04 10:15:00+05:30,515.083992796295,31.2,58.1,2024,4
2024-04-04 10:30:00+05:30,518.474484609173,31.6,57.4,2024,4
2024-04-04 10:45:00+05:30,524.7333894615118,31.9,57.0,2024,4
2024-04-04 11:00:00+05:30,525.2742906186344,32.4,57.0,2024,4
2024-04-04 11:15:00+05:30,524.6992124777281,32.5,56.9,2024,4
2024-04-04 11:30:00+05:30,523.0555577242251,32.7,56.3,2024,4
2024-04-04 11:45:00+05:30,524.0715452146238,32.8,58.8,2024,4
2024-04-04 12:00:00+05:30,520.6520927770744,32.7,60.6,2024,4
2024-04-04 12:15:00+05:30,522.3512977769271,33.0,59.9,2024,4
2024-04-04 12:30:00+05:30,525.582079913579,32.9,60.9,2024,4
2024-04-04 12:45:00+05:30,526.3390672244793,33.0,61.2,2024,4
2024-04-04 13:00:00+05:30,524.7578954710874,33.0,61.1,2024,4
2024-04-04 13:15:00+05:30,524.5106169949231,33.0,61.4,2024,4
2024-04-04 13:30:00+05:30,523.1417983644237,32.8,61.8,2024,4
2024-04-04 13:45:00+05:30,524.494241928731,33.1,61.3,2024,4
2024-04-04 14:00:00+05:30,530.1483600738097,33.3,61.0,2024,4
2024-04-04 14:15:00+05:30,534.8549219456343,33.3,60.7,2024,4
2024-04-04 14:30:00+05:30,536.7697244589353,33.2,60.5,2024,4
2024-04-04 14:45:00+05:30,536.0037983365982,32.9,61.0,2024,4
2024-04-04 15:00:00+05:30,533.181234159572,32.6,61.0,2024,4
2024-04-04 15:15:00+05:30,529.1041152887877,32.5,60.4,2024,4
2024-04-04 15:30:00+05:30,530.0974401618565,32.3,59.8,2024,4
2024-04-04 15:45:00+05:30,526.966170571468,32.2,60.0,2024,4
2024-04-04 16:00:00+05:30,522.9243353881413,32.1,59.5,2024,4
2024-04-04 16:15:00+05:30,520.3424040145217,32.3,58.2,2024,4
2024-04-04 16:30:00+05:30,517.7058844019236,32.5,57.0,2024,4
2024-04-04 16:45:00+05:30,511.5749857544116,32.4,56.1,2024,4
2024-04-04 17:00:00+05:30,508.09799974949794,32.3,55.7,2024,4
2024-04-04 17:15:00+05:30,499.228006414765,32.2,54.7,2024,4
2024-04-04 17:30:00+05:30,493.46813447995686,32.2,54.6,2024,4
2024-04-04 17:45:00+05:30,484.4893678162147,31.7,55.1,2024,4
2024-04-04 18:00:00+05:30,474.24412474852886,31.2,56.5,2024,4
2024-04-04 18:15:00+05:30,469.0256657793332,30.6,58.4,2024,4
2024-04-04 18:30:00+05:30,462.1438471954946,30.2,59.9,2024,4
2024-04-04 18:45:00+05:30,458.23510684610505,30.0,61.1,2024,4
2024-04-04 19:00:00+05:30,452.0731856082601,29.7,62.0,2024,4
2024-04-04 19:15:00+05:30,445.57938626384913,29.6,62.4,2024,4
2024-04-04 19:30:00+05:30,440.35244221788696,29.4,62.7,2024,4
2024-04-04 19:45:00+05:30,433.0153753157589,29.3,63.1,2024,4
2024-04-04 20:00:00+05:30,422.6891465615547,29.2,63.6,2024,4
2024-04-04 20:15:00+05:30,414.4593702534488,29.2,63.6,2024,4
2024-04-04 20:30:00+05:30,407.4585536432708,29.1,63.9,2024,4
2024-04-04 20:45:00+05:30,401.35250295861545,28.9,64.4,2024,4
2024-04-04 21:00:00+05:30,393.088940257091,28.8,64.9,2024,4
2024-04-04 21:15:00+05:30,389.68994070583614,28.7,65.4,2024,4
2024-04-04 21:30:00+05:30,384.401790485649,28.5,66.1,2024,4
2024-04-04 21:45:00+05:30,386.72574003741977,28.4,67.0,2024,4
2024-04-04 22:00:00+05:30,382.83288248054896,28.4,67.4,2024,4
2024-04-04 22:15:00+05:30,378.1708832147378,28.3,68.8,2024,4
2024-04-04 22:30:00+05:30,374.47103823571047,28.3,69.7,2024,4
2024-04-04 22:45:00+05:30,369.7599309243121,28.2,70.8,2024,4
2024-04-04 23:00:00+05:30,363.4434696228541,28.1,71.5,2024,4
2024-04-04 23:15:00+05:30,355.6440235729873,28.0,71.1,2024,4
2024-04-04 23:30:00+05:30,356.51453489728146,27.9,68.8,2024,4
2024-04-04 23:45:00+05:30,354.2569104885124,27.8,68.7,2024,4
2024-04-05 00:00:00+05:30,347.6692934873328,27.9,66.2,2024,4
2024-04-05 00:15:00+05:30,339.60339146693286,27.8,68.2,2024,4
2024-04-05 00:30:00+05:30,333.00104580017125,27.7,70.2,2024,4
2024-04-05 00:45:00+05:30,328.61772550324696,27.6,72.0,2024,4
2024-04-05 01:00:00+05:30,324.9963459747021,27.5,74.1,2024,4
2024-04-05 01:15:00+05:30,318.33284206776284,27.4,74.9,2024,4
2024-04-05 01:30:00+05:30,314.787353056816,27.3,75.8,2024,4
2024-04-05 01:45:00+05:30,311.559933254302,27.2,76.5,2024,4
2024-04-05 02:00:00+05:30,306.8225868422168,27.1,76.8,2024,4
2024-04-05 02:15:00+05:30,302.1403349060995,27.1,76.8,2024,4
2024-04-05 02:30:00+05:30,299.69148982980147,27.0,77.0,2024,4
2024-04-05 02:45:00+05:30,296.89397418284216,27.0,77.4,2024,4
2024-04-05 03:00:00+05:30,294.75968543463443,26.9,77.5,2024,4
2024-04-05 03:15:00+05:30,290.772888933583,26.8,77.9,2024,4
2024-04-05 03:30:00+05:30,288.8956380887237,26.7,78.0,2024,4
2024-04-05 03:45:00+05:30,287.8666708446822,26.7,78.4,2024,4
2024-04-05 04:00:00+05:30,285.9103249728996,26.5,79.1,2024,4
2024-04-05 04:15:00+05:30,288.9237540011356,26.4,79.6,2024,4
2024-04-05 04:30:00+05:30,289.07218577691924,26.3,79.5,2024,4
2024-04-05 04:45:00+05:30,292.3435888790576,26.2,80.0,2024,4
2024-04-05 05:00:00+05:30,295.03710832796725,26.2,80.0,2024,4
2024-04-05 05:15:00+05:30,295.5132857587093,26.2,80.1,2024,4
2024-04-05 05:30:00+05:30,298.8905226449055,26.2,80.5,2024,4
2024-04-05 05:45:00+05:30,304.40092876983016,26.2,80.7,2024,4
2024-04-05 06:00:00+05:30,311.8763608281157,26.3,81.4,2024,4
2024-04-05 06:15:00+05:30,318.181471538586,26.3,81.5,2024,4
2024-04-05 06:30:00+05:30,326.19473632168376,26.3,81.5,2024,4
2024-04-05 06:45:00+05:30,334.0454739855022,26.4,81.9,2024,4
2024-04-05 07:00:00+05:30,347.0223500516743,26.5,82.1,2024,4
2024-04-05 07:15:00+05:30,356.73604567136744,26.7,82.1,2024,4
2024-04-05 07:30:00+05:30,372.91716184786935,27.0,81.6,2024,4
2024-04-05 07:45:00+05:30,390.73717100459874,27.3,80.4,2024,4
2024-04-05 08:00:00+05:30,408.9955995866052,27.7,79.2,2024,4
2024-04-05 08:15:00+05:30,428.52356370669406,28.3,77.4,2024,4
2024-04-05 08:30:00+05:30,449.0398454423959,28.8,75.7,2024,4
2024-04-05 08:45:00+05:30,462.9668818812581,29.3,73.6,2024,4
2024-04-05 09:00:00+05:30,478.291808533333,29.8,71.4,2024,4
2024-04-05 09:15:00+05:30,492.2722995510262,30.3,69.2,2024,4
2024-04-05 09:30:00+05:30,504.312742428525,30.7,67.2,2024,4
2024-04-05 09:45:00+05:30,513.3810095440405,30.9,65.0,2024,4
2024-04-05 10:00:00+05:30,520.8464164631454,31.4,61.6,2024,4
2024-04-05 10:15:00+05:30,524.9237151306742,32.0,59.4,2024,4
2024-04-05 10:30:00+05:30,528.3884875077055,32.5,55.8,2024,4
2024-04-05 10:45:00+05:30,531.1113479602335,33.1,53.8,2024,4
2024-04-05 11:00:00+05:30,532.7838004876864,33.0,59.0,2024,4
2024-04-05 11:15:00+05:30,534.6449623652251,33.1,59.7,2024,4
2024-04-05 11:30:00+05:30,533.6483924209743,33.2,59.7,2024,4
2024-04-05 11:45:00+05:30,535.3504177376226,33.5,59.4,2024,4
2024-04-05 12:00:00+05:30,536.7220918606672,33.8,59.7,2024,4
2024-04-05 12:15:00+05:30,538.6650180820944,33.9,59.9,2024,4
2024-04-05 12:30:00+05:30,539.1344329303272,34.0,60.8,2024,4
2024-04-05 12:45:00+05:30,542.8213264299563,34.0,60.4,2024,4
2024-04-05 13:00:00+05:30,540.8785873111742,33.9,60.9,2024,4
2024-04-05 13:15:00+05:30,537.9128355497161,33.6,61.5,2024,4
2024-04-05 13:30:00+05:30,537.7924482930724,33.6,61.1,2024,4
2024-04-05 13:45:00+05:30,533.9296675880499,33.6,59.9,2024,4
2024-04-05 14:00:00+05:30,541.2929419658186,33.9,56.4,2024,4
2024-04-05 14:15:00+05:30,544.3686620388271,34.3,53.6,2024,4
2024-04-05 14:30:00+05:30,546.0038023864352,34.7,50.7,2024,4
2024-04-05 14:45:00+05:30,543.1163581626498,34.9,48.1,2024,4
2024-04-05 15:00:00+05:30,540.3377359684096,35.1,46.5,2024,4
2024-04-05 15:15:00+05:30,537.8669877697462,35.1,44.1,2024,4
2024-04-05 15:30:00+05:30,536.9920039239763,35.4,42.4,2024,4
2024-04-05 15:45:00+05:30,533.4305322016268,35.4,41.4,2024,4
2024-04-05 16:00:00+05:30,530.4876721327981,35.8,39.1,2024,4
2024-04-05 16:15:00+05:30,531.1157720549592,36.0,37.4,2024,4
2024-04-05 16:30:00+05:30,525.9682358679843,36.2,37.6,2024,4
2024-04-05 16:45:00+05:30,522.4950336878086,36.2,36.9,2024,4
2024-04-05 17:00:00+05:30,512.7046324066787,35.7,37.3,2024,4
2024-04-05 17:15:00+05:30,508.8148387854119,35.6,37.7,2024,4
2024-04-05 17:30:00+05:30,503.6884949832802,35.3,37.8,2024,4
2024-04-05 17:45:00+05:30,493.2717392072092,34.8,37.1,2024,4
2024-04-05 18:00:00+05:30,483.2000353370034,34.7,36.0,2024,4
2024-04-05 18:15:00+05:30,478.8519284276234,34.3,34.8,2024,4
2024-04-05 18:30:00+05:30,467.8833703537316,33.7,35.0,2024,4
2024-04-05 18:45:00+05:30,462.43461810860737,33.2,34.8,2024,4
2024-04-05 19:00:00+05:30,457.99054136072016,32.9,34.8,2024,4
2024-04-05 19:15:00+05:30,450.1527749201976,32.7,35.9,2024,4
2024-04-05 19:30:00+05:30,443.8625356227836,32.4,36.7,2024,4
2024-04-05 19:45:00+05:30,435.4679736853109,32.2,37.8,2024,4
2024-04-05 20:00:00+05:30,427.0429238266752,32.0,37.5,2024,4
2024-04-05 20:15:00+05:30,419.2196274803794,31.9,41.3,2024,4
2024-04-05 20:30:00+05:30,411.972536448102,31.3,48.9,2024,4
2024-04-05 20:45:00+05:30,407.0350657205219,30.8,53.1,2024,4
2024-04-05 21:00:00+05:30,399.3441346980578,30.5,56.9,2024,4
2024-04-05 21:15:00+05:30,400.85744533548296,30.2,60.9,2024,4
2024-04-05 21:30:00+05:30,396.5687215895266,29.8,64.6,2024,4
2024-04-05 21:45:00+05:30,394.1119170952251,29.6,67.0,2024,4
2024-04-05 22:00:00+05:30,392.31686729924286,29.4,68.4,2024,4
2024-04-05 22:15:00+05:30,387.4400378189196,29.3,69.3,2024,4
2024-04-05 22:30:00+05:30,384.07368848230806,29.2,70.0,2024,4
2024-04-05 22:45:00+05:30,381.2181650467855,29.1,69.4,2024,4
2024-04-05 23:00:00+05:30,377.2199725401132,29.1,68.6,2024,4
2024-04-05 23:15:00+05:30,369.70597134953033,29.1,66.8,2024,4
2024-04-05 23:30:00+05:30,365.326651111577,29.1,65.7,2024,4
2024-04-05 23:45:00+05:30,361.5946708909214,29.1,65.5,2024,4
2024-04-06 00:00:00+05:30,355.0351191152803,29.1,64.0,2024,4
2024-04-06 00:15:00+05:30,349.5274823245178,29.1,63.2,2024,4
2024-04-06 00:30:00+05:30,343.8365734995266,29.0,62.9,2024,4
2024-04-06 00:45:00+05:30,337.7841779933823,29.0,63.1,2024,4
2024-04-06 01:00:00+05:30,333.3442217823707,28.9,63.1,2024,4
2024-04-06 01:15:00+05:30,329.3037445638316,28.9,63.1,2024,4
2024-04-06 01:30:00+05:30,324.9454467121318,28.8,62.9,2024,4
2024-04-06 01:45:00+05:30,321.7324732235735,28.7,63.3,2024,4
2024-04-06 02:00:00+05:30,316.53232313086784,28.7,63.1,2024,4
2024-04-06 02:15:00+05:30,313.6934535671286,28.5,63.1,2024,4
2024-04-06 02:30:00+05:30,311.2488336545014,28.3,63.0,2024,4
2024-04-06 02:45:00+05:30,309.2342894473996,28.3,62.5,2024,4
2024-04-06 03:00:00+05:30,305.4133724826761,28.3,61.8,2024,4
2024-04-06 03:15:00+05:30,303.5381839926277,28.1,62.0,2024,4
2024-04-06 03:30:00+05:30,301.45646503572334,28.0,61.8,2024,4
2024-04-06 03:45:00+05:30,299.792596717029,27.8,62.6,2024,4
2024-04-06 04:00:00+05:30,299.12518959161144,27.7,62.8,2024,4
2024-04-06 04:15:00+05:30,302.34655633134,27.6,62.4,2024,4
2024-04-06 04:30:00+05:30,301.9284169939993,27.6,63.3,2024,4
2024-04-06 04:45:00+05:30,300.33779401193203,27.5,63.5,2024,4
2024-04-06 05:00:00+05:30,300.1242788118515,27.4,63.7,2024,4
2024-04-06 05:15:00+05:30,300.3552231128405,27.3,63.5,2024,4
2024-04-06 05:30:00+05:30,300.9749928896037,27.3,63.6,2024,4
2024-04-06 05:45:00+05:30,304.35245288642943,27.3,63.3,2024,4
2024-04-06 06:00:00+05:30,308.095624576414,27.2,62.9,2024,4
2024-04-06 06:15:00+05:30,312.1660879898551,27.2,62.9,2024,4
2024-04-06 06:30:00+05:30,316.2937061660173,27.1,63.0,2024,4
2024-04-06 06:45:00+05:30,316.5353846656463,27.0,63.4,2024,4
2024-04-06 07:00:00+05:30,326.3470990455774,27.1,63.3,2024,4
2024-04-06 07:15:00+05:30,330.35219862695294,27.4,63.0,2024,4
2024-04-06 07:30:00+05:30,336.74289274236264,27.6,63.4,2024,4
2024-04-06 07:45:00+05:30,344.8263143853391,28.1,62.1,2024,4
2024-04-06 08:00:00+05:30,361.1143677708451,28.7,60.4,2024,4
2024-04-06 08:15:00+05:30,373.4452161433911,29.5,57.3,2024,4
2024-04-06 08:30:00+05:30,386.7716404945515,30.2,54.8,2024,4
2024-04-06 08:45:00+05:30,401.0265677569201,30.8,51.8,2024,4
2024-04-06 09:00:00+05:30,413.4441973994476,31.5,48.8,2024,4
2024-04-06 09:15:00+05:30,424.3626620417348,32.0,45.9,2024,4
2024-04-06 09:30:00+05:30,434.9560268471572,32.4,44.5,2024,4
2024-04-06 09:45:00+05:30,442.7685554778736,32.7,43.8,2024,4
2024-04-06 10:00:00+05:30,450.4709338374788,33.0,41.9,2024,4
2024-04-06 10:15:00+05:30,457.304063115468,33.4,40.3,2024,4
2024-04-06 10:30:00+05:30,460.6889285707983,34.1,37.3,2024,4
2024-04-06 10:45:00+05:30,462.9123422883213,34.6,35.7,2024,4
2024-04-06 11:00:00+05:30,468.5416263348309,35.0,34.4,2024,4
2024-04-06 11:15:00+05:30,468.6989178376973,35.5,33.9,2024,4
2024-04-06 11:30:00+05:30,469.8009850809228,35.5,35.5,2024,4
2024-04-06 11:45:00+05:30,467.7251786317743,35.7,35.0,2024,4
2024-04-06 12:00:00+05:30,463.35260814733454,35.9,34.7,2024,4
2024-04-06 12:15:00+05:30,464.3797880334647,36.0,36.3,2024,4
2024-04-06 12:30:00+05:30,465.8628210838031,36.0,38.3,2024,4
2024-04-06 12:45:00+05:30,464.5795391718629,36.1,37.8,2024,4
2024-04-06 13:00:00+05:30,466.00818833845307,36.4,38.7,2024,4
2024-04-06 13:15:00+05:30,460.2472378762412,36.4,38.4,2024,4
2024-04-06 13:30:00+05:30,463.0306651056071,36.5,36.1,2024,4
2024-04-06 13:45:00+05:30,461.4743958157767,36.7,35.6,2024,4
2024-04-06 14:00:00+05:30,464.6086569850957,36.7,34.3,2024,4
2024-04-06 14:15:00+05:30,467.529075485836,36.8,33.0,2024,4
2024-04-06 14:30:00+05:30,467.32732863393016,36.7,32.6,2024,4
2024-04-06 14:45:00+05:30,467.7470723507252,36.4,32.4,2024,4
2024-04-06 15:00:00+05:30,466.9642198962134,36.1,33.3,2024,4
2024-04-06 15:15:00+05:30,465.0439357644415,36.4,33.0,2024,4
2024-04-06 15:30:00+05:30,468.3430375724248,36.0,33.6,2024,4
2024-04-06 15:45:00+05:30,464.30939024042095,36.0,33.7,2024,4
2024-04-06 16:00:00+05:30,463.8151633911676,36.5,33.5,2024,4
2024-04-06 16:15:00+05:30,457.9501760011346,36.2,33.0,2024,4
2024-04-06 16:30:00+05:30,457.9383721278265,36.2,32.4,2024,4
2024-04-06 16:45:00+05:30,452.4998698129366,36.3,31.1,2024,4
2024-04-06 17:00:00+05:30,445.1080102700754,36.0,31.3,2024,4
2024-04-06 17:15:00+05:30,443.5907192326808,35.4,32.0,2024,4
2024-04-06 17:30:00+05:30,439.7733319946498,35.3,32.0,2024,4
2024-04-06 17:45:00+05:30,434.9226389627681,35.1,32.3,2024,4
2024-04-06 18:00:00+05:30,428.7739126838981,34.8,32.7,2024,4
2024-04-06 18:15:00+05:30,427.0006943018285,34.5,33.1,2024,4
2024-04-06 18:30:00+05:30,424.9640014063823,34.1,33.9,2024,4
2024-04-06 18:45:00+05:30,421.5619447894764,33.6,35.3,2024,4
2024-04-06 19:00:00+05:30,421.2816954304871,33.3,36.0,2024,4
2024-04-06 19:15:00+05:30,415.77043907486734,33.1,36.1,2024,4
2024-04-06 19:30:00+05:30,412.4856322312217,32.9,36.1,2024,4
2024-04-06 19:45:00+05:30,407.79364666355457,32.8,35.6,2024,4
2024-04-06 20:00:00+05:30,404.5387573271847,32.7,35.5,2024,4
2024-04-06 20:15:00+05:30,397.4838029675871,32.4,35.9,2024,4
2024-04-06 20:30:00+05:30,394.0041137520756,32.2,37.2,2024,4
2024-04-06 20:45:00+05:30,390.06705154754513,32.0,38.2,2024,4
2024-04-06 21:00:00+05:30,384.60636599630914,31.7,42.2,2024,4
2024-04-06 21:15:00+05:30,387.8203135958976,31.3,48.7,2024,4
2024-04-06 21:30:00+05:30,385.2835932904402,31.0,51.5,2024,4
2024-04-06 21:45:00+05:30,386.7931629849099,30.7,52.9,2024,4
2024-04-06 22:00:00+05:30,382.2460054778536,30.6,53.0,2024,4
2024-04-06 22:15:00+05:30,377.8841255454885,30.3,56.0,2024,4
2024-04-06 22:30:00+05:30,375.7947631181696,30.1,58.1,2024,4
2024-04-06 22:45:00+05:30,372.36978794746807,30.0,60.4,2024,4
2024-04-06 23:00:00+05:30,369.5613987070497,29.8,61.8,2024,4
2024-04-06 23:15:00+05:30,366.8526001716559,29.6,62.9,2024,4
2024-04-06 23:30:00+05:30,362.1772474686269,29.6,63.1,2024,4
2024-04-06 23:45:00+05:30,358.5416476878604,29.6,62.9,2024,4
2024-04-07 00:00:00+05:30,353.32352338342554,29.5,62.3,2024,4
2024-04-07 00:15:00+05:30,349.4226866200435,29.5,61.2,2024,4
2024-04-07 00:30:00+05:30,345.3867509152739,29.5,60.7,2024,4
2024-04-07 00:45:00+05:30,340.5585800911922,29.5,60.2,2024,4
2024-04-07 01:00:00+05:30,333.6261034986967,29.5,59.9,2024,4
2024-04-07 01:15:00+05:30,327.5811515002809,29.5,59.5,2024,4
2024-04-07 01:30:00+05:30,323.30559703550324,29.5,59.7,2024,4
2024-04-07 01:45:00+05:30,319.6600204663288,29.3,60.1,2024,4
2024-04-07 02:00:00+05:30,315.6571317558105,29.2,60.1,2024,4
2024-04-07 02:15:00+05:30,312.6544728739889,29.2,59.9,2024,4
2024-04-07 02:30:00+05:30,311.5838764674724,29.1,60.0,2024,4
2024-04-07 02:45:00+05:30,311.12172463074705,28.9,60.8,2024,4
2024-04-07 03:00:00+05:30,306.8092046704213,28.9,60.8,2024,4
2024-04-07 03:15:00+05:30,305.42232405855503,28.7,61.0,2024,4
2024-04-07 03:30:00+05:30,304.6746798320557,28.7,60.6,2024,4
2024-04-07 03:45:00+05:30,302.91784232910004,28.7,60.6,2024,4
2024-04-07 04:00:00+05:30,300.8197514102147,28.8,60.5,2024,4
2024-04-07 04:15:00+05:30,296.8229736828852,28.9,60.9,2024,4
2024-04-07 04:30:00+05:30,296.9521760360772,28.8,61.5,2024,4
2024-04-07 04:45:00+05:30,295.97148074258735,28.8,62.3,2024,4
2024-04-07 05:00:00+05:30,298.3024442265664,28.6,63.2,2024,4
2024-04-07 05:15:00+05:30,298.2929935321347,28.5,64.2,2024,4
2024-04-07 05:30:00+05:30,299.1665098447164,28.5,64.8,2024,4
2024-04-07 05:45:00+05:30,300.7468058165827,28.6,65.2,2024,4
2024-04-07 06:00:00+05:30,302.6406846628049,28.5,65.8,2024,4
2024-04-07 06:15:00+05:30,300.01859636105183,28.4,66.4,2024,4
2024-04-07 06:30:00+05:30,298.30674914111205,28.4,66.5,2024,4
2024-04-07 06:45:00+05:30,298.1403695831129,28.4,66.8,2024,4
2024-04-07 07:00:00+05:30,299.76552560268755,28.5,67.1,2024,4
2024-04-07 07:15:00+05:30,303.8480793073447,28.6,67.1,2024,4
2024-04-07 07:30:00+05:30,305.3977810888592,28.8,66.7,2024,4
2024-04-07 07:45:00+05:30,307.7464702938449,29.1,65.0,2024,4
2024-04-07 08:00:00+05:30,315.13038857834727,29.4,63.6,2024,4
2024-04-07 08:15:00+05:30,321.7462207775965,29.8,61.4,2024,4
2024-04-07 08:30:00+05:30,324.08964411243625,30.3,59.0,2024,4
2024-04-07 08:45:00+05:30,329.01649717506507,30.9,56.2,2024,4
2024-04-07 09:00:00+05:30,334.95259641298634,31.5,53.5,2024,4
2024-04-07 09:15:00+05:30,342.4637577291745,31.9,51.1,2024,4
2024-04-07 09:30:00+05:30,344.6607382334263,32.4,48.4,2024,4
2024-04-07 09:45:00+05:30,350.67818141272426,32.6,45.6,2024,4
2024-04-07 10:00:00+05:30,352.00211509143014,33.0,43.6,2024,4
2024-04-07 10:15:00+05:30,355.1226740011744,33.2,42.2,2024,4
2024-04-07 10:30:00+05:30,360.7283655532871,33.8,40.7,2024,4
2024-04-07 10:45:00+05:30,366.46777730877625,34.3,40.0,2024,4
2024-04-07 11:00:00+05:30,368.33099491450855,34.4,38.3,2024,4
2024-04-07 11:15:00+05:30,372.4903720289877,34.7,38.0,2024,4
2024-04-07 11:30:00+05:30,370.6115168991861,34.9,38.8,2024,4
2024-04-07 11:45:00+05:30,371.62693616891227,34.8,43.1,2024,4
2024-04-07 12:00:00+05:30,375.5982540242086,34.5,45.5,2024,4
2024-04-07 12:15:00+05:30,376.3704631802223,34.4,46.4,2024,4
2024-04-07 12:30:00+05:30,379.71943527674296,34.3,47.0,2024,4
2024-04-07 12:45:00+05:30,379.5723398723556,34.6,45.3,2024,4
2024-04-07 13:00:00+05:30,379.8187959523379,34.7,46.0,2024,4
2024-04-07 13:15:00+05:30,378.152485575082,34.8,45.4,2024,4
2024-04-07 13:30:00+05:30,376.8785912347034,34.9,43.4,2024,4
2024-04-07 13:45:00+05:30,374.85780175586217,35.0,41.8,2024,4
2024-04-07 14:00:00+05:30,376.1928050174742,35.3,40.6,2024,4
2024-04-07 14:15:00+05:30,372.6431998694483,35.4,38.8,2024,4
2024-04-07 14:30:00+05:30,371.5810398721157,35.6,36.0,2024,4
2024-04-07 14:45:00+05:30,370.5225584694476,35.8,32.3,2024,4
2024-04-07 15:00:00+05:30,373.9278144194043,35.9,30.7,2024,4
2024-04-07 15:15:00+05:30,372.4123067788274,36.0,31.5,2024,4
2024-04-07 15:30:00+05:30,372.6109641469757,35.6,37.8,2024,4
2024-04-07 15:45:00+05:30,371.8757755907004,34.4,40.5,2024,4
2024-04-07 16:00:00+05:30,372.40204893195096,34.4,42.2,2024,4
2024-04-07 16:15:00+05:30,369.3006887235868,34.5,42.0,2024,4
2024-04-07 16:30:00+05:30,366.9267559044628,34.4,41.0,2024,4
2024-04-07 16:45:00+05:30,365.62503389613454,34.0,41.5,2024,4
2024-04-07 17:00:00+05:30,364.36072782444535,34.0,41.3,2024,4
2024-04-07 17:15:00+05:30,361.2473289796792,33.7,41.2,2024,4
2024-04-07 17:30:00+05:30,362.6113878848058,33.7,41.4,2024,4
2024-04-07 17:45:00+05:30,359.40759915232485,33.5,42.3,2024,4
2024-04-07 18:00:00+05:30,356.56352139947967,33.0,43.8,2024,4
2024-04-07 18:15:00+05:30,359.1316924953478,32.3,44.8,2024,4
2024-04-07 18:30:00+05:30,357.6040083600831,31.6,46.7,2024,4
2024-04-07 18:45:00+05:30,359.046540731261,30.8,49.5,2024,4
2024-04-07 19:00:00+05:30,361.250823356883,30.4,52.1,2024,4
2024-04-07 19:15:00+05:30,360.54376198949126,29.9,54.4,2024,4
2024-04-07 19:30:00+05:30,360.38986593897886,29.6,56.5,2024,4
2024-04-07 19:45:00+05:30,362.6639793847175,29.4,57.9,2024,4
2024-04-07 20:00:00+05:30,361.7512398740055,29.3,59.3,2024,4
2024-04-07 20:15:00+05:30,360.9245139265989,29.2,60.1,2024,4
2024-04-07 20:30:00+05:30,360.57694648558106,29.0,61.2,2024,4
2024-04-07 20:45:00+05:30,359.6222131300209,28.8,62.7,2024,4
2024-04-07 21:00:00+05:30,355.4580200886941,28.6,63.5,2024,4
2024-04-07 21:15:00+05:30,355.0757819618749,28.5,63.5,2024,4
2024-04-07 21:30:00+05:30,353.3931692226485,28.3,64.8,2024,4
2024-04-07 21:45:00+05:30,357.9735517745124,28.3,65.2,2024,4
2024-04-07 22:00:00+05:30,352.8331818451056,28.1,66.3,2024,4
2024-04-07 22:15:00+05:30,350.13886984518894,28.0,67.0,2024,4
2024-04-07 22:30:00+05:30,348.7235099456704,28.0,67.4,2024,4
2024-04-07 22:45:00+05:30,347.6458133441348,27.9,68.0,2024,4
2024-04-07 23:00:00+05:30,346.1432662154343,27.7,68.6,2024,4
2024-04-07 23:15:00+05:30,345.08496447272506,27.6,69.1,2024,4
2024-04-07 23:30:00+05:30,342.6292084348368,27.6,70.2,2024,4
2024-04-07 23:45:00+05:30,339.48711422169333,27.5,71.0,2024,4
2024-04-08 00:00:00+05:30,333.4197589891306,27.3,71.9,2024,4
2024-04-08 00:15:00+05:30,328.3791991613268,27.3,72.2,2024,4
2024-04-08 00:30:00+05:30,322.8700651855442,27.3,72.7,2024,4
2024-04-08 00:45:00+05:30,318.4605662751628,27.2,73.8,2024,4
2024-04-08 01:00:00+05:30,313.3825410800471,27.2,74.4,2024,4
2024-04-08 01:15:00+05:30,310.6273095621429,27.2,74.9,2024,4
2024-04-08 01:30:00+05:30,306.5311663705584,27.1,75.5,2024,4
2024-04-08 01:45:00+05:30,302.4751218439056,27.2,75.9,2024,4
2024-04-08 02:00:00+05:30,300.0903898780938,27.1,76.4,2024,4
2024-04-08 02:15:00+05:30,297.7576232800195,27.0,76.6,2024,4
2024-04-08 02:30:00+05:30,295.9027208923276,27.0,76.6,2024,4
2024-04-08 02:45:00+05:30,292.8928727441338,27.0,76.5,2024,4
2024-04-08 03:00:00+05:30,290.9140085616016,26.9,76.7,2024,4
2024-04-08 03:15:00+05:30,287.51834473064235,26.8,77.0,2024,4
2024-04-08 03:30:00+05:30,284.95513379568604,26.8,77.0,2024,4
2024-04-08 03:45:00+05:30,282.88478964672305,26.7,77.0,2024,4
2024-04-08 04:00:00+05:30,282.4782213135802,26.7,77.2,2024,4
2024-04-08 04:15:00+05:30,283.07492758558226,26.6,77.3,2024,4
2024-04-08 04:30:00+05:30,285.3176845033764,26.6,77.3,2024,4
2024-04-08 04:45:00+05:30,286.92200529321104,26.4,77.9,2024,4
2024-04-08 05:00:00+05:30,288.61314638851354,26.5,77.9,2024,4
2024-04-08 05:15:00+05:30,292.0345955115652,26.5,78.1,2024,4
2024-04-08 05:30:00+05:30,293.6936234476277,26.4,78.1,2024,4
2024-04-08 05:45:00+05:30,297.3107898690699,26.3,78.4,2024,4
2024-04-08 06:00:00+05:30,305.25901735083335,26.3,78.9,2024,4
2024-04-08 06:15:00+05:30,311.782273072932,26.2,78.8,2024,4
2024-04-08 06:30:00+05:30,322.567075185484,26.2,79.2,2024,4
2024-04-08 06:45:00+05:30,327.9665905001551,26.2,79.1,2024,4
2024-04-08 07:00:00+05:30,339.5983057475237,26.3,79.2,2024,4
2024-04-08 07:15:00+05:30,352.8058192619144,26.6,78.7,2024,4
2024-04-08 07:30:00+05:30,369.83431983811886,26.9,78.1,2024,4
2024-04-08 07:45:00+05:30,387.7882827137765,27.2,76.5,2024,4
2024-04-08 08:00:00+05:30,408.3173891349822,27.6,75.5,2024,4
2024-04-08 08:15:00+05:30,430.40687891249655,28.3,73.1,2024,4
2024-04-08 08:30:00+05:30,448.9994713248942,28.9,70.5,2024,4
2024-04-08 08:45:00+05:30,464.7940610499021,29.4,67.1,2024,4
2024-04-08 09:00:00+05:30,478.7066745432902,29.8,63.4,2024,4
2024-04-08 09:15:00+05:30,492.54881813205424,30.3,58.3,2024,4
2024-04-08 09:30:00+05:30,505.3463752008448,30.7,54.8,2024,4
2024-04-08 09:45:00+05:30,514.7680017608973,31.0,53.3,2024,4
2024-04-08 10:00:00+05:30,521.6324662110717,31.4,52.5,2024,4
2024-04-08 10:15:00+05:30,528.4712196305155,31.7,52.3,2024,4
2024-04-08 10:30:00+05:30,530.2300737853395,32.1,52.8,2024,4
2024-04-08 10:45:00+05:30,534.4803411279232,32.4,51.5,2024,4
2024-04-08 11:00:00+05:30,538.389505076438,32.8,50.7,2024,4
2024-04-08 11:15:00+05:30,538.948450304885,33.1,52.1,2024,4
2024-04-08 11:30:00+05:30,534.824000806706,33.1,52.4,2024,4
2024-04-08 11:45:00+05:30,534.6051890323116,33.4,53.7,2024,4
2024-04-08 12:00:00+05:30,535.5120748949121,33.3,56.4,2024,4
2024-04-08 12:15:00+05:30,535.2627752372988,33.2,56.6,2024,4
2024-04-08 12:30:00+05:30,536.7957863783665,33.0,58.1,2024,4
2024-04-08 12:45:00+05:30,537.4807449071459,33.0,58.3,2024,4
2024-04-08 13:00:00+05:30,534.9950104223957,33.0,58.6,2024,4
2024-04-08 13:15:00+05:30,533.8653853204681,33.3,57.9,2024,4
2024-04-08 13:30:00+05:30,533.104350666736,33.4,57.6,2024,4
2024-04-08 13:45:00+05:30,533.1326599292762,33.4,57.6,2024,4
2024-04-08 14:00:00+05:30,536.6288789009834,33.7,57.5,2024,4
2024-04-08 14:15:00+05:30,542.1294704534234,33.4,58.6,2024,4
2024-04-08 14:30:00+05:30,544.860585205618,33.5,58.3,2024,4
2024-04-08 14:45:00+05:30,545.764595104605,33.3,59.0,2024,4
2024-04-08 15:00:00+05:30,545.6568866585804,33.3,59.6,2024,4
2024-04-08 15:15:00+05:30,544.0499990410098,33.5,58.7,2024,4
2024-04-08 15:30:00+05:30,543.9584591768289,33.4,59.3,2024,4
2024-04-08 15:45:00+05:30,546.9639331954479,33.3,59.8,2024,4
2024-04-08 16:00:00+05:30,545.2009985559371,33.9,58.1,2024,4
2024-04-08 16:15:00+05:30,544.2493165450562,34.0,58.4,2024,4
2024-04-08 16:30:00+05:30,536.870304730084,34.3,57.8,2024,4
2024-04-08 16:45:00+05:30,532.9432206680729,34.0,58.0,2024,4
2024-04-08 17:00:00+05:30,525.4893766761467,33.8,58.5,2024,4
2024-04-08 17:15:00+05:30,524.4358238349623,33.7,59.1,2024,4
2024-04-08 17:30:00+05:30,520.9277741909067,33.4,59.9,2024,4
2024-04-08 17:45:00+05:30,508.8692211258405,33.0,60.8,2024,4
2024-04-08 18:00:00+05:30,498.8822909349415,32.4,62.9,2024,4
2024-04-08 18:15:00+05:30,488.6390379308405,32.1,64.5,2024,4
2024-04-08 18:30:00+05:30,479.0633881998744,31.4,66.7,2024,4
2024-04-08 18:45:00+05:30,474.231954493731,30.5,69.5,2024,4
2024-04-08 19:00:00+05:30,466.3988297729632,30.0,71.6,2024,4
2024-04-08 19:15:00+05:30,461.3357224702352,29.7,73.0,2024,4
2024-04-08 19:30:00+05:30,454.7412438735309,29.5,74.0,2024,4
2024-04-08 19:45:00+05:30,445.1663379673794,29.4,74.9,2024,4
2024-04-08 20:00:00+05:30,437.91084237536666,29.3,75.7,2024,4
2024-04-08 20:15:00+05:30,431.1336713268549,29.1,76.4,2024,4
2024-04-08 20:30:00+05:30,424.3150105226961,28.9,77.4,2024,4
2024-04-08 20:45:00+05:30,417.7817860755618,28.8,78.0,2024,4
2024-04-08 21:00:00+05:30,408.9631409697016,28.7,78.6,2024,4
2024-04-08 21:15:00+05:30,408.5440850825459,28.7,78.6,2024,4
2024-04-08 21:30:00+05:30,402.2402734112313,28.6,79.2,2024,4
2024-04-08 21:45:00+05:30,402.1185315929238,28.6,79.0,2024,4
2024-04-08 22:00:00+05:30,397.1497651364272,28.5,79.0,2024,4
2024-04-08 22:15:00+05:30,392.6660914503568,28.4,79.9,2024,4
2024-04-08 22:30:00+05:30,389.80528497851975,28.4,80.2,2024,4
2024-04-08 22:45:00+05:30,385.1148704157828,28.2,80.9,2024,4
2024-04-08 23:00:00+05:30,377.40493412173055,28.2,81.5,2024,4
2024-04-08 23:15:00+05:30,372.4274879516527,28.1,81.8,2024,4
2024-04-08 23:30:00+05:30,367.45776252285873,28.0,82.2,2024,4
2024-04-08 23:45:00+05:30,364.19690694674136,28.0,82.1,2024,4
2024-04-09 00:00:00+05:30,358.7811803823637,27.9,82.6,2024,4
2024-04-09 00:15:00+05:30,351.5233447202812,27.9,82.5,2024,4
2024-04-09 00:30:00+05:30,345.6800865359454,27.9,82.3,2024,4
2024-04-09 00:45:00+05:30,340.2658966905871,27.9,81.9,2024,4
2024-04-09 01:00:00+05:30,337.7160166813273,27.8,81.5,2024,4
2024-04-09 01:15:00+05:30,330.5510330670751,27.8,81.5,2024,4
2024-04-09 01:30:00+05:30,326.3997832749287,27.7,81.1,2024,4
2024-04-09 01:45:00+05:30,320.279313206399,27.7,81.2,2024,4
2024-04-09 02:00:00+05:30,317.3810154326231,27.6,80.9,2024,4
2024-04-09 02:15:00+05:30,312.8494265078144,27.5,81.0,2024,4
2024-04-09 02:30:00+05:30,311.5244838410969,27.5,80.4,2024,4
2024-04-09 02:45:00+05:30,307.1966589487811,27.4,80.2,2024,4
2024-04-09 03:00:00+05:30,307.5783509511355,27.4,80.1,2024,4
2024-04-09 03:15:00+05:30,306.5213338986086,27.3,80.3,2024,4
2024-04-09 03:30:00+05:30,303.3174040481065,27.2,80.0,2024,4
2024-04-09 03:45:00+05:30,299.796309759983,27.1,80.4,2024,4
2024-04-09 04:00:00+05:30,296.5044349516457,27.1,80.2,2024,4
2024-04-09 04:15:00+05:30,295.1026513888899,27.0,80.1,2024,4
2024-04-09 04:30:00+05:30,300.2670717537967,26.9,80.0,2024,4
2024-04-09 04:45:00+05:30,296.014995682146,26.8,79.9,2024,4
2024-04-09 05:00:00+05:30,295.5432332717156,26.7,80.4,2024,4
2024-04-09 05:15:00+05:30,298.2630718386778,26.5,81.2,2024,4
2024-04-09 05:30:00+05:30,300.6285025099647,26.5,81.2,2024,4
2024-04-09 05:45:00+05:30,303.1526169867313,26.5,80.8,2024,4
2024-04-09 06:00:00+05:30,307.5237440545806,26.4,80.2,2024,4
2024-04-09 06:15:00+05:30,312.96597360051,26.4,79.9,2024,4
2024-04-09 06:30:00+05:30,316.5197530315693,26.4,79.7,2024,4
2024-04-09 06:45:00+05:30,318.6436952569106,26.5,80.4,2024,4
2024-04-09 07:00:00+05:30,325.0452396369254,26.6,80.3,2024,4
2024-04-09 07:15:00+05:30,330.3986984367428,26.8,80.3,2024,4
2024-04-09 07:30:00+05:30,338.3664345500666,27.1,79.8,2024,4
2024-04-09 07:45:00+05:30,350.2994065876488,27.5,77.6,2024,4
2024-04-09 08:00:00+05:30,362.294632992345,28.0,75.1,2024,4
2024-04-09 08:15:00+05:30,373.2343668943142,28.7,72.3,2024,4
2024-04-09 08:30:00+05:30,385.327860937358,29.3,69.7,2024,4
2024-04-09 08:45:00+05:30,395.6220198913049,29.9,66.0,2024,4
2024-04-09 09:00:00+05:30,404.0947371044189,30.5,62.9,2024,4
2024-04-09 09:15:00+05:30,412.1557839854805,31.0,62.0,2024,4
2024-04-09 09:30:00+05:30,420.7969393764187,31.3,59.5,2024,4
2024-04-09 09:45:00+05:30,425.7088003119709,31.7,58.3,2024,4
2024-04-09 10:00:00+05:30,430.2312648002343,32.1,55.2,2024,4
2024-04-09 10:15:00+05:30,433.4893743817722,32.5,53.5,2024,4
2024-04-09 10:30:00+05:30,437.9863418337908,32.6,53.1,2024,4
2024-04-09 10:45:00+05:30,439.3220217848162,33.1,52.7,2024,4
2024-04-09 11:00:00+05:30,441.8515623301315,33.4,51.5,2024,4
2024-04-09 11:15:00+05:30,443.5825926072383,33.4,53.3,2024,4
2024-04-09 11:30:00+05:30,443.7927424836561,33.5,54.9,2024,4
2024-04-09 11:45:00+05:30,445.4626455619631,33.5,56.0,2024,4
2024-04-09 12:00:00+05:30,448.0954650658367,33.7,56.4,2024,4
2024-04-09 12:15:00+05:30,450.3521581174251,33.6,56.6,2024,4
2024-04-09 12:30:00+05:30,450.5966602714826,33.8,56.0,2024,4
2024-04-09 12:45:00+05:30,451.6369764673535,33.8,54.6,2024,4
2024-04-09 13:00:00+05:30,449.3882618799734,33.9,52.6,2024,4
2024-04-09 13:15:00+05:30,444.6417985113723,34.0,52.8,2024,4
2024-04-09 13:30:00+05:30,442.6319271357423,34.0,52.7,2024,4
2024-04-09 13:45:00+05:30,444.8733524252534,34.1,52.7,2024,4
2024-04-09 14:00:00+05:30,448.5332341803921,34.0,52.6,2024,4
2024-04-09 14:15:00+05:30,449.9582946817059,33.7,55.4,2024,4
2024-04-09 14:30:00+05:30,451.0814293577522,33.8,55.7,2024,4
2024-04-09 14:45:00+05:30,450.0755636681232,33.6,56.7,2024,4
2024-04-09 15:00:00+05:30,452.2684729674139,33.5,58.3,2024,4
2024-04-09 15:15:00+05:30,451.1854907178292,33.4,59.0,2024,4
2024-04-09 15:30:00+05:30,450.2355594641542,33.5,59.1,2024,4
2024-04-09 15:45:00+05:30,451.226959465141,33.4,59.9,2024,4
2024-04-09 16:00:00+05:30,448.470445880637,33.9,59.0,2024,4
2024-04-09 16:15:00+05:30,449.1453157557172,33.9,59.4,2024,4
2024-04-09 16:30:00+05:30,446.8300975861564,34.2,59.2,2024,4
2024-04-09 16:45:00+05:30,445.1360613594359,33.9,60.0,2024,4
2024-04-09 17:00:00+05:30,444.2435814552165,33.6,61.1,2024,4
2024-04-09 17:15:00+05:30,440.4989918214068,33.3,62.1,2024,4
2024-04-09 17:30:00+05:30,437.2778777145654,33.1,64.0,2024,4
2024-04-09 17:45:00+05:30,430.2190574999024,32.7,65.1,2024,4
2024-04-09 18:00:00+05:30,432.6644226935716,32.3,65.9,2024,4
2024-04-09 18:15:00+05:30,425.7522520392956,31.3,70.1,2024,4
2024-04-09 18:30:00+05:30,423.6317734288289,30.7,72.3,2024,4
2024-04-09 18:45:00+05:30,424.2072684919793,30.1,74.5,2024,4
2024-04-09 19:00:00+05:30,420.5566767065016,29.7,76.3,2024,4
2024-04-09 19:15:00+05:30,418.2704130298046,29.6,77.1,2024,4
2024-04-09 19:30:00+05:30,416.9267296725467,29.4,78.0,2024,4
2024-04-09 19:45:00+05:30,414.2638133650539,29.3,78.3,2024,4
2024-04-09 20:00:00+05:30,409.7175009540766,29.2,78.8,2024,4
2024-04-09 20:15:00+05:30,405.5064438365485,29.1,79.4,2024,4
2024-04-09 20:30:00+05:30,401.4584300526963,29.0,79.8,2024,4
2024-04-09 20:45:00+05:30,398.0284463440818,28.9,80.2,2024,4
2024-04-09 21:00:00+05:30,395.6135687135615,28.8,80.1,2024,4
2024-04-09 21:15:00+05:30,394.767507434726,28.8,80.3,2024,4
2024-04-09 21:30:00+05:30,391.2648607590313,28.7,80.5,2024,4
2024-04-09 21:45:00+05:30,391.5694047343438,28.7,80.4,2024,4
2024-04-09 22:00:00+05:30,392.4579898265872,28.6,80.8,2024,4
2024-04-09 22:15:00+05:30,389.0207060215969,28.6,81.1,2024,4
2024-04-09 22:30:00+05:30,386.2280844010797,28.6,81.0,2024,4
2024-04-09 22:45:00+05:30,379.5715649858829,28.5,80.7,2024,4
2024-04-09 23:00:00+05:30,374.3862331546305,28.5,80.8,2024,4
2024-04-09 23:15:00+05:30,368.5267177238526,28.4,80.8,2024,4
2024-04-09 23:30:00+05:30,362.3284272749387,28.4,80.6,2024,4
2024-04-09 23:45:00+05:30,357.4455574044612,28.3,80.4,2024,4
2024-04-10 00:00:00+05:30,353.3430290326823,28.3,80.6,2024,4
2024-04-10 00:15:00+05:30,346.4056659578002,28.2,80.7,2024,4
2024-04-10 00:30:00+05:30,340.3592744897493,28.2,80.7,2024,4
2024-04-10 00:45:00+05:30,333.1421091567613,28.1,80.7,2024,4
2024-04-10 01:00:00+05:30,328.0050853106038,28.0,81.3,2024,4
2024-04-10 01:15:00+05:30,323.5219625181071,27.9,81.7,2024,4
2024-04-10 01:30:00+05:30,319.2235070224636,27.9,81.9,2024,4
2024-04-10 01:45:00+05:30,313.8182843632946,27.9,82.3,2024,4
2024-04-10 02:00:00+05:30,312.0477325771095,27.8,82.7,2024,4
2024-04-10 02:15:00+05:30,308.5519847731924,27.7,82.5,2024,4
2024-04-10 02:30:00+05:30,306.0869529596712,27.7,82.5,2024,4
2024-04-10 02:45:00+05:30,305.0800606342424,27.6,82.4,2024,4
2024-04-10 03:00:00+05:30,300.4814205249542,27.6,82.2,2024,4
2024-04-10 03:15:00+05:30,299.3403999592209,27.5,82.3,2024,4
2024-04-10 03:30:00+05:30,295.2244090415589,27.5,82.4,2024,4
2024-04-10 03:45:00+05:30,293.35664188144915,27.4,82.8,2024,4
2024-04-10 04:00:00+05:30,291.67421233488227,27.3,82.7,2024,4
2024-04-10 04:15:00+05:30,289.71396041881275,27.3,83.0,2024,4
2024-04-10 04:30:00+05:30,293.68290575747284,27.2,83.4,2024,4
2024-04-10 04:45:00+05:30,297.84003853319336,27.2,83.3,2024,4
2024-04-10 05:00:00+05:30,301.2943750829112,27.0,83.8,2024,4
2024-04-10 05:15:00+05:30,299.06634201199404,27.0,84.1,2024,4
2024-04-10 05:30:00+05:30,302.5009510953521,26.9,84.5,2024,4
2024-04-10 05:45:00+05:30,307.80845219587945,27.0,84.7,2024,4
2024-04-10 06:00:00+05:30,315.3201205120251,27.1,84.4,2024,4
2024-04-10 06:15:00+05:30,321.39315173396943,27.0,84.0,2024,4
2024-04-10 06:30:00+05:30,328.46421073181773,27.1,83.3,2024,4
2024-04-10 06:45:00+05:30,336.33945148374266,27.1,83.5,2024,4
2024-04-10 07:00:00+05:30,348.8270609487609,27.2,83.6,2024,4
2024-04-10 07:15:00+05:30,361.1440008281433,27.3,83.4,2024,4
2024-04-10 07:30:00+05:30,376.51347421358673,27.6,82.3,2024,4
2024-04-10 07:45:00+05:30,394.71357839931017,27.9,81.3,2024,4
2024-04-10 08:00:00+05:30,417.206958000594,28.1,79.8,2024,4
2024-04-10 08:15:00+05:30,437.8896935447602,28.7,77.3,2024,4
2024-04-10 08:30:00+05:30,455.9876908836233,29.3,74.2,2024,4
2024-04-10 08:45:00+05:30,474.0150323443472,29.7,71.8,2024,4
2024-04-10 09:00:00+05:30,492.2910758443898,30.1,69.0,2024,4
2024-04-10 09:15:00+05:30,504.9812838231912,30.6,67.7,2024,4
2024-04-10 09:30:00+05:30,515.1652850899261,30.9,66.1,2024,4
2024-04-10 09:45:00+05:30,525.9954361855819,31.0,65.3,2024,4
2024-04-10 10:00:00+05:30,533.843483920009,31.2,64.6,2024,4
2024-04-10 10:15:00+05:30,542.4703523188273,31.5,63.0,2024,4
2024-04-10 10:30:00+05:30,544.7672025875875,31.8,61.7,2024,4
2024-04-10 10:45:00+05:30,555.6599233196215,32.3,59.6,2024,4
2024-04-10 11:00:00+05:30,558.3423043575842,32.6,59.3,2024,4
2024-04-10 11:15:00+05:30,558.8118144877312,32.8,59.6,2024,4
2024-04-10 11:30:00+05:30,560.3532913650204,32.9,60.7,2024,4
2024-04-10 11:45:00+05:30,557.9493065739359,33.0,61.2,2024,4
2024-04-10 12:00:00+05:30,558.1737746020519,33.0,61.5,2024,4
2024-04-10 12:15:00+05:30,551.2668275689966,33.0,61.7,2024,4
2024-04-10 12:30:00+05:30,551.537496333501,33.0,60.6,2024,4
2024-04-10 12:45:00+05:30,550.3178109569027,33.0,59.6,2024,4
2024-04-10 13:00:00+05:30,546.2467397134832,33.0,58.9,2024,4
2024-04-10 13:15:00+05:30,542.4128920339429,33.0,58.9,2024,4
2024-04-10 13:30:00+05:30,540.0533077493989,33.0,59.2,2024,4
2024-04-10 13:45:00+05:30,539.1622938626906,33.1,58.3,2024,4
2024-04-10 14:00:00+05:30,545.3672956073492,33.1,57.9,2024,4
2024-04-10 14:15:00+05:30,544.1520774928446,33.4,58.5,2024,4
2024-04-10 14:30:00+05:30,545.7666902206448,33.1,58.7,2024,4
2024-04-10 14:45:00+05:30,549.5390952019552,33.1,59.1,2024,4
2024-04-10 15:00:00+05:30,543.760918935168,32.8,60.0,2024,4
2024-04-10 15:15:00+05:30,544.2014201475533,32.8,60.2,2024,4
2024-04-10 15:30:00+05:30,547.617579385806,32.8,61.2,2024,4
2024-04-10 15:45:00+05:30,547.7646210294732,32.8,62.0,2024,4
2024-04-10 16:00:00+05:30,547.4627382452635,33.1,61.3,2024,4
2024-04-10 16:15:00+05:30,545.9039405749736,32.8,62.6,2024,4
2024-04-10 16:30:00+05:30,542.894655247977,33.1,62.2,2024,4
2024-04-10 16:45:00+05:30,539.2731564718897,32.7,63.6,2024,4
2024-04-10 17:00:00+05:30,531.0677095851287,32.5,64.5,2024,4
2024-04-10 17:15:00+05:30,524.1095897837172,32.2,65.3,2024,4
2024-04-10 17:30:00+05:30,519.4412087663808,32.0,65.8,2024,4
2024-04-10 17:45:00+05:30,509.1772275179629,31.8,67.4,2024,4
2024-04-10 18:00:00+05:30,495.24396943918055,31.5,68.2,2024,4
2024-04-10 18:15:00+05:30,487.15140348956015,31.1,69.5,2024,4
2024-04-10 18:30:00+05:30,481.2156715187699,30.5,71.4,2024,4
2024-04-10 18:45:00+05:30,479.2550286349925,29.9,73.7,2024,4
2024-04-10 19:00:00+05:30,470.03742462410605,29.6,75.0,2024,4
2024-04-10 19:15:00+05:30,464.64088931270817,29.4,76.3,2024,4
2024-04-10 19:30:00+05:30,453.6650696491768,29.2,77.1,2024,4
2024-04-10 19:45:00+05:30,448.26914468023045,29.1,77.9,2024,4
2024-04-10 20:00:00+05:30,440.5488615021586,29.0,78.5,2024,4
2024-04-10 20:15:00+05:30,434.09914519473074,29.0,78.7,2024,4
2024-04-10 20:30:00+05:30,427.7825264766455,28.9,79.1,2024,4
2024-04-10 20:45:00+05:30,419.14925503832006,28.9,79.1,2024,4
2024-04-10 21:00:00+05:30,411.3403052004927,28.8,79.7,2024,4
2024-04-10 21:15:00+05:30,409.2745477272656,28.7,79.9,2024,4
2024-04-10 21:30:00+05:30,401.7760364673128,28.7,80.1,2024,4
2024-04-10 21:45:00+05:30,400.9147576778957,28.6,80.2,2024,4
2024-04-10 22:00:00+05:30,395.2468714202749,28.6,80.6,2024,4
2024-04-10 22:15:00+05:30,389.60276170054686,28.6,80.9,2024,4
2024-04-10 22:30:00+05:30,388.32605148744335,28.5,81.2,2024,4
2024-04-10 22:45:00+05:30,384.2015653973729,28.5,81.3,2024,4
2024-04-10 23:00:00+05:30,381.3977034079907,28.4,81.5,2024,4
2024-04-10 23:15:00+05:30,374.0219085432554,28.4,81.9,2024,4
2024-04-10 23:30:00+05:30,369.2895563249836,28.3,81.7,2024,4
2024-04-10 23:45:00+05:30,364.75590028530655,28.2,81.9,2024,4
2024-04-11 00:00:00+05:30,357.6951608836144,28.1,81.5,2024,4
2024-04-11 00:15:00+05:30,352.65086388875204,28.1,81.3,2024,4
2024-04-11 00:30:00+05:30,347.1784034796625,28.1,80.9,2024,4
2024-04-11 00:45:00+05:30,341.1860296390371,28.0,80.9,2024,4
2024-04-11 01:00:00+05:30,335.8216739930565,28.0,80.7,2024,4
2024-04-11 01:15:00+05:30,330.8596649233137,27.9,81.8,2024,4
2024-04-11 01:30:00+05:30,325.2723119884181,27.8,82.2,2024,4
2024-04-11 01:45:00+05:30,320.87121257061267,27.7,82.2,2024,4
2024-04-11 02:00:00+05:30,317.4371158144542,27.7,82.1,2024,4
2024-04-11 02:15:00+05:30,315.1411422069051,27.5,82.1,2024,4
2024-04-11 02:30:00+05:30,312.861781714146,27.5,82.3,2024,4
2024-04-11 02:45:00+05:30,308.0558748030003,27.5,82.1,2024,4
2024-04-11 03:00:00+05:30,305.46665053757886,27.5,82.3,2024,4
2024-04-11 03:15:00+05:30,302.88744689770834,27.4,81.9,2024,4
2024-04-11 03:30:00+05:30,300.86425084609584,27.4,81.6,2024,4
2024-04-11 03:45:00+05:30,298.0698253402715,27.4,81.0,2024,4
2024-04-11 04:00:00+05:30,296.9755641232138,27.3,80.9,2024,4
2024-04-11 04:15:00+05:30,295.66232143096335,27.2,81.4,2024,4
2024-04-11 04:30:00+05:30,296.1771977218589,27.3,81.3,2024,4
2024-04-11 04:45:00+05:30,297.7424365727689,27.3,81.4,2024,4
2024-04-11 05:00:00+05:30,299.2269154843515,27.3,81.1,2024,4
2024-04-11 05:15:00+05:30,303.83973967397446,27.3,80.9,2024,4
2024-04-11 05:30:00+05:30,304.7343052114983,27.2,81.1,2024,4
2024-04-11 05:45:00+05:30,308.3376324257511,27.2,80.9,2024,4
2024-04-11 06:00:00+05:30,314.549415939272,27.2,80.9,2024,4
2024-04-11 06:15:00+05:30,310.9494578436773,27.2,79.9,2024,4
2024-04-11 06:30:00+05:30,314.00279947027235,27.1,79.8,2024,4
2024-04-11 06:45:00+05:30,317.8117714752427,27.1,79.0,2024,4
2024-04-11 07:00:00+05:30,326.1783061212629,27.1,79.4,2024,4
2024-04-11 07:15:00+05:30,338.16260584753496,27.2,77.9,2024,4
2024-04-11 07:30:00+05:30,348.36920707004737,27.6,75.6,2024,4
2024-04-11 07:45:00+05:30,359.7771548583313,28.0,72.0,2024,4
2024-04-11 08:00:00+05:30,374.2013127858072,28.4,71.4,2024,4
2024-04-11 08:15:00+05:30,390.7935009506546,29.0,67.7,2024,4
2024-04-11 08:30:00+05:30,402.1803550595997,29.4,65.6,2024,4
2024-04-11 08:45:00+05:30,413.1731815558874,29.8,61.3,2024,4
2024-04-11 09:00:00+05:30,423.37838963487417,30.3,59.6,2024,4
2024-04-11 09:15:00+05:30,435.5147375889796,30.9,56.1,2024,4
2024-04-11 09:30:00+05:30,444.8075230887905,31.4,52.0,2024,4
2024-04-11 09:45:00+05:30,450.2278892921557,31.8,50.3,2024,4
2024-04-11 10:00:00+05:30,456.1912225009197,32.2,48.8,2024,4
2024-04-11 10:15:00+05:30,466.81020044929966,32.6,48.3,2024,4
2024-04-11 10:30:00+05:30,472.88412750799336,32.9,47.4,2024,4
2024-04-11 10:45:00+05:30,470.9467007412397,33.2,47.2,2024,4
2024-04-11 11:00:00+05:30,474.2426147970222,33.4,47.9,2024,4
2024-04-11 11:15:00+05:30,478.9940831219311,33.4,49.2,2024,4
2024-04-11 11:30:00+05:30,473.7124984534652,33.4,51.0,2024,4
2024-04-11 11:45:00+05:30,473.6526368379874,33.3,54.6,2024,4
2024-04-11 12:00:00+05:30,476.9914014087284,33.2,56.8,2024,4
2024-04-11 12:15:00+05:30,479.5554509539297,33.3,57.6,2024,4
2024-04-11 12:30:00+05:30,480.5730273959351,33.5,57.3,2024,4
2024-04-11 12:45:00+05:30,479.55789970069344,33.7,56.7,2024,4
2024-04-11 13:00:00+05:30,477.4478835661162,33.6,56.4,2024,4
2024-04-11 13:15:00+05:30,475.773615050096,33.6,55.8,2024,4
2024-04-11 13:30:00+05:30,474.7066477443191,33.4,56.1,2024,4
2024-04-11 13:45:00+05:30,474.4897548139258,33.0,56.7,2024,4
2024-04-11 14:00:00+05:30,478.0589071312534,33.0,56.3,2024,4
2024-04-11 14:15:00+05:30,480.95929741809147,33.1,56.2,2024,4
2024-04-11 14:30:00+05:30,482.20935065273886,33.0,57.7,2024,4
2024-04-11 14:45:00+05:30,481.39012741339707,33.2,57.1,2024,4
2024-04-11 15:00:00+05:30,484.43433098733766,33.0,57.5,2024,4
2024-04-11 15:15:00+05:30,486.3012612818197,32.9,57.9,2024,4
2024-04-11 15:30:00+05:30,479.10231580673695,32.9,58.5,2024,4
2024-04-11 15:45:00+05:30,478.7281220629112,32.6,59.7,2024,4
2024-04-11 16:00:00+05:30,478.8511388701659,33.0,58.1,2024,4
2024-04-11 16:15:00+05:30,474.815167887657,33.1,58.0,2024,4
2024-04-11 16:30:00+05:30,473.9969651968074,33.3,57.4,2024,4
2024-04-11 16:45:00+05:30,470.77071549144847,33.0,58.4,2024,4
2024-04-11 17:00:00+05:30,468.7173764261163,33.1,57.2,2024,4
2024-04-11 17:15:00+05:30,464.3491537936756,32.9,58.0,2024,4
2024-04-11 17:30:00+05:30,455.3495091825336,32.8,58.1,2024,4
2024-04-11 17:45:00+05:30,447.3088912229722,32.3,60.4,2024,4
2024-04-11 18:00:00+05:30,443.24690430472486,32.1,61.5,2024,4
2024-04-11 18:15:00+05:30,439.7068535306975,31.4,63.7,2024,4
2024-04-11 18:30:00+05:30,436.77698316607655,30.8,65.3,2024,4
2024-04-11 18:45:00+05:30,435.8139711651907,30.2,67.0,2024,4
2024-04-11 19:00:00+05:30,432.0100296677774,29.8,68.1,2024,4
2024-04-11 19:15:00+05:30,427.321704584912,29.5,68.7,2024,4
2024-04-11 19:30:00+05:30,420.7588159933693,29.4,68.9,2024,4
2024-04-11 19:45:00+05:30,413.5415567649443,29.3,69.0,2024,4
2024-04-11 20:00:00+05:30,407.9870140426272,29.2,69.2,2024,4
2024-04-11 20:15:00+05:30,403.52304555080815,29.1,69.7,2024,4
2024-04-11 20:30:00+05:30,398.3325954631949,29.0,69.9,2024,4
2024-04-11 20:45:00+05:30,393.5083719971514,28.9,70.5,2024,4
2024-04-11 21:00:00+05:30,388.53155972384,28.8,70.9,2024,4
2024-04-11 21:15:00+05:30,387.4354696795343,28.7,71.5,2024,4
2024-04-11 21:30:00+05:30,381.403344405564,28.6,71.5,2024,4
2024-04-11 21:45:00+05:30,383.1673298167275,28.6,72.2,2024,4
2024-04-11 22:00:00+05:30,380.2711577014176,28.5,72.4,2024,4
2024-04-11 22:15:00+05:30,378.8822842433534,28.5,72.5,2024,4
2024-04-11 22:30:00+05:30,375.6963108977927,28.3,73.6,2024,4
2024-04-11 22:45:00+05:30,370.3520478034666,28.3,74.1,2024,4
2024-04-11 23:00:00+05:30,365.7956666660604,28.3,74.5,2024,4
2024-04-11 23:15:00+05:30,361.4885096561562,28.2,74.9,2024,4
2024-04-11 23:30:00+05:30,357.59695004315995,28.1,75.9,2024,4
2024-04-11 23:45:00+05:30,353.54569714894967,28.0,76.6,2024,4
2024-04-12 00:00:00+05:30,348.325824737864,27.9,77.1,2024,4
2024-04-12 00:15:00+05:30,342.749592203008,27.9,77.8,2024,4
2024-04-12 00:30:00+05:30,339.05509814202145,27.9,78.1,2024,4
2024-04-12 00:45:00+05:30,332.675416325572,27.9,78.4,2024,4
2024-04-12 01:00:00+05:30,329.79526771222845,27.8,78.8,2024,4
2024-04-12 01:15:00+05:30,322.73756131046656,27.7,79.3,2024,4
2024-04-12 01:30:00+05:30,321.6428774276075,27.6,79.7,2024,4
2024-04-12 01:45:00+05:30,318.8074239932437,27.7,79.7,2024,4
2024-04-12 02:00:00+05:30,315.34973535516986,27.6,79.5,2024,4
2024-04-12 02:15:00+05:30,310.1070957288612,27.6,79.7,2024,4
2024-04-12 02:30:00+05:30,305.571694299916,27.7,79.5,2024,4
2024-04-12 02:45:00+05:30,302.86428805922503,27.7,79.2,2024,4
2024-04-12 03:00:00+05:30,301.54710336425524,27.7,78.9,2024,4
2024-04-12 03:15:00+05:30,297.7320429260443,27.7,79.0,2024,4
2024-04-12 03:30:00+05:30,295.7560569844555,27.6,79.0,2024,4
2024-04-12 03:45:00+05:30,294.4438755416136,27.5,79.1,2024,4
2024-04-12 04:00:00+05:30,293.4362468909621,27.4,78.9,2024,4
2024-04-12 04:15:00+05:30,293.5942575245288,27.4,78.3,2024,4
2024-04-12 04:30:00+05:30,294.83843820294186,27.3,78.0,2024,4
2024-04-12 04:45:00+05:30,294.51987009588817,27.3,78.0,2024,4
2024-04-12 05:00:00+05:30,294.6601783003909,27.3,78.2,2024,4
2024-04-12 05:15:00+05:30,298.0748876307575,27.2,78.0,2024,4
2024-04-12 05:30:00+05:30,302.0784428191571,27.2,77.8,2024,4
2024-04-12 05:45:00+05:30,307.4723672333646,27.1,77.3,2024,4
2024-04-12 06:00:00+05:30,314.1726410096436,26.9,77.0,2024,4
2024-04-12 06:15:00+05:30,318.2881413248302,26.9,76.8,2024,4
2024-04-12 06:30:00+05:30,327.9874056208782,26.8,76.7,2024,4
2024-04-12 06:45:00+05:30,331.70698339112704,26.8,76.7,2024,4
2024-04-12 07:00:00+05:30,344.22248254799825,26.9,76.1,2024,4
2024-04-12 07:15:00+05:30,359.5697839999941,27.2,74.7,2024,4
2024-04-12 07:30:00+05:30,374.1898117750827,27.5,73.7,2024,4
2024-04-12 07:45:00+05:30,388.2084783853553,27.8,71.0,2024,4
2024-04-12 08:00:00+05:30,411.0327144066667,28.2,67.0,2024,4
2024-04-12 08:15:00+05:30,429.53549009048754,28.9,63.5,2024,4
2024-04-12 08:30:00+05:30,447.5872780858123,29.5,60.6,2024,4
2024-04-12 08:45:00+05:30,464.7566106572621,30.0,57.9,2024,4
2024-04-12 09:00:00+05:30,477.2613818516361,30.3,54.6,2024,4
2024-04-12 09:15:00+05:30,490.25080780104696,30.6,51.8,2024,4
2024-04-12 09:30:00+05:30,496.2432829228201,31.2,50.3,2024,4
2024-04-12 09:45:00+05:30,505.1694414099613,31.5,49.4,2024,4
2024-04-12 10:00:00+05:30,512.1246808234304,31.7,47.9,2024,4
2024-04-12 10:15:00+05:30,518.003149102897,31.9,48.9,2024,4
2024-04-12 10:30:00+05:30,522.848636781394,32.1,47.8,2024,4
2024-04-12 10:45:00+05:30,526.3683435933899,32.3,48.2,2024,4
2024-04-12 11:00:00+05:30,529.5558812608768,32.3,50.6,2024,4
2024-04-12 11:15:00+05:30,529.1621436509794,32.6,51.4,2024,4
2024-04-12 11:30:00+05:30,526.5555863219249,32.8,51.1,2024,4
2024-04-12 11:45:00+05:30,526.7273835699642,32.8,51.8,2024,4
2024-04-12 12:00:00+05:30,526.2501403220226,33.2,52.4,2024,4
2024-04-12 12:15:00+05:30,525.0587587894845,33.3,53.4,2024,4
2024-04-12 12:30:00+05:30,536.8886647238526,33.4,53.9,2024,4
2024-04-12 12:45:00+05:30,524.6386121577392,33.3,53.9,2024,4
2024-04-12 13:00:00+05:30,520.913176749224,33.3,53.1,2024,4
2024-04-12 13:15:00+05:30,516.803302084618,33.2,52.6,2024,4
2024-04-12 13:30:00+05:30,513.9243494368717,33.0,52.9,2024,4
2024-04-12 13:45:00+05:30,514.1916753778456,32.9,52.8,2024,4
2024-04-12 14:00:00+05:30,515.2006096901173,32.7,52.3,2024,4
2024-04-12 14:15:00+05:30,519.265981272117,32.7,51.1,2024,4
2024-04-12 14:30:00+05:30,522.5003590542556,32.9,51.2,2024,4
2024-04-12 14:45:00+05:30,520.3084964579219,32.9,49.6,2024,4
2024-04-12 15:00:00+05:30,520.9323680614791,32.8,48.9,2024,4
2024-04-12 15:15:00+05:30,521.5585428036643,33.2,50.0,2024,4
2024-04-12 15:30:00+05:30,519.9355495065944,33.3,49.5,2024,4
2024-04-12 15:45:00+05:30,518.1515163238059,32.9,49.6,2024,4
2024-04-12 16:00:00+05:30,519.0094756370522,33.1,51.2,2024,4
2024-04-12 16:15:00+05:30,513.099591359326,32.7,52.6,2024,4
2024-04-12 16:30:00+05:30,511.7196484641511,32.6,52.9,2024,4
2024-04-12 16:45:00+05:30,506.238899752417,32.7,53.4,2024,4
2024-04-12 17:00:00+05:30,507.5237741615978,32.7,54.2,2024,4
2024-04-12 17:15:00+05:30,499.99305409889286,32.4,54.7,2024,4
2024-04-12 17:30:00+05:30,494.31509278751565,31.9,56.7,2024,4
2024-04-12 17:45:00+05:30,486.3000644936642,31.6,57.2,2024,4
2024-04-12 18:00:00+05:30,477.9257128878876,31.2,58.7,2024,4
2024-04-12 18:15:00+05:30,467.5850934770722,30.7,60.0,2024,4
2024-04-12 18:30:00+05:30,460.2579789678885,30.1,61.9,2024,4
2024-04-12 18:45:00+05:30,453.182190930809,29.6,63.7,2024,4
2024-04-12 19:00:00+05:30,447.6103802011091,29.2,65.3,2024,4
2024-04-12 19:15:00+05:30,441.62892184016937,28.9,66.3,2024,4
2024-04-12 19:30:00+05:30,434.2474477126961,28.8,67.2,2024,4
2024-04-12 19:45:00+05:30,431.65457586159295,28.7,68.2,2024,4
2024-04-12 20:00:00+05:30,421.8955556189008,28.6,69.5,2024,4
2024-04-12 20:15:00+05:30,412.4134160303962,28.6,70.1,2024,4
2024-04-12 20:30:00+05:30,409.54015069851033,28.4,70.8,2024,4
2024-04-12 20:45:00+05:30,403.2245140017269,28.4,70.6,2024,4
2024-04-12 21:00:00+05:30,393.4211514075342,28.3,70.9,2024,4
2024-04-12 21:15:00+05:30,390.9933206280432,28.3,70.8,2024,4
2024-04-12 21:30:00+05:30,385.5308154312609,28.2,70.9,2024,4
2024-04-12 21:45:00+05:30,382.30583126242686,28.1,71.3,2024,4
2024-04-12 22:00:00+05:30,379.6262919165855,27.9,72.0,2024,4
2024-04-12 22:15:00+05:30,373.6411602424136,27.9,72.2,2024,4
2024-04-12 22:30:00+05:30,371.4169358921342,27.9,72.8,2024,4
2024-04-12 22:45:00+05:30,370.7703739805776,27.8,73.1,2024,4
2024-04-12 23:00:00+05:30,361.8918982753901,27.7,73.3,2024,4
2024-04-12 23:15:00+05:30,360.30095668696094,27.6,73.6,2024,4
2024-04-12 23:30:00+05:30,352.1316940015281,27.5,73.9,2024,4
2024-04-12 23:45:00+05:30,345.105651686344,27.4,74.4,2024,4
2024-04-13 00:00:00+05:30,341.0,27.32,74.64,2024,4
2024-04-13 00:15:00+05:30,338.0,27.22000000000001,75.3,2024,4
2024-04-13 00:30:00+05:30,330.0,27.18,75.76,2024,4
2024-04-13 00:45:00+05:30,329.0,27.040000000000003,76.22,2024,4
2024-04-13 01:00:00+05:30,324.0,27.040000000000003,76.12,2024,4
2024-04-13 01:15:00+05:30,320.0,26.9,76.75999999999999,2024,4
2024-04-13 01:30:00+05:30,317.0,26.860000000000003,76.9,2024,4
2024-04-13 01:45:00+05:30,314.0,26.84,77.46000000000001,2024,4
2024-04-13 02:00:00+05:30,310.0,26.82,77.3,2024,4
2024-04-13 02:15:00+05:30,306.0,26.82,77.12,2024,4
2024-04-13 02:30:00+05:30,305.0,26.74,77.35999999999999,2024,4
2024-04-13 02:45:00+05:30,301.0,26.62,77.98,2024,4
2024-04-13 03:00:00+05:30,299.0,26.559999999999995,77.92,2024,4
2024-04-13 03:15:00+05:30,295.0,26.56,77.96000000000001,2024,4
2024-04-13 03:30:00+05:30,292.0,26.48,77.88,2024,4
2024-04-13 03:45:00+05:30,290.0,26.52,77.82000000000001,2024,4
2024-04-13 04:00:00+05:30,288.0,26.62,77.47999999999999,2024,4
2024-04-13 04:15:00+05:30,288.0,26.579999999999995,77.36,2024,4
2024-04-13 04:30:00+05:30,289.0,26.48,77.76,2024,4
2024-04-13 04:45:00+05:30,290.0,26.44,77.72,2024,4
2024-04-13 05:00:00+05:30,291.0,26.360000000000003,78.3,2024,4
2024-04-13 05:15:00+05:30,291.0,26.28,78.42,2024,4
2024-04-13 05:30:00+05:30,292.0,26.34,78.11999999999999,2024,4
2024-04-13 05:45:00+05:30,294.0,26.24,78.38,2024,4
2024-04-13 06:00:00+05:30,296.0,26.2,78.67999999999999,2024,4
2024-04-13 06:15:00+05:30,297.0,26.26,78.7,2024,4
2024-04-13 06:30:00+05:30,301.0,26.2,78.56,2024,4
2024-04-13 06:45:00+05:30,304.0,26.22,78.55999999999999,2024,4
2024-04-13 07:00:00+05:30,313.0,26.26,79.11999999999999,2024,4
2024-04-13 07:15:00+05:30,321.0,26.440000000000005,78.66,2024,4
2024-04-13 07:30:00+05:30,325.0,26.880000000000003,77.52000000000001,2024,4
2024-04-13 07:45:00+05:30,336.0,27.28,75.62,2024,4
2024-04-13 08:00:00+05:30,347.0,27.660000000000004,73.46000000000001,2024,4
2024-04-13 08:15:00+05:30,358.0,28.28,71.02000000000001,2024,4
2024-04-13 08:30:00+05:30,367.0,28.860000000000003,69.17999999999999,2024,4
2024-04-13 08:45:00+05:30,378.0,29.26,66.26000000000002,2024,4
2024-04-13 09:00:00+05:30,390.0,29.46,65.66,2024,4
2024-04-13 09:15:00+05:30,400.0,29.62,64.17999999999999,2024,4
2024-04-13 09:30:00+05:30,410.0,29.880000000000003,62.52,2024,4
2024-04-13 09:45:00+05:30,419.0,30.1,61.28,2024,4
2024-04-13 10:00:00+05:30,425.0,30.34,59.67999999999999,2024,4
2024-04-13 10:15:00+05:30,434.0,30.68,59.34000000000001,2024,4
2024-04-13 10:30:00+05:30,440.0,31.02,57.98,2024,4
2024-04-13 10:45:00+05:30,440.0,31.2,56.88,2024,4
2024-04-13 11:00:00+05:30,441.0,31.62,55.580000000000005,2024,4
2024-04-13 11:15:00+05:30,439.0,31.96,53.540000000000006,2024,4
2024-04-13 11:30:00+05:30,444.0,32.160000000000004,52.67999999999999,2024,4
2024-04-13 11:45:00+05:30,444.0,32.379999999999995,53.36,2024,4
2024-04-13 12:00:00+05:30,444.0,32.480000000000004,54.620000000000005,2024,4
2024-04-13 12:15:00+05:30,443.0,32.660000000000004,54.2,2024,4
2024-04-13 12:30:00+05:30,441.0,32.74,53.3,2024,4
2024-04-13 12:45:00+05:30,439.0,32.900000000000006,53.34,2024,4
2024-04-13 13:00:00+05:30,436.0,32.879999999999995,53.17999999999999,2024,4
2024-04-13 13:15:00+05:30,433.0,32.86,52.67999999999999,2024,4
2024-04-13 13:30:00+05:30,432.0,32.92,51.720000000000006,2024,4
2024-04-13 13:45:00+05:30,432.0,32.879999999999995,50.46,2024,4
2024-04-13 14:00:00+05:30,432.0,33.09,58.68,2024,4
2024-04-13 14:15:00+05:30,433.0,33.09,58.62,2024,4
2024-04-13 14:30:00+05:30,435.0,33.14,58.83,2024,4
2024-04-13 14:45:00+05:30,438.0,33.1,58.91,2024,4
2024-04-13 15:00:00+05:30,437.0,33.03,59.29,2024,4
2024-04-13 15:15:00+05:30,436.0,32.97,59.2,2024,4
2024-04-13 15:30:00+05:30,437.0,32.93,59.19,2024,4
2024-04-13 15:45:00+05:30,435.0,32.89,59.04,2024,4
2024-04-13 16:00:00+05:30,434.0,32.85,59.41,2024,4
2024-04-13 16:15:00+05:30,427.0,32.77,59.69,2024,4
2024-04-13 16:30:00+05:30,425.0,32.69,59.86,2024,4
2024-04-13 16:45:00+05:30,422.0,32.5,60.21,2024,4
2024-04-13 17:00:00+05:30,420.0,32.19,61.2,2024,4
2024-04-13 17:15:00+05:30,419.0,31.85,61.59,2024,4
2024-04-13 17:30:00+05:30,415.0,31.52,62.34,2024,4
2024-04-13 17:45:00+05:30,410.0,31.17,62.94,2024,4
2024-04-13 18:00:00+05:30,402.0,30.8,64.11,2024,4
2024-04-13 18:15:00+05:30,405.0,30.55,65.03,2024,4
2024-04-13 18:30:00+05:30,407.0,30.18,65.92,2024,4
2024-04-13 18:45:00+05:30,405.0,29.97,66.55,2024,4
2024-04-13 19:00:00+05:30,405.0,29.72,67.58,2024,4
2024-04-13 19:15:00+05:30,401.0,29.61,68.14,2024,4
2024-04-13 19:30:00+05:30,397.0,29.42,68.53,2024,4
2024-04-13 19:45:00+05:30,393.0,29.34,69.08,2024,4
2024-04-13 20:00:00+05:30,391.0,29.19,69.75,2024,4
2024-04-13 20:15:00+05:30,385.0,29.14,69.88,2024,4
2024-04-13 20:30:00+05:30,381.0,29.06,70.25,2024,4
2024-04-13 20:45:00+05:30,376.0,28.97,70.48,2024,4
2024-04-13 21:00:00+05:30,369.0,28.92,70.84,2024,4
2024-04-13 21:15:00+05:30,370.0,28.88,71.0,2024,4
2024-04-13 21:30:00+05:30,367.0,29.04,70.99,2024,4
2024-04-13 21:45:00+05:30,368.0,28.93,71.31,2024,4
2024-04-13 22:00:00+05:30,364.0,28.87,71.94,2024,4
2024-04-13 22:15:00+05:30,360.0,28.83,72.31,2024,4
2024-04-13 22:30:00+05:30,357.0,28.74,72.67,2024,4
2024-04-13 22:45:00+05:30,353.0,28.64,72.79,2024,4
2024-04-13 23:00:00+05:30,348.0,28.55,73.29,2024,4
2024-04-13 23:15:00+05:30,344.0,28.55,73.42,2024,4
2024-04-13 23:30:00+05:30,341.0,28.47,73.58,2024,4
2024-04-13 23:45:00+05:30,338.0,28.33,73.54,2024,4
2024-04-14 00:00:00+05:30,328.0,26.2,80.0,2024,4
2024-04-14 00:15:00+05:30,325.0,26.2,80.0,2024,4
2024-04-14 00:30:00+05:30,321.0,26.0,80.0,2024,4
2024-04-14 00:45:00+05:30,316.0,25.9,80.0,2024,4
2024-04-14 01:00:00+05:30,311.0,25.7,81.0,2024,4
2024-04-14 01:15:00+05:30,307.0,25.9,82.0,2024,4
2024-04-14 01:30:00+05:30,302.0,25.8,82.0,2024,4
2024-04-14 01:45:00+05:30,299.0,25.7,83.0,2024,4
2024-04-14 02:00:00+05:30,296.0,25.5,83.0,2024,4
2024-04-14 02:15:00+05:30,293.0,25.4,83.0,2024,4
2024-04-14 02:30:00+05:30,292.0,25.3,84.0,2024,4
2024-04-14 02:45:00+05:30,290.0,25.1,84.0,2024,4
2024-04-14 03:00:00+05:30,287.0,25.0,85.0,2024,4
2024-04-14 03:15:00+05:30,285.0,24.9,84.0,2024,4
2024-04-14 03:30:00+05:30,283.0,24.8,85.0,2024,4
2024-04-14 03:45:00+05:30,280.0,24.7,85.0,2024,4
2024-04-14 04:00:00+05:30,279.0,24.6,86.0,2024,4
2024-04-14 04:15:00+05:30,278.0,24.5,87.0,2024,4
2024-04-14 04:30:00+05:30,278.0,24.4,87.0,2024,4
2024-04-14 04:45:00+05:30,279.0,24.3,87.0,2024,4
2024-04-14 05:00:00+05:30,278.0,24.3,87.0,2024,4
2024-04-14 05:15:00+05:30,278.0,24.2,87.0,2024,4
2024-04-14 05:30:00+05:30,278.0,24.1,87.0,2024,4
2024-04-14 05:45:00+05:30,279.0,24.1,87.0,2024,4
2024-04-14 06:00:00+05:30,282.0,24.0,87.0,2024,4
2024-04-14 06:15:00+05:30,282.0,23.6,87.0,2024,4
2024-04-14 06:30:00+05:30,279.0,23.6,87.0,2024,4
2024-04-14 06:45:00+05:30,279.0,23.7,86.0,2024,4
2024-04-14 07:00:00+05:30,282.0,24.0,85.0,2024,4
2024-04-14 07:15:00+05:30,285.0,24.1,84.0,2024,4
2024-04-14 07:30:00+05:30,288.0,24.5,82.0,2024,4
2024-04-14 07:45:00+05:30,291.0,25.0,80.0,2024,4
2024-04-14 08:00:00+05:30,296.0,25.6,77.0,2024,4
2024-04-14 08:15:00+05:30,303.0,26.1,76.0,2024,4
2024-04-14 08:30:00+05:30,310.0,26.7,74.0,2024,4
2024-04-14 08:45:00+05:30,313.0,27.3,71.0,2024,4
2024-04-14 09:00:00+05:30,318.0,27.9,68.0,2024,4
2024-04-14 09:15:00+05:30,322.0,28.4,65.0,2024,4
2024-04-14 09:30:00+05:30,327.0,29.0,62.0,2024,4
2024-04-14 09:45:00+05:30,332.0,29.5,60.0,2024,4
2024-04-14 10:00:00+05:30,338.0,30.0,57.0,2024,4
2024-04-14 10:15:00+05:30,342.0,29.8,57.0,2024,4
2024-04-14 10:30:00+05:30,347.0,30.3,55.0,2024,4
2024-04-14 10:45:00+05:30,349.0,30.8,53.0,2024,4
2024-04-14 11:00:00+05:30,351.0,31.3,51.0,2024,4
2024-04-14 11:15:00+05:30,352.0,31.8,49.0,2024,4
2024-04-14 11:30:00+05:30,353.0,32.3,48.0,2024,4
2024-04-14 11:45:00+05:30,354.0,32.6,47.0,2024,4
2024-04-14 12:00:00+05:30,357.0,33.0,46.0,2024,4
2024-04-14 12:15:00+05:30,358.0,33.0,47.0,2024,4
2024-04-14 12:30:00+05:30,357.0,33.3,47.0,2024,4
2024-04-14 12:45:00+05:30,356.0,33.5,47.0,2024,4
2024-04-14 13:00:00+05:30,357.0,33.8,47.0,2024,4
2024-04-14 13:15:00+05:30,355.0,34.0,47.0,2024,4
2024-04-14 13:30:00+05:30,355.0,34.1,48.0,2024,4
2024-04-14 13:45:00+05:30,356.0,34.1,48.0,2024,4
2024-04-14 14:00:00+05:30,358.0,34.1,48.0,2024,4
2024-04-14 14:15:00+05:30,359.0,34.7,51.0,2024,4
2024-04-14 14:30:00+05:30,360.0,34.7,51.0,2024,4
2024-04-14 14:45:00+05:30,361.0,34.6,52.0,2024,4
2024-04-14 15:00:00+05:30,363.0,34.4,52.0,2024,4
2024-04-14 15:15:00+05:30,362.0,34.1,53.0,2024,4
2024-04-14 15:30:00+05:30,364.0,33.9,54.0,2024,4
2024-04-14 15:45:00+05:30,363.0,33.6,55.0,2024,4
2024-04-14 16:00:00+05:30,363.0,33.4,56.0,2024,4
2024-04-14 16:15:00+05:30,362.0,33.1,58.0,2024,4
2024-04-14 16:30:00+05:30,361.0,32.9,59.0,2024,4
2024-04-14 16:45:00+05:30,360.0,32.6,61.0,2024,4
2024-04-14 17:00:00+05:30,364.0,32.3,62.0,2024,4
2024-04-14 17:15:00+05:30,363.0,31.9,63.0,2024,4
2024-04-14 17:30:00+05:30,359.0,31.6,64.0,2024,4
2024-04-14 17:45:00+05:30,357.0,31.4,66.0,2024,4
2024-04-14 18:00:00+05:30,357.0,31.1,67.0,2024,4
2024-04-14 18:15:00+05:30,357.0,30.7,68.0,2024,4
2024-04-14 18:30:00+05:30,358.0,30.5,69.0,2024,4
2024-04-14 18:45:00+05:30,360.0,30.2,70.0,2024,4
2024-04-14 19:00:00+05:30,364.0,29.9,71.0,2024,4
2024-04-14 19:15:00+05:30,365.0,29.6,73.0,2024,4
2024-04-14 19:30:00+05:30,366.0,29.4,74.0,2024,4
2024-04-14 19:45:00+05:30,366.0,29.2,75.0,2024,4
2024-04-14 20:00:00+05:30,366.0,29.1,75.0,2024,4
2024-04-14 20:15:00+05:30,365.0,29.4,74.0,2024,4
2024-04-14 20:30:00+05:30,363.0,29.2,75.0,2024,4
2024-04-14 20:45:00+05:30,363.0,29.1,76.0,2024,4
2024-04-14 21:00:00+05:30,362.0,29.0,77.0,2024,4
2024-04-14 21:15:00+05:30,361.0,28.5,80.0,2024,4
2024-04-14 21:30:00+05:30,360.0,28.4,81.0,2024,4
2024-04-14 21:45:00+05:30,358.0,28.3,81.0,2024,4
2024-04-14 22:00:00+05:30,355.0,28.2,82.0,2024,4
2024-04-14 22:15:00+05:30,353.0,28.1,82.0,2024,4
2024-04-14 22:30:00+05:30,352.0,28.0,83.0,2024,4
2024-04-14 22:45:00+05:30,349.0,27.9,84.0,2024,4
2024-04-14 23:00:00+05:30,346.0,27.7,84.0,2024,4
2024-04-14 23:15:00+05:30,343.0,27.5,85.0,2024,4
2024-04-14 23:30:00+05:30,340.0,27.3,85.0,2024,4
2024-04-14 23:45:00+05:30,337.0,27.2,86.0,2024,4
2024-04-15 00:00:00+05:30,338.6473790150088,27.1,86.0,2024,4
2024-04-15 00:15:00+05:30,332.92753835886685,27.0,87.0,2024,4
2024-04-15 00:30:00+05:30,330.2289767934609,26.9,87.0,2024,4
2024-04-15 00:45:00+05:30,325.807066870484,26.8,88.0,2024,4
2024-04-15 01:00:00+05:30,321.376907261671,26.7,88.0,2024,4
2024-04-15 01:15:00+05:30,316.85590885358016,26.6,89.0,2024,4
2024-04-15 01:30:00+05:30,312.1511097081875,26.5,89.0,2024,4
2024-04-15 01:45:00+05:30,308.0077637014119,26.4,89.0,2024,4
2024-04-15 02:00:00+05:30,305.3662138799924,26.3,90.0,2024,4
2024-04-15 02:15:00+05:30,301.8602377464675,26.2,89.0,2024,4
2024-04-15 02:30:00+05:30,299.58981099554643,26.1,90.0,2024,4
2024-04-15 02:45:00+05:30,296.53039426184364,26.0,90.0,2024,4
2024-04-15 03:00:00+05:30,293.7425108783648,25.9,90.0,2024,4
2024-04-15 03:15:00+05:30,292.6142248471675,26.1,88.0,2024,4
2024-04-15 03:30:00+05:30,290.123187884502,26.0,88.0,2024,4
2024-04-15 03:45:00+05:30,288.3798517998758,26.0,88.0,2024,4
2024-04-15 04:00:00+05:30,288.8701319689577,26.0,88.0,2024,4
2024-04-15 04:15:00+05:30,287.9980309141196,26.1,87.0,2024,4
2024-04-15 04:30:00+05:30,289.345607871366,26.1,86.0,2024,4
2024-04-15 04:45:00+05:30,288.8349344336955,26.1,86.0,2024,4
2024-04-15 05:00:00+05:30,290.4040053113435,26.1,86.0,2024,4
2024-04-15 05:15:00+05:30,290.5413870015292,26.6,86.0,2024,4
2024-04-15 05:30:00+05:30,293.08339213660145,26.7,86.0,2024,4
2024-04-15 05:45:00+05:30,300.3533912405079,26.6,86.0,2024,4
2024-04-15 06:00:00+05:30,309.7329663516215,26.6,86.0,2024,4
2024-04-15 06:15:00+05:30,317.15057867792274,26.2,85.0,2024,4
2024-04-15 06:30:00+05:30,328.4069154686721,26.2,85.0,2024,4
2024-04-15 06:45:00+05:30,336.7790292853041,26.3,85.0,2024,4
2024-04-15 07:00:00+05:30,347.6853817037864,26.4,84.0,2024,4
2024-04-15 07:15:00+05:30,362.8199914642617,26.6,84.0,2024,4
2024-04-15 07:30:00+05:30,379.8306085390372,26.9,82.0,2024,4
2024-04-15 07:45:00+05:30,398.2363165636887,27.3,81.0,2024,4
2024-04-15 08:00:00+05:30,418.8129456308061,27.9,79.0,2024,4
2024-04-15 08:15:00+05:30,444.0836756173706,28.0,77.0,2024,4
2024-04-15 08:30:00+05:30,465.1747835978282,28.5,74.0,2024,4
2024-04-15 08:45:00+05:30,480.834892008712,29.0,72.0,2024,4
2024-04-15 09:00:00+05:30,496.3606087148977,29.6,70.0,2024,4
2024-04-15 09:15:00+05:30,509.9872687332527,30.1,68.0,2024,4
2024-04-15 09:30:00+05:30,520.6654211172764,30.6,66.0,2024,4
2024-04-15 09:45:00+05:30,528.9099315155323,31.2,64.0,2024,4
2024-04-15 10:00:00+05:30,538.5282262342429,31.8,61.0,2024,4
2024-04-15 10:15:00+05:30,546.9957684280286,32.5,59.0,2024,4
2024-04-15 10:30:00+05:30,555.9212247243729,33.1,57.0,2024,4
2024-04-15 10:45:00+05:30,561.9303800199945,33.7,55.0,2024,4
2024-04-15 11:00:00+05:30,567.4228283355177,34.2,53.0,2024,4
2024-04-15 11:15:00+05:30,569.6368656857571,34.7,53.0,2024,4
2024-04-15 11:30:00+05:30,571.3250602571583,35.2,52.0,2024,4
2024-04-15 11:45:00+05:30,570.3346388966834,35.6,51.0,2024,4
2024-04-15 12:00:00+05:30,568.1780093744007,35.9,50.0,2024,4
2024-04-15 12:15:00+05:30,569.7126204759866,35.6,52.0,2024,4
2024-04-15 12:30:00+05:30,570.7795801912087,35.9,52.0,2024,4
2024-04-15 12:45:00+05:30,569.7499233027133,36.2,51.0,2024,4
2024-04-15 13:00:00+05:30,569.4037673814431,36.6,51.0,2024,4
2024-04-15 13:15:00+05:30,570.6311165567167,37.2,50.0,2024,4
2024-04-15 13:30:00+05:30,571.2680234292133,37.4,50.0,2024,4
2024-04-15 13:45:00+05:30,576.1891621502718,37.4,50.0,2024,4
2024-04-15 14:00:00+05:30,581.9747120375855,37.4,50.0,2024,4
2024-04-15 14:15:00+05:30,582.7876439837945,37.1,49.0,2024,4
2024-04-15 14:30:00+05:30,583.9912883045289,36.9,50.0,2024,4
2024-04-15 14:45:00+05:30,584.9814421840373,36.8,50.0,2024,4
2024-04-15 15:00:00+05:30,587.0743078153256,36.7,50.0,2024,4
2024-04-15 15:15:00+05:30,590.7910494928857,36.9,49.0,2024,4
2024-04-15 15:30:00+05:30,591.8025940909799,36.7,50.0,2024,4
2024-04-15 15:45:00+05:30,590.1688759635261,36.6,50.0,2024,4
2024-04-15 16:00:00+05:30,587.1076485696533,36.4,50.0,2024,4
2024-04-15 16:15:00+05:30,584.2961256296114,36.3,52.0,2024,4
2024-04-15 16:30:00+05:30,579.154123651307,36.1,52.0,2024,4
2024-04-15 16:45:00+05:30,575.019755398698,35.9,53.0,2024,4
2024-04-15 17:00:00+05:30,569.4042234353954,35.7,53.0,2024,4
2024-04-15 17:15:00+05:30,566.2852575107898,35.5,53.0,2024,4
2024-04-15 17:30:00+05:30,558.0530592529836,35.3,54.0,2024,4
2024-04-15 17:45:00+05:30,545.5955398179074,35.1,54.0,2024,4
2024-04-15 18:00:00+05:30,532.4675573023816,34.9,54.0,2024,4
2024-04-15 18:15:00+05:30,520.1606405517623,34.4,54.0,2024,4
2024-04-15 18:30:00+05:30,508.7034181446797,34.2,54.0,2024,4
2024-04-15 18:45:00+05:30,507.2238515306245,33.9,55.0,2024,4
2024-04-15 19:00:00+05:30,500.8808349603248,33.7,55.0,2024,4
2024-04-15 19:15:00+05:30,486.1413185913372,33.6,54.0,2024,4
2024-04-15 19:30:00+05:30,478.88690217316974,33.4,55.0,2024,4
2024-04-15 19:45:00+05:30,471.9447173976846,33.3,55.0,2024,4
2024-04-15 20:00:00+05:30,462.2444281304804,33.2,56.0,2024,4
2024-04-15 20:15:00+05:30,455.8531272189152,33.0,57.0,2024,4
2024-04-15 20:30:00+05:30,448.0767629072847,33.0,57.0,2024,4
2024-04-15 20:45:00+05:30,440.7883020304677,32.8,58.0,2024,4
2024-04-15 21:00:00+05:30,430.8789826157671,32.7,59.0,2024,4
2024-04-15 21:15:00+05:30,427.84754211196775,32.1,62.0,2024,4
2024-04-15 21:30:00+05:30,425.44646667631446,32.0,63.0,2024,4
2024-04-15 21:45:00+05:30,425.76681507701807,31.9,63.0,2024,4
2024-04-15 22:00:00+05:30,421.7172624359299,31.7,64.0,2024,4
2024-04-15 22:15:00+05:30,415.5509332591608,31.1,65.0,2024,4
2024-04-15 22:30:00+05:30,417.6183437260957,30.9,66.0,2024,4
2024-04-15 22:45:00+05:30,413.2540270880176,30.7,67.0,2024,4
2024-04-15 23:00:00+05:30,408.6615458332053,30.5,68.0,2024,4
2024-04-15 23:15:00+05:30,402.9144386990714,30.2,69.0,2024,4
2024-04-15 23:30:00+05:30,397.3953720002023,30.0,70.0,2024,4
2024-04-15 23:45:00+05:30,390.4160629433075,29.8,71.0,2024,4
2024-04-16 00:00:00+05:30,387.0,29.7,72.0,2024,4
2024-04-16 00:15:00+05:30,380.0,29.4,73.0,2024,4
2024-04-16 00:30:00+05:30,375.0,29.2,74.0,2024,4
2024-04-16 00:45:00+05:30,365.0,29.1,74.0,2024,4
2024-04-16 01:00:00+05:30,359.0,29.0,75.0,2024,4
2024-04-16 01:15:00+05:30,357.0,29.0,75.0,2024,4
2024-04-16 01:30:00+05:30,352.0,28.9,75.0,2024,4
2024-04-16 01:45:00+05:30,348.0,28.8,76.0,2024,4
2024-04-16 02:00:00+05:30,342.0,28.7,76.0,2024,4
2024-04-16 02:15:00+05:30,342.0,28.6,75.0,2024,4
2024-04-16 02:30:00+05:30,338.0,28.5,75.0,2024,4
2024-04-16 02:45:00+05:30,333.0,28.4,76.0,2024,4
2024-04-16 03:00:00+05:30,329.0,28.3,76.0,2024,4
2024-04-16 03:15:00+05:30,325.0,28.2,76.0,2024,4
2024-04-16 03:30:00+05:30,321.0,28.2,76.0,2024,4
2024-04-16 03:45:00+05:30,318.0,28.2,76.0,2024,4
2024-04-16 04:00:00+05:30,316.0,28.2,75.0,2024,4
2024-04-16 04:15:00+05:30,316.0,28.2,74.0,2024,4
2024-04-16 04:30:00+05:30,319.0,28.3,74.0,2024,4
2024-04-16 04:45:00+05:30,322.0,28.3,73.0,2024,4
2024-04-16 05:00:00+05:30,322.0,28.4,73.0,2024,4
2024-04-16 05:15:00+05:30,323.0,28.5,72.0,2024,4
2024-04-16 05:30:00+05:30,326.0,28.6,72.0,2024,4
2024-04-16 05:45:00+05:30,331.0,28.6,72.0,2024,4
2024-04-16 06:00:00+05:30,338.0,28.6,71.0,2024,4
2024-04-16 06:15:00+05:30,343.0,28.7,71.0,2024,4
2024-04-16 06:30:00+05:30,349.0,28.8,71.0,2024,4
2024-04-16 06:45:00+05:30,357.0,29.0,70.0,2024,4
2024-04-16 07:00:00+05:30,370.0,29.2,69.0,2024,4
2024-04-16 07:15:00+05:30,385.0,29.2,69.0,2024,4
2024-04-16 07:30:00+05:30,399.0,29.5,67.0,2024,4
2024-04-16 07:45:00+05:30,417.0,29.9,66.0,2024,4
2024-04-16 08:00:00+05:30,439.0,30.3,64.0,2024,4
2024-04-16 08:15:00+05:30,460.0,30.2,63.0,2024,4
2024-04-16 08:30:00+05:30,483.0,30.7,61.0,2024,4
2024-04-16 08:45:00+05:30,502.0,31.3,59.0,2024,4
2024-04-16 09:00:00+05:30,516.0,31.9,57.0,2024,4
2024-04-16 09:15:00+05:30,531.0,32.4,57.0,2024,4
2024-04-16 09:30:00+05:30,546.0,33.1,55.0,2024,4
2024-04-16 09:45:00+05:30,556.0,33.7,52.0,2024,4
2024-04-16 10:00:00+05:30,566.0,34.3,50.0,2024,4
2024-04-16 10:15:00+05:30,571.0,35.2,48.0,2024,4
2024-04-16 10:30:00+05:30,577.0,35.8,46.0,2024,4
2024-04-16 10:45:00+05:30,582.0,36.3,44.0,2024,4
2024-04-16 11:00:00+05:30,587.0,36.8,43.0,2024,4
2024-04-16 11:15:00+05:30,588.0,37.3,41.0,2024,4
2024-04-16 11:30:00+05:30,589.0,37.7,40.0,2024,4
2024-04-16 11:45:00+05:30,592.0,38.1,39.0,2024,4
2024-04-16 12:00:00+05:30,592.0,38.5,39.0,2024,4
2024-04-16 12:15:00+05:30,594.0,38.1,41.0,2024,4
2024-04-16 12:30:00+05:30,595.0,38.4,41.0,2024,4
2024-04-16 12:45:00+05:30,595.0,38.8,41.0,2024,4
2024-04-16 13:00:00+05:30,594.0,39.2,40.0,2024,4
2024-04-16 13:15:00+05:30,594.0,39.2,38.0,2024,4
2024-04-16 13:30:00+05:30,590.0,39.4,38.0,2024,4
2024-04-16 13:45:00+05:30,592.0,39.5,38.0,2024,4
2024-04-16 14:00:00+05:30,600.0,39.6,38.0,2024,4
2024-04-16 14:15:00+05:30,601.0,40.0,38.0,2024,4
2024-04-16 14:30:00+05:30,604.0,40.0,37.0,2024,4
2024-04-16 14:45:00+05:30,605.0,40.0,37.0,2024,4
2024-04-16 15:00:00+05:30,607.0,39.9,36.0,2024,4
2024-04-16 15:15:00+05:30,607.0,39.4,36.0,2024,4
2024-04-16 15:30:00+05:30,609.0,39.4,36.0,2024,4
2024-04-16 15:45:00+05:30,603.0,39.3,36.0,2024,4
2024-04-16 16:00:00+05:30,602.0,39.2,36.0,2024,4
2024-04-16 16:15:00+05:30,593.0,39.1,36.0,2024,4
2024-04-16 16:30:00+05:30,592.0,38.9,36.0,2024,4
2024-04-16 16:45:00+05:30,583.0,38.8,36.0,2024,4
2024-04-16 17:00:00+05:30,576.0,38.6,36.0,2024,4
2024-04-16 17:15:00+05:30,569.0,38.2,37.0,2024,4
2024-04-16 17:30:00+05:30,565.0,38.0,38.0,2024,4
2024-04-16 17:45:00+05:30,555.0,37.7,38.0,2024,4
2024-04-16 18:00:00+05:30,541.0,37.3,39.0,2024,4
2024-04-16 18:15:00+05:30,532.0,36.6,41.0,2024,4
2024-04-16 18:30:00+05:30,522.0,36.3,41.0,2024,4
2024-04-16 18:45:00+05:30,518.0,36.0,42.0,2024,4
2024-04-16 19:00:00+05:30,508.0,35.7,42.0,2024,4
2024-04-16 19:15:00+05:30,500.0,35.3,42.0,2024,4
2024-04-16 19:30:00+05:30,493.0,35.1,43.0,2024,4
2024-04-16 19:45:00+05:30,489.0,34.8,43.0,2024,4
2024-04-16 20:00:00+05:30,479.0,34.6,43.0,2024,4
2024-04-16 20:15:00+05:30,474.0,34.5,43.0,2024,4
2024-04-16 20:30:00+05:30,467.0,34.3,44.0,2024,4
2024-04-16 20:45:00+05:30,460.0,34.1,44.0,2024,4
2024-04-16 21:00:00+05:30,454.0,34.0,45.0,2024,4
2024-04-16 21:15:00+05:30,455.0,33.7,45.0,2024,4
2024-04-16 21:30:00+05:30,454.0,33.5,46.0,2024,4
2024-04-16 21:45:00+05:30,451.0,33.4,46.0,2024,4
2024-04-16 22:00:00+05:30,445.0,33.2,47.0,2024,4
2024-04-16 22:15:00+05:30,442.0,33.0,47.0,2024,4
2024-04-16 22:30:00+05:30,440.0,32.8,48.0,2024,4
2024-04-16 22:45:00+05:30,436.0,32.6,49.0,2024,4
2024-04-16 23:00:00+05:30,431.0,32.4,49.0,2024,4
2024-04-16 23:15:00+05:30,426.0,32.0,51.0,2024,4
2024-04-16 23:30:00+05:30,418.0,31.9,52.0,2024,4
2024-04-16 23:45:00+05:30,419.0,31.7,53.0,2024,4
2024-04-17 00:00:00+05:30,407.0,31.5,54.0,2024,4
2024-04-17 00:15:00+05:30,400.0,31.8,52.0,2024,4
2024-04-17 00:30:00+05:30,396.0,31.6,53.0,2024,4
2024-04-17 00:45:00+05:30,389.0,31.4,53.0,2024,4
2024-04-17 01:00:00+05:30,385.0,31.2,54.0,2024,4
2024-04-17 01:15:00+05:30,376.0,31.1,54.0,2024,4
2024-04-17 01:30:00+05:30,367.0,30.9,55.0,2024,4
2024-04-17 01:45:00+05:30,361.0,30.7,57.0,2024,4
2024-04-17 02:00:00+05:30,360.0,30.5,58.0,2024,4
2024-04-17 02:15:00+05:30,356.0,30.3,61.0,2024,4
2024-04-17 02:30:00+05:30,354.0,30.1,63.0,2024,4
2024-04-17 02:45:00+05:30,348.0,29.9,65.0,2024,4
2024-04-17 03:00:00+05:30,343.0,29.8,66.0,2024,4
2024-04-17 03:15:00+05:30,341.0,30.0,66.0,2024,4
2024-04-17 03:30:00+05:30,339.0,29.9,67.0,2024,4
2024-04-17 03:45:00+05:30,338.0,29.8,67.0,2024,4
2024-04-17 04:00:00+05:30,336.0,29.7,68.0,2024,4
2024-04-17 04:15:00+05:30,337.0,29.6,69.0,2024,4
2024-04-17 04:30:00+05:30,337.0,29.5,69.0,2024,4
2024-04-17 04:45:00+05:30,335.0,29.5,70.0,2024,4
2024-04-17 05:00:00+05:30,331.0,29.4,70.0,2024,4
2024-04-17 05:15:00+05:30,333.0,29.4,70.0,2024,4
2024-04-17 05:30:00+05:30,336.0,29.3,70.0,2024,4
2024-04-17 05:45:00+05:30,339.0,29.3,71.0,2024,4
2024-04-17 06:00:00+05:30,342.0,29.2,72.0,2024,4
2024-04-17 06:15:00+05:30,344.0,28.9,73.0,2024,4
2024-04-17 06:30:00+05:30,354.0,28.9,74.0,2024,4
2024-04-17 06:45:00+05:30,360.0,29.0,74.0,2024,4
2024-04-17 07:00:00+05:30,368.0,29.2,73.0,2024,4
2024-04-17 07:15:00+05:30,383.0,29.3,73.0,2024,4
2024-04-17 07:30:00+05:30,396.0,29.6,72.0,2024,4
2024-04-17 07:45:00+05:30,411.0,29.9,71.0,2024,4
2024-04-17 08:00:00+05:30,433.0,30.3,69.0,2024,4
2024-04-17 08:15:00+05:30,457.0,30.6,69.0,2024,4
2024-04-17 08:30:00+05:30,478.0,31.0,68.0,2024,4
2024-04-17 08:45:00+05:30,498.0,31.4,66.0,2024,4
2024-04-17 09:00:00+05:30,521.0,31.8,65.0,2024,4
2024-04-17 09:15:00+05:30,531.0,31.8,63.0,2024,4
2024-04-17 09:30:00+05:30,546.0,32.2,62.0,2024,4
2024-04-17 09:45:00+05:30,558.0,32.5,60.0,2024,4
2024-04-17 10:00:00+05:30,567.0,32.9,59.0,2024,4
2024-04-17 10:15:00+05:30,574.0,33.3,58.0,2024,4
2024-04-17 10:30:00+05:30,580.0,33.6,57.0,2024,4
2024-04-17 10:45:00+05:30,588.0,33.9,56.0,2024,4
2024-04-17 11:00:00+05:30,591.0,34.2,56.0,2024,4
2024-04-17 11:15:00+05:30,591.0,34.7,54.0,2024,4
2024-04-17 11:30:00+05:30,588.0,34.9,54.0,2024,4
2024-04-17 11:45:00+05:30,589.0,35.0,53.0,2024,4
2024-04-17 12:00:00+05:30,589.0,35.1,53.0,2024,4
2024-04-17 12:15:00+05:30,588.0,35.3,54.0,2024,4
2024-04-17 12:30:00+05:30,589.0,35.4,54.0,2024,4
2024-04-17 12:45:00+05:30,589.0,35.3,54.0,2024,4
2024-04-17 13:00:00+05:30,587.0,35.3,55.0,2024,4
2024-04-17 13:15:00+05:30,587.0,35.0,57.0,2024,4
2024-04-17 13:30:00+05:30,582.0,34.9,57.0,2024,4
2024-04-17 13:45:00+05:30,583.0,34.8,58.0,2024,4
2024-04-17 14:00:00+05:30,588.0,34.7,58.0,2024,4
2024-04-17 14:15:00+05:30,592.0,34.9,57.0,2024,4
2024-04-17 14:30:00+05:30,599.0,34.8,58.0,2024,4
2024-04-17 14:45:00+05:30,600.0,34.7,58.0,2024,4
2024-04-17 15:00:00+05:30,596.0,34.6,58.0,2024,4
2024-04-17 15:15:00+05:30,595.0,34.5,58.0,2024,4
2024-04-17 15:30:00+05:30,590.0,34.4,58.0,2024,4
2024-04-17 15:45:00+05:30,591.0,34.3,58.0,2024,4
2024-04-17 16:00:00+05:30,589.0,34.2,59.0,2024,4
2024-04-17 16:15:00+05:30,584.0,34.1,58.0,2024,4
2024-04-17 16:30:00+05:30,579.0,33.9,59.0,2024,4
2024-04-17 16:45:00+05:30,575.0,33.7,59.0,2024,4
2024-04-17 17:00:00+05:30,569.0,33.5,60.0,2024,4
2024-04-17 17:15:00+05:30,562.0,33.2,61.0,2024,4
2024-04-17 17:30:00+05:30,551.0,32.9,62.0,2024,4
2024-04-17 17:45:00+05:30,538.0,32.7,63.0,2024,4
2024-04-17 18:00:00+05:30,523.0,32.4,64.0,2024,4
2024-04-17 18:15:00+05:30,512.0,32.0,66.0,2024,4
2024-04-17 18:30:00+05:30,507.0,31.8,67.0,2024,4
2024-04-17 18:45:00+05:30,505.0,31.6,68.0,2024,4
2024-04-17 19:00:00+05:30,503.0,31.4,69.0,2024,4
2024-04-17 19:15:00+05:30,495.0,31.3,71.0,2024,4
2024-04-17 19:30:00+05:30,488.0,31.1,73.0,2024,4
2024-04-17 19:45:00+05:30,481.0,31.0,74.0,2024,4
2024-04-17 20:00:00+05:30,474.0,30.8,75.0,2024,4
2024-04-17 20:15:00+05:30,473.0,30.7,76.0,2024,4
2024-04-17 20:30:00+05:30,467.0,30.5,77.0,2024,4
2024-04-17 20:45:00+05:30,463.0,30.4,77.0,2024,4
2024-04-17 21:00:00+05:30,464.0,30.3,78.0,2024,4
2024-04-17 21:15:00+05:30,462.0,30.2,78.0,2024,4
2024-04-17 21:30:00+05:30,458.0,30.1,79.0,2024,4
2024-04-17 21:45:00+05:30,454.0,30.0,79.0,2024,4
2024-04-17 22:00:00+05:30,452.0,29.9,80.0,2024,4
2024-04-17 22:15:00+05:30,447.0,29.8,80.0,2024,4
2024-04-17 22:30:00+05:30,442.0,29.7,81.0,2024,4
2024-04-17 22:45:00+05:30,436.0,29.6,82.0,2024,4
2024-04-17 23:00:00+05:30,431.0,29.5,83.0,2024,4
2024-04-17 23:15:00+05:30,425.0,29.3,84.0,2024,4
2024-04-17 23:30:00+05:30,421.0,29.0,85.0,2024,4
2024-04-17 23:45:00+05:30,415.0,28.9,86.0,2024,4
2024-04-18 00:00:00+05:30,406.41,28.8,87.0,2024,4
2024-04-18 00:15:00+05:30,398.0,28.6,87.0,2024,4
2024-04-18 00:30:00+05:30,392.14,28.6,88.0,2024,4
2024-04-18 00:45:00+05:30,384.08,28.5,88.0,2024,4
2024-04-18 01:00:00+05:30,376.92,28.2,89.0,2024,4
2024-04-18 01:15:00+05:30,370.15,28.1,89.0,2024,4
2024-04-18 01:30:00+05:30,366.77,28.1,89.0,2024,4
2024-04-18 01:45:00+05:30,360.84,28.1,89.0,2024,4
2024-04-18 02:00:00+05:30,356.21,27.9,90.0,2024,4
2024-04-18 02:15:00+05:30,351.96,27.8,91.0,2024,4
2024-04-18 02:30:00+05:30,347.76,27.8,91.0,2024,4
2024-04-18 02:45:00+05:30,346.27,27.7,91.0,2024,4
2024-04-18 03:00:00+05:30,343.38,27.6,91.0,2024,4
2024-04-18 03:15:00+05:30,337.64,27.6,91.0,2024,4
2024-04-18 03:30:00+05:30,335.46,27.5,92.0,2024,4
2024-04-18 03:45:00+05:30,332.07,27.5,92.0,2024,4
2024-04-18 04:00:00+05:30,331.02,27.7,91.0,2024,4
2024-04-18 04:15:00+05:30,333.0,27.6,91.0,2024,4
2024-04-18 04:30:00+05:30,333.54,27.6,91.0,2024,4
2024-04-18 04:45:00+05:30,331.3,27.5,91.0,2024,4
2024-04-18 05:00:00+05:30,333.31,27.5,91.0,2024,4
2024-04-18 05:15:00+05:30,333.27,27.4,91.0,2024,4
2024-04-18 05:30:00+05:30,335.77,27.4,91.0,2024,4
2024-04-18 05:45:00+05:30,341.73,27.4,91.0,2024,4
2024-04-18 06:00:00+05:30,348.31,27.5,90.0,2024,4
2024-04-18 06:15:00+05:30,353.51,27.5,90.0,2024,4
2024-04-18 06:30:00+05:30,361.05,27.6,89.0,2024,4
2024-04-18 06:45:00+05:30,368.79,27.7,89.0,2024,4
2024-04-18 07:00:00+05:30,380.22,27.9,89.0,2024,4
2024-04-18 07:15:00+05:30,395.89,27.9,88.0,2024,4
2024-04-18 07:30:00+05:30,414.16,28.1,87.0,2024,4
2024-04-18 07:45:00+05:30,432.59,28.4,86.0,2024,4
2024-04-18 08:00:00+05:30,459.48,28.8,84.0,2024,4
2024-04-18 08:15:00+05:30,478.18,29.2,82.0,2024,4
2024-04-18 08:30:00+05:30,496.81,29.6,80.0,2024,4
2024-04-18 08:45:00+05:30,514.64,30.0,78.0,2024,4
2024-04-18 09:00:00+05:30,535.35,30.5,75.0,2024,4
2024-04-18 09:15:00+05:30,553.98,30.8,73.0,2024,4
2024-04-18 09:30:00+05:30,567.37,31.3,71.0,2024,4
2024-04-18 09:45:00+05:30,563.67,31.7,68.0,2024,4
2024-04-18 10:00:00+05:30,587.12,32.2,66.0,2024,4
2024-04-18 10:15:00+05:30,594.26,32.7,63.0,2024,4
2024-04-18 10:30:00+05:30,598.44,33.1,61.0,2024,4
2024-04-18 10:45:00+05:30,603.84,33.6,60.0,2024,4
2024-04-18 11:00:00+05:30,603.91,34.1,58.0,2024,4
2024-04-18 11:15:00+05:30,607.0,34.4,57.0,2024,4
2024-04-18 11:30:00+05:30,600.42,34.7,57.0,2024,4
2024-04-18 11:45:00+05:30,598.12,35.0,56.0,2024,4
2024-04-18 12:00:00+05:30,599.17,34.4,58.0,2024,4
2024-04-18 12:15:00+05:30,599.94,34.5,58.0,2024,4
2024-04-18 12:30:00+05:30,599.0,34.6,58.0,2024,4
2024-04-18 12:45:00+05:30,594.0,34.6,57.0,2024,4
2024-04-18 13:00:00+05:30,590.06,34.6,57.0,2024,4
2024-04-18 13:15:00+05:30,587.76,34.4,58.0,2024,4
2024-04-18 13:30:00+05:30,585.4,34.3,57.0,2024,4
2024-04-18 13:45:00+05:30,584.07,34.3,57.0,2024,4
2024-04-18 14:00:00+05:30,590.05,34.2,58.0,2024,4
2024-04-18 14:15:00+05:30,591.09,34.2,57.0,2024,4
2024-04-18 14:30:00+05:30,593.45,34.2,57.0,2024,4
2024-04-18 14:45:00+05:30,592.51,34.1,57.0,2024,4
2024-04-18 15:00:00+05:30,592.83,34.1,57.0,2024,4
2024-04-18 15:15:00+05:30,596.36,34.0,57.0,2024,4
2024-04-18 15:30:00+05:30,594.07,33.9,57.0,2024,4
2024-04-18 15:45:00+05:30,592.08,33.8,57.0,2024,4
2024-04-18 16:00:00+05:30,587.74,33.8,57.0,2024,4
2024-04-18 16:15:00+05:30,581.41,33.8,56.0,2024,4
2024-04-18 16:30:00+05:30,580.88,33.7,56.0,2024,4
2024-04-18 16:45:00+05:30,573.43,33.6,56.0,2024,4
2024-04-18 17:00:00+05:30,571.34,33.5,56.0,2024,4
2024-04-18 17:15:00+05:30,563.74,33.7,56.0,2024,4
2024-04-18 17:30:00+05:30,552.3,33.5,56.0,2024,4
2024-04-18 17:45:00+05:30,542.88,33.2,56.0,2024,4
2024-04-18 18:00:00+05:30,535.56,33.0,56.0,2024,4
2024-04-18 18:15:00+05:30,515.53,32.8,57.0,2024,4
2024-04-18 18:30:00+05:30,513.09,32.5,58.0,2024,4
2024-04-18 18:45:00+05:30,501.39,32.2,59.0,2024,4
2024-04-18 19:00:00+05:30,500.15,32.3,59.0,2024,4
2024-04-18 19:15:00+05:30,492.57,32.0,60.0,2024,4
2024-04-18 19:30:00+05:30,483.14,31.8,62.0,2024,4
2024-04-18 19:45:00+05:30,472.17,31.5,63.0,2024,4
2024-04-18 20:00:00+05:30,468.33,31.1,64.0,2024,4
2024-04-18 20:15:00+05:30,465.89,30.9,66.0,2024,4
2024-04-18 20:30:00+05:30,458.37,30.7,67.0,2024,4
2024-04-18 20:45:00+05:30,453.33,30.5,68.0,2024,4
2024-04-18 21:00:00+05:30,448.52,30.4,69.0,2024,4
2024-04-18 21:15:00+05:30,443.57,30.3,70.0,2024,4
2024-04-18 21:30:00+05:30,441.44,30.1,71.0,2024,4
2024-04-18 21:45:00+05:30,440.36,30.0,71.0,2024,4
2024-04-18 22:00:00+05:30,436.86,29.7,71.0,2024,4
2024-04-18 22:15:00+05:30,434.65,29.6,72.0,2024,4
2024-04-18 22:30:00+05:30,429.89,29.5,73.0,2024,4
2024-04-18 22:45:00+05:30,426.54,29.4,73.0,2024,4
2024-04-18 23:00:00+05:30,421.79,29.0,75.0,2024,4
2024-04-18 23:15:00+05:30,419.31,28.9,75.0,2024,4
2024-04-18 23:30:00+05:30,411.37,28.8,76.0,2024,4
2024-04-18 23:45:00+05:30,405.91,28.7,76.0,2024,4
2024-04-19 00:00:00+05:30,396.86,28.6,77.0,2024,4
2024-04-19 00:15:00+05:30,389.49,28.7,77.0,2024,4
2024-04-19 00:30:00+05:30,381.9,28.6,77.0,2024,4
2024-04-19 00:45:00+05:30,376.0,28.5,77.0,2024,4
2024-04-19 01:00:00+05:30,368.08,28.4,78.0,2024,4
2024-04-19 01:15:00+05:30,361.06,28.3,78.0,2024,4
2024-04-19 01:30:00+05:30,355.55,28.2,78.0,2024,4
2024-04-19 01:45:00+05:30,351.82,28.1,79.0,2024,4
2024-04-19 02:00:00+05:30,347.13,28.0,79.0,2024,4
2024-04-19 02:15:00+05:30,346.48,27.9,80.0,2024,4
2024-04-19 02:30:00+05:30,344.71,27.9,80.0,2024,4
2024-04-19 02:45:00+05:30,338.31,27.8,80.0,2024,4
2024-04-19 03:00:00+05:30,334.09,27.7,81.0,2024,4
2024-04-19 03:15:00+05:30,331.92,27.5,81.0,2024,4
2024-04-19 03:30:00+05:30,329.93,27.4,81.0,2024,4
2024-04-19 03:45:00+05:30,327.03,27.3,82.0,2024,4
2024-04-19 04:00:00+05:30,326.79,27.2,82.0,2024,4
2024-04-19 04:15:00+05:30,326.55,27.2,80.0,2024,4
2024-04-19 04:30:00+05:30,330.19,27.1,81.0,2024,4
2024-04-19 04:45:00+05:30,326.03,27.1,81.0,2024,4
2024-04-19 05:00:00+05:30,325.53,27.2,81.0,2024,4
2024-04-19 05:15:00+05:30,327.05,27.1,82.0,2024,4
2024-04-19 05:30:00+05:30,330.95,27.1,82.0,2024,4
2024-04-19 05:45:00+05:30,333.38,27.1,82.0,2024,4
2024-04-19 06:00:00+05:30,338.21,27.3,80.0,2024,4
2024-04-19 06:15:00+05:30,342.98,27.3,80.0,2024,4
2024-04-19 06:30:00+05:30,351.16,27.4,80.0,2024,4
2024-04-19 06:45:00+05:30,357.48,27.6,80.0,2024,4
2024-04-19 07:00:00+05:30,370.97,27.8,79.0,2024,4
2024-04-19 07:15:00+05:30,386.49,28.2,79.0,2024,4
2024-04-19 07:30:00+05:30,400.0,28.4,78.0,2024,4
2024-04-19 07:45:00+05:30,416.01,28.7,77.0,2024,4
2024-04-19 08:00:00+05:30,439.7,28.9,75.0,2024,4
2024-04-19 08:15:00+05:30,457.64,29.3,74.0,2024,4
2024-04-19 08:30:00+05:30,477.33,29.6,72.0,2024,4
2024-04-19 08:45:00+05:30,498.5,30.0,71.0,2024,4
2024-04-19 09:00:00+05:30,517.48,30.3,70.0,2024,4
2024-04-19 09:15:00+05:30,530.88,30.6,68.0,2024,4
2024-04-19 09:30:00+05:30,544.27,31.0,67.0,2024,4
2024-04-19 09:45:00+05:30,556.98,31.3,66.0,2024,4
2024-04-19 10:00:00+05:30,563.24,31.7,65.0,2024,4
2024-04-19 10:15:00+05:30,571.27,32.1,64.0,2024,4
2024-04-19 10:30:00+05:30,579.47,32.5,63.0,2024,4
2024-04-19 10:45:00+05:30,580.91,32.8,62.0,2024,4
2024-04-19 11:00:00+05:30,582.27,33.0,62.0,2024,4
2024-04-19 11:15:00+05:30,583.78,33.3,61.0,2024,4
2024-04-19 11:30:00+05:30,584.11,33.5,61.0,2024,4
2024-04-19 11:45:00+05:30,580.77,33.7,60.0,2024,4
2024-04-19 12:00:00+05:30,581.74,33.9,60.0,2024,4
2024-04-19 12:15:00+05:30,584.37,34.0,59.0,2024,4
2024-04-19 12:30:00+05:30,582.0,34.2,59.0,2024,4
2024-04-19 12:45:00+05:30,580.72,34.3,59.0,2024,4
2024-04-19 13:00:00+05:30,580.4,34.4,58.0,2024,4
2024-04-19 13:15:00+05:30,575.42,34.5,58.0,2024,4
2024-04-19 13:30:00+05:30,574.02,34.6,57.0,2024,4
2024-04-19 13:45:00+05:30,577.67,34.7,57.0,2024,4
2024-04-19 14:00:00+05:30,583.35,34.7,56.0,2024,4
2024-04-19 14:15:00+05:30,583.98,34.8,56.0,2024,4
2024-04-19 14:30:00+05:30,587.89,34.8,55.0,2024,4
2024-04-19 14:45:00+05:30,588.61,34.8,55.0,2024,4
2024-04-19 15:00:00+05:30,591.32,34.8,54.0,2024,4
2024-04-19 15:15:00+05:30,587.83,34.8,54.0,2024,4
2024-04-19 15:30:00+05:30,588.0,34.7,53.0,2024,4
2024-04-19 15:45:00+05:30,586.47,34.6,53.0,2024,4
2024-04-19 16:00:00+05:30,586.51,34.5,53.0,2024,4
2024-04-19 16:15:00+05:30,582.98,34.3,53.0,2024,4
2024-04-19 16:30:00+05:30,578.62,34.1,54.0,2024,4
2024-04-19 16:45:00+05:30,572.48,34.0,54.0,2024,4
2024-04-19 17:00:00+05:30,566.43,33.7,54.0,2024,4
2024-04-19 17:15:00+05:30,560.88,33.5,55.0,2024,4
2024-04-19 17:30:00+05:30,552.52,33.3,55.0,2024,4
2024-04-19 17:45:00+05:30,541.63,33.0,56.0,2024,4
2024-04-19 18:00:00+05:30,531.47,32.8,57.0,2024,4
2024-04-19 18:15:00+05:30,521.91,32.5,58.0,2024,4
2024-04-19 18:30:00+05:30,514.49,32.2,60.0,2024,4
2024-04-19 18:45:00+05:30,509.82,31.9,61.0,2024,4
2024-04-19 19:00:00+05:30,504.28,31.7,63.0,2024,4
2024-04-19 19:15:00+05:30,495.51,31.5,64.0,2024,4
2024-04-19 19:30:00+05:30,489.94,31.3,65.0,2024,4
2024-04-19 19:45:00+05:30,481.85,31.1,66.0,2024,4
2024-04-19 20:00:00+05:30,472.34,30.8,67.0,2024,4
2024-04-19 20:15:00+05:30,466.79,30.6,68.0,2024,4
2024-04-19 20:30:00+05:30,461.35,30.4,69.0,2024,4
2024-04-19 20:45:00+05:30,457.47,30.2,70.0,2024,4
2024-04-19 21:00:00+05:30,451.57,30.1,72.0,2024,4
2024-04-19 21:15:00+05:30,451.73,29.9,73.0,2024,4
2024-04-19 21:30:00+05:30,448.42,29.8,74.0,2024,4
2024-04-19 21:45:00+05:30,443.98,29.7,76.0,2024,4
2024-04-19 22:00:00+05:30,440.47,29.5,77.0,2024,4
2024-04-19 22:15:00+05:30,438.21,29.4,77.0,2024,4
2024-04-19 22:30:00+05:30,432.77,29.3,78.0,2024,4
2024-04-19 22:45:00+05:30,429.3,29.2,78.0,2024,4
2024-04-19 23:00:00+05:30,420.79,29.1,79.0,2024,4
2024-04-19 23:15:00+05:30,415.05,29.0,79.0,2024,4
2024-04-19 23:30:00+05:30,410.04,28.9,79.0,2024,4
2024-04-19 23:45:00+05:30,405.16,28.8,79.0,2024,4
2024-04-20 00:00:00+05:30,401.67,30.26,73.26,2024,4
2024-04-20 00:15:00+05:30,396.22,30.24,73.36,2024,4
2024-04-20 00:30:00+05:30,391.11,30.160000000000004,73.3,2024,4
2024-04-20 00:45:00+05:30,384.81,30.1,72.9,2024,4
2024-04-20 01:00:00+05:30,376.62,30.16,71.78,2024,4
2024-04-20 01:15:00+05:30,370.26,30.2,70.98,2024,4
2024-04-20 01:30:00+05:30,365.87,30.24,70.38,2024,4
2024-04-20 01:45:00+05:30,361.19,30.18,70.56,2024,4
2024-04-20 02:00:00+05:30,354.83,30.160000000000004,71.0,2024,4
2024-04-20 02:15:00+05:30,350.05,30.040000000000003,71.3,2024,4
2024-04-20 02:30:00+05:30,348.25,30.0,71.6,2024,4
2024-04-20 02:45:00+05:30,343.44,30.04,71.4,2024,4
2024-04-20 03:00:00+05:30,340.04,30.0,71.5,2024,4
2024-04-20 03:15:00+05:30,335.41,29.94,71.64000000000001,2024,4
2024-04-20 03:30:00+05:30,332.43,29.96,71.86,2024,4
2024-04-20 03:45:00+05:30,329.72,29.94,71.94000000000001,2024,4
2024-04-20 04:00:00+05:30,329.16,29.860000000000003,72.08,2024,4
2024-04-20 04:15:00+05:30,330.39,29.8,72.04,2024,4
2024-04-20 04:30:00+05:30,328.91,29.74,72.17999999999999,2024,4
2024-04-20 04:45:00+05:30,328.35,29.76,72.2,2024,4
2024-04-20 05:00:00+05:30,328.33,29.7,72.55999999999999,2024,4
2024-04-20 05:15:00+05:30,327.22,29.56,73.12,2024,4
2024-04-20 05:30:00+05:30,328.39,29.520000000000003,73.4,2024,4
2024-04-20 05:45:00+05:30,326.7,29.46,73.74,2024,4
2024-04-20 06:00:00+05:30,331.33,29.4,74.03999999999999,2024,4
2024-04-20 06:15:00+05:30,334.04,29.28,74.9,2024,4
2024-04-20 06:30:00+05:30,333.97,29.28,74.97999999999999,2024,4
2024-04-20 06:45:00+05:30,337.13,29.44,74.76,2024,4
2024-04-20 07:00:00+05:30,346.41,29.58,74.6,2024,4
2024-04-20 07:15:00+05:30,353.26,29.78,74.1,2024,4
2024-04-20 07:30:00+05:30,363.05,30.02,73.55999999999999,2024,4
2024-04-20 07:45:00+05:30,370.51,30.3,72.78,2024,4
2024-04-20 08:00:00+05:30,387.65,30.6,71.52,2024,4
2024-04-20 08:15:00+05:30,401.04,31.040000000000003,70.0,2024,4
2024-04-20 08:30:00+05:30,418.56,31.46,67.84,2024,4
2024-04-20 08:45:00+05:30,430.75,31.879999999999995,66.17999999999999,2024,4
2024-04-20 09:00:00+05:30,448.17,32.3,64.64,2024,4
2024-04-20 09:15:00+05:30,461.69,32.779999999999994,62.24,2024,4
2024-04-20 09:30:00+05:30,470.28,33.26,60.25999999999999,2024,4
2024-04-20 09:45:00+05:30,488.05,33.42,58.34,2024,4
2024-04-20 10:00:00+05:30,497.67,33.739999999999995,56.64,2024,4
2024-04-20 10:15:00+05:30,502.04,34.16,53.86,2024,4
2024-04-20 10:30:00+05:30,511.15,34.48,52.74,2024,4
2024-04-20 10:45:00+05:30,514.55,34.82000000000001,51.94,2024,4
2024-04-20 11:00:00+05:30,516.9,34.8,53.82000000000001,2024,4
2024-04-20 11:15:00+05:30,522.49,34.620000000000005,54.38,2024,4
2024-04-20 11:30:00+05:30,524.03,34.50000000000001,55.2,2024,4
2024-04-20 11:45:00+05:30,518.93,34.58,56.28,2024,4
2024-04-20 12:00:00+05:30,522.53,34.5,56.02,2024,4
2024-04-20 12:15:00+05:30,520.5,34.779999999999994,54.11999999999999,2024,4
2024-04-20 12:30:00+05:30,519.72,34.739999999999995,54.34,2024,4
2024-04-20 12:45:00+05:30,518.68,34.84,53.84,2024,4
2024-04-20 13:00:00+05:30,516.33,34.82000000000001,53.82000000000001,2024,4
2024-04-20 13:15:00+05:30,513.98,34.9,53.6,2024,4
2024-04-20 13:30:00+05:30,512.84,34.96,53.84000000000001,2024,4
2024-04-20 13:45:00+05:30,511.56,35.21999999999999,52.24,2024,4
2024-04-20 14:00:00+05:30,516.0,35.160000000000004,52.38,2024,4
2024-04-20 14:15:00+05:30,518.37,35.120000000000005,51.5,2024,4
2024-04-20 14:30:00+05:30,523.38,35.06,51.46,2024,4
2024-04-20 14:45:00+05:30,509.82,34.72,50.54,2024,4
2024-04-20 15:00:00+05:30,509.25,34.52,50.78,2024,4
2024-04-20 15:15:00+05:30,508.13,34.8,50.02,2024,4
2024-04-20 15:30:00+05:30,508.32,34.62,49.6,2024,4
2024-04-20 15:45:00+05:30,503.2,34.86,48.44,2024,4
2024-04-20 16:00:00+05:30,499.39,34.720000000000006,47.12,2024,4
2024-04-20 16:15:00+05:30,494.64,34.58,46.86,2024,4
2024-04-20 16:30:00+05:30,488.74,34.7,45.760000000000005,2024,4
2024-04-20 16:45:00+05:30,483.92,34.42,45.94,2024,4
2024-04-20 17:00:00+05:30,476.71,34.239999999999995,46.06,2024,4
2024-04-20 17:15:00+05:30,472.13,33.86,47.08,2024,4
2024-04-20 17:30:00+05:30,464.89,33.260000000000005,48.82000000000001,2024,4
2024-04-20 17:45:00+05:30,457.83,32.879999999999995,50.12,2024,4
2024-04-20 18:00:00+05:30,451.52,32.56,51.56,2024,4
2024-04-20 18:15:00+05:30,445.87,32.3,52.61999999999999,2024,4
2024-04-20 18:30:00+05:30,445.38,32.160000000000004,52.7,2024,4
2024-04-20 18:45:00+05:30,445.21,32.0,53.56,2024,4
2024-04-20 19:00:00+05:30,441.11,31.8,54.64,2024,4
2024-04-20 19:15:00+05:30,437.83,31.520000000000003,55.84,2024,4
2024-04-20 19:30:00+05:30,432.5,31.32,56.4,2024,4
2024-04-20 19:45:00+05:30,428.48,31.28,56.6,2024,4
2024-04-20 20:00:00+05:30,422.71,31.22,57.08,2024,4
2024-04-20 20:15:00+05:30,419.05,31.02,58.1,2024,4
2024-04-20 20:30:00+05:30,417.09,30.860000000000003,58.760000000000005,2024,4
2024-04-20 20:45:00+05:30,414.93,30.76,59.38,2024,4
2024-04-20 21:00:00+05:30,413.68,30.56,60.06,2024,4
2024-04-20 21:15:00+05:30,409.39,30.48,60.74,2024,4
2024-04-20 21:30:00+05:30,405.83,30.4,61.31999999999999,2024,4
2024-04-20 21:45:00+05:30,402.02,30.3,62.1,2024,4
2024-04-20 22:00:00+05:30,400.45,30.18,62.6,2024,4
2024-04-20 22:15:00+05:30,396.48,30.12,63.25999999999999,2024,4
2024-04-20 22:30:00+05:30,397.32,30.0,64.06,2024,4
2024-04-20 22:45:00+05:30,394.34,29.94,64.64,2024,4
2024-04-20 23:00:00+05:30,390.43,29.860000000000003,65.48,2024,4
2024-04-20 23:15:00+05:30,385.14,29.82,66.22,2024,4
2024-04-20 23:30:00+05:30,384.06,29.74,66.7,2024,4
2024-04-20 23:45:00+05:30,381.34,29.68,67.24,2024,4
2024-04-21 00:00:00+05:30,376.63,29.66,67.22,2024,4
2024-04-21 00:15:00+05:30,373.23,29.58,67.92,2024,4
2024-04-21 00:30:00+05:30,370.66,29.42,68.8,2024,4
2024-04-21 00:45:00+05:30,366.62,29.3,69.08,2024,4
2024-04-21 01:00:00+05:30,358.49,29.26,69.6,2024,4
2024-04-21 01:15:00+05:30,356.26,29.12,70.16000000000001,2024,4
2024-04-21 01:30:00+05:30,347.05,29.140000000000004,70.64,2024,4
2024-04-21 01:45:00+05:30,341.95,29.1,70.94,2024,4
2024-04-21 02:00:00+05:30,337.85,29.1,71.12,2024,4
2024-04-21 02:15:00+05:30,335.44,28.98,71.68,2024,4
2024-04-21 02:30:00+05:30,333.66,29.0,72.0,2024,4
2024-04-21 02:45:00+05:30,330.31,28.880000000000003,72.44000000000001,2024,4
2024-04-21 03:00:00+05:30,324.43,28.84,72.84,2024,4
2024-04-21 03:15:00+05:30,321.29,28.8,72.46000000000001,2024,4
2024-04-21 03:30:00+05:30,318.85,28.8,72.14,2024,4
2024-04-21 03:45:00+05:30,315.92,28.840000000000003,71.8,2024,4
2024-04-21 04:00:00+05:30,314.17,28.76,71.66,2024,4
2024-04-21 04:15:00+05:30,313.11,28.7,71.85999999999999,2024,4
2024-04-21 04:30:00+05:30,312.43,28.58,72.22,2024,4
2024-04-21 04:45:00+05:30,312.21,28.42,72.2,2024,4
2024-04-21 05:00:00+05:30,309.62,28.42,71.66,2024,4
2024-04-21 05:15:00+05:30,308.79,28.4,71.14,2024,4
2024-04-21 05:30:00+05:30,310.51,28.42,70.5,2024,4
2024-04-21 05:45:00+05:30,312.87,28.360000000000003,70.16,2024,4
2024-04-21 06:00:00+05:30,313.52,28.380000000000003,69.92,2024,4
2024-04-21 06:15:00+05:30,313.97,28.380000000000003,69.74,2024,4
2024-04-21 06:30:00+05:30,313.38,28.44,69.88,2024,4
2024-04-21 06:45:00+05:30,307.94,28.56,70.24,2024,4
2024-04-21 07:00:00+05:30,308.32,28.7,70.03999999999999,2024,4
2024-04-21 07:15:00+05:30,310.68,28.9,69.94,2024,4
2024-04-21 07:30:00+05:30,314.33,29.160000000000004,68.78,2024,4
2024-04-21 07:45:00+05:30,320.16,29.48,67.46,2024,4
2024-04-21 08:00:00+05:30,324.8,29.76,65.6,2024,4
2024-04-21 08:15:00+05:30,328.77,30.2,64.16,2024,4
2024-04-21 08:30:00+05:30,336.55,30.640000000000004,62.02,2024,4
2024-04-21 08:45:00+05:30,336.91,31.08,59.56,2024,4
2024-04-21 09:00:00+05:30,344.56,31.5,55.58,2024,4
2024-04-21 09:15:00+05:30,349.54,31.9,53.78,2024,4
2024-04-21 09:30:00+05:30,350.95,32.3,52.30000000000001,2024,4
2024-04-21 09:45:00+05:30,355.81,32.660000000000004,50.12,2024,4
2024-04-21 10:00:00+05:30,360.25,32.96,49.580000000000005,2024,4
2024-04-21 10:15:00+05:30,363.87,33.14,49.58,2024,4
2024-04-21 10:30:00+05:30,368.43,33.279999999999994,49.7,2024,4
2024-04-21 10:45:00+05:30,372.82,33.38,51.81999999999999,2024,4
2024-04-21 11:00:00+05:30,379.01,33.440000000000005,52.14000000000001,2024,4
2024-04-21 11:15:00+05:30,381.28,33.64,51.620000000000005,2024,4
2024-04-21 11:30:00+05:30,385.02,33.5,53.080000000000005,2024,4
2024-04-21 11:45:00+05:30,386.13,33.779999999999994,53.54,2024,4
2024-04-21 12:00:00+05:30,389.01,33.48,54.96,2024,4
2024-04-21 12:15:00+05:30,392.72,33.38,56.1,2024,4
2024-04-21 12:30:00+05:30,391.06,33.64,55.06,2024,4
2024-04-21 12:45:00+05:30,388.78,33.38,55.9,2024,4
2024-04-21 13:00:00+05:30,387.29,33.50000000000001,55.85999999999999,2024,4
2024-04-21 13:15:00+05:30,387.4,33.480000000000004,55.94,2024,4
2024-04-21 13:30:00+05:30,389.62,33.739999999999995,55.3,2024,4
2024-04-21 13:45:00+05:30,392.1,33.78,54.58,2024,4
2024-04-21 14:00:00+05:30,390.51,33.82,54.04,2024,4
2024-04-21 14:15:00+05:30,392.65,33.72,53.68000000000001,2024,4
2024-04-21 14:30:00+05:30,391.41,33.66,52.5,2024,4
2024-04-21 14:45:00+05:30,392.39,33.84,51.85999999999999,2024,4
2024-04-21 15:00:00+05:30,392.99,33.620000000000005,50.92,2024,4
2024-04-21 15:15:00+05:30,392.12,33.68,50.02,2024,4
2024-04-21 15:30:00+05:30,389.61,33.959999999999994,45.98,2024,4
2024-04-21 15:45:00+05:30,386.67,33.760000000000005,44.10000000000001,2024,4
2024-04-21 16:00:00+05:30,383.88,33.78,43.8,2024,4
2024-04-21 16:15:00+05:30,381.85,34.400000000000006,41.48,2024,4
2024-04-21 16:30:00+05:30,377.38,34.3,40.84,2024,4
2024-04-21 16:45:00+05:30,373.76,33.94,42.48,2024,4
2024-04-21 17:00:00+05:30,373.71,33.28,43.6,2024,4
2024-04-21 17:15:00+05:30,369.95,32.92,43.88,2024,4
2024-04-21 17:30:00+05:30,367.61,32.74,44.760000000000005,2024,4
2024-04-21 17:45:00+05:30,363.42,32.980000000000004,43.8,2024,4
2024-04-21 18:00:00+05:30,366.46,32.78,44.120000000000005,2024,4
2024-04-21 18:15:00+05:30,367.57,32.2,46.0,2024,4
2024-04-21 18:30:00+05:30,365.59,31.68,47.24,2024,4
2024-04-21 18:45:00+05:30,367.95,31.320000000000004,48.1,2024,4
2024-04-21 19:00:00+05:30,371.26,31.06,48.21999999999999,2024,4
2024-04-21 19:15:00+05:30,373.24,30.84,48.92,2024,4
2024-04-21 19:30:00+05:30,374.93,30.7,49.52,2024,4
2024-04-21 19:45:00+05:30,372.54,30.58,49.760000000000005,2024,4
2024-04-21 20:00:00+05:30,370.74,30.5,50.120000000000005,2024,4
2024-04-21 20:15:00+05:30,369.48,30.440000000000005,50.44,2024,4
2024-04-21 20:30:00+05:30,368.21,30.3,51.1,2024,4
2024-04-21 20:45:00+05:30,368.88,30.26,52.2,2024,4
2024-04-21 21:00:00+05:30,368.51,30.22,53.260000000000005,2024,4
2024-04-21 21:15:00+05:30,369.85,30.18,53.86,2024,4
2024-04-21 21:30:00+05:30,370.06,30.140000000000004,54.4,2024,4
2024-04-21 21:45:00+05:30,368.83,30.140000000000004,54.7,2024,4
2024-04-21 22:00:00+05:30,368.18,30.1,55.46,2024,4
2024-04-21 22:15:00+05:30,368.36,30.040000000000003,56.34,2024,4
2024-04-21 22:30:00+05:30,366.51,29.98,57.42,2024,4
2024-04-21 22:45:00+05:30,366.26,29.92,58.36,2024,4
2024-04-21 23:00:00+05:30,365.34,29.86,59.46,2024,4
2024-04-21 23:15:00+05:30,364.83,29.8,61.24,2024,4
2024-04-21 23:30:00+05:30,363.43,29.72,63.3,2024,4
2024-04-21 23:45:00+05:30,360.13,29.68,64.5,2024,4
2024-04-22 00:00:00+05:30,355.86,29.68,65.48,2024,4
2024-04-22 00:15:00+05:30,352.54,29.58,66.18,2024,4
2024-04-22 00:30:00+05:30,349.74,29.54,67.06,2024,4
2024-04-22 00:45:00+05:30,343.96,29.5,67.75999999999999,2024,4
2024-04-22 01:00:00+05:30,339.0,29.380000000000003,68.96,2024,4
2024-04-22 01:15:00+05:30,334.73,29.360000000000003,69.66,2024,4
2024-04-22 01:30:00+05:30,330.14,29.24,70.67999999999999,2024,4
2024-04-22 01:45:00+05:30,324.99,29.18,71.6,2024,4
2024-04-22 02:00:00+05:30,322.25,29.16,72.24000000000001,2024,4
2024-04-22 02:15:00+05:30,318.9,29.1,73.03999999999999,2024,4
2024-04-22 02:30:00+05:30,316.54,29.06,73.58,2024,4
2024-04-22 02:45:00+05:30,314.45,29.08,74.08,2024,4
2024-04-22 03:00:00+05:30,312.41,29.08,74.34,2024,4
2024-04-22 03:15:00+05:30,309.41,29.040000000000003,74.78,2024,4
2024-04-22 03:30:00+05:30,309.68,29.04,74.64,2024,4
2024-04-22 03:45:00+05:30,306.48,29.04,74.5,2024,4
2024-04-22 04:00:00+05:30,304.28,28.96,75.02000000000001,2024,4
2024-04-22 04:15:00+05:30,305.09,28.92,75.62,2024,4
2024-04-22 04:30:00+05:30,309.37,28.840000000000003,76.28,2024,4
2024-04-22 04:45:00+05:30,307.85,28.78,76.66,2024,4
2024-04-22 05:00:00+05:30,308.01,28.74,77.00000000000001,2024,4
2024-04-22 05:15:00+05:30,310.53,28.72,77.08,2024,4
2024-04-22 05:30:00+05:30,310.94,28.74,76.58,2024,4
2024-04-22 05:45:00+05:30,316.08,28.72,75.52000000000001,2024,4
2024-04-22 06:00:00+05:30,322.8,28.64,74.8,2024,4
2024-04-22 06:15:00+05:30,328.14,28.6,73.53999999999999,2024,4
2024-04-22 06:30:00+05:30,338.89,28.64,73.3,2024,4
2024-04-22 06:45:00+05:30,345.04,28.7,72.94000000000001,2024,4
2024-04-22 07:00:00+05:30,356.09,28.84,72.42,2024,4
2024-04-22 07:15:00+05:30,371.36,29.079999999999995,71.53999999999999,2024,4
2024-04-22 07:30:00+05:30,389.28,29.34,70.84,2024,4
2024-04-22 07:45:00+05:30,405.54,29.5,70.4,2024,4
2024-04-22 08:00:00+05:30,427.43,29.78,69.6,2024,4
2024-04-22 08:15:00+05:30,451.4,30.0,68.72,2024,4
2024-04-22 08:30:00+05:30,469.16,30.42,67.46000000000001,2024,4
2024-04-22 08:45:00+05:30,484.55,30.860000000000003,65.84,2024,4
2024-04-22 09:00:00+05:30,503.12,31.3,64.36,2024,4
2024-04-22 09:15:00+05:30,518.11,31.76,62.28,2024,4
2024-04-22 09:30:00+05:30,533.74,32.14,60.55999999999999,2024,4
2024-04-22 09:45:00+05:30,544.85,32.52,58.84,2024,4
2024-04-22 10:00:00+05:30,555.05,32.64,58.0,2024,4
2024-04-22 10:15:00+05:30,556.78,32.92,56.28,2024,4
2024-04-22 10:30:00+05:30,561.47,33.21999999999999,54.94000000000001,2024,4
2024-04-22 10:45:00+05:30,566.9,33.5,55.8,2024,4
2024-04-22 11:00:00+05:30,570.14,33.68,55.3,2024,4
2024-04-22 11:15:00+05:30,570.4,33.86,54.540000000000006,2024,4
2024-04-22 11:30:00+05:30,711.52,33.980000000000004,54.94,2024,4
2024-04-22 11:45:00+05:30,567.77,34.42,54.54,2024,4
2024-04-22 12:00:00+05:30,567.55,34.48,55.88000000000001,2024,4
2024-04-22 12:15:00+05:30,569.17,34.5,55.46,2024,4
2024-04-22 12:30:00+05:30,569.05,34.480000000000004,55.120000000000005,2024,4
2024-04-22 12:45:00+05:30,570.24,34.5,54.54,2024,4
2024-04-22 13:00:00+05:30,567.68,34.480000000000004,54.14000000000001,2024,4
2024-04-22 13:15:00+05:30,558.58,34.52,53.46,2024,4
2024-04-22 13:30:00+05:30,550.69,34.67999999999999,52.1,2024,4
2024-04-22 13:45:00+05:30,558.01,34.46,51.7,2024,4
2024-04-22 14:00:00+05:30,562.48,34.559999999999995,50.26,2024,4
2024-04-22 14:15:00+05:30,563.12,34.58,49.12,2024,4
2024-04-22 14:30:00+05:30,565.28,34.8,47.8,2024,4
2024-04-22 14:45:00+05:30,564.29,34.96,47.5,2024,4
2024-04-22 15:00:00+05:30,562.78,35.06,45.88,2024,4
2024-04-22 15:15:00+05:30,561.44,34.82000000000001,46.2,2024,4
2024-04-22 15:30:00+05:30,559.32,35.08,45.9,2024,4
2024-04-22 15:45:00+05:30,559.37,35.220000000000006,44.24,2024,4
2024-04-22 16:00:00+05:30,557.31,34.96,44.14,2024,4
2024-04-22 16:15:00+05:30,551.14,34.68,43.58,2024,4
2024-04-22 16:30:00+05:30,547.74,34.9,43.12,2024,4
2024-04-22 16:45:00+05:30,542.18,34.92,42.46,2024,4
2024-04-22 17:00:00+05:30,538.55,34.63999999999999,42.98,2024,4
2024-04-22 17:15:00+05:30,529.9,34.36,43.92,2024,4
2024-04-22 17:30:00+05:30,520.12,34.08,44.84,2024,4
2024-04-22 17:45:00+05:30,513.88,33.36,46.17999999999999,2024,4
2024-04-22 18:00:00+05:30,503.7,33.0,47.4,2024,4
2024-04-22 18:15:00+05:30,493.54,32.58,48.260000000000005,2024,4
2024-04-22 18:30:00+05:30,480.39,32.2,47.92,2024,4
2024-04-22 18:45:00+05:30,477.11,31.8,48.81999999999999,2024,4
2024-04-22 19:00:00+05:30,468.71,31.42,49.58,2024,4
2024-04-22 19:15:00+05:30,463.94,31.16,50.92,2024,4
2024-04-22 19:30:00+05:30,456.29,31.0,51.58,2024,4
2024-04-22 19:45:00+05:30,450.59,30.72000000000001,53.4,2024,4
2024-04-22 20:00:00+05:30,442.85,30.62,54.28000000000001,2024,4
2024-04-22 20:15:00+05:30,436.43,30.42,55.760000000000005,2024,4
2024-04-22 20:30:00+05:30,429.74,30.28,57.38,2024,4
2024-04-22 20:45:00+05:30,424.11,30.2,58.55999999999999,2024,4
2024-04-22 21:00:00+05:30,417.55,30.12,59.67999999999999,2024,4
2024-04-22 21:15:00+05:30,432.8,30.0,60.67999999999999,2024,4
2024-04-22 21:30:00+05:30,411.8,29.879999999999995,61.46,2024,4
2024-04-22 21:45:00+05:30,408.12,29.8,61.9,2024,4
2024-04-22 22:00:00+05:30,406.25,29.74,62.38000000000001,2024,4
2024-04-22 22:15:00+05:30,402.22,29.68,63.260000000000005,2024,4
2024-04-22 22:30:00+05:30,399.0,29.6,64.34,2024,4
2024-04-22 22:45:00+05:30,393.94,29.52,65.11999999999999,2024,4
2024-04-22 23:00:00+05:30,391.44,29.46,65.62,2024,4
2024-04-22 23:15:00+05:30,387.71,29.34,66.02000000000001,2024,4
2024-04-22 23:30:00+05:30,379.92,29.26,66.67999999999999,2024,4
2024-04-22 23:45:00+05:30,373.24,29.14,67.32000000000001,2024,4
2024-04-23 00:00:00+05:30,350.62,29.1,67.8,2024,4
2024-04-23 00:15:00+05:30,345.95,29.1,67.8,2024,4
2024-04-23 00:30:00+05:30,340.86,29.0,68.0,2024,4
2024-04-23 00:45:00+05:30,336.28,29.0,68.0,2024,4
2024-04-23 01:00:00+05:30,331.55,29.0,68.0,2024,4
2024-04-23 01:15:00+05:30,327.35,29.0,68.0,2024,4
2024-04-23 01:30:00+05:30,325.07,29.0,67.7,2024,4
2024-04-23 01:45:00+05:30,322.57,29.0,67.7,2024,4
2024-04-23 02:00:00+05:30,320.02,28.9,67.8,2024,4
2024-04-23 02:15:00+05:30,320.48,28.9,67.8,2024,4
2024-04-23 02:30:00+05:30,315.18,28.9,67.0,2024,4
2024-04-23 02:45:00+05:30,312.72,28.9,67.0,2024,4
2024-04-23 03:00:00+05:30,308.38,28.9,65.9,2024,4
2024-04-23 03:15:00+05:30,306.98,28.9,65.9,2024,4
2024-04-23 03:30:00+05:30,305.44,28.8,65.5,2024,4
2024-04-23 03:45:00+05:30,307.79,28.8,65.5,2024,4
2024-04-23 04:00:00+05:30,307.93,28.9,65.0,2024,4
2024-04-23 04:15:00+05:30,308.9,28.9,65.0,2024,4
2024-04-23 04:30:00+05:30,309.78,28.7,65.6,2024,4
2024-04-23 04:45:00+05:30,313.24,28.7,65.6,2024,4
2024-04-23 05:00:00+05:30,317.55,28.7,66.2,2024,4
2024-04-23 05:15:00+05:30,322.52,28.7,66.2,2024,4
2024-04-23 05:30:00+05:30,325.77,28.6,66.9,2024,4
2024-04-23 05:45:00+05:30,337.85,28.6,66.9,2024,4
2024-04-23 06:00:00+05:30,345.73,28.6,67.6,2024,4
2024-04-23 06:15:00+05:30,354.7,28.6,67.6,2024,4
2024-04-23 06:30:00+05:30,368.41,28.5,68.2,2024,4
2024-04-23 06:45:00+05:30,384.65,28.5,68.2,2024,4
2024-04-23 07:00:00+05:30,400.88,28.5,68.6,2024,4
2024-04-23 07:15:00+05:30,422.75,28.5,68.6,2024,4
2024-04-23 07:30:00+05:30,441.18,28.4,69.2,2024,4
2024-04-23 07:45:00+05:30,462.07,28.4,69.2,2024,4
2024-04-23 08:00:00+05:30,477.61,28.3,69.3,2024,4
2024-04-23 08:15:00+05:30,493.38,28.3,69.3,2024,4
2024-04-23 08:30:00+05:30,505.51,28.3,69.8,2024,4
2024-04-23 08:45:00+05:30,522.64,28.3,69.8,2024,4
2024-04-23 09:00:00+05:30,531.21,28.2,69.9,2024,4
2024-04-23 09:15:00+05:30,538.99,28.2,69.9,2024,4
2024-04-23 09:30:00+05:30,545.35,28.1,70.3,2024,4
2024-04-23 09:45:00+05:30,552.54,28.1,70.3,2024,4
2024-04-23 10:00:00+05:30,558.38,28.1,70.7,2024,4
2024-04-23 10:15:00+05:30,558.12,28.1,70.7,2024,4
2024-04-23 10:30:00+05:30,553.94,28.0,70.8,2024,4
2024-04-23 10:45:00+05:30,553.54,28.0,70.8,2024,4
2024-04-23 11:00:00+05:30,552.43,28.0,71.0,2024,4
2024-04-23 11:15:00+05:30,552.52,28.0,71.0,2024,4
2024-04-23 11:30:00+05:30,551.6,27.9,71.2,2024,4
2024-04-23 11:45:00+05:30,556.1,27.9,71.2,2024,4
2024-04-23 12:00:00+05:30,556.63,27.8,71.5,2024,4
2024-04-23 12:15:00+05:30,555.36,27.8,71.5,2024,4
2024-04-23 12:30:00+05:30,554.81,27.8,71.6,2024,4
2024-04-23 12:45:00+05:30,553.85,27.8,71.6,2024,4
2024-04-23 13:00:00+05:30,555.66,27.8,71.8,2024,4
2024-04-23 13:15:00+05:30,556.66,27.8,71.8,2024,4
2024-04-23 13:30:00+05:30,559.71,27.8,71.6,2024,4
2024-04-23 13:45:00+05:30,560.85,27.8,71.6,2024,4
2024-04-23 14:00:00+05:30,561.53,27.9,71.6,2024,4
2024-04-23 14:15:00+05:30,561.01,27.9,71.6,2024,4
2024-04-23 14:30:00+05:30,560.64,28.1,71.2,2024,4
2024-04-23 14:45:00+05:30,557.32,28.1,71.2,2024,4
2024-04-23 15:00:00+05:30,554.95,28.4,70.3,2024,4
2024-04-23 15:15:00+05:30,553.13,28.4,70.3,2024,4
2024-04-23 15:30:00+05:30,549.55,28.7,69.3,2024,4
2024-04-23 15:45:00+05:30,542.39,28.7,69.3,2024,4
2024-04-23 16:00:00+05:30,538.78,29.1,68.0,2024,4
2024-04-23 16:15:00+05:30,533.15,29.1,68.0,2024,4
2024-04-23 16:30:00+05:30,525.84,29.7,66.3,2024,4
2024-04-23 16:45:00+05:30,516.94,29.7,66.3,2024,4
2024-04-23 17:00:00+05:30,510.65,30.2,64.7,2024,4
2024-04-23 17:15:00+05:30,502.36,30.2,64.7,2024,4
2024-04-23 17:30:00+05:30,489.9,30.6,63.3,2024,4
2024-04-23 17:45:00+05:30,482.66,30.6,63.3,2024,4
2024-04-23 18:00:00+05:30,479.29,31.0,62.4,2024,4
2024-04-23 18:15:00+05:30,474.14,31.0,62.4,2024,4
2024-04-23 18:30:00+05:30,468.44,31.4,60.3,2024,4
2024-04-23 18:45:00+05:30,458.21,31.4,60.3,2024,4
2024-04-23 19:00:00+05:30,452.95,31.9,58.2,2024,4
2024-04-23 19:15:00+05:30,443.95,31.9,58.2,2024,4
2024-04-23 19:30:00+05:30,435.36,32.0,58.0,2024,4
2024-04-23 19:45:00+05:30,433.87,32.0,58.0,2024,4
2024-04-23 20:00:00+05:30,432.34,32.4,56.6,2024,4
2024-04-23 20:15:00+05:30,421.38,32.4,56.6,2024,4
2024-04-23 20:30:00+05:30,421.88,32.6,56.4,2024,4
2024-04-23 20:45:00+05:30,416.21,32.6,56.4,2024,4
2024-04-23 21:00:00+05:30,412.24,32.7,56.6,2024,4
2024-04-23 21:15:00+05:30,409.74,32.7,56.6,2024,4
2024-04-23 21:30:00+05:30,403.75,32.9,56.1,2024,4
2024-04-23 21:45:00+05:30,403.86,32.9,56.5,2024,4
2024-04-23 22:00:00+05:30,399.07,33.1,57.1,2024,4
2024-04-23 22:15:00+05:30,395.52,33.2,57.5,2024,4
2024-04-23 22:30:00+05:30,389.32,33.4,57.2,2024,4
2024-04-23 22:45:00+05:30,384.92,33.6,56.8,2024,4
2024-04-23 23:00:00+05:30,379.31,33.6,57.1,2024,4
2024-04-23 23:15:00+05:30,344.0,33.5,57.7,2024,4
2024-04-23 23:30:00+05:30,341.0,33.8,58.1,2024,4
2024-04-23 23:45:00+05:30,338.0,33.7,59.2,2024,4
2024-04-24 00:00:00+05:30,373.51,28.880000000000003,72.52,2024,4
2024-04-24 00:15:00+05:30,369.51,28.82,72.82000000000001,2024,4
2024-04-24 00:30:00+05:30,365.13,28.78,73.6,2024,4
2024-04-24 00:45:00+05:30,356.99,28.76,74.1,2024,4
2024-04-24 01:00:00+05:30,351.5,28.7,74.84,2024,4
2024-04-24 01:15:00+05:30,345.93,28.7,75.67999999999999,2024,4
2024-04-24 01:30:00+05:30,341.18,28.64,76.34,2024,4
2024-04-24 01:45:00+05:30,337.73,28.6,76.88000000000001,2024,4
2024-04-24 02:00:00+05:30,334.69,28.54,76.96,2024,4
2024-04-24 02:15:00+05:30,334.01,28.5,77.08,2024,4
2024-04-24 02:30:00+05:30,328.1,28.44,77.61999999999999,2024,4
2024-04-24 02:45:00+05:30,324.75,28.42,77.7,2024,4
2024-04-24 03:00:00+05:30,324.0,28.379999999999995,77.93999999999998,2024,4
2024-04-24 03:15:00+05:30,319.82,28.36,77.46000000000001,2024,4
2024-04-24 03:30:00+05:30,318.62,28.36,76.96000000000001,2024,4
2024-04-24 03:45:00+05:30,316.41,28.32,76.06,2024,4
2024-04-24 04:00:00+05:30,314.1,28.36,75.61999999999999,2024,4
2024-04-24 04:15:00+05:30,313.46,28.34,74.8,2024,4
2024-04-24 04:30:00+05:30,315.59,28.3,74.4,2024,4
2024-04-24 04:45:00+05:30,317.21,28.2,74.42,2024,4
2024-04-24 05:00:00+05:30,317.0,28.18,74.16,2024,4
2024-04-24 05:15:00+05:30,317.54,28.1,73.84,2024,4
2024-04-24 05:30:00+05:30,318.43,28.02,73.9,2024,4
2024-04-24 05:45:00+05:30,323.19,27.84,74.22,2024,4
2024-04-24 06:00:00+05:30,331.2,27.78,74.32000000000001,2024,4
2024-04-24 06:15:00+05:30,335.19,27.8,74.32000000000001,2024,4
2024-04-24 06:30:00+05:30,341.59,27.78,74.55999999999999,2024,4
2024-04-24 06:45:00+05:30,348.74,27.92,74.61999999999999,2024,4
2024-04-24 07:00:00+05:30,358.46,28.12,74.26,2024,4
2024-04-24 07:15:00+05:30,373.43,28.36,73.28,2024,4
2024-04-24 07:30:00+05:30,394.61,28.7,72.16,2024,4
2024-04-24 07:45:00+05:30,410.52,29.02,71.22,2024,4
2024-04-24 08:00:00+05:30,433.03,29.340000000000003,70.2,2024,4
2024-04-24 08:15:00+05:30,450.85,29.8,68.66,2024,4
2024-04-24 08:30:00+05:30,469.61,30.28,67.08,2024,4
2024-04-24 08:45:00+05:30,486.33,30.72,65.22,2024,4
2024-04-24 09:00:00+05:30,501.56,31.160000000000004,63.98,2024,4
2024-04-24 09:15:00+05:30,514.74,31.32,63.4,2024,4
2024-04-24 09:30:00+05:30,528.63,31.8,61.74000000000001,2024,4
2024-04-24 09:45:00+05:30,539.01,32.3,59.260000000000005,2024,4
2024-04-24 10:00:00+05:30,548.98,32.559999999999995,59.580000000000005,2024,4
2024-04-24 10:15:00+05:30,554.57,32.56,59.720000000000006,2024,4
2024-04-24 10:30:00+05:30,562.28,32.72,59.42,2024,4
2024-04-24 10:45:00+05:30,567.09,32.94,58.9,2024,4
2024-04-24 11:00:00+05:30,569.31,33.0,58.74,2024,4
2024-04-24 11:15:00+05:30,569.89,33.32,57.98,2024,4
2024-04-24 11:30:00+05:30,569.12,33.620000000000005,58.38000000000001,2024,4
2024-04-24 11:45:00+05:30,569.31,33.779999999999994,58.0,2024,4
2024-04-24 12:00:00+05:30,569.51,34.0,58.720000000000006,2024,4
2024-04-24 12:15:00+05:30,572.59,33.92,59.04,2024,4
2024-04-24 12:30:00+05:30,570.65,33.84,60.28000000000001,2024,4
2024-04-24 12:45:00+05:30,567.77,33.82,60.86,2024,4
2024-04-24 13:00:00+05:30,569.66,33.82,60.96,2024,4
2024-04-24 13:15:00+05:30,563.22,33.7,61.21999999999999,2024,4
2024-04-24 13:30:00+05:30,561.28,33.66,61.36,2024,4
2024-04-24 13:45:00+05:30,562.48,33.68,60.67999999999999,2024,4
2024-04-24 14:00:00+05:30,569.14,33.760000000000005,60.6,2024,4
2024-04-24 14:15:00+05:30,571.7,33.46,60.040000000000006,2024,4
2024-04-24 14:30:00+05:30,573.53,33.4,60.66,2024,4
2024-04-24 14:45:00+05:30,576.03,33.440000000000005,59.34,2024,4
2024-04-24 15:00:00+05:30,575.25,33.4,58.85999999999999,2024,4
2024-04-24 15:15:00+05:30,573.89,33.540000000000006,57.96,2024,4
2024-04-24 15:30:00+05:30,571.62,33.559999999999995,58.18000000000001,2024,4
2024-04-24 15:45:00+05:30,571.62,33.74,57.1,2024,4
2024-04-24 16:00:00+05:30,570.54,33.72,57.720000000000006,2024,4
2024-04-24 16:15:00+05:30,569.09,33.58,58.11999999999999,2024,4
2024-04-24 16:30:00+05:30,562.85,33.16,60.65999999999999,2024,4
2024-04-24 16:45:00+05:30,555.01,32.82000000000001,61.96,2024,4
2024-04-24 17:00:00+05:30,556.01,32.8,62.2,2024,4
2024-04-24 17:15:00+05:30,547.0,32.760000000000005,62.24000000000001,2024,4
2024-04-24 17:30:00+05:30,540.38,32.38000000000001,63.2,2024,4
2024-04-24 17:45:00+05:30,533.76,32.14,63.64,2024,4
2024-04-24 18:00:00+05:30,521.48,31.82,63.92,2024,4
2024-04-24 18:15:00+05:30,514.07,31.660000000000004,64.78,2024,4
2024-04-24 18:30:00+05:30,503.55,31.1,66.22,2024,4
2024-04-24 18:45:00+05:30,497.54,30.7,67.96000000000001,2024,4
2024-04-24 19:00:00+05:30,487.19,30.42,68.98,2024,4
2024-04-24 19:15:00+05:30,480.08,30.160000000000004,70.08000000000001,2024,4
2024-04-24 19:30:00+05:30,473.36,30.1,70.9,2024,4
2024-04-24 19:45:00+05:30,463.35,30.059999999999995,71.4,2024,4
2024-04-24 20:00:00+05:30,457.02,29.98,71.53999999999999,2024,4
2024-04-24 20:15:00+05:30,452.07,29.880000000000003,72.22,2024,4
2024-04-24 20:30:00+05:30,446.17,29.84,72.38,2024,4
2024-04-24 20:45:00+05:30,441.19,29.82,72.64,2024,4
2024-04-24 21:00:00+05:30,438.38,29.78,72.66,2024,4
2024-04-24 21:15:00+05:30,432.45,29.76,72.8,2024,4
2024-04-24 21:30:00+05:30,428.91,29.7,72.85999999999999,2024,4
2024-04-24 21:45:00+05:30,425.4,29.660000000000004,73.0,2024,4
2024-04-24 22:00:00+05:30,420.02,29.660000000000004,72.88,2024,4
2024-04-24 22:15:00+05:30,415.83,29.579999999999995,73.17999999999999,2024,4
2024-04-24 22:30:00+05:30,414.75,29.52,73.3,2024,4
2024-04-24 22:45:00+05:30,408.98,29.4,73.52000000000001,2024,4
2024-04-24 23:00:00+05:30,401.48,29.399999999999995,73.52,2024,4
2024-04-24 23:15:00+05:30,395.18,29.380000000000003,73.56,2024,4
2024-04-24 23:30:00+05:30,390.83,29.3,73.92,2024,4
2024-04-24 23:45:00+05:30,384.93,29.26,74.33999999999999,2024,4
2024-04-25 00:00:00+05:30,377.3,29.3,74.4,2024,4
2024-04-25 00:15:00+05:30,369.15,29.2,74.5,2024,4
2024-04-25 00:30:00+05:30,364.6,29.2,74.8,2024,4
2024-04-25 00:45:00+05:30,357.34,29.1,74.9,2024,4
2024-04-25 01:00:00+05:30,356.31,28.9,75.8,2024,4
2024-04-25 01:15:00+05:30,351.3,29.0,76.0,2024,4
2024-04-25 01:30:00+05:30,345.29,28.8,76.8,2024,4
2024-04-25 01:45:00+05:30,341.15,28.8,77.9,2024,4
2024-04-25 02:00:00+05:30,335.12,28.8,78.7,2024,4
2024-04-25 02:15:00+05:30,332.96,28.7,79.1,2024,4
2024-04-25 02:30:00+05:30,332.37,28.6,79.6,2024,4
2024-04-25 02:45:00+05:30,328.55,28.6,79.7,2024,4
2024-04-25 03:00:00+05:30,325.26,28.5,80.5,2024,4
2024-04-25 03:15:00+05:30,321.17,28.4,80.5,2024,4
2024-04-25 03:30:00+05:30,318.65,28.4,80.8,2024,4
2024-04-25 03:45:00+05:30,316.19,28.3,81.4,2024,4
2024-04-25 04:00:00+05:30,315.34,28.3,81.9,2024,4
2024-04-25 04:15:00+05:30,316.22,28.3,82.3,2024,4
2024-04-25 04:30:00+05:30,319.11,28.3,82.3,2024,4
2024-04-25 04:45:00+05:30,317.25,28.3,82.3,2024,4
2024-04-25 05:00:00+05:30,316.72,28.3,82.0,2024,4
2024-04-25 05:15:00+05:30,317.68,28.3,81.8,2024,4
2024-04-25 05:30:00+05:30,322.59,28.2,82.2,2024,4
2024-04-25 05:45:00+05:30,323.87,28.2,82.4,2024,4
2024-04-25 06:00:00+05:30,333.05,28.2,82.5,2024,4
2024-04-25 06:15:00+05:30,339.55,28.1,82.4,2024,4
2024-04-25 06:30:00+05:30,348.92,28.2,82.5,2024,4
2024-04-25 06:45:00+05:30,355.12,28.2,82.2,2024,4
2024-04-25 07:00:00+05:30,365.73,28.4,82.1,2024,4
2024-04-25 07:15:00+05:30,382.47,28.7,81.0,2024,4
2024-04-25 07:30:00+05:30,399.79,28.9,80.0,2024,4
2024-04-25 07:45:00+05:30,419.11,29.3,78.6,2024,4
2024-04-25 08:00:00+05:30,440.22,29.6,76.0,2024,4
2024-04-25 08:15:00+05:30,461.18,30.0,74.1,2024,4
2024-04-25 08:30:00+05:30,478.47,30.5,71.3,2024,4
2024-04-25 08:45:00+05:30,494.49,30.8,68.7,2024,4
2024-04-25 09:00:00+05:30,511.95,31.3,66.5,2024,4
2024-04-25 09:15:00+05:30,524.18,31.8,64.7,2024,4
2024-04-25 09:30:00+05:30,534.36,32.3,62.9,2024,4
2024-04-25 09:45:00+05:30,543.26,32.5,61.1,2024,4
2024-04-25 10:00:00+05:30,552.98,32.7,60.2,2024,4
2024-04-25 10:15:00+05:30,558.64,33.0,57.8,2024,4
2024-04-25 10:30:00+05:30,565.03,33.2,56.6,2024,4
2024-04-25 10:45:00+05:30,566.89,33.4,57.0,2024,4
2024-04-25 11:00:00+05:30,569.15,33.6,56.1,2024,4
2024-04-25 11:15:00+05:30,568.36,33.7,55.5,2024,4
2024-04-25 11:30:00+05:30,567.75,34.1,54.7,2024,4
2024-04-25 11:45:00+05:30,567.66,34.2,53.7,2024,4
2024-04-25 12:00:00+05:30,567.58,34.5,53.1,2024,4
2024-04-25 12:15:00+05:30,568.45,34.5,52.2,2024,4
2024-04-25 12:30:00+05:30,564.61,34.2,51.3,2024,4
2024-04-25 12:45:00+05:30,561.67,34.4,49.7,2024,4
2024-04-25 13:00:00+05:30,558.52,34.2,49.0,2024,4
2024-04-25 13:15:00+05:30,553.74,34.2,48.1,2024,4
2024-04-25 13:30:00+05:30,550.2,33.9,47.3,2024,4
2024-04-25 13:45:00+05:30,547.73,33.9,47.0,2024,4
2024-04-25 14:00:00+05:30,548.64,34.1,46.3,2024,4
2024-04-25 14:15:00+05:30,553.0,34.2,46.1,2024,4
2024-04-25 14:30:00+05:30,553.24,34.1,47.3,2024,4
2024-04-25 14:45:00+05:30,552.59,34.1,47.6,2024,4
2024-04-25 15:00:00+05:30,559.11,34.1,47.5,2024,4
2024-04-25 15:15:00+05:30,561.26,34.0,48.4,2024,4
2024-04-25 15:30:00+05:30,553.57,33.8,50.2,2024,4
2024-04-25 15:45:00+05:30,552.21,33.9,50.7,2024,4
2024-04-25 16:00:00+05:30,550.29,33.7,50.6,2024,4
2024-04-25 16:15:00+05:30,548.16,33.5,51.9,2024,4
2024-04-25 16:30:00+05:30,545.48,33.4,52.8,2024,4
2024-04-25 16:45:00+05:30,544.61,33.2,54.3,2024,4
2024-04-25 17:00:00+05:30,538.79,33.1,54.6,2024,4
2024-04-25 17:15:00+05:30,532.59,32.9,55.4,2024,4
2024-04-25 17:30:00+05:30,524.89,32.7,56.0,2024,4
2024-04-25 17:45:00+05:30,515.67,32.5,56.7,2024,4
2024-04-25 18:00:00+05:30,507.98,32.2,58.2,2024,4
2024-04-25 18:15:00+05:30,503.65,31.6,59.3,2024,4
2024-04-25 18:30:00+05:30,493.0,31.2,61.7,2024,4
2024-04-25 18:45:00+05:30,483.93,30.8,62.6,2024,4
2024-04-25 19:00:00+05:30,477.62,30.4,64.4,2024,4
2024-04-25 19:15:00+05:30,471.23,30.2,65.8,2024,4
2024-04-25 19:30:00+05:30,464.13,30.1,66.3,2024,4
2024-04-25 19:45:00+05:30,458.15,30.1,66.8,2024,4
2024-04-25 20:00:00+05:30,450.94,30.0,67.1,2024,4
2024-04-25 20:15:00+05:30,447.63,30.0,67.2,2024,4
2024-04-25 20:30:00+05:30,444.73,30.1,66.8,2024,4
2024-04-25 20:45:00+05:30,438.63,30.1,66.5,2024,4
2024-04-25 21:00:00+05:30,430.5,30.1,66.1,2024,4
2024-04-25 21:15:00+05:30,425.53,30.1,65.8,2024,4
2024-04-25 21:30:00+05:30,422.7,30.1,65.7,2024,4
2024-04-25 21:45:00+05:30,418.84,30.0,66.0,2024,4
2024-04-25 22:00:00+05:30,415.9,30.0,65.6,2024,4
2024-04-25 22:15:00+05:30,410.88,29.9,65.5,2024,4
2024-04-25 22:30:00+05:30,405.3,29.9,65.5,2024,4
2024-04-25 22:45:00+05:30,401.38,29.7,66.1,2024,4
2024-04-25 23:00:00+05:30,395.45,29.7,66.2,2024,4
2024-04-25 23:15:00+05:30,390.74,29.5,66.6,2024,4
2024-04-25 23:30:00+05:30,385.47,29.5,66.7,2024,4
2024-04-25 23:45:00+05:30,379.77,29.4,67.2,2024,4
2024-04-26 00:00:00+05:30,378.34,29.3,66.98,2024,4
2024-04-26 00:15:00+05:30,374.11,29.3,67.58,2024,4
2024-04-26 00:30:00+05:30,367.41,29.26,67.43999999999998,2024,4
2024-04-26 00:45:00+05:30,360.32,29.14,68.32000000000001,2024,4
2024-04-26 01:00:00+05:30,353.2,29.020000000000003,69.14000000000001,2024,4
2024-04-26 01:15:00+05:30,347.65,28.96,69.74000000000001,2024,4
2024-04-26 01:30:00+05:30,343.11,28.880000000000003,69.6,2024,4
2024-04-26 01:45:00+05:30,338.48,28.860000000000003,70.12,2024,4
2024-04-26 02:00:00+05:30,334.2,28.78,71.84,2024,4
2024-04-26 02:15:00+05:30,331.51,28.74,73.38,2024,4
2024-04-26 02:30:00+05:30,330.06,28.62,74.78,2024,4
2024-04-26 02:45:00+05:30,324.19,28.66,76.2,2024,4
2024-04-26 03:00:00+05:30,323.86,28.6,77.46000000000001,2024,4
2024-04-26 03:15:00+05:30,320.71,28.56,78.28,2024,4
2024-04-26 03:30:00+05:30,320.33,28.62,79.1,2024,4
2024-04-26 03:45:00+05:30,314.46,28.640000000000004,80.0,2024,4
2024-04-26 04:00:00+05:30,313.07,28.64,80.54,2024,4
2024-04-26 04:15:00+05:30,310.27,28.64,81.22,2024,4
2024-04-26 04:30:00+05:30,317.24,28.68,81.16,2024,4
2024-04-26 04:45:00+05:30,317.9,28.72,81.1,2024,4
2024-04-26 05:00:00+05:30,318.4,28.74,80.92,2024,4
2024-04-26 05:15:00+05:30,320.86,28.72000000000001,81.17999999999999,2024,4
2024-04-26 05:30:00+05:30,324.69,28.74,81.16000000000001,2024,4
2024-04-26 05:45:00+05:30,326.67,28.72,80.97999999999999,2024,4
2024-04-26 06:00:00+05:30,332.46,28.660000000000004,81.17999999999999,2024,4
2024-04-26 06:15:00+05:30,339.82,28.7,80.75999999999999,2024,4
2024-04-26 06:30:00+05:30,347.63,28.7,80.26,2024,4
2024-04-26 06:45:00+05:30,357.92,28.74,79.91999999999999,2024,4
2024-04-26 07:00:00+05:30,364.61,28.860000000000003,79.2,2024,4
2024-04-26 07:15:00+05:30,378.42,29.059999999999995,77.9,2024,4
2024-04-26 07:30:00+05:30,391.82,29.380000000000003,76.02000000000001,2024,4
2024-04-26 07:45:00+05:30,411.31,29.660000000000004,74.24000000000001,2024,4
2024-04-26 08:00:00+05:30,434.14,30.06,71.12,2024,4
2024-04-26 08:15:00+05:30,453.46,30.54,66.52,2024,4
2024-04-26 08:30:00+05:30,471.19,31.099999999999994,61.44,2024,4
2024-04-26 08:45:00+05:30,487.95,31.7,57.7,2024,4
2024-04-26 09:00:00+05:30,503.19,32.18,54.3,2024,4
2024-04-26 09:15:00+05:30,516.86,32.82000000000001,51.46,2024,4
2024-04-26 09:30:00+05:30,521.78,33.279999999999994,48.44,2024,4
2024-04-26 09:45:00+05:30,529.81,33.58,45.92,2024,4
2024-04-26 10:00:00+05:30,541.91,33.88,44.34,2024,4
2024-04-26 10:15:00+05:30,544.04,34.08,41.76,2024,4
2024-04-26 10:30:00+05:30,550.35,34.279999999999994,42.92,2024,4
2024-04-26 10:45:00+05:30,553.34,34.440000000000005,45.12,2024,4
2024-04-26 11:00:00+05:30,555.23,34.48,45.96,2024,4
2024-04-26 11:15:00+05:30,555.08,34.480000000000004,48.14,2024,4
2024-04-26 11:30:00+05:30,559.45,34.58,50.42,2024,4
2024-04-26 11:45:00+05:30,560.72,34.4,54.06,2024,4
2024-04-26 12:00:00+05:30,564.29,34.17999999999999,56.67999999999999,2024,4
2024-04-26 12:15:00+05:30,564.68,33.88,59.08,2024,4
2024-04-26 12:30:00+05:30,564.22,33.82000000000001,59.24,2024,4
2024-04-26 12:45:00+05:30,562.99,34.08,59.38,2024,4
2024-04-26 13:00:00+05:30,559.71,33.78,60.98,2024,4
2024-04-26 13:15:00+05:30,558.23,33.64,61.52,2024,4
2024-04-26 13:30:00+05:30,561.2,33.76,61.55999999999999,2024,4
2024-04-26 13:45:00+05:30,560.95,33.739999999999995,62.36,2024,4
2024-04-26 14:00:00+05:30,567.52,33.94,62.18000000000001,2024,4
2024-04-26 14:15:00+05:30,578.69,34.040000000000006,62.080000000000005,2024,4
2024-04-26 14:30:00+05:30,579.13,34.0,62.52,2024,4
2024-04-26 14:45:00+05:30,581.35,34.02,62.44,2024,4
2024-04-26 15:00:00+05:30,586.03,34.26,62.040000000000006,2024,4
2024-04-26 15:15:00+05:30,587.51,34.48,61.38000000000001,2024,4
2024-04-26 15:30:00+05:30,585.25,34.3,61.81999999999999,2024,4
2024-04-26 15:45:00+05:30,581.98,34.220000000000006,62.06000000000002,2024,4
2024-04-26 16:00:00+05:30,580.59,34.52,61.32000000000001,2024,4
2024-04-26 16:15:00+05:30,576.15,34.36,61.96,2024,4
2024-04-26 16:30:00+05:30,573.36,34.160000000000004,62.81999999999999,2024,4
2024-04-26 16:45:00+05:30,571.02,33.739999999999995,64.34,2024,4
2024-04-26 17:00:00+05:30,565.78,33.3,65.44,2024,4
2024-04-26 17:15:00+05:30,558.14,33.18,66.03999999999999,2024,4
2024-04-26 17:30:00+05:30,547.11,33.08,65.8,2024,4
2024-04-26 17:45:00+05:30,525.26,33.17999999999999,64.16000000000001,2024,4
2024-04-26 18:00:00+05:30,517.56,32.940000000000005,62.46,2024,4
2024-04-26 18:15:00+05:30,508.9,32.6,61.78,2024,4
2024-04-26 18:30:00+05:30,511.12,32.48,59.71999999999999,2024,4
2024-04-26 18:45:00+05:30,498.0,32.16,58.52,2024,4
2024-04-26 19:00:00+05:30,488.43,31.98,58.54,2024,4
2024-04-26 19:15:00+05:30,477.29,31.8,58.46,2024,4
2024-04-26 19:30:00+05:30,464.96,31.68,58.56,2024,4
2024-04-26 19:45:00+05:30,459.6,31.6,58.46,2024,4
2024-04-26 20:00:00+05:30,453.66,31.56,58.67999999999999,2024,4
2024-04-26 20:15:00+05:30,449.3,31.5,58.760000000000005,2024,4
2024-04-26 20:30:00+05:30,438.72,31.48,58.220000000000006,2024,4
2024-04-26 20:45:00+05:30,430.44,31.42,57.04,2024,4
2024-04-26 21:00:00+05:30,422.65,31.3,57.84,2024,4
2024-04-26 21:15:00+05:30,421.26,31.24,58.3,2024,4
2024-04-26 21:30:00+05:30,416.01,31.140000000000004,59.5,2024,4
2024-04-26 21:45:00+05:30,401.24,30.96,61.540000000000006,2024,4
2024-04-26 22:00:00+05:30,413.16,30.840000000000003,62.88,2024,4
2024-04-26 22:15:00+05:30,406.51,30.78,64.26,2024,4
2024-04-26 22:30:00+05:30,408.83,30.68,66.17999999999999,2024,4
2024-04-26 22:45:00+05:30,409.04,30.6,67.38000000000001,2024,4
2024-04-26 23:00:00+05:30,399.52,30.46,68.38000000000001,2024,4
2024-04-26 23:15:00+05:30,398.9,30.3,68.7,2024,4
2024-04-26 23:30:00+05:30,392.24,30.3,69.24,2024,4
2024-04-26 23:45:00+05:30,395.05,30.2,69.88000000000001,2024,4
2024-04-27 00:00:00+05:30,390.5,30.02,70.98,2024,4
2024-04-27 00:15:00+05:30,386.59,29.8,73.28,2024,4
2024-04-27 00:30:00+05:30,379.84,29.64,75.24,2024,4
2024-04-27 00:45:00+05:30,374.75,29.56,76.52000000000001,2024,4
2024-04-27 01:00:00+05:30,370.44,29.54,77.22,2024,4
2024-04-27 01:15:00+05:30,366.86,29.46,77.58000000000001,2024,4
2024-04-27 01:30:00+05:30,364.34,29.380000000000003,77.9,2024,4
2024-04-27 01:45:00+05:30,358.5,29.32,77.84,2024,4
2024-04-27 02:00:00+05:30,353.42,29.28,77.88000000000001,2024,4
2024-04-27 02:15:00+05:30,349.03,29.22,77.72,2024,4
2024-04-27 02:30:00+05:30,343.66,29.18,77.72,2024,4
2024-04-27 02:45:00+05:30,341.36,29.14,77.52000000000001,2024,4
2024-04-27 03:00:00+05:30,340.45,29.1,77.17999999999999,2024,4
2024-04-27 03:15:00+05:30,333.75,29.12,76.03999999999999,2024,4
2024-04-27 03:30:00+05:30,331.55,29.160000000000004,74.38,2024,4
2024-04-27 03:45:00+05:30,328.52,29.14,73.14000000000001,2024,4
2024-04-27 04:00:00+05:30,326.07,29.14,72.18,2024,4
2024-04-27 04:15:00+05:30,324.99,29.12,71.26,2024,4
2024-04-27 04:30:00+05:30,325.02,29.020000000000003,70.44,2024,4
2024-04-27 04:45:00+05:30,323.92,29.020000000000003,70.0,2024,4
2024-04-27 05:00:00+05:30,321.79,28.940000000000005,70.17999999999999,2024,4
2024-04-27 05:15:00+05:30,325.42,28.860000000000003,70.12,2024,4
2024-04-27 05:30:00+05:30,327.26,28.84,70.14000000000001,2024,4
2024-04-27 05:45:00+05:30,324.15,28.76,70.28,2024,4
2024-04-27 06:00:00+05:30,326.04,28.7,70.38,2024,4
2024-04-27 06:15:00+05:30,329.65,28.660000000000004,70.2,2024,4
2024-04-27 06:30:00+05:30,330.62,28.68,70.46000000000001,2024,4
2024-04-27 06:45:00+05:30,332.83,28.76,70.66,2024,4
2024-04-27 07:00:00+05:30,340.1,28.94,70.58000000000001,2024,4
2024-04-27 07:15:00+05:30,343.06,29.28,69.88,2024,4
2024-04-27 07:30:00+05:30,349.23,29.62,68.66,2024,4
2024-04-27 07:45:00+05:30,356.04,29.9,67.67999999999999,2024,4
2024-04-27 08:00:00+05:30,366.36,30.380000000000003,66.14,2024,4
2024-04-27 08:15:00+05:30,380.85,30.940000000000005,63.98,2024,4
2024-04-27 08:30:00+05:30,393.03,31.44,61.24,2024,4
2024-04-27 08:45:00+05:30,402.45,31.9,59.04,2024,4
2024-04-27 09:00:00+05:30,412.11,32.279999999999994,57.5,2024,4
2024-04-27 09:15:00+05:30,427.95,32.660000000000004,57.16,2024,4
2024-04-27 09:30:00+05:30,437.43,33.04,55.94,2024,4
2024-04-27 09:45:00+05:30,444.61,33.34,54.96,2024,4
2024-04-27 10:00:00+05:30,455.02,33.58,54.220000000000006,2024,4
2024-04-27 10:15:00+05:30,462.58,33.8,53.8,2024,4
2024-04-27 10:30:00+05:30,468.31,34.1,52.86,2024,4
2024-04-27 10:45:00+05:30,474.88,34.36,52.46,2024,4
2024-04-27 11:00:00+05:30,478.6,34.720000000000006,53.0,2024,4
2024-04-27 11:15:00+05:30,480.06,34.76,53.4,2024,4
2024-04-27 11:30:00+05:30,479.61,35.04,53.64,2024,4
2024-04-27 11:45:00+05:30,483.57,35.36,54.1,2024,4
2024-04-27 12:00:00+05:30,483.88,35.56,54.4,2024,4
2024-04-27 12:15:00+05:30,485.16,35.720000000000006,54.2,2024,4
2024-04-27 12:30:00+05:30,488.7,35.76,55.9,2024,4
2024-04-27 12:45:00+05:30,489.06,35.9,56.28000000000001,2024,4
2024-04-27 13:00:00+05:30,486.81,35.720000000000006,56.52,2024,4
2024-04-27 13:15:00+05:30,490.0,35.54,56.92,2024,4
2024-04-27 13:30:00+05:30,488.24,35.71999999999999,56.0,2024,4
2024-04-27 13:45:00+05:30,488.71,35.62,56.54,2024,4
2024-04-27 14:00:00+05:30,493.97,35.5,57.38000000000001,2024,4
2024-04-27 14:15:00+05:30,497.58,35.54,56.8,2024,4
2024-04-27 14:30:00+05:30,499.95,35.5,57.25999999999999,2024,4
2024-04-27 14:45:00+05:30,501.69,35.260000000000005,57.120000000000005,2024,4
2024-04-27 15:00:00+05:30,502.13,35.17999999999999,57.84,2024,4
2024-04-27 15:15:00+05:30,498.57,34.8,58.71999999999999,2024,4
2024-04-27 15:30:00+05:30,497.46,35.0,57.56,2024,4
2024-04-27 15:45:00+05:30,495.74,35.06,56.82000000000001,2024,4
2024-04-27 16:00:00+05:30,494.96,35.34,55.98,2024,4
2024-04-27 16:15:00+05:30,493.2,35.260000000000005,55.56,2024,4
2024-04-27 16:30:00+05:30,488.69,35.480000000000004,54.1,2024,4
2024-04-27 16:45:00+05:30,484.02,35.239999999999995,53.88,2024,4
2024-04-27 17:00:00+05:30,477.59,35.419999999999995,53.58,2024,4
2024-04-27 17:15:00+05:30,472.01,35.18,53.5,2024,4
2024-04-27 17:30:00+05:30,466.02,35.160000000000004,51.84,2024,4
2024-04-27 17:45:00+05:30,462.59,34.940000000000005,51.78000000000001,2024,4
2024-04-27 18:00:00+05:30,452.63,34.56,52.36,2024,4
2024-04-27 18:15:00+05:30,449.69,34.18,53.24,2024,4
2024-04-27 18:30:00+05:30,447.55,33.8,54.42,2024,4
2024-04-27 18:45:00+05:30,447.66,33.42,55.4,2024,4
2024-04-27 19:00:00+05:30,446.4,33.1,56.220000000000006,2024,4
2024-04-27 19:15:00+05:30,442.55,32.9,57.17999999999999,2024,4
2024-04-27 19:30:00+05:30,439.54,32.72,57.9,2024,4
2024-04-27 19:45:00+05:30,435.93,32.62,58.24,2024,4
2024-04-27 20:00:00+05:30,431.15,32.58,58.17999999999999,2024,4
2024-04-27 20:15:00+05:30,426.04,32.48,58.120000000000005,2024,4
2024-04-27 20:30:00+05:30,426.56,32.46,57.96,2024,4
2024-04-27 20:45:00+05:30,422.33,32.4,57.64,2024,4
2024-04-27 21:00:00+05:30,419.1,32.36,57.7,2024,4
2024-04-27 21:15:00+05:30,417.86,32.239999999999995,58.04,2024,4
2024-04-27 21:30:00+05:30,415.63,32.260000000000005,58.1,2024,4
2024-04-27 21:45:00+05:30,414.72,32.17999999999999,58.260000000000005,2024,4
2024-04-27 22:00:00+05:30,409.95,32.06,58.66,2024,4
2024-04-27 22:15:00+05:30,407.92,31.98,58.96,2024,4
2024-04-27 22:30:00+05:30,405.27,31.82,60.1,2024,4
2024-04-27 22:45:00+05:30,402.85,31.6,61.04,2024,4
2024-04-27 23:00:00+05:30,401.95,31.440000000000005,62.31999999999999,2024,4
2024-04-27 23:15:00+05:30,399.86,31.380000000000003,63.05999999999999,2024,4
2024-04-27 23:30:00+05:30,394.13,31.3,62.92,2024,4
2024-04-27 23:45:00+05:30,389.13,31.22,64.38,2024,4
2024-04-28 00:00:00+05:30,384.57,31.02,67.99999999999999,2024,4
2024-04-28 00:15:00+05:30,379.65,30.92,70.35999999999999,2024,4
2024-04-28 00:30:00+05:30,381.23,30.78,73.0,2024,4
2024-04-28 00:45:00+05:30,374.25,30.66,74.76,2024,4
2024-04-28 01:00:00+05:30,371.22,30.58,75.42,2024,4
2024-04-28 01:15:00+05:30,367.44,30.5,75.22,2024,4
2024-04-28 01:30:00+05:30,362.6,30.48,74.52000000000001,2024,4
2024-04-28 01:45:00+05:30,356.61,30.46,74.14000000000001,2024,4
2024-04-28 02:00:00+05:30,354.06,30.420000000000005,73.93999999999998,2024,4
2024-04-28 02:15:00+05:30,349.23,30.420000000000005,73.25999999999999,2024,4
2024-04-28 02:30:00+05:30,346.12,30.380000000000003,72.4,2024,4
2024-04-28 02:45:00+05:30,340.97,30.380000000000003,71.68,2024,4
2024-04-28 03:00:00+05:30,338.6,30.3,70.76000000000002,2024,4
2024-04-28 03:15:00+05:30,335.39,30.32,69.92,2024,4
2024-04-28 03:30:00+05:30,330.43,30.28,69.72,2024,4
2024-04-28 03:45:00+05:30,325.28,30.3,69.03999999999999,2024,4
2024-04-28 04:00:00+05:30,323.5,30.26,68.7,2024,4
2024-04-28 04:15:00+05:30,320.52,30.24,68.12,2024,4
2024-04-28 04:30:00+05:30,320.18,30.26,67.52000000000001,2024,4
2024-04-28 04:45:00+05:30,317.29,30.24,66.84,2024,4
2024-04-28 05:00:00+05:30,316.74,30.2,66.54,2024,4
2024-04-28 05:15:00+05:30,318.0,30.160000000000004,66.48,2024,4
2024-04-28 05:30:00+05:30,319.27,30.059999999999995,65.91999999999999,2024,4
2024-04-28 05:45:00+05:30,317.66,29.98,65.78,2024,4
2024-04-28 06:00:00+05:30,319.23,29.880000000000003,65.34,2024,4
2024-04-28 06:15:00+05:30,316.61,29.82,65.26,2024,4
2024-04-28 06:30:00+05:30,315.31,29.820000000000004,65.22,2024,4
2024-04-28 06:45:00+05:30,316.36,29.78,65.38000000000001,2024,4
2024-04-28 07:00:00+05:30,315.43,29.98,65.08,2024,4
2024-04-28 07:15:00+05:30,317.99,30.18,64.67999999999999,2024,4
2024-04-28 07:30:00+05:30,317.03,30.46,64.42,2024,4
2024-04-28 07:45:00+05:30,321.59,30.880000000000003,63.44000000000001,2024,4
2024-04-28 08:00:00+05:30,328.97,31.32,61.8,2024,4
2024-04-28 08:15:00+05:30,333.29,31.899999999999995,58.98,2024,4
2024-04-28 08:30:00+05:30,341.02,32.46,56.84,2024,4
2024-04-28 08:45:00+05:30,347.05,32.94,54.5,2024,4
2024-04-28 09:00:00+05:30,351.32,33.54,52.1,2024,4
2024-04-28 09:15:00+05:30,357.6,34.059999999999995,50.56,2024,4
2024-04-28 09:30:00+05:30,361.65,34.540000000000006,48.88,2024,4
2024-04-28 09:45:00+05:30,369.37,35.0,47.52,2024,4
2024-04-28 10:00:00+05:30,374.03,35.42,45.68000000000001,2024,4
2024-04-28 10:15:00+05:30,379.13,35.660000000000004,44.92,2024,4
2024-04-28 10:30:00+05:30,385.37,36.0,42.74,2024,4
2024-04-28 10:45:00+05:30,394.24,36.38000000000001,40.78,2024,4
2024-04-28 11:00:00+05:30,399.17,36.82000000000001,41.14,2024,4
2024-04-28 11:15:00+05:30,400.61,36.96,42.61999999999999,2024,4
2024-04-28 11:30:00+05:30,401.29,37.08,42.58,2024,4
2024-04-28 11:45:00+05:30,404.63,37.42,43.3,2024,4
2024-04-28 12:00:00+05:30,411.58,37.62,43.3,2024,4
2024-04-28 12:15:00+05:30,414.8,37.64,43.14,2024,4
2024-04-28 12:30:00+05:30,420.19,37.82,42.84,2024,4
2024-04-28 12:45:00+05:30,418.97,37.54,44.94,2024,4
2024-04-28 13:00:00+05:30,418.03,37.6,44.9,2024,4
2024-04-28 13:15:00+05:30,419.1,37.42,44.31999999999999,2024,4
2024-04-28 13:30:00+05:30,417.07,37.62,43.06,2024,4
2024-04-28 13:45:00+05:30,419.87,37.760000000000005,42.42,2024,4
2024-04-28 14:00:00+05:30,424.59,37.78,42.34,2024,4
2024-04-28 14:15:00+05:30,427.49,37.74,42.14,2024,4
2024-04-28 14:30:00+05:30,431.37,37.7,41.92,2024,4
2024-04-28 14:45:00+05:30,430.33,37.56,42.4,2024,4
2024-04-28 15:00:00+05:30,430.33,37.52,42.4,2024,4
2024-04-28 15:15:00+05:30,434.3,37.38000000000001,42.36,2024,4
2024-04-28 15:30:00+05:30,433.3,37.42,41.48,2024,4
2024-04-28 15:45:00+05:30,431.33,37.260000000000005,41.720000000000006,2024,4
2024-04-28 16:00:00+05:30,428.46,37.1,41.42,2024,4
2024-04-28 16:15:00+05:30,422.62,36.88000000000001,41.16,2024,4
2024-04-28 16:30:00+05:30,418.78,36.9,41.16,2024,4
2024-04-28 16:45:00+05:30,413.87,36.52,41.5,2024,4
2024-04-28 17:00:00+05:30,412.94,36.42,40.74,2024,4
2024-04-28 17:15:00+05:30,410.07,36.32,40.34,2024,4
2024-04-28 17:30:00+05:30,403.32,36.06,39.68,2024,4
2024-04-28 17:45:00+05:30,400.67,35.879999999999995,39.38,2024,4
2024-04-28 18:00:00+05:30,396.73,35.720000000000006,39.14,2024,4
2024-04-28 18:15:00+05:30,391.83,35.44,39.12,2024,4
2024-04-28 18:30:00+05:30,394.64,35.14,38.92,2024,4
2024-04-28 18:45:00+05:30,397.16,34.8,38.84,2024,4
2024-04-28 19:00:00+05:30,397.97,34.54,38.620000000000005,2024,4
2024-04-28 19:15:00+05:30,395.87,34.4,38.68000000000001,2024,4
2024-04-28 19:30:00+05:30,398.81,34.3,38.54,2024,4
2024-04-28 19:45:00+05:30,397.87,34.160000000000004,39.46,2024,4
2024-04-28 20:00:00+05:30,394.97,34.040000000000006,39.760000000000005,2024,4
2024-04-28 20:15:00+05:30,395.0,33.88000000000001,40.67999999999999,2024,4
2024-04-28 20:30:00+05:30,394.16,33.8,40.38,2024,4
2024-04-28 20:45:00+05:30,394.22,33.67999999999999,40.62,2024,4
2024-04-28 21:00:00+05:30,393.45,33.540000000000006,40.82,2024,4
2024-04-28 21:15:00+05:30,391.7,33.46,39.92,2024,4
2024-04-28 21:30:00+05:30,391.86,33.32000000000001,40.32000000000001,2024,4
2024-04-28 21:45:00+05:30,395.99,33.2,39.98,2024,4
2024-04-28 22:00:00+05:30,393.56,33.160000000000004,40.1,2024,4
2024-04-28 22:15:00+05:30,393.66,33.1,40.24,2024,4
2024-04-28 22:30:00+05:30,394.01,32.959999999999994,45.1,2024,4
2024-04-28 22:45:00+05:30,395.13,32.64,48.88,2024,4
2024-04-28 23:00:00+05:30,397.36,32.42,51.74,2024,4
2024-04-28 23:15:00+05:30,397.55,32.239999999999995,55.0,2024,4
2024-04-28 23:30:00+05:30,395.64,32.040000000000006,57.7,2024,4
2024-04-28 23:45:00+05:30,391.8,31.860000000000003,59.620000000000005,2024,4
2024-04-29 00:00:00+05:30,385.76,31.68,61.46,2024,4
2024-04-29 00:15:00+05:30,380.55,31.62,62.8,2024,4
2024-04-29 00:30:00+05:30,376.92,31.5,63.64,2024,4
2024-04-29 00:45:00+05:30,370.8,31.360000000000003,63.96,2024,4
2024-04-29 01:00:00+05:30,365.56,31.3,63.56,2024,4
2024-04-29 01:15:00+05:30,360.61,31.26,63.14,2024,4
2024-04-29 01:30:00+05:30,354.79,31.28,62.67999999999999,2024,4
2024-04-29 01:45:00+05:30,350.9,31.2,62.16,2024,4
2024-04-29 02:00:00+05:30,346.14,31.160000000000004,61.260000000000005,2024,4
2024-04-29 02:15:00+05:30,342.95,31.18,60.04,2024,4
2024-04-29 02:30:00+05:30,341.75,31.12,58.96,2024,4
2024-04-29 02:45:00+05:30,336.55,31.06,58.48,2024,4
2024-04-29 03:00:00+05:30,330.65,31.04,57.52,2024,4
2024-04-29 03:15:00+05:30,326.35,31.0,56.88,2024,4
2024-04-29 03:30:00+05:30,323.16,30.96,56.36,2024,4
2024-04-29 03:45:00+05:30,319.87,30.860000000000003,55.96,2024,4
2024-04-29 04:00:00+05:30,318.96,30.82,55.88,2024,4
2024-04-29 04:15:00+05:30,322.92,30.68,56.2,2024,4
2024-04-29 04:30:00+05:30,322.01,30.54,56.74,2024,4
2024-04-29 04:45:00+05:30,319.96,30.48,56.720000000000006,2024,4
2024-04-29 05:00:00+05:30,315.84,30.380000000000003,56.94,2024,4
2024-04-29 05:15:00+05:30,319.01,30.32,56.98,2024,4
2024-04-29 05:30:00+05:30,320.2,30.22,57.18000000000001,2024,4
2024-04-29 05:45:00+05:30,323.51,30.059999999999995,57.56,2024,4
2024-04-29 06:00:00+05:30,329.49,29.879999999999995,58.28,2024,4
2024-04-29 06:15:00+05:30,334.99,29.78,58.5,2024,4
2024-04-29 06:30:00+05:30,339.86,29.840000000000003,58.66,2024,4
2024-04-29 06:45:00+05:30,346.33,29.98,58.44,2024,4
2024-04-29 07:00:00+05:30,358.91,30.16,58.54,2024,4
2024-04-29 07:15:00+05:30,373.28,30.42,57.88,2024,4
2024-04-29 07:30:00+05:30,387.32,30.76,56.94,2024,4
2024-04-29 07:45:00+05:30,404.34,31.160000000000004,55.94,2024,4
2024-04-29 08:00:00+05:30,430.21,31.660000000000004,53.96,2024,4
2024-04-29 08:15:00+05:30,453.97,32.3,50.42,2024,4
2024-04-29 08:30:00+05:30,472.28,32.92,47.56,2024,4
2024-04-29 08:45:00+05:30,492.29,33.459999999999994,46.220000000000006,2024,4
2024-04-29 09:00:00+05:30,512.96,34.06,43.44,2024,4
2024-04-29 09:15:00+05:30,526.38,34.68,41.2,2024,4
2024-04-29 09:30:00+05:30,541.25,35.3,38.84,2024,4
2024-04-29 09:45:00+05:30,551.37,35.54,37.24,2024,4
2024-04-29 10:00:00+05:30,556.88,35.919999999999995,36.540000000000006,2024,4
2024-04-29 10:15:00+05:30,563.76,36.28,35.1,2024,4
2024-04-29 10:30:00+05:30,566.5,36.52,34.14,2024,4
2024-04-29 10:45:00+05:30,574.8,36.61999999999999,33.7,2024,4
2024-04-29 11:00:00+05:30,576.03,36.9,35.32,2024,4
2024-04-29 11:15:00+05:30,576.66,36.86,36.9,2024,4
2024-04-29 11:30:00+05:30,582.14,37.08,37.0,2024,4
2024-04-29 11:45:00+05:30,578.36,37.2,36.6,2024,4
2024-04-29 12:00:00+05:30,582.36,37.48,36.42,2024,4
2024-04-29 12:15:00+05:30,580.33,37.67999999999999,35.5,2024,4
2024-04-29 12:30:00+05:30,578.88,37.84,35.32,2024,4
2024-04-29 12:45:00+05:30,579.69,37.98,35.12,2024,4
2024-04-29 13:00:00+05:30,577.46,38.14,32.58,2024,4
2024-04-29 13:15:00+05:30,576.94,38.3,31.78,2024,4
2024-04-29 13:30:00+05:30,575.3,38.28,30.64,2024,4
2024-04-29 13:45:00+05:30,577.12,38.18,29.9,2024,4
2024-04-29 14:00:00+05:30,580.69,38.3,28.68,2024,4
2024-04-29 14:15:00+05:30,581.56,38.14,27.98,2024,4
2024-04-29 14:30:00+05:30,585.14,38.44,27.82,2024,4
2024-04-29 14:45:00+05:30,581.87,38.440000000000005,27.68,2024,4
2024-04-29 15:00:00+05:30,580.27,38.42,27.0,2024,4
2024-04-29 15:15:00+05:30,582.1,38.38,26.84,2024,4
2024-04-29 15:30:00+05:30,581.09,38.44,26.8,2024,4
2024-04-29 15:45:00+05:30,578.22,38.54,26.92,2024,4
2024-04-29 16:00:00+05:30,571.6,38.46,25.56,2024,4
2024-04-29 16:15:00+05:30,569.89,38.21999999999999,25.36,2024,4
2024-04-29 16:30:00+05:30,567.21,38.24,25.2,2024,4
2024-04-29 16:45:00+05:30,563.49,38.04,25.12,2024,4
2024-04-29 17:00:00+05:30,559.55,37.96,24.8,2024,4
2024-04-29 17:15:00+05:30,551.38,37.88,24.64,2024,4
2024-04-29 17:30:00+05:30,540.74,37.42,24.28,2024,4
2024-04-29 17:45:00+05:30,527.67,37.11999999999999,24.46,2024,4
2024-04-29 18:00:00+05:30,517.0,36.84,24.42,2024,4
2024-04-29 18:15:00+05:30,506.11,36.6,24.24,2024,4
2024-04-29 18:30:00+05:30,496.05,36.22,24.4,2024,4
2024-04-29 18:45:00+05:30,488.62,35.82,24.72,2024,4
2024-04-29 19:00:00+05:30,483.97,35.540000000000006,24.660000000000004,2024,4
2024-04-29 19:15:00+05:30,474.96,35.32000000000001,24.6,2024,4
2024-04-29 19:30:00+05:30,465.01,35.14,25.660000000000004,2024,4
2024-04-29 19:45:00+05:30,459.4,34.86,27.18,2024,4
2024-04-29 20:00:00+05:30,451.05,34.5,31.7,2024,4
2024-04-29 20:15:00+05:30,447.26,34.0,36.66,2024,4
2024-04-29 20:30:00+05:30,442.87,33.559999999999995,43.28,2024,4
2024-04-29 20:45:00+05:30,439.0,33.239999999999995,46.9,2024,4
2024-04-29 21:00:00+05:30,436.29,33.04,49.04,2024,4
2024-04-29 21:15:00+05:30,434.35,32.78,50.54,2024,4
2024-04-29 21:30:00+05:30,429.23,32.54,51.88000000000001,2024,4
2024-04-29 21:45:00+05:30,427.53,32.36,53.080000000000005,2024,4
2024-04-29 22:00:00+05:30,425.3,32.160000000000004,55.2,2024,4
2024-04-29 22:15:00+05:30,424.47,31.98,58.15999999999999,2024,4
2024-04-29 22:30:00+05:30,425.32,31.78,60.52,2024,4
2024-04-29 22:45:00+05:30,424.95,31.52,61.92,2024,4
2024-04-29 23:00:00+05:30,423.05,31.44,62.48,2024,4
2024-04-29 23:15:00+05:30,418.12,31.440000000000005,60.7,2024,4
2024-04-29 23:30:00+05:30,413.03,31.42,59.69999999999999,2024,4
2024-04-29 23:45:00+05:30,406.99,31.46,58.260000000000005,2024,4
2024-04-30 00:00:00+05:30,401.87,31.380000000000003,57.760000000000005,2024,4
2024-04-30 00:15:00+05:30,395.13,31.34,57.720000000000006,2024,4
2024-04-30 00:30:00+05:30,387.7,31.26,56.88,2024,4
2024-04-30 00:45:00+05:30,383.98,31.24,56.3,2024,4
2024-04-30 01:00:00+05:30,374.28,31.2,55.92,2024,4
2024-04-30 01:15:00+05:30,369.26,31.160000000000004,56.31999999999999,2024,4
2024-04-30 01:30:00+05:30,365.17,31.08,57.31999999999999,2024,4
2024-04-30 01:45:00+05:30,364.36,31.0,57.94000000000001,2024,4
2024-04-30 02:00:00+05:30,360.25,30.880000000000003,58.52,2024,4
2024-04-30 02:15:00+05:30,358.12,30.78,59.3,2024,4
2024-04-30 02:30:00+05:30,350.57,30.72,59.74,2024,4
2024-04-30 02:45:00+05:30,347.38,30.68,60.28,2024,4
2024-04-30 03:00:00+05:30,346.55,30.62,60.64,2024,4
2024-04-30 03:15:00+05:30,340.93,30.44,61.68000000000001,2024,4
2024-04-30 03:30:00+05:30,339.14,30.380000000000003,62.24,2024,4
2024-04-30 03:45:00+05:30,336.9,30.4,62.74000000000001,2024,4
2024-04-30 04:00:00+05:30,334.98,30.340000000000003,63.3,2024,4
2024-04-30 04:15:00+05:30,335.25,30.22,63.92,2024,4
2024-04-30 04:30:00+05:30,340.36,30.18,64.52000000000001,2024,4
2024-04-30 04:45:00+05:30,339.49,30.08,65.2,2024,4
2024-04-30 05:00:00+05:30,337.1,30.02,65.78,2024,4
2024-04-30 05:15:00+05:30,336.0,29.96,66.4,2024,4
2024-04-30 05:30:00+05:30,336.7,29.9,67.08000000000001,2024,4
2024-04-30 05:45:00+05:30,341.72,29.78,67.54,2024,4
2024-04-30 06:00:00+05:30,347.3,29.660000000000004,68.62,2024,4
2024-04-30 06:15:00+05:30,349.37,29.6,69.24,2024,4
2024-04-30 06:30:00+05:30,355.95,29.52,69.75999999999999,2024,4
2024-04-30 06:45:00+05:30,363.59,29.579999999999995,69.97999999999999,2024,4
2024-04-30 07:00:00+05:30,374.42,29.78,69.5,2024,4
2024-04-30 07:15:00+05:30,388.51,30.1,68.52,2024,4
2024-04-30 07:30:00+05:30,405.07,30.360000000000003,67.44,2024,4
2024-04-30 07:45:00+05:30,424.69,30.72,65.96000000000001,2024,4
2024-04-30 08:00:00+05:30,446.74,31.2,63.48,2024,4
2024-04-30 08:15:00+05:30,467.51,31.78,61.5,2024,4
2024-04-30 08:30:00+05:30,490.18,32.459999999999994,59.3,2024,4
2024-04-30 08:45:00+05:30,506.56,32.980000000000004,56.7,2024,4
2024-04-30 09:00:00+05:30,523.45,33.52,54.18000000000001,2024,4
2024-04-30 09:15:00+05:30,535.89,33.96,51.67999999999999,2024,4
2024-04-30 09:30:00+05:30,545.83,34.28,52.02,2024,4
2024-04-30 09:45:00+05:30,560.38,34.52,50.48,2024,4
2024-04-30 10:00:00+05:30,568.04,35.04,48.040000000000006,2024,4
2024-04-30 10:15:00+05:30,572.98,35.44,46.88000000000001,2024,4
2024-04-30 10:30:00+05:30,577.63,35.54,46.88,2024,4
2024-04-30 10:45:00+05:30,584.41,35.7,47.22,2024,4
2024-04-30 11:00:00+05:30,585.73,35.9,47.82,2024,4
2024-04-30 11:15:00+05:30,587.09,35.96,49.1,2024,4
2024-04-30 11:30:00+05:30,578.22,36.260000000000005,48.24,2024,4
2024-04-30 11:45:00+05:30,581.3,36.56,49.36,2024,4
2024-04-30 12:00:00+05:30,581.34,36.7,49.56000000000001,2024,4
2024-04-30 12:15:00+05:30,583.15,36.74,48.88,2024,4
2024-04-30 12:30:00+05:30,585.97,36.58,49.86,2024,4
2024-04-30 12:45:00+05:30,582.56,36.7,48.72,2024,4
2024-04-30 13:00:00+05:30,581.35,36.96,46.94,2024,4
2024-04-30 13:15:00+05:30,578.76,37.14,44.66,2024,4
2024-04-30 13:30:00+05:30,575.74,37.38,42.940000000000005,2024,4
2024-04-30 13:45:00+05:30,578.32,37.5,41.760000000000005,2024,4
2024-04-30 14:00:00+05:30,582.86,37.620000000000005,41.24,2024,4
2024-04-30 14:15:00+05:30,586.69,37.78,40.56,2024,4
2024-04-30 14:30:00+05:30,594.44,37.86,39.34,2024,4
2024-04-30 14:45:00+05:30,595.38,38.08,38.42,2024,4
2024-04-30 15:00:00+05:30,599.85,38.04,37.98,2024,4
2024-04-30 15:15:00+05:30,600.2,37.92,38.64,2024,4
2024-04-30 15:30:00+05:30,598.03,38.14,37.88,2024,4
2024-04-30 15:45:00+05:30,595.57,38.06,39.18,2024,4
2024-04-30 16:00:00+05:30,593.1,37.72,40.36,2024,4
2024-04-30 16:15:00+05:30,587.2,37.580000000000005,40.14,2024,4
2024-04-30 16:30:00+05:30,584.9,37.7,38.98,2024,4
2024-04-30 16:45:00+05:30,577.54,37.72,38.96,2024,4
2024-04-30 17:00:00+05:30,573.62,37.44,39.78,2024,4
2024-04-30 17:15:00+05:30,570.75,37.14,39.6,2024,4
2024-04-30 17:30:00+05:30,558.49,36.86,40.34000000000001,2024,4
2024-04-30 17:45:00+05:30,549.28,36.52,40.48,2024,4
2024-04-30 18:00:00+05:30,538.77,36.14,40.98,2024,4
2024-04-30 18:15:00+05:30,525.49,35.62,42.36,2024,4
2024-04-30 18:30:00+05:30,514.7,35.04,43.0,2024,4
2024-04-30 18:45:00+05:30,506.68,34.44,45.02,2024,4
2024-04-30 19:00:00+05:30,498.03,33.940000000000005,46.52,2024,4
2024-04-30 19:15:00+05:30,491.44,33.58,47.52,2024,4
2024-04-30 19:30:00+05:30,484.79,33.32,48.9,2024,4
2024-04-30 19:45:00+05:30,478.69,33.120000000000005,50.02,2024,4
2024-04-30 20:00:00+05:30,473.04,32.82000000000001,51.54,2024,4
2024-04-30 20:15:00+05:30,467.99,32.58,52.760000000000005,2024,4
2024-04-30 20:30:00+05:30,463.8,32.32000000000001,54.44000000000001,2024,4
2024-04-30 20:45:00+05:30,458.32,32.08,55.720000000000006,2024,4
2024-04-30 21:00:00+05:30,454.93,31.78,58.02,2024,4
2024-04-30 21:15:00+05:30,450.01,31.6,60.7,2024,4
2024-04-30 21:30:00+05:30,450.03,31.34,63.55999999999999,2024,4
2024-04-30 21:45:00+05:30,444.84,31.140000000000004,65.82,2024,4
2024-04-30 22:00:00+05:30,443.51,30.98,67.86,2024,4
2024-04-30 22:15:00+05:30,440.44,30.82,69.82000000000001,2024,4
2024-04-30 22:30:00+05:30,439.41,30.68,70.74000000000001,2024,4
2024-04-30 22:45:00+05:30,434.05,30.62,70.1,2024,4
2024-04-30 23:00:00+05:30,432.15,30.620000000000005,68.32,2024,4
2024-04-30 23:15:00+05:30,424.2,30.640000000000004,65.8,2024,4
2024-04-30 23:30:00+05:30,418.29,30.56,64.28,2024,4
2024-04-30 23:45:00+05:30,411.68,30.540000000000003,63.11999999999999,2024,4
2024-05-01 00:00:00+05:30,407.922773850186,30.440000000000005,62.94,2024,5
2024-05-01 00:15:00+05:30,402.55020304919896,30.420000000000005,63.080000000000005,2024,5
2024-05-01 00:30:00+05:30,397.2793553720704,30.34,64.1,2024,5
2024-05-01 00:45:00+05:30,391.8765257625551,30.26,64.89999999999999,2024,5
2024-05-01 01:00:00+05:30,379.3145963611032,30.14,65.28,2024,5
2024-05-01 01:15:00+05:30,372.5173098622071,30.079999999999995,65.4,2024,5
2024-05-01 01:30:00+05:30,368.4599753384116,29.96,65.78,2024,5
2024-05-01 01:45:00+05:30,363.623445392123,29.940000000000005,64.76,2024,5
2024-05-01 02:00:00+05:30,360.21085593852973,29.9,63.94,2024,5
2024-05-01 02:15:00+05:30,358.31774117842906,29.84,63.720000000000006,2024,5
2024-05-01 02:30:00+05:30,353.08459840772286,29.72,63.46,2024,5
2024-05-01 02:45:00+05:30,348.85322189763644,29.72,62.84000000000001,2024,5
2024-05-01 03:00:00+05:30,342.80323718788094,29.7,62.94,2024,5
2024-05-01 03:15:00+05:30,342.6025496400946,29.62,63.28,2024,5
2024-05-01 03:30:00+05:30,340.69735112048943,29.380000000000003,64.58,2024,5
2024-05-01 03:45:00+05:30,341.2265203062383,29.32,65.76,2024,5
2024-05-01 04:00:00+05:30,340.82837429569554,29.160000000000004,66.94,2024,5
2024-05-01 04:15:00+05:30,338.5567776597716,29.12,67.58,2024,5
2024-05-01 04:30:00+05:30,337.4989531963632,29.059999999999995,68.54,2024,5
2024-05-01 04:45:00+05:30,335.93901344793306,29.04,69.05999999999999,2024,5
2024-05-01 05:00:00+05:30,335.6120765920332,29.02,69.4,2024,5
2024-05-01 05:15:00+05:30,333.25183066923347,28.920000000000005,69.64000000000001,2024,5
2024-05-01 05:30:00+05:30,334.45616154788087,28.86,69.62,2024,5
2024-05-01 05:45:00+05:30,335.28478844088,28.860000000000003,69.58,2024,5
2024-05-01 06:00:00+05:30,336.1068550340161,28.8,69.54,2024,5
2024-05-01 06:15:00+05:30,329.5772784291858,28.72,69.61999999999999,2024,5
2024-05-01 06:30:00+05:30,328.4187790541453,28.74,69.66,2024,5
2024-05-01 06:45:00+05:30,330.1936023262775,28.84,69.3,2024,5
2024-05-01 07:00:00+05:30,331.5412732430621,29.06,69.36,2024,5
2024-05-01 07:15:00+05:30,333.7229356578268,29.42,68.41999999999999,2024,5
2024-05-01 07:30:00+05:30,332.78498849851286,29.660000000000004,67.28,2024,5
2024-05-01 07:45:00+05:30,336.17902832880515,29.98,66.08,2024,5
2024-05-01 08:00:00+05:30,342.0378196203044,30.3,64.94000000000001,2024,5
2024-05-01 08:15:00+05:30,351.3236506177335,30.920000000000005,63.260000000000005,2024,5
2024-05-01 08:30:00+05:30,357.0646104500812,31.340000000000003,61.58,2024,5
2024-05-01 08:45:00+05:30,366.1889044567642,31.72000000000001,59.9,2024,5
2024-05-01 09:00:00+05:30,372.7787755212209,32.18,58.88000000000001,2024,5
2024-05-01 09:15:00+05:30,380.3879457930751,32.44,57.74,2024,5
2024-05-01 09:30:00+05:30,383.7861643118822,32.86,56.9,2024,5
2024-05-01 09:45:00+05:30,387.9453122900201,33.08,57.16,2024,5
2024-05-01 10:00:00+05:30,397.936894564704,33.120000000000005,57.42,2024,5
2024-05-01 10:15:00+05:30,404.8313314215895,33.2,56.96,2024,5
2024-05-01 10:30:00+05:30,410.120160981108,33.28,57.55999999999999,2024,5
2024-05-01 10:45:00+05:30,415.4360792799768,33.28,58.06,2024,5
2024-05-01 11:00:00+05:30,421.8332673923044,33.38,58.0,2024,5
2024-05-01 11:15:00+05:30,424.3524752902464,33.38,58.32000000000001,2024,5
2024-05-01 11:30:00+05:30,424.365642168664,33.540000000000006,57.85999999999999,2024,5
2024-05-01 11:45:00+05:30,424.004748722745,33.660000000000004,57.78,2024,5
2024-05-01 12:00:00+05:30,424.9514840565097,33.84,57.04,2024,5
2024-05-01 12:15:00+05:30,425.5162302909581,33.86,56.2,2024,5
2024-05-01 12:30:00+05:30,429.159360209781,33.96,55.620000000000005,2024,5
2024-05-01 12:45:00+05:30,430.7422258560597,33.92,55.14,2024,5
2024-05-01 13:00:00+05:30,430.5251160665525,33.96,54.24,2024,5
2024-05-01 13:15:00+05:30,429.77687941707694,34.1,52.74000000000001,2024,5
2024-05-01 13:30:00+05:30,429.5973647568175,34.14,51.86,2024,5
2024-05-01 13:45:00+05:30,413.984811791659,34.2,51.61999999999999,2024,5
2024-05-01 14:00:00+05:30,415.83181713272006,34.2,49.92,2024,5
2024-05-01 14:15:00+05:30,416.9302025552531,34.3,48.42,2024,5
2024-05-01 14:30:00+05:30,417.0172855319761,34.44,48.220000000000006,2024,5
2024-05-01 14:45:00+05:30,419.9763186234811,34.28,47.7,2024,5
2024-05-01 15:00:00+05:30,419.8516536647937,34.44,47.56,2024,5
2024-05-01 15:15:00+05:30,419.1041107381562,34.4,47.7,2024,5
2024-05-01 15:30:00+05:30,419.50453896370857,34.58,47.38,2024,5
2024-05-01 15:45:00+05:30,415.54218860309066,34.540000000000006,46.5,2024,5
2024-05-01 16:00:00+05:30,414.2739412256585,34.72,46.16,2024,5
2024-05-01 16:15:00+05:30,410.3808447304607,34.38,46.36,2024,5
2024-05-01 16:30:00+05:30,405.84309800645,34.5,46.18000000000001,2024,5
2024-05-01 16:45:00+05:30,402.5604022332971,34.260000000000005,46.34,2024,5
2024-05-01 17:00:00+05:30,402.2248035003536,34.46,45.52,2024,5
2024-05-01 17:15:00+05:30,396.3808172010352,34.3,46.22,2024,5
2024-05-01 17:30:00+05:30,393.4274251575475,33.78,47.36,2024,5
2024-05-01 17:45:00+05:30,388.32048093061,33.54,48.260000000000005,2024,5
2024-05-01 18:00:00+05:30,385.7074716291588,33.32,49.1,2024,5
2024-05-01 18:15:00+05:30,383.86848560940086,32.82,50.54,2024,5
2024-05-01 18:30:00+05:30,383.0338082871803,32.17999999999999,52.56,2024,5
2024-05-01 18:45:00+05:30,384.9874606898206,31.44,54.46,2024,5
2024-05-01 19:00:00+05:30,384.9551129907917,30.92,56.52,2024,5
2024-05-01 19:15:00+05:30,387.24055587073184,30.58,58.06,2024,5
2024-05-01 19:30:00+05:30,385.789557840053,30.32,59.260000000000005,2024,5
2024-05-01 19:45:00+05:30,386.13129994961065,30.22,60.1,2024,5
2024-05-01 20:00:00+05:30,385.3014177681491,30.12,61.220000000000006,2024,5
2024-05-01 20:15:00+05:30,384.9863542474421,29.880000000000003,62.3,2024,5
2024-05-01 20:30:00+05:30,385.4115222970442,29.78,63.79999999999999,2024,5
2024-05-01 20:45:00+05:30,384.94788730459726,29.62,64.76000000000002,2024,5
2024-05-01 21:00:00+05:30,386.7166674127861,29.54,65.64,2024,5
2024-05-01 21:15:00+05:30,386.8356461993965,29.4,66.67999999999999,2024,5
2024-05-01 21:30:00+05:30,387.5145239347685,29.360000000000003,67.62,2024,5
2024-05-01 21:45:00+05:30,387.9260414505879,29.340000000000003,68.55999999999999,2024,5
2024-05-01 22:00:00+05:30,388.84215377674633,29.3,68.94000000000001,2024,5
2024-05-01 22:15:00+05:30,387.44458263309446,29.22,69.4,2024,5
2024-05-01 22:30:00+05:30,388.55215119738034,29.08,70.26,2024,5
2024-05-01 22:45:00+05:30,386.5962687157799,29.06,70.68,2024,5
2024-05-01 23:00:00+05:30,381.6948906133178,28.880000000000003,71.66,2024,5
2024-05-01 23:15:00+05:30,381.6133300058774,28.82,72.5,2024,5
2024-05-01 23:30:00+05:30,381.41180636267,28.840000000000003,73.08,2024,5
2024-05-01 23:45:00+05:30,376.8892685911301,28.74,73.4,2024,5
2024-05-02 00:00:00+05:30,370.35,28.68,73.8,2024,5
2024-05-02 00:15:00+05:30,363.88,28.58,74.4,2024,5
2024-05-02 00:30:00+05:30,362.39,28.520000000000003,74.78,2024,5
2024-05-02 00:45:00+05:30,357.1,28.52,74.92,2024,5
2024-05-02 01:00:00+05:30,351.53,28.46,75.02,2024,5
2024-05-02 01:15:00+05:30,346.72,28.42,75.4,2024,5
2024-05-02 01:30:00+05:30,341.72,28.32,76.11999999999999,2024,5
2024-05-02 01:45:00+05:30,336.61,28.3,76.19999999999999,2024,5
2024-05-02 02:00:00+05:30,330.08,28.24,76.94000000000001,2024,5
2024-05-02 02:15:00+05:30,328.51,28.18,76.76,2024,5
2024-05-02 02:30:00+05:30,325.1,28.14,76.78,2024,5
2024-05-02 02:45:00+05:30,322.77,28.1,77.28,2024,5
2024-05-02 03:00:00+05:30,323.47,28.14,77.38,2024,5
2024-05-02 03:15:00+05:30,320.98,28.1,77.24000000000001,2024,5
2024-05-02 03:30:00+05:30,318.92,28.0,77.42,2024,5
2024-05-02 03:45:00+05:30,316.92,28.04,77.82000000000001,2024,5
2024-05-02 04:00:00+05:30,311.34,27.940000000000005,78.34,2024,5
2024-05-02 04:15:00+05:30,308.76,28.0,78.39999999999999,2024,5
2024-05-02 04:30:00+05:30,310.39,27.98,78.34,2024,5
2024-05-02 04:45:00+05:30,312.25,28.04,78.42,2024,5
2024-05-02 05:00:00+05:30,313.29,28.059999999999995,78.14,2024,5
2024-05-02 05:15:00+05:30,314.29,27.98,78.3,2024,5
2024-05-02 05:30:00+05:30,312.79,27.98,77.94,2024,5
2024-05-02 05:45:00+05:30,320.07,27.96,78.08000000000001,2024,5
2024-05-02 06:00:00+05:30,323.13,27.920000000000005,78.14000000000001,2024,5
2024-05-02 06:15:00+05:30,328.61,27.92,77.84,2024,5
2024-05-02 06:30:00+05:30,336.82,27.94,77.68,2024,5
2024-05-02 06:45:00+05:30,344.06,28.1,77.50000000000001,2024,5
2024-05-02 07:00:00+05:30,356.11,28.28,77.28,2024,5
2024-05-02 07:15:00+05:30,372.16,28.54,76.34,2024,5
2024-05-02 07:30:00+05:30,393.41,28.78,75.72,2024,5
2024-05-02 07:45:00+05:30,410.36,28.96,74.85999999999999,2024,5
2024-05-02 08:00:00+05:30,431.66,29.380000000000003,73.52000000000001,2024,5
2024-05-02 08:15:00+05:30,453.37,29.76,71.88,2024,5
2024-05-02 08:30:00+05:30,474.05,30.059999999999995,70.8,2024,5
2024-05-02 08:45:00+05:30,489.72,30.46,69.08,2024,5
2024-05-02 09:00:00+05:30,506.59,30.68,68.46000000000001,2024,5
2024-05-02 09:15:00+05:30,520.74,31.160000000000004,66.78,2024,5
2024-05-02 09:30:00+05:30,531.09,31.74,64.94,2024,5
2024-05-02 09:45:00+05:30,544.02,32.1,63.4,2024,5
2024-05-02 10:00:00+05:30,555.27,32.52,61.88000000000001,2024,5
2024-05-02 10:15:00+05:30,559.26,32.7,60.92,2024,5
2024-05-02 10:30:00+05:30,563.78,32.6,60.84,2024,5
2024-05-02 10:45:00+05:30,569.58,32.64,60.58,2024,5
2024-05-02 11:00:00+05:30,570.88,32.739999999999995,60.44,2024,5
2024-05-02 11:15:00+05:30,569.21,32.8,60.34,2024,5
2024-05-02 11:30:00+05:30,570.46,32.89999999999999,60.3,2024,5
2024-05-02 11:45:00+05:30,570.01,33.2,59.56,2024,5
2024-05-02 12:00:00+05:30,568.01,33.239999999999995,59.260000000000005,2024,5
2024-05-02 12:15:00+05:30,566.54,33.5,58.8,2024,5
2024-05-02 12:30:00+05:30,565.3,33.54,58.42,2024,5
2024-05-02 12:45:00+05:30,565.46,33.22,58.06,2024,5
2024-05-02 13:00:00+05:30,561.34,33.34,57.78000000000001,2024,5
2024-05-02 13:15:00+05:30,560.77,33.4,57.06,2024,5
2024-05-02 13:30:00+05:30,555.84,33.58,56.040000000000006,2024,5
2024-05-02 13:45:00+05:30,558.28,33.660000000000004,55.120000000000005,2024,5
2024-05-02 14:00:00+05:30,563.87,33.54,54.56,2024,5
2024-05-02 14:15:00+05:30,564.79,33.52,53.74,2024,5
2024-05-02 14:30:00+05:30,564.57,33.7,53.02,2024,5
2024-05-02 14:45:00+05:30,565.37,33.58,52.44000000000001,2024,5
2024-05-02 15:00:00+05:30,561.46,33.64,51.580000000000005,2024,5
2024-05-02 15:15:00+05:30,561.58,33.32000000000001,51.85999999999999,2024,5
2024-05-02 15:30:00+05:30,562.19,33.54,51.18,2024,5
2024-05-02 15:45:00+05:30,558.55,33.879999999999995,50.2,2024,5
2024-05-02 16:00:00+05:30,560.08,33.739999999999995,50.42,2024,5
2024-05-02 16:15:00+05:30,554.28,33.68,51.2,2024,5
2024-05-02 16:30:00+05:30,551.83,33.6,52.06,2024,5
2024-05-02 16:45:00+05:30,549.47,33.44,52.9,2024,5
2024-05-02 17:00:00+05:30,545.92,33.620000000000005,52.260000000000005,2024,5
2024-05-02 17:15:00+05:30,538.73,33.2,52.9,2024,5
2024-05-02 17:30:00+05:30,532.31,32.86,53.2,2024,5
2024-05-02 17:45:00+05:30,527.73,32.84,53.6,2024,5
2024-05-02 18:00:00+05:30,515.55,32.52,54.38,2024,5
2024-05-02 18:15:00+05:30,502.86,31.92,56.28,2024,5
2024-05-02 18:30:00+05:30,496.96,31.48,57.78,2024,5
2024-05-02 18:45:00+05:30,488.78,30.96,59.42,2024,5
2024-05-02 19:00:00+05:30,487.64,30.42,60.82000000000001,2024,5
2024-05-02 19:15:00+05:30,470.65,30.18,61.88000000000001,2024,5
2024-05-02 19:30:00+05:30,463.92,29.98,62.9,2024,5
2024-05-02 19:45:00+05:30,457.43,29.78,63.5,2024,5
2024-05-02 20:00:00+05:30,450.83,29.660000000000004,64.17999999999999,2024,5
2024-05-02 20:15:00+05:30,447.18,29.5,65.04,2024,5
2024-05-02 20:30:00+05:30,440.93,29.42,65.67999999999999,2024,5
2024-05-02 20:45:00+05:30,437.41,29.24,66.4,2024,5
2024-05-02 21:00:00+05:30,432.14,29.2,66.55999999999999,2024,5
2024-05-02 21:15:00+05:30,427.93,29.08,66.8,2024,5
2024-05-02 21:30:00+05:30,418.46,28.98,67.38,2024,5
2024-05-02 21:45:00+05:30,416.08,28.880000000000003,67.78,2024,5
2024-05-02 22:00:00+05:30,411.12,28.74,68.14000000000001,2024,5
2024-05-02 22:15:00+05:30,407.87,28.66,68.08000000000001,2024,5
2024-05-02 22:30:00+05:30,407.4,28.54,68.38000000000001,2024,5
2024-05-02 22:45:00+05:30,403.29,28.380000000000003,69.39999999999999,2024,5
2024-05-02 23:00:00+05:30,397.28,28.3,69.94,2024,5
2024-05-02 23:15:00+05:30,392.08,28.28,69.72,2024,5
2024-05-02 23:30:00+05:30,387.17,28.16,69.78,2024,5
2024-05-02 23:45:00+05:30,383.26,28.12,71.32000000000001,2024,5
2024-05-03 00:00:00+05:30,376.95,28.04,71.44,2024,5
2024-05-03 00:15:00+05:30,370.81,27.96,71.32000000000001,2024,5
2024-05-03 00:30:00+05:30,364.87,27.880000000000003,72.25999999999999,2024,5
2024-05-03 00:45:00+05:30,360.76,27.82,72.53999999999999,2024,5
2024-05-03 01:00:00+05:30,354.49,27.8,73.32000000000001,2024,5
2024-05-03 01:15:00+05:30,348.5,27.76,73.94000000000001,2024,5
2024-05-03 01:30:00+05:30,344.42,27.7,74.28,2024,5
2024-05-03 01:45:00+05:30,340.16,27.6,74.36,2024,5
2024-05-03 02:00:00+05:30,336.6,27.52,75.08,2024,5
2024-05-03 02:15:00+05:30,334.7,27.5,75.74,2024,5
2024-05-03 02:30:00+05:30,331.42,27.48,75.62,2024,5
2024-05-03 02:45:00+05:30,329.41,27.42,75.82000000000001,2024,5
2024-05-03 03:00:00+05:30,325.17,27.4,75.97999999999999,2024,5
2024-05-03 03:15:00+05:30,322.74,27.34,76.4,2024,5
2024-05-03 03:30:00+05:30,319.93,27.320000000000004,76.08,2024,5
2024-05-03 03:45:00+05:30,317.27,27.34,76.1,2024,5
2024-05-03 04:00:00+05:30,315.66,27.2,76.44000000000001,2024,5
2024-05-03 04:15:00+05:30,313.32,27.2,76.3,2024,5
2024-05-03 04:30:00+05:30,309.44,27.1,76.78,2024,5
2024-05-03 04:45:00+05:30,310.34,27.12,76.6,2024,5
2024-05-03 05:00:00+05:30,311.58,27.08,76.62,2024,5
2024-05-03 05:15:00+05:30,311.61,26.98,77.1,2024,5
2024-05-03 05:30:00+05:30,315.8,26.940000000000005,77.34,2024,5
2024-05-03 05:45:00+05:30,318.19,27.125,77.5,2024,5
2024-05-03 06:00:00+05:30,323.48,26.94,78.04,2024,5
2024-05-03 06:15:00+05:30,326.18,26.9,77.7,2024,5
2024-05-03 06:30:00+05:30,335.86,26.94,77.72,2024,5
2024-05-03 06:45:00+05:30,341.79,27.2,77.16,2024,5
2024-05-03 07:00:00+05:30,356.34,27.44,76.92,2024,5
2024-05-03 07:15:00+05:30,370.66,27.8,75.58,2024,5
2024-05-03 07:30:00+05:30,386.65,28.2,73.88,2024,5
2024-05-03 07:45:00+05:30,402.63,28.380000000000003,73.18,2024,5
2024-05-03 08:00:00+05:30,423.91,28.84,71.84,2024,5
2024-05-03 08:15:00+05:30,444.07,29.26,69.82,2024,5
2024-05-03 08:30:00+05:30,463.68,29.74,67.76,2024,5
2024-05-03 08:45:00+05:30,479.47,30.160000000000004,65.85999999999999,2024,5
2024-05-03 09:00:00+05:30,493.96,30.72,63.5,2024,5
2024-05-03 09:15:00+05:30,506.32,31.18,61.14,2024,5
2024-05-03 09:30:00+05:30,517.49,31.6,59.54,2024,5
2024-05-03 09:45:00+05:30,527.88,31.76,58.75999999999999,2024,5
2024-05-03 10:00:00+05:30,535.95,31.84,58.61999999999999,2024,5
2024-05-03 10:15:00+05:30,540.35,31.88000000000001,58.260000000000005,2024,5
2024-05-03 10:30:00+05:30,548.59,32.02,58.24,2024,5
2024-05-03 10:45:00+05:30,551.93,32.34,57.8,2024,5
2024-05-03 11:00:00+05:30,555.2,32.239999999999995,58.14,2024,5
2024-05-03 11:15:00+05:30,555.24,32.46,57.44000000000001,2024,5
2024-05-03 11:30:00+05:30,554.57,32.76,57.88,2024,5
2024-05-03 11:45:00+05:30,553.72,32.8,58.44,2024,5
2024-05-03 12:00:00+05:30,552.69,32.92,58.16,2024,5
2024-05-03 12:15:00+05:30,550.11,33.0,58.28,2024,5
2024-05-03 12:30:00+05:30,550.33,33.08,58.6,2024,5
2024-05-03 12:45:00+05:30,550.32,33.31999999999999,58.46,2024,5
2024-05-03 13:00:00+05:30,544.87,33.34,58.4,2024,5
2024-05-03 13:15:00+05:30,543.34,33.36,58.6,2024,5
2024-05-03 13:30:00+05:30,545.56,33.36,58.82000000000001,2024,5
2024-05-03 13:45:00+05:30,545.72,33.239999999999995,59.2,2024,5
2024-05-03 14:00:00+05:30,552.58,33.3,59.44,2024,5
2024-05-03 14:15:00+05:30,555.9,33.52,58.98,2024,5
2024-05-03 14:30:00+05:30,557.41,33.260000000000005,59.88,2024,5
2024-05-03 14:45:00+05:30,562.18,33.42,59.28,2024,5
2024-05-03 15:00:00+05:30,562.42,33.279999999999994,59.78,2024,5
2024-05-03 15:15:00+05:30,562.75,33.17999999999999,60.06,2024,5
2024-05-03 15:30:00+05:30,561.92,33.620000000000005,59.260000000000005,2024,5
2024-05-03 15:45:00+05:30,560.92,33.480000000000004,59.620000000000005,2024,5
2024-05-03 16:00:00+05:30,559.19,33.46,59.78,2024,5
2024-05-03 16:15:00+05:30,544.39,33.2,60.580000000000005,2024,5
2024-05-03 16:30:00+05:30,545.28,33.26,59.9,2024,5
2024-05-03 16:45:00+05:30,538.68,32.9,60.620000000000005,2024,5
2024-05-03 17:00:00+05:30,534.68,33.14,60.17999999999999,2024,5
2024-05-03 17:15:00+05:30,530.75,32.86,61.02,2024,5
2024-05-03 17:30:00+05:30,524.07,32.440000000000005,61.78,2024,5
2024-05-03 17:45:00+05:30,514.7,32.3,62.14000000000001,2024,5
2024-05-03 18:00:00+05:30,502.64,31.92,62.86,2024,5
2024-05-03 18:15:00+05:30,489.38,31.5,64.0,2024,5
2024-05-03 18:30:00+05:30,481.07,31.22,64.82000000000001,2024,5
2024-05-03 18:45:00+05:30,474.03,30.74,66.55999999999999,2024,5
2024-05-03 19:00:00+05:30,465.9,30.44,67.16,2024,5
2024-05-03 19:15:00+05:30,458.77,30.18,68.1,2024,5
2024-05-03 19:30:00+05:30,450.42,30.1,68.76,2024,5
2024-05-03 19:45:00+05:30,446.81,29.98,69.38,2024,5
2024-05-03 20:00:00+05:30,437.1,29.9,69.58,2024,5
2024-05-03 20:15:00+05:30,430.09,29.860000000000003,70.26,2024,5
2024-05-03 20:30:00+05:30,425.02,29.76,70.5,2024,5
2024-05-03 20:45:00+05:30,420.98,29.74,70.58,2024,5
2024-05-03 21:00:00+05:30,417.49,29.7,70.88000000000001,2024,5
2024-05-03 21:15:00+05:30,413.08,29.58,71.24,2024,5
2024-05-03 21:30:00+05:30,408.74,29.6,71.58,2024,5
2024-05-03 21:45:00+05:30,406.06,29.46,72.08000000000001,2024,5
2024-05-03 22:00:00+05:30,400.65,29.380000000000003,72.53999999999999,2024,5
2024-05-03 22:15:00+05:30,393.97,29.360000000000003,73.22,2024,5
2024-05-03 22:30:00+05:30,403.06,29.4,73.32000000000001,2024,5
2024-05-03 22:45:00+05:30,392.03,29.340000000000003,74.03999999999999,2024,5
2024-05-03 23:00:00+05:30,387.82,29.2,74.24,2024,5
2024-05-03 23:15:00+05:30,385.26,29.1,74.5,2024,5
2024-05-03 23:30:00+05:30,381.28,29.1,74.52,2024,5
2024-05-03 23:45:00+05:30,375.3,29.0,74.6,2024,5
2024-05-04 00:00:00+05:30,367.03,28.92,75.12,2024,5
2024-05-04 00:15:00+05:30,364.14,28.76,75.97999999999999,2024,5
2024-05-04 00:30:00+05:30,358.18,28.660000000000004,76.64,2024,5
2024-05-04 00:45:00+05:30,354.37,28.66,77.16,2024,5
2024-05-04 01:00:00+05:30,349.96,28.6,77.67999999999999,2024,5
2024-05-04 01:15:00+05:30,344.81,28.56,77.91999999999999,2024,5
2024-05-04 01:30:00+05:30,340.89,28.52,77.72,2024,5
2024-05-04 01:45:00+05:30,336.62,28.5,77.98,2024,5
2024-05-04 02:00:00+05:30,333.07,28.52,77.67999999999999,2024,5
2024-05-04 02:15:00+05:30,327.42,28.5,77.58000000000001,2024,5
2024-05-04 02:30:00+05:30,323.21,28.379999999999995,77.8,2024,5
2024-05-04 02:45:00+05:30,320.91,28.32,78.17999999999999,2024,5
2024-05-04 03:00:00+05:30,321.53,28.22000000000001,78.34,2024,5
2024-05-04 03:15:00+05:30,315.73,28.079999999999995,78.84,2024,5
2024-05-04 03:30:00+05:30,312.09,28.02,79.22,2024,5
2024-05-04 03:45:00+05:30,309.63,28.02,79.1,2024,5
2024-05-04 04:00:00+05:30,307.11,28.0,79.25999999999999,2024,5
2024-05-04 04:15:00+05:30,305.19,27.92,79.46000000000001,2024,5
2024-05-04 04:30:00+05:30,304.56,27.86,79.58,2024,5
2024-05-04 04:45:00+05:30,305.9,27.860000000000003,79.26,2024,5
2024-05-04 05:00:00+05:30,306.46,27.860000000000003,79.35999999999999,2024,5
2024-05-04 05:15:00+05:30,304.17,27.8,79.26,2024,5
2024-05-04 05:30:00+05:30,303.3,27.74,78.92,2024,5
2024-05-04 05:45:00+05:30,305.37,27.8,78.91999999999999,2024,5
2024-05-04 06:00:00+05:30,305.9,27.68,79.24,2024,5
2024-05-04 06:15:00+05:30,310.06,27.7,79.17999999999999,2024,5
2024-05-04 06:30:00+05:30,309.58,27.78,79.32,2024,5
2024-05-04 06:45:00+05:30,314.93,27.880000000000003,79.22,2024,5
2024-05-04 07:00:00+05:30,320.35,28.1,79.03999999999999,2024,5
2024-05-04 07:15:00+05:30,328.3,28.42,78.06,2024,5
2024-05-04 07:30:00+05:30,334.34,28.82,76.8,2024,5
2024-05-04 07:45:00+05:30,343.73,29.12,75.0,2024,5
2024-05-04 08:00:00+05:30,359.04,29.46,73.46000000000001,2024,5
2024-05-04 08:15:00+05:30,373.49,29.96,71.32000000000001,2024,5
2024-05-04 08:30:00+05:30,387.37,30.5,69.82,2024,5
2024-05-04 08:45:00+05:30,401.22,31.04,67.78,2024,5
2024-05-04 09:00:00+05:30,417.65,31.4,65.67999999999999,2024,5
2024-05-04 09:15:00+05:30,431.91,31.860000000000003,64.32000000000001,2024,5
2024-05-04 09:30:00+05:30,442.88,32.24,62.64,2024,5
2024-05-04 09:45:00+05:30,453.38,32.46,63.14,2024,5
2024-05-04 10:00:00+05:30,459.57,32.44,62.84,2024,5
2024-05-04 10:15:00+05:30,467.96,32.580000000000005,62.34,2024,5
2024-05-04 10:30:00+05:30,470.55,32.720000000000006,61.96,2024,5
2024-05-04 10:45:00+05:30,477.93,32.9,61.48,2024,5
2024-05-04 11:00:00+05:30,483.76,32.7,62.06,2024,5
2024-05-04 11:15:00+05:30,482.32,33.04,61.08,2024,5
2024-05-04 11:30:00+05:30,483.22,33.160000000000004,61.68000000000001,2024,5
2024-05-04 11:45:00+05:30,481.83,33.480000000000004,61.0,2024,5
2024-05-04 12:00:00+05:30,480.68,33.7,60.5,2024,5
2024-05-04 12:15:00+05:30,479.78,33.88000000000001,60.34,2024,5
2024-05-04 12:30:00+05:30,480.37,33.760000000000005,60.96,2024,5
2024-05-04 12:45:00+05:30,479.57,34.08,60.11999999999999,2024,5
2024-05-04 13:00:00+05:30,479.79,34.14,59.94,2024,5
2024-05-04 13:15:00+05:30,477.22,34.02,60.46,2024,5
2024-05-04 13:30:00+05:30,478.09,34.08,60.38000000000001,2024,5
2024-05-04 13:45:00+05:30,476.95,33.9,61.05999999999999,2024,5
2024-05-04 14:00:00+05:30,483.03,34.00000000000001,60.92,2024,5
2024-05-04 14:15:00+05:30,487.77,34.2,60.74,2024,5
2024-05-04 14:30:00+05:30,492.09,34.18000000000001,61.0,2024,5
2024-05-04 14:45:00+05:30,492.29,33.98,61.760000000000005,2024,5
2024-05-04 15:00:00+05:30,492.49,33.8,62.46,2024,5
2024-05-04 15:15:00+05:30,489.44,33.86,62.02,2024,5
2024-05-04 15:30:00+05:30,490.92,34.025,61.325,2024,5
2024-05-04 15:45:00+05:30,489.57,33.86,62.42,2024,5
2024-05-04 16:00:00+05:30,487.83,33.67999999999999,63.08,2024,5
2024-05-04 16:15:00+05:30,482.06,33.56,63.48,2024,5
2024-05-04 16:30:00+05:30,480.24,33.64,63.84000000000001,2024,5
2024-05-04 16:45:00+05:30,475.45,33.739999999999995,63.85999999999999,2024,5
2024-05-04 17:00:00+05:30,474.74,33.4,65.16,2024,5
2024-05-04 17:15:00+05:30,468.83,33.239999999999995,65.5,2024,5
2024-05-04 17:30:00+05:30,463.9,32.64,67.67999999999999,2024,5
2024-05-04 17:45:00+05:30,458.51,32.66,68.02000000000001,2024,5
2024-05-04 18:00:00+05:30,456.78,32.14,69.72,2024,5
2024-05-04 18:15:00+05:30,449.1,32.0,70.88,2024,5
2024-05-04 18:30:00+05:30,445.93,31.52,72.48,2024,5
2024-05-04 18:45:00+05:30,442.79,31.2,73.9,2024,5
2024-05-04 19:00:00+05:30,442.7,30.860000000000003,75.35999999999999,2024,5
2024-05-04 19:15:00+05:30,432.7,30.64,76.46000000000001,2024,5
2024-05-04 19:30:00+05:30,430.7,30.5,77.5,2024,5
2024-05-04 19:45:00+05:30,427.47,30.4,77.8,2024,5
2024-05-04 20:00:00+05:30,426.46,30.3,78.2,2024,5
2024-05-04 20:15:00+05:30,425.58,30.28,78.6,2024,5
2024-05-04 20:30:00+05:30,420.69,30.18,78.62,2024,5
2024-05-04 20:45:00+05:30,420.2,30.160000000000004,78.92,2024,5
2024-05-04 21:00:00+05:30,419.49,30.1,79.06,2024,5
2024-05-04 21:15:00+05:30,415.84,30.06,79.16000000000001,2024,5
2024-05-04 21:30:00+05:30,414.74,30.02,79.3,2024,5
2024-05-04 21:45:00+05:30,413.39,30.0,79.3,2024,5
2024-05-04 22:00:00+05:30,408.74,29.940000000000005,79.08000000000001,2024,5
2024-05-04 22:15:00+05:30,406.06,29.86,78.64000000000001,2024,5
2024-05-04 22:30:00+05:30,411.27,29.9,77.84,2024,5
2024-05-04 22:45:00+05:30,398.73,29.860000000000003,77.29999999999998,2024,5
2024-05-04 23:00:00+05:30,392.29,29.82,76.85999999999999,2024,5
2024-05-04 23:15:00+05:30,389.1,29.8,76.25999999999999,2024,5
2024-05-04 23:30:00+05:30,385.43,29.76,76.28,2024,5
2024-05-04 23:45:00+05:30,383.79,29.64,76.32000000000001,2024,5
2024-05-05 00:00:00+05:30,378.54508460620906,29.58,76.44,2024,5
2024-05-05 00:15:00+05:30,374.2631691128166,29.58,76.74,2024,5
2024-05-05 00:30:00+05:30,370.8989532747963,29.46,77.35999999999999,2024,5
2024-05-05 00:45:00+05:30,360.71953796921406,29.360000000000003,77.9,2024,5
2024-05-05 01:00:00+05:30,350.87646461581096,29.340000000000003,78.22,2024,5
2024-05-05 01:15:00+05:30,344.6588537961537,29.26,78.38000000000001,2024,5
2024-05-05 01:30:00+05:30,338.10696500525694,29.3,78.30000000000001,2024,5
2024-05-05 01:45:00+05:30,335.0148104245477,29.24,78.28,2024,5
2024-05-05 02:00:00+05:30,333.8256491516008,29.22,78.44,2024,5
2024-05-05 02:15:00+05:30,328.9445515463956,29.18,78.24000000000001,2024,5
2024-05-05 02:30:00+05:30,325.6309931343111,29.12,78.8,2024,5
2024-05-05 02:45:00+05:30,325.332657094527,29.059999999999995,78.55999999999999,2024,5
2024-05-05 03:00:00+05:30,322.2819151526807,28.98,79.1,2024,5
2024-05-05 03:15:00+05:30,317.2179141494007,28.86,79.38,2024,5
2024-05-05 03:30:00+05:30,317.49815386210844,28.8,79.74,2024,5
2024-05-05 03:45:00+05:30,312.0900605808845,28.78,79.6,2024,5
2024-05-05 04:00:00+05:30,310.16507520577045,28.86,79.6,2024,5
2024-05-05 04:15:00+05:30,308.90170793374494,28.92,79.28,2024,5
2024-05-05 04:30:00+05:30,308.63441099971993,29.04,79.32000000000001,2024,5
2024-05-05 04:45:00+05:30,308.186845015979,29.1,79.32,2024,5
2024-05-05 05:00:00+05:30,305.3112563985483,29.16,79.22,2024,5
2024-05-05 05:15:00+05:30,301.9478187902415,29.14,79.16000000000001,2024,5
2024-05-05 05:30:00+05:30,302.3219685620675,29.02,79.34,2024,5
2024-05-05 05:45:00+05:30,301.9818039894897,28.98,79.82,2024,5
2024-05-05 06:00:00+05:30,303.98943859134,28.940000000000005,79.96000000000001,2024,5
2024-05-05 06:15:00+05:30,302.5606344303661,28.9,80.03999999999999,2024,5
2024-05-05 06:30:00+05:30,302.54491693704114,28.920000000000005,80.06,2024,5
2024-05-05 06:45:00+05:30,302.2881498871042,29.08,79.9,2024,5
2024-05-05 07:00:00+05:30,304.4917633374432,29.380000000000003,79.3,2024,5
2024-05-05 07:15:00+05:30,304.9281625581822,29.7,78.46,2024,5
2024-05-05 07:30:00+05:30,306.9669696665589,29.8,78.23999999999998,2024,5
2024-05-05 07:45:00+05:30,310.9432395016085,30.1,77.7,2024,5
2024-05-05 08:00:00+05:30,317.0181777071144,30.32,76.72,2024,5
2024-05-05 08:15:00+05:30,324.0309007812488,30.82,75.08000000000001,2024,5
2024-05-05 08:30:00+05:30,330.9062527278488,31.26,73.25999999999999,2024,5
2024-05-05 08:45:00+05:30,334.8468928695919,31.48,72.7,2024,5
2024-05-05 09:00:00+05:30,345.41434603906634,32.14,70.6,2024,5
2024-05-05 09:15:00+05:30,350.5296167135109,32.480000000000004,69.88,2024,5
2024-05-05 09:30:00+05:30,355.02884164442764,32.980000000000004,68.35999999999999,2024,5
2024-05-05 09:45:00+05:30,360.8350570201941,33.06,67.8,2024,5
2024-05-05 10:00:00+05:30,366.8575399031348,33.34,66.5,2024,5
2024-05-05 10:15:00+05:30,372.50968593357976,33.67999999999999,65.8,2024,5
2024-05-05 10:30:00+05:30,379.4873278996676,33.5,66.34,2024,5
2024-05-05 10:45:00+05:30,384.82053411147854,33.34,67.2,2024,5
2024-05-05 11:00:00+05:30,390.2019671247386,33.42,67.53999999999999,2024,5
2024-05-05 11:15:00+05:30,392.3382594544349,33.42,67.44,2024,5
2024-05-05 11:30:00+05:30,394.4461791057262,33.739999999999995,66.8,2024,5
2024-05-05 11:45:00+05:30,397.2689780614121,33.739999999999995,66.74,2024,5
2024-05-05 12:00:00+05:30,399.315038179916,34.02,66.16,2024,5
2024-05-05 12:15:00+05:30,399.3637573336292,34.08,65.74,2024,5
2024-05-05 12:30:00+05:30,400.6741570721366,34.1,66.12,2024,5
2024-05-05 12:45:00+05:30,403.6051650411296,34.2,65.62,2024,5
2024-05-05 13:00:00+05:30,401.7499377466737,34.34,65.16,2024,5
2024-05-05 13:15:00+05:30,402.21142950211737,34.42,64.47999999999999,2024,5
2024-05-05 13:30:00+05:30,403.3902615174981,34.620000000000005,63.620000000000005,2024,5
2024-05-05 13:45:00+05:30,404.5801484139471,34.58,63.2,2024,5
2024-05-05 14:00:00+05:30,406.7436688305997,34.739999999999995,62.58,2024,5
2024-05-05 14:15:00+05:30,409.4808532741968,34.760000000000005,62.620000000000005,2024,5
2024-05-05 14:30:00+05:30,414.4109640201717,34.84,62.58,2024,5
2024-05-05 14:45:00+05:30,415.1931850657387,34.5,63.9,2024,5
2024-05-05 15:00:00+05:30,415.7255383025449,34.56,63.42,2024,5
2024-05-05 15:15:00+05:30,414.4838088845582,34.56,63.02,2024,5
2024-05-05 15:30:00+05:30,411.8232497834416,35.1,60.34,2024,5
2024-05-05 15:45:00+05:30,411.2324445283825,35.12,59.14,2024,5
2024-05-05 16:00:00+05:30,411.1592978475949,35.2,57.98,2024,5
2024-05-05 16:15:00+05:30,406.69711415018907,35.239999999999995,56.38,2024,5
2024-05-05 16:30:00+05:30,403.510467558557,35.0,55.88000000000001,2024,5
2024-05-05 16:45:00+05:30,397.17996044632287,34.88,55.2,2024,5
2024-05-05 17:00:00+05:30,392.5036562528255,34.959999999999994,55.44,2024,5
2024-05-05 17:15:00+05:30,391.843815628694,34.38,56.74,2024,5
2024-05-05 17:30:00+05:30,386.60380639295255,34.32000000000001,57.66,2024,5
2024-05-05 17:45:00+05:30,381.8325288533191,34.18,58.86,2024,5
2024-05-05 18:00:00+05:30,382.15296343123737,33.68,60.48,2024,5
2024-05-05 18:15:00+05:30,378.09726060929614,33.28,62.4,2024,5
2024-05-05 18:30:00+05:30,378.10761988878033,32.760000000000005,63.66,2024,5
2024-05-05 18:45:00+05:30,380.1806708419709,32.21999999999999,65.11999999999999,2024,5
2024-05-05 19:00:00+05:30,383.12225967960535,31.74,66.98,2024,5
2024-05-05 19:15:00+05:30,385.27544420576,31.379999999999995,67.96000000000001,2024,5
2024-05-05 19:30:00+05:30,385.71346812606646,31.16,68.64000000000001,2024,5
2024-05-05 19:45:00+05:30,385.2584173567289,30.94,69.0,2024,5
2024-05-05 20:00:00+05:30,386.569196511553,30.84,69.1,2024,5
2024-05-05 20:15:00+05:30,386.7887364718712,30.72,69.08,2024,5
2024-05-05 20:30:00+05:30,387.2710050330485,30.660000000000004,69.0,2024,5
2024-05-05 20:45:00+05:30,383.1079972812233,30.52,69.67999999999999,2024,5
2024-05-05 21:00:00+05:30,384.7821413683635,30.46,69.32000000000001,2024,5
2024-05-05 21:15:00+05:30,381.8215976483025,30.44,69.52000000000001,2024,5
2024-05-05 21:30:00+05:30,381.79097934651065,30.360000000000003,70.5,2024,5
2024-05-05 21:45:00+05:30,381.481818822426,30.28,71.08,2024,5
2024-05-05 22:00:00+05:30,379.86952487046415,30.26,71.17999999999999,2024,5
2024-05-05 22:15:00+05:30,376.4683421540775,30.2,70.64,2024,5
2024-05-05 22:30:00+05:30,385.8755484779701,30.140000000000004,71.0,2024,5
2024-05-05 22:45:00+05:30,376.1954134097099,30.040000000000003,71.9,2024,5
2024-05-05 23:00:00+05:30,374.9422858427831,29.96,73.6,2024,5
2024-05-05 23:15:00+05:30,373.0401705754733,29.940000000000005,74.96000000000001,2024,5
2024-05-05 23:30:00+05:30,372.2156162755976,29.860000000000003,76.38,2024,5
2024-05-05 23:45:00+05:30,369.5889091385283,29.840000000000003,77.38000000000001,2024,5
2024-05-06 00:00:00+05:30,368.82,29.1,64.0,2024,5
2024-05-06 00:15:00+05:30,365.02,29.1,63.2,2024,5
2024-05-06 00:30:00+05:30,359.39,29.0,62.9,2024,5
2024-05-06 00:45:00+05:30,350.79,29.0,63.1,2024,5
2024-05-06 01:00:00+05:30,347.12,28.9,63.1,2024,5
2024-05-06 01:15:00+05:30,341.36,28.9,63.1,2024,5
2024-05-06 01:30:00+05:30,335.63,28.8,62.9,2024,5
2024-05-06 01:45:00+05:30,330.32,28.7,63.3,2024,5
2024-05-06 02:00:00+05:30,326.1,28.7,63.1,2024,5
2024-05-06 02:15:00+05:30,321.06,28.5,63.1,2024,5
2024-05-06 02:30:00+05:30,317.95,28.3,63.0,2024,5
2024-05-06 02:45:00+05:30,314.96,28.3,62.5,2024,5
2024-05-06 03:00:00+05:30,313.02,28.3,61.8,2024,5
2024-05-06 03:15:00+05:30,310.47,28.1,62.0,2024,5
2024-05-06 03:30:00+05:30,308.76,28.0,61.8,2024,5
2024-05-06 03:45:00+05:30,307.41,27.8,62.6,2024,5
2024-05-06 04:00:00+05:30,305.21,27.7,62.8,2024,5
2024-05-06 04:15:00+05:30,303.3,27.6,62.4,2024,5
2024-05-06 04:30:00+05:30,303.39,27.6,63.3,2024,5
2024-05-06 04:45:00+05:30,303.26,27.5,63.5,2024,5
2024-05-06 05:00:00+05:30,305.26,27.4,63.7,2024,5
2024-05-06 05:15:00+05:30,304.51,27.3,63.5,2024,5
2024-05-06 05:30:00+05:30,308.43,27.3,63.6,2024,5
2024-05-06 05:45:00+05:30,310.41,27.3,63.3,2024,5
2024-05-06 06:00:00+05:30,312.13,27.2,62.9,2024,5
2024-05-06 06:15:00+05:30,318.02,27.2,62.9,2024,5
2024-05-06 06:30:00+05:30,326.6,27.1,63.0,2024,5
2024-05-06 06:45:00+05:30,337.04,27.0,63.4,2024,5
2024-05-06 07:00:00+05:30,349.67,27.1,63.3,2024,5
2024-05-06 07:15:00+05:30,364.06,27.4,63.0,2024,5
2024-05-06 07:30:00+05:30,385.2,27.6,63.4,2024,5
2024-05-06 07:45:00+05:30,404.0,28.1,62.1,2024,5
2024-05-06 08:00:00+05:30,428.71,28.7,60.4,2024,5
2024-05-06 08:15:00+05:30,451.19,29.5,57.3,2024,5
2024-05-06 08:30:00+05:30,469.78,30.2,54.8,2024,5
2024-05-06 08:45:00+05:30,488.14,30.8,51.8,2024,5
2024-05-06 09:00:00+05:30,502.89,31.5,48.8,2024,5
2024-05-06 09:15:00+05:30,517.09,32.0,45.9,2024,5
2024-05-06 09:30:00+05:30,528.76,32.4,44.5,2024,5
2024-05-06 09:45:00+05:30,543.31,32.7,43.8,2024,5
2024-05-06 10:00:00+05:30,548.13,33.0,41.9,2024,5
2024-05-06 10:15:00+05:30,558.21,33.4,40.3,2024,5
2024-05-06 10:30:00+05:30,561.05,34.1,37.3,2024,5
2024-05-06 10:45:00+05:30,570.1,34.6,35.7,2024,5
2024-05-06 11:00:00+05:30,571.52,35.0,34.4,2024,5
2024-05-06 11:15:00+05:30,570.58,35.5,33.9,2024,5
2024-05-06 11:30:00+05:30,569.43,35.5,35.5,2024,5
2024-05-06 11:45:00+05:30,565.38,35.7,35.0,2024,5
2024-05-06 12:00:00+05:30,562.56,35.9,34.7,2024,5
2024-05-06 12:15:00+05:30,561.05,36.0,36.3,2024,5
2024-05-06 12:30:00+05:30,554.34,36.0,38.3,2024,5
2024-05-06 12:45:00+05:30,553.63,36.1,37.8,2024,5
2024-05-06 13:00:00+05:30,555.85,36.4,38.7,2024,5
2024-05-06 13:15:00+05:30,551.58,36.4,38.4,2024,5
2024-05-06 13:30:00+05:30,554.85,36.5,36.1,2024,5
2024-05-06 13:45:00+05:30,555.58,36.7,35.6,2024,5
2024-05-06 14:00:00+05:30,556.76,36.7,34.3,2024,5
2024-05-06 14:15:00+05:30,560.11,36.8,33.0,2024,5
2024-05-06 14:30:00+05:30,560.06,36.7,32.6,2024,5
2024-05-06 14:45:00+05:30,561.38,36.4,32.4,2024,5
2024-05-06 15:00:00+05:30,563.3,36.1,33.3,2024,5
2024-05-06 15:15:00+05:30,561.79,36.4,33.0,2024,5
2024-05-06 15:30:00+05:30,565.19,36.0,33.6,2024,5
2024-05-06 15:45:00+05:30,560.34,36.0,33.7,2024,5
2024-05-06 16:00:00+05:30,557.15,36.5,33.5,2024,5
2024-05-06 16:15:00+05:30,556.79,36.2,33.0,2024,5
2024-05-06 16:30:00+05:30,553.15,36.2,32.4,2024,5
2024-05-06 16:45:00+05:30,547.7,36.3,31.1,2024,5
2024-05-06 17:00:00+05:30,544.47,36.0,31.3,2024,5
2024-05-06 17:15:00+05:30,536.39,35.4,32.0,2024,5
2024-05-06 17:30:00+05:30,528.78,35.3,32.0,2024,5
2024-05-06 17:45:00+05:30,521.52,35.1,32.3,2024,5
2024-05-06 18:00:00+05:30,510.1,34.8,32.7,2024,5
2024-05-06 18:15:00+05:30,497.52,34.5,33.1,2024,5
2024-05-06 18:30:00+05:30,488.6,34.1,33.9,2024,5
2024-05-06 18:45:00+05:30,478.64,33.6,35.3,2024,5
2024-05-06 19:00:00+05:30,470.62,33.3,36.0,2024,5
2024-05-06 19:15:00+05:30,462.69,33.1,36.1,2024,5
2024-05-06 19:30:00+05:30,461.0,32.9,36.1,2024,5
2024-05-06 19:45:00+05:30,457.77,32.8,35.6,2024,5
2024-05-06 20:00:00+05:30,448.22,32.7,35.5,2024,5
2024-05-06 20:15:00+05:30,441.74,32.4,35.9,2024,5
2024-05-06 20:30:00+05:30,436.34,32.2,37.2,2024,5
2024-05-06 20:45:00+05:30,432.51,32.0,38.2,2024,5
2024-05-06 21:00:00+05:30,425.33,31.7,42.2,2024,5
2024-05-06 21:15:00+05:30,419.09,31.3,48.7,2024,5
2024-05-06 21:30:00+05:30,413.45,31.0,51.5,2024,5
2024-05-06 21:45:00+05:30,410.9,30.7,52.9,2024,5
2024-05-06 22:00:00+05:30,408.67,30.6,53.0,2024,5
2024-05-06 22:15:00+05:30,405.71,30.3,56.0,2024,5
2024-05-06 22:30:00+05:30,405.0,30.1,58.1,2024,5
2024-05-06 22:45:00+05:30,403.68,30.0,60.4,2024,5
2024-05-06 23:00:00+05:30,398.31,29.8,61.8,2024,5
2024-05-06 23:15:00+05:30,394.32,29.6,62.9,2024,5
2024-05-06 23:30:00+05:30,392.35,29.6,63.1,2024,5
2024-05-06 23:45:00+05:30,383.33,29.6,62.9,2024,5
2024-05-07 00:00:00+05:30,379.9222171517411,29.5,79.48,2024,5
2024-05-07 00:15:00+05:30,373.2385712318765,29.46,79.75999999999999,2024,5
2024-05-07 00:30:00+05:30,366.2467030935728,29.380000000000003,79.78,2024,5
2024-05-07 00:45:00+05:30,359.8082059002248,29.380000000000003,79.88000000000001,2024,5
2024-05-07 01:00:00+05:30,351.41966828082946,29.34,80.03999999999999,2024,5
2024-05-07 01:15:00+05:30,347.21146949969784,29.26,80.0,2024,5
2024-05-07 01:30:00+05:30,342.7093039011754,29.32,80.02000000000001,2024,5
2024-05-07 01:45:00+05:30,343.19136145925484,29.22,79.86,2024,5
2024-05-07 02:00:00+05:30,338.24726197772924,29.18,80.1,2024,5
2024-05-07 02:15:00+05:30,336.2369043279733,29.140000000000004,80.08,2024,5
2024-05-07 02:30:00+05:30,331.95520974561794,29.1,80.28,2024,5
2024-05-07 02:45:00+05:30,328.12778535630434,29.079999999999995,80.03999999999999,2024,5
2024-05-07 03:00:00+05:30,325.6207196120239,29.0,80.22,2024,5
2024-05-07 03:15:00+05:30,322.2000859718506,28.96,79.82000000000001,2024,5
2024-05-07 03:30:00+05:30,321.7132915228925,28.880000000000003,80.0,2024,5
2024-05-07 03:45:00+05:30,320.6323135698439,28.880000000000003,80.1,2024,5
2024-05-07 04:00:00+05:30,318.22099689522463,28.82,79.67999999999999,2024,5
2024-05-07 04:15:00+05:30,317.3646635316608,28.74,79.4,2024,5
2024-05-07 04:30:00+05:30,316.9782816678407,28.76,79.72,2024,5
2024-05-07 04:45:00+05:30,317.98323654123567,28.72,79.67999999999999,2024,5
2024-05-07 05:00:00+05:30,318.6843428472713,28.660000000000004,79.72,2024,5
2024-05-07 05:15:00+05:30,318.2936450360882,28.599999999999994,80.0,2024,5
2024-05-07 05:30:00+05:30,314.0029249333586,28.579999999999995,79.72,2024,5
2024-05-07 05:45:00+05:30,316.3602115035602,28.579999999999995,79.84,2024,5
2024-05-07 06:00:00+05:30,319.77229256818123,28.58,79.84,2024,5
2024-05-07 06:15:00+05:30,326.8850966746472,28.540000000000003,80.03999999999999,2024,5
2024-05-07 06:30:00+05:30,335.74210072171206,28.6,79.88,2024,5
2024-05-07 06:45:00+05:30,342.12808572318266,28.8,79.02,2024,5
2024-05-07 07:00:00+05:30,353.1875233708816,29.1,78.58,2024,5
2024-05-07 07:15:00+05:30,369.9059911465952,29.5,76.88,2024,5
2024-05-07 07:30:00+05:30,391.56440340515326,29.76,75.22,2024,5
2024-05-07 07:45:00+05:30,407.30641983964944,29.920000000000005,74.22,2024,5
2024-05-07 08:00:00+05:30,430.50203397994073,30.02,72.58,2024,5
2024-05-07 08:15:00+05:30,450.9425177988503,30.040000000000003,72.18,2024,5
2024-05-07 08:30:00+05:30,470.541888255644,30.34,70.97999999999999,2024,5
2024-05-07 08:45:00+05:30,485.9215018689921,30.7,70.16,2024,5
2024-05-07 09:00:00+05:30,499.73128009271807,31.12,69.03999999999999,2024,5
2024-05-07 09:15:00+05:30,514.0206970785639,32.04,65.91999999999999,2024,5
2024-05-07 09:30:00+05:30,526.4616488139767,32.1,66.08000000000001,2024,5
2024-05-07 09:45:00+05:30,536.4903099857866,32.3,65.28,2024,5
2024-05-07 10:00:00+05:30,550.2393570234645,32.540000000000006,64.34,2024,5
2024-05-07 10:15:00+05:30,551.8396534327754,32.38,64.62,2024,5
2024-05-07 10:30:00+05:30,556.2953667236294,32.62,63.620000000000005,2024,5
2024-05-07 10:45:00+05:30,559.4846350722527,32.540000000000006,64.34,2024,5
2024-05-07 11:00:00+05:30,559.681481891429,32.760000000000005,63.35999999999999,2024,5
2024-05-07 11:15:00+05:30,559.1139900968567,32.760000000000005,63.34,2024,5
2024-05-07 11:30:00+05:30,557.9721958820113,33.3,62.09999999999999,2024,5
2024-05-07 11:45:00+05:30,556.8350162340816,33.260000000000005,62.38,2024,5
2024-05-07 12:00:00+05:30,555.0572450997695,33.42,61.81999999999999,2024,5
2024-05-07 12:15:00+05:30,558.7284956127736,33.54,61.32000000000001,2024,5
2024-05-07 12:30:00+05:30,557.7077527507013,33.61999999999999,61.17999999999999,2024,5
2024-05-07 12:45:00+05:30,558.8514445274412,33.760000000000005,60.5,2024,5
2024-05-07 13:00:00+05:30,555.5400849988097,33.74,60.44,2024,5
2024-05-07 13:15:00+05:30,554.6329158325325,33.779999999999994,60.220000000000006,2024,5
2024-05-07 13:30:00+05:30,555.3093827610867,33.620000000000005,60.16,2024,5
2024-05-07 13:45:00+05:30,552.3765850112812,33.74,59.06,2024,5
2024-05-07 14:00:00+05:30,553.9211747528499,33.8,58.66,2024,5
2024-05-07 14:15:00+05:30,556.0673016400895,33.67999999999999,58.88000000000001,2024,5
2024-05-07 14:30:00+05:30,558.5131763228778,33.720000000000006,59.14,2024,5
2024-05-07 14:45:00+05:30,557.9247822453281,33.76,59.68000000000001,2024,5
2024-05-07 15:00:00+05:30,559.0753645092068,33.56,60.120000000000005,2024,5
2024-05-07 15:15:00+05:30,562.9099140515713,33.64,60.58,2024,5
2024-05-07 15:30:00+05:30,559.5673822370493,33.82000000000001,60.54,2024,5
2024-05-07 15:45:00+05:30,557.2505190143695,34.0,60.06,2024,5
2024-05-07 16:00:00+05:30,556.6928142166425,33.760000000000005,61.24,2024,5
2024-05-07 16:15:00+05:30,555.6571518591388,33.58,61.71999999999999,2024,5
2024-05-07 16:30:00+05:30,555.3613611921547,33.52,61.98,2024,5
2024-05-07 16:45:00+05:30,544.6824428186666,33.18,63.38000000000001,2024,5
2024-05-07 17:00:00+05:30,543.2881371203821,33.3,62.56,2024,5
2024-05-07 17:15:00+05:30,536.3348128022923,33.08,63.46,2024,5
2024-05-07 17:30:00+05:30,526.5305777280821,32.7,64.52000000000001,2024,5
2024-05-07 17:45:00+05:30,517.2126821656906,32.36,64.66,2024,5
2024-05-07 18:00:00+05:30,504.5857488042947,32.17999999999999,66.12,2024,5
2024-05-07 18:15:00+05:30,494.47389862336007,32.0,66.97999999999999,2024,5
2024-05-07 18:30:00+05:30,486.1937047656809,31.72,67.47999999999999,2024,5
2024-05-07 18:45:00+05:30,478.3787552251879,31.16,69.16,2024,5
2024-05-07 19:00:00+05:30,473.589699966371,30.9,69.74,2024,5
2024-05-07 19:15:00+05:30,465.9278506809529,30.74,70.64,2024,5
2024-05-07 19:30:00+05:30,459.1716699795366,30.6,71.38,2024,5
2024-05-07 19:45:00+05:30,452.490931485258,30.52,72.03999999999999,2024,5
2024-05-07 20:00:00+05:30,446.8692286426339,30.42,71.92,2024,5
2024-05-07 20:15:00+05:30,439.9272857890951,30.380000000000003,71.85999999999999,2024,5
2024-05-07 20:30:00+05:30,438.3833981877677,30.32,72.02,2024,5
2024-05-07 20:45:00+05:30,433.6890846736377,30.26,73.0,2024,5
2024-05-07 21:00:00+05:30,428.3614140063782,30.22,72.82000000000001,2024,5
2024-05-07 21:15:00+05:30,424.4144512993429,30.18,73.3,2024,5
2024-05-07 21:30:00+05:30,417.7925525409602,30.22,73.58,2024,5
2024-05-07 21:45:00+05:30,411.8045866790517,30.1,73.38000000000001,2024,5
2024-05-07 22:00:00+05:30,402.6625556942071,30.12,73.58000000000001,2024,5
2024-05-07 22:15:00+05:30,399.6357760843842,30.08,73.64,2024,5
2024-05-07 22:30:00+05:30,400.0,30.04,73.96,2024,5
2024-05-07 22:45:00+05:30,400.59331327857785,29.98,74.34,2024,5
2024-05-07 23:00:00+05:30,400.0,29.96,74.46,2024,5
2024-05-07 23:15:00+05:30,399.0,29.86,74.7,2024,5
2024-05-07 23:30:00+05:30,396.0,29.84,74.75999999999999,2024,5
2024-05-07 23:45:00+05:30,396.0,29.76,75.26,2024,5
2024-05-08 00:00:00+05:30,379.6763970642252,29.7,75.3,2024,5
2024-05-08 00:15:00+05:30,375.6189106486225,29.6,75.5,2024,5
2024-05-08 00:30:00+05:30,367.0834917500888,29.7,75.5,2024,5
2024-05-08 00:45:00+05:30,362.358900296728,29.6,75.6,2024,5
2024-05-08 01:00:00+05:30,355.3378297400114,29.5,76.1,2024,5
2024-05-08 01:15:00+05:30,350.1259759002245,29.5,75.8,2024,5
2024-05-08 01:30:00+05:30,344.2855256942329,29.5,75.9,2024,5
2024-05-08 01:45:00+05:30,338.49872361403203,29.5,75.8,2024,5
2024-05-08 02:00:00+05:30,335.4958284852908,29.4,76.0,2024,5
2024-05-08 02:15:00+05:30,331.7578825421284,29.3,75.9,2024,5
2024-05-08 02:30:00+05:30,330.3968194941714,29.2,76.2,2024,5
2024-05-08 02:45:00+05:30,323.45944411899694,29.2,76.1,2024,5
2024-05-08 03:00:00+05:30,318.91290430152776,29.1,76.2,2024,5
2024-05-08 03:15:00+05:30,315.707988898004,29.1,76.8,2024,5
2024-05-08 03:30:00+05:30,313.6991325822961,28.9,77.2,2024,5
2024-05-08 03:45:00+05:30,312.444142405995,29.0,77.3,2024,5
2024-05-08 04:00:00+05:30,311.61493574711665,28.8,77.6,2024,5
2024-05-08 04:15:00+05:30,312.0525004409702,28.8,77.8,2024,5
2024-05-08 04:30:00+05:30,311.1511996840935,28.7,78.4,2024,5
2024-05-08 04:45:00+05:30,311.3092036887907,28.7,78.8,2024,5
2024-05-08 05:00:00+05:30,313.22317593922423,28.7,78.5,2024,5
2024-05-08 05:15:00+05:30,312.1175809186024,28.7,78.6,2024,5
2024-05-08 05:30:00+05:30,314.3488924315477,28.7,78.4,2024,5
2024-05-08 05:45:00+05:30,317.1087894669516,28.6,78.7,2024,5
2024-05-08 06:00:00+05:30,321.0138851475529,28.6,78.8,2024,5
2024-05-08 06:15:00+05:30,327.22408727986726,28.5,79.1,2024,5
2024-05-08 06:30:00+05:30,333.8471962548845,28.6,79.4,2024,5
2024-05-08 06:45:00+05:30,337.7698167096993,28.8,78.9,2024,5
2024-05-08 07:00:00+05:30,351.5601881799091,29.0,78.7,2024,5
2024-05-08 07:15:00+05:30,364.08552345058416,29.2,77.6,2024,5
2024-05-08 07:30:00+05:30,380.02415758400537,29.5,76.3,2024,5
2024-05-08 07:45:00+05:30,400.2785652433619,29.7,75.0,2024,5
2024-05-08 08:00:00+05:30,421.9552873045222,30.0,72.9,2024,5
2024-05-08 08:15:00+05:30,441.6206472724387,30.2,71.6,2024,5
2024-05-08 08:30:00+05:30,463.0924165678904,30.7,69.7,2024,5
2024-05-08 08:45:00+05:30,480.0569022886263,31.3,67.7,2024,5
2024-05-08 09:00:00+05:30,492.1863100184793,31.7,66.2,2024,5
2024-05-08 09:15:00+05:30,509.7691519076461,32.1,64.3,2024,5
2024-05-08 09:30:00+05:30,520.4786231900018,32.5,63.2,2024,5
2024-05-08 09:45:00+05:30,528.6791772555805,32.5,62.7,2024,5
2024-05-08 10:00:00+05:30,536.5507241161013,32.7,62.2,2024,5
2024-05-08 10:15:00+05:30,541.6372266426046,32.8,61.5,2024,5
2024-05-08 10:30:00+05:30,545.7787239948115,32.8,61.9,2024,5
2024-05-08 10:45:00+05:30,549.077412287113,32.7,62.1,2024,5
2024-05-08 11:00:00+05:30,550.1246187426401,32.6,62.2,2024,5
2024-05-08 11:15:00+05:30,552.2789937610333,33.0,60.7,2024,5
2024-05-08 11:30:00+05:30,551.6040000460983,33.2,59.8,2024,5
2024-05-08 11:45:00+05:30,550.5098807185312,33.4,59.2,2024,5
2024-05-08 12:00:00+05:30,551.1772068184489,33.4,59.1,2024,5
2024-05-08 12:15:00+05:30,550.1891568436254,33.6,58.3,2024,5
2024-05-08 12:30:00+05:30,550.0476232858559,33.7,58.6,2024,5
2024-05-08 12:45:00+05:30,550.5808364609923,33.7,58.8,2024,5
2024-05-08 13:00:00+05:30,548.6152605615281,33.6,59.1,2024,5
2024-05-08 13:15:00+05:30,548.5074443494567,33.4,60.0,2024,5
2024-05-08 13:30:00+05:30,546.272295412582,33.5,60.4,2024,5
2024-05-08 13:45:00+05:30,546.0976967542497,33.5,60.1,2024,5
2024-05-08 14:00:00+05:30,552.6714176441765,33.5,60.6,2024,5
2024-05-08 14:15:00+05:30,556.5571701734151,33.5,60.3,2024,5
2024-05-08 14:30:00+05:30,553.0106729360173,33.5,61.0,2024,5
2024-05-08 14:45:00+05:30,551.3434632813303,33.4,60.4,2024,5
2024-05-08 15:00:00+05:30,555.166589493472,33.6,60.3,2024,5
2024-05-08 15:15:00+05:30,551.8132768171483,33.6,61.1,2024,5
2024-05-08 15:30:00+05:30,550.6315014570441,33.8,60.6,2024,5
2024-05-08 15:45:00+05:30,552.0365053211954,33.8,60.7,2024,5
2024-05-08 16:00:00+05:30,552.2915316020385,33.8,60.7,2024,5
2024-05-08 16:15:00+05:30,550.9314771542241,33.7,60.7,2024,5
2024-05-08 16:30:00+05:30,546.2787677130774,33.5,61.6,2024,5
2024-05-08 16:45:00+05:30,545.8629000000001,33.6,61.3,2024,5
2024-05-08 17:00:00+05:30,531.4060362121303,33.3,62.4,2024,5
2024-05-08 17:15:00+05:30,527.4580746781951,33.0,63.4,2024,5
2024-05-08 17:30:00+05:30,523.3197685847198,32.7,65.2,2024,5
2024-05-08 17:45:00+05:30,510.7977926808777,32.4,65.6,2024,5
2024-05-08 18:00:00+05:30,498.2894861297765,32.3,66.8,2024,5
2024-05-08 18:15:00+05:30,490.5098963402164,31.9,68.0,2024,5
2024-05-08 18:30:00+05:30,482.3413516275815,31.4,69.9,2024,5
2024-05-08 18:45:00+05:30,475.1529596873443,31.0,71.2,2024,5
2024-05-08 19:00:00+05:30,464.6849547718397,30.7,72.9,2024,5
2024-05-08 19:15:00+05:30,460.4043555708365,30.5,74.2,2024,5
2024-05-08 19:30:00+05:30,452.711583189983,30.4,74.7,2024,5
2024-05-08 19:45:00+05:30,447.66384952099673,30.4,74.9,2024,5
2024-05-08 20:00:00+05:30,444.7642407661889,30.2,75.3,2024,5
2024-05-08 20:15:00+05:30,435.9893217300627,30.2,75.4,2024,5
2024-05-08 20:30:00+05:30,427.8861133178286,30.2,75.2,2024,5
2024-05-08 20:45:00+05:30,424.0372059528733,30.2,75.3,2024,5
2024-05-08 21:00:00+05:30,421.93704561575805,30.1,75.6,2024,5
2024-05-08 21:15:00+05:30,417.3582335835984,30.0,75.9,2024,5
2024-05-08 21:30:00+05:30,411.8189610404898,29.9,76.1,2024,5
2024-05-08 21:45:00+05:30,413.1612141473033,29.9,76.1,2024,5
2024-05-08 22:00:00+05:30,410.1876821350185,29.9,76.2,2024,5
2024-05-08 22:15:00+05:30,405.5953329505206,29.8,76.4,2024,5
2024-05-08 22:30:00+05:30,404.7369151895669,29.8,76.4,2024,5
2024-05-08 22:45:00+05:30,402.2673522312814,29.7,76.3,2024,5
2024-05-08 23:00:00+05:30,396.4093877053005,29.7,76.2,2024,5
2024-05-08 23:15:00+05:30,390.2029762579435,29.7,76.5,2024,5
2024-05-08 23:30:00+05:30,386.45056856869473,29.6,76.7,2024,5
2024-05-08 23:45:00+05:30,383.7470673208504,29.5,76.6,2024,5
2024-05-09 00:00:00+05:30,376.0,29.48,76.66,2024,5
2024-05-09 00:15:00+05:30,371.0,29.440000000000005,77.13999999999999,2024,5
2024-05-09 00:30:00+05:30,364.0,29.360000000000003,77.14000000000001,2024,5
2024-05-09 00:45:00+05:30,359.0,29.34,77.28,2024,5
2024-05-09 01:00:00+05:30,353.0,29.3,77.22,2024,5
2024-05-09 01:15:00+05:30,347.0,29.3,77.12,2024,5
2024-05-09 01:30:00+05:30,343.0,29.3,77.14000000000001,2024,5
2024-05-09 01:45:00+05:30,337.0,29.3,77.22,2024,5
2024-05-09 02:00:00+05:30,333.0,29.26,77.08,2024,5
2024-05-09 02:15:00+05:30,331.0,29.14,77.42,2024,5
2024-05-09 02:30:00+05:30,328.0,29.08,77.76000000000002,2024,5
2024-05-09 02:45:00+05:30,323.0,29.1,77.5,2024,5
2024-05-09 03:00:00+05:30,320.0,29.06,77.58000000000001,2024,5
2024-05-09 03:15:00+05:30,316.0,29.0,77.47999999999999,2024,5
2024-05-09 03:30:00+05:30,312.0,28.96,77.46000000000001,2024,5
2024-05-09 03:45:00+05:30,309.0,28.880000000000003,77.9,2024,5
2024-05-09 04:00:00+05:30,308.0,28.84,78.04,2024,5
2024-05-09 04:15:00+05:30,308.0,28.84,78.08,2024,5
2024-05-09 04:30:00+05:30,308.0,28.84,78.0,2024,5
2024-05-09 04:45:00+05:30,307.0,28.78,78.20000000000002,2024,5
2024-05-09 05:00:00+05:30,310.0,28.68,78.72,2024,5
2024-05-09 05:15:00+05:30,312.0,28.640000000000004,78.82,2024,5
2024-05-09 05:30:00+05:30,314.0,28.620000000000005,79.12,2024,5
2024-05-09 05:45:00+05:30,318.0,28.52,79.39999999999999,2024,5
2024-05-09 06:00:00+05:30,323.0,28.5,79.7,2024,5
2024-05-09 06:15:00+05:30,331.0,28.48,80.1,2024,5
2024-05-09 06:30:00+05:30,339.0,28.56,80.02,2024,5
2024-05-09 06:45:00+05:30,340.0,28.74,79.46000000000001,2024,5
2024-05-09 07:00:00+05:30,352.0,29.0,78.72,2024,5
2024-05-09 07:15:00+05:30,369.0,29.4,77.53999999999999,2024,5
2024-05-09 07:30:00+05:30,387.0,29.620000000000005,76.55999999999999,2024,5
2024-05-09 07:45:00+05:30,403.0,29.96,74.92,2024,5
2024-05-09 08:00:00+05:30,424.0,30.18,73.58,2024,5
2024-05-09 08:15:00+05:30,445.0,30.4,72.02000000000001,2024,5
2024-05-09 08:30:00+05:30,465.0,30.880000000000003,69.66,2024,5
2024-05-09 08:45:00+05:30,479.0,31.46,67.74,2024,5
2024-05-09 09:00:00+05:30,498.0,31.9,65.82000000000001,2024,5
2024-05-09 09:15:00+05:30,511.0,32.239999999999995,64.82,2024,5
2024-05-09 09:30:00+05:30,522.0,32.54,63.260000000000005,2024,5
2024-05-09 09:45:00+05:30,529.0,32.68,63.220000000000006,2024,5
2024-05-09 10:00:00+05:30,539.0,32.96,62.5,2024,5
2024-05-09 10:15:00+05:30,547.0,33.06,62.24,2024,5
2024-05-09 10:30:00+05:30,555.0,32.94,61.71999999999999,2024,5
2024-05-09 10:45:00+05:30,555.0,33.02,61.17999999999999,2024,5
2024-05-09 11:00:00+05:30,558.0,32.9,62.2,2024,5
2024-05-09 11:15:00+05:30,563.0,32.92,62.0,2024,5
2024-05-09 11:30:00+05:30,565.0,33.3,61.02,2024,5
2024-05-09 11:45:00+05:30,559.0,33.28000000000001,60.8,2024,5
2024-05-09 12:00:00+05:30,561.0,33.48,59.760000000000005,2024,5
2024-05-09 12:15:00+05:30,558.0,33.620000000000005,59.24,2024,5
2024-05-09 12:30:00+05:30,558.0,33.67999999999999,59.6,2024,5
2024-05-09 12:45:00+05:30,555.0,33.78000000000001,58.8,2024,5
2024-05-09 13:00:00+05:30,548.0,33.84,58.98,2024,5
2024-05-09 13:15:00+05:30,549.0,33.78,59.04,2024,5
2024-05-09 13:30:00+05:30,548.0,33.68,59.42,2024,5
2024-05-09 13:45:00+05:30,551.0,33.660000000000004,60.78,2024,5
2024-05-09 14:00:00+05:30,558.0,33.6,61.21999999999999,2024,5
2024-05-09 14:15:00+05:30,561.0,33.56,61.4,2024,5
2024-05-09 14:30:00+05:30,566.0,33.64,61.86,2024,5
2024-05-09 14:45:00+05:30,570.0,33.62,61.4,2024,5
2024-05-09 15:00:00+05:30,568.0,33.540000000000006,61.7,2024,5
2024-05-09 15:15:00+05:30,571.0,33.44,61.84,2024,5
2024-05-09 15:30:00+05:30,569.0,33.739999999999995,61.96,2024,5
2024-05-09 15:45:00+05:30,569.0,33.62,62.06,2024,5
2024-05-09 16:00:00+05:30,569.0,33.58,62.66,2024,5
2024-05-09 16:15:00+05:30,565.0,33.34,63.52,2024,5
2024-05-09 16:30:00+05:30,562.0,33.3,63.64,2024,5
2024-05-09 16:45:00+05:30,556.0,33.48,63.38000000000001,2024,5
2024-05-09 17:00:00+05:30,552.0,33.12,64.52000000000001,2024,5
2024-05-09 17:15:00+05:30,545.0,32.94,65.14000000000001,2024,5
2024-05-09 17:30:00+05:30,536.0,33.04,64.48,2024,5
2024-05-09 17:45:00+05:30,527.0,32.44,66.02000000000001,2024,5
2024-05-09 18:00:00+05:30,515.0,32.260000000000005,66.38000000000001,2024,5
2024-05-09 18:15:00+05:30,502.0,31.78,67.66,2024,5
2024-05-09 18:30:00+05:30,495.0,31.44,69.3,2024,5
2024-05-09 18:45:00+05:30,487.0,31.1,70.67999999999999,2024,5
2024-05-09 19:00:00+05:30,479.0,30.76,71.94000000000001,2024,5
2024-05-09 19:15:00+05:30,474.0,30.54,73.0,2024,5
2024-05-09 19:30:00+05:30,464.0,30.34,73.7,2024,5
2024-05-09 19:45:00+05:30,462.0,30.3,74.28,2024,5
2024-05-09 20:00:00+05:30,456.0,30.28,74.28,2024,5
2024-05-09 20:15:00+05:30,447.0,30.28,74.26,2024,5
2024-05-09 20:30:00+05:30,443.0,30.26,74.5,2024,5
2024-05-09 20:45:00+05:30,435.0,30.22,74.66,2024,5
2024-05-09 21:00:00+05:30,431.0,30.12,74.97999999999999,2024,5
2024-05-09 21:15:00+05:30,428.0,30.04,75.4,2024,5
2024-05-09 21:30:00+05:30,421.0,30.02,75.84,2024,5
2024-05-09 21:45:00+05:30,417.0,30.04,75.72,2024,5
2024-05-09 22:00:00+05:30,412.0,30.079999999999995,75.38,2024,5
2024-05-09 22:15:00+05:30,410.0,29.96,75.3,2024,5
2024-05-09 22:30:00+05:30,409.0,29.9,75.35999999999999,2024,5
2024-05-09 22:45:00+05:30,408.0,29.86,75.76000000000002,2024,5
2024-05-09 23:00:00+05:30,404.0,29.840000000000003,76.02000000000001,2024,5
2024-05-09 23:15:00+05:30,401.0,29.78,76.17999999999999,2024,5
2024-05-09 23:30:00+05:30,400.0,29.7,76.46,2024,5
2024-05-09 23:45:00+05:30,400.0,29.660000000000004,76.64,2024,5
2024-05-10 00:00:00+05:30,378.0,29.64,76.58,2024,5
2024-05-10 00:15:00+05:30,374.0,29.58,76.64,2024,5
2024-05-10 00:30:00+05:30,367.0,29.48,76.72,2024,5
2024-05-10 00:45:00+05:30,360.0,29.379999999999995,76.92,2024,5
2024-05-10 01:00:00+05:30,353.0,29.34,77.1,2024,5
2024-05-10 01:15:00+05:30,347.0,29.32,76.94,2024,5
2024-05-10 01:30:00+05:30,343.0,29.26,77.3,2024,5
2024-05-10 01:45:00+05:30,339.0,29.14,77.66,2024,5
2024-05-10 02:00:00+05:30,336.0,29.04,77.88000000000001,2024,5
2024-05-10 02:15:00+05:30,333.0,29.0,77.97999999999999,2024,5
2024-05-10 02:30:00+05:30,330.0,28.98,78.4,2024,5
2024-05-10 02:45:00+05:30,328.0,28.94,78.32000000000001,2024,5
2024-05-10 03:00:00+05:30,328.0,28.879999999999995,78.46,2024,5
2024-05-10 03:15:00+05:30,323.0,28.879999999999995,78.62,2024,5
2024-05-10 03:30:00+05:30,318.0,28.860000000000003,78.80000000000001,2024,5
2024-05-10 03:45:00+05:30,318.0,28.78,79.1,2024,5
2024-05-10 04:00:00+05:30,317.0,28.72,79.46,2024,5
2024-05-10 04:15:00+05:30,318.0,28.68,79.53999999999999,2024,5
2024-05-10 04:30:00+05:30,319.0,28.62,79.5,2024,5
2024-05-10 04:45:00+05:30,318.0,28.52,79.43999999999998,2024,5
2024-05-10 05:00:00+05:30,318.0,28.54,79.38,2024,5
2024-05-10 05:15:00+05:30,319.0,28.58,78.97999999999999,2024,5
2024-05-10 05:30:00+05:30,318.0,28.52,79.17999999999999,2024,5
2024-05-10 05:45:00+05:30,320.0,28.5,78.9,2024,5
2024-05-10 06:00:00+05:30,329.0,28.5,78.88000000000001,2024,5
2024-05-10 06:15:00+05:30,338.0,28.46,78.78,2024,5
2024-05-10 06:30:00+05:30,346.0,28.52,78.67999999999999,2024,5
2024-05-10 06:45:00+05:30,351.0,28.62,78.16,2024,5
2024-05-10 07:00:00+05:30,363.0,28.8,77.61999999999999,2024,5
2024-05-10 07:15:00+05:30,376.0,29.1,76.8,2024,5
2024-05-10 07:30:00+05:30,391.0,29.380000000000003,75.0,2024,5
2024-05-10 07:45:00+05:30,412.0,29.58,73.84,2024,5
2024-05-10 08:00:00+05:30,433.0,29.68,73.1,2024,5
2024-05-10 08:15:00+05:30,449.0,30.1,71.5,2024,5
2024-05-10 08:30:00+05:30,468.0,30.56,69.3,2024,5
2024-05-10 08:45:00+05:30,483.0,31.14,67.23999999999998,2024,5
2024-05-10 09:00:00+05:30,499.0,31.64,64.96,2024,5
2024-05-10 09:15:00+05:30,515.0,32.04,63.92,2024,5
2024-05-10 09:30:00+05:30,525.0,32.44,63.42,2024,5
2024-05-10 09:45:00+05:30,536.0,32.480000000000004,63.0,2024,5
2024-05-10 10:00:00+05:30,548.0,32.48,62.8,2024,5
2024-05-10 10:15:00+05:30,554.0,32.64,62.04,2024,5
2024-05-10 10:30:00+05:30,558.0,32.8,61.8,2024,5
2024-05-10 10:45:00+05:30,562.0,32.68,61.02,2024,5
2024-05-10 11:00:00+05:30,562.0,32.879999999999995,59.84,2024,5
2024-05-10 11:15:00+05:30,562.0,32.94,59.96,2024,5
2024-05-10 11:30:00+05:30,559.0,33.120000000000005,59.56,2024,5
2024-05-10 11:45:00+05:30,557.0,33.2,58.85999999999999,2024,5
2024-05-10 12:00:00+05:30,555.0,33.38,58.28,2024,5
2024-05-10 12:15:00+05:30,554.0,33.34,58.94000000000001,2024,5
2024-05-10 12:30:00+05:30,552.0,33.36,58.38000000000001,2024,5
2024-05-10 12:45:00+05:30,555.0,33.5,58.9,2024,5
2024-05-10 13:00:00+05:30,551.0,33.660000000000004,57.85999999999999,2024,5
2024-05-10 13:15:00+05:30,548.0,33.68,57.260000000000005,2024,5
2024-05-10 13:30:00+05:30,546.0,33.739999999999995,57.9,2024,5
2024-05-10 13:45:00+05:30,549.0,33.779999999999994,58.04,2024,5
2024-05-10 14:00:00+05:30,551.0,33.58,58.28000000000001,2024,5
2024-05-10 14:15:00+05:30,554.0,33.6,58.98,2024,5
2024-05-10 14:30:00+05:30,559.0,33.42,59.2,2024,5
2024-05-10 14:45:00+05:30,556.0,33.42,59.46,2024,5
2024-05-10 15:00:00+05:30,557.0,33.4,59.42,2024,5
2024-05-10 15:15:00+05:30,561.0,33.660000000000004,58.9,2024,5
2024-05-10 15:30:00+05:30,562.0,33.54,59.25999999999999,2024,5
2024-05-10 15:45:00+05:30,560.0,33.58,58.38000000000001,2024,5
2024-05-10 16:00:00+05:30,558.0,33.78,58.52,2024,5
2024-05-10 16:15:00+05:30,554.0,33.6,59.260000000000005,2024,5
2024-05-10 16:30:00+05:30,551.0,33.480000000000004,59.64,2024,5
2024-05-10 16:45:00+05:30,547.0,33.4,60.3,2024,5
2024-05-10 17:00:00+05:30,544.0,33.28000000000001,60.9,2024,5
2024-05-10 17:15:00+05:30,538.0,32.88,62.38000000000001,2024,5
2024-05-10 17:30:00+05:30,530.0,32.67999999999999,62.86,2024,5
2024-05-10 17:45:00+05:30,519.0,32.4,64.22,2024,5
2024-05-10 18:00:00+05:30,508.0,32.08,65.03999999999999,2024,5
2024-05-10 18:15:00+05:30,497.0,31.840000000000003,66.10000000000001,2024,5
2024-05-10 18:30:00+05:30,486.0,31.2,67.94000000000001,2024,5
2024-05-10 18:45:00+05:30,479.0,30.880000000000003,69.02000000000001,2024,5
2024-05-10 19:00:00+05:30,472.0,30.58,70.12,2024,5
2024-05-10 19:15:00+05:30,468.0,30.48,70.46,2024,5
2024-05-10 19:30:00+05:30,458.0,30.3,71.24,2024,5
2024-05-10 19:45:00+05:30,452.0,30.28,71.35999999999999,2024,5
2024-05-10 20:00:00+05:30,442.0,30.28,71.22,2024,5
2024-05-10 20:15:00+05:30,438.0,30.22,71.58000000000001,2024,5
2024-05-10 20:30:00+05:30,433.0,30.22,71.74,2024,5
2024-05-10 20:45:00+05:30,428.0,30.2,71.88,2024,5
2024-05-10 21:00:00+05:30,423.0,30.18,71.98,2024,5
2024-05-10 21:15:00+05:30,417.0,30.1,72.34,2024,5
2024-05-10 21:30:00+05:30,412.0,30.04,72.48,2024,5
2024-05-10 21:45:00+05:30,409.0,30.02,72.66,2024,5
2024-05-10 22:00:00+05:30,408.0,29.96,72.7,2024,5
2024-05-10 22:15:00+05:30,403.0,29.920000000000005,72.9,2024,5
2024-05-10 22:30:00+05:30,402.0,29.9,73.06,2024,5
2024-05-10 22:45:00+05:30,401.0,29.880000000000003,73.03999999999999,2024,5
2024-05-10 23:00:00+05:30,393.0,29.860000000000003,73.5,2024,5
2024-05-10 23:15:00+05:30,390.0,29.8,73.88,2024,5
2024-05-10 23:30:00+05:30,385.0,29.74,74.2,2024,5
2024-05-10 23:45:00+05:30,382.0,29.68,74.72,2024,5
2024-05-11 00:00:00+05:30,377.0,29.660000000000004,74.9,2024,5
2024-05-11 00:15:00+05:30,371.0,29.6,75.2,2024,5
2024-05-11 00:30:00+05:30,367.0,29.58,75.26,2024,5
2024-05-11 00:45:00+05:30,362.0,29.5,75.86,2024,5
2024-05-11 01:00:00+05:30,356.0,29.42,76.16,2024,5
2024-05-11 01:15:00+05:30,349.0,29.24,76.78,2024,5
2024-05-11 01:30:00+05:30,345.0,29.24,77.18,2024,5
2024-05-11 01:45:00+05:30,339.0,29.18,77.56,2024,5
2024-05-11 02:00:00+05:30,335.0,29.140000000000004,77.86,2024,5
2024-05-11 02:15:00+05:30,333.0,29.08,78.2,2024,5
2024-05-11 02:30:00+05:30,329.0,28.98,78.28,2024,5
2024-05-11 02:45:00+05:30,326.0,28.94,78.53999999999999,2024,5
2024-05-11 03:00:00+05:30,322.0,28.94,78.76,2024,5
2024-05-11 03:15:00+05:30,319.0,28.860000000000003,78.74,2024,5
2024-05-11 03:30:00+05:30,316.0,28.84,78.7,2024,5
2024-05-11 03:45:00+05:30,312.0,28.840000000000003,78.76,2024,5
2024-05-11 04:00:00+05:30,312.0,28.76,78.94,2024,5
2024-05-11 04:15:00+05:30,311.0,28.78,79.26,2024,5
2024-05-11 04:30:00+05:30,312.0,28.78,79.38,2024,5
2024-05-11 04:45:00+05:30,311.0,28.72,79.54,2024,5
2024-05-11 05:00:00+05:30,313.0,28.62,79.96000000000001,2024,5
2024-05-11 05:15:00+05:30,312.0,28.64,79.74,2024,5
2024-05-11 05:30:00+05:30,309.0,28.58,80.08,2024,5
2024-05-11 05:45:00+05:30,309.0,28.56,80.35999999999999,2024,5
2024-05-11 06:00:00+05:30,310.0,28.540000000000003,80.6,2024,5
2024-05-11 06:15:00+05:30,316.0,28.58,80.4,2024,5
2024-05-11 06:30:00+05:30,320.0,28.64,80.4,2024,5
2024-05-11 06:45:00+05:30,321.0,28.860000000000003,80.05999999999999,2024,5
2024-05-11 07:00:00+05:30,329.0,29.1,79.22,2024,5
2024-05-11 07:15:00+05:30,334.0,29.44,78.18,2024,5
2024-05-11 07:30:00+05:30,342.0,29.540000000000003,77.34,2024,5
2024-05-11 07:45:00+05:30,353.0,29.660000000000004,76.76,2024,5
2024-05-11 08:00:00+05:30,365.0,29.82,76.04,2024,5
2024-05-11 08:15:00+05:30,378.0,30.24,74.26,2024,5
2024-05-11 08:30:00+05:30,391.0,30.9,72.02,2024,5
2024-05-11 08:45:00+05:30,401.0,31.28,70.18,2024,5
2024-05-11 09:00:00+05:30,416.0,31.78,67.96,2024,5
2024-05-11 09:15:00+05:30,430.0,32.08,67.22,2024,5
2024-05-11 09:30:00+05:30,436.0,32.480000000000004,65.28,2024,5
2024-05-11 09:45:00+05:30,445.0,32.64,64.66,2024,5
2024-05-11 10:00:00+05:30,458.0,32.84,64.02000000000001,2024,5
2024-05-11 10:15:00+05:30,464.0,33.2,61.67999999999999,2024,5
2024-05-11 10:30:00+05:30,470.0,33.279999999999994,62.64,2024,5
2024-05-11 10:45:00+05:30,472.0,33.34,62.94,2024,5
2024-05-11 11:00:00+05:30,478.0,33.34,63.08,2024,5
2024-05-11 11:15:00+05:30,476.0,33.42,63.92,2024,5
2024-05-11 11:30:00+05:30,479.0,33.480000000000004,64.11999999999999,2024,5
2024-05-11 11:45:00+05:30,477.0,33.7,64.08,2024,5
2024-05-11 12:00:00+05:30,477.0,33.64,63.94,2024,5
2024-05-11 12:15:00+05:30,479.0,33.879999999999995,63.31999999999999,2024,5
2024-05-11 12:30:00+05:30,479.0,33.82,63.1,2024,5
2024-05-11 12:45:00+05:30,478.0,33.720000000000006,63.46,2024,5
2024-05-11 13:00:00+05:30,477.0,33.74,63.86,2024,5
2024-05-11 13:15:00+05:30,477.0,33.78,63.64,2024,5
2024-05-11 13:30:00+05:30,473.0,33.78,63.92,2024,5
2024-05-11 13:45:00+05:30,473.0,33.8,63.78,2024,5
2024-05-11 14:00:00+05:30,476.0,33.82,63.5,2024,5
2024-05-11 14:15:00+05:30,479.0,33.7,63.2,2024,5
2024-05-11 14:30:00+05:30,483.0,33.78,62.48,2024,5
2024-05-11 14:45:00+05:30,484.0,33.64,62.8,2024,5
2024-05-11 15:00:00+05:30,485.0,33.760000000000005,61.66,2024,5
2024-05-11 15:15:00+05:30,483.0,33.86000000000001,61.38,2024,5
2024-05-11 15:30:00+05:30,480.0,33.760000000000005,61.3,2024,5
2024-05-11 15:45:00+05:30,479.0,33.58,61.04,2024,5
2024-05-11 16:00:00+05:30,477.0,33.64,61.42,2024,5
2024-05-11 16:15:00+05:30,471.0,33.36,61.66,2024,5
2024-05-11 16:30:00+05:30,466.0,33.4,61.64,2024,5
2024-05-11 16:45:00+05:30,458.0,33.2,62.1,2024,5
2024-05-11 17:00:00+05:30,457.0,33.18,61.84,2024,5
2024-05-11 17:15:00+05:30,454.0,32.86,62.8,2024,5
2024-05-11 17:30:00+05:30,446.0,32.660000000000004,63.08,2024,5
2024-05-11 17:45:00+05:30,443.0,32.58,63.52,2024,5
2024-05-11 18:00:00+05:30,437.0,32.300000000000004,64.48,2024,5
2024-05-11 18:15:00+05:30,430.0,32.16,65.34,2024,5
2024-05-11 18:30:00+05:30,425.0,31.78,66.4,2024,5
2024-05-11 18:45:00+05:30,423.0,31.26,68.68,2024,5
2024-05-11 19:00:00+05:30,423.0,30.96,69.97999999999999,2024,5
2024-05-11 19:15:00+05:30,421.0,30.74,71.36,2024,5
2024-05-11 19:30:00+05:30,423.0,30.62,72.0,2024,5
2024-05-11 19:45:00+05:30,419.0,30.54,72.35999999999999,2024,5
2024-05-11 20:00:00+05:30,414.0,30.5,72.78,2024,5
2024-05-11 20:15:00+05:30,410.0,30.48,73.58000000000001,2024,5
2024-05-11 20:30:00+05:30,410.0,30.5,73.28,2024,5
2024-05-11 20:45:00+05:30,406.0,30.64,72.4,2024,5
2024-05-11 21:00:00+05:30,408.0,30.7,71.82000000000001,2024,5
2024-05-11 21:15:00+05:30,401.0,30.76,72.14000000000001,2024,5
2024-05-11 21:30:00+05:30,402.0,30.76,71.78,2024,5
2024-05-11 21:45:00+05:30,397.0,30.78,71.7,2024,5
2024-05-11 22:00:00+05:30,394.0,30.62,71.88,2024,5
2024-05-11 22:15:00+05:30,393.0,30.46,72.58,2024,5
2024-05-11 22:30:00+05:30,393.0,30.34,72.96000000000001,2024,5
2024-05-11 22:45:00+05:30,390.0,30.28,73.44,2024,5
2024-05-11 23:00:00+05:30,385.0,30.2,73.47999999999999,2024,5
2024-05-11 23:15:00+05:30,380.0,30.2,73.36,2024,5
2024-05-11 23:30:00+05:30,378.0,30.160000000000004,73.14000000000001,2024,5
2024-05-11 23:45:00+05:30,376.0,30.14,73.82000000000001,2024,5
2024-05-12 00:00:00+05:30,371.0,30.059999999999995,74.5,2024,5
2024-05-12 00:15:00+05:30,367.0,30.04,75.02000000000001,2024,5
2024-05-12 00:30:00+05:30,362.0,29.96,76.18,2024,5
2024-05-12 00:45:00+05:30,360.0,29.880000000000003,77.35999999999999,2024,5
2024-05-12 01:00:00+05:30,353.0,29.84,78.02000000000001,2024,5
2024-05-12 01:15:00+05:30,349.0,29.8,78.67999999999999,2024,5
2024-05-12 01:30:00+05:30,342.0,29.7,79.28,2024,5
2024-05-12 01:45:00+05:30,338.0,29.68,79.66,2024,5
2024-05-12 02:00:00+05:30,336.0,29.66,79.84,2024,5
2024-05-12 02:15:00+05:30,335.0,29.66,79.85999999999999,2024,5
2024-05-12 02:30:00+05:30,331.0,29.599999999999994,80.02,2024,5
2024-05-12 02:45:00+05:30,328.0,29.52,80.14,2024,5
2024-05-12 03:00:00+05:30,324.0,29.48,79.92,2024,5
2024-05-12 03:15:00+05:30,320.0,29.54,79.75999999999999,2024,5
2024-05-12 03:30:00+05:30,319.0,29.54,79.44000000000001,2024,5
2024-05-12 03:45:00+05:30,316.0,29.48,79.2,2024,5
2024-05-12 04:00:00+05:30,313.0,29.42,78.92,2024,5
2024-05-12 04:15:00+05:30,312.0,29.380000000000003,79.04,2024,5
2024-05-12 04:30:00+05:30,311.0,29.3,78.82000000000001,2024,5
2024-05-12 04:45:00+05:30,309.0,29.3,78.64000000000001,2024,5
2024-05-12 05:00:00+05:30,307.0,29.28,78.68,2024,5
2024-05-12 05:15:00+05:30,308.0,29.26,78.53999999999999,2024,5
2024-05-12 05:30:00+05:30,307.0,29.26,78.44000000000001,2024,5
2024-05-12 05:45:00+05:30,306.0,29.3,78.46,2024,5
2024-05-12 06:00:00+05:30,304.0,29.28,78.42,2024,5
2024-05-12 06:15:00+05:30,302.0,29.28,78.36000000000001,2024,5
2024-05-12 06:30:00+05:30,304.0,29.28,78.36,2024,5
2024-05-12 06:45:00+05:30,305.0,29.4,78.0,2024,5
2024-05-12 07:00:00+05:30,304.0,29.56,77.62,2024,5
2024-05-12 07:15:00+05:30,304.0,29.8,76.86,2024,5
2024-05-12 07:30:00+05:30,307.0,30.06,75.84,2024,5
2024-05-12 07:45:00+05:30,310.0,30.26,74.52000000000001,2024,5
2024-05-12 08:00:00+05:30,315.0,30.42,73.28,2024,5
2024-05-12 08:15:00+05:30,321.0,30.72,72.14,2024,5
2024-05-12 08:30:00+05:30,324.0,31.160000000000004,70.33999999999999,2024,5
2024-05-12 08:45:00+05:30,330.0,31.48,68.94,2024,5
2024-05-12 09:00:00+05:30,336.0,32.1,65.66,2024,5
2024-05-12 09:15:00+05:30,340.0,32.64,63.44,2024,5
2024-05-12 09:30:00+05:30,345.0,33.1,62.11999999999999,2024,5
2024-05-12 09:45:00+05:30,351.0,33.54,60.66,2024,5
2024-05-12 10:00:00+05:30,358.0,33.5,60.25999999999999,2024,5
2024-05-12 10:15:00+05:30,360.0,33.8,59.17999999999999,2024,5
2024-05-12 10:30:00+05:30,364.0,33.89999999999999,59.46,2024,5
2024-05-12 10:45:00+05:30,371.0,33.88000000000001,59.86,2024,5
2024-05-12 11:00:00+05:30,373.0,33.86,59.92,2024,5
2024-05-12 11:15:00+05:30,378.0,33.86,59.61999999999999,2024,5
2024-05-12 11:30:00+05:30,377.0,34.14,59.120000000000005,2024,5
2024-05-12 11:45:00+05:30,377.0,34.2,59.44,2024,5
2024-05-12 12:00:00+05:30,382.0,34.52,58.2,2024,5
2024-05-12 12:15:00+05:30,382.0,34.56,58.720000000000006,2024,5
2024-05-12 12:30:00+05:30,387.0,34.660000000000004,59.3,2024,5
2024-05-12 12:45:00+05:30,387.0,34.419999999999995,59.96,2024,5
2024-05-12 13:00:00+05:30,388.0,34.26,60.84,2024,5
2024-05-12 13:15:00+05:30,388.0,34.2,60.68000000000001,2024,5
2024-05-12 13:30:00+05:30,388.0,34.12,60.7,2024,5
2024-05-12 13:45:00+05:30,388.0,34.160000000000004,60.580000000000005,2024,5
2024-05-12 14:00:00+05:30,390.0,34.14,59.28,2024,5
2024-05-12 14:15:00+05:30,392.0,34.36,57.44,2024,5
2024-05-12 14:30:00+05:30,390.0,34.2,57.580000000000005,2024,5
2024-05-12 14:45:00+05:30,390.0,34.220000000000006,57.16,2024,5
2024-05-12 15:00:00+05:30,392.0,34.08,57.88,2024,5
2024-05-12 15:15:00+05:30,393.0,34.18000000000001,57.5,2024,5
2024-05-12 15:30:00+05:30,392.0,34.14,57.04,2024,5
2024-05-12 15:45:00+05:30,391.0,33.88,58.2,2024,5
2024-05-12 16:00:00+05:30,391.0,33.64,58.34,2024,5
2024-05-12 16:15:00+05:30,386.0,33.660000000000004,57.84,2024,5
2024-05-12 16:30:00+05:30,383.0,33.56,58.24000000000001,2024,5
2024-05-12 16:45:00+05:30,381.0,33.5,58.3,2024,5
2024-05-12 17:00:00+05:30,380.0,33.239999999999995,58.92,2024,5
2024-05-12 17:15:00+05:30,375.0,33.08,58.80000000000001,2024,5
2024-05-12 17:30:00+05:30,373.0,32.959999999999994,59.36,2024,5
2024-05-12 17:45:00+05:30,373.0,32.760000000000005,60.44,2024,5
2024-05-12 18:00:00+05:30,371.0,32.6,60.96,2024,5
2024-05-12 18:15:00+05:30,369.0,32.400000000000006,61.34000000000001,2024,5
2024-05-12 18:30:00+05:30,371.0,32.14,62.34,2024,5
2024-05-12 18:45:00+05:30,374.0,31.84,62.98,2024,5
2024-05-12 19:00:00+05:30,375.0,31.66,63.67999999999999,2024,5
2024-05-12 19:15:00+05:30,379.0,31.5,64.28,2024,5
2024-05-12 19:30:00+05:30,381.0,31.340000000000003,64.50000000000001,2024,5
2024-05-12 19:45:00+05:30,381.0,31.320000000000004,64.7,2024,5
2024-05-12 20:00:00+05:30,381.0,31.22,64.97999999999999,2024,5
2024-05-12 20:15:00+05:30,380.0,31.22,65.39999999999999,2024,5
2024-05-12 20:30:00+05:30,380.0,31.16,65.7,2024,5
2024-05-12 20:45:00+05:30,380.0,31.14,65.96000000000001,2024,5
2024-05-12 21:00:00+05:30,380.0,31.06,66.64000000000001,2024,5
2024-05-12 21:15:00+05:30,378.0,31.059999999999995,66.82000000000001,2024,5
2024-05-12 21:30:00+05:30,378.0,31.04,67.18,2024,5
2024-05-12 21:45:00+05:30,378.0,31.0,67.41999999999999,2024,5
2024-05-12 22:00:00+05:30,378.0,30.98,67.66,2024,5
2024-05-12 22:15:00+05:30,378.0,30.940000000000005,67.83999999999999,2024,5
2024-05-12 22:30:00+05:30,377.0,30.86,68.52000000000001,2024,5
2024-05-12 22:45:00+05:30,376.0,30.82,69.02000000000001,2024,5
2024-05-12 23:00:00+05:30,376.0,30.78,69.28,2024,5
2024-05-12 23:15:00+05:30,375.0,30.72,69.96,2024,5
2024-05-12 23:30:00+05:30,373.0,30.68,70.22,2024,5
2024-05-12 23:45:00+05:30,372.0,30.660000000000004,70.84,2024,5
2024-05-13 00:00:00+05:30,368.0,30.64,71.42,2024,5
2024-05-13 00:15:00+05:30,360.0,30.579999999999995,72.0,2024,5
2024-05-13 00:30:00+05:30,355.0,30.56,72.32,2024,5
2024-05-13 00:45:00+05:30,348.0,30.5,73.18,2024,5
2024-05-13 01:00:00+05:30,344.0,30.48,73.66000000000001,2024,5
2024-05-13 01:15:00+05:30,339.0,30.46,73.96,2024,5
2024-05-13 01:30:00+05:30,339.0,30.48,74.12,2024,5
2024-05-13 01:45:00+05:30,335.0,30.42,74.24,2024,5
2024-05-13 02:00:00+05:30,329.0,30.4,74.47999999999999,2024,5
2024-05-13 02:15:00+05:30,326.0,30.380000000000003,74.78,2024,5
2024-05-13 02:30:00+05:30,321.0,30.360000000000003,75.02000000000001,2024,5
2024-05-13 02:45:00+05:30,320.0,30.28,75.5,2024,5
2024-05-13 03:00:00+05:30,318.0,30.22000000000001,75.67999999999999,2024,5
2024-05-13 03:15:00+05:30,314.0,30.16,75.58,2024,5
2024-05-13 03:30:00+05:30,312.0,30.14,75.75999999999999,2024,5
2024-05-13 03:45:00+05:30,312.0,30.1,75.83999999999999,2024,5
2024-05-13 04:00:00+05:30,311.0,30.04,76.16,2024,5
2024-05-13 04:15:00+05:30,310.0,30.02,76.38,2024,5
2024-05-13 04:30:00+05:30,310.0,30.0,76.72,2024,5
2024-05-13 04:45:00+05:30,310.0,29.96,77.05999999999999,2024,5
2024-05-13 05:00:00+05:30,313.0,29.92,77.34,2024,5
2024-05-13 05:15:00+05:30,313.0,29.92,77.72,2024,5
2024-05-13 05:30:00+05:30,314.0,29.860000000000003,77.88,2024,5
2024-05-13 05:45:00+05:30,318.0,29.84,78.17999999999999,2024,5
2024-05-13 06:00:00+05:30,319.0,29.820000000000004,78.35999999999999,2024,5
2024-05-13 06:15:00+05:30,326.0,29.8,78.7,2024,5
2024-05-13 06:30:00+05:30,334.0,29.82,78.97999999999999,2024,5
2024-05-13 06:45:00+05:30,341.0,29.860000000000003,79.04,2024,5
2024-05-13 07:00:00+05:30,358.0,30.0,78.84,2024,5
2024-05-13 07:15:00+05:30,376.0,30.1,78.54,2024,5
2024-05-13 07:30:00+05:30,394.0,30.28,78.03999999999999,2024,5
2024-05-13 07:45:00+05:30,415.0,30.440000000000005,77.56,2024,5
2024-05-13 08:00:00+05:30,436.0,30.7,76.42,2024,5
2024-05-13 08:15:00+05:30,456.0,30.9,75.22,2024,5
2024-05-13 08:30:00+05:30,476.0,31.1,74.34,2024,5
2024-05-13 08:45:00+05:30,492.0,31.56,72.1,2024,5
2024-05-13 09:00:00+05:30,508.0,32.16,70.2,2024,5
2024-05-13 09:15:00+05:30,523.0,32.52,68.36,2024,5
2024-05-13 09:30:00+05:30,535.0,32.86,66.53999999999999,2024,5
2024-05-13 09:45:00+05:30,548.0,33.16,65.44,2024,5
2024-05-13 10:00:00+05:30,559.0,33.2,66.2,2024,5
2024-05-13 10:15:00+05:30,567.0,33.480000000000004,65.38000000000001,2024,5
2024-05-13 10:30:00+05:30,573.0,33.68,64.63999999999999,2024,5
2024-05-13 10:45:00+05:30,575.0,33.82000000000001,64.44000000000001,2024,5
2024-05-13 11:00:00+05:30,578.0,34.02,63.82000000000001,2024,5
2024-05-13 11:15:00+05:30,578.0,34.3,62.620000000000005,2024,5
2024-05-13 11:30:00+05:30,578.0,34.4,62.540000000000006,2024,5
2024-05-13 11:45:00+05:30,578.0,34.46,62.32000000000001,2024,5
2024-05-13 12:00:00+05:30,579.0,34.48,62.86,2024,5
2024-05-13 12:15:00+05:30,580.0,34.36,63.1,2024,5
2024-05-13 12:30:00+05:30,580.0,34.440000000000005,62.61999999999999,2024,5
2024-05-13 12:45:00+05:30,579.0,34.34,62.94,2024,5
2024-05-13 13:00:00+05:30,575.0,34.3,63.21999999999999,2024,5
2024-05-13 13:15:00+05:30,572.0,34.17999999999999,63.25999999999999,2024,5
2024-05-13 13:30:00+05:30,575.0,33.98,63.38000000000001,2024,5
2024-05-13 13:45:00+05:30,576.0,33.94,63.120000000000005,2024,5
2024-05-13 14:00:00+05:30,576.0,33.8,63.28000000000001,2024,5
2024-05-13 14:15:00+05:30,578.0,33.9,63.16,2024,5
2024-05-13 14:30:00+05:30,582.0,33.84,62.84,2024,5
2024-05-13 14:45:00+05:30,584.0,33.96,62.16,2024,5
2024-05-13 15:00:00+05:30,584.0,33.660000000000004,63.34000000000001,2024,5
2024-05-13 15:15:00+05:30,584.0,33.8,62.38000000000001,2024,5
2024-05-13 15:30:00+05:30,585.0,33.720000000000006,62.2,2024,5
2024-05-13 15:45:00+05:30,500.0,33.58,62.52,2024,5
2024-05-13 16:00:00+05:30,463.0,32.08,59.5,2024,5
2024-05-13 16:15:00+05:30,424.0,29.3,66.7,2024,5
2024-05-13 16:30:00+05:30,423.0,27.879999999999995,70.42,2024,5
2024-05-13 16:45:00+05:30,429.0,27.72,71.66,2024,5
2024-05-13 17:00:00+05:30,436.0,27.74,72.88,2024,5
2024-05-13 17:15:00+05:30,435.0,27.76,73.08,2024,5
2024-05-13 17:30:00+05:30,438.0,27.96,72.54,2024,5
2024-05-13 17:45:00+05:30,439.0,28.32,72.66000000000001,2024,5
2024-05-13 18:00:00+05:30,446.0,28.4,72.6,2024,5
2024-05-13 18:15:00+05:30,443.0,28.48,73.28,2024,5
2024-05-13 18:30:00+05:30,440.0,28.840000000000003,71.7,2024,5
2024-05-13 18:45:00+05:30,438.0,29.0,71.53999999999999,2024,5
2024-05-13 19:00:00+05:30,435.0,28.98,72.17999999999999,2024,5
2024-05-13 19:15:00+05:30,431.0,28.82,73.96000000000001,2024,5
2024-05-13 19:30:00+05:30,426.0,28.68,73.48,2024,5
2024-05-13 19:45:00+05:30,422.0,28.74,73.22,2024,5
2024-05-13 20:00:00+05:30,415.0,28.74,72.85999999999999,2024,5
2024-05-13 20:15:00+05:30,410.0,28.76,72.85999999999999,2024,5
2024-05-13 20:30:00+05:30,407.0,28.940000000000005,72.66,2024,5
2024-05-13 20:45:00+05:30,404.0,28.92,72.93999999999998,2024,5
2024-05-13 21:00:00+05:30,398.0,28.96,73.08000000000001,2024,5
2024-05-13 21:15:00+05:30,392.0,29.059999999999995,72.9,2024,5
2024-05-13 21:30:00+05:30,384.0,29.04,73.41999999999999,2024,5
2024-05-13 21:45:00+05:30,381.0,29.059999999999995,73.7,2024,5
2024-05-13 22:00:00+05:30,379.0,28.96,74.53999999999999,2024,5
2024-05-13 22:15:00+05:30,379.0,28.94,74.78,2024,5
2024-05-13 22:30:00+05:30,378.0,28.880000000000003,74.88,2024,5
2024-05-13 22:45:00+05:30,376.0,28.860000000000003,74.62,2024,5
2024-05-13 23:00:00+05:30,367.0,28.7,74.61999999999999,2024,5
2024-05-13 23:15:00+05:30,365.0,28.660000000000004,74.63999999999999,2024,5
2024-05-13 23:30:00+05:30,361.0,28.66,74.94000000000001,2024,5
2024-05-13 23:45:00+05:30,357.0,28.72,75.54,2024,5
2024-05-14 00:00:00+05:30,354.0,28.78,75.94,2024,5
2024-05-14 00:15:00+05:30,350.0,28.82,76.28,2024,5
2024-05-14 00:30:00+05:30,346.0,28.78,76.86,2024,5
2024-05-14 00:45:00+05:30,343.0,28.820000000000004,77.22,2024,5
2024-05-14 01:00:00+05:30,332.0,28.820000000000004,77.48,2024,5
2024-05-14 01:15:00+05:30,327.0,28.76,77.72,2024,5
2024-05-14 01:30:00+05:30,326.0,28.84,77.86,2024,5
2024-05-14 01:45:00+05:30,322.0,28.86,78.05999999999999,2024,5
2024-05-14 02:00:00+05:30,316.0,28.76,78.47999999999999,2024,5
2024-05-14 02:15:00+05:30,315.0,28.82,78.4,2024,5
2024-05-14 02:30:00+05:30,313.0,28.820000000000004,78.32000000000001,2024,5
2024-05-14 02:45:00+05:30,310.0,28.64,76.9,2024,5
2024-05-14 03:00:00+05:30,305.0,28.54,75.7,2024,5
2024-05-14 03:15:00+05:30,302.0,28.5,75.47999999999999,2024,5
2024-05-14 03:30:00+05:30,302.0,28.379999999999995,75.52000000000001,2024,5
2024-05-14 03:45:00+05:30,299.0,28.379999999999995,75.04,2024,5
2024-05-14 04:00:00+05:30,298.0,28.36,74.9,2024,5
2024-05-14 04:15:00+05:30,298.0,28.3,74.94,2024,5
2024-05-14 04:30:00+05:30,297.0,28.26,74.9,2024,5
2024-05-14 04:45:00+05:30,300.0,28.26,75.24000000000001,2024,5
2024-05-14 05:00:00+05:30,299.0,28.26,75.16,2024,5
2024-05-14 05:15:00+05:30,300.0,28.2,75.66,2024,5
2024-05-14 05:30:00+05:30,303.0,28.0,76.76,2024,5
2024-05-14 05:45:00+05:30,305.0,27.880000000000003,77.2,2024,5
2024-05-14 06:00:00+05:30,307.0,27.84,77.94,2024,5
2024-05-14 06:15:00+05:30,314.0,27.860000000000003,78.03999999999999,2024,5
2024-05-14 06:30:00+05:30,322.0,27.920000000000005,78.06,2024,5
2024-05-14 06:45:00+05:30,329.0,28.0,78.32000000000001,2024,5
2024-05-14 07:00:00+05:30,339.0,28.26,77.44,2024,5
2024-05-14 07:15:00+05:30,358.0,28.62,76.84,2024,5
2024-05-14 07:30:00+05:30,372.0,29.02,75.46,2024,5
2024-05-14 07:45:00+05:30,392.0,29.46,74.14,2024,5
2024-05-14 08:00:00+05:30,415.0,29.860000000000003,72.16,2024,5
2024-05-14 08:15:00+05:30,432.0,30.3,71.14,2024,5
2024-05-14 08:30:00+05:30,450.0,30.84,69.5,2024,5
2024-05-14 08:45:00+05:30,469.0,31.48,67.17999999999999,2024,5
2024-05-14 09:00:00+05:30,488.0,32.1,65.12,2024,5
2024-05-14 09:15:00+05:30,505.0,32.74,62.620000000000005,2024,5
2024-05-14 09:30:00+05:30,515.0,33.260000000000005,60.58,2024,5
2024-05-14 09:45:00+05:30,526.0,33.65999999999999,58.92,2024,5
2024-05-14 10:00:00+05:30,535.0,34.02,56.9,2024,5
2024-05-14 10:15:00+05:30,545.0,34.42,54.82000000000001,2024,5
2024-05-14 10:30:00+05:30,552.0,34.78,52.08,2024,5
2024-05-14 10:45:00+05:30,555.0,35.1,51.6,2024,5
2024-05-14 11:00:00+05:30,556.0,35.56,48.72,2024,5
2024-05-14 11:15:00+05:30,556.0,35.92,46.8,2024,5
2024-05-14 11:30:00+05:30,558.0,36.28,46.0,2024,5
2024-05-14 11:45:00+05:30,559.0,36.17999999999999,49.88,2024,5
2024-05-14 12:00:00+05:30,560.0,35.900000000000006,53.34,2024,5
2024-05-14 12:15:00+05:30,559.0,35.4,55.66,2024,5
2024-05-14 12:30:00+05:30,562.0,34.96,59.74,2024,5
2024-05-14 12:45:00+05:30,563.0,35.02,59.580000000000005,2024,5
2024-05-14 13:00:00+05:30,562.0,34.96,59.56,2024,5
2024-05-14 13:15:00+05:30,562.0,35.120000000000005,59.55999999999999,2024,5
2024-05-14 13:30:00+05:30,562.0,35.3,57.7,2024,5
2024-05-14 13:45:00+05:30,565.0,35.4,57.74000000000001,2024,5
2024-05-14 14:00:00+05:30,568.0,35.480000000000004,56.580000000000005,2024,5
2024-05-14 14:15:00+05:30,572.0,35.52,56.58,2024,5
2024-05-14 14:30:00+05:30,578.0,35.480000000000004,57.260000000000005,2024,5
2024-05-14 14:45:00+05:30,578.0,35.36,57.74,2024,5
2024-05-14 15:00:00+05:30,581.0,35.42,58.46,2024,5
2024-05-14 15:15:00+05:30,580.0,35.440000000000005,57.32000000000001,2024,5
2024-05-14 15:30:00+05:30,577.0,35.64,56.64,2024,5
2024-05-14 15:45:00+05:30,577.0,35.38,55.4,2024,5
2024-05-14 16:00:00+05:30,571.0,35.11999999999999,54.56,2024,5
2024-05-14 16:15:00+05:30,565.0,35.08,55.220000000000006,2024,5
2024-05-14 16:30:00+05:30,559.0,34.96,54.71999999999999,2024,5
2024-05-14 16:45:00+05:30,558.0,35.04,54.84,2024,5
2024-05-14 17:00:00+05:30,552.0,34.480000000000004,56.04,2024,5
2024-05-14 17:15:00+05:30,544.0,34.18,55.74,2024,5
2024-05-14 17:30:00+05:30,533.0,34.02,56.88,2024,5
2024-05-14 17:45:00+05:30,524.0,33.739999999999995,58.25999999999999,2024,5
2024-05-14 18:00:00+05:30,511.0,33.46,59.68000000000001,2024,5
2024-05-14 18:15:00+05:30,499.0,33.56,59.34,2024,5
2024-05-14 18:30:00+05:30,495.0,33.54,58.98,2024,5
2024-05-14 18:45:00+05:30,488.0,33.28,55.4,2024,5
2024-05-14 19:00:00+05:30,476.0,32.96,54.38,2024,5
2024-05-14 19:15:00+05:30,466.0,32.64,53.78000000000001,2024,5
2024-05-14 19:30:00+05:30,455.0,32.44,53.88,2024,5
2024-05-14 19:45:00+05:30,447.0,32.239999999999995,54.38,2024,5
2024-05-14 20:00:00+05:30,440.0,32.08,55.16,2024,5
2024-05-14 20:15:00+05:30,430.0,32.04,55.760000000000005,2024,5
2024-05-14 20:30:00+05:30,423.0,31.8,57.82000000000001,2024,5
2024-05-14 20:45:00+05:30,418.0,31.6,59.0,2024,5
2024-05-14 21:00:00+05:30,417.0,31.4,59.46,2024,5
2024-05-14 21:15:00+05:30,414.0,31.3,61.75999999999999,2024,5
2024-05-14 21:30:00+05:30,412.0,31.1,64.26,2024,5
2024-05-14 21:45:00+05:30,407.0,31.12,64.06,2024,5
2024-05-14 22:00:00+05:30,401.0,31.1,62.260000000000005,2024,5
2024-05-14 22:15:00+05:30,400.0,31.04,60.48,2024,5
2024-05-14 22:30:00+05:30,398.0,30.92,59.66,2024,5
2024-05-14 22:45:00+05:30,394.0,30.8,60.11999999999999,2024,5
2024-05-14 23:00:00+05:30,387.0,30.66,58.58,2024,5
2024-05-14 23:15:00+05:30,382.0,30.5,58.75999999999999,2024,5
2024-05-14 23:30:00+05:30,374.0,30.32,59.6,2024,5
2024-05-14 23:45:00+05:30,372.0,30.22,60.46,2024,5
2024-05-15 00:00:00+05:30,371.0,30.18,60.36,2024,5
2024-05-15 00:15:00+05:30,367.0,30.140000000000004,60.82000000000001,2024,5
2024-05-15 00:30:00+05:30,358.0,30.04,61.36,2024,5
2024-05-15 00:45:00+05:30,359.0,30.0,62.540000000000006,2024,5
2024-05-15 01:00:00+05:30,351.0,29.96,63.6,2024,5
2024-05-15 01:15:00+05:30,344.0,29.94,66.46,2024,5
2024-05-15 01:30:00+05:30,339.0,29.860000000000003,70.19999999999999,2024,5
2024-05-15 01:45:00+05:30,340.0,29.840000000000003,72.64,2024,5
2024-05-15 02:00:00+05:30,335.0,29.76,74.14,2024,5
2024-05-15 02:15:00+05:30,332.0,29.74,74.82,2024,5
2024-05-15 02:30:00+05:30,327.0,29.9,75.32000000000001,2024,5
2024-05-15 02:45:00+05:30,322.0,29.880000000000003,76.02000000000001,2024,5
2024-05-15 03:00:00+05:30,322.0,29.9,76.66000000000001,2024,5
2024-05-15 03:15:00+05:30,320.0,29.84,77.42,2024,5
2024-05-15 03:30:00+05:30,317.0,29.76,78.08,2024,5
2024-05-15 03:45:00+05:30,316.0,29.78,78.46000000000001,2024,5
2024-05-15 04:00:00+05:30,313.0,29.76,78.14000000000001,2024,5
2024-05-15 04:15:00+05:30,311.0,29.72,77.74000000000001,2024,5
2024-05-15 04:30:00+05:30,311.0,29.72,77.56,2024,5
2024-05-15 04:45:00+05:30,311.0,29.640000000000004,77.34,2024,5
2024-05-15 05:00:00+05:30,313.0,29.579999999999995,76.94,2024,5
2024-05-15 05:15:00+05:30,315.0,29.46,76.67999999999999,2024,5
2024-05-15 05:30:00+05:30,315.0,29.26,76.52000000000001,2024,5
2024-05-15 05:45:00+05:30,316.0,29.24,76.23999999999998,2024,5
2024-05-15 06:00:00+05:30,317.0,29.22000000000001,75.58000000000001,2024,5
2024-05-15 06:15:00+05:30,320.0,29.22,75.20000000000002,2024,5
2024-05-15 06:30:00+05:30,326.0,29.32,74.05999999999999,2024,5
2024-05-15 06:45:00+05:30,334.0,29.36,73.7,2024,5
2024-05-15 07:00:00+05:30,350.0,29.54,72.72,2024,5
2024-05-15 07:15:00+05:30,365.0,29.76,71.0,2024,5
2024-05-15 07:30:00+05:30,380.0,30.02,70.24,2024,5
2024-05-15 07:45:00+05:30,397.0,30.32,68.24,2024,5
2024-05-15 08:00:00+05:30,421.0,30.68,66.66,2024,5
2024-05-15 08:15:00+05:30,438.0,31.1,64.5,2024,5
2024-05-15 08:30:00+05:30,458.0,31.68,61.96,2024,5
2024-05-15 08:45:00+05:30,475.0,32.26,59.260000000000005,2024,5
2024-05-15 09:00:00+05:30,491.0,32.98,56.58,2024,5
2024-05-15 09:15:00+05:30,504.0,33.480000000000004,54.16,2024,5
2024-05-15 09:30:00+05:30,514.0,34.08,51.98,2024,5
2024-05-15 09:45:00+05:30,522.0,34.61999999999999,49.94,2024,5
2024-05-15 10:00:00+05:30,534.0,34.879999999999995,49.3,2024,5
2024-05-15 10:15:00+05:30,541.0,35.34,48.48,2024,5
2024-05-15 10:30:00+05:30,542.0,35.580000000000005,47.260000000000005,2024,5
2024-05-15 10:45:00+05:30,545.0,35.800000000000004,46.34,2024,5
2024-05-15 11:00:00+05:30,551.0,36.08,45.78,2024,5
2024-05-15 11:15:00+05:30,552.0,36.24,45.85999999999999,2024,5
2024-05-15 11:30:00+05:30,549.0,36.48,44.72,2024,5
2024-05-15 11:45:00+05:30,547.0,36.71999999999999,43.58,2024,5
2024-05-15 12:00:00+05:30,549.0,36.67999999999999,45.68,2024,5
2024-05-15 12:15:00+05:30,547.0,36.92,44.67999999999999,2024,5
2024-05-15 12:30:00+05:30,549.0,36.94,45.02,2024,5
2024-05-15 12:45:00+05:30,553.0,37.0,45.64,2024,5
2024-05-15 13:00:00+05:30,550.0,37.02,45.44,2024,5
2024-05-15 13:15:00+05:30,548.0,37.14,45.17999999999999,2024,5
2024-05-15 13:30:00+05:30,550.0,37.2,45.3,2024,5
2024-05-15 13:45:00+05:30,551.0,37.2,45.68000000000001,2024,5
2024-05-15 14:00:00+05:30,556.0,37.260000000000005,45.76,2024,5
2024-05-15 14:15:00+05:30,561.0,37.04,46.260000000000005,2024,5
2024-05-15 14:30:00+05:30,562.0,37.12,46.540000000000006,2024,5
2024-05-15 14:45:00+05:30,563.0,37.04,47.3,2024,5
2024-05-15 15:00:00+05:30,569.0,36.66,49.12,2024,5
2024-05-15 15:15:00+05:30,573.0,36.78,49.1,2024,5
2024-05-15 15:30:00+05:30,568.0,36.98,49.620000000000005,2024,5
2024-05-15 15:45:00+05:30,565.0,36.28,51.44000000000001,2024,5
2024-05-15 16:00:00+05:30,565.0,36.2,51.96,2024,5
2024-05-15 16:15:00+05:30,561.0,35.89999999999999,52.98,2024,5
2024-05-15 16:30:00+05:30,558.0,35.72,54.34,2024,5
2024-05-15 16:45:00+05:30,552.0,35.54,55.28,2024,5
2024-05-15 17:00:00+05:30,551.0,35.32,55.5,2024,5
2024-05-15 17:15:00+05:30,546.0,35.28,56.92,2024,5
2024-05-15 17:30:00+05:30,538.0,34.99999999999999,58.44,2024,5
2024-05-15 17:45:00+05:30,527.0,34.64,59.84,2024,5
2024-05-15 18:00:00+05:30,515.0,34.42,61.36,2024,5
2024-05-15 18:15:00+05:30,504.0,33.9,63.46,2024,5
2024-05-15 18:30:00+05:30,494.0,33.4,65.12,2024,5
2024-05-15 18:45:00+05:30,489.0,32.92,66.53999999999999,2024,5
2024-05-15 19:00:00+05:30,483.0,32.5,68.38000000000001,2024,5
2024-05-15 19:15:00+05:30,478.0,32.260000000000005,69.76,2024,5
2024-05-15 19:30:00+05:30,471.0,32.18,70.14000000000001,2024,5
2024-05-15 19:45:00+05:30,465.0,32.24,69.22,2024,5
2024-05-15 20:00:00+05:30,460.0,32.24,68.94,2024,5
2024-05-15 20:15:00+05:30,455.0,32.3,68.66,2024,5
2024-05-15 20:30:00+05:30,452.0,32.260000000000005,69.5,2024,5
2024-05-15 20:45:00+05:30,449.0,32.18000000000001,70.4,2024,5
2024-05-15 21:00:00+05:30,445.0,32.14,71.47999999999999,2024,5
2024-05-15 21:15:00+05:30,445.0,32.04,72.38,2024,5
2024-05-15 21:30:00+05:30,441.0,31.9,73.88,2024,5
2024-05-15 21:45:00+05:30,439.0,31.8,74.91999999999999,2024,5
2024-05-15 22:00:00+05:30,434.0,31.72000000000001,76.12,2024,5
2024-05-15 22:15:00+05:30,432.0,31.64,76.62,2024,5
2024-05-15 22:30:00+05:30,430.0,31.54,77.28,2024,5
2024-05-15 22:45:00+05:30,428.0,31.4,77.98,2024,5
2024-05-15 23:00:00+05:30,423.0,31.36,78.46,2024,5
2024-05-15 23:15:00+05:30,418.0,31.3,78.17999999999999,2024,5
2024-05-15 23:30:00+05:30,408.0,31.24,77.8,2024,5
2024-05-15 23:45:00+05:30,404.0,31.22,77.46,2024,5
2024-05-16 00:00:00+05:30,396.0,31.160000000000004,77.66,2024,5
2024-05-16 00:15:00+05:30,390.0,31.1,78.26,2024,5
2024-05-16 00:30:00+05:30,380.0,31.06,78.70000000000002,2024,5
2024-05-16 00:45:00+05:30,374.0,31.0,79.14000000000001,2024,5
2024-05-16 01:00:00+05:30,367.0,31.02,79.14,2024,5
2024-05-16 01:15:00+05:30,362.0,31.06,79.3,2024,5
2024-05-16 01:30:00+05:30,360.0,31.06,79.38,2024,5
2024-05-16 01:45:00+05:30,356.0,31.020000000000003,79.47999999999999,2024,5
2024-05-16 02:00:00+05:30,352.0,31.02,79.3,2024,5
2024-05-16 02:15:00+05:30,343.0,30.98,79.72,2024,5
2024-05-16 02:30:00+05:30,340.0,30.92,79.96000000000001,2024,5
2024-05-16 02:45:00+05:30,338.0,30.840000000000003,80.54,2024,5
2024-05-16 03:00:00+05:30,339.0,30.82,80.63999999999999,2024,5
2024-05-16 03:15:00+05:30,332.0,30.78,80.68,2024,5
2024-05-16 03:30:00+05:30,328.0,30.72000000000001,81.1,2024,5
2024-05-16 03:45:00+05:30,330.0,30.62,81.24,2024,5
2024-05-16 04:00:00+05:30,327.0,30.54,81.7,2024,5
2024-05-16 04:15:00+05:30,326.0,30.46,82.35999999999999,2024,5
2024-05-16 04:30:00+05:30,326.0,30.44,82.80000000000001,2024,5
2024-05-16 04:45:00+05:30,325.0,30.46,82.66,2024,5
2024-05-16 05:00:00+05:30,327.0,30.48,82.47999999999999,2024,5
2024-05-16 05:15:00+05:30,327.0,30.52,82.18,2024,5
2024-05-16 05:30:00+05:30,328.0,30.58,82.1,2024,5
2024-05-16 05:45:00+05:30,331.0,30.540000000000003,81.96000000000001,2024,5
2024-05-16 06:00:00+05:30,334.0,30.6,81.46000000000001,2024,5
2024-05-16 06:15:00+05:30,340.0,30.58,81.16,2024,5
2024-05-16 06:30:00+05:30,346.0,30.72,80.96000000000001,2024,5
2024-05-16 06:45:00+05:30,353.0,30.84,80.50000000000001,2024,5
2024-05-16 07:00:00+05:30,368.0,31.020000000000003,79.56,2024,5
2024-05-16 07:15:00+05:30,385.0,31.16,79.66,2024,5
2024-05-16 07:30:00+05:30,402.0,31.28,79.08,2024,5
2024-05-16 07:45:00+05:30,421.0,31.4,78.52000000000001,2024,5
2024-05-16 08:00:00+05:30,445.0,31.54,78.18,2024,5
2024-05-16 08:15:00+05:30,465.0,31.880000000000003,76.42,2024,5
2024-05-16 08:30:00+05:30,485.0,32.52,74.28,2024,5
2024-05-16 08:45:00+05:30,501.0,32.940000000000005,72.4,2024,5
2024-05-16 09:00:00+05:30,519.0,33.46,70.28,2024,5
2024-05-16 09:15:00+05:30,533.0,33.779999999999994,68.36000000000001,2024,5
2024-05-16 09:30:00+05:30,545.0,34.18,65.42,2024,5
2024-05-16 09:45:00+05:30,556.0,34.559999999999995,63.31999999999999,2024,5
2024-05-16 10:00:00+05:30,568.0,34.88,62.52,2024,5
2024-05-16 10:15:00+05:30,575.0,35.02,63.74,2024,5
2024-05-16 10:30:00+05:30,580.0,35.14,62.9,2024,5
2024-05-16 10:45:00+05:30,589.0,35.2,62.17999999999999,2024,5
2024-05-16 11:00:00+05:30,592.0,35.239999999999995,63.52,2024,5
2024-05-16 11:15:00+05:30,592.0,35.28,64.8,2024,5
2024-05-16 11:30:00+05:30,592.0,35.14,65.66,2024,5
2024-05-16 11:45:00+05:30,592.0,34.98,66.10000000000001,2024,5
2024-05-16 12:00:00+05:30,592.0,35.040000000000006,66.24,2024,5
2024-05-16 12:15:00+05:30,595.0,35.04,65.94,2024,5
2024-05-16 12:30:00+05:30,595.0,35.04,64.88,2024,5
2024-05-16 12:45:00+05:30,593.0,35.12,64.7,2024,5
2024-05-16 13:00:00+05:30,591.0,35.239999999999995,63.0,2024,5
2024-05-16 13:15:00+05:30,591.0,35.239999999999995,62.6,2024,5
2024-05-16 13:30:00+05:30,588.0,35.4,60.32000000000001,2024,5
2024-05-16 13:45:00+05:30,590.0,35.459999999999994,58.84,2024,5
2024-05-16 14:00:00+05:30,591.0,35.720000000000006,58.05999999999999,2024,5
2024-05-16 14:15:00+05:30,596.0,35.8,57.48,2024,5
2024-05-16 14:30:00+05:30,598.0,35.68,57.85999999999999,2024,5
2024-05-16 14:45:00+05:30,598.0,35.26,58.54,2024,5
2024-05-16 15:00:00+05:30,595.0,35.22,60.56,2024,5
2024-05-16 15:15:00+05:30,598.0,35.78,59.4,2024,5
2024-05-16 15:30:00+05:30,596.0,35.67999999999999,60.32000000000001,2024,5
2024-05-16 15:45:00+05:30,593.0,35.48,60.02,2024,5
2024-05-16 16:00:00+05:30,592.0,35.52,59.28,2024,5
2024-05-16 16:15:00+05:30,589.0,35.22,60.7,2024,5
2024-05-16 16:30:00+05:30,586.0,35.34,60.4,2024,5
2024-05-16 16:45:00+05:30,579.0,35.08,59.2,2024,5
2024-05-16 17:00:00+05:30,574.0,35.38,58.11999999999999,2024,5
2024-05-16 17:15:00+05:30,563.0,35.58,54.28,2024,5
2024-05-16 17:30:00+05:30,547.0,35.6,52.06,2024,5
2024-05-16 17:45:00+05:30,534.0,35.22,52.120000000000005,2024,5
2024-05-16 18:00:00+05:30,516.0,34.54,51.720000000000006,2024,5
2024-05-16 18:15:00+05:30,505.0,33.99999999999999,54.96,2024,5
2024-05-16 18:30:00+05:30,498.0,33.58,53.16,2024,5
2024-05-16 18:45:00+05:30,484.0,33.1,50.50000000000001,2024,5
2024-05-16 19:00:00+05:30,474.0,32.919999999999995,51.7,2024,5
2024-05-16 19:15:00+05:30,464.0,32.739999999999995,51.64000000000001,2024,5
2024-05-16 19:30:00+05:30,455.0,32.660000000000004,51.38000000000001,2024,5
2024-05-16 19:45:00+05:30,449.0,32.44,51.28,2024,5
2024-05-16 20:00:00+05:30,444.0,32.06,53.74000000000001,2024,5
2024-05-16 20:15:00+05:30,438.0,31.84,54.42,2024,5
2024-05-16 20:30:00+05:30,430.0,31.62,55.540000000000006,2024,5
2024-05-16 20:45:00+05:30,423.0,31.46,56.0,2024,5
2024-05-16 21:00:00+05:30,421.0,31.399999999999995,55.260000000000005,2024,5
2024-05-16 21:15:00+05:30,418.0,31.340000000000003,56.34,2024,5
2024-05-16 21:30:00+05:30,416.0,31.4,56.16,2024,5
2024-05-16 21:45:00+05:30,414.0,31.48,57.1,2024,5
2024-05-16 22:00:00+05:30,412.0,31.4,58.28,2024,5
2024-05-16 22:15:00+05:30,409.0,31.42,57.760000000000005,2024,5
2024-05-16 22:30:00+05:30,406.0,31.379999999999995,59.02,2024,5
2024-05-16 22:45:00+05:30,406.0,31.24,59.34000000000001,2024,5
2024-05-16 23:00:00+05:30,399.0,31.18,59.2,2024,5
2024-05-16 23:15:00+05:30,394.0,31.06,59.6,2024,5
2024-05-16 23:30:00+05:30,389.0,31.059999999999995,59.94,2024,5
2024-05-16 23:45:00+05:30,389.0,30.94,59.58,2024,5
2024-05-17 00:00:00+05:30,379.0,29.9,79.0,2024,5
2024-05-17 00:15:00+05:30,376.0,29.8,80.0,2024,5
2024-05-17 00:30:00+05:30,370.0,29.7,81.0,2024,5
2024-05-17 00:45:00+05:30,365.0,29.6,82.0,2024,5
2024-05-17 01:00:00+05:30,359.0,29.6,81.0,2024,5
2024-05-17 01:15:00+05:30,353.0,29.5,82.0,2024,5
2024-05-17 01:30:00+05:30,347.0,29.4,83.0,2024,5
2024-05-17 01:45:00+05:30,346.0,29.3,83.0,2024,5
2024-05-17 02:00:00+05:30,341.0,29.2,85.0,2024,5
2024-05-17 02:15:00+05:30,342.0,29.1,86.0,2024,5
2024-05-17 02:30:00+05:30,337.0,29.0,86.0,2024,5
2024-05-17 02:45:00+05:30,330.0,29.0,87.0,2024,5
2024-05-17 03:00:00+05:30,327.0,28.8,87.0,2024,5
2024-05-17 03:15:00+05:30,325.0,28.7,88.0,2024,5
2024-05-17 03:30:00+05:30,322.0,28.7,88.0,2024,5
2024-05-17 03:45:00+05:30,318.0,28.6,88.0,2024,5
2024-05-17 04:00:00+05:30,316.0,28.5,89.0,2024,5
2024-05-17 04:15:00+05:30,315.0,28.4,89.0,2024,5
2024-05-17 04:30:00+05:30,315.0,28.4,89.0,2024,5
2024-05-17 04:45:00+05:30,318.0,28.4,89.0,2024,5
2024-05-17 05:00:00+05:30,322.0,28.4,89.0,2024,5
2024-05-17 05:15:00+05:30,323.0,28.3,89.0,2024,5
2024-05-17 05:30:00+05:30,321.0,28.3,89.0,2024,5
2024-05-17 05:45:00+05:30,322.0,28.4,89.0,2024,5
2024-05-17 06:00:00+05:30,325.0,28.4,88.0,2024,5
2024-05-17 06:15:00+05:30,327.0,28.5,88.0,2024,5
2024-05-17 06:30:00+05:30,337.0,28.6,87.0,2024,5
2024-05-17 06:45:00+05:30,343.0,28.7,87.0,2024,5
2024-05-17 07:00:00+05:30,356.0,28.8,86.0,2024,5
2024-05-17 07:15:00+05:30,367.0,29.0,85.0,2024,5
2024-05-17 07:30:00+05:30,383.0,29.2,84.0,2024,5
2024-05-17 07:45:00+05:30,403.0,29.4,83.0,2024,5
2024-05-17 08:00:00+05:30,426.0,29.5,81.0,2024,5
2024-05-17 08:15:00+05:30,443.0,29.8,80.0,2024,5
2024-05-17 08:30:00+05:30,462.0,30.1,78.0,2024,5
2024-05-17 08:45:00+05:30,479.0,30.4,76.0,2024,5
2024-05-17 09:00:00+05:30,498.0,30.7,74.0,2024,5
2024-05-17 09:15:00+05:30,512.0,31.1,72.0,2024,5
2024-05-17 09:30:00+05:30,524.0,31.4,70.0,2024,5
2024-05-17 09:45:00+05:30,538.0,31.8,68.0,2024,5
2024-05-17 10:00:00+05:30,546.0,32.5,66.0,2024,5
2024-05-17 10:15:00+05:30,554.0,32.9,65.0,2024,5
2024-05-17 10:30:00+05:30,560.0,33.4,63.0,2024,5
2024-05-17 10:45:00+05:30,567.0,33.7,62.0,2024,5
2024-05-17 11:00:00+05:30,567.0,34.2,60.0,2024,5
2024-05-17 11:15:00+05:30,571.0,34.5,59.0,2024,5
2024-05-17 11:30:00+05:30,571.0,34.7,58.0,2024,5
2024-05-17 11:45:00+05:30,570.0,35.0,57.0,2024,5
2024-05-17 12:00:00+05:30,570.0,35.2,56.0,2024,5
2024-05-17 12:15:00+05:30,570.0,35.4,55.0,2024,5
2024-05-17 12:30:00+05:30,569.0,35.6,54.0,2024,5
2024-05-17 12:45:00+05:30,570.0,35.7,54.0,2024,5
2024-05-17 13:00:00+05:30,565.0,36.0,54.0,2024,5
2024-05-17 13:15:00+05:30,565.0,36.1,53.0,2024,5
2024-05-17 13:30:00+05:30,564.0,36.1,53.0,2024,5
2024-05-17 13:45:00+05:30,565.0,36.1,53.0,2024,5
2024-05-17 14:00:00+05:30,570.0,36.0,54.0,2024,5
2024-05-17 14:15:00+05:30,571.0,36.0,54.0,2024,5
2024-05-17 14:30:00+05:30,576.0,35.9,55.0,2024,5
2024-05-17 14:45:00+05:30,577.0,35.7,55.0,2024,5
2024-05-17 15:00:00+05:30,574.0,35.5,56.0,2024,5
2024-05-17 15:15:00+05:30,576.0,35.4,57.0,2024,5
2024-05-17 15:30:00+05:30,573.0,35.2,58.0,2024,5
2024-05-17 15:45:00+05:30,573.0,35.1,58.0,2024,5
2024-05-17 16:00:00+05:30,566.0,35.0,59.0,2024,5
2024-05-17 16:15:00+05:30,564.0,34.9,60.0,2024,5
2024-05-17 16:30:00+05:30,563.0,34.8,60.0,2024,5
2024-05-17 16:45:00+05:30,556.0,34.6,61.0,2024,5
2024-05-17 17:00:00+05:30,551.0,34.4,62.0,2024,5
2024-05-17 17:15:00+05:30,545.0,34.2,63.0,2024,5
2024-05-17 17:30:00+05:30,535.0,34.0,64.0,2024,5
2024-05-17 17:45:00+05:30,528.0,33.7,65.0,2024,5
2024-05-17 18:00:00+05:30,518.0,33.4,66.0,2024,5
2024-05-17 18:15:00+05:30,508.0,33.1,67.0,2024,5
2024-05-17 18:30:00+05:30,504.0,32.9,68.0,2024,5
2024-05-17 18:45:00+05:30,499.0,32.6,69.0,2024,5
2024-05-17 19:00:00+05:30,492.0,32.2,71.0,2024,5
2024-05-17 19:15:00+05:30,487.0,32.0,73.0,2024,5
2024-05-17 19:30:00+05:30,481.0,31.8,74.0,2024,5
2024-05-17 19:45:00+05:30,476.0,31.6,75.0,2024,5
2024-05-17 20:00:00+05:30,470.0,31.4,76.0,2024,5
2024-05-17 20:15:00+05:30,465.0,31.2,77.0,2024,5
2024-05-17 20:30:00+05:30,460.0,31.0,78.0,2024,5
2024-05-17 20:45:00+05:30,457.0,30.8,79.0,2024,5
2024-05-17 21:00:00+05:30,453.0,30.7,79.0,2024,5
2024-05-17 21:15:00+05:30,449.0,30.6,80.0,2024,5
2024-05-17 21:30:00+05:30,445.0,30.4,81.0,2024,5
2024-05-17 21:45:00+05:30,439.0,30.3,81.0,2024,5
2024-05-17 22:00:00+05:30,435.0,30.2,83.0,2024,5
2024-05-17 22:15:00+05:30,433.0,30.2,83.0,2024,5
2024-05-17 22:30:00+05:30,431.0,30.1,84.0,2024,5
2024-05-17 22:45:00+05:30,427.0,30.0,84.0,2024,5
2024-05-17 23:00:00+05:30,422.0,29.8,85.0,2024,5
2024-05-17 23:15:00+05:30,416.0,29.7,85.0,2024,5
2024-05-17 23:30:00+05:30,415.0,29.7,85.0,2024,5
2024-05-17 23:45:00+05:30,412.0,29.6,86.0,2024,5
2024-05-18 00:00:00+05:30,401.0,29.5,86.0,2024,5
2024-05-18 00:15:00+05:30,400.0,29.4,86.0,2024,5
2024-05-18 00:30:00+05:30,393.0,29.3,86.0,2024,5
2024-05-18 00:45:00+05:30,386.0,29.3,86.0,2024,5
2024-05-18 01:00:00+05:30,380.0,29.2,86.0,2024,5
2024-05-18 01:15:00+05:30,375.0,29.2,86.0,2024,5
2024-05-18 01:30:00+05:30,367.0,29.1,86.0,2024,5
2024-05-18 01:45:00+05:30,362.0,29.1,86.0,2024,5
2024-05-18 02:00:00+05:30,356.0,29.0,87.0,2024,5
2024-05-18 02:15:00+05:30,351.0,29.0,87.0,2024,5
2024-05-18 02:30:00+05:30,350.0,28.9,87.0,2024,5
2024-05-18 02:45:00+05:30,348.0,28.9,87.0,2024,5
2024-05-18 03:00:00+05:30,344.0,28.8,87.0,2024,5
2024-05-18 03:15:00+05:30,338.0,28.8,87.0,2024,5
2024-05-18 03:30:00+05:30,336.0,28.7,88.0,2024,5
2024-05-18 03:45:00+05:30,332.0,28.7,88.0,2024,5
2024-05-18 04:00:00+05:30,330.0,28.6,88.0,2024,5
2024-05-18 04:15:00+05:30,329.0,28.5,88.0,2024,5
2024-05-18 04:30:00+05:30,326.0,28.5,88.0,2024,5
2024-05-18 04:45:00+05:30,326.0,28.5,88.0,2024,5
2024-05-18 05:00:00+05:30,328.0,28.5,88.0,2024,5
2024-05-18 05:15:00+05:30,327.0,28.5,88.0,2024,5
2024-05-18 05:30:00+05:30,327.0,28.5,88.0,2024,5
2024-05-18 05:45:00+05:30,329.0,28.6,88.0,2024,5
2024-05-18 06:00:00+05:30,331.0,28.6,88.0,2024,5
2024-05-18 06:15:00+05:30,333.0,28.7,88.0,2024,5
2024-05-18 06:30:00+05:30,333.0,28.7,87.0,2024,5
2024-05-18 06:45:00+05:30,334.0,28.9,87.0,2024,5
2024-05-18 07:00:00+05:30,341.0,29.1,86.0,2024,5
2024-05-18 07:15:00+05:30,351.0,29.2,84.0,2024,5
2024-05-18 07:30:00+05:30,358.0,29.5,83.0,2024,5
2024-05-18 07:45:00+05:30,371.0,29.7,82.0,2024,5
2024-05-18 08:00:00+05:30,385.0,29.9,81.0,2024,5
2024-05-18 08:15:00+05:30,398.0,30.1,79.0,2024,5
2024-05-18 08:30:00+05:30,414.0,30.4,78.0,2024,5
2024-05-18 08:45:00+05:30,425.0,30.7,76.0,2024,5
2024-05-18 09:00:00+05:30,440.0,31.1,75.0,2024,5
2024-05-18 09:15:00+05:30,458.0,31.5,73.0,2024,5
2024-05-18 09:30:00+05:30,466.0,31.9,72.0,2024,5
2024-05-18 09:45:00+05:30,473.0,32.2,71.0,2024,5
2024-05-18 10:00:00+05:30,489.0,32.6,69.0,2024,5
2024-05-18 10:15:00+05:30,498.0,32.9,68.0,2024,5
2024-05-18 10:30:00+05:30,504.0,33.2,67.0,2024,5
2024-05-18 10:45:00+05:30,509.0,33.5,66.0,2024,5
2024-05-18 11:00:00+05:30,515.0,33.7,66.0,2024,5
2024-05-18 11:15:00+05:30,516.0,34.0,64.0,2024,5
2024-05-18 11:30:00+05:30,516.0,34.2,63.0,2024,5
2024-05-18 11:45:00+05:30,516.0,34.3,63.0,2024,5
2024-05-18 12:00:00+05:30,521.0,34.5,63.0,2024,5
2024-05-18 12:15:00+05:30,520.0,34.5,63.0,2024,5
2024-05-18 12:30:00+05:30,522.0,34.6,63.0,2024,5
2024-05-18 12:45:00+05:30,522.0,34.7,62.0,2024,5
2024-05-18 13:00:00+05:30,516.0,34.8,62.0,2024,5
2024-05-18 13:15:00+05:30,513.0,34.9,61.0,2024,5
2024-05-18 13:30:00+05:30,517.0,35.0,61.0,2024,5
2024-05-18 13:45:00+05:30,518.0,35.1,61.0,2024,5
2024-05-18 14:00:00+05:30,521.0,35.1,61.0,2024,5
2024-05-18 14:15:00+05:30,525.0,35.5,60.0,2024,5
2024-05-18 14:30:00+05:30,530.0,35.5,60.0,2024,5
2024-05-18 14:45:00+05:30,531.0,35.5,60.0,2024,5
2024-05-18 15:00:00+05:30,528.0,35.4,61.0,2024,5
2024-05-18 15:15:00+05:30,525.0,35.4,62.0,2024,5
2024-05-18 15:30:00+05:30,522.0,35.2,62.0,2024,5
2024-05-18 15:45:00+05:30,518.0,35.1,63.0,2024,5
2024-05-18 16:00:00+05:30,518.0,35.0,63.0,2024,5
2024-05-18 16:15:00+05:30,511.0,34.8,64.0,2024,5
2024-05-18 16:30:00+05:30,505.0,34.7,64.0,2024,5
2024-05-18 16:45:00+05:30,499.0,34.5,65.0,2024,5
2024-05-18 17:00:00+05:30,494.0,34.3,65.0,2024,5
2024-05-18 17:15:00+05:30,486.0,34.2,66.0,2024,5
2024-05-18 17:30:00+05:30,480.0,34.0,67.0,2024,5
2024-05-18 17:45:00+05:30,477.0,33.8,67.0,2024,5
2024-05-18 18:00:00+05:30,469.0,33.6,68.0,2024,5
2024-05-18 18:15:00+05:30,465.0,33.4,69.0,2024,5
2024-05-18 18:30:00+05:30,460.0,33.2,69.0,2024,5
2024-05-18 18:45:00+05:30,458.0,32.9,70.0,2024,5
2024-05-18 19:00:00+05:30,457.0,32.7,70.0,2024,5
2024-05-18 19:15:00+05:30,456.0,32.4,71.0,2024,5
2024-05-18 19:30:00+05:30,452.0,32.3,71.0,2024,5
2024-05-18 19:45:00+05:30,448.0,32.2,72.0,2024,5
2024-05-18 20:00:00+05:30,445.0,32.0,73.0,2024,5
2024-05-18 20:15:00+05:30,441.0,31.8,75.0,2024,5
2024-05-18 20:30:00+05:30,438.0,31.6,75.0,2024,5
2024-05-18 20:45:00+05:30,439.0,31.5,76.0,2024,5
2024-05-18 21:00:00+05:30,438.0,31.3,77.0,2024,5
2024-05-18 21:15:00+05:30,434.0,31.1,78.0,2024,5
2024-05-18 21:30:00+05:30,430.0,31.0,79.0,2024,5
2024-05-18 21:45:00+05:30,430.0,30.8,80.0,2024,5
2024-05-18 22:00:00+05:30,427.0,30.7,80.0,2024,5
2024-05-18 22:15:00+05:30,426.0,30.5,81.0,2024,5
2024-05-18 22:30:00+05:30,426.0,30.4,81.0,2024,5
2024-05-18 22:45:00+05:30,421.0,30.3,82.0,2024,5
2024-05-18 23:00:00+05:30,417.0,30.2,83.0,2024,5
2024-05-18 23:15:00+05:30,410.0,30.0,85.0,2024,5
2024-05-18 23:30:00+05:30,405.0,29.9,85.0,2024,5
2024-05-18 23:45:00+05:30,399.0,29.8,85.0,2024,5
2024-05-19 00:00:00+05:30,391.7760704728004,31.2,77.5,2024,5
2024-05-19 00:15:00+05:30,389.5427067061896,31.2,76.9,2024,5
2024-05-19 00:30:00+05:30,381.3269293572191,31.1,77.2,2024,5
2024-05-19 00:45:00+05:30,373.9160767740514,31.1,77.4,2024,5
2024-05-19 01:00:00+05:30,368.1823747468056,31.1,77.5,2024,5
2024-05-19 01:15:00+05:30,364.711212115311,31.0,77.3,2024,5
2024-05-19 01:30:00+05:30,361.2958271124075,31.0,77.2,2024,5
2024-05-19 01:45:00+05:30,355.68075355960576,30.9,76.9,2024,5
2024-05-19 02:00:00+05:30,349.4439070288313,30.9,76.9,2024,5
2024-05-19 02:15:00+05:30,346.2409276372199,30.8,76.9,2024,5
2024-05-19 02:30:00+05:30,345.64100394525315,30.8,77.3,2024,5
2024-05-19 02:45:00+05:30,338.86063219632905,30.8,78.0,2024,5
2024-05-19 03:00:00+05:30,335.13754822320755,30.8,78.3,2024,5
2024-05-19 03:15:00+05:30,331.78074691054906,30.8,78.6,2024,5
2024-05-19 03:30:00+05:30,329.3580929968812,30.7,78.9,2024,5
2024-05-19 03:45:00+05:30,326.04673571771,30.6,78.8,2024,5
2024-05-19 04:00:00+05:30,322.7976474829768,30.6,78.9,2024,5
2024-05-19 04:15:00+05:30,321.9762534928976,30.5,79.3,2024,5
2024-05-19 04:30:00+05:30,322.4685998319954,30.4,79.9,2024,5
2024-05-19 04:45:00+05:30,320.9220153001013,30.4,80.1,2024,5
2024-05-19 05:00:00+05:30,320.858810196137,30.4,80.5,2024,5
2024-05-19 05:15:00+05:30,320.04152076291126,30.3,80.7,2024,5
2024-05-19 05:30:00+05:30,319.869070642275,30.3,80.6,2024,5
2024-05-19 05:45:00+05:30,320.24090681165205,30.3,80.7,2024,5
2024-05-19 06:00:00+05:30,319.912642076991,30.3,81.0,2024,5
2024-05-19 06:15:00+05:30,318.63833034776275,30.4,80.7,2024,5
2024-05-19 06:30:00+05:30,318.3545738826717,30.5,80.3,2024,5
2024-05-19 06:45:00+05:30,320.673850075663,30.6,79.9,2024,5
2024-05-19 07:00:00+05:30,323.3534249949837,30.8,79.0,2024,5
2024-05-19 07:15:00+05:30,324.10436010254665,31.0,78.3,2024,5
2024-05-19 07:30:00+05:30,322.77140360436704,31.2,76.9,2024,5
2024-05-19 07:45:00+05:30,324.4731954284944,31.6,76.0,2024,5
2024-05-19 08:00:00+05:30,331.16575880900973,31.8,75.0,2024,5
2024-05-19 08:15:00+05:30,338.87029409676404,32.1,73.4,2024,5
2024-05-19 08:30:00+05:30,346.25319947235386,32.5,70.9,2024,5
2024-05-19 08:45:00+05:30,350.79702415194805,32.8,70.3,2024,5
2024-05-19 09:00:00+05:30,357.0262176283824,33.3,68.8,2024,5
2024-05-19 09:15:00+05:30,363.67033746924113,33.5,68.2,2024,5
2024-05-19 09:30:00+05:30,367.93977357886433,34.0,66.5,2024,5
2024-05-19 09:45:00+05:30,371.831949719988,34.1,66.1,2024,5
2024-05-19 10:00:00+05:30,378.0072119865264,34.2,65.5,2024,5
2024-05-19 10:15:00+05:30,386.6180958250601,34.1,65.5,2024,5
2024-05-19 10:30:00+05:30,390.703624472626,34.4,64.8,2024,5
2024-05-19 10:45:00+05:30,393.5057578656732,34.5,64.8,2024,5
2024-05-19 11:00:00+05:30,399.55552034576107,34.5,64.9,2024,5
2024-05-19 11:15:00+05:30,401.19419442891575,34.6,64.9,2024,5
2024-05-19 11:30:00+05:30,401.0460122476992,34.8,64.1,2024,5
2024-05-19 11:45:00+05:30,402.1307740458071,34.8,63.5,2024,5
2024-05-19 12:00:00+05:30,405.872325327328,34.8,64.2,2024,5
2024-05-19 12:15:00+05:30,407.5985622337356,34.8,63.6,2024,5
2024-05-19 12:30:00+05:30,411.11841715694175,34.9,63.3,2024,5
2024-05-19 12:45:00+05:30,413.4549993955326,35.1,63.1,2024,5
2024-05-19 13:00:00+05:30,411.71498958551416,35.0,63.5,2024,5
2024-05-19 13:15:00+05:30,414.7586455438462,35.1,63.3,2024,5
2024-05-19 13:30:00+05:30,416.3659509702448,35.1,63.0,2024,5
2024-05-19 13:45:00+05:30,417.75468901398006,35.2,62.1,2024,5
2024-05-19 14:00:00+05:30,419.4930997209413,35.3,62.2,2024,5
2024-05-19 14:15:00+05:30,421.9203841816214,35.1,62.5,2024,5
2024-05-19 14:30:00+05:30,426.0095520752804,35.1,62.8,2024,5
2024-05-19 14:45:00+05:30,427.7366700013051,35.1,62.8,2024,5
2024-05-19 15:00:00+05:30,425.50188334135646,35.2,63.2,2024,5
2024-05-19 15:15:00+05:30,429.179700824148,35.3,62.7,2024,5
2024-05-19 15:30:00+05:30,428.51007713934194,35.2,63.4,2024,5
2024-05-19 15:45:00+05:30,428.54511887172464,35.2,63.2,2024,5
2024-05-19 16:00:00+05:30,425.2329618879015,35.1,64.3,2024,5
2024-05-19 16:15:00+05:30,420.25769659834856,35.0,65.2,2024,5
2024-05-19 16:30:00+05:30,419.22696064990737,34.8,65.1,2024,5
2024-05-19 16:45:00+05:30,417.5479609303456,34.6,65.7,2024,5
2024-05-19 17:00:00+05:30,411.9467381492473,34.7,65.1,2024,5
2024-05-19 17:15:00+05:30,410.1919678004068,34.4,66.3,2024,5
2024-05-19 17:30:00+05:30,405.77461340673,34.2,65.9,2024,5
2024-05-19 17:45:00+05:30,405.8696370080887,33.9,66.8,2024,5
2024-05-19 18:00:00+05:30,401.7876845577305,33.9,66.3,2024,5
2024-05-19 18:15:00+05:30,399.88954898476766,33.6,67.2,2024,5
2024-05-19 18:30:00+05:30,396.6212733875651,33.2,67.0,2024,5
2024-05-19 18:45:00+05:30,397.3092972540894,32.8,68.4,2024,5
2024-05-19 19:00:00+05:30,402.2668674244425,32.6,69.6,2024,5
2024-05-19 19:15:00+05:30,401.7440281431049,32.3,71.0,2024,5
2024-05-19 19:30:00+05:30,404.4980968360636,32.2,72.3,2024,5
2024-05-19 19:45:00+05:30,406.5190092327044,32.0,73.5,2024,5
2024-05-19 20:00:00+05:30,408.7507295912201,31.9,74.1,2024,5
2024-05-19 20:15:00+05:30,409.6831968427017,31.9,74.0,2024,5
2024-05-19 20:30:00+05:30,409.8947333729585,31.9,73.9,2024,5
2024-05-19 20:45:00+05:30,407.3480159671349,31.9,73.8,2024,5
2024-05-19 21:00:00+05:30,404.7123634986403,31.8,73.7,2024,5
2024-05-19 21:15:00+05:30,405.5464304563384,31.8,73.7,2024,5
2024-05-19 21:30:00+05:30,405.84229686376426,31.7,73.9,2024,5
2024-05-19 21:45:00+05:30,404.51408053523625,31.7,73.7,2024,5
2024-05-19 22:00:00+05:30,400.7188743304722,31.7,73.8,2024,5
2024-05-19 22:15:00+05:30,398.5830055175752,31.6,74.3,2024,5
2024-05-19 22:30:00+05:30,400.3203546420949,31.6,74.3,2024,5
2024-05-19 22:45:00+05:30,396.1871253570544,31.5,74.6,2024,5
2024-05-19 23:00:00+05:30,393.9063528303468,31.5,74.4,2024,5
2024-05-19 23:15:00+05:30,393.3708808469365,31.4,75.0,2024,5
2024-05-19 23:30:00+05:30,390.8521863061627,31.4,74.9,2024,5
2024-05-19 23:45:00+05:30,387.6531507988215,31.4,75.2,2024,5
2024-05-20 00:00:00+05:30,380.2319031160125,31.3,75.5,2024,5
2024-05-20 00:15:00+05:30,374.50189538890834,31.2,75.3,2024,5
2024-05-20 00:30:00+05:30,369.5582702402376,31.1,75.6,2024,5
2024-05-20 00:45:00+05:30,366.17614763800987,31.1,75.5,2024,5
2024-05-20 01:00:00+05:30,358.7748069267053,31.1,75.5,2024,5
2024-05-20 01:15:00+05:30,356.40452209239623,31.0,75.4,2024,5
2024-05-20 01:30:00+05:30,349.277732855147,31.0,75.0,2024,5
2024-05-20 01:45:00+05:30,345.22833791065403,31.0,75.1,2024,5
2024-05-20 02:00:00+05:30,341.8409138596005,31.0,75.2,2024,5
2024-05-20 02:15:00+05:30,339.21363890168794,31.0,74.8,2024,5
2024-05-20 02:30:00+05:30,334.9995674646668,31.0,74.5,2024,5
2024-05-20 02:45:00+05:30,332.6587451791969,30.9,74.6,2024,5
2024-05-20 03:00:00+05:30,331.5826579899522,30.9,74.5,2024,5
2024-05-20 03:15:00+05:30,326.8630237128743,30.9,74.9,2024,5
2024-05-20 03:30:00+05:30,325.6225866906324,30.9,75.1,2024,5
2024-05-20 03:45:00+05:30,323.32351212988846,30.8,75.4,2024,5
2024-05-20 04:00:00+05:30,322.30779779886564,30.8,75.6,2024,5
2024-05-20 04:15:00+05:30,320.613322828863,30.8,75.9,2024,5
2024-05-20 04:30:00+05:30,319.06781974853607,30.7,76.3,2024,5
2024-05-20 04:45:00+05:30,316.6686906574046,30.7,76.4,2024,5
2024-05-20 05:00:00+05:30,316.706248179328,30.7,76.6,2024,5
2024-05-20 05:15:00+05:30,317.1460396954207,30.7,76.8,2024,5
2024-05-20 05:30:00+05:30,315.43906458075946,30.7,77.1,2024,5
2024-05-20 05:45:00+05:30,314.6923164104151,30.6,77.4,2024,5
2024-05-20 06:00:00+05:30,313.61568994446395,30.5,77.5,2024,5
2024-05-20 06:15:00+05:30,314.3850191209453,30.6,77.3,2024,5
2024-05-20 06:30:00+05:30,315.73177428094243,30.6,77.4,2024,5
2024-05-20 06:45:00+05:30,317.5792060771852,30.8,77.0,2024,5
2024-05-20 07:00:00+05:30,321.502939890519,30.9,76.7,2024,5
2024-05-20 07:15:00+05:30,321.8435961276367,30.9,76.8,2024,5
2024-05-20 07:30:00+05:30,323.8867522208704,31.1,76.8,2024,5
2024-05-20 07:45:00+05:30,328.96310630725685,31.4,76.1,2024,5
2024-05-20 08:00:00+05:30,339.2755260431292,31.6,75.6,2024,5
2024-05-20 08:15:00+05:30,348.2820190972641,31.8,75.1,2024,5
2024-05-20 08:30:00+05:30,355.7559878221284,32.1,74.0,2024,5
2024-05-20 08:45:00+05:30,360.4559909264196,32.5,72.3,2024,5
2024-05-20 09:00:00+05:30,368.5203284973799,32.9,71.2,2024,5
2024-05-20 09:15:00+05:30,377.67309612858514,33.3,70.1,2024,5
2024-05-20 09:30:00+05:30,386.3992972386352,33.6,68.8,2024,5
2024-05-20 09:45:00+05:30,390.71088804096456,33.7,68.5,2024,5
2024-05-20 10:00:00+05:30,398.1468213538159,33.9,67.9,2024,5
2024-05-20 10:15:00+05:30,404.01359035627553,34.3,66.5,2024,5
2024-05-20 10:30:00+05:30,412.134208325318,34.7,64.8,2024,5
2024-05-20 10:45:00+05:30,413.9775012239403,34.8,65.2,2024,5
2024-05-20 11:00:00+05:30,418.9112927394772,34.6,65.9,2024,5
2024-05-20 11:15:00+05:30,421.4369144403884,34.8,65.4,2024,5
2024-05-20 11:30:00+05:30,425.6584187179271,34.8,66.1,2024,5
2024-05-20 11:45:00+05:30,430.1664174754249,34.8,65.6,2024,5
2024-05-20 12:00:00+05:30,432.3633069929434,35.1,65.0,2024,5
2024-05-20 12:15:00+05:30,433.0251718763213,35.2,64.7,2024,5
2024-05-20 12:30:00+05:30,430.6511511961566,35.2,64.7,2024,5
2024-05-20 12:45:00+05:30,425.9916137630471,35.1,64.8,2024,5
2024-05-20 13:00:00+05:30,432.4030787111415,35.3,64.2,2024,5
2024-05-20 13:15:00+05:30,434.0954579905283,35.3,63.5,2024,5
2024-05-20 13:30:00+05:30,434.6299184261235,35.1,63.9,2024,5
2024-05-20 13:45:00+05:30,437.4219944062388,35.0,63.9,2024,5
2024-05-20 14:00:00+05:30,439.2398078739087,34.9,64.2,2024,5
2024-05-20 14:15:00+05:30,444.34640521675095,35.0,64.0,2024,5
2024-05-20 14:30:00+05:30,445.7344536442653,35.0,63.7,2024,5
2024-05-20 14:45:00+05:30,445.27607838390816,34.9,64.0,2024,5
2024-05-20 15:00:00+05:30,445.3923819941149,34.7,64.6,2024,5
2024-05-20 15:15:00+05:30,445.378106501264,34.9,64.1,2024,5
2024-05-20 15:30:00+05:30,446.70247425238784,35.0,63.7,2024,5
2024-05-20 15:45:00+05:30,443.1808553948667,34.8,64.2,2024,5
2024-05-20 16:00:00+05:30,444.0182270826843,34.8,64.0,2024,5
2024-05-20 16:15:00+05:30,440.72682571396206,34.6,64.6,2024,5
2024-05-20 16:30:00+05:30,436.3048476584552,34.5,64.7,2024,5
2024-05-20 16:45:00+05:30,434.38253656449945,34.3,64.1,2024,5
2024-05-20 17:00:00+05:30,428.0725361276903,34.3,64.1,2024,5
2024-05-20 17:15:00+05:30,424.3304597387778,34.1,64.9,2024,5
2024-05-20 17:30:00+05:30,421.79385969566033,33.7,67.4,2024,5
2024-05-20 17:45:00+05:30,418.6944275514714,33.4,68.5,2024,5
2024-05-20 18:00:00+05:30,416.95509841114153,33.3,69.0,2024,5
2024-05-20 18:15:00+05:30,415.53119556740825,33.0,70.2,2024,5
2024-05-20 18:30:00+05:30,414.1474981341122,32.8,70.8,2024,5
2024-05-20 18:45:00+05:30,413.4704718307556,32.4,72.5,2024,5
2024-05-20 19:00:00+05:30,418.0237133079296,32.1,73.6,2024,5
2024-05-20 19:15:00+05:30,418.9275313223493,32.0,74.7,2024,5
2024-05-20 19:30:00+05:30,417.3009858229052,31.9,75.5,2024,5
2024-05-20 19:45:00+05:30,415.7316369634088,31.8,76.0,2024,5
2024-05-20 20:00:00+05:30,414.8981464004013,31.8,75.9,2024,5
2024-05-20 20:15:00+05:30,413.4640894557547,31.8,76.0,2024,5
2024-05-20 20:30:00+05:30,413.0410844714784,31.7,76.4,2024,5
2024-05-20 20:45:00+05:30,413.6639497581152,31.7,76.1,2024,5
2024-05-20 21:00:00+05:30,414.0169973691169,31.7,75.6,2024,5
2024-05-20 21:15:00+05:30,412.6891536114887,31.7,75.5,2024,5
2024-05-20 21:30:00+05:30,410.8590993657854,31.7,75.7,2024,5
2024-05-20 21:45:00+05:30,409.3349603696688,31.7,75.2,2024,5
2024-05-20 22:00:00+05:30,407.0608053007999,31.6,75.3,2024,5
2024-05-20 22:15:00+05:30,405.1570921450289,31.6,75.1,2024,5
2024-05-20 22:30:00+05:30,401.391533387084,31.4,75.1,2024,5
2024-05-20 22:45:00+05:30,400.5586816503002,31.5,75.3,2024,5
2024-05-20 23:00:00+05:30,399.84984642786895,31.4,75.7,2024,5
2024-05-20 23:15:00+05:30,396.2701327160237,31.3,75.7,2024,5
2024-05-20 23:30:00+05:30,393.5780411223175,31.2,75.5,2024,5
2024-05-20 23:45:00+05:30,389.6908610468197,31.4,75.2,2024,5
2024-05-21 00:00:00+05:30,383.0,31.125,75.3,2024,5
2024-05-21 00:15:00+05:30,377.0,31.1,74.85,2024,5
2024-05-21 00:30:00+05:30,371.0,31.075,75.05000000000001,2024,5
2024-05-21 00:45:00+05:30,367.0,31.025,75.25,2024,5
2024-05-21 01:00:00+05:30,363.0,30.975,75.6,2024,5
2024-05-21 01:15:00+05:30,357.0,30.950000000000003,75.72500000000001,2024,5
2024-05-21 01:30:00+05:30,349.0,30.950000000000003,75.67500000000001,2024,5
2024-05-21 01:45:00+05:30,347.0,30.875,76.575,2024,5
2024-05-21 02:00:00+05:30,340.0,30.875,76.075,2024,5
2024-05-21 02:15:00+05:30,336.0,30.825000000000003,76.2,2024,5
2024-05-21 02:30:00+05:30,335.0,30.8,76.69999999999999,2024,5
2024-05-21 02:45:00+05:30,331.0,30.75,77.05,2024,5
2024-05-21 03:00:00+05:30,327.0,30.725,77.0,2024,5
2024-05-21 03:15:00+05:30,326.0,30.8,77.2,2024,5
2024-05-21 03:30:00+05:30,324.0,30.65,77.4,2024,5
2024-05-21 03:45:00+05:30,323.0,30.625,77.57499999999999,2024,5
2024-05-21 04:00:00+05:30,320.0,30.575000000000003,77.7,2024,5
2024-05-21 04:15:00+05:30,320.0,30.5,77.8,2024,5
2024-05-21 04:30:00+05:30,321.0,30.525,77.7,2024,5
2024-05-21 04:45:00+05:30,320.0,30.475,77.95,2024,5
2024-05-21 05:00:00+05:30,319.0,30.525,78.225,2024,5
2024-05-21 05:15:00+05:30,321.0,30.525,77.89999999999999,2024,5
2024-05-21 05:30:00+05:30,324.0,30.425,78.32499999999999,2024,5
2024-05-21 05:45:00+05:30,326.0,30.35,78.75,2024,5
2024-05-21 06:00:00+05:30,327.0,30.45,78.65,2024,5
2024-05-21 06:15:00+05:30,332.0,30.425,78.225,2024,5
2024-05-21 06:30:00+05:30,342.0,30.5,78.45,2024,5
2024-05-21 06:45:00+05:30,352.0,30.725,77.75,2024,5
2024-05-21 07:00:00+05:30,366.0,31.1,76.225,2024,5
2024-05-21 07:15:00+05:30,382.0,31.35,75.625,2024,5
2024-05-21 07:30:00+05:30,401.0,31.575,74.75,2024,5
2024-05-21 07:45:00+05:30,423.0,31.7,74.25,2024,5
2024-05-21 08:00:00+05:30,446.0,32.0,73.25,2024,5
2024-05-21 08:15:00+05:30,467.0,32.25,72.55,2024,5
2024-05-21 08:30:00+05:30,490.0,32.474999999999994,71.55,2024,5
2024-05-21 08:45:00+05:30,507.0,32.55,71.45,2024,5
2024-05-21 09:00:00+05:30,525.0,32.875,70.0,2024,5
2024-05-21 09:15:00+05:30,541.0,33.025,69.65,2024,5
2024-05-21 09:30:00+05:30,554.0,33.45,68.85,2024,5
2024-05-21 09:45:00+05:30,565.0,33.599999999999994,68.225,2024,5
2024-05-21 10:00:00+05:30,576.0,33.825,67.625,2024,5
2024-05-21 10:15:00+05:30,587.0,33.975,67.39999999999999,2024,5
2024-05-21 10:30:00+05:30,596.0,34.15,66.8,2024,5
2024-05-21 10:45:00+05:30,595.0,34.225,66.825,2024,5
2024-05-21 11:00:00+05:30,595.0,34.3,66.72500000000001,2024,5
2024-05-21 11:15:00+05:30,595.0,34.45,66.925,2024,5
2024-05-21 11:30:00+05:30,596.0,34.675,66.625,2024,5
2024-05-21 11:45:00+05:30,598.0,34.525000000000006,66.77499999999999,2024,5
2024-05-21 12:00:00+05:30,598.0,34.474999999999994,67.3,2024,5
2024-05-21 12:15:00+05:30,597.0,34.675,66.77499999999999,2024,5
2024-05-21 12:30:00+05:30,595.0,34.55,67.525,2024,5
2024-05-21 12:45:00+05:30,597.0,34.625,67.60000000000001,2024,5
2024-05-21 13:00:00+05:30,596.0,34.825,67.35,2024,5
2024-05-21 13:15:00+05:30,596.0,34.75,67.5,2024,5
2024-05-21 13:30:00+05:30,594.0,34.849999999999994,67.375,2024,5
2024-05-21 13:45:00+05:30,597.0,34.825,67.775,2024,5
2024-05-21 14:00:00+05:30,601.0,34.875,67.95,2024,5
2024-05-21 14:15:00+05:30,605.0,35.025,67.4,2024,5
2024-05-21 14:30:00+05:30,612.0,35.05,67.17500000000001,2024,5
2024-05-21 14:45:00+05:30,611.0,34.825,67.85,2024,5
2024-05-21 15:00:00+05:30,613.0,34.974999999999994,67.75,2024,5
2024-05-21 15:15:00+05:30,615.0,35.349999999999994,66.57499999999999,2024,5
2024-05-21 15:30:00+05:30,613.0,35.2,66.89999999999999,2024,5
2024-05-21 15:45:00+05:30,610.0,35.275,66.45,2024,5
2024-05-21 16:00:00+05:30,608.0,35.2,66.425,2024,5
2024-05-21 16:15:00+05:30,603.0,35.1,66.775,2024,5
2024-05-21 16:30:00+05:30,602.0,34.825,67.5,2024,5
2024-05-21 16:45:00+05:30,596.0,34.875,66.875,2024,5
2024-05-21 17:00:00+05:30,591.0,34.65,67.225,2024,5
2024-05-21 17:15:00+05:30,583.0,34.55,66.975,2024,5
2024-05-21 17:30:00+05:30,573.0,34.375,67.375,2024,5
2024-05-21 17:45:00+05:30,565.0,34.025000000000006,67.15,2024,5
2024-05-21 18:00:00+05:30,549.0,33.775,67.225,2024,5
2024-05-21 18:15:00+05:30,538.0,33.525,68.4,2024,5
2024-05-21 18:30:00+05:30,528.0,33.125,68.475,2024,5
2024-05-21 18:45:00+05:30,518.0,32.875,69.775,2024,5
2024-05-21 19:00:00+05:30,508.0,32.525,70.725,2024,5
2024-05-21 19:15:00+05:30,501.0,32.325,71.6,2024,5
2024-05-21 19:30:00+05:30,494.0,32.225,72.05000000000001,2024,5
2024-05-21 19:45:00+05:30,489.0,32.15,72.5,2024,5
2024-05-21 20:00:00+05:30,480.0,32.05,73.675,2024,5
2024-05-21 20:15:00+05:30,475.0,31.925,75.05,2024,5
2024-05-21 20:30:00+05:30,469.0,31.750000000000004,75.55,2024,5
2024-05-21 20:45:00+05:30,462.0,31.65,76.17500000000001,2024,5
2024-05-21 21:00:00+05:30,457.0,31.625,76.05,2024,5
2024-05-21 21:15:00+05:30,451.0,31.55,76.3,2024,5
2024-05-21 21:30:00+05:30,447.0,31.525,76.5,2024,5
2024-05-21 21:45:00+05:30,443.0,31.55,76.725,2024,5
2024-05-21 22:00:00+05:30,440.0,31.55,76.85,2024,5
2024-05-21 22:15:00+05:30,435.0,31.45,77.39999999999999,2024,5
2024-05-21 22:30:00+05:30,433.0,31.45,77.19999999999999,2024,5
2024-05-21 22:45:00+05:30,429.0,31.375,77.3,2024,5
2024-05-21 23:00:00+05:30,426.0,31.425,77.10000000000001,2024,5
2024-05-21 23:15:00+05:30,417.0,31.375,76.94999999999999,2024,5
2024-05-21 23:30:00+05:30,410.0,31.325,76.8,2024,5
2024-05-21 23:45:00+05:30,408.0,31.325,76.8,2024,5
2024-05-22 00:00:00+05:30,403.4253376343202,31.3,77.1,2024,5
2024-05-22 00:15:00+05:30,398.2325709809152,31.3,76.7,2024,5
2024-05-22 00:30:00+05:30,390.4110444839524,31.3,76.6,2024,5
2024-05-22 00:45:00+05:30,382.0189087519521,31.3,76.3,2024,5
2024-05-22 01:00:00+05:30,373.553660846229,31.1,76.5,2024,5
2024-05-22 01:15:00+05:30,368.01197907922034,31.0,76.8,2024,5
2024-05-22 01:30:00+05:30,363.005958875146,31.0,77.0,2024,5
2024-05-22 01:45:00+05:30,360.1521354530367,31.0,77.6,2024,5
2024-05-22 02:00:00+05:30,355.3399766997623,31.1,77.9,2024,5
2024-05-22 02:15:00+05:30,351.5712450837975,31.0,78.0,2024,5
2024-05-22 02:30:00+05:30,351.4299106037852,31.0,78.0,2024,5
2024-05-22 02:45:00+05:30,348.62913296916685,31.1,77.6,2024,5
2024-05-22 03:00:00+05:30,343.16233895796984,31.1,77.3,2024,5
2024-05-22 03:15:00+05:30,340.5202246964824,31.1,77.0,2024,5
2024-05-22 03:30:00+05:30,336.8899897311135,31.1,77.2,2024,5
2024-05-22 03:45:00+05:30,336.2051903177976,31.1,77.3,2024,5
2024-05-22 04:00:00+05:30,334.41541300878526,31.1,77.5,2024,5
2024-05-22 04:15:00+05:30,335.3288692636493,31.1,77.7,2024,5
2024-05-22 04:30:00+05:30,336.42472508026884,31.1,77.4,2024,5
2024-05-22 04:45:00+05:30,333.2441691530549,31.1,77.7,2024,5
2024-05-22 05:00:00+05:30,335.3797210887289,31.0,77.8,2024,5
2024-05-22 05:15:00+05:30,335.79108294028714,31.1,78.1,2024,5
2024-05-22 05:30:00+05:30,336.71135496421215,31.0,78.1,2024,5
2024-05-22 05:45:00+05:30,338.7701004872311,30.9,78.2,2024,5
2024-05-22 06:00:00+05:30,339.88314475384107,30.9,78.6,2024,5
2024-05-22 06:15:00+05:30,343.7890745469214,31.0,78.8,2024,5
2024-05-22 06:30:00+05:30,357.4737357370599,31.1,78.1,2024,5
2024-05-22 06:45:00+05:30,365.1641775641183,31.1,77.9,2024,5
2024-05-22 07:00:00+05:30,376.62112154003785,31.3,77.7,2024,5
2024-05-22 07:15:00+05:30,391.4107140637155,31.6,77.3,2024,5
2024-05-22 07:30:00+05:30,406.83820200898185,31.7,77.1,2024,5
2024-05-22 07:45:00+05:30,426.57052720983705,32.0,76.2,2024,5
2024-05-22 08:00:00+05:30,450.8888887655271,32.2,75.3,2024,5
2024-05-22 08:15:00+05:30,473.5016517987872,32.5,74.8,2024,5
2024-05-22 08:30:00+05:30,493.75892933017406,32.5,74.6,2024,5
2024-05-22 08:45:00+05:30,508.5405911333662,32.9,73.0,2024,5
2024-05-22 09:00:00+05:30,526.4897050242304,33.2,72.1,2024,5
2024-05-22 09:15:00+05:30,540.0448115217143,32.9,72.4,2024,5
2024-05-22 09:30:00+05:30,552.4797979346481,33.0,72.0,2024,5
2024-05-22 09:45:00+05:30,567.0785183623585,33.5,70.2,2024,5
2024-05-22 10:00:00+05:30,576.9789504991865,33.8,69.7,2024,5
2024-05-22 10:15:00+05:30,582.8106236553913,33.8,69.7,2024,5
2024-05-22 10:30:00+05:30,588.8815761437471,34.1,68.7,2024,5
2024-05-22 10:45:00+05:30,591.7044050663869,34.5,68.3,2024,5
2024-05-22 11:00:00+05:30,597.5416906784031,34.3,68.5,2024,5
2024-05-22 11:15:00+05:30,600.4283951369571,34.6,67.5,2024,5
2024-05-22 11:30:00+05:30,598.2883473783693,34.4,68.3,2024,5
2024-05-22 11:45:00+05:30,598.5538616697031,34.4,68.5,2024,5
2024-05-22 12:00:00+05:30,596.3588148536794,34.4,68.1,2024,5
2024-05-22 12:15:00+05:30,597.68785997859,34.4,68.1,2024,5
2024-05-22 12:30:00+05:30,597.0288457745802,34.8,66.9,2024,5
2024-05-22 12:45:00+05:30,599.5200999743586,35.0,66.3,2024,5
2024-05-22 13:00:00+05:30,598.7783338105818,34.9,66.4,2024,5
2024-05-22 13:15:00+05:30,595.7963113830255,34.9,66.6,2024,5
2024-05-22 13:30:00+05:30,592.2003703284029,34.7,67.1,2024,5
2024-05-22 13:45:00+05:30,597.0125896638065,34.7,66.7,2024,5
2024-05-22 14:00:00+05:30,605.7923357553078,34.8,66.7,2024,5
2024-05-22 14:15:00+05:30,605.4706487222198,34.7,67.0,2024,5
2024-05-22 14:30:00+05:30,608.6788043291433,34.7,67.3,2024,5
2024-05-22 14:45:00+05:30,607.9900323442806,34.4,67.8,2024,5
2024-05-22 15:00:00+05:30,605.4204492772179,34.4,67.9,2024,5
2024-05-22 15:15:00+05:30,604.3987708488567,34.5,67.8,2024,5
2024-05-22 15:30:00+05:30,600.2790899129471,34.6,67.7,2024,5
2024-05-22 15:45:00+05:30,604.1870874337405,34.7,67.7,2024,5
2024-05-22 16:00:00+05:30,603.2896094316452,34.6,68.0,2024,5
2024-05-22 16:15:00+05:30,598.7860791001625,34.6,68.3,2024,5
2024-05-22 16:30:00+05:30,597.3259813818339,34.4,68.3,2024,5
2024-05-22 16:45:00+05:30,591.3692142638437,34.4,67.6,2024,5
2024-05-22 17:00:00+05:30,584.2257865041915,34.3,66.8,2024,5
2024-05-22 17:15:00+05:30,576.6674840312076,34.2,66.7,2024,5
2024-05-22 17:30:00+05:30,565.980192148729,34.2,66.5,2024,5
2024-05-22 17:45:00+05:30,558.7478152531504,34.1,66.5,2024,5
2024-05-22 18:00:00+05:30,545.319467582007,34.1,65.9,2024,5
2024-05-22 18:15:00+05:30,535.50568179817,33.9,66.3,2024,5
2024-05-22 18:30:00+05:30,526.9238743075389,33.7,66.9,2024,5
2024-05-22 18:45:00+05:30,519.8316153424906,33.3,67.7,2024,5
2024-05-22 19:00:00+05:30,511.7164034308183,33.0,68.5,2024,5
2024-05-22 19:15:00+05:30,501.7152930326868,32.8,69.4,2024,5
2024-05-22 19:30:00+05:30,496.0400770117579,32.6,70.9,2024,5
2024-05-22 19:45:00+05:30,488.1388701112647,32.5,72.0,2024,5
2024-05-22 20:00:00+05:30,483.7173135361841,32.4,73.0,2024,5
2024-05-22 20:15:00+05:30,477.96290357926176,32.3,73.4,2024,5
2024-05-22 20:30:00+05:30,478.4422005195292,32.3,74.3,2024,5
2024-05-22 20:45:00+05:30,473.3100799673724,32.1,75.4,2024,5
2024-05-22 21:00:00+05:30,468.1576222671868,32.1,76.2,2024,5
2024-05-22 21:15:00+05:30,461.6217924512271,31.9,76.9,2024,5
2024-05-22 21:30:00+05:30,456.8363221472415,31.9,77.7,2024,5
2024-05-22 21:45:00+05:30,456.323841218402,31.8,78.2,2024,5
2024-05-22 22:00:00+05:30,451.8373112103226,31.7,78.5,2024,5
2024-05-22 22:15:00+05:30,449.22767199116174,31.7,78.3,2024,5
2024-05-22 22:30:00+05:30,446.4302040303487,31.7,78.3,2024,5
2024-05-22 22:45:00+05:30,440.9535147077235,31.6,78.6,2024,5
2024-05-22 23:00:00+05:30,438.6086680653776,31.5,79.3,2024,5
2024-05-22 23:15:00+05:30,433.39312454136217,31.4,79.5,2024,5
2024-05-22 23:30:00+05:30,426.14357089769874,31.4,79.5,2024,5
2024-05-22 23:45:00+05:30,420.2362618492373,31.4,75.2,2024,5
2024-05-23 00:00:00+05:30,414.7867758613994,31.4,79.5,2024,5
2024-05-23 00:15:00+05:30,406.6240899423971,31.3,79.8,2024,5
2024-05-23 00:30:00+05:30,404.9088042941084,31.3,79.9,2024,5
2024-05-23 00:45:00+05:30,395.26254098792384,31.3,80.0,2024,5
2024-05-23 01:00:00+05:30,388.11516224497694,31.3,80.0,2024,5
2024-05-23 01:15:00+05:30,379.83091424282594,31.2,80.1,2024,5
2024-05-23 01:30:00+05:30,374.02153432324144,31.2,80.2,2024,5
2024-05-23 01:45:00+05:30,370.3339329139265,31.2,79.7,2024,5
2024-05-23 02:00:00+05:30,366.1998239308142,31.1,80.0,2024,5
2024-05-23 02:15:00+05:30,364.24590258374303,31.0,80.3,2024,5
2024-05-23 02:30:00+05:30,360.74887358214687,30.8,80.6,2024,5
2024-05-23 02:45:00+05:30,353.7866562032226,30.8,80.9,2024,5
2024-05-23 03:00:00+05:30,350.80474239917754,30.7,80.9,2024,5
2024-05-23 03:15:00+05:30,347.2730607923185,30.7,80.9,2024,5
2024-05-23 03:30:00+05:30,344.4081780277037,30.7,80.8,2024,5
2024-05-23 03:45:00+05:30,345.1251777279889,30.7,81.0,2024,5
2024-05-23 04:00:00+05:30,340.38682199492416,30.7,81.2,2024,5
2024-05-23 04:15:00+05:30,340.25237642142474,30.6,81.5,2024,5
2024-05-23 04:30:00+05:30,338.27532625046604,30.6,81.6,2024,5
2024-05-23 04:45:00+05:30,337.66282416516634,30.5,81.7,2024,5
2024-05-23 05:00:00+05:30,337.8105100038564,30.6,81.5,2024,5
2024-05-23 05:15:00+05:30,340.2769157924708,30.6,81.7,2024,5
2024-05-23 05:30:00+05:30,344.10240799448303,30.6,81.7,2024,5
2024-05-23 05:45:00+05:30,343.0187850982398,30.6,81.5,2024,5
2024-05-23 06:00:00+05:30,345.4147036091863,30.6,81.7,2024,5
2024-05-23 06:15:00+05:30,348.2391167240093,30.6,81.5,2024,5
2024-05-23 06:30:00+05:30,357.68381350405315,30.8,81.0,2024,5
2024-05-23 06:45:00+05:30,365.24196063939166,30.9,80.6,2024,5
2024-05-23 07:00:00+05:30,375.2617419222533,31.1,79.9,2024,5
2024-05-23 07:15:00+05:30,389.4749831679876,31.3,79.2,2024,5
2024-05-23 07:30:00+05:30,404.69572652930094,31.4,78.3,2024,5
2024-05-23 07:45:00+05:30,423.1304114116686,31.7,77.7,2024,5
2024-05-23 08:00:00+05:30,442.7944187722108,32.0,76.6,2024,5
2024-05-23 08:15:00+05:30,463.3625369726112,32.1,75.6,2024,5
2024-05-23 08:30:00+05:30,481.1153592501768,32.5,74.4,2024,5
2024-05-23 08:45:00+05:30,498.1274762541397,33.0,72.6,2024,5
2024-05-23 09:00:00+05:30,510.6851271309247,33.4,70.8,2024,5
2024-05-23 09:15:00+05:30,524.2198106182179,33.4,70.3,2024,5
2024-05-23 09:30:00+05:30,532.1947474193549,33.8,69.6,2024,5
2024-05-23 09:45:00+05:30,541.6323282519575,34.1,68.2,2024,5
2024-05-23 10:00:00+05:30,548.217763596662,34.2,67.8,2024,5
2024-05-23 10:15:00+05:30,555.1619396966466,34.2,67.7,2024,5
2024-05-23 10:30:00+05:30,564.1434207755159,34.6,67.4,2024,5
2024-05-23 10:45:00+05:30,561.8899041454602,34.5,67.1,2024,5
2024-05-23 11:00:00+05:30,567.1023581387138,34.4,67.6,2024,5
2024-05-23 11:15:00+05:30,564.3657595948562,34.8,66.8,2024,5
2024-05-23 11:30:00+05:30,564.014135657668,34.8,66.4,2024,5
2024-05-23 11:45:00+05:30,563.2875983643914,34.9,66.0,2024,5
2024-05-23 12:00:00+05:30,563.7597885207653,34.7,66.7,2024,5
2024-05-23 12:15:00+05:30,567.8797774207613,34.8,66.3,2024,5
2024-05-23 12:30:00+05:30,569.2733137955679,34.8,66.1,2024,5
2024-05-23 12:45:00+05:30,567.0986413126412,34.8,65.9,2024,5
2024-05-23 13:00:00+05:30,565.5598316282573,35.1,65.3,2024,5
2024-05-23 13:15:00+05:30,565.31298407714,35.2,64.9,2024,5
2024-05-23 13:30:00+05:30,564.4577165701585,35.2,64.6,2024,5
2024-05-23 13:45:00+05:30,566.4033882820462,35.1,64.9,2024,5
2024-05-23 14:00:00+05:30,572.1083378950486,34.8,65.7,2024,5
2024-05-23 14:15:00+05:30,581.2038442432696,34.9,65.8,2024,5
2024-05-23 14:30:00+05:30,580.1602782957672,35.0,65.3,2024,5
2024-05-23 14:45:00+05:30,584.3746733491841,34.8,65.7,2024,5
2024-05-23 15:00:00+05:30,580.2928318160682,34.9,65.9,2024,5
2024-05-23 15:15:00+05:30,580.7480814371817,34.8,65.9,2024,5
2024-05-23 15:30:00+05:30,580.1038208182313,34.4,66.6,2024,5
2024-05-23 15:45:00+05:30,574.1352617382153,34.0,68.1,2024,5
2024-05-23 16:00:00+05:30,566.3795827405141,33.7,68.7,2024,5
2024-05-23 16:15:00+05:30,560.6314983548324,33.7,69.2,2024,5
2024-05-23 16:30:00+05:30,556.357923548532,33.7,69.3,2024,5
2024-05-23 16:45:00+05:30,551.7337126028663,33.9,69.1,2024,5
2024-05-23 17:00:00+05:30,550.9165158770398,33.6,69.8,2024,5
2024-05-23 17:15:00+05:30,544.0089726733727,33.5,70.7,2024,5
2024-05-23 17:30:00+05:30,535.7267303874785,33.3,71.2,2024,5
2024-05-23 17:45:00+05:30,528.7168265442392,33.1,71.8,2024,5
2024-05-23 18:00:00+05:30,517.8110020007792,33.0,72.5,2024,5
2024-05-23 18:15:00+05:30,507.1249625641352,32.7,73.2,2024,5
2024-05-23 18:30:00+05:30,504.46206321166665,32.4,74.4,2024,5
2024-05-23 18:45:00+05:30,500.16380251458486,32.1,75.3,2024,5
2024-05-23 19:00:00+05:30,494.2255381988172,32.0,76.1,2024,5
2024-05-23 19:15:00+05:30,487.92068585543154,31.8,76.8,2024,5
2024-05-23 19:30:00+05:30,480.9320136012946,31.6,77.5,2024,5
2024-05-23 19:45:00+05:30,476.0634100932663,31.5,77.8,2024,5
2024-05-23 20:00:00+05:30,466.1386683361637,31.4,78.4,2024,5
2024-05-23 20:15:00+05:30,460.956147262071,31.4,78.2,2024,5
2024-05-23 20:30:00+05:30,457.42543149936273,31.4,78.5,2024,5
2024-05-23 20:45:00+05:30,456.6216785903992,31.4,78.7,2024,5
2024-05-23 21:00:00+05:30,453.441696223261,31.3,78.8,2024,5
2024-05-23 21:15:00+05:30,452.4107254086212,31.3,79.0,2024,5
2024-05-23 21:30:00+05:30,446.1782530688188,31.2,78.9,2024,5
2024-05-23 21:45:00+05:30,437.0557766677233,31.3,79.1,2024,5
2024-05-23 22:00:00+05:30,437.0056512585864,31.3,78.9,2024,5
2024-05-23 22:15:00+05:30,434.44063927076513,31.3,79.1,2024,5
2024-05-23 22:30:00+05:30,433.83297223399313,31.2,79.2,2024,5
2024-05-23 22:45:00+05:30,430.49177247368925,31.2,79.2,2024,5
2024-05-23 23:00:00+05:30,425.9036780441962,31.2,79.4,2024,5
2024-05-23 23:15:00+05:30,421.1871091804179,31.2,79.4,2024,5
2024-05-23 23:30:00+05:30,415.8869967562363,31.1,79.7,2024,5
2024-05-23 23:45:00+05:30,412.0226071582316,31.4,79.7,2024,5
2024-05-24 00:00:00+05:30,403.7740502174006,31.0,80.1,2024,5
2024-05-24 00:15:00+05:30,396.6965127641452,30.9,80.7,2024,5
2024-05-24 00:30:00+05:30,392.6978953819325,31.0,80.4,2024,5
2024-05-24 00:45:00+05:30,385.928119382864,31.0,80.5,2024,5
2024-05-24 01:00:00+05:30,380.2857151397464,30.9,80.5,2024,5
2024-05-24 01:15:00+05:30,375.07757144692096,31.0,80.5,2024,5
2024-05-24 01:30:00+05:30,368.4416405068097,30.9,80.7,2024,5
2024-05-24 01:45:00+05:30,362.44407233165794,30.9,80.6,2024,5
2024-05-24 02:00:00+05:30,358.16016141836053,30.8,80.4,2024,5
2024-05-24 02:15:00+05:30,354.9643594128743,30.8,80.6,2024,5
2024-05-24 02:30:00+05:30,352.2153312915866,30.7,81.0,2024,5
2024-05-24 02:45:00+05:30,348.6249628602026,30.7,81.0,2024,5
2024-05-24 03:00:00+05:30,345.58384619909623,30.6,81.0,2024,5
2024-05-24 03:15:00+05:30,341.00631328676974,30.6,80.6,2024,5
2024-05-24 03:30:00+05:30,342.71529579435406,30.6,80.5,2024,5
2024-05-24 03:45:00+05:30,337.7180273715762,30.6,80.5,2024,5
2024-05-24 04:00:00+05:30,334.18258408087405,30.6,80.5,2024,5
2024-05-24 04:15:00+05:30,333.9627597676069,30.5,80.6,2024,5
2024-05-24 04:30:00+05:30,332.6645480476245,30.4,81.1,2024,5
2024-05-24 04:45:00+05:30,331.9834636782373,30.4,81.1,2024,5
2024-05-24 05:00:00+05:30,332.0661118803914,30.4,81.0,2024,5
2024-05-24 05:15:00+05:30,332.0811021685052,30.4,81.1,2024,5
2024-05-24 05:30:00+05:30,336.2726878831687,30.4,81.3,2024,5
2024-05-24 05:45:00+05:30,336.6994593351764,30.4,81.2,2024,5
2024-05-24 06:00:00+05:30,339.9847193811518,30.3,81.5,2024,5
2024-05-24 06:15:00+05:30,347.78598942592055,30.3,81.3,2024,5
2024-05-24 06:30:00+05:30,354.0907279212364,30.5,81.2,2024,5
2024-05-24 06:45:00+05:30,360.9430592932128,30.6,80.7,2024,5
2024-05-24 07:00:00+05:30,374.2544072706415,30.8,80.0,2024,5
2024-05-24 07:15:00+05:30,387.7090776440516,31.1,78.9,2024,5
2024-05-24 07:30:00+05:30,404.2151437065193,31.3,78.2,2024,5
2024-05-24 07:45:00+05:30,426.3304705919057,31.5,77.0,2024,5
2024-05-24 08:00:00+05:30,448.6540202940952,31.8,75.4,2024,5
2024-05-24 08:15:00+05:30,469.0944277865947,32.1,74.0,2024,5
2024-05-24 08:30:00+05:30,490.27757979132826,32.4,72.6,2024,5
2024-05-24 08:45:00+05:30,508.14546242249486,32.7,70.9,2024,5
2024-05-24 09:00:00+05:30,522.7777141935487,33.2,69.6,2024,5
2024-05-24 09:15:00+05:30,538.3824963202601,33.3,68.5,2024,5
2024-05-24 09:30:00+05:30,552.4390956184106,33.6,67.5,2024,5
2024-05-24 09:45:00+05:30,564.1490831441101,33.7,67.3,2024,5
2024-05-24 10:00:00+05:30,573.8040461756527,34.0,66.1,2024,5
2024-05-24 10:15:00+05:30,579.7343548179028,34.3,64.5,2024,5
2024-05-24 10:30:00+05:30,584.520936370873,34.5,63.7,2024,5
2024-05-24 10:45:00+05:30,590.9977462512965,34.6,63.6,2024,5
2024-05-24 11:00:00+05:30,595.2101506707852,34.6,62.4,2024,5
2024-05-24 11:15:00+05:30,593.2948754870581,34.8,61.9,2024,5
2024-05-24 11:30:00+05:30,593.3089184249275,34.9,61.1,2024,5
2024-05-24 11:45:00+05:30,592.2045319884201,34.9,60.9,2024,5
2024-05-24 12:00:00+05:30,591.1861890091966,34.9,61.3,2024,5
2024-05-24 12:15:00+05:30,587.5989837769639,34.9,61.5,2024,5
2024-05-24 12:30:00+05:30,585.2600086736581,35.0,61.5,2024,5
2024-05-24 12:45:00+05:30,582.3487950196147,35.0,61.4,2024,5
2024-05-24 13:00:00+05:30,582.5591978130653,35.1,61.2,2024,5
2024-05-24 13:15:00+05:30,585.9556999939991,35.2,61.3,2024,5
2024-05-24 13:30:00+05:30,582.285434953068,35.0,62.0,2024,5
2024-05-24 13:45:00+05:30,585.3585754295725,34.9,61.9,2024,5
2024-05-24 14:00:00+05:30,593.860273856993,34.9,61.7,2024,5
2024-05-24 14:15:00+05:30,599.8291977986061,34.9,61.1,2024,5
2024-05-24 14:30:00+05:30,600.9287953506511,34.9,60.6,2024,5
2024-05-24 14:45:00+05:30,598.1826820123374,34.7,62.0,2024,5
2024-05-24 15:00:00+05:30,597.5110787292472,34.9,61.3,2024,5
2024-05-24 15:15:00+05:30,599.0575054289594,35.0,60.9,2024,5
2024-05-24 15:30:00+05:30,597.6448619627744,35.0,61.1,2024,5
2024-05-24 15:45:00+05:30,596.8664494171419,34.8,61.3,2024,5
2024-05-24 16:00:00+05:30,593.6955152654781,34.7,61.8,2024,5
2024-05-24 16:15:00+05:30,589.8639019558274,34.5,62.2,2024,5
2024-05-24 16:30:00+05:30,586.402055787131,34.2,63.5,2024,5
2024-05-24 16:45:00+05:30,579.3839601853168,34.1,63.6,2024,5
2024-05-24 17:00:00+05:30,570.2847924840516,33.9,64.4,2024,5
2024-05-24 17:15:00+05:30,560.7454206346683,33.4,65.8,2024,5
2024-05-24 17:30:00+05:30,553.5398480195734,33.1,67.3,2024,5
2024-05-24 17:45:00+05:30,543.5208741403098,33.1,67.6,2024,5
2024-05-24 18:00:00+05:30,531.4241262444816,32.8,68.8,2024,5
2024-05-24 18:15:00+05:30,520.4121458104592,32.6,69.6,2024,5
2024-05-24 18:30:00+05:30,512.6146826212292,32.2,70.6,2024,5
2024-05-24 18:45:00+05:30,504.8840323093357,32.0,71.6,2024,5
2024-05-24 19:00:00+05:30,498.7435287774788,31.8,72.6,2024,5
2024-05-24 19:15:00+05:30,490.9257821165974,31.7,72.8,2024,5
2024-05-24 19:30:00+05:30,482.8520072618671,31.6,73.2,2024,5
2024-05-24 19:45:00+05:30,477.9708451047816,31.5,73.6,2024,5
2024-05-24 20:00:00+05:30,468.5264402783813,31.5,73.7,2024,5
2024-05-24 20:15:00+05:30,460.2793050038592,31.5,73.8,2024,5
2024-05-24 20:30:00+05:30,459.74629854968657,31.4,74.2,2024,5
2024-05-24 20:45:00+05:30,453.8699853064724,31.4,74.9,2024,5
2024-05-24 21:00:00+05:30,451.2185084118531,31.3,75.6,2024,5
2024-05-24 21:15:00+05:30,445.3314335242544,31.2,75.8,2024,5
2024-05-24 21:30:00+05:30,439.0777151353209,31.2,76.0,2024,5
2024-05-24 21:45:00+05:30,436.1820646669538,31.2,75.9,2024,5
2024-05-24 22:00:00+05:30,434.44321372025627,31.2,76.0,2024,5
2024-05-24 22:15:00+05:30,430.9944806935504,31.2,75.9,2024,5
2024-05-24 22:30:00+05:30,428.20913100020766,31.2,76.1,2024,5
2024-05-24 22:45:00+05:30,426.5158565812637,31.1,76.5,2024,5
2024-05-24 23:00:00+05:30,418.82091693730496,31.0,76.7,2024,5
2024-05-24 23:15:00+05:30,409.705220799635,31.0,76.5,2024,5
2024-05-24 23:30:00+05:30,406.2962895214911,31.1,79.7,2024,5
2024-05-24 23:45:00+05:30,403.9983729237869,31.1,79.7,2024,5
2024-05-25 00:00:00+05:30,403.01232382855153,31.0,77.3,2024,5
2024-05-25 00:15:00+05:30,393.9194599992993,31.0,77.1,2024,5
2024-05-25 00:30:00+05:30,389.277574882021,30.9,77.2,2024,5
2024-05-25 00:45:00+05:30,384.0254906506957,30.8,77.6,2024,5
2024-05-25 01:00:00+05:30,377.5432314873096,30.8,77.1,2024,5
2024-05-25 01:15:00+05:30,370.3309287211485,30.7,77.0,2024,5
2024-05-25 01:30:00+05:30,364.80278325458414,30.7,77.4,2024,5
2024-05-25 01:45:00+05:30,363.6323301852017,30.6,77.5,2024,5
2024-05-25 02:00:00+05:30,356.5185257240332,30.5,78.0,2024,5
2024-05-25 02:15:00+05:30,352.3349334833672,30.5,78.0,2024,5
2024-05-25 02:30:00+05:30,349.5062830652391,30.5,77.9,2024,5
2024-05-25 02:45:00+05:30,347.459511494451,30.4,78.1,2024,5
2024-05-25 03:00:00+05:30,342.7705330746793,30.4,77.8,2024,5
2024-05-25 03:15:00+05:30,339.87112361919515,30.4,77.9,2024,5
2024-05-25 03:30:00+05:30,334.51473206181066,30.4,77.6,2024,5
2024-05-25 03:45:00+05:30,331.6587300070002,30.4,77.9,2024,5
2024-05-25 04:00:00+05:30,331.1190040943712,30.4,77.7,2024,5
2024-05-25 04:15:00+05:30,329.86040111077915,30.3,78.5,2024,5
2024-05-25 04:30:00+05:30,330.2410953375141,30.3,78.2,2024,5
2024-05-25 04:45:00+05:30,329.74497380573905,30.3,78.0,2024,5
2024-05-25 05:00:00+05:30,333.276642095374,30.2,77.9,2024,5
2024-05-25 05:15:00+05:30,333.9564214482505,30.3,78.2,2024,5
2024-05-25 05:30:00+05:30,332.83072896264684,30.3,77.7,2024,5
2024-05-25 05:45:00+05:30,332.13955839400523,30.3,77.9,2024,5
2024-05-25 06:00:00+05:30,327.7501205324361,30.3,78.2,2024,5
2024-05-25 06:15:00+05:30,330.3112581636087,30.3,78.0,2024,5
2024-05-25 06:30:00+05:30,331.04951145059704,30.3,77.9,2024,5
2024-05-25 06:45:00+05:30,334.33850059905785,30.5,77.6,2024,5
2024-05-25 07:00:00+05:30,337.1315749161247,30.6,76.9,2024,5
2024-05-25 07:15:00+05:30,341.60571443061104,30.8,76.3,2024,5
2024-05-25 07:30:00+05:30,345.57999169708154,30.9,75.6,2024,5
2024-05-25 07:45:00+05:30,355.4827551923489,31.1,75.4,2024,5
2024-05-25 08:00:00+05:30,375.2893604411405,31.3,74.5,2024,5
2024-05-25 08:15:00+05:30,388.13947621488126,31.6,73.7,2024,5
2024-05-25 08:30:00+05:30,395.7178283506787,31.9,72.0,2024,5
2024-05-25 08:45:00+05:30,411.9436722028806,32.1,70.4,2024,5
2024-05-25 09:00:00+05:30,432.4956701948153,32.4,68.9,2024,5
2024-05-25 09:15:00+05:30,441.674652792339,32.9,66.7,2024,5
2024-05-25 09:30:00+05:30,452.2939633267985,33.2,65.8,2024,5
2024-05-25 09:45:00+05:30,462.213778442872,33.4,64.3,2024,5
2024-05-25 10:00:00+05:30,473.4104016765134,33.7,62.8,2024,5
2024-05-25 10:15:00+05:30,479.6731458720392,33.7,62.3,2024,5
2024-05-25 10:30:00+05:30,486.1259989569082,33.6,62.8,2024,5
2024-05-25 10:45:00+05:30,494.1408157988048,33.7,62.6,2024,5
2024-05-25 11:00:00+05:30,499.9980775052793,34.2,62.0,2024,5
2024-05-25 11:15:00+05:30,501.3508191523042,33.9,61.9,2024,5
2024-05-25 11:30:00+05:30,500.10484651868336,34.0,61.8,2024,5
2024-05-25 11:45:00+05:30,498.07742216066094,34.1,61.0,2024,5
2024-05-25 12:00:00+05:30,499.7840066038194,34.1,61.4,2024,5
2024-05-25 12:15:00+05:30,493.4333187891023,34.4,60.1,2024,5
2024-05-25 12:30:00+05:30,500.0623286720314,34.3,59.4,2024,5
2024-05-25 12:45:00+05:30,497.210176107366,34.5,60.0,2024,5
2024-05-25 13:00:00+05:30,497.5391394607118,34.7,59.7,2024,5
2024-05-25 13:15:00+05:30,495.1787270151105,34.5,59.9,2024,5
2024-05-25 13:30:00+05:30,494.14821870832,34.6,60.0,2024,5
2024-05-25 13:45:00+05:30,495.2138000067952,34.6,60.5,2024,5
2024-05-25 14:00:00+05:30,503.37220968011513,34.7,59.8,2024,5
2024-05-25 14:15:00+05:30,505.6673249007188,34.3,61.2,2024,5
2024-05-25 14:30:00+05:30,501.8773598096946,34.3,61.4,2024,5
2024-05-25 14:45:00+05:30,503.4895859889892,34.4,61.4,2024,5
2024-05-25 15:00:00+05:30,500.608445209196,34.2,62.2,2024,5
2024-05-25 15:15:00+05:30,500.91942211425385,34.2,62.2,2024,5
2024-05-25 15:30:00+05:30,503.78019190136587,34.5,61.3,2024,5
2024-05-25 15:45:00+05:30,500.6249300071344,34.3,62.1,2024,5
2024-05-25 16:00:00+05:30,498.4120045333908,34.3,62.2,2024,5
2024-05-25 16:15:00+05:30,490.6958733993927,34.4,61.4,2024,5
2024-05-25 16:30:00+05:30,489.34430390594383,34.5,61.4,2024,5
2024-05-25 16:45:00+05:30,485.5718772307823,34.6,61.6,2024,5
2024-05-25 17:00:00+05:30,477.9274223313524,34.5,61.8,2024,5
2024-05-25 17:15:00+05:30,473.6835223379852,33.8,63.8,2024,5
2024-05-25 17:30:00+05:30,467.0406904496045,33.6,64.8,2024,5
2024-05-25 17:45:00+05:30,461.3116344968775,33.1,65.8,2024,5
2024-05-25 18:00:00+05:30,452.4584237357733,33.0,65.9,2024,5
2024-05-25 18:15:00+05:30,448.9858202323078,32.5,67.5,2024,5
2024-05-25 18:30:00+05:30,446.5732695968503,32.3,68.1,2024,5
2024-05-25 18:45:00+05:30,445.8294648699472,32.1,69.1,2024,5
2024-05-25 19:00:00+05:30,446.9965948087213,32.0,69.5,2024,5
2024-05-25 19:15:00+05:30,444.3607200549904,31.7,70.7,2024,5
2024-05-25 19:30:00+05:30,438.9358954791096,31.7,70.7,2024,5
2024-05-25 19:45:00+05:30,436.4720796709291,31.6,71.1,2024,5
2024-05-25 20:00:00+05:30,436.0314145162426,31.6,71.5,2024,5
2024-05-25 20:15:00+05:30,431.02094143226606,31.5,72.0,2024,5
2024-05-25 20:30:00+05:30,430.9737948533566,31.5,72.1,2024,5
2024-05-25 20:45:00+05:30,431.1240565120513,31.5,72.5,2024,5
2024-05-25 21:00:00+05:30,430.0461010585039,31.5,72.5,2024,5
2024-05-25 21:15:00+05:30,428.19101028309456,31.5,72.7,2024,5
2024-05-25 21:30:00+05:30,425.6459141712264,31.4,73.2,2024,5
2024-05-25 21:45:00+05:30,422.2011342440513,31.4,72.9,2024,5
2024-05-25 22:00:00+05:30,418.54194915644257,31.3,73.2,2024,5
2024-05-25 22:15:00+05:30,413.70371884056,31.3,73.4,2024,5
2024-05-25 22:30:00+05:30,411.13250000087294,31.3,73.6,2024,5
2024-05-25 22:45:00+05:30,408.2976609334815,31.3,73.7,2024,5
2024-05-25 23:00:00+05:30,406.2519161992709,31.3,73.9,2024,5
2024-05-25 23:15:00+05:30,403.5832371659104,31.3,73.7,2024,5
2024-05-25 23:30:00+05:30,402.53112889903815,31.2,74.1,2024,5
2024-05-25 23:45:00+05:30,399.0496417326632,31.2,74.1,2024,5
2024-05-26 00:00:00+05:30,394.0,31.160000000000004,74.52000000000001,2024,5
2024-05-26 00:15:00+05:30,391.0,31.14,74.78,2024,5
2024-05-26 00:30:00+05:30,388.0,31.079999999999995,75.08,2024,5
2024-05-26 00:45:00+05:30,382.0,31.08,75.66,2024,5
2024-05-26 01:00:00+05:30,376.0,31.06,75.67999999999999,2024,5
2024-05-26 01:15:00+05:30,368.0,31.04,75.72,2024,5
2024-05-26 01:30:00+05:30,368.0,30.98,75.67999999999999,2024,5
2024-05-26 01:45:00+05:30,366.0,30.98,75.67999999999999,2024,5
2024-05-26 02:00:00+05:30,361.0,30.92,76.46000000000001,2024,5
2024-05-26 02:15:00+05:30,357.0,30.82,76.74000000000001,2024,5
2024-05-26 02:30:00+05:30,354.0,30.78,76.82,2024,5
2024-05-26 02:45:00+05:30,351.0,30.76,77.1,2024,5
2024-05-26 03:00:00+05:30,347.0,30.78,76.92,2024,5
2024-05-26 03:15:00+05:30,343.0,30.72,77.3,2024,5
2024-05-26 03:30:00+05:30,341.0,30.72,77.34,2024,5
2024-05-26 03:45:00+05:30,340.0,30.72,77.24000000000001,2024,5
2024-05-26 04:00:00+05:30,336.0,30.7,77.38,2024,5
2024-05-26 04:15:00+05:30,336.0,30.68,77.41999999999999,2024,5
2024-05-26 04:30:00+05:30,334.0,30.62,77.46000000000001,2024,5
2024-05-26 04:45:00+05:30,332.0,30.58,77.41999999999999,2024,5
2024-05-26 05:00:00+05:30,332.0,30.62,77.54,2024,5
2024-05-26 05:15:00+05:30,331.0,30.579999999999995,77.75999999999999,2024,5
2024-05-26 05:30:00+05:30,329.0,30.6,77.88,2024,5
2024-05-26 05:45:00+05:30,326.0,30.58,77.85999999999999,2024,5
2024-05-26 06:00:00+05:30,323.0,30.58,77.56,2024,5
2024-05-26 06:15:00+05:30,324.0,30.6,77.67999999999999,2024,5
2024-05-26 06:30:00+05:30,325.0,30.68,77.67999999999999,2024,5
2024-05-26 06:45:00+05:30,324.0,30.7,77.72,2024,5
2024-05-26 07:00:00+05:30,327.0,30.78,77.44,2024,5
2024-05-26 07:15:00+05:30,327.0,30.860000000000003,77.38,2024,5
2024-05-26 07:30:00+05:30,330.0,31.12,76.64,2024,5
2024-05-26 07:45:00+05:30,334.0,31.24,75.84,2024,5
2024-05-26 08:00:00+05:30,339.0,31.4,75.33999999999999,2024,5
2024-05-26 08:15:00+05:30,344.0,31.68,74.46000000000001,2024,5
2024-05-26 08:30:00+05:30,348.0,32.0,73.42,2024,5
2024-05-26 08:45:00+05:30,353.0,32.099999999999994,73.06,2024,5
2024-05-26 09:00:00+05:30,358.0,32.18,71.52000000000001,2024,5
2024-05-26 09:15:00+05:30,364.0,32.5,70.2,2024,5
2024-05-26 09:30:00+05:30,366.0,32.54,70.02000000000001,2024,5
2024-05-26 09:45:00+05:30,370.0,32.78000000000001,68.61999999999999,2024,5
2024-05-26 10:00:00+05:30,378.0,33.14,67.88,2024,5
2024-05-26 10:15:00+05:30,384.0,33.54,66.3,2024,5
2024-05-26 10:30:00+05:30,385.0,33.74,65.67999999999999,2024,5
2024-05-26 10:45:00+05:30,391.0,33.8,65.14,2024,5
2024-05-26 11:00:00+05:30,396.0,33.84,65.7,2024,5
2024-05-26 11:15:00+05:30,397.0,34.04,65.55999999999999,2024,5
2024-05-26 11:30:00+05:30,401.0,34.14,65.03999999999999,2024,5
2024-05-26 11:45:00+05:30,401.0,34.2,64.6,2024,5
2024-05-26 12:00:00+05:30,402.0,34.12,64.58000000000001,2024,5
2024-05-26 12:15:00+05:30,404.0,34.2,64.26,2024,5
2024-05-26 12:30:00+05:30,402.0,34.34,63.82000000000001,2024,5
2024-05-26 12:45:00+05:30,406.0,34.32000000000001,63.84,2024,5
2024-05-26 13:00:00+05:30,405.0,34.3,64.03999999999999,2024,5
2024-05-26 13:15:00+05:30,408.0,34.16,64.64,2024,5
2024-05-26 13:30:00+05:30,409.0,34.3,64.06,2024,5
2024-05-26 13:45:00+05:30,409.0,34.34,64.08,2024,5
2024-05-26 14:00:00+05:30,413.0,34.56,63.48,2024,5
2024-05-26 14:15:00+05:30,416.0,34.4,63.260000000000005,2024,5
2024-05-26 14:30:00+05:30,418.0,34.32,63.2,2024,5
2024-05-26 14:45:00+05:30,421.0,34.160000000000004,64.1,2024,5
2024-05-26 15:00:00+05:30,422.0,34.2,63.760000000000005,2024,5
2024-05-26 15:15:00+05:30,420.0,34.3,63.92,2024,5
2024-05-26 15:30:00+05:30,415.0,34.4,62.96,2024,5
2024-05-26 15:45:00+05:30,416.0,34.14,63.74,2024,5
2024-05-26 16:00:00+05:30,416.0,34.36,63.0,2024,5
2024-05-26 16:15:00+05:30,411.0,34.08,64.04,2024,5
2024-05-26 16:30:00+05:30,413.0,33.84,64.34,2024,5
2024-05-26 16:45:00+05:30,406.0,33.620000000000005,64.84,2024,5
2024-05-26 17:00:00+05:30,403.0,33.739999999999995,64.42,2024,5
2024-05-26 17:15:00+05:30,400.0,33.379999999999995,64.82,2024,5
2024-05-26 17:30:00+05:30,397.0,33.1,66.72,2024,5
2024-05-26 17:45:00+05:30,393.0,33.160000000000004,66.12,2024,5
2024-05-26 18:00:00+05:30,391.0,32.86,67.0,2024,5
2024-05-26 18:15:00+05:30,394.0,32.38,68.74000000000001,2024,5
2024-05-26 18:30:00+05:30,392.0,32.17999999999999,69.44000000000001,2024,5
2024-05-26 18:45:00+05:30,395.0,31.96,70.47999999999999,2024,5
2024-05-26 19:00:00+05:30,397.0,31.78,71.16,2024,5
2024-05-26 19:15:00+05:30,401.0,31.66,71.58,2024,5
2024-05-26 19:30:00+05:30,402.0,31.52,72.34,2024,5
2024-05-26 19:45:00+05:30,408.0,31.520000000000003,72.78,2024,5
2024-05-26 20:00:00+05:30,405.0,31.5,73.08000000000001,2024,5
2024-05-26 20:15:00+05:30,407.0,31.46,73.1,2024,5
2024-05-26 20:30:00+05:30,408.0,31.46,73.22,2024,5
2024-05-26 20:45:00+05:30,407.0,31.54,73.47999999999999,2024,5
2024-05-26 21:00:00+05:30,407.0,31.42,73.68,2024,5
2024-05-26 21:15:00+05:30,406.0,31.46,73.72,2024,5
2024-05-26 21:30:00+05:30,407.0,31.4,73.56,2024,5
2024-05-26 21:45:00+05:30,406.0,31.44,73.79999999999998,2024,5
2024-05-26 22:00:00+05:30,403.0,31.32,74.30000000000001,2024,5
2024-05-26 22:15:00+05:30,400.0,31.32,74.2,2024,5
2024-05-26 22:30:00+05:30,402.0,31.3,74.74,2024,5
2024-05-26 22:45:00+05:30,400.0,31.28,74.92,2024,5
2024-05-26 23:00:00+05:30,399.0,31.22,75.12,2024,5
2024-05-26 23:15:00+05:30,401.0,31.22,75.4,2024,5
2024-05-26 23:30:00+05:30,398.0,31.2,75.67999999999999,2024,5
2024-05-26 23:45:00+05:30,396.0,31.2,75.7,2024,5
2024-05-27 00:00:00+05:30,393.0,31.160000000000004,76.24000000000001,2024,5
2024-05-27 00:15:00+05:30,387.0,31.059999999999995,76.66,2024,5
2024-05-27 00:30:00+05:30,383.0,31.06,76.53999999999999,2024,5
2024-05-27 00:45:00+05:30,378.0,31.02,76.63999999999999,2024,5
2024-05-27 01:00:00+05:30,370.0,31.0,76.53999999999999,2024,5
2024-05-27 01:15:00+05:30,367.0,31.0,76.96,2024,5
2024-05-27 01:30:00+05:30,364.0,31.0,77.1,2024,5
2024-05-27 01:45:00+05:30,355.0,31.0,77.24000000000001,2024,5
2024-05-27 02:00:00+05:30,354.0,30.98,77.12,2024,5
2024-05-27 02:15:00+05:30,348.0,30.96,77.3,2024,5
2024-05-27 02:30:00+05:30,344.0,30.96,77.26,2024,5
2024-05-27 02:45:00+05:30,340.0,30.94,77.48,2024,5
2024-05-27 03:00:00+05:30,332.0,31.0,77.19999999999999,2024,5
2024-05-27 03:15:00+05:30,335.0,30.975,77.67500000000001,2024,5
2024-05-27 03:30:00+05:30,337.0,30.82,77.64,2024,5
2024-05-27 03:45:00+05:30,335.0,30.860000000000003,77.52,2024,5
2024-05-27 04:00:00+05:30,333.0,30.840000000000003,77.72,2024,5
2024-05-27 04:15:00+05:30,333.0,30.82,77.76000000000002,2024,5
2024-05-27 04:30:00+05:30,334.0,30.820000000000004,77.46000000000001,2024,5
2024-05-27 04:45:00+05:30,335.0,30.78,77.62,2024,5
2024-05-27 05:00:00+05:30,333.0,30.78,77.47999999999999,2024,5
2024-05-27 05:15:00+05:30,333.0,30.78,77.64000000000001,2024,5
2024-05-27 05:30:00+05:30,336.0,30.74,77.76,2024,5
2024-05-27 05:45:00+05:30,334.0,30.76,77.80000000000001,2024,5
2024-05-27 06:00:00+05:30,341.0,30.76,77.66,2024,5
2024-05-27 06:15:00+05:30,344.0,30.74,77.24000000000001,2024,5
2024-05-27 06:30:00+05:30,351.0,30.74,77.32000000000001,2024,5
2024-05-27 06:45:00+05:30,361.0,30.8,77.52000000000001,2024,5
2024-05-27 07:00:00+05:30,375.0,30.9,77.46,2024,5
2024-05-27 07:15:00+05:30,391.0,30.94,77.4,2024,5
2024-05-27 07:30:00+05:30,407.0,31.04,77.1,2024,5
2024-05-27 07:45:00+05:30,427.0,31.06,77.03999999999999,2024,5
2024-05-27 08:00:00+05:30,453.0,31.12,76.76000000000002,2024,5
2024-05-27 08:15:00+05:30,478.0,31.22,76.47999999999999,2024,5
2024-05-27 08:30:00+05:30,495.0,31.380000000000003,76.03999999999999,2024,5
2024-05-27 08:45:00+05:30,512.0,31.56,75.34,2024,5
2024-05-27 09:00:00+05:30,528.0,31.54,74.84,2024,5
2024-05-27 09:15:00+05:30,547.0,31.660000000000004,74.34,2024,5
2024-05-27 09:30:00+05:30,558.0,31.74,73.7,2024,5
2024-05-27 09:45:00+05:30,568.0,31.98,73.12,2024,5
2024-05-27 10:00:00+05:30,579.0,32.36,72.52,2024,5
2024-05-27 10:15:00+05:30,589.0,32.5,71.82000000000001,2024,5
2024-05-27 10:30:00+05:30,592.0,32.64,70.96000000000001,2024,5
2024-05-27 10:45:00+05:30,592.0,32.86,69.96000000000001,2024,5
2024-05-27 11:00:00+05:30,594.0,32.8,70.24,2024,5
2024-05-27 11:15:00+05:30,594.0,32.9,69.58,2024,5
2024-05-27 11:30:00+05:30,595.0,32.86,69.46000000000001,2024,5
2024-05-27 11:45:00+05:30,591.0,33.239999999999995,68.08,2024,5
2024-05-27 12:00:00+05:30,593.0,33.2,68.00000000000001,2024,5
2024-05-27 12:15:00+05:30,594.0,33.11999999999999,68.22,2024,5
2024-05-27 12:30:00+05:30,594.0,33.18,67.85999999999999,2024,5
2024-05-27 12:45:00+05:30,593.0,33.06,68.2,2024,5
2024-05-27 13:00:00+05:30,589.0,32.980000000000004,68.74,2024,5
2024-05-27 13:15:00+05:30,585.0,32.980000000000004,68.8,2024,5
2024-05-27 13:30:00+05:30,582.0,33.220000000000006,68.28,2024,5
2024-05-27 13:45:00+05:30,587.0,33.239999999999995,68.52,2024,5
2024-05-27 14:00:00+05:30,593.0,33.34,68.66000000000001,2024,5
2024-05-27 14:15:00+05:30,597.0,33.64,67.2,2024,5
2024-05-27 14:30:00+05:30,601.0,33.480000000000004,68.18,2024,5
2024-05-27 14:45:00+05:30,594.0,33.22,69.34,2024,5
2024-05-27 15:00:00+05:30,601.0,33.220000000000006,69.4,2024,5
2024-05-27 15:15:00+05:30,597.0,33.0,69.94,2024,5
2024-05-27 15:30:00+05:30,590.0,32.620000000000005,71.26,2024,5
2024-05-27 15:45:00+05:30,583.0,32.34,72.55999999999999,2024,5
2024-05-27 16:00:00+05:30,580.0,32.14,72.97999999999999,2024,5
2024-05-27 16:15:00+05:30,575.0,32.02,73.44000000000001,2024,5
2024-05-27 16:30:00+05:30,573.0,32.02,73.78,2024,5
2024-05-27 16:45:00+05:30,566.0,31.96,74.02000000000001,2024,5
2024-05-27 17:00:00+05:30,563.0,31.98,73.84,2024,5
2024-05-27 17:15:00+05:30,556.0,31.98,73.84,2024,5
2024-05-27 17:30:00+05:30,544.0,31.96,74.0,2024,5
2024-05-27 17:45:00+05:30,541.0,31.920000000000005,73.92,2024,5
2024-05-27 18:00:00+05:30,527.0,31.840000000000003,74.6,2024,5
2024-05-27 18:15:00+05:30,516.0,31.8,74.7,2024,5
2024-05-27 18:30:00+05:30,509.0,31.72,75.14,2024,5
2024-05-27 18:45:00+05:30,504.0,31.620000000000005,75.38,2024,5
2024-05-27 19:00:00+05:30,494.0,31.52,75.47999999999999,2024,5
2024-05-27 19:15:00+05:30,488.0,31.48,75.75999999999999,2024,5
2024-05-27 19:30:00+05:30,482.0,31.4,76.14000000000001,2024,5
2024-05-27 19:45:00+05:30,475.0,31.360000000000003,76.1,2024,5
2024-05-27 20:00:00+05:30,469.0,31.32,76.42,2024,5
2024-05-27 20:15:00+05:30,464.0,31.28,76.6,2024,5
2024-05-27 20:30:00+05:30,461.0,31.26,76.64000000000001,2024,5
2024-05-27 20:45:00+05:30,457.0,31.24,76.38,2024,5
2024-05-27 21:00:00+05:30,451.0,31.22,76.42,2024,5
2024-05-27 21:15:00+05:30,442.0,31.18,76.98,2024,5
2024-05-27 21:30:00+05:30,440.0,31.12,77.16,2024,5
2024-05-27 21:45:00+05:30,433.0,31.12,76.96000000000001,2024,5
2024-05-27 22:00:00+05:30,431.0,31.1,77.16,2024,5
2024-05-27 22:15:00+05:30,427.0,31.04,77.2,2024,5
2024-05-27 22:30:00+05:30,424.0,31.04,77.38000000000001,2024,5
2024-05-27 22:45:00+05:30,422.0,31.0,77.4,2024,5
2024-05-27 23:00:00+05:30,415.0,30.94,77.62,2024,5
2024-05-27 23:15:00+05:30,412.0,30.92,77.72,2024,5
2024-05-27 23:30:00+05:30,408.0,30.9,77.66,2024,5
2024-05-27 23:45:00+05:30,407.0,30.85,77.64,2024,5
2024-05-28 00:00:00+05:30,397.91,30.860000000000003,77.2,2024,5
2024-05-28 00:15:00+05:30,394.8,30.82,77.62,2024,5
2024-05-28 00:30:00+05:30,389.13,30.8,77.78000000000002,2024,5
2024-05-28 00:45:00+05:30,384.52,30.82,78.05999999999999,2024,5
2024-05-28 01:00:00+05:30,377.51,30.76,78.0,2024,5
2024-05-28 01:15:00+05:30,373.16,30.76,77.63999999999999,2024,5
2024-05-28 01:30:00+05:30,366.42,30.72,77.55999999999999,2024,5
2024-05-28 01:45:00+05:30,361.41,30.68,77.8,2024,5
2024-05-28 02:00:00+05:30,355.92,30.68,77.8,2024,5
2024-05-28 02:15:00+05:30,351.94,30.62,77.97999999999999,2024,5
2024-05-28 02:30:00+05:30,351.41,30.58,78.20000000000002,2024,5
2024-05-28 02:45:00+05:30,347.08,30.56,78.47999999999999,2024,5
2024-05-28 03:00:00+05:30,346.44,30.56,78.44000000000001,2024,5
2024-05-28 03:15:00+05:30,344.27,30.48,78.61999999999999,2024,5
2024-05-28 03:30:00+05:30,340.74,30.48,78.54,2024,5
2024-05-28 03:45:00+05:30,336.46,30.440000000000005,78.06000000000002,2024,5
2024-05-28 04:00:00+05:30,334.53,30.440000000000005,77.97999999999999,2024,5
2024-05-28 04:15:00+05:30,332.94,30.42,77.97999999999999,2024,5
2024-05-28 04:30:00+05:30,332.7,30.440000000000005,78.11999999999999,2024,5
2024-05-28 04:45:00+05:30,332.04,30.42,78.16,2024,5
2024-05-28 05:00:00+05:30,335.57,30.379999999999995,78.4,2024,5
2024-05-28 05:15:00+05:30,336.33,30.36,78.84,2024,5
2024-05-28 05:30:00+05:30,339.58,30.32,79.43999999999998,2024,5
2024-05-28 05:45:00+05:30,339.51,30.24,79.22,2024,5
2024-05-28 06:00:00+05:30,341.93,30.160000000000004,79.23999999999998,2024,5
2024-05-28 06:15:00+05:30,347.77,30.160000000000004,79.46,2024,5
2024-05-28 06:30:00+05:30,351.15,30.26,79.55999999999999,2024,5
2024-05-28 06:45:00+05:30,359.86,30.4,79.0,2024,5
2024-05-28 07:00:00+05:30,373.96,30.5,78.22,2024,5
2024-05-28 07:15:00+05:30,391.46,30.7,78.0,2024,5
2024-05-28 07:30:00+05:30,409.8,30.860000000000003,77.22,2024,5
2024-05-28 07:45:00+05:30,427.67,31.12,76.14,2024,5
2024-05-28 08:00:00+05:30,452.42,31.32,75.47999999999999,2024,5
2024-05-28 08:15:00+05:30,478.87,31.7,74.7,2024,5
2024-05-28 08:30:00+05:30,498.79,31.74,73.9,2024,5
2024-05-28 08:45:00+05:30,513.9,31.98,72.86,2024,5
2024-05-28 09:00:00+05:30,531.29,32.36,71.1,2024,5
2024-05-28 09:15:00+05:30,545.18,32.64,70.12,2024,5
2024-05-28 09:30:00+05:30,560.05,32.86,69.0,2024,5
2024-05-28 09:45:00+05:30,570.0,32.92,68.2,2024,5
2024-05-28 10:00:00+05:30,578.27,33.239999999999995,67.38,2024,5
2024-05-28 10:15:00+05:30,580.53,33.239999999999995,67.16,2024,5
2024-05-28 10:30:00+05:30,586.08,33.6,65.52000000000001,2024,5
2024-05-28 10:45:00+05:30,588.69,33.5,65.22,2024,5
2024-05-28 11:00:00+05:30,589.37,33.58,64.53999999999999,2024,5
2024-05-28 11:15:00+05:30,592.16,33.779999999999994,64.11999999999999,2024,5
2024-05-28 11:30:00+05:30,591.75,33.78,63.96,2024,5
2024-05-28 11:45:00+05:30,594.36,33.9,63.67999999999999,2024,5
2024-05-28 12:00:00+05:30,593.92,34.06,62.75999999999999,2024,5
2024-05-28 12:15:00+05:30,591.26,34.160000000000004,62.94,2024,5
2024-05-28 12:30:00+05:30,590.92,34.3,62.08,2024,5
2024-05-28 12:45:00+05:30,590.17,34.239999999999995,62.25999999999999,2024,5
2024-05-28 13:00:00+05:30,587.92,34.18,62.24,2024,5
2024-05-28 13:15:00+05:30,584.14,34.46,62.04,2024,5
2024-05-28 13:30:00+05:30,583.53,34.32000000000001,61.58,2024,5
2024-05-28 13:45:00+05:30,585.95,34.7,61.46,2024,5
2024-05-28 14:00:00+05:30,589.12,34.82,60.0,2024,5
2024-05-28 14:15:00+05:30,593.24,34.760000000000005,59.14000000000001,2024,5
2024-05-28 14:30:00+05:30,596.52,34.8,59.21999999999999,2024,5
2024-05-28 14:45:00+05:30,595.45,34.88000000000001,58.92,2024,5
2024-05-28 15:00:00+05:30,595.26,34.6,59.92,2024,5
2024-05-28 15:15:00+05:30,595.62,34.76,60.0,2024,5
2024-05-28 15:30:00+05:30,594.63,34.8,59.64,2024,5
2024-05-28 15:45:00+05:30,589.79,34.86,59.17999999999999,2024,5
2024-05-28 16:00:00+05:30,589.14,34.64,59.98,2024,5
2024-05-28 16:15:00+05:30,585.03,34.5,61.36,2024,5
2024-05-28 16:30:00+05:30,583.61,34.38,61.7,2024,5
2024-05-28 16:45:00+05:30,575.54,34.2,62.24,2024,5
2024-05-28 17:00:00+05:30,570.55,34.14,62.71999999999999,2024,5
2024-05-28 17:15:00+05:30,563.93,33.94,63.06,2024,5
2024-05-28 17:30:00+05:30,554.13,33.56,64.24,2024,5
2024-05-28 17:45:00+05:30,527.09,33.260000000000005,65.41999999999999,2024,5
2024-05-28 18:00:00+05:30,413.39,33.04,66.02,2024,5
2024-05-28 18:15:00+05:30,474.3,32.86,66.3,2024,5
2024-05-28 18:30:00+05:30,481.83,32.56,67.4,2024,5
2024-05-28 18:45:00+05:30,484.71,32.2,68.38,2024,5
2024-05-28 19:00:00+05:30,487.03,32.02,69.12,2024,5
2024-05-28 19:15:00+05:30,483.6,31.9,69.55999999999999,2024,5
2024-05-28 19:30:00+05:30,475.75,31.74,70.23999999999998,2024,5
2024-05-28 19:45:00+05:30,472.24,31.7,70.64000000000001,2024,5
2024-05-28 20:00:00+05:30,466.78,31.6,71.24000000000001,2024,5
2024-05-28 20:15:00+05:30,459.51,31.559999999999995,71.34,2024,5
2024-05-28 20:30:00+05:30,456.51,31.56,71.34,2024,5
2024-05-28 20:45:00+05:30,452.97,31.46,71.38,2024,5
2024-05-28 21:00:00+05:30,446.49,31.4,71.8,2024,5
2024-05-28 21:15:00+05:30,442.52,31.380000000000003,71.88,2024,5
2024-05-28 21:30:00+05:30,437.6,31.360000000000003,71.78,2024,5
2024-05-28 21:45:00+05:30,430.02,31.28,72.05999999999999,2024,5
2024-05-28 22:00:00+05:30,423.79,31.28,72.05999999999999,2024,5
2024-05-28 22:15:00+05:30,421.86,31.2,72.33999999999999,2024,5
2024-05-28 22:30:00+05:30,423.41,31.18,72.46000000000001,2024,5
2024-05-28 22:45:00+05:30,418.72,31.2,72.54,2024,5
2024-05-28 23:00:00+05:30,415.95,31.160000000000004,72.32,2024,5
2024-05-28 23:15:00+05:30,412.47,31.14,72.52000000000001,2024,5
2024-05-28 23:30:00+05:30,408.39,31.1,72.42,2024,5
2024-05-28 23:45:00+05:30,404.95,31.8,72.32,2024,5
2024-05-29 00:00:00+05:30,398.06,31.059999999999995,72.30000000000001,2024,5
2024-05-29 00:15:00+05:30,395.56,30.96,72.3,2024,5
2024-05-29 00:30:00+05:30,389.03,30.94,72.78,2024,5
2024-05-29 00:45:00+05:30,384.61,30.880000000000003,72.96000000000001,2024,5
2024-05-29 01:00:00+05:30,375.15,30.840000000000003,73.44,2024,5
2024-05-29 01:15:00+05:30,369.17,30.82,73.1,2024,5
2024-05-29 01:30:00+05:30,365.76,30.78,72.94000000000001,2024,5
2024-05-29 01:45:00+05:30,359.53,30.74,73.16,2024,5
2024-05-29 02:00:00+05:30,356.31,30.72,73.06000000000002,2024,5
2024-05-29 02:15:00+05:30,354.88,30.64,73.58,2024,5
2024-05-29 02:30:00+05:30,348.29,30.620000000000005,73.36,2024,5
2024-05-29 02:45:00+05:30,344.69,30.660000000000004,73.3,2024,5
2024-05-29 03:00:00+05:30,339.95,30.62,73.06,2024,5
2024-05-29 03:15:00+05:30,338.34,30.6,73.08,2024,5
2024-05-29 03:30:00+05:30,335.59,30.58,73.54,2024,5
2024-05-29 03:45:00+05:30,332.96,30.56,73.7,2024,5
2024-05-29 04:00:00+05:30,330.05,30.56,73.41999999999999,2024,5
2024-05-29 04:15:00+05:30,330.59,30.559999999999995,73.4,2024,5
2024-05-29 04:30:00+05:30,333.78,30.48,73.52000000000001,2024,5
2024-05-29 04:45:00+05:30,328.11,30.44,73.58,2024,5
2024-05-29 05:00:00+05:30,330.71,30.46,73.78,2024,5
2024-05-29 05:15:00+05:30,330.22,30.46,73.86,2024,5
2024-05-29 05:30:00+05:30,329.17,30.4,73.86,2024,5
2024-05-29 05:45:00+05:30,333.88,30.4,74.04,2024,5
2024-05-29 06:00:00+05:30,337.01,30.4,74.32,2024,5
2024-05-29 06:15:00+05:30,345.02,30.36,74.16,2024,5
2024-05-29 06:30:00+05:30,349.99,30.48,74.16,2024,5
2024-05-29 06:45:00+05:30,357.09,30.6,73.78,2024,5
2024-05-29 07:00:00+05:30,369.26,30.76,73.44000000000001,2024,5
2024-05-29 07:15:00+05:30,383.55,30.880000000000003,73.36,2024,5
2024-05-29 07:30:00+05:30,399.06,31.04,72.35999999999999,2024,5
2024-05-29 07:45:00+05:30,416.43,31.26,72.0,2024,5
2024-05-29 08:00:00+05:30,445.49,31.58,70.64,2024,5
2024-05-29 08:15:00+05:30,468.05,31.8,70.12,2024,5
2024-05-29 08:30:00+05:30,488.7,32.32,68.28,2024,5
2024-05-29 08:45:00+05:30,504.96,32.44,67.46000000000001,2024,5
2024-05-29 09:00:00+05:30,521.16,32.62,66.82000000000001,2024,5
2024-05-29 09:15:00+05:30,531.41,32.8,66.2,2024,5
2024-05-29 09:30:00+05:30,542.95,33.239999999999995,64.38,2024,5
2024-05-29 09:45:00+05:30,555.87,33.64,63.21999999999999,2024,5
2024-05-29 10:00:00+05:30,562.1,33.62,63.71999999999999,2024,5
2024-05-29 10:15:00+05:30,568.01,33.72,63.2,2024,5
2024-05-29 10:30:00+05:30,573.23,33.760000000000005,63.04,2024,5
2024-05-29 10:45:00+05:30,579.65,33.660000000000004,63.58,2024,5
2024-05-29 11:00:00+05:30,582.62,33.81999999999999,63.14,2024,5
2024-05-29 11:15:00+05:30,584.94,33.78,63.3,2024,5
2024-05-29 11:30:00+05:30,584.42,34.08,61.52,2024,5
2024-05-29 11:45:00+05:30,583.68,34.16,60.66,2024,5
2024-05-29 12:00:00+05:30,582.38,34.32,59.96,2024,5
2024-05-29 12:15:00+05:30,584.04,34.239999999999995,61.1,2024,5
2024-05-29 12:30:00+05:30,583.88,34.36,60.66,2024,5
2024-05-29 12:45:00+05:30,577.3,34.28,61.220000000000006,2024,5
2024-05-29 13:00:00+05:30,577.76,34.54,60.54,2024,5
2024-05-29 13:15:00+05:30,577.07,34.660000000000004,60.38,2024,5
2024-05-29 13:30:00+05:30,575.49,34.620000000000005,60.44,2024,5
2024-05-29 13:45:00+05:30,577.43,34.779999999999994,59.98,2024,5
2024-05-29 14:00:00+05:30,587.28,35.12,58.4,2024,5
2024-05-29 14:15:00+05:30,591.34,35.1,58.760000000000005,2024,5
2024-05-29 14:30:00+05:30,596.65,35.06,58.760000000000005,2024,5
2024-05-29 14:45:00+05:30,596.62,34.8,60.06,2024,5
2024-05-29 15:00:00+05:30,591.21,34.64,60.28000000000001,2024,5
2024-05-29 15:15:00+05:30,589.89,34.82,59.78,2024,5
2024-05-29 15:30:00+05:30,586.91,35.02,59.46,2024,5
2024-05-29 15:45:00+05:30,583.85,34.76,60.11999999999999,2024,5
2024-05-29 16:00:00+05:30,583.48,34.7,60.46,2024,5
2024-05-29 16:15:00+05:30,581.99,34.4,61.260000000000005,2024,5
2024-05-29 16:30:00+05:30,580.45,34.379999999999995,61.52,2024,5
2024-05-29 16:45:00+05:30,577.1,34.760000000000005,60.6,2024,5
2024-05-29 17:00:00+05:30,569.21,34.480000000000004,61.58,2024,5
2024-05-29 17:15:00+05:30,562.57,33.82,63.17999999999999,2024,5
2024-05-29 17:30:00+05:30,554.05,33.84,63.580000000000005,2024,5
2024-05-29 17:45:00+05:30,543.15,33.739999999999995,63.8,2024,5
2024-05-29 18:00:00+05:30,531.55,33.7,62.94,2024,5
2024-05-29 18:15:00+05:30,518.43,33.17999999999999,64.34,2024,5
2024-05-29 18:30:00+05:30,508.25,33.0,65.08,2024,5
2024-05-29 18:45:00+05:30,504.53,32.52,66.08000000000001,2024,5
2024-05-29 19:00:00+05:30,492.96,32.18000000000001,67.5,2024,5
2024-05-29 19:15:00+05:30,486.4,32.02,68.41999999999999,2024,5
2024-05-29 19:30:00+05:30,480.1,31.8,69.42,2024,5
2024-05-29 19:45:00+05:30,473.77,31.78,69.98,2024,5
2024-05-29 20:00:00+05:30,468.61,31.72000000000001,70.14000000000001,2024,5
2024-05-29 20:15:00+05:30,460.98,31.72,70.5,2024,5
2024-05-29 20:30:00+05:30,453.61,31.640000000000004,70.52000000000001,2024,5
2024-05-29 20:45:00+05:30,450.44,31.62,70.32000000000001,2024,5
2024-05-29 21:00:00+05:30,444.91,31.559999999999995,70.58,2024,5
2024-05-29 21:15:00+05:30,440.44,31.54,70.6,2024,5
2024-05-29 21:30:00+05:30,437.75,31.46,70.66000000000001,2024,5
2024-05-29 21:45:00+05:30,436.11,31.42,70.6,2024,5
2024-05-29 22:00:00+05:30,426.69,31.4,70.6,2024,5
2024-05-29 22:15:00+05:30,423.74,31.340000000000003,70.6,2024,5
2024-05-29 22:30:00+05:30,424.87,31.32,70.48,2024,5
2024-05-29 22:45:00+05:30,420.43,31.24,71.24,2024,5
2024-05-29 23:00:00+05:30,415.15,31.18,71.68,2024,5
2024-05-29 23:15:00+05:30,411.66,31.24,71.26,2024,5
2024-05-29 23:30:00+05:30,409.35,31.160000000000004,71.35999999999999,2024,5
2024-05-29 23:45:00+05:30,406.71,31.2,71.46,2024,5
2024-05-30 00:00:00+05:30,400.55,31.1,71.67999999999999,2024,5
2024-05-30 00:15:00+05:30,394.79,31.02,71.88000000000001,2024,5
2024-05-30 00:30:00+05:30,387.04,30.98,72.1,2024,5
2024-05-30 00:45:00+05:30,383.64,30.96,72.55999999999999,2024,5
2024-05-30 01:00:00+05:30,375.33,30.860000000000003,73.02000000000001,2024,5
2024-05-30 01:15:00+05:30,369.91,30.82,73.38,2024,5
2024-05-30 01:30:00+05:30,366.2,30.82,73.64000000000001,2024,5
2024-05-30 01:45:00+05:30,359.63,30.82,74.14000000000001,2024,5
2024-05-30 02:00:00+05:30,358.2,30.76,74.38000000000001,2024,5
2024-05-30 02:15:00+05:30,353.42,30.74,74.14,2024,5
2024-05-30 02:30:00+05:30,349.28,30.68,74.46000000000001,2024,5
2024-05-30 02:45:00+05:30,348.96,30.7,74.38,2024,5
2024-05-30 03:00:00+05:30,345.42,30.660000000000004,74.94000000000001,2024,5
2024-05-30 03:15:00+05:30,341.91,30.58,75.24,2024,5
2024-05-30 03:30:00+05:30,341.35,30.579999999999995,75.28,2024,5
2024-05-30 03:45:00+05:30,339.12,30.54,75.26,2024,5
2024-05-30 04:00:00+05:30,332.72,30.44,75.56,2024,5
2024-05-30 04:15:00+05:30,332.98,30.440000000000005,75.32000000000001,2024,5
2024-05-30 04:30:00+05:30,331.31,30.360000000000003,75.74000000000001,2024,5
2024-05-30 04:45:00+05:30,329.25,30.320000000000004,75.64000000000001,2024,5
2024-05-30 05:00:00+05:30,330.87,30.34,75.94,2024,5
2024-05-30 05:15:00+05:30,334.74,30.42,75.58,2024,5
2024-05-30 05:30:00+05:30,338.33,30.4,76.02000000000001,2024,5
2024-05-30 05:45:00+05:30,336.97,30.360000000000003,76.1,2024,5
2024-05-30 06:00:00+05:30,339.14,30.360000000000003,76.3,2024,5
2024-05-30 06:15:00+05:30,345.95,30.380000000000003,76.12,2024,5
2024-05-30 06:30:00+05:30,349.84,30.440000000000005,76.22,2024,5
2024-05-30 06:45:00+05:30,356.86,30.54,76.2,2024,5
2024-05-30 07:00:00+05:30,372.19,30.78,75.47999999999999,2024,5
2024-05-30 07:15:00+05:30,385.55,31.040000000000003,74.72,2024,5
2024-05-30 07:30:00+05:30,401.89,31.24,73.86,2024,5
2024-05-30 07:45:00+05:30,418.94,31.34,73.2,2024,5
2024-05-30 08:00:00+05:30,446.39,31.6,72.44000000000001,2024,5
2024-05-30 08:15:00+05:30,468.34,31.880000000000003,71.46,2024,5
2024-05-30 08:30:00+05:30,488.4,32.059999999999995,70.42,2024,5
2024-05-30 08:45:00+05:30,508.1,32.32000000000001,69.42,2024,5
2024-05-30 09:00:00+05:30,524.85,32.760000000000005,67.85999999999999,2024,5
2024-05-30 09:15:00+05:30,537.56,33.04,66.64,2024,5
2024-05-30 09:30:00+05:30,546.36,33.58,64.46000000000001,2024,5
2024-05-30 09:45:00+05:30,557.57,33.78,63.79999999999999,2024,5
2024-05-30 10:00:00+05:30,564.88,33.61999999999999,64.64,2024,5
2024-05-30 10:15:00+05:30,572.98,33.82000000000001,63.55999999999999,2024,5
2024-05-30 10:30:00+05:30,578.97,33.82,63.80000000000001,2024,5
2024-05-30 10:45:00+05:30,583.75,34.18,61.64,2024,5
2024-05-30 11:00:00+05:30,583.44,34.3,61.220000000000006,2024,5
2024-05-30 11:15:00+05:30,585.11,34.36,61.15999999999999,2024,5
2024-05-30 11:30:00+05:30,588.87,34.58,60.5,2024,5
2024-05-30 11:45:00+05:30,589.02,34.625,60.675,2024,5
2024-05-30 12:00:00+05:30,588.78,34.94,59.14,2024,5
2024-05-30 12:15:00+05:30,588.51,35.3,58.56,2024,5
2024-05-30 12:30:00+05:30,586.64,35.08,58.36,2024,5
2024-05-30 12:45:00+05:30,585.45,35.28,58.760000000000005,2024,5
2024-05-30 13:00:00+05:30,582.73,35.120000000000005,58.44,2024,5
2024-05-30 13:15:00+05:30,583.09,35.239999999999995,57.4,2024,5
2024-05-30 13:30:00+05:30,585.31,35.475,57.75,2024,5
2024-05-30 13:45:00+05:30,586.28,35.400000000000006,58.4,2024,5
2024-05-30 14:00:00+05:30,595.81,35.525,57.95,2024,5
2024-05-30 14:15:00+05:30,597.35,35.425,58.65,2024,5
2024-05-30 14:30:00+05:30,600.31,35.45,59.25,2024,5
2024-05-30 14:45:00+05:30,596.43,35.45,59.075,2024,5
2024-05-30 15:00:00+05:30,597.45,35.375,59.275,2024,5
2024-05-30 15:15:00+05:30,600.74,35.45,59.0,2024,5
2024-05-30 15:30:00+05:30,600.45,35.24,59.28000000000001,2024,5
2024-05-30 15:45:00+05:30,597.16,35.44,58.94000000000001,2024,5
2024-05-30 16:00:00+05:30,596.97,35.64,58.58,2024,5
2024-05-30 16:15:00+05:30,592.15,35.56,58.66,2024,5
2024-05-30 16:30:00+05:30,588.43,35.64,58.620000000000005,2024,5
2024-05-30 16:45:00+05:30,584.71,35.58,58.88,2024,5
2024-05-30 17:00:00+05:30,578.73,35.6,58.8,2024,5
2024-05-30 17:15:00+05:30,574.58,35.02,59.94,2024,5
2024-05-30 17:30:00+05:30,562.86,34.44,61.58,2024,5
2024-05-30 17:45:00+05:30,555.24,34.220000000000006,62.59999999999999,2024,5
2024-05-30 18:00:00+05:30,541.01,34.34,62.71999999999999,2024,5
2024-05-30 18:15:00+05:30,528.97,33.739999999999995,64.52000000000001,2024,5
2024-05-30 18:30:00+05:30,513.01,33.46,65.54,2024,5
2024-05-30 18:45:00+05:30,509.22,32.92,67.34,2024,5
2024-05-30 19:00:00+05:30,500.28,32.78,68.02,2024,5
2024-05-30 19:15:00+05:30,494.17,32.46,69.06,2024,5
2024-05-30 19:30:00+05:30,487.1,32.36,69.54,2024,5
2024-05-30 19:45:00+05:30,481.11,32.26,70.12,2024,5
2024-05-30 20:00:00+05:30,474.34,32.18,70.4,2024,5
2024-05-30 20:15:00+05:30,466.93,32.120000000000005,71.24000000000001,2024,5
2024-05-30 20:30:00+05:30,463.15,32.04,71.52000000000001,2024,5
2024-05-30 20:45:00+05:30,457.99,31.940000000000005,72.02000000000001,2024,5
2024-05-30 21:00:00+05:30,448.38,31.9,72.03999999999999,2024,5
2024-05-30 21:15:00+05:30,445.55,31.880000000000003,72.62,2024,5
2024-05-30 21:30:00+05:30,443.94,31.82,73.08,2024,5
2024-05-30 21:45:00+05:30,439.04,31.8,73.64000000000001,2024,5
2024-05-30 22:00:00+05:30,438.5,31.72,73.88,2024,5
2024-05-30 22:15:00+05:30,436.58,31.78,73.8,2024,5
2024-05-30 22:30:00+05:30,432.49,31.78,74.16,2024,5
2024-05-30 22:45:00+05:30,434.2,31.74,74.46000000000001,2024,5
2024-05-30 23:00:00+05:30,427.25,31.7,74.52000000000001,2024,5
2024-05-30 23:15:00+05:30,425.4,31.640000000000004,74.53999999999999,2024,5
2024-05-30 23:30:00+05:30,419.85,31.579999999999995,74.72,2024,5
2024-05-30 23:45:00+05:30,414.04,31.559999999999995,74.78,2024,5
2024-05-31 00:00:00+05:30,410.25,31.52,75.28,2024,5
2024-05-31 00:15:00+05:30,405.96,31.52,75.28,2024,5
2024-05-31 00:30:00+05:30,398.52,31.52,75.28,2024,5
2024-05-31 00:45:00+05:30,392.9,31.52,75.46,2024,5
2024-05-31 01:00:00+05:30,383.31,31.52,75.46,2024,5
2024-05-31 01:15:00+05:30,378.42,31.52,75.46,2024,5
2024-05-31 01:30:00+05:30,373.61,31.48,75.46000000000001,2024,5
2024-05-31 01:45:00+05:30,368.04,31.48,75.46000000000001,2024,5
2024-05-31 02:00:00+05:30,362.96,31.48,75.46000000000001,2024,5
2024-05-31 02:15:00+05:30,359.84,31.420000000000005,75.58,2024,5
2024-05-31 02:30:00+05:30,356.48,31.420000000000005,75.58,2024,5
2024-05-31 02:45:00+05:30,354.65,31.420000000000005,75.58,2024,5
2024-05-31 03:00:00+05:30,351.76,31.4,75.67999999999999,2024,5
2024-05-31 03:15:00+05:30,347.83,31.4,75.67999999999999,2024,5
2024-05-31 03:30:00+05:30,347.13,31.4,75.67999999999999,2024,5
2024-05-31 03:45:00+05:30,344.27,31.3,76.22,2024,5
2024-05-31 04:00:00+05:30,339.4,31.3,76.22,2024,5
2024-05-31 04:15:00+05:30,339.75,31.3,76.22,2024,5
2024-05-31 04:30:00+05:30,341.68,31.24,76.28,2024,5
2024-05-31 04:45:00+05:30,339.48,31.24,76.28,2024,5
2024-05-31 05:00:00+05:30,339.96,31.24,76.28,2024,5
2024-05-31 05:15:00+05:30,341.48,31.2,76.6,2024,5
2024-05-31 05:30:00+05:30,343.63,31.2,76.6,2024,5
2024-05-31 05:45:00+05:30,341.88,31.2,76.6,2024,5
2024-05-31 06:00:00+05:30,343.36,31.2,76.85999999999999,2024,5
2024-05-31 06:15:00+05:30,349.12,31.2,76.85999999999999,2024,5
2024-05-31 06:30:00+05:30,354.56,31.2,76.85999999999999,2024,5
2024-05-31 06:45:00+05:30,360.66,31.12,76.86,2024,5
2024-05-31 07:00:00+05:30,375.37,31.12,76.86,2024,5
2024-05-31 07:15:00+05:30,390.76,31.12,76.86,2024,5
2024-05-31 07:30:00+05:30,411.52,31.06,77.17999999999999,2024,5
2024-05-31 07:45:00+05:30,431.64,31.06,77.17999999999999,2024,5
2024-05-31 08:00:00+05:30,455.44,31.06,77.17999999999999,2024,5
2024-05-31 08:15:00+05:30,477.92,31.0,77.62,2024,5
2024-05-31 08:30:00+05:30,495.48,31.0,77.62,2024,5
2024-05-31 08:45:00+05:30,514.53,31.0,77.62,2024,5
2024-05-31 09:00:00+05:30,530.02,30.9,77.72,2024,5
2024-05-31 09:15:00+05:30,541.45,30.9,77.72,2024,5
2024-05-31 09:30:00+05:30,557.13,30.9,77.72,2024,5
2024-05-31 09:45:00+05:30,568.99,30.9,77.9,2024,5
2024-05-31 10:00:00+05:30,577.46,30.9,77.9,2024,5
2024-05-31 10:15:00+05:30,583.81,30.9,77.9,2024,5
2024-05-31 10:30:00+05:30,585.19,30.920000000000005,78.06000000000002,2024,5
2024-05-31 10:45:00+05:30,591.55,30.920000000000005,78.06000000000002,2024,5
2024-05-31 11:00:00+05:30,591.43,30.920000000000005,78.06000000000002,2024,5
2024-05-31 11:15:00+05:30,593.96,30.879999999999995,78.3,2024,5
2024-05-31 11:30:00+05:30,593.56,30.879999999999995,78.3,2024,5
2024-05-31 11:45:00+05:30,590.64,30.879999999999995,78.3,2024,5
2024-05-31 12:00:00+05:30,591.37,30.840000000000003,78.25999999999999,2024,5
2024-05-31 12:15:00+05:30,592.37,30.840000000000003,78.25999999999999,2024,5
2024-05-31 12:30:00+05:30,592.15,30.840000000000003,78.25999999999999,2024,5
2024-05-31 12:45:00+05:30,592.2,30.840000000000003,78.33999999999999,2024,5
2024-05-31 13:00:00+05:30,589.48,30.840000000000003,78.33999999999999,2024,5
2024-05-31 13:15:00+05:30,587.3,30.840000000000003,78.33999999999999,2024,5
2024-05-31 13:30:00+05:30,589.35,30.8,78.5,2024,5
2024-05-31 13:45:00+05:30,590.59,30.8,78.5,2024,5
2024-05-31 14:00:00+05:30,595.29,30.8,78.5,2024,5
2024-05-31 14:15:00+05:30,599.34,30.76,78.52000000000001,2024,5
2024-05-31 14:30:00+05:30,603.05,30.76,78.52000000000001,2024,5
2024-05-31 14:45:00+05:30,607.65,30.76,78.52000000000001,2024,5
2024-05-31 15:00:00+05:30,609.66,30.7,78.6,2024,5
2024-05-31 15:15:00+05:30,605.64,30.7,78.6,2024,5
2024-05-31 15:30:00+05:30,601.59,30.7,78.6,2024,5
2024-05-31 15:45:00+05:30,603.72,30.66,78.86,2024,5
2024-05-31 16:00:00+05:30,603.38,30.66,78.86,2024,5
2024-05-31 16:15:00+05:30,597.45,30.66,78.86,2024,5
2024-05-31 16:30:00+05:30,589.49,30.62,79.00000000000001,2024,5
2024-05-31 16:45:00+05:30,585.25,30.62,79.00000000000001,2024,5
2024-05-31 17:00:00+05:30,580.54,30.62,79.00000000000001,2024,5
2024-05-31 17:15:00+05:30,576.11,30.6,79.16,2024,5
2024-05-31 17:30:00+05:30,565.16,30.6,79.16,2024,5
2024-05-31 17:45:00+05:30,556.47,30.6,79.16,2024,5
2024-05-31 18:00:00+05:30,543.58,30.56,79.4,2024,5
2024-05-31 18:15:00+05:30,529.66,30.56,79.4,2024,5
2024-05-31 18:30:00+05:30,514.34,30.56,79.4,2024,5
2024-05-31 18:45:00+05:30,507.57,30.56,79.38,2024,5
2024-05-31 19:00:00+05:30,495.7,30.56,79.38,2024,5
2024-05-31 19:15:00+05:30,490.8,30.56,79.38,2024,5
2024-05-31 19:30:00+05:30,485.74,30.62,79.33999999999999,2024,5
2024-05-31 19:45:00+05:30,481.46,30.62,79.33999999999999,2024,5
2024-05-31 20:00:00+05:30,472.27,30.62,79.33999999999999,2024,5
2024-05-31 20:15:00+05:30,463.27,30.72,79.17999999999999,2024,5
2024-05-31 20:30:00+05:30,460.61,30.72,79.17999999999999,2024,5
2024-05-31 20:45:00+05:30,457.18,30.72,79.17999999999999,2024,5
2024-05-31 21:00:00+05:30,451.32,30.96,78.62,2024,5
2024-05-31 21:15:00+05:30,448.1,30.96,78.62,2024,5
2024-05-31 21:30:00+05:30,444.09,30.96,78.62,2024,5
2024-05-31 21:45:00+05:30,443.34,31.3,77.64,2024,5
2024-05-31 22:00:00+05:30,437.05,31.3,77.64,2024,5
2024-05-31 22:15:00+05:30,433.97,31.3,77.64,2024,5
2024-05-31 22:30:00+05:30,436.14,31.54,76.35999999999999,2024,5
2024-05-31 22:45:00+05:30,432.56,31.54,76.35999999999999,2024,5
2024-05-31 23:00:00+05:30,429.64,31.54,76.35999999999999,2024,5
2024-05-31 23:15:00+05:30,424.67,31.72,75.16,2024,5
2024-05-31 23:30:00+05:30,418.94,31.72,75.16,2024,5
2024-05-31 23:45:00+05:30,416.47,31.72,75.16,2024,5
