datetime,wdLoad,temp,rh,year,month
2023-12-01 00:00:00+05:30,298.87,25.52,77.08,2023,12
2023-12-01 00:15:00+05:30,295.64,25.4,77.34,2023,12
2023-12-01 00:30:00+05:30,290.93,25.24,77.26,2023,12
2023-12-01 00:45:00+05:30,287.04,25.2,77.12,2023,12
2023-12-01 01:00:00+05:30,284.53,25.16,76.94,2023,12
2023-12-01 01:15:00+05:30,278.78,25.0,77.12,2023,12
2023-12-01 01:30:00+05:30,274.27,24.9,77.18,2023,12
2023-12-01 01:45:00+05:30,272.48,24.96,78.18,2023,12
2023-12-01 02:00:00+05:30,270.27,24.9,78.6,2023,12
2023-12-01 02:15:00+05:30,267.79,24.86,79.46,2023,12
2023-12-01 02:30:00+05:30,264.31,24.84,79.96,2023,12
2023-12-01 02:45:00+05:30,262.83,24.76,80.06,2023,12
2023-12-01 03:00:00+05:30,261.94,24.7,79.92,2023,12
2023-12-01 03:15:00+05:30,260.09,24.74,78.52,2023,12
2023-12-01 03:30:00+05:30,258.76,24.68,78.08,2023,12
2023-12-01 03:45:00+05:30,255.91,24.62,77.84,2023,12
2023-12-01 04:00:00+05:30,254.94,24.56,77.96,2023,12
2023-12-01 04:15:00+05:30,256.59,24.52,78.1,2023,12
2023-12-01 04:30:00+05:30,256.5,24.56,78.96,2023,12
2023-12-01 04:45:00+05:30,256.73,24.5,79.92,2023,12
2023-12-01 05:00:00+05:30,261.22,24.42,80.6,2023,12
2023-12-01 05:15:00+05:30,264.48,24.42,81.02,2023,12
2023-12-01 05:30:00+05:30,267.93,24.3,81.96,2023,12
2023-12-01 05:45:00+05:30,272.96,24.26,82.68,2023,12
2023-12-01 06:00:00+05:30,280.87,24.28,82.6,2023,12
2023-12-01 06:15:00+05:30,288.22,24.28,83.2,2023,12
2023-12-01 06:30:00+05:30,296.65,24.2,83.86,2023,12
2023-12-01 06:45:00+05:30,302.71,24.22,83.58,2023,12
2023-12-01 07:00:00+05:30,313.63,24.26,84.32,2023,12
2023-12-01 07:15:00+05:30,324.36,24.36,84.36,2023,12
2023-12-01 07:30:00+05:30,337.14,24.54,84.22,2023,12
2023-12-01 07:45:00+05:30,349.77,24.84,83.6,2023,12
2023-12-01 08:00:00+05:30,368.51,25.12,82.76,2023,12
2023-12-01 08:15:00+05:30,384.12,25.42,81.88,2023,12
2023-12-01 08:30:00+05:30,395.99,25.8,80.52,2023,12
2023-12-01 08:45:00+05:30,410.55,26.1,79.44,2023,12
2023-12-01 09:00:00+05:30,421.96,26.5,78.76,2023,12
2023-12-01 09:15:00+05:30,433.66,26.9,76.8,2023,12
2023-12-01 09:30:00+05:30,441.47,27.5,75.4,2023,12
2023-12-01 09:45:00+05:30,450.37,28.06,73.76,2023,12
2023-12-01 10:00:00+05:30,468.2,28.52,71.68,2023,12
2023-12-01 10:15:00+05:30,474.52,29.0,69.4,2023,12
2023-12-01 10:30:00+05:30,471.42,29.52,67.34,2023,12
2023-12-01 10:45:00+05:30,473.76,29.74,65.36,2023,12
2023-12-01 11:00:00+05:30,476.61,30.04,63.86,2023,12
2023-12-01 11:15:00+05:30,477.18,30.02,63.34,2023,12
2023-12-01 11:30:00+05:30,476.41,30.08,63.3,2023,12
2023-12-01 11:45:00+05:30,475.03,30.1,63.14,2023,12
2023-12-01 12:00:00+05:30,477.38,30.2,62.62,2023,12
2023-12-01 12:15:00+05:30,474.42,30.46,61.36,2023,12
2023-12-01 12:30:00+05:30,473.59,30.46,60.8,2023,12
2023-12-01 12:45:00+05:30,471.3,30.66,60.68,2023,12
2023-12-01 13:00:00+05:30,471.19,30.76,60.36,2023,12
2023-12-01 13:15:00+05:30,467.94,30.66,60.3,2023,12
2023-12-01 13:30:00+05:30,466.64,30.82,59.52,2023,12
2023-12-01 13:45:00+05:30,465.02,30.96,59.02,2023,12
2023-12-01 14:00:00+05:30,464.08,31.0,59.04,2023,12
2023-12-01 14:15:00+05:30,464.88,31.1,58.6,2023,12
2023-12-01 14:30:00+05:30,466.53,31.14,58.56,2023,12
2023-12-01 14:45:00+05:30,467.55,31.16,58.66,2023,12
2023-12-01 15:00:00+05:30,468.47,31.04,58.92,2023,12
2023-12-01 15:15:00+05:30,467.97,31.0,59.06,2023,12
2023-12-01 15:30:00+05:30,466.8,31.0,59.46,2023,12
2023-12-01 15:45:00+05:30,465.73,30.66,60.34,2023,12
2023-12-01 16:00:00+05:30,461.03,30.3,61.3,2023,12
2023-12-01 16:15:00+05:30,459.26,29.88,62.98,2023,12
2023-12-01 16:30:00+05:30,457.08,29.58,63.86,2023,12
2023-12-01 16:45:00+05:30,454.15,29.24,65.12,2023,12
2023-12-01 17:00:00+05:30,449.79,28.94,66.22,2023,12
2023-12-01 17:15:00+05:30,445.39,28.58,67.7,2023,12
2023-12-01 17:30:00+05:30,441.56,28.26,68.7,2023,12
2023-12-01 17:45:00+05:30,441.41,27.94,69.94,2023,12
2023-12-01 18:00:00+05:30,443.08,27.7,70.58,2023,12
2023-12-01 18:15:00+05:30,438.04,27.6,71.84,2023,12
2023-12-01 18:30:00+05:30,430.94,27.48,72.96,2023,12
2023-12-01 18:45:00+05:30,424.43,27.38,73.62,2023,12
2023-12-01 19:00:00+05:30,415.69,27.24,74.42,2023,12
2023-12-01 19:15:00+05:30,408.95,27.12,75.08,2023,12
2023-12-01 19:30:00+05:30,401.96,27.02,75.84,2023,12
2023-12-01 19:45:00+05:30,396.2,26.9,77.34,2023,12
2023-12-01 20:00:00+05:30,389.04,26.84,78.12,2023,12
2023-12-01 20:15:00+05:30,383.56,26.72,78.76,2023,12
2023-12-01 20:30:00+05:30,380.38,26.66,79.4,2023,12
2023-12-01 20:45:00+05:30,374.93,26.56,79.68,2023,12
2023-12-01 21:00:00+05:30,368.08,26.44,79.96,2023,12
2023-12-01 21:15:00+05:30,362.77,26.38,80.56,2023,12
2023-12-01 21:30:00+05:30,353.75,26.36,80.8,2023,12
2023-12-01 21:45:00+05:30,349.05,26.34,80.7,2023,12
2023-12-01 22:00:00+05:30,342.64,26.28,80.7,2023,12
2023-12-01 22:15:00+05:30,336.71,26.2,81.14,2023,12
2023-12-01 22:30:00+05:30,332.69,26.1,81.48,2023,12
2023-12-01 22:45:00+05:30,328.31,25.98,81.7,2023,12
2023-12-01 23:00:00+05:30,322.56,25.92,81.72,2023,12
2023-12-01 23:15:00+05:30,317.8,25.84,81.9,2023,12
2023-12-01 23:30:00+05:30,311.69,25.78,82.2,2023,12
2023-12-01 23:45:00+05:30,307.71,25.7,82.34,2023,12
2023-12-02 00:00:00+05:30,305.0,25.66,82.4,2023,12
2023-12-02 00:15:00+05:30,300.0,25.56,82.34,2023,12
2023-12-02 00:30:00+05:30,295.0,25.46,82.86,2023,12
2023-12-02 00:45:00+05:30,289.0,25.36,83.14,2023,12
2023-12-02 01:00:00+05:30,286.0,25.34,83.12,2023,12
2023-12-02 01:15:00+05:30,284.0,25.28,83.3,2023,12
2023-12-02 01:30:00+05:30,281.0,25.18,83.54,2023,12
2023-12-02 01:45:00+05:30,279.0,25.16,84.18,2023,12
2023-12-02 02:00:00+05:30,275.0,25.08,84.48,2023,12
2023-12-02 02:15:00+05:30,272.0,25.06,84.6,2023,12
2023-12-02 02:30:00+05:30,269.0,25.0,84.62,2023,12
2023-12-02 02:45:00+05:30,266.0,24.92,84.74,2023,12
2023-12-02 03:00:00+05:30,264.0,24.84,84.68,2023,12
2023-12-02 03:15:00+05:30,261.0,24.86,84.86,2023,12
2023-12-02 03:30:00+05:30,260.0,24.84,84.94,2023,12
2023-12-02 03:45:00+05:30,260.0,24.68,85.42,2023,12
2023-12-02 04:00:00+05:30,258.0,24.72,85.3,2023,12
2023-12-02 04:15:00+05:30,259.0,24.6,85.28,2023,12
2023-12-02 04:30:00+05:30,258.0,24.68,85.3,2023,12
2023-12-02 04:45:00+05:30,259.0,24.6,85.48,2023,12
2023-12-02 05:00:00+05:30,260.0,24.58,85.62,2023,12
2023-12-02 05:15:00+05:30,260.0,24.54,85.82,2023,12
2023-12-02 05:30:00+05:30,263.0,24.5,86.08,2023,12
2023-12-02 05:45:00+05:30,266.0,24.44,86.24,2023,12
2023-12-02 06:00:00+05:30,271.0,24.4,86.22,2023,12
2023-12-02 06:15:00+05:30,276.0,24.32,86.3,2023,12
2023-12-02 06:30:00+05:30,280.0,24.26,86.5,2023,12
2023-12-02 06:45:00+05:30,282.0,24.3,86.38,2023,12
2023-12-02 07:00:00+05:30,287.0,24.38,86.06,2023,12
2023-12-02 07:15:00+05:30,293.0,24.46,85.92,2023,12
2023-12-02 07:30:00+05:30,300.0,24.58,85.88,2023,12
2023-12-02 07:45:00+05:30,310.0,24.82,85.62,2023,12
2023-12-02 08:00:00+05:30,322.0,25.12,84.9,2023,12
2023-12-02 08:15:00+05:30,335.0,25.48,83.86,2023,12
2023-12-02 08:30:00+05:30,347.0,25.76,83.3,2023,12
2023-12-02 08:45:00+05:30,358.0,26.14,81.66,2023,12
2023-12-02 09:00:00+05:30,371.0,26.6,79.84,2023,12
2023-12-02 09:15:00+05:30,380.0,27.04,77.9,2023,12
2023-12-02 09:30:00+05:30,389.0,28.0,74.42,2023,12
2023-12-02 09:45:00+05:30,397.0,28.52,72.3,2023,12
2023-12-02 10:00:00+05:30,411.0,29.04,70.3,2023,12
2023-12-02 10:15:00+05:30,419.0,29.44,68.66,2023,12
2023-12-02 10:30:00+05:30,416.0,29.94,66.5,2023,12
2023-12-02 10:45:00+05:30,419.0,30.44,64.2,2023,12
2023-12-02 11:00:00+05:30,422.0,31.02,62.44,2023,12
2023-12-02 11:15:00+05:30,420.0,31.44,60.76,2023,12
2023-12-02 11:30:00+05:30,419.0,31.86,59.84,2023,12
2023-12-02 11:45:00+05:30,418.0,32.08,57.98,2023,12
2023-12-02 12:00:00+05:30,419.0,32.22,56.96,2023,12
2023-12-02 12:15:00+05:30,419.0,32.34,56.58,2023,12
2023-12-02 12:30:00+05:30,419.0,32.6,56.5,2023,12
2023-12-02 12:45:00+05:30,419.0,32.4,57.76,2023,12
2023-12-02 13:00:00+05:30,418.0,32.38,57.74,2023,12
2023-12-02 13:15:00+05:30,415.0,32.32,57.82,2023,12
2023-12-02 13:30:00+05:30,415.0,32.36,57.94,2023,12
2023-12-02 13:45:00+05:30,412.0,32.44,57.64,2023,12
2023-12-02 14:00:00+05:30,412.0,32.44,56.16,2023,12
2023-12-02 14:15:00+05:30,414.0,32.42,55.86,2023,12
2023-12-02 14:30:00+05:30,416.0,32.58,56.98,2023,12
2023-12-02 14:45:00+05:30,416.0,32.5,57.86,2023,12
2023-12-02 15:00:00+05:30,415.0,32.64,57.9,2023,12
2023-12-02 15:15:00+05:30,416.0,32.54,59.46,2023,12
2023-12-02 15:30:00+05:30,415.0,32.52,59.42,2023,12
2023-12-02 15:45:00+05:30,413.0,32.2,60.44,2023,12
2023-12-02 16:00:00+05:30,411.0,31.74,61.82,2023,12
2023-12-02 16:15:00+05:30,408.0,31.3,63.28,2023,12
2023-12-02 16:30:00+05:30,404.0,31.06,64.38,2023,12
2023-12-02 16:45:00+05:30,401.0,30.76,65.26,2023,12
2023-12-02 17:00:00+05:30,400.0,30.26,66.76,2023,12
2023-12-02 17:15:00+05:30,400.0,30.1,67.96,2023,12
2023-12-02 17:30:00+05:30,398.0,29.66,69.38,2023,12
2023-12-02 17:45:00+05:30,399.0,29.3,70.54,2023,12
2023-12-02 18:00:00+05:30,403.0,29.04,71.72,2023,12
2023-12-02 18:15:00+05:30,405.0,28.84,72.94,2023,12
2023-12-02 18:30:00+05:30,401.0,28.7,73.94,2023,12
2023-12-02 18:45:00+05:30,396.0,28.6,74.6,2023,12
2023-12-02 19:00:00+05:30,390.0,28.52,75.26,2023,12
2023-12-02 19:15:00+05:30,385.0,28.42,75.78,2023,12
2023-12-02 19:30:00+05:30,379.0,28.36,76.28,2023,12
2023-12-02 19:45:00+05:30,375.0,28.3,76.98,2023,12
2023-12-02 20:00:00+05:30,371.0,28.2,77.74,2023,12
2023-12-02 20:15:00+05:30,369.0,28.18,78.1,2023,12
2023-12-02 20:30:00+05:30,366.0,28.08,78.38,2023,12
2023-12-02 20:45:00+05:30,361.0,27.98,78.62,2023,12
2023-12-02 21:00:00+05:30,358.0,27.9,78.72,2023,12
2023-12-02 21:15:00+05:30,355.0,27.84,78.74,2023,12
2023-12-02 21:30:00+05:30,351.0,27.82,79.42,2023,12
2023-12-02 21:45:00+05:30,347.0,27.72,79.86,2023,12
2023-12-02 22:00:00+05:30,340.0,27.7,79.72,2023,12
2023-12-02 22:15:00+05:30,337.0,27.64,79.96,2023,12
2023-12-02 22:30:00+05:30,332.0,27.6,80.04,2023,12
2023-12-02 22:45:00+05:30,327.0,27.5,80.18,2023,12
2023-12-02 23:00:00+05:30,324.0,27.46,79.94,2023,12
2023-12-02 23:15:00+05:30,321.0,27.36,80.4,2023,12
2023-12-02 23:30:00+05:30,316.0,27.3,80.38,2023,12
2023-12-02 23:45:00+05:30,312.0,27.3,79.84,2023,12
2023-12-03 00:00:00+05:30,307.0,27.14,80.46,2023,12
2023-12-03 00:15:00+05:30,302.0,27.06,80.18,2023,12
2023-12-03 00:30:00+05:30,298.0,26.98,80.66,2023,12
2023-12-03 00:45:00+05:30,293.0,26.94,81.38,2023,12
2023-12-03 01:00:00+05:30,290.0,26.86,81.82,2023,12
2023-12-03 01:15:00+05:30,287.0,26.82,81.8,2023,12
2023-12-03 01:30:00+05:30,284.0,26.82,81.98,2023,12
2023-12-03 01:45:00+05:30,281.0,26.7,83.06,2023,12
2023-12-03 02:00:00+05:30,279.0,26.66,83.44,2023,12
2023-12-03 02:15:00+05:30,276.0,26.56,83.82,2023,12
2023-12-03 02:30:00+05:30,274.0,26.54,83.82,2023,12
2023-12-03 02:45:00+05:30,272.0,26.48,84.18,2023,12
2023-12-03 03:00:00+05:30,269.0,26.46,84.34,2023,12
2023-12-03 03:15:00+05:30,267.0,26.48,84.34,2023,12
2023-12-03 03:30:00+05:30,265.0,26.38,84.8,2023,12
2023-12-03 03:45:00+05:30,263.0,26.28,84.96,2023,12
2023-12-03 04:00:00+05:30,262.0,26.24,85.22,2023,12
2023-12-03 04:15:00+05:30,262.0,26.14,85.52,2023,12
2023-12-03 04:30:00+05:30,263.0,26.06,85.9,2023,12
2023-12-03 04:45:00+05:30,262.0,26.0,86.16,2023,12
2023-12-03 05:00:00+05:30,263.0,25.98,86.54,2023,12
2023-12-03 05:15:00+05:30,262.0,25.92,86.74,2023,12
2023-12-03 05:30:00+05:30,262.0,25.94,86.4,2023,12
2023-12-03 05:45:00+05:30,265.0,26.0,86.3,2023,12
2023-12-03 06:00:00+05:30,269.0,26.04,86.22,2023,12
2023-12-03 06:15:00+05:30,271.0,26.04,85.78,2023,12
2023-12-03 06:30:00+05:30,270.0,25.92,86.16,2023,12
2023-12-03 06:45:00+05:30,270.0,25.86,86.24,2023,12
2023-12-03 07:00:00+05:30,272.0,25.84,86.48,2023,12
2023-12-03 07:15:00+05:30,274.0,25.9,86.48,2023,12
2023-12-03 07:30:00+05:30,278.0,25.98,86.34,2023,12
2023-12-03 07:45:00+05:30,281.0,26.2,86.02,2023,12
2023-12-03 08:00:00+05:30,288.0,26.56,85.12,2023,12
2023-12-03 08:15:00+05:30,294.0,26.96,83.44,2023,12
2023-12-03 08:30:00+05:30,300.0,27.36,81.18,2023,12
2023-12-03 08:45:00+05:30,305.0,27.76,77.94,2023,12
2023-12-03 09:00:00+05:30,310.0,28.22,75.06,2023,12
2023-12-03 09:15:00+05:30,314.0,28.6,73.04,2023,12
2023-12-03 09:30:00+05:30,317.0,29.6,69.44,2023,12
2023-12-03 09:45:00+05:30,323.0,30.12,65.68,2023,12
2023-12-03 10:00:00+05:30,335.0,30.6,63.48,2023,12
2023-12-03 10:15:00+05:30,342.0,31.18,60.16,2023,12
2023-12-03 10:30:00+05:30,339.0,31.64,58.96,2023,12
2023-12-03 10:45:00+05:30,342.0,32.0,57.34,2023,12
2023-12-03 11:00:00+05:30,346.0,32.26,56.08,2023,12
2023-12-03 11:15:00+05:30,346.0,32.64,54.6,2023,12
2023-12-03 11:30:00+05:30,347.0,32.82,53.66,2023,12
2023-12-03 11:45:00+05:30,348.0,33.12,52.22,2023,12
2023-12-03 12:00:00+05:30,350.0,33.42,50.9,2023,12
2023-12-03 12:15:00+05:30,352.0,33.6,50.36,2023,12
2023-12-03 12:30:00+05:30,354.0,33.74,49.9,2023,12
2023-12-03 12:45:00+05:30,352.0,34.06,47.98,2023,12
2023-12-03 13:00:00+05:30,352.0,34.34,47.32,2023,12
2023-12-03 13:15:00+05:30,351.0,34.26,47.5,2023,12
2023-12-03 13:30:00+05:30,352.0,33.86,50.34,2023,12
2023-12-03 13:45:00+05:30,349.0,33.72,52.32,2023,12
2023-12-03 14:00:00+05:30,349.0,33.74,50.98,2023,12
2023-12-03 14:15:00+05:30,347.0,33.82,52.42,2023,12
2023-12-03 14:30:00+05:30,349.0,33.86,52.14,2023,12
2023-12-03 14:45:00+05:30,349.0,33.72,52.96,2023,12
2023-12-03 15:00:00+05:30,350.0,33.72,53.06,2023,12
2023-12-03 15:15:00+05:30,350.0,33.4,53.7,2023,12
2023-12-03 15:30:00+05:30,351.0,33.08,54.68,2023,12
2023-12-03 15:45:00+05:30,347.0,32.86,56.3,2023,12
2023-12-03 16:00:00+05:30,345.0,32.32,57.52,2023,12
2023-12-03 16:15:00+05:30,344.0,31.9,59.16,2023,12
2023-12-03 16:30:00+05:30,340.0,31.5,60.48,2023,12
2023-12-03 16:45:00+05:30,339.0,31.18,61.44,2023,12
2023-12-03 17:00:00+05:30,338.0,30.9,62.36,2023,12
2023-12-03 17:15:00+05:30,338.0,30.6,63.56,2023,12
2023-12-03 17:30:00+05:30,339.0,30.32,64.7,2023,12
2023-12-03 17:45:00+05:30,342.0,30.12,64.86,2023,12
2023-12-03 18:00:00+05:30,347.0,29.88,65.84,2023,12
2023-12-03 18:15:00+05:30,349.0,29.72,66.52,2023,12
2023-12-03 18:30:00+05:30,351.0,29.58,67.28,2023,12
2023-12-03 18:45:00+05:30,352.0,29.44,67.68,2023,12
2023-12-03 19:00:00+05:30,352.0,29.28,67.6,2023,12
2023-12-03 19:15:00+05:30,350.0,29.18,68.1,2023,12
2023-12-03 19:30:00+05:30,348.0,29.02,68.08,2023,12
2023-12-03 19:45:00+05:30,347.0,28.98,68.1,2023,12
2023-12-03 20:00:00+05:30,346.0,28.84,68.54,2023,12
2023-12-03 20:15:00+05:30,346.0,28.82,68.14,2023,12
2023-12-03 20:30:00+05:30,344.0,28.76,68.16,2023,12
2023-12-03 20:45:00+05:30,342.0,28.6,68.5,2023,12
2023-12-03 21:00:00+05:30,339.0,28.46,68.82,2023,12
2023-12-03 21:15:00+05:30,336.0,28.38,68.96,2023,12
2023-12-03 21:30:00+05:30,334.0,28.26,69.42,2023,12
2023-12-03 21:45:00+05:30,332.0,28.16,70.08,2023,12
2023-12-03 22:00:00+05:30,326.0,28.08,70.72,2023,12
2023-12-03 22:15:00+05:30,324.0,27.96,71.28,2023,12
2023-12-03 22:30:00+05:30,322.0,27.84,72.12,2023,12
2023-12-03 22:45:00+05:30,319.0,27.7,72.56,2023,12
2023-12-03 23:00:00+05:30,317.0,27.6,73.04,2023,12
2023-12-03 23:15:00+05:30,313.0,27.5,73.36,2023,12
2023-12-03 23:30:00+05:30,310.0,27.48,73.46,2023,12
2023-12-03 23:45:00+05:30,305.0,27.42,73.34,2023,12
2023-12-04 00:00:00+05:30,300.0,27.42,73.34,2023,12
2023-12-04 00:15:00+05:30,295.0,27.36,73.66,2023,12
2023-12-04 00:30:00+05:30,291.0,27.34,74.1,2023,12
2023-12-04 00:45:00+05:30,287.0,27.28,74.3,2023,12
2023-12-04 01:00:00+05:30,283.0,27.2,74.96,2023,12
2023-12-04 01:15:00+05:30,279.0,27.16,75.24,2023,12
2023-12-04 01:30:00+05:30,277.0,27.12,75.3,2023,12
2023-12-04 01:45:00+05:30,274.0,27.12,74.86,2023,12
2023-12-04 02:00:00+05:30,272.0,27.08,75.12,2023,12
2023-12-04 02:15:00+05:30,270.0,26.98,75.6,2023,12
2023-12-04 02:30:00+05:30,267.0,26.82,76.48,2023,12
2023-12-04 02:45:00+05:30,265.0,26.8,76.4,2023,12
2023-12-04 03:00:00+05:30,263.0,26.82,76.66,2023,12
2023-12-04 03:15:00+05:30,262.0,26.78,77.24,2023,12
2023-12-04 03:30:00+05:30,261.0,26.7,77.94,2023,12
2023-12-04 03:45:00+05:30,260.0,26.66,78.08,2023,12
2023-12-04 04:00:00+05:30,258.0,26.58,78.86,2023,12
2023-12-04 04:15:00+05:30,260.0,26.5,79.42,2023,12
2023-12-04 04:30:00+05:30,260.0,26.42,79.82,2023,12
2023-12-04 04:45:00+05:30,261.0,26.32,80.16,2023,12
2023-12-04 05:00:00+05:30,264.0,26.38,79.7,2023,12
2023-12-04 05:15:00+05:30,266.0,26.32,79.94,2023,12
2023-12-04 05:30:00+05:30,269.0,26.36,80.1,2023,12
2023-12-04 05:45:00+05:30,274.0,26.32,80.28,2023,12
2023-12-04 06:00:00+05:30,285.0,26.24,80.82,2023,12
2023-12-04 06:15:00+05:30,295.0,26.18,80.86,2023,12
2023-12-04 06:30:00+05:30,303.0,26.22,80.78,2023,12
2023-12-04 06:45:00+05:30,313.0,26.22,80.82,2023,12
2023-12-04 07:00:00+05:30,325.0,26.24,81.24,2023,12
2023-12-04 07:15:00+05:30,337.0,26.2,81.56,2023,12
2023-12-04 07:30:00+05:30,353.0,26.28,81.4,2023,12
2023-12-04 07:45:00+05:30,370.0,26.46,81.3,2023,12
2023-12-04 08:00:00+05:30,393.0,26.64,81.26,2023,12
2023-12-04 08:15:00+05:30,410.0,27.0,80.02,2023,12
2023-12-04 08:30:00+05:30,424.0,27.34,79.1,2023,12
2023-12-04 08:45:00+05:30,441.0,27.72,78.04,2023,12
2023-12-04 09:00:00+05:30,452.0,28.04,76.56,2023,12
2023-12-04 09:15:00+05:30,465.0,28.42,74.62,2023,12
2023-12-04 09:30:00+05:30,473.0,28.92,72.66,2023,12
2023-12-04 09:45:00+05:30,482.0,29.98,68.62,2023,12
2023-12-04 10:00:00+05:30,498.0,30.78,64.82,2023,12
2023-12-04 10:15:00+05:30,504.0,31.16,61.64,2023,12
2023-12-04 10:30:00+05:30,500.0,31.66,59.48,2023,12
2023-12-04 10:45:00+05:30,503.0,32.18,56.44,2023,12
2023-12-04 11:00:00+05:30,505.0,32.58,55.2,2023,12
2023-12-04 11:15:00+05:30,505.0,32.9,53.28,2023,12
2023-12-04 11:30:00+05:30,506.0,33.02,52.72,2023,12
2023-12-04 11:45:00+05:30,504.0,33.28,51.6,2023,12
2023-12-04 12:00:00+05:30,505.0,33.04,54.22,2023,12
2023-12-04 12:15:00+05:30,505.0,32.88,54.76,2023,12
2023-12-04 12:30:00+05:30,503.0,33.0,54.34,2023,12
2023-12-04 12:45:00+05:30,500.0,33.1,55.2,2023,12
2023-12-04 13:00:00+05:30,499.0,32.98,55.74,2023,12
2023-12-04 13:15:00+05:30,497.0,32.96,56.02,2023,12
2023-12-04 13:30:00+05:30,495.0,33.04,56.28,2023,12
2023-12-04 13:45:00+05:30,496.0,33.16,57.46,2023,12
2023-12-04 14:00:00+05:30,497.0,33.36,57.06,2023,12
2023-12-04 14:15:00+05:30,500.0,33.38,57.04,2023,12
2023-12-04 14:30:00+05:30,503.0,33.36,56.56,2023,12
2023-12-04 14:45:00+05:30,503.0,33.56,56.86,2023,12
2023-12-04 15:00:00+05:30,503.0,33.54,57.0,2023,12
2023-12-04 15:15:00+05:30,502.0,33.36,58.04,2023,12
2023-12-04 15:30:00+05:30,501.0,33.48,57.82,2023,12
2023-12-04 15:45:00+05:30,496.0,33.3,58.34,2023,12
2023-12-04 16:00:00+05:30,496.0,33.16,59.5,2023,12
2023-12-04 16:15:00+05:30,497.0,32.9,59.78,2023,12
2023-12-04 16:30:00+05:30,494.0,32.5,60.34,2023,12
2023-12-04 16:45:00+05:30,490.0,32.18,61.38,2023,12
2023-12-04 17:00:00+05:30,486.0,31.7,62.52,2023,12
2023-12-04 17:15:00+05:30,481.0,31.4,63.18,2023,12
2023-12-04 17:30:00+05:30,473.0,30.92,64.6,2023,12
2023-12-04 17:45:00+05:30,469.0,30.54,65.4,2023,12
2023-12-04 18:00:00+05:30,468.0,30.2,66.2,2023,12
2023-12-04 18:15:00+05:30,462.0,29.96,67.14,2023,12
2023-12-04 18:30:00+05:30,454.0,29.76,67.42,2023,12
2023-12-04 18:45:00+05:30,446.0,29.6,67.68,2023,12
2023-12-04 19:00:00+05:30,437.0,29.46,68.7,2023,12
2023-12-04 19:15:00+05:30,429.0,29.34,70.04,2023,12
2023-12-04 19:30:00+05:30,425.0,29.22,71.2,2023,12
2023-12-04 19:45:00+05:30,417.0,29.12,72.02,2023,12
2023-12-04 20:00:00+05:30,410.0,29.1,72.2,2023,12
2023-12-04 20:15:00+05:30,404.0,28.96,73.14,2023,12
2023-12-04 20:30:00+05:30,397.0,28.88,73.94,2023,12
2023-12-04 20:45:00+05:30,392.0,28.78,74.54,2023,12
2023-12-04 21:00:00+05:30,386.0,28.72,75.06,2023,12
2023-12-04 21:15:00+05:30,381.0,28.62,75.58,2023,12
2023-12-04 21:30:00+05:30,376.0,28.5,76.24,2023,12
2023-12-04 21:45:00+05:30,372.0,28.4,76.68,2023,12
2023-12-04 22:00:00+05:30,370.0,28.34,77.1,2023,12
2023-12-04 22:15:00+05:30,366.0,28.22,77.42,2023,12
2023-12-04 22:30:00+05:30,361.0,28.16,77.74,2023,12
2023-12-04 22:45:00+05:30,355.0,28.0,78.56,2023,12
2023-12-04 23:00:00+05:30,348.0,27.96,78.86,2023,12
2023-12-04 23:15:00+05:30,341.0,27.92,79.04,2023,12
2023-12-04 23:30:00+05:30,336.0,27.86,79.12,2023,12
2023-12-04 23:45:00+05:30,330.0,27.82,79.14,2023,12
2023-12-05 00:00:00+05:30,324.0,27.8,79.0,2023,12
2023-12-05 00:15:00+05:30,318.0,27.76,79.22,2023,12
2023-12-05 00:30:00+05:30,313.0,27.64,79.22,2023,12
2023-12-05 00:45:00+05:30,308.0,27.58,79.34,2023,12
2023-12-05 01:00:00+05:30,304.0,27.48,79.62,2023,12
2023-12-05 01:15:00+05:30,300.0,27.42,79.7,2023,12
2023-12-05 01:30:00+05:30,296.0,27.34,79.94,2023,12
2023-12-05 01:45:00+05:30,294.0,27.28,80.14,2023,12
2023-12-05 02:00:00+05:30,291.0,27.22,80.38,2023,12
2023-12-05 02:15:00+05:30,288.0,27.1,80.42,2023,12
2023-12-05 02:30:00+05:30,285.0,27.0,80.96,2023,12
2023-12-05 02:45:00+05:30,282.0,26.86,81.46,2023,12
2023-12-05 03:00:00+05:30,279.0,26.84,81.86,2023,12
2023-12-05 03:15:00+05:30,277.0,26.72,82.38,2023,12
2023-12-05 03:30:00+05:30,275.0,26.68,82.48,2023,12
2023-12-05 03:45:00+05:30,273.0,26.66,82.54,2023,12
2023-12-05 04:00:00+05:30,272.0,26.66,82.24,2023,12
2023-12-05 04:15:00+05:30,273.0,26.56,81.88,2023,12
2023-12-05 04:30:00+05:30,275.0,26.54,81.3,2023,12
2023-12-05 04:45:00+05:30,277.0,26.48,80.94,2023,12
2023-12-05 05:00:00+05:30,279.0,26.44,81.08,2023,12
2023-12-05 05:15:00+05:30,280.0,26.4,80.96,2023,12
2023-12-05 05:30:00+05:30,283.0,26.34,80.7,2023,12
2023-12-05 05:45:00+05:30,288.0,26.28,80.52,2023,12
2023-12-05 06:00:00+05:30,298.0,26.24,80.3,2023,12
2023-12-05 06:15:00+05:30,306.0,26.16,80.36,2023,12
2023-12-05 06:30:00+05:30,314.0,26.06,80.6,2023,12
2023-12-05 06:45:00+05:30,322.0,26.04,80.5,2023,12
2023-12-05 07:00:00+05:30,331.0,26.06,80.22,2023,12
2023-12-05 07:15:00+05:30,340.0,26.12,79.82,2023,12
2023-12-05 07:30:00+05:30,356.0,26.12,79.74,2023,12
2023-12-05 07:45:00+05:30,369.0,26.26,78.9,2023,12
2023-12-05 08:00:00+05:30,388.0,26.48,78.28,2023,12
2023-12-05 08:15:00+05:30,408.0,26.7,77.34,2023,12
2023-12-05 08:30:00+05:30,423.0,27.08,75.36,2023,12
2023-12-05 08:45:00+05:30,440.0,27.5,72.9,2023,12
2023-12-05 09:00:00+05:30,454.0,27.74,71.2,2023,12
2023-12-05 09:15:00+05:30,463.0,28.06,69.82,2023,12
2023-12-05 09:30:00+05:30,470.0,28.52,67.1,2023,12
2023-12-05 09:45:00+05:30,478.0,29.52,63.94,2023,12
2023-12-05 10:00:00+05:30,493.0,30.28,61.18,2023,12
2023-12-05 10:15:00+05:30,501.0,30.78,59.54,2023,12
2023-12-05 10:30:00+05:30,496.0,31.26,58.54,2023,12
2023-12-05 10:45:00+05:30,499.0,31.32,57.36,2023,12
2023-12-05 11:00:00+05:30,497.0,31.84,55.5,2023,12
2023-12-05 11:15:00+05:30,497.0,32.26,53.86,2023,12
2023-12-05 11:30:00+05:30,496.0,32.54,52.9,2023,12
2023-12-05 11:45:00+05:30,495.0,32.92,52.0,2023,12
2023-12-05 12:00:00+05:30,495.0,32.92,51.38,2023,12
2023-12-05 12:15:00+05:30,494.0,33.02,51.18,2023,12
2023-12-05 12:30:00+05:30,493.0,32.88,51.02,2023,12
2023-12-05 12:45:00+05:30,492.0,32.84,52.92,2023,12
2023-12-05 13:00:00+05:30,491.0,32.74,53.28,2023,12
2023-12-05 13:15:00+05:30,490.0,32.78,55.28,2023,12
2023-12-05 13:30:00+05:30,490.0,32.88,55.54,2023,12
2023-12-05 13:45:00+05:30,491.0,32.82,56.08,2023,12
2023-12-05 14:00:00+05:30,492.0,32.86,56.4,2023,12
2023-12-05 14:15:00+05:30,494.0,32.9,55.76,2023,12
2023-12-05 14:30:00+05:30,497.0,33.12,55.22,2023,12
2023-12-05 14:45:00+05:30,495.0,32.92,55.62,2023,12
2023-12-05 15:00:00+05:30,495.0,32.82,55.96,2023,12
2023-12-05 15:15:00+05:30,495.0,32.56,56.76,2023,12
2023-12-05 15:30:00+05:30,493.0,32.44,58.2,2023,12
2023-12-05 15:45:00+05:30,492.0,32.36,58.1,2023,12
2023-12-05 16:00:00+05:30,489.0,32.26,59.14,2023,12
2023-12-05 16:15:00+05:30,486.0,32.02,60.62,2023,12
2023-12-05 16:30:00+05:30,483.0,31.78,61.04,2023,12
2023-12-05 16:45:00+05:30,479.0,31.4,61.98,2023,12
2023-12-05 17:00:00+05:30,471.0,31.0,62.1,2023,12
2023-12-05 17:15:00+05:30,467.0,30.7,62.56,2023,12
2023-12-05 17:30:00+05:30,464.0,30.36,64.04,2023,12
2023-12-05 17:45:00+05:30,463.0,29.96,65.12,2023,12
2023-12-05 18:00:00+05:30,462.0,29.62,66.62,2023,12
2023-12-05 18:15:00+05:30,457.0,29.34,68.08,2023,12
2023-12-05 18:30:00+05:30,451.0,29.16,69.2,2023,12
2023-12-05 18:45:00+05:30,444.0,29.0,69.9,2023,12
2023-12-05 19:00:00+05:30,436.0,28.86,71.72,2023,12
2023-12-05 19:15:00+05:30,430.0,28.7,73.1,2023,12
2023-12-05 19:30:00+05:30,421.0,28.6,73.88,2023,12
2023-12-05 19:45:00+05:30,415.0,28.48,74.46,2023,12
2023-12-05 20:00:00+05:30,405.0,28.44,74.66,2023,12
2023-12-05 20:15:00+05:30,399.0,28.38,74.82,2023,12
2023-12-05 20:30:00+05:30,393.0,28.32,75.0,2023,12
2023-12-05 20:45:00+05:30,388.0,28.26,74.8,2023,12
2023-12-05 21:00:00+05:30,383.0,28.16,75.24,2023,12
2023-12-05 21:15:00+05:30,379.0,28.14,75.44,2023,12
2023-12-05 21:30:00+05:30,374.0,28.06,75.56,2023,12
2023-12-05 21:45:00+05:30,370.0,27.98,75.84,2023,12
2023-12-05 22:00:00+05:30,363.0,27.86,75.9,2023,12
2023-12-05 22:15:00+05:30,358.0,27.8,76.02,2023,12
2023-12-05 22:30:00+05:30,355.0,27.78,76.36,2023,12
2023-12-05 22:45:00+05:30,350.0,27.7,76.62,2023,12
2023-12-05 23:00:00+05:30,343.0,27.6,76.68,2023,12
2023-12-05 23:15:00+05:30,335.0,27.5,77.12,2023,12
2023-12-05 23:30:00+05:30,330.0,27.46,77.12,2023,12
2023-12-05 23:45:00+05:30,324.0,27.44,76.84,2023,12
2023-12-06 00:00:00+05:30,317.0,27.4,76.68,2023,12
2023-12-06 00:15:00+05:30,310.0,27.3,76.9,2023,12
2023-12-06 00:30:00+05:30,307.0,27.22,76.3,2023,12
2023-12-06 00:45:00+05:30,304.0,27.14,75.8,2023,12
2023-12-06 01:00:00+05:30,298.0,27.1,75.26,2023,12
2023-12-06 01:15:00+05:30,294.0,27.06,74.24,2023,12
2023-12-06 01:30:00+05:30,292.0,27.06,73.76,2023,12
2023-12-06 01:45:00+05:30,290.0,27.04,72.78,2023,12
2023-12-06 02:00:00+05:30,287.0,27.04,71.14,2023,12
2023-12-06 02:15:00+05:30,284.0,27.12,70.06,2023,12
2023-12-06 02:30:00+05:30,281.0,27.06,69.48,2023,12
2023-12-06 02:45:00+05:30,278.0,27.04,68.82,2023,12
2023-12-06 03:00:00+05:30,276.0,27.02,68.46,2023,12
2023-12-06 03:15:00+05:30,274.0,26.96,68.28,2023,12
2023-12-06 03:30:00+05:30,271.0,26.94,68.56,2023,12
2023-12-06 03:45:00+05:30,268.0,26.84,69.36,2023,12
2023-12-06 04:00:00+05:30,266.0,26.72,70.76,2023,12
2023-12-06 04:15:00+05:30,268.0,26.52,71.78,2023,12
2023-12-06 04:30:00+05:30,268.0,26.4,72.04,2023,12
2023-12-06 04:45:00+05:30,271.0,26.32,72.56,2023,12
2023-12-06 05:00:00+05:30,273.0,26.26,72.54,2023,12
2023-12-06 05:15:00+05:30,274.0,26.26,72.46,2023,12
2023-12-06 05:30:00+05:30,277.0,26.16,72.72,2023,12
2023-12-06 05:45:00+05:30,281.0,26.06,72.88,2023,12
2023-12-06 06:00:00+05:30,287.0,25.96,73.62,2023,12
2023-12-06 06:15:00+05:30,295.0,25.92,74.18,2023,12
2023-12-06 06:30:00+05:30,303.0,25.82,74.38,2023,12
2023-12-06 06:45:00+05:30,309.0,25.76,74.74,2023,12
2023-12-06 07:00:00+05:30,320.0,25.62,75.76,2023,12
2023-12-06 07:15:00+05:30,331.0,25.6,75.74,2023,12
2023-12-06 07:30:00+05:30,345.0,25.76,75.46,2023,12
2023-12-06 07:45:00+05:30,360.0,25.96,74.64,2023,12
2023-12-06 08:00:00+05:30,382.0,26.18,74.12,2023,12
2023-12-06 08:15:00+05:30,399.0,26.36,73.32,2023,12
2023-12-06 08:30:00+05:30,413.0,26.62,72.34,2023,12
2023-12-06 08:45:00+05:30,426.0,26.9,71.3,2023,12
2023-12-06 09:00:00+05:30,440.0,27.26,69.96,2023,12
2023-12-06 09:15:00+05:30,453.0,27.66,68.24,2023,12
2023-12-06 09:30:00+05:30,461.0,28.14,66.34,2023,12
2023-12-06 09:45:00+05:30,468.0,28.88,64.16,2023,12
2023-12-06 10:00:00+05:30,482.0,29.42,62.22,2023,12
2023-12-06 10:15:00+05:30,487.0,29.82,60.52,2023,12
2023-12-06 10:30:00+05:30,484.0,30.2,59.14,2023,12
2023-12-06 10:45:00+05:30,485.0,30.58,57.84,2023,12
2023-12-06 11:00:00+05:30,486.0,31.06,56.26,2023,12
2023-12-06 11:15:00+05:30,485.0,31.4,54.8,2023,12
2023-12-06 11:30:00+05:30,484.0,31.68,53.82,2023,12
2023-12-06 11:45:00+05:30,475.0,31.88,52.98,2023,12
2023-12-06 12:00:00+05:30,483.0,32.22,51.78,2023,12
2023-12-06 12:15:00+05:30,481.0,32.36,50.64,2023,12
2023-12-06 12:30:00+05:30,481.0,32.48,50.28,2023,12
2023-12-06 12:45:00+05:30,478.0,32.76,49.24,2023,12
2023-12-06 13:00:00+05:30,477.0,33.0,48.16,2023,12
2023-12-06 13:15:00+05:30,476.0,33.1,47.84,2023,12
2023-12-06 13:30:00+05:30,475.0,33.06,47.88,2023,12
2023-12-06 13:45:00+05:30,476.0,32.82,49.48,2023,12
2023-12-06 14:00:00+05:30,477.0,32.76,49.2,2023,12
2023-12-06 14:15:00+05:30,480.0,32.86,48.5,2023,12
2023-12-06 14:30:00+05:30,484.0,32.8,48.52,2023,12
2023-12-06 14:45:00+05:30,482.0,32.76,49.66,2023,12
2023-12-06 15:00:00+05:30,481.0,32.48,50.78,2023,12
2023-12-06 15:15:00+05:30,483.0,32.38,52.7,2023,12
2023-12-06 15:30:00+05:30,482.0,31.98,55.5,2023,12
2023-12-06 15:45:00+05:30,479.0,31.9,56.04,2023,12
2023-12-06 16:00:00+05:30,479.0,31.62,56.74,2023,12
2023-12-06 16:15:00+05:30,478.0,31.14,59.06,2023,12
2023-12-06 16:30:00+05:30,474.0,30.8,60.24,2023,12
2023-12-06 16:45:00+05:30,471.0,30.56,62.04,2023,12
2023-12-06 17:00:00+05:30,470.0,30.3,63.98,2023,12
2023-12-06 17:15:00+05:30,467.0,30.06,65.34,2023,12
2023-12-06 17:30:00+05:30,464.0,29.72,66.44,2023,12
2023-12-06 17:45:00+05:30,462.0,29.44,67.6,2023,12
2023-12-06 18:00:00+05:30,458.0,29.16,68.62,2023,12
2023-12-06 18:15:00+05:30,453.0,28.94,69.4,2023,12
2023-12-06 18:30:00+05:30,445.0,28.74,70.08,2023,12
2023-12-06 18:45:00+05:30,439.0,28.6,70.88,2023,12
2023-12-06 19:00:00+05:30,432.0,28.42,71.28,2023,12
2023-12-06 19:15:00+05:30,426.0,28.34,71.5,2023,12
2023-12-06 19:30:00+05:30,418.0,28.2,72.08,2023,12
2023-12-06 19:45:00+05:30,412.0,28.2,71.78,2023,12
2023-12-06 20:00:00+05:30,402.0,28.14,71.5,2023,12
2023-12-06 20:15:00+05:30,395.0,28.12,71.52,2023,12
2023-12-06 20:30:00+05:30,387.0,28.08,71.08,2023,12
2023-12-06 20:45:00+05:30,385.0,28.06,70.56,2023,12
2023-12-06 21:00:00+05:30,379.0,28.04,70.28,2023,12
2023-12-06 21:15:00+05:30,374.0,27.98,70.18,2023,12
2023-12-06 21:30:00+05:30,367.0,27.9,70.38,2023,12
2023-12-06 21:45:00+05:30,362.0,27.86,70.58,2023,12
2023-12-06 22:00:00+05:30,355.0,27.8,70.8,2023,12
2023-12-06 22:15:00+05:30,351.0,27.68,70.62,2023,12
2023-12-06 22:30:00+05:30,349.0,27.52,70.4,2023,12
2023-12-06 22:45:00+05:30,345.0,27.46,70.82,2023,12
2023-12-06 23:00:00+05:30,340.0,27.38,70.72,2023,12
2023-12-06 23:15:00+05:30,333.0,27.28,70.4,2023,12
2023-12-06 23:30:00+05:30,328.0,27.28,69.64,2023,12
2023-12-06 23:45:00+05:30,322.0,27.14,69.9,2023,12
2023-12-07 00:00:00+05:30,316.0,27.04,69.46,2023,12
2023-12-07 00:15:00+05:30,311.0,27.04,68.62,2023,12
2023-12-07 00:30:00+05:30,306.0,27.02,67.6,2023,12
2023-12-07 00:45:00+05:30,300.0,26.92,67.54,2023,12
2023-12-07 01:00:00+05:30,294.0,26.76,67.56,2023,12
2023-12-07 01:15:00+05:30,290.0,26.68,67.72,2023,12
2023-12-07 01:30:00+05:30,288.0,26.62,67.58,2023,12
2023-12-07 01:45:00+05:30,284.0,26.48,67.78,2023,12
2023-12-07 02:00:00+05:30,281.0,26.38,67.96,2023,12
2023-12-07 02:15:00+05:30,278.0,26.16,69.18,2023,12
2023-12-07 02:30:00+05:30,276.0,26.0,69.86,2023,12
2023-12-07 02:45:00+05:30,274.0,25.96,69.44,2023,12
2023-12-07 03:00:00+05:30,272.0,25.86,70.18,2023,12
2023-12-07 03:15:00+05:30,269.0,25.76,70.66,2023,12
2023-12-07 03:30:00+05:30,268.0,25.64,71.06,2023,12
2023-12-07 03:45:00+05:30,265.0,25.5,71.0,2023,12
2023-12-07 04:00:00+05:30,263.0,25.5,69.84,2023,12
2023-12-07 04:15:00+05:30,263.0,25.56,69.3,2023,12
2023-12-07 04:30:00+05:30,264.0,25.58,69.36,2023,12
2023-12-07 04:45:00+05:30,266.0,25.5,70.08,2023,12
2023-12-07 05:00:00+05:30,269.0,25.4,70.56,2023,12
2023-12-07 05:15:00+05:30,273.0,25.22,71.52,2023,12
2023-12-07 05:30:00+05:30,278.0,25.14,71.86,2023,12
2023-12-07 05:45:00+05:30,284.0,25.12,71.96,2023,12
2023-12-07 06:00:00+05:30,291.0,25.16,71.64,2023,12
2023-12-07 06:15:00+05:30,301.0,25.18,71.28,2023,12
2023-12-07 06:30:00+05:30,308.0,25.22,71.04,2023,12
2023-12-07 06:45:00+05:30,317.0,25.28,70.4,2023,12
2023-12-07 07:00:00+05:30,328.0,25.26,70.34,2023,12
2023-12-07 07:15:00+05:30,339.0,25.36,69.76,2023,12
2023-12-07 07:30:00+05:30,350.0,25.38,70.46,2023,12
2023-12-07 07:45:00+05:30,365.0,25.48,70.4,2023,12
2023-12-07 08:00:00+05:30,385.0,25.72,70.54,2023,12
2023-12-07 08:15:00+05:30,403.0,25.88,69.68,2023,12
2023-12-07 08:30:00+05:30,413.0,26.08,68.8,2023,12
2023-12-07 08:45:00+05:30,427.0,26.4,67.46,2023,12
2023-12-07 09:00:00+05:30,444.0,26.74,66.12,2023,12
2023-12-07 09:15:00+05:30,453.0,27.16,65.16,2023,12
2023-12-07 09:30:00+05:30,462.0,27.48,64.72,2023,12
2023-12-07 09:45:00+05:30,467.0,28.4,62.12,2023,12
2023-12-07 10:00:00+05:30,479.0,28.88,60.22,2023,12
2023-12-07 10:15:00+05:30,486.0,29.18,58.78,2023,12
2023-12-07 10:30:00+05:30,482.0,29.76,57.02,2023,12
2023-12-07 10:45:00+05:30,486.0,30.06,56.26,2023,12
2023-12-07 11:00:00+05:30,486.0,30.6,55.26,2023,12
2023-12-07 11:15:00+05:30,488.0,30.96,53.42,2023,12
2023-12-07 11:30:00+05:30,484.0,31.28,52.5,2023,12
2023-12-07 11:45:00+05:30,486.0,31.5,51.48,2023,12
2023-12-07 12:00:00+05:30,485.0,31.66,50.34,2023,12
2023-12-07 12:15:00+05:30,482.0,31.96,50.38,2023,12
2023-12-07 12:30:00+05:30,481.0,31.96,49.44,2023,12
2023-12-07 12:45:00+05:30,481.0,32.14,49.34,2023,12
2023-12-07 13:00:00+05:30,479.0,32.3,49.16,2023,12
2023-12-07 13:15:00+05:30,479.0,32.24,49.78,2023,12
2023-12-07 13:30:00+05:30,478.0,32.14,49.9,2023,12
2023-12-07 13:45:00+05:30,480.0,32.2,50.76,2023,12
2023-12-07 14:00:00+05:30,484.0,32.08,50.82,2023,12
2023-12-07 14:15:00+05:30,486.0,31.98,50.98,2023,12
2023-12-07 14:30:00+05:30,487.0,31.94,51.08,2023,12
2023-12-07 14:45:00+05:30,487.0,31.96,52.52,2023,12
2023-12-07 15:00:00+05:30,485.0,32.04,52.44,2023,12
2023-12-07 15:15:00+05:30,486.0,31.74,53.56,2023,12
2023-12-07 15:30:00+05:30,488.0,31.64,54.18,2023,12
2023-12-07 15:45:00+05:30,484.0,31.54,53.88,2023,12
2023-12-07 16:00:00+05:30,484.0,31.22,54.7,2023,12
2023-12-07 16:15:00+05:30,481.0,30.88,55.38,2023,12
2023-12-07 16:30:00+05:30,477.0,30.58,55.96,2023,12
2023-12-07 16:45:00+05:30,472.0,30.32,57.08,2023,12
2023-12-07 17:00:00+05:30,469.0,29.94,57.6,2023,12
2023-12-07 17:15:00+05:30,466.0,29.58,58.94,2023,12
2023-12-07 17:30:00+05:30,460.0,29.34,59.88,2023,12
2023-12-07 17:45:00+05:30,458.0,29.04,60.18,2023,12
2023-12-07 18:00:00+05:30,450.0,28.72,61.14,2023,12
2023-12-07 18:15:00+05:30,448.0,28.52,62.02,2023,12
2023-12-07 18:30:00+05:30,439.0,28.32,63.2,2023,12
2023-12-07 18:45:00+05:30,434.0,28.18,64.3,2023,12
2023-12-07 19:00:00+05:30,427.0,27.98,65.64,2023,12
2023-12-07 19:15:00+05:30,419.0,27.88,66.78,2023,12
2023-12-07 19:30:00+05:30,411.0,27.78,67.6,2023,12
2023-12-07 19:45:00+05:30,405.0,27.66,68.54,2023,12
2023-12-07 20:00:00+05:30,400.0,27.56,69.2,2023,12
2023-12-07 20:15:00+05:30,394.0,27.42,69.46,2023,12
2023-12-07 20:30:00+05:30,386.0,27.34,69.9,2023,12
2023-12-07 20:45:00+05:30,380.0,27.24,70.34,2023,12
2023-12-07 21:00:00+05:30,374.0,27.14,71.2,2023,12
2023-12-07 21:15:00+05:30,369.0,27.1,71.72,2023,12
2023-12-07 21:30:00+05:30,364.0,26.96,72.18,2023,12
2023-12-07 21:45:00+05:30,357.0,26.9,72.34,2023,12
2023-12-07 22:00:00+05:30,355.0,26.82,72.58,2023,12
2023-12-07 22:15:00+05:30,351.0,26.72,72.74,2023,12
2023-12-07 22:30:00+05:30,347.0,26.64,73.08,2023,12
2023-12-07 22:45:00+05:30,342.0,26.56,73.28,2023,12
2023-12-07 23:00:00+05:30,337.0,26.48,73.64,2023,12
2023-12-07 23:15:00+05:30,333.0,26.36,74.22,2023,12
2023-12-07 23:30:00+05:30,320.0,26.2,74.76,2023,12
2023-12-07 23:45:00+05:30,316.0,26.14,75.26,2023,12
2023-12-08 00:00:00+05:30,309.0,25.98,75.74,2023,12
2023-12-08 00:15:00+05:30,303.0,25.9,76.28,2023,12
2023-12-08 00:30:00+05:30,298.0,25.8,76.84,2023,12
2023-12-08 00:45:00+05:30,294.0,25.72,76.98,2023,12
2023-12-08 01:00:00+05:30,289.0,25.78,76.96,2023,12
2023-12-08 01:15:00+05:30,286.0,25.68,76.82,2023,12
2023-12-08 01:30:00+05:30,284.0,25.66,76.6,2023,12
2023-12-08 01:45:00+05:30,282.0,25.54,77.28,2023,12
2023-12-08 02:00:00+05:30,280.0,25.52,77.52,2023,12
2023-12-08 02:15:00+05:30,278.0,25.5,77.38,2023,12
2023-12-08 02:30:00+05:30,276.0,25.42,77.74,2023,12
2023-12-08 02:45:00+05:30,273.0,25.44,77.26,2023,12
2023-12-08 03:00:00+05:30,270.0,25.34,77.34,2023,12
2023-12-08 03:15:00+05:30,270.0,25.2,77.4,2023,12
2023-12-08 03:30:00+05:30,267.0,25.12,77.46,2023,12
2023-12-08 03:45:00+05:30,265.0,25.14,77.28,2023,12
2023-12-08 04:00:00+05:30,264.0,25.0,77.92,2023,12
2023-12-08 04:15:00+05:30,265.0,24.96,78.14,2023,12
2023-12-08 04:30:00+05:30,266.0,24.9,77.94,2023,12
2023-12-08 04:45:00+05:30,268.0,24.84,78.28,2023,12
2023-12-08 05:00:00+05:30,271.0,24.82,78.24,2023,12
2023-12-08 05:15:00+05:30,274.0,24.82,77.88,2023,12
2023-12-08 05:30:00+05:30,276.0,24.84,77.68,2023,12
2023-12-08 05:45:00+05:30,281.0,24.86,77.78,2023,12
2023-12-08 06:00:00+05:30,289.0,24.84,77.6,2023,12
2023-12-08 06:15:00+05:30,297.0,24.98,76.46,2023,12
2023-12-08 06:30:00+05:30,307.0,24.96,76.76,2023,12
2023-12-08 06:45:00+05:30,315.0,24.9,77.0,2023,12
2023-12-08 07:00:00+05:30,323.0,24.88,77.02,2023,12
2023-12-08 07:15:00+05:30,332.0,24.86,77.36,2023,12
2023-12-08 07:30:00+05:30,345.0,25.0,76.7,2023,12
2023-12-08 07:45:00+05:30,359.0,25.2,76.52,2023,12
2023-12-08 08:00:00+05:30,378.0,25.36,76.42,2023,12
2023-12-08 08:15:00+05:30,394.0,25.58,75.34,2023,12
2023-12-08 08:30:00+05:30,409.0,25.8,73.76,2023,12
2023-12-08 08:45:00+05:30,424.0,26.18,72.0,2023,12
2023-12-08 09:00:00+05:30,440.0,26.58,71.08,2023,12
2023-12-08 09:15:00+05:30,452.0,27.02,70.06,2023,12
2023-12-08 09:30:00+05:30,462.0,27.3,68.92,2023,12
2023-12-08 09:45:00+05:30,470.0,28.2,66.46,2023,12
2023-12-08 10:00:00+05:30,486.0,29.0,63.9,2023,12
2023-12-08 10:15:00+05:30,491.0,29.44,62.02,2023,12
2023-12-08 10:30:00+05:30,488.0,29.98,59.78,2023,12
2023-12-08 10:45:00+05:30,490.0,30.16,58.78,2023,12
2023-12-08 11:00:00+05:30,490.0,30.46,57.7,2023,12
2023-12-08 11:15:00+05:30,489.0,30.88,56.08,2023,12
2023-12-08 11:30:00+05:30,490.0,31.34,54.76,2023,12
2023-12-08 11:45:00+05:30,487.0,31.7,53.8,2023,12
2023-12-08 12:00:00+05:30,486.0,31.98,52.06,2023,12
2023-12-08 12:15:00+05:30,488.0,32.24,50.22,2023,12
2023-12-08 12:30:00+05:30,487.0,32.56,49.98,2023,12
2023-12-08 12:45:00+05:30,486.0,32.62,49.62,2023,12
2023-12-08 13:00:00+05:30,484.0,32.44,50.96,2023,12
2023-12-08 13:15:00+05:30,480.0,32.16,51.58,2023,12
2023-12-08 13:30:00+05:30,481.0,31.88,53.3,2023,12
2023-12-08 13:45:00+05:30,483.0,31.82,53.84,2023,12
2023-12-08 14:00:00+05:30,484.0,31.9,53.0,2023,12
2023-12-08 14:15:00+05:30,488.0,31.96,53.46,2023,12
2023-12-08 14:30:00+05:30,489.0,32.0,54.58,2023,12
2023-12-08 14:45:00+05:30,489.0,32.08,54.96,2023,12
2023-12-08 15:00:00+05:30,488.0,32.06,55.12,2023,12
2023-12-08 15:15:00+05:30,486.0,31.94,55.6,2023,12
2023-12-08 15:30:00+05:30,486.0,31.94,57.12,2023,12
2023-12-08 15:45:00+05:30,483.0,31.96,57.04,2023,12
2023-12-08 16:00:00+05:30,483.0,31.64,57.52,2023,12
2023-12-08 16:15:00+05:30,483.0,30.98,59.4,2023,12
2023-12-08 16:30:00+05:30,479.0,30.66,60.2,2023,12
2023-12-08 16:45:00+05:30,477.0,30.36,60.9,2023,12
2023-12-08 17:00:00+05:30,472.0,30.0,62.52,2023,12
2023-12-08 17:15:00+05:30,468.0,29.68,63.58,2023,12
2023-12-08 17:30:00+05:30,466.0,29.4,64.22,2023,12
2023-12-08 17:45:00+05:30,461.0,29.16,65.38,2023,12
2023-12-08 18:00:00+05:30,457.0,28.86,66.4,2023,12
2023-12-08 18:15:00+05:30,453.0,28.66,67.32,2023,12
2023-12-08 18:30:00+05:30,442.0,28.48,67.72,2023,12
2023-12-08 18:45:00+05:30,433.0,28.36,67.88,2023,12
2023-12-08 19:00:00+05:30,424.0,28.24,67.94,2023,12
2023-12-08 19:15:00+05:30,417.0,28.08,68.08,2023,12
2023-12-08 19:30:00+05:30,409.0,28.02,67.56,2023,12
2023-12-08 19:45:00+05:30,404.0,27.94,67.2,2023,12
2023-12-08 20:00:00+05:30,397.0,27.86,67.18,2023,12
2023-12-08 20:15:00+05:30,391.0,27.74,67.3,2023,12
2023-12-08 20:30:00+05:30,385.0,27.64,67.4,2023,12
2023-12-08 20:45:00+05:30,379.0,27.62,67.9,2023,12
2023-12-08 21:00:00+05:30,372.0,27.48,68.34,2023,12
2023-12-08 21:15:00+05:30,366.0,27.38,67.86,2023,12
2023-12-08 21:30:00+05:30,361.0,27.36,68.18,2023,12
2023-12-08 21:45:00+05:30,357.0,27.2,69.0,2023,12
2023-12-08 22:00:00+05:30,351.0,27.14,69.66,2023,12
2023-12-08 22:15:00+05:30,347.0,26.96,69.9,2023,12
2023-12-08 22:30:00+05:30,340.0,26.86,70.32,2023,12
2023-12-08 22:45:00+05:30,336.0,26.78,70.58,2023,12
2023-12-08 23:00:00+05:30,334.0,26.68,71.22,2023,12
2023-12-08 23:15:00+05:30,329.0,26.56,71.62,2023,12
2023-12-08 23:30:00+05:30,322.0,26.42,72.1,2023,12
2023-12-08 23:45:00+05:30,318.0,26.36,72.72,2023,12
2023-12-09 00:00:00+05:30,313.0,26.28,72.92,2023,12
2023-12-09 00:15:00+05:30,308.0,26.14,73.24,2023,12
2023-12-09 00:30:00+05:30,302.0,26.02,73.68,2023,12
2023-12-09 00:45:00+05:30,298.0,25.96,74.02,2023,12
2023-12-09 01:00:00+05:30,293.0,25.94,73.78,2023,12
2023-12-09 01:15:00+05:30,291.0,25.92,73.68,2023,12
2023-12-09 01:30:00+05:30,287.0,25.84,74.04,2023,12
2023-12-09 01:45:00+05:30,284.0,25.82,73.86,2023,12
2023-12-09 02:00:00+05:30,281.0,25.64,74.08,2023,12
2023-12-09 02:15:00+05:30,279.0,25.54,74.44,2023,12
2023-12-09 02:30:00+05:30,278.0,25.52,74.26,2023,12
2023-12-09 02:45:00+05:30,275.0,25.5,74.24,2023,12
2023-12-09 03:00:00+05:30,273.0,25.42,74.32,2023,12
2023-12-09 03:15:00+05:30,270.0,25.38,74.8,2023,12
2023-12-09 03:30:00+05:30,268.0,25.24,75.28,2023,12
2023-12-09 03:45:00+05:30,265.0,25.18,75.2,2023,12
2023-12-09 04:00:00+05:30,263.0,25.06,75.44,2023,12
2023-12-09 04:15:00+05:30,265.0,25.1,75.66,2023,12
2023-12-09 04:30:00+05:30,266.0,25.04,75.7,2023,12
2023-12-09 04:45:00+05:30,267.0,24.96,75.82,2023,12
2023-12-09 05:00:00+05:30,269.0,24.92,76.0,2023,12
2023-12-09 05:15:00+05:30,270.0,24.84,75.64,2023,12
2023-12-09 05:30:00+05:30,272.0,24.84,74.84,2023,12
2023-12-09 05:45:00+05:30,275.0,24.7,75.1,2023,12
2023-12-09 06:00:00+05:30,278.0,24.62,75.44,2023,12
2023-12-09 06:15:00+05:30,284.0,24.48,76.3,2023,12
2023-12-09 06:30:00+05:30,288.0,24.34,76.54,2023,12
2023-12-09 06:45:00+05:30,290.0,24.4,76.4,2023,12
2023-12-09 07:00:00+05:30,294.0,24.48,76.46,2023,12
2023-12-09 07:15:00+05:30,299.0,24.42,77.14,2023,12
2023-12-09 07:30:00+05:30,305.0,24.44,76.96,2023,12
2023-12-09 07:45:00+05:30,314.0,24.6,76.72,2023,12
2023-12-09 08:00:00+05:30,327.0,24.82,76.02,2023,12
2023-12-09 08:15:00+05:30,338.0,25.08,74.8,2023,12
2023-12-09 08:30:00+05:30,348.0,25.44,73.98,2023,12
2023-12-09 08:45:00+05:30,359.0,25.86,72.56,2023,12
2023-12-09 09:00:00+05:30,369.0,26.3,70.78,2023,12
2023-12-09 09:15:00+05:30,380.0,26.78,68.92,2023,12
2023-12-09 09:30:00+05:30,390.0,27.16,67.76,2023,12
2023-12-09 09:45:00+05:30,397.0,28.26,65.02,2023,12
2023-12-09 10:00:00+05:30,414.0,28.96,61.48,2023,12
2023-12-09 10:15:00+05:30,422.0,29.5,59.48,2023,12
2023-12-09 10:30:00+05:30,419.0,30.14,57.52,2023,12
2023-12-09 10:45:00+05:30,422.0,30.54,56.08,2023,12
2023-12-09 11:00:00+05:30,424.0,30.82,55.2,2023,12
2023-12-09 11:15:00+05:30,425.0,31.24,53.86,2023,12
2023-12-09 11:30:00+05:30,422.0,31.58,52.68,2023,12
2023-12-09 11:45:00+05:30,423.0,32.0,51.66,2023,12
2023-12-09 12:00:00+05:30,425.0,32.4,50.38,2023,12
2023-12-09 12:15:00+05:30,424.0,32.64,49.04,2023,12
2023-12-09 12:30:00+05:30,423.0,32.66,48.38,2023,12
2023-12-09 12:45:00+05:30,420.0,32.74,49.8,2023,12
2023-12-09 13:00:00+05:30,421.0,32.48,50.6,2023,12
2023-12-09 13:15:00+05:30,419.0,32.42,51.22,2023,12
2023-12-09 13:30:00+05:30,418.0,32.54,51.08,2023,12
2023-12-09 13:45:00+05:30,418.0,33.23,50.5,2023,12
2023-12-09 14:00:00+05:30,417.0,33.08,50.48,2023,12
2023-12-09 14:15:00+05:30,418.0,33.25,51.15,2023,12
2023-12-09 14:30:00+05:30,421.0,33.35,50.45,2023,12
2023-12-09 14:45:00+05:30,420.0,33.53,51.53,2023,12
2023-12-09 15:00:00+05:30,418.0,33.7,51.23,2023,12
2023-12-09 15:15:00+05:30,418.0,33.8,51.4,2023,12
2023-12-09 15:30:00+05:30,419.0,33.5,52.6,2023,12
2023-12-09 15:45:00+05:30,417.0,33.08,53.68,2023,12
2023-12-09 16:00:00+05:30,415.0,32.83,55.13,2023,12
2023-12-09 16:15:00+05:30,414.0,32.15,55.93,2023,12
2023-12-09 16:30:00+05:30,410.0,31.55,57.98,2023,12
2023-12-09 16:45:00+05:30,406.0,31.18,59.13,2023,12
2023-12-09 17:00:00+05:30,405.0,30.65,60.4,2023,12
2023-12-09 17:15:00+05:30,402.0,30.38,61.7,2023,12
2023-12-09 17:30:00+05:30,401.0,29.88,63.08,2023,12
2023-12-09 17:45:00+05:30,401.0,29.4,64.33,2023,12
2023-12-09 18:00:00+05:30,403.0,29.1,65.5,2023,12
2023-12-09 18:15:00+05:30,401.0,28.9,65.85,2023,12
2023-12-09 18:30:00+05:30,400.0,28.73,66.03,2023,12
2023-12-09 18:45:00+05:30,397.0,28.55,66.95,2023,12
2023-12-09 19:00:00+05:30,389.0,28.45,68.03,2023,12
2023-12-09 19:15:00+05:30,384.0,28.3,69.3,2023,12
2023-12-09 19:30:00+05:30,379.0,28.15,70.5,2023,12
2023-12-09 19:45:00+05:30,376.0,28.1,71.25,2023,12
2023-12-09 20:00:00+05:30,371.0,28.0,71.55,2023,12
2023-12-09 20:15:00+05:30,368.0,27.93,72.13,2023,12
2023-12-09 20:30:00+05:30,362.0,27.88,72.0,2023,12
2023-12-09 20:45:00+05:30,360.0,27.83,71.65,2023,12
2023-12-09 21:00:00+05:30,359.0,27.75,71.65,2023,12
2023-12-09 21:15:00+05:30,356.0,27.68,71.63,2023,12
2023-12-09 21:30:00+05:30,355.0,27.63,71.78,2023,12
2023-12-09 21:45:00+05:30,351.0,27.53,72.18,2023,12
2023-12-09 22:00:00+05:30,344.0,27.4,72.33,2023,12
2023-12-09 22:15:00+05:30,339.0,27.33,72.65,2023,12
2023-12-09 22:30:00+05:30,335.0,27.3,72.7,2023,12
2023-12-09 22:45:00+05:30,329.0,27.28,72.38,2023,12
2023-12-09 23:00:00+05:30,325.0,27.2,72.2,2023,12
2023-12-09 23:15:00+05:30,321.0,27.15,71.98,2023,12
2023-12-09 23:30:00+05:30,316.0,27.0,72.25,2023,12
2023-12-09 23:45:00+05:30,310.0,26.9,72.73,2023,12
2023-12-10 00:00:00+05:30,307.0,26.75,72.43,2023,12
2023-12-10 00:15:00+05:30,302.0,26.7,72.23,2023,12
2023-12-10 00:30:00+05:30,298.0,26.6,72.33,2023,12
2023-12-10 00:45:00+05:30,293.0,26.48,72.7,2023,12
2023-12-10 01:00:00+05:30,290.0,26.4,71.95,2023,12
2023-12-10 01:15:00+05:30,286.0,26.35,72.0,2023,12
2023-12-10 01:30:00+05:30,283.0,26.2,72.18,2023,12
2023-12-10 01:45:00+05:30,281.0,26.2,71.68,2023,12
2023-12-10 02:00:00+05:30,278.0,26.05,71.95,2023,12
2023-12-10 02:15:00+05:30,276.0,26.0,72.08,2023,12
2023-12-10 02:30:00+05:30,273.0,25.88,72.58,2023,12
2023-12-10 02:45:00+05:30,272.0,25.75,72.88,2023,12
2023-12-10 03:00:00+05:30,269.0,25.73,73.23,2023,12
2023-12-10 03:15:00+05:30,266.0,25.6,73.6,2023,12
2023-12-10 03:30:00+05:30,264.0,25.55,74.05,2023,12
2023-12-10 03:45:00+05:30,261.0,25.48,74.18,2023,12
2023-12-10 04:00:00+05:30,260.0,25.48,73.85,2023,12
2023-12-10 04:15:00+05:30,260.0,25.43,74.28,2023,12
2023-12-10 04:30:00+05:30,260.0,25.38,74.25,2023,12
2023-12-10 04:45:00+05:30,261.0,25.28,74.75,2023,12
2023-12-10 05:00:00+05:30,264.0,25.28,74.73,2023,12
2023-12-10 05:15:00+05:30,265.0,25.2,74.98,2023,12
2023-12-10 05:30:00+05:30,265.0,25.15,75.08,2023,12
2023-12-10 05:45:00+05:30,267.0,25.13,74.98,2023,12
2023-12-10 06:00:00+05:30,270.0,25.08,75.1,2023,12
2023-12-10 06:15:00+05:30,273.0,25.03,75.43,2023,12
2023-12-10 06:30:00+05:30,273.0,25.05,75.68,2023,12
2023-12-10 06:45:00+05:30,273.0,25.05,75.55,2023,12
2023-12-10 07:00:00+05:30,275.0,25.08,74.73,2023,12
2023-12-10 07:15:00+05:30,280.0,25.13,74.25,2023,12
2023-12-10 07:30:00+05:30,281.0,25.28,74.05,2023,12
2023-12-10 07:45:00+05:30,284.0,25.43,73.33,2023,12
2023-12-10 08:00:00+05:30,290.0,25.58,72.93,2023,12
2023-12-10 08:15:00+05:30,295.0,25.88,72.63,2023,12
2023-12-10 08:30:00+05:30,299.0,26.23,71.38,2023,12
2023-12-10 08:45:00+05:30,304.0,26.65,70.0,2023,12
2023-12-10 09:00:00+05:30,310.0,26.85,67.83,2023,12
2023-12-10 09:15:00+05:30,315.0,27.18,66.5,2023,12
2023-12-10 09:30:00+05:30,319.0,27.53,65.18,2023,12
2023-12-10 09:45:00+05:30,325.0,28.23,62.45,2023,12
2023-12-10 10:00:00+05:30,337.0,29.2,59.33,2023,12
2023-12-10 10:15:00+05:30,348.0,29.9,57.1,2023,12
2023-12-10 10:30:00+05:30,345.0,30.4,55.75,2023,12
2023-12-10 10:45:00+05:30,348.0,30.95,53.4,2023,12
2023-12-10 11:00:00+05:30,352.0,31.35,51.63,2023,12
2023-12-10 11:15:00+05:30,353.0,31.7,50.3,2023,12
2023-12-10 11:30:00+05:30,352.0,32.35,48.68,2023,12
2023-12-10 11:45:00+05:30,353.0,32.53,47.38,2023,12
2023-12-10 12:00:00+05:30,355.0,32.75,46.65,2023,12
2023-12-10 12:15:00+05:30,354.0,33.08,45.88,2023,12
2023-12-10 12:30:00+05:30,354.0,33.25,45.68,2023,12
2023-12-10 12:45:00+05:30,353.0,33.45,44.75,2023,12
2023-12-10 13:00:00+05:30,352.0,33.58,44.63,2023,12
2023-12-10 13:15:00+05:30,353.0,33.65,44.5,2023,12
2023-12-10 13:30:00+05:30,353.0,33.68,45.1,2023,12
2023-12-10 13:45:00+05:30,352.0,33.28,48.53,2023,12
2023-12-10 14:00:00+05:30,351.0,33.4,47.9,2023,12
2023-12-10 14:15:00+05:30,350.0,33.6,47.23,2023,12
2023-12-10 14:30:00+05:30,350.0,33.73,47.28,2023,12
2023-12-10 14:45:00+05:30,350.0,33.93,47.73,2023,12
2023-12-10 15:00:00+05:30,351.0,34.08,47.2,2023,12
2023-12-10 15:15:00+05:30,351.0,33.83,48.18,2023,12
2023-12-10 15:30:00+05:30,352.0,33.78,48.63,2023,12
2023-12-10 15:45:00+05:30,350.0,33.38,50.3,2023,12
2023-12-10 16:00:00+05:30,348.0,32.95,51.83,2023,12
2023-12-10 16:15:00+05:30,347.0,32.35,53.38,2023,12
2023-12-10 16:30:00+05:30,345.0,31.88,54.43,2023,12
2023-12-10 16:45:00+05:30,344.0,31.63,54.98,2023,12
2023-12-10 17:00:00+05:30,342.0,31.28,55.8,2023,12
2023-12-10 17:15:00+05:30,342.0,30.73,57.93,2023,12
2023-12-10 17:30:00+05:30,342.0,30.15,59.83,2023,12
2023-12-10 17:45:00+05:30,343.0,29.68,61.85,2023,12
2023-12-10 18:00:00+05:30,348.0,29.33,63.18,2023,12
2023-12-10 18:15:00+05:30,352.0,29.0,63.95,2023,12
2023-12-10 18:30:00+05:30,350.0,28.8,64.55,2023,12
2023-12-10 18:45:00+05:30,348.0,28.68,65.33,2023,12
2023-12-10 19:00:00+05:30,346.0,28.58,64.68,2023,12
2023-12-10 19:15:00+05:30,344.0,28.53,64.18,2023,12
2023-12-10 19:30:00+05:30,341.0,28.45,63.35,2023,12
2023-12-10 19:45:00+05:30,341.0,28.38,63.15,2023,12
2023-12-10 20:00:00+05:30,338.0,28.3,62.88,2023,12
2023-12-10 20:15:00+05:30,336.0,28.28,62.95,2023,12
2023-12-10 20:30:00+05:30,334.0,28.18,63.23,2023,12
2023-12-10 20:45:00+05:30,332.0,28.1,63.48,2023,12
2023-12-10 21:00:00+05:30,331.0,28.03,63.33,2023,12
2023-12-10 21:15:00+05:30,330.0,27.93,63.85,2023,12
2023-12-10 21:30:00+05:30,328.0,27.85,63.6,2023,12
2023-12-10 21:45:00+05:30,326.0,27.83,63.65,2023,12
2023-12-10 22:00:00+05:30,324.0,27.7,63.85,2023,12
2023-12-10 22:15:00+05:30,321.0,27.6,64.1,2023,12
2023-12-10 22:30:00+05:30,319.0,27.55,64.25,2023,12
2023-12-10 22:45:00+05:30,315.0,27.45,65.23,2023,12
2023-12-10 23:00:00+05:30,313.0,27.3,65.88,2023,12
2023-12-10 23:15:00+05:30,308.0,27.08,66.08,2023,12
2023-12-10 23:30:00+05:30,303.0,27.08,66.63,2023,12
2023-12-10 23:45:00+05:30,300.0,26.95,66.53,2023,12
2023-12-11 00:00:00+05:30,294.0,26.93,67.4,2023,12
2023-12-11 00:15:00+05:30,287.0,26.78,68.63,2023,12
2023-12-11 00:30:00+05:30,283.0,26.65,70.1,2023,12
2023-12-11 00:45:00+05:30,280.0,26.6,70.15,2023,12
2023-12-11 01:00:00+05:30,277.0,26.7,69.53,2023,12
2023-12-11 01:15:00+05:30,275.0,26.53,69.8,2023,12
2023-12-11 01:30:00+05:30,273.0,26.43,71.1,2023,12
2023-12-11 01:45:00+05:30,270.0,26.35,70.55,2023,12
2023-12-11 02:00:00+05:30,268.0,26.25,70.4,2023,12
2023-12-11 02:15:00+05:30,265.0,26.2,70.15,2023,12
2023-12-11 02:30:00+05:30,262.0,26.0,70.93,2023,12
2023-12-11 02:45:00+05:30,259.0,25.88,71.5,2023,12
2023-12-11 03:00:00+05:30,258.0,25.9,71.48,2023,12
2023-12-11 03:15:00+05:30,254.0,25.75,71.58,2023,12
2023-12-11 03:30:00+05:30,252.0,25.63,72.28,2023,12
2023-12-11 03:45:00+05:30,252.0,25.55,72.0,2023,12
2023-12-11 04:00:00+05:30,250.0,25.4,72.75,2023,12
2023-12-11 04:15:00+05:30,252.0,25.35,73.2,2023,12
2023-12-11 04:30:00+05:30,254.0,25.35,74.28,2023,12
2023-12-11 04:45:00+05:30,256.0,25.28,75.1,2023,12
2023-12-11 05:00:00+05:30,258.0,25.2,75.23,2023,12
2023-12-11 05:15:00+05:30,259.0,25.2,75.2,2023,12
2023-12-11 05:30:00+05:30,263.0,25.18,74.85,2023,12
2023-12-11 05:45:00+05:30,268.0,25.2,74.45,2023,12
2023-12-11 06:00:00+05:30,279.0,25.0,75.35,2023,12
2023-12-11 06:15:00+05:30,290.0,25.03,75.2,2023,12
2023-12-11 06:30:00+05:30,298.0,25.03,74.65,2023,12
2023-12-11 06:45:00+05:30,308.0,25.0,74.6,2023,12
2023-12-11 07:00:00+05:30,317.0,25.0,74.63,2023,12
2023-12-11 07:15:00+05:30,328.0,25.03,74.38,2023,12
2023-12-11 07:30:00+05:30,343.0,25.08,73.63,2023,12
2023-12-11 07:45:00+05:30,359.0,25.35,72.75,2023,12
2023-12-11 08:00:00+05:30,379.0,25.6,72.25,2023,12
2023-12-11 08:15:00+05:30,397.0,25.9,71.6,2023,12
2023-12-11 08:30:00+05:30,411.0,26.2,71.35,2023,12
2023-12-11 08:45:00+05:30,427.0,26.5,69.7,2023,12
2023-12-11 09:00:00+05:30,444.0,26.88,69.03,2023,12
2023-12-11 09:15:00+05:30,456.0,27.25,67.8,2023,12
2023-12-11 09:30:00+05:30,465.0,27.58,66.9,2023,12
2023-12-11 09:45:00+05:30,473.0,28.85,63.2,2023,12
2023-12-11 10:00:00+05:30,488.0,29.68,60.8,2023,12
2023-12-11 10:15:00+05:30,494.0,30.28,58.73,2023,12
2023-12-11 10:30:00+05:30,491.0,30.78,56.15,2023,12
2023-12-11 10:45:00+05:30,492.0,31.15,54.4,2023,12
2023-12-11 11:00:00+05:30,495.0,31.65,52.35,2023,12
2023-12-11 11:15:00+05:30,498.0,32.03,49.65,2023,12
2023-12-11 11:30:00+05:30,497.0,32.43,48.05,2023,12
2023-12-11 11:45:00+05:30,495.0,32.88,47.6,2023,12
2023-12-11 12:00:00+05:30,497.0,32.73,49.05,2023,12
2023-12-11 12:15:00+05:30,494.0,32.35,50.55,2023,12
2023-12-11 12:30:00+05:30,492.0,32.35,50.18,2023,12
2023-12-11 12:45:00+05:30,491.0,32.18,50.18,2023,12
2023-12-11 13:00:00+05:30,491.0,32.4,49.98,2023,12
2023-12-11 13:15:00+05:30,490.0,32.48,51.7,2023,12
2023-12-11 13:30:00+05:30,489.0,32.63,52.0,2023,12
2023-12-11 13:45:00+05:30,489.0,32.73,51.2,2023,12
2023-12-11 14:00:00+05:30,491.0,33.1,50.93,2023,12
2023-12-11 14:15:00+05:30,493.0,33.1,50.8,2023,12
2023-12-11 14:30:00+05:30,495.0,33.1,50.65,2023,12
2023-12-11 14:45:00+05:30,494.0,33.03,50.95,2023,12
2023-12-11 15:00:00+05:30,492.0,33.25,50.73,2023,12
2023-12-11 15:15:00+05:30,493.0,33.4,50.5,2023,12
2023-12-11 15:30:00+05:30,490.0,33.6,51.05,2023,12
2023-12-11 15:45:00+05:30,485.0,33.1,52.2,2023,12
2023-12-11 16:00:00+05:30,486.0,32.95,52.13,2023,12
2023-12-11 16:15:00+05:30,482.0,32.25,53.75,2023,12
2023-12-11 16:30:00+05:30,477.0,31.98,54.53,2023,12
2023-12-11 16:45:00+05:30,473.0,32.1,52.83,2023,12
2023-12-11 17:00:00+05:30,468.0,31.5,53.35,2023,12
2023-12-11 17:15:00+05:30,464.0,30.95,53.63,2023,12
2023-12-11 17:30:00+05:30,459.0,30.38,54.35,2023,12
2023-12-11 17:45:00+05:30,455.0,29.85,55.25,2023,12
2023-12-11 18:00:00+05:30,452.0,29.38,56.13,2023,12
2023-12-11 18:15:00+05:30,447.0,29.05,56.88,2023,12
2023-12-11 18:30:00+05:30,439.0,28.8,58.0,2023,12
2023-12-11 18:45:00+05:30,431.0,28.65,59.03,2023,12
2023-12-11 19:00:00+05:30,421.0,28.5,59.98,2023,12
2023-12-11 19:15:00+05:30,413.0,28.38,60.15,2023,12
2023-12-11 19:30:00+05:30,404.0,28.33,60.38,2023,12
2023-12-11 19:45:00+05:30,398.0,28.23,60.73,2023,12
2023-12-11 20:00:00+05:30,390.0,28.2,60.65,2023,12
2023-12-11 20:15:00+05:30,382.0,28.05,60.35,2023,12
2023-12-11 20:30:00+05:30,377.0,27.95,59.65,2023,12
2023-12-11 20:45:00+05:30,372.0,27.85,59.95,2023,12
2023-12-11 21:00:00+05:30,367.0,27.73,59.48,2023,12
2023-12-11 21:15:00+05:30,362.0,27.65,60.0,2023,12
2023-12-11 21:30:00+05:30,360.0,27.5,59.68,2023,12
2023-12-11 21:45:00+05:30,358.0,27.4,59.78,2023,12
2023-12-11 22:00:00+05:30,353.0,27.3,60.2,2023,12
2023-12-11 22:15:00+05:30,347.0,27.28,60.73,2023,12
2023-12-11 22:30:00+05:30,342.0,27.1,61.7,2023,12
2023-12-11 22:45:00+05:30,338.0,26.98,61.6,2023,12
2023-12-11 23:00:00+05:30,332.0,26.9,60.98,2023,12
2023-12-11 23:15:00+05:30,325.0,26.93,60.9,2023,12
2023-12-11 23:30:00+05:30,319.0,26.85,61.15,2023,12
2023-12-11 23:45:00+05:30,315.0,26.7,61.63,2023,12
2023-12-12 00:00:00+05:30,308.0,26.58,61.95,2023,12
2023-12-12 00:15:00+05:30,303.0,26.45,61.9,2023,12
2023-12-12 00:30:00+05:30,297.0,26.5,61.33,2023,12
2023-12-12 00:45:00+05:30,293.0,26.4,61.33,2023,12
2023-12-12 01:00:00+05:30,288.0,26.4,61.48,2023,12
2023-12-12 01:15:00+05:30,285.0,26.2,63.03,2023,12
2023-12-12 01:30:00+05:30,283.0,26.2,62.45,2023,12
2023-12-12 01:45:00+05:30,280.0,26.05,63.3,2023,12
2023-12-12 02:00:00+05:30,277.0,25.98,64.15,2023,12
2023-12-12 02:15:00+05:30,275.0,25.83,64.38,2023,12
2023-12-12 02:30:00+05:30,273.0,25.8,66.48,2023,12
2023-12-12 02:45:00+05:30,271.0,25.68,67.0,2023,12
2023-12-12 03:00:00+05:30,268.0,25.53,67.68,2023,12
2023-12-12 03:15:00+05:30,266.0,25.35,69.18,2023,12
2023-12-12 03:30:00+05:30,264.0,25.2,69.6,2023,12
2023-12-12 03:45:00+05:30,262.0,25.15,69.63,2023,12
2023-12-12 04:00:00+05:30,262.0,25.1,69.63,2023,12
2023-12-12 04:15:00+05:30,265.0,25.13,69.15,2023,12
2023-12-12 04:30:00+05:30,266.0,25.15,67.75,2023,12
2023-12-12 04:45:00+05:30,267.0,25.08,67.5,2023,12
2023-12-12 05:00:00+05:30,268.0,25.0,68.03,2023,12
2023-12-12 05:15:00+05:30,271.0,24.98,69.58,2023,12
2023-12-12 05:30:00+05:30,275.0,24.88,69.28,2023,12
2023-12-12 05:45:00+05:30,280.0,24.73,69.85,2023,12
2023-12-12 06:00:00+05:30,289.0,24.68,70.2,2023,12
2023-12-12 06:15:00+05:30,297.0,24.6,70.25,2023,12
2023-12-12 06:30:00+05:30,305.0,24.53,70.55,2023,12
2023-12-12 06:45:00+05:30,312.0,24.5,70.65,2023,12
2023-12-12 07:00:00+05:30,321.0,24.5,71.0,2023,12
2023-12-12 07:15:00+05:30,331.0,24.58,70.45,2023,12
2023-12-12 07:30:00+05:30,346.0,24.78,69.83,2023,12
2023-12-12 07:45:00+05:30,358.0,24.9,69.73,2023,12
2023-12-12 08:00:00+05:30,376.0,25.1,69.75,2023,12
2023-12-12 08:15:00+05:30,396.0,25.33,68.38,2023,12
2023-12-12 08:30:00+05:30,408.0,25.68,67.2,2023,12
2023-12-12 08:45:00+05:30,423.0,26.05,65.88,2023,12
2023-12-12 09:00:00+05:30,437.0,26.55,63.98,2023,12
2023-12-12 09:15:00+05:30,448.0,26.85,63.2,2023,12
2023-12-12 09:30:00+05:30,456.0,27.3,61.95,2023,12
2023-12-12 09:45:00+05:30,464.0,28.43,59.4,2023,12
2023-12-12 10:00:00+05:30,479.0,29.28,57.08,2023,12
2023-12-12 10:15:00+05:30,483.0,29.75,55.65,2023,12
2023-12-12 10:30:00+05:30,480.0,30.25,54.2,2023,12
2023-12-12 10:45:00+05:30,481.0,30.78,52.63,2023,12
2023-12-12 11:00:00+05:30,483.0,31.18,51.08,2023,12
2023-12-12 11:15:00+05:30,484.0,31.38,49.7,2023,12
2023-12-12 11:30:00+05:30,482.0,31.6,48.63,2023,12
2023-12-12 11:45:00+05:30,480.0,31.9,47.83,2023,12
2023-12-12 12:00:00+05:30,485.0,32.15,46.98,2023,12
2023-12-12 12:15:00+05:30,481.0,32.1,48.73,2023,12
2023-12-12 12:30:00+05:30,482.0,32.1,47.75,2023,12
2023-12-12 12:45:00+05:30,482.0,32.0,50.23,2023,12
2023-12-12 13:00:00+05:30,481.0,32.05,49.18,2023,12
2023-12-12 13:15:00+05:30,480.0,31.95,49.2,2023,12
2023-12-12 13:30:00+05:30,478.0,32.05,50.35,2023,12
2023-12-12 13:45:00+05:30,477.0,31.75,51.63,2023,12
2023-12-12 14:00:00+05:30,479.0,32.1,50.33,2023,12
2023-12-12 14:15:00+05:30,479.0,32.28,48.75,2023,12
2023-12-12 14:30:00+05:30,480.0,32.8,46.4,2023,12
2023-12-12 14:45:00+05:30,478.0,32.95,43.55,2023,12
2023-12-12 15:00:00+05:30,476.0,33.18,41.4,2023,12
2023-12-12 15:15:00+05:30,474.0,32.85,40.88,2023,12
2023-12-12 15:30:00+05:30,474.0,32.78,41.13,2023,12
2023-12-12 15:45:00+05:30,468.0,32.65,42.1,2023,12
2023-12-12 16:00:00+05:30,466.0,32.18,42.48,2023,12
2023-12-12 16:15:00+05:30,467.0,31.38,43.68,2023,12
2023-12-12 16:30:00+05:30,465.0,30.8,44.88,2023,12
2023-12-12 16:45:00+05:30,461.0,30.6,45.63,2023,12
2023-12-12 17:00:00+05:30,455.0,30.03,46.9,2023,12
2023-12-12 17:15:00+05:30,453.0,29.6,48.85,2023,12
2023-12-12 17:30:00+05:30,446.0,29.23,50.23,2023,12
2023-12-12 17:45:00+05:30,444.0,28.73,51.25,2023,12
2023-12-12 18:00:00+05:30,445.0,28.43,52.43,2023,12
2023-12-12 18:15:00+05:30,438.0,28.2,53.23,2023,12
2023-12-12 18:30:00+05:30,433.0,28.03,53.58,2023,12
2023-12-12 18:45:00+05:30,427.0,27.93,53.33,2023,12
2023-12-12 19:00:00+05:30,420.0,27.8,53.03,2023,12
2023-12-12 19:15:00+05:30,414.0,27.65,53.1,2023,12
2023-12-12 19:30:00+05:30,406.0,27.53,52.9,2023,12
2023-12-12 19:45:00+05:30,399.0,27.43,52.6,2023,12
2023-12-12 20:00:00+05:30,390.0,27.3,52.8,2023,12
2023-12-12 20:15:00+05:30,383.0,27.18,53.23,2023,12
2023-12-12 20:30:00+05:30,377.0,27.13,52.83,2023,12
2023-12-12 20:45:00+05:30,372.0,27.05,52.1,2023,12
2023-12-12 21:00:00+05:30,364.0,26.9,52.43,2023,12
2023-12-12 21:15:00+05:30,360.0,26.75,53.13,2023,12
2023-12-12 21:30:00+05:30,356.0,26.68,52.7,2023,12
2023-12-12 21:45:00+05:30,350.0,26.53,52.98,2023,12
2023-12-12 22:00:00+05:30,344.0,26.43,53.43,2023,12
2023-12-12 22:15:00+05:30,340.0,26.33,53.75,2023,12
2023-12-12 22:30:00+05:30,335.0,26.23,53.93,2023,12
2023-12-12 22:45:00+05:30,328.0,26.1,54.6,2023,12
2023-12-12 23:00:00+05:30,324.0,26.13,55.45,2023,12
2023-12-12 23:15:00+05:30,320.0,26.13,56.28,2023,12
2023-12-12 23:30:00+05:30,315.0,25.95,56.68,2023,12
2023-12-12 23:45:00+05:30,311.0,25.8,58.15,2023,12
2023-12-13 00:00:00+05:30,305.0,25.68,59.15,2023,12
2023-12-13 00:15:00+05:30,297.0,25.55,58.83,2023,12
2023-12-13 00:30:00+05:30,293.0,25.4,59.4,2023,12
2023-12-13 00:45:00+05:30,286.0,25.28,60.4,2023,12
2023-12-13 01:00:00+05:30,281.0,25.15,60.93,2023,12
2023-12-13 01:15:00+05:30,278.0,25.08,61.4,2023,12
2023-12-13 01:30:00+05:30,277.0,24.93,61.75,2023,12
2023-12-13 01:45:00+05:30,274.0,24.83,61.5,2023,12
2023-12-13 02:00:00+05:30,272.0,24.85,60.4,2023,12
2023-12-13 02:15:00+05:30,270.0,24.73,60.58,2023,12
2023-12-13 02:30:00+05:30,268.0,24.63,60.95,2023,12
2023-12-13 02:45:00+05:30,266.0,24.58,61.63,2023,12
2023-12-13 03:00:00+05:30,264.0,24.55,62.35,2023,12
2023-12-13 03:15:00+05:30,262.0,24.55,61.75,2023,12
2023-12-13 03:30:00+05:30,260.0,24.53,61.68,2023,12
2023-12-13 03:45:00+05:30,258.0,24.48,62.33,2023,12
2023-12-13 04:00:00+05:30,257.0,24.43,62.75,2023,12
2023-12-13 04:15:00+05:30,260.0,24.25,63.9,2023,12
2023-12-13 04:30:00+05:30,262.0,24.2,64.4,2023,12
2023-12-13 04:45:00+05:30,262.0,24.15,65.08,2023,12
2023-12-13 05:00:00+05:30,264.0,24.05,65.68,2023,12
2023-12-13 05:15:00+05:30,265.0,24.0,66.2,2023,12
2023-12-13 05:30:00+05:30,268.0,23.93,66.5,2023,12
2023-12-13 05:45:00+05:30,272.0,23.8,67.23,2023,12
2023-12-13 06:00:00+05:30,282.0,23.65,68.18,2023,12
2023-12-13 06:15:00+05:30,289.0,23.65,68.0,2023,12
2023-12-13 06:30:00+05:30,297.0,23.68,68.1,2023,12
2023-12-13 06:45:00+05:30,303.0,23.6,68.48,2023,12
2023-12-13 07:00:00+05:30,312.0,23.58,68.95,2023,12
2023-12-13 07:15:00+05:30,320.0,23.65,69.0,2023,12
2023-12-13 07:30:00+05:30,333.0,23.78,68.88,2023,12
2023-12-13 07:45:00+05:30,347.0,24.0,68.6,2023,12
2023-12-13 08:00:00+05:30,364.0,24.28,68.3,2023,12
2023-12-13 08:15:00+05:30,377.0,24.58,67.68,2023,12
2023-12-13 08:30:00+05:30,389.0,24.93,65.78,2023,12
2023-12-13 08:45:00+05:30,402.0,25.33,64.7,2023,12
2023-12-13 09:00:00+05:30,414.0,25.75,64.48,2023,12
2023-12-13 09:15:00+05:30,424.0,26.13,63.48,2023,12
2023-12-13 09:30:00+05:30,432.0,26.58,61.53,2023,12
2023-12-13 09:45:00+05:30,439.0,27.53,58.3,2023,12
2023-12-13 10:00:00+05:30,453.0,28.1,56.23,2023,12
2023-12-13 10:15:00+05:30,460.0,28.58,55.15,2023,12
2023-12-13 10:30:00+05:30,456.0,29.1,53.0,2023,12
2023-12-13 10:45:00+05:30,456.0,29.6,52.58,2023,12
2023-12-13 11:00:00+05:30,458.0,30.05,51.15,2023,12
2023-12-13 11:15:00+05:30,459.0,30.45,49.65,2023,12
2023-12-13 11:30:00+05:30,458.0,31.25,47.58,2023,12
2023-12-13 11:45:00+05:30,457.0,31.53,47.08,2023,12
2023-12-13 12:00:00+05:30,458.0,31.73,45.78,2023,12
2023-12-13 12:15:00+05:30,460.0,32.05,44.28,2023,12
2023-12-13 12:30:00+05:30,466.0,32.25,44.7,2023,12
2023-12-13 12:45:00+05:30,465.0,31.98,46.43,2023,12
2023-12-13 13:00:00+05:30,463.0,31.85,47.13,2023,12
2023-12-13 13:15:00+05:30,461.0,32.25,46.13,2023,12
2023-12-13 13:30:00+05:30,460.0,32.25,45.65,2023,12
2023-12-13 13:45:00+05:30,460.0,32.2,45.18,2023,12
2023-12-13 14:00:00+05:30,462.0,32.2,45.78,2023,12
2023-12-13 14:15:00+05:30,466.0,32.63,44.5,2023,12
2023-12-13 14:30:00+05:30,470.0,32.88,44.8,2023,12
2023-12-13 14:45:00+05:30,471.0,33.15,43.6,2023,12
2023-12-13 15:00:00+05:30,470.0,32.95,46.65,2023,12
2023-12-13 15:15:00+05:30,469.0,33.05,47.25,2023,12
2023-12-13 15:30:00+05:30,468.0,33.1,47.55,2023,12
2023-12-13 15:45:00+05:30,467.0,32.98,47.35,2023,12
2023-12-13 16:00:00+05:30,467.0,32.65,46.95,2023,12
2023-12-13 16:15:00+05:30,464.0,32.28,47.4,2023,12
2023-12-13 16:30:00+05:30,461.0,31.5,48.68,2023,12
2023-12-13 16:45:00+05:30,461.0,31.3,48.65,2023,12
2023-12-13 17:00:00+05:30,455.0,30.98,50.75,2023,12
2023-12-13 17:15:00+05:30,450.0,30.28,53.0,2023,12
2023-12-13 17:30:00+05:30,447.0,29.83,54.43,2023,12
2023-12-13 17:45:00+05:30,446.0,29.45,55.73,2023,12
2023-12-13 18:00:00+05:30,448.0,29.03,57.83,2023,12
2023-12-13 18:15:00+05:30,441.0,28.68,59.58,2023,12
2023-12-13 18:30:00+05:30,434.0,28.43,60.33,2023,12
2023-12-13 18:45:00+05:30,428.0,28.3,61.3,2023,12
2023-12-13 19:00:00+05:30,419.0,28.15,62.63,2023,12
2023-12-13 19:15:00+05:30,412.0,28.0,62.95,2023,12
2023-12-13 19:30:00+05:30,403.0,27.93,62.78,2023,12
2023-12-13 19:45:00+05:30,397.0,27.83,62.55,2023,12
2023-12-13 20:00:00+05:30,390.0,27.78,61.63,2023,12
2023-12-13 20:15:00+05:30,384.0,27.75,61.65,2023,12
2023-12-13 20:30:00+05:30,379.0,27.65,61.5,2023,12
2023-12-13 20:45:00+05:30,372.0,27.6,60.7,2023,12
2023-12-13 21:00:00+05:30,365.0,27.5,60.83,2023,12
2023-12-13 21:15:00+05:30,362.0,27.4,61.45,2023,12
2023-12-13 21:30:00+05:30,355.0,27.23,62.23,2023,12
2023-12-13 21:45:00+05:30,350.0,27.08,63.33,2023,12
2023-12-13 22:00:00+05:30,344.0,26.95,63.68,2023,12
2023-12-13 22:15:00+05:30,339.0,26.9,63.5,2023,12
2023-12-13 22:30:00+05:30,336.0,26.8,63.58,2023,12
2023-12-13 22:45:00+05:30,329.0,26.65,64.33,2023,12
2023-12-13 23:00:00+05:30,326.0,26.53,64.88,2023,12
2023-12-13 23:15:00+05:30,320.0,26.45,65.43,2023,12
2023-12-13 23:30:00+05:30,315.0,26.3,66.18,2023,12
2023-12-13 23:45:00+05:30,310.0,26.2,66.6,2023,12
2023-12-14 00:00:00+05:30,304.0,26.1,66.7,2023,12
2023-12-14 00:15:00+05:30,299.0,26.1,66.8,2023,12
2023-12-14 00:30:00+05:30,295.0,26.1,67.4,2023,12
2023-12-14 00:45:00+05:30,292.0,25.9,68.1,2023,12
2023-12-14 01:00:00+05:30,288.0,25.8,68.9,2023,12
2023-12-14 01:15:00+05:30,283.0,25.8,69.3,2023,12
2023-12-14 01:30:00+05:30,282.0,25.8,69.4,2023,12
2023-12-14 01:45:00+05:30,280.0,25.7,69.4,2023,12
2023-12-14 02:00:00+05:30,278.0,25.6,70.5,2023,12
2023-12-14 02:15:00+05:30,275.0,25.5,71.0,2023,12
2023-12-14 02:30:00+05:30,273.0,25.5,72.2,2023,12
2023-12-14 02:45:00+05:30,271.0,25.4,72.5,2023,12
2023-12-14 03:00:00+05:30,270.0,25.4,72.5,2023,12
2023-12-14 03:15:00+05:30,267.0,25.3,72.3,2023,12
2023-12-14 03:30:00+05:30,266.0,25.3,71.8,2023,12
2023-12-14 03:45:00+05:30,265.0,25.3,71.2,2023,12
2023-12-14 04:00:00+05:30,264.0,25.2,70.5,2023,12
2023-12-14 04:15:00+05:30,265.0,25.3,69.2,2023,12
2023-12-14 04:30:00+05:30,265.0,25.2,67.9,2023,12
2023-12-14 04:45:00+05:30,267.0,25.3,67.5,2023,12
2023-12-14 05:00:00+05:30,269.0,25.2,67.2,2023,12
2023-12-14 05:15:00+05:30,271.0,25.1,67.8,2023,12
2023-12-14 05:30:00+05:30,272.0,25.0,68.2,2023,12
2023-12-14 05:45:00+05:30,280.0,24.9,67.7,2023,12
2023-12-14 06:00:00+05:30,288.0,24.9,67.6,2023,12
2023-12-14 06:15:00+05:30,296.0,24.8,67.5,2023,12
2023-12-14 06:30:00+05:30,303.0,24.8,66.9,2023,12
2023-12-14 06:45:00+05:30,311.0,24.8,65.6,2023,12
2023-12-14 07:00:00+05:30,321.0,24.9,64.9,2023,12
2023-12-14 07:15:00+05:30,330.0,25.0,64.0,2023,12
2023-12-14 07:30:00+05:30,342.0,25.1,63.5,2023,12
2023-12-14 07:45:00+05:30,354.0,25.3,62.4,2023,12
2023-12-14 08:00:00+05:30,372.0,25.5,62.0,2023,12
2023-12-14 08:15:00+05:30,388.0,25.7,61.8,2023,12
2023-12-14 08:30:00+05:30,400.0,26.0,62.4,2023,12
2023-12-14 08:45:00+05:30,413.0,26.2,61.5,2023,12
2023-12-14 09:00:00+05:30,425.0,26.6,60.5,2023,12
2023-12-14 09:15:00+05:30,436.0,26.9,58.1,2023,12
2023-12-14 09:30:00+05:30,444.0,27.4,55.5,2023,12
2023-12-14 09:45:00+05:30,451.0,28.4,52.7,2023,12
2023-12-14 10:00:00+05:30,465.0,29.3,50.7,2023,12
2023-12-14 10:15:00+05:30,469.0,29.7,49.2,2023,12
2023-12-14 10:30:00+05:30,466.0,30.2,47.8,2023,12
2023-12-14 10:45:00+05:30,470.0,30.9,46.4,2023,12
2023-12-14 11:00:00+05:30,472.0,31.2,45.3,2023,12
2023-12-14 11:15:00+05:30,472.0,31.6,44.0,2023,12
2023-12-14 11:30:00+05:30,472.0,32.0,42.4,2023,12
2023-12-14 11:45:00+05:30,471.0,32.3,41.5,2023,12
2023-12-14 12:00:00+05:30,472.0,32.7,40.2,2023,12
2023-12-14 12:15:00+05:30,470.0,32.8,38.4,2023,12
2023-12-14 12:30:00+05:30,471.0,33.2,37.3,2023,12
2023-12-14 12:45:00+05:30,471.0,33.3,36.6,2023,12
2023-12-14 13:00:00+05:30,467.0,33.4,35.3,2023,12
2023-12-14 13:15:00+05:30,464.0,33.5,34.8,2023,12
2023-12-14 13:30:00+05:30,463.0,33.9,34.5,2023,12
2023-12-14 13:45:00+05:30,462.0,34.1,33.2,2023,12
2023-12-14 14:00:00+05:30,464.0,34.3,32.0,2023,12
2023-12-14 14:15:00+05:30,466.0,34.5,31.1,2023,12
2023-12-14 14:30:00+05:30,466.0,34.7,30.7,2023,12
2023-12-14 14:45:00+05:30,463.0,34.9,33.1,2023,12
2023-12-14 15:00:00+05:30,469.0,34.8,34.8,2023,12
2023-12-14 15:15:00+05:30,472.0,34.4,35.7,2023,12
2023-12-14 15:30:00+05:30,470.0,33.6,40.9,2023,12
2023-12-14 15:45:00+05:30,466.0,32.9,44.0,2023,12
2023-12-14 16:00:00+05:30,466.0,32.5,44.7,2023,12
2023-12-14 16:15:00+05:30,465.0,31.9,45.8,2023,12
2023-12-14 16:30:00+05:30,462.0,31.4,47.7,2023,12
2023-12-14 16:45:00+05:30,460.0,31.1,50.0,2023,12
2023-12-14 17:00:00+05:30,457.0,30.6,54.2,2023,12
2023-12-14 17:15:00+05:30,455.0,30.3,56.1,2023,12
2023-12-14 17:30:00+05:30,451.0,29.8,58.5,2023,12
2023-12-14 17:45:00+05:30,450.0,29.4,59.6,2023,12
2023-12-14 18:00:00+05:30,451.0,29.1,60.4,2023,12
2023-12-14 18:15:00+05:30,446.0,28.8,62.4,2023,12
2023-12-14 18:30:00+05:30,438.0,28.6,63.2,2023,12
2023-12-14 18:45:00+05:30,432.0,28.5,64.3,2023,12
2023-12-14 19:00:00+05:30,426.0,28.3,65.9,2023,12
2023-12-14 19:15:00+05:30,420.0,28.2,67.1,2023,12
2023-12-14 19:30:00+05:30,408.0,28.1,67.9,2023,12
2023-12-14 19:45:00+05:30,401.0,28.0,68.3,2023,12
2023-12-14 20:00:00+05:30,393.0,28.0,68.2,2023,12
2023-12-14 20:15:00+05:30,389.0,27.9,68.2,2023,12
2023-12-14 20:30:00+05:30,383.0,27.8,68.3,2023,12
2023-12-14 20:45:00+05:30,380.0,27.8,68.7,2023,12
2023-12-14 21:00:00+05:30,373.0,27.6,69.7,2023,12
2023-12-14 21:15:00+05:30,368.0,27.4,70.6,2023,12
2023-12-14 21:30:00+05:30,361.0,27.3,71.0,2023,12
2023-12-14 21:45:00+05:30,356.0,27.2,70.5,2023,12
2023-12-14 22:00:00+05:30,351.0,27.1,70.3,2023,12
2023-12-14 22:15:00+05:30,347.0,27.0,70.7,2023,12
2023-12-14 22:30:00+05:30,342.0,26.9,71.1,2023,12
2023-12-14 22:45:00+05:30,336.0,26.8,70.9,2023,12
2023-12-14 23:00:00+05:30,329.0,26.7,71.3,2023,12
2023-12-14 23:15:00+05:30,324.0,26.5,71.9,2023,12
2023-12-14 23:30:00+05:30,317.0,26.4,72.2,2023,12
2023-12-14 23:45:00+05:30,314.0,26.4,72.2,2023,12
2023-12-15 00:00:00+05:30,310.0,26.3,73.0,2023,12
2023-12-15 00:15:00+05:30,303.0,26.2,73.2,2023,12
2023-12-15 00:30:00+05:30,299.0,26.1,73.1,2023,12
2023-12-15 00:45:00+05:30,294.0,26.0,72.2,2023,12
2023-12-15 01:00:00+05:30,290.0,26.0,72.7,2023,12
2023-12-15 01:15:00+05:30,285.0,25.8,73.3,2023,12
2023-12-15 01:30:00+05:30,284.0,25.8,72.5,2023,12
2023-12-15 01:45:00+05:30,281.0,25.8,72.0,2023,12
2023-12-15 02:00:00+05:30,279.0,25.6,72.0,2023,12
2023-12-15 02:15:00+05:30,275.0,25.6,71.7,2023,12
2023-12-15 02:30:00+05:30,274.0,25.5,71.8,2023,12
2023-12-15 02:45:00+05:30,272.0,25.3,71.8,2023,12
2023-12-15 03:00:00+05:30,269.0,25.3,72.3,2023,12
2023-12-15 03:15:00+05:30,266.0,25.2,72.2,2023,12
2023-12-15 03:30:00+05:30,265.0,25.2,73.0,2023,12
2023-12-15 03:45:00+05:30,264.0,25.1,72.7,2023,12
2023-12-15 04:00:00+05:30,263.0,25.1,72.7,2023,12
2023-12-15 04:15:00+05:30,263.0,25.0,71.6,2023,12
2023-12-15 04:30:00+05:30,264.0,24.9,71.7,2023,12
2023-12-15 04:45:00+05:30,264.0,24.8,71.9,2023,12
2023-12-15 05:00:00+05:30,266.0,24.7,70.4,2023,12
2023-12-15 05:15:00+05:30,267.0,24.6,70.3,2023,12
2023-12-15 05:30:00+05:30,272.0,24.6,71.1,2023,12
2023-12-15 05:45:00+05:30,276.0,24.6,69.7,2023,12
2023-12-15 06:00:00+05:30,285.0,24.5,69.3,2023,12
2023-12-15 06:15:00+05:30,295.0,24.3,69.5,2023,12
2023-12-15 06:30:00+05:30,303.0,24.4,67.0,2023,12
2023-12-15 06:45:00+05:30,308.0,24.5,65.9,2023,12
2023-12-15 07:00:00+05:30,320.0,24.4,65.1,2023,12
2023-12-15 07:15:00+05:30,328.0,24.5,64.4,2023,12
2023-12-15 07:30:00+05:30,342.0,24.6,63.9,2023,12
2023-12-15 07:45:00+05:30,354.0,24.7,63.1,2023,12
2023-12-15 08:00:00+05:30,372.0,24.9,63.0,2023,12
2023-12-15 08:15:00+05:30,386.0,25.1,62.5,2023,12
2023-12-15 08:30:00+05:30,396.0,25.4,61.4,2023,12
2023-12-15 08:45:00+05:30,411.0,25.8,59.3,2023,12
2023-12-15 09:00:00+05:30,426.0,26.1,57.9,2023,12
2023-12-15 09:15:00+05:30,436.0,26.4,56.8,2023,12
2023-12-15 09:30:00+05:30,444.0,26.8,54.8,2023,12
2023-12-15 09:45:00+05:30,450.0,27.6,52.1,2023,12
2023-12-15 10:00:00+05:30,463.0,28.5,50.0,2023,12
2023-12-15 10:15:00+05:30,468.0,29.0,48.4,2023,12
2023-12-15 10:30:00+05:30,465.0,29.6,46.4,2023,12
2023-12-15 10:45:00+05:30,468.0,30.2,45.7,2023,12
2023-12-15 11:00:00+05:30,470.0,30.8,43.3,2023,12
2023-12-15 11:15:00+05:30,470.0,31.1,42.5,2023,12
2023-12-15 11:30:00+05:30,469.0,31.5,41.3,2023,12
2023-12-15 11:45:00+05:30,468.0,31.8,39.9,2023,12
2023-12-15 12:00:00+05:30,468.0,32.0,37.7,2023,12
2023-12-15 12:15:00+05:30,467.0,32.3,36.9,2023,12
2023-12-15 12:30:00+05:30,467.0,32.3,35.7,2023,12
2023-12-15 12:45:00+05:30,465.0,32.3,34.4,2023,12
2023-12-15 13:00:00+05:30,463.0,32.5,33.5,2023,12
2023-12-15 13:15:00+05:30,460.0,32.6,33.0,2023,12
2023-12-15 13:30:00+05:30,459.0,32.9,32.5,2023,12
2023-12-15 13:45:00+05:30,459.0,33.1,31.4,2023,12
2023-12-15 14:00:00+05:30,459.0,33.3,31.8,2023,12
2023-12-15 14:15:00+05:30,464.0,33.7,31.1,2023,12
2023-12-15 14:30:00+05:30,464.0,33.9,30.4,2023,12
2023-12-15 14:45:00+05:30,464.0,34.2,30.2,2023,12
2023-12-15 15:00:00+05:30,464.0,34.1,30.2,2023,12
2023-12-15 15:15:00+05:30,463.0,34.1,30.6,2023,12
2023-12-15 15:30:00+05:30,463.0,34.0,30.6,2023,12
2023-12-15 15:45:00+05:30,461.0,34.1,30.6,2023,12
2023-12-15 16:00:00+05:30,459.0,33.8,30.9,2023,12
2023-12-15 16:15:00+05:30,458.0,33.4,32.9,2023,12
2023-12-15 16:30:00+05:30,455.0,32.4,33.8,2023,12
2023-12-15 16:45:00+05:30,453.0,32.2,34.4,2023,12
2023-12-15 17:00:00+05:30,450.0,31.4,39.8,2023,12
2023-12-15 17:15:00+05:30,448.0,30.9,41.2,2023,12
2023-12-15 17:30:00+05:30,446.0,30.1,44.5,2023,12
2023-12-15 17:45:00+05:30,442.0,29.5,45.2,2023,12
2023-12-15 18:00:00+05:30,442.0,29.1,47.1,2023,12
2023-12-15 18:15:00+05:30,436.0,28.6,50.0,2023,12
2023-12-15 18:30:00+05:30,430.0,28.3,51.9,2023,12
2023-12-15 18:45:00+05:30,419.0,28.1,52.8,2023,12
2023-12-15 19:00:00+05:30,419.0,27.9,52.8,2023,12
2023-12-15 19:15:00+05:30,410.0,27.8,53.8,2023,12
2023-12-15 19:30:00+05:30,402.0,27.7,53.9,2023,12
2023-12-15 19:45:00+05:30,396.0,27.7,55.1,2023,12
2023-12-15 20:00:00+05:30,387.0,27.5,55.9,2023,12
2023-12-15 20:15:00+05:30,381.0,27.4,57.2,2023,12
2023-12-15 20:30:00+05:30,376.0,27.2,57.5,2023,12
2023-12-15 20:45:00+05:30,372.0,27.1,58.2,2023,12
2023-12-15 21:00:00+05:30,366.0,26.9,58.1,2023,12
2023-12-15 21:15:00+05:30,359.0,26.8,57.8,2023,12
2023-12-15 21:30:00+05:30,353.0,26.8,57.3,2023,12
2023-12-15 21:45:00+05:30,350.0,26.7,57.3,2023,12
2023-12-15 22:00:00+05:30,345.0,26.6,58.0,2023,12
2023-12-15 22:15:00+05:30,340.0,26.4,59.5,2023,12
2023-12-15 22:30:00+05:30,334.0,26.3,59.2,2023,12
2023-12-15 22:45:00+05:30,330.0,26.3,59.1,2023,12
2023-12-15 23:00:00+05:30,325.0,26.3,58.2,2023,12
2023-12-15 23:15:00+05:30,318.0,26.1,57.3,2023,12
2023-12-15 23:30:00+05:30,310.0,26.1,57.4,2023,12
2023-12-15 23:45:00+05:30,305.0,25.9,58.3,2023,12
2023-12-16 00:00:00+05:30,299.0,25.8,59.1,2023,12
2023-12-16 00:15:00+05:30,295.0,25.5,59.6,2023,12
2023-12-16 00:30:00+05:30,292.0,25.4,60.1,2023,12
2023-12-16 00:45:00+05:30,288.0,25.3,60.5,2023,12
2023-12-16 01:00:00+05:30,284.0,25.1,60.9,2023,12
2023-12-16 01:15:00+05:30,283.0,24.9,61.0,2023,12
2023-12-16 01:30:00+05:30,280.0,24.9,60.8,2023,12
2023-12-16 01:45:00+05:30,275.0,24.8,60.7,2023,12
2023-12-16 02:00:00+05:30,272.0,24.8,61.0,2023,12
2023-12-16 02:15:00+05:30,268.0,24.6,61.2,2023,12
2023-12-16 02:30:00+05:30,265.0,24.5,61.8,2023,12
2023-12-16 02:45:00+05:30,265.0,24.4,62.0,2023,12
2023-12-16 03:00:00+05:30,264.0,24.4,62.4,2023,12
2023-12-16 03:15:00+05:30,263.0,24.3,62.5,2023,12
2023-12-16 03:30:00+05:30,262.0,24.3,62.3,2023,12
2023-12-16 03:45:00+05:30,260.0,24.2,62.5,2023,12
2023-12-16 04:00:00+05:30,259.0,24.2,63.7,2023,12
2023-12-16 04:15:00+05:30,261.0,24.2,63.3,2023,12
2023-12-16 04:30:00+05:30,260.0,24.2,62.8,2023,12
2023-12-16 04:45:00+05:30,260.0,24.1,63.9,2023,12
2023-12-16 05:00:00+05:30,261.0,24.1,63.6,2023,12
2023-12-16 05:15:00+05:30,260.0,24.0,64.1,2023,12
2023-12-16 05:30:00+05:30,260.0,24.0,63.6,2023,12
2023-12-16 05:45:00+05:30,264.0,23.9,63.7,2023,12
2023-12-16 06:00:00+05:30,270.0,23.8,64.3,2023,12
2023-12-16 06:15:00+05:30,277.0,23.7,66.9,2023,12
2023-12-16 06:30:00+05:30,280.0,23.7,66.0,2023,12
2023-12-16 06:45:00+05:30,284.0,23.6,67.5,2023,12
2023-12-16 07:00:00+05:30,288.0,23.7,67.3,2023,12
2023-12-16 07:15:00+05:30,295.0,23.6,67.5,2023,12
2023-12-16 07:30:00+05:30,303.0,23.6,68.1,2023,12
2023-12-16 07:45:00+05:30,310.0,23.8,67.3,2023,12
2023-12-16 08:00:00+05:30,323.0,24.0,66.9,2023,12
2023-12-16 08:15:00+05:30,335.0,24.2,66.7,2023,12
2023-12-16 08:30:00+05:30,343.0,24.6,66.0,2023,12
2023-12-16 08:45:00+05:30,353.0,24.9,64.1,2023,12
2023-12-16 09:00:00+05:30,365.0,25.4,62.3,2023,12
2023-12-16 09:15:00+05:30,374.0,25.7,61.1,2023,12
2023-12-16 09:30:00+05:30,381.0,26.2,59.6,2023,12
2023-12-16 09:45:00+05:30,388.0,27.1,56.8,2023,12
2023-12-16 10:00:00+05:30,401.0,28.2,53.5,2023,12
2023-12-16 10:15:00+05:30,406.0,28.9,50.4,2023,12
2023-12-16 10:30:00+05:30,404.0,29.5,48.5,2023,12
2023-12-16 10:45:00+05:30,407.0,29.9,46.6,2023,12
2023-12-16 11:00:00+05:30,410.0,30.4,44.5,2023,12
2023-12-16 11:15:00+05:30,409.0,30.8,43.4,2023,12
2023-12-16 11:30:00+05:30,407.0,31.0,42.7,2023,12
2023-12-16 11:45:00+05:30,407.0,31.5,41.4,2023,12
2023-12-16 12:00:00+05:30,406.0,31.8,39.6,2023,12
2023-12-16 12:15:00+05:30,406.0,32.1,38.7,2023,12
2023-12-16 12:30:00+05:30,406.0,32.3,37.4,2023,12
2023-12-16 12:45:00+05:30,404.0,32.6,36.8,2023,12
2023-12-16 13:00:00+05:30,401.0,32.7,34.5,2023,12
2023-12-16 13:15:00+05:30,399.0,32.9,32.7,2023,12
2023-12-16 13:30:00+05:30,399.0,33.2,31.4,2023,12
2023-12-16 13:45:00+05:30,397.0,33.3,31.5,2023,12
2023-12-16 14:00:00+05:30,399.0,33.5,31.4,2023,12
2023-12-16 14:15:00+05:30,402.0,33.2,32.2,2023,12
2023-12-16 14:30:00+05:30,401.0,33.4,33.4,2023,12
2023-12-16 14:45:00+05:30,401.0,33.5,32.5,2023,12
2023-12-16 15:00:00+05:30,399.0,33.6,32.6,2023,12
2023-12-16 15:15:00+05:30,397.0,33.7,32.7,2023,12
2023-12-16 15:30:00+05:30,399.0,33.6,33.3,2023,12
2023-12-16 15:45:00+05:30,398.0,33.3,33.5,2023,12
2023-12-16 16:00:00+05:30,395.0,32.9,34.2,2023,12
2023-12-16 16:15:00+05:30,394.0,32.6,35.0,2023,12
2023-12-16 16:30:00+05:30,390.0,31.6,36.3,2023,12
2023-12-16 16:45:00+05:30,389.0,31.4,36.8,2023,12
2023-12-16 17:00:00+05:30,387.0,30.8,39.8,2023,12
2023-12-16 17:15:00+05:30,387.0,30.4,40.6,2023,12
2023-12-16 17:30:00+05:30,384.0,29.9,41.0,2023,12
2023-12-16 17:45:00+05:30,385.0,29.3,44.0,2023,12
2023-12-16 18:00:00+05:30,388.0,28.9,45.6,2023,12
2023-12-16 18:15:00+05:30,389.0,28.6,47.3,2023,12
2023-12-16 18:30:00+05:30,389.0,28.3,50.4,2023,12
2023-12-16 18:45:00+05:30,384.0,28.2,51.5,2023,12
2023-12-16 19:00:00+05:30,378.0,28.0,51.7,2023,12
2023-12-16 19:15:00+05:30,371.0,28.0,53.0,2023,12
2023-12-16 19:30:00+05:30,367.0,27.8,54.2,2023,12
2023-12-16 19:45:00+05:30,365.0,27.7,55.4,2023,12
2023-12-16 20:00:00+05:30,360.0,27.6,56.3,2023,12
2023-12-16 20:15:00+05:30,356.0,27.4,56.1,2023,12
2023-12-16 20:30:00+05:30,354.0,27.3,56.1,2023,12
2023-12-16 20:45:00+05:30,352.0,27.3,56.5,2023,12
2023-12-16 21:00:00+05:30,347.0,27.1,57.1,2023,12
2023-12-16 21:15:00+05:30,344.0,26.9,57.5,2023,12
2023-12-16 21:30:00+05:30,339.0,26.8,57.8,2023,12
2023-12-16 21:45:00+05:30,335.0,26.7,58.3,2023,12
2023-12-16 22:00:00+05:30,331.0,26.6,58.9,2023,12
2023-12-16 22:15:00+05:30,326.0,26.4,58.7,2023,12
2023-12-16 22:30:00+05:30,321.0,26.2,59.1,2023,12
2023-12-16 22:45:00+05:30,316.0,26.2,59.4,2023,12
2023-12-16 23:00:00+05:30,312.0,26.0,60.5,2023,12
2023-12-16 23:15:00+05:30,306.0,25.9,61.3,2023,12
2023-12-16 23:30:00+05:30,301.0,25.8,62.1,2023,12
2023-12-16 23:45:00+05:30,298.0,25.7,62.3,2023,12
2023-12-17 00:00:00+05:30,295.0,25.5,62.4,2023,12
2023-12-17 00:15:00+05:30,291.0,25.4,61.9,2023,12
2023-12-17 00:30:00+05:30,287.0,25.3,61.6,2023,12
2023-12-17 00:45:00+05:30,282.0,25.2,60.7,2023,12
2023-12-17 01:00:00+05:30,277.0,25.2,60.4,2023,12
2023-12-17 01:15:00+05:30,273.0,25.1,60.3,2023,12
2023-12-17 01:30:00+05:30,271.0,25.0,60.7,2023,12
2023-12-17 01:45:00+05:30,268.0,24.9,60.7,2023,12
2023-12-17 02:00:00+05:30,265.0,24.8,61.3,2023,12
2023-12-17 02:15:00+05:30,264.0,24.8,61.2,2023,12
2023-12-17 02:30:00+05:30,262.0,24.7,61.5,2023,12
2023-12-17 02:45:00+05:30,262.0,24.7,62.3,2023,12
2023-12-17 03:00:00+05:30,260.0,24.6,62.3,2023,12
2023-12-17 03:15:00+05:30,257.0,24.6,62.8,2023,12
2023-12-17 03:30:00+05:30,255.0,24.5,62.4,2023,12
2023-12-17 03:45:00+05:30,254.0,24.5,61.6,2023,12
2023-12-17 04:00:00+05:30,251.0,24.5,60.4,2023,12
2023-12-17 04:15:00+05:30,251.0,24.5,60.0,2023,12
2023-12-17 04:30:00+05:30,250.0,24.5,60.3,2023,12
2023-12-17 04:45:00+05:30,250.0,24.5,60.1,2023,12
2023-12-17 05:00:00+05:30,253.0,24.5,60.0,2023,12
2023-12-17 05:15:00+05:30,252.0,24.5,60.1,2023,12
2023-12-17 05:30:00+05:30,254.0,24.6,59.4,2023,12
2023-12-17 05:45:00+05:30,257.0,24.6,58.8,2023,12
2023-12-17 06:00:00+05:30,262.0,24.5,58.8,2023,12
2023-12-17 06:15:00+05:30,264.0,24.4,59.2,2023,12
2023-12-17 06:30:00+05:30,263.0,24.4,59.1,2023,12
2023-12-17 06:45:00+05:30,263.0,24.4,58.8,2023,12
2023-12-17 07:00:00+05:30,266.0,24.4,58.3,2023,12
2023-12-17 07:15:00+05:30,265.0,24.4,58.9,2023,12
2023-12-17 07:30:00+05:30,268.0,24.4,58.2,2023,12
2023-12-17 07:45:00+05:30,265.0,24.5,58.0,2023,12
2023-12-17 08:00:00+05:30,268.0,24.7,57.6,2023,12
2023-12-17 08:15:00+05:30,274.0,24.9,57.6,2023,12
2023-12-17 08:30:00+05:30,276.0,25.1,57.2,2023,12
2023-12-17 08:45:00+05:30,281.0,25.4,56.4,2023,12
2023-12-17 09:00:00+05:30,287.0,25.8,54.9,2023,12
2023-12-17 09:15:00+05:30,292.0,26.2,54.8,2023,12
2023-12-17 09:30:00+05:30,297.0,26.4,53.7,2023,12
2023-12-17 09:45:00+05:30,302.0,27.1,52.4,2023,12
2023-12-17 10:00:00+05:30,313.0,27.9,50.3,2023,12
2023-12-17 10:15:00+05:30,318.0,28.5,48.9,2023,12
2023-12-17 10:30:00+05:30,316.0,29.0,48.0,2023,12
2023-12-17 10:45:00+05:30,319.0,29.5,47.1,2023,12
2023-12-17 11:00:00+05:30,321.0,29.9,46.5,2023,12
2023-12-17 11:15:00+05:30,321.0,30.4,45.7,2023,12
2023-12-17 11:30:00+05:30,321.0,30.7,45.1,2023,12
2023-12-17 11:45:00+05:30,321.0,31.0,44.8,2023,12
2023-12-17 12:00:00+05:30,324.0,31.2,44.4,2023,12
2023-12-17 12:15:00+05:30,324.0,31.5,43.5,2023,12
2023-12-17 12:30:00+05:30,325.0,31.8,43.2,2023,12
2023-12-17 12:45:00+05:30,324.0,32.0,42.9,2023,12
2023-12-17 13:00:00+05:30,322.0,32.3,42.5,2023,12
2023-12-17 13:15:00+05:30,320.0,32.5,42.3,2023,12
2023-12-17 13:30:00+05:30,320.0,32.7,42.0,2023,12
2023-12-17 13:45:00+05:30,319.0,33.1,41.0,2023,12
2023-12-17 14:00:00+05:30,321.0,33.3,40.4,2023,12
2023-12-17 14:15:00+05:30,321.0,33.6,39.8,2023,12
2023-12-17 14:30:00+05:30,322.0,33.6,40.0,2023,12
2023-12-17 14:45:00+05:30,326.0,34.0,39.3,2023,12
2023-12-17 15:00:00+05:30,331.0,33.7,39.9,2023,12
2023-12-17 15:15:00+05:30,332.0,33.7,40.0,2023,12
2023-12-17 15:30:00+05:30,333.0,33.3,41.2,2023,12
2023-12-17 15:45:00+05:30,330.0,33.3,41.8,2023,12
2023-12-17 16:00:00+05:30,328.0,33.2,41.9,2023,12
2023-12-17 16:15:00+05:30,329.0,32.5,43.4,2023,12
2023-12-17 16:30:00+05:30,328.0,32.1,44.4,2023,12
2023-12-17 16:45:00+05:30,327.0,31.8,45.2,2023,12
2023-12-17 17:00:00+05:30,327.0,31.6,46.4,2023,12
2023-12-17 17:15:00+05:30,329.0,31.1,49.5,2023,12
2023-12-17 17:30:00+05:30,332.0,30.8,51.7,2023,12
2023-12-17 17:45:00+05:30,335.0,30.2,53.3,2023,12
2023-12-17 18:00:00+05:30,341.0,29.8,54.8,2023,12
2023-12-17 18:15:00+05:30,343.0,29.4,56.4,2023,12
2023-12-17 18:30:00+05:30,343.0,29.1,58.3,2023,12
2023-12-17 18:45:00+05:30,342.0,28.8,59.0,2023,12
2023-12-17 19:00:00+05:30,341.0,28.6,59.7,2023,12
2023-12-17 19:15:00+05:30,340.0,28.4,60.4,2023,12
2023-12-17 19:30:00+05:30,338.0,28.2,60.9,2023,12
2023-12-17 19:45:00+05:30,337.0,28.1,61.3,2023,12
2023-12-17 20:00:00+05:30,336.0,28.0,61.4,2023,12
2023-12-17 20:15:00+05:30,333.0,27.8,60.8,2023,12
2023-12-17 20:30:00+05:30,332.0,27.7,59.3,2023,12
2023-12-17 20:45:00+05:30,329.0,27.7,57.0,2023,12
2023-12-17 21:00:00+05:30,326.0,27.8,55.3,2023,12
2023-12-17 21:15:00+05:30,324.0,27.8,54.3,2023,12
2023-12-17 21:30:00+05:30,323.0,27.8,54.3,2023,12
2023-12-17 21:45:00+05:30,320.0,27.7,54.0,2023,12
2023-12-17 22:00:00+05:30,316.0,27.6,54.1,2023,12
2023-12-17 22:15:00+05:30,313.0,27.6,54.1,2023,12
2023-12-17 22:30:00+05:30,309.0,27.4,54.4,2023,12
2023-12-17 22:45:00+05:30,305.0,27.3,54.8,2023,12
2023-12-17 23:00:00+05:30,302.0,27.2,55.0,2023,12
2023-12-17 23:15:00+05:30,298.0,27.2,55.3,2023,12
2023-12-17 23:30:00+05:30,294.0,27.1,55.8,2023,12
2023-12-17 23:45:00+05:30,290.0,27.0,55.7,2023,12
2023-12-18 00:00:00+05:30,287.0,27.0,55.8,2023,12
2023-12-18 00:15:00+05:30,280.0,26.9,55.4,2023,12
2023-12-18 00:30:00+05:30,276.0,26.9,55.5,2023,12
2023-12-18 00:45:00+05:30,273.0,26.8,55.7,2023,12
2023-12-18 01:00:00+05:30,269.0,26.7,56.1,2023,12
2023-12-18 01:15:00+05:30,266.0,26.6,56.1,2023,12
2023-12-18 01:30:00+05:30,263.0,26.6,56.3,2023,12
2023-12-18 01:45:00+05:30,260.0,26.5,56.6,2023,12
2023-12-18 02:00:00+05:30,258.0,26.5,57.0,2023,12
2023-12-18 02:15:00+05:30,255.0,26.5,57.2,2023,12
2023-12-18 02:30:00+05:30,255.0,26.4,57.0,2023,12
2023-12-18 02:45:00+05:30,254.0,26.3,57.3,2023,12
2023-12-18 03:00:00+05:30,253.0,26.3,57.2,2023,12
2023-12-18 03:15:00+05:30,251.0,26.2,57.3,2023,12
2023-12-18 03:30:00+05:30,250.0,26.2,57.1,2023,12
2023-12-18 03:45:00+05:30,248.0,26.1,57.6,2023,12
2023-12-18 04:00:00+05:30,247.0,26.0,57.7,2023,12
2023-12-18 04:15:00+05:30,248.0,26.0,57.7,2023,12
2023-12-18 04:30:00+05:30,250.0,25.9,57.5,2023,12
2023-12-18 04:45:00+05:30,251.0,25.8,58.0,2023,12
2023-12-18 05:00:00+05:30,253.0,25.8,58.1,2023,12
2023-12-18 05:15:00+05:30,256.0,25.8,58.1,2023,12
2023-12-18 05:30:00+05:30,260.0,25.7,58.2,2023,12
2023-12-18 05:45:00+05:30,264.0,25.7,58.1,2023,12
2023-12-18 06:00:00+05:30,273.0,25.6,58.1,2023,12
2023-12-18 06:15:00+05:30,281.0,25.6,58.0,2023,12
2023-12-18 06:30:00+05:30,290.0,25.6,58.0,2023,12
2023-12-18 06:45:00+05:30,299.0,25.5,58.2,2023,12
2023-12-18 07:00:00+05:30,308.0,25.6,58.1,2023,12
2023-12-18 07:15:00+05:30,320.0,25.5,58.1,2023,12
2023-12-18 07:30:00+05:30,333.0,25.6,58.0,2023,12
2023-12-18 07:45:00+05:30,345.0,25.7,57.6,2023,12
2023-12-18 08:00:00+05:30,365.0,26.0,57.1,2023,12
2023-12-18 08:15:00+05:30,383.0,26.4,56.2,2023,12
2023-12-18 08:30:00+05:30,397.0,26.5,56.0,2023,12
2023-12-18 08:45:00+05:30,412.0,26.7,55.3,2023,12
2023-12-18 09:00:00+05:30,426.0,27.0,54.4,2023,12
2023-12-18 09:15:00+05:30,435.0,27.2,53.8,2023,12
2023-12-18 09:30:00+05:30,446.0,27.5,53.2,2023,12
2023-12-18 09:45:00+05:30,451.0,27.8,51.8,2023,12
2023-12-18 10:00:00+05:30,464.0,28.1,50.6,2023,12
2023-12-18 10:15:00+05:30,475.0,29.1,50.9,2023,12
2023-12-18 10:30:00+05:30,466.0,29.8,48.8,2023,12
2023-12-18 10:45:00+05:30,470.0,30.6,46.7,2023,12
2023-12-18 11:00:00+05:30,470.0,31.0,45.9,2023,12
2023-12-18 11:15:00+05:30,469.0,31.5,43.5,2023,12
2023-12-18 11:30:00+05:30,468.0,31.7,43.3,2023,12
2023-12-18 11:45:00+05:30,468.0,32.1,42.1,2023,12
2023-12-18 12:00:00+05:30,469.0,32.6,39.6,2023,12
2023-12-18 12:15:00+05:30,468.0,32.6,39.6,2023,12
2023-12-18 12:30:00+05:30,466.0,32.8,38.8,2023,12
2023-12-18 12:45:00+05:30,464.0,32.9,39.2,2023,12
2023-12-18 13:00:00+05:30,464.0,32.7,39.1,2023,12
2023-12-18 13:15:00+05:30,462.0,32.8,39.2,2023,12
2023-12-18 13:30:00+05:30,460.0,32.6,39.9,2023,12
2023-12-18 13:45:00+05:30,457.0,33.0,39.0,2023,12
2023-12-18 14:00:00+05:30,461.0,33.1,38.5,2023,12
2023-12-18 14:15:00+05:30,462.0,32.6,39.8,2023,12
2023-12-18 14:30:00+05:30,463.0,32.4,39.6,2023,12
2023-12-18 14:45:00+05:30,461.0,32.4,39.3,2023,12
2023-12-18 15:00:00+05:30,459.0,32.8,39.0,2023,12
2023-12-18 15:15:00+05:30,458.0,32.8,39.1,2023,12
2023-12-18 15:30:00+05:30,458.0,33.1,38.1,2023,12
2023-12-18 15:45:00+05:30,458.0,33.8,36.1,2023,12
2023-12-18 16:00:00+05:30,457.0,33.0,37.3,2023,12
2023-12-18 16:15:00+05:30,457.0,33.1,37.2,2023,12
2023-12-18 16:30:00+05:30,455.0,32.5,38.1,2023,12
2023-12-18 16:45:00+05:30,451.0,32.1,39.3,2023,12
2023-12-18 17:00:00+05:30,448.0,31.5,40.4,2023,12
2023-12-18 17:15:00+05:30,446.0,30.7,43.4,2023,12
2023-12-18 17:30:00+05:30,444.0,30.5,44.3,2023,12
2023-12-18 17:45:00+05:30,443.0,30.2,45.0,2023,12
2023-12-18 18:00:00+05:30,440.0,29.9,45.8,2023,12
2023-12-18 18:15:00+05:30,435.0,29.8,46.4,2023,12
2023-12-18 18:30:00+05:30,428.0,29.6,47.2,2023,12
2023-12-18 18:45:00+05:30,422.0,29.4,47.7,2023,12
2023-12-18 19:00:00+05:30,413.0,29.3,48.2,2023,12
2023-12-18 19:15:00+05:30,407.0,29.1,48.3,2023,12
2023-12-18 19:30:00+05:30,397.0,29.0,48.4,2023,12
2023-12-18 19:45:00+05:30,391.0,28.9,49.1,2023,12
2023-12-18 20:00:00+05:30,385.0,28.8,49.1,2023,12
2023-12-18 20:15:00+05:30,379.0,28.7,49.2,2023,12
2023-12-18 20:30:00+05:30,374.0,28.6,49.0,2023,12
2023-12-18 20:45:00+05:30,368.0,28.6,48.6,2023,12
2023-12-18 21:00:00+05:30,363.0,28.5,48.8,2023,12
2023-12-18 21:15:00+05:30,358.0,28.4,48.9,2023,12
2023-12-18 21:30:00+05:30,353.0,28.2,49.3,2023,12
2023-12-18 21:45:00+05:30,348.0,28.1,49.4,2023,12
2023-12-18 22:00:00+05:30,341.0,28.0,49.3,2023,12
2023-12-18 22:15:00+05:30,337.0,27.9,49.7,2023,12
2023-12-18 22:30:00+05:30,335.0,27.9,49.9,2023,12
2023-12-18 22:45:00+05:30,328.0,27.7,50.2,2023,12
2023-12-18 23:00:00+05:30,321.0,27.6,50.4,2023,12
2023-12-18 23:15:00+05:30,318.0,27.6,50.8,2023,12
2023-12-18 23:30:00+05:30,310.0,27.5,51.0,2023,12
2023-12-18 23:45:00+05:30,304.0,27.3,51.5,2023,12
2023-12-19 00:00:00+05:30,297.0,27.2,51.98,2023,12
2023-12-19 00:15:00+05:30,292.0,27.18,52.2,2023,12
2023-12-19 00:30:00+05:30,287.0,27.05,52.2,2023,12
2023-12-19 00:45:00+05:30,284.0,26.95,52.9,2023,12
2023-12-19 01:00:00+05:30,281.0,26.93,53.13,2023,12
2023-12-19 01:15:00+05:30,278.0,26.83,53.58,2023,12
2023-12-19 01:30:00+05:30,276.0,26.83,53.53,2023,12
2023-12-19 01:45:00+05:30,274.0,26.73,53.85,2023,12
2023-12-19 02:00:00+05:30,271.0,26.65,54.08,2023,12
2023-12-19 02:15:00+05:30,269.0,26.5,54.93,2023,12
2023-12-19 02:30:00+05:30,266.0,26.5,54.9,2023,12
2023-12-19 02:45:00+05:30,265.0,26.48,54.83,2023,12
2023-12-19 03:00:00+05:30,263.0,26.5,54.8,2023,12
2023-12-19 03:15:00+05:30,260.0,26.48,54.93,2023,12
2023-12-19 03:30:00+05:30,259.0,26.4,55.75,2023,12
2023-12-19 03:45:00+05:30,257.0,26.33,55.25,2023,12
2023-12-19 04:00:00+05:30,255.0,26.33,55.3,2023,12
2023-12-19 04:15:00+05:30,255.0,26.3,54.78,2023,12
2023-12-19 04:30:00+05:30,257.0,26.25,55.03,2023,12
2023-12-19 04:45:00+05:30,258.0,26.2,55.05,2023,12
2023-12-19 05:00:00+05:30,263.0,26.15,54.95,2023,12
2023-12-19 05:15:00+05:30,265.0,26.08,54.83,2023,12
2023-12-19 05:30:00+05:30,270.0,25.95,54.93,2023,12
2023-12-19 05:45:00+05:30,274.0,25.93,55.25,2023,12
2023-12-19 06:00:00+05:30,280.0,25.85,55.9,2023,12
2023-12-19 06:15:00+05:30,287.0,25.75,56.68,2023,12
2023-12-19 06:30:00+05:30,296.0,25.7,57.1,2023,12
2023-12-19 06:45:00+05:30,302.0,25.68,57.43,2023,12
2023-12-19 07:00:00+05:30,312.0,25.68,57.25,2023,12
2023-12-19 07:15:00+05:30,321.0,25.75,55.35,2023,12
2023-12-19 07:30:00+05:30,332.0,25.85,55.1,2023,12
2023-12-19 07:45:00+05:30,344.0,25.85,55.85,2023,12
2023-12-19 08:00:00+05:30,360.0,26.0,55.5,2023,12
2023-12-19 08:15:00+05:30,372.0,26.13,55.75,2023,12
2023-12-19 08:30:00+05:30,386.0,26.0,55.0,2023,12
2023-12-19 08:45:00+05:30,398.0,26.6,55.38,2023,12
2023-12-19 09:00:00+05:30,411.0,27.08,53.33,2023,12
2023-12-19 09:15:00+05:30,421.0,27.43,52.15,2023,12
2023-12-19 09:30:00+05:30,440.0,27.7,50.3,2023,12
2023-12-19 09:45:00+05:30,445.0,28.33,48.73,2023,12
2023-12-19 10:00:00+05:30,458.0,28.98,47.4,2023,12
2023-12-19 10:15:00+05:30,464.0,29.25,46.25,2023,12
2023-12-19 10:30:00+05:30,462.0,29.55,46.23,2023,12
2023-12-19 10:45:00+05:30,464.0,29.5,45.6,2023,12
2023-12-19 11:00:00+05:30,462.0,29.43,45.73,2023,12
2023-12-19 11:15:00+05:30,458.0,29.4,45.4,2023,12
2023-12-19 11:30:00+05:30,458.0,30.38,42.58,2023,12
2023-12-19 11:45:00+05:30,458.0,31.13,40.88,2023,12
2023-12-19 12:00:00+05:30,458.0,35.6,33.5,2023,12
2023-12-19 12:15:00+05:30,458.0,31.8,39.35,2023,12
2023-12-19 12:30:00+05:30,457.0,32.0,38.48,2023,12
2023-12-19 12:45:00+05:30,456.0,32.33,37.7,2023,12
2023-12-19 13:00:00+05:30,454.0,32.4,37.95,2023,12
2023-12-19 13:15:00+05:30,450.0,32.55,37.83,2023,12
2023-12-19 13:30:00+05:30,449.0,32.88,37.53,2023,12
2023-12-19 13:45:00+05:30,449.0,33.2,36.4,2023,12
2023-12-19 14:00:00+05:30,452.0,33.2,35.65,2023,12
2023-12-19 14:15:00+05:30,457.0,33.45,35.13,2023,12
2023-12-19 14:30:00+05:30,460.0,33.78,34.53,2023,12
2023-12-19 14:45:00+05:30,458.0,34.13,34.13,2023,12
2023-12-19 15:00:00+05:30,457.0,34.13,34.05,2023,12
2023-12-19 15:15:00+05:30,458.0,34.05,34.7,2023,12
2023-12-19 15:30:00+05:30,459.0,34.38,33.9,2023,12
2023-12-19 15:45:00+05:30,459.0,34.15,34.45,2023,12
2023-12-19 16:00:00+05:30,460.0,33.48,37.7,2023,12
2023-12-19 16:15:00+05:30,458.0,33.0,38.38,2023,12
2023-12-19 16:30:00+05:30,454.0,32.25,39.1,2023,12
2023-12-19 16:45:00+05:30,453.0,31.76,40.66,2023,12
2023-12-19 17:00:00+05:30,449.0,31.73,40.73,2023,12
2023-12-19 17:15:00+05:30,447.0,31.33,41.95,2023,12
2023-12-19 17:30:00+05:30,443.0,30.83,45.23,2023,12
2023-12-19 17:45:00+05:30,440.0,30.33,47.83,2023,12
2023-12-19 18:00:00+05:30,439.0,29.93,49.78,2023,12
2023-12-19 18:15:00+05:30,437.0,29.55,51.63,2023,12
2023-12-19 18:30:00+05:30,431.0,29.28,53.0,2023,12
2023-12-19 18:45:00+05:30,425.0,29.0,53.88,2023,12
2023-12-19 19:00:00+05:30,417.0,28.78,54.8,2023,12
2023-12-19 19:15:00+05:30,410.0,28.53,54.93,2023,12
2023-12-19 19:30:00+05:30,402.0,28.43,54.35,2023,12
2023-12-19 19:45:00+05:30,396.0,28.3,54.15,2023,12
2023-12-19 20:00:00+05:30,387.0,28.13,55.33,2023,12
2023-12-19 20:15:00+05:30,380.0,28.0,56.55,2023,12
2023-12-19 20:30:00+05:30,374.0,27.98,57.38,2023,12
2023-12-19 20:45:00+05:30,367.0,27.95,56.2,2023,12
2023-12-19 21:00:00+05:30,362.0,27.9,52.75,2023,12
2023-12-19 21:15:00+05:30,356.0,27.75,51.35,2023,12
2023-12-19 21:30:00+05:30,351.0,27.65,50.53,2023,12
2023-12-19 21:45:00+05:30,346.0,27.53,50.58,2023,12
2023-12-19 22:00:00+05:30,338.0,27.43,50.38,2023,12
2023-12-19 22:15:00+05:30,334.0,27.3,50.28,2023,12
2023-12-19 22:30:00+05:30,330.0,27.18,50.43,2023,12
2023-12-19 22:45:00+05:30,325.0,27.03,51.03,2023,12
2023-12-19 23:00:00+05:30,319.0,26.9,51.43,2023,12
2023-12-19 23:15:00+05:30,313.0,26.8,51.88,2023,12
2023-12-19 23:30:00+05:30,307.0,26.68,52.33,2023,12
2023-12-19 23:45:00+05:30,302.0,26.55,52.9,2023,12
2023-12-20 00:00:00+05:30,296.0,26.4,53.18,2023,12
2023-12-20 00:15:00+05:30,290.0,26.26,52.52,2023,12
2023-12-20 00:30:00+05:30,286.0,26.12,52.7,2023,12
2023-12-20 00:45:00+05:30,282.0,26.04,53.04,2023,12
2023-12-20 01:00:00+05:30,277.0,25.94,52.86,2023,12
2023-12-20 01:15:00+05:30,272.0,25.82,53.56,2023,12
2023-12-20 01:30:00+05:30,270.0,25.64,53.56,2023,12
2023-12-20 01:45:00+05:30,268.0,25.68,52.8,2023,12
2023-12-20 02:00:00+05:30,266.0,25.68,52.76,2023,12
2023-12-20 02:15:00+05:30,264.0,25.62,52.56,2023,12
2023-12-20 02:30:00+05:30,262.0,25.48,52.94,2023,12
2023-12-20 02:45:00+05:30,260.0,25.46,52.4,2023,12
2023-12-20 03:00:00+05:30,258.0,25.46,51.74,2023,12
2023-12-20 03:15:00+05:30,255.0,25.4,51.86,2023,12
2023-12-20 03:30:00+05:30,255.0,25.28,52.1,2023,12
2023-12-20 03:45:00+05:30,253.0,25.2,52.48,2023,12
2023-12-20 04:00:00+05:30,251.0,25.16,52.24,2023,12
2023-12-20 04:15:00+05:30,253.0,25.08,52.7,2023,12
2023-12-20 04:30:00+05:30,255.0,24.98,53.36,2023,12
2023-12-20 04:45:00+05:30,255.0,24.88,53.86,2023,12
2023-12-20 05:00:00+05:30,258.0,24.6,57.43,2023,12
2023-12-20 05:15:00+05:30,261.0,24.53,57.38,2023,12
2023-12-20 05:30:00+05:30,265.0,24.53,57.03,2023,12
2023-12-20 05:45:00+05:30,270.0,24.53,55.68,2023,12
2023-12-20 06:00:00+05:30,276.0,24.55,55.38,2023,12
2023-12-20 06:15:00+05:30,285.0,24.53,55.58,2023,12
2023-12-20 06:30:00+05:30,294.0,24.43,55.78,2023,12
2023-12-20 06:45:00+05:30,301.0,24.5,55.93,2023,12
2023-12-20 07:00:00+05:30,310.0,24.5,56.03,2023,12
2023-12-20 07:15:00+05:30,319.0,24.48,57.43,2023,12
2023-12-20 07:30:00+05:30,332.0,24.55,56.18,2023,12
2023-12-20 07:45:00+05:30,344.0,24.73,54.95,2023,12
2023-12-20 08:00:00+05:30,360.0,24.85,55.18,2023,12
2023-12-20 08:15:00+05:30,377.0,24.98,54.8,2023,12
2023-12-20 08:30:00+05:30,389.0,24.95,56.15,2023,12
2023-12-20 08:45:00+05:30,399.0,25.28,54.13,2023,12
2023-12-20 09:00:00+05:30,411.0,25.83,52.88,2023,12
2023-12-20 09:15:00+05:30,422.0,26.2,51.65,2023,12
2023-12-20 09:30:00+05:30,431.0,26.6,48.68,2023,12
2023-12-20 09:45:00+05:30,439.0,27.13,46.83,2023,12
2023-12-20 10:00:00+05:30,451.0,28.2,44.3,2023,12
2023-12-20 10:15:00+05:30,459.0,28.85,42.9,2023,12
2023-12-20 10:30:00+05:30,456.0,29.53,40.73,2023,12
2023-12-20 10:45:00+05:30,456.0,29.88,40.03,2023,12
2023-12-20 11:00:00+05:30,454.0,29.9,39.48,2023,12
2023-12-20 11:15:00+05:30,454.0,30.75,38.3,2023,12
2023-12-20 11:30:00+05:30,456.0,31.1,37.18,2023,12
2023-12-20 11:45:00+05:30,450.0,31.18,36.45,2023,12
2023-12-20 12:00:00+05:30,448.0,31.9,36.23,2023,12
2023-12-20 12:15:00+05:30,448.0,32.65,34.53,2023,12
2023-12-20 12:30:00+05:30,450.0,32.95,33.23,2023,12
2023-12-20 12:45:00+05:30,447.0,32.75,32.93,2023,12
2023-12-20 13:00:00+05:30,446.0,32.98,33.0,2023,12
2023-12-20 13:15:00+05:30,443.0,33.28,32.28,2023,12
2023-12-20 13:30:00+05:30,445.0,33.55,32.05,2023,12
2023-12-20 13:45:00+05:30,445.0,33.53,30.98,2023,12
2023-12-20 14:00:00+05:30,449.0,34.05,30.73,2023,12
2023-12-20 14:15:00+05:30,452.0,33.98,30.98,2023,12
2023-12-20 14:30:00+05:30,452.0,33.93,32.48,2023,12
2023-12-20 14:45:00+05:30,452.0,33.85,32.58,2023,12
2023-12-20 15:00:00+05:30,454.0,33.75,32.05,2023,12
2023-12-20 15:15:00+05:30,454.0,33.73,34.28,2023,12
2023-12-20 15:30:00+05:30,453.0,32.73,38.6,2023,12
2023-12-20 15:45:00+05:30,451.0,31.88,40.68,2023,12
2023-12-20 16:00:00+05:30,451.0,31.58,41.3,2023,12
2023-12-20 16:15:00+05:30,448.0,31.45,41.38,2023,12
2023-12-20 16:30:00+05:30,444.0,30.75,45.55,2023,12
2023-12-20 16:45:00+05:30,442.0,30.23,46.25,2023,12
2023-12-20 17:00:00+05:30,439.0,29.98,48.6,2023,12
2023-12-20 17:15:00+05:30,438.0,29.58,48.88,2023,12
2023-12-20 17:30:00+05:30,436.0,29.23,50.73,2023,12
2023-12-20 17:45:00+05:30,433.0,28.93,51.68,2023,12
2023-12-20 18:00:00+05:30,432.0,28.73,52.13,2023,12
2023-12-20 18:15:00+05:30,428.0,28.43,52.58,2023,12
2023-12-20 18:30:00+05:30,427.0,28.15,54.13,2023,12
2023-12-20 18:45:00+05:30,421.0,28.05,55.5,2023,12
2023-12-20 19:00:00+05:30,412.0,27.9,56.25,2023,12
2023-12-20 19:15:00+05:30,406.0,27.6,57.18,2023,12
2023-12-20 19:30:00+05:30,399.0,27.43,57.5,2023,12
2023-12-20 19:45:00+05:30,392.0,27.3,58.2,2023,12
2023-12-20 20:00:00+05:30,384.0,27.15,58.93,2023,12
2023-12-20 20:15:00+05:30,378.0,27.13,58.95,2023,12
2023-12-20 20:30:00+05:30,373.0,27.15,58.98,2023,12
2023-12-20 20:45:00+05:30,368.0,27.13,59.3,2023,12
2023-12-20 21:00:00+05:30,361.0,27.05,59.48,2023,12
2023-12-20 21:15:00+05:30,357.0,26.98,59.33,2023,12
2023-12-20 21:30:00+05:30,351.0,26.83,59.63,2023,12
2023-12-20 21:45:00+05:30,348.0,26.73,59.18,2023,12
2023-12-20 22:00:00+05:30,343.0,26.68,58.98,2023,12
2023-12-20 22:15:00+05:30,338.0,26.45,58.95,2023,12
2023-12-20 22:30:00+05:30,335.0,26.4,58.75,2023,12
2023-12-20 22:45:00+05:30,330.0,26.23,60.1,2023,12
2023-12-20 23:00:00+05:30,323.0,26.05,60.28,2023,12
2023-12-20 23:15:00+05:30,317.0,26.0,59.98,2023,12
2023-12-20 23:30:00+05:30,311.0,25.95,59.5,2023,12
2023-12-20 23:45:00+05:30,305.0,25.98,58.65,2023,12
2023-12-21 00:00:00+05:30,298.0,25.8,59.43,2023,12
2023-12-21 00:15:00+05:30,294.0,25.78,57.45,2023,12
2023-12-21 00:30:00+05:30,290.0,25.78,56.3,2023,12
2023-12-21 00:45:00+05:30,287.0,25.75,56.43,2023,12
2023-12-21 01:00:00+05:30,283.0,25.75,55.35,2023,12
2023-12-21 01:15:00+05:30,280.0,25.75,55.08,2023,12
2023-12-21 01:30:00+05:30,278.0,25.68,55.78,2023,12
2023-12-21 01:45:00+05:30,276.0,25.7,55.48,2023,12
2023-12-21 02:00:00+05:30,274.0,25.68,55.38,2023,12
2023-12-21 02:15:00+05:30,271.0,25.55,57.6,2023,12
2023-12-21 02:30:00+05:30,269.0,25.48,57.58,2023,12
2023-12-21 02:45:00+05:30,267.0,25.35,58.75,2023,12
2023-12-21 03:00:00+05:30,265.0,25.2,58.35,2023,12
2023-12-21 03:15:00+05:30,262.0,25.13,58.9,2023,12
2023-12-21 03:30:00+05:30,261.0,25.03,59.95,2023,12
2023-12-21 03:45:00+05:30,260.0,25.0,59.55,2023,12
2023-12-21 04:00:00+05:30,258.0,24.9,60.1,2023,12
2023-12-21 04:15:00+05:30,258.0,24.8,60.3,2023,12
2023-12-21 04:30:00+05:30,261.0,24.73,60.45,2023,12
2023-12-21 04:45:00+05:30,263.0,24.8,60.1,2023,12
2023-12-21 05:00:00+05:30,266.0,24.95,59.13,2023,12
2023-12-21 05:15:00+05:30,269.0,25.03,57.93,2023,12
2023-12-21 05:30:00+05:30,272.0,25.03,56.98,2023,12
2023-12-21 05:45:00+05:30,274.0,25.15,56.05,2023,12
2023-12-21 06:00:00+05:30,283.0,25.15,56.33,2023,12
2023-12-21 06:15:00+05:30,289.0,25.08,55.78,2023,12
2023-12-21 06:30:00+05:30,298.0,25.03,56.7,2023,12
2023-12-21 06:45:00+05:30,305.0,24.88,57.73,2023,12
2023-12-21 07:00:00+05:30,315.0,24.8,58.35,2023,12
2023-12-21 07:15:00+05:30,324.0,24.8,57.73,2023,12
2023-12-21 07:30:00+05:30,333.0,24.73,57.45,2023,12
2023-12-21 07:45:00+05:30,348.0,24.88,57.68,2023,12
2023-12-21 08:00:00+05:30,362.0,25.18,55.53,2023,12
2023-12-21 08:15:00+05:30,376.0,25.33,55.38,2023,12
2023-12-21 08:30:00+05:30,388.0,25.48,55.45,2023,12
2023-12-21 08:45:00+05:30,398.0,25.53,56.58,2023,12
2023-12-21 09:00:00+05:30,408.0,25.9,54.2,2023,12
2023-12-21 09:15:00+05:30,418.0,26.55,53.35,2023,12
2023-12-21 09:30:00+05:30,424.0,27.13,51.25,2023,12
2023-12-21 09:45:00+05:30,432.0,28.0,47.18,2023,12
2023-12-21 10:00:00+05:30,445.0,29.58,42.58,2023,12
2023-12-21 10:15:00+05:30,450.0,29.95,40.65,2023,12
2023-12-21 10:30:00+05:30,446.0,31.15,38.18,2023,12
2023-12-21 10:45:00+05:30,452.0,32.18,35.4,2023,12
2023-12-21 11:00:00+05:30,452.0,32.98,34.95,2023,12
2023-12-21 11:15:00+05:30,452.0,33.63,33.68,2023,12
2023-12-21 11:30:00+05:30,454.0,34.48,32.85,2023,12
2023-12-21 11:45:00+05:30,460.0,35.38,30.85,2023,12
2023-12-21 12:00:00+05:30,462.0,35.38,31.2,2023,12
2023-12-21 12:15:00+05:30,457.0,35.18,31.0,2023,12
2023-12-21 12:30:00+05:30,455.0,35.26,31.6,2023,12
2023-12-21 12:45:00+05:30,455.0,35.58,30.88,2023,12
2023-12-21 13:00:00+05:30,453.0,35.36,31.46,2023,12
2023-12-21 13:15:00+05:30,451.0,35.28,30.38,2023,12
2023-12-21 13:30:00+05:30,451.0,35.28,30.24,2023,12
2023-12-21 13:45:00+05:30,453.0,35.84,30.88,2023,12
2023-12-21 14:00:00+05:30,456.0,35.74,32.18,2023,12
2023-12-21 14:15:00+05:30,457.0,36.62,28.58,2023,12
2023-12-21 14:30:00+05:30,461.0,36.6,31.44,2023,12
2023-12-21 14:45:00+05:30,463.0,36.24,33.9,2023,12
2023-12-21 15:00:00+05:30,463.0,35.24,35.04,2023,12
2023-12-21 15:15:00+05:30,461.0,34.72,36.36,2023,12
2023-12-21 15:30:00+05:30,462.0,33.82,39.06,2023,12
2023-12-21 15:45:00+05:30,459.0,32.78,41.0,2023,12
2023-12-21 16:00:00+05:30,457.0,31.84,43.92,2023,12
2023-12-21 16:15:00+05:30,454.0,31.36,46.04,2023,12
2023-12-21 16:30:00+05:30,453.0,31.1,48.3,2023,12
2023-12-21 16:45:00+05:30,451.0,31.02,49.0,2023,12
2023-12-21 17:00:00+05:30,450.0,30.5,50.76,2023,12
2023-12-21 17:15:00+05:30,448.0,29.96,53.2,2023,12
2023-12-21 17:30:00+05:30,443.0,29.5,53.96,2023,12
2023-12-21 17:45:00+05:30,443.0,29.12,54.48,2023,12
2023-12-21 18:00:00+05:30,442.0,28.68,57.1,2023,12
2023-12-21 18:15:00+05:30,434.0,28.38,58.78,2023,12
2023-12-21 18:30:00+05:30,430.0,28.25,59.5,2023,12
2023-12-21 18:45:00+05:30,424.0,28.13,59.68,2023,12
2023-12-21 19:00:00+05:30,416.0,27.98,59.25,2023,12
2023-12-21 19:15:00+05:30,407.0,27.98,57.8,2023,12
2023-12-21 19:30:00+05:30,401.0,27.94,58.34,2023,12
2023-12-21 19:45:00+05:30,395.0,27.86,58.58,2023,12
2023-12-21 20:00:00+05:30,387.0,27.68,59.76,2023,12
2023-12-21 20:15:00+05:30,380.0,27.52,60.54,2023,12
2023-12-21 20:30:00+05:30,374.0,27.46,59.76,2023,12
2023-12-21 20:45:00+05:30,369.0,27.38,59.02,2023,12
2023-12-21 21:00:00+05:30,364.0,27.26,59.36,2023,12
2023-12-21 21:15:00+05:30,358.0,27.2,59.28,2023,12
2023-12-21 21:30:00+05:30,353.0,27.12,59.64,2023,12
2023-12-21 21:45:00+05:30,351.0,27.12,60.04,2023,12
2023-12-21 22:00:00+05:30,344.0,27.02,60.54,2023,12
2023-12-21 22:15:00+05:30,339.0,27.02,60.7,2023,12
2023-12-21 22:30:00+05:30,334.0,26.96,61.24,2023,12
2023-12-21 22:45:00+05:30,329.0,26.88,61.7,2023,12
2023-12-21 23:00:00+05:30,323.0,26.86,62.4,2023,12
2023-12-21 23:15:00+05:30,319.0,26.68,63.46,2023,12
2023-12-21 23:30:00+05:30,312.0,26.58,64.56,2023,12
2023-12-21 23:45:00+05:30,306.0,26.4,64.5,2023,12
2023-12-22 00:00:00+05:30,302.0,26.34,65.3,2023,12
2023-12-22 00:15:00+05:30,298.0,26.14,65.28,2023,12
2023-12-22 00:30:00+05:30,293.0,26.18,65.46,2023,12
2023-12-22 00:45:00+05:30,288.0,26.1,65.04,2023,12
2023-12-22 01:00:00+05:30,282.0,26.02,65.68,2023,12
2023-12-22 01:15:00+05:30,278.0,25.98,66.48,2023,12
2023-12-22 01:30:00+05:30,277.0,25.92,67.6,2023,12
2023-12-22 01:45:00+05:30,275.0,25.86,68.24,2023,12
2023-12-22 02:00:00+05:30,274.0,25.92,68.74,2023,12
2023-12-22 02:15:00+05:30,272.0,25.84,68.92,2023,12
2023-12-22 02:30:00+05:30,270.0,25.84,68.86,2023,12
2023-12-22 02:45:00+05:30,268.0,25.82,69.12,2023,12
2023-12-22 03:00:00+05:30,265.0,25.74,69.74,2023,12
2023-12-22 03:15:00+05:30,263.0,25.72,70.2,2023,12
2023-12-22 03:30:00+05:30,261.0,25.62,70.48,2023,12
2023-12-22 03:45:00+05:30,259.0,25.62,69.14,2023,12
2023-12-22 04:00:00+05:30,257.0,25.66,69.02,2023,12
2023-12-22 04:15:00+05:30,258.0,25.6,69.6,2023,12
2023-12-22 04:30:00+05:30,261.0,25.56,69.24,2023,12
2023-12-22 04:45:00+05:30,262.0,25.54,68.6,2023,12
2023-12-22 05:00:00+05:30,265.0,25.46,68.22,2023,12
2023-12-22 05:15:00+05:30,268.0,25.4,67.62,2023,12
2023-12-22 05:30:00+05:30,273.0,25.4,67.22,2023,12
2023-12-22 05:45:00+05:30,275.0,25.3,67.98,2023,12
2023-12-22 06:00:00+05:30,282.0,25.24,67.7,2023,12
2023-12-22 06:15:00+05:30,289.0,25.16,67.5,2023,12
2023-12-22 06:30:00+05:30,298.0,25.14,67.72,2023,12
2023-12-22 06:45:00+05:30,306.0,25.02,67.64,2023,12
2023-12-22 07:00:00+05:30,314.0,24.96,67.98,2023,12
2023-12-22 07:15:00+05:30,324.0,24.98,68.14,2023,12
2023-12-22 07:30:00+05:30,337.0,25.12,67.96,2023,12
2023-12-22 07:45:00+05:30,350.0,25.36,67.44,2023,12
2023-12-22 08:00:00+05:30,370.0,25.72,66.28,2023,12
2023-12-22 08:15:00+05:30,384.0,26.04,66.22,2023,12
2023-12-22 08:30:00+05:30,397.0,26.3,65.08,2023,12
2023-12-22 08:45:00+05:30,412.0,26.7,62.7,2023,12
2023-12-22 09:00:00+05:30,427.0,27.0,61.68,2023,12
2023-12-22 09:15:00+05:30,438.0,27.34,61.78,2023,12
2023-12-22 09:30:00+05:30,444.0,27.74,59.98,2023,12
2023-12-22 09:45:00+05:30,451.0,28.18,56.6,2023,12
2023-12-22 10:00:00+05:30,462.0,28.54,54.78,2023,12
2023-12-22 10:15:00+05:30,470.0,28.94,52.76,2023,12
2023-12-22 10:30:00+05:30,467.0,29.3,52.18,2023,12
2023-12-22 10:45:00+05:30,468.0,29.66,50.64,2023,12
2023-12-22 11:00:00+05:30,468.0,29.74,50.42,2023,12
2023-12-22 11:15:00+05:30,468.0,30.52,48.78,2023,12
2023-12-22 11:30:00+05:30,467.0,31.68,45.5,2023,12
2023-12-22 11:45:00+05:30,469.0,32.3,43.52,2023,12
2023-12-22 12:00:00+05:30,467.0,32.3,42.68,2023,12
2023-12-22 12:15:00+05:30,464.0,32.64,41.16,2023,12
2023-12-22 12:30:00+05:30,468.0,32.96,40.08,2023,12
2023-12-22 12:45:00+05:30,465.0,33.22,41.28,2023,12
2023-12-22 13:00:00+05:30,464.0,33.06,43.86,2023,12
2023-12-22 13:15:00+05:30,461.0,32.84,44.04,2023,12
2023-12-22 13:30:00+05:30,458.0,32.6,43.86,2023,12
2023-12-22 13:45:00+05:30,457.0,32.18,44.72,2023,12
2023-12-22 14:00:00+05:30,460.0,32.02,44.78,2023,12
2023-12-22 14:15:00+05:30,459.0,32.22,44.34,2023,12
2023-12-22 14:30:00+05:30,462.0,32.38,42.5,2023,12
2023-12-22 14:45:00+05:30,460.0,32.18,43.72,2023,12
2023-12-22 15:00:00+05:30,462.0,32.06,45.46,2023,12
2023-12-22 15:15:00+05:30,457.0,32.08,43.8,2023,12
2023-12-22 15:30:00+05:30,457.0,32.04,43.28,2023,12
2023-12-22 15:45:00+05:30,457.0,31.94,44.26,2023,12
2023-12-22 16:00:00+05:30,455.0,31.86,45.42,2023,12
2023-12-22 16:15:00+05:30,451.0,31.64,47.2,2023,12
2023-12-22 16:30:00+05:30,451.0,31.24,48.36,2023,12
2023-12-22 16:45:00+05:30,451.0,30.72,50.2,2023,12
2023-12-22 17:00:00+05:30,451.0,30.22,50.58,2023,12
2023-12-22 17:15:00+05:30,446.0,29.88,52.6,2023,12
2023-12-22 17:30:00+05:30,443.0,29.52,53.58,2023,12
2023-12-22 17:45:00+05:30,440.0,29.28,53.64,2023,12
2023-12-22 18:00:00+05:30,438.0,29.08,54.62,2023,12
2023-12-22 18:15:00+05:30,434.0,28.78,56.34,2023,12
2023-12-22 18:30:00+05:30,429.0,28.5,57.66,2023,12
2023-12-22 18:45:00+05:30,423.0,28.22,59.16,2023,12
2023-12-22 19:00:00+05:30,414.0,28.02,59.56,2023,12
2023-12-22 19:15:00+05:30,407.0,27.9,59.9,2023,12
2023-12-22 19:30:00+05:30,400.0,27.82,60.36,2023,12
2023-12-22 19:45:00+05:30,395.0,27.62,60.78,2023,12
2023-12-22 20:00:00+05:30,386.0,27.4,61.72,2023,12
2023-12-22 20:15:00+05:30,379.0,27.24,63.94,2023,12
2023-12-22 20:30:00+05:30,374.0,27.04,63.72,2023,12
2023-12-22 20:45:00+05:30,369.0,26.88,64.02,2023,12
2023-12-22 21:00:00+05:30,362.0,26.76,64.8,2023,12
2023-12-22 21:15:00+05:30,357.0,26.66,66.06,2023,12
2023-12-22 21:30:00+05:30,352.0,26.58,66.12,2023,12
2023-12-22 21:45:00+05:30,348.0,26.44,66.78,2023,12
2023-12-22 22:00:00+05:30,343.0,26.3,66.6,2023,12
2023-12-22 22:15:00+05:30,340.0,26.22,66.44,2023,12
2023-12-22 22:30:00+05:30,334.0,26.06,67.24,2023,12
2023-12-22 22:45:00+05:30,327.0,26.1,67.42,2023,12
2023-12-22 23:00:00+05:30,324.0,26.06,66.82,2023,12
2023-12-22 23:15:00+05:30,318.0,25.98,67.62,2023,12
2023-12-22 23:30:00+05:30,313.0,25.96,68.6,2023,12
2023-12-22 23:45:00+05:30,307.0,25.78,70.1,2023,12
2023-12-23 00:00:00+05:30,302.0,25.7,70.96,2023,12
2023-12-23 00:15:00+05:30,297.0,25.6,71.34,2023,12
2023-12-23 00:30:00+05:30,291.0,25.46,72.4,2023,12
2023-12-23 00:45:00+05:30,287.0,25.34,72.26,2023,12
2023-12-23 01:00:00+05:30,282.0,25.26,72.66,2023,12
2023-12-23 01:15:00+05:30,280.0,25.14,73.18,2023,12
2023-12-23 01:30:00+05:30,276.0,25.0,73.8,2023,12
2023-12-23 01:45:00+05:30,273.0,24.88,74.32,2023,12
2023-12-23 02:00:00+05:30,271.0,24.76,75.06,2023,12
2023-12-23 02:15:00+05:30,269.0,24.7,75.34,2023,12
2023-12-23 02:30:00+05:30,267.0,24.72,75.16,2023,12
2023-12-23 02:45:00+05:30,264.0,24.64,75.18,2023,12
2023-12-23 03:00:00+05:30,263.0,24.6,75.34,2023,12
2023-12-23 03:15:00+05:30,261.0,24.54,75.38,2023,12
2023-12-23 03:30:00+05:30,259.0,24.38,75.86,2023,12
2023-12-23 03:45:00+05:30,257.0,24.36,76.02,2023,12
2023-12-23 04:00:00+05:30,255.0,24.24,76.12,2023,12
2023-12-23 04:15:00+05:30,256.0,24.18,75.98,2023,12
2023-12-23 04:30:00+05:30,258.0,24.12,75.9,2023,12
2023-12-23 04:45:00+05:30,259.0,24.0,76.24,2023,12
2023-12-23 05:00:00+05:30,261.0,23.94,76.12,2023,12
2023-12-23 05:15:00+05:30,263.0,23.94,75.42,2023,12
2023-12-23 05:30:00+05:30,264.0,23.88,75.36,2023,12
2023-12-23 05:45:00+05:30,265.0,23.82,75.5,2023,12
2023-12-23 06:00:00+05:30,269.0,23.74,75.58,2023,12
2023-12-23 06:15:00+05:30,274.0,24.0,68.6,2023,12
2023-12-23 06:30:00+05:30,278.0,23.48,76.82,2023,12
2023-12-23 06:45:00+05:30,281.0,23.44,77.26,2023,12
2023-12-23 07:00:00+05:30,286.0,23.38,76.8,2023,12
2023-12-23 07:15:00+05:30,292.0,23.38,76.98,2023,12
2023-12-23 07:30:00+05:30,298.0,23.42,77.04,2023,12
2023-12-23 07:45:00+05:30,304.0,23.56,76.42,2023,12
2023-12-23 08:00:00+05:30,315.0,23.82,75.84,2023,12
2023-12-23 08:15:00+05:30,325.0,24.12,75.1,2023,12
2023-12-23 08:30:00+05:30,335.0,24.58,72.86,2023,12
2023-12-23 08:45:00+05:30,344.0,24.98,71.04,2023,12
2023-12-23 09:00:00+05:30,356.0,25.5,68.18,2023,12
2023-12-23 09:15:00+05:30,366.0,26.08,65.02,2023,12
2023-12-23 09:30:00+05:30,374.0,26.54,62.44,2023,12
2023-12-23 09:45:00+05:30,381.0,27.26,60.56,2023,12
2023-12-23 10:00:00+05:30,394.0,28.76,55.6,2023,12
2023-12-23 10:15:00+05:30,400.0,29.86,52.28,2023,12
2023-12-23 10:30:00+05:30,398.0,30.78,49.64,2023,12
2023-12-23 10:45:00+05:30,401.0,31.84,46.8,2023,12
2023-12-23 11:00:00+05:30,403.0,32.54,44.44,2023,12
2023-12-23 11:15:00+05:30,404.0,33.28,42.56,2023,12
2023-12-23 11:30:00+05:30,402.0,33.76,40.9,2023,12
2023-12-23 11:45:00+05:30,402.0,34.58,38.76,2023,12
2023-12-23 12:00:00+05:30,402.0,35.24,37.16,2023,12
2023-12-23 12:15:00+05:30,400.0,34.9,36.66,2023,12
2023-12-23 12:30:00+05:30,399.0,35.42,35.22,2023,12
2023-12-23 12:45:00+05:30,397.0,35.74,34.54,2023,12
2023-12-23 13:00:00+05:30,394.0,35.84,36.5,2023,12
2023-12-23 13:15:00+05:30,391.0,37.0,37.2,2023,12
2023-12-23 13:30:00+05:30,391.0,36.15,37.95,2023,12
2023-12-23 13:45:00+05:30,390.0,36.28,39.05,2023,12
2023-12-23 14:00:00+05:30,391.0,36.33,39.58,2023,12
2023-12-23 14:15:00+05:30,394.0,36.13,38.23,2023,12
2023-12-23 14:30:00+05:30,396.0,36.38,38.7,2023,12
2023-12-23 14:45:00+05:30,395.0,35.23,40.58,2023,12
2023-12-23 15:00:00+05:30,392.0,35.3,40.08,2023,12
2023-12-23 15:15:00+05:30,394.0,34.5,42.5,2023,12
2023-12-23 15:30:00+05:30,394.0,33.9,43.83,2023,12
2023-12-23 15:45:00+05:30,391.0,33.98,44.1,2023,12
2023-12-23 16:00:00+05:30,392.0,33.7,44.88,2023,12
2023-12-23 16:15:00+05:30,391.0,33.23,44.78,2023,12
2023-12-23 16:30:00+05:30,391.0,32.1,47.18,2023,12
2023-12-23 16:45:00+05:30,386.0,31.33,49.98,2023,12
2023-12-23 17:00:00+05:30,386.0,31.45,49.95,2023,12
2023-12-23 17:15:00+05:30,384.0,30.95,51.28,2023,12
2023-12-23 17:30:00+05:30,381.0,30.45,51.85,2023,12
2023-12-23 17:45:00+05:30,380.0,29.75,54.03,2023,12
2023-12-23 18:00:00+05:30,384.0,29.23,55.43,2023,12
2023-12-23 18:15:00+05:30,387.0,28.8,56.93,2023,12
2023-12-23 18:30:00+05:30,387.0,28.5,57.23,2023,12
2023-12-23 18:45:00+05:30,383.0,28.35,57.65,2023,12
2023-12-23 19:00:00+05:30,377.0,27.92,59.24,2023,12
2023-12-23 19:15:00+05:30,372.0,27.72,58.82,2023,12
2023-12-23 19:30:00+05:30,368.0,27.66,57.94,2023,12
2023-12-23 19:45:00+05:30,365.0,27.52,58.64,2023,12
2023-12-23 20:00:00+05:30,360.0,27.36,58.88,2023,12
2023-12-23 20:15:00+05:30,357.0,27.26,59.5,2023,12
2023-12-23 20:30:00+05:30,353.0,27.1,60.38,2023,12
2023-12-23 20:45:00+05:30,350.0,27.06,61.34,2023,12
2023-12-23 21:00:00+05:30,346.0,26.92,62.22,2023,12
2023-12-23 21:15:00+05:30,343.0,26.82,62.9,2023,12
2023-12-23 21:30:00+05:30,340.0,26.62,63.56,2023,12
2023-12-23 21:45:00+05:30,335.0,26.46,63.92,2023,12
2023-12-23 22:00:00+05:30,330.0,26.34,64.54,2023,12
2023-12-23 22:15:00+05:30,326.0,26.18,65.4,2023,12
2023-12-23 22:30:00+05:30,322.0,26.04,65.76,2023,12
2023-12-23 22:45:00+05:30,318.0,26.0,66.08,2023,12
2023-12-23 23:00:00+05:30,313.0,25.9,66.22,2023,12
2023-12-23 23:15:00+05:30,309.0,25.76,66.48,2023,12
2023-12-23 23:30:00+05:30,303.0,25.62,68.26,2023,12
2023-12-23 23:45:00+05:30,301.0,25.56,68.62,2023,12
2023-12-24 00:00:00+05:30,296.0,25.46,68.98,2023,12
2023-12-24 00:15:00+05:30,292.0,25.34,69.28,2023,12
2023-12-24 00:30:00+05:30,288.0,25.3,69.3,2023,12
2023-12-24 00:45:00+05:30,283.0,25.24,69.76,2023,12
2023-12-24 01:00:00+05:30,278.0,25.08,70.54,2023,12
2023-12-24 01:15:00+05:30,274.0,25.02,70.18,2023,12
2023-12-24 01:30:00+05:30,272.0,24.94,69.84,2023,12
2023-12-24 01:45:00+05:30,269.0,24.84,70.44,2023,12
2023-12-24 02:00:00+05:30,266.0,24.78,71.22,2023,12
2023-12-24 02:15:00+05:30,264.0,24.66,71.38,2023,12
2023-12-24 02:30:00+05:30,263.0,24.56,71.34,2023,12
2023-12-24 02:45:00+05:30,262.0,24.5,71.48,2023,12
2023-12-24 03:00:00+05:30,260.0,24.38,72.22,2023,12
2023-12-24 03:15:00+05:30,258.0,24.26,72.38,2023,12
2023-12-24 03:30:00+05:30,257.0,24.24,72.84,2023,12
2023-12-24 03:45:00+05:30,254.0,24.22,73.02,2023,12
2023-12-24 04:00:00+05:30,253.0,24.2,72.84,2023,12
2023-12-24 04:15:00+05:30,252.0,24.2,73.24,2023,12
2023-12-24 04:30:00+05:30,252.0,24.14,73.22,2023,12
2023-12-24 04:45:00+05:30,252.0,22.3,79.4,2023,12
2023-12-24 05:00:00+05:30,253.0,24.04,72.62,2023,12
2023-12-24 05:15:00+05:30,253.0,23.88,73.44,2023,12
2023-12-24 05:30:00+05:30,255.0,23.8,72.88,2023,12
2023-12-24 05:45:00+05:30,257.0,23.68,72.5,2023,12
2023-12-24 06:00:00+05:30,260.0,23.6,72.16,2023,12
2023-12-24 06:15:00+05:30,262.0,23.54,72.14,2023,12
2023-12-24 06:30:00+05:30,262.0,23.54,71.56,2023,12
2023-12-24 06:45:00+05:30,264.0,23.5,71.7,2023,12
2023-12-24 07:00:00+05:30,266.0,23.48,70.94,2023,12
2023-12-24 07:15:00+05:30,268.0,23.36,71.14,2023,12
2023-12-24 07:30:00+05:30,271.0,23.3,71.74,2023,12
2023-12-24 07:45:00+05:30,275.0,23.4,71.14,2023,12
2023-12-24 08:00:00+05:30,281.0,23.72,68.2,2023,12
2023-12-24 08:15:00+05:30,284.0,24.12,66.12,2023,12
2023-12-24 08:30:00+05:30,287.0,24.62,65.5,2023,12
2023-12-24 08:45:00+05:30,290.0,25.16,64.2,2023,12
2023-12-24 09:00:00+05:30,295.0,25.56,61.82,2023,12
2023-12-24 09:15:00+05:30,301.0,26.06,58.96,2023,12
2023-12-24 09:30:00+05:30,303.0,26.62,56.3,2023,12
2023-12-24 09:45:00+05:30,309.0,27.36,53.52,2023,12
2023-12-24 10:00:00+05:30,319.0,28.82,48.78,2023,12
2023-12-24 10:15:00+05:30,324.0,29.76,45.24,2023,12
2023-12-24 10:30:00+05:30,322.0,30.42,43.4,2023,12
2023-12-24 10:45:00+05:30,326.0,31.66,40.04,2023,12
2023-12-24 11:00:00+05:30,329.0,32.3,38.44,2023,12
2023-12-24 11:15:00+05:30,327.0,32.88,36.56,2023,12
2023-12-24 11:30:00+05:30,327.0,33.86,35.2,2023,12
2023-12-24 11:45:00+05:30,328.0,34.12,34.4,2023,12
2023-12-24 12:00:00+05:30,331.0,34.36,33.18,2023,12
2023-12-24 12:15:00+05:30,329.0,34.64,32.38,2023,12
2023-12-24 12:30:00+05:30,331.0,35.06,31.46,2023,12
2023-12-24 12:45:00+05:30,329.0,35.42,31.0,2023,12
2023-12-24 13:00:00+05:30,329.0,35.9,29.44,2023,12
2023-12-24 13:15:00+05:30,329.0,36.5,29.76,2023,12
2023-12-24 13:30:00+05:30,328.0,36.94,28.5,2023,12
2023-12-24 13:45:00+05:30,326.0,37.2,29.04,2023,12
2023-12-24 14:00:00+05:30,326.0,36.94,30.24,2023,12
2023-12-24 14:15:00+05:30,328.0,27.0,29.6,2023,12
2023-12-24 14:30:00+05:30,328.0,37.06,30.8,2023,12
2023-12-24 14:45:00+05:30,326.0,36.78,31.82,2023,12
2023-12-24 15:00:00+05:30,326.0,37.04,31.86,2023,12
2023-12-24 15:15:00+05:30,326.0,36.84,32.64,2023,12
2023-12-24 15:30:00+05:30,326.0,36.6,33.18,2023,12
2023-12-24 15:45:00+05:30,326.0,36.28,35.26,2023,12
2023-12-24 16:00:00+05:30,327.0,35.6,35.78,2023,12
2023-12-24 16:15:00+05:30,326.0,34.72,37.8,2023,12
2023-12-24 16:30:00+05:30,324.0,33.62,40.24,2023,12
2023-12-24 16:45:00+05:30,323.0,32.9,41.82,2023,12
2023-12-24 17:00:00+05:30,323.0,32.28,44.22,2023,12
2023-12-24 17:15:00+05:30,323.0,31.42,46.22,2023,12
2023-12-24 17:30:00+05:30,327.0,30.82,48.74,2023,12
2023-12-24 17:45:00+05:30,330.0,30.04,52.22,2023,12
2023-12-24 18:00:00+05:30,335.0,29.48,54.38,2023,12
2023-12-24 18:15:00+05:30,338.0,28.96,55.0,2023,12
2023-12-24 18:30:00+05:30,338.0,28.58,55.22,2023,12
2023-12-24 18:45:00+05:30,339.0,28.22,55.58,2023,12
2023-12-24 19:00:00+05:30,337.0,28.04,55.72,2023,12
2023-12-24 19:15:00+05:30,335.0,27.84,54.2,2023,12
2023-12-24 19:30:00+05:30,333.0,27.64,54.06,2023,12
2023-12-24 19:45:00+05:30,332.0,27.46,53.92,2023,12
2023-12-24 20:00:00+05:30,328.0,27.34,53.58,2023,12
2023-12-24 20:15:00+05:30,327.0,27.28,53.02,2023,12
2023-12-24 20:30:00+05:30,326.0,27.1,53.36,2023,12
2023-12-24 20:45:00+05:30,323.0,26.96,54.18,2023,12
2023-12-24 21:00:00+05:30,320.0,26.8,55.54,2023,12
2023-12-24 21:15:00+05:30,318.0,26.54,56.88,2023,12
2023-12-24 21:30:00+05:30,315.0,26.32,57.44,2023,12
2023-12-24 21:45:00+05:30,313.0,26.14,58.66,2023,12
2023-12-24 22:00:00+05:30,308.0,25.94,59.72,2023,12
2023-12-24 22:15:00+05:30,305.0,25.86,60.36,2023,12
2023-12-24 22:30:00+05:30,304.0,25.76,62.06,2023,12
2023-12-24 22:45:00+05:30,301.0,25.72,62.72,2023,12
2023-12-24 23:00:00+05:30,299.0,25.64,63.0,2023,12
2023-12-24 23:15:00+05:30,293.0,25.4,64.2,2023,12
2023-12-24 23:30:00+05:30,288.0,25.3,65.04,2023,12
2023-12-24 23:45:00+05:30,286.0,25.2,64.96,2023,12
2023-12-25 00:00:00+05:30,282.0,25.08,65.52,2023,12
2023-12-25 00:15:00+05:30,277.0,24.96,65.92,2023,12
2023-12-25 00:30:00+05:30,274.0,24.94,66.16,2023,12
2023-12-25 00:45:00+05:30,272.0,25.02,65.9,2023,12
2023-12-25 01:00:00+05:30,268.0,25.0,65.42,2023,12
2023-12-25 01:15:00+05:30,265.0,25.02,65.18,2023,12
2023-12-25 01:30:00+05:30,264.0,24.94,65.5,2023,12
2023-12-25 01:45:00+05:30,262.0,24.76,66.22,2023,12
2023-12-25 02:00:00+05:30,260.0,24.7,66.18,2023,12
2023-12-25 02:15:00+05:30,257.0,24.6,65.58,2023,12
2023-12-25 02:30:00+05:30,256.0,24.62,65.7,2023,12
2023-12-25 02:45:00+05:30,255.0,24.46,66.04,2023,12
2023-12-25 03:00:00+05:30,253.0,24.34,66.14,2023,12
2023-12-25 03:15:00+05:30,251.0,24.26,66.28,2023,12
2023-12-25 03:30:00+05:30,249.0,24.16,66.68,2023,12
2023-12-25 03:45:00+05:30,247.0,24.14,66.66,2023,12
2023-12-25 04:00:00+05:30,245.0,24.1,66.3,2023,12
2023-12-25 04:15:00+05:30,247.0,24.0,66.38,2023,12
2023-12-25 04:30:00+05:30,246.0,24.0,65.68,2023,12
2023-12-25 04:45:00+05:30,247.0,24.08,64.82,2023,12
2023-12-25 05:00:00+05:30,249.0,23.96,65.34,2023,12
2023-12-25 05:15:00+05:30,248.0,23.9,66.0,2023,12
2023-12-25 05:30:00+05:30,250.0,23.72,66.84,2023,12
2023-12-25 05:45:00+05:30,253.0,23.66,66.98,2023,12
2023-12-25 06:00:00+05:30,257.0,23.52,66.5,2023,12
2023-12-25 06:15:00+05:30,260.0,23.44,66.24,2023,12
2023-12-25 06:30:00+05:30,262.0,23.44,65.46,2023,12
2023-12-25 06:45:00+05:30,264.0,23.44,65.12,2023,12
2023-12-25 07:00:00+05:30,267.0,23.42,65.36,2023,12
2023-12-25 07:15:00+05:30,272.0,23.5,65.0,2023,12
2023-12-25 07:30:00+05:30,278.0,23.48,65.14,2023,12
2023-12-25 07:45:00+05:30,283.0,23.54,65.26,2023,12
2023-12-25 08:00:00+05:30,293.0,23.76,64.6,2023,12
2023-12-25 08:15:00+05:30,302.0,24.08,63.74,2023,12
2023-12-25 08:30:00+05:30,311.0,24.42,63.0,2023,12
2023-12-25 08:45:00+05:30,318.0,24.88,61.3,2023,12
2023-12-25 09:00:00+05:30,328.0,25.42,60.24,2023,12
2023-12-25 09:15:00+05:30,334.0,25.9,57.32,2023,12
2023-12-25 09:30:00+05:30,341.0,26.36,54.82,2023,12
2023-12-25 09:45:00+05:30,347.0,27.04,52.06,2023,12
2023-12-25 10:00:00+05:30,359.0,28.78,47.48,2023,12
2023-12-25 10:15:00+05:30,358.0,30.12,44.4,2023,12
2023-12-25 10:30:00+05:30,364.0,31.46,41.16,2023,12
2023-12-25 10:45:00+05:30,368.0,32.12,40.3,2023,12
2023-12-25 11:00:00+05:30,368.0,33.02,38.02,2023,12
2023-12-25 11:15:00+05:30,370.0,33.8,36.92,2023,12
2023-12-25 11:30:00+05:30,371.0,34.16,35.0,2023,12
2023-12-25 11:45:00+05:30,372.0,34.6,33.72,2023,12
2023-12-25 12:00:00+05:30,372.0,35.06,33.24,2023,12
2023-12-25 12:15:00+05:30,371.0,35.04,32.46,2023,12
2023-12-25 12:30:00+05:30,372.0,35.36,31.42,2023,12
2023-12-25 12:45:00+05:30,369.0,36.12,30.6,2023,12
2023-12-25 13:00:00+05:30,367.0,36.48,29.84,2023,12
2023-12-25 13:15:00+05:30,365.0,36.72,30.14,2023,12
2023-12-25 13:30:00+05:30,365.0,36.62,31.18,2023,12
2023-12-25 13:45:00+05:30,365.0,36.38,32.86,2023,12
2023-12-25 14:00:00+05:30,366.0,35.4,33.84,2023,12
2023-12-25 14:15:00+05:30,368.0,35.18,34.62,2023,12
2023-12-25 14:30:00+05:30,368.0,35.46,34.2,2023,12
2023-12-25 14:45:00+05:30,368.0,34.98,36.82,2023,12
2023-12-25 15:00:00+05:30,369.0,34.34,38.9,2023,12
2023-12-25 15:15:00+05:30,369.0,34.34,38.58,2023,12
2023-12-25 15:30:00+05:30,367.0,34.1,39.98,2023,12
2023-12-25 15:45:00+05:30,370.0,33.82,40.68,2023,12
2023-12-25 16:00:00+05:30,371.0,33.42,42.78,2023,12
2023-12-25 16:15:00+05:30,370.0,32.76,44.52,2023,12
2023-12-25 16:30:00+05:30,369.0,31.98,46.98,2023,12
2023-12-25 16:45:00+05:30,365.0,31.44,47.82,2023,12
2023-12-25 17:00:00+05:30,365.0,31.2,48.94,2023,12
2023-12-25 17:15:00+05:30,364.0,30.92,50.64,2023,12
2023-12-25 17:30:00+05:30,362.0,30.32,51.4,2023,12
2023-12-25 17:45:00+05:30,362.0,29.72,52.8,2023,12
2023-12-25 18:00:00+05:30,366.0,29.22,54.94,2023,12
2023-12-25 18:15:00+05:30,366.0,28.74,55.26,2023,12
2023-12-25 18:30:00+05:30,367.0,28.48,55.18,2023,12
2023-12-25 18:45:00+05:30,364.0,28.2,55.82,2023,12
2023-12-25 19:00:00+05:30,359.0,27.96,55.96,2023,12
2023-12-25 19:15:00+05:30,356.0,27.82,55.26,2023,12
2023-12-25 19:30:00+05:30,353.0,27.72,53.76,2023,12
2023-12-25 19:45:00+05:30,348.0,27.56,53.66,2023,12
2023-12-25 20:00:00+05:30,343.0,27.44,53.86,2023,12
2023-12-25 20:15:00+05:30,338.0,27.3,53.36,2023,12
2023-12-25 20:30:00+05:30,336.0,27.14,53.64,2023,12
2023-12-25 20:45:00+05:30,334.0,26.96,54.12,2023,12
2023-12-25 21:00:00+05:30,330.0,26.8,55.4,2023,12
2023-12-25 21:15:00+05:30,328.0,26.62,56.58,2023,12
2023-12-25 21:30:00+05:30,324.0,26.4,57.0,2023,12
2023-12-25 21:45:00+05:30,322.0,26.26,57.24,2023,12
2023-12-25 22:00:00+05:30,317.0,26.12,57.36,2023,12
2023-12-25 22:15:00+05:30,314.0,26.02,57.88,2023,12
2023-12-25 22:30:00+05:30,312.0,25.84,58.96,2023,12
2023-12-25 22:45:00+05:30,308.0,25.72,59.26,2023,12
2023-12-25 23:00:00+05:30,304.0,25.52,60.24,2023,12
2023-12-25 23:15:00+05:30,300.0,25.34,60.76,2023,12
2023-12-25 23:30:00+05:30,295.0,25.22,61.68,2023,12
2023-12-25 23:45:00+05:30,291.0,25.04,62.1,2023,12
2023-12-26 00:00:00+05:30,286.0,24.4,60.0,2023,12
2023-12-26 00:15:00+05:30,282.0,24.2,60.0,2023,12
2023-12-26 00:30:00+05:30,277.0,23.7,63.0,2023,12
2023-12-26 00:45:00+05:30,274.0,23.5,63.0,2023,12
2023-12-26 01:00:00+05:30,270.0,23.3,64.0,2023,12
2023-12-26 01:15:00+05:30,267.0,22.8,64.0,2023,12
2023-12-26 01:30:00+05:30,265.0,22.7,65.0,2023,12
2023-12-26 01:45:00+05:30,263.0,22.5,65.0,2023,12
2023-12-26 02:00:00+05:30,259.0,22.3,66.0,2023,12
2023-12-26 02:15:00+05:30,257.0,22.1,66.0,2023,12
2023-12-26 02:30:00+05:30,256.0,22.3,65.0,2023,12
2023-12-26 02:45:00+05:30,254.0,22.1,65.0,2023,12
2023-12-26 03:00:00+05:30,252.0,22.0,66.0,2023,12
2023-12-26 03:15:00+05:30,250.0,21.8,66.0,2023,12
2023-12-26 03:30:00+05:30,248.0,21.7,67.0,2023,12
2023-12-26 03:45:00+05:30,246.0,21.5,67.0,2023,12
2023-12-26 04:00:00+05:30,245.0,21.4,68.0,2023,12
2023-12-26 04:15:00+05:30,246.0,21.0,69.0,2023,12
2023-12-26 04:30:00+05:30,245.0,20.9,70.0,2023,12
2023-12-26 04:45:00+05:30,246.0,20.8,70.0,2023,12
2023-12-26 05:00:00+05:30,250.0,20.6,71.0,2023,12
2023-12-26 05:15:00+05:30,251.0,20.4,72.0,2023,12
2023-12-26 05:30:00+05:30,255.0,20.3,72.0,2023,12
2023-12-26 05:45:00+05:30,258.0,20.2,73.0,2023,12
2023-12-26 06:00:00+05:30,265.0,20.2,73.0,2023,12
2023-12-26 06:15:00+05:30,272.0,20.1,72.0,2023,12
2023-12-26 06:30:00+05:30,278.0,20.1,72.0,2023,12
2023-12-26 06:45:00+05:30,285.0,20.0,73.0,2023,12
2023-12-26 07:00:00+05:30,294.0,20.0,73.0,2023,12
2023-12-26 07:15:00+05:30,305.0,20.5,72.0,2023,12
2023-12-26 07:30:00+05:30,319.0,20.6,72.0,2023,12
2023-12-26 07:45:00+05:30,332.0,20.8,71.0,2023,12
2023-12-26 08:00:00+05:30,350.0,21.1,70.0,2023,12
2023-12-26 08:15:00+05:30,366.0,21.6,69.0,2023,12
2023-12-26 08:30:00+05:30,378.0,22.0,67.0,2023,12
2023-12-26 08:45:00+05:30,392.0,22.5,65.0,2023,12
2023-12-26 09:00:00+05:30,405.0,23.2,63.0,2023,12
2023-12-26 09:15:00+05:30,420.0,24.0,59.0,2023,12
2023-12-26 09:30:00+05:30,430.0,24.7,56.0,2023,12
2023-12-26 09:45:00+05:30,435.0,25.4,54.0,2023,12
2023-12-26 10:00:00+05:30,450.0,26.1,52.0,2023,12
2023-12-26 10:15:00+05:30,460.0,26.8,49.0,2023,12
2023-12-26 10:30:00+05:30,457.0,27.8,47.0,2023,12
2023-12-26 10:45:00+05:30,460.0,28.4,46.0,2023,12
2023-12-26 11:00:00+05:30,462.0,29.0,44.0,2023,12
2023-12-26 11:15:00+05:30,461.0,29.8,42.0,2023,12
2023-12-26 11:30:00+05:30,460.0,30.3,41.0,2023,12
2023-12-26 11:45:00+05:30,460.0,30.8,40.0,2023,12
2023-12-26 12:00:00+05:30,460.0,31.1,39.0,2023,12
2023-12-26 12:15:00+05:30,459.0,31.5,38.0,2023,12
2023-12-26 12:30:00+05:30,459.0,31.8,37.0,2023,12
2023-12-26 12:45:00+05:30,458.0,32.0,36.0,2023,12
2023-12-26 13:00:00+05:30,456.0,32.3,36.0,2023,12
2023-12-26 13:15:00+05:30,452.0,32.5,36.0,2023,12
2023-12-26 13:30:00+05:30,452.0,32.6,36.0,2023,12
2023-12-26 13:45:00+05:30,451.0,32.8,36.0,2023,12
2023-12-26 14:00:00+05:30,454.0,33.0,36.0,2023,12
2023-12-26 14:15:00+05:30,457.0,33.0,37.0,2023,12
2023-12-26 14:30:00+05:30,460.0,33.1,38.0,2023,12
2023-12-26 14:45:00+05:30,459.0,33.1,38.0,2023,12
2023-12-26 15:00:00+05:30,459.0,33.1,38.0,2023,12
2023-12-26 15:15:00+05:30,458.0,32.5,38.0,2023,12
2023-12-26 15:30:00+05:30,460.0,32.4,38.0,2023,12
2023-12-26 15:45:00+05:30,459.0,32.2,39.0,2023,12
2023-12-26 16:00:00+05:30,458.0,31.9,39.0,2023,12
2023-12-26 16:15:00+05:30,456.0,31.6,40.0,2023,12
2023-12-26 16:30:00+05:30,452.0,31.4,41.0,2023,12
2023-12-26 16:45:00+05:30,451.0,31.1,42.0,2023,12
2023-12-26 17:00:00+05:30,446.0,30.8,43.0,2023,12
2023-12-26 17:15:00+05:30,441.0,30.5,44.0,2023,12
2023-12-26 17:30:00+05:30,440.0,30.0,47.0,2023,12
2023-12-26 17:45:00+05:30,436.0,29.7,48.0,2023,12
2023-12-26 18:00:00+05:30,433.0,29.2,50.0,2023,12
2023-12-26 18:15:00+05:30,430.0,28.8,52.0,2023,12
2023-12-26 18:30:00+05:30,423.0,28.4,53.0,2023,12
2023-12-26 18:45:00+05:30,417.0,28.1,55.0,2023,12
2023-12-26 19:00:00+05:30,408.0,27.8,56.0,2023,12
2023-12-26 19:15:00+05:30,401.0,27.4,59.0,2023,12
2023-12-26 19:30:00+05:30,394.0,27.2,60.0,2023,12
2023-12-26 19:45:00+05:30,388.0,26.9,61.0,2023,12
2023-12-26 20:00:00+05:30,380.0,26.7,62.0,2023,12
2023-12-26 20:15:00+05:30,374.0,26.5,63.0,2023,12
2023-12-26 20:30:00+05:30,368.0,26.2,64.0,2023,12
2023-12-26 20:45:00+05:30,362.0,26.0,64.0,2023,12
2023-12-26 21:00:00+05:30,357.0,25.8,65.0,2023,12
2023-12-26 21:15:00+05:30,353.0,25.5,65.0,2023,12
2023-12-26 21:30:00+05:30,347.0,25.3,65.0,2023,12
2023-12-26 21:45:00+05:30,341.0,25.1,65.0,2023,12
2023-12-26 22:00:00+05:30,337.0,24.9,65.0,2023,12
2023-12-26 22:15:00+05:30,333.0,25.0,65.0,2023,12
2023-12-26 22:30:00+05:30,330.0,24.9,65.0,2023,12
2023-12-26 22:45:00+05:30,325.0,24.7,65.0,2023,12
2023-12-26 23:00:00+05:30,321.0,24.5,65.0,2023,12
2023-12-26 23:15:00+05:30,316.0,24.3,66.0,2023,12
2023-12-26 23:30:00+05:30,310.0,24.2,66.0,2023,12
2023-12-26 23:45:00+05:30,308.0,24.0,66.0,2023,12
2023-12-27 00:00:00+05:30,300.0,23.9,67.0,2023,12
2023-12-27 00:15:00+05:30,297.0,24.3,66.0,2023,12
2023-12-27 00:30:00+05:30,291.0,24.2,66.0,2023,12
2023-12-27 00:45:00+05:30,289.0,24.1,67.0,2023,12
2023-12-27 01:00:00+05:30,284.0,23.9,67.0,2023,12
2023-12-27 01:15:00+05:30,280.0,23.8,66.0,2023,12
2023-12-27 01:30:00+05:30,277.0,23.7,67.0,2023,12
2023-12-27 01:45:00+05:30,275.0,23.6,67.0,2023,12
2023-12-27 02:00:00+05:30,272.0,23.5,67.0,2023,12
2023-12-27 02:15:00+05:30,271.0,23.0,69.0,2023,12
2023-12-27 02:30:00+05:30,268.0,22.9,69.0,2023,12
2023-12-27 02:45:00+05:30,267.0,22.7,69.0,2023,12
2023-12-27 03:00:00+05:30,266.0,22.6,70.0,2023,12
2023-12-27 03:15:00+05:30,263.0,22.1,72.0,2023,12
2023-12-27 03:30:00+05:30,261.0,22.0,72.0,2023,12
2023-12-27 03:45:00+05:30,260.0,21.9,72.0,2023,12
2023-12-27 04:00:00+05:30,257.0,21.7,73.0,2023,12
2023-12-27 04:15:00+05:30,258.0,21.6,73.0,2023,12
2023-12-27 04:30:00+05:30,257.0,21.7,72.0,2023,12
2023-12-27 04:45:00+05:30,258.0,21.6,72.0,2023,12
2023-12-27 05:00:00+05:30,261.0,21.4,72.0,2023,12
2023-12-27 05:15:00+05:30,263.0,21.3,72.0,2023,12
2023-12-27 05:30:00+05:30,265.0,21.2,74.0,2023,12
2023-12-27 05:45:00+05:30,269.0,21.0,74.0,2023,12
2023-12-27 06:00:00+05:30,276.0,20.9,74.0,2023,12
2023-12-27 06:15:00+05:30,280.0,20.8,74.0,2023,12
2023-12-27 06:30:00+05:30,286.0,20.5,73.0,2023,12
2023-12-27 06:45:00+05:30,292.0,20.4,73.0,2023,12
2023-12-27 07:00:00+05:30,300.0,20.3,73.0,2023,12
2023-12-27 07:15:00+05:30,312.0,20.0,74.0,2023,12
2023-12-27 07:30:00+05:30,324.0,20.1,73.0,2023,12
2023-12-27 07:45:00+05:30,337.0,20.3,73.0,2023,12
2023-12-27 08:00:00+05:30,359.0,20.6,71.0,2023,12
2023-12-27 08:15:00+05:30,375.0,21.1,69.0,2023,12
2023-12-27 08:30:00+05:30,388.0,21.6,67.0,2023,12
2023-12-27 08:45:00+05:30,400.0,22.1,65.0,2023,12
2023-12-27 09:00:00+05:30,413.0,22.7,63.0,2023,12
2023-12-27 09:15:00+05:30,424.0,23.5,59.0,2023,12
2023-12-27 09:30:00+05:30,432.0,24.2,57.0,2023,12
2023-12-27 09:45:00+05:30,443.0,24.9,55.0,2023,12
2023-12-27 10:00:00+05:30,454.0,25.7,53.0,2023,12
2023-12-27 10:15:00+05:30,461.0,26.5,51.0,2023,12
2023-12-27 10:30:00+05:30,458.0,27.4,49.0,2023,12
2023-12-27 10:45:00+05:30,460.0,28.1,47.0,2023,12
2023-12-27 11:00:00+05:30,461.0,28.8,45.0,2023,12
2023-12-27 11:15:00+05:30,462.0,29.7,43.0,2023,12
2023-12-27 11:30:00+05:30,462.0,30.3,41.0,2023,12
2023-12-27 11:45:00+05:30,461.0,30.8,40.0,2023,12
2023-12-27 12:00:00+05:30,461.0,31.3,39.0,2023,12
2023-12-27 12:15:00+05:30,462.0,31.5,39.0,2023,12
2023-12-27 12:30:00+05:30,462.0,31.9,38.0,2023,12
2023-12-27 12:45:00+05:30,459.0,32.3,37.0,2023,12
2023-12-27 13:00:00+05:30,457.0,32.6,37.0,2023,12
2023-12-27 13:15:00+05:30,456.0,33.0,36.0,2023,12
2023-12-27 13:30:00+05:30,454.0,33.2,36.0,2023,12
2023-12-27 13:45:00+05:30,454.0,32.9,37.0,2023,12
2023-12-27 14:00:00+05:30,457.0,33.2,38.0,2023,12
2023-12-27 14:15:00+05:30,459.0,33.4,38.0,2023,12
2023-12-27 14:30:00+05:30,460.0,33.5,39.0,2023,12
2023-12-27 14:45:00+05:30,461.0,33.4,40.0,2023,12
2023-12-27 15:00:00+05:30,464.0,33.2,41.0,2023,12
2023-12-27 15:15:00+05:30,464.0,32.9,42.0,2023,12
2023-12-27 15:30:00+05:30,465.0,32.6,43.0,2023,12
2023-12-27 15:45:00+05:30,464.0,32.0,44.0,2023,12
2023-12-27 16:00:00+05:30,463.0,31.7,45.0,2023,12
2023-12-27 16:15:00+05:30,461.0,31.4,45.0,2023,12
2023-12-27 16:30:00+05:30,460.0,31.1,46.0,2023,12
2023-12-27 16:45:00+05:30,455.0,30.8,47.0,2023,12
2023-12-27 17:00:00+05:30,452.0,30.4,48.0,2023,12
2023-12-27 17:15:00+05:30,447.0,30.1,49.0,2023,12
2023-12-27 17:30:00+05:30,443.0,29.8,51.0,2023,12
2023-12-27 17:45:00+05:30,440.0,29.3,52.0,2023,12
2023-12-27 18:00:00+05:30,434.0,28.9,54.0,2023,12
2023-12-27 18:15:00+05:30,432.0,28.6,55.0,2023,12
2023-12-27 18:30:00+05:30,427.0,28.3,57.0,2023,12
2023-12-27 18:45:00+05:30,419.0,28.5,57.0,2023,12
2023-12-27 19:00:00+05:30,408.0,28.2,58.0,2023,12
2023-12-27 19:15:00+05:30,403.0,27.9,59.0,2023,12
2023-12-27 19:30:00+05:30,396.0,27.8,59.0,2023,12
2023-12-27 19:45:00+05:30,391.0,27.5,59.0,2023,12
2023-12-27 20:00:00+05:30,382.0,27.3,60.0,2023,12
2023-12-27 20:15:00+05:30,376.0,27.2,59.0,2023,12
2023-12-27 20:30:00+05:30,371.0,27.0,59.0,2023,12
2023-12-27 20:45:00+05:30,365.0,26.8,59.0,2023,12
2023-12-27 21:00:00+05:30,360.0,26.6,59.0,2023,12
2023-12-27 21:15:00+05:30,353.0,26.4,59.0,2023,12
2023-12-27 21:30:00+05:30,349.0,25.9,60.0,2023,12
2023-12-27 21:45:00+05:30,344.0,25.7,60.0,2023,12
2023-12-27 22:00:00+05:30,340.0,25.6,60.0,2023,12
2023-12-27 22:15:00+05:30,334.0,24.9,61.0,2023,12
2023-12-27 22:30:00+05:30,329.0,24.8,61.0,2023,12
2023-12-27 22:45:00+05:30,325.0,24.6,61.0,2023,12
2023-12-27 23:00:00+05:30,320.0,24.5,61.0,2023,12
2023-12-27 23:15:00+05:30,317.0,24.3,62.0,2023,12
2023-12-27 23:30:00+05:30,311.0,24.4,63.0,2023,12
2023-12-27 23:45:00+05:30,307.0,24.2,64.0,2023,12
2023-12-28 00:00:00+05:30,313.0,24.0,64.0,2023,12
2023-12-28 00:15:00+05:30,308.0,23.8,65.0,2023,12
2023-12-28 00:30:00+05:30,302.0,24.5,65.0,2023,12
2023-12-28 00:45:00+05:30,298.0,24.4,66.0,2023,12
2023-12-28 01:00:00+05:30,293.0,24.3,66.0,2023,12
2023-12-28 01:15:00+05:30,291.0,24.1,67.0,2023,12
2023-12-28 01:30:00+05:30,287.0,24.0,67.0,2023,12
2023-12-28 01:45:00+05:30,284.0,23.8,68.0,2023,12
2023-12-28 02:00:00+05:30,281.0,23.7,68.0,2023,12
2023-12-28 02:15:00+05:30,279.0,23.5,69.0,2023,12
2023-12-28 02:30:00+05:30,278.0,23.5,70.0,2023,12
2023-12-28 02:45:00+05:30,275.0,23.3,71.0,2023,12
2023-12-28 03:00:00+05:30,273.0,23.1,71.0,2023,12
2023-12-28 03:15:00+05:30,270.0,22.9,72.0,2023,12
2023-12-28 03:30:00+05:30,268.0,21.8,73.0,2023,12
2023-12-28 03:45:00+05:30,265.0,21.6,73.0,2023,12
2023-12-28 04:00:00+05:30,263.0,21.5,73.0,2023,12
2023-12-28 04:15:00+05:30,265.0,21.8,74.0,2023,12
2023-12-28 04:30:00+05:30,266.0,21.6,74.0,2023,12
2023-12-28 04:45:00+05:30,267.0,21.5,74.0,2023,12
2023-12-28 05:00:00+05:30,269.0,21.4,74.0,2023,12
2023-12-28 05:15:00+05:30,270.0,21.3,74.0,2023,12
2023-12-28 05:30:00+05:30,272.0,20.9,77.0,2023,12
2023-12-28 05:45:00+05:30,275.0,20.8,77.0,2023,12
2023-12-28 06:00:00+05:30,278.0,20.7,77.0,2023,12
2023-12-28 06:15:00+05:30,284.0,20.7,77.0,2023,12
2023-12-28 06:30:00+05:30,288.0,20.7,77.0,2023,12
2023-12-28 06:45:00+05:30,290.0,20.7,77.0,2023,12
2023-12-28 07:00:00+05:30,294.0,20.7,77.0,2023,12
2023-12-28 07:15:00+05:30,299.0,20.7,77.0,2023,12
2023-12-28 07:30:00+05:30,305.0,20.8,77.0,2023,12
2023-12-28 07:45:00+05:30,314.0,21.1,76.0,2023,12
2023-12-28 08:00:00+05:30,327.0,21.4,75.0,2023,12
2023-12-28 08:15:00+05:30,338.0,21.9,73.0,2023,12
2023-12-28 08:30:00+05:30,348.0,22.3,72.0,2023,12
2023-12-28 08:45:00+05:30,359.0,22.8,70.0,2023,12
2023-12-28 09:00:00+05:30,369.0,23.5,67.0,2023,12
2023-12-28 09:15:00+05:30,380.0,24.1,64.0,2023,12
2023-12-28 09:30:00+05:30,390.0,24.8,62.0,2023,12
2023-12-28 09:45:00+05:30,397.0,25.4,59.0,2023,12
2023-12-28 10:00:00+05:30,414.0,26.1,57.0,2023,12
2023-12-28 10:15:00+05:30,422.0,26.8,54.0,2023,12
2023-12-28 10:30:00+05:30,419.0,27.7,50.0,2023,12
2023-12-28 10:45:00+05:30,422.0,28.2,48.0,2023,12
2023-12-28 11:00:00+05:30,424.0,28.8,47.0,2023,12
2023-12-28 11:15:00+05:30,425.0,29.4,45.0,2023,12
2023-12-28 11:30:00+05:30,422.0,29.9,44.0,2023,12
2023-12-28 11:45:00+05:30,423.0,30.4,42.0,2023,12
2023-12-28 12:00:00+05:30,425.0,30.8,41.0,2023,12
2023-12-28 12:15:00+05:30,424.0,31.1,40.0,2023,12
2023-12-28 12:30:00+05:30,423.0,31.5,40.0,2023,12
2023-12-28 12:45:00+05:30,420.0,31.6,40.0,2023,12
2023-12-28 13:00:00+05:30,421.0,31.8,39.0,2023,12
2023-12-28 13:15:00+05:30,419.0,32.0,39.0,2023,12
2023-12-28 13:30:00+05:30,418.0,31.7,40.0,2023,12
2023-12-28 13:45:00+05:30,418.0,31.5,40.0,2023,12
2023-12-28 14:00:00+05:30,417.0,31.6,40.0,2023,12
2023-12-28 14:15:00+05:30,418.0,31.7,40.0,2023,12
2023-12-28 14:30:00+05:30,421.0,31.7,40.0,2023,12
2023-12-28 14:45:00+05:30,420.0,31.7,40.0,2023,12
2023-12-28 15:00:00+05:30,418.0,31.7,41.0,2023,12
2023-12-28 15:15:00+05:30,418.0,31.6,41.0,2023,12
2023-12-28 15:30:00+05:30,419.0,31.6,42.0,2023,12
2023-12-28 15:45:00+05:30,417.0,31.5,43.0,2023,12
2023-12-28 16:00:00+05:30,415.0,31.3,44.0,2023,12
2023-12-28 16:15:00+05:30,414.0,31.1,45.0,2023,12
2023-12-28 16:30:00+05:30,410.0,30.8,47.0,2023,12
2023-12-28 16:45:00+05:30,406.0,30.6,48.0,2023,12
2023-12-28 17:00:00+05:30,405.0,30.3,49.0,2023,12
2023-12-28 17:15:00+05:30,402.0,30.0,50.0,2023,12
2023-12-28 17:30:00+05:30,401.0,29.8,50.0,2023,12
2023-12-28 17:45:00+05:30,401.0,29.4,51.0,2023,12
2023-12-28 18:00:00+05:30,403.0,29.1,52.0,2023,12
2023-12-28 18:15:00+05:30,401.0,28.7,53.0,2023,12
2023-12-28 18:30:00+05:30,400.0,28.7,52.0,2023,12
2023-12-28 18:45:00+05:30,397.0,28.3,54.0,2023,12
2023-12-28 19:00:00+05:30,389.0,28.0,55.0,2023,12
2023-12-28 19:15:00+05:30,384.0,27.8,56.0,2023,12
2023-12-28 19:30:00+05:30,379.0,27.4,59.0,2023,12
2023-12-28 19:45:00+05:30,376.0,27.1,61.0,2023,12
2023-12-28 20:00:00+05:30,371.0,26.8,62.0,2023,12
2023-12-28 20:15:00+05:30,368.0,26.6,64.0,2023,12
2023-12-28 20:30:00+05:30,362.0,26.3,67.0,2023,12
2023-12-28 20:45:00+05:30,360.0,26.0,68.0,2023,12
2023-12-28 21:00:00+05:30,359.0,25.7,70.0,2023,12
2023-12-28 21:15:00+05:30,356.0,25.5,71.0,2023,12
2023-12-28 21:30:00+05:30,355.0,25.7,72.0,2023,12
2023-12-28 21:45:00+05:30,351.0,25.4,73.0,2023,12
2023-12-28 22:00:00+05:30,344.0,25.2,73.0,2023,12
2023-12-28 22:15:00+05:30,339.0,24.5,75.0,2023,12
2023-12-28 22:30:00+05:30,335.0,24.3,75.0,2023,12
2023-12-28 22:45:00+05:30,329.0,24.1,76.0,2023,12
2023-12-28 23:00:00+05:30,325.0,23.9,76.0,2023,12
2023-12-28 23:15:00+05:30,321.0,23.7,78.0,2023,12
2023-12-28 23:30:00+05:30,316.0,23.5,78.0,2023,12
2023-12-28 23:45:00+05:30,310.0,23.4,78.0,2023,12
2023-12-29 00:00:00+05:30,302.0,23.4,78.0,2023,12
2023-12-29 00:15:00+05:30,297.0,23.5,77.0,2023,12
2023-12-29 00:30:00+05:30,294.0,23.4,77.0,2023,12
2023-12-29 00:45:00+05:30,290.0,23.3,77.0,2023,12
2023-12-29 01:00:00+05:30,286.0,23.2,78.0,2023,12
2023-12-29 01:15:00+05:30,282.0,22.4,78.0,2023,12
2023-12-29 01:30:00+05:30,280.0,22.3,78.0,2023,12
2023-12-29 01:45:00+05:30,276.0,22.1,78.0,2023,12
2023-12-29 02:00:00+05:30,274.0,21.9,78.0,2023,12
2023-12-29 02:15:00+05:30,274.0,21.7,79.0,2023,12
2023-12-29 02:30:00+05:30,272.0,21.6,79.0,2023,12
2023-12-29 02:45:00+05:30,270.0,21.4,79.0,2023,12
2023-12-29 03:00:00+05:30,268.0,21.3,79.0,2023,12
2023-12-29 03:15:00+05:30,266.0,21.8,78.0,2023,12
2023-12-29 03:30:00+05:30,264.0,21.7,78.0,2023,12
2023-12-29 03:45:00+05:30,263.0,21.6,78.0,2023,12
2023-12-29 04:00:00+05:30,259.0,21.5,78.0,2023,12
2023-12-29 04:15:00+05:30,260.0,21.4,80.0,2023,12
2023-12-29 04:30:00+05:30,259.0,21.4,80.0,2023,12
2023-12-29 04:45:00+05:30,258.0,21.3,80.0,2023,12
2023-12-29 05:00:00+05:30,260.0,21.2,79.0,2023,12
2023-12-29 05:15:00+05:30,262.0,21.2,79.0,2023,12
2023-12-29 05:30:00+05:30,264.0,21.1,79.0,2023,12
2023-12-29 05:45:00+05:30,268.0,21.0,79.0,2023,12
2023-12-29 06:00:00+05:30,275.0,20.8,79.0,2023,12
2023-12-29 06:15:00+05:30,282.0,20.7,80.0,2023,12
2023-12-29 06:30:00+05:30,287.0,20.7,80.0,2023,12
2023-12-29 06:45:00+05:30,292.0,20.6,80.0,2023,12
2023-12-29 07:00:00+05:30,300.0,20.6,80.0,2023,12
2023-12-29 07:15:00+05:30,309.0,20.5,80.0,2023,12
2023-12-29 07:30:00+05:30,320.0,20.7,80.0,2023,12
2023-12-29 07:45:00+05:30,333.0,20.9,79.0,2023,12
2023-12-29 08:00:00+05:30,349.0,21.2,78.0,2023,12
2023-12-29 08:15:00+05:30,363.0,21.5,76.0,2023,12
2023-12-29 08:30:00+05:30,376.0,22.0,74.0,2023,12
2023-12-29 08:45:00+05:30,388.0,22.5,72.0,2023,12
2023-12-29 09:00:00+05:30,400.0,23.1,70.0,2023,12
2023-12-29 09:15:00+05:30,411.0,23.7,67.0,2023,12
2023-12-29 09:30:00+05:30,420.0,24.4,64.0,2023,12
2023-12-29 09:45:00+05:30,426.0,25.1,62.0,2023,12
2023-12-29 10:00:00+05:30,439.0,25.8,60.0,2023,12
2023-12-29 10:15:00+05:30,444.0,26.6,58.0,2023,12
2023-12-29 10:30:00+05:30,441.0,27.3,55.0,2023,12
2023-12-29 10:45:00+05:30,443.0,28.1,53.0,2023,12
2023-12-29 11:00:00+05:30,445.0,28.7,51.0,2023,12
2023-12-29 11:15:00+05:30,446.0,29.1,49.0,2023,12
2023-12-29 11:30:00+05:30,445.0,29.8,47.0,2023,12
2023-12-29 11:45:00+05:30,444.0,30.3,46.0,2023,12
2023-12-29 12:00:00+05:30,446.0,30.7,44.0,2023,12
2023-12-29 12:15:00+05:30,445.0,31.1,42.0,2023,12
2023-12-29 12:30:00+05:30,446.0,31.6,41.0,2023,12
2023-12-29 12:45:00+05:30,445.0,31.9,40.0,2023,12
2023-12-29 13:00:00+05:30,442.0,32.1,39.0,2023,12
2023-12-29 13:15:00+05:30,442.0,32.3,39.0,2023,12
2023-12-29 13:30:00+05:30,449.0,32.4,39.0,2023,12
2023-12-29 13:45:00+05:30,451.0,32.6,39.0,2023,12
2023-12-29 14:00:00+05:30,453.0,32.7,40.0,2023,12
2023-12-29 14:15:00+05:30,455.0,32.7,41.0,2023,12
2023-12-29 14:30:00+05:30,457.0,32.8,41.0,2023,12
2023-12-29 14:45:00+05:30,430.0,32.5,42.0,2023,12
2023-12-29 15:00:00+05:30,420.0,32.4,42.0,2023,12
2023-12-29 15:15:00+05:30,444.0,32.2,43.0,2023,12
2023-12-29 15:30:00+05:30,446.0,32.3,43.0,2023,12
2023-12-29 15:45:00+05:30,445.0,32.0,44.0,2023,12
2023-12-29 16:00:00+05:30,443.0,31.8,44.0,2023,12
2023-12-29 16:15:00+05:30,442.0,31.6,45.0,2023,12
2023-12-29 16:30:00+05:30,440.0,31.4,45.0,2023,12
2023-12-29 16:45:00+05:30,441.0,31.1,47.0,2023,12
2023-12-29 17:00:00+05:30,439.0,30.7,48.0,2023,12
2023-12-29 17:15:00+05:30,437.0,30.4,49.0,2023,12
2023-12-29 17:30:00+05:30,434.0,30.0,50.0,2023,12
2023-12-29 17:45:00+05:30,433.0,29.6,51.0,2023,12
2023-12-29 18:00:00+05:30,431.0,29.3,53.0,2023,12
2023-12-29 18:15:00+05:30,429.0,28.9,55.0,2023,12
2023-12-29 18:30:00+05:30,424.0,28.6,56.0,2023,12
2023-12-29 18:45:00+05:30,419.0,28.4,58.0,2023,12
2023-12-29 19:00:00+05:30,412.0,28.0,59.0,2023,12
2023-12-29 19:15:00+05:30,403.0,27.7,61.0,2023,12
2023-12-29 19:30:00+05:30,397.0,27.2,63.0,2023,12
2023-12-29 19:45:00+05:30,393.0,26.9,64.0,2023,12
2023-12-29 20:00:00+05:30,384.0,26.6,66.0,2023,12
2023-12-29 20:15:00+05:30,377.0,26.3,68.0,2023,12
2023-12-29 20:30:00+05:30,373.0,26.1,70.0,2023,12
2023-12-29 20:45:00+05:30,367.0,25.8,71.0,2023,12
2023-12-29 21:00:00+05:30,362.0,25.6,72.0,2023,12
2023-12-29 21:15:00+05:30,358.0,25.4,72.0,2023,12
2023-12-29 21:30:00+05:30,351.0,25.2,73.0,2023,12
2023-12-29 21:45:00+05:30,345.0,25.0,73.0,2023,12
2023-12-29 22:00:00+05:30,340.0,24.8,74.0,2023,12
2023-12-29 22:15:00+05:30,335.0,24.7,74.0,2023,12
2023-12-29 22:30:00+05:30,330.0,24.6,74.0,2023,12
2023-12-29 22:45:00+05:30,324.0,24.5,75.0,2023,12
2023-12-29 23:00:00+05:30,320.0,24.3,75.0,2023,12
2023-12-29 23:15:00+05:30,316.0,24.2,75.0,2023,12
2023-12-29 23:30:00+05:30,312.0,24.1,76.0,2023,12
2023-12-29 23:45:00+05:30,309.0,23.9,76.0,2023,12
2023-12-30 00:00:00+05:30,304.0,23.8,76.0,2023,12
2023-12-30 00:15:00+05:30,300.0,23.6,76.0,2023,12
2023-12-30 00:30:00+05:30,294.0,23.6,78.0,2023,12
2023-12-30 00:45:00+05:30,290.0,23.5,78.0,2023,12
2023-12-30 01:00:00+05:30,285.0,23.4,78.0,2023,12
2023-12-30 01:15:00+05:30,282.0,23.2,78.0,2023,12
2023-12-30 01:30:00+05:30,280.0,23.1,78.0,2023,12
2023-12-30 01:45:00+05:30,278.0,23.0,79.0,2023,12
2023-12-30 02:00:00+05:30,276.0,22.8,79.0,2023,12
2023-12-30 02:15:00+05:30,273.0,22.7,79.0,2023,12
2023-12-30 02:30:00+05:30,270.0,22.5,80.0,2023,12
2023-12-30 02:45:00+05:30,268.0,22.4,80.0,2023,12
2023-12-30 03:00:00+05:30,266.0,22.2,80.0,2023,12
2023-12-30 03:15:00+05:30,264.0,22.1,80.0,2023,12
2023-12-30 03:30:00+05:30,262.0,22.0,80.0,2023,12
2023-12-30 03:45:00+05:30,261.0,21.9,80.0,2023,12
2023-12-30 04:00:00+05:30,259.0,21.9,81.0,2023,12
2023-12-30 04:15:00+05:30,259.0,21.8,81.0,2023,12
2023-12-30 04:30:00+05:30,258.0,21.8,81.0,2023,12
2023-12-30 04:45:00+05:30,259.0,21.7,81.0,2023,12
2023-12-30 05:00:00+05:30,260.0,21.6,81.0,2023,12
2023-12-30 05:15:00+05:30,260.0,21.5,81.0,2023,12
2023-12-30 05:30:00+05:30,261.0,21.4,80.0,2023,12
2023-12-30 05:45:00+05:30,264.0,21.3,80.0,2023,12
2023-12-30 06:00:00+05:30,269.0,21.2,80.0,2023,12
2023-12-30 06:15:00+05:30,271.0,21.1,80.0,2023,12
2023-12-30 06:30:00+05:30,275.0,20.9,80.0,2023,12
2023-12-30 06:45:00+05:30,278.0,20.8,80.0,2023,12
2023-12-30 07:00:00+05:30,283.0,20.7,80.0,2023,12
2023-12-30 07:15:00+05:30,288.0,20.6,80.0,2023,12
2023-12-30 07:30:00+05:30,293.0,20.6,79.0,2023,12
2023-12-30 07:45:00+05:30,301.0,20.8,78.0,2023,12
2023-12-30 08:00:00+05:30,312.0,21.1,77.0,2023,12
2023-12-30 08:15:00+05:30,323.0,21.4,75.0,2023,12
2023-12-30 08:30:00+05:30,333.0,21.9,73.0,2023,12
2023-12-30 08:45:00+05:30,342.0,22.4,71.0,2023,12
2023-12-30 09:00:00+05:30,353.0,22.9,69.0,2023,12
2023-12-30 09:15:00+05:30,363.0,23.6,67.0,2023,12
2023-12-30 09:30:00+05:30,369.0,24.2,64.0,2023,12
2023-12-30 09:45:00+05:30,377.0,24.9,61.0,2023,12
2023-12-30 10:00:00+05:30,393.0,25.7,59.0,2023,12
2023-12-30 10:15:00+05:30,401.0,26.4,56.0,2023,12
2023-12-30 10:30:00+05:30,398.0,27.2,54.0,2023,12
2023-12-30 10:45:00+05:30,402.0,27.4,52.0,2023,12
2023-12-30 11:00:00+05:30,407.0,28.0,50.0,2023,12
2023-12-30 11:15:00+05:30,408.0,28.5,49.0,2023,12
2023-12-30 11:30:00+05:30,409.0,29.0,47.0,2023,12
2023-12-30 11:45:00+05:30,410.0,29.4,46.0,2023,12
2023-12-30 12:00:00+05:30,410.0,29.9,45.0,2023,12
2023-12-30 12:15:00+05:30,409.0,30.3,44.0,2023,12
2023-12-30 12:30:00+05:30,408.0,30.7,43.0,2023,12
2023-12-30 12:45:00+05:30,404.0,31.1,42.0,2023,12
2023-12-30 13:00:00+05:30,401.0,31.3,41.0,2023,12
2023-12-30 13:15:00+05:30,399.0,31.6,41.0,2023,12
2023-12-30 13:30:00+05:30,401.0,31.8,41.0,2023,12
2023-12-30 13:45:00+05:30,399.0,32.0,41.0,2023,12
2023-12-30 14:00:00+05:30,398.0,32.3,41.0,2023,12
2023-12-30 14:15:00+05:30,400.0,32.5,42.0,2023,12
2023-12-30 14:30:00+05:30,401.0,32.7,42.0,2023,12
2023-12-30 14:45:00+05:30,402.0,32.3,43.0,2023,12
2023-12-30 15:00:00+05:30,401.0,32.5,43.0,2023,12
2023-12-30 15:15:00+05:30,401.0,32.6,43.0,2023,12
2023-12-30 15:30:00+05:30,400.0,32.6,44.0,2023,12
2023-12-30 15:45:00+05:30,399.0,31.8,44.0,2023,12
2023-12-30 16:00:00+05:30,398.0,31.6,45.0,2023,12
2023-12-30 16:15:00+05:30,397.0,31.4,46.0,2023,12
2023-12-30 16:30:00+05:30,394.0,31.2,47.0,2023,12
2023-12-30 16:45:00+05:30,392.0,30.9,49.0,2023,12
2023-12-30 17:00:00+05:30,390.0,30.5,50.0,2023,12
2023-12-30 17:15:00+05:30,389.0,30.1,51.0,2023,12
2023-12-30 17:30:00+05:30,386.0,29.7,52.0,2023,12
2023-12-30 17:45:00+05:30,387.0,29.3,53.0,2023,12
2023-12-30 18:00:00+05:30,389.0,29.0,54.0,2023,12
2023-12-30 18:15:00+05:30,391.0,28.6,56.0,2023,12
2023-12-30 18:30:00+05:30,391.0,28.3,57.0,2023,12
2023-12-30 18:45:00+05:30,388.0,28.0,59.0,2023,12
2023-12-30 19:00:00+05:30,382.0,27.5,62.0,2023,12
2023-12-30 19:15:00+05:30,377.0,27.2,64.0,2023,12
2023-12-30 19:30:00+05:30,373.0,27.0,65.0,2023,12
2023-12-30 19:45:00+05:30,368.0,26.8,66.0,2023,12
2023-12-30 20:00:00+05:30,362.0,26.5,67.0,2023,12
2023-12-30 20:15:00+05:30,358.0,26.3,68.0,2023,12
2023-12-30 20:30:00+05:30,355.0,26.1,68.0,2023,12
2023-12-30 20:45:00+05:30,350.0,26.0,68.0,2023,12
2023-12-30 21:00:00+05:30,347.0,25.7,69.0,2023,12
2023-12-30 21:15:00+05:30,343.0,25.5,70.0,2023,12
2023-12-30 21:30:00+05:30,339.0,25.3,71.0,2023,12
2023-12-30 21:45:00+05:30,333.0,25.4,72.0,2023,12
2023-12-30 22:00:00+05:30,328.0,25.1,72.0,2023,12
2023-12-30 22:15:00+05:30,324.0,24.9,73.0,2023,12
2023-12-30 22:30:00+05:30,321.0,24.8,73.0,2023,12
2023-12-30 22:45:00+05:30,317.0,24.7,73.0,2023,12
2023-12-30 23:00:00+05:30,312.0,24.6,73.0,2023,12
2023-12-30 23:15:00+05:30,307.0,24.5,73.0,2023,12
2023-12-30 23:30:00+05:30,304.0,24.4,73.0,2023,12
2023-12-30 23:45:00+05:30,300.0,24.3,73.0,2023,12
2023-12-31 00:00:00+05:30,295.0,24.3,73.0,2023,12
2023-12-31 00:15:00+05:30,291.0,24.1,75.0,2023,12
2023-12-31 00:30:00+05:30,288.0,24.0,75.0,2023,12
2023-12-31 00:45:00+05:30,285.0,23.8,76.0,2023,12
2023-12-31 01:00:00+05:30,281.0,23.5,76.0,2023,12
2023-12-31 01:15:00+05:30,277.0,23.3,78.0,2023,12
2023-12-31 01:30:00+05:30,274.0,23.1,79.0,2023,12
2023-12-31 01:45:00+05:30,271.0,22.9,79.0,2023,12
2023-12-31 02:00:00+05:30,269.0,22.8,79.0,2023,12
2023-12-31 02:15:00+05:30,267.0,22.7,80.0,2023,12
2023-12-31 02:30:00+05:30,265.0,22.7,80.0,2023,12
2023-12-31 02:45:00+05:30,263.0,22.5,80.0,2023,12
2023-12-31 03:00:00+05:30,262.0,22.4,81.0,2023,12
2023-12-31 03:15:00+05:30,261.0,21.5,84.0,2023,12
2023-12-31 03:30:00+05:30,259.0,21.4,84.0,2023,12
2023-12-31 03:45:00+05:30,257.0,21.3,84.0,2023,12
2023-12-31 04:00:00+05:30,254.0,21.3,85.0,2023,12
2023-12-31 04:15:00+05:30,254.0,21.4,83.0,2023,12
2023-12-31 04:30:00+05:30,252.0,21.4,83.0,2023,12
2023-12-31 04:45:00+05:30,251.0,21.3,83.0,2023,12
2023-12-31 05:00:00+05:30,252.0,21.3,83.0,2023,12
2023-12-31 05:15:00+05:30,254.0,21.2,83.0,2023,12
2023-12-31 05:30:00+05:30,254.0,21.2,82.0,2023,12
2023-12-31 05:45:00+05:30,257.0,21.1,82.0,2023,12
2023-12-31 06:00:00+05:30,261.0,21.0,82.0,2023,12
2023-12-31 06:15:00+05:30,263.0,20.8,82.0,2023,12
2023-12-31 06:30:00+05:30,263.0,20.8,81.0,2023,12
2023-12-31 06:45:00+05:30,266.0,20.7,81.0,2023,12
2023-12-31 07:00:00+05:30,266.0,20.6,81.0,2023,12
2023-12-31 07:15:00+05:30,267.0,20.6,81.0,2023,12
2023-12-31 07:30:00+05:30,268.0,20.6,80.0,2023,12
2023-12-31 07:45:00+05:30,269.0,20.7,79.0,2023,12
2023-12-31 08:00:00+05:30,274.0,21.0,78.0,2023,12
2023-12-31 08:15:00+05:30,279.0,21.2,75.0,2023,12
2023-12-31 08:30:00+05:30,283.0,21.7,73.0,2023,12
2023-12-31 08:45:00+05:30,289.0,22.2,71.0,2023,12
2023-12-31 09:00:00+05:30,294.0,22.7,68.0,2023,12
2023-12-31 09:15:00+05:30,300.0,23.3,65.0,2023,12
2023-12-31 09:30:00+05:30,304.0,24.0,62.0,2023,12
2023-12-31 09:45:00+05:30,309.0,24.6,59.0,2023,12
2023-12-31 10:00:00+05:30,320.0,25.3,57.0,2023,12
2023-12-31 10:15:00+05:30,325.0,25.9,54.0,2023,12
2023-12-31 10:30:00+05:30,322.0,26.6,52.0,2023,12
2023-12-31 10:45:00+05:30,326.0,27.2,50.0,2023,12
2023-12-31 11:00:00+05:30,330.0,27.8,48.0,2023,12
2023-12-31 11:15:00+05:30,332.0,28.7,47.0,2023,12
2023-12-31 11:30:00+05:30,333.0,29.2,46.0,2023,12
2023-12-31 11:45:00+05:30,334.0,29.7,45.0,2023,12
2023-12-31 12:00:00+05:30,335.0,30.1,44.0,2023,12
2023-12-31 12:15:00+05:30,335.0,30.5,43.0,2023,12
2023-12-31 12:30:00+05:30,337.0,30.7,43.0,2023,12
2023-12-31 12:45:00+05:30,335.0,31.0,42.0,2023,12
2023-12-31 13:00:00+05:30,336.0,31.2,42.0,2023,12
2023-12-31 13:15:00+05:30,333.0,31.5,42.0,2023,12
2023-12-31 13:30:00+05:30,333.0,31.8,42.0,2023,12
2023-12-31 13:45:00+05:30,332.0,31.9,42.0,2023,12
2023-12-31 14:00:00+05:30,331.0,32.0,43.0,2023,12
2023-12-31 14:15:00+05:30,329.0,32.1,43.0,2023,12
2023-12-31 14:30:00+05:30,329.0,31.6,43.0,2023,12
2023-12-31 14:45:00+05:30,329.0,31.6,43.0,2023,12
2023-12-31 15:00:00+05:30,329.0,31.6,44.0,2023,12
2023-12-31 15:15:00+05:30,330.0,31.5,44.0,2023,12
2023-12-31 15:30:00+05:30,332.0,31.6,45.0,2023,12
2023-12-31 15:45:00+05:30,332.0,31.5,45.0,2023,12
2023-12-31 16:00:00+05:30,330.0,31.3,46.0,2023,12
2023-12-31 16:15:00+05:30,330.0,31.1,46.0,2023,12
2023-12-31 16:30:00+05:30,328.0,30.9,47.0,2023,12
2023-12-31 16:45:00+05:30,328.0,30.7,48.0,2023,12
2023-12-31 17:00:00+05:30,328.0,30.5,48.0,2023,12
2023-12-31 17:15:00+05:30,327.0,30.2,49.0,2023,12
2023-12-31 17:30:00+05:30,329.0,29.5,52.0,2023,12
2023-12-31 17:45:00+05:30,332.0,29.1,53.0,2023,12
2023-12-31 18:00:00+05:30,335.0,28.8,55.0,2023,12
2023-12-31 18:15:00+05:30,340.0,28.4,56.0,2023,12
2023-12-31 18:30:00+05:30,344.0,28.1,58.0,2023,12
2023-12-31 18:45:00+05:30,347.0,27.8,59.0,2023,12
2023-12-31 19:00:00+05:30,346.0,27.5,61.0,2023,12
2023-12-31 19:15:00+05:30,347.0,27.1,63.0,2023,12
2023-12-31 19:30:00+05:30,344.0,26.8,64.0,2023,12
2023-12-31 19:45:00+05:30,342.0,26.6,65.0,2023,12
2023-12-31 20:00:00+05:30,339.0,26.4,66.0,2023,12
2023-12-31 20:15:00+05:30,336.0,26.1,67.0,2023,12
2023-12-31 20:30:00+05:30,335.0,25.9,67.0,2023,12
2023-12-31 20:45:00+05:30,332.0,25.7,68.0,2023,12
2023-12-31 21:00:00+05:30,329.0,25.5,69.0,2023,12
2023-12-31 21:15:00+05:30,326.0,25.6,69.0,2023,12
2023-12-31 21:30:00+05:30,321.0,25.4,69.0,2023,12
2023-12-31 21:45:00+05:30,319.0,25.3,70.0,2023,12
2023-12-31 22:00:00+05:30,315.0,25.1,70.0,2023,12
2023-12-31 22:15:00+05:30,311.0,25.0,71.0,2023,12
2023-12-31 22:30:00+05:30,308.0,24.8,71.0,2023,12
2023-12-31 22:45:00+05:30,305.0,24.7,71.0,2023,12
2023-12-31 23:00:00+05:30,303.0,24.6,71.0,2023,12
2023-12-31 23:15:00+05:30,299.0,24.5,71.0,2023,12
2023-12-31 23:30:00+05:30,295.0,24.4,72.0,2023,12
2023-12-31 23:45:00+05:30,293.0,24.2,72.0,2023,12
2024-01-01 00:00:00+05:30,291.0,24.0,72.0,2024,1
2024-01-01 00:15:00+05:30,289.0,24.0,75.0,2024,1
2024-01-01 00:30:00+05:30,288.0,24.0,75.0,2024,1
2024-01-01 00:45:00+05:30,285.0,23.0,75.0,2024,1
2024-01-01 01:00:00+05:30,281.0,23.0,76.0,2024,1
2024-01-01 01:15:00+05:30,277.0,23.0,75.0,2024,1
2024-01-01 01:30:00+05:30,274.0,23.0,76.0,2024,1
2024-01-01 01:45:00+05:30,270.0,23.0,76.0,2024,1
2024-01-01 02:00:00+05:30,268.0,23.0,76.0,2024,1
2024-01-01 02:15:00+05:30,265.0,23.0,76.0,2024,1
2024-01-01 02:30:00+05:30,263.0,22.0,77.0,2024,1
2024-01-01 02:45:00+05:30,262.0,22.0,77.0,2024,1
2024-01-01 03:00:00+05:30,260.0,22.0,77.0,2024,1
2024-01-01 03:15:00+05:30,258.0,22.0,78.0,2024,1
2024-01-01 03:30:00+05:30,256.0,23.0,77.0,2024,1
2024-01-01 03:45:00+05:30,254.0,23.0,77.0,2024,1
2024-01-01 04:00:00+05:30,253.0,22.0,77.0,2024,1
2024-01-01 04:15:00+05:30,253.0,22.0,78.0,2024,1
2024-01-01 04:30:00+05:30,252.0,22.0,78.0,2024,1
2024-01-01 04:45:00+05:30,251.0,22.0,78.0,2024,1
2024-01-01 05:00:00+05:30,251.0,22.0,78.0,2024,1
2024-01-01 05:15:00+05:30,253.0,22.0,78.0,2024,1
2024-01-01 05:30:00+05:30,254.0,22.0,78.0,2024,1
2024-01-01 05:45:00+05:30,258.0,22.0,78.0,2024,1
2024-01-01 06:00:00+05:30,263.0,22.0,78.0,2024,1
2024-01-01 06:15:00+05:30,267.0,22.0,77.0,2024,1
2024-01-01 06:30:00+05:30,271.0,22.0,78.0,2024,1
2024-01-01 06:45:00+05:30,275.0,22.0,78.0,2024,1
2024-01-01 07:00:00+05:30,281.0,22.0,78.0,2024,1
2024-01-01 07:15:00+05:30,287.0,21.0,79.0,2024,1
2024-01-01 07:30:00+05:30,294.0,22.0,79.0,2024,1
2024-01-01 07:45:00+05:30,303.0,22.0,78.0,2024,1
2024-01-01 08:00:00+05:30,317.0,22.0,77.0,2024,1
2024-01-01 08:15:00+05:30,326.0,22.0,76.0,2024,1
2024-01-01 08:30:00+05:30,335.0,23.0,74.0,2024,1
2024-01-01 08:45:00+05:30,346.0,23.0,72.0,2024,1
2024-01-01 09:00:00+05:30,354.0,24.0,69.0,2024,1
2024-01-01 09:15:00+05:30,361.0,24.0,67.0,2024,1
2024-01-01 09:30:00+05:30,371.0,25.0,65.0,2024,1
2024-01-01 09:45:00+05:30,377.0,25.0,63.0,2024,1
2024-01-01 10:00:00+05:30,392.0,26.0,60.0,2024,1
2024-01-01 10:15:00+05:30,396.0,27.0,59.0,2024,1
2024-01-01 10:30:00+05:30,393.0,27.0,57.0,2024,1
2024-01-01 10:45:00+05:30,396.0,28.0,56.0,2024,1
2024-01-01 11:00:00+05:30,398.0,28.0,54.0,2024,1
2024-01-01 11:15:00+05:30,401.0,29.0,52.0,2024,1
2024-01-01 11:30:00+05:30,402.0,30.0,50.0,2024,1
2024-01-01 11:45:00+05:30,402.0,30.0,49.0,2024,1
2024-01-01 12:00:00+05:30,402.0,30.0,47.0,2024,1
2024-01-01 12:15:00+05:30,400.0,31.0,46.0,2024,1
2024-01-01 12:30:00+05:30,401.0,31.0,45.0,2024,1
2024-01-01 12:45:00+05:30,398.0,31.0,44.0,2024,1
2024-01-01 13:00:00+05:30,397.0,31.0,43.0,2024,1
2024-01-01 13:15:00+05:30,398.0,32.0,43.0,2024,1
2024-01-01 13:30:00+05:30,396.0,32.0,43.0,2024,1
2024-01-01 13:45:00+05:30,396.0,32.0,43.0,2024,1
2024-01-01 14:00:00+05:30,396.0,32.0,44.0,2024,1
2024-01-01 14:15:00+05:30,396.0,32.0,44.0,2024,1
2024-01-01 14:30:00+05:30,396.0,32.0,45.0,2024,1
2024-01-01 14:45:00+05:30,398.0,32.0,45.0,2024,1
2024-01-01 15:00:00+05:30,397.0,32.0,46.0,2024,1
2024-01-01 15:15:00+05:30,397.0,32.0,48.0,2024,1
2024-01-01 15:30:00+05:30,397.0,32.0,50.0,2024,1
2024-01-01 15:45:00+05:30,394.0,31.0,51.0,2024,1
2024-01-01 16:00:00+05:30,394.0,31.0,51.0,2024,1
2024-01-01 16:15:00+05:30,393.0,31.0,52.0,2024,1
2024-01-01 16:30:00+05:30,388.0,31.0,52.0,2024,1
2024-01-01 16:45:00+05:30,388.0,30.0,53.0,2024,1
2024-01-01 17:00:00+05:30,385.0,30.0,54.0,2024,1
2024-01-01 17:15:00+05:30,383.0,30.0,55.0,2024,1
2024-01-01 17:30:00+05:30,381.0,29.0,56.0,2024,1
2024-01-01 17:45:00+05:30,379.0,29.0,57.0,2024,1
2024-01-01 18:00:00+05:30,380.0,29.0,58.0,2024,1
2024-01-01 18:15:00+05:30,378.0,29.0,59.0,2024,1
2024-01-01 18:30:00+05:30,373.0,28.0,60.0,2024,1
2024-01-01 18:45:00+05:30,369.0,28.0,61.0,2024,1
2024-01-01 19:00:00+05:30,366.0,28.0,62.0,2024,1
2024-01-01 19:15:00+05:30,362.0,27.0,64.0,2024,1
2024-01-01 19:30:00+05:30,358.0,27.0,65.0,2024,1
2024-01-01 19:45:00+05:30,354.0,27.0,65.0,2024,1
2024-01-01 20:00:00+05:30,349.0,27.0,66.0,2024,1
2024-01-01 20:15:00+05:30,345.0,26.0,67.0,2024,1
2024-01-01 20:30:00+05:30,343.0,26.0,67.0,2024,1
2024-01-01 20:45:00+05:30,341.0,26.0,68.0,2024,1
2024-01-01 21:00:00+05:30,338.0,26.0,68.0,2024,1
2024-01-01 21:15:00+05:30,335.0,26.0,68.0,2024,1
2024-01-01 21:30:00+05:30,331.0,25.0,68.0,2024,1
2024-01-01 21:45:00+05:30,328.0,25.0,68.0,2024,1
2024-01-01 22:00:00+05:30,322.0,25.0,68.0,2024,1
2024-01-01 22:15:00+05:30,318.0,25.0,68.0,2024,1
2024-01-01 22:30:00+05:30,316.0,25.0,68.0,2024,1
2024-01-01 22:45:00+05:30,313.0,25.0,69.0,2024,1
2024-01-01 23:00:00+05:30,308.0,24.0,69.0,2024,1
2024-01-01 23:15:00+05:30,305.0,24.0,69.0,2024,1
2024-01-01 23:30:00+05:30,300.0,24.0,69.0,2024,1
2024-01-01 23:45:00+05:30,296.0,24.0,69.0,2024,1
2024-01-02 00:00:00+05:30,291.0,24.0,69.0,2024,1
2024-01-02 00:15:00+05:30,287.0,24.0,69.0,2024,1
2024-01-02 00:30:00+05:30,283.0,24.0,70.0,2024,1
2024-01-02 00:45:00+05:30,281.0,24.0,70.0,2024,1
2024-01-02 01:00:00+05:30,277.0,24.0,70.0,2024,1
2024-01-02 01:15:00+05:30,273.0,23.0,70.0,2024,1
2024-01-02 01:30:00+05:30,271.0,23.0,70.0,2024,1
2024-01-02 01:45:00+05:30,267.0,23.0,70.0,2024,1
2024-01-02 02:00:00+05:30,266.0,23.0,70.0,2024,1
2024-01-02 02:15:00+05:30,262.0,23.0,72.0,2024,1
2024-01-02 02:30:00+05:30,260.0,23.0,72.0,2024,1
2024-01-02 02:45:00+05:30,257.0,23.0,72.0,2024,1
2024-01-02 03:00:00+05:30,256.0,22.0,73.0,2024,1
2024-01-02 03:15:00+05:30,256.0,22.0,73.0,2024,1
2024-01-02 03:30:00+05:30,255.0,22.0,74.0,2024,1
2024-01-02 03:45:00+05:30,254.0,22.0,74.0,2024,1
2024-01-02 04:00:00+05:30,254.0,22.0,74.0,2024,1
2024-01-02 04:15:00+05:30,255.0,22.0,74.0,2024,1
2024-01-02 04:30:00+05:30,254.0,22.0,75.0,2024,1
2024-01-02 04:45:00+05:30,255.0,22.0,75.0,2024,1
2024-01-02 05:00:00+05:30,257.0,21.0,75.0,2024,1
2024-01-02 05:15:00+05:30,258.0,21.0,76.0,2024,1
2024-01-02 05:30:00+05:30,262.0,21.0,77.0,2024,1
2024-01-02 05:45:00+05:30,268.0,21.0,77.0,2024,1
2024-01-02 06:00:00+05:30,274.0,21.0,77.0,2024,1
2024-01-02 06:15:00+05:30,280.0,21.0,78.0,2024,1
2024-01-02 06:30:00+05:30,286.0,20.0,78.0,2024,1
2024-01-02 06:45:00+05:30,294.0,20.0,78.0,2024,1
2024-01-02 07:00:00+05:30,304.0,20.0,79.0,2024,1
2024-01-02 07:15:00+05:30,316.0,20.0,81.0,2024,1
2024-01-02 07:30:00+05:30,331.0,20.0,81.0,2024,1
2024-01-02 07:45:00+05:30,344.0,20.0,80.0,2024,1
2024-01-02 08:00:00+05:30,362.0,20.0,79.0,2024,1
2024-01-02 08:15:00+05:30,378.0,21.0,79.0,2024,1
2024-01-02 08:30:00+05:30,393.0,21.0,77.0,2024,1
2024-01-02 08:45:00+05:30,409.0,22.0,75.0,2024,1
2024-01-02 09:00:00+05:30,422.0,22.0,73.0,2024,1
2024-01-02 09:15:00+05:30,434.0,23.0,70.0,2024,1
2024-01-02 09:30:00+05:30,445.0,24.0,68.0,2024,1
2024-01-02 09:45:00+05:30,453.0,24.0,65.0,2024,1
2024-01-02 10:00:00+05:30,469.0,25.0,63.0,2024,1
2024-01-02 10:15:00+05:30,477.0,26.0,61.0,2024,1
2024-01-02 10:30:00+05:30,474.0,26.0,59.0,2024,1
2024-01-02 10:45:00+05:30,476.0,27.0,57.0,2024,1
2024-01-02 11:00:00+05:30,477.0,27.0,56.0,2024,1
2024-01-02 11:15:00+05:30,477.0,28.0,55.0,2024,1
2024-01-02 11:30:00+05:30,476.0,28.0,53.0,2024,1
2024-01-02 11:45:00+05:30,478.0,29.0,52.0,2024,1
2024-01-02 12:00:00+05:30,480.0,29.0,51.0,2024,1
2024-01-02 12:15:00+05:30,477.0,29.0,50.0,2024,1
2024-01-02 12:30:00+05:30,477.0,30.0,49.0,2024,1
2024-01-02 12:45:00+05:30,475.0,30.0,49.0,2024,1
2024-01-02 13:00:00+05:30,475.0,30.0,49.0,2024,1
2024-01-02 13:15:00+05:30,475.0,31.0,49.0,2024,1
2024-01-02 13:30:00+05:30,473.0,31.0,49.0,2024,1
2024-01-02 13:45:00+05:30,474.0,31.0,49.0,2024,1
2024-01-02 14:00:00+05:30,476.0,31.0,49.0,2024,1
2024-01-02 14:15:00+05:30,477.0,31.0,49.0,2024,1
2024-01-02 14:30:00+05:30,477.0,32.0,50.0,2024,1
2024-01-02 14:45:00+05:30,477.0,32.0,50.0,2024,1
2024-01-02 15:00:00+05:30,474.0,31.0,51.0,2024,1
2024-01-02 15:15:00+05:30,472.0,31.0,51.0,2024,1
2024-01-02 15:30:00+05:30,472.0,31.0,52.0,2024,1
2024-01-02 15:45:00+05:30,470.0,31.0,52.0,2024,1
2024-01-02 16:00:00+05:30,468.0,31.0,52.0,2024,1
2024-01-02 16:15:00+05:30,468.0,30.0,52.0,2024,1
2024-01-02 16:30:00+05:30,466.0,30.0,52.0,2024,1
2024-01-02 16:45:00+05:30,463.0,30.0,53.0,2024,1
2024-01-02 17:00:00+05:30,456.0,29.0,54.0,2024,1
2024-01-02 17:15:00+05:30,453.0,29.0,57.0,2024,1
2024-01-02 17:30:00+05:30,447.0,29.0,58.0,2024,1
2024-01-02 17:45:00+05:30,442.0,28.0,59.0,2024,1
2024-01-02 18:00:00+05:30,440.0,28.0,61.0,2024,1
2024-01-02 18:15:00+05:30,438.0,28.0,62.0,2024,1
2024-01-02 18:30:00+05:30,431.0,27.0,65.0,2024,1
2024-01-02 18:45:00+05:30,427.0,27.0,66.0,2024,1
2024-01-02 19:00:00+05:30,417.0,27.0,67.0,2024,1
2024-01-02 19:15:00+05:30,409.0,26.0,68.0,2024,1
2024-01-02 19:30:00+05:30,401.0,26.0,70.0,2024,1
2024-01-02 19:45:00+05:30,394.0,26.0,71.0,2024,1
2024-01-02 20:00:00+05:30,384.0,26.0,71.0,2024,1
2024-01-02 20:15:00+05:30,376.0,25.0,71.0,2024,1
2024-01-02 20:30:00+05:30,372.0,25.0,72.0,2024,1
2024-01-02 20:45:00+05:30,366.0,25.0,72.0,2024,1
2024-01-02 21:00:00+05:30,359.0,25.0,72.0,2024,1
2024-01-02 21:15:00+05:30,353.0,25.0,72.0,2024,1
2024-01-02 21:30:00+05:30,347.0,24.0,72.0,2024,1
2024-01-02 21:45:00+05:30,342.0,24.0,72.0,2024,1
2024-01-02 22:00:00+05:30,336.0,24.0,72.0,2024,1
2024-01-02 22:15:00+05:30,330.0,24.0,72.0,2024,1
2024-01-02 22:30:00+05:30,326.0,24.0,73.0,2024,1
2024-01-02 22:45:00+05:30,320.0,23.0,73.0,2024,1
2024-01-02 23:00:00+05:30,315.0,23.0,73.0,2024,1
2024-01-02 23:15:00+05:30,308.0,23.0,74.0,2024,1
2024-01-02 23:30:00+05:30,302.0,23.0,74.0,2024,1
2024-01-02 23:45:00+05:30,298.0,22.0,74.0,2024,1
2024-01-03 00:00:00+05:30,292.0,22.0,73.0,2024,1
2024-01-03 00:15:00+05:30,288.0,22.0,73.0,2024,1
2024-01-03 00:30:00+05:30,284.0,22.0,76.0,2024,1
2024-01-03 00:45:00+05:30,279.0,22.0,76.0,2024,1
2024-01-03 01:00:00+05:30,275.0,22.0,75.0,2024,1
2024-01-03 01:15:00+05:30,273.0,22.0,73.0,2024,1
2024-01-03 01:30:00+05:30,270.0,22.0,73.0,2024,1
2024-01-03 01:45:00+05:30,269.0,22.0,74.0,2024,1
2024-01-03 02:00:00+05:30,266.0,22.0,73.0,2024,1
2024-01-03 02:15:00+05:30,262.0,22.0,73.0,2024,1
2024-01-03 02:30:00+05:30,260.0,22.0,73.0,2024,1
2024-01-03 02:45:00+05:30,258.0,21.0,73.0,2024,1
2024-01-03 03:00:00+05:30,256.0,21.0,72.0,2024,1
2024-01-03 03:15:00+05:30,254.0,21.0,73.0,2024,1
2024-01-03 03:30:00+05:30,253.0,21.0,72.0,2024,1
2024-01-03 03:45:00+05:30,251.0,21.0,72.0,2024,1
2024-01-03 04:00:00+05:30,251.0,21.0,73.0,2024,1
2024-01-03 04:15:00+05:30,253.0,21.0,74.0,2024,1
2024-01-03 04:30:00+05:30,257.0,21.0,73.0,2024,1
2024-01-03 04:45:00+05:30,258.0,21.0,74.0,2024,1
2024-01-03 05:00:00+05:30,259.0,21.0,74.0,2024,1
2024-01-03 05:15:00+05:30,261.0,21.0,74.0,2024,1
2024-01-03 05:30:00+05:30,265.0,20.0,77.0,2024,1
2024-01-03 05:45:00+05:30,269.0,21.0,76.0,2024,1
2024-01-03 06:00:00+05:30,277.0,21.0,77.0,2024,1
2024-01-03 06:15:00+05:30,285.0,21.0,78.0,2024,1
2024-01-03 06:30:00+05:30,293.0,20.0,79.0,2024,1
2024-01-03 06:45:00+05:30,302.0,20.0,79.0,2024,1
2024-01-03 07:00:00+05:30,311.0,20.0,80.0,2024,1
2024-01-03 07:15:00+05:30,320.0,20.0,80.0,2024,1
2024-01-03 07:30:00+05:30,334.0,20.0,80.0,2024,1
2024-01-03 07:45:00+05:30,348.0,21.0,79.0,2024,1
2024-01-03 08:00:00+05:30,364.0,21.0,78.0,2024,1
2024-01-03 08:15:00+05:30,378.0,21.0,77.0,2024,1
2024-01-03 08:30:00+05:30,392.0,22.0,75.0,2024,1
2024-01-03 08:45:00+05:30,405.0,22.0,74.0,2024,1
2024-01-03 09:00:00+05:30,418.0,23.0,72.0,2024,1
2024-01-03 09:15:00+05:30,428.0,23.0,70.0,2024,1
2024-01-03 09:30:00+05:30,437.0,24.0,69.0,2024,1
2024-01-03 09:45:00+05:30,444.0,24.0,67.0,2024,1
2024-01-03 10:00:00+05:30,459.0,25.0,65.0,2024,1
2024-01-03 10:15:00+05:30,466.0,26.0,63.0,2024,1
2024-01-03 10:30:00+05:30,463.0,26.0,61.0,2024,1
2024-01-03 10:45:00+05:30,467.0,27.0,60.0,2024,1
2024-01-03 11:00:00+05:30,468.0,27.0,58.0,2024,1
2024-01-03 11:15:00+05:30,466.0,28.0,56.0,2024,1
2024-01-03 11:30:00+05:30,468.0,28.0,55.0,2024,1
2024-01-03 11:45:00+05:30,467.0,28.0,54.0,2024,1
2024-01-03 12:00:00+05:30,468.0,29.0,53.0,2024,1
2024-01-03 12:15:00+05:30,469.0,29.0,52.0,2024,1
2024-01-03 12:30:00+05:30,470.0,30.0,51.0,2024,1
2024-01-03 12:45:00+05:30,468.0,30.0,50.0,2024,1
2024-01-03 13:00:00+05:30,466.0,30.0,50.0,2024,1
2024-01-03 13:15:00+05:30,463.0,30.0,49.0,2024,1
2024-01-03 13:30:00+05:30,462.0,30.0,50.0,2024,1
2024-01-03 13:45:00+05:30,464.0,30.0,50.0,2024,1
2024-01-03 14:00:00+05:30,468.0,31.0,51.0,2024,1
2024-01-03 14:15:00+05:30,471.0,31.0,51.0,2024,1
2024-01-03 14:30:00+05:30,475.0,31.0,50.0,2024,1
2024-01-03 14:45:00+05:30,475.0,31.0,51.0,2024,1
2024-01-03 15:00:00+05:30,475.0,31.0,51.0,2024,1
2024-01-03 15:15:00+05:30,471.0,30.0,52.0,2024,1
2024-01-03 15:30:00+05:30,468.0,30.0,53.0,2024,1
2024-01-03 15:45:00+05:30,468.0,30.0,53.0,2024,1
2024-01-03 16:00:00+05:30,468.0,30.0,53.0,2024,1
2024-01-03 16:15:00+05:30,465.0,29.0,54.0,2024,1
2024-01-03 16:30:00+05:30,461.0,29.0,54.0,2024,1
2024-01-03 16:45:00+05:30,457.0,29.0,54.0,2024,1
2024-01-03 17:00:00+05:30,450.0,29.0,55.0,2024,1
2024-01-03 17:15:00+05:30,447.0,29.0,56.0,2024,1
2024-01-03 17:30:00+05:30,442.0,28.0,58.0,2024,1
2024-01-03 17:45:00+05:30,440.0,28.0,59.0,2024,1
2024-01-03 18:00:00+05:30,437.0,27.0,60.0,2024,1
2024-01-03 18:15:00+05:30,434.0,27.0,61.0,2024,1
2024-01-03 18:30:00+05:30,429.0,27.0,62.0,2024,1
2024-01-03 18:45:00+05:30,422.0,26.0,63.0,2024,1
2024-01-03 19:00:00+05:30,414.0,26.0,63.0,2024,1
2024-01-03 19:15:00+05:30,407.0,26.0,64.0,2024,1
2024-01-03 19:30:00+05:30,398.0,26.0,65.0,2024,1
2024-01-03 19:45:00+05:30,391.0,25.0,65.0,2024,1
2024-01-03 20:00:00+05:30,384.0,25.0,66.0,2024,1
2024-01-03 20:15:00+05:30,374.0,25.0,66.0,2024,1
2024-01-03 20:30:00+05:30,369.0,25.0,67.0,2024,1
2024-01-03 20:45:00+05:30,365.0,24.0,68.0,2024,1
2024-01-03 21:00:00+05:30,359.0,24.0,68.0,2024,1
2024-01-03 21:15:00+05:30,355.0,24.0,69.0,2024,1
2024-01-03 21:30:00+05:30,346.0,24.0,71.0,2024,1
2024-01-03 21:45:00+05:30,342.0,23.0,71.0,2024,1
2024-01-03 22:00:00+05:30,335.0,23.0,71.0,2024,1
2024-01-03 22:15:00+05:30,331.0,23.0,72.0,2024,1
2024-01-03 22:30:00+05:30,326.0,23.0,73.0,2024,1
2024-01-03 22:45:00+05:30,320.0,23.0,73.0,2024,1
2024-01-03 23:00:00+05:30,315.0,23.0,74.0,2024,1
2024-01-03 23:15:00+05:30,309.0,22.0,74.0,2024,1
2024-01-03 23:30:00+05:30,304.0,22.0,76.0,2024,1
2024-01-03 23:45:00+05:30,299.0,22.0,77.0,2024,1
2024-01-04 00:00:00+05:30,293.0,22.0,77.0,2024,1
2024-01-04 00:15:00+05:30,287.0,22.0,78.0,2024,1
2024-01-04 00:30:00+05:30,281.0,22.0,77.0,2024,1
2024-01-04 00:45:00+05:30,278.0,22.0,78.0,2024,1
2024-01-04 01:00:00+05:30,274.0,22.0,78.0,2024,1
2024-01-04 01:15:00+05:30,270.0,22.0,79.0,2024,1
2024-01-04 01:30:00+05:30,266.0,22.0,79.0,2024,1
2024-01-04 01:45:00+05:30,266.0,22.0,79.0,2024,1
2024-01-04 02:00:00+05:30,263.0,21.0,80.0,2024,1
2024-01-04 02:15:00+05:30,261.0,21.0,80.0,2024,1
2024-01-04 02:30:00+05:30,258.0,21.0,80.0,2024,1
2024-01-04 02:45:00+05:30,256.0,21.0,81.0,2024,1
2024-01-04 03:00:00+05:30,254.0,21.0,81.0,2024,1
2024-01-04 03:15:00+05:30,253.0,21.0,81.0,2024,1
2024-01-04 03:30:00+05:30,252.0,21.0,83.0,2024,1
2024-01-04 03:45:00+05:30,251.0,21.0,83.0,2024,1
2024-01-04 04:00:00+05:30,249.0,21.0,83.0,2024,1
2024-01-04 04:15:00+05:30,251.0,20.0,83.0,2024,1
2024-01-04 04:30:00+05:30,254.0,20.0,80.0,2024,1
2024-01-04 04:45:00+05:30,254.0,20.0,81.0,2024,1
2024-01-04 05:00:00+05:30,255.0,20.0,81.0,2024,1
2024-01-04 05:15:00+05:30,257.0,20.0,81.0,2024,1
2024-01-04 05:30:00+05:30,261.0,20.0,83.0,2024,1
2024-01-04 05:45:00+05:30,264.0,20.0,83.0,2024,1
2024-01-04 06:00:00+05:30,273.0,19.0,83.0,2024,1
2024-01-04 06:15:00+05:30,283.0,19.0,83.0,2024,1
2024-01-04 06:30:00+05:30,292.0,19.0,84.0,2024,1
2024-01-04 06:45:00+05:30,301.0,19.0,84.0,2024,1
2024-01-04 07:00:00+05:30,311.0,19.0,84.0,2024,1
2024-01-04 07:15:00+05:30,322.0,19.0,84.0,2024,1
2024-01-04 07:30:00+05:30,335.0,20.0,85.0,2024,1
2024-01-04 07:45:00+05:30,349.0,20.0,84.0,2024,1
2024-01-04 08:00:00+05:30,368.0,20.0,84.0,2024,1
2024-01-04 08:15:00+05:30,380.0,20.0,83.0,2024,1
2024-01-04 08:30:00+05:30,394.0,20.0,84.0,2024,1
2024-01-04 08:45:00+05:30,409.0,21.0,83.0,2024,1
2024-01-04 09:00:00+05:30,421.0,21.0,81.0,2024,1
2024-01-04 09:15:00+05:30,432.0,22.0,79.0,2024,1
2024-01-04 09:30:00+05:30,441.0,22.0,76.0,2024,1
2024-01-04 09:45:00+05:30,448.0,23.0,74.0,2024,1
2024-01-04 10:00:00+05:30,467.0,24.0,72.0,2024,1
2024-01-04 10:15:00+05:30,474.0,24.0,70.0,2024,1
2024-01-04 10:30:00+05:30,470.0,25.0,69.0,2024,1
2024-01-04 10:45:00+05:30,471.0,25.0,67.0,2024,1
2024-01-04 11:00:00+05:30,473.0,26.0,65.0,2024,1
2024-01-04 11:15:00+05:30,472.0,26.0,64.0,2024,1
2024-01-04 11:30:00+05:30,468.0,27.0,62.0,2024,1
2024-01-04 11:45:00+05:30,467.0,27.0,61.0,2024,1
2024-01-04 12:00:00+05:30,468.0,28.0,60.0,2024,1
2024-01-04 12:15:00+05:30,463.0,28.0,59.0,2024,1
2024-01-04 12:30:00+05:30,463.0,28.0,58.0,2024,1
2024-01-04 12:45:00+05:30,464.0,28.0,58.0,2024,1
2024-01-04 13:00:00+05:30,463.0,29.0,57.0,2024,1
2024-01-04 13:15:00+05:30,461.0,29.0,56.0,2024,1
2024-01-04 13:30:00+05:30,457.0,29.0,57.0,2024,1
2024-01-04 13:45:00+05:30,458.0,29.0,57.0,2024,1
2024-01-04 14:00:00+05:30,461.0,29.0,56.0,2024,1
2024-01-04 14:15:00+05:30,460.0,29.0,56.0,2024,1
2024-01-04 14:30:00+05:30,461.0,29.0,56.0,2024,1
2024-01-04 14:45:00+05:30,460.0,29.0,55.0,2024,1
2024-01-04 15:00:00+05:30,461.0,29.0,55.0,2024,1
2024-01-04 15:15:00+05:30,461.0,29.0,55.0,2024,1
2024-01-04 15:30:00+05:30,461.0,29.0,55.0,2024,1
2024-01-04 15:45:00+05:30,460.0,28.0,55.0,2024,1
2024-01-04 16:00:00+05:30,460.0,28.0,56.0,2024,1
2024-01-04 16:15:00+05:30,458.0,28.0,56.0,2024,1
2024-01-04 16:30:00+05:30,455.0,28.0,57.0,2024,1
2024-01-04 16:45:00+05:30,453.0,27.0,58.0,2024,1
2024-01-04 17:00:00+05:30,448.0,27.0,58.0,2024,1
2024-01-04 17:15:00+05:30,445.0,27.0,59.0,2024,1
2024-01-04 17:30:00+05:30,440.0,26.0,61.0,2024,1
2024-01-04 17:45:00+05:30,437.0,26.0,63.0,2024,1
2024-01-04 18:00:00+05:30,434.0,26.0,64.0,2024,1
2024-01-04 18:15:00+05:30,430.0,25.0,66.0,2024,1
2024-01-04 18:30:00+05:30,426.0,25.0,68.0,2024,1
2024-01-04 18:45:00+05:30,420.0,25.0,70.0,2024,1
2024-01-04 19:00:00+05:30,410.0,24.0,72.0,2024,1
2024-01-04 19:15:00+05:30,405.0,24.0,74.0,2024,1
2024-01-04 19:30:00+05:30,398.0,24.0,74.0,2024,1
2024-01-04 19:45:00+05:30,393.0,23.0,76.0,2024,1
2024-01-04 20:00:00+05:30,383.0,23.0,77.0,2024,1
2024-01-04 20:15:00+05:30,375.0,23.0,79.0,2024,1
2024-01-04 20:30:00+05:30,370.0,23.0,79.0,2024,1
2024-01-04 20:45:00+05:30,364.0,23.0,80.0,2024,1
2024-01-04 21:00:00+05:30,357.0,23.0,81.0,2024,1
2024-01-04 21:15:00+05:30,351.0,22.0,82.0,2024,1
2024-01-04 21:30:00+05:30,345.0,22.0,82.0,2024,1
2024-01-04 21:45:00+05:30,340.0,22.0,83.0,2024,1
2024-01-04 22:00:00+05:30,333.0,22.0,83.0,2024,1
2024-01-04 22:15:00+05:30,327.0,22.0,84.0,2024,1
2024-01-04 22:30:00+05:30,321.0,22.0,82.0,2024,1
2024-01-04 22:45:00+05:30,316.0,22.0,82.0,2024,1
2024-01-04 23:00:00+05:30,309.0,22.0,82.0,2024,1
2024-01-04 23:15:00+05:30,303.0,22.0,82.0,2024,1
2024-01-04 23:30:00+05:30,296.0,22.0,82.0,2024,1
2024-01-04 23:45:00+05:30,292.0,22.0,82.0,2024,1
2024-01-05 00:00:00+05:30,286.0,21.0,82.0,2024,1
2024-01-05 00:15:00+05:30,282.0,21.0,82.0,2024,1
2024-01-05 00:30:00+05:30,279.0,21.0,82.0,2024,1
2024-01-05 00:45:00+05:30,275.0,21.0,82.0,2024,1
2024-01-05 01:00:00+05:30,272.0,21.0,82.0,2024,1
2024-01-05 01:15:00+05:30,268.0,21.0,83.0,2024,1
2024-01-05 01:30:00+05:30,266.0,21.0,84.0,2024,1
2024-01-05 01:45:00+05:30,263.0,21.0,84.0,2024,1
2024-01-05 02:00:00+05:30,260.0,21.0,85.0,2024,1
2024-01-05 02:15:00+05:30,259.0,20.0,85.0,2024,1
2024-01-05 02:30:00+05:30,257.0,20.0,87.0,2024,1
2024-01-05 02:45:00+05:30,254.0,20.0,87.0,2024,1
2024-01-05 03:00:00+05:30,253.0,20.0,88.0,2024,1
2024-01-05 03:15:00+05:30,252.0,20.0,88.0,2024,1
2024-01-05 03:30:00+05:30,250.0,20.0,88.0,2024,1
2024-01-05 03:45:00+05:30,248.0,19.0,88.0,2024,1
2024-01-05 04:00:00+05:30,247.0,19.0,88.0,2024,1
2024-01-05 04:15:00+05:30,249.0,19.0,88.0,2024,1
2024-01-05 04:30:00+05:30,251.0,19.0,89.0,2024,1
2024-01-05 04:45:00+05:30,253.0,19.0,89.0,2024,1
2024-01-05 05:00:00+05:30,255.0,19.0,89.0,2024,1
2024-01-05 05:15:00+05:30,258.0,19.0,89.0,2024,1
2024-01-05 05:30:00+05:30,263.0,19.0,90.0,2024,1
2024-01-05 05:45:00+05:30,269.0,19.0,90.0,2024,1
2024-01-05 06:00:00+05:30,278.0,19.0,89.0,2024,1
2024-01-05 06:15:00+05:30,287.0,19.0,89.0,2024,1
2024-01-05 06:30:00+05:30,294.0,19.0,89.0,2024,1
2024-01-05 06:45:00+05:30,303.0,19.0,89.0,2024,1
2024-01-05 07:00:00+05:30,311.0,19.0,90.0,2024,1
2024-01-05 07:15:00+05:30,319.0,19.0,90.0,2024,1
2024-01-05 07:30:00+05:30,331.0,19.0,90.0,2024,1
2024-01-05 07:45:00+05:30,343.0,19.0,89.0,2024,1
2024-01-05 08:00:00+05:30,363.0,19.0,89.0,2024,1
2024-01-05 08:15:00+05:30,379.0,19.0,88.0,2024,1
2024-01-05 08:30:00+05:30,392.0,20.0,86.0,2024,1
2024-01-05 08:45:00+05:30,405.0,20.0,84.0,2024,1
2024-01-05 09:00:00+05:30,418.0,21.0,82.0,2024,1
2024-01-05 09:15:00+05:30,431.0,21.0,79.0,2024,1
2024-01-05 09:30:00+05:30,437.0,21.0,79.0,2024,1
2024-01-05 09:45:00+05:30,444.0,22.0,76.0,2024,1
2024-01-05 10:00:00+05:30,457.0,22.0,73.0,2024,1
2024-01-05 10:15:00+05:30,463.0,23.0,70.0,2024,1
2024-01-05 10:30:00+05:30,461.0,23.0,68.0,2024,1
2024-01-05 10:45:00+05:30,465.0,24.0,65.0,2024,1
2024-01-05 11:00:00+05:30,464.0,25.0,62.0,2024,1
2024-01-05 11:15:00+05:30,464.0,25.0,60.0,2024,1
2024-01-05 11:30:00+05:30,464.0,26.0,58.0,2024,1
2024-01-05 11:45:00+05:30,462.0,26.0,56.0,2024,1
2024-01-05 12:00:00+05:30,461.0,27.0,54.0,2024,1
2024-01-05 12:15:00+05:30,459.0,27.0,53.0,2024,1
2024-01-05 12:30:00+05:30,463.0,28.0,51.0,2024,1
2024-01-05 12:45:00+05:30,462.0,28.0,50.0,2024,1
2024-01-05 13:00:00+05:30,461.0,28.0,49.0,2024,1
2024-01-05 13:15:00+05:30,458.0,28.0,49.0,2024,1
2024-01-05 13:30:00+05:30,457.0,29.0,51.0,2024,1
2024-01-05 13:45:00+05:30,456.0,29.0,51.0,2024,1
2024-01-05 14:00:00+05:30,459.0,29.0,51.0,2024,1
2024-01-05 14:15:00+05:30,462.0,29.0,51.0,2024,1
2024-01-05 14:30:00+05:30,463.0,30.0,52.0,2024,1
2024-01-05 14:45:00+05:30,463.0,30.0,52.0,2024,1
2024-01-05 15:00:00+05:30,464.0,30.0,51.0,2024,1
2024-01-05 15:15:00+05:30,464.0,29.0,51.0,2024,1
2024-01-05 15:30:00+05:30,465.0,29.0,50.0,2024,1
2024-01-05 15:45:00+05:30,463.0,29.0,50.0,2024,1
2024-01-05 16:00:00+05:30,463.0,29.0,50.0,2024,1
2024-01-05 16:15:00+05:30,460.0,29.0,50.0,2024,1
2024-01-05 16:30:00+05:30,457.0,29.0,50.0,2024,1
2024-01-05 16:45:00+05:30,455.0,29.0,51.0,2024,1
2024-01-05 17:00:00+05:30,452.0,28.0,51.0,2024,1
2024-01-05 17:15:00+05:30,449.0,28.0,52.0,2024,1
2024-01-05 17:30:00+05:30,444.0,28.0,54.0,2024,1
2024-01-05 17:45:00+05:30,440.0,27.0,55.0,2024,1
2024-01-05 18:00:00+05:30,438.0,27.0,57.0,2024,1
2024-01-05 18:15:00+05:30,434.0,27.0,59.0,2024,1
2024-01-05 18:30:00+05:30,431.0,26.0,63.0,2024,1
2024-01-05 18:45:00+05:30,426.0,25.0,65.0,2024,1
2024-01-05 19:00:00+05:30,415.0,25.0,67.0,2024,1
2024-01-05 19:15:00+05:30,409.0,25.0,68.0,2024,1
2024-01-05 19:30:00+05:30,400.0,25.0,69.0,2024,1
2024-01-05 19:45:00+05:30,394.0,24.0,70.0,2024,1
2024-01-05 20:00:00+05:30,386.0,24.0,70.0,2024,1
2024-01-05 20:15:00+05:30,380.0,24.0,71.0,2024,1
2024-01-05 20:30:00+05:30,372.0,24.0,73.0,2024,1
2024-01-05 20:45:00+05:30,367.0,23.0,73.0,2024,1
2024-01-05 21:00:00+05:30,360.0,23.0,73.0,2024,1
2024-01-05 21:15:00+05:30,355.0,23.0,74.0,2024,1
2024-01-05 21:30:00+05:30,348.0,23.0,74.0,2024,1
2024-01-05 21:45:00+05:30,340.0,23.0,75.0,2024,1
2024-01-05 22:00:00+05:30,334.0,23.0,75.0,2024,1
2024-01-05 22:15:00+05:30,329.0,22.0,76.0,2024,1
2024-01-05 22:30:00+05:30,325.0,22.0,76.0,2024,1
2024-01-05 22:45:00+05:30,317.0,22.0,77.0,2024,1
2024-01-05 23:00:00+05:30,312.0,22.0,77.0,2024,1
2024-01-05 23:15:00+05:30,306.0,22.0,77.0,2024,1
2024-01-05 23:30:00+05:30,299.0,22.0,77.0,2024,1
2024-01-05 23:45:00+05:30,295.0,22.0,78.0,2024,1
2024-01-06 00:00:00+05:30,290.0,21.0,78.0,2024,1
2024-01-06 00:15:00+05:30,285.0,21.0,79.0,2024,1
2024-01-06 00:30:00+05:30,281.0,21.0,78.0,2024,1
2024-01-06 00:45:00+05:30,276.0,21.0,79.0,2024,1
2024-01-06 01:00:00+05:30,272.0,21.0,79.0,2024,1
2024-01-06 01:15:00+05:30,270.0,21.0,79.0,2024,1
2024-01-06 01:30:00+05:30,267.0,21.0,78.0,2024,1
2024-01-06 01:45:00+05:30,263.0,20.0,78.0,2024,1
2024-01-06 02:00:00+05:30,261.0,20.0,79.0,2024,1
2024-01-06 02:15:00+05:30,257.0,20.0,79.0,2024,1
2024-01-06 02:30:00+05:30,255.0,20.0,78.0,2024,1
2024-01-06 02:45:00+05:30,255.0,20.0,79.0,2024,1
2024-01-06 03:00:00+05:30,253.0,20.0,79.0,2024,1
2024-01-06 03:15:00+05:30,251.0,20.0,79.0,2024,1
2024-01-06 03:30:00+05:30,249.0,20.0,79.0,2024,1
2024-01-06 03:45:00+05:30,247.0,20.0,79.0,2024,1
2024-01-06 04:00:00+05:30,245.0,20.0,79.0,2024,1
2024-01-06 04:15:00+05:30,246.0,20.0,79.0,2024,1
2024-01-06 04:30:00+05:30,246.0,20.0,79.0,2024,1
2024-01-06 04:45:00+05:30,248.0,20.0,79.0,2024,1
2024-01-06 05:00:00+05:30,248.0,20.0,79.0,2024,1
2024-01-06 05:15:00+05:30,249.0,20.0,79.0,2024,1
2024-01-06 05:30:00+05:30,252.0,20.0,78.0,2024,1
2024-01-06 05:45:00+05:30,256.0,20.0,78.0,2024,1
2024-01-06 06:00:00+05:30,262.0,20.0,78.0,2024,1
2024-01-06 06:15:00+05:30,266.0,20.0,78.0,2024,1
2024-01-06 06:30:00+05:30,270.0,20.0,79.0,2024,1
2024-01-06 06:45:00+05:30,275.0,20.0,79.0,2024,1
2024-01-06 07:00:00+05:30,282.0,20.0,78.0,2024,1
2024-01-06 07:15:00+05:30,287.0,20.0,78.0,2024,1
2024-01-06 07:30:00+05:30,295.0,20.0,77.0,2024,1
2024-01-06 07:45:00+05:30,304.0,20.0,76.0,2024,1
2024-01-06 08:00:00+05:30,319.0,21.0,74.0,2024,1
2024-01-06 08:15:00+05:30,332.0,21.0,73.0,2024,1
2024-01-06 08:30:00+05:30,341.0,21.0,70.0,2024,1
2024-01-06 08:45:00+05:30,350.0,22.0,68.0,2024,1
2024-01-06 09:00:00+05:30,360.0,22.0,66.0,2024,1
2024-01-06 09:15:00+05:30,369.0,23.0,64.0,2024,1
2024-01-06 09:30:00+05:30,378.0,24.0,62.0,2024,1
2024-01-06 09:45:00+05:30,385.0,24.0,60.0,2024,1
2024-01-06 10:00:00+05:30,400.0,25.0,58.0,2024,1
2024-01-06 10:15:00+05:30,408.0,26.0,56.0,2024,1
2024-01-06 10:30:00+05:30,404.0,26.0,54.0,2024,1
2024-01-06 10:45:00+05:30,406.0,27.0,52.0,2024,1
2024-01-06 11:00:00+05:30,409.0,27.0,51.0,2024,1
2024-01-06 11:15:00+05:30,409.0,28.0,49.0,2024,1
2024-01-06 11:30:00+05:30,408.0,28.0,47.0,2024,1
2024-01-06 11:45:00+05:30,407.0,29.0,46.0,2024,1
2024-01-06 12:00:00+05:30,408.0,29.0,45.0,2024,1
2024-01-06 12:15:00+05:30,408.0,30.0,45.0,2024,1
2024-01-06 12:30:00+05:30,408.0,30.0,44.0,2024,1
2024-01-06 12:45:00+05:30,406.0,30.0,43.0,2024,1
2024-01-06 13:00:00+05:30,404.0,31.0,43.0,2024,1
2024-01-06 13:15:00+05:30,398.0,31.0,43.0,2024,1
2024-01-06 13:30:00+05:30,396.0,31.0,45.0,2024,1
2024-01-06 13:45:00+05:30,396.0,31.0,45.0,2024,1
2024-01-06 14:00:00+05:30,398.0,31.0,46.0,2024,1
2024-01-06 14:15:00+05:30,401.0,31.0,46.0,2024,1
2024-01-06 14:30:00+05:30,403.0,31.0,47.0,2024,1
2024-01-06 14:45:00+05:30,401.0,31.0,48.0,2024,1
2024-01-06 15:00:00+05:30,400.0,31.0,49.0,2024,1
2024-01-06 15:15:00+05:30,400.0,31.0,50.0,2024,1
2024-01-06 15:30:00+05:30,401.0,30.0,51.0,2024,1
2024-01-06 15:45:00+05:30,400.0,30.0,52.0,2024,1
2024-01-06 16:00:00+05:30,397.0,29.0,53.0,2024,1
2024-01-06 16:15:00+05:30,395.0,29.0,54.0,2024,1
2024-01-06 16:30:00+05:30,395.0,29.0,55.0,2024,1
2024-01-06 16:45:00+05:30,390.0,28.0,56.0,2024,1
2024-01-06 17:00:00+05:30,388.0,28.0,57.0,2024,1
2024-01-06 17:15:00+05:30,385.0,28.0,59.0,2024,1
2024-01-06 17:30:00+05:30,383.0,28.0,55.0,2024,1
2024-01-06 17:45:00+05:30,382.0,28.0,57.0,2024,1
2024-01-06 18:00:00+05:30,386.0,28.0,58.0,2024,1
2024-01-06 18:15:00+05:30,386.0,27.0,60.0,2024,1
2024-01-06 18:30:00+05:30,386.0,27.0,61.0,2024,1
2024-01-06 18:45:00+05:30,382.0,27.0,62.0,2024,1
2024-01-06 19:00:00+05:30,375.0,27.0,63.0,2024,1
2024-01-06 19:15:00+05:30,371.0,26.0,64.0,2024,1
2024-01-06 19:30:00+05:30,366.0,26.0,65.0,2024,1
2024-01-06 19:45:00+05:30,363.0,26.0,65.0,2024,1
2024-01-06 20:00:00+05:30,358.0,26.0,66.0,2024,1
2024-01-06 20:15:00+05:30,353.0,26.0,66.0,2024,1
2024-01-06 20:30:00+05:30,349.0,25.0,67.0,2024,1
2024-01-06 20:45:00+05:30,342.0,25.0,67.0,2024,1
2024-01-06 21:00:00+05:30,335.0,25.0,67.0,2024,1
2024-01-06 21:15:00+05:30,331.0,25.0,67.0,2024,1
2024-01-06 21:30:00+05:30,328.0,25.0,68.0,2024,1
2024-01-06 21:45:00+05:30,324.0,24.0,69.0,2024,1
2024-01-06 22:00:00+05:30,318.0,24.0,69.0,2024,1
2024-01-06 22:15:00+05:30,314.0,24.0,69.0,2024,1
2024-01-06 22:30:00+05:30,310.0,24.0,70.0,2024,1
2024-01-06 22:45:00+05:30,304.0,24.0,70.0,2024,1
2024-01-06 23:00:00+05:30,301.0,24.0,71.0,2024,1
2024-01-06 23:15:00+05:30,298.0,24.0,71.0,2024,1
2024-01-06 23:30:00+05:30,294.0,24.0,71.0,2024,1
2024-01-06 23:45:00+05:30,290.0,24.0,71.0,2024,1
2024-01-07 00:00:00+05:30,285.0,23.0,72.0,2024,1
2024-01-07 00:15:00+05:30,280.0,23.0,72.0,2024,1
2024-01-07 00:30:00+05:30,275.0,23.0,73.0,2024,1
2024-01-07 00:45:00+05:30,270.0,23.0,73.0,2024,1
2024-01-07 01:00:00+05:30,266.0,23.0,73.0,2024,1
2024-01-07 01:15:00+05:30,265.0,22.0,74.0,2024,1
2024-01-07 01:30:00+05:30,263.0,22.0,77.0,2024,1
2024-01-07 01:45:00+05:30,260.0,21.0,78.0,2024,1
2024-01-07 02:00:00+05:30,259.0,21.0,78.0,2024,1
2024-01-07 02:15:00+05:30,256.0,21.0,79.0,2024,1
2024-01-07 02:30:00+05:30,254.0,21.0,79.0,2024,1
2024-01-07 02:45:00+05:30,253.0,21.0,79.0,2024,1
2024-01-07 03:00:00+05:30,252.0,21.0,79.0,2024,1
2024-01-07 03:15:00+05:30,250.0,21.0,79.0,2024,1
2024-01-07 03:30:00+05:30,248.0,20.0,78.0,2024,1
2024-01-07 03:45:00+05:30,245.0,20.0,78.0,2024,1
2024-01-07 04:00:00+05:30,245.0,20.0,78.0,2024,1
2024-01-07 04:15:00+05:30,246.0,20.0,78.0,2024,1
2024-01-07 04:30:00+05:30,246.0,20.0,78.0,2024,1
2024-01-07 04:45:00+05:30,247.0,20.0,78.0,2024,1
2024-01-07 05:00:00+05:30,248.0,21.0,78.0,2024,1
2024-01-07 05:15:00+05:30,248.0,21.0,78.0,2024,1
2024-01-07 05:30:00+05:30,249.0,21.0,78.0,2024,1
2024-01-07 05:45:00+05:30,250.0,21.0,78.0,2024,1
2024-01-07 06:00:00+05:30,254.0,21.0,78.0,2024,1
2024-01-07 06:15:00+05:30,257.0,21.0,78.0,2024,1
2024-01-07 06:30:00+05:30,259.0,20.0,78.0,2024,1
2024-01-07 06:45:00+05:30,260.0,20.0,77.0,2024,1
2024-01-07 07:00:00+05:30,261.0,21.0,77.0,2024,1
2024-01-07 07:15:00+05:30,263.0,21.0,77.0,2024,1
2024-01-07 07:30:00+05:30,268.0,21.0,77.0,2024,1
2024-01-07 07:45:00+05:30,274.0,22.0,76.0,2024,1
2024-01-07 08:00:00+05:30,281.0,22.0,75.0,2024,1
2024-01-07 08:15:00+05:30,286.0,22.0,74.0,2024,1
2024-01-07 08:30:00+05:30,290.0,23.0,74.0,2024,1
2024-01-07 08:45:00+05:30,296.0,23.0,72.0,2024,1
2024-01-07 09:00:00+05:30,300.0,24.0,70.0,2024,1
2024-01-07 09:15:00+05:30,306.0,24.0,68.0,2024,1
2024-01-07 09:30:00+05:30,312.0,25.0,67.0,2024,1
2024-01-07 09:45:00+05:30,316.0,25.0,66.0,2024,1
2024-01-07 10:00:00+05:30,328.0,26.0,64.0,2024,1
2024-01-07 10:15:00+05:30,335.0,26.0,62.0,2024,1
2024-01-07 10:30:00+05:30,331.0,27.0,60.0,2024,1
2024-01-07 10:45:00+05:30,338.0,27.0,59.0,2024,1
2024-01-07 11:00:00+05:30,340.0,28.0,57.0,2024,1
2024-01-07 11:15:00+05:30,343.0,28.0,56.0,2024,1
2024-01-07 11:30:00+05:30,343.0,28.0,56.0,2024,1
2024-01-07 11:45:00+05:30,345.0,29.0,55.0,2024,1
2024-01-07 12:00:00+05:30,344.0,29.0,54.0,2024,1
2024-01-07 12:15:00+05:30,346.0,29.0,53.0,2024,1
2024-01-07 12:30:00+05:30,347.0,30.0,49.0,2024,1
2024-01-07 12:45:00+05:30,346.0,30.0,49.0,2024,1
2024-01-07 13:00:00+05:30,343.0,30.0,48.0,2024,1
2024-01-07 13:15:00+05:30,343.0,30.0,48.0,2024,1
2024-01-07 13:30:00+05:30,342.0,30.0,49.0,2024,1
2024-01-07 13:45:00+05:30,340.0,31.0,49.0,2024,1
2024-01-07 14:00:00+05:30,339.0,31.0,49.0,2024,1
2024-01-07 14:15:00+05:30,340.0,31.0,49.0,2024,1
2024-01-07 14:30:00+05:30,339.0,30.0,50.0,2024,1
2024-01-07 14:45:00+05:30,337.0,30.0,50.0,2024,1
2024-01-07 15:00:00+05:30,338.0,30.0,51.0,2024,1
2024-01-07 15:15:00+05:30,339.0,30.0,52.0,2024,1
2024-01-07 15:30:00+05:30,335.0,30.0,53.0,2024,1
2024-01-07 15:45:00+05:30,333.0,30.0,53.0,2024,1
2024-01-07 16:00:00+05:30,333.0,30.0,54.0,2024,1
2024-01-07 16:15:00+05:30,331.0,29.0,55.0,2024,1
2024-01-07 16:30:00+05:30,328.0,29.0,57.0,2024,1
2024-01-07 16:45:00+05:30,330.0,29.0,57.0,2024,1
2024-01-07 17:00:00+05:30,329.0,28.0,58.0,2024,1
2024-01-07 17:15:00+05:30,328.0,28.0,59.0,2024,1
2024-01-07 17:30:00+05:30,330.0,28.0,61.0,2024,1
2024-01-07 17:45:00+05:30,332.0,28.0,62.0,2024,1
2024-01-07 18:00:00+05:30,338.0,28.0,64.0,2024,1
2024-01-07 18:15:00+05:30,342.0,28.0,65.0,2024,1
2024-01-07 18:30:00+05:30,341.0,27.0,67.0,2024,1
2024-01-07 18:45:00+05:30,340.0,27.0,68.0,2024,1
2024-01-07 19:00:00+05:30,339.0,26.0,69.0,2024,1
2024-01-07 19:15:00+05:30,338.0,26.0,70.0,2024,1
2024-01-07 19:30:00+05:30,335.0,26.0,71.0,2024,1
2024-01-07 19:45:00+05:30,334.0,26.0,72.0,2024,1
2024-01-07 20:00:00+05:30,330.0,26.0,72.0,2024,1
2024-01-07 20:15:00+05:30,327.0,25.0,73.0,2024,1
2024-01-07 20:30:00+05:30,324.0,25.0,74.0,2024,1
2024-01-07 20:45:00+05:30,320.0,25.0,75.0,2024,1
2024-01-07 21:00:00+05:30,319.0,25.0,75.0,2024,1
2024-01-07 21:15:00+05:30,318.0,25.0,76.0,2024,1
2024-01-07 21:30:00+05:30,316.0,25.0,76.0,2024,1
2024-01-07 21:45:00+05:30,314.0,24.0,76.0,2024,1
2024-01-07 22:00:00+05:30,308.0,24.0,76.0,2024,1
2024-01-07 22:15:00+05:30,306.0,24.0,76.0,2024,1
2024-01-07 22:30:00+05:30,302.0,24.0,76.0,2024,1
2024-01-07 22:45:00+05:30,297.0,24.0,77.0,2024,1
2024-01-07 23:00:00+05:30,294.0,24.0,77.0,2024,1
2024-01-07 23:15:00+05:30,290.0,24.0,77.0,2024,1
2024-01-07 23:30:00+05:30,285.0,24.0,78.0,2024,1
2024-01-07 23:45:00+05:30,282.0,24.0,78.0,2024,1
2024-01-08 00:00:00+05:30,276.0,23.0,72.0,2024,1
2024-01-08 00:15:00+05:30,271.0,23.0,72.0,2024,1
2024-01-08 00:30:00+05:30,266.0,23.0,73.0,2024,1
2024-01-08 00:45:00+05:30,263.0,23.0,73.0,2024,1
2024-01-08 01:00:00+05:30,260.0,23.0,73.0,2024,1
2024-01-08 01:15:00+05:30,258.0,22.0,74.0,2024,1
2024-01-08 01:30:00+05:30,255.0,22.0,77.0,2024,1
2024-01-08 01:45:00+05:30,253.0,21.0,78.0,2024,1
2024-01-08 02:00:00+05:30,251.0,21.0,78.0,2024,1
2024-01-08 02:15:00+05:30,249.0,21.0,79.0,2024,1
2024-01-08 02:30:00+05:30,248.0,21.0,79.0,2024,1
2024-01-08 02:45:00+05:30,245.0,21.0,79.0,2024,1
2024-01-08 03:00:00+05:30,244.0,21.0,79.0,2024,1
2024-01-08 03:15:00+05:30,243.0,21.0,79.0,2024,1
2024-01-08 03:30:00+05:30,243.0,20.0,78.0,2024,1
2024-01-08 03:45:00+05:30,242.0,20.0,78.0,2024,1
2024-01-08 04:00:00+05:30,241.0,20.0,78.0,2024,1
2024-01-08 04:15:00+05:30,242.0,20.0,78.0,2024,1
2024-01-08 04:30:00+05:30,245.0,20.0,78.0,2024,1
2024-01-08 04:45:00+05:30,247.0,20.0,78.0,2024,1
2024-01-08 05:00:00+05:30,249.0,21.0,78.0,2024,1
2024-01-08 05:15:00+05:30,252.0,21.0,78.0,2024,1
2024-01-08 05:30:00+05:30,257.0,21.0,78.0,2024,1
2024-01-08 05:45:00+05:30,263.0,21.0,78.0,2024,1
2024-01-08 06:00:00+05:30,270.0,21.0,78.0,2024,1
2024-01-08 06:15:00+05:30,282.0,21.0,78.0,2024,1
2024-01-08 06:30:00+05:30,293.0,20.0,78.0,2024,1
2024-01-08 06:45:00+05:30,303.0,20.0,77.0,2024,1
2024-01-08 07:00:00+05:30,312.0,21.0,77.0,2024,1
2024-01-08 07:15:00+05:30,324.0,21.0,77.0,2024,1
2024-01-08 07:30:00+05:30,340.0,21.0,77.0,2024,1
2024-01-08 07:45:00+05:30,356.0,22.0,76.0,2024,1
2024-01-08 08:00:00+05:30,373.0,22.0,75.0,2024,1
2024-01-08 08:15:00+05:30,388.0,22.0,74.0,2024,1
2024-01-08 08:30:00+05:30,403.0,23.0,74.0,2024,1
2024-01-08 08:45:00+05:30,418.0,23.0,72.0,2024,1
2024-01-08 09:00:00+05:30,431.0,24.0,70.0,2024,1
2024-01-08 09:15:00+05:30,441.0,24.0,68.0,2024,1
2024-01-08 09:30:00+05:30,449.0,25.0,67.0,2024,1
2024-01-08 09:45:00+05:30,458.0,25.0,66.0,2024,1
2024-01-08 10:00:00+05:30,473.0,26.0,64.0,2024,1
2024-01-08 10:15:00+05:30,478.0,26.0,62.0,2024,1
2024-01-08 10:30:00+05:30,474.0,27.0,60.0,2024,1
2024-01-08 10:45:00+05:30,479.0,27.0,59.0,2024,1
2024-01-08 11:00:00+05:30,483.0,28.0,57.0,2024,1
2024-01-08 11:15:00+05:30,481.0,28.0,56.0,2024,1
2024-01-08 11:30:00+05:30,480.0,28.0,56.0,2024,1
2024-01-08 11:45:00+05:30,478.0,29.0,55.0,2024,1
2024-01-08 12:00:00+05:30,478.0,29.0,54.0,2024,1
2024-01-08 12:15:00+05:30,476.0,29.0,53.0,2024,1
2024-01-08 12:30:00+05:30,477.0,30.0,49.0,2024,1
2024-01-08 12:45:00+05:30,476.0,30.0,49.0,2024,1
2024-01-08 13:00:00+05:30,473.0,30.0,48.0,2024,1
2024-01-08 13:15:00+05:30,471.0,30.0,48.0,2024,1
2024-01-08 13:30:00+05:30,470.0,30.0,49.0,2024,1
2024-01-08 13:45:00+05:30,469.0,31.0,49.0,2024,1
2024-01-08 14:00:00+05:30,472.0,31.0,49.0,2024,1
2024-01-08 14:15:00+05:30,477.0,31.0,49.0,2024,1
2024-01-08 14:30:00+05:30,480.0,30.0,50.0,2024,1
2024-01-08 14:45:00+05:30,481.0,30.0,50.0,2024,1
2024-01-08 15:00:00+05:30,481.0,30.0,51.0,2024,1
2024-01-08 15:15:00+05:30,482.0,30.0,52.0,2024,1
2024-01-08 15:30:00+05:30,479.0,30.0,53.0,2024,1
2024-01-08 15:45:00+05:30,475.0,30.0,53.0,2024,1
2024-01-08 16:00:00+05:30,473.0,30.0,54.0,2024,1
2024-01-08 16:15:00+05:30,472.0,29.0,55.0,2024,1
2024-01-08 16:30:00+05:30,467.0,29.0,57.0,2024,1
2024-01-08 16:45:00+05:30,465.0,29.0,57.0,2024,1
2024-01-08 17:00:00+05:30,462.0,28.0,58.0,2024,1
2024-01-08 17:15:00+05:30,459.0,28.0,59.0,2024,1
2024-01-08 17:30:00+05:30,455.0,28.0,61.0,2024,1
2024-01-08 17:45:00+05:30,452.0,28.0,62.0,2024,1
2024-01-08 18:00:00+05:30,449.0,28.0,64.0,2024,1
2024-01-08 18:15:00+05:30,445.0,28.0,65.0,2024,1
2024-01-08 18:30:00+05:30,441.0,27.0,67.0,2024,1
2024-01-08 18:45:00+05:30,436.0,27.0,68.0,2024,1
2024-01-08 19:00:00+05:30,429.0,26.0,69.0,2024,1
2024-01-08 19:15:00+05:30,418.0,26.0,70.0,2024,1
2024-01-08 19:30:00+05:30,408.0,26.0,71.0,2024,1
2024-01-08 19:45:00+05:30,403.0,26.0,72.0,2024,1
2024-01-08 20:00:00+05:30,395.0,26.0,72.0,2024,1
2024-01-08 20:15:00+05:30,388.0,25.0,73.0,2024,1
2024-01-08 20:30:00+05:30,381.0,25.0,74.0,2024,1
2024-01-08 20:45:00+05:30,376.0,25.0,75.0,2024,1
2024-01-08 21:00:00+05:30,369.0,25.0,75.0,2024,1
2024-01-08 21:15:00+05:30,362.0,25.0,76.0,2024,1
2024-01-08 21:30:00+05:30,357.0,25.0,76.0,2024,1
2024-01-08 21:45:00+05:30,352.0,24.0,76.0,2024,1
2024-01-08 22:00:00+05:30,345.0,24.0,76.0,2024,1
2024-01-08 22:15:00+05:30,339.0,24.0,76.0,2024,1
2024-01-08 22:30:00+05:30,333.0,24.0,76.0,2024,1
2024-01-08 22:45:00+05:30,329.0,24.0,77.0,2024,1
2024-01-08 23:00:00+05:30,325.0,24.0,77.0,2024,1
2024-01-08 23:15:00+05:30,318.0,24.0,77.0,2024,1
2024-01-08 23:30:00+05:30,311.0,24.0,78.0,2024,1
2024-01-08 23:45:00+05:30,307.0,24.0,78.0,2024,1
2024-01-09 00:00:00+05:30,301.0,25.0,74.0,2024,1
2024-01-09 00:15:00+05:30,296.0,25.0,74.0,2024,1
2024-01-09 00:30:00+05:30,290.0,24.0,75.0,2024,1
2024-01-09 00:45:00+05:30,286.0,24.0,76.0,2024,1
2024-01-09 01:00:00+05:30,282.0,24.0,76.0,2024,1
2024-01-09 01:15:00+05:30,279.0,24.0,77.0,2024,1
2024-01-09 01:30:00+05:30,278.0,24.0,77.0,2024,1
2024-01-09 01:45:00+05:30,276.0,24.0,78.0,2024,1
2024-01-09 02:00:00+05:30,273.0,24.0,78.0,2024,1
2024-01-09 02:15:00+05:30,271.0,24.0,78.0,2024,1
2024-01-09 02:30:00+05:30,269.0,24.0,79.0,2024,1
2024-01-09 02:45:00+05:30,267.0,24.0,79.0,2024,1
2024-01-09 03:00:00+05:30,266.0,24.0,79.0,2024,1
2024-01-09 03:15:00+05:30,264.0,24.0,80.0,2024,1
2024-01-09 03:30:00+05:30,262.0,23.0,80.0,2024,1
2024-01-09 03:45:00+05:30,260.0,23.0,81.0,2024,1
2024-01-09 04:00:00+05:30,259.0,23.0,81.0,2024,1
2024-01-09 04:15:00+05:30,260.0,23.0,81.0,2024,1
2024-01-09 04:30:00+05:30,259.0,23.0,80.0,2024,1
2024-01-09 04:45:00+05:30,261.0,23.0,80.0,2024,1
2024-01-09 05:00:00+05:30,265.0,23.0,80.0,2024,1
2024-01-09 05:15:00+05:30,268.0,23.0,80.0,2024,1
2024-01-09 05:30:00+05:30,273.0,23.0,82.0,2024,1
2024-01-09 05:45:00+05:30,279.0,23.0,83.0,2024,1
2024-01-09 06:00:00+05:30,286.0,23.0,83.0,2024,1
2024-01-09 06:15:00+05:30,294.0,23.0,83.0,2024,1
2024-01-09 06:30:00+05:30,303.0,23.0,81.0,2024,1
2024-01-09 06:45:00+05:30,311.0,23.0,81.0,2024,1
2024-01-09 07:00:00+05:30,321.0,23.0,81.0,2024,1
2024-01-09 07:15:00+05:30,333.0,23.0,81.0,2024,1
2024-01-09 07:30:00+05:30,347.0,23.0,81.0,2024,1
2024-01-09 07:45:00+05:30,359.0,23.0,80.0,2024,1
2024-01-09 08:00:00+05:30,376.0,23.0,79.0,2024,1
2024-01-09 08:15:00+05:30,391.0,23.0,78.0,2024,1
2024-01-09 08:30:00+05:30,407.0,23.0,78.0,2024,1
2024-01-09 08:45:00+05:30,422.0,24.0,77.0,2024,1
2024-01-09 09:00:00+05:30,435.0,24.0,76.0,2024,1
2024-01-09 09:15:00+05:30,443.0,24.0,74.0,2024,1
2024-01-09 09:30:00+05:30,453.0,25.0,72.0,2024,1
2024-01-09 09:45:00+05:30,463.0,25.0,71.0,2024,1
2024-01-09 10:00:00+05:30,479.0,25.0,70.0,2024,1
2024-01-09 10:15:00+05:30,484.0,26.0,69.0,2024,1
2024-01-09 10:30:00+05:30,481.0,27.0,63.0,2024,1
2024-01-09 10:45:00+05:30,483.0,27.0,61.0,2024,1
2024-01-09 11:00:00+05:30,486.0,28.0,60.0,2024,1
2024-01-09 11:15:00+05:30,485.0,28.0,59.0,2024,1
2024-01-09 11:30:00+05:30,484.0,29.0,58.0,2024,1
2024-01-09 11:45:00+05:30,485.0,29.0,57.0,2024,1
2024-01-09 12:00:00+05:30,486.0,29.0,57.0,2024,1
2024-01-09 12:15:00+05:30,484.0,30.0,57.0,2024,1
2024-01-09 12:30:00+05:30,483.0,30.0,57.0,2024,1
2024-01-09 12:45:00+05:30,482.0,30.0,57.0,2024,1
2024-01-09 13:00:00+05:30,478.0,30.0,56.0,2024,1
2024-01-09 13:15:00+05:30,474.0,30.0,56.0,2024,1
2024-01-09 13:30:00+05:30,475.0,30.0,56.0,2024,1
2024-01-09 13:45:00+05:30,476.0,31.0,56.0,2024,1
2024-01-09 14:00:00+05:30,479.0,31.0,56.0,2024,1
2024-01-09 14:15:00+05:30,481.0,31.0,56.0,2024,1
2024-01-09 14:30:00+05:30,484.0,31.0,56.0,2024,1
2024-01-09 14:45:00+05:30,482.0,30.0,57.0,2024,1
2024-01-09 15:00:00+05:30,483.0,30.0,57.0,2024,1
2024-01-09 15:15:00+05:30,479.0,30.0,58.0,2024,1
2024-01-09 15:30:00+05:30,479.0,30.0,59.0,2024,1
2024-01-09 15:45:00+05:30,478.0,30.0,59.0,2024,1
2024-01-09 16:00:00+05:30,474.0,30.0,60.0,2024,1
2024-01-09 16:15:00+05:30,472.0,30.0,60.0,2024,1
2024-01-09 16:30:00+05:30,470.0,30.0,60.0,2024,1
2024-01-09 16:45:00+05:30,468.0,29.0,60.0,2024,1
2024-01-09 17:00:00+05:30,465.0,29.0,61.0,2024,1
2024-01-09 17:15:00+05:30,460.0,29.0,62.0,2024,1
2024-01-09 17:30:00+05:30,457.0,28.0,64.0,2024,1
2024-01-09 17:45:00+05:30,457.0,28.0,64.0,2024,1
2024-01-09 18:00:00+05:30,452.0,28.0,65.0,2024,1
2024-01-09 18:15:00+05:30,446.0,28.0,66.0,2024,1
2024-01-09 18:30:00+05:30,440.0,27.0,67.0,2024,1
2024-01-09 18:45:00+05:30,433.0,27.0,68.0,2024,1
2024-01-09 19:00:00+05:30,426.0,27.0,69.0,2024,1
2024-01-09 19:15:00+05:30,421.0,27.0,70.0,2024,1
2024-01-09 19:30:00+05:30,414.0,27.0,71.0,2024,1
2024-01-09 19:45:00+05:30,407.0,26.0,71.0,2024,1
2024-01-09 20:00:00+05:30,399.0,26.0,72.0,2024,1
2024-01-09 20:15:00+05:30,394.0,26.0,72.0,2024,1
2024-01-09 20:30:00+05:30,387.0,26.0,73.0,2024,1
2024-01-09 20:45:00+05:30,380.0,26.0,73.0,2024,1
2024-01-09 21:00:00+05:30,377.0,26.0,74.0,2024,1
2024-01-09 21:15:00+05:30,371.0,25.0,74.0,2024,1
2024-01-09 21:30:00+05:30,365.0,25.0,76.0,2024,1
2024-01-09 21:45:00+05:30,360.0,25.0,77.0,2024,1
2024-01-09 22:00:00+05:30,353.0,25.0,77.0,2024,1
2024-01-09 22:15:00+05:30,347.0,25.0,78.0,2024,1
2024-01-09 22:30:00+05:30,341.0,25.0,79.0,2024,1
2024-01-09 22:45:00+05:30,336.0,25.0,80.0,2024,1
2024-01-09 23:00:00+05:30,332.0,25.0,80.0,2024,1
2024-01-09 23:15:00+05:30,325.0,24.0,81.0,2024,1
2024-01-09 23:30:00+05:30,319.0,24.0,81.0,2024,1
2024-01-09 23:45:00+05:30,314.0,24.0,82.0,2024,1
2024-01-10 00:00:00+05:30,310.0,24.0,82.0,2024,1
2024-01-10 00:15:00+05:30,306.0,24.0,83.0,2024,1
2024-01-10 00:30:00+05:30,300.0,24.0,82.0,2024,1
2024-01-10 00:45:00+05:30,295.0,24.0,83.0,2024,1
2024-01-10 01:00:00+05:30,290.0,24.0,83.0,2024,1
2024-01-10 01:15:00+05:30,285.0,24.0,84.0,2024,1
2024-01-10 01:30:00+05:30,282.0,24.0,84.0,2024,1
2024-01-10 01:45:00+05:30,278.0,24.0,85.0,2024,1
2024-01-10 02:00:00+05:30,277.0,24.0,85.0,2024,1
2024-01-10 02:15:00+05:30,276.0,24.0,86.0,2024,1
2024-01-10 02:30:00+05:30,274.0,24.0,86.0,2024,1
2024-01-10 02:45:00+05:30,272.0,24.0,86.0,2024,1
2024-01-10 03:00:00+05:30,270.0,24.0,86.0,2024,1
2024-01-10 03:15:00+05:30,268.0,24.0,86.0,2024,1
2024-01-10 03:30:00+05:30,265.0,24.0,86.0,2024,1
2024-01-10 03:45:00+05:30,263.0,23.0,87.0,2024,1
2024-01-10 04:00:00+05:30,262.0,23.0,87.0,2024,1
2024-01-10 04:15:00+05:30,262.0,23.0,88.0,2024,1
2024-01-10 04:30:00+05:30,264.0,23.0,88.0,2024,1
2024-01-10 04:45:00+05:30,265.0,23.0,88.0,2024,1
2024-01-10 05:00:00+05:30,267.0,23.0,88.0,2024,1
2024-01-10 05:15:00+05:30,269.0,22.0,89.0,2024,1
2024-01-10 05:30:00+05:30,272.0,22.0,88.0,2024,1
2024-01-10 05:45:00+05:30,278.0,22.0,88.0,2024,1
2024-01-10 06:00:00+05:30,290.0,22.0,88.0,2024,1
2024-01-10 06:15:00+05:30,298.0,22.0,88.0,2024,1
2024-01-10 06:30:00+05:30,307.0,22.0,86.0,2024,1
2024-01-10 06:45:00+05:30,318.0,22.0,86.0,2024,1
2024-01-10 07:00:00+05:30,327.0,22.0,86.0,2024,1
2024-01-10 07:15:00+05:30,336.0,22.0,86.0,2024,1
2024-01-10 07:30:00+05:30,350.0,23.0,85.0,2024,1
2024-01-10 07:45:00+05:30,363.0,23.0,84.0,2024,1
2024-01-10 08:00:00+05:30,380.0,23.0,84.0,2024,1
2024-01-10 08:15:00+05:30,395.0,23.0,83.0,2024,1
2024-01-10 08:30:00+05:30,410.0,23.0,82.0,2024,1
2024-01-10 08:45:00+05:30,427.0,24.0,81.0,2024,1
2024-01-10 09:00:00+05:30,439.0,24.0,80.0,2024,1
2024-01-10 09:15:00+05:30,448.0,24.0,78.0,2024,1
2024-01-10 09:30:00+05:30,457.0,24.0,79.0,2024,1
2024-01-10 09:45:00+05:30,464.0,25.0,77.0,2024,1
2024-01-10 10:00:00+05:30,476.0,25.0,76.0,2024,1
2024-01-10 10:15:00+05:30,481.0,26.0,74.0,2024,1
2024-01-10 10:30:00+05:30,479.0,27.0,71.0,2024,1
2024-01-10 10:45:00+05:30,483.0,27.0,70.0,2024,1
2024-01-10 11:00:00+05:30,484.0,28.0,68.0,2024,1
2024-01-10 11:15:00+05:30,484.0,28.0,66.0,2024,1
2024-01-10 11:30:00+05:30,484.0,28.0,64.0,2024,1
2024-01-10 11:45:00+05:30,481.0,29.0,62.0,2024,1
2024-01-10 12:00:00+05:30,481.0,29.0,61.0,2024,1
2024-01-10 12:15:00+05:30,478.0,30.0,60.0,2024,1
2024-01-10 12:30:00+05:30,478.0,30.0,57.0,2024,1
2024-01-10 12:45:00+05:30,475.0,30.0,56.0,2024,1
2024-01-10 13:00:00+05:30,470.0,30.0,56.0,2024,1
2024-01-10 13:15:00+05:30,468.0,30.0,55.0,2024,1
2024-01-10 13:30:00+05:30,467.0,31.0,54.0,2024,1
2024-01-10 13:45:00+05:30,467.0,31.0,54.0,2024,1
2024-01-10 14:00:00+05:30,467.0,31.0,54.0,2024,1
2024-01-10 14:15:00+05:30,471.0,31.0,54.0,2024,1
2024-01-10 14:30:00+05:30,469.0,31.0,54.0,2024,1
2024-01-10 14:45:00+05:30,472.0,31.0,55.0,2024,1
2024-01-10 15:00:00+05:30,470.0,31.0,55.0,2024,1
2024-01-10 15:15:00+05:30,469.0,31.0,55.0,2024,1
2024-01-10 15:30:00+05:30,469.0,31.0,55.0,2024,1
2024-01-10 15:45:00+05:30,468.0,31.0,55.0,2024,1
2024-01-10 16:00:00+05:30,468.0,30.0,57.0,2024,1
2024-01-10 16:15:00+05:30,467.0,30.0,58.0,2024,1
2024-01-10 16:30:00+05:30,464.0,30.0,59.0,2024,1
2024-01-10 16:45:00+05:30,463.0,30.0,60.0,2024,1
2024-01-10 17:00:00+05:30,460.0,29.0,62.0,2024,1
2024-01-10 17:15:00+05:30,458.0,29.0,63.0,2024,1
2024-01-10 17:30:00+05:30,454.0,29.0,62.0,2024,1
2024-01-10 17:45:00+05:30,451.0,29.0,63.0,2024,1
2024-01-10 18:00:00+05:30,447.0,28.0,64.0,2024,1
2024-01-10 18:15:00+05:30,445.0,28.0,65.0,2024,1
2024-01-10 18:30:00+05:30,440.0,29.0,64.0,2024,1
2024-01-10 18:45:00+05:30,433.0,28.0,65.0,2024,1
2024-01-10 19:00:00+05:30,425.0,28.0,66.0,2024,1
2024-01-10 19:15:00+05:30,419.0,28.0,67.0,2024,1
2024-01-10 19:30:00+05:30,412.0,28.0,69.0,2024,1
2024-01-10 19:45:00+05:30,405.0,27.0,69.0,2024,1
2024-01-10 20:00:00+05:30,396.0,27.0,70.0,2024,1
2024-01-10 20:15:00+05:30,388.0,27.0,71.0,2024,1
2024-01-10 20:30:00+05:30,383.0,27.0,71.0,2024,1
2024-01-10 20:45:00+05:30,377.0,26.0,72.0,2024,1
2024-01-10 21:00:00+05:30,373.0,26.0,72.0,2024,1
2024-01-10 21:15:00+05:30,368.0,26.0,72.0,2024,1
2024-01-10 21:30:00+05:30,361.0,26.0,74.0,2024,1
2024-01-10 21:45:00+05:30,356.0,26.0,74.0,2024,1
2024-01-10 22:00:00+05:30,350.0,26.0,74.0,2024,1
2024-01-10 22:15:00+05:30,345.0,26.0,74.0,2024,1
2024-01-10 22:30:00+05:30,340.0,25.0,76.0,2024,1
2024-01-10 22:45:00+05:30,335.0,25.0,76.0,2024,1
2024-01-10 23:00:00+05:30,332.0,25.0,76.0,2024,1
2024-01-10 23:15:00+05:30,325.0,25.0,76.0,2024,1
2024-01-10 23:30:00+05:30,317.0,25.0,77.0,2024,1
2024-01-10 23:45:00+05:30,313.0,25.0,77.0,2024,1
2024-01-11 00:00:00+05:30,308.0,25.0,78.0,2024,1
2024-01-11 00:15:00+05:30,303.0,25.0,78.0,2024,1
2024-01-11 00:30:00+05:30,298.0,25.0,79.0,2024,1
2024-01-11 00:45:00+05:30,293.0,25.0,79.0,2024,1
2024-01-11 01:00:00+05:30,287.0,24.0,79.0,2024,1
2024-01-11 01:15:00+05:30,285.0,24.0,79.0,2024,1
2024-01-11 01:30:00+05:30,283.0,24.0,80.0,2024,1
2024-01-11 01:45:00+05:30,280.0,24.0,80.0,2024,1
2024-01-11 02:00:00+05:30,278.0,24.0,80.0,2024,1
2024-01-11 02:15:00+05:30,275.0,24.0,80.0,2024,1
2024-01-11 02:30:00+05:30,272.0,24.0,81.0,2024,1
2024-01-11 02:45:00+05:30,270.0,24.0,81.0,2024,1
2024-01-11 03:00:00+05:30,268.0,23.0,82.0,2024,1
2024-01-11 03:15:00+05:30,266.0,23.0,82.0,2024,1
2024-01-11 03:30:00+05:30,264.0,23.0,82.0,2024,1
2024-01-11 03:45:00+05:30,263.0,23.0,82.0,2024,1
2024-01-11 04:00:00+05:30,262.0,23.0,82.0,2024,1
2024-01-11 04:15:00+05:30,264.0,23.0,82.0,2024,1
2024-01-11 04:30:00+05:30,264.0,23.0,82.0,2024,1
2024-01-11 04:45:00+05:30,265.0,23.0,82.0,2024,1
2024-01-11 05:00:00+05:30,269.0,23.0,82.0,2024,1
2024-01-11 05:15:00+05:30,271.0,23.0,82.0,2024,1
2024-01-11 05:30:00+05:30,274.0,23.0,82.0,2024,1
2024-01-11 05:45:00+05:30,280.0,23.0,82.0,2024,1
2024-01-11 06:00:00+05:30,288.0,23.0,82.0,2024,1
2024-01-11 06:15:00+05:30,299.0,23.0,82.0,2024,1
2024-01-11 06:30:00+05:30,308.0,23.0,82.0,2024,1
2024-01-11 06:45:00+05:30,317.0,23.0,82.0,2024,1
2024-01-11 07:00:00+05:30,326.0,23.0,82.0,2024,1
2024-01-11 07:15:00+05:30,338.0,23.0,81.0,2024,1
2024-01-11 07:30:00+05:30,350.0,23.0,80.0,2024,1
2024-01-11 07:45:00+05:30,363.0,24.0,79.0,2024,1
2024-01-11 08:00:00+05:30,381.0,24.0,78.0,2024,1
2024-01-11 08:15:00+05:30,396.0,24.0,77.0,2024,1
2024-01-11 08:30:00+05:30,410.0,25.0,75.0,2024,1
2024-01-11 08:45:00+05:30,425.0,25.0,73.0,2024,1
2024-01-11 09:00:00+05:30,438.0,25.0,71.0,2024,1
2024-01-11 09:15:00+05:30,450.0,26.0,69.0,2024,1
2024-01-11 09:30:00+05:30,462.0,26.0,68.0,2024,1
2024-01-11 09:45:00+05:30,468.0,27.0,66.0,2024,1
2024-01-11 10:00:00+05:30,479.0,27.0,64.0,2024,1
2024-01-11 10:15:00+05:30,484.0,28.0,62.0,2024,1
2024-01-11 10:30:00+05:30,482.0,28.0,60.0,2024,1
2024-01-11 10:45:00+05:30,485.0,29.0,58.0,2024,1
2024-01-11 11:00:00+05:30,485.0,29.0,57.0,2024,1
2024-01-11 11:15:00+05:30,483.0,30.0,55.0,2024,1
2024-01-11 11:30:00+05:30,484.0,30.0,54.0,2024,1
2024-01-11 11:45:00+05:30,483.0,31.0,52.0,2024,1
2024-01-11 12:00:00+05:30,481.0,31.0,51.0,2024,1
2024-01-11 12:15:00+05:30,480.0,31.0,50.0,2024,1
2024-01-11 12:30:00+05:30,481.0,32.0,47.0,2024,1
2024-01-11 12:45:00+05:30,480.0,32.0,47.0,2024,1
2024-01-11 13:00:00+05:30,479.0,32.0,46.0,2024,1
2024-01-11 13:15:00+05:30,476.0,33.0,46.0,2024,1
2024-01-11 13:30:00+05:30,476.0,33.0,46.0,2024,1
2024-01-11 13:45:00+05:30,477.0,33.0,46.0,2024,1
2024-01-11 14:00:00+05:30,478.0,33.0,47.0,2024,1
2024-01-11 14:15:00+05:30,481.0,33.0,48.0,2024,1
2024-01-11 14:30:00+05:30,484.0,32.0,48.0,2024,1
2024-01-11 14:45:00+05:30,484.0,32.0,49.0,2024,1
2024-01-11 15:00:00+05:30,484.0,32.0,49.0,2024,1
2024-01-11 15:15:00+05:30,485.0,32.0,50.0,2024,1
2024-01-11 15:30:00+05:30,482.0,32.0,49.0,2024,1
2024-01-11 15:45:00+05:30,482.0,32.0,49.0,2024,1
2024-01-11 16:00:00+05:30,482.0,32.0,50.0,2024,1
2024-01-11 16:15:00+05:30,479.0,31.0,50.0,2024,1
2024-01-11 16:30:00+05:30,479.0,31.0,52.0,2024,1
2024-01-11 16:45:00+05:30,478.0,31.0,53.0,2024,1
2024-01-11 17:00:00+05:30,472.0,31.0,53.0,2024,1
2024-01-11 17:15:00+05:30,466.0,31.0,54.0,2024,1
2024-01-11 17:30:00+05:30,459.0,30.0,57.0,2024,1
2024-01-11 17:45:00+05:30,453.0,30.0,57.0,2024,1
2024-01-11 18:00:00+05:30,450.0,30.0,59.0,2024,1
2024-01-11 18:15:00+05:30,446.0,29.0,60.0,2024,1
2024-01-11 18:30:00+05:30,441.0,29.0,60.0,2024,1
2024-01-11 18:45:00+05:30,433.0,29.0,62.0,2024,1
2024-01-11 19:00:00+05:30,425.0,29.0,63.0,2024,1
2024-01-11 19:15:00+05:30,419.0,28.0,64.0,2024,1
2024-01-11 19:30:00+05:30,411.0,28.0,65.0,2024,1
2024-01-11 19:45:00+05:30,406.0,28.0,66.0,2024,1
2024-01-11 20:00:00+05:30,399.0,28.0,67.0,2024,1
2024-01-11 20:15:00+05:30,391.0,28.0,67.0,2024,1
2024-01-11 20:30:00+05:30,385.0,27.0,69.0,2024,1
2024-01-11 20:45:00+05:30,380.0,27.0,69.0,2024,1
2024-01-11 21:00:00+05:30,376.0,27.0,70.0,2024,1
2024-01-11 21:15:00+05:30,371.0,27.0,70.0,2024,1
2024-01-11 21:30:00+05:30,367.0,27.0,71.0,2024,1
2024-01-11 21:45:00+05:30,362.0,27.0,72.0,2024,1
2024-01-11 22:00:00+05:30,357.0,26.0,72.0,2024,1
2024-01-11 22:15:00+05:30,352.0,26.0,73.0,2024,1
2024-01-11 22:30:00+05:30,346.0,26.0,71.0,2024,1
2024-01-11 22:45:00+05:30,342.0,26.0,71.0,2024,1
2024-01-11 23:00:00+05:30,336.0,26.0,72.0,2024,1
2024-01-11 23:15:00+05:30,328.0,26.0,72.0,2024,1
2024-01-11 23:30:00+05:30,322.0,26.0,73.0,2024,1
2024-01-11 23:45:00+05:30,317.0,26.0,73.0,2024,1
2024-01-12 00:00:00+05:30,312.0,26.0,73.0,2024,1
2024-01-12 00:15:00+05:30,306.0,26.0,73.0,2024,1
2024-01-12 00:30:00+05:30,301.0,25.0,73.0,2024,1
2024-01-12 00:45:00+05:30,297.0,25.0,73.0,2024,1
2024-01-12 01:00:00+05:30,292.0,25.0,73.0,2024,1
2024-01-12 01:15:00+05:30,288.0,25.0,74.0,2024,1
2024-01-12 01:30:00+05:30,284.0,25.0,74.0,2024,1
2024-01-12 01:45:00+05:30,282.0,25.0,74.0,2024,1
2024-01-12 02:00:00+05:30,280.0,25.0,74.0,2024,1
2024-01-12 02:15:00+05:30,278.0,24.0,74.0,2024,1
2024-01-12 02:30:00+05:30,277.0,24.0,75.0,2024,1
2024-01-12 02:45:00+05:30,276.0,24.0,75.0,2024,1
2024-01-12 03:00:00+05:30,273.0,24.0,76.0,2024,1
2024-01-12 03:15:00+05:30,270.0,24.0,76.0,2024,1
2024-01-12 03:30:00+05:30,269.0,24.0,76.0,2024,1
2024-01-12 03:45:00+05:30,266.0,24.0,77.0,2024,1
2024-01-12 04:00:00+05:30,265.0,24.0,77.0,2024,1
2024-01-12 04:15:00+05:30,265.0,24.0,77.0,2024,1
2024-01-12 04:30:00+05:30,265.0,24.0,77.0,2024,1
2024-01-12 04:45:00+05:30,268.0,24.0,77.0,2024,1
2024-01-12 05:00:00+05:30,272.0,24.0,77.0,2024,1
2024-01-12 05:15:00+05:30,274.0,24.0,77.0,2024,1
2024-01-12 05:30:00+05:30,278.0,23.0,77.0,2024,1
2024-01-12 05:45:00+05:30,284.0,23.0,77.0,2024,1
2024-01-12 06:00:00+05:30,292.0,23.0,77.0,2024,1
2024-01-12 06:15:00+05:30,298.0,22.0,78.0,2024,1
2024-01-12 06:30:00+05:30,309.0,23.0,78.0,2024,1
2024-01-12 06:45:00+05:30,319.0,23.0,78.0,2024,1
2024-01-12 07:00:00+05:30,327.0,23.0,78.0,2024,1
2024-01-12 07:15:00+05:30,338.0,23.0,78.0,2024,1
2024-01-12 07:30:00+05:30,350.0,23.0,78.0,2024,1
2024-01-12 07:45:00+05:30,365.0,24.0,77.0,2024,1
2024-01-12 08:00:00+05:30,383.0,24.0,76.0,2024,1
2024-01-12 08:15:00+05:30,401.0,24.0,75.0,2024,1
2024-01-12 08:30:00+05:30,414.0,24.0,73.0,2024,1
2024-01-12 08:45:00+05:30,433.0,25.0,71.0,2024,1
2024-01-12 09:00:00+05:30,443.0,26.0,69.0,2024,1
2024-01-12 09:15:00+05:30,453.0,26.0,67.0,2024,1
2024-01-12 09:30:00+05:30,466.0,26.0,65.0,2024,1
2024-01-12 09:45:00+05:30,475.0,27.0,63.0,2024,1
2024-01-12 10:00:00+05:30,486.0,28.0,61.0,2024,1
2024-01-12 10:15:00+05:30,490.0,28.0,59.0,2024,1
2024-01-12 10:30:00+05:30,489.0,29.0,55.0,2024,1
2024-01-12 10:45:00+05:30,493.0,30.0,53.0,2024,1
2024-01-12 11:00:00+05:30,493.0,30.0,51.0,2024,1
2024-01-12 11:15:00+05:30,493.0,31.0,50.0,2024,1
2024-01-12 11:30:00+05:30,492.0,31.0,48.0,2024,1
2024-01-12 11:45:00+05:30,491.0,32.0,46.0,2024,1
2024-01-12 12:00:00+05:30,492.0,32.0,45.0,2024,1
2024-01-12 12:15:00+05:30,490.0,33.0,45.0,2024,1
2024-01-12 12:30:00+05:30,491.0,33.0,44.0,2024,1
2024-01-12 12:45:00+05:30,489.0,33.0,43.0,2024,1
2024-01-12 13:00:00+05:30,487.0,33.0,43.0,2024,1
2024-01-12 13:15:00+05:30,486.0,34.0,42.0,2024,1
2024-01-12 13:30:00+05:30,482.0,34.0,42.0,2024,1
2024-01-12 13:45:00+05:30,482.0,34.0,42.0,2024,1
2024-01-12 14:00:00+05:30,486.0,34.0,42.0,2024,1
2024-01-12 14:15:00+05:30,488.0,34.0,42.0,2024,1
2024-01-12 14:30:00+05:30,493.0,34.0,43.0,2024,1
2024-01-12 14:45:00+05:30,495.0,34.0,43.0,2024,1
2024-01-12 15:00:00+05:30,495.0,34.0,44.0,2024,1
2024-01-12 15:15:00+05:30,495.0,34.0,44.0,2024,1
2024-01-12 15:30:00+05:30,493.0,34.0,45.0,2024,1
2024-01-12 15:45:00+05:30,493.0,33.0,46.0,2024,1
2024-01-12 16:00:00+05:30,493.0,33.0,47.0,2024,1
2024-01-12 16:15:00+05:30,489.0,33.0,48.0,2024,1
2024-01-12 16:30:00+05:30,485.0,32.0,49.0,2024,1
2024-01-12 16:45:00+05:30,483.0,32.0,50.0,2024,1
2024-01-12 17:00:00+05:30,480.0,32.0,51.0,2024,1
2024-01-12 17:15:00+05:30,478.0,31.0,52.0,2024,1
2024-01-12 17:30:00+05:30,471.0,31.0,55.0,2024,1
2024-01-12 17:45:00+05:30,464.0,31.0,56.0,2024,1
2024-01-12 18:00:00+05:30,459.0,30.0,57.0,2024,1
2024-01-12 18:15:00+05:30,457.0,30.0,59.0,2024,1
2024-01-12 18:30:00+05:30,450.0,29.0,61.0,2024,1
2024-01-12 18:45:00+05:30,442.0,29.0,62.0,2024,1
2024-01-12 19:00:00+05:30,434.0,29.0,63.0,2024,1
2024-01-12 19:15:00+05:30,427.0,28.0,64.0,2024,1
2024-01-12 19:30:00+05:30,416.0,28.0,65.0,2024,1
2024-01-12 19:45:00+05:30,409.0,28.0,66.0,2024,1
2024-01-12 20:00:00+05:30,402.0,27.0,66.0,2024,1
2024-01-12 20:15:00+05:30,394.0,27.0,67.0,2024,1
2024-01-12 20:30:00+05:30,389.0,27.0,66.0,2024,1
2024-01-12 20:45:00+05:30,383.0,27.0,67.0,2024,1
2024-01-12 21:00:00+05:30,377.0,27.0,67.0,2024,1
2024-01-12 21:15:00+05:30,372.0,27.0,67.0,2024,1
2024-01-12 21:30:00+05:30,367.0,26.0,68.0,2024,1
2024-01-12 21:45:00+05:30,362.0,26.0,69.0,2024,1
2024-01-12 22:00:00+05:30,354.0,26.0,69.0,2024,1
2024-01-12 22:15:00+05:30,349.0,26.0,70.0,2024,1
2024-01-12 22:30:00+05:30,344.0,26.0,70.0,2024,1
2024-01-12 22:45:00+05:30,338.0,26.0,70.0,2024,1
2024-01-12 23:00:00+05:30,334.0,26.0,71.0,2024,1
2024-01-12 23:15:00+05:30,329.0,25.0,72.0,2024,1
2024-01-12 23:30:00+05:30,326.0,25.0,72.0,2024,1
2024-01-12 23:45:00+05:30,321.0,25.0,73.0,2024,1
2024-01-13 00:00:00+05:30,314.0,25.0,73.0,2024,1
2024-01-13 00:15:00+05:30,310.0,25.0,74.0,2024,1
2024-01-13 00:30:00+05:30,306.0,25.0,74.0,2024,1
2024-01-13 00:45:00+05:30,300.0,25.0,75.0,2024,1
2024-01-13 01:00:00+05:30,295.0,25.0,75.0,2024,1
2024-01-13 01:15:00+05:30,291.0,25.0,75.0,2024,1
2024-01-13 01:30:00+05:30,289.0,24.0,76.0,2024,1
2024-01-13 01:45:00+05:30,286.0,25.0,75.0,2024,1
2024-01-13 02:00:00+05:30,284.0,24.0,75.0,2024,1
2024-01-13 02:15:00+05:30,281.0,24.0,75.0,2024,1
2024-01-13 02:30:00+05:30,278.0,24.0,76.0,2024,1
2024-01-13 02:45:00+05:30,275.0,24.0,76.0,2024,1
2024-01-13 03:00:00+05:30,273.0,24.0,77.0,2024,1
2024-01-13 03:15:00+05:30,270.0,24.0,77.0,2024,1
2024-01-13 03:30:00+05:30,269.0,23.0,77.0,2024,1
2024-01-13 03:45:00+05:30,267.0,23.0,78.0,2024,1
2024-01-13 04:00:00+05:30,265.0,23.0,78.0,2024,1
2024-01-13 04:15:00+05:30,267.0,23.0,79.0,2024,1
2024-01-13 04:30:00+05:30,267.0,23.0,80.0,2024,1
2024-01-13 04:45:00+05:30,268.0,22.0,81.0,2024,1
2024-01-13 05:00:00+05:30,271.0,22.0,81.0,2024,1
2024-01-13 05:15:00+05:30,271.0,22.0,81.0,2024,1
2024-01-13 05:30:00+05:30,273.0,22.0,83.0,2024,1
2024-01-13 05:45:00+05:30,276.0,22.0,83.0,2024,1
2024-01-13 06:00:00+05:30,279.0,21.0,83.0,2024,1
2024-01-13 06:15:00+05:30,284.0,21.0,83.0,2024,1
2024-01-13 06:30:00+05:30,288.0,22.0,82.0,2024,1
2024-01-13 06:45:00+05:30,291.0,22.0,82.0,2024,1
2024-01-13 07:00:00+05:30,297.0,22.0,82.0,2024,1
2024-01-13 07:15:00+05:30,303.0,22.0,81.0,2024,1
2024-01-13 07:30:00+05:30,308.0,22.0,80.0,2024,1
2024-01-13 07:45:00+05:30,316.0,22.0,79.0,2024,1
2024-01-13 08:00:00+05:30,325.0,22.0,77.0,2024,1
2024-01-13 08:15:00+05:30,340.0,23.0,75.0,2024,1
2024-01-13 08:30:00+05:30,347.0,23.0,73.0,2024,1
2024-01-13 08:45:00+05:30,363.0,24.0,71.0,2024,1
2024-01-13 09:00:00+05:30,374.0,24.0,69.0,2024,1
2024-01-13 09:15:00+05:30,384.0,25.0,66.0,2024,1
2024-01-13 09:30:00+05:30,390.0,26.0,64.0,2024,1
2024-01-13 09:45:00+05:30,396.0,26.0,61.0,2024,1
2024-01-13 10:00:00+05:30,413.0,27.0,59.0,2024,1
2024-01-13 10:15:00+05:30,420.0,28.0,56.0,2024,1
2024-01-13 10:30:00+05:30,417.0,29.0,54.0,2024,1
2024-01-13 10:45:00+05:30,422.0,30.0,52.0,2024,1
2024-01-13 11:00:00+05:30,425.0,30.0,50.0,2024,1
2024-01-13 11:15:00+05:30,425.0,31.0,48.0,2024,1
2024-01-13 11:30:00+05:30,421.0,32.0,46.0,2024,1
2024-01-13 11:45:00+05:30,422.0,32.0,45.0,2024,1
2024-01-13 12:00:00+05:30,424.0,32.0,43.0,2024,1
2024-01-13 12:15:00+05:30,422.0,33.0,42.0,2024,1
2024-01-13 12:30:00+05:30,424.0,33.0,41.0,2024,1
2024-01-13 12:45:00+05:30,421.0,33.0,40.0,2024,1
2024-01-13 13:00:00+05:30,418.0,34.0,40.0,2024,1
2024-01-13 13:15:00+05:30,415.0,34.0,40.0,2024,1
2024-01-13 13:30:00+05:30,413.0,34.0,41.0,2024,1
2024-01-13 13:45:00+05:30,413.0,34.0,42.0,2024,1
2024-01-13 14:00:00+05:30,415.0,34.0,43.0,2024,1
2024-01-13 14:15:00+05:30,416.0,34.0,43.0,2024,1
2024-01-13 14:30:00+05:30,416.0,34.0,44.0,2024,1
2024-01-13 14:45:00+05:30,414.0,33.0,45.0,2024,1
2024-01-13 15:00:00+05:30,414.0,33.0,46.0,2024,1
2024-01-13 15:15:00+05:30,412.0,33.0,47.0,2024,1
2024-01-13 15:30:00+05:30,412.0,33.0,47.0,2024,1
2024-01-13 15:45:00+05:30,411.0,32.0,48.0,2024,1
2024-01-13 16:00:00+05:30,409.0,32.0,49.0,2024,1
2024-01-13 16:15:00+05:30,406.0,32.0,49.0,2024,1
2024-01-13 16:30:00+05:30,405.0,31.0,49.0,2024,1
2024-01-13 16:45:00+05:30,402.0,31.0,50.0,2024,1
2024-01-13 17:00:00+05:30,401.0,31.0,51.0,2024,1
2024-01-13 17:15:00+05:30,398.0,31.0,52.0,2024,1
2024-01-13 17:30:00+05:30,387.0,31.0,52.0,2024,1
2024-01-13 17:45:00+05:30,387.0,31.0,53.0,2024,1
2024-01-13 18:00:00+05:30,389.0,30.0,53.0,2024,1
2024-01-13 18:15:00+05:30,389.0,30.0,54.0,2024,1
2024-01-13 18:30:00+05:30,391.0,30.0,55.0,2024,1
2024-01-13 18:45:00+05:30,389.0,29.0,56.0,2024,1
2024-01-13 19:00:00+05:30,386.0,29.0,57.0,2024,1
2024-01-13 19:15:00+05:30,386.0,29.0,57.0,2024,1
2024-01-13 19:30:00+05:30,381.0,28.0,58.0,2024,1
2024-01-13 19:45:00+05:30,376.0,28.0,59.0,2024,1
2024-01-13 20:00:00+05:30,372.0,28.0,59.0,2024,1
2024-01-13 20:15:00+05:30,368.0,28.0,60.0,2024,1
2024-01-13 20:30:00+05:30,366.0,27.0,62.0,2024,1
2024-01-13 20:45:00+05:30,361.0,27.0,62.0,2024,1
2024-01-13 21:00:00+05:30,358.0,27.0,63.0,2024,1
2024-01-13 21:15:00+05:30,357.0,26.0,63.0,2024,1
2024-01-13 21:30:00+05:30,352.0,26.0,63.0,2024,1
2024-01-13 21:45:00+05:30,346.0,26.0,63.0,2024,1
2024-01-13 22:00:00+05:30,342.0,26.0,64.0,2024,1
2024-01-13 22:15:00+05:30,336.0,26.0,64.0,2024,1
2024-01-13 22:30:00+05:30,331.0,26.0,64.0,2024,1
2024-01-13 22:45:00+05:30,328.0,25.0,64.0,2024,1
2024-01-13 23:00:00+05:30,325.0,25.0,65.0,2024,1
2024-01-13 23:15:00+05:30,322.0,25.0,65.0,2024,1
2024-01-13 23:30:00+05:30,310.0,24.0,66.0,2024,1
2024-01-13 23:45:00+05:30,307.0,24.0,67.0,2024,1
2024-01-14 00:00:00+05:30,309.0,24.0,67.0,2024,1
2024-01-14 00:15:00+05:30,304.0,24.0,67.0,2024,1
2024-01-14 00:30:00+05:30,300.0,24.0,67.0,2024,1
2024-01-14 00:45:00+05:30,296.0,23.0,68.0,2024,1
2024-01-14 01:00:00+05:30,294.0,23.0,68.0,2024,1
2024-01-14 01:15:00+05:30,288.0,23.0,69.0,2024,1
2024-01-14 01:30:00+05:30,285.0,24.0,71.0,2024,1
2024-01-14 01:45:00+05:30,284.0,24.0,72.0,2024,1
2024-01-14 02:00:00+05:30,282.0,23.0,72.0,2024,1
2024-01-14 02:15:00+05:30,279.0,23.0,72.0,2024,1
2024-01-14 02:30:00+05:30,277.0,23.0,72.0,2024,1
2024-01-14 02:45:00+05:30,274.0,23.0,72.0,2024,1
2024-01-14 03:00:00+05:30,272.0,23.0,72.0,2024,1
2024-01-14 03:15:00+05:30,271.0,23.0,72.0,2024,1
2024-01-14 03:30:00+05:30,268.0,23.0,72.0,2024,1
2024-01-14 03:45:00+05:30,265.0,23.0,72.0,2024,1
2024-01-14 04:00:00+05:30,263.0,23.0,72.0,2024,1
2024-01-14 04:15:00+05:30,263.0,23.0,73.0,2024,1
2024-01-14 04:30:00+05:30,264.0,23.0,74.0,2024,1
2024-01-14 04:45:00+05:30,263.0,23.0,74.0,2024,1
2024-01-14 05:00:00+05:30,264.0,23.0,74.0,2024,1
2024-01-14 05:15:00+05:30,265.0,23.0,75.0,2024,1
2024-01-14 05:30:00+05:30,265.0,23.0,75.0,2024,1
2024-01-14 05:45:00+05:30,267.0,23.0,75.0,2024,1
2024-01-14 06:00:00+05:30,270.0,22.0,76.0,2024,1
2024-01-14 06:15:00+05:30,273.0,22.0,76.0,2024,1
2024-01-14 06:30:00+05:30,273.0,22.0,76.0,2024,1
2024-01-14 06:45:00+05:30,274.0,22.0,76.0,2024,1
2024-01-14 07:00:00+05:30,276.0,22.0,76.0,2024,1
2024-01-14 07:15:00+05:30,277.0,22.0,77.0,2024,1
2024-01-14 07:30:00+05:30,281.0,22.0,77.0,2024,1
2024-01-14 07:45:00+05:30,285.0,22.0,76.0,2024,1
2024-01-14 08:00:00+05:30,291.0,22.0,75.0,2024,1
2024-01-14 08:15:00+05:30,294.0,23.0,74.0,2024,1
2024-01-14 08:30:00+05:30,296.0,23.0,73.0,2024,1
2024-01-14 08:45:00+05:30,303.0,23.0,71.0,2024,1
2024-01-14 09:00:00+05:30,307.0,24.0,68.0,2024,1
2024-01-14 09:15:00+05:30,312.0,25.0,66.0,2024,1
2024-01-14 09:30:00+05:30,315.0,26.0,63.0,2024,1
2024-01-14 09:45:00+05:30,320.0,26.0,61.0,2024,1
2024-01-14 10:00:00+05:30,334.0,27.0,59.0,2024,1
2024-01-14 10:15:00+05:30,340.0,27.0,58.0,2024,1
2024-01-14 10:30:00+05:30,336.0,28.0,54.0,2024,1
2024-01-14 10:45:00+05:30,339.0,29.0,52.0,2024,1
2024-01-14 11:00:00+05:30,340.0,29.0,50.0,2024,1
2024-01-14 11:15:00+05:30,339.0,30.0,48.0,2024,1
2024-01-14 11:30:00+05:30,341.0,30.0,48.0,2024,1
2024-01-14 11:45:00+05:30,340.0,31.0,47.0,2024,1
2024-01-14 12:00:00+05:30,341.0,31.0,46.0,2024,1
2024-01-14 12:15:00+05:30,341.0,31.0,45.0,2024,1
2024-01-14 12:30:00+05:30,341.0,31.0,44.0,2024,1
2024-01-14 12:45:00+05:30,339.0,32.0,43.0,2024,1
2024-01-14 13:00:00+05:30,336.0,32.0,43.0,2024,1
2024-01-14 13:15:00+05:30,335.0,33.0,42.0,2024,1
2024-01-14 13:30:00+05:30,333.0,33.0,42.0,2024,1
2024-01-14 13:45:00+05:30,332.0,33.0,42.0,2024,1
2024-01-14 14:00:00+05:30,331.0,33.0,42.0,2024,1
2024-01-14 14:15:00+05:30,331.0,33.0,41.0,2024,1
2024-01-14 14:30:00+05:30,332.0,33.0,40.0,2024,1
2024-01-14 14:45:00+05:30,332.0,33.0,40.0,2024,1
2024-01-14 15:00:00+05:30,330.0,33.0,40.0,2024,1
2024-01-14 15:15:00+05:30,332.0,32.0,40.0,2024,1
2024-01-14 15:30:00+05:30,332.0,32.0,41.0,2024,1
2024-01-14 15:45:00+05:30,332.0,32.0,41.0,2024,1
2024-01-14 16:00:00+05:30,333.0,32.0,42.0,2024,1
2024-01-14 16:15:00+05:30,332.0,32.0,42.0,2024,1
2024-01-14 16:30:00+05:30,330.0,32.0,42.0,2024,1
2024-01-14 16:45:00+05:30,329.0,31.0,43.0,2024,1
2024-01-14 17:00:00+05:30,328.0,31.0,43.0,2024,1
2024-01-14 17:15:00+05:30,328.0,31.0,43.0,2024,1
2024-01-14 17:30:00+05:30,327.0,31.0,43.0,2024,1
2024-01-14 17:45:00+05:30,328.0,30.0,43.0,2024,1
2024-01-14 18:00:00+05:30,331.0,30.0,44.0,2024,1
2024-01-14 18:15:00+05:30,334.0,30.0,44.0,2024,1
2024-01-14 18:30:00+05:30,318.0,29.0,43.0,2024,1
2024-01-14 18:45:00+05:30,326.0,29.0,43.0,2024,1
2024-01-14 19:00:00+05:30,334.0,29.0,43.0,2024,1
2024-01-14 19:15:00+05:30,336.0,28.0,43.0,2024,1
2024-01-14 19:30:00+05:30,334.0,28.0,44.0,2024,1
2024-01-14 19:45:00+05:30,334.0,28.0,44.0,2024,1
2024-01-14 20:00:00+05:30,334.0,27.0,44.0,2024,1
2024-01-14 20:15:00+05:30,333.0,27.0,44.0,2024,1
2024-01-14 20:30:00+05:30,330.0,27.0,44.0,2024,1
2024-01-14 20:45:00+05:30,329.0,26.0,44.0,2024,1
2024-01-14 21:00:00+05:30,327.0,26.0,44.0,2024,1
2024-01-14 21:15:00+05:30,326.0,26.0,44.0,2024,1
2024-01-14 21:30:00+05:30,323.0,26.0,44.0,2024,1
2024-01-14 21:45:00+05:30,318.0,26.0,44.0,2024,1
2024-01-14 22:00:00+05:30,315.0,25.0,44.0,2024,1
2024-01-14 22:15:00+05:30,312.0,25.0,44.0,2024,1
2024-01-14 22:30:00+05:30,310.0,25.0,46.0,2024,1
2024-01-14 22:45:00+05:30,307.0,25.0,46.0,2024,1
2024-01-14 23:00:00+05:30,306.0,25.0,47.0,2024,1
2024-01-14 23:15:00+05:30,303.0,24.0,47.0,2024,1
2024-01-14 23:30:00+05:30,299.0,24.0,49.0,2024,1
2024-01-14 23:45:00+05:30,296.0,24.0,49.0,2024,1
2024-01-15 00:00:00+05:30,291.0,25.0,74.0,2024,1
2024-01-15 00:15:00+05:30,285.0,25.0,74.0,2024,1
2024-01-15 00:30:00+05:30,281.0,24.0,75.0,2024,1
2024-01-15 00:45:00+05:30,277.0,24.0,76.0,2024,1
2024-01-15 01:00:00+05:30,273.0,24.0,76.0,2024,1
2024-01-15 01:15:00+05:30,270.0,24.0,77.0,2024,1
2024-01-15 01:30:00+05:30,269.0,24.0,77.0,2024,1
2024-01-15 01:45:00+05:30,266.0,24.0,78.0,2024,1
2024-01-15 02:00:00+05:30,264.0,24.0,78.0,2024,1
2024-01-15 02:15:00+05:30,262.0,24.0,78.0,2024,1
2024-01-15 02:30:00+05:30,260.0,24.0,79.0,2024,1
2024-01-15 02:45:00+05:30,258.0,24.0,79.0,2024,1
2024-01-15 03:00:00+05:30,256.0,24.0,79.0,2024,1
2024-01-15 03:15:00+05:30,255.0,24.0,80.0,2024,1
2024-01-15 03:30:00+05:30,253.0,23.0,80.0,2024,1
2024-01-15 03:45:00+05:30,251.0,23.0,81.0,2024,1
2024-01-15 04:00:00+05:30,251.0,23.0,81.0,2024,1
2024-01-15 04:15:00+05:30,252.0,23.0,81.0,2024,1
2024-01-15 04:30:00+05:30,254.0,23.0,80.0,2024,1
2024-01-15 04:45:00+05:30,254.0,23.0,80.0,2024,1
2024-01-15 05:00:00+05:30,258.0,23.0,80.0,2024,1
2024-01-15 05:15:00+05:30,261.0,23.0,80.0,2024,1
2024-01-15 05:30:00+05:30,263.0,23.0,82.0,2024,1
2024-01-15 05:45:00+05:30,267.0,23.0,83.0,2024,1
2024-01-15 06:00:00+05:30,276.0,23.0,83.0,2024,1
2024-01-15 06:15:00+05:30,285.0,23.0,83.0,2024,1
2024-01-15 06:30:00+05:30,294.0,23.0,81.0,2024,1
2024-01-15 06:45:00+05:30,301.0,23.0,81.0,2024,1
2024-01-15 07:00:00+05:30,308.0,23.0,81.0,2024,1
2024-01-15 07:15:00+05:30,318.0,23.0,81.0,2024,1
2024-01-15 07:30:00+05:30,330.0,23.0,81.0,2024,1
2024-01-15 07:45:00+05:30,345.0,23.0,80.0,2024,1
2024-01-15 08:00:00+05:30,364.0,23.0,79.0,2024,1
2024-01-15 08:15:00+05:30,379.0,23.0,78.0,2024,1
2024-01-15 08:30:00+05:30,393.0,23.0,78.0,2024,1
2024-01-15 08:45:00+05:30,407.0,24.0,77.0,2024,1
2024-01-15 09:00:00+05:30,419.0,24.0,76.0,2024,1
2024-01-15 09:15:00+05:30,429.0,24.0,74.0,2024,1
2024-01-15 09:30:00+05:30,440.0,25.0,72.0,2024,1
2024-01-15 09:45:00+05:30,448.0,25.0,71.0,2024,1
2024-01-15 10:00:00+05:30,454.0,25.0,70.0,2024,1
2024-01-15 10:15:00+05:30,463.0,26.0,69.0,2024,1
2024-01-15 10:30:00+05:30,460.0,27.0,63.0,2024,1
2024-01-15 10:45:00+05:30,462.0,27.0,61.0,2024,1
2024-01-15 11:00:00+05:30,462.0,28.0,60.0,2024,1
2024-01-15 11:15:00+05:30,462.0,28.0,59.0,2024,1
2024-01-15 11:30:00+05:30,461.0,29.0,58.0,2024,1
2024-01-15 11:45:00+05:30,459.0,29.0,57.0,2024,1
2024-01-15 12:00:00+05:30,459.0,29.0,57.0,2024,1
2024-01-15 12:15:00+05:30,458.0,30.0,57.0,2024,1
2024-01-15 12:30:00+05:30,456.0,30.0,57.0,2024,1
2024-01-15 12:45:00+05:30,454.0,30.0,57.0,2024,1
2024-01-15 13:00:00+05:30,450.0,30.0,56.0,2024,1
2024-01-15 13:15:00+05:30,448.0,30.0,56.0,2024,1
2024-01-15 13:30:00+05:30,445.0,30.0,56.0,2024,1
2024-01-15 13:45:00+05:30,445.0,31.0,56.0,2024,1
2024-01-15 14:00:00+05:30,449.0,31.0,56.0,2024,1
2024-01-15 14:15:00+05:30,450.0,31.0,56.0,2024,1
2024-01-15 14:30:00+05:30,449.0,31.0,56.0,2024,1
2024-01-15 14:45:00+05:30,447.0,30.0,57.0,2024,1
2024-01-15 15:00:00+05:30,446.0,30.0,57.0,2024,1
2024-01-15 15:15:00+05:30,444.0,30.0,58.0,2024,1
2024-01-15 15:30:00+05:30,443.0,30.0,59.0,2024,1
2024-01-15 15:45:00+05:30,443.0,30.0,59.0,2024,1
2024-01-15 16:00:00+05:30,443.0,30.0,60.0,2024,1
2024-01-15 16:15:00+05:30,441.0,30.0,60.0,2024,1
2024-01-15 16:30:00+05:30,440.0,30.0,60.0,2024,1
2024-01-15 16:45:00+05:30,436.0,29.0,60.0,2024,1
2024-01-15 17:00:00+05:30,428.0,29.0,61.0,2024,1
2024-01-15 17:15:00+05:30,428.0,29.0,62.0,2024,1
2024-01-15 17:30:00+05:30,423.0,28.0,64.0,2024,1
2024-01-15 17:45:00+05:30,420.0,28.0,64.0,2024,1
2024-01-15 18:00:00+05:30,407.0,28.0,65.0,2024,1
2024-01-15 18:15:00+05:30,407.0,28.0,66.0,2024,1
2024-01-15 18:30:00+05:30,409.0,27.0,67.0,2024,1
2024-01-15 18:45:00+05:30,406.0,27.0,68.0,2024,1
2024-01-15 19:00:00+05:30,399.0,27.0,69.0,2024,1
2024-01-15 19:15:00+05:30,392.0,27.0,70.0,2024,1
2024-01-15 19:30:00+05:30,386.0,27.0,71.0,2024,1
2024-01-15 19:45:00+05:30,379.0,26.0,71.0,2024,1
2024-01-15 20:00:00+05:30,372.0,26.0,72.0,2024,1
2024-01-15 20:15:00+05:30,367.0,26.0,72.0,2024,1
2024-01-15 20:30:00+05:30,362.0,26.0,73.0,2024,1
2024-01-15 20:45:00+05:30,356.0,26.0,73.0,2024,1
2024-01-15 21:00:00+05:30,349.0,26.0,74.0,2024,1
2024-01-15 21:15:00+05:30,345.0,25.0,74.0,2024,1
2024-01-15 21:30:00+05:30,341.0,25.0,76.0,2024,1
2024-01-15 21:45:00+05:30,335.0,25.0,77.0,2024,1
2024-01-15 22:00:00+05:30,329.0,25.0,77.0,2024,1
2024-01-15 22:15:00+05:30,324.0,25.0,78.0,2024,1
2024-01-15 22:30:00+05:30,319.0,25.0,79.0,2024,1
2024-01-15 22:45:00+05:30,315.0,25.0,80.0,2024,1
2024-01-15 23:00:00+05:30,312.0,25.0,80.0,2024,1
2024-01-15 23:15:00+05:30,304.0,24.0,81.0,2024,1
2024-01-15 23:30:00+05:30,298.0,24.0,81.0,2024,1
2024-01-15 23:45:00+05:30,292.0,24.0,82.0,2024,1
2024-01-16 00:00:00+05:30,283.0,24.0,82.0,2024,1
2024-01-16 00:15:00+05:30,279.0,24.0,83.0,2024,1
2024-01-16 00:30:00+05:30,274.0,24.0,82.0,2024,1
2024-01-16 00:45:00+05:30,270.0,24.0,83.0,2024,1
2024-01-16 01:00:00+05:30,266.0,24.0,83.0,2024,1
2024-01-16 01:15:00+05:30,262.0,24.0,84.0,2024,1
2024-01-16 01:30:00+05:30,261.0,24.0,84.0,2024,1
2024-01-16 01:45:00+05:30,260.0,24.0,85.0,2024,1
2024-01-16 02:00:00+05:30,257.0,24.0,85.0,2024,1
2024-01-16 02:15:00+05:30,255.0,24.0,86.0,2024,1
2024-01-16 02:30:00+05:30,254.0,24.0,86.0,2024,1
2024-01-16 02:45:00+05:30,253.0,24.0,86.0,2024,1
2024-01-16 03:00:00+05:30,249.0,24.0,86.0,2024,1
2024-01-16 03:15:00+05:30,247.0,24.0,86.0,2024,1
2024-01-16 03:30:00+05:30,246.0,24.0,86.0,2024,1
2024-01-16 03:45:00+05:30,245.0,23.0,87.0,2024,1
2024-01-16 04:00:00+05:30,244.0,23.0,87.0,2024,1
2024-01-16 04:15:00+05:30,245.0,23.0,88.0,2024,1
2024-01-16 04:30:00+05:30,247.0,23.0,88.0,2024,1
2024-01-16 04:45:00+05:30,249.0,23.0,88.0,2024,1
2024-01-16 05:00:00+05:30,251.0,23.0,88.0,2024,1
2024-01-16 05:15:00+05:30,254.0,22.0,89.0,2024,1
2024-01-16 05:30:00+05:30,259.0,22.0,88.0,2024,1
2024-01-16 05:45:00+05:30,262.0,22.0,88.0,2024,1
2024-01-16 06:00:00+05:30,271.0,22.0,88.0,2024,1
2024-01-16 06:15:00+05:30,278.0,22.0,88.0,2024,1
2024-01-16 06:30:00+05:30,287.0,22.0,86.0,2024,1
2024-01-16 06:45:00+05:30,294.0,22.0,86.0,2024,1
2024-01-16 07:00:00+05:30,303.0,22.0,86.0,2024,1
2024-01-16 07:15:00+05:30,313.0,22.0,86.0,2024,1
2024-01-16 07:30:00+05:30,323.0,23.0,85.0,2024,1
2024-01-16 07:45:00+05:30,337.0,23.0,84.0,2024,1
2024-01-16 08:00:00+05:30,351.0,23.0,84.0,2024,1
2024-01-16 08:15:00+05:30,366.0,23.0,83.0,2024,1
2024-01-16 08:30:00+05:30,379.0,23.0,82.0,2024,1
2024-01-16 08:45:00+05:30,392.0,24.0,81.0,2024,1
2024-01-16 09:00:00+05:30,403.0,24.0,80.0,2024,1
2024-01-16 09:15:00+05:30,411.0,24.0,78.0,2024,1
2024-01-16 09:30:00+05:30,420.0,24.0,79.0,2024,1
2024-01-16 09:45:00+05:30,426.0,25.0,77.0,2024,1
2024-01-16 10:00:00+05:30,432.0,25.0,76.0,2024,1
2024-01-16 10:15:00+05:30,437.0,26.0,74.0,2024,1
2024-01-16 10:30:00+05:30,443.0,27.0,71.0,2024,1
2024-01-16 10:45:00+05:30,445.0,27.0,70.0,2024,1
2024-01-16 11:00:00+05:30,446.0,28.0,68.0,2024,1
2024-01-16 11:15:00+05:30,443.0,28.0,66.0,2024,1
2024-01-16 11:30:00+05:30,443.0,28.0,64.0,2024,1
2024-01-16 11:45:00+05:30,444.0,29.0,62.0,2024,1
2024-01-16 12:00:00+05:30,443.0,29.0,61.0,2024,1
2024-01-16 12:15:00+05:30,442.0,30.0,60.0,2024,1
2024-01-16 12:30:00+05:30,442.0,30.0,57.0,2024,1
2024-01-16 12:45:00+05:30,441.0,30.0,56.0,2024,1
2024-01-16 13:00:00+05:30,440.0,30.0,56.0,2024,1
2024-01-16 13:15:00+05:30,438.0,30.0,55.0,2024,1
2024-01-16 13:30:00+05:30,435.0,31.0,54.0,2024,1
2024-01-16 13:45:00+05:30,435.0,31.0,54.0,2024,1
2024-01-16 14:00:00+05:30,437.0,31.0,54.0,2024,1
2024-01-16 14:15:00+05:30,439.0,31.0,54.0,2024,1
2024-01-16 14:30:00+05:30,441.0,31.0,54.0,2024,1
2024-01-16 14:45:00+05:30,442.0,31.0,55.0,2024,1
2024-01-16 15:00:00+05:30,440.0,31.0,55.0,2024,1
2024-01-16 15:15:00+05:30,440.0,31.0,55.0,2024,1
2024-01-16 15:30:00+05:30,441.0,31.0,55.0,2024,1
2024-01-16 15:45:00+05:30,439.0,31.0,55.0,2024,1
2024-01-16 16:00:00+05:30,438.0,30.0,57.0,2024,1
2024-01-16 16:15:00+05:30,436.0,30.0,58.0,2024,1
2024-01-16 16:30:00+05:30,429.0,30.0,59.0,2024,1
2024-01-16 16:45:00+05:30,429.0,30.0,60.0,2024,1
2024-01-16 17:00:00+05:30,429.0,29.0,62.0,2024,1
2024-01-16 17:15:00+05:30,426.0,29.0,63.0,2024,1
2024-01-16 17:30:00+05:30,419.0,29.0,62.0,2024,1
2024-01-16 17:45:00+05:30,419.0,29.0,63.0,2024,1
2024-01-16 18:00:00+05:30,415.0,28.0,64.0,2024,1
2024-01-16 18:15:00+05:30,412.0,28.0,65.0,2024,1
2024-01-16 18:30:00+05:30,407.0,29.0,64.0,2024,1
2024-01-16 18:45:00+05:30,404.0,28.0,65.0,2024,1
2024-01-16 19:00:00+05:30,396.0,28.0,66.0,2024,1
2024-01-16 19:15:00+05:30,391.0,28.0,67.0,2024,1
2024-01-16 19:30:00+05:30,382.0,28.0,69.0,2024,1
2024-01-16 19:45:00+05:30,376.0,27.0,69.0,2024,1
2024-01-16 20:00:00+05:30,370.0,27.0,70.0,2024,1
2024-01-16 20:15:00+05:30,364.0,27.0,71.0,2024,1
2024-01-16 20:30:00+05:30,357.0,27.0,71.0,2024,1
2024-01-16 20:45:00+05:30,352.0,26.0,72.0,2024,1
2024-01-16 21:00:00+05:30,346.0,26.0,72.0,2024,1
2024-01-16 21:15:00+05:30,342.0,26.0,72.0,2024,1
2024-01-16 21:30:00+05:30,336.0,26.0,74.0,2024,1
2024-01-16 21:45:00+05:30,332.0,26.0,74.0,2024,1
2024-01-16 22:00:00+05:30,326.0,26.0,74.0,2024,1
2024-01-16 22:15:00+05:30,322.0,26.0,74.0,2024,1
2024-01-16 22:30:00+05:30,316.0,25.0,76.0,2024,1
2024-01-16 22:45:00+05:30,310.0,25.0,76.0,2024,1
2024-01-16 23:00:00+05:30,306.0,25.0,76.0,2024,1
2024-01-16 23:15:00+05:30,299.0,25.0,76.0,2024,1
2024-01-16 23:30:00+05:30,294.0,25.0,77.0,2024,1
2024-01-16 23:45:00+05:30,284.0,25.0,77.0,2024,1
2024-01-17 00:00:00+05:30,286.0,23.0,67.0,2024,1
2024-01-17 00:15:00+05:30,281.0,23.0,67.0,2024,1
2024-01-17 00:30:00+05:30,276.0,23.0,68.0,2024,1
2024-01-17 00:45:00+05:30,272.0,22.0,68.0,2024,1
2024-01-17 01:00:00+05:30,268.0,22.0,68.0,2024,1
2024-01-17 01:15:00+05:30,265.0,22.0,68.0,2024,1
2024-01-17 01:30:00+05:30,262.0,22.0,68.0,2024,1
2024-01-17 01:45:00+05:30,259.0,22.0,69.0,2024,1
2024-01-17 02:00:00+05:30,258.0,22.0,69.0,2024,1
2024-01-17 02:15:00+05:30,257.0,22.0,69.0,2024,1
2024-01-17 02:30:00+05:30,255.0,22.0,69.0,2024,1
2024-01-17 02:45:00+05:30,253.0,22.0,69.0,2024,1
2024-01-17 03:00:00+05:30,251.0,22.0,69.0,2024,1
2024-01-17 03:15:00+05:30,250.0,22.0,69.0,2024,1
2024-01-17 03:30:00+05:30,249.0,22.0,70.0,2024,1
2024-01-17 03:45:00+05:30,248.0,22.0,70.0,2024,1
2024-01-17 04:00:00+05:30,246.0,22.0,71.0,2024,1
2024-01-17 04:15:00+05:30,247.0,22.0,71.0,2024,1
2024-01-17 04:30:00+05:30,249.0,22.0,71.0,2024,1
2024-01-17 04:45:00+05:30,251.0,21.0,72.0,2024,1
2024-01-17 05:00:00+05:30,255.0,21.0,72.0,2024,1
2024-01-17 05:15:00+05:30,256.0,21.0,72.0,2024,1
2024-01-17 05:30:00+05:30,260.0,21.0,72.0,2024,1
2024-01-17 05:45:00+05:30,265.0,21.0,72.0,2024,1
2024-01-17 06:00:00+05:30,275.0,21.0,73.0,2024,1
2024-01-17 06:15:00+05:30,286.0,21.0,73.0,2024,1
2024-01-17 06:30:00+05:30,295.0,21.0,73.0,2024,1
2024-01-17 06:45:00+05:30,301.0,21.0,73.0,2024,1
2024-01-17 07:00:00+05:30,310.0,21.0,73.0,2024,1
2024-01-17 07:15:00+05:30,319.0,21.0,73.0,2024,1
2024-01-17 07:30:00+05:30,330.0,21.0,73.0,2024,1
2024-01-17 07:45:00+05:30,344.0,21.0,73.0,2024,1
2024-01-17 08:00:00+05:30,361.0,21.0,72.0,2024,1
2024-01-17 08:15:00+05:30,373.0,22.0,71.0,2024,1
2024-01-17 08:30:00+05:30,384.0,22.0,70.0,2024,1
2024-01-17 08:45:00+05:30,397.0,23.0,67.0,2024,1
2024-01-17 09:00:00+05:30,410.0,23.0,66.0,2024,1
2024-01-17 09:15:00+05:30,421.0,23.0,64.0,2024,1
2024-01-17 09:30:00+05:30,428.0,24.0,61.0,2024,1
2024-01-17 09:45:00+05:30,434.0,25.0,59.0,2024,1
2024-01-17 10:00:00+05:30,447.0,26.0,55.0,2024,1
2024-01-17 10:15:00+05:30,447.0,26.0,52.0,2024,1
2024-01-17 10:30:00+05:30,444.0,27.0,50.0,2024,1
2024-01-17 10:45:00+05:30,447.0,27.0,47.0,2024,1
2024-01-17 11:00:00+05:30,446.0,28.0,45.0,2024,1
2024-01-17 11:15:00+05:30,446.0,29.0,43.0,2024,1
2024-01-17 11:30:00+05:30,444.0,30.0,42.0,2024,1
2024-01-17 11:45:00+05:30,443.0,30.0,41.0,2024,1
2024-01-17 12:00:00+05:30,442.0,30.0,39.0,2024,1
2024-01-17 12:15:00+05:30,440.0,30.0,39.0,2024,1
2024-01-17 12:30:00+05:30,439.0,31.0,40.0,2024,1
2024-01-17 12:45:00+05:30,438.0,31.0,40.0,2024,1
2024-01-17 13:00:00+05:30,436.0,31.0,40.0,2024,1
2024-01-17 13:15:00+05:30,435.0,31.0,40.0,2024,1
2024-01-17 13:30:00+05:30,431.0,31.0,41.0,2024,1
2024-01-17 13:45:00+05:30,432.0,31.0,40.0,2024,1
2024-01-17 14:00:00+05:30,435.0,31.0,41.0,2024,1
2024-01-17 14:15:00+05:30,438.0,31.0,41.0,2024,1
2024-01-17 14:30:00+05:30,439.0,31.0,42.0,2024,1
2024-01-17 14:45:00+05:30,440.0,31.0,43.0,2024,1
2024-01-17 15:00:00+05:30,441.0,31.0,44.0,2024,1
2024-01-17 15:15:00+05:30,440.0,31.0,46.0,2024,1
2024-01-17 15:30:00+05:30,440.0,31.0,47.0,2024,1
2024-01-17 15:45:00+05:30,438.0,30.0,48.0,2024,1
2024-01-17 16:00:00+05:30,438.0,30.0,50.0,2024,1
2024-01-17 16:15:00+05:30,437.0,29.0,51.0,2024,1
2024-01-17 16:30:00+05:30,435.0,29.0,52.0,2024,1
2024-01-17 16:45:00+05:30,433.0,28.0,53.0,2024,1
2024-01-17 17:00:00+05:30,429.0,28.0,54.0,2024,1
2024-01-17 17:15:00+05:30,426.0,28.0,56.0,2024,1
2024-01-17 17:30:00+05:30,423.0,27.0,57.0,2024,1
2024-01-17 17:45:00+05:30,419.0,27.0,58.0,2024,1
2024-01-17 18:00:00+05:30,416.0,26.0,60.0,2024,1
2024-01-17 18:15:00+05:30,414.0,26.0,61.0,2024,1
2024-01-17 18:30:00+05:30,410.0,25.0,62.0,2024,1
2024-01-17 18:45:00+05:30,407.0,25.0,63.0,2024,1
2024-01-17 19:00:00+05:30,401.0,25.0,64.0,2024,1
2024-01-17 19:15:00+05:30,395.0,25.0,65.0,2024,1
2024-01-17 19:30:00+05:30,387.0,25.0,65.0,2024,1
2024-01-17 19:45:00+05:30,382.0,25.0,66.0,2024,1
2024-01-17 20:00:00+05:30,374.0,24.0,66.0,2024,1
2024-01-17 20:15:00+05:30,367.0,24.0,67.0,2024,1
2024-01-17 20:30:00+05:30,363.0,24.0,67.0,2024,1
2024-01-17 20:45:00+05:30,359.0,24.0,67.0,2024,1
2024-01-17 21:00:00+05:30,353.0,24.0,67.0,2024,1
2024-01-17 21:15:00+05:30,347.0,24.0,67.0,2024,1
2024-01-17 21:30:00+05:30,340.0,24.0,68.0,2024,1
2024-01-17 21:45:00+05:30,334.0,24.0,68.0,2024,1
2024-01-17 22:00:00+05:30,329.0,24.0,68.0,2024,1
2024-01-17 22:15:00+05:30,323.0,24.0,68.0,2024,1
2024-01-17 22:30:00+05:30,319.0,24.0,69.0,2024,1
2024-01-17 22:45:00+05:30,314.0,23.0,69.0,2024,1
2024-01-17 23:00:00+05:30,307.0,23.0,70.0,2024,1
2024-01-17 23:15:00+05:30,301.0,23.0,71.0,2024,1
2024-01-17 23:30:00+05:30,297.0,23.0,71.0,2024,1
2024-01-17 23:45:00+05:30,292.0,23.0,72.0,2024,1
2024-01-18 00:00:00+05:30,285.0,23.0,71.0,2024,1
2024-01-18 00:15:00+05:30,281.0,23.0,71.0,2024,1
2024-01-18 00:30:00+05:30,276.0,22.0,71.0,2024,1
2024-01-18 00:45:00+05:30,272.0,22.0,72.0,2024,1
2024-01-18 01:00:00+05:30,267.0,22.0,72.0,2024,1
2024-01-18 01:15:00+05:30,265.0,22.0,71.0,2024,1
2024-01-18 01:30:00+05:30,262.0,22.0,71.0,2024,1
2024-01-18 01:45:00+05:30,259.0,22.0,71.0,2024,1
2024-01-18 02:00:00+05:30,258.0,22.0,71.0,2024,1
2024-01-18 02:15:00+05:30,257.0,22.0,71.0,2024,1
2024-01-18 02:30:00+05:30,254.0,22.0,70.0,2024,1
2024-01-18 02:45:00+05:30,252.0,22.0,71.0,2024,1
2024-01-18 03:00:00+05:30,250.0,22.0,72.0,2024,1
2024-01-18 03:15:00+05:30,249.0,22.0,72.0,2024,1
2024-01-18 03:30:00+05:30,247.0,22.0,72.0,2024,1
2024-01-18 03:45:00+05:30,245.0,22.0,72.0,2024,1
2024-01-18 04:00:00+05:30,243.0,22.0,72.0,2024,1
2024-01-18 04:15:00+05:30,244.0,22.0,72.0,2024,1
2024-01-18 04:30:00+05:30,247.0,22.0,72.0,2024,1
2024-01-18 04:45:00+05:30,248.0,22.0,72.0,2024,1
2024-01-18 05:00:00+05:30,251.0,22.0,73.0,2024,1
2024-01-18 05:15:00+05:30,254.0,22.0,73.0,2024,1
2024-01-18 05:30:00+05:30,259.0,22.0,73.0,2024,1
2024-01-18 05:45:00+05:30,263.0,22.0,73.0,2024,1
2024-01-18 06:00:00+05:30,273.0,22.0,72.0,2024,1
2024-01-18 06:15:00+05:30,281.0,21.0,73.0,2024,1
2024-01-18 06:30:00+05:30,290.0,21.0,73.0,2024,1
2024-01-18 06:45:00+05:30,299.0,21.0,74.0,2024,1
2024-01-18 07:00:00+05:30,307.0,21.0,74.0,2024,1
2024-01-18 07:15:00+05:30,315.0,21.0,75.0,2024,1
2024-01-18 07:30:00+05:30,328.0,21.0,75.0,2024,1
2024-01-18 07:45:00+05:30,341.0,21.0,76.0,2024,1
2024-01-18 08:00:00+05:30,357.0,21.0,76.0,2024,1
2024-01-18 08:15:00+05:30,372.0,22.0,76.0,2024,1
2024-01-18 08:30:00+05:30,383.0,22.0,75.0,2024,1
2024-01-18 08:45:00+05:30,395.0,22.0,73.0,2024,1
2024-01-18 09:00:00+05:30,408.0,23.0,71.0,2024,1
2024-01-18 09:15:00+05:30,418.0,23.0,69.0,2024,1
2024-01-18 09:30:00+05:30,425.0,24.0,65.0,2024,1
2024-01-18 09:45:00+05:30,432.0,25.0,62.0,2024,1
2024-01-18 10:00:00+05:30,442.0,25.0,58.0,2024,1
2024-01-18 10:15:00+05:30,448.0,26.0,55.0,2024,1
2024-01-18 10:30:00+05:30,445.0,27.0,52.0,2024,1
2024-01-18 10:45:00+05:30,446.0,27.0,50.0,2024,1
2024-01-18 11:00:00+05:30,447.0,28.0,48.0,2024,1
2024-01-18 11:15:00+05:30,446.0,28.0,45.0,2024,1
2024-01-18 11:30:00+05:30,442.0,29.0,43.0,2024,1
2024-01-18 11:45:00+05:30,441.0,30.0,41.0,2024,1
2024-01-18 12:00:00+05:30,440.0,30.0,40.0,2024,1
2024-01-18 12:15:00+05:30,438.0,30.0,39.0,2024,1
2024-01-18 12:30:00+05:30,438.0,31.0,39.0,2024,1
2024-01-18 12:45:00+05:30,437.0,31.0,39.0,2024,1
2024-01-18 13:00:00+05:30,435.0,31.0,40.0,2024,1
2024-01-18 13:15:00+05:30,431.0,31.0,40.0,2024,1
2024-01-18 13:30:00+05:30,429.0,30.0,41.0,2024,1
2024-01-18 13:45:00+05:30,430.0,30.0,41.0,2024,1
2024-01-18 14:00:00+05:30,432.0,30.0,42.0,2024,1
2024-01-18 14:15:00+05:30,433.0,30.0,42.0,2024,1
2024-01-18 14:30:00+05:30,433.0,30.0,41.0,2024,1
2024-01-18 14:45:00+05:30,431.0,30.0,41.0,2024,1
2024-01-18 15:00:00+05:30,431.0,30.0,41.0,2024,1
2024-01-18 15:15:00+05:30,432.0,30.0,40.0,2024,1
2024-01-18 15:30:00+05:30,432.0,30.0,40.0,2024,1
2024-01-18 15:45:00+05:30,432.0,30.0,41.0,2024,1
2024-01-18 16:00:00+05:30,430.0,30.0,42.0,2024,1
2024-01-18 16:15:00+05:30,429.0,29.0,42.0,2024,1
2024-01-18 16:30:00+05:30,427.0,29.0,43.0,2024,1
2024-01-18 16:45:00+05:30,424.0,28.0,44.0,2024,1
2024-01-18 17:00:00+05:30,420.0,28.0,45.0,2024,1
2024-01-18 17:15:00+05:30,419.0,28.0,46.0,2024,1
2024-01-18 17:30:00+05:30,416.0,27.0,47.0,2024,1
2024-01-18 17:45:00+05:30,412.0,27.0,49.0,2024,1
2024-01-18 18:00:00+05:30,408.0,26.0,49.0,2024,1
2024-01-18 18:15:00+05:30,409.0,26.0,52.0,2024,1
2024-01-18 18:30:00+05:30,406.0,25.0,53.0,2024,1
2024-01-18 18:45:00+05:30,400.0,25.0,54.0,2024,1
2024-01-18 19:00:00+05:30,393.0,25.0,55.0,2024,1
2024-01-18 19:15:00+05:30,389.0,25.0,55.0,2024,1
2024-01-18 19:30:00+05:30,383.0,25.0,56.0,2024,1
2024-01-18 19:45:00+05:30,376.0,25.0,56.0,2024,1
2024-01-18 20:00:00+05:30,369.0,25.0,57.0,2024,1
2024-01-18 20:15:00+05:30,364.0,24.0,57.0,2024,1
2024-01-18 20:30:00+05:30,358.0,24.0,57.0,2024,1
2024-01-18 20:45:00+05:30,353.0,24.0,56.0,2024,1
2024-01-18 21:00:00+05:30,346.0,24.0,56.0,2024,1
2024-01-18 21:15:00+05:30,339.0,24.0,56.0,2024,1
2024-01-18 21:30:00+05:30,333.0,24.0,56.0,2024,1
2024-01-18 21:45:00+05:30,328.0,24.0,57.0,2024,1
2024-01-18 22:00:00+05:30,321.0,24.0,58.0,2024,1
2024-01-18 22:15:00+05:30,316.0,24.0,59.0,2024,1
2024-01-18 22:30:00+05:30,312.0,23.0,60.0,2024,1
2024-01-18 22:45:00+05:30,305.0,23.0,61.0,2024,1
2024-01-18 23:00:00+05:30,300.0,23.0,62.0,2024,1
2024-01-18 23:15:00+05:30,294.0,23.0,62.0,2024,1
2024-01-18 23:30:00+05:30,289.0,23.0,62.0,2024,1
2024-01-18 23:45:00+05:30,283.0,23.0,64.0,2024,1
2024-01-19 00:00:00+05:30,274.0,23.0,64.0,2024,1
2024-01-19 00:15:00+05:30,264.0,23.0,64.0,2024,1
2024-01-19 00:30:00+05:30,265.0,22.0,65.0,2024,1
2024-01-19 00:45:00+05:30,259.0,22.0,65.0,2024,1
2024-01-19 01:00:00+05:30,255.0,22.0,64.0,2024,1
2024-01-19 01:15:00+05:30,253.0,22.0,64.0,2024,1
2024-01-19 01:30:00+05:30,252.0,22.0,65.0,2024,1
2024-01-19 01:45:00+05:30,250.0,22.0,65.0,2024,1
2024-01-19 02:00:00+05:30,249.0,22.0,66.0,2024,1
2024-01-19 02:15:00+05:30,247.0,22.0,66.0,2024,1
2024-01-19 02:30:00+05:30,246.0,22.0,66.0,2024,1
2024-01-19 02:45:00+05:30,244.0,22.0,67.0,2024,1
2024-01-19 03:00:00+05:30,242.0,21.0,69.0,2024,1
2024-01-19 03:15:00+05:30,241.0,21.0,68.0,2024,1
2024-01-19 03:30:00+05:30,238.0,21.0,69.0,2024,1
2024-01-19 03:45:00+05:30,237.0,21.0,69.0,2024,1
2024-01-19 04:00:00+05:30,235.0,21.0,70.0,2024,1
2024-01-19 04:15:00+05:30,235.0,21.0,70.0,2024,1
2024-01-19 04:30:00+05:30,241.0,21.0,71.0,2024,1
2024-01-19 04:45:00+05:30,242.0,21.0,70.0,2024,1
2024-01-19 05:00:00+05:30,245.0,21.0,71.0,2024,1
2024-01-19 05:15:00+05:30,247.0,21.0,72.0,2024,1
2024-01-19 05:30:00+05:30,251.0,21.0,73.0,2024,1
2024-01-19 05:45:00+05:30,255.0,21.0,72.0,2024,1
2024-01-19 06:00:00+05:30,265.0,21.0,72.0,2024,1
2024-01-19 06:15:00+05:30,274.0,21.0,72.0,2024,1
2024-01-19 06:30:00+05:30,284.0,21.0,72.0,2024,1
2024-01-19 06:45:00+05:30,291.0,21.0,73.0,2024,1
2024-01-19 07:00:00+05:30,299.0,21.0,73.0,2024,1
2024-01-19 07:15:00+05:30,309.0,21.0,73.0,2024,1
2024-01-19 07:30:00+05:30,319.0,21.0,73.0,2024,1
2024-01-19 07:45:00+05:30,332.0,21.0,73.0,2024,1
2024-01-19 08:00:00+05:30,350.0,21.0,73.0,2024,1
2024-01-19 08:15:00+05:30,364.0,21.0,72.0,2024,1
2024-01-19 08:30:00+05:30,377.0,22.0,74.0,2024,1
2024-01-19 08:45:00+05:30,387.0,22.0,72.0,2024,1
2024-01-19 09:00:00+05:30,399.0,23.0,69.0,2024,1
2024-01-19 09:15:00+05:30,408.0,23.0,67.0,2024,1
2024-01-19 09:30:00+05:30,418.0,24.0,64.0,2024,1
2024-01-19 09:45:00+05:30,424.0,25.0,61.0,2024,1
2024-01-19 10:00:00+05:30,432.0,25.0,59.0,2024,1
2024-01-19 10:15:00+05:30,437.0,26.0,57.0,2024,1
2024-01-19 10:30:00+05:30,439.0,26.0,55.0,2024,1
2024-01-19 10:45:00+05:30,442.0,27.0,53.0,2024,1
2024-01-19 11:00:00+05:30,443.0,27.0,51.0,2024,1
2024-01-19 11:15:00+05:30,440.0,28.0,49.0,2024,1
2024-01-19 11:30:00+05:30,438.0,29.0,47.0,2024,1
2024-01-19 11:45:00+05:30,438.0,30.0,46.0,2024,1
2024-01-19 12:00:00+05:30,438.0,30.0,44.0,2024,1
2024-01-19 12:15:00+05:30,435.0,31.0,43.0,2024,1
2024-01-19 12:30:00+05:30,434.0,31.0,44.0,2024,1
2024-01-19 12:45:00+05:30,432.0,30.0,44.0,2024,1
2024-01-19 13:00:00+05:30,431.0,31.0,43.0,2024,1
2024-01-19 13:15:00+05:30,428.0,32.0,42.0,2024,1
2024-01-19 13:30:00+05:30,425.0,32.0,41.0,2024,1
2024-01-19 13:45:00+05:30,423.0,32.0,39.0,2024,1
2024-01-19 14:00:00+05:30,423.0,32.0,39.0,2024,1
2024-01-19 14:15:00+05:30,424.0,32.0,39.0,2024,1
2024-01-19 14:30:00+05:30,420.0,32.0,40.0,2024,1
2024-01-19 14:45:00+05:30,425.0,32.0,41.0,2024,1
2024-01-19 15:00:00+05:30,428.0,33.0,41.0,2024,1
2024-01-19 15:15:00+05:30,429.0,32.0,42.0,2024,1
2024-01-19 15:30:00+05:30,429.0,31.0,44.0,2024,1
2024-01-19 15:45:00+05:30,427.0,31.0,46.0,2024,1
2024-01-19 16:00:00+05:30,426.0,30.0,49.0,2024,1
2024-01-19 16:15:00+05:30,425.0,30.0,51.0,2024,1
2024-01-19 16:30:00+05:30,423.0,29.0,53.0,2024,1
2024-01-19 16:45:00+05:30,421.0,29.0,55.0,2024,1
2024-01-19 17:00:00+05:30,419.0,28.0,56.0,2024,1
2024-01-19 17:15:00+05:30,416.0,28.0,57.0,2024,1
2024-01-19 17:30:00+05:30,412.0,27.0,60.0,2024,1
2024-01-19 17:45:00+05:30,409.0,27.0,61.0,2024,1
2024-01-19 18:00:00+05:30,404.0,26.0,61.0,2024,1
2024-01-19 18:15:00+05:30,403.0,26.0,63.0,2024,1
2024-01-19 18:30:00+05:30,402.0,26.0,64.0,2024,1
2024-01-19 18:45:00+05:30,396.0,25.0,64.0,2024,1
2024-01-19 19:00:00+05:30,390.0,25.0,65.0,2024,1
2024-01-19 19:15:00+05:30,384.0,25.0,66.0,2024,1
2024-01-19 19:30:00+05:30,379.0,25.0,66.0,2024,1
2024-01-19 19:45:00+05:30,373.0,25.0,67.0,2024,1
2024-01-19 20:00:00+05:30,365.0,25.0,68.0,2024,1
2024-01-19 20:15:00+05:30,360.0,24.0,69.0,2024,1
2024-01-19 20:30:00+05:30,355.0,24.0,69.0,2024,1
2024-01-19 20:45:00+05:30,350.0,24.0,69.0,2024,1
2024-01-19 21:00:00+05:30,342.0,24.0,70.0,2024,1
2024-01-19 21:15:00+05:30,338.0,24.0,71.0,2024,1
2024-01-19 21:30:00+05:30,334.0,24.0,71.0,2024,1
2024-01-19 21:45:00+05:30,328.0,24.0,72.0,2024,1
2024-01-19 22:00:00+05:30,321.0,23.0,72.0,2024,1
2024-01-19 22:15:00+05:30,317.0,23.0,72.0,2024,1
2024-01-19 22:30:00+05:30,310.0,23.0,73.0,2024,1
2024-01-19 22:45:00+05:30,305.0,23.0,73.0,2024,1
2024-01-19 23:00:00+05:30,299.0,23.0,73.0,2024,1
2024-01-19 23:15:00+05:30,291.0,23.0,74.0,2024,1
2024-01-19 23:30:00+05:30,289.0,23.0,74.0,2024,1
2024-01-19 23:45:00+05:30,283.0,23.0,74.0,2024,1
2024-01-20 00:00:00+05:30,276.0,23.0,74.0,2024,1
2024-01-20 00:15:00+05:30,269.0,23.0,75.0,2024,1
2024-01-20 00:30:00+05:30,265.0,23.0,75.0,2024,1
2024-01-20 00:45:00+05:30,264.0,22.0,75.0,2024,1
2024-01-20 01:00:00+05:30,260.0,22.0,76.0,2024,1
2024-01-20 01:15:00+05:30,256.0,22.0,77.0,2024,1
2024-01-20 01:30:00+05:30,254.0,22.0,77.0,2024,1
2024-01-20 01:45:00+05:30,251.0,22.0,77.0,2024,1
2024-01-20 02:00:00+05:30,249.0,22.0,77.0,2024,1
2024-01-20 02:15:00+05:30,247.0,22.0,78.0,2024,1
2024-01-20 02:30:00+05:30,246.0,22.0,79.0,2024,1
2024-01-20 02:45:00+05:30,244.0,22.0,79.0,2024,1
2024-01-20 03:00:00+05:30,241.0,22.0,80.0,2024,1
2024-01-20 03:15:00+05:30,240.0,22.0,79.0,2024,1
2024-01-20 03:30:00+05:30,239.0,22.0,80.0,2024,1
2024-01-20 03:45:00+05:30,239.0,22.0,80.0,2024,1
2024-01-20 04:00:00+05:30,238.0,21.0,80.0,2024,1
2024-01-20 04:15:00+05:30,237.0,21.0,80.0,2024,1
2024-01-20 04:30:00+05:30,240.0,21.0,81.0,2024,1
2024-01-20 04:45:00+05:30,242.0,21.0,81.0,2024,1
2024-01-20 05:00:00+05:30,243.0,21.0,81.0,2024,1
2024-01-20 05:15:00+05:30,245.0,21.0,82.0,2024,1
2024-01-20 05:30:00+05:30,246.0,21.0,82.0,2024,1
2024-01-20 05:45:00+05:30,249.0,21.0,82.0,2024,1
2024-01-20 06:00:00+05:30,254.0,21.0,82.0,2024,1
2024-01-20 06:15:00+05:30,260.0,21.0,82.0,2024,1
2024-01-20 06:30:00+05:30,265.0,21.0,83.0,2024,1
2024-01-20 06:45:00+05:30,268.0,21.0,83.0,2024,1
2024-01-20 07:00:00+05:30,273.0,21.0,83.0,2024,1
2024-01-20 07:15:00+05:30,279.0,21.0,83.0,2024,1
2024-01-20 07:30:00+05:30,287.0,21.0,83.0,2024,1
2024-01-20 07:45:00+05:30,295.0,21.0,82.0,2024,1
2024-01-20 08:00:00+05:30,306.0,21.0,82.0,2024,1
2024-01-20 08:15:00+05:30,316.0,22.0,81.0,2024,1
2024-01-20 08:30:00+05:30,329.0,22.0,80.0,2024,1
2024-01-20 08:45:00+05:30,340.0,23.0,78.0,2024,1
2024-01-20 09:00:00+05:30,350.0,23.0,77.0,2024,1
2024-01-20 09:15:00+05:30,361.0,23.0,75.0,2024,1
2024-01-20 09:30:00+05:30,369.0,24.0,72.0,2024,1
2024-01-20 09:45:00+05:30,375.0,25.0,70.0,2024,1
2024-01-20 10:00:00+05:30,387.0,25.0,67.0,2024,1
2024-01-20 10:15:00+05:30,393.0,26.0,65.0,2024,1
2024-01-20 10:30:00+05:30,390.0,27.0,63.0,2024,1
2024-01-20 10:45:00+05:30,393.0,27.0,60.0,2024,1
2024-01-20 11:00:00+05:30,394.0,28.0,58.0,2024,1
2024-01-20 11:15:00+05:30,394.0,29.0,56.0,2024,1
2024-01-20 11:30:00+05:30,393.0,29.0,53.0,2024,1
2024-01-20 11:45:00+05:30,391.0,30.0,52.0,2024,1
2024-01-20 12:00:00+05:30,388.0,31.0,50.0,2024,1
2024-01-20 12:15:00+05:30,389.0,31.0,50.0,2024,1
2024-01-20 12:30:00+05:30,385.0,30.0,50.0,2024,1
2024-01-20 12:45:00+05:30,385.0,30.0,51.0,2024,1
2024-01-20 13:00:00+05:30,381.0,30.0,52.0,2024,1
2024-01-20 13:15:00+05:30,380.0,30.0,52.0,2024,1
2024-01-20 13:30:00+05:30,377.0,30.0,52.0,2024,1
2024-01-20 13:45:00+05:30,376.0,30.0,50.0,2024,1
2024-01-20 14:00:00+05:30,376.0,30.0,49.0,2024,1
2024-01-20 14:15:00+05:30,379.0,30.0,48.0,2024,1
2024-01-20 14:30:00+05:30,376.0,30.0,48.0,2024,1
2024-01-20 14:45:00+05:30,376.0,30.0,48.0,2024,1
2024-01-20 15:00:00+05:30,377.0,30.0,48.0,2024,1
2024-01-20 15:15:00+05:30,375.0,30.0,47.0,2024,1
2024-01-20 15:30:00+05:30,373.0,30.0,47.0,2024,1
2024-01-20 15:45:00+05:30,374.0,30.0,47.0,2024,1
2024-01-20 16:00:00+05:30,372.0,30.0,47.0,2024,1
2024-01-20 16:15:00+05:30,371.0,30.0,47.0,2024,1
2024-01-20 16:30:00+05:30,370.0,30.0,49.0,2024,1
2024-01-20 16:45:00+05:30,366.0,29.0,50.0,2024,1
2024-01-20 17:00:00+05:30,365.0,28.0,52.0,2024,1
2024-01-20 17:15:00+05:30,363.0,28.0,53.0,2024,1
2024-01-20 17:30:00+05:30,362.0,27.0,55.0,2024,1
2024-01-20 17:45:00+05:30,361.0,27.0,56.0,2024,1
2024-01-20 18:00:00+05:30,362.0,27.0,58.0,2024,1
2024-01-20 18:15:00+05:30,363.0,26.0,59.0,2024,1
2024-01-20 18:30:00+05:30,365.0,26.0,60.0,2024,1
2024-01-20 18:45:00+05:30,362.0,25.0,61.0,2024,1
2024-01-20 19:00:00+05:30,359.0,25.0,62.0,2024,1
2024-01-20 19:15:00+05:30,356.0,25.0,63.0,2024,1
2024-01-20 19:30:00+05:30,351.0,25.0,63.0,2024,1
2024-01-20 19:45:00+05:30,346.0,25.0,63.0,2024,1
2024-01-20 20:00:00+05:30,341.0,25.0,63.0,2024,1
2024-01-20 20:15:00+05:30,338.0,25.0,63.0,2024,1
2024-01-20 20:30:00+05:30,334.0,25.0,63.0,2024,1
2024-01-20 20:45:00+05:30,330.0,25.0,62.0,2024,1
2024-01-20 21:00:00+05:30,325.0,25.0,61.0,2024,1
2024-01-20 21:15:00+05:30,324.0,24.0,61.0,2024,1
2024-01-20 21:30:00+05:30,318.0,24.0,60.0,2024,1
2024-01-20 21:45:00+05:30,314.0,24.0,60.0,2024,1
2024-01-20 22:00:00+05:30,310.0,24.0,60.0,2024,1
2024-01-20 22:15:00+05:30,305.0,24.0,61.0,2024,1
2024-01-20 22:30:00+05:30,301.0,24.0,61.0,2024,1
2024-01-20 22:45:00+05:30,296.0,23.0,61.0,2024,1
2024-01-20 23:00:00+05:30,290.0,23.0,61.0,2024,1
2024-01-20 23:15:00+05:30,285.0,23.0,61.0,2024,1
2024-01-20 23:30:00+05:30,280.0,23.0,62.0,2024,1
2024-01-20 23:45:00+05:30,269.0,23.0,63.0,2024,1
2024-01-21 00:00:00+05:30,273.0,23.0,63.0,2024,1
2024-01-21 00:15:00+05:30,269.0,23.0,63.0,2024,1
2024-01-21 00:30:00+05:30,265.0,22.0,63.0,2024,1
2024-01-21 00:45:00+05:30,261.0,22.0,64.0,2024,1
2024-01-21 01:00:00+05:30,257.0,22.0,64.0,2024,1
2024-01-21 01:15:00+05:30,254.0,22.0,64.0,2024,1
2024-01-21 01:30:00+05:30,251.0,22.0,65.0,2024,1
2024-01-21 01:45:00+05:30,249.0,22.0,64.0,2024,1
2024-01-21 02:00:00+05:30,247.0,22.0,63.0,2024,1
2024-01-21 02:15:00+05:30,243.0,22.0,63.0,2024,1
2024-01-21 02:30:00+05:30,240.0,21.0,64.0,2024,1
2024-01-21 02:45:00+05:30,240.0,21.0,64.0,2024,1
2024-01-21 03:00:00+05:30,239.0,21.0,64.0,2024,1
2024-01-21 03:15:00+05:30,236.0,21.0,64.0,2024,1
2024-01-21 03:30:00+05:30,235.0,21.0,64.0,2024,1
2024-01-21 03:45:00+05:30,233.0,21.0,65.0,2024,1
2024-01-21 04:00:00+05:30,231.0,21.0,66.0,2024,1
2024-01-21 04:15:00+05:30,232.0,21.0,66.0,2024,1
2024-01-21 04:30:00+05:30,233.0,21.0,66.0,2024,1
2024-01-21 04:45:00+05:30,234.0,20.0,66.0,2024,1
2024-01-21 05:00:00+05:30,235.0,20.0,67.0,2024,1
2024-01-21 05:15:00+05:30,237.0,20.0,67.0,2024,1
2024-01-21 05:30:00+05:30,237.0,20.0,66.0,2024,1
2024-01-21 05:45:00+05:30,240.0,20.0,66.0,2024,1
2024-01-21 06:00:00+05:30,243.0,20.0,66.0,2024,1
2024-01-21 06:15:00+05:30,245.0,20.0,67.0,2024,1
2024-01-21 06:30:00+05:30,246.0,20.0,67.0,2024,1
2024-01-21 06:45:00+05:30,248.0,20.0,68.0,2024,1
2024-01-21 07:00:00+05:30,250.0,20.0,68.0,2024,1
2024-01-21 07:15:00+05:30,250.0,20.0,68.0,2024,1
2024-01-21 07:30:00+05:30,254.0,20.0,68.0,2024,1
2024-01-21 07:45:00+05:30,258.0,20.0,68.0,2024,1
2024-01-21 08:00:00+05:30,264.0,20.0,67.0,2024,1
2024-01-21 08:15:00+05:30,269.0,21.0,67.0,2024,1
2024-01-21 08:30:00+05:30,274.0,21.0,65.0,2024,1
2024-01-21 08:45:00+05:30,280.0,22.0,61.0,2024,1
2024-01-21 09:00:00+05:30,286.0,23.0,60.0,2024,1
2024-01-21 09:15:00+05:30,291.0,23.0,59.0,2024,1
2024-01-21 09:30:00+05:30,296.0,24.0,56.0,2024,1
2024-01-21 09:45:00+05:30,299.0,25.0,55.0,2024,1
2024-01-21 10:00:00+05:30,310.0,26.0,54.0,2024,1
2024-01-21 10:15:00+05:30,317.0,26.0,52.0,2024,1
2024-01-21 10:30:00+05:30,312.0,27.0,50.0,2024,1
2024-01-21 10:45:00+05:30,315.0,27.0,49.0,2024,1
2024-01-21 11:00:00+05:30,318.0,29.0,47.0,2024,1
2024-01-21 11:15:00+05:30,317.0,30.0,45.0,2024,1
2024-01-21 11:30:00+05:30,319.0,31.0,43.0,2024,1
2024-01-21 11:45:00+05:30,321.0,32.0,41.0,2024,1
2024-01-21 12:00:00+05:30,322.0,32.0,39.0,2024,1
2024-01-21 12:15:00+05:30,322.0,33.0,38.0,2024,1
2024-01-21 12:30:00+05:30,322.0,33.0,37.0,2024,1
2024-01-21 12:45:00+05:30,319.0,34.0,36.0,2024,1
2024-01-21 13:00:00+05:30,318.0,34.0,36.0,2024,1
2024-01-21 13:15:00+05:30,317.0,34.0,36.0,2024,1
2024-01-21 13:30:00+05:30,316.0,34.0,35.0,2024,1
2024-01-21 13:45:00+05:30,315.0,34.0,38.0,2024,1
2024-01-21 14:00:00+05:30,315.0,34.0,40.0,2024,1
2024-01-21 14:15:00+05:30,316.0,34.0,40.0,2024,1
2024-01-21 14:30:00+05:30,312.0,34.0,41.0,2024,1
2024-01-21 14:45:00+05:30,310.0,34.0,42.0,2024,1
2024-01-21 15:00:00+05:30,311.0,33.0,43.0,2024,1
2024-01-21 15:15:00+05:30,310.0,33.0,44.0,2024,1
2024-01-21 15:30:00+05:30,311.0,33.0,45.0,2024,1
2024-01-21 15:45:00+05:30,310.0,32.0,45.0,2024,1
2024-01-21 16:00:00+05:30,308.0,31.0,45.0,2024,1
2024-01-21 16:15:00+05:30,307.0,31.0,45.0,2024,1
2024-01-21 16:30:00+05:30,306.0,31.0,46.0,2024,1
2024-01-21 16:45:00+05:30,306.0,31.0,46.0,2024,1
2024-01-21 17:00:00+05:30,304.0,30.0,47.0,2024,1
2024-01-21 17:15:00+05:30,305.0,30.0,47.0,2024,1
2024-01-21 17:30:00+05:30,306.0,29.0,49.0,2024,1
2024-01-21 17:45:00+05:30,307.0,28.0,50.0,2024,1
2024-01-21 18:00:00+05:30,310.0,28.0,51.0,2024,1
2024-01-21 18:15:00+05:30,315.0,27.0,53.0,2024,1
2024-01-21 18:30:00+05:30,319.0,27.0,54.0,2024,1
2024-01-21 18:45:00+05:30,321.0,27.0,54.0,2024,1
2024-01-21 19:00:00+05:30,319.0,26.0,55.0,2024,1
2024-01-21 19:15:00+05:30,319.0,26.0,56.0,2024,1
2024-01-21 19:30:00+05:30,317.0,26.0,57.0,2024,1
2024-01-21 19:45:00+05:30,315.0,26.0,58.0,2024,1
2024-01-21 20:00:00+05:30,313.0,26.0,58.0,2024,1
2024-01-21 20:15:00+05:30,311.0,25.0,58.0,2024,1
2024-01-21 20:30:00+05:30,309.0,25.0,59.0,2024,1
2024-01-21 20:45:00+05:30,307.0,25.0,59.0,2024,1
2024-01-21 21:00:00+05:30,305.0,25.0,60.0,2024,1
2024-01-21 21:15:00+05:30,304.0,25.0,60.0,2024,1
2024-01-21 21:30:00+05:30,302.0,25.0,61.0,2024,1
2024-01-21 21:45:00+05:30,298.0,25.0,61.0,2024,1
2024-01-21 22:00:00+05:30,294.0,24.0,62.0,2024,1
2024-01-21 22:15:00+05:30,290.0,24.0,63.0,2024,1
2024-01-21 22:30:00+05:30,285.0,24.0,63.0,2024,1
2024-01-21 22:45:00+05:30,282.0,24.0,64.0,2024,1
2024-01-21 23:00:00+05:30,278.0,24.0,65.0,2024,1
2024-01-21 23:15:00+05:30,275.0,24.0,66.0,2024,1
2024-01-21 23:30:00+05:30,270.0,23.0,66.0,2024,1
2024-01-21 23:45:00+05:30,268.0,23.0,67.0,2024,1
2024-01-22 00:00:00+05:30,270.0,23.0,67.0,2024,1
2024-01-22 00:15:00+05:30,264.0,23.0,69.0,2024,1
2024-01-22 00:30:00+05:30,260.0,23.0,70.0,2024,1
2024-01-22 00:45:00+05:30,257.0,23.0,71.0,2024,1
2024-01-22 01:00:00+05:30,254.0,23.0,71.0,2024,1
2024-01-22 01:15:00+05:30,252.0,23.0,70.0,2024,1
2024-01-22 01:30:00+05:30,248.0,22.0,71.0,2024,1
2024-01-22 01:45:00+05:30,247.0,22.0,73.0,2024,1
2024-01-22 02:00:00+05:30,245.0,22.0,74.0,2024,1
2024-01-22 02:15:00+05:30,244.0,22.0,75.0,2024,1
2024-01-22 02:30:00+05:30,243.0,22.0,75.0,2024,1
2024-01-22 02:45:00+05:30,241.0,22.0,75.0,2024,1
2024-01-22 03:00:00+05:30,240.0,22.0,76.0,2024,1
2024-01-22 03:15:00+05:30,239.0,22.0,77.0,2024,1
2024-01-22 03:30:00+05:30,238.0,22.0,76.0,2024,1
2024-01-22 03:45:00+05:30,237.0,22.0,73.0,2024,1
2024-01-22 04:00:00+05:30,235.0,22.0,72.0,2024,1
2024-01-22 04:15:00+05:30,239.0,22.0,71.0,2024,1
2024-01-22 04:30:00+05:30,240.0,21.0,71.0,2024,1
2024-01-22 04:45:00+05:30,240.0,21.0,70.0,2024,1
2024-01-22 05:00:00+05:30,243.0,21.0,73.0,2024,1
2024-01-22 05:15:00+05:30,243.0,21.0,74.0,2024,1
2024-01-22 05:30:00+05:30,243.0,21.0,73.0,2024,1
2024-01-22 05:45:00+05:30,247.0,21.0,73.0,2024,1
2024-01-22 06:00:00+05:30,253.0,21.0,73.0,2024,1
2024-01-22 06:15:00+05:30,259.0,21.0,73.0,2024,1
2024-01-22 06:30:00+05:30,266.0,21.0,74.0,2024,1
2024-01-22 06:45:00+05:30,274.0,21.0,74.0,2024,1
2024-01-22 07:00:00+05:30,282.0,21.0,75.0,2024,1
2024-01-22 07:15:00+05:30,291.0,21.0,76.0,2024,1
2024-01-22 07:30:00+05:30,303.0,21.0,76.0,2024,1
2024-01-22 07:45:00+05:30,314.0,21.0,76.0,2024,1
2024-01-22 08:00:00+05:30,329.0,21.0,76.0,2024,1
2024-01-22 08:15:00+05:30,340.0,22.0,75.0,2024,1
2024-01-22 08:30:00+05:30,350.0,22.0,74.0,2024,1
2024-01-22 08:45:00+05:30,362.0,23.0,72.0,2024,1
2024-01-22 09:00:00+05:30,372.0,23.0,70.0,2024,1
2024-01-22 09:15:00+05:30,381.0,24.0,66.0,2024,1
2024-01-22 09:30:00+05:30,389.0,25.0,62.0,2024,1
2024-01-22 09:45:00+05:30,396.0,26.0,57.0,2024,1
2024-01-22 10:00:00+05:30,407.0,27.0,55.0,2024,1
2024-01-22 10:15:00+05:30,410.0,27.0,53.0,2024,1
2024-01-22 10:30:00+05:30,407.0,28.0,50.0,2024,1
2024-01-22 10:45:00+05:30,413.0,29.0,46.0,2024,1
2024-01-22 11:00:00+05:30,416.0,29.0,44.0,2024,1
2024-01-22 11:15:00+05:30,416.0,31.0,41.0,2024,1
2024-01-22 11:30:00+05:30,414.0,31.0,39.0,2024,1
2024-01-22 11:45:00+05:30,412.0,32.0,37.0,2024,1
2024-01-22 12:00:00+05:30,410.0,33.0,37.0,2024,1
2024-01-22 12:15:00+05:30,408.0,33.0,37.0,2024,1
2024-01-22 12:30:00+05:30,409.0,33.0,37.0,2024,1
2024-01-22 12:45:00+05:30,410.0,33.0,38.0,2024,1
2024-01-22 13:00:00+05:30,407.0,33.0,39.0,2024,1
2024-01-22 13:15:00+05:30,404.0,33.0,39.0,2024,1
2024-01-22 13:30:00+05:30,402.0,34.0,36.0,2024,1
2024-01-22 13:45:00+05:30,400.0,33.0,39.0,2024,1
2024-01-22 14:00:00+05:30,403.0,33.0,39.0,2024,1
2024-01-22 14:15:00+05:30,406.0,33.0,40.0,2024,1
2024-01-22 14:30:00+05:30,411.0,33.0,40.0,2024,1
2024-01-22 14:45:00+05:30,411.0,33.0,42.0,2024,1
2024-01-22 15:00:00+05:30,410.0,33.0,43.0,2024,1
2024-01-22 15:15:00+05:30,410.0,33.0,42.0,2024,1
2024-01-22 15:30:00+05:30,410.0,32.0,42.0,2024,1
2024-01-22 15:45:00+05:30,411.0,32.0,44.0,2024,1
2024-01-22 16:00:00+05:30,410.0,31.0,46.0,2024,1
2024-01-22 16:15:00+05:30,408.0,31.0,47.0,2024,1
2024-01-22 16:30:00+05:30,406.0,30.0,48.0,2024,1
2024-01-22 16:45:00+05:30,404.0,30.0,49.0,2024,1
2024-01-22 17:00:00+05:30,401.0,29.0,50.0,2024,1
2024-01-22 17:15:00+05:30,400.0,29.0,50.0,2024,1
2024-01-22 17:30:00+05:30,397.0,29.0,51.0,2024,1
2024-01-22 17:45:00+05:30,392.0,28.0,52.0,2024,1
2024-01-22 18:00:00+05:30,388.0,28.0,53.0,2024,1
2024-01-22 18:15:00+05:30,386.0,27.0,55.0,2024,1
2024-01-22 18:30:00+05:30,385.0,26.0,56.0,2024,1
2024-01-22 18:45:00+05:30,383.0,26.0,56.0,2024,1
2024-01-22 19:00:00+05:30,377.0,26.0,58.0,2024,1
2024-01-22 19:15:00+05:30,371.0,25.0,59.0,2024,1
2024-01-22 19:30:00+05:30,364.0,25.0,61.0,2024,1
2024-01-22 19:45:00+05:30,360.0,25.0,62.0,2024,1
2024-01-22 20:00:00+05:30,355.0,25.0,63.0,2024,1
2024-01-22 20:15:00+05:30,351.0,25.0,63.0,2024,1
2024-01-22 20:30:00+05:30,346.0,25.0,64.0,2024,1
2024-01-22 20:45:00+05:30,343.0,24.0,63.0,2024,1
2024-01-22 21:00:00+05:30,338.0,24.0,63.0,2024,1
2024-01-22 21:15:00+05:30,336.0,24.0,64.0,2024,1
2024-01-22 21:30:00+05:30,331.0,24.0,64.0,2024,1
2024-01-22 21:45:00+05:30,327.0,24.0,64.0,2024,1
2024-01-22 22:00:00+05:30,321.0,24.0,64.0,2024,1
2024-01-22 22:15:00+05:30,318.0,24.0,63.0,2024,1
2024-01-22 22:30:00+05:30,312.0,24.0,63.0,2024,1
2024-01-22 22:45:00+05:30,308.0,23.0,63.0,2024,1
2024-01-22 23:00:00+05:30,302.0,23.0,62.0,2024,1
2024-01-22 23:15:00+05:30,295.0,23.0,61.0,2024,1
2024-01-22 23:30:00+05:30,289.0,23.0,61.0,2024,1
2024-01-22 23:45:00+05:30,284.0,23.0,61.0,2024,1
2024-01-23 00:00:00+05:30,279.0,23.0,67.0,2024,1
2024-01-23 00:15:00+05:30,275.0,23.0,69.0,2024,1
2024-01-23 00:30:00+05:30,270.0,23.0,70.0,2024,1
2024-01-23 00:45:00+05:30,267.0,23.0,71.0,2024,1
2024-01-23 01:00:00+05:30,263.0,23.0,71.0,2024,1
2024-01-23 01:15:00+05:30,261.0,23.0,70.0,2024,1
2024-01-23 01:30:00+05:30,258.0,22.0,71.0,2024,1
2024-01-23 01:45:00+05:30,257.0,22.0,73.0,2024,1
2024-01-23 02:00:00+05:30,254.0,22.0,74.0,2024,1
2024-01-23 02:15:00+05:30,251.0,22.0,75.0,2024,1
2024-01-23 02:30:00+05:30,251.0,22.0,75.0,2024,1
2024-01-23 02:45:00+05:30,250.0,22.0,75.0,2024,1
2024-01-23 03:00:00+05:30,248.0,22.0,76.0,2024,1
2024-01-23 03:15:00+05:30,246.0,22.0,77.0,2024,1
2024-01-23 03:30:00+05:30,245.0,22.0,76.0,2024,1
2024-01-23 03:45:00+05:30,243.0,22.0,73.0,2024,1
2024-01-23 04:00:00+05:30,242.0,22.0,72.0,2024,1
2024-01-23 04:15:00+05:30,244.0,22.0,71.0,2024,1
2024-01-23 04:30:00+05:30,247.0,21.0,71.0,2024,1
2024-01-23 04:45:00+05:30,250.0,21.0,70.0,2024,1
2024-01-23 05:00:00+05:30,252.0,21.0,73.0,2024,1
2024-01-23 05:15:00+05:30,256.0,21.0,74.0,2024,1
2024-01-23 05:30:00+05:30,261.0,21.0,73.0,2024,1
2024-01-23 05:45:00+05:30,264.0,21.0,73.0,2024,1
2024-01-23 06:00:00+05:30,274.0,21.0,73.0,2024,1
2024-01-23 06:15:00+05:30,283.0,21.0,73.0,2024,1
2024-01-23 06:30:00+05:30,291.0,21.0,74.0,2024,1
2024-01-23 06:45:00+05:30,297.0,21.0,74.0,2024,1
2024-01-23 07:00:00+05:30,306.0,21.0,75.0,2024,1
2024-01-23 07:15:00+05:30,312.0,21.0,76.0,2024,1
2024-01-23 07:30:00+05:30,322.0,21.0,76.0,2024,1
2024-01-23 07:45:00+05:30,336.0,21.0,76.0,2024,1
2024-01-23 08:00:00+05:30,353.0,21.0,76.0,2024,1
2024-01-23 08:15:00+05:30,366.0,22.0,75.0,2024,1
2024-01-23 08:30:00+05:30,378.0,22.0,74.0,2024,1
2024-01-23 08:45:00+05:30,390.0,23.0,72.0,2024,1
2024-01-23 09:00:00+05:30,401.0,23.0,70.0,2024,1
2024-01-23 09:15:00+05:30,410.0,24.0,66.0,2024,1
2024-01-23 09:30:00+05:30,419.0,25.0,62.0,2024,1
2024-01-23 09:45:00+05:30,425.0,26.0,57.0,2024,1
2024-01-23 10:00:00+05:30,435.0,27.0,55.0,2024,1
2024-01-23 10:15:00+05:30,441.0,27.0,53.0,2024,1
2024-01-23 10:30:00+05:30,438.0,28.0,50.0,2024,1
2024-01-23 10:45:00+05:30,442.0,29.0,46.0,2024,1
2024-01-23 11:00:00+05:30,443.0,29.0,44.0,2024,1
2024-01-23 11:15:00+05:30,439.0,31.0,41.0,2024,1
2024-01-23 11:30:00+05:30,436.0,31.0,39.0,2024,1
2024-01-23 11:45:00+05:30,435.0,32.0,37.0,2024,1
2024-01-23 12:00:00+05:30,434.0,33.0,37.0,2024,1
2024-01-23 12:15:00+05:30,433.0,33.0,37.0,2024,1
2024-01-23 12:30:00+05:30,434.0,33.0,37.0,2024,1
2024-01-23 12:45:00+05:30,432.0,33.0,38.0,2024,1
2024-01-23 13:00:00+05:30,428.0,33.0,39.0,2024,1
2024-01-23 13:15:00+05:30,423.0,33.0,39.0,2024,1
2024-01-23 13:30:00+05:30,423.0,34.0,36.0,2024,1
2024-01-23 13:45:00+05:30,422.0,33.0,39.0,2024,1
2024-01-23 14:00:00+05:30,425.0,33.0,39.0,2024,1
2024-01-23 14:15:00+05:30,429.0,33.0,40.0,2024,1
2024-01-23 14:30:00+05:30,431.0,33.0,40.0,2024,1
2024-01-23 14:45:00+05:30,428.0,33.0,42.0,2024,1
2024-01-23 15:00:00+05:30,428.0,33.0,43.0,2024,1
2024-01-23 15:15:00+05:30,426.0,33.0,42.0,2024,1
2024-01-23 15:30:00+05:30,426.0,32.0,42.0,2024,1
2024-01-23 15:45:00+05:30,428.0,32.0,44.0,2024,1
2024-01-23 16:00:00+05:30,426.0,31.0,46.0,2024,1
2024-01-23 16:15:00+05:30,425.0,31.0,47.0,2024,1
2024-01-23 16:30:00+05:30,420.0,30.0,48.0,2024,1
2024-01-23 16:45:00+05:30,419.0,30.0,49.0,2024,1
2024-01-23 17:00:00+05:30,418.0,29.0,50.0,2024,1
2024-01-23 17:15:00+05:30,417.0,29.0,50.0,2024,1
2024-01-23 17:30:00+05:30,412.0,29.0,51.0,2024,1
2024-01-23 17:45:00+05:30,411.0,28.0,52.0,2024,1
2024-01-23 18:00:00+05:30,407.0,28.0,53.0,2024,1
2024-01-23 18:15:00+05:30,407.0,27.0,55.0,2024,1
2024-01-23 18:30:00+05:30,406.0,26.0,56.0,2024,1
2024-01-23 18:45:00+05:30,402.0,26.0,56.0,2024,1
2024-01-23 19:00:00+05:30,396.0,26.0,58.0,2024,1
2024-01-23 19:15:00+05:30,388.0,25.0,59.0,2024,1
2024-01-23 19:30:00+05:30,380.0,25.0,61.0,2024,1
2024-01-23 19:45:00+05:30,374.0,25.0,62.0,2024,1
2024-01-23 20:00:00+05:30,365.0,25.0,63.0,2024,1
2024-01-23 20:15:00+05:30,358.0,25.0,63.0,2024,1
2024-01-23 20:30:00+05:30,354.0,25.0,64.0,2024,1
2024-01-23 20:45:00+05:30,349.0,24.0,63.0,2024,1
2024-01-23 21:00:00+05:30,343.0,24.0,63.0,2024,1
2024-01-23 21:15:00+05:30,340.0,24.0,64.0,2024,1
2024-01-23 21:30:00+05:30,334.0,24.0,64.0,2024,1
2024-01-23 21:45:00+05:30,327.0,24.0,64.0,2024,1
2024-01-23 22:00:00+05:30,320.0,24.0,64.0,2024,1
2024-01-23 22:15:00+05:30,314.0,24.0,63.0,2024,1
2024-01-23 22:30:00+05:30,309.0,24.0,63.0,2024,1
2024-01-23 22:45:00+05:30,304.0,23.0,63.0,2024,1
2024-01-23 23:00:00+05:30,297.0,23.0,62.0,2024,1
2024-01-23 23:15:00+05:30,291.0,23.0,61.0,2024,1
2024-01-23 23:30:00+05:30,286.0,23.0,61.0,2024,1
2024-01-23 23:45:00+05:30,280.0,23.0,61.0,2024,1
2024-01-24 00:00:00+05:30,275.0,25.0,78.0,2024,1
2024-01-24 00:15:00+05:30,270.0,25.0,78.0,2024,1
2024-01-24 00:30:00+05:30,266.0,25.0,79.0,2024,1
2024-01-24 00:45:00+05:30,262.0,25.0,79.0,2024,1
2024-01-24 01:00:00+05:30,257.0,24.0,79.0,2024,1
2024-01-24 01:15:00+05:30,254.0,24.0,79.0,2024,1
2024-01-24 01:30:00+05:30,251.0,24.0,80.0,2024,1
2024-01-24 01:45:00+05:30,250.0,24.0,80.0,2024,1
2024-01-24 02:00:00+05:30,248.0,24.0,80.0,2024,1
2024-01-24 02:15:00+05:30,247.0,24.0,80.0,2024,1
2024-01-24 02:30:00+05:30,245.0,24.0,81.0,2024,1
2024-01-24 02:45:00+05:30,244.0,24.0,81.0,2024,1
2024-01-24 03:00:00+05:30,242.0,23.0,82.0,2024,1
2024-01-24 03:15:00+05:30,241.0,23.0,82.0,2024,1
2024-01-24 03:30:00+05:30,239.0,23.0,82.0,2024,1
2024-01-24 03:45:00+05:30,238.0,23.0,82.0,2024,1
2024-01-24 04:00:00+05:30,236.0,23.0,82.0,2024,1
2024-01-24 04:15:00+05:30,238.0,23.0,82.0,2024,1
2024-01-24 04:30:00+05:30,241.0,23.0,82.0,2024,1
2024-01-24 04:45:00+05:30,242.0,23.0,82.0,2024,1
2024-01-24 05:00:00+05:30,246.0,23.0,82.0,2024,1
2024-01-24 05:15:00+05:30,247.0,23.0,82.0,2024,1
2024-01-24 05:30:00+05:30,251.0,23.0,82.0,2024,1
2024-01-24 05:45:00+05:30,257.0,23.0,82.0,2024,1
2024-01-24 06:00:00+05:30,266.0,23.0,82.0,2024,1
2024-01-24 06:15:00+05:30,276.0,23.0,82.0,2024,1
2024-01-24 06:30:00+05:30,284.0,23.0,82.0,2024,1
2024-01-24 06:45:00+05:30,292.0,23.0,82.0,2024,1
2024-01-24 07:00:00+05:30,303.0,23.0,82.0,2024,1
2024-01-24 07:15:00+05:30,310.0,23.0,81.0,2024,1
2024-01-24 07:30:00+05:30,319.0,23.0,80.0,2024,1
2024-01-24 07:45:00+05:30,330.0,24.0,79.0,2024,1
2024-01-24 08:00:00+05:30,347.0,24.0,78.0,2024,1
2024-01-24 08:15:00+05:30,360.0,24.0,77.0,2024,1
2024-01-24 08:30:00+05:30,370.0,25.0,75.0,2024,1
2024-01-24 08:45:00+05:30,384.0,25.0,73.0,2024,1
2024-01-24 09:00:00+05:30,396.0,25.0,71.0,2024,1
2024-01-24 09:15:00+05:30,404.0,26.0,69.0,2024,1
2024-01-24 09:30:00+05:30,412.0,26.0,68.0,2024,1
2024-01-24 09:45:00+05:30,418.0,27.0,66.0,2024,1
2024-01-24 10:00:00+05:30,426.0,27.0,64.0,2024,1
2024-01-24 10:15:00+05:30,434.0,28.0,62.0,2024,1
2024-01-24 10:30:00+05:30,430.0,28.0,60.0,2024,1
2024-01-24 10:45:00+05:30,433.0,29.0,58.0,2024,1
2024-01-24 11:00:00+05:30,431.0,29.0,57.0,2024,1
2024-01-24 11:15:00+05:30,432.0,30.0,55.0,2024,1
2024-01-24 11:30:00+05:30,432.0,30.0,54.0,2024,1
2024-01-24 11:45:00+05:30,432.0,31.0,52.0,2024,1
2024-01-24 12:00:00+05:30,433.0,31.0,51.0,2024,1
2024-01-24 12:15:00+05:30,430.0,31.0,50.0,2024,1
2024-01-24 12:30:00+05:30,430.0,32.0,47.0,2024,1
2024-01-24 12:45:00+05:30,428.0,32.0,47.0,2024,1
2024-01-24 13:00:00+05:30,424.0,32.0,46.0,2024,1
2024-01-24 13:15:00+05:30,420.0,33.0,46.0,2024,1
2024-01-24 13:30:00+05:30,421.0,33.0,46.0,2024,1
2024-01-24 13:45:00+05:30,423.0,33.0,46.0,2024,1
2024-01-24 14:00:00+05:30,425.0,33.0,47.0,2024,1
2024-01-24 14:15:00+05:30,427.0,33.0,48.0,2024,1
2024-01-24 14:30:00+05:30,427.0,32.0,48.0,2024,1
2024-01-24 14:45:00+05:30,427.0,32.0,49.0,2024,1
2024-01-24 15:00:00+05:30,426.0,32.0,49.0,2024,1
2024-01-24 15:15:00+05:30,429.0,32.0,50.0,2024,1
2024-01-24 15:30:00+05:30,430.0,32.0,49.0,2024,1
2024-01-24 15:45:00+05:30,430.0,32.0,49.0,2024,1
2024-01-24 16:00:00+05:30,429.0,32.0,50.0,2024,1
2024-01-24 16:15:00+05:30,430.0,31.0,50.0,2024,1
2024-01-24 16:30:00+05:30,427.0,31.0,52.0,2024,1
2024-01-24 16:45:00+05:30,424.0,31.0,53.0,2024,1
2024-01-24 17:00:00+05:30,420.0,31.0,53.0,2024,1
2024-01-24 17:15:00+05:30,418.0,31.0,54.0,2024,1
2024-01-24 17:30:00+05:30,411.0,30.0,57.0,2024,1
2024-01-24 17:45:00+05:30,407.0,30.0,57.0,2024,1
2024-01-24 18:00:00+05:30,404.0,30.0,59.0,2024,1
2024-01-24 18:15:00+05:30,403.0,29.0,60.0,2024,1
2024-01-24 18:30:00+05:30,403.0,29.0,60.0,2024,1
2024-01-24 18:45:00+05:30,400.0,29.0,62.0,2024,1
2024-01-24 19:00:00+05:30,393.0,29.0,63.0,2024,1
2024-01-24 19:15:00+05:30,386.0,28.0,64.0,2024,1
2024-01-24 19:30:00+05:30,379.0,28.0,65.0,2024,1
2024-01-24 19:45:00+05:30,374.0,28.0,66.0,2024,1
2024-01-24 20:00:00+05:30,367.0,28.0,67.0,2024,1
2024-01-24 20:15:00+05:30,363.0,28.0,67.0,2024,1
2024-01-24 20:30:00+05:30,357.0,27.0,69.0,2024,1
2024-01-24 20:45:00+05:30,353.0,27.0,69.0,2024,1
2024-01-24 21:00:00+05:30,345.0,27.0,70.0,2024,1
2024-01-24 21:15:00+05:30,343.0,27.0,70.0,2024,1
2024-01-24 21:30:00+05:30,339.0,27.0,71.0,2024,1
2024-01-24 21:45:00+05:30,332.0,27.0,72.0,2024,1
2024-01-24 22:00:00+05:30,324.0,26.0,72.0,2024,1
2024-01-24 22:15:00+05:30,317.0,26.0,73.0,2024,1
2024-01-24 22:30:00+05:30,312.0,26.0,71.0,2024,1
2024-01-24 22:45:00+05:30,305.0,26.0,71.0,2024,1
2024-01-24 23:00:00+05:30,299.0,26.0,72.0,2024,1
2024-01-24 23:15:00+05:30,293.0,26.0,72.0,2024,1
2024-01-24 23:30:00+05:30,288.0,26.0,73.0,2024,1
2024-01-24 23:45:00+05:30,281.0,26.0,73.0,2024,1
2024-01-25 00:00:00+05:30,278.0,22.0,64.0,2024,1
2024-01-25 00:15:00+05:30,273.0,22.0,65.0,2024,1
2024-01-25 00:30:00+05:30,266.0,22.0,64.0,2024,1
2024-01-25 00:45:00+05:30,263.0,21.0,63.0,2024,1
2024-01-25 01:00:00+05:30,259.0,21.0,63.0,2024,1
2024-01-25 01:15:00+05:30,257.0,21.0,62.0,2024,1
2024-01-25 01:30:00+05:30,256.0,22.0,62.0,2024,1
2024-01-25 01:45:00+05:30,254.0,21.0,61.0,2024,1
2024-01-25 02:00:00+05:30,251.0,21.0,60.0,2024,1
2024-01-25 02:15:00+05:30,249.0,21.0,59.0,2024,1
2024-01-25 02:30:00+05:30,247.0,21.0,58.0,2024,1
2024-01-25 02:45:00+05:30,246.0,21.0,56.0,2024,1
2024-01-25 03:00:00+05:30,244.0,21.0,52.0,2024,1
2024-01-25 03:15:00+05:30,242.0,22.0,50.0,2024,1
2024-01-25 03:30:00+05:30,239.0,22.0,49.0,2024,1
2024-01-25 03:45:00+05:30,239.0,22.0,49.0,2024,1
2024-01-25 04:00:00+05:30,238.0,22.0,49.0,2024,1
2024-01-25 04:15:00+05:30,241.0,22.0,49.0,2024,1
2024-01-25 04:30:00+05:30,243.0,22.0,48.0,2024,1
2024-01-25 04:45:00+05:30,245.0,22.0,48.0,2024,1
2024-01-25 05:00:00+05:30,247.0,22.0,48.0,2024,1
2024-01-25 05:15:00+05:30,250.0,22.0,49.0,2024,1
2024-01-25 05:30:00+05:30,253.0,22.0,49.0,2024,1
2024-01-25 05:45:00+05:30,257.0,22.0,49.0,2024,1
2024-01-25 06:00:00+05:30,269.0,21.0,49.0,2024,1
2024-01-25 06:15:00+05:30,279.0,21.0,50.0,2024,1
2024-01-25 06:30:00+05:30,288.0,21.0,50.0,2024,1
2024-01-25 06:45:00+05:30,296.0,21.0,50.0,2024,1
2024-01-25 07:00:00+05:30,304.0,21.0,51.0,2024,1
2024-01-25 07:15:00+05:30,312.0,21.0,51.0,2024,1
2024-01-25 07:30:00+05:30,322.0,21.0,51.0,2024,1
2024-01-25 07:45:00+05:30,333.0,21.0,51.0,2024,1
2024-01-25 08:00:00+05:30,349.0,21.0,52.0,2024,1
2024-01-25 08:15:00+05:30,365.0,22.0,52.0,2024,1
2024-01-25 08:30:00+05:30,374.0,22.0,50.0,2024,1
2024-01-25 08:45:00+05:30,387.0,23.0,49.0,2024,1
2024-01-25 09:00:00+05:30,399.0,23.0,47.0,2024,1
2024-01-25 09:15:00+05:30,407.0,24.0,45.0,2024,1
2024-01-25 09:30:00+05:30,412.0,25.0,43.0,2024,1
2024-01-25 09:45:00+05:30,421.0,26.0,40.0,2024,1
2024-01-25 10:00:00+05:30,431.0,26.0,38.0,2024,1
2024-01-25 10:15:00+05:30,433.0,27.0,37.0,2024,1
2024-01-25 10:30:00+05:30,431.0,28.0,35.0,2024,1
2024-01-25 10:45:00+05:30,435.0,29.0,32.0,2024,1
2024-01-25 11:00:00+05:30,436.0,30.0,31.0,2024,1
2024-01-25 11:15:00+05:30,436.0,31.0,29.0,2024,1
2024-01-25 11:30:00+05:30,435.0,32.0,28.0,2024,1
2024-01-25 11:45:00+05:30,434.0,32.0,27.0,2024,1
2024-01-25 12:00:00+05:30,434.0,33.0,26.0,2024,1
2024-01-25 12:15:00+05:30,434.0,34.0,25.0,2024,1
2024-01-25 12:30:00+05:30,432.0,34.0,25.0,2024,1
2024-01-25 12:45:00+05:30,430.0,34.0,24.0,2024,1
2024-01-25 13:00:00+05:30,429.0,34.0,27.0,2024,1
2024-01-25 13:15:00+05:30,428.0,34.0,27.0,2024,1
2024-01-25 13:30:00+05:30,427.0,34.0,28.0,2024,1
2024-01-25 13:45:00+05:30,425.0,34.0,29.0,2024,1
2024-01-25 14:00:00+05:30,427.0,34.0,29.0,2024,1
2024-01-25 14:15:00+05:30,429.0,34.0,29.0,2024,1
2024-01-25 14:30:00+05:30,431.0,34.0,29.0,2024,1
2024-01-25 14:45:00+05:30,431.0,34.0,32.0,2024,1
2024-01-25 15:00:00+05:30,434.0,33.0,33.0,2024,1
2024-01-25 15:15:00+05:30,433.0,33.0,34.0,2024,1
2024-01-25 15:30:00+05:30,433.0,33.0,35.0,2024,1
2024-01-25 15:45:00+05:30,431.0,33.0,36.0,2024,1
2024-01-25 16:00:00+05:30,429.0,32.0,37.0,2024,1
2024-01-25 16:15:00+05:30,428.0,31.0,37.0,2024,1
2024-01-25 16:30:00+05:30,426.0,31.0,38.0,2024,1
2024-01-25 16:45:00+05:30,426.0,31.0,40.0,2024,1
2024-01-25 17:00:00+05:30,423.0,30.0,39.0,2024,1
2024-01-25 17:15:00+05:30,420.0,30.0,41.0,2024,1
2024-01-25 17:30:00+05:30,418.0,29.0,42.0,2024,1
2024-01-25 17:45:00+05:30,410.0,29.0,44.0,2024,1
2024-01-25 18:00:00+05:30,409.0,28.0,44.0,2024,1
2024-01-25 18:15:00+05:30,409.0,27.0,45.0,2024,1
2024-01-25 18:30:00+05:30,405.0,27.0,46.0,2024,1
2024-01-25 18:45:00+05:30,399.0,26.0,47.0,2024,1
2024-01-25 19:00:00+05:30,391.0,26.0,48.0,2024,1
2024-01-25 19:15:00+05:30,385.0,26.0,49.0,2024,1
2024-01-25 19:30:00+05:30,378.0,26.0,50.0,2024,1
2024-01-25 19:45:00+05:30,373.0,25.0,51.0,2024,1
2024-01-25 20:00:00+05:30,365.0,25.0,50.0,2024,1
2024-01-25 20:15:00+05:30,359.0,25.0,50.0,2024,1
2024-01-25 20:30:00+05:30,356.0,25.0,49.0,2024,1
2024-01-25 20:45:00+05:30,351.0,25.0,50.0,2024,1
2024-01-25 21:00:00+05:30,345.0,25.0,50.0,2024,1
2024-01-25 21:15:00+05:30,340.0,24.0,51.0,2024,1
2024-01-25 21:30:00+05:30,332.0,24.0,52.0,2024,1
2024-01-25 21:45:00+05:30,327.0,24.0,53.0,2024,1
2024-01-25 22:00:00+05:30,320.0,24.0,54.0,2024,1
2024-01-25 22:15:00+05:30,316.0,23.0,54.0,2024,1
2024-01-25 22:30:00+05:30,311.0,23.0,56.0,2024,1
2024-01-25 22:45:00+05:30,307.0,23.0,57.0,2024,1
2024-01-25 23:00:00+05:30,302.0,23.0,58.0,2024,1
2024-01-25 23:15:00+05:30,295.0,23.0,59.0,2024,1
2024-01-25 23:30:00+05:30,290.0,23.0,59.0,2024,1
2024-01-25 23:45:00+05:30,285.0,23.0,60.0,2024,1
2024-01-26 00:00:00+05:30,279.0,22.0,62.0,2024,1
2024-01-26 00:15:00+05:30,274.0,22.0,63.0,2024,1
2024-01-26 00:30:00+05:30,270.0,22.0,63.0,2024,1
2024-01-26 00:45:00+05:30,265.0,22.0,63.0,2024,1
2024-01-26 01:00:00+05:30,260.0,22.0,63.0,2024,1
2024-01-26 01:15:00+05:30,258.0,22.0,63.0,2024,1
2024-01-26 01:30:00+05:30,256.0,22.0,63.0,2024,1
2024-01-26 01:45:00+05:30,253.0,22.0,63.0,2024,1
2024-01-26 02:00:00+05:30,251.0,22.0,63.0,2024,1
2024-01-26 02:15:00+05:30,249.0,22.0,64.0,2024,1
2024-01-26 02:30:00+05:30,248.0,21.0,64.0,2024,1
2024-01-26 02:45:00+05:30,246.0,21.0,66.0,2024,1
2024-01-26 03:00:00+05:30,245.0,21.0,67.0,2024,1
2024-01-26 03:15:00+05:30,242.0,21.0,67.0,2024,1
2024-01-26 03:30:00+05:30,239.0,21.0,68.0,2024,1
2024-01-26 03:45:00+05:30,236.0,21.0,67.0,2024,1
2024-01-26 04:00:00+05:30,235.0,21.0,67.0,2024,1
2024-01-26 04:15:00+05:30,237.0,21.0,66.0,2024,1
2024-01-26 04:30:00+05:30,241.0,21.0,66.0,2024,1
2024-01-26 04:45:00+05:30,238.0,21.0,66.0,2024,1
2024-01-26 05:00:00+05:30,240.0,21.0,66.0,2024,1
2024-01-26 05:15:00+05:30,241.0,21.0,66.0,2024,1
2024-01-26 05:30:00+05:30,243.0,21.0,65.0,2024,1
2024-01-26 05:45:00+05:30,247.0,20.0,66.0,2024,1
2024-01-26 06:00:00+05:30,252.0,21.0,66.0,2024,1
2024-01-26 06:15:00+05:30,255.0,20.0,66.0,2024,1
2024-01-26 06:30:00+05:30,257.0,20.0,65.0,2024,1
2024-01-26 06:45:00+05:30,258.0,20.0,66.0,2024,1
2024-01-26 07:00:00+05:30,259.0,20.0,67.0,2024,1
2024-01-26 07:15:00+05:30,261.0,20.0,66.0,2024,1
2024-01-26 07:30:00+05:30,266.0,20.0,66.0,2024,1
2024-01-26 07:45:00+05:30,270.0,20.0,66.0,2024,1
2024-01-26 08:00:00+05:30,277.0,21.0,66.0,2024,1
2024-01-26 08:15:00+05:30,283.0,21.0,66.0,2024,1
2024-01-26 08:30:00+05:30,288.0,22.0,64.0,2024,1
2024-01-26 08:45:00+05:30,293.0,22.0,62.0,2024,1
2024-01-26 09:00:00+05:30,295.0,24.0,57.0,2024,1
2024-01-26 09:15:00+05:30,296.0,24.0,54.0,2024,1
2024-01-26 09:30:00+05:30,295.0,25.0,50.0,2024,1
2024-01-26 09:45:00+05:30,296.0,26.0,47.0,2024,1
2024-01-26 10:00:00+05:30,299.0,27.0,45.0,2024,1
2024-01-26 10:15:00+05:30,301.0,27.0,44.0,2024,1
2024-01-26 10:30:00+05:30,298.0,28.0,41.0,2024,1
2024-01-26 10:45:00+05:30,301.0,29.0,38.0,2024,1
2024-01-26 11:00:00+05:30,303.0,31.0,35.0,2024,1
2024-01-26 11:15:00+05:30,304.0,32.0,34.0,2024,1
2024-01-26 11:30:00+05:30,306.0,33.0,32.0,2024,1
2024-01-26 11:45:00+05:30,307.0,33.0,30.0,2024,1
2024-01-26 12:00:00+05:30,308.0,34.0,29.0,2024,1
2024-01-26 12:15:00+05:30,309.0,34.0,28.0,2024,1
2024-01-26 12:30:00+05:30,308.0,35.0,29.0,2024,1
2024-01-26 12:45:00+05:30,307.0,35.0,31.0,2024,1
2024-01-26 13:00:00+05:30,306.0,35.0,30.0,2024,1
2024-01-26 13:15:00+05:30,304.0,35.0,32.0,2024,1
2024-01-26 13:30:00+05:30,304.0,35.0,32.0,2024,1
2024-01-26 13:45:00+05:30,303.0,35.0,32.0,2024,1
2024-01-26 14:00:00+05:30,302.0,35.0,31.0,2024,1
2024-01-26 14:15:00+05:30,301.0,35.0,31.0,2024,1
2024-01-26 14:30:00+05:30,300.0,35.0,32.0,2024,1
2024-01-26 14:45:00+05:30,300.0,35.0,33.0,2024,1
2024-01-26 15:00:00+05:30,299.0,35.0,32.0,2024,1
2024-01-26 15:15:00+05:30,299.0,35.0,33.0,2024,1
2024-01-26 15:30:00+05:30,299.0,34.0,34.0,2024,1
2024-01-26 15:45:00+05:30,298.0,34.0,34.0,2024,1
2024-01-26 16:00:00+05:30,298.0,33.0,36.0,2024,1
2024-01-26 16:15:00+05:30,297.0,32.0,37.0,2024,1
2024-01-26 16:30:00+05:30,297.0,32.0,38.0,2024,1
2024-01-26 16:45:00+05:30,298.0,31.0,41.0,2024,1
2024-01-26 17:00:00+05:30,299.0,31.0,42.0,2024,1
2024-01-26 17:15:00+05:30,299.0,30.0,44.0,2024,1
2024-01-26 17:30:00+05:30,299.0,30.0,46.0,2024,1
2024-01-26 17:45:00+05:30,301.0,29.0,46.0,2024,1
2024-01-26 18:00:00+05:30,307.0,28.0,48.0,2024,1
2024-01-26 18:15:00+05:30,311.0,28.0,50.0,2024,1
2024-01-26 18:30:00+05:30,314.0,27.0,51.0,2024,1
2024-01-26 18:45:00+05:30,315.0,27.0,51.0,2024,1
2024-01-26 19:00:00+05:30,313.0,27.0,52.0,2024,1
2024-01-26 19:15:00+05:30,312.0,26.0,54.0,2024,1
2024-01-26 19:30:00+05:30,311.0,26.0,54.0,2024,1
2024-01-26 19:45:00+05:30,310.0,26.0,54.0,2024,1
2024-01-26 20:00:00+05:30,308.0,26.0,53.0,2024,1
2024-01-26 20:15:00+05:30,307.0,25.0,53.0,2024,1
2024-01-26 20:30:00+05:30,305.0,25.0,52.0,2024,1
2024-01-26 20:45:00+05:30,303.0,25.0,53.0,2024,1
2024-01-26 21:00:00+05:30,302.0,25.0,53.0,2024,1
2024-01-26 21:15:00+05:30,299.0,25.0,54.0,2024,1
2024-01-26 21:30:00+05:30,297.0,25.0,55.0,2024,1
2024-01-26 21:45:00+05:30,294.0,25.0,56.0,2024,1
2024-01-26 22:00:00+05:30,291.0,24.0,57.0,2024,1
2024-01-26 22:15:00+05:30,289.0,24.0,58.0,2024,1
2024-01-26 22:30:00+05:30,287.0,24.0,59.0,2024,1
2024-01-26 22:45:00+05:30,283.0,24.0,59.0,2024,1
2024-01-26 23:00:00+05:30,279.0,24.0,60.0,2024,1
2024-01-26 23:15:00+05:30,274.0,24.0,60.0,2024,1
2024-01-26 23:30:00+05:30,271.0,24.0,60.0,2024,1
2024-01-26 23:45:00+05:30,267.0,24.0,61.0,2024,1
2024-01-27 00:00:00+05:30,262.0,24.0,62.0,2024,1
2024-01-27 00:15:00+05:30,257.0,24.0,63.0,2024,1
2024-01-27 00:30:00+05:30,253.0,24.0,63.0,2024,1
2024-01-27 00:45:00+05:30,250.0,23.0,63.0,2024,1
2024-01-27 01:00:00+05:30,248.0,23.0,63.0,2024,1
2024-01-27 01:15:00+05:30,246.0,23.0,62.0,2024,1
2024-01-27 01:30:00+05:30,244.0,23.0,62.0,2024,1
2024-01-27 01:45:00+05:30,242.0,23.0,62.0,2024,1
2024-01-27 02:00:00+05:30,240.0,23.0,61.0,2024,1
2024-01-27 02:15:00+05:30,238.0,23.0,62.0,2024,1
2024-01-27 02:30:00+05:30,237.0,23.0,63.0,2024,1
2024-01-27 02:45:00+05:30,236.0,23.0,62.0,2024,1
2024-01-27 03:00:00+05:30,235.0,23.0,62.0,2024,1
2024-01-27 03:15:00+05:30,233.0,23.0,61.0,2024,1
2024-01-27 03:30:00+05:30,232.0,23.0,62.0,2024,1
2024-01-27 03:45:00+05:30,232.0,23.0,64.0,2024,1
2024-01-27 04:00:00+05:30,231.0,23.0,64.0,2024,1
2024-01-27 04:15:00+05:30,233.0,23.0,64.0,2024,1
2024-01-27 04:30:00+05:30,232.0,23.0,64.0,2024,1
2024-01-27 04:45:00+05:30,232.0,22.0,65.0,2024,1
2024-01-27 05:00:00+05:30,235.0,22.0,64.0,2024,1
2024-01-27 05:15:00+05:30,236.0,22.0,65.0,2024,1
2024-01-27 05:30:00+05:30,238.0,22.0,66.0,2024,1
2024-01-27 05:45:00+05:30,241.0,22.0,66.0,2024,1
2024-01-27 06:00:00+05:30,248.0,22.0,67.0,2024,1
2024-01-27 06:15:00+05:30,253.0,22.0,67.0,2024,1
2024-01-27 06:30:00+05:30,257.0,22.0,66.0,2024,1
2024-01-27 06:45:00+05:30,262.0,22.0,66.0,2024,1
2024-01-27 07:00:00+05:30,268.0,22.0,66.0,2024,1
2024-01-27 07:15:00+05:30,272.0,22.0,65.0,2024,1
2024-01-27 07:30:00+05:30,279.0,22.0,65.0,2024,1
2024-01-27 07:45:00+05:30,288.0,22.0,65.0,2024,1
2024-01-27 08:00:00+05:30,299.0,22.0,65.0,2024,1
2024-01-27 08:15:00+05:30,310.0,23.0,64.0,2024,1
2024-01-27 08:30:00+05:30,317.0,23.0,64.0,2024,1
2024-01-27 08:45:00+05:30,328.0,24.0,63.0,2024,1
2024-01-27 09:00:00+05:30,339.0,24.0,61.0,2024,1
2024-01-27 09:15:00+05:30,349.0,25.0,57.0,2024,1
2024-01-27 09:30:00+05:30,357.0,26.0,54.0,2024,1
2024-01-27 09:45:00+05:30,361.0,27.0,50.0,2024,1
2024-01-27 10:00:00+05:30,374.0,27.0,47.0,2024,1
2024-01-27 10:15:00+05:30,381.0,28.0,45.0,2024,1
2024-01-27 10:30:00+05:30,378.0,29.0,43.0,2024,1
2024-01-27 10:45:00+05:30,382.0,30.0,40.0,2024,1
2024-01-27 11:00:00+05:30,386.0,31.0,39.0,2024,1
2024-01-27 11:15:00+05:30,386.0,32.0,37.0,2024,1
2024-01-27 11:30:00+05:30,385.0,33.0,35.0,2024,1
2024-01-27 11:45:00+05:30,385.0,34.0,34.0,2024,1
2024-01-27 12:00:00+05:30,384.0,35.0,35.0,2024,1
2024-01-27 12:15:00+05:30,383.0,35.0,35.0,2024,1
2024-01-27 12:30:00+05:30,384.0,35.0,37.0,2024,1
2024-01-27 12:45:00+05:30,383.0,35.0,36.0,2024,1
2024-01-27 13:00:00+05:30,379.0,36.0,35.0,2024,1
2024-01-27 13:15:00+05:30,376.0,36.0,33.0,2024,1
2024-01-27 13:30:00+05:30,376.0,36.0,32.0,2024,1
2024-01-27 13:45:00+05:30,376.0,36.0,34.0,2024,1
2024-01-27 14:00:00+05:30,375.0,36.0,35.0,2024,1
2024-01-27 14:15:00+05:30,376.0,36.0,35.0,2024,1
2024-01-27 14:30:00+05:30,376.0,36.0,35.0,2024,1
2024-01-27 14:45:00+05:30,376.0,36.0,36.0,2024,1
2024-01-27 15:00:00+05:30,374.0,35.0,37.0,2024,1
2024-01-27 15:15:00+05:30,372.0,35.0,36.0,2024,1
2024-01-27 15:30:00+05:30,371.0,35.0,35.0,2024,1
2024-01-27 15:45:00+05:30,370.0,35.0,34.0,2024,1
2024-01-27 16:00:00+05:30,370.0,34.0,36.0,2024,1
2024-01-27 16:15:00+05:30,370.0,34.0,37.0,2024,1
2024-01-27 16:30:00+05:30,368.0,33.0,36.0,2024,1
2024-01-27 16:45:00+05:30,367.0,33.0,37.0,2024,1
2024-01-27 17:00:00+05:30,366.0,32.0,39.0,2024,1
2024-01-27 17:15:00+05:30,367.0,32.0,41.0,2024,1
2024-01-27 17:30:00+05:30,365.0,31.0,43.0,2024,1
2024-01-27 17:45:00+05:30,365.0,30.0,45.0,2024,1
2024-01-27 18:00:00+05:30,367.0,30.0,47.0,2024,1
2024-01-27 18:15:00+05:30,369.0,29.0,49.0,2024,1
2024-01-27 18:30:00+05:30,371.0,28.0,49.0,2024,1
2024-01-27 18:45:00+05:30,370.0,28.0,50.0,2024,1
2024-01-27 19:00:00+05:30,366.0,28.0,50.0,2024,1
2024-01-27 19:15:00+05:30,362.0,28.0,51.0,2024,1
2024-01-27 19:30:00+05:30,356.0,27.0,51.0,2024,1
2024-01-27 19:45:00+05:30,351.0,27.0,49.0,2024,1
2024-01-27 20:00:00+05:30,347.0,27.0,49.0,2024,1
2024-01-27 20:15:00+05:30,343.0,27.0,48.0,2024,1
2024-01-27 20:30:00+05:30,341.0,27.0,48.0,2024,1
2024-01-27 20:45:00+05:30,338.0,27.0,48.0,2024,1
2024-01-27 21:00:00+05:30,334.0,26.0,48.0,2024,1
2024-01-27 21:15:00+05:30,331.0,26.0,48.0,2024,1
2024-01-27 21:30:00+05:30,327.0,26.0,49.0,2024,1
2024-01-27 21:45:00+05:30,321.0,26.0,48.0,2024,1
2024-01-27 22:00:00+05:30,314.0,26.0,49.0,2024,1
2024-01-27 22:15:00+05:30,309.0,26.0,50.0,2024,1
2024-01-27 22:30:00+05:30,307.0,25.0,51.0,2024,1
2024-01-27 22:45:00+05:30,303.0,25.0,52.0,2024,1
2024-01-27 23:00:00+05:30,298.0,25.0,52.0,2024,1
2024-01-27 23:15:00+05:30,293.0,25.0,51.0,2024,1
2024-01-27 23:30:00+05:30,288.0,25.0,53.0,2024,1
2024-01-27 23:45:00+05:30,284.0,24.0,53.0,2024,1
2024-01-28 00:00:00+05:30,279.0,24.0,53.0,2024,1
2024-01-28 00:15:00+05:30,276.0,24.0,52.0,2024,1
2024-01-28 00:30:00+05:30,272.0,24.0,53.0,2024,1
2024-01-28 00:45:00+05:30,267.0,24.0,54.0,2024,1
2024-01-28 01:00:00+05:30,267.0,24.0,54.0,2024,1
2024-01-28 01:15:00+05:30,260.0,24.0,55.0,2024,1
2024-01-28 01:30:00+05:30,259.0,24.0,54.0,2024,1
2024-01-28 01:45:00+05:30,258.0,23.0,55.0,2024,1
2024-01-28 02:00:00+05:30,256.0,23.0,55.0,2024,1
2024-01-28 02:15:00+05:30,255.0,23.0,55.0,2024,1
2024-01-28 02:30:00+05:30,253.0,23.0,54.0,2024,1
2024-01-28 02:45:00+05:30,250.0,23.0,54.0,2024,1
2024-01-28 03:00:00+05:30,248.0,23.0,56.0,2024,1
2024-01-28 03:15:00+05:30,246.0,23.0,57.0,2024,1
2024-01-28 03:30:00+05:30,245.0,23.0,58.0,2024,1
2024-01-28 03:45:00+05:30,242.0,23.0,59.0,2024,1
2024-01-28 04:00:00+05:30,241.0,23.0,59.0,2024,1
2024-01-28 04:15:00+05:30,242.0,23.0,60.0,2024,1
2024-01-28 04:30:00+05:30,241.0,23.0,59.0,2024,1
2024-01-28 04:45:00+05:30,242.0,22.0,60.0,2024,1
2024-01-28 05:00:00+05:30,244.0,22.0,60.0,2024,1
2024-01-28 05:15:00+05:30,244.0,22.0,61.0,2024,1
2024-01-28 05:30:00+05:30,245.0,22.0,60.0,2024,1
2024-01-28 05:45:00+05:30,247.0,22.0,60.0,2024,1
2024-01-28 06:00:00+05:30,251.0,22.0,60.0,2024,1
2024-01-28 06:15:00+05:30,254.0,22.0,60.0,2024,1
2024-01-28 06:30:00+05:30,257.0,22.0,60.0,2024,1
2024-01-28 06:45:00+05:30,260.0,22.0,60.0,2024,1
2024-01-28 07:00:00+05:30,262.0,22.0,60.0,2024,1
2024-01-28 07:15:00+05:30,263.0,22.0,61.0,2024,1
2024-01-28 07:30:00+05:30,265.0,22.0,62.0,2024,1
2024-01-28 07:45:00+05:30,270.0,22.0,64.0,2024,1
2024-01-28 08:00:00+05:30,276.0,22.0,63.0,2024,1
2024-01-28 08:15:00+05:30,282.0,22.0,62.0,2024,1
2024-01-28 08:30:00+05:30,286.0,23.0,60.0,2024,1
2024-01-28 08:45:00+05:30,293.0,24.0,59.0,2024,1
2024-01-28 09:00:00+05:30,298.0,25.0,56.0,2024,1
2024-01-28 09:15:00+05:30,302.0,25.0,54.0,2024,1
2024-01-28 09:30:00+05:30,307.0,26.0,52.0,2024,1
2024-01-28 09:45:00+05:30,311.0,27.0,49.0,2024,1
2024-01-28 10:00:00+05:30,320.0,28.0,46.0,2024,1
2024-01-28 10:15:00+05:30,330.0,29.0,45.0,2024,1
2024-01-28 10:30:00+05:30,327.0,30.0,43.0,2024,1
2024-01-28 10:45:00+05:30,330.0,31.0,40.0,2024,1
2024-01-28 11:00:00+05:30,333.0,32.0,36.0,2024,1
2024-01-28 11:15:00+05:30,332.0,33.0,34.0,2024,1
2024-01-28 11:30:00+05:30,335.0,34.0,29.0,2024,1
2024-01-28 11:45:00+05:30,337.0,35.0,27.0,2024,1
2024-01-28 12:00:00+05:30,340.0,35.0,26.0,2024,1
2024-01-28 12:15:00+05:30,340.0,36.0,25.0,2024,1
2024-01-28 12:30:00+05:30,338.0,36.0,29.0,2024,1
2024-01-28 12:45:00+05:30,336.0,35.0,30.0,2024,1
2024-01-28 13:00:00+05:30,335.0,36.0,31.0,2024,1
2024-01-28 13:15:00+05:30,332.0,36.0,30.0,2024,1
2024-01-28 13:30:00+05:30,331.0,35.0,30.0,2024,1
2024-01-28 13:45:00+05:30,328.0,35.0,30.0,2024,1
2024-01-28 14:00:00+05:30,327.0,35.0,30.0,2024,1
2024-01-28 14:15:00+05:30,326.0,35.0,29.0,2024,1
2024-01-28 14:30:00+05:30,326.0,35.0,29.0,2024,1
2024-01-28 14:45:00+05:30,325.0,35.0,29.0,2024,1
2024-01-28 15:00:00+05:30,326.0,35.0,28.0,2024,1
2024-01-28 15:15:00+05:30,324.0,35.0,26.0,2024,1
2024-01-28 15:30:00+05:30,324.0,35.0,25.0,2024,1
2024-01-28 15:45:00+05:30,323.0,35.0,25.0,2024,1
2024-01-28 16:00:00+05:30,321.0,35.0,26.0,2024,1
2024-01-28 16:15:00+05:30,320.0,34.0,28.0,2024,1
2024-01-28 16:30:00+05:30,319.0,34.0,28.0,2024,1
2024-01-28 16:45:00+05:30,319.0,33.0,28.0,2024,1
2024-01-28 17:00:00+05:30,320.0,32.0,30.0,2024,1
2024-01-28 17:15:00+05:30,320.0,32.0,32.0,2024,1
2024-01-28 17:30:00+05:30,319.0,31.0,34.0,2024,1
2024-01-28 17:45:00+05:30,320.0,30.0,35.0,2024,1
2024-01-28 18:00:00+05:30,325.0,30.0,36.0,2024,1
2024-01-28 18:15:00+05:30,330.0,29.0,38.0,2024,1
2024-01-28 18:30:00+05:30,335.0,29.0,40.0,2024,1
2024-01-28 18:45:00+05:30,336.0,28.0,41.0,2024,1
2024-01-28 19:00:00+05:30,334.0,28.0,42.0,2024,1
2024-01-28 19:15:00+05:30,333.0,28.0,43.0,2024,1
2024-01-28 19:30:00+05:30,330.0,27.0,43.0,2024,1
2024-01-28 19:45:00+05:30,329.0,27.0,42.0,2024,1
2024-01-28 20:00:00+05:30,328.0,27.0,43.0,2024,1
2024-01-28 20:15:00+05:30,328.0,27.0,44.0,2024,1
2024-01-28 20:30:00+05:30,326.0,27.0,44.0,2024,1
2024-01-28 20:45:00+05:30,323.0,27.0,44.0,2024,1
2024-01-28 21:00:00+05:30,321.0,27.0,44.0,2024,1
2024-01-28 21:15:00+05:30,319.0,26.0,43.0,2024,1
2024-01-28 21:30:00+05:30,317.0,26.0,42.0,2024,1
2024-01-28 21:45:00+05:30,314.0,26.0,42.0,2024,1
2024-01-28 22:00:00+05:30,309.0,26.0,42.0,2024,1
2024-01-28 22:15:00+05:30,304.0,26.0,42.0,2024,1
2024-01-28 22:30:00+05:30,299.0,26.0,42.0,2024,1
2024-01-28 22:45:00+05:30,295.0,26.0,42.0,2024,1
2024-01-28 23:00:00+05:30,291.0,26.0,42.0,2024,1
2024-01-28 23:15:00+05:30,286.0,25.0,42.0,2024,1
2024-01-28 23:30:00+05:30,281.0,25.0,43.0,2024,1
2024-01-28 23:45:00+05:30,277.0,25.0,43.0,2024,1
2024-01-29 00:00:00+05:30,273.0,22.0,59.0,2024,1
2024-01-29 00:15:00+05:30,269.0,22.0,58.0,2024,1
2024-01-29 00:30:00+05:30,266.0,22.0,58.0,2024,1
2024-01-29 00:45:00+05:30,264.0,22.0,58.0,2024,1
2024-01-29 01:00:00+05:30,260.0,22.0,59.0,2024,1
2024-01-29 01:15:00+05:30,256.0,22.0,60.0,2024,1
2024-01-29 01:30:00+05:30,254.0,22.0,60.0,2024,1
2024-01-29 01:45:00+05:30,252.0,21.0,61.0,2024,1
2024-01-29 02:00:00+05:30,250.0,21.0,61.0,2024,1
2024-01-29 02:15:00+05:30,249.0,21.0,62.0,2024,1
2024-01-29 02:30:00+05:30,247.0,21.0,63.0,2024,1
2024-01-29 02:45:00+05:30,245.0,21.0,63.0,2024,1
2024-01-29 03:00:00+05:30,244.0,21.0,64.0,2024,1
2024-01-29 03:15:00+05:30,242.0,21.0,66.0,2024,1
2024-01-29 03:30:00+05:30,241.0,20.0,66.0,2024,1
2024-01-29 03:45:00+05:30,239.0,20.0,67.0,2024,1
2024-01-29 04:00:00+05:30,238.0,20.0,67.0,2024,1
2024-01-29 04:15:00+05:30,239.0,20.0,68.0,2024,1
2024-01-29 04:30:00+05:30,239.0,20.0,68.0,2024,1
2024-01-29 04:45:00+05:30,240.0,20.0,68.0,2024,1
2024-01-29 05:00:00+05:30,244.0,20.0,67.0,2024,1
2024-01-29 05:15:00+05:30,248.0,20.0,67.0,2024,1
2024-01-29 05:30:00+05:30,254.0,20.0,67.0,2024,1
2024-01-29 05:45:00+05:30,261.0,20.0,67.0,2024,1
2024-01-29 06:00:00+05:30,271.0,20.0,67.0,2024,1
2024-01-29 06:15:00+05:30,279.0,20.0,67.0,2024,1
2024-01-29 06:30:00+05:30,289.0,20.0,67.0,2024,1
2024-01-29 06:45:00+05:30,298.0,20.0,67.0,2024,1
2024-01-29 07:00:00+05:30,307.0,19.0,68.0,2024,1
2024-01-29 07:15:00+05:30,316.0,19.0,69.0,2024,1
2024-01-29 07:30:00+05:30,328.0,19.0,69.0,2024,1
2024-01-29 07:45:00+05:30,342.0,19.0,69.0,2024,1
2024-01-29 08:00:00+05:30,359.0,20.0,68.0,2024,1
2024-01-29 08:15:00+05:30,376.0,20.0,67.0,2024,1
2024-01-29 08:30:00+05:30,390.0,21.0,65.0,2024,1
2024-01-29 08:45:00+05:30,402.0,21.0,63.0,2024,1
2024-01-29 09:00:00+05:30,415.0,22.0,60.0,2024,1
2024-01-29 09:15:00+05:30,426.0,23.0,57.0,2024,1
2024-01-29 09:30:00+05:30,433.0,24.0,54.0,2024,1
2024-01-29 09:45:00+05:30,441.0,24.0,51.0,2024,1
2024-01-29 10:00:00+05:30,454.0,25.0,48.0,2024,1
2024-01-29 10:15:00+05:30,462.0,26.0,46.0,2024,1
2024-01-29 10:30:00+05:30,459.0,27.0,44.0,2024,1
2024-01-29 10:45:00+05:30,461.0,27.0,42.0,2024,1
2024-01-29 11:00:00+05:30,462.0,28.0,40.0,2024,1
2024-01-29 11:15:00+05:30,461.0,29.0,38.0,2024,1
2024-01-29 11:30:00+05:30,461.0,29.0,37.0,2024,1
2024-01-29 11:45:00+05:30,460.0,30.0,36.0,2024,1
2024-01-29 12:00:00+05:30,457.0,30.0,35.0,2024,1
2024-01-29 12:15:00+05:30,455.0,31.0,34.0,2024,1
2024-01-29 12:30:00+05:30,455.0,31.0,34.0,2024,1
2024-01-29 12:45:00+05:30,454.0,31.0,33.0,2024,1
2024-01-29 13:00:00+05:30,451.0,31.0,33.0,2024,1
2024-01-29 13:15:00+05:30,450.0,32.0,33.0,2024,1
2024-01-29 13:30:00+05:30,449.0,32.0,34.0,2024,1
2024-01-29 13:45:00+05:30,450.0,32.0,34.0,2024,1
2024-01-29 14:00:00+05:30,452.0,32.0,34.0,2024,1
2024-01-29 14:15:00+05:30,456.0,32.0,35.0,2024,1
2024-01-29 14:30:00+05:30,458.0,32.0,35.0,2024,1
2024-01-29 14:45:00+05:30,458.0,32.0,36.0,2024,1
2024-01-29 15:00:00+05:30,456.0,32.0,37.0,2024,1
2024-01-29 15:15:00+05:30,456.0,32.0,38.0,2024,1
2024-01-29 15:30:00+05:30,458.0,32.0,39.0,2024,1
2024-01-29 15:45:00+05:30,456.0,32.0,40.0,2024,1
2024-01-29 16:00:00+05:30,454.0,31.0,41.0,2024,1
2024-01-29 16:15:00+05:30,452.0,31.0,42.0,2024,1
2024-01-29 16:30:00+05:30,451.0,30.0,43.0,2024,1
2024-01-29 16:45:00+05:30,448.0,30.0,43.0,2024,1
2024-01-29 17:00:00+05:30,445.0,30.0,44.0,2024,1
2024-01-29 17:15:00+05:30,441.0,30.0,45.0,2024,1
2024-01-29 17:30:00+05:30,436.0,29.0,46.0,2024,1
2024-01-29 17:45:00+05:30,431.0,29.0,47.0,2024,1
2024-01-29 18:00:00+05:30,428.0,29.0,48.0,2024,1
2024-01-29 18:15:00+05:30,425.0,28.0,51.0,2024,1
2024-01-29 18:30:00+05:30,422.0,28.0,52.0,2024,1
2024-01-29 18:45:00+05:30,415.0,27.0,53.0,2024,1
2024-01-29 19:00:00+05:30,407.0,27.0,53.0,2024,1
2024-01-29 19:15:00+05:30,400.0,27.0,54.0,2024,1
2024-01-29 19:30:00+05:30,393.0,26.0,55.0,2024,1
2024-01-29 19:45:00+05:30,387.0,26.0,55.0,2024,1
2024-01-29 20:00:00+05:30,380.0,26.0,55.0,2024,1
2024-01-29 20:15:00+05:30,375.0,26.0,54.0,2024,1
2024-01-29 20:30:00+05:30,368.0,26.0,54.0,2024,1
2024-01-29 20:45:00+05:30,362.0,25.0,54.0,2024,1
2024-01-29 21:00:00+05:30,356.0,25.0,54.0,2024,1
2024-01-29 21:15:00+05:30,352.0,25.0,54.0,2024,1
2024-01-29 21:30:00+05:30,345.0,25.0,54.0,2024,1
2024-01-29 21:45:00+05:30,337.0,25.0,54.0,2024,1
2024-01-29 22:00:00+05:30,330.0,25.0,54.0,2024,1
2024-01-29 22:15:00+05:30,325.0,24.0,56.0,2024,1
2024-01-29 22:30:00+05:30,321.0,24.0,56.0,2024,1
2024-01-29 22:45:00+05:30,317.0,24.0,56.0,2024,1
2024-01-29 23:00:00+05:30,311.0,24.0,56.0,2024,1
2024-01-29 23:15:00+05:30,304.0,24.0,56.0,2024,1
2024-01-29 23:30:00+05:30,299.0,23.0,56.0,2024,1
2024-01-29 23:45:00+05:30,294.0,23.0,56.0,2024,1
2024-01-30 00:00:00+05:30,289.0,25.0,56.0,2024,1
2024-01-30 00:15:00+05:30,285.0,25.0,55.0,2024,1
2024-01-30 00:30:00+05:30,280.0,24.0,56.0,2024,1
2024-01-30 00:45:00+05:30,275.0,24.0,55.0,2024,1
2024-01-30 01:00:00+05:30,270.0,24.0,55.0,2024,1
2024-01-30 01:15:00+05:30,268.0,24.0,56.0,2024,1
2024-01-30 01:30:00+05:30,265.0,24.0,56.0,2024,1
2024-01-30 01:45:00+05:30,264.0,24.0,56.0,2024,1
2024-01-30 02:00:00+05:30,261.0,24.0,57.0,2024,1
2024-01-30 02:15:00+05:30,259.0,23.0,57.0,2024,1
2024-01-30 02:30:00+05:30,257.0,23.0,58.0,2024,1
2024-01-30 02:45:00+05:30,255.0,23.0,60.0,2024,1
2024-01-30 03:00:00+05:30,252.0,23.0,60.0,2024,1
2024-01-30 03:15:00+05:30,251.0,23.0,60.0,2024,1
2024-01-30 03:30:00+05:30,248.0,23.0,60.0,2024,1
2024-01-30 03:45:00+05:30,247.0,23.0,60.0,2024,1
2024-01-30 04:00:00+05:30,246.0,23.0,61.0,2024,1
2024-01-30 04:15:00+05:30,246.0,23.0,61.0,2024,1
2024-01-30 04:30:00+05:30,246.0,22.0,61.0,2024,1
2024-01-30 04:45:00+05:30,248.0,22.0,63.0,2024,1
2024-01-30 05:00:00+05:30,251.0,22.0,62.0,2024,1
2024-01-30 05:15:00+05:30,255.0,22.0,63.0,2024,1
2024-01-30 05:30:00+05:30,260.0,22.0,63.0,2024,1
2024-01-30 05:45:00+05:30,266.0,22.0,64.0,2024,1
2024-01-30 06:00:00+05:30,275.0,22.0,64.0,2024,1
2024-01-30 06:15:00+05:30,284.0,22.0,64.0,2024,1
2024-01-30 06:30:00+05:30,292.0,22.0,65.0,2024,1
2024-01-30 06:45:00+05:30,303.0,22.0,65.0,2024,1
2024-01-30 07:00:00+05:30,311.0,22.0,65.0,2024,1
2024-01-30 07:15:00+05:30,319.0,22.0,66.0,2024,1
2024-01-30 07:30:00+05:30,332.0,22.0,66.0,2024,1
2024-01-30 07:45:00+05:30,344.0,22.0,65.0,2024,1
2024-01-30 08:00:00+05:30,361.0,22.0,65.0,2024,1
2024-01-30 08:15:00+05:30,376.0,23.0,65.0,2024,1
2024-01-30 08:30:00+05:30,389.0,23.0,64.0,2024,1
2024-01-30 08:45:00+05:30,402.0,24.0,61.0,2024,1
2024-01-30 09:00:00+05:30,416.0,24.0,57.0,2024,1
2024-01-30 09:15:00+05:30,425.0,25.0,55.0,2024,1
2024-01-30 09:30:00+05:30,435.0,26.0,53.0,2024,1
2024-01-30 09:45:00+05:30,443.0,27.0,50.0,2024,1
2024-01-30 10:00:00+05:30,455.0,27.0,48.0,2024,1
2024-01-30 10:15:00+05:30,460.0,28.0,46.0,2024,1
2024-01-30 10:30:00+05:30,458.0,29.0,45.0,2024,1
2024-01-30 10:45:00+05:30,461.0,29.0,43.0,2024,1
2024-01-30 11:00:00+05:30,463.0,30.0,41.0,2024,1
2024-01-30 11:15:00+05:30,461.0,31.0,39.0,2024,1
2024-01-30 11:30:00+05:30,459.0,32.0,38.0,2024,1
2024-01-30 11:45:00+05:30,463.0,32.0,37.0,2024,1
2024-01-30 12:00:00+05:30,460.0,33.0,36.0,2024,1
2024-01-30 12:15:00+05:30,456.0,33.0,36.0,2024,1
2024-01-30 12:30:00+05:30,455.0,34.0,35.0,2024,1
2024-01-30 12:45:00+05:30,453.0,34.0,38.0,2024,1
2024-01-30 13:00:00+05:30,446.0,33.0,41.0,2024,1
2024-01-30 13:15:00+05:30,447.0,33.0,43.0,2024,1
2024-01-30 13:30:00+05:30,449.0,33.0,43.0,2024,1
2024-01-30 13:45:00+05:30,450.0,33.0,43.0,2024,1
2024-01-30 14:00:00+05:30,452.0,33.0,43.0,2024,1
2024-01-30 14:15:00+05:30,455.0,32.0,43.0,2024,1
2024-01-30 14:30:00+05:30,454.0,32.0,43.0,2024,1
2024-01-30 14:45:00+05:30,455.0,33.0,43.0,2024,1
2024-01-30 15:00:00+05:30,455.0,32.0,44.0,2024,1
2024-01-30 15:15:00+05:30,455.0,32.0,44.0,2024,1
2024-01-30 15:30:00+05:30,455.0,32.0,44.0,2024,1
2024-01-30 15:45:00+05:30,455.0,32.0,45.0,2024,1
2024-01-30 16:00:00+05:30,454.0,32.0,45.0,2024,1
2024-01-30 16:15:00+05:30,451.0,31.0,46.0,2024,1
2024-01-30 16:30:00+05:30,449.0,31.0,47.0,2024,1
2024-01-30 16:45:00+05:30,447.0,31.0,47.0,2024,1
2024-01-30 17:00:00+05:30,445.0,30.0,48.0,2024,1
2024-01-30 17:15:00+05:30,440.0,29.0,48.0,2024,1
2024-01-30 17:30:00+05:30,432.0,29.0,49.0,2024,1
2024-01-30 17:45:00+05:30,429.0,29.0,50.0,2024,1
2024-01-30 18:00:00+05:30,425.0,28.0,52.0,2024,1
2024-01-30 18:15:00+05:30,423.0,28.0,53.0,2024,1
2024-01-30 18:30:00+05:30,421.0,27.0,55.0,2024,1
2024-01-30 18:45:00+05:30,416.0,27.0,57.0,2024,1
2024-01-30 19:00:00+05:30,407.0,26.0,58.0,2024,1
2024-01-30 19:15:00+05:30,401.0,26.0,59.0,2024,1
2024-01-30 19:30:00+05:30,395.0,26.0,60.0,2024,1
2024-01-30 19:45:00+05:30,391.0,26.0,62.0,2024,1
2024-01-30 20:00:00+05:30,382.0,26.0,63.0,2024,1
2024-01-30 20:15:00+05:30,374.0,26.0,63.0,2024,1
2024-01-30 20:30:00+05:30,369.0,25.0,64.0,2024,1
2024-01-30 20:45:00+05:30,363.0,25.0,65.0,2024,1
2024-01-30 21:00:00+05:30,356.0,25.0,65.0,2024,1
2024-01-30 21:15:00+05:30,350.0,25.0,66.0,2024,1
2024-01-30 21:30:00+05:30,342.0,25.0,66.0,2024,1
2024-01-30 21:45:00+05:30,338.0,25.0,67.0,2024,1
2024-01-30 22:00:00+05:30,333.0,24.0,68.0,2024,1
2024-01-30 22:15:00+05:30,328.0,24.0,68.0,2024,1
2024-01-30 22:30:00+05:30,323.0,24.0,69.0,2024,1
2024-01-30 22:45:00+05:30,318.0,24.0,69.0,2024,1
2024-01-30 23:00:00+05:30,313.0,24.0,68.0,2024,1
2024-01-30 23:15:00+05:30,308.0,24.0,68.0,2024,1
2024-01-30 23:30:00+05:30,301.0,24.0,67.0,2024,1
2024-01-30 23:45:00+05:30,294.0,24.0,67.0,2024,1
2024-01-31 00:00:00+05:30,290.0,24.0,66.0,2024,1
2024-01-31 00:15:00+05:30,284.0,24.0,66.0,2024,1
2024-01-31 00:30:00+05:30,279.0,23.0,66.0,2024,1
2024-01-31 00:45:00+05:30,275.0,23.0,66.0,2024,1
2024-01-31 01:00:00+05:30,270.0,23.0,66.0,2024,1
2024-01-31 01:15:00+05:30,268.0,23.0,67.0,2024,1
2024-01-31 01:30:00+05:30,265.0,23.0,67.0,2024,1
2024-01-31 01:45:00+05:30,262.0,23.0,68.0,2024,1
2024-01-31 02:00:00+05:30,260.0,23.0,68.0,2024,1
2024-01-31 02:15:00+05:30,258.0,23.0,69.0,2024,1
2024-01-31 02:30:00+05:30,257.0,23.0,68.0,2024,1
2024-01-31 02:45:00+05:30,257.0,23.0,67.0,2024,1
2024-01-31 03:00:00+05:30,255.0,23.0,68.0,2024,1
2024-01-31 03:15:00+05:30,253.0,23.0,68.0,2024,1
2024-01-31 03:30:00+05:30,250.0,23.0,68.0,2024,1
2024-01-31 03:45:00+05:30,248.0,23.0,68.0,2024,1
2024-01-31 04:00:00+05:30,247.0,23.0,68.0,2024,1
2024-01-31 04:15:00+05:30,246.0,23.0,69.0,2024,1
2024-01-31 04:30:00+05:30,247.0,22.0,69.0,2024,1
2024-01-31 04:45:00+05:30,248.0,22.0,69.0,2024,1
2024-01-31 05:00:00+05:30,250.0,22.0,70.0,2024,1
2024-01-31 05:15:00+05:30,254.0,22.0,71.0,2024,1
2024-01-31 05:30:00+05:30,259.0,22.0,70.0,2024,1
2024-01-31 05:45:00+05:30,264.0,22.0,70.0,2024,1
2024-01-31 06:00:00+05:30,275.0,22.0,70.0,2024,1
2024-01-31 06:15:00+05:30,283.0,22.0,70.0,2024,1
2024-01-31 06:30:00+05:30,292.0,22.0,70.0,2024,1
2024-01-31 06:45:00+05:30,300.0,22.0,70.0,2024,1
2024-01-31 07:00:00+05:30,307.0,22.0,70.0,2024,1
2024-01-31 07:15:00+05:30,316.0,22.0,70.0,2024,1
2024-01-31 07:30:00+05:30,330.0,22.0,70.0,2024,1
2024-01-31 07:45:00+05:30,343.0,22.0,70.0,2024,1
2024-01-31 08:00:00+05:30,360.0,22.0,69.0,2024,1
2024-01-31 08:15:00+05:30,375.0,23.0,69.0,2024,1
2024-01-31 08:30:00+05:30,389.0,23.0,68.0,2024,1
2024-01-31 08:45:00+05:30,403.0,24.0,65.0,2024,1
2024-01-31 09:00:00+05:30,416.0,25.0,63.0,2024,1
2024-01-31 09:15:00+05:30,424.0,25.0,60.0,2024,1
2024-01-31 09:30:00+05:30,432.0,26.0,58.0,2024,1
2024-01-31 09:45:00+05:30,441.0,26.0,56.0,2024,1
2024-01-31 10:00:00+05:30,453.0,27.0,54.0,2024,1
2024-01-31 10:15:00+05:30,460.0,28.0,52.0,2024,1
2024-01-31 10:30:00+05:30,457.0,28.0,49.0,2024,1
2024-01-31 10:45:00+05:30,459.0,29.0,47.0,2024,1
2024-01-31 11:00:00+05:30,461.0,30.0,45.0,2024,1
2024-01-31 11:15:00+05:30,461.0,31.0,43.0,2024,1
2024-01-31 11:30:00+05:30,459.0,31.0,42.0,2024,1
2024-01-31 11:45:00+05:30,459.0,32.0,41.0,2024,1
2024-01-31 12:00:00+05:30,459.0,32.0,40.0,2024,1
2024-01-31 12:15:00+05:30,456.0,33.0,39.0,2024,1
2024-01-31 12:30:00+05:30,456.0,33.0,38.0,2024,1
2024-01-31 12:45:00+05:30,454.0,34.0,37.0,2024,1
2024-01-31 13:00:00+05:30,454.0,33.0,39.0,2024,1
2024-01-31 13:15:00+05:30,451.0,34.0,38.0,2024,1
2024-01-31 13:30:00+05:30,450.0,34.0,39.0,2024,1
2024-01-31 13:45:00+05:30,450.0,33.0,39.0,2024,1
2024-01-31 14:00:00+05:30,452.0,33.0,41.0,2024,1
2024-01-31 14:15:00+05:30,455.0,33.0,41.0,2024,1
2024-01-31 14:30:00+05:30,456.0,34.0,40.0,2024,1
2024-01-31 14:45:00+05:30,454.0,34.0,42.0,2024,1
2024-01-31 15:00:00+05:30,453.0,33.0,44.0,2024,1
2024-01-31 15:15:00+05:30,452.0,33.0,45.0,2024,1
2024-01-31 15:30:00+05:30,454.0,33.0,45.0,2024,1
2024-01-31 15:45:00+05:30,453.0,33.0,45.0,2024,1
2024-01-31 16:00:00+05:30,452.0,33.0,45.0,2024,1
2024-01-31 16:15:00+05:30,450.0,32.0,45.0,2024,1
2024-01-31 16:30:00+05:30,448.0,32.0,45.0,2024,1
2024-01-31 16:45:00+05:30,445.0,32.0,44.0,2024,1
2024-01-31 17:00:00+05:30,441.0,31.0,44.0,2024,1
2024-01-31 17:15:00+05:30,438.0,31.0,44.0,2024,1
2024-01-31 17:30:00+05:30,431.0,30.0,45.0,2024,1
2024-01-31 17:45:00+05:30,425.0,29.0,47.0,2024,1
2024-01-31 18:00:00+05:30,422.0,28.0,49.0,2024,1
2024-01-31 18:15:00+05:30,422.0,28.0,50.0,2024,1
2024-01-31 18:30:00+05:30,420.0,27.0,52.0,2024,1
2024-01-31 18:45:00+05:30,416.0,27.0,53.0,2024,1
2024-01-31 19:00:00+05:30,408.0,27.0,54.0,2024,1
2024-01-31 19:15:00+05:30,401.0,26.0,56.0,2024,1
2024-01-31 19:30:00+05:30,393.0,26.0,57.0,2024,1
2024-01-31 19:45:00+05:30,386.0,26.0,58.0,2024,1
2024-01-31 20:00:00+05:30,378.0,26.0,59.0,2024,1
2024-01-31 20:15:00+05:30,372.0,26.0,59.0,2024,1
2024-01-31 20:30:00+05:30,367.0,25.0,60.0,2024,1
2024-01-31 20:45:00+05:30,363.0,25.0,60.0,2024,1
2024-01-31 21:00:00+05:30,357.0,25.0,61.0,2024,1
2024-01-31 21:15:00+05:30,351.0,25.0,62.0,2024,1
2024-01-31 21:30:00+05:30,344.0,25.0,63.0,2024,1
2024-01-31 21:45:00+05:30,340.0,24.0,64.0,2024,1
2024-01-31 22:00:00+05:30,333.0,24.0,65.0,2024,1
2024-01-31 22:15:00+05:30,329.0,24.0,66.0,2024,1
2024-01-31 22:30:00+05:30,323.0,24.0,67.0,2024,1
2024-01-31 22:45:00+05:30,317.0,24.0,68.0,2024,1
2024-01-31 23:00:00+05:30,311.0,24.0,69.0,2024,1
2024-01-31 23:15:00+05:30,304.0,24.0,70.0,2024,1
2024-01-31 23:30:00+05:30,299.0,24.0,70.0,2024,1
2024-01-31 23:45:00+05:30,293.0,23.0,72.0,2024,1
2024-02-01 00:00:00+05:30,288.0,24.0,72.0,2024,2
2024-02-01 00:15:00+05:30,283.0,24.0,75.0,2024,2
2024-02-01 00:30:00+05:30,279.0,24.0,75.0,2024,2
2024-02-01 00:45:00+05:30,273.0,23.0,75.0,2024,2
2024-02-01 01:00:00+05:30,269.0,23.0,76.0,2024,2
2024-02-01 01:15:00+05:30,265.0,23.0,75.0,2024,2
2024-02-01 01:30:00+05:30,263.0,23.0,76.0,2024,2
2024-02-01 01:45:00+05:30,262.0,23.0,76.0,2024,2
2024-02-01 02:00:00+05:30,259.0,23.0,76.0,2024,2
2024-02-01 02:15:00+05:30,257.0,23.0,76.0,2024,2
2024-02-01 02:30:00+05:30,255.0,22.0,77.0,2024,2
2024-02-01 02:45:00+05:30,253.0,22.0,77.0,2024,2
2024-02-01 03:00:00+05:30,251.0,22.0,77.0,2024,2
2024-02-01 03:15:00+05:30,249.0,22.0,78.0,2024,2
2024-02-01 03:30:00+05:30,248.0,23.0,77.0,2024,2
2024-02-01 03:45:00+05:30,246.0,23.0,77.0,2024,2
2024-02-01 04:00:00+05:30,247.0,22.0,77.0,2024,2
2024-02-01 04:15:00+05:30,249.0,22.0,78.0,2024,2
2024-02-01 04:30:00+05:30,250.0,22.0,78.0,2024,2
2024-02-01 04:45:00+05:30,250.0,22.0,78.0,2024,2
2024-02-01 05:00:00+05:30,254.0,22.0,78.0,2024,2
2024-02-01 05:15:00+05:30,255.0,22.0,78.0,2024,2
2024-02-01 05:30:00+05:30,258.0,22.0,78.0,2024,2
2024-02-01 05:45:00+05:30,265.0,22.0,78.0,2024,2
2024-02-01 06:00:00+05:30,276.0,22.0,78.0,2024,2
2024-02-01 06:15:00+05:30,285.0,22.0,77.0,2024,2
2024-02-01 06:30:00+05:30,294.0,22.0,78.0,2024,2
2024-02-01 06:45:00+05:30,301.0,22.0,78.0,2024,2
2024-02-01 07:00:00+05:30,310.0,22.0,78.0,2024,2
2024-02-01 07:15:00+05:30,320.0,21.0,79.0,2024,2
2024-02-01 07:30:00+05:30,335.0,22.0,79.0,2024,2
2024-02-01 07:45:00+05:30,346.0,22.0,78.0,2024,2
2024-02-01 08:00:00+05:30,361.0,22.0,77.0,2024,2
2024-02-01 08:15:00+05:30,379.0,22.0,76.0,2024,2
2024-02-01 08:30:00+05:30,390.0,23.0,74.0,2024,2
2024-02-01 08:45:00+05:30,402.0,23.0,72.0,2024,2
2024-02-01 09:00:00+05:30,413.0,24.0,69.0,2024,2
2024-02-01 09:15:00+05:30,424.0,24.0,67.0,2024,2
2024-02-01 09:30:00+05:30,434.0,25.0,65.0,2024,2
2024-02-01 09:45:00+05:30,442.0,25.0,63.0,2024,2
2024-02-01 10:00:00+05:30,455.0,26.0,60.0,2024,2
2024-02-01 10:15:00+05:30,461.0,27.0,59.0,2024,2
2024-02-01 10:30:00+05:30,456.0,27.0,57.0,2024,2
2024-02-01 10:45:00+05:30,456.0,28.0,56.0,2024,2
2024-02-01 11:00:00+05:30,458.0,28.0,54.0,2024,2
2024-02-01 11:15:00+05:30,458.0,29.0,52.0,2024,2
2024-02-01 11:30:00+05:30,457.0,30.0,50.0,2024,2
2024-02-01 11:45:00+05:30,453.0,30.0,49.0,2024,2
2024-02-01 12:00:00+05:30,452.0,30.0,47.0,2024,2
2024-02-01 12:15:00+05:30,450.0,31.0,46.0,2024,2
2024-02-01 12:30:00+05:30,449.0,31.0,45.0,2024,2
2024-02-01 12:45:00+05:30,447.0,31.0,44.0,2024,2
2024-02-01 13:00:00+05:30,444.0,31.0,43.0,2024,2
2024-02-01 13:15:00+05:30,441.0,32.0,43.0,2024,2
2024-02-01 13:30:00+05:30,439.0,32.0,43.0,2024,2
2024-02-01 13:45:00+05:30,437.0,32.0,43.0,2024,2
2024-02-01 14:00:00+05:30,438.0,32.0,44.0,2024,2
2024-02-01 14:15:00+05:30,440.0,32.0,44.0,2024,2
2024-02-01 14:30:00+05:30,441.0,32.0,45.0,2024,2
2024-02-01 14:45:00+05:30,440.0,32.0,45.0,2024,2
2024-02-01 15:00:00+05:30,440.0,32.0,46.0,2024,2
2024-02-01 15:15:00+05:30,439.0,32.0,48.0,2024,2
2024-02-01 15:30:00+05:30,440.0,32.0,50.0,2024,2
2024-02-01 15:45:00+05:30,440.0,31.0,51.0,2024,2
2024-02-01 16:00:00+05:30,438.0,31.0,51.0,2024,2
2024-02-01 16:15:00+05:30,437.0,31.0,52.0,2024,2
2024-02-01 16:30:00+05:30,434.0,31.0,52.0,2024,2
2024-02-01 16:45:00+05:30,432.0,30.0,53.0,2024,2
2024-02-01 17:00:00+05:30,429.0,30.0,54.0,2024,2
2024-02-01 17:15:00+05:30,426.0,30.0,55.0,2024,2
2024-02-01 17:30:00+05:30,421.0,29.0,56.0,2024,2
2024-02-01 17:45:00+05:30,418.0,29.0,57.0,2024,2
2024-02-01 18:00:00+05:30,417.0,29.0,58.0,2024,2
2024-02-01 18:15:00+05:30,411.0,29.0,59.0,2024,2
2024-02-01 18:30:00+05:30,410.0,28.0,60.0,2024,2
2024-02-01 18:45:00+05:30,407.0,28.0,61.0,2024,2
2024-02-01 19:00:00+05:30,400.0,28.0,62.0,2024,2
2024-02-01 19:15:00+05:30,393.0,27.0,64.0,2024,2
2024-02-01 19:30:00+05:30,385.0,27.0,65.0,2024,2
2024-02-01 19:45:00+05:30,378.0,27.0,65.0,2024,2
2024-02-01 20:00:00+05:30,371.0,27.0,66.0,2024,2
2024-02-01 20:15:00+05:30,368.0,26.0,67.0,2024,2
2024-02-01 20:30:00+05:30,362.0,26.0,67.0,2024,2
2024-02-01 20:45:00+05:30,358.0,26.0,68.0,2024,2
2024-02-01 21:00:00+05:30,353.0,26.0,68.0,2024,2
2024-02-01 21:15:00+05:30,347.0,26.0,68.0,2024,2
2024-02-01 21:30:00+05:30,340.0,25.0,68.0,2024,2
2024-02-01 21:45:00+05:30,333.0,25.0,68.0,2024,2
2024-02-01 22:00:00+05:30,329.0,25.0,68.0,2024,2
2024-02-01 22:15:00+05:30,323.0,25.0,68.0,2024,2
2024-02-01 22:30:00+05:30,319.0,25.0,68.0,2024,2
2024-02-01 22:45:00+05:30,312.0,25.0,69.0,2024,2
2024-02-01 23:00:00+05:30,306.0,24.0,69.0,2024,2
2024-02-01 23:15:00+05:30,299.0,24.0,69.0,2024,2
2024-02-01 23:30:00+05:30,294.0,24.0,69.0,2024,2
2024-02-01 23:45:00+05:30,289.0,24.0,69.0,2024,2
2024-02-02 00:00:00+05:30,285.0,24.0,72.0,2024,2
2024-02-02 00:15:00+05:30,279.0,24.0,75.0,2024,2
2024-02-02 00:30:00+05:30,275.0,24.0,75.0,2024,2
2024-02-02 00:45:00+05:30,270.0,23.0,75.0,2024,2
2024-02-02 01:00:00+05:30,265.0,23.0,76.0,2024,2
2024-02-02 01:15:00+05:30,263.0,23.0,75.0,2024,2
2024-02-02 01:30:00+05:30,261.0,23.0,76.0,2024,2
2024-02-02 01:45:00+05:30,258.0,23.0,76.0,2024,2
2024-02-02 02:00:00+05:30,255.0,23.0,76.0,2024,2
2024-02-02 02:15:00+05:30,254.0,23.0,76.0,2024,2
2024-02-02 02:30:00+05:30,252.0,22.0,77.0,2024,2
2024-02-02 02:45:00+05:30,250.0,22.0,77.0,2024,2
2024-02-02 03:00:00+05:30,248.0,22.0,77.0,2024,2
2024-02-02 03:15:00+05:30,246.0,22.0,78.0,2024,2
2024-02-02 03:30:00+05:30,245.0,23.0,77.0,2024,2
2024-02-02 03:45:00+05:30,249.0,23.0,77.0,2024,2
2024-02-02 04:00:00+05:30,244.0,22.0,77.0,2024,2
2024-02-02 04:15:00+05:30,246.0,22.0,78.0,2024,2
2024-02-02 04:30:00+05:30,247.0,22.0,78.0,2024,2
2024-02-02 04:45:00+05:30,248.0,22.0,78.0,2024,2
2024-02-02 05:00:00+05:30,251.0,22.0,78.0,2024,2
2024-02-02 05:15:00+05:30,254.0,22.0,78.0,2024,2
2024-02-02 05:30:00+05:30,257.0,22.0,78.0,2024,2
2024-02-02 05:45:00+05:30,263.0,22.0,78.0,2024,2
2024-02-02 06:00:00+05:30,272.0,22.0,78.0,2024,2
2024-02-02 06:15:00+05:30,281.0,22.0,77.0,2024,2
2024-02-02 06:30:00+05:30,289.0,22.0,78.0,2024,2
2024-02-02 06:45:00+05:30,296.0,22.0,78.0,2024,2
2024-02-02 07:00:00+05:30,306.0,22.0,78.0,2024,2
2024-02-02 07:15:00+05:30,317.0,21.0,79.0,2024,2
2024-02-02 07:30:00+05:30,329.0,22.0,79.0,2024,2
2024-02-02 07:45:00+05:30,342.0,22.0,78.0,2024,2
2024-02-02 08:00:00+05:30,360.0,22.0,77.0,2024,2
2024-02-02 08:15:00+05:30,373.0,22.0,76.0,2024,2
2024-02-02 08:30:00+05:30,387.0,23.0,74.0,2024,2
2024-02-02 08:45:00+05:30,399.0,23.0,72.0,2024,2
2024-02-02 09:00:00+05:30,410.0,24.0,69.0,2024,2
2024-02-02 09:15:00+05:30,420.0,24.0,67.0,2024,2
2024-02-02 09:30:00+05:30,427.0,25.0,65.0,2024,2
2024-02-02 09:45:00+05:30,435.0,25.0,63.0,2024,2
2024-02-02 10:00:00+05:30,452.0,26.0,60.0,2024,2
2024-02-02 10:15:00+05:30,457.0,27.0,59.0,2024,2
2024-02-02 10:30:00+05:30,453.0,27.0,57.0,2024,2
2024-02-02 10:45:00+05:30,455.0,28.0,56.0,2024,2
2024-02-02 11:00:00+05:30,455.0,28.0,54.0,2024,2
2024-02-02 11:15:00+05:30,454.0,29.0,52.0,2024,2
2024-02-02 11:30:00+05:30,453.0,30.0,50.0,2024,2
2024-02-02 11:45:00+05:30,453.0,30.0,49.0,2024,2
2024-02-02 12:00:00+05:30,452.0,30.0,47.0,2024,2
2024-02-02 12:15:00+05:30,449.0,31.0,46.0,2024,2
2024-02-02 12:30:00+05:30,448.0,31.0,45.0,2024,2
2024-02-02 12:45:00+05:30,447.0,31.0,44.0,2024,2
2024-02-02 13:00:00+05:30,444.0,31.0,43.0,2024,2
2024-02-02 13:15:00+05:30,440.0,32.0,43.0,2024,2
2024-02-02 13:30:00+05:30,438.0,32.0,43.0,2024,2
2024-02-02 13:45:00+05:30,438.0,32.0,43.0,2024,2
2024-02-02 14:00:00+05:30,442.0,32.0,44.0,2024,2
2024-02-02 14:15:00+05:30,444.0,32.0,44.0,2024,2
2024-02-02 14:30:00+05:30,446.0,32.0,45.0,2024,2
2024-02-02 14:45:00+05:30,447.0,32.0,45.0,2024,2
2024-02-02 15:00:00+05:30,448.0,32.0,46.0,2024,2
2024-02-02 15:15:00+05:30,447.0,32.0,48.0,2024,2
2024-02-02 15:30:00+05:30,448.0,32.0,50.0,2024,2
2024-02-02 15:45:00+05:30,444.0,31.0,51.0,2024,2
2024-02-02 16:00:00+05:30,443.0,31.0,51.0,2024,2
2024-02-02 16:15:00+05:30,440.0,31.0,52.0,2024,2
2024-02-02 16:30:00+05:30,439.0,31.0,52.0,2024,2
2024-02-02 16:45:00+05:30,437.0,30.0,53.0,2024,2
2024-02-02 17:00:00+05:30,433.0,30.0,54.0,2024,2
2024-02-02 17:15:00+05:30,430.0,30.0,55.0,2024,2
2024-02-02 17:30:00+05:30,423.0,29.0,56.0,2024,2
2024-02-02 17:45:00+05:30,419.0,29.0,57.0,2024,2
2024-02-02 18:00:00+05:30,415.0,29.0,58.0,2024,2
2024-02-02 18:15:00+05:30,413.0,29.0,59.0,2024,2
2024-02-02 18:30:00+05:30,411.0,28.0,60.0,2024,2
2024-02-02 18:45:00+05:30,405.0,28.0,61.0,2024,2
2024-02-02 19:00:00+05:30,400.0,28.0,62.0,2024,2
2024-02-02 19:15:00+05:30,393.0,27.0,64.0,2024,2
2024-02-02 19:30:00+05:30,387.0,27.0,65.0,2024,2
2024-02-02 19:45:00+05:30,382.0,27.0,65.0,2024,2
2024-02-02 20:00:00+05:30,374.0,27.0,66.0,2024,2
2024-02-02 20:15:00+05:30,368.0,26.0,67.0,2024,2
2024-02-02 20:30:00+05:30,363.0,26.0,67.0,2024,2
2024-02-02 20:45:00+05:30,358.0,26.0,68.0,2024,2
2024-02-02 21:00:00+05:30,353.0,26.0,68.0,2024,2
2024-02-02 21:15:00+05:30,346.0,26.0,68.0,2024,2
2024-02-02 21:30:00+05:30,341.0,25.0,68.0,2024,2
2024-02-02 21:45:00+05:30,336.0,25.0,68.0,2024,2
2024-02-02 22:00:00+05:30,331.0,25.0,68.0,2024,2
2024-02-02 22:15:00+05:30,325.0,25.0,68.0,2024,2
2024-02-02 22:30:00+05:30,319.0,25.0,68.0,2024,2
2024-02-02 22:45:00+05:30,315.0,25.0,69.0,2024,2
2024-02-02 23:00:00+05:30,309.0,24.0,69.0,2024,2
2024-02-02 23:15:00+05:30,302.0,24.0,69.0,2024,2
2024-02-02 23:30:00+05:30,296.0,24.0,69.0,2024,2
2024-02-02 23:45:00+05:30,290.0,24.0,69.0,2024,2
2024-02-03 00:00:00+05:30,286.0,24.0,72.0,2024,2
2024-02-03 00:15:00+05:30,281.0,24.0,75.0,2024,2
2024-02-03 00:30:00+05:30,277.0,24.0,75.0,2024,2
2024-02-03 00:45:00+05:30,273.0,23.0,75.0,2024,2
2024-02-03 01:00:00+05:30,269.0,23.0,76.0,2024,2
2024-02-03 01:15:00+05:30,265.0,23.0,75.0,2024,2
2024-02-03 01:30:00+05:30,263.0,23.0,76.0,2024,2
2024-02-03 01:45:00+05:30,261.0,23.0,76.0,2024,2
2024-02-03 02:00:00+05:30,258.0,23.0,76.0,2024,2
2024-02-03 02:15:00+05:30,255.0,23.0,76.0,2024,2
2024-02-03 02:30:00+05:30,253.0,22.0,77.0,2024,2
2024-02-03 02:45:00+05:30,251.0,22.0,77.0,2024,2
2024-02-03 03:00:00+05:30,248.0,22.0,77.0,2024,2
2024-02-03 03:15:00+05:30,248.0,22.0,78.0,2024,2
2024-02-03 03:30:00+05:30,245.0,23.0,77.0,2024,2
2024-02-03 03:45:00+05:30,244.0,23.0,77.0,2024,2
2024-02-03 04:00:00+05:30,244.0,22.0,77.0,2024,2
2024-02-03 04:15:00+05:30,247.0,22.0,78.0,2024,2
2024-02-03 04:30:00+05:30,250.0,22.0,78.0,2024,2
2024-02-03 04:45:00+05:30,251.0,22.0,78.0,2024,2
2024-02-03 05:00:00+05:30,252.0,22.0,78.0,2024,2
2024-02-03 05:15:00+05:30,253.0,22.0,78.0,2024,2
2024-02-03 05:30:00+05:30,254.0,22.0,78.0,2024,2
2024-02-03 05:45:00+05:30,257.0,22.0,78.0,2024,2
2024-02-03 06:00:00+05:30,268.0,22.0,78.0,2024,2
2024-02-03 06:15:00+05:30,269.0,22.0,77.0,2024,2
2024-02-03 06:30:00+05:30,274.0,22.0,78.0,2024,2
2024-02-03 06:45:00+05:30,276.0,22.0,78.0,2024,2
2024-02-03 07:00:00+05:30,281.0,22.0,78.0,2024,2
2024-02-03 07:15:00+05:30,290.0,21.0,79.0,2024,2
2024-02-03 07:30:00+05:30,299.0,22.0,79.0,2024,2
2024-02-03 07:45:00+05:30,307.0,22.0,78.0,2024,2
2024-02-03 08:00:00+05:30,319.0,22.0,77.0,2024,2
2024-02-03 08:15:00+05:30,331.0,22.0,76.0,2024,2
2024-02-03 08:30:00+05:30,340.0,23.0,74.0,2024,2
2024-02-03 08:45:00+05:30,351.0,23.0,72.0,2024,2
2024-02-03 09:00:00+05:30,361.0,24.0,69.0,2024,2
2024-02-03 09:15:00+05:30,371.0,24.0,67.0,2024,2
2024-02-03 09:30:00+05:30,376.0,25.0,65.0,2024,2
2024-02-03 09:45:00+05:30,387.0,25.0,63.0,2024,2
2024-02-03 10:00:00+05:30,402.0,26.0,60.0,2024,2
2024-02-03 10:15:00+05:30,407.0,27.0,59.0,2024,2
2024-02-03 10:30:00+05:30,404.0,27.0,57.0,2024,2
2024-02-03 10:45:00+05:30,406.0,28.0,56.0,2024,2
2024-02-03 11:00:00+05:30,410.0,28.0,54.0,2024,2
2024-02-03 11:15:00+05:30,410.0,29.0,52.0,2024,2
2024-02-03 11:30:00+05:30,409.0,30.0,50.0,2024,2
2024-02-03 11:45:00+05:30,409.0,30.0,49.0,2024,2
2024-02-03 12:00:00+05:30,408.0,30.0,47.0,2024,2
2024-02-03 12:15:00+05:30,407.0,31.0,46.0,2024,2
2024-02-03 12:30:00+05:30,406.0,31.0,45.0,2024,2
2024-02-03 12:45:00+05:30,402.0,31.0,44.0,2024,2
2024-02-03 13:00:00+05:30,401.0,31.0,43.0,2024,2
2024-02-03 13:15:00+05:30,400.0,32.0,43.0,2024,2
2024-02-03 13:30:00+05:30,398.0,32.0,43.0,2024,2
2024-02-03 13:45:00+05:30,398.0,32.0,43.0,2024,2
2024-02-03 14:00:00+05:30,404.0,32.0,44.0,2024,2
2024-02-03 14:15:00+05:30,401.0,32.0,44.0,2024,2
2024-02-03 14:30:00+05:30,401.0,32.0,45.0,2024,2
2024-02-03 14:45:00+05:30,400.0,32.0,45.0,2024,2
2024-02-03 15:00:00+05:30,399.0,32.0,46.0,2024,2
2024-02-03 15:15:00+05:30,400.0,32.0,48.0,2024,2
2024-02-03 15:30:00+05:30,402.0,32.0,50.0,2024,2
2024-02-03 15:45:00+05:30,400.0,31.0,51.0,2024,2
2024-02-03 16:00:00+05:30,400.0,31.0,51.0,2024,2
2024-02-03 16:15:00+05:30,400.0,31.0,52.0,2024,2
2024-02-03 16:30:00+05:30,396.0,31.0,52.0,2024,2
2024-02-03 16:45:00+05:30,393.0,30.0,53.0,2024,2
2024-02-03 17:00:00+05:30,392.0,30.0,54.0,2024,2
2024-02-03 17:15:00+05:30,390.0,30.0,55.0,2024,2
2024-02-03 17:30:00+05:30,387.0,29.0,56.0,2024,2
2024-02-03 17:45:00+05:30,387.0,29.0,57.0,2024,2
2024-02-03 18:00:00+05:30,385.0,29.0,58.0,2024,2
2024-02-03 18:15:00+05:30,385.0,29.0,59.0,2024,2
2024-02-03 18:30:00+05:30,384.0,28.0,60.0,2024,2
2024-02-03 18:45:00+05:30,381.0,28.0,61.0,2024,2
2024-02-03 19:00:00+05:30,375.0,28.0,62.0,2024,2
2024-02-03 19:15:00+05:30,371.0,27.0,64.0,2024,2
2024-02-03 19:30:00+05:30,365.0,27.0,65.0,2024,2
2024-02-03 19:45:00+05:30,359.0,27.0,65.0,2024,2
2024-02-03 20:00:00+05:30,356.0,27.0,66.0,2024,2
2024-02-03 20:15:00+05:30,352.0,26.0,67.0,2024,2
2024-02-03 20:30:00+05:30,349.0,26.0,67.0,2024,2
2024-02-03 20:45:00+05:30,345.0,26.0,68.0,2024,2
2024-02-03 21:00:00+05:30,340.0,26.0,68.0,2024,2
2024-02-03 21:15:00+05:30,336.0,26.0,68.0,2024,2
2024-02-03 21:30:00+05:30,333.0,25.0,68.0,2024,2
2024-02-03 21:45:00+05:30,329.0,25.0,68.0,2024,2
2024-02-03 22:00:00+05:30,323.0,25.0,68.0,2024,2
2024-02-03 22:15:00+05:30,319.0,25.0,68.0,2024,2
2024-02-03 22:30:00+05:30,315.0,25.0,68.0,2024,2
2024-02-03 22:45:00+05:30,309.0,25.0,69.0,2024,2
2024-02-03 23:00:00+05:30,305.0,24.0,69.0,2024,2
2024-02-03 23:15:00+05:30,299.0,24.0,69.0,2024,2
2024-02-03 23:30:00+05:30,292.0,24.0,69.0,2024,2
2024-02-03 23:45:00+05:30,289.0,24.0,69.0,2024,2
2024-02-04 00:00:00+05:30,285.0,24.0,72.0,2024,2
2024-02-04 00:15:00+05:30,281.0,24.0,75.0,2024,2
2024-02-04 00:30:00+05:30,276.0,24.0,75.0,2024,2
2024-02-04 00:45:00+05:30,272.0,23.0,75.0,2024,2
2024-02-04 01:00:00+05:30,268.0,23.0,76.0,2024,2
2024-02-04 01:15:00+05:30,265.0,23.0,75.0,2024,2
2024-02-04 01:30:00+05:30,262.0,23.0,76.0,2024,2
2024-02-04 01:45:00+05:30,261.0,23.0,76.0,2024,2
2024-02-04 02:00:00+05:30,259.0,23.0,76.0,2024,2
2024-02-04 02:15:00+05:30,256.0,23.0,76.0,2024,2
2024-02-04 02:30:00+05:30,255.0,22.0,77.0,2024,2
2024-02-04 02:45:00+05:30,253.0,22.0,77.0,2024,2
2024-02-04 03:00:00+05:30,253.0,22.0,77.0,2024,2
2024-02-04 03:15:00+05:30,250.0,22.0,78.0,2024,2
2024-02-04 03:30:00+05:30,248.0,23.0,77.0,2024,2
2024-02-04 03:45:00+05:30,246.0,23.0,77.0,2024,2
2024-02-04 04:00:00+05:30,244.0,22.0,77.0,2024,2
2024-02-04 04:15:00+05:30,245.0,22.0,78.0,2024,2
2024-02-04 04:30:00+05:30,245.0,22.0,78.0,2024,2
2024-02-04 04:45:00+05:30,246.0,22.0,78.0,2024,2
2024-02-04 05:00:00+05:30,246.0,22.0,78.0,2024,2
2024-02-04 05:15:00+05:30,247.0,22.0,78.0,2024,2
2024-02-04 05:30:00+05:30,248.0,22.0,78.0,2024,2
2024-02-04 05:45:00+05:30,251.0,22.0,78.0,2024,2
2024-02-04 06:00:00+05:30,255.0,22.0,78.0,2024,2
2024-02-04 06:15:00+05:30,259.0,22.0,77.0,2024,2
2024-02-04 06:30:00+05:30,258.0,22.0,78.0,2024,2
2024-02-04 06:45:00+05:30,260.0,22.0,78.0,2024,2
2024-02-04 07:00:00+05:30,263.0,22.0,78.0,2024,2
2024-02-04 07:15:00+05:30,263.0,21.0,79.0,2024,2
2024-02-04 07:30:00+05:30,267.0,22.0,79.0,2024,2
2024-02-04 07:45:00+05:30,270.0,22.0,78.0,2024,2
2024-02-04 08:00:00+05:30,275.0,22.0,77.0,2024,2
2024-02-04 08:15:00+05:30,282.0,22.0,76.0,2024,2
2024-02-04 08:30:00+05:30,286.0,23.0,74.0,2024,2
2024-02-04 08:45:00+05:30,292.0,23.0,72.0,2024,2
2024-02-04 09:00:00+05:30,296.0,24.0,69.0,2024,2
2024-02-04 09:15:00+05:30,300.0,24.0,67.0,2024,2
2024-02-04 09:30:00+05:30,306.0,25.0,65.0,2024,2
2024-02-04 09:45:00+05:30,311.0,25.0,63.0,2024,2
2024-02-04 10:00:00+05:30,322.0,26.0,60.0,2024,2
2024-02-04 10:15:00+05:30,331.0,27.0,59.0,2024,2
2024-02-04 10:30:00+05:30,326.0,27.0,57.0,2024,2
2024-02-04 10:45:00+05:30,331.0,28.0,56.0,2024,2
2024-02-04 11:00:00+05:30,334.0,28.0,54.0,2024,2
2024-02-04 11:15:00+05:30,335.0,29.0,52.0,2024,2
2024-02-04 11:30:00+05:30,337.0,30.0,50.0,2024,2
2024-02-04 11:45:00+05:30,338.0,30.0,49.0,2024,2
2024-02-04 12:00:00+05:30,338.0,30.0,47.0,2024,2
2024-02-04 12:15:00+05:30,338.0,31.0,46.0,2024,2
2024-02-04 12:30:00+05:30,339.0,31.0,45.0,2024,2
2024-02-04 12:45:00+05:30,338.0,31.0,44.0,2024,2
2024-02-04 13:00:00+05:30,336.0,31.0,43.0,2024,2
2024-02-04 13:15:00+05:30,334.0,32.0,43.0,2024,2
2024-02-04 13:30:00+05:30,333.0,32.0,43.0,2024,2
2024-02-04 13:45:00+05:30,333.0,32.0,43.0,2024,2
2024-02-04 14:00:00+05:30,331.0,32.0,44.0,2024,2
2024-02-04 14:15:00+05:30,330.0,32.0,44.0,2024,2
2024-02-04 14:30:00+05:30,329.0,32.0,45.0,2024,2
2024-02-04 14:45:00+05:30,328.0,32.0,45.0,2024,2
2024-02-04 15:00:00+05:30,329.0,32.0,46.0,2024,2
2024-02-04 15:15:00+05:30,327.0,32.0,48.0,2024,2
2024-02-04 15:30:00+05:30,328.0,32.0,50.0,2024,2
2024-02-04 15:45:00+05:30,328.0,31.0,51.0,2024,2
2024-02-04 16:00:00+05:30,325.0,31.0,51.0,2024,2
2024-02-04 16:15:00+05:30,324.0,31.0,52.0,2024,2
2024-02-04 16:30:00+05:30,324.0,31.0,52.0,2024,2
2024-02-04 16:45:00+05:30,325.0,30.0,53.0,2024,2
2024-02-04 17:00:00+05:30,324.0,30.0,54.0,2024,2
2024-02-04 17:15:00+05:30,324.0,30.0,55.0,2024,2
2024-02-04 17:30:00+05:30,323.0,29.0,56.0,2024,2
2024-02-04 17:45:00+05:30,324.0,29.0,57.0,2024,2
2024-02-04 18:00:00+05:30,327.0,29.0,58.0,2024,2
2024-02-04 18:15:00+05:30,330.0,29.0,59.0,2024,2
2024-02-04 18:30:00+05:30,335.0,28.0,60.0,2024,2
2024-02-04 18:45:00+05:30,336.0,28.0,61.0,2024,2
2024-02-04 19:00:00+05:30,336.0,28.0,62.0,2024,2
2024-02-04 19:15:00+05:30,335.0,27.0,64.0,2024,2
2024-02-04 19:30:00+05:30,333.0,27.0,65.0,2024,2
2024-02-04 19:45:00+05:30,333.0,27.0,65.0,2024,2
2024-02-04 20:00:00+05:30,332.0,27.0,66.0,2024,2
2024-02-04 20:15:00+05:30,330.0,26.0,67.0,2024,2
2024-02-04 20:30:00+05:30,327.0,26.0,67.0,2024,2
2024-02-04 20:45:00+05:30,326.0,26.0,68.0,2024,2
2024-02-04 21:00:00+05:30,324.0,26.0,68.0,2024,2
2024-02-04 21:15:00+05:30,322.0,26.0,68.0,2024,2
2024-02-04 21:30:00+05:30,319.0,25.0,68.0,2024,2
2024-02-04 21:45:00+05:30,317.0,25.0,68.0,2024,2
2024-02-04 22:00:00+05:30,314.0,25.0,68.0,2024,2
2024-02-04 22:15:00+05:30,311.0,25.0,68.0,2024,2
2024-02-04 22:30:00+05:30,307.0,25.0,68.0,2024,2
2024-02-04 22:45:00+05:30,303.0,25.0,69.0,2024,2
2024-02-04 23:00:00+05:30,300.0,24.0,69.0,2024,2
2024-02-04 23:15:00+05:30,296.0,24.0,69.0,2024,2
2024-02-04 23:30:00+05:30,292.0,24.0,69.0,2024,2
2024-02-04 23:45:00+05:30,288.0,24.0,69.0,2024,2
2024-02-05 00:00:00+05:30,284.0,23.0,74.0,2024,2
2024-02-05 00:15:00+05:30,281.0,24.0,72.0,2024,2
2024-02-05 00:30:00+05:30,276.0,24.0,72.0,2024,2
2024-02-05 00:45:00+05:30,272.0,24.0,73.0,2024,2
2024-02-05 01:00:00+05:30,268.0,24.0,73.0,2024,2
2024-02-05 01:15:00+05:30,265.0,23.0,74.0,2024,2
2024-02-05 01:30:00+05:30,263.0,23.0,74.0,2024,2
2024-02-05 01:45:00+05:30,261.0,23.0,75.0,2024,2
2024-02-05 02:00:00+05:30,259.0,23.0,75.0,2024,2
2024-02-05 02:15:00+05:30,258.0,23.0,75.0,2024,2
2024-02-05 02:30:00+05:30,256.0,23.0,76.0,2024,2
2024-02-05 02:45:00+05:30,255.0,23.0,76.0,2024,2
2024-02-05 03:00:00+05:30,254.0,22.0,77.0,2024,2
2024-02-05 03:15:00+05:30,252.0,23.0,77.0,2024,2
2024-02-05 03:30:00+05:30,251.0,22.0,78.0,2024,2
2024-02-05 03:45:00+05:30,249.0,22.0,78.0,2024,2
2024-02-05 04:00:00+05:30,247.0,22.0,79.0,2024,2
2024-02-05 04:15:00+05:30,250.0,22.0,79.0,2024,2
2024-02-05 04:30:00+05:30,250.0,22.0,80.0,2024,2
2024-02-05 04:45:00+05:30,251.0,22.0,80.0,2024,2
2024-02-05 05:00:00+05:30,253.0,22.0,80.0,2024,2
2024-02-05 05:15:00+05:30,255.0,22.0,78.0,2024,2
2024-02-05 05:30:00+05:30,258.0,22.0,78.0,2024,2
2024-02-05 05:45:00+05:30,265.0,22.0,78.0,2024,2
2024-02-05 06:00:00+05:30,274.0,22.0,78.0,2024,2
2024-02-05 06:15:00+05:30,286.0,22.0,78.0,2024,2
2024-02-05 06:30:00+05:30,295.0,22.0,78.0,2024,2
2024-02-05 06:45:00+05:30,304.0,22.0,78.0,2024,2
2024-02-05 07:00:00+05:30,313.0,22.0,78.0,2024,2
2024-02-05 07:15:00+05:30,324.0,21.0,78.0,2024,2
2024-02-05 07:30:00+05:30,338.0,21.0,77.0,2024,2
2024-02-05 07:45:00+05:30,351.0,22.0,76.0,2024,2
2024-02-05 08:00:00+05:30,371.0,22.0,75.0,2024,2
2024-02-05 08:15:00+05:30,388.0,23.0,73.0,2024,2
2024-02-05 08:30:00+05:30,401.0,24.0,71.0,2024,2
2024-02-05 08:45:00+05:30,415.0,24.0,69.0,2024,2
2024-02-05 09:00:00+05:30,429.0,25.0,66.0,2024,2
2024-02-05 09:15:00+05:30,437.0,26.0,63.0,2024,2
2024-02-05 09:30:00+05:30,446.0,26.0,60.0,2024,2
2024-02-05 09:45:00+05:30,453.0,27.0,57.0,2024,2
2024-02-05 10:00:00+05:30,469.0,28.0,55.0,2024,2
2024-02-05 10:15:00+05:30,478.0,28.0,54.0,2024,2
2024-02-05 10:30:00+05:30,474.0,28.0,52.0,2024,2
2024-02-05 10:45:00+05:30,479.0,29.0,50.0,2024,2
2024-02-05 11:00:00+05:30,479.0,29.0,49.0,2024,2
2024-02-05 11:15:00+05:30,479.0,30.0,47.0,2024,2
2024-02-05 11:30:00+05:30,478.0,30.0,46.0,2024,2
2024-02-05 11:45:00+05:30,477.0,31.0,45.0,2024,2
2024-02-05 12:00:00+05:30,475.0,31.0,44.0,2024,2
2024-02-05 12:15:00+05:30,476.0,31.0,45.0,2024,2
2024-02-05 12:30:00+05:30,475.0,32.0,44.0,2024,2
2024-02-05 12:45:00+05:30,474.0,32.0,44.0,2024,2
2024-02-05 13:00:00+05:30,471.0,32.0,44.0,2024,2
2024-02-05 13:15:00+05:30,467.0,32.0,44.0,2024,2
2024-02-05 13:30:00+05:30,468.0,32.0,44.0,2024,2
2024-02-05 13:45:00+05:30,467.0,33.0,44.0,2024,2
2024-02-05 14:00:00+05:30,467.0,33.0,44.0,2024,2
2024-02-05 14:15:00+05:30,470.0,33.0,44.0,2024,2
2024-02-05 14:30:00+05:30,473.0,33.0,44.0,2024,2
2024-02-05 14:45:00+05:30,473.0,33.0,45.0,2024,2
2024-02-05 15:00:00+05:30,472.0,33.0,45.0,2024,2
2024-02-05 15:15:00+05:30,473.0,33.0,45.0,2024,2
2024-02-05 15:30:00+05:30,474.0,33.0,45.0,2024,2
2024-02-05 15:45:00+05:30,472.0,32.0,45.0,2024,2
2024-02-05 16:00:00+05:30,470.0,32.0,46.0,2024,2
2024-02-05 16:15:00+05:30,468.0,32.0,46.0,2024,2
2024-02-05 16:30:00+05:30,465.0,32.0,47.0,2024,2
2024-02-05 16:45:00+05:30,461.0,32.0,48.0,2024,2
2024-02-05 17:00:00+05:30,461.0,31.0,48.0,2024,2
2024-02-05 17:15:00+05:30,459.0,31.0,49.0,2024,2
2024-02-05 17:30:00+05:30,452.0,30.0,50.0,2024,2
2024-02-05 17:45:00+05:30,445.0,30.0,52.0,2024,2
2024-02-05 18:00:00+05:30,438.0,30.0,54.0,2024,2
2024-02-05 18:15:00+05:30,433.0,29.0,55.0,2024,2
2024-02-05 18:30:00+05:30,430.0,29.0,57.0,2024,2
2024-02-05 18:45:00+05:30,429.0,28.0,59.0,2024,2
2024-02-05 19:00:00+05:30,420.0,28.0,56.0,2024,2
2024-02-05 19:15:00+05:30,413.0,28.0,56.0,2024,2
2024-02-05 19:30:00+05:30,404.0,27.0,57.0,2024,2
2024-02-05 19:45:00+05:30,398.0,27.0,58.0,2024,2
2024-02-05 20:00:00+05:30,392.0,27.0,57.0,2024,2
2024-02-05 20:15:00+05:30,385.0,27.0,58.0,2024,2
2024-02-05 20:30:00+05:30,380.0,26.0,59.0,2024,2
2024-02-05 20:45:00+05:30,373.0,26.0,60.0,2024,2
2024-02-05 21:00:00+05:30,365.0,26.0,61.0,2024,2
2024-02-05 21:15:00+05:30,361.0,26.0,61.0,2024,2
2024-02-05 21:30:00+05:30,355.0,26.0,61.0,2024,2
2024-02-05 21:45:00+05:30,349.0,25.0,62.0,2024,2
2024-02-05 22:00:00+05:30,345.0,25.0,62.0,2024,2
2024-02-05 22:15:00+05:30,338.0,25.0,62.0,2024,2
2024-02-05 22:30:00+05:30,332.0,25.0,62.0,2024,2
2024-02-05 22:45:00+05:30,326.0,25.0,62.0,2024,2
2024-02-05 23:00:00+05:30,319.0,24.0,68.0,2024,2
2024-02-05 23:15:00+05:30,314.0,24.0,68.0,2024,2
2024-02-05 23:30:00+05:30,309.0,24.0,68.0,2024,2
2024-02-05 23:45:00+05:30,304.0,24.0,68.0,2024,2
2024-02-06 00:00:00+05:30,301.0,25.0,56.0,2024,2
2024-02-06 00:15:00+05:30,296.0,25.0,58.0,2024,2
2024-02-06 00:30:00+05:30,291.0,25.0,60.0,2024,2
2024-02-06 00:45:00+05:30,287.0,25.0,61.0,2024,2
2024-02-06 01:00:00+05:30,282.0,25.0,62.0,2024,2
2024-02-06 01:15:00+05:30,279.0,24.0,63.0,2024,2
2024-02-06 01:30:00+05:30,277.0,24.0,62.0,2024,2
2024-02-06 01:45:00+05:30,273.0,24.0,63.0,2024,2
2024-02-06 02:00:00+05:30,271.0,24.0,63.0,2024,2
2024-02-06 02:15:00+05:30,270.0,24.0,63.0,2024,2
2024-02-06 02:30:00+05:30,268.0,24.0,64.0,2024,2
2024-02-06 02:45:00+05:30,267.0,24.0,65.0,2024,2
2024-02-06 03:00:00+05:30,266.0,24.0,66.0,2024,2
2024-02-06 03:15:00+05:30,264.0,24.0,67.0,2024,2
2024-02-06 03:30:00+05:30,263.0,24.0,68.0,2024,2
2024-02-06 03:45:00+05:30,260.0,24.0,68.0,2024,2
2024-02-06 04:00:00+05:30,258.0,24.0,68.0,2024,2
2024-02-06 04:15:00+05:30,260.0,24.0,68.0,2024,2
2024-02-06 04:30:00+05:30,262.0,24.0,68.0,2024,2
2024-02-06 04:45:00+05:30,262.0,24.0,70.0,2024,2
2024-02-06 05:00:00+05:30,264.0,24.0,71.0,2024,2
2024-02-06 05:15:00+05:30,268.0,23.0,71.0,2024,2
2024-02-06 05:30:00+05:30,272.0,23.0,72.0,2024,2
2024-02-06 05:45:00+05:30,277.0,23.0,73.0,2024,2
2024-02-06 06:00:00+05:30,286.0,23.0,73.0,2024,2
2024-02-06 06:15:00+05:30,297.0,23.0,73.0,2024,2
2024-02-06 06:30:00+05:30,307.0,23.0,74.0,2024,2
2024-02-06 06:45:00+05:30,315.0,23.0,74.0,2024,2
2024-02-06 07:00:00+05:30,322.0,23.0,74.0,2024,2
2024-02-06 07:15:00+05:30,330.0,23.0,74.0,2024,2
2024-02-06 07:30:00+05:30,344.0,23.0,74.0,2024,2
2024-02-06 07:45:00+05:30,363.0,23.0,73.0,2024,2
2024-02-06 08:00:00+05:30,376.0,23.0,72.0,2024,2
2024-02-06 08:15:00+05:30,392.0,23.0,71.0,2024,2
2024-02-06 08:30:00+05:30,405.0,24.0,69.0,2024,2
2024-02-06 08:45:00+05:30,416.0,25.0,66.0,2024,2
2024-02-06 09:00:00+05:30,428.0,26.0,64.0,2024,2
2024-02-06 09:15:00+05:30,439.0,26.0,59.0,2024,2
2024-02-06 09:30:00+05:30,449.0,27.0,56.0,2024,2
2024-02-06 09:45:00+05:30,459.0,28.0,53.0,2024,2
2024-02-06 10:00:00+05:30,471.0,29.0,51.0,2024,2
2024-02-06 10:15:00+05:30,480.0,29.0,49.0,2024,2
2024-02-06 10:30:00+05:30,476.0,30.0,46.0,2024,2
2024-02-06 10:45:00+05:30,479.0,31.0,44.0,2024,2
2024-02-06 11:00:00+05:30,481.0,32.0,42.0,2024,2
2024-02-06 11:15:00+05:30,478.0,33.0,40.0,2024,2
2024-02-06 11:30:00+05:30,479.0,34.0,39.0,2024,2
2024-02-06 11:45:00+05:30,480.0,34.0,39.0,2024,2
2024-02-06 12:00:00+05:30,481.0,35.0,41.0,2024,2
2024-02-06 12:15:00+05:30,479.0,35.0,40.0,2024,2
2024-02-06 12:30:00+05:30,476.0,35.0,40.0,2024,2
2024-02-06 12:45:00+05:30,476.0,35.0,39.0,2024,2
2024-02-06 13:00:00+05:30,471.0,36.0,38.0,2024,2
2024-02-06 13:15:00+05:30,467.0,36.0,39.0,2024,2
2024-02-06 13:30:00+05:30,463.0,35.0,41.0,2024,2
2024-02-06 13:45:00+05:30,464.0,36.0,41.0,2024,2
2024-02-06 14:00:00+05:30,468.0,36.0,42.0,2024,2
2024-02-06 14:15:00+05:30,472.0,35.0,43.0,2024,2
2024-02-06 14:30:00+05:30,474.0,35.0,44.0,2024,2
2024-02-06 14:45:00+05:30,467.0,35.0,44.0,2024,2
2024-02-06 15:00:00+05:30,474.0,35.0,45.0,2024,2
2024-02-06 15:15:00+05:30,476.0,34.0,46.0,2024,2
2024-02-06 15:30:00+05:30,475.0,34.0,47.0,2024,2
2024-02-06 15:45:00+05:30,476.0,34.0,46.0,2024,2
2024-02-06 16:00:00+05:30,474.0,34.0,47.0,2024,2
2024-02-06 16:15:00+05:30,473.0,33.0,47.0,2024,2
2024-02-06 16:30:00+05:30,469.0,33.0,47.0,2024,2
2024-02-06 16:45:00+05:30,452.0,32.0,47.0,2024,2
2024-02-06 17:00:00+05:30,448.0,32.0,49.0,2024,2
2024-02-06 17:15:00+05:30,456.0,32.0,49.0,2024,2
2024-02-06 17:30:00+05:30,453.0,31.0,51.0,2024,2
2024-02-06 17:45:00+05:30,449.0,31.0,53.0,2024,2
2024-02-06 18:00:00+05:30,437.0,30.0,53.0,2024,2
2024-02-06 18:15:00+05:30,432.0,29.0,55.0,2024,2
2024-02-06 18:30:00+05:30,429.0,29.0,56.0,2024,2
2024-02-06 18:45:00+05:30,427.0,28.0,58.0,2024,2
2024-02-06 19:00:00+05:30,421.0,28.0,60.0,2024,2
2024-02-06 19:15:00+05:30,414.0,28.0,61.0,2024,2
2024-02-06 19:30:00+05:30,407.0,28.0,61.0,2024,2
2024-02-06 19:45:00+05:30,398.0,27.0,63.0,2024,2
2024-02-06 20:00:00+05:30,392.0,27.0,64.0,2024,2
2024-02-06 20:15:00+05:30,385.0,27.0,65.0,2024,2
2024-02-06 20:30:00+05:30,381.0,27.0,65.0,2024,2
2024-02-06 20:45:00+05:30,375.0,27.0,65.0,2024,2
2024-02-06 21:00:00+05:30,362.0,27.0,66.0,2024,2
2024-02-06 21:15:00+05:30,357.0,27.0,67.0,2024,2
2024-02-06 21:30:00+05:30,352.0,26.0,67.0,2024,2
2024-02-06 21:45:00+05:30,345.0,26.0,68.0,2024,2
2024-02-06 22:00:00+05:30,337.0,26.0,68.0,2024,2
2024-02-06 22:15:00+05:30,331.0,26.0,68.0,2024,2
2024-02-06 22:30:00+05:30,325.0,26.0,69.0,2024,2
2024-02-06 22:45:00+05:30,323.0,26.0,70.0,2024,2
2024-02-06 23:00:00+05:30,316.0,26.0,70.0,2024,2
2024-02-06 23:15:00+05:30,309.0,26.0,70.0,2024,2
2024-02-06 23:30:00+05:30,303.0,26.0,70.0,2024,2
2024-02-06 23:45:00+05:30,298.0,26.0,70.0,2024,2
2024-02-07 00:00:00+05:30,291.0,23.0,74.0,2024,2
2024-02-07 00:15:00+05:30,288.0,24.0,72.0,2024,2
2024-02-07 00:30:00+05:30,284.0,24.0,72.0,2024,2
2024-02-07 00:45:00+05:30,280.0,24.0,73.0,2024,2
2024-02-07 01:00:00+05:30,275.0,24.0,73.0,2024,2
2024-02-07 01:15:00+05:30,272.0,23.0,74.0,2024,2
2024-02-07 01:30:00+05:30,270.0,23.0,74.0,2024,2
2024-02-07 01:45:00+05:30,267.0,23.0,75.0,2024,2
2024-02-07 02:00:00+05:30,264.0,23.0,75.0,2024,2
2024-02-07 02:15:00+05:30,263.0,23.0,75.0,2024,2
2024-02-07 02:30:00+05:30,260.0,23.0,76.0,2024,2
2024-02-07 02:45:00+05:30,259.0,23.0,76.0,2024,2
2024-02-07 03:00:00+05:30,257.0,22.0,77.0,2024,2
2024-02-07 03:15:00+05:30,254.0,23.0,77.0,2024,2
2024-02-07 03:30:00+05:30,253.0,22.0,78.0,2024,2
2024-02-07 03:45:00+05:30,251.0,22.0,78.0,2024,2
2024-02-07 04:00:00+05:30,250.0,22.0,79.0,2024,2
2024-02-07 04:15:00+05:30,251.0,22.0,79.0,2024,2
2024-02-07 04:30:00+05:30,255.0,22.0,80.0,2024,2
2024-02-07 04:45:00+05:30,257.0,22.0,80.0,2024,2
2024-02-07 05:00:00+05:30,261.0,22.0,80.0,2024,2
2024-02-07 05:15:00+05:30,262.0,22.0,78.0,2024,2
2024-02-07 05:30:00+05:30,264.0,22.0,78.0,2024,2
2024-02-07 05:45:00+05:30,268.0,22.0,78.0,2024,2
2024-02-07 06:00:00+05:30,276.0,22.0,78.0,2024,2
2024-02-07 06:15:00+05:30,290.0,22.0,78.0,2024,2
2024-02-07 06:30:00+05:30,304.0,22.0,78.0,2024,2
2024-02-07 06:45:00+05:30,311.0,22.0,78.0,2024,2
2024-02-07 07:00:00+05:30,319.0,22.0,78.0,2024,2
2024-02-07 07:15:00+05:30,330.0,21.0,78.0,2024,2
2024-02-07 07:30:00+05:30,347.0,21.0,77.0,2024,2
2024-02-07 07:45:00+05:30,359.0,22.0,76.0,2024,2
2024-02-07 08:00:00+05:30,378.0,22.0,75.0,2024,2
2024-02-07 08:15:00+05:30,391.0,23.0,73.0,2024,2
2024-02-07 08:30:00+05:30,403.0,24.0,71.0,2024,2
2024-02-07 08:45:00+05:30,417.0,24.0,69.0,2024,2
2024-02-07 09:00:00+05:30,433.0,25.0,66.0,2024,2
2024-02-07 09:15:00+05:30,442.0,26.0,63.0,2024,2
2024-02-07 09:30:00+05:30,456.0,26.0,60.0,2024,2
2024-02-07 09:45:00+05:30,464.0,27.0,57.0,2024,2
2024-02-07 10:00:00+05:30,477.0,28.0,55.0,2024,2
2024-02-07 10:15:00+05:30,481.0,28.0,54.0,2024,2
2024-02-07 10:30:00+05:30,478.0,28.0,52.0,2024,2
2024-02-07 10:45:00+05:30,471.0,29.0,50.0,2024,2
2024-02-07 11:00:00+05:30,473.0,29.0,49.0,2024,2
2024-02-07 11:15:00+05:30,472.0,30.0,47.0,2024,2
2024-02-07 11:30:00+05:30,474.0,30.0,46.0,2024,2
2024-02-07 11:45:00+05:30,475.0,31.0,45.0,2024,2
2024-02-07 12:00:00+05:30,477.0,31.0,44.0,2024,2
2024-02-07 12:15:00+05:30,476.0,31.0,45.0,2024,2
2024-02-07 12:30:00+05:30,472.0,32.0,44.0,2024,2
2024-02-07 12:45:00+05:30,469.0,32.0,44.0,2024,2
2024-02-07 13:00:00+05:30,466.0,32.0,44.0,2024,2
2024-02-07 13:15:00+05:30,467.0,32.0,44.0,2024,2
2024-02-07 13:30:00+05:30,465.0,32.0,44.0,2024,2
2024-02-07 13:45:00+05:30,465.0,33.0,44.0,2024,2
2024-02-07 14:00:00+05:30,468.0,33.0,44.0,2024,2
2024-02-07 14:15:00+05:30,469.0,33.0,44.0,2024,2
2024-02-07 14:30:00+05:30,473.0,33.0,44.0,2024,2
2024-02-07 14:45:00+05:30,470.0,33.0,45.0,2024,2
2024-02-07 15:00:00+05:30,467.0,33.0,45.0,2024,2
2024-02-07 15:15:00+05:30,468.0,33.0,45.0,2024,2
2024-02-07 15:30:00+05:30,467.0,33.0,45.0,2024,2
2024-02-07 15:45:00+05:30,467.0,32.0,45.0,2024,2
2024-02-07 16:00:00+05:30,472.0,32.0,46.0,2024,2
2024-02-07 16:15:00+05:30,473.0,32.0,46.0,2024,2
2024-02-07 16:30:00+05:30,471.0,32.0,47.0,2024,2
2024-02-07 16:45:00+05:30,468.0,32.0,48.0,2024,2
2024-02-07 17:00:00+05:30,463.0,31.0,48.0,2024,2
2024-02-07 17:15:00+05:30,461.0,31.0,49.0,2024,2
2024-02-07 17:30:00+05:30,453.0,30.0,50.0,2024,2
2024-02-07 17:45:00+05:30,448.0,30.0,52.0,2024,2
2024-02-07 18:00:00+05:30,442.0,30.0,54.0,2024,2
2024-02-07 18:15:00+05:30,435.0,29.0,55.0,2024,2
2024-02-07 18:30:00+05:30,433.0,29.0,57.0,2024,2
2024-02-07 18:45:00+05:30,431.0,28.0,59.0,2024,2
2024-02-07 19:00:00+05:30,421.0,28.0,56.0,2024,2
2024-02-07 19:15:00+05:30,413.0,28.0,56.0,2024,2
2024-02-07 19:30:00+05:30,404.0,27.0,57.0,2024,2
2024-02-07 19:45:00+05:30,396.0,27.0,58.0,2024,2
2024-02-07 20:00:00+05:30,389.0,27.0,57.0,2024,2
2024-02-07 20:15:00+05:30,383.0,27.0,58.0,2024,2
2024-02-07 20:30:00+05:30,378.0,26.0,59.0,2024,2
2024-02-07 20:45:00+05:30,373.0,26.0,60.0,2024,2
2024-02-07 21:00:00+05:30,363.0,26.0,61.0,2024,2
2024-02-07 21:15:00+05:30,352.0,26.0,61.0,2024,2
2024-02-07 21:30:00+05:30,346.0,26.0,61.0,2024,2
2024-02-07 21:45:00+05:30,341.0,25.0,62.0,2024,2
2024-02-07 22:00:00+05:30,337.0,25.0,62.0,2024,2
2024-02-07 22:15:00+05:30,332.0,25.0,62.0,2024,2
2024-02-07 22:30:00+05:30,324.0,25.0,62.0,2024,2
2024-02-07 22:45:00+05:30,316.0,25.0,62.0,2024,2
2024-02-07 23:00:00+05:30,311.0,24.0,68.0,2024,2
2024-02-07 23:15:00+05:30,308.0,24.0,68.0,2024,2
2024-02-07 23:30:00+05:30,301.0,24.0,68.0,2024,2
2024-02-07 23:45:00+05:30,295.0,24.0,68.0,2024,2
2024-02-08 00:00:00+05:30,293.0,23.0,74.0,2024,2
2024-02-08 00:15:00+05:30,290.0,24.0,72.0,2024,2
2024-02-08 00:30:00+05:30,286.0,24.0,72.0,2024,2
2024-02-08 00:45:00+05:30,278.0,24.0,73.0,2024,2
2024-02-08 01:00:00+05:30,272.0,24.0,73.0,2024,2
2024-02-08 01:15:00+05:30,271.0,23.0,74.0,2024,2
2024-02-08 01:30:00+05:30,267.0,23.0,74.0,2024,2
2024-02-08 01:45:00+05:30,264.0,23.0,75.0,2024,2
2024-02-08 02:00:00+05:30,261.0,23.0,75.0,2024,2
2024-02-08 02:15:00+05:30,258.0,23.0,75.0,2024,2
2024-02-08 02:30:00+05:30,257.0,23.0,76.0,2024,2
2024-02-08 02:45:00+05:30,260.0,23.0,76.0,2024,2
2024-02-08 03:00:00+05:30,258.0,22.0,77.0,2024,2
2024-02-08 03:15:00+05:30,257.0,23.0,77.0,2024,2
2024-02-08 03:30:00+05:30,257.0,22.0,78.0,2024,2
2024-02-08 03:45:00+05:30,255.0,22.0,78.0,2024,2
2024-02-08 04:00:00+05:30,253.0,22.0,79.0,2024,2
2024-02-08 04:15:00+05:30,252.0,22.0,79.0,2024,2
2024-02-08 04:30:00+05:30,253.0,22.0,80.0,2024,2
2024-02-08 04:45:00+05:30,251.0,22.0,80.0,2024,2
2024-02-08 05:00:00+05:30,259.0,22.0,80.0,2024,2
2024-02-08 05:15:00+05:30,257.0,22.0,78.0,2024,2
2024-02-08 05:30:00+05:30,260.0,22.0,78.0,2024,2
2024-02-08 05:45:00+05:30,266.0,22.0,78.0,2024,2
2024-02-08 06:00:00+05:30,277.0,22.0,78.0,2024,2
2024-02-08 06:15:00+05:30,283.0,22.0,78.0,2024,2
2024-02-08 06:30:00+05:30,301.0,22.0,78.0,2024,2
2024-02-08 06:45:00+05:30,308.0,22.0,78.0,2024,2
2024-02-08 07:00:00+05:30,313.0,22.0,78.0,2024,2
2024-02-08 07:15:00+05:30,325.0,21.0,78.0,2024,2
2024-02-08 07:30:00+05:30,339.0,21.0,77.0,2024,2
2024-02-08 07:45:00+05:30,352.0,22.0,76.0,2024,2
2024-02-08 08:00:00+05:30,372.0,22.0,75.0,2024,2
2024-02-08 08:15:00+05:30,386.0,23.0,73.0,2024,2
2024-02-08 08:30:00+05:30,398.0,24.0,71.0,2024,2
2024-02-08 08:45:00+05:30,410.0,24.0,69.0,2024,2
2024-02-08 09:00:00+05:30,425.0,25.0,66.0,2024,2
2024-02-08 09:15:00+05:30,434.0,26.0,63.0,2024,2
2024-02-08 09:30:00+05:30,441.0,26.0,60.0,2024,2
2024-02-08 09:45:00+05:30,449.0,27.0,57.0,2024,2
2024-02-08 10:00:00+05:30,466.0,28.0,55.0,2024,2
2024-02-08 10:15:00+05:30,469.0,28.0,54.0,2024,2
2024-02-08 10:30:00+05:30,467.0,28.0,52.0,2024,2
2024-02-08 10:45:00+05:30,463.0,29.0,50.0,2024,2
2024-02-08 11:00:00+05:30,472.0,29.0,49.0,2024,2
2024-02-08 11:15:00+05:30,468.0,30.0,47.0,2024,2
2024-02-08 11:30:00+05:30,470.0,30.0,46.0,2024,2
2024-02-08 11:45:00+05:30,464.0,31.0,45.0,2024,2
2024-02-08 12:00:00+05:30,464.0,31.0,44.0,2024,2
2024-02-08 12:15:00+05:30,461.0,31.0,45.0,2024,2
2024-02-08 12:30:00+05:30,459.0,32.0,44.0,2024,2
2024-02-08 12:45:00+05:30,459.0,32.0,44.0,2024,2
2024-02-08 13:00:00+05:30,458.0,32.0,44.0,2024,2
2024-02-08 13:15:00+05:30,455.0,32.0,44.0,2024,2
2024-02-08 13:30:00+05:30,453.0,32.0,44.0,2024,2
2024-02-08 13:45:00+05:30,455.0,33.0,44.0,2024,2
2024-02-08 14:00:00+05:30,457.0,33.0,44.0,2024,2
2024-02-08 14:15:00+05:30,458.0,33.0,44.0,2024,2
2024-02-08 14:30:00+05:30,462.0,33.0,44.0,2024,2
2024-02-08 14:45:00+05:30,462.0,33.0,45.0,2024,2
2024-02-08 15:00:00+05:30,462.0,33.0,45.0,2024,2
2024-02-08 15:15:00+05:30,462.0,33.0,45.0,2024,2
2024-02-08 15:30:00+05:30,463.0,33.0,45.0,2024,2
2024-02-08 15:45:00+05:30,463.0,32.0,45.0,2024,2
2024-02-08 16:00:00+05:30,463.0,32.0,46.0,2024,2
2024-02-08 16:15:00+05:30,467.0,32.0,46.0,2024,2
2024-02-08 16:30:00+05:30,465.0,32.0,47.0,2024,2
2024-02-08 16:45:00+05:30,461.0,32.0,48.0,2024,2
2024-02-08 17:00:00+05:30,460.0,31.0,48.0,2024,2
2024-02-08 17:15:00+05:30,458.0,31.0,49.0,2024,2
2024-02-08 17:30:00+05:30,451.0,30.0,50.0,2024,2
2024-02-08 17:45:00+05:30,442.0,30.0,52.0,2024,2
2024-02-08 18:00:00+05:30,436.0,30.0,54.0,2024,2
2024-02-08 18:15:00+05:30,430.0,29.0,55.0,2024,2
2024-02-08 18:30:00+05:30,426.0,29.0,57.0,2024,2
2024-02-08 18:45:00+05:30,423.0,28.0,59.0,2024,2
2024-02-08 19:00:00+05:30,419.0,28.0,56.0,2024,2
2024-02-08 19:15:00+05:30,412.0,28.0,56.0,2024,2
2024-02-08 19:30:00+05:30,403.0,27.0,57.0,2024,2
2024-02-08 19:45:00+05:30,395.0,27.0,58.0,2024,2
2024-02-08 20:00:00+05:30,386.0,27.0,57.0,2024,2
2024-02-08 20:15:00+05:30,383.0,27.0,58.0,2024,2
2024-02-08 20:30:00+05:30,379.0,26.0,59.0,2024,2
2024-02-08 20:45:00+05:30,374.0,26.0,60.0,2024,2
2024-02-08 21:00:00+05:30,369.0,26.0,61.0,2024,2
2024-02-08 21:15:00+05:30,364.0,26.0,61.0,2024,2
2024-02-08 21:30:00+05:30,358.0,26.0,61.0,2024,2
2024-02-08 21:45:00+05:30,350.0,25.0,62.0,2024,2
2024-02-08 22:00:00+05:30,337.0,25.0,62.0,2024,2
2024-02-08 22:15:00+05:30,332.0,25.0,62.0,2024,2
2024-02-08 22:30:00+05:30,327.0,25.0,62.0,2024,2
2024-02-08 22:45:00+05:30,327.0,25.0,62.0,2024,2
2024-02-08 23:00:00+05:30,318.0,24.0,68.0,2024,2
2024-02-08 23:15:00+05:30,308.0,24.0,68.0,2024,2
2024-02-08 23:30:00+05:30,302.0,24.0,68.0,2024,2
2024-02-08 23:45:00+05:30,298.0,24.0,68.0,2024,2
2024-02-09 00:00:00+05:30,294.0,25.0,67.0,2024,2
2024-02-09 00:15:00+05:30,289.0,25.0,67.0,2024,2
2024-02-09 00:30:00+05:30,284.0,25.0,68.0,2024,2
2024-02-09 00:45:00+05:30,279.0,25.0,68.0,2024,2
2024-02-09 01:00:00+05:30,273.0,25.0,68.0,2024,2
2024-02-09 01:15:00+05:30,272.0,24.0,68.0,2024,2
2024-02-09 01:30:00+05:30,270.0,24.0,68.0,2024,2
2024-02-09 01:45:00+05:30,268.0,24.0,69.0,2024,2
2024-02-09 02:00:00+05:30,265.0,24.0,69.0,2024,2
2024-02-09 02:15:00+05:30,264.0,24.0,69.0,2024,2
2024-02-09 02:30:00+05:30,263.0,24.0,70.0,2024,2
2024-02-09 02:45:00+05:30,261.0,24.0,71.0,2024,2
2024-02-09 03:00:00+05:30,257.0,24.0,71.0,2024,2
2024-02-09 03:15:00+05:30,255.0,24.0,71.0,2024,2
2024-02-09 03:30:00+05:30,252.0,23.0,72.0,2024,2
2024-02-09 03:45:00+05:30,247.0,23.0,73.0,2024,2
2024-02-09 04:00:00+05:30,245.0,23.0,73.0,2024,2
2024-02-09 04:15:00+05:30,245.0,23.0,73.0,2024,2
2024-02-09 04:30:00+05:30,248.0,23.0,73.0,2024,2
2024-02-09 04:45:00+05:30,249.0,23.0,74.0,2024,2
2024-02-09 05:00:00+05:30,252.0,23.0,74.0,2024,2
2024-02-09 05:15:00+05:30,253.0,23.0,74.0,2024,2
2024-02-09 05:30:00+05:30,260.0,23.0,75.0,2024,2
2024-02-09 05:45:00+05:30,264.0,23.0,75.0,2024,2
2024-02-09 06:00:00+05:30,274.0,23.0,75.0,2024,2
2024-02-09 06:15:00+05:30,284.0,23.0,75.0,2024,2
2024-02-09 06:30:00+05:30,296.0,23.0,75.0,2024,2
2024-02-09 06:45:00+05:30,305.0,23.0,75.0,2024,2
2024-02-09 07:00:00+05:30,315.0,22.0,75.0,2024,2
2024-02-09 07:15:00+05:30,324.0,22.0,76.0,2024,2
2024-02-09 07:30:00+05:30,335.0,22.0,75.0,2024,2
2024-02-09 07:45:00+05:30,351.0,22.0,75.0,2024,2
2024-02-09 08:00:00+05:30,369.0,23.0,74.0,2024,2
2024-02-09 08:15:00+05:30,384.0,23.0,73.0,2024,2
2024-02-09 08:30:00+05:30,397.0,24.0,72.0,2024,2
2024-02-09 08:45:00+05:30,409.0,25.0,69.0,2024,2
2024-02-09 09:00:00+05:30,423.0,25.0,65.0,2024,2
2024-02-09 09:15:00+05:30,436.0,26.0,62.0,2024,2
2024-02-09 09:30:00+05:30,443.0,27.0,59.0,2024,2
2024-02-09 09:45:00+05:30,451.0,28.0,56.0,2024,2
2024-02-09 10:00:00+05:30,464.0,29.0,54.0,2024,2
2024-02-09 10:15:00+05:30,474.0,29.0,51.0,2024,2
2024-02-09 10:30:00+05:30,471.0,30.0,50.0,2024,2
2024-02-09 10:45:00+05:30,474.0,31.0,48.0,2024,2
2024-02-09 11:00:00+05:30,476.0,31.0,46.0,2024,2
2024-02-09 11:15:00+05:30,476.0,32.0,44.0,2024,2
2024-02-09 11:30:00+05:30,477.0,33.0,43.0,2024,2
2024-02-09 11:45:00+05:30,477.0,34.0,42.0,2024,2
2024-02-09 12:00:00+05:30,478.0,34.0,41.0,2024,2
2024-02-09 12:15:00+05:30,473.0,34.0,42.0,2024,2
2024-02-09 12:30:00+05:30,468.0,34.0,42.0,2024,2
2024-02-09 12:45:00+05:30,470.0,34.0,43.0,2024,2
2024-02-09 13:00:00+05:30,467.0,34.0,43.0,2024,2
2024-02-09 13:15:00+05:30,464.0,34.0,42.0,2024,2
2024-02-09 13:30:00+05:30,462.0,34.0,42.0,2024,2
2024-02-09 13:45:00+05:30,458.0,34.0,40.0,2024,2
2024-02-09 14:00:00+05:30,460.0,34.0,40.0,2024,2
2024-02-09 14:15:00+05:30,462.0,34.0,41.0,2024,2
2024-02-09 14:30:00+05:30,463.0,35.0,41.0,2024,2
2024-02-09 14:45:00+05:30,463.0,35.0,41.0,2024,2
2024-02-09 15:00:00+05:30,469.0,35.0,41.0,2024,2
2024-02-09 15:15:00+05:30,465.0,35.0,40.0,2024,2
2024-02-09 15:30:00+05:30,467.0,35.0,40.0,2024,2
2024-02-09 15:45:00+05:30,465.0,35.0,39.0,2024,2
2024-02-09 16:00:00+05:30,462.0,34.0,38.0,2024,2
2024-02-09 16:15:00+05:30,461.0,33.0,38.0,2024,2
2024-02-09 16:30:00+05:30,458.0,33.0,38.0,2024,2
2024-02-09 16:45:00+05:30,454.0,33.0,37.0,2024,2
2024-02-09 17:00:00+05:30,451.0,32.0,37.0,2024,2
2024-02-09 17:15:00+05:30,450.0,32.0,38.0,2024,2
2024-02-09 17:30:00+05:30,441.0,31.0,41.0,2024,2
2024-02-09 17:45:00+05:30,434.0,30.0,43.0,2024,2
2024-02-09 18:00:00+05:30,430.0,29.0,45.0,2024,2
2024-02-09 18:15:00+05:30,423.0,29.0,48.0,2024,2
2024-02-09 18:30:00+05:30,420.0,28.0,49.0,2024,2
2024-02-09 18:45:00+05:30,415.0,27.0,51.0,2024,2
2024-02-09 19:00:00+05:30,411.0,27.0,52.0,2024,2
2024-02-09 19:15:00+05:30,404.0,27.0,52.0,2024,2
2024-02-09 19:30:00+05:30,394.0,27.0,53.0,2024,2
2024-02-09 19:45:00+05:30,390.0,26.0,54.0,2024,2
2024-02-09 20:00:00+05:30,380.0,26.0,56.0,2024,2
2024-02-09 20:15:00+05:30,375.0,26.0,57.0,2024,2
2024-02-09 20:30:00+05:30,370.0,26.0,57.0,2024,2
2024-02-09 20:45:00+05:30,367.0,26.0,57.0,2024,2
2024-02-09 21:00:00+05:30,363.0,26.0,55.0,2024,2
2024-02-09 21:15:00+05:30,354.0,26.0,54.0,2024,2
2024-02-09 21:30:00+05:30,348.0,25.0,54.0,2024,2
2024-02-09 21:45:00+05:30,343.0,25.0,53.0,2024,2
2024-02-09 22:00:00+05:30,332.0,25.0,53.0,2024,2
2024-02-09 22:15:00+05:30,326.0,25.0,54.0,2024,2
2024-02-09 22:30:00+05:30,323.0,25.0,53.0,2024,2
2024-02-09 22:45:00+05:30,317.0,25.0,53.0,2024,2
2024-02-09 23:00:00+05:30,311.0,25.0,52.0,2024,2
2024-02-09 23:15:00+05:30,304.0,25.0,52.0,2024,2
2024-02-09 23:30:00+05:30,299.0,25.0,52.0,2024,2
2024-02-09 23:45:00+05:30,293.0,24.0,52.0,2024,2
2024-02-10 00:00:00+05:30,291.0,25.0,58.0,2024,2
2024-02-10 00:15:00+05:30,287.0,25.0,58.0,2024,2
2024-02-10 00:30:00+05:30,283.0,25.0,59.0,2024,2
2024-02-10 00:45:00+05:30,278.0,25.0,59.0,2024,2
2024-02-10 01:00:00+05:30,274.0,25.0,60.0,2024,2
2024-02-10 01:15:00+05:30,271.0,25.0,60.0,2024,2
2024-02-10 01:30:00+05:30,268.0,24.0,61.0,2024,2
2024-02-10 01:45:00+05:30,266.0,24.0,61.0,2024,2
2024-02-10 02:00:00+05:30,264.0,24.0,62.0,2024,2
2024-02-10 02:15:00+05:30,263.0,24.0,62.0,2024,2
2024-02-10 02:30:00+05:30,260.0,24.0,63.0,2024,2
2024-02-10 02:45:00+05:30,259.0,24.0,63.0,2024,2
2024-02-10 03:00:00+05:30,257.0,24.0,63.0,2024,2
2024-02-10 03:15:00+05:30,256.0,24.0,63.0,2024,2
2024-02-10 03:30:00+05:30,254.0,24.0,64.0,2024,2
2024-02-10 03:45:00+05:30,251.0,23.0,64.0,2024,2
2024-02-10 04:00:00+05:30,248.0,23.0,64.0,2024,2
2024-02-10 04:15:00+05:30,248.0,23.0,63.0,2024,2
2024-02-10 04:30:00+05:30,248.0,23.0,63.0,2024,2
2024-02-10 04:45:00+05:30,250.0,23.0,63.0,2024,2
2024-02-10 05:00:00+05:30,246.0,23.0,63.0,2024,2
2024-02-10 05:15:00+05:30,247.0,23.0,64.0,2024,2
2024-02-10 05:30:00+05:30,253.0,23.0,64.0,2024,2
2024-02-10 05:45:00+05:30,258.0,23.0,64.0,2024,2
2024-02-10 06:00:00+05:30,267.0,23.0,65.0,2024,2
2024-02-10 06:15:00+05:30,271.0,23.0,66.0,2024,2
2024-02-10 06:30:00+05:30,273.0,22.0,66.0,2024,2
2024-02-10 06:45:00+05:30,279.0,23.0,66.0,2024,2
2024-02-10 07:00:00+05:30,283.0,23.0,65.0,2024,2
2024-02-10 07:15:00+05:30,285.0,23.0,65.0,2024,2
2024-02-10 07:30:00+05:30,293.0,23.0,65.0,2024,2
2024-02-10 07:45:00+05:30,300.0,23.0,65.0,2024,2
2024-02-10 08:00:00+05:30,310.0,23.0,64.0,2024,2
2024-02-10 08:15:00+05:30,322.0,24.0,63.0,2024,2
2024-02-10 08:30:00+05:30,331.0,24.0,62.0,2024,2
2024-02-10 08:45:00+05:30,341.0,25.0,59.0,2024,2
2024-02-10 09:00:00+05:30,351.0,26.0,57.0,2024,2
2024-02-10 09:15:00+05:30,359.0,26.0,55.0,2024,2
2024-02-10 09:30:00+05:30,366.0,27.0,52.0,2024,2
2024-02-10 09:45:00+05:30,372.0,28.0,50.0,2024,2
2024-02-10 10:00:00+05:30,379.0,29.0,49.0,2024,2
2024-02-10 10:15:00+05:30,387.0,29.0,48.0,2024,2
2024-02-10 10:30:00+05:30,383.0,30.0,46.0,2024,2
2024-02-10 10:45:00+05:30,383.0,31.0,44.0,2024,2
2024-02-10 11:00:00+05:30,388.0,32.0,42.0,2024,2
2024-02-10 11:15:00+05:30,389.0,33.0,40.0,2024,2
2024-02-10 11:30:00+05:30,390.0,33.0,39.0,2024,2
2024-02-10 11:45:00+05:30,392.0,34.0,38.0,2024,2
2024-02-10 12:00:00+05:30,390.0,34.0,39.0,2024,2
2024-02-10 12:15:00+05:30,386.0,35.0,38.0,2024,2
2024-02-10 12:30:00+05:30,386.0,35.0,39.0,2024,2
2024-02-10 12:45:00+05:30,383.0,35.0,38.0,2024,2
2024-02-10 13:00:00+05:30,376.0,35.0,39.0,2024,2
2024-02-10 13:15:00+05:30,377.0,36.0,39.0,2024,2
2024-02-10 13:30:00+05:30,375.0,36.0,39.0,2024,2
2024-02-10 13:45:00+05:30,375.0,35.5,39.0,2024,2
2024-02-10 14:00:00+05:30,360.0,35.0,40.0,2024,2
2024-02-10 14:15:00+05:30,370.0,35.0,41.0,2024,2
2024-02-10 14:30:00+05:30,372.0,35.0,41.0,2024,2
2024-02-10 14:45:00+05:30,371.0,35.0,40.0,2024,2
2024-02-10 15:00:00+05:30,370.0,35.0,41.0,2024,2
2024-02-10 15:15:00+05:30,370.0,35.0,42.0,2024,2
2024-02-10 15:30:00+05:30,369.0,34.0,43.0,2024,2
2024-02-10 15:45:00+05:30,374.0,35.0,43.0,2024,2
2024-02-10 16:00:00+05:30,369.0,33.0,44.0,2024,2
2024-02-10 16:15:00+05:30,369.0,33.0,44.0,2024,2
2024-02-10 16:30:00+05:30,370.0,33.0,45.0,2024,2
2024-02-10 16:45:00+05:30,364.0,32.0,46.0,2024,2
2024-02-10 17:00:00+05:30,365.0,32.0,46.0,2024,2
2024-02-10 17:15:00+05:30,370.0,32.0,45.0,2024,2
2024-02-10 17:30:00+05:30,366.0,31.0,47.0,2024,2
2024-02-10 17:45:00+05:30,365.0,30.0,48.0,2024,2
2024-02-10 18:00:00+05:30,364.0,30.0,50.0,2024,2
2024-02-10 18:15:00+05:30,365.0,29.0,51.0,2024,2
2024-02-10 18:30:00+05:30,366.0,28.0,53.0,2024,2
2024-02-10 18:45:00+05:30,364.0,28.0,54.0,2024,2
2024-02-10 19:00:00+05:30,360.0,28.0,56.0,2024,2
2024-02-10 19:15:00+05:30,356.0,27.0,58.0,2024,2
2024-02-10 19:30:00+05:30,352.0,27.0,59.0,2024,2
2024-02-10 19:45:00+05:30,351.0,27.0,61.0,2024,2
2024-02-10 20:00:00+05:30,347.0,27.0,62.0,2024,2
2024-02-10 20:15:00+05:30,341.0,27.0,63.0,2024,2
2024-02-10 20:30:00+05:30,339.0,27.0,64.0,2024,2
2024-02-10 20:45:00+05:30,336.0,26.0,63.0,2024,2
2024-02-10 21:00:00+05:30,332.0,26.0,63.0,2024,2
2024-02-10 21:15:00+05:30,328.0,26.0,63.0,2024,2
2024-02-10 21:30:00+05:30,321.0,26.0,64.0,2024,2
2024-02-10 21:45:00+05:30,318.0,26.0,64.0,2024,2
2024-02-10 22:00:00+05:30,317.0,26.0,64.0,2024,2
2024-02-10 22:15:00+05:30,312.0,26.0,64.0,2024,2
2024-02-10 22:30:00+05:30,305.0,26.0,64.0,2024,2
2024-02-10 22:45:00+05:30,300.0,26.0,64.0,2024,2
2024-02-10 23:00:00+05:30,296.0,26.0,65.0,2024,2
2024-02-10 23:15:00+05:30,293.0,25.0,66.0,2024,2
2024-02-10 23:30:00+05:30,290.0,25.0,66.0,2024,2
2024-02-10 23:45:00+05:30,285.0,25.0,67.0,2024,2
2024-02-11 00:00:00+05:30,277.0,24.0,53.0,2024,2
2024-02-11 00:15:00+05:30,274.0,24.0,53.0,2024,2
2024-02-11 00:30:00+05:30,269.0,24.0,53.0,2024,2
2024-02-11 00:45:00+05:30,265.0,24.0,54.0,2024,2
2024-02-11 01:00:00+05:30,264.0,24.0,53.0,2024,2
2024-02-11 01:15:00+05:30,258.0,24.0,54.0,2024,2
2024-02-11 01:30:00+05:30,257.0,24.0,54.0,2024,2
2024-02-11 01:45:00+05:30,255.0,23.0,55.0,2024,2
2024-02-11 02:00:00+05:30,254.0,23.0,55.0,2024,2
2024-02-11 02:15:00+05:30,253.0,23.0,55.0,2024,2
2024-02-11 02:30:00+05:30,251.0,23.0,55.0,2024,2
2024-02-11 02:45:00+05:30,251.0,23.0,55.0,2024,2
2024-02-11 03:00:00+05:30,250.0,23.0,55.0,2024,2
2024-02-11 03:15:00+05:30,242.0,23.0,55.0,2024,2
2024-02-11 03:30:00+05:30,241.0,23.0,56.0,2024,2
2024-02-11 03:45:00+05:30,239.0,23.0,56.0,2024,2
2024-02-11 04:00:00+05:30,236.0,23.0,57.0,2024,2
2024-02-11 04:15:00+05:30,239.0,23.0,57.0,2024,2
2024-02-11 04:30:00+05:30,239.0,23.0,57.0,2024,2
2024-02-11 04:45:00+05:30,240.0,22.0,57.0,2024,2
2024-02-11 05:00:00+05:30,242.0,22.0,57.0,2024,2
2024-02-11 05:15:00+05:30,244.0,22.0,58.0,2024,2
2024-02-11 05:30:00+05:30,246.0,22.0,59.0,2024,2
2024-02-11 05:45:00+05:30,246.0,22.0,61.0,2024,2
2024-02-11 06:00:00+05:30,248.0,22.0,61.0,2024,2
2024-02-11 06:15:00+05:30,252.0,22.0,62.0,2024,2
2024-02-11 06:30:00+05:30,248.0,22.0,63.0,2024,2
2024-02-11 06:45:00+05:30,251.0,22.0,63.0,2024,2
2024-02-11 07:00:00+05:30,253.0,21.0,63.0,2024,2
2024-02-11 07:15:00+05:30,260.0,21.0,63.0,2024,2
2024-02-11 07:30:00+05:30,261.0,21.0,63.0,2024,2
2024-02-11 07:45:00+05:30,264.0,22.0,62.0,2024,2
2024-02-11 08:00:00+05:30,271.0,22.0,62.0,2024,2
2024-02-11 08:15:00+05:30,277.0,22.0,61.0,2024,2
2024-02-11 08:30:00+05:30,281.0,23.0,59.0,2024,2
2024-02-11 08:45:00+05:30,282.0,24.0,56.0,2024,2
2024-02-11 09:00:00+05:30,287.0,25.0,53.0,2024,2
2024-02-11 09:15:00+05:30,289.0,26.0,49.0,2024,2
2024-02-11 09:30:00+05:30,292.0,27.0,47.0,2024,2
2024-02-11 09:45:00+05:30,299.0,27.0,45.0,2024,2
2024-02-11 10:00:00+05:30,309.0,28.0,43.0,2024,2
2024-02-11 10:15:00+05:30,315.0,29.0,41.0,2024,2
2024-02-11 10:30:00+05:30,312.0,30.0,40.0,2024,2
2024-02-11 10:45:00+05:30,319.0,31.0,39.0,2024,2
2024-02-11 11:00:00+05:30,320.0,31.0,37.0,2024,2
2024-02-11 11:15:00+05:30,320.0,32.0,36.0,2024,2
2024-02-11 11:30:00+05:30,322.0,33.0,35.0,2024,2
2024-02-11 11:45:00+05:30,325.0,33.0,34.0,2024,2
2024-02-11 12:00:00+05:30,326.0,34.0,34.0,2024,2
2024-02-11 12:15:00+05:30,324.0,34.0,36.0,2024,2
2024-02-11 12:30:00+05:30,326.0,34.0,37.0,2024,2
2024-02-11 12:45:00+05:30,324.0,34.0,37.0,2024,2
2024-02-11 13:00:00+05:30,321.0,33.0,38.0,2024,2
2024-02-11 13:15:00+05:30,321.0,33.0,38.0,2024,2
2024-02-11 13:30:00+05:30,316.0,34.0,38.0,2024,2
2024-02-11 13:45:00+05:30,318.0,34.0,38.0,2024,2
2024-02-11 14:00:00+05:30,318.0,34.0,38.0,2024,2
2024-02-11 14:15:00+05:30,318.0,34.0,38.0,2024,2
2024-02-11 14:30:00+05:30,316.0,34.0,37.0,2024,2
2024-02-11 14:45:00+05:30,318.0,34.0,36.0,2024,2
2024-02-11 15:00:00+05:30,318.0,34.0,36.0,2024,2
2024-02-11 15:15:00+05:30,316.0,34.0,35.0,2024,2
2024-02-11 15:30:00+05:30,313.0,34.0,36.0,2024,2
2024-02-11 15:45:00+05:30,312.0,34.0,38.0,2024,2
2024-02-11 16:00:00+05:30,314.0,33.0,38.0,2024,2
2024-02-11 16:15:00+05:30,311.0,32.0,38.0,2024,2
2024-02-11 16:30:00+05:30,310.0,32.0,37.0,2024,2
2024-02-11 16:45:00+05:30,310.0,31.0,37.0,2024,2
2024-02-11 17:00:00+05:30,315.0,31.0,38.0,2024,2
2024-02-11 17:15:00+05:30,313.0,31.0,38.0,2024,2
2024-02-11 17:30:00+05:30,313.0,30.0,39.0,2024,2
2024-02-11 17:45:00+05:30,315.0,29.0,40.0,2024,2
2024-02-11 18:00:00+05:30,315.0,29.0,42.0,2024,2
2024-02-11 18:15:00+05:30,317.0,28.0,43.0,2024,2
2024-02-11 18:30:00+05:30,321.0,27.0,43.0,2024,2
2024-02-11 18:45:00+05:30,324.0,27.0,45.0,2024,2
2024-02-11 19:00:00+05:30,326.0,27.0,46.0,2024,2
2024-02-11 19:15:00+05:30,327.0,26.0,46.0,2024,2
2024-02-11 19:30:00+05:30,326.0,26.0,46.0,2024,2
2024-02-11 19:45:00+05:30,320.0,26.0,46.0,2024,2
2024-02-11 20:00:00+05:30,315.0,26.0,46.0,2024,2
2024-02-11 20:15:00+05:30,314.0,26.0,47.0,2024,2
2024-02-11 20:30:00+05:30,312.0,26.0,49.0,2024,2
2024-02-11 20:45:00+05:30,309.0,25.0,51.0,2024,2
2024-02-11 21:00:00+05:30,311.0,25.0,54.0,2024,2
2024-02-11 21:15:00+05:30,310.0,25.0,55.0,2024,2
2024-02-11 21:30:00+05:30,306.0,25.0,54.0,2024,2
2024-02-11 21:45:00+05:30,301.0,25.0,54.0,2024,2
2024-02-11 22:00:00+05:30,299.0,25.0,54.0,2024,2
2024-02-11 22:15:00+05:30,293.0,24.0,53.0,2024,2
2024-02-11 22:30:00+05:30,291.0,24.0,52.0,2024,2
2024-02-11 22:45:00+05:30,287.0,24.0,53.0,2024,2
2024-02-11 23:00:00+05:30,283.0,24.0,52.0,2024,2
2024-02-11 23:15:00+05:30,277.0,24.0,51.0,2024,2
2024-02-11 23:30:00+05:30,271.0,24.0,51.0,2024,2
2024-02-11 23:45:00+05:30,267.0,23.0,52.0,2024,2
2024-02-12 00:00:00+05:30,265.0,23.0,63.0,2024,2
2024-02-12 00:15:00+05:30,262.0,23.0,64.0,2024,2
2024-02-12 00:30:00+05:30,257.0,23.0,65.0,2024,2
2024-02-12 00:45:00+05:30,259.0,23.0,65.0,2024,2
2024-02-12 01:00:00+05:30,258.0,23.0,65.0,2024,2
2024-02-12 01:15:00+05:30,250.0,23.0,66.0,2024,2
2024-02-12 01:30:00+05:30,245.0,23.0,67.0,2024,2
2024-02-12 01:45:00+05:30,248.0,22.0,68.0,2024,2
2024-02-12 02:00:00+05:30,242.0,22.0,68.0,2024,2
2024-02-12 02:15:00+05:30,242.0,22.0,69.0,2024,2
2024-02-12 02:30:00+05:30,238.0,22.0,69.0,2024,2
2024-02-12 02:45:00+05:30,234.0,22.0,69.0,2024,2
2024-02-12 03:00:00+05:30,236.0,22.0,69.0,2024,2
2024-02-12 03:15:00+05:30,234.0,22.0,69.0,2024,2
2024-02-12 03:30:00+05:30,234.0,22.0,69.0,2024,2
2024-02-12 03:45:00+05:30,234.0,22.0,70.0,2024,2
2024-02-12 04:00:00+05:30,232.0,22.0,70.0,2024,2
2024-02-12 04:15:00+05:30,233.0,22.0,69.0,2024,2
2024-02-12 04:30:00+05:30,234.0,22.0,68.0,2024,2
2024-02-12 04:45:00+05:30,235.0,22.0,68.0,2024,2
2024-02-12 05:00:00+05:30,237.0,22.0,68.0,2024,2
2024-02-12 05:15:00+05:30,240.0,22.0,68.0,2024,2
2024-02-12 05:30:00+05:30,245.0,22.0,68.0,2024,2
2024-02-12 05:45:00+05:30,250.0,22.0,68.0,2024,2
2024-02-12 06:00:00+05:30,264.0,22.0,68.0,2024,2
2024-02-12 06:15:00+05:30,270.0,22.0,68.0,2024,2
2024-02-12 06:30:00+05:30,283.0,21.0,69.0,2024,2
2024-02-12 06:45:00+05:30,293.0,21.0,69.0,2024,2
2024-02-12 07:00:00+05:30,301.0,21.0,70.0,2024,2
2024-02-12 07:15:00+05:30,316.0,21.0,70.0,2024,2
2024-02-12 07:30:00+05:30,329.0,21.0,70.0,2024,2
2024-02-12 07:45:00+05:30,343.0,22.0,71.0,2024,2
2024-02-12 08:00:00+05:30,362.0,22.0,71.0,2024,2
2024-02-12 08:15:00+05:30,372.0,22.0,70.0,2024,2
2024-02-12 08:30:00+05:30,385.0,23.0,69.0,2024,2
2024-02-12 08:45:00+05:30,400.0,24.0,65.0,2024,2
2024-02-12 09:00:00+05:30,410.0,25.0,62.0,2024,2
2024-02-12 09:15:00+05:30,419.0,25.0,60.0,2024,2
2024-02-12 09:30:00+05:30,431.0,26.0,57.0,2024,2
2024-02-12 09:45:00+05:30,441.0,27.0,54.0,2024,2
2024-02-12 10:00:00+05:30,453.0,28.0,50.0,2024,2
2024-02-12 10:15:00+05:30,462.0,28.0,49.0,2024,2
2024-02-12 10:30:00+05:30,458.0,29.0,48.0,2024,2
2024-02-12 10:45:00+05:30,459.0,30.0,46.0,2024,2
2024-02-12 11:00:00+05:30,462.0,31.0,44.0,2024,2
2024-02-12 11:15:00+05:30,456.0,31.0,43.0,2024,2
2024-02-12 11:30:00+05:30,455.0,32.0,43.0,2024,2
2024-02-12 11:45:00+05:30,456.0,33.0,43.0,2024,2
2024-02-12 12:00:00+05:30,451.0,33.0,43.0,2024,2
2024-02-12 12:15:00+05:30,446.0,33.0,41.0,2024,2
2024-02-12 12:30:00+05:30,444.0,33.0,41.0,2024,2
2024-02-12 12:45:00+05:30,450.0,33.0,42.0,2024,2
2024-02-12 13:00:00+05:30,449.0,34.0,41.0,2024,2
2024-02-12 13:15:00+05:30,448.0,34.0,40.0,2024,2
2024-02-12 13:30:00+05:30,446.0,35.0,38.0,2024,2
2024-02-12 13:45:00+05:30,445.0,35.0,37.0,2024,2
2024-02-12 14:00:00+05:30,445.0,35.0,36.0,2024,2
2024-02-12 14:15:00+05:30,448.0,35.0,35.0,2024,2
2024-02-12 14:30:00+05:30,451.0,35.0,35.0,2024,2
2024-02-12 14:45:00+05:30,452.0,36.0,36.0,2024,2
2024-02-12 15:00:00+05:30,449.0,35.0,36.0,2024,2
2024-02-12 15:15:00+05:30,448.0,35.0,36.0,2024,2
2024-02-12 15:30:00+05:30,450.0,35.0,37.0,2024,2
2024-02-12 15:45:00+05:30,454.0,35.0,35.0,2024,2
2024-02-12 16:00:00+05:30,455.0,34.0,37.0,2024,2
2024-02-12 16:15:00+05:30,453.0,34.0,39.0,2024,2
2024-02-12 16:30:00+05:30,450.0,33.0,42.0,2024,2
2024-02-12 16:45:00+05:30,448.0,32.0,44.0,2024,2
2024-02-12 17:00:00+05:30,441.0,32.0,47.0,2024,2
2024-02-12 17:15:00+05:30,437.0,31.0,48.0,2024,2
2024-02-12 17:30:00+05:30,433.0,30.0,52.0,2024,2
2024-02-12 17:45:00+05:30,424.0,29.0,55.0,2024,2
2024-02-12 18:00:00+05:30,425.0,29.0,58.0,2024,2
2024-02-12 18:15:00+05:30,418.0,28.0,60.0,2024,2
2024-02-12 18:30:00+05:30,418.0,28.0,62.0,2024,2
2024-02-12 18:45:00+05:30,413.0,27.0,62.0,2024,2
2024-02-12 19:00:00+05:30,404.0,27.0,63.0,2024,2
2024-02-12 19:15:00+05:30,398.0,27.0,64.0,2024,2
2024-02-12 19:30:00+05:30,390.0,26.0,64.0,2024,2
2024-02-12 19:45:00+05:30,386.0,26.0,64.0,2024,2
2024-02-12 20:00:00+05:30,377.0,26.0,64.0,2024,2
2024-02-12 20:15:00+05:30,372.0,26.0,63.0,2024,2
2024-02-12 20:30:00+05:30,363.0,26.0,63.0,2024,2
2024-02-12 20:45:00+05:30,355.0,26.0,63.0,2024,2
2024-02-12 21:00:00+05:30,350.0,26.0,64.0,2024,2
2024-02-12 21:15:00+05:30,342.0,26.0,64.0,2024,2
2024-02-12 21:30:00+05:30,337.0,25.0,64.0,2024,2
2024-02-12 21:45:00+05:30,333.0,25.0,64.0,2024,2
2024-02-12 22:00:00+05:30,324.0,25.0,64.0,2024,2
2024-02-12 22:15:00+05:30,319.0,25.0,63.0,2024,2
2024-02-12 22:30:00+05:30,311.0,25.0,63.0,2024,2
2024-02-12 22:45:00+05:30,303.0,25.0,63.0,2024,2
2024-02-12 23:00:00+05:30,302.0,25.0,62.0,2024,2
2024-02-12 23:15:00+05:30,298.0,24.0,63.0,2024,2
2024-02-12 23:30:00+05:30,293.0,24.0,63.0,2024,2
2024-02-12 23:45:00+05:30,288.0,24.0,63.0,2024,2
2024-02-13 00:00:00+05:30,284.0,24.0,63.0,2024,2
2024-02-13 00:15:00+05:30,272.0,24.0,63.0,2024,2
2024-02-13 00:30:00+05:30,272.0,24.0,63.0,2024,2
2024-02-13 00:45:00+05:30,269.0,24.0,63.0,2024,2
2024-02-13 01:00:00+05:30,265.0,24.0,63.0,2024,2
2024-02-13 01:15:00+05:30,263.0,23.0,64.0,2024,2
2024-02-13 01:30:00+05:30,261.0,23.0,64.0,2024,2
2024-02-13 01:45:00+05:30,259.0,23.0,64.0,2024,2
2024-02-13 02:00:00+05:30,257.0,23.0,64.0,2024,2
2024-02-13 02:15:00+05:30,252.0,23.0,64.0,2024,2
2024-02-13 02:30:00+05:30,252.0,23.0,64.0,2024,2
2024-02-13 02:45:00+05:30,250.0,23.0,64.0,2024,2
2024-02-13 03:00:00+05:30,249.0,23.0,64.0,2024,2
2024-02-13 03:15:00+05:30,246.0,23.0,65.0,2024,2
2024-02-13 03:30:00+05:30,245.0,23.0,65.0,2024,2
2024-02-13 03:45:00+05:30,243.0,22.0,64.0,2024,2
2024-02-13 04:00:00+05:30,242.0,22.0,63.0,2024,2
2024-02-13 04:15:00+05:30,243.0,22.0,63.0,2024,2
2024-02-13 04:30:00+05:30,246.0,22.0,62.0,2024,2
2024-02-13 04:45:00+05:30,249.0,22.0,63.0,2024,2
2024-02-13 05:00:00+05:30,247.0,22.0,64.0,2024,2
2024-02-13 05:15:00+05:30,250.0,22.0,65.0,2024,2
2024-02-13 05:30:00+05:30,251.0,22.0,65.0,2024,2
2024-02-13 05:45:00+05:30,259.0,22.0,64.0,2024,2
2024-02-13 06:00:00+05:30,269.0,22.0,63.0,2024,2
2024-02-13 06:15:00+05:30,279.0,22.0,63.0,2024,2
2024-02-13 06:30:00+05:30,290.0,22.0,63.0,2024,2
2024-02-13 06:45:00+05:30,298.0,22.0,63.0,2024,2
2024-02-13 07:00:00+05:30,306.0,22.0,63.0,2024,2
2024-02-13 07:15:00+05:30,316.0,22.0,63.0,2024,2
2024-02-13 07:30:00+05:30,326.0,22.0,64.0,2024,2
2024-02-13 07:45:00+05:30,339.0,22.0,63.0,2024,2
2024-02-13 08:00:00+05:30,355.0,22.0,63.0,2024,2
2024-02-13 08:15:00+05:30,367.0,23.0,63.0,2024,2
2024-02-13 08:30:00+05:30,380.0,23.0,60.0,2024,2
2024-02-13 08:45:00+05:30,394.0,24.0,57.0,2024,2
2024-02-13 09:00:00+05:30,404.0,25.0,55.0,2024,2
2024-02-13 09:15:00+05:30,413.0,25.0,52.0,2024,2
2024-02-13 09:30:00+05:30,421.0,26.0,47.0,2024,2
2024-02-13 09:45:00+05:30,428.0,27.0,43.0,2024,2
2024-02-13 10:00:00+05:30,437.0,28.0,41.0,2024,2
2024-02-13 10:15:00+05:30,445.0,29.0,37.0,2024,2
2024-02-13 10:30:00+05:30,442.0,30.0,36.0,2024,2
2024-02-13 10:45:00+05:30,445.0,31.0,35.0,2024,2
2024-02-13 11:00:00+05:30,442.0,31.0,32.0,2024,2
2024-02-13 11:15:00+05:30,445.0,32.0,31.0,2024,2
2024-02-13 11:30:00+05:30,444.0,33.0,29.0,2024,2
2024-02-13 11:45:00+05:30,440.0,34.0,28.0,2024,2
2024-02-13 12:00:00+05:30,436.0,35.0,26.0,2024,2
2024-02-13 12:15:00+05:30,436.0,35.0,25.0,2024,2
2024-02-13 12:30:00+05:30,434.0,35.0,24.0,2024,2
2024-02-13 12:45:00+05:30,433.0,35.0,28.0,2024,2
2024-02-13 13:00:00+05:30,434.0,35.0,30.0,2024,2
2024-02-13 13:15:00+05:30,433.0,35.0,31.0,2024,2
2024-02-13 13:30:00+05:30,434.0,35.0,33.0,2024,2
2024-02-13 13:45:00+05:30,435.0,35.0,33.0,2024,2
2024-02-13 14:00:00+05:30,436.0,35.0,33.0,2024,2
2024-02-13 14:15:00+05:30,440.0,35.0,35.0,2024,2
2024-02-13 14:30:00+05:30,438.0,34.0,36.0,2024,2
2024-02-13 14:45:00+05:30,437.0,34.0,37.0,2024,2
2024-02-13 15:00:00+05:30,439.0,33.0,39.0,2024,2
2024-02-13 15:15:00+05:30,441.0,33.0,40.0,2024,2
2024-02-13 15:30:00+05:30,437.0,32.0,42.0,2024,2
2024-02-13 15:45:00+05:30,433.0,32.0,43.0,2024,2
2024-02-13 16:00:00+05:30,433.0,32.0,42.0,2024,2
2024-02-13 16:15:00+05:30,437.0,32.0,41.0,2024,2
2024-02-13 16:30:00+05:30,436.0,31.0,41.0,2024,2
2024-02-13 16:45:00+05:30,435.0,31.0,42.0,2024,2
2024-02-13 17:00:00+05:30,432.0,30.0,42.0,2024,2
2024-02-13 17:15:00+05:30,430.0,30.0,42.0,2024,2
2024-02-13 17:30:00+05:30,423.0,30.0,44.0,2024,2
2024-02-13 17:45:00+05:30,416.0,29.0,44.0,2024,2
2024-02-13 18:00:00+05:30,413.0,29.0,45.0,2024,2
2024-02-13 18:15:00+05:30,412.0,28.0,47.0,2024,2
2024-02-13 18:30:00+05:30,411.0,28.0,47.0,2024,2
2024-02-13 18:45:00+05:30,407.0,27.0,49.0,2024,2
2024-02-13 19:00:00+05:30,401.0,27.0,51.0,2024,2
2024-02-13 19:15:00+05:30,393.0,27.0,52.0,2024,2
2024-02-13 19:30:00+05:30,388.0,27.0,53.0,2024,2
2024-02-13 19:45:00+05:30,381.0,26.0,54.0,2024,2
2024-02-13 20:00:00+05:30,373.0,26.0,54.0,2024,2
2024-02-13 20:15:00+05:30,365.0,26.0,54.0,2024,2
2024-02-13 20:30:00+05:30,360.0,26.0,54.0,2024,2
2024-02-13 20:45:00+05:30,355.0,26.0,54.0,2024,2
2024-02-13 21:00:00+05:30,350.0,26.0,53.0,2024,2
2024-02-13 21:15:00+05:30,342.0,26.0,53.0,2024,2
2024-02-13 21:30:00+05:30,338.0,26.0,53.0,2024,2
2024-02-13 21:45:00+05:30,331.0,25.0,53.0,2024,2
2024-02-13 22:00:00+05:30,321.0,25.0,51.0,2024,2
2024-02-13 22:15:00+05:30,314.0,25.0,50.0,2024,2
2024-02-13 22:30:00+05:30,307.0,25.0,49.0,2024,2
2024-02-13 22:45:00+05:30,300.0,25.0,48.0,2024,2
2024-02-13 23:00:00+05:30,296.0,25.0,48.0,2024,2
2024-02-13 23:15:00+05:30,291.0,25.0,48.0,2024,2
2024-02-13 23:30:00+05:30,286.0,25.0,48.0,2024,2
2024-02-13 23:45:00+05:30,282.0,25.0,48.0,2024,2
2024-02-14 00:00:00+05:30,277.0,24.0,48.0,2024,2
2024-02-14 00:15:00+05:30,272.0,24.0,48.0,2024,2
2024-02-14 00:30:00+05:30,268.0,24.0,48.0,2024,2
2024-02-14 00:45:00+05:30,265.0,24.0,49.0,2024,2
2024-02-14 01:00:00+05:30,259.0,24.0,49.0,2024,2
2024-02-14 01:15:00+05:30,257.0,24.0,50.0,2024,2
2024-02-14 01:30:00+05:30,254.0,24.0,50.0,2024,2
2024-02-14 01:45:00+05:30,251.0,24.0,51.0,2024,2
2024-02-14 02:00:00+05:30,248.0,24.0,51.0,2024,2
2024-02-14 02:15:00+05:30,246.0,24.0,51.0,2024,2
2024-02-14 02:30:00+05:30,244.0,23.0,51.0,2024,2
2024-02-14 02:45:00+05:30,244.0,23.0,52.0,2024,2
2024-02-14 03:00:00+05:30,243.0,23.0,52.0,2024,2
2024-02-14 03:15:00+05:30,243.0,23.0,52.0,2024,2
2024-02-14 03:30:00+05:30,242.0,23.0,53.0,2024,2
2024-02-14 03:45:00+05:30,240.0,23.0,54.0,2024,2
2024-02-14 04:00:00+05:30,239.0,23.0,55.0,2024,2
2024-02-14 04:15:00+05:30,239.0,23.0,56.0,2024,2
2024-02-14 04:30:00+05:30,243.0,23.0,56.0,2024,2
2024-02-14 04:45:00+05:30,244.0,23.0,57.0,2024,2
2024-02-14 05:00:00+05:30,247.0,23.0,57.0,2024,2
2024-02-14 05:15:00+05:30,249.0,23.0,56.0,2024,2
2024-02-14 05:30:00+05:30,253.0,23.0,56.0,2024,2
2024-02-14 05:45:00+05:30,255.0,23.0,56.0,2024,2
2024-02-14 06:00:00+05:30,268.0,23.0,58.0,2024,2
2024-02-14 06:15:00+05:30,286.0,23.0,58.0,2024,2
2024-02-14 06:30:00+05:30,293.0,23.0,57.0,2024,2
2024-02-14 06:45:00+05:30,301.0,23.0,57.0,2024,2
2024-02-14 07:00:00+05:30,310.0,23.0,58.0,2024,2
2024-02-14 07:15:00+05:30,316.0,23.0,58.0,2024,2
2024-02-14 07:30:00+05:30,329.0,23.0,58.0,2024,2
2024-02-14 07:45:00+05:30,342.0,23.0,57.0,2024,2
2024-02-14 08:00:00+05:30,358.0,23.0,56.0,2024,2
2024-02-14 08:15:00+05:30,374.0,24.0,56.0,2024,2
2024-02-14 08:30:00+05:30,388.0,24.0,55.0,2024,2
2024-02-14 08:45:00+05:30,401.0,25.0,54.0,2024,2
2024-02-14 09:00:00+05:30,411.0,26.0,52.0,2024,2
2024-02-14 09:15:00+05:30,420.0,26.0,50.0,2024,2
2024-02-14 09:30:00+05:30,429.0,27.0,48.0,2024,2
2024-02-14 09:45:00+05:30,432.0,27.0,46.0,2024,2
2024-02-14 10:00:00+05:30,445.0,27.0,43.0,2024,2
2024-02-14 10:15:00+05:30,452.0,28.0,40.0,2024,2
2024-02-14 10:30:00+05:30,449.0,29.0,37.0,2024,2
2024-02-14 10:45:00+05:30,449.0,31.0,34.0,2024,2
2024-02-14 11:00:00+05:30,445.0,32.0,32.0,2024,2
2024-02-14 11:15:00+05:30,442.0,33.0,31.0,2024,2
2024-02-14 11:30:00+05:30,443.0,33.0,31.0,2024,2
2024-02-14 11:45:00+05:30,442.0,34.0,30.0,2024,2
2024-02-14 12:00:00+05:30,445.0,34.0,32.0,2024,2
2024-02-14 12:15:00+05:30,445.0,34.0,32.0,2024,2
2024-02-14 12:30:00+05:30,444.0,34.0,31.0,2024,2
2024-02-14 12:45:00+05:30,442.0,35.0,30.0,2024,2
2024-02-14 13:00:00+05:30,436.0,35.0,30.0,2024,2
2024-02-14 13:15:00+05:30,432.0,35.0,29.0,2024,2
2024-02-14 13:30:00+05:30,431.0,35.0,33.0,2024,2
2024-02-14 13:45:00+05:30,440.0,35.0,34.0,2024,2
2024-02-14 14:00:00+05:30,440.0,35.0,37.0,2024,2
2024-02-14 14:15:00+05:30,445.0,35.0,37.0,2024,2
2024-02-14 14:30:00+05:30,449.0,35.0,38.0,2024,2
2024-02-14 14:45:00+05:30,448.0,34.0,40.0,2024,2
2024-02-14 15:00:00+05:30,452.0,34.0,40.0,2024,2
2024-02-14 15:15:00+05:30,452.0,34.0,40.0,2024,2
2024-02-14 15:30:00+05:30,454.0,34.0,40.0,2024,2
2024-02-14 15:45:00+05:30,454.0,34.0,40.0,2024,2
2024-02-14 16:00:00+05:30,453.0,33.0,42.0,2024,2
2024-02-14 16:15:00+05:30,450.0,32.0,43.0,2024,2
2024-02-14 16:30:00+05:30,448.0,32.0,43.0,2024,2
2024-02-14 16:45:00+05:30,446.0,32.0,43.0,2024,2
2024-02-14 17:00:00+05:30,445.0,32.0,43.0,2024,2
2024-02-14 17:15:00+05:30,443.0,32.0,42.0,2024,2
2024-02-14 17:30:00+05:30,437.0,31.0,44.0,2024,2
2024-02-14 17:45:00+05:30,431.0,30.0,45.0,2024,2
2024-02-14 18:00:00+05:30,424.0,29.0,47.0,2024,2
2024-02-14 18:15:00+05:30,419.0,29.0,50.0,2024,2
2024-02-14 18:30:00+05:30,417.0,28.0,52.0,2024,2
2024-02-14 18:45:00+05:30,413.0,27.0,53.0,2024,2
2024-02-14 19:00:00+05:30,408.0,27.0,55.0,2024,2
2024-02-14 19:15:00+05:30,400.0,27.0,56.0,2024,2
2024-02-14 19:30:00+05:30,390.0,27.0,56.0,2024,2
2024-02-14 19:45:00+05:30,385.0,26.0,57.0,2024,2
2024-02-14 20:00:00+05:30,373.0,26.0,57.0,2024,2
2024-02-14 20:15:00+05:30,368.0,26.0,56.0,2024,2
2024-02-14 20:30:00+05:30,364.0,26.0,56.0,2024,2
2024-02-14 20:45:00+05:30,361.0,26.0,55.0,2024,2
2024-02-14 21:00:00+05:30,349.0,26.0,54.0,2024,2
2024-02-14 21:15:00+05:30,346.0,26.0,53.0,2024,2
2024-02-14 21:30:00+05:30,340.0,26.0,53.0,2024,2
2024-02-14 21:45:00+05:30,334.0,26.0,52.0,2024,2
2024-02-14 22:00:00+05:30,327.0,26.0,50.0,2024,2
2024-02-14 22:15:00+05:30,325.0,26.0,51.0,2024,2
2024-02-14 22:30:00+05:30,318.0,25.0,52.0,2024,2
2024-02-14 22:45:00+05:30,313.0,25.0,52.0,2024,2
2024-02-14 23:00:00+05:30,308.0,25.0,53.0,2024,2
2024-02-14 23:15:00+05:30,304.0,25.0,52.0,2024,2
2024-02-14 23:30:00+05:30,294.0,25.0,52.0,2024,2
2024-02-14 23:45:00+05:30,290.0,25.0,52.0,2024,2
2024-02-15 00:00:00+05:30,288.0,25.0,52.0,2024,2
2024-02-15 00:15:00+05:30,283.0,25.0,52.0,2024,2
2024-02-15 00:30:00+05:30,279.0,25.0,52.0,2024,2
2024-02-15 00:45:00+05:30,276.0,25.0,52.0,2024,2
2024-02-15 01:00:00+05:30,272.0,25.0,52.0,2024,2
2024-02-15 01:15:00+05:30,270.0,25.0,52.0,2024,2
2024-02-15 01:30:00+05:30,267.0,24.0,53.0,2024,2
2024-02-15 01:45:00+05:30,265.0,24.0,53.0,2024,2
2024-02-15 02:00:00+05:30,263.0,24.0,53.0,2024,2
2024-02-15 02:15:00+05:30,258.0,24.0,53.0,2024,2
2024-02-15 02:30:00+05:30,258.0,24.0,53.0,2024,2
2024-02-15 02:45:00+05:30,256.0,24.0,53.0,2024,2
2024-02-15 03:00:00+05:30,253.0,24.0,53.0,2024,2
2024-02-15 03:15:00+05:30,252.0,24.0,53.0,2024,2
2024-02-15 03:30:00+05:30,251.0,24.0,54.0,2024,2
2024-02-15 03:45:00+05:30,249.0,24.0,54.0,2024,2
2024-02-15 04:00:00+05:30,248.0,24.0,54.0,2024,2
2024-02-15 04:15:00+05:30,248.0,24.0,54.0,2024,2
2024-02-15 04:30:00+05:30,250.0,24.0,54.0,2024,2
2024-02-15 04:45:00+05:30,251.0,24.0,54.0,2024,2
2024-02-15 05:00:00+05:30,251.0,24.0,54.0,2024,2
2024-02-15 05:15:00+05:30,255.0,24.0,54.0,2024,2
2024-02-15 05:30:00+05:30,258.0,24.0,54.0,2024,2
2024-02-15 05:45:00+05:30,262.0,24.0,54.0,2024,2
2024-02-15 06:00:00+05:30,273.0,23.0,54.0,2024,2
2024-02-15 06:15:00+05:30,281.0,23.0,54.0,2024,2
2024-02-15 06:30:00+05:30,291.0,23.0,54.0,2024,2
2024-02-15 06:45:00+05:30,299.0,23.0,54.0,2024,2
2024-02-15 07:00:00+05:30,308.0,23.0,54.0,2024,2
2024-02-15 07:15:00+05:30,322.0,23.0,54.0,2024,2
2024-02-15 07:30:00+05:30,331.0,23.0,54.0,2024,2
2024-02-15 07:45:00+05:30,342.0,23.0,54.0,2024,2
2024-02-15 08:00:00+05:30,360.0,23.0,54.0,2024,2
2024-02-15 08:15:00+05:30,373.0,23.0,54.0,2024,2
2024-02-15 08:30:00+05:30,387.0,23.0,54.0,2024,2
2024-02-15 08:45:00+05:30,401.0,23.0,54.0,2024,2
2024-02-15 09:00:00+05:30,410.0,23.0,55.0,2024,2
2024-02-15 09:15:00+05:30,420.0,23.0,55.0,2024,2
2024-02-15 09:30:00+05:30,428.0,23.0,54.0,2024,2
2024-02-15 09:45:00+05:30,435.0,23.0,54.0,2024,2
2024-02-15 10:00:00+05:30,451.0,23.0,54.0,2024,2
2024-02-15 10:15:00+05:30,455.0,23.0,54.0,2024,2
2024-02-15 10:30:00+05:30,451.0,23.0,54.0,2024,2
2024-02-15 10:45:00+05:30,458.0,23.0,54.0,2024,2
2024-02-15 11:00:00+05:30,458.0,22.0,54.0,2024,2
2024-02-15 11:15:00+05:30,457.0,22.0,54.0,2024,2
2024-02-15 11:30:00+05:30,458.0,22.0,55.0,2024,2
2024-02-15 11:45:00+05:30,456.0,22.0,55.0,2024,2
2024-02-15 12:00:00+05:30,455.0,22.0,55.0,2024,2
2024-02-15 12:15:00+05:30,452.0,22.0,55.0,2024,2
2024-02-15 12:30:00+05:30,453.0,22.0,56.0,2024,2
2024-02-15 12:45:00+05:30,456.0,22.0,56.0,2024,2
2024-02-15 13:00:00+05:30,455.0,22.0,57.0,2024,2
2024-02-15 13:15:00+05:30,449.0,22.0,57.0,2024,2
2024-02-15 13:30:00+05:30,448.0,22.0,56.0,2024,2
2024-02-15 13:45:00+05:30,447.0,22.0,56.0,2024,2
2024-02-15 14:00:00+05:30,449.0,22.0,57.0,2024,2
2024-02-15 14:15:00+05:30,451.0,22.0,57.0,2024,2
2024-02-15 14:30:00+05:30,455.0,22.0,57.0,2024,2
2024-02-15 14:45:00+05:30,456.0,22.0,57.0,2024,2
2024-02-15 15:00:00+05:30,461.0,22.0,57.0,2024,2
2024-02-15 15:15:00+05:30,463.0,22.0,57.0,2024,2
2024-02-15 15:30:00+05:30,458.0,22.0,58.0,2024,2
2024-02-15 15:45:00+05:30,456.0,22.0,58.0,2024,2
2024-02-15 16:00:00+05:30,452.0,22.0,57.0,2024,2
2024-02-15 16:15:00+05:30,452.0,22.0,57.0,2024,2
2024-02-15 16:30:00+05:30,452.0,23.0,55.0,2024,2
2024-02-15 16:45:00+05:30,448.0,23.0,55.0,2024,2
2024-02-15 17:00:00+05:30,448.0,24.0,53.0,2024,2
2024-02-15 17:15:00+05:30,446.0,24.0,53.0,2024,2
2024-02-15 17:30:00+05:30,439.0,25.0,52.0,2024,2
2024-02-15 17:45:00+05:30,433.0,25.0,52.0,2024,2
2024-02-15 18:00:00+05:30,427.0,25.0,50.0,2024,2
2024-02-15 18:15:00+05:30,424.0,25.0,50.0,2024,2
2024-02-15 18:30:00+05:30,425.0,26.0,47.0,2024,2
2024-02-15 18:45:00+05:30,423.0,26.0,47.0,2024,2
2024-02-15 19:00:00+05:30,414.0,27.0,44.0,2024,2
2024-02-15 19:15:00+05:30,405.0,27.0,44.0,2024,2
2024-02-15 19:30:00+05:30,399.0,28.0,43.0,2024,2
2024-02-15 19:45:00+05:30,392.0,28.0,43.0,2024,2
2024-02-15 20:00:00+05:30,382.0,29.0,41.0,2024,2
2024-02-15 20:15:00+05:30,380.0,29.0,41.0,2024,2
2024-02-15 20:30:00+05:30,373.0,29.0,40.0,2024,2
2024-02-15 20:45:00+05:30,366.0,29.0,40.0,2024,2
2024-02-15 21:00:00+05:30,362.0,30.0,38.0,2024,2
2024-02-15 21:15:00+05:30,356.0,30.0,38.0,2024,2
2024-02-15 21:30:00+05:30,348.0,31.0,37.0,2024,2
2024-02-15 21:45:00+05:30,345.0,31.0,37.0,2024,2
2024-02-15 22:00:00+05:30,342.0,32.0,37.0,2024,2
2024-02-15 22:15:00+05:30,337.0,32.0,37.0,2024,2
2024-02-15 22:30:00+05:30,332.0,33.0,36.0,2024,2
2024-02-15 22:45:00+05:30,329.0,33.0,36.0,2024,2
2024-02-15 23:00:00+05:30,321.0,33.0,37.0,2024,2
2024-02-15 23:15:00+05:30,312.0,33.0,37.0,2024,2
2024-02-15 23:30:00+05:30,305.0,34.0,37.0,2024,2
2024-02-15 23:45:00+05:30,301.0,34.0,37.0,2024,2
2024-02-16 00:00:00+05:30,295.0,25.0,71.0,2024,2
2024-02-16 00:15:00+05:30,293.0,25.0,71.0,2024,2
2024-02-16 00:30:00+05:30,287.0,25.0,71.0,2024,2
2024-02-16 00:45:00+05:30,284.0,25.0,72.0,2024,2
2024-02-16 01:00:00+05:30,278.0,25.0,73.0,2024,2
2024-02-16 01:15:00+05:30,274.0,25.0,73.0,2024,2
2024-02-16 01:30:00+05:30,272.0,25.0,73.0,2024,2
2024-02-16 01:45:00+05:30,274.0,25.0,73.0,2024,2
2024-02-16 02:00:00+05:30,269.0,25.0,74.0,2024,2
2024-02-16 02:15:00+05:30,265.0,25.0,74.0,2024,2
2024-02-16 02:30:00+05:30,263.0,25.0,74.0,2024,2
2024-02-16 02:45:00+05:30,261.0,24.0,75.0,2024,2
2024-02-16 03:00:00+05:30,263.0,24.0,75.0,2024,2
2024-02-16 03:15:00+05:30,262.0,24.0,75.0,2024,2
2024-02-16 03:30:00+05:30,259.0,24.0,75.0,2024,2
2024-02-16 03:45:00+05:30,258.0,24.0,76.0,2024,2
2024-02-16 04:00:00+05:30,257.0,24.0,76.0,2024,2
2024-02-16 04:15:00+05:30,258.0,24.0,76.0,2024,2
2024-02-16 04:30:00+05:30,260.0,24.0,77.0,2024,2
2024-02-16 04:45:00+05:30,262.0,24.0,77.0,2024,2
2024-02-16 05:00:00+05:30,265.0,24.0,77.0,2024,2
2024-02-16 05:15:00+05:30,267.0,24.0,77.0,2024,2
2024-02-16 05:30:00+05:30,267.0,24.0,77.0,2024,2
2024-02-16 05:45:00+05:30,273.0,24.0,77.0,2024,2
2024-02-16 06:00:00+05:30,281.0,24.0,76.0,2024,2
2024-02-16 06:15:00+05:30,292.0,24.0,77.0,2024,2
2024-02-16 06:30:00+05:30,302.0,24.0,76.0,2024,2
2024-02-16 06:45:00+05:30,311.0,24.0,76.0,2024,2
2024-02-16 07:00:00+05:30,320.0,24.0,76.0,2024,2
2024-02-16 07:15:00+05:30,333.0,24.0,75.0,2024,2
2024-02-16 07:30:00+05:30,343.0,24.0,74.0,2024,2
2024-02-16 07:45:00+05:30,359.0,24.0,73.0,2024,2
2024-02-16 08:00:00+05:30,375.0,24.0,72.0,2024,2
2024-02-16 08:15:00+05:30,390.0,25.0,71.0,2024,2
2024-02-16 08:30:00+05:30,405.0,25.0,70.0,2024,2
2024-02-16 08:45:00+05:30,419.0,26.0,67.0,2024,2
2024-02-16 09:00:00+05:30,429.0,27.0,65.0,2024,2
2024-02-16 09:15:00+05:30,440.0,27.0,63.0,2024,2
2024-02-16 09:30:00+05:30,450.0,28.0,61.0,2024,2
2024-02-16 09:45:00+05:30,458.0,29.0,54.0,2024,2
2024-02-16 10:00:00+05:30,474.0,30.0,51.0,2024,2
2024-02-16 10:15:00+05:30,483.0,31.0,47.0,2024,2
2024-02-16 10:30:00+05:30,479.0,33.0,43.0,2024,2
2024-02-16 10:45:00+05:30,485.0,34.0,40.0,2024,2
2024-02-16 11:00:00+05:30,484.0,35.0,39.0,2024,2
2024-02-16 11:15:00+05:30,489.0,36.0,36.0,2024,2
2024-02-16 11:30:00+05:30,486.0,36.0,39.0,2024,2
2024-02-16 11:45:00+05:30,484.0,37.0,38.0,2024,2
2024-02-16 12:00:00+05:30,485.0,37.0,40.0,2024,2
2024-02-16 12:15:00+05:30,485.0,37.0,41.0,2024,2
2024-02-16 12:30:00+05:30,485.0,37.0,40.0,2024,2
2024-02-16 12:45:00+05:30,484.0,37.0,41.0,2024,2
2024-02-16 13:00:00+05:30,483.0,37.0,42.0,2024,2
2024-02-16 13:15:00+05:30,478.0,37.0,42.0,2024,2
2024-02-16 13:30:00+05:30,478.0,37.0,43.0,2024,2
2024-02-16 13:45:00+05:30,480.0,37.0,45.0,2024,2
2024-02-16 14:00:00+05:30,481.0,37.0,46.0,2024,2
2024-02-16 14:15:00+05:30,482.0,37.0,46.0,2024,2
2024-02-16 14:30:00+05:30,484.0,36.0,46.0,2024,2
2024-02-16 14:45:00+05:30,484.0,36.0,45.0,2024,2
2024-02-16 15:00:00+05:30,483.0,36.0,45.0,2024,2
2024-02-16 15:15:00+05:30,484.0,36.0,46.0,2024,2
2024-02-16 15:30:00+05:30,482.0,36.0,46.0,2024,2
2024-02-16 15:45:00+05:30,481.0,36.0,45.0,2024,2
2024-02-16 16:00:00+05:30,481.0,36.0,43.0,2024,2
2024-02-16 16:15:00+05:30,481.0,35.0,44.0,2024,2
2024-02-16 16:30:00+05:30,481.0,35.0,44.0,2024,2
2024-02-16 16:45:00+05:30,472.0,34.0,45.0,2024,2
2024-02-16 17:00:00+05:30,468.0,34.0,44.0,2024,2
2024-02-16 17:15:00+05:30,467.0,34.0,43.0,2024,2
2024-02-16 17:30:00+05:30,458.0,33.0,45.0,2024,2
2024-02-16 17:45:00+05:30,454.0,32.0,46.0,2024,2
2024-02-16 18:00:00+05:30,448.0,32.0,48.0,2024,2
2024-02-16 18:15:00+05:30,442.0,31.0,50.0,2024,2
2024-02-16 18:30:00+05:30,441.0,30.0,52.0,2024,2
2024-02-16 18:45:00+05:30,436.0,30.0,54.0,2024,2
2024-02-16 19:00:00+05:30,432.0,29.0,54.0,2024,2
2024-02-16 19:15:00+05:30,424.0,29.0,55.0,2024,2
2024-02-16 19:30:00+05:30,415.0,29.0,55.0,2024,2
2024-02-16 19:45:00+05:30,403.0,29.0,55.0,2024,2
2024-02-16 20:00:00+05:30,396.0,28.0,55.0,2024,2
2024-02-16 20:15:00+05:30,391.0,28.0,55.0,2024,2
2024-02-16 20:30:00+05:30,386.0,28.0,56.0,2024,2
2024-02-16 20:45:00+05:30,379.0,28.0,56.0,2024,2
2024-02-16 21:00:00+05:30,373.0,28.0,57.0,2024,2
2024-02-16 21:15:00+05:30,365.0,28.0,58.0,2024,2
2024-02-16 21:30:00+05:30,360.0,28.0,58.0,2024,2
2024-02-16 21:45:00+05:30,358.0,28.0,58.0,2024,2
2024-02-16 22:00:00+05:30,350.0,28.0,57.0,2024,2
2024-02-16 22:15:00+05:30,344.0,28.0,58.0,2024,2
2024-02-16 22:30:00+05:30,342.0,28.0,58.0,2024,2
2024-02-16 22:45:00+05:30,337.0,27.0,59.0,2024,2
2024-02-16 23:00:00+05:30,331.0,27.0,61.0,2024,2
2024-02-16 23:15:00+05:30,322.0,27.0,62.0,2024,2
2024-02-16 23:30:00+05:30,316.0,27.0,63.0,2024,2
2024-02-16 23:45:00+05:30,312.0,27.0,62.0,2024,2
2024-02-17 00:00:00+05:30,303.0,27.0,63.0,2024,2
2024-02-17 00:15:00+05:30,298.0,27.0,63.0,2024,2
2024-02-17 00:30:00+05:30,292.0,27.0,64.0,2024,2
2024-02-17 00:45:00+05:30,288.0,27.0,63.0,2024,2
2024-02-17 01:00:00+05:30,285.0,27.0,64.0,2024,2
2024-02-17 01:15:00+05:30,283.0,27.0,64.0,2024,2
2024-02-17 01:30:00+05:30,277.0,27.0,64.0,2024,2
2024-02-17 01:45:00+05:30,276.0,26.0,64.0,2024,2
2024-02-17 02:00:00+05:30,273.0,26.0,65.0,2024,2
2024-02-17 02:15:00+05:30,271.0,26.0,66.0,2024,2
2024-02-17 02:30:00+05:30,270.0,26.0,67.0,2024,2
2024-02-17 02:45:00+05:30,269.0,26.0,67.0,2024,2
2024-02-17 03:00:00+05:30,266.0,26.0,67.0,2024,2
2024-02-17 03:15:00+05:30,264.0,26.0,68.0,2024,2
2024-02-17 03:30:00+05:30,261.0,26.0,69.0,2024,2
2024-02-17 03:45:00+05:30,260.0,26.0,69.0,2024,2
2024-02-17 04:00:00+05:30,259.0,26.0,68.0,2024,2
2024-02-17 04:15:00+05:30,260.0,25.0,69.0,2024,2
2024-02-17 04:30:00+05:30,261.0,25.0,69.0,2024,2
2024-02-17 04:45:00+05:30,263.0,25.0,69.0,2024,2
2024-02-17 05:00:00+05:30,263.0,25.0,68.0,2024,2
2024-02-17 05:15:00+05:30,264.0,25.0,68.0,2024,2
2024-02-17 05:30:00+05:30,265.0,25.0,69.0,2024,2
2024-02-17 05:45:00+05:30,267.0,25.0,70.0,2024,2
2024-02-17 06:00:00+05:30,277.0,25.0,70.0,2024,2
2024-02-17 06:15:00+05:30,282.0,25.0,70.0,2024,2
2024-02-17 06:30:00+05:30,284.0,25.0,71.0,2024,2
2024-02-17 06:45:00+05:30,289.0,25.0,71.0,2024,2
2024-02-17 07:00:00+05:30,293.0,25.0,71.0,2024,2
2024-02-17 07:15:00+05:30,299.0,25.0,72.0,2024,2
2024-02-17 07:30:00+05:30,306.0,25.0,71.0,2024,2
2024-02-17 07:45:00+05:30,313.0,25.0,70.0,2024,2
2024-02-17 08:00:00+05:30,329.0,25.0,71.0,2024,2
2024-02-17 08:15:00+05:30,341.0,25.0,71.0,2024,2
2024-02-17 08:30:00+05:30,350.0,26.0,69.0,2024,2
2024-02-17 08:45:00+05:30,361.0,27.0,66.0,2024,2
2024-02-17 09:00:00+05:30,373.0,27.0,63.0,2024,2
2024-02-17 09:15:00+05:30,387.0,28.0,61.0,2024,2
2024-02-17 09:30:00+05:30,394.0,29.0,59.0,2024,2
2024-02-17 09:45:00+05:30,403.0,29.0,57.0,2024,2
2024-02-17 10:00:00+05:30,411.0,30.0,54.0,2024,2
2024-02-17 10:15:00+05:30,417.0,31.0,51.0,2024,2
2024-02-17 10:30:00+05:30,427.0,32.0,49.0,2024,2
2024-02-17 10:45:00+05:30,440.0,33.0,47.0,2024,2
2024-02-17 11:00:00+05:30,430.0,34.0,45.0,2024,2
2024-02-17 11:15:00+05:30,428.0,35.0,45.0,2024,2
2024-02-17 11:30:00+05:30,432.0,35.0,45.0,2024,2
2024-02-17 11:45:00+05:30,433.0,36.0,45.0,2024,2
2024-02-17 12:00:00+05:30,439.0,36.0,45.0,2024,2
2024-02-17 12:15:00+05:30,435.0,36.5,43.0,2024,2
2024-02-17 12:30:00+05:30,435.0,36.75,42.0,2024,2
2024-02-17 12:45:00+05:30,435.0,36.875,41.0,2024,2
2024-02-17 13:00:00+05:30,433.0,36.9375,40.0,2024,2
2024-02-17 13:15:00+05:30,432.0,36.96875,42.0,2024,2
2024-02-17 13:30:00+05:30,432.0,36.984375,43.0,2024,2
2024-02-17 13:45:00+05:30,435.0,36.9921875,41.0,2024,2
2024-02-17 14:00:00+05:30,432.0,36.99609375,42.0,2024,2
2024-02-17 14:15:00+05:30,433.0,36.998046875,41.0,2024,2
2024-02-17 14:30:00+05:30,433.0,36.9990234375,42.0,2024,2
2024-02-17 14:45:00+05:30,434.0,37.0,43.0,2024,2
2024-02-17 15:00:00+05:30,435.0,37.0,41.0,2024,2
2024-02-17 15:15:00+05:30,435.0,37.0,41.0,2024,2
2024-02-17 15:30:00+05:30,428.0,37.0,40.0,2024,2
2024-02-17 15:45:00+05:30,427.0,36.0,40.0,2024,2
2024-02-17 16:00:00+05:30,427.0,36.0,40.0,2024,2
2024-02-17 16:15:00+05:30,424.0,35.0,39.0,2024,2
2024-02-17 16:30:00+05:30,419.0,35.0,39.0,2024,2
2024-02-17 16:45:00+05:30,418.0,34.0,38.0,2024,2
2024-02-17 17:00:00+05:30,414.0,34.0,39.0,2024,2
2024-02-17 17:15:00+05:30,411.0,34.0,38.0,2024,2
2024-02-17 17:30:00+05:30,406.0,33.0,40.0,2024,2
2024-02-17 17:45:00+05:30,405.0,32.0,43.0,2024,2
2024-02-17 18:00:00+05:30,404.0,32.0,50.0,2024,2
2024-02-17 18:15:00+05:30,401.0,31.0,53.0,2024,2
2024-02-17 18:30:00+05:30,401.0,30.0,56.0,2024,2
2024-02-17 18:45:00+05:30,403.0,30.0,59.0,2024,2
2024-02-17 19:00:00+05:30,399.0,29.0,61.0,2024,2
2024-02-17 19:15:00+05:30,396.0,29.0,62.0,2024,2
2024-02-17 19:30:00+05:30,390.0,29.0,62.0,2024,2
2024-02-17 19:45:00+05:30,386.0,29.0,63.0,2024,2
2024-02-17 20:00:00+05:30,381.0,28.0,63.0,2024,2
2024-02-17 20:15:00+05:30,377.0,28.0,61.0,2024,2
2024-02-17 20:30:00+05:30,371.0,28.0,62.0,2024,2
2024-02-17 20:45:00+05:30,371.0,28.0,63.0,2024,2
2024-02-17 21:00:00+05:30,364.0,28.0,63.0,2024,2
2024-02-17 21:15:00+05:30,362.0,28.0,64.0,2024,2
2024-02-17 21:30:00+05:30,359.0,28.0,64.0,2024,2
2024-02-17 21:45:00+05:30,351.0,27.0,65.0,2024,2
2024-02-17 22:00:00+05:30,345.0,27.0,65.0,2024,2
2024-02-17 22:15:00+05:30,340.0,27.0,65.0,2024,2
2024-02-17 22:30:00+05:30,338.0,27.0,64.0,2024,2
2024-02-17 22:45:00+05:30,332.0,27.0,64.0,2024,2
2024-02-17 23:00:00+05:30,327.0,27.0,64.0,2024,2
2024-02-17 23:15:00+05:30,321.0,27.0,64.0,2024,2
2024-02-17 23:30:00+05:30,312.0,27.0,64.0,2024,2
2024-02-17 23:45:00+05:30,308.0,27.0,64.0,2024,2
2024-02-18 00:00:00+05:30,303.0,27.0,63.0,2024,2
2024-02-18 00:15:00+05:30,298.0,27.0,63.0,2024,2
2024-02-18 00:30:00+05:30,292.0,27.0,64.0,2024,2
2024-02-18 00:45:00+05:30,289.0,27.0,63.0,2024,2
2024-02-18 01:00:00+05:30,284.0,27.0,64.0,2024,2
2024-02-18 01:15:00+05:30,284.0,27.0,64.0,2024,2
2024-02-18 01:30:00+05:30,278.0,27.0,64.0,2024,2
2024-02-18 01:45:00+05:30,276.0,26.0,64.0,2024,2
2024-02-18 02:00:00+05:30,273.0,26.0,65.0,2024,2
2024-02-18 02:15:00+05:30,272.0,26.0,66.0,2024,2
2024-02-18 02:30:00+05:30,270.0,26.0,67.0,2024,2
2024-02-18 02:45:00+05:30,268.0,26.0,67.0,2024,2
2024-02-18 03:00:00+05:30,266.0,26.0,67.0,2024,2
2024-02-18 03:15:00+05:30,264.0,26.0,68.0,2024,2
2024-02-18 03:30:00+05:30,262.0,26.0,69.0,2024,2
2024-02-18 03:45:00+05:30,259.0,26.0,69.0,2024,2
2024-02-18 04:00:00+05:30,257.0,26.0,68.0,2024,2
2024-02-18 04:15:00+05:30,258.0,25.0,69.0,2024,2
2024-02-18 04:30:00+05:30,257.0,25.0,69.0,2024,2
2024-02-18 04:45:00+05:30,256.0,25.0,69.0,2024,2
2024-02-18 05:00:00+05:30,259.0,25.0,68.0,2024,2
2024-02-18 05:15:00+05:30,261.0,25.0,68.0,2024,2
2024-02-18 05:30:00+05:30,261.0,25.0,69.0,2024,2
2024-02-18 05:45:00+05:30,261.0,25.0,70.0,2024,2
2024-02-18 06:00:00+05:30,265.0,25.0,70.0,2024,2
2024-02-18 06:15:00+05:30,268.0,25.0,70.0,2024,2
2024-02-18 06:30:00+05:30,271.0,25.0,71.0,2024,2
2024-02-18 06:45:00+05:30,272.0,25.0,71.0,2024,2
2024-02-18 07:00:00+05:30,271.0,25.0,71.0,2024,2
2024-02-18 07:15:00+05:30,271.0,25.0,72.0,2024,2
2024-02-18 07:30:00+05:30,274.0,25.0,71.0,2024,2
2024-02-18 07:45:00+05:30,278.0,25.0,70.0,2024,2
2024-02-18 08:00:00+05:30,284.0,25.0,71.0,2024,2
2024-02-18 08:15:00+05:30,290.0,25.0,71.0,2024,2
2024-02-18 08:30:00+05:30,292.0,26.0,69.0,2024,2
2024-02-18 08:45:00+05:30,299.0,27.0,66.0,2024,2
2024-02-18 09:00:00+05:30,308.0,27.0,63.0,2024,2
2024-02-18 09:15:00+05:30,312.0,28.0,61.0,2024,2
2024-02-18 09:30:00+05:30,316.0,29.0,59.0,2024,2
2024-02-18 09:45:00+05:30,322.0,29.0,57.0,2024,2
2024-02-18 10:00:00+05:30,335.0,30.0,54.0,2024,2
2024-02-18 10:15:00+05:30,341.0,31.0,51.0,2024,2
2024-02-18 10:30:00+05:30,336.0,32.0,49.0,2024,2
2024-02-18 10:45:00+05:30,341.0,33.0,47.0,2024,2
2024-02-18 11:00:00+05:30,346.0,34.0,45.0,2024,2
2024-02-18 11:15:00+05:30,346.0,35.0,45.0,2024,2
2024-02-18 11:30:00+05:30,349.0,35.0,45.0,2024,2
2024-02-18 11:45:00+05:30,348.0,36.0,45.0,2024,2
2024-02-18 12:00:00+05:30,350.0,36.0,45.0,2024,2
2024-02-18 12:15:00+05:30,350.0,36.5,43.0,2024,2
2024-02-18 12:30:00+05:30,350.0,36.75,42.0,2024,2
2024-02-18 12:45:00+05:30,350.0,36.875,41.0,2024,2
2024-02-18 13:00:00+05:30,349.0,36.9375,40.0,2024,2
2024-02-18 13:15:00+05:30,344.0,36.96875,42.0,2024,2
2024-02-18 13:30:00+05:30,344.0,36.984375,43.0,2024,2
2024-02-18 13:45:00+05:30,342.0,36.9921875,41.0,2024,2
2024-02-18 14:00:00+05:30,342.0,36.99609375,42.0,2024,2
2024-02-18 14:15:00+05:30,341.0,36.998046875,41.0,2024,2
2024-02-18 14:30:00+05:30,342.0,36.9990234375,42.0,2024,2
2024-02-18 14:45:00+05:30,341.0,37.0,43.0,2024,2
2024-02-18 15:00:00+05:30,343.0,37.0,41.0,2024,2
2024-02-18 15:15:00+05:30,341.0,37.0,41.0,2024,2
2024-02-18 15:30:00+05:30,342.0,37.0,40.0,2024,2
2024-02-18 15:45:00+05:30,339.0,36.0,40.0,2024,2
2024-02-18 16:00:00+05:30,337.0,36.0,40.0,2024,2
2024-02-18 16:15:00+05:30,336.0,35.0,39.0,2024,2
2024-02-18 16:30:00+05:30,335.0,35.0,39.0,2024,2
2024-02-18 16:45:00+05:30,336.0,34.0,38.0,2024,2
2024-02-18 17:00:00+05:30,333.0,34.0,39.0,2024,2
2024-02-18 17:15:00+05:30,336.0,34.0,38.0,2024,2
2024-02-18 17:30:00+05:30,336.0,33.0,40.0,2024,2
2024-02-18 17:45:00+05:30,334.0,32.0,43.0,2024,2
2024-02-18 18:00:00+05:30,338.0,32.0,50.0,2024,2
2024-02-18 18:15:00+05:30,338.0,31.0,53.0,2024,2
2024-02-18 18:30:00+05:30,340.0,30.0,56.0,2024,2
2024-02-18 18:45:00+05:30,344.0,30.0,59.0,2024,2
2024-02-18 19:00:00+05:30,343.0,29.0,61.0,2024,2
2024-02-18 19:15:00+05:30,345.0,29.0,62.0,2024,2
2024-02-18 19:30:00+05:30,344.0,29.0,62.0,2024,2
2024-02-18 19:45:00+05:30,343.0,29.0,63.0,2024,2
2024-02-18 20:00:00+05:30,341.0,28.0,63.0,2024,2
2024-02-18 20:15:00+05:30,339.0,28.0,61.0,2024,2
2024-02-18 20:30:00+05:30,337.0,28.0,62.0,2024,2
2024-02-18 20:45:00+05:30,335.0,28.0,63.0,2024,2
2024-02-18 21:00:00+05:30,334.0,28.0,63.0,2024,2
2024-02-18 21:15:00+05:30,332.0,28.0,64.0,2024,2
2024-02-18 21:30:00+05:30,331.0,28.0,64.0,2024,2
2024-02-18 21:45:00+05:30,329.0,27.0,65.0,2024,2
2024-02-18 22:00:00+05:30,334.0,27.0,65.0,2024,2
2024-02-18 22:15:00+05:30,319.0,27.0,65.0,2024,2
2024-02-18 22:30:00+05:30,315.0,27.0,64.0,2024,2
2024-02-18 22:45:00+05:30,311.0,27.0,64.0,2024,2
2024-02-18 23:00:00+05:30,307.0,27.0,64.0,2024,2
2024-02-18 23:15:00+05:30,302.0,27.0,64.0,2024,2
2024-02-18 23:30:00+05:30,303.0,27.0,64.0,2024,2
2024-02-18 23:45:00+05:30,295.0,27.0,64.0,2024,2
2024-02-19 00:00:00+05:30,291.0,25.0,73.0,2024,2
2024-02-19 00:15:00+05:30,286.0,25.0,73.0,2024,2
2024-02-19 00:30:00+05:30,283.0,25.0,71.0,2024,2
2024-02-19 00:45:00+05:30,281.0,25.0,73.0,2024,2
2024-02-19 01:00:00+05:30,276.0,25.0,74.0,2024,2
2024-02-19 01:15:00+05:30,272.0,25.0,75.0,2024,2
2024-02-19 01:30:00+05:30,269.0,25.0,76.0,2024,2
2024-02-19 01:45:00+05:30,266.0,25.0,76.0,2024,2
2024-02-19 02:00:00+05:30,261.0,25.0,75.0,2024,2
2024-02-19 02:15:00+05:30,261.0,25.0,76.0,2024,2
2024-02-19 02:30:00+05:30,261.0,25.0,76.0,2024,2
2024-02-19 02:45:00+05:30,255.0,25.0,76.0,2024,2
2024-02-19 03:00:00+05:30,254.0,25.0,75.0,2024,2
2024-02-19 03:15:00+05:30,254.0,25.0,74.0,2024,2
2024-02-19 03:30:00+05:30,253.0,25.0,74.0,2024,2
2024-02-19 03:45:00+05:30,252.0,25.0,73.0,2024,2
2024-02-19 04:00:00+05:30,251.0,24.0,72.0,2024,2
2024-02-19 04:15:00+05:30,252.0,24.0,72.0,2024,2
2024-02-19 04:30:00+05:30,253.0,24.0,73.0,2024,2
2024-02-19 04:45:00+05:30,255.0,24.0,73.0,2024,2
2024-02-19 05:00:00+05:30,257.0,24.0,74.0,2024,2
2024-02-19 05:15:00+05:30,257.0,24.0,74.0,2024,2
2024-02-19 05:30:00+05:30,263.0,24.0,74.0,2024,2
2024-02-19 05:45:00+05:30,268.0,24.0,75.0,2024,2
2024-02-19 06:00:00+05:30,269.0,23.0,76.0,2024,2
2024-02-19 06:15:00+05:30,279.0,23.0,77.0,2024,2
2024-02-19 06:30:00+05:30,291.0,23.0,76.0,2024,2
2024-02-19 06:45:00+05:30,295.0,23.0,77.0,2024,2
2024-02-19 07:00:00+05:30,301.0,23.0,78.0,2024,2
2024-02-19 07:15:00+05:30,315.0,23.0,78.0,2024,2
2024-02-19 07:30:00+05:30,327.0,23.0,77.0,2024,2
2024-02-19 07:45:00+05:30,343.0,23.0,77.0,2024,2
2024-02-19 08:00:00+05:30,360.0,23.0,76.0,2024,2
2024-02-19 08:15:00+05:30,374.0,24.0,75.0,2024,2
2024-02-19 08:30:00+05:30,388.0,25.0,72.0,2024,2
2024-02-19 08:45:00+05:30,401.0,26.0,67.0,2024,2
2024-02-19 09:00:00+05:30,412.0,26.0,63.0,2024,2
2024-02-19 09:15:00+05:30,426.0,27.0,61.0,2024,2
2024-02-19 09:30:00+05:30,433.0,28.0,57.0,2024,2
2024-02-19 09:45:00+05:30,443.0,29.0,54.0,2024,2
2024-02-19 10:00:00+05:30,459.0,29.0,52.0,2024,2
2024-02-19 10:15:00+05:30,466.0,30.0,50.0,2024,2
2024-02-19 10:30:00+05:30,462.0,31.0,48.0,2024,2
2024-02-19 10:45:00+05:30,464.0,32.0,47.0,2024,2
2024-02-19 11:00:00+05:30,469.0,33.0,46.0,2024,2
2024-02-19 11:15:00+05:30,471.0,33.0,44.0,2024,2
2024-02-19 11:30:00+05:30,469.0,33.0,44.0,2024,2
2024-02-19 11:45:00+05:30,469.0,34.0,43.0,2024,2
2024-02-19 12:00:00+05:30,472.0,34.0,42.0,2024,2
2024-02-19 12:15:00+05:30,468.0,34.0,42.0,2024,2
2024-02-19 12:30:00+05:30,463.0,35.0,40.0,2024,2
2024-02-19 12:45:00+05:30,460.0,35.0,40.0,2024,2
2024-02-19 13:00:00+05:30,462.0,35.0,39.0,2024,2
2024-02-19 13:15:00+05:30,455.0,35.0,38.0,2024,2
2024-02-19 13:30:00+05:30,453.0,35.0,38.0,2024,2
2024-02-19 13:45:00+05:30,450.0,35.0,38.0,2024,2
2024-02-19 14:00:00+05:30,452.0,35.5,36.0,2024,2
2024-02-19 14:15:00+05:30,455.0,35.75,35.0,2024,2
2024-02-19 14:30:00+05:30,454.0,35.875,34.0,2024,2
2024-02-19 14:45:00+05:30,454.0,35.9375,33.0,2024,2
2024-02-19 15:00:00+05:30,456.0,36.0,33.0,2024,2
2024-02-19 15:15:00+05:30,454.0,36.0,31.0,2024,2
2024-02-19 15:30:00+05:30,453.0,36.0,31.0,2024,2
2024-02-19 15:45:00+05:30,452.0,36.0,30.0,2024,2
2024-02-19 16:00:00+05:30,451.0,36.0,30.0,2024,2
2024-02-19 16:15:00+05:30,448.0,35.0,31.0,2024,2
2024-02-19 16:30:00+05:30,449.0,35.0,32.0,2024,2
2024-02-19 16:45:00+05:30,446.0,34.0,33.0,2024,2
2024-02-19 17:00:00+05:30,445.0,34.0,33.0,2024,2
2024-02-19 17:15:00+05:30,445.0,34.0,34.0,2024,2
2024-02-19 17:30:00+05:30,438.0,33.0,35.0,2024,2
2024-02-19 17:45:00+05:30,434.0,32.0,37.0,2024,2
2024-02-19 18:00:00+05:30,423.0,31.0,38.0,2024,2
2024-02-19 18:15:00+05:30,418.0,31.0,38.0,2024,2
2024-02-19 18:30:00+05:30,417.0,30.0,40.0,2024,2
2024-02-19 18:45:00+05:30,415.0,29.0,41.0,2024,2
2024-02-19 19:00:00+05:30,410.0,29.0,43.0,2024,2
2024-02-19 19:15:00+05:30,406.0,29.0,44.0,2024,2
2024-02-19 19:30:00+05:30,397.0,28.0,45.0,2024,2
2024-02-19 19:45:00+05:30,387.0,28.0,45.0,2024,2
2024-02-19 20:00:00+05:30,383.0,28.0,46.0,2024,2
2024-02-19 20:15:00+05:30,374.0,27.0,46.0,2024,2
2024-02-19 20:30:00+05:30,371.0,27.0,47.0,2024,2
2024-02-19 20:45:00+05:30,364.0,27.0,48.0,2024,2
2024-02-19 21:00:00+05:30,363.0,27.0,49.0,2024,2
2024-02-19 21:15:00+05:30,355.0,27.0,52.0,2024,2
2024-02-19 21:30:00+05:30,350.0,27.0,54.0,2024,2
2024-02-19 21:45:00+05:30,347.0,27.0,54.0,2024,2
2024-02-19 22:00:00+05:30,340.0,26.0,55.0,2024,2
2024-02-19 22:15:00+05:30,336.0,26.0,56.0,2024,2
2024-02-19 22:30:00+05:30,330.0,26.0,58.0,2024,2
2024-02-19 22:45:00+05:30,327.0,26.0,59.0,2024,2
2024-02-19 23:00:00+05:30,322.0,26.0,60.0,2024,2
2024-02-19 23:15:00+05:30,317.0,26.0,62.0,2024,2
2024-02-19 23:30:00+05:30,312.0,26.0,63.0,2024,2
2024-02-19 23:45:00+05:30,307.0,25.0,64.0,2024,2
2024-02-20 00:00:00+05:30,301.0,25.0,65.0,2024,2
2024-02-20 00:15:00+05:30,295.0,25.0,65.0,2024,2
2024-02-20 00:30:00+05:30,293.0,25.0,66.0,2024,2
2024-02-20 00:45:00+05:30,289.0,25.0,67.0,2024,2
2024-02-20 01:00:00+05:30,285.0,25.0,66.0,2024,2
2024-02-20 01:15:00+05:30,283.0,25.0,66.0,2024,2
2024-02-20 01:30:00+05:30,280.0,25.0,67.0,2024,2
2024-02-20 01:45:00+05:30,277.0,25.0,67.0,2024,2
2024-02-20 02:00:00+05:30,272.0,25.0,68.0,2024,2
2024-02-20 02:15:00+05:30,269.0,25.0,68.0,2024,2
2024-02-20 02:30:00+05:30,267.0,24.0,68.0,2024,2
2024-02-20 02:45:00+05:30,267.0,24.0,69.0,2024,2
2024-02-20 03:00:00+05:30,266.0,24.0,68.0,2024,2
2024-02-20 03:15:00+05:30,265.0,24.0,69.0,2024,2
2024-02-20 03:30:00+05:30,265.0,24.0,69.0,2024,2
2024-02-20 03:45:00+05:30,264.0,24.0,69.0,2024,2
2024-02-20 04:00:00+05:30,261.0,24.0,69.0,2024,2
2024-02-20 04:15:00+05:30,264.0,24.0,70.0,2024,2
2024-02-20 04:30:00+05:30,266.0,24.0,70.0,2024,2
2024-02-20 04:45:00+05:30,268.0,24.0,70.0,2024,2
2024-02-20 05:00:00+05:30,269.0,24.0,70.0,2024,2
2024-02-20 05:15:00+05:30,269.0,24.0,71.0,2024,2
2024-02-20 05:30:00+05:30,272.0,24.0,71.0,2024,2
2024-02-20 05:45:00+05:30,278.0,24.0,72.0,2024,2
2024-02-20 06:00:00+05:30,288.0,24.0,72.0,2024,2
2024-02-20 06:15:00+05:30,295.0,23.0,73.0,2024,2
2024-02-20 06:30:00+05:30,303.0,23.0,73.0,2024,2
2024-02-20 06:45:00+05:30,313.0,23.0,73.0,2024,2
2024-02-20 07:00:00+05:30,323.0,23.0,73.0,2024,2
2024-02-20 07:15:00+05:30,331.0,23.0,73.0,2024,2
2024-02-20 07:30:00+05:30,347.0,23.0,74.0,2024,2
2024-02-20 07:45:00+05:30,359.0,24.0,73.0,2024,2
2024-02-20 08:00:00+05:30,378.0,24.0,72.0,2024,2
2024-02-20 08:15:00+05:30,391.0,24.0,70.0,2024,2
2024-02-20 08:30:00+05:30,406.0,25.0,66.0,2024,2
2024-02-20 08:45:00+05:30,419.0,26.0,64.0,2024,2
2024-02-20 09:00:00+05:30,434.0,27.0,62.0,2024,2
2024-02-20 09:15:00+05:30,446.0,28.0,58.0,2024,2
2024-02-20 09:30:00+05:30,460.0,28.0,58.0,2024,2
2024-02-20 09:45:00+05:30,467.0,29.0,54.0,2024,2
2024-02-20 10:00:00+05:30,479.0,30.0,52.0,2024,2
2024-02-20 10:15:00+05:30,485.0,31.0,46.0,2024,2
2024-02-20 10:30:00+05:30,481.0,32.0,44.0,2024,2
2024-02-20 10:45:00+05:30,480.0,33.0,39.0,2024,2
2024-02-20 11:00:00+05:30,483.0,34.0,36.0,2024,2
2024-02-20 11:15:00+05:30,482.0,34.0,37.0,2024,2
2024-02-20 11:30:00+05:30,483.0,35.0,40.0,2024,2
2024-02-20 11:45:00+05:30,481.0,35.0,40.0,2024,2
2024-02-20 12:00:00+05:30,482.0,35.0,41.0,2024,2
2024-02-20 12:15:00+05:30,478.0,35.0,41.0,2024,2
2024-02-20 12:30:00+05:30,479.0,35.0,42.0,2024,2
2024-02-20 12:45:00+05:30,479.0,35.0,42.0,2024,2
2024-02-20 13:00:00+05:30,476.0,35.0,42.0,2024,2
2024-02-20 13:15:00+05:30,471.0,35.0,41.0,2024,2
2024-02-20 13:30:00+05:30,470.0,35.0,41.0,2024,2
2024-02-20 13:45:00+05:30,468.0,35.0,40.0,2024,2
2024-02-20 14:00:00+05:30,473.0,36.0,38.0,2024,2
2024-02-20 14:15:00+05:30,472.0,36.0,37.0,2024,2
2024-02-20 14:30:00+05:30,477.0,36.0,38.0,2024,2
2024-02-20 14:45:00+05:30,476.0,36.0,36.0,2024,2
2024-02-20 15:00:00+05:30,475.0,36.0,36.0,2024,2
2024-02-20 15:15:00+05:30,475.0,36.0,36.0,2024,2
2024-02-20 15:30:00+05:30,473.0,35.0,35.0,2024,2
2024-02-20 15:45:00+05:30,474.0,35.0,35.0,2024,2
2024-02-20 16:00:00+05:30,468.0,35.0,36.0,2024,2
2024-02-20 16:15:00+05:30,468.0,34.0,37.0,2024,2
2024-02-20 16:30:00+05:30,467.0,33.0,38.0,2024,2
2024-02-20 16:45:00+05:30,463.0,33.0,40.0,2024,2
2024-02-20 17:00:00+05:30,462.0,33.0,40.0,2024,2
2024-02-20 17:15:00+05:30,459.0,33.0,40.0,2024,2
2024-02-20 17:30:00+05:30,454.0,32.0,40.0,2024,2
2024-02-20 17:45:00+05:30,446.0,31.0,43.0,2024,2
2024-02-20 18:00:00+05:30,441.0,30.0,45.0,2024,2
2024-02-20 18:15:00+05:30,436.0,30.0,46.0,2024,2
2024-02-20 18:30:00+05:30,431.0,29.0,48.0,2024,2
2024-02-20 18:45:00+05:30,428.0,28.0,50.0,2024,2
2024-02-20 19:00:00+05:30,425.0,28.0,51.0,2024,2
2024-02-20 19:15:00+05:30,419.0,28.0,53.0,2024,2
2024-02-20 19:30:00+05:30,411.0,28.0,54.0,2024,2
2024-02-20 19:45:00+05:30,402.0,27.0,55.0,2024,2
2024-02-20 20:00:00+05:30,396.0,27.0,56.0,2024,2
2024-02-20 20:15:00+05:30,387.0,27.0,56.0,2024,2
2024-02-20 20:30:00+05:30,380.0,27.0,57.0,2024,2
2024-02-20 20:45:00+05:30,378.0,27.0,58.0,2024,2
2024-02-20 21:00:00+05:30,373.0,27.0,58.0,2024,2
2024-02-20 21:15:00+05:30,367.0,26.0,59.0,2024,2
2024-02-20 21:30:00+05:30,361.0,26.0,61.0,2024,2
2024-02-20 21:45:00+05:30,355.0,26.0,61.0,2024,2
2024-02-20 22:00:00+05:30,351.0,26.0,62.0,2024,2
2024-02-20 22:15:00+05:30,344.0,26.0,63.0,2024,2
2024-02-20 22:30:00+05:30,341.0,26.0,64.0,2024,2
2024-02-20 22:45:00+05:30,335.0,26.0,65.0,2024,2
2024-02-20 23:00:00+05:30,330.0,25.0,66.0,2024,2
2024-02-20 23:15:00+05:30,324.0,25.0,67.0,2024,2
2024-02-20 23:30:00+05:30,318.0,25.0,68.0,2024,2
2024-02-20 23:45:00+05:30,314.0,25.0,69.0,2024,2
2024-02-21 00:00:00+05:30,306.0,25.0,70.0,2024,2
2024-02-21 00:15:00+05:30,301.0,25.0,71.0,2024,2
2024-02-21 00:30:00+05:30,296.0,25.0,72.0,2024,2
2024-02-21 00:45:00+05:30,293.0,25.0,72.0,2024,2
2024-02-21 01:00:00+05:30,291.0,25.0,73.0,2024,2
2024-02-21 01:15:00+05:30,287.0,25.0,73.0,2024,2
2024-02-21 01:30:00+05:30,285.0,25.0,74.0,2024,2
2024-02-21 01:45:00+05:30,279.0,24.0,74.0,2024,2
2024-02-21 02:00:00+05:30,274.0,24.0,74.0,2024,2
2024-02-21 02:15:00+05:30,273.0,24.0,75.0,2024,2
2024-02-21 02:30:00+05:30,270.0,24.0,75.0,2024,2
2024-02-21 02:45:00+05:30,270.0,24.0,76.0,2024,2
2024-02-21 03:00:00+05:30,268.0,24.0,77.0,2024,2
2024-02-21 03:15:00+05:30,266.0,24.0,77.0,2024,2
2024-02-21 03:30:00+05:30,263.0,24.0,77.0,2024,2
2024-02-21 03:45:00+05:30,261.0,24.0,78.0,2024,2
2024-02-21 04:00:00+05:30,260.0,24.0,78.0,2024,2
2024-02-21 04:15:00+05:30,266.0,24.0,79.0,2024,2
2024-02-21 04:30:00+05:30,266.0,24.0,79.0,2024,2
2024-02-21 04:45:00+05:30,266.0,24.0,80.0,2024,2
2024-02-21 05:00:00+05:30,266.0,24.0,80.0,2024,2
2024-02-21 05:15:00+05:30,270.0,24.0,80.0,2024,2
2024-02-21 05:30:00+05:30,273.0,24.0,80.0,2024,2
2024-02-21 05:45:00+05:30,276.0,24.0,80.0,2024,2
2024-02-21 06:00:00+05:30,285.0,24.0,80.0,2024,2
2024-02-21 06:15:00+05:30,297.0,24.0,81.0,2024,2
2024-02-21 06:30:00+05:30,307.0,24.0,81.0,2024,2
2024-02-21 06:45:00+05:30,316.0,24.0,81.0,2024,2
2024-02-21 07:00:00+05:30,325.0,24.0,81.0,2024,2
2024-02-21 07:15:00+05:30,338.0,24.0,81.0,2024,2
2024-02-21 07:30:00+05:30,350.0,24.0,81.0,2024,2
2024-02-21 07:45:00+05:30,363.0,24.0,81.0,2024,2
2024-02-21 08:00:00+05:30,382.0,24.0,81.0,2024,2
2024-02-21 08:15:00+05:30,400.0,25.0,80.0,2024,2
2024-02-21 08:30:00+05:30,414.0,26.0,77.0,2024,2
2024-02-21 08:45:00+05:30,420.0,26.0,75.0,2024,2
2024-02-21 09:00:00+05:30,432.0,27.0,73.0,2024,2
2024-02-21 09:15:00+05:30,441.0,27.0,70.0,2024,2
2024-02-21 09:30:00+05:30,451.0,28.0,68.0,2024,2
2024-02-21 09:45:00+05:30,456.0,28.0,66.0,2024,2
2024-02-21 10:00:00+05:30,471.0,29.0,64.0,2024,2
2024-02-21 10:15:00+05:30,478.0,29.0,62.0,2024,2
2024-02-21 10:30:00+05:30,474.0,30.0,59.0,2024,2
2024-02-21 10:45:00+05:30,480.0,30.0,59.0,2024,2
2024-02-21 11:00:00+05:30,479.0,31.0,56.0,2024,2
2024-02-21 11:15:00+05:30,477.0,31.0,55.0,2024,2
2024-02-21 11:30:00+05:30,476.0,31.0,53.0,2024,2
2024-02-21 11:45:00+05:30,476.0,32.0,52.0,2024,2
2024-02-21 12:00:00+05:30,475.0,32.0,51.0,2024,2
2024-02-21 12:15:00+05:30,475.0,33.0,50.0,2024,2
2024-02-21 12:30:00+05:30,470.0,33.0,50.0,2024,2
2024-02-21 12:45:00+05:30,475.0,33.0,50.0,2024,2
2024-02-21 13:00:00+05:30,466.0,33.0,49.0,2024,2
2024-02-21 13:15:00+05:30,464.0,34.0,49.0,2024,2
2024-02-21 13:30:00+05:30,463.0,34.0,48.0,2024,2
2024-02-21 13:45:00+05:30,464.0,34.0,49.0,2024,2
2024-02-21 14:00:00+05:30,466.0,34.0,50.0,2024,2
2024-02-21 14:15:00+05:30,467.0,34.0,51.0,2024,2
2024-02-21 14:30:00+05:30,470.0,34.0,49.0,2024,2
2024-02-21 14:45:00+05:30,469.0,33.0,51.0,2024,2
2024-02-21 15:00:00+05:30,469.0,34.0,50.0,2024,2
2024-02-21 15:15:00+05:30,471.0,33.0,50.0,2024,2
2024-02-21 15:30:00+05:30,471.0,33.0,51.0,2024,2
2024-02-21 15:45:00+05:30,471.0,33.0,49.0,2024,2
2024-02-21 16:00:00+05:30,470.0,33.0,50.0,2024,2
2024-02-21 16:15:00+05:30,468.0,32.0,50.0,2024,2
2024-02-21 16:30:00+05:30,466.0,32.0,52.0,2024,2
2024-02-21 16:45:00+05:30,463.0,31.0,53.0,2024,2
2024-02-21 17:00:00+05:30,460.0,31.0,52.0,2024,2
2024-02-21 17:15:00+05:30,458.0,31.0,54.0,2024,2
2024-02-21 17:30:00+05:30,451.0,31.0,54.0,2024,2
2024-02-21 17:45:00+05:30,446.0,30.0,57.0,2024,2
2024-02-21 18:00:00+05:30,441.0,29.0,59.0,2024,2
2024-02-21 18:15:00+05:30,437.0,28.0,60.0,2024,2
2024-02-21 18:30:00+05:30,432.0,28.0,62.0,2024,2
2024-02-21 18:45:00+05:30,431.0,27.0,64.0,2024,2
2024-02-21 19:00:00+05:30,423.0,27.0,65.0,2024,2
2024-02-21 19:15:00+05:30,418.0,27.0,66.0,2024,2
2024-02-21 19:30:00+05:30,408.0,27.0,67.0,2024,2
2024-02-21 19:45:00+05:30,402.0,27.0,67.0,2024,2
2024-02-21 20:00:00+05:30,393.0,26.0,68.0,2024,2
2024-02-21 20:15:00+05:30,388.0,26.0,69.0,2024,2
2024-02-21 20:30:00+05:30,382.0,26.0,69.0,2024,2
2024-02-21 20:45:00+05:30,377.0,26.0,70.0,2024,2
2024-02-21 21:00:00+05:30,372.0,26.0,70.0,2024,2
2024-02-21 21:15:00+05:30,364.0,26.0,71.0,2024,2
2024-02-21 21:30:00+05:30,361.0,26.0,71.0,2024,2
2024-02-21 21:45:00+05:30,356.0,26.0,72.0,2024,2
2024-02-21 22:00:00+05:30,348.0,26.0,72.0,2024,2
2024-02-21 22:15:00+05:30,345.0,26.0,72.0,2024,2
2024-02-21 22:30:00+05:30,340.0,26.0,72.0,2024,2
2024-02-21 22:45:00+05:30,333.0,25.0,73.0,2024,2
2024-02-21 23:00:00+05:30,330.0,25.0,74.0,2024,2
2024-02-21 23:15:00+05:30,322.0,25.0,74.0,2024,2
2024-02-21 23:30:00+05:30,317.0,25.0,74.0,2024,2
2024-02-21 23:45:00+05:30,311.0,25.0,74.0,2024,2
2024-02-22 00:00:00+05:30,305.0,25.0,75.0,2024,2
2024-02-22 00:15:00+05:30,300.0,25.0,74.0,2024,2
2024-02-22 00:30:00+05:30,294.0,25.0,75.0,2024,2
2024-02-22 00:45:00+05:30,290.0,25.0,75.0,2024,2
2024-02-22 01:00:00+05:30,289.0,25.0,75.0,2024,2
2024-02-22 01:15:00+05:30,287.0,25.0,76.0,2024,2
2024-02-22 01:30:00+05:30,286.0,25.0,76.0,2024,2
2024-02-22 01:45:00+05:30,281.0,25.0,76.0,2024,2
2024-02-22 02:00:00+05:30,276.0,25.0,76.0,2024,2
2024-02-22 02:15:00+05:30,276.0,25.0,76.0,2024,2
2024-02-22 02:30:00+05:30,274.0,25.0,77.0,2024,2
2024-02-22 02:45:00+05:30,270.0,25.0,77.0,2024,2
2024-02-22 03:00:00+05:30,270.0,25.0,77.0,2024,2
2024-02-22 03:15:00+05:30,268.0,25.0,78.0,2024,2
2024-02-22 03:30:00+05:30,267.0,25.0,78.0,2024,2
2024-02-22 03:45:00+05:30,264.0,25.0,78.0,2024,2
2024-02-22 04:00:00+05:30,265.0,25.0,78.0,2024,2
2024-02-22 04:15:00+05:30,266.0,24.0,79.0,2024,2
2024-02-22 04:30:00+05:30,268.0,24.0,79.0,2024,2
2024-02-22 04:45:00+05:30,271.0,24.0,79.0,2024,2
2024-02-22 05:00:00+05:30,274.0,24.0,80.0,2024,2
2024-02-22 05:15:00+05:30,278.0,24.0,80.0,2024,2
2024-02-22 05:30:00+05:30,286.0,24.0,80.0,2024,2
2024-02-22 05:45:00+05:30,293.0,24.0,80.0,2024,2
2024-02-22 06:00:00+05:30,302.0,24.0,81.0,2024,2
2024-02-22 06:15:00+05:30,302.0,24.0,81.0,2024,2
2024-02-22 06:30:00+05:30,312.0,24.0,81.0,2024,2
2024-02-22 06:45:00+05:30,320.0,24.0,81.0,2024,2
2024-02-22 07:00:00+05:30,329.0,24.0,81.0,2024,2
2024-02-22 07:15:00+05:30,340.0,24.0,81.0,2024,2
2024-02-22 07:30:00+05:30,354.0,24.0,80.0,2024,2
2024-02-22 07:45:00+05:30,371.0,25.0,80.0,2024,2
2024-02-22 08:00:00+05:30,385.0,25.0,79.0,2024,2
2024-02-22 08:15:00+05:30,404.0,25.0,78.0,2024,2
2024-02-22 08:30:00+05:30,418.0,26.0,76.0,2024,2
2024-02-22 08:45:00+05:30,432.0,26.0,74.0,2024,2
2024-02-22 09:00:00+05:30,442.0,27.0,72.0,2024,2
2024-02-22 09:15:00+05:30,451.0,27.0,70.0,2024,2
2024-02-22 09:30:00+05:30,460.0,28.0,67.0,2024,2
2024-02-22 09:45:00+05:30,466.0,28.0,65.0,2024,2
2024-02-22 10:00:00+05:30,482.0,29.0,63.0,2024,2
2024-02-22 10:15:00+05:30,487.0,29.0,62.0,2024,2
2024-02-22 10:30:00+05:30,483.0,30.0,59.0,2024,2
2024-02-22 10:45:00+05:30,483.0,32.0,55.0,2024,2
2024-02-22 11:00:00+05:30,484.0,32.0,54.0,2024,2
2024-02-22 11:15:00+05:30,484.0,32.0,54.0,2024,2
2024-02-22 11:30:00+05:30,484.0,33.0,52.0,2024,2
2024-02-22 11:45:00+05:30,481.0,33.0,52.0,2024,2
2024-02-22 12:00:00+05:30,481.0,32.0,53.0,2024,2
2024-02-22 12:15:00+05:30,481.0,33.0,52.0,2024,2
2024-02-22 12:30:00+05:30,479.0,33.0,52.0,2024,2
2024-02-22 12:45:00+05:30,475.0,34.0,52.0,2024,2
2024-02-22 13:00:00+05:30,473.0,34.0,52.0,2024,2
2024-02-22 13:15:00+05:30,471.0,34.0,52.0,2024,2
2024-02-22 13:30:00+05:30,468.0,34.0,52.0,2024,2
2024-02-22 13:45:00+05:30,469.0,34.0,52.0,2024,2
2024-02-22 14:00:00+05:30,473.0,34.0,51.0,2024,2
2024-02-22 14:15:00+05:30,473.0,34.0,51.0,2024,2
2024-02-22 14:30:00+05:30,474.0,33.0,53.0,2024,2
2024-02-22 14:45:00+05:30,472.0,33.0,54.0,2024,2
2024-02-22 15:00:00+05:30,472.0,33.0,53.0,2024,2
2024-02-22 15:15:00+05:30,470.0,33.0,53.0,2024,2
2024-02-22 15:30:00+05:30,470.0,33.0,53.0,2024,2
2024-02-22 15:45:00+05:30,468.0,32.0,54.0,2024,2
2024-02-22 16:00:00+05:30,467.0,32.0,53.0,2024,2
2024-02-22 16:15:00+05:30,469.0,32.0,54.0,2024,2
2024-02-22 16:30:00+05:30,466.0,31.0,55.0,2024,2
2024-02-22 16:45:00+05:30,464.0,31.0,55.0,2024,2
2024-02-22 17:00:00+05:30,463.0,31.0,55.0,2024,2
2024-02-22 17:15:00+05:30,461.0,31.0,55.0,2024,2
2024-02-22 17:30:00+05:30,455.0,30.0,57.0,2024,2
2024-02-22 17:45:00+05:30,448.0,29.0,60.0,2024,2
2024-02-22 18:00:00+05:30,436.0,29.0,61.0,2024,2
2024-02-22 18:15:00+05:30,431.0,28.0,63.0,2024,2
2024-02-22 18:30:00+05:30,425.0,27.0,64.0,2024,2
2024-02-22 18:45:00+05:30,423.0,27.0,66.0,2024,2
2024-02-22 19:00:00+05:30,418.0,26.0,67.0,2024,2
2024-02-22 19:15:00+05:30,412.0,26.0,68.0,2024,2
2024-02-22 19:30:00+05:30,403.0,26.0,69.0,2024,2
2024-02-22 19:45:00+05:30,396.0,26.0,69.0,2024,2
2024-02-22 20:00:00+05:30,389.0,26.0,69.0,2024,2
2024-02-22 20:15:00+05:30,384.0,26.0,69.0,2024,2
2024-02-22 20:30:00+05:30,376.0,26.0,69.0,2024,2
2024-02-22 20:45:00+05:30,372.0,25.0,69.0,2024,2
2024-02-22 21:00:00+05:30,368.0,25.0,69.0,2024,2
2024-02-22 21:15:00+05:30,361.0,25.0,68.0,2024,2
2024-02-22 21:30:00+05:30,358.0,25.0,69.0,2024,2
2024-02-22 21:45:00+05:30,355.0,25.0,69.0,2024,2
2024-02-22 22:00:00+05:30,343.0,25.0,70.0,2024,2
2024-02-22 22:15:00+05:30,337.0,25.0,70.0,2024,2
2024-02-22 22:30:00+05:30,335.0,25.0,70.0,2024,2
2024-02-22 22:45:00+05:30,330.0,25.0,71.0,2024,2
2024-02-22 23:00:00+05:30,324.0,25.0,72.0,2024,2
2024-02-22 23:15:00+05:30,317.0,24.0,72.0,2024,2
2024-02-22 23:30:00+05:30,313.0,24.0,72.0,2024,2
2024-02-22 23:45:00+05:30,307.0,24.0,73.0,2024,2
2024-02-23 00:00:00+05:30,300.0,24.0,73.0,2024,2
2024-02-23 00:15:00+05:30,295.0,24.0,74.0,2024,2
2024-02-23 00:30:00+05:30,291.0,24.0,75.0,2024,2
2024-02-23 00:45:00+05:30,286.0,24.0,75.0,2024,2
2024-02-23 01:00:00+05:30,281.0,24.0,75.0,2024,2
2024-02-23 01:15:00+05:30,278.0,24.0,76.0,2024,2
2024-02-23 01:30:00+05:30,279.0,24.0,76.0,2024,2
2024-02-23 01:45:00+05:30,274.0,24.0,76.0,2024,2
2024-02-23 02:00:00+05:30,272.0,24.0,76.0,2024,2
2024-02-23 02:15:00+05:30,271.0,24.0,77.0,2024,2
2024-02-23 02:30:00+05:30,269.0,24.0,77.0,2024,2
2024-02-23 02:45:00+05:30,267.0,24.0,77.0,2024,2
2024-02-23 03:00:00+05:30,265.0,23.0,77.0,2024,2
2024-02-23 03:15:00+05:30,264.0,23.0,78.0,2024,2
2024-02-23 03:30:00+05:30,263.0,23.0,78.0,2024,2
2024-02-23 03:45:00+05:30,263.0,23.0,78.0,2024,2
2024-02-23 04:00:00+05:30,262.0,23.0,79.0,2024,2
2024-02-23 04:15:00+05:30,263.0,23.0,79.0,2024,2
2024-02-23 04:30:00+05:30,263.0,23.0,79.0,2024,2
2024-02-23 04:45:00+05:30,263.0,23.0,79.0,2024,2
2024-02-23 05:00:00+05:30,264.0,23.0,80.0,2024,2
2024-02-23 05:15:00+05:30,266.0,23.0,80.0,2024,2
2024-02-23 05:30:00+05:30,270.0,23.0,79.0,2024,2
2024-02-23 05:45:00+05:30,273.0,23.0,79.0,2024,2
2024-02-23 06:00:00+05:30,284.0,23.0,80.0,2024,2
2024-02-23 06:15:00+05:30,290.0,23.0,80.0,2024,2
2024-02-23 06:30:00+05:30,297.0,23.0,80.0,2024,2
2024-02-23 06:45:00+05:30,305.0,23.0,80.0,2024,2
2024-02-23 07:00:00+05:30,318.0,23.0,80.0,2024,2
2024-02-23 07:15:00+05:30,329.0,23.0,80.0,2024,2
2024-02-23 07:30:00+05:30,345.0,23.0,80.0,2024,2
2024-02-23 07:45:00+05:30,359.0,23.0,80.0,2024,2
2024-02-23 08:00:00+05:30,376.0,23.0,79.0,2024,2
2024-02-23 08:15:00+05:30,393.0,24.0,78.0,2024,2
2024-02-23 08:30:00+05:30,406.0,24.0,74.0,2024,2
2024-02-23 08:45:00+05:30,417.0,25.0,72.0,2024,2
2024-02-23 09:00:00+05:30,430.0,26.0,70.0,2024,2
2024-02-23 09:15:00+05:30,442.0,26.0,68.0,2024,2
2024-02-23 09:30:00+05:30,449.0,27.0,66.0,2024,2
2024-02-23 09:45:00+05:30,456.0,28.0,64.0,2024,2
2024-02-23 10:00:00+05:30,467.0,28.0,60.0,2024,2
2024-02-23 10:15:00+05:30,472.0,29.0,56.0,2024,2
2024-02-23 10:30:00+05:30,469.0,30.0,53.0,2024,2
2024-02-23 10:45:00+05:30,474.0,31.0,49.0,2024,2
2024-02-23 11:00:00+05:30,475.0,32.0,47.0,2024,2
2024-02-23 11:15:00+05:30,471.0,32.0,45.0,2024,2
2024-02-23 11:30:00+05:30,472.0,32.0,44.0,2024,2
2024-02-23 11:45:00+05:30,469.0,33.0,42.0,2024,2
2024-02-23 12:00:00+05:30,471.0,33.0,41.0,2024,2
2024-02-23 12:15:00+05:30,467.0,33.0,40.0,2024,2
2024-02-23 12:30:00+05:30,467.0,34.0,40.0,2024,2
2024-02-23 12:45:00+05:30,466.0,34.0,40.0,2024,2
2024-02-23 13:00:00+05:30,459.0,34.0,44.0,2024,2
2024-02-23 13:15:00+05:30,457.0,34.0,44.0,2024,2
2024-02-23 13:30:00+05:30,457.0,34.0,44.0,2024,2
2024-02-23 13:45:00+05:30,458.0,34.0,45.0,2024,2
2024-02-23 14:00:00+05:30,461.0,34.0,45.0,2024,2
2024-02-23 14:15:00+05:30,464.0,34.0,46.0,2024,2
2024-02-23 14:30:00+05:30,465.0,34.0,47.0,2024,2
2024-02-23 14:45:00+05:30,462.0,34.0,47.0,2024,2
2024-02-23 15:00:00+05:30,463.0,33.0,49.0,2024,2
2024-02-23 15:15:00+05:30,463.0,33.0,48.0,2024,2
2024-02-23 15:30:00+05:30,463.0,33.0,47.0,2024,2
2024-02-23 15:45:00+05:30,462.0,33.0,45.0,2024,2
2024-02-23 16:00:00+05:30,462.0,33.0,42.0,2024,2
2024-02-23 16:15:00+05:30,460.0,33.0,38.0,2024,2
2024-02-23 16:30:00+05:30,455.0,32.0,35.0,2024,2
2024-02-23 16:45:00+05:30,451.0,32.0,33.0,2024,2
2024-02-23 17:00:00+05:30,450.0,32.0,31.0,2024,2
2024-02-23 17:15:00+05:30,444.0,32.0,30.0,2024,2
2024-02-23 17:30:00+05:30,438.0,31.0,30.0,2024,2
2024-02-23 17:45:00+05:30,431.0,30.0,31.0,2024,2
2024-02-23 18:00:00+05:30,423.0,30.0,33.0,2024,2
2024-02-23 18:15:00+05:30,414.0,29.0,33.0,2024,2
2024-02-23 18:30:00+05:30,412.0,28.0,35.0,2024,2
2024-02-23 18:45:00+05:30,409.0,28.0,37.0,2024,2
2024-02-23 19:00:00+05:30,409.0,27.0,38.0,2024,2
2024-02-23 19:15:00+05:30,404.0,27.0,40.0,2024,2
2024-02-23 19:30:00+05:30,392.0,27.0,40.0,2024,2
2024-02-23 19:45:00+05:30,387.0,27.0,41.0,2024,2
2024-02-23 20:00:00+05:30,379.0,27.0,42.0,2024,2
2024-02-23 20:15:00+05:30,373.0,26.0,42.0,2024,2
2024-02-23 20:30:00+05:30,366.0,26.0,43.0,2024,2
2024-02-23 20:45:00+05:30,364.0,26.0,44.0,2024,2
2024-02-23 21:00:00+05:30,357.0,26.0,44.0,2024,2
2024-02-23 21:15:00+05:30,350.0,26.0,44.0,2024,2
2024-02-23 21:30:00+05:30,345.0,26.0,44.0,2024,2
2024-02-23 21:45:00+05:30,342.0,25.0,45.0,2024,2
2024-02-23 22:00:00+05:30,335.0,25.0,46.0,2024,2
2024-02-23 22:15:00+05:30,328.0,25.0,47.0,2024,2
2024-02-23 22:30:00+05:30,323.0,25.0,48.0,2024,2
2024-02-23 22:45:00+05:30,319.0,25.0,48.0,2024,2
2024-02-23 23:00:00+05:30,313.0,25.0,47.0,2024,2
2024-02-23 23:15:00+05:30,304.0,24.0,46.0,2024,2
2024-02-23 23:30:00+05:30,302.0,24.0,46.0,2024,2
2024-02-23 23:45:00+05:30,296.0,24.0,47.0,2024,2
2024-02-24 00:00:00+05:30,289.0,24.0,48.0,2024,2
2024-02-24 00:15:00+05:30,285.0,24.0,48.0,2024,2
2024-02-24 00:30:00+05:30,280.0,23.0,48.0,2024,2
2024-02-24 00:45:00+05:30,276.0,23.0,48.0,2024,2
2024-02-24 01:00:00+05:30,271.0,23.0,48.0,2024,2
2024-02-24 01:15:00+05:30,268.0,23.0,48.0,2024,2
2024-02-24 01:30:00+05:30,264.0,23.0,48.0,2024,2
2024-02-24 01:45:00+05:30,261.0,23.0,48.0,2024,2
2024-02-24 02:00:00+05:30,261.0,23.0,48.0,2024,2
2024-02-24 02:15:00+05:30,261.0,23.0,48.0,2024,2
2024-02-24 02:30:00+05:30,261.0,23.0,49.0,2024,2
2024-02-24 02:45:00+05:30,258.0,23.0,50.0,2024,2
2024-02-24 03:00:00+05:30,256.0,23.0,51.0,2024,2
2024-02-24 03:15:00+05:30,255.0,23.0,52.0,2024,2
2024-02-24 03:30:00+05:30,253.0,23.0,53.0,2024,2
2024-02-24 03:45:00+05:30,251.0,22.0,55.0,2024,2
2024-02-24 04:00:00+05:30,249.0,23.0,56.0,2024,2
2024-02-24 04:15:00+05:30,252.0,22.0,57.0,2024,2
2024-02-24 04:30:00+05:30,253.0,22.0,58.0,2024,2
2024-02-24 04:45:00+05:30,255.0,22.0,58.0,2024,2
2024-02-24 05:00:00+05:30,257.0,22.0,58.0,2024,2
2024-02-24 05:15:00+05:30,258.0,22.0,58.0,2024,2
2024-02-24 05:30:00+05:30,260.0,22.0,59.0,2024,2
2024-02-24 05:45:00+05:30,262.0,22.0,58.0,2024,2
2024-02-24 06:00:00+05:30,269.0,22.0,58.0,2024,2
2024-02-24 06:15:00+05:30,273.0,22.0,59.0,2024,2
2024-02-24 06:30:00+05:30,276.0,22.0,60.0,2024,2
2024-02-24 06:45:00+05:30,277.0,22.0,60.0,2024,2
2024-02-24 07:00:00+05:30,281.0,21.0,60.0,2024,2
2024-02-24 07:15:00+05:30,289.0,22.0,59.0,2024,2
2024-02-24 07:30:00+05:30,294.0,22.0,59.0,2024,2
2024-02-24 07:45:00+05:30,302.0,22.0,58.0,2024,2
2024-02-24 08:00:00+05:30,314.0,22.0,57.0,2024,2
2024-02-24 08:15:00+05:30,325.0,23.0,55.0,2024,2
2024-02-24 08:30:00+05:30,331.0,24.0,52.0,2024,2
2024-02-24 08:45:00+05:30,339.0,24.0,49.0,2024,2
2024-02-24 09:00:00+05:30,345.0,25.0,46.0,2024,2
2024-02-24 09:15:00+05:30,359.0,26.0,44.0,2024,2
2024-02-24 09:30:00+05:30,364.0,27.0,40.0,2024,2
2024-02-24 09:45:00+05:30,370.0,28.0,37.0,2024,2
2024-02-24 10:00:00+05:30,384.0,29.0,35.0,2024,2
2024-02-24 10:15:00+05:30,389.0,30.0,33.0,2024,2
2024-02-24 10:30:00+05:30,386.0,31.0,31.0,2024,2
2024-02-24 10:45:00+05:30,389.0,31.0,29.0,2024,2
2024-02-24 11:00:00+05:30,391.0,32.0,28.0,2024,2
2024-02-24 11:15:00+05:30,392.0,33.0,26.0,2024,2
2024-02-24 11:30:00+05:30,392.0,34.0,25.0,2024,2
2024-02-24 11:45:00+05:30,393.0,34.0,25.0,2024,2
2024-02-24 12:00:00+05:30,393.0,34.0,23.0,2024,2
2024-02-24 12:15:00+05:30,391.0,35.0,22.0,2024,2
2024-02-24 12:30:00+05:30,391.0,35.0,21.0,2024,2
2024-02-24 12:45:00+05:30,391.0,36.0,21.0,2024,2
2024-02-24 13:00:00+05:30,387.0,36.0,20.0,2024,2
2024-02-24 13:15:00+05:30,383.0,36.0,22.0,2024,2
2024-02-24 13:30:00+05:30,382.0,36.0,23.0,2024,2
2024-02-24 13:45:00+05:30,384.0,36.0,25.0,2024,2
2024-02-24 14:00:00+05:30,384.0,36.0,28.0,2024,2
2024-02-24 14:15:00+05:30,384.0,36.0,27.0,2024,2
2024-02-24 14:30:00+05:30,384.0,36.0,28.0,2024,2
2024-02-24 14:45:00+05:30,385.0,36.0,27.0,2024,2
2024-02-24 15:00:00+05:30,384.0,36.0,27.0,2024,2
2024-02-24 15:15:00+05:30,383.0,36.0,25.0,2024,2
2024-02-24 15:30:00+05:30,381.0,35.0,24.0,2024,2
2024-02-24 15:45:00+05:30,379.0,35.0,23.0,2024,2
2024-02-24 16:00:00+05:30,379.0,35.0,23.0,2024,2
2024-02-24 16:15:00+05:30,376.0,34.0,22.0,2024,2
2024-02-24 16:30:00+05:30,372.0,33.0,22.0,2024,2
2024-02-24 16:45:00+05:30,371.0,33.0,23.0,2024,2
2024-02-24 17:00:00+05:30,370.0,33.0,23.0,2024,2
2024-02-24 17:15:00+05:30,371.0,33.0,23.0,2024,2
2024-02-24 17:30:00+05:30,369.0,32.0,23.0,2024,2
2024-02-24 17:45:00+05:30,364.0,31.0,24.0,2024,2
2024-02-24 18:00:00+05:30,361.0,30.0,24.0,2024,2
2024-02-24 18:15:00+05:30,360.0,29.0,26.0,2024,2
2024-02-24 18:30:00+05:30,361.0,28.0,28.0,2024,2
2024-02-24 18:45:00+05:30,370.0,28.0,30.0,2024,2
2024-02-24 19:00:00+05:30,366.0,28.0,32.0,2024,2
2024-02-24 19:15:00+05:30,364.0,27.0,34.0,2024,2
2024-02-24 19:30:00+05:30,358.0,27.0,35.0,2024,2
2024-02-24 19:45:00+05:30,357.0,27.0,37.0,2024,2
2024-02-24 20:00:00+05:30,351.0,27.0,36.0,2024,2
2024-02-24 20:15:00+05:30,346.0,26.0,36.0,2024,2
2024-02-24 20:30:00+05:30,340.0,26.0,35.0,2024,2
2024-02-24 20:45:00+05:30,337.0,26.0,35.0,2024,2
2024-02-24 21:00:00+05:30,336.0,26.0,36.0,2024,2
2024-02-24 21:15:00+05:30,331.0,25.0,36.0,2024,2
2024-02-24 21:30:00+05:30,326.0,25.0,36.0,2024,2
2024-02-24 21:45:00+05:30,321.0,25.0,38.0,2024,2
2024-02-24 22:00:00+05:30,314.0,25.0,38.0,2024,2
2024-02-24 22:15:00+05:30,308.0,24.0,38.0,2024,2
2024-02-24 22:30:00+05:30,306.0,24.0,38.0,2024,2
2024-02-24 22:45:00+05:30,302.0,24.0,38.0,2024,2
2024-02-24 23:00:00+05:30,296.0,24.0,38.0,2024,2
2024-02-24 23:15:00+05:30,292.0,24.0,38.0,2024,2
2024-02-24 23:30:00+05:30,285.0,24.0,38.0,2024,2
2024-02-24 23:45:00+05:30,279.0,24.0,39.0,2024,2
2024-02-25 00:00:00+05:30,277.0,23.0,39.0,2024,2
2024-02-25 00:15:00+05:30,274.0,23.0,39.0,2024,2
2024-02-25 00:30:00+05:30,269.0,23.0,39.0,2024,2
2024-02-25 00:45:00+05:30,267.0,23.0,40.0,2024,2
2024-02-25 01:00:00+05:30,263.0,22.0,41.0,2024,2
2024-02-25 01:15:00+05:30,262.0,22.0,41.0,2024,2
2024-02-25 01:30:00+05:30,260.0,22.0,42.0,2024,2
2024-02-25 01:45:00+05:30,258.0,22.0,42.0,2024,2
2024-02-25 02:00:00+05:30,255.0,22.0,42.0,2024,2
2024-02-25 02:15:00+05:30,255.0,22.0,43.0,2024,2
2024-02-25 02:30:00+05:30,253.0,22.0,44.0,2024,2
2024-02-25 02:45:00+05:30,249.0,21.0,45.0,2024,2
2024-02-25 03:00:00+05:30,246.0,21.0,44.0,2024,2
2024-02-25 03:15:00+05:30,246.0,21.0,45.0,2024,2
2024-02-25 03:30:00+05:30,243.0,21.0,45.0,2024,2
2024-02-25 03:45:00+05:30,241.0,21.0,45.0,2024,2
2024-02-25 04:00:00+05:30,239.0,21.0,45.0,2024,2
2024-02-25 04:15:00+05:30,241.0,21.0,44.0,2024,2
2024-02-25 04:30:00+05:30,241.0,21.0,44.0,2024,2
2024-02-25 04:45:00+05:30,242.0,21.0,44.0,2024,2
2024-02-25 05:00:00+05:30,243.0,21.0,45.0,2024,2
2024-02-25 05:15:00+05:30,243.0,20.0,45.0,2024,2
2024-02-25 05:30:00+05:30,244.0,20.0,46.0,2024,2
2024-02-25 05:45:00+05:30,248.0,20.0,46.0,2024,2
2024-02-25 06:00:00+05:30,251.0,20.0,47.0,2024,2
2024-02-25 06:15:00+05:30,252.0,20.0,47.0,2024,2
2024-02-25 06:30:00+05:30,252.0,20.0,48.0,2024,2
2024-02-25 06:45:00+05:30,252.0,20.0,47.0,2024,2
2024-02-25 07:00:00+05:30,254.0,20.0,49.0,2024,2
2024-02-25 07:15:00+05:30,256.0,20.0,48.0,2024,2
2024-02-25 07:30:00+05:30,259.0,20.0,49.0,2024,2
2024-02-25 07:45:00+05:30,264.0,20.0,49.0,2024,2
2024-02-25 08:00:00+05:30,268.0,21.0,48.0,2024,2
2024-02-25 08:15:00+05:30,274.0,22.0,43.0,2024,2
2024-02-25 08:30:00+05:30,277.0,23.0,41.0,2024,2
2024-02-25 08:45:00+05:30,284.0,24.0,37.0,2024,2
2024-02-25 09:00:00+05:30,290.0,25.0,34.0,2024,2
2024-02-25 09:15:00+05:30,294.0,26.0,30.0,2024,2
2024-02-25 09:30:00+05:30,298.0,27.0,27.0,2024,2
2024-02-25 09:45:00+05:30,304.0,28.0,26.0,2024,2
2024-02-25 10:00:00+05:30,314.0,29.0,24.0,2024,2
2024-02-25 10:15:00+05:30,320.0,29.0,24.0,2024,2
2024-02-25 10:30:00+05:30,317.0,31.0,21.0,2024,2
2024-02-25 10:45:00+05:30,321.0,32.0,20.0,2024,2
2024-02-25 11:00:00+05:30,324.0,32.0,19.0,2024,2
2024-02-25 11:15:00+05:30,323.0,33.0,19.0,2024,2
2024-02-25 11:30:00+05:30,324.0,34.0,19.0,2024,2
2024-02-25 11:45:00+05:30,325.0,34.0,18.0,2024,2
2024-02-25 12:00:00+05:30,327.0,35.0,17.0,2024,2
2024-02-25 12:15:00+05:30,326.0,36.0,17.0,2024,2
2024-02-25 12:30:00+05:30,326.0,36.0,17.0,2024,2
2024-02-25 12:45:00+05:30,324.0,36.0,18.0,2024,2
2024-02-25 13:00:00+05:30,324.0,36.0,17.0,2024,2
2024-02-25 13:15:00+05:30,322.0,37.0,17.0,2024,2
2024-02-25 13:30:00+05:30,321.0,36.0,17.0,2024,2
2024-02-25 13:45:00+05:30,321.0,36.0,18.0,2024,2
2024-02-25 14:00:00+05:30,319.0,36.0,19.0,2024,2
2024-02-25 14:15:00+05:30,318.0,36.0,21.0,2024,2
2024-02-25 14:30:00+05:30,317.0,36.0,21.0,2024,2
2024-02-25 14:45:00+05:30,316.0,36.0,24.0,2024,2
2024-02-25 15:00:00+05:30,315.0,36.0,25.0,2024,2
2024-02-25 15:15:00+05:30,318.0,36.0,26.0,2024,2
2024-02-25 15:30:00+05:30,316.0,35.0,28.0,2024,2
2024-02-25 15:45:00+05:30,316.0,35.0,28.0,2024,2
2024-02-25 16:00:00+05:30,317.0,35.0,27.0,2024,2
2024-02-25 16:15:00+05:30,318.0,35.0,27.0,2024,2
2024-02-25 16:30:00+05:30,316.0,34.0,28.0,2024,2
2024-02-25 16:45:00+05:30,315.0,34.0,29.0,2024,2
2024-02-25 17:00:00+05:30,313.0,34.0,27.0,2024,2
2024-02-25 17:15:00+05:30,314.0,33.0,28.0,2024,2
2024-02-25 17:30:00+05:30,315.0,33.0,29.0,2024,2
2024-02-25 17:45:00+05:30,316.0,32.0,31.0,2024,2
2024-02-25 18:00:00+05:30,319.0,31.0,33.0,2024,2
2024-02-25 18:15:00+05:30,321.0,30.0,35.0,2024,2
2024-02-25 18:30:00+05:30,323.0,29.0,37.0,2024,2
2024-02-25 18:45:00+05:30,329.0,29.0,40.0,2024,2
2024-02-25 19:00:00+05:30,329.0,28.0,42.0,2024,2
2024-02-25 19:15:00+05:30,330.0,28.0,44.0,2024,2
2024-02-25 19:30:00+05:30,327.0,28.0,46.0,2024,2
2024-02-25 19:45:00+05:30,326.0,27.0,48.0,2024,2
2024-02-25 20:00:00+05:30,326.0,27.0,49.0,2024,2
2024-02-25 20:15:00+05:30,324.0,27.0,50.0,2024,2
2024-02-25 20:30:00+05:30,324.0,27.0,52.0,2024,2
2024-02-25 20:45:00+05:30,323.0,27.0,52.0,2024,2
2024-02-25 21:00:00+05:30,321.0,27.0,52.0,2024,2
2024-02-25 21:15:00+05:30,319.0,26.0,53.0,2024,2
2024-02-25 21:30:00+05:30,315.0,26.0,53.0,2024,2
2024-02-25 21:45:00+05:30,311.0,26.0,53.0,2024,2
2024-02-25 22:00:00+05:30,307.0,26.0,54.0,2024,2
2024-02-25 22:15:00+05:30,303.0,26.0,54.0,2024,2
2024-02-25 22:30:00+05:30,297.0,26.0,55.0,2024,2
2024-02-25 22:45:00+05:30,294.0,25.0,55.0,2024,2
2024-02-25 23:00:00+05:30,288.0,25.0,55.0,2024,2
2024-02-25 23:15:00+05:30,284.0,25.0,56.0,2024,2
2024-02-25 23:30:00+05:30,281.0,25.0,56.0,2024,2
2024-02-25 23:45:00+05:30,277.0,25.0,57.0,2024,2
2024-02-26 00:00:00+05:30,274.0,24.0,58.0,2024,2
2024-02-26 00:15:00+05:30,269.0,24.0,58.0,2024,2
2024-02-26 00:30:00+05:30,265.0,24.0,58.0,2024,2
2024-02-26 00:45:00+05:30,262.0,24.0,58.0,2024,2
2024-02-26 01:00:00+05:30,260.0,24.0,58.0,2024,2
2024-02-26 01:15:00+05:30,257.0,24.0,58.0,2024,2
2024-02-26 01:30:00+05:30,254.0,24.0,58.0,2024,2
2024-02-26 01:45:00+05:30,253.0,24.0,58.0,2024,2
2024-02-26 02:00:00+05:30,250.0,22.0,62.0,2024,2
2024-02-26 02:15:00+05:30,248.0,22.0,62.0,2024,2
2024-02-26 02:30:00+05:30,248.0,22.0,62.0,2024,2
2024-02-26 02:45:00+05:30,245.0,22.0,62.0,2024,2
2024-02-26 03:00:00+05:30,242.0,22.0,63.0,2024,2
2024-02-26 03:15:00+05:30,243.0,22.0,63.0,2024,2
2024-02-26 03:30:00+05:30,243.0,22.0,63.0,2024,2
2024-02-26 03:45:00+05:30,242.0,22.0,63.0,2024,2
2024-02-26 04:00:00+05:30,240.0,21.0,63.0,2024,2
2024-02-26 04:15:00+05:30,243.0,21.0,63.0,2024,2
2024-02-26 04:30:00+05:30,242.0,21.0,63.0,2024,2
2024-02-26 04:45:00+05:30,242.0,21.0,63.0,2024,2
2024-02-26 05:00:00+05:30,246.0,21.0,61.0,2024,2
2024-02-26 05:15:00+05:30,247.0,21.0,61.0,2024,2
2024-02-26 05:30:00+05:30,253.0,21.0,61.0,2024,2
2024-02-26 05:45:00+05:30,257.0,21.0,61.0,2024,2
2024-02-26 06:00:00+05:30,267.0,21.0,58.0,2024,2
2024-02-26 06:15:00+05:30,278.0,21.0,58.0,2024,2
2024-02-26 06:30:00+05:30,283.0,21.0,58.0,2024,2
2024-02-26 06:45:00+05:30,292.0,21.0,58.0,2024,2
2024-02-26 07:00:00+05:30,304.0,21.0,55.0,2024,2
2024-02-26 07:15:00+05:30,315.0,21.0,55.0,2024,2
2024-02-26 07:30:00+05:30,329.0,21.0,55.0,2024,2
2024-02-26 07:45:00+05:30,343.0,21.0,55.0,2024,2
2024-02-26 08:00:00+05:30,360.0,23.0,48.0,2024,2
2024-02-26 08:15:00+05:30,374.0,23.0,48.0,2024,2
2024-02-26 08:30:00+05:30,389.0,23.0,48.0,2024,2
2024-02-26 08:45:00+05:30,401.0,23.0,48.0,2024,2
2024-02-26 09:00:00+05:30,414.0,27.0,40.0,2024,2
2024-02-26 09:15:00+05:30,426.0,27.0,40.0,2024,2
2024-02-26 09:30:00+05:30,437.0,27.0,40.0,2024,2
2024-02-26 09:45:00+05:30,445.0,27.0,40.0,2024,2
2024-02-26 10:00:00+05:30,459.0,30.0,34.0,2024,2
2024-02-26 10:15:00+05:30,472.0,30.0,34.0,2024,2
2024-02-26 10:30:00+05:30,467.0,30.0,34.0,2024,2
2024-02-26 10:45:00+05:30,467.0,30.0,34.0,2024,2
2024-02-26 11:00:00+05:30,468.0,32.0,33.0,2024,2
2024-02-26 11:15:00+05:30,471.0,32.0,33.0,2024,2
2024-02-26 11:30:00+05:30,471.0,32.0,33.0,2024,2
2024-02-26 11:45:00+05:30,471.0,32.0,33.0,2024,2
2024-02-26 12:00:00+05:30,473.0,33.0,34.0,2024,2
2024-02-26 12:15:00+05:30,469.0,33.0,34.0,2024,2
2024-02-26 12:30:00+05:30,472.0,33.0,34.0,2024,2
2024-02-26 12:45:00+05:30,471.0,33.0,34.0,2024,2
2024-02-26 13:00:00+05:30,468.0,34.0,35.0,2024,2
2024-02-26 13:15:00+05:30,467.0,34.0,35.0,2024,2
2024-02-26 13:30:00+05:30,465.0,34.0,35.0,2024,2
2024-02-26 13:45:00+05:30,469.0,34.0,35.0,2024,2
2024-02-26 14:00:00+05:30,460.0,33.0,40.0,2024,2
2024-02-26 14:15:00+05:30,458.0,33.0,40.0,2024,2
2024-02-26 14:30:00+05:30,466.0,33.0,40.0,2024,2
2024-02-26 14:45:00+05:30,468.0,33.0,40.0,2024,2
2024-02-26 15:00:00+05:30,467.0,33.0,43.0,2024,2
2024-02-26 15:15:00+05:30,468.0,33.0,43.0,2024,2
2024-02-26 15:30:00+05:30,465.0,33.0,43.0,2024,2
2024-02-26 15:45:00+05:30,464.0,33.0,43.0,2024,2
2024-02-26 16:00:00+05:30,462.0,32.0,46.0,2024,2
2024-02-26 16:15:00+05:30,461.0,32.0,46.0,2024,2
2024-02-26 16:30:00+05:30,457.0,32.0,46.0,2024,2
2024-02-26 16:45:00+05:30,457.0,32.0,46.0,2024,2
2024-02-26 17:00:00+05:30,452.0,31.0,52.0,2024,2
2024-02-26 17:15:00+05:30,452.0,31.0,52.0,2024,2
2024-02-26 17:30:00+05:30,447.0,31.0,52.0,2024,2
2024-02-26 17:45:00+05:30,438.0,31.0,52.0,2024,2
2024-02-26 18:00:00+05:30,436.0,29.0,59.0,2024,2
2024-02-26 18:15:00+05:30,430.0,29.0,59.0,2024,2
2024-02-26 18:30:00+05:30,428.0,29.0,59.0,2024,2
2024-02-26 18:45:00+05:30,428.0,29.0,59.0,2024,2
2024-02-26 19:00:00+05:30,420.0,28.0,66.0,2024,2
2024-02-26 19:15:00+05:30,415.0,28.0,66.0,2024,2
2024-02-26 19:30:00+05:30,406.0,28.0,66.0,2024,2
2024-02-26 19:45:00+05:30,398.0,28.0,66.0,2024,2
2024-02-26 20:00:00+05:30,388.0,27.0,71.0,2024,2
2024-02-26 20:15:00+05:30,385.0,27.0,71.0,2024,2
2024-02-26 20:30:00+05:30,379.0,27.0,71.0,2024,2
2024-02-26 20:45:00+05:30,372.0,27.0,71.0,2024,2
2024-02-26 21:00:00+05:30,365.0,26.0,74.0,2024,2
2024-02-26 21:15:00+05:30,361.0,26.0,74.0,2024,2
2024-02-26 21:30:00+05:30,354.0,26.0,74.0,2024,2
2024-02-26 21:45:00+05:30,349.0,26.0,74.0,2024,2
2024-02-26 22:00:00+05:30,342.0,25.0,77.0,2024,2
2024-02-26 22:15:00+05:30,332.0,25.0,77.0,2024,2
2024-02-26 22:30:00+05:30,330.0,25.0,77.0,2024,2
2024-02-26 22:45:00+05:30,326.0,25.0,77.0,2024,2
2024-02-26 23:00:00+05:30,322.0,25.0,78.0,2024,2
2024-02-26 23:15:00+05:30,317.0,25.0,78.0,2024,2
2024-02-26 23:30:00+05:30,311.0,25.0,78.0,2024,2
2024-02-26 23:45:00+05:30,306.0,25.0,78.0,2024,2
2024-02-27 00:00:00+05:30,301.0,26.0,67.0,2024,2
2024-02-27 00:15:00+05:30,296.0,26.0,67.0,2024,2
2024-02-27 00:30:00+05:30,292.0,26.0,67.0,2024,2
2024-02-27 00:45:00+05:30,286.0,26.0,67.0,2024,2
2024-02-27 01:00:00+05:30,283.0,26.0,67.0,2024,2
2024-02-27 01:15:00+05:30,281.0,26.0,67.0,2024,2
2024-02-27 01:30:00+05:30,279.0,26.0,66.0,2024,2
2024-02-27 01:45:00+05:30,276.0,26.0,66.0,2024,2
2024-02-27 02:00:00+05:30,275.0,26.0,66.0,2024,2
2024-02-27 02:15:00+05:30,272.0,26.0,66.0,2024,2
2024-02-27 02:30:00+05:30,270.0,26.0,66.0,2024,2
2024-02-27 02:45:00+05:30,268.0,26.0,66.0,2024,2
2024-02-27 03:00:00+05:30,266.0,26.0,66.0,2024,2
2024-02-27 03:15:00+05:30,265.0,26.0,66.0,2024,2
2024-02-27 03:30:00+05:30,263.0,26.0,67.0,2024,2
2024-02-27 03:45:00+05:30,260.0,26.0,67.0,2024,2
2024-02-27 04:00:00+05:30,260.0,26.0,67.0,2024,2
2024-02-27 04:15:00+05:30,260.0,26.0,67.0,2024,2
2024-02-27 04:30:00+05:30,261.0,25.0,68.0,2024,2
2024-02-27 04:45:00+05:30,261.0,25.0,68.0,2024,2
2024-02-27 05:00:00+05:30,266.0,25.0,68.0,2024,2
2024-02-27 05:15:00+05:30,265.0,25.0,68.0,2024,2
2024-02-27 05:30:00+05:30,270.0,25.0,69.0,2024,2
2024-02-27 05:45:00+05:30,277.0,25.0,69.0,2024,2
2024-02-27 06:00:00+05:30,287.0,25.0,70.0,2024,2
2024-02-27 06:15:00+05:30,293.0,25.0,70.0,2024,2
2024-02-27 06:30:00+05:30,300.0,25.0,70.0,2024,2
2024-02-27 06:45:00+05:30,313.0,25.0,70.0,2024,2
2024-02-27 07:00:00+05:30,321.0,25.0,70.0,2024,2
2024-02-27 07:15:00+05:30,331.0,25.0,70.0,2024,2
2024-02-27 07:30:00+05:30,345.0,26.0,70.0,2024,2
2024-02-27 07:45:00+05:30,357.0,26.0,70.0,2024,2
2024-02-27 08:00:00+05:30,376.0,26.0,69.0,2024,2
2024-02-27 08:15:00+05:30,394.0,26.0,69.0,2024,2
2024-02-27 08:30:00+05:30,406.0,25.0,69.0,2024,2
2024-02-27 08:45:00+05:30,420.0,25.0,69.0,2024,2
2024-02-27 09:00:00+05:30,432.0,25.0,70.0,2024,2
2024-02-27 09:15:00+05:30,446.0,25.0,70.0,2024,2
2024-02-27 09:30:00+05:30,452.0,25.0,70.0,2024,2
2024-02-27 09:45:00+05:30,459.0,25.0,70.0,2024,2
2024-02-27 10:00:00+05:30,471.0,25.0,71.0,2024,2
2024-02-27 10:15:00+05:30,479.0,25.0,71.0,2024,2
2024-02-27 10:30:00+05:30,476.0,25.0,72.0,2024,2
2024-02-27 10:45:00+05:30,477.0,25.0,72.0,2024,2
2024-02-27 11:00:00+05:30,475.0,25.0,73.0,2024,2
2024-02-27 11:15:00+05:30,476.0,25.0,73.0,2024,2
2024-02-27 11:30:00+05:30,477.0,25.0,73.0,2024,2
2024-02-27 11:45:00+05:30,475.0,25.0,73.0,2024,2
2024-02-27 12:00:00+05:30,475.0,25.0,72.0,2024,2
2024-02-27 12:15:00+05:30,472.0,25.0,72.0,2024,2
2024-02-27 12:30:00+05:30,471.0,25.0,73.0,2024,2
2024-02-27 12:45:00+05:30,470.0,25.0,73.0,2024,2
2024-02-27 13:00:00+05:30,470.0,25.0,73.0,2024,2
2024-02-27 13:15:00+05:30,472.0,25.0,73.0,2024,2
2024-02-27 13:30:00+05:30,467.0,25.0,74.0,2024,2
2024-02-27 13:45:00+05:30,462.0,25.0,74.0,2024,2
2024-02-27 14:00:00+05:30,465.0,25.0,75.0,2024,2
2024-02-27 14:15:00+05:30,473.0,25.0,75.0,2024,2
2024-02-27 14:30:00+05:30,476.0,25.0,74.0,2024,2
2024-02-27 14:45:00+05:30,475.0,25.0,74.0,2024,2
2024-02-27 15:00:00+05:30,472.0,25.0,73.0,2024,2
2024-02-27 15:15:00+05:30,472.0,25.0,73.0,2024,2
2024-02-27 15:30:00+05:30,472.0,25.0,73.0,2024,2
2024-02-27 15:45:00+05:30,468.0,25.0,73.0,2024,2
2024-02-27 16:00:00+05:30,469.0,26.0,71.0,2024,2
2024-02-27 16:15:00+05:30,466.0,26.0,71.0,2024,2
2024-02-27 16:30:00+05:30,460.0,26.0,69.0,2024,2
2024-02-27 16:45:00+05:30,463.0,26.0,69.0,2024,2
2024-02-27 17:00:00+05:30,462.0,27.0,67.0,2024,2
2024-02-27 17:15:00+05:30,457.0,27.0,67.0,2024,2
2024-02-27 17:30:00+05:30,455.0,27.0,64.0,2024,2
2024-02-27 17:45:00+05:30,448.0,27.0,64.0,2024,2
2024-02-27 18:00:00+05:30,439.0,28.0,61.0,2024,2
2024-02-27 18:15:00+05:30,433.0,28.0,61.0,2024,2
2024-02-27 18:30:00+05:30,430.0,29.0,58.0,2024,2
2024-02-27 18:45:00+05:30,432.0,29.0,58.0,2024,2
2024-02-27 19:00:00+05:30,420.0,29.0,52.0,2024,2
2024-02-27 19:15:00+05:30,412.0,29.0,52.0,2024,2
2024-02-27 19:30:00+05:30,404.0,30.0,48.0,2024,2
2024-02-27 19:45:00+05:30,399.0,30.0,48.0,2024,2
2024-02-27 20:00:00+05:30,392.0,30.0,45.0,2024,2
2024-02-27 20:15:00+05:30,387.0,30.0,45.0,2024,2
2024-02-27 20:30:00+05:30,380.0,31.0,41.0,2024,2
2024-02-27 20:45:00+05:30,376.0,31.0,41.0,2024,2
2024-02-27 21:00:00+05:30,371.0,31.0,40.0,2024,2
2024-02-27 21:15:00+05:30,363.0,31.0,40.0,2024,2
2024-02-27 21:30:00+05:30,356.0,32.0,38.0,2024,2
2024-02-27 21:45:00+05:30,350.0,32.0,38.0,2024,2
2024-02-27 22:00:00+05:30,343.0,32.0,37.0,2024,2
2024-02-27 22:15:00+05:30,336.0,32.0,37.0,2024,2
2024-02-27 22:30:00+05:30,330.0,33.0,34.0,2024,2
2024-02-27 22:45:00+05:30,329.0,33.0,34.0,2024,2
2024-02-27 23:00:00+05:30,326.0,34.0,32.0,2024,2
2024-02-27 23:15:00+05:30,317.0,34.0,32.0,2024,2
2024-02-27 23:30:00+05:30,313.0,34.0,32.0,2024,2
2024-02-27 23:45:00+05:30,307.0,34.0,32.0,2024,2
2024-02-28 00:00:00+05:30,301.0,25.0,65.0,2024,2
2024-02-28 00:15:00+05:30,296.0,25.0,66.0,2024,2
2024-02-28 00:30:00+05:30,290.0,25.0,66.0,2024,2
2024-02-28 00:45:00+05:30,289.0,25.0,66.0,2024,2
2024-02-28 01:00:00+05:30,285.0,25.0,66.0,2024,2
2024-02-28 01:15:00+05:30,281.0,25.0,66.0,2024,2
2024-02-28 01:30:00+05:30,280.0,25.0,67.0,2024,2
2024-02-28 01:45:00+05:30,277.0,25.0,67.0,2024,2
2024-02-28 02:00:00+05:30,274.0,25.0,67.0,2024,2
2024-02-28 02:15:00+05:30,273.0,24.0,67.0,2024,2
2024-02-28 02:30:00+05:30,271.0,24.0,68.0,2024,2
2024-02-28 02:45:00+05:30,269.0,24.0,68.0,2024,2
2024-02-28 03:00:00+05:30,268.0,24.0,66.0,2024,2
2024-02-28 03:15:00+05:30,267.0,24.0,67.0,2024,2
2024-02-28 03:30:00+05:30,266.0,23.0,67.0,2024,2
2024-02-28 03:45:00+05:30,263.0,23.0,67.0,2024,2
2024-02-28 04:00:00+05:30,262.0,23.0,67.0,2024,2
2024-02-28 04:15:00+05:30,262.0,23.0,67.0,2024,2
2024-02-28 04:30:00+05:30,262.0,23.0,68.0,2024,2
2024-02-28 04:45:00+05:30,261.0,23.0,68.0,2024,2
2024-02-28 05:00:00+05:30,263.0,23.0,68.0,2024,2
2024-02-28 05:15:00+05:30,267.0,23.0,68.0,2024,2
2024-02-28 05:30:00+05:30,269.0,23.0,68.0,2024,2
2024-02-28 05:45:00+05:30,274.0,23.0,68.0,2024,2
2024-02-28 06:00:00+05:30,284.0,23.0,68.0,2024,2
2024-02-28 06:15:00+05:30,291.0,23.0,68.0,2024,2
2024-02-28 06:30:00+05:30,297.0,23.0,67.0,2024,2
2024-02-28 06:45:00+05:30,306.0,23.0,67.0,2024,2
2024-02-28 07:00:00+05:30,317.0,23.0,67.0,2024,2
2024-02-28 07:15:00+05:30,326.0,23.0,66.0,2024,2
2024-02-28 07:30:00+05:30,339.0,23.0,66.0,2024,2
2024-02-28 07:45:00+05:30,352.0,23.0,64.0,2024,2
2024-02-28 08:00:00+05:30,374.0,24.0,62.0,2024,2
2024-02-28 08:15:00+05:30,386.0,24.0,60.0,2024,2
2024-02-28 08:30:00+05:30,403.0,25.0,58.0,2024,2
2024-02-28 08:45:00+05:30,415.0,25.0,56.0,2024,2
2024-02-28 09:00:00+05:30,426.0,26.0,54.0,2024,2
2024-02-28 09:15:00+05:30,437.0,27.0,51.0,2024,2
2024-02-28 09:30:00+05:30,448.0,28.0,49.0,2024,2
2024-02-28 09:45:00+05:30,457.0,28.0,47.0,2024,2
2024-02-28 10:00:00+05:30,464.0,29.0,45.0,2024,2
2024-02-28 10:15:00+05:30,471.0,30.0,44.0,2024,2
2024-02-28 10:30:00+05:30,475.0,30.0,43.0,2024,2
2024-02-28 10:45:00+05:30,481.0,31.0,42.0,2024,2
2024-02-28 11:00:00+05:30,484.0,31.0,41.0,2024,2
2024-02-28 11:15:00+05:30,484.0,32.0,40.0,2024,2
2024-02-28 11:30:00+05:30,484.0,32.0,39.0,2024,2
2024-02-28 11:45:00+05:30,483.0,33.0,39.0,2024,2
2024-02-28 12:00:00+05:30,484.0,33.0,37.0,2024,2
2024-02-28 12:15:00+05:30,484.0,34.0,36.0,2024,2
2024-02-28 12:30:00+05:30,483.0,34.0,36.0,2024,2
2024-02-28 12:45:00+05:30,481.0,34.0,35.0,2024,2
2024-02-28 13:00:00+05:30,477.0,35.0,35.0,2024,2
2024-02-28 13:15:00+05:30,476.0,35.0,35.0,2024,2
2024-02-28 13:30:00+05:30,473.0,35.0,35.0,2024,2
2024-02-28 13:45:00+05:30,472.0,35.0,35.0,2024,2
2024-02-28 14:00:00+05:30,475.0,35.0,36.0,2024,2
2024-02-28 14:15:00+05:30,480.0,35.0,36.0,2024,2
2024-02-28 14:30:00+05:30,482.0,35.0,37.0,2024,2
2024-02-28 14:45:00+05:30,484.0,35.0,38.0,2024,2
2024-02-28 15:00:00+05:30,484.0,35.0,38.0,2024,2
2024-02-28 15:15:00+05:30,485.0,34.0,39.0,2024,2
2024-02-28 15:30:00+05:30,482.0,34.0,39.0,2024,2
2024-02-28 15:45:00+05:30,483.0,34.0,39.0,2024,2
2024-02-28 16:00:00+05:30,482.0,34.0,40.0,2024,2
2024-02-28 16:15:00+05:30,480.0,33.0,40.0,2024,2
2024-02-28 16:30:00+05:30,475.0,33.0,41.0,2024,2
2024-02-28 16:45:00+05:30,475.0,33.0,41.0,2024,2
2024-02-28 17:00:00+05:30,473.0,32.0,42.0,2024,2
2024-02-28 17:15:00+05:30,470.0,32.0,44.0,2024,2
2024-02-28 17:30:00+05:30,464.0,32.0,45.0,2024,2
2024-02-28 17:45:00+05:30,456.0,31.0,46.0,2024,2
2024-02-28 18:00:00+05:30,448.0,31.0,47.0,2024,2
2024-02-28 18:15:00+05:30,447.0,31.0,49.0,2024,2
2024-02-28 18:30:00+05:30,442.0,30.0,50.0,2024,2
2024-02-28 18:45:00+05:30,443.0,30.0,51.0,2024,2
2024-02-28 19:00:00+05:30,435.0,29.0,53.0,2024,2
2024-02-28 19:15:00+05:30,429.0,29.0,53.0,2024,2
2024-02-28 19:30:00+05:30,419.0,29.0,54.0,2024,2
2024-02-28 19:45:00+05:30,412.0,28.0,54.0,2024,2
2024-02-28 20:00:00+05:30,404.0,28.0,56.0,2024,2
2024-02-28 20:15:00+05:30,397.0,28.0,56.0,2024,2
2024-02-28 20:30:00+05:30,393.0,28.0,57.0,2024,2
2024-02-28 20:45:00+05:30,386.0,28.0,57.0,2024,2
2024-02-28 21:00:00+05:30,378.0,28.0,58.0,2024,2
2024-02-28 21:15:00+05:30,375.0,27.0,59.0,2024,2
2024-02-28 21:30:00+05:30,369.0,27.0,59.0,2024,2
2024-02-28 21:45:00+05:30,363.0,27.0,60.0,2024,2
2024-02-28 22:00:00+05:30,356.0,27.0,61.0,2024,2
2024-02-28 22:15:00+05:30,352.0,27.0,62.0,2024,2
2024-02-28 22:30:00+05:30,348.0,26.0,62.0,2024,2
2024-02-28 22:45:00+05:30,342.0,26.0,62.0,2024,2
2024-02-28 23:00:00+05:30,336.0,26.0,62.0,2024,2
2024-02-28 23:15:00+05:30,329.0,26.0,62.0,2024,2
2024-02-28 23:30:00+05:30,324.0,26.0,62.0,2024,2
2024-02-28 23:45:00+05:30,320.0,26.0,62.0,2024,2
2024-02-29 00:00:00+05:30,319.0,26.0,62.0,2024,2
2024-02-29 00:15:00+05:30,312.0,26.0,62.0,2024,2
2024-02-29 00:30:00+05:30,306.0,26.0,62.0,2024,2
2024-02-29 00:45:00+05:30,303.0,25.0,62.0,2024,2
2024-02-29 01:00:00+05:30,298.0,25.0,62.0,2024,2
2024-02-29 01:15:00+05:30,295.0,25.0,61.0,2024,2
2024-02-29 01:30:00+05:30,292.0,25.0,61.0,2024,2
2024-02-29 01:45:00+05:30,285.0,25.0,62.0,2024,2
2024-02-29 02:00:00+05:30,283.0,24.0,62.0,2024,2
2024-02-29 02:15:00+05:30,280.0,25.0,63.0,2024,2
2024-02-29 02:30:00+05:30,278.0,25.0,63.0,2024,2
2024-02-29 02:45:00+05:30,275.0,24.0,64.0,2024,2
2024-02-29 03:00:00+05:30,274.0,24.0,64.0,2024,2
2024-02-29 03:15:00+05:30,271.0,25.0,65.0,2024,2
2024-02-29 03:30:00+05:30,271.0,24.0,66.0,2024,2
2024-02-29 03:45:00+05:30,270.0,24.0,66.0,2024,2
2024-02-29 04:00:00+05:30,270.0,24.0,67.0,2024,2
2024-02-29 04:15:00+05:30,270.0,24.0,67.0,2024,2
2024-02-29 04:30:00+05:30,269.0,24.0,68.0,2024,2
2024-02-29 04:45:00+05:30,272.0,24.0,68.0,2024,2
2024-02-29 05:00:00+05:30,274.0,24.0,68.0,2024,2
2024-02-29 05:15:00+05:30,278.0,24.0,69.0,2024,2
2024-02-29 05:30:00+05:30,278.0,24.0,70.0,2024,2
2024-02-29 05:45:00+05:30,283.0,24.0,70.0,2024,2
2024-02-29 06:00:00+05:30,293.0,23.0,70.0,2024,2
2024-02-29 06:15:00+05:30,302.0,23.0,71.0,2024,2
2024-02-29 06:30:00+05:30,310.0,23.0,71.0,2024,2
2024-02-29 06:45:00+05:30,320.0,23.0,71.0,2024,2
2024-02-29 07:00:00+05:30,329.0,23.0,71.0,2024,2
2024-02-29 07:15:00+05:30,338.0,23.0,71.0,2024,2
2024-02-29 07:30:00+05:30,350.0,23.0,71.0,2024,2
2024-02-29 07:45:00+05:30,363.0,23.0,70.0,2024,2
2024-02-29 08:00:00+05:30,380.0,24.0,68.0,2024,2
2024-02-29 08:15:00+05:30,392.0,24.0,65.0,2024,2
2024-02-29 08:30:00+05:30,408.0,25.0,63.0,2024,2
2024-02-29 08:45:00+05:30,425.0,26.0,60.0,2024,2
2024-02-29 09:00:00+05:30,444.0,26.0,58.0,2024,2
2024-02-29 09:15:00+05:30,453.0,27.0,55.0,2024,2
2024-02-29 09:30:00+05:30,464.0,28.0,53.0,2024,2
2024-02-29 09:45:00+05:30,470.0,28.0,51.0,2024,2
2024-02-29 10:00:00+05:30,478.0,29.0,49.0,2024,2
2024-02-29 10:15:00+05:30,487.0,30.0,47.0,2024,2
2024-02-29 10:30:00+05:30,490.0,30.0,46.0,2024,2
2024-02-29 10:45:00+05:30,495.0,31.0,44.0,2024,2
2024-02-29 11:00:00+05:30,501.0,31.0,43.0,2024,2
2024-02-29 11:15:00+05:30,502.0,32.0,43.0,2024,2
2024-02-29 11:30:00+05:30,503.0,33.0,42.0,2024,2
2024-02-29 11:45:00+05:30,501.0,33.0,41.0,2024,2
2024-02-29 12:00:00+05:30,502.0,34.0,41.0,2024,2
2024-02-29 12:15:00+05:30,501.0,34.0,41.0,2024,2
2024-02-29 12:30:00+05:30,498.0,34.0,41.0,2024,2
2024-02-29 12:45:00+05:30,497.0,34.0,40.0,2024,2
2024-02-29 13:00:00+05:30,500.0,34.0,40.0,2024,2
2024-02-29 13:15:00+05:30,499.0,35.0,40.0,2024,2
2024-02-29 13:30:00+05:30,499.0,35.0,40.0,2024,2
2024-02-29 13:45:00+05:30,499.0,35.0,40.0,2024,2
2024-02-29 14:00:00+05:30,500.0,35.0,40.0,2024,2
2024-02-29 14:15:00+05:30,501.0,36.0,39.0,2024,2
2024-02-29 14:30:00+05:30,504.0,36.0,39.0,2024,2
2024-02-29 14:45:00+05:30,504.0,36.0,39.0,2024,2
2024-02-29 15:00:00+05:30,503.0,36.0,40.0,2024,2
2024-02-29 15:15:00+05:30,504.0,35.0,40.0,2024,2
2024-02-29 15:30:00+05:30,505.0,35.0,41.0,2024,2
2024-02-29 15:45:00+05:30,497.0,35.0,41.0,2024,2
2024-02-29 16:00:00+05:30,499.0,35.0,42.0,2024,2
2024-02-29 16:15:00+05:30,495.0,34.0,42.0,2024,2
2024-02-29 16:30:00+05:30,492.0,34.0,43.0,2024,2
2024-02-29 16:45:00+05:30,487.0,34.0,44.0,2024,2
2024-02-29 17:00:00+05:30,486.0,33.0,45.0,2024,2
2024-02-29 17:15:00+05:30,485.0,33.0,47.0,2024,2
2024-02-29 17:30:00+05:30,482.0,33.0,48.0,2024,2
2024-02-29 17:45:00+05:30,476.0,32.0,50.0,2024,2
2024-02-29 18:00:00+05:30,465.0,32.0,51.0,2024,2
2024-02-29 18:15:00+05:30,458.0,31.0,55.0,2024,2
2024-02-29 18:30:00+05:30,454.0,30.0,56.0,2024,2
2024-02-29 18:45:00+05:30,451.0,30.0,58.0,2024,2
2024-02-29 19:00:00+05:30,446.0,30.0,59.0,2024,2
2024-02-29 19:15:00+05:30,439.0,30.0,61.0,2024,2
2024-02-29 19:30:00+05:30,427.0,29.0,62.0,2024,2
2024-02-29 19:45:00+05:30,421.0,29.0,63.0,2024,2
2024-02-29 20:00:00+05:30,410.0,29.0,64.0,2024,2
2024-02-29 20:15:00+05:30,400.0,29.0,64.0,2024,2
2024-02-29 20:30:00+05:30,396.0,28.0,65.0,2024,2
2024-02-29 20:45:00+05:30,393.0,28.0,66.0,2024,2
2024-02-29 21:00:00+05:30,386.0,28.0,66.0,2024,2
2024-02-29 21:15:00+05:30,377.0,28.0,67.0,2024,2
2024-02-29 21:30:00+05:30,372.0,28.0,68.0,2024,2
2024-02-29 21:45:00+05:30,366.0,28.0,68.0,2024,2
2024-02-29 22:00:00+05:30,357.0,27.0,69.0,2024,2
2024-02-29 22:15:00+05:30,354.0,27.0,68.0,2024,2
2024-02-29 22:30:00+05:30,349.0,27.0,69.0,2024,2
2024-02-29 22:45:00+05:30,345.0,27.0,69.0,2024,2
2024-02-29 23:00:00+05:30,339.0,27.0,69.0,2024,2
2024-02-29 23:15:00+05:30,335.0,26.0,71.0,2024,2
2024-02-29 23:30:00+05:30,330.0,26.0,72.0,2024,2
2024-02-29 23:45:00+05:30,327.0,26.0,72.0,2024,2
